-- Leega
-- Cavallo in Kazan
-- Begin script
/*!40101 SET character_set_client = latin1 */;
/*!40103 SET TIME_ZONE='+00:00' */;

SET AUTOCOMMIT=0;
START TRANSACTION;

--
-- Aggiunta dati  Mondiali FINA 2015 per la tabella cities
-- 
insert into cities (name,zip,area,country,country_code,lock_version,created_at,updated_at) values ('KAZAN','?','?','RUSSIA','RUS',0,curdate(),curdate());

--
-- Dump dei dati per la tabella swimming_pools
-- 
INSERT INTO swimming_pools (id,name,phone_number,lanes_number,address,nick_name,has_multiple_pools,has_open_area,has_bar,has_restaurant_service,has_gym_area,has_children_area,notes,zip,fax_number,e_mail,contact_name,user_id,city_id,pool_type_id,locker_cabinet_type_id,shower_type_id,hair_dryer_type_id,lock_version,created_at,updated_at) VALUES (65,'Aquatics Palace','?',10,'S.Khakima St., 70','kazanaquaticspalace50',1,1,1,1,0,0,'','?','?','?','?',2,(select t.id from cities t where t.name = 'KAZAN'),(select t.id from pool_types t where t.code = '50'),(select t.id from locker_cabinet_types t where t.code = ''),(select t.id from shower_types t where t.code = ''),(select t.id from hair_dryer_types t where t.code = ''),0,CURDATE(),CURDATE());

--
-- Aggiunta dati Mondiali FINA 2015 per la tabella team_affiliations
-- 
INSERT INTO team_affiliations (season_id,team_id,name,number,must_calculate_goggle_cup,user_id,lock_version,created_at,updated_at) VALUES 
(144,1,'CSI NUOTO OBER FERRARI','?',1,2,0,CURDATE(),CURDATE());

--
-- Aggiunta dati  Mondiali FINA 2015 per la tabella badges
-- 
INSERT INTO badges (season_id,team_id,swimmer_id,number,user_id,category_type_id,entry_time_type_id,team_affiliation_id,lock_version,created_at,updated_at) VALUES 
(144,1,1025,'?',2,(select t.id from category_types t where t.code = 'M25' and t.season_id = 144),(select t.id from entry_time_types t where t.code = ''),(select ta.id from team_affiliations ta where ta.team_id = 1 and ta.season_id = 144),0,CURDATE(),CURDATE());

--
-- Aggiunta dati Mondiali FINA 2015 per la tabella meetings
-- 
INSERT INTO meetings (id,header_date,season_id,entry_deadline,has_warm_up_pool,is_under_25_admitted,reference_phone,reference_e_mail,reference_name,notes,code,max_individual_events,max_individual_events_per_session,configuration_file,description,edition,header_year,user_id,edition_type_id,timing_type_id,individual_score_computation_type_id,relay_score_computation_type_id,meeting_score_computation_type_id,team_score_computation_type_id,lock_version,created_at,updated_at) VALUES 
(14401,'2015-08-10',144,'2015-05-31',1,0,'','','','','mondiali',5,2,'','MONDIALI MASTER',16,'2015',2,(select t.id from edition_types t where t.code = 'A'),(select t.id from timing_types t where t.code = 'A'),(select t.id from score_computation_types t where t.code = 'N'),(select t.id from score_computation_types t where t.code = 'N'),(select t.id from score_computation_types t where t.code = 'N'),(select t.id from score_computation_types t where t.code = 'N'),0,curdate(),curdate());

--
-- Aggiunta dati Mondiali FINA 2015 per la tabella meeting_sessions
-- 
INSERT INTO meeting_sessions (session_order,scheduled_date,meeting_id,swimming_pool_id,warm_up_time,begin_time,notes,description,user_id,day_part_type_id,lock_version,created_at,updated_at) VALUES 
(1,'2015-08-10',14401,65,'07:00:00','08:00:00','','FINALS',2,(select t.id from day_part_types t where t.code = ''),0,CURDATE(),CURDATE()),
(2,'2015-08-11',14401,65,'07:00:00','08:00:00','','FINALS',2,(select t.id from day_part_types t where t.code = ''),0,CURDATE(),CURDATE()),
(3,'2015-08-12',14401,65,'07:00:00','08:00:00','','FINALS',2,(select t.id from day_part_types t where t.code = ''),0,CURDATE(),CURDATE()),
(4,'2015-08-13',14401,65,'07:00:00','08:00:00','','FINALS',2,(select t.id from day_part_types t where t.code = ''),0,CURDATE(),CURDATE()),
(5,'2015-08-14',14401,65,'07:00:00','08:00:00','','FINALS',2,(select t.id from day_part_types t where t.code = ''),0,CURDATE(),CURDATE()),
(6,'2015-08-15',14401,65,'07:00:00','08:00:00','','FINALS',2,(select t.id from day_part_types t where t.code = ''),0,CURDATE(),CURDATE()),
(7,'2015-08-16',14401,65,'07:00:00','08:00:00','','FINALS',2,(select t.id from day_part_types t where t.code = ''),0,CURDATE(),CURDATE());

--
-- Aggiunta dati Mondiali FINA 2015  per la tabella meeting_events
-- 
INSERT INTO meeting_events (event_order,begin_time,is_out_of_race,user_id,meeting_session_id,event_type_id,heat_type_id,lock_version,created_at,updated_at) VALUES 
(1,'00:00:00',0,2,(select t.id from meeting_sessions t where t.meeting_id = 14401 and t.session_order = 1),(select t.id from event_types t where t.code = '800SL'),(select t.id from heat_types t where t.code = 'F'),0,CURDATE(),CURDATE()),
(1,'00:00:00',0,2,(select t.id from meeting_sessions t where t.meeting_id = 14401 and t.session_order = 2),(select t.id from event_types t where t.code = '200DO'),(select t.id from heat_types t where t.code = 'F'),0,CURDATE(),CURDATE()),
(2,'00:00:00',0,2,(select t.id from meeting_sessions t where t.meeting_id = 14401 and t.session_order = 2),(select t.id from event_types t where t.code = '100SL'),(select t.id from heat_types t where t.code = 'F'),0,CURDATE(),CURDATE()),
(3,'00:00:00',0,2,(select t.id from meeting_sessions t where t.meeting_id = 14401 and t.session_order = 2),(select t.id from event_types t where t.code = '100RA'),(select t.id from heat_types t where t.code = 'F'),0,CURDATE(),CURDATE()),
(1,'00:00:00',0,2,(select t.id from meeting_sessions t where t.meeting_id = 14401 and t.session_order = 3),(select t.id from event_types t where t.code = '400MI'),(select t.id from heat_types t where t.code = 'F'),0,CURDATE(),CURDATE()),
(2,'00:00:00',0,2,(select t.id from meeting_sessions t where t.meeting_id = 14401 and t.session_order = 3),(select t.id from event_types t where t.code = '200SL'),(select t.id from heat_types t where t.code = 'F'),0,CURDATE(),CURDATE()),
(3,'00:00:00',0,2,(select t.id from meeting_sessions t where t.meeting_id = 14401 and t.session_order = 3),(select t.id from event_types t where t.code = '50FA'),(select t.id from heat_types t where t.code = 'F'),0,CURDATE(),CURDATE()),
(1,'00:00:00',0,2,(select t.id from meeting_sessions t where t.meeting_id = 14401 and t.session_order = 4),(select t.id from event_types t where t.code = '50SL'),(select t.id from heat_types t where t.code = 'F'),0,CURDATE(),CURDATE()),
(2,'00:00:00',0,2,(select t.id from meeting_sessions t where t.meeting_id = 14401 and t.session_order = 4),(select t.id from event_types t where t.code = '200MI'),(select t.id from heat_types t where t.code = 'F'),0,CURDATE(),CURDATE()),
(3,'00:00:00',0,2,(select t.id from meeting_sessions t where t.meeting_id = 14401 and t.session_order = 4),(select t.id from event_types t where t.code = '100FA'),(select t.id from heat_types t where t.code = 'F'),0,CURDATE(),CURDATE()),
(4,'00:00:00',0,2,(select t.id from meeting_sessions t where t.meeting_id = 14401 and t.session_order = 4),(select t.id from event_types t where t.code = '50DO'),(select t.id from heat_types t where t.code = 'F'),0,CURDATE(),CURDATE()),
(1,'00:00:00',0,2,(select t.id from meeting_sessions t where t.meeting_id = 14401 and t.session_order = 6),(select t.id from event_types t where t.code = '200RA'),(select t.id from heat_types t where t.code = 'F'),0,CURDATE(),CURDATE()),
(2,'00:00:00',0,2,(select t.id from meeting_sessions t where t.meeting_id = 14401 and t.session_order = 6),(select t.id from event_types t where t.code = '100DO'),(select t.id from heat_types t where t.code = 'F'),0,CURDATE(),CURDATE()),
(3,'00:00:00',0,2,(select t.id from meeting_sessions t where t.meeting_id = 14401 and t.session_order = 6),(select t.id from event_types t where t.code = '200FA'),(select t.id from heat_types t where t.code = 'F'),0,CURDATE(),CURDATE()),
(1,'00:00:00',0,2,(select t.id from meeting_sessions t where t.meeting_id = 14401 and t.session_order = 7),(select t.id from event_types t where t.code = '50DO'),(select t.id from heat_types t where t.code = 'F'),0,CURDATE(),CURDATE()),
(2,'00:00:00',0,2,(select t.id from meeting_sessions t where t.meeting_id = 14401 and t.session_order = 7),(select t.id from event_types t where t.code = '400SL'),(select t.id from heat_types t where t.code = 'F'),0,CURDATE(),CURDATE());

--
-- Aggiunta dati Mondiali FINA 2015 per la tabella meeting_programs
-- 
INSERT INTO meeting_programs (event_order,user_id,meeting_event_id,gender_type_id,category_type_id,pool_type_id,lock_version,created_at,updated_at) VALUES 
(1,2,(select me.id from meeting_events me join meeting_sessions ms on ms.id = me.meeting_session_id join event_types et on et.id = me.event_type_id where ms.meeting_id = 14401 and et.code = '400MI'),(select t.id from gender_types t where t.code = 'M'),(select t.id from category_types t where t.code = 'M25' and t.season_id = 144),(select t.id from pool_types t where t.code = '50'),0,CURDATE(),CURDATE()),
(2,2,(select me.id from meeting_events me join meeting_sessions ms on ms.id = me.meeting_session_id join event_types et on et.id = me.event_type_id where ms.meeting_id = 14401 and et.code = '200FA'),(select t.id from gender_types t where t.code = 'M'),(select t.id from category_types t where t.code = 'M25' and t.season_id = 144),(select t.id from pool_types t where t.code = '50'),0,CURDATE(),CURDATE()),
(3,2,(select me.id from meeting_events me join meeting_sessions ms on ms.id = me.meeting_session_id join event_types et on et.id = me.event_type_id where ms.meeting_id = 14401 and et.code = '200MI'),(select t.id from gender_types t where t.code = 'M'),(select t.id from category_types t where t.code = 'M25' and t.season_id = 144),(select t.id from pool_types t where t.code = '50'),0,CURDATE(),CURDATE());

--
-- Aggiunta dati Mondiali FINA 2015 per la tabella meeting_individual_results
-- 
INSERT INTO meeting_individual_results (rank,standard_points,minutes,seconds,hundreds,team_points,swimmer_id,team_id,user_id,is_disqualified,is_out_of_race,goggle_cup_points,reaction_time,meeting_program_id,badge_id,team_affiliation_id,lock_version,created_at,updated_at) VALUES 
(6,'0',5,26,87,'0',1025,1,2,0,0,0,0,(select mp.id from meeting_programs mp join meeting_events me on me.id = mp.meeting_event_id join event_types et on et.id = me.event_type_id join meeting_sessions ms on ms.id = me.meeting_session_id join gender_types gt on gt.id = mp.gender_type_id join category_types ct on ct.id = mp.category_type_id where et.code = '400MI' and ms.meeting_id = 14401 and gt.code = 'M' and ct.code = 'M25'),(select b.id from badges b join seasons s on s.id = b.season_id join meetings m on m.season_id = s.id where b.swimmer_id = 1025 and b.team_id = 1 and m.id = 14401),(select ta.id from team_affiliations ta join seasons s on s.id = ta.season_id join meetings m on m.season_id = s.id where ta.team_id = 1 and m.id = 14401),0,CURDATE(),CURDATE()),
(7,'0',2,27,59,'1',1025,1,2,0,0,0,0,(select mp.id from meeting_programs mp join meeting_events me on me.id = mp.meeting_event_id join event_types et on et.id = me.event_type_id join meeting_sessions ms on ms.id = me.meeting_session_id join gender_types gt on gt.id = mp.gender_type_id join category_types ct on ct.id = mp.category_type_id where et.code = '200FA' and ms.meeting_id = 14401 and gt.code = 'M' and ct.code = 'M25'),(select b.id from badges b join seasons s on s.id = b.season_id join meetings m on m.season_id = s.id where b.swimmer_id = 1025 and b.team_id = 1 and m.id = 14401),(select ta.id from team_affiliations ta join seasons s on s.id = ta.season_id join meetings m on m.season_id = s.id where ta.team_id = 1 and m.id = 14401),0,CURDATE(),CURDATE()),
(11,'0',2,30,58,'2',1025,1,2,0,0,0,0,(select mp.id from meeting_programs mp join meeting_events me on me.id = mp.meeting_event_id join event_types et on et.id = me.event_type_id join meeting_sessions ms on ms.id = me.meeting_session_id join gender_types gt on gt.id = mp.gender_type_id join category_types ct on ct.id = mp.category_type_id where et.code = '200MI' and ms.meeting_id = 14401 and gt.code = 'M' and ct.code = 'M25'),(select b.id from badges b join seasons s on s.id = b.season_id join meetings m on m.season_id = s.id where b.swimmer_id = 1025 and b.team_id = 1 and m.id = 14401),(select ta.id from team_affiliations ta join seasons s on s.id = ta.season_id join meetings m on m.season_id = s.id where ta.team_id = 1 and m.id = 14401),0,CURDATE(),CURDATE());

--
-- Aggiunta passaggi per gare Mondiali FINA 2015 passages
-- 
INSERT INTO passages (minutes,seconds,hundreds,swimmer_id,user_id,team_id,passage_type_id,meeting_program_id,meeting_individual_result_id,lock_version,created_at,updated_at) VALUES 
(0,31,89,1025,2,1,(select t.id from passage_types t where t.length_in_meters = '50'),(select mp.id from meeting_programs mp join meeting_events me on me.id = mp.meeting_event_id join event_types et on et.id = me.event_type_id join meeting_sessions ms on ms.id = me.meeting_session_id join meetings m on m.id = ms.meeting_id where m.id = 14401 and et.code =  '400MI' and mp.gender_type_id = (select s.gender_type_id from swimmers s where s.id = 1025) and mp.category_type_id = (select b.category_type_id from badges b where b.swimmer_id = 1025 and b.season_id = 144) and mp.pool_type_id = (select p.id from pool_types p where p.code = '50')),(select mir.id from meeting_individual_results mir join meeting_programs mp on mp.id = mir.meeting_program_id join meeting_events me on me.id = mp.meeting_event_id join event_types et on et.id = me.event_type_id join meeting_sessions ms on ms.id = me.meeting_session_id join meetings m on m.id = ms.meeting_id where m.id = 14401 and et.code = '400MI' and mir.swimmer_id = 1025 and mp.gender_type_id = (select s.gender_type_id from swimmers s where s.id = 1025) and mp.category_type_id = (select b.category_type_id from badges b where b.swimmer_id = 1025 and b.season_id = 144) and mp.pool_type_id = (select p.id from pool_types p where p.code = '50')),0,CURDATE(),CURDATE()),
(0,38,18,1025,2,1,(select t.id from passage_types t where t.length_in_meters = '100'),(select mp.id from meeting_programs mp join meeting_events me on me.id = mp.meeting_event_id join event_types et on et.id = me.event_type_id join meeting_sessions ms on ms.id = me.meeting_session_id join meetings m on m.id = ms.meeting_id where m.id = 14401 and et.code =  '400MI' and mp.gender_type_id = (select s.gender_type_id from swimmers s where s.id = 1025) and mp.category_type_id = (select b.category_type_id from badges b where b.swimmer_id = 1025 and b.season_id = 144) and mp.pool_type_id = (select p.id from pool_types p where p.code = '50')),(select mir.id from meeting_individual_results mir join meeting_programs mp on mp.id = mir.meeting_program_id join meeting_events me on me.id = mp.meeting_event_id join event_types et on et.id = me.event_type_id join meeting_sessions ms on ms.id = me.meeting_session_id join meetings m on m.id = ms.meeting_id where m.id = 14401 and et.code = '400MI' and mir.swimmer_id = 1025 and mp.gender_type_id = (select s.gender_type_id from swimmers s where s.id = 1025) and mp.category_type_id = (select b.category_type_id from badges b where b.swimmer_id = 1025 and b.season_id = 144) and mp.pool_type_id = (select p.id from pool_types p where p.code = '50')),0,CURDATE(),CURDATE()),
(0,45,0,1025,2,1,(select t.id from passage_types t where t.length_in_meters = '150'),(select mp.id from meeting_programs mp join meeting_events me on me.id = mp.meeting_event_id join event_types et on et.id = me.event_type_id join meeting_sessions ms on ms.id = me.meeting_session_id join meetings m on m.id = ms.meeting_id where m.id = 14401 and et.code =  '400MI' and mp.gender_type_id = (select s.gender_type_id from swimmers s where s.id = 1025) and mp.category_type_id = (select b.category_type_id from badges b where b.swimmer_id = 1025 and b.season_id = 144) and mp.pool_type_id = (select p.id from pool_types p where p.code = '50')),(select mir.id from meeting_individual_results mir join meeting_programs mp on mp.id = mir.meeting_program_id join meeting_events me on me.id = mp.meeting_event_id join event_types et on et.id = me.event_type_id join meeting_sessions ms on ms.id = me.meeting_session_id join meetings m on m.id = ms.meeting_id where m.id = 14401 and et.code = '400MI' and mir.swimmer_id = 1025 and mp.gender_type_id = (select s.gender_type_id from swimmers s where s.id = 1025) and mp.category_type_id = (select b.category_type_id from badges b where b.swimmer_id = 1025 and b.season_id = 144) and mp.pool_type_id = (select p.id from pool_types p where p.code = '50')),0,CURDATE(),CURDATE()),
(0,45,14,1025,2,1,(select t.id from passage_types t where t.length_in_meters = '200'),(select mp.id from meeting_programs mp join meeting_events me on me.id = mp.meeting_event_id join event_types et on et.id = me.event_type_id join meeting_sessions ms on ms.id = me.meeting_session_id join meetings m on m.id = ms.meeting_id where m.id = 14401 and et.code =  '400MI' and mp.gender_type_id = (select s.gender_type_id from swimmers s where s.id = 1025) and mp.category_type_id = (select b.category_type_id from badges b where b.swimmer_id = 1025 and b.season_id = 144) and mp.pool_type_id = (select p.id from pool_types p where p.code = '50')),(select mir.id from meeting_individual_results mir join meeting_programs mp on mp.id = mir.meeting_program_id join meeting_events me on me.id = mp.meeting_event_id join event_types et on et.id = me.event_type_id join meeting_sessions ms on ms.id = me.meeting_session_id join meetings m on m.id = ms.meeting_id where m.id = 14401 and et.code = '400MI' and mir.swimmer_id = 1025 and mp.gender_type_id = (select s.gender_type_id from swimmers s where s.id = 1025) and mp.category_type_id = (select b.category_type_id from badges b where b.swimmer_id = 1025 and b.season_id = 144) and mp.pool_type_id = (select p.id from pool_types p where p.code = '50')),0,CURDATE(),CURDATE()),
(0,46,96,1025,2,1,(select t.id from passage_types t where t.length_in_meters = '250'),(select mp.id from meeting_programs mp join meeting_events me on me.id = mp.meeting_event_id join event_types et on et.id = me.event_type_id join meeting_sessions ms on ms.id = me.meeting_session_id join meetings m on m.id = ms.meeting_id where m.id = 14401 and et.code =  '400MI' and mp.gender_type_id = (select s.gender_type_id from swimmers s where s.id = 1025) and mp.category_type_id = (select b.category_type_id from badges b where b.swimmer_id = 1025 and b.season_id = 144) and mp.pool_type_id = (select p.id from pool_types p where p.code = '50')),(select mir.id from meeting_individual_results mir join meeting_programs mp on mp.id = mir.meeting_program_id join meeting_events me on me.id = mp.meeting_event_id join event_types et on et.id = me.event_type_id join meeting_sessions ms on ms.id = me.meeting_session_id join meetings m on m.id = ms.meeting_id where m.id = 14401 and et.code = '400MI' and mir.swimmer_id = 1025 and mp.gender_type_id = (select s.gender_type_id from swimmers s where s.id = 1025) and mp.category_type_id = (select b.category_type_id from badges b where b.swimmer_id = 1025 and b.season_id = 144) and mp.pool_type_id = (select p.id from pool_types p where p.code = '50')),0,CURDATE(),CURDATE()),
(0,47,58,1025,2,1,(select t.id from passage_types t where t.length_in_meters = '300'),(select mp.id from meeting_programs mp join meeting_events me on me.id = mp.meeting_event_id join event_types et on et.id = me.event_type_id join meeting_sessions ms on ms.id = me.meeting_session_id join meetings m on m.id = ms.meeting_id where m.id = 14401 and et.code =  '400MI' and mp.gender_type_id = (select s.gender_type_id from swimmers s where s.id = 1025) and mp.category_type_id = (select b.category_type_id from badges b where b.swimmer_id = 1025 and b.season_id = 144) and mp.pool_type_id = (select p.id from pool_types p where p.code = '50')),(select mir.id from meeting_individual_results mir join meeting_programs mp on mp.id = mir.meeting_program_id join meeting_events me on me.id = mp.meeting_event_id join event_types et on et.id = me.event_type_id join meeting_sessions ms on ms.id = me.meeting_session_id join meetings m on m.id = ms.meeting_id where m.id = 14401 and et.code = '400MI' and mir.swimmer_id = 1025 and mp.gender_type_id = (select s.gender_type_id from swimmers s where s.id = 1025) and mp.category_type_id = (select b.category_type_id from badges b where b.swimmer_id = 1025 and b.season_id = 144) and mp.pool_type_id = (select p.id from pool_types p where p.code = '50')),0,CURDATE(),CURDATE()),
(0,36,29,1025,2,1,(select t.id from passage_types t where t.length_in_meters = '350'),(select mp.id from meeting_programs mp join meeting_events me on me.id = mp.meeting_event_id join event_types et on et.id = me.event_type_id join meeting_sessions ms on ms.id = me.meeting_session_id join meetings m on m.id = ms.meeting_id where m.id = 14401 and et.code =  '400MI' and mp.gender_type_id = (select s.gender_type_id from swimmers s where s.id = 1025) and mp.category_type_id = (select b.category_type_id from badges b where b.swimmer_id = 1025 and b.season_id = 144) and mp.pool_type_id = (select p.id from pool_types p where p.code = '50')),(select mir.id from meeting_individual_results mir join meeting_programs mp on mp.id = mir.meeting_program_id join meeting_events me on me.id = mp.meeting_event_id join event_types et on et.id = me.event_type_id join meeting_sessions ms on ms.id = me.meeting_session_id join meetings m on m.id = ms.meeting_id where m.id = 14401 and et.code = '400MI' and mir.swimmer_id = 1025 and mp.gender_type_id = (select s.gender_type_id from swimmers s where s.id = 1025) and mp.category_type_id = (select b.category_type_id from badges b where b.swimmer_id = 1025 and b.season_id = 144) and mp.pool_type_id = (select p.id from pool_types p where p.code = '50')),0,CURDATE(),CURDATE()),
(0,35,83,1025,2,1,(select t.id from passage_types t where t.length_in_meters = '400'),(select mp.id from meeting_programs mp join meeting_events me on me.id = mp.meeting_event_id join event_types et on et.id = me.event_type_id join meeting_sessions ms on ms.id = me.meeting_session_id join meetings m on m.id = ms.meeting_id where m.id = 14401 and et.code =  '400MI' and mp.gender_type_id = (select s.gender_type_id from swimmers s where s.id = 1025) and mp.category_type_id = (select b.category_type_id from badges b where b.swimmer_id = 1025 and b.season_id = 144) and mp.pool_type_id = (select p.id from pool_types p where p.code = '50')),(select mir.id from meeting_individual_results mir join meeting_programs mp on mp.id = mir.meeting_program_id join meeting_events me on me.id = mp.meeting_event_id join event_types et on et.id = me.event_type_id join meeting_sessions ms on ms.id = me.meeting_session_id join meetings m on m.id = ms.meeting_id where m.id = 14401 and et.code = '400MI' and mir.swimmer_id = 1025 and mp.gender_type_id = (select s.gender_type_id from swimmers s where s.id = 1025) and mp.category_type_id = (select b.category_type_id from badges b where b.swimmer_id = 1025 and b.season_id = 144) and mp.pool_type_id = (select p.id from pool_types p where p.code = '50')),0,CURDATE(),CURDATE()),
(0,30,8,1025,2,1,(select t.id from passage_types t where t.length_in_meters = '50'),(select mp.id from meeting_programs mp join meeting_events me on me.id = mp.meeting_event_id join event_types et on et.id = me.event_type_id join meeting_sessions ms on ms.id = me.meeting_session_id join meetings m on m.id = ms.meeting_id where m.id = 14401 and et.code =  '200MI' and mp.gender_type_id = (select s.gender_type_id from swimmers s where s.id = 1025) and mp.category_type_id = (select b.category_type_id from badges b where b.swimmer_id = 1025 and b.season_id = 144) and mp.pool_type_id = (select p.id from pool_types p where p.code = '50')),(select mir.id from meeting_individual_results mir join meeting_programs mp on mp.id = mir.meeting_program_id join meeting_events me on me.id = mp.meeting_event_id join event_types et on et.id = me.event_type_id join meeting_sessions ms on ms.id = me.meeting_session_id join meetings m on m.id = ms.meeting_id where m.id = 14401 and et.code = '200MI' and mir.swimmer_id = 1025 and mp.gender_type_id = (select s.gender_type_id from swimmers s where s.id = 1025) and mp.category_type_id = (select b.category_type_id from badges b where b.swimmer_id = 1025 and b.season_id = 144) and mp.pool_type_id = (select p.id from pool_types p where p.code = '50')),0,CURDATE(),CURDATE()),
(0,40,54,1025,2,1,(select t.id from passage_types t where t.length_in_meters = '100'),(select mp.id from meeting_programs mp join meeting_events me on me.id = mp.meeting_event_id join event_types et on et.id = me.event_type_id join meeting_sessions ms on ms.id = me.meeting_session_id join meetings m on m.id = ms.meeting_id where m.id = 14401 and et.code =  '200MI' and mp.gender_type_id = (select s.gender_type_id from swimmers s where s.id = 1025) and mp.category_type_id = (select b.category_type_id from badges b where b.swimmer_id = 1025 and b.season_id = 144) and mp.pool_type_id = (select p.id from pool_types p where p.code = '50')),(select mir.id from meeting_individual_results mir join meeting_programs mp on mp.id = mir.meeting_program_id join meeting_events me on me.id = mp.meeting_event_id join event_types et on et.id = me.event_type_id join meeting_sessions ms on ms.id = me.meeting_session_id join meetings m on m.id = ms.meeting_id where m.id = 14401 and et.code = '200MI' and mir.swimmer_id = 1025 and mp.gender_type_id = (select s.gender_type_id from swimmers s where s.id = 1025) and mp.category_type_id = (select b.category_type_id from badges b where b.swimmer_id = 1025 and b.season_id = 144) and mp.pool_type_id = (select p.id from pool_types p where p.code = '50')),0,CURDATE(),CURDATE()),
(0,45,49,1025,2,1,(select t.id from passage_types t where t.length_in_meters = '150'),(select mp.id from meeting_programs mp join meeting_events me on me.id = mp.meeting_event_id join event_types et on et.id = me.event_type_id join meeting_sessions ms on ms.id = me.meeting_session_id join meetings m on m.id = ms.meeting_id where m.id = 14401 and et.code =  '200MI' and mp.gender_type_id = (select s.gender_type_id from swimmers s where s.id = 1025) and mp.category_type_id = (select b.category_type_id from badges b where b.swimmer_id = 1025 and b.season_id = 144) and mp.pool_type_id = (select p.id from pool_types p where p.code = '50')),(select mir.id from meeting_individual_results mir join meeting_programs mp on mp.id = mir.meeting_program_id join meeting_events me on me.id = mp.meeting_event_id join event_types et on et.id = me.event_type_id join meeting_sessions ms on ms.id = me.meeting_session_id join meetings m on m.id = ms.meeting_id where m.id = 14401 and et.code = '200MI' and mir.swimmer_id = 1025 and mp.gender_type_id = (select s.gender_type_id from swimmers s where s.id = 1025) and mp.category_type_id = (select b.category_type_id from badges b where b.swimmer_id = 1025 and b.season_id = 144) and mp.pool_type_id = (select p.id from pool_types p where p.code = '50')),0,CURDATE(),CURDATE()),
(0,34,47,1025,2,1,(select t.id from passage_types t where t.length_in_meters = '200'),(select mp.id from meeting_programs mp join meeting_events me on me.id = mp.meeting_event_id join event_types et on et.id = me.event_type_id join meeting_sessions ms on ms.id = me.meeting_session_id join meetings m on m.id = ms.meeting_id where m.id = 14401 and et.code =  '200MI' and mp.gender_type_id = (select s.gender_type_id from swimmers s where s.id = 1025) and mp.category_type_id = (select b.category_type_id from badges b where b.swimmer_id = 1025 and b.season_id = 144) and mp.pool_type_id = (select p.id from pool_types p where p.code = '50')),(select mir.id from meeting_individual_results mir join meeting_programs mp on mp.id = mir.meeting_program_id join meeting_events me on me.id = mp.meeting_event_id join event_types et on et.id = me.event_type_id join meeting_sessions ms on ms.id = me.meeting_session_id join meetings m on m.id = ms.meeting_id where m.id = 14401 and et.code = '200MI' and mir.swimmer_id = 1025 and mp.gender_type_id = (select s.gender_type_id from swimmers s where s.id = 1025) and mp.category_type_id = (select b.category_type_id from badges b where b.swimmer_id = 1025 and b.season_id = 144) and mp.pool_type_id = (select p.id from pool_types p where p.code = '50')),0,CURDATE(),CURDATE()),
(0,31,54,1025,2,1,(select t.id from passage_types t where t.length_in_meters = '50'),(select mp.id from meeting_programs mp join meeting_events me on me.id = mp.meeting_event_id join event_types et on et.id = me.event_type_id join meeting_sessions ms on ms.id = me.meeting_session_id join meetings m on m.id = ms.meeting_id where m.id = 14401 and et.code =  '200FA' and mp.gender_type_id = (select s.gender_type_id from swimmers s where s.id = 1025) and mp.category_type_id = (select b.category_type_id from badges b where b.swimmer_id = 1025 and b.season_id = 144) and mp.pool_type_id = (select p.id from pool_types p where p.code = '50')),(select mir.id from meeting_individual_results mir join meeting_programs mp on mp.id = mir.meeting_program_id join meeting_events me on me.id = mp.meeting_event_id join event_types et on et.id = me.event_type_id join meeting_sessions ms on ms.id = me.meeting_session_id join meetings m on m.id = ms.meeting_id where m.id = 14401 and et.code = '200FA' and mir.swimmer_id = 1025 and mp.gender_type_id = (select s.gender_type_id from swimmers s where s.id = 1025) and mp.category_type_id = (select b.category_type_id from badges b where b.swimmer_id = 1025 and b.season_id = 144) and mp.pool_type_id = (select p.id from pool_types p where p.code = '50')),0,CURDATE(),CURDATE()),
(0,37,63,1025,2,1,(select t.id from passage_types t where t.length_in_meters = '100'),(select mp.id from meeting_programs mp join meeting_events me on me.id = mp.meeting_event_id join event_types et on et.id = me.event_type_id join meeting_sessions ms on ms.id = me.meeting_session_id join meetings m on m.id = ms.meeting_id where m.id = 14401 and et.code =  '200FA' and mp.gender_type_id = (select s.gender_type_id from swimmers s where s.id = 1025) and mp.category_type_id = (select b.category_type_id from badges b where b.swimmer_id = 1025 and b.season_id = 144) and mp.pool_type_id = (select p.id from pool_types p where p.code = '50')),(select mir.id from meeting_individual_results mir join meeting_programs mp on mp.id = mir.meeting_program_id join meeting_events me on me.id = mp.meeting_event_id join event_types et on et.id = me.event_type_id join meeting_sessions ms on ms.id = me.meeting_session_id join meetings m on m.id = ms.meeting_id where m.id = 14401 and et.code = '200FA' and mir.swimmer_id = 1025 and mp.gender_type_id = (select s.gender_type_id from swimmers s where s.id = 1025) and mp.category_type_id = (select b.category_type_id from badges b where b.swimmer_id = 1025 and b.season_id = 144) and mp.pool_type_id = (select p.id from pool_types p where p.code = '50')),0,CURDATE(),CURDATE()),
(0,39,29,1025,2,1,(select t.id from passage_types t where t.length_in_meters = '150'),(select mp.id from meeting_programs mp join meeting_events me on me.id = mp.meeting_event_id join event_types et on et.id = me.event_type_id join meeting_sessions ms on ms.id = me.meeting_session_id join meetings m on m.id = ms.meeting_id where m.id = 14401 and et.code =  '200FA' and mp.gender_type_id = (select s.gender_type_id from swimmers s where s.id = 1025) and mp.category_type_id = (select b.category_type_id from badges b where b.swimmer_id = 1025 and b.season_id = 144) and mp.pool_type_id = (select p.id from pool_types p where p.code = '50')),(select mir.id from meeting_individual_results mir join meeting_programs mp on mp.id = mir.meeting_program_id join meeting_events me on me.id = mp.meeting_event_id join event_types et on et.id = me.event_type_id join meeting_sessions ms on ms.id = me.meeting_session_id join meetings m on m.id = ms.meeting_id where m.id = 14401 and et.code = '200FA' and mir.swimmer_id = 1025 and mp.gender_type_id = (select s.gender_type_id from swimmers s where s.id = 1025) and mp.category_type_id = (select b.category_type_id from badges b where b.swimmer_id = 1025 and b.season_id = 144) and mp.pool_type_id = (select p.id from pool_types p where p.code = '50')),0,CURDATE(),CURDATE()),
(0,39,13,1025,2,1,(select t.id from passage_types t where t.length_in_meters = '200'),(select mp.id from meeting_programs mp join meeting_events me on me.id = mp.meeting_event_id join event_types et on et.id = me.event_type_id join meeting_sessions ms on ms.id = me.meeting_session_id join meetings m on m.id = ms.meeting_id where m.id = 14401 and et.code =  '200FA' and mp.gender_type_id = (select s.gender_type_id from swimmers s where s.id = 1025) and mp.category_type_id = (select b.category_type_id from badges b where b.swimmer_id = 1025 and b.season_id = 144) and mp.pool_type_id = (select p.id from pool_types p where p.code = '50')),(select mir.id from meeting_individual_results mir join meeting_programs mp on mp.id = mir.meeting_program_id join meeting_events me on me.id = mp.meeting_event_id join event_types et on et.id = me.event_type_id join meeting_sessions ms on ms.id = me.meeting_session_id join meetings m on m.id = ms.meeting_id where m.id = 14401 and et.code = '200FA' and mir.swimmer_id = 1025 and mp.gender_type_id = (select s.gender_type_id from swimmers s where s.id = 1025) and mp.category_type_id = (select b.category_type_id from badges b where b.swimmer_id = 1025 and b.season_id = 144) and mp.pool_type_id = (select p.id from pool_types p where p.code = '50')),0,CURDATE(),CURDATE());

COMMIT;
-- End script
