-- *** SQL Diff file for ris20140316buonconsiglio.txt ***
-- Timestamp: 201502262236
INSERT INTO `meeting_events` (`id`, `created_at`, `updated_at`, `event_order`, `begin_time`, `is_out_of_race`, `is_autofilled`, `notes`, `meeting_session_id`, `event_type_id`, `heat_type_id`, `user_id`, `has_separate_gender_start_list`, `has_separate_category_start_list`)
  VALUES (3031, '2015-02-26 22:46:45', '2015-02-26 22:46:45', 1, '2000-01-01 08:02:00', 0, 1, NULL, 491, 16, 3, 1, 1, 0);

INSERT INTO `meeting_programs` (`id`, `event_order`, `category_type_id`, `gender_type_id`, `user_id`, `created_at`, `updated_at`, `is_autofilled`, `is_out_of_race`, `begin_time`, `meeting_event_id`, `pool_type_id`, `time_standard_id`)
  VALUES (19482, 1, 694, 2, 1, '2015-02-26 22:46:45', '2015-02-26 22:46:45', 1, 0, '2000-01-01 08:02:00', 3031, 1, 2764);

INSERT INTO `meeting_programs` (`id`, `event_order`, `category_type_id`, `gender_type_id`, `user_id`, `created_at`, `updated_at`, `is_autofilled`, `is_out_of_race`, `begin_time`, `meeting_event_id`, `pool_type_id`, `time_standard_id`)
  VALUES (19483, 2, 695, 2, 1, '2015-02-26 22:46:45', '2015-02-26 22:46:45', 1, 0, '2000-01-01 08:04:00', 3031, 1, 2782);

INSERT INTO `meeting_programs` (`id`, `event_order`, `category_type_id`, `gender_type_id`, `user_id`, `created_at`, `updated_at`, `is_autofilled`, `is_out_of_race`, `begin_time`, `meeting_event_id`, `pool_type_id`, `time_standard_id`)
  VALUES (19484, 3, 696, 2, 1, '2015-02-26 22:46:45', '2015-02-26 22:46:45', 1, 0, '2000-01-01 08:06:00', 3031, 1, 2800);

INSERT INTO `meeting_programs` (`id`, `event_order`, `category_type_id`, `gender_type_id`, `user_id`, `created_at`, `updated_at`, `is_autofilled`, `is_out_of_race`, `begin_time`, `meeting_event_id`, `pool_type_id`, `time_standard_id`)
  VALUES (19485, 4, 697, 2, 1, '2015-02-26 22:46:45', '2015-02-26 22:46:45', 1, 0, '2000-01-01 08:08:00', 3031, 1, 2818);

INSERT INTO `meeting_programs` (`id`, `event_order`, `category_type_id`, `gender_type_id`, `user_id`, `created_at`, `updated_at`, `is_autofilled`, `is_out_of_race`, `begin_time`, `meeting_event_id`, `pool_type_id`, `time_standard_id`)
  VALUES (19486, 5, 699, 2, 1, '2015-02-26 22:46:46', '2015-02-26 22:46:46', 1, 0, '2000-01-01 08:10:00', 3031, 1, 2854);

INSERT INTO `meeting_programs` (`id`, `event_order`, `category_type_id`, `gender_type_id`, `user_id`, `created_at`, `updated_at`, `is_autofilled`, `is_out_of_race`, `begin_time`, `meeting_event_id`, `pool_type_id`, `time_standard_id`)
  VALUES (19487, 6, 705, 2, 1, '2015-02-26 22:46:46', '2015-02-26 22:46:46', 1, 0, '2000-01-01 08:12:00', 3031, 1, 2962);

INSERT INTO `meeting_programs` (`id`, `event_order`, `category_type_id`, `gender_type_id`, `user_id`, `created_at`, `updated_at`, `is_autofilled`, `is_out_of_race`, `begin_time`, `meeting_event_id`, `pool_type_id`, `time_standard_id`)
  VALUES (19488, 7, 693, 2, 1, '2015-02-26 22:46:46', '2015-02-26 22:46:46', 1, 0, '2000-01-01 08:14:00', 3031, 1, NULL);

INSERT INTO `meeting_programs` (`id`, `event_order`, `category_type_id`, `gender_type_id`, `user_id`, `created_at`, `updated_at`, `is_autofilled`, `is_out_of_race`, `begin_time`, `meeting_event_id`, `pool_type_id`, `time_standard_id`)
  VALUES (19489, 8, 694, 1, 1, '2015-02-26 22:46:46', '2015-02-26 22:46:46', 1, 0, '2000-01-01 08:16:00', 3031, 1, 2240);

INSERT INTO `meeting_programs` (`id`, `event_order`, `category_type_id`, `gender_type_id`, `user_id`, `created_at`, `updated_at`, `is_autofilled`, `is_out_of_race`, `begin_time`, `meeting_event_id`, `pool_type_id`, `time_standard_id`)
  VALUES (19490, 9, 695, 1, 1, '2015-02-26 22:46:46', '2015-02-26 22:46:46', 1, 0, '2000-01-01 08:18:00', 3031, 1, 2258);

INSERT INTO `meeting_programs` (`id`, `event_order`, `category_type_id`, `gender_type_id`, `user_id`, `created_at`, `updated_at`, `is_autofilled`, `is_out_of_race`, `begin_time`, `meeting_event_id`, `pool_type_id`, `time_standard_id`)
  VALUES (19491, 10, 696, 1, 1, '2015-02-26 22:46:47', '2015-02-26 22:46:47', 1, 0, '2000-01-01 08:20:00', 3031, 1, 2276);

INSERT INTO `meeting_programs` (`id`, `event_order`, `category_type_id`, `gender_type_id`, `user_id`, `created_at`, `updated_at`, `is_autofilled`, `is_out_of_race`, `begin_time`, `meeting_event_id`, `pool_type_id`, `time_standard_id`)
  VALUES (19492, 11, 697, 1, 1, '2015-02-26 22:46:47', '2015-02-26 22:46:47', 1, 0, '2000-01-01 08:22:00', 3031, 1, 2294);

INSERT INTO `meeting_programs` (`id`, `event_order`, `category_type_id`, `gender_type_id`, `user_id`, `created_at`, `updated_at`, `is_autofilled`, `is_out_of_race`, `begin_time`, `meeting_event_id`, `pool_type_id`, `time_standard_id`)
  VALUES (19493, 12, 698, 1, 1, '2015-02-26 22:46:47', '2015-02-26 22:46:47', 1, 0, '2000-01-01 08:24:00', 3031, 1, 2312);

INSERT INTO `meeting_programs` (`id`, `event_order`, `category_type_id`, `gender_type_id`, `user_id`, `created_at`, `updated_at`, `is_autofilled`, `is_out_of_race`, `begin_time`, `meeting_event_id`, `pool_type_id`, `time_standard_id`)
  VALUES (19494, 13, 699, 1, 1, '2015-02-26 22:46:47', '2015-02-26 22:46:47', 1, 0, '2000-01-01 08:26:00', 3031, 1, 2330);

INSERT INTO `meeting_programs` (`id`, `event_order`, `category_type_id`, `gender_type_id`, `user_id`, `created_at`, `updated_at`, `is_autofilled`, `is_out_of_race`, `begin_time`, `meeting_event_id`, `pool_type_id`, `time_standard_id`)
  VALUES (19495, 14, 700, 1, 1, '2015-02-26 22:46:48', '2015-02-26 22:46:48', 1, 0, '2000-01-01 08:28:00', 3031, 1, 2348);

INSERT INTO `meeting_programs` (`id`, `event_order`, `category_type_id`, `gender_type_id`, `user_id`, `created_at`, `updated_at`, `is_autofilled`, `is_out_of_race`, `begin_time`, `meeting_event_id`, `pool_type_id`, `time_standard_id`)
  VALUES (19496, 15, 701, 1, 1, '2015-02-26 22:46:48', '2015-02-26 22:46:48', 1, 0, '2000-01-01 08:30:00', 3031, 1, 2366);

INSERT INTO `meeting_programs` (`id`, `event_order`, `category_type_id`, `gender_type_id`, `user_id`, `created_at`, `updated_at`, `is_autofilled`, `is_out_of_race`, `begin_time`, `meeting_event_id`, `pool_type_id`, `time_standard_id`)
  VALUES (19497, 16, 702, 1, 1, '2015-02-26 22:46:48', '2015-02-26 22:46:48', 1, 0, '2000-01-01 08:32:00', 3031, 1, 2384);

INSERT INTO `meeting_programs` (`id`, `event_order`, `category_type_id`, `gender_type_id`, `user_id`, `created_at`, `updated_at`, `is_autofilled`, `is_out_of_race`, `begin_time`, `meeting_event_id`, `pool_type_id`, `time_standard_id`)
  VALUES (19498, 17, 703, 1, 1, '2015-02-26 22:46:48', '2015-02-26 22:46:48', 1, 0, '2000-01-01 08:34:00', 3031, 1, 2402);

INSERT INTO `meeting_programs` (`id`, `event_order`, `category_type_id`, `gender_type_id`, `user_id`, `created_at`, `updated_at`, `is_autofilled`, `is_out_of_race`, `begin_time`, `meeting_event_id`, `pool_type_id`, `time_standard_id`)
  VALUES (19499, 18, 693, 1, 1, '2015-02-26 22:46:48', '2015-02-26 22:46:48', 1, 0, '2000-01-01 08:36:00', 3031, 1, NULL);

INSERT INTO `meeting_events` (`id`, `created_at`, `updated_at`, `event_order`, `begin_time`, `is_out_of_race`, `is_autofilled`, `notes`, `meeting_session_id`, `event_type_id`, `heat_type_id`, `user_id`, `has_separate_gender_start_list`, `has_separate_category_start_list`)
  VALUES (3032, '2015-02-26 22:46:49', '2015-02-26 22:46:49', 2, '2000-01-01 08:38:00', 0, 1, NULL, 491, 12, 3, 1, 1, 0);

INSERT INTO `meeting_programs` (`id`, `event_order`, `category_type_id`, `gender_type_id`, `user_id`, `created_at`, `updated_at`, `is_autofilled`, `is_out_of_race`, `begin_time`, `meeting_event_id`, `pool_type_id`, `time_standard_id`)
  VALUES (19500, 19, 694, 2, 1, '2015-02-26 22:46:49', '2015-02-26 22:46:49', 1, 0, '2000-01-01 08:38:00', 3032, 1, 2770);

INSERT INTO `meeting_programs` (`id`, `event_order`, `category_type_id`, `gender_type_id`, `user_id`, `created_at`, `updated_at`, `is_autofilled`, `is_out_of_race`, `begin_time`, `meeting_event_id`, `pool_type_id`, `time_standard_id`)
  VALUES (19501, 20, 695, 2, 1, '2015-02-26 22:46:49', '2015-02-26 22:46:49', 1, 0, '2000-01-01 08:40:00', 3032, 1, 2788);

INSERT INTO `meeting_programs` (`id`, `event_order`, `category_type_id`, `gender_type_id`, `user_id`, `created_at`, `updated_at`, `is_autofilled`, `is_out_of_race`, `begin_time`, `meeting_event_id`, `pool_type_id`, `time_standard_id`)
  VALUES (19502, 21, 696, 2, 1, '2015-02-26 22:46:49', '2015-02-26 22:46:49', 1, 0, '2000-01-01 08:42:00', 3032, 1, 2806);

INSERT INTO `meeting_programs` (`id`, `event_order`, `category_type_id`, `gender_type_id`, `user_id`, `created_at`, `updated_at`, `is_autofilled`, `is_out_of_race`, `begin_time`, `meeting_event_id`, `pool_type_id`, `time_standard_id`)
  VALUES (19503, 22, 699, 2, 1, '2015-02-26 22:46:50', '2015-02-26 22:46:50', 1, 0, '2000-01-01 08:44:00', 3032, 1, 2860);

INSERT INTO `meeting_programs` (`id`, `event_order`, `category_type_id`, `gender_type_id`, `user_id`, `created_at`, `updated_at`, `is_autofilled`, `is_out_of_race`, `begin_time`, `meeting_event_id`, `pool_type_id`, `time_standard_id`)
  VALUES (19504, 23, 694, 1, 1, '2015-02-26 22:46:50', '2015-02-26 22:46:50', 1, 0, '2000-01-01 08:46:00', 3032, 1, 2246);

INSERT INTO `meeting_programs` (`id`, `event_order`, `category_type_id`, `gender_type_id`, `user_id`, `created_at`, `updated_at`, `is_autofilled`, `is_out_of_race`, `begin_time`, `meeting_event_id`, `pool_type_id`, `time_standard_id`)
  VALUES (19505, 24, 695, 1, 1, '2015-02-26 22:46:50', '2015-02-26 22:46:50', 1, 0, '2000-01-01 08:48:00', 3032, 1, 2264);

INSERT INTO `meeting_programs` (`id`, `event_order`, `category_type_id`, `gender_type_id`, `user_id`, `created_at`, `updated_at`, `is_autofilled`, `is_out_of_race`, `begin_time`, `meeting_event_id`, `pool_type_id`, `time_standard_id`)
  VALUES (19506, 25, 696, 1, 1, '2015-02-26 22:46:50', '2015-02-26 22:46:50', 1, 0, '2000-01-01 08:50:00', 3032, 1, 2282);

INSERT INTO `meeting_programs` (`id`, `event_order`, `category_type_id`, `gender_type_id`, `user_id`, `created_at`, `updated_at`, `is_autofilled`, `is_out_of_race`, `begin_time`, `meeting_event_id`, `pool_type_id`, `time_standard_id`)
  VALUES (19507, 26, 697, 1, 1, '2015-02-26 22:46:51', '2015-02-26 22:46:51', 1, 0, '2000-01-01 08:52:00', 3032, 1, 2300);

INSERT INTO `meeting_programs` (`id`, `event_order`, `category_type_id`, `gender_type_id`, `user_id`, `created_at`, `updated_at`, `is_autofilled`, `is_out_of_race`, `begin_time`, `meeting_event_id`, `pool_type_id`, `time_standard_id`)
  VALUES (19508, 27, 698, 1, 1, '2015-02-26 22:46:51', '2015-02-26 22:46:51', 1, 0, '2000-01-01 08:54:00', 3032, 1, 2318);

INSERT INTO `meeting_programs` (`id`, `event_order`, `category_type_id`, `gender_type_id`, `user_id`, `created_at`, `updated_at`, `is_autofilled`, `is_out_of_race`, `begin_time`, `meeting_event_id`, `pool_type_id`, `time_standard_id`)
  VALUES (19509, 28, 702, 1, 1, '2015-02-26 22:46:51', '2015-02-26 22:46:51', 1, 0, '2000-01-01 08:56:00', 3032, 1, 2390);

INSERT INTO `meeting_programs` (`id`, `event_order`, `category_type_id`, `gender_type_id`, `user_id`, `created_at`, `updated_at`, `is_autofilled`, `is_out_of_race`, `begin_time`, `meeting_event_id`, `pool_type_id`, `time_standard_id`)
  VALUES (19510, 29, 693, 1, 1, '2015-02-26 22:46:51', '2015-02-26 22:46:51', 1, 0, '2000-01-01 08:58:00', 3032, 1, NULL);

INSERT INTO `meeting_events` (`id`, `created_at`, `updated_at`, `event_order`, `begin_time`, `is_out_of_race`, `is_autofilled`, `notes`, `meeting_session_id`, `event_type_id`, `heat_type_id`, `user_id`, `has_separate_gender_start_list`, `has_separate_category_start_list`)
  VALUES (3033, '2015-02-26 22:46:51', '2015-02-26 22:46:51', 3, '2000-01-01 09:00:00', 0, 1, NULL, 491, 22, 3, 1, 1, 0);

INSERT INTO `meeting_programs` (`id`, `event_order`, `category_type_id`, `gender_type_id`, `user_id`, `created_at`, `updated_at`, `is_autofilled`, `is_out_of_race`, `begin_time`, `meeting_event_id`, `pool_type_id`, `time_standard_id`)
  VALUES (19511, 30, 694, 2, 1, '2015-02-26 22:46:52', '2015-02-26 22:46:52', 1, 0, '2000-01-01 09:00:00', 3033, 1, 2772);

INSERT INTO `meeting_programs` (`id`, `event_order`, `category_type_id`, `gender_type_id`, `user_id`, `created_at`, `updated_at`, `is_autofilled`, `is_out_of_race`, `begin_time`, `meeting_event_id`, `pool_type_id`, `time_standard_id`)
  VALUES (19512, 31, 695, 2, 1, '2015-02-26 22:46:52', '2015-02-26 22:46:52', 1, 0, '2000-01-01 09:02:00', 3033, 1, 2790);

INSERT INTO `meeting_programs` (`id`, `event_order`, `category_type_id`, `gender_type_id`, `user_id`, `created_at`, `updated_at`, `is_autofilled`, `is_out_of_race`, `begin_time`, `meeting_event_id`, `pool_type_id`, `time_standard_id`)
  VALUES (19513, 32, 696, 2, 1, '2015-02-26 22:46:52', '2015-02-26 22:46:52', 1, 0, '2000-01-01 09:04:00', 3033, 1, 2808);

INSERT INTO `meeting_programs` (`id`, `event_order`, `category_type_id`, `gender_type_id`, `user_id`, `created_at`, `updated_at`, `is_autofilled`, `is_out_of_race`, `begin_time`, `meeting_event_id`, `pool_type_id`, `time_standard_id`)
  VALUES (19514, 33, 697, 2, 1, '2015-02-26 22:46:52', '2015-02-26 22:46:52', 1, 0, '2000-01-01 09:06:00', 3033, 1, 2826);

INSERT INTO `meeting_programs` (`id`, `event_order`, `category_type_id`, `gender_type_id`, `user_id`, `created_at`, `updated_at`, `is_autofilled`, `is_out_of_race`, `begin_time`, `meeting_event_id`, `pool_type_id`, `time_standard_id`)
  VALUES (19515, 34, 698, 2, 1, '2015-02-26 22:46:52', '2015-02-26 22:46:52', 1, 0, '2000-01-01 09:08:00', 3033, 1, 2844);

INSERT INTO `meeting_programs` (`id`, `event_order`, `category_type_id`, `gender_type_id`, `user_id`, `created_at`, `updated_at`, `is_autofilled`, `is_out_of_race`, `begin_time`, `meeting_event_id`, `pool_type_id`, `time_standard_id`)
  VALUES (19516, 35, 700, 2, 1, '2015-02-26 22:46:53', '2015-02-26 22:46:53', 1, 0, '2000-01-01 09:10:00', 3033, 1, 2880);

INSERT INTO `meeting_programs` (`id`, `event_order`, `category_type_id`, `gender_type_id`, `user_id`, `created_at`, `updated_at`, `is_autofilled`, `is_out_of_race`, `begin_time`, `meeting_event_id`, `pool_type_id`, `time_standard_id`)
  VALUES (19517, 36, 701, 2, 1, '2015-02-26 22:46:53', '2015-02-26 22:46:53', 1, 0, '2000-01-01 09:12:00', 3033, 1, 2898);

INSERT INTO `meeting_programs` (`id`, `event_order`, `category_type_id`, `gender_type_id`, `user_id`, `created_at`, `updated_at`, `is_autofilled`, `is_out_of_race`, `begin_time`, `meeting_event_id`, `pool_type_id`, `time_standard_id`)
  VALUES (19518, 37, 693, 2, 1, '2015-02-26 22:46:53', '2015-02-26 22:46:53', 1, 0, '2000-01-01 09:14:00', 3033, 1, NULL);

INSERT INTO `meeting_programs` (`id`, `event_order`, `category_type_id`, `gender_type_id`, `user_id`, `created_at`, `updated_at`, `is_autofilled`, `is_out_of_race`, `begin_time`, `meeting_event_id`, `pool_type_id`, `time_standard_id`)
  VALUES (19519, 38, 694, 1, 1, '2015-02-26 22:46:53', '2015-02-26 22:46:53', 1, 0, '2000-01-01 09:16:00', 3033, 1, 2248);

INSERT INTO `meeting_programs` (`id`, `event_order`, `category_type_id`, `gender_type_id`, `user_id`, `created_at`, `updated_at`, `is_autofilled`, `is_out_of_race`, `begin_time`, `meeting_event_id`, `pool_type_id`, `time_standard_id`)
  VALUES (19520, 39, 695, 1, 1, '2015-02-26 22:46:53', '2015-02-26 22:46:53', 1, 0, '2000-01-01 09:18:00', 3033, 1, 2266);

INSERT INTO `meeting_programs` (`id`, `event_order`, `category_type_id`, `gender_type_id`, `user_id`, `created_at`, `updated_at`, `is_autofilled`, `is_out_of_race`, `begin_time`, `meeting_event_id`, `pool_type_id`, `time_standard_id`)
  VALUES (19521, 40, 696, 1, 1, '2015-02-26 22:46:54', '2015-02-26 22:46:54', 1, 0, '2000-01-01 09:20:00', 3033, 1, 2284);

INSERT INTO `meeting_programs` (`id`, `event_order`, `category_type_id`, `gender_type_id`, `user_id`, `created_at`, `updated_at`, `is_autofilled`, `is_out_of_race`, `begin_time`, `meeting_event_id`, `pool_type_id`, `time_standard_id`)
  VALUES (19522, 41, 697, 1, 1, '2015-02-26 22:46:54', '2015-02-26 22:46:54', 1, 0, '2000-01-01 09:22:00', 3033, 1, 2302);

INSERT INTO `meeting_programs` (`id`, `event_order`, `category_type_id`, `gender_type_id`, `user_id`, `created_at`, `updated_at`, `is_autofilled`, `is_out_of_race`, `begin_time`, `meeting_event_id`, `pool_type_id`, `time_standard_id`)
  VALUES (19523, 42, 698, 1, 1, '2015-02-26 22:46:54', '2015-02-26 22:46:54', 1, 0, '2000-01-01 09:24:00', 3033, 1, 2320);

INSERT INTO `meeting_programs` (`id`, `event_order`, `category_type_id`, `gender_type_id`, `user_id`, `created_at`, `updated_at`, `is_autofilled`, `is_out_of_race`, `begin_time`, `meeting_event_id`, `pool_type_id`, `time_standard_id`)
  VALUES (19524, 43, 699, 1, 1, '2015-02-26 22:46:54', '2015-02-26 22:46:54', 1, 0, '2000-01-01 09:26:00', 3033, 1, 2338);

INSERT INTO `meeting_programs` (`id`, `event_order`, `category_type_id`, `gender_type_id`, `user_id`, `created_at`, `updated_at`, `is_autofilled`, `is_out_of_race`, `begin_time`, `meeting_event_id`, `pool_type_id`, `time_standard_id`)
  VALUES (19525, 44, 700, 1, 1, '2015-02-26 22:46:55', '2015-02-26 22:46:55', 1, 0, '2000-01-01 09:28:00', 3033, 1, 2356);

INSERT INTO `meeting_programs` (`id`, `event_order`, `category_type_id`, `gender_type_id`, `user_id`, `created_at`, `updated_at`, `is_autofilled`, `is_out_of_race`, `begin_time`, `meeting_event_id`, `pool_type_id`, `time_standard_id`)
  VALUES (19526, 45, 701, 1, 1, '2015-02-26 22:46:55', '2015-02-26 22:46:55', 1, 0, '2000-01-01 09:30:00', 3033, 1, 2374);

INSERT INTO `meeting_programs` (`id`, `event_order`, `category_type_id`, `gender_type_id`, `user_id`, `created_at`, `updated_at`, `is_autofilled`, `is_out_of_race`, `begin_time`, `meeting_event_id`, `pool_type_id`, `time_standard_id`)
  VALUES (19527, 46, 702, 1, 1, '2015-02-26 22:46:55', '2015-02-26 22:46:55', 1, 0, '2000-01-01 09:32:00', 3033, 1, 2392);

INSERT INTO `meeting_programs` (`id`, `event_order`, `category_type_id`, `gender_type_id`, `user_id`, `created_at`, `updated_at`, `is_autofilled`, `is_out_of_race`, `begin_time`, `meeting_event_id`, `pool_type_id`, `time_standard_id`)
  VALUES (19528, 47, 693, 1, 1, '2015-02-26 22:46:55', '2015-02-26 22:46:55', 1, 0, '2000-01-01 09:34:00', 3033, 1, NULL);

INSERT INTO `meeting_events` (`id`, `created_at`, `updated_at`, `event_order`, `begin_time`, `is_out_of_race`, `is_autofilled`, `notes`, `meeting_session_id`, `event_type_id`, `heat_type_id`, `user_id`, `has_separate_gender_start_list`, `has_separate_category_start_list`)
  VALUES (3034, '2015-02-26 22:46:55', '2015-02-26 22:46:55', 4, '2000-01-01 09:36:00', 0, 1, NULL, 491, 20, 3, 1, 1, 0);

INSERT INTO `meeting_programs` (`id`, `event_order`, `category_type_id`, `gender_type_id`, `user_id`, `created_at`, `updated_at`, `is_autofilled`, `is_out_of_race`, `begin_time`, `meeting_event_id`, `pool_type_id`, `time_standard_id`)
  VALUES (19529, 48, 694, 2, 1, '2015-02-26 22:46:55', '2015-02-26 22:46:55', 1, 0, '2000-01-01 09:36:00', 3034, 1, 2767);

INSERT INTO `meeting_programs` (`id`, `event_order`, `category_type_id`, `gender_type_id`, `user_id`, `created_at`, `updated_at`, `is_autofilled`, `is_out_of_race`, `begin_time`, `meeting_event_id`, `pool_type_id`, `time_standard_id`)
  VALUES (19530, 49, 695, 2, 1, '2015-02-26 22:46:56', '2015-02-26 22:46:56', 1, 0, '2000-01-01 09:38:00', 3034, 1, 2785);

INSERT INTO `meeting_programs` (`id`, `event_order`, `category_type_id`, `gender_type_id`, `user_id`, `created_at`, `updated_at`, `is_autofilled`, `is_out_of_race`, `begin_time`, `meeting_event_id`, `pool_type_id`, `time_standard_id`)
  VALUES (19531, 50, 696, 2, 1, '2015-02-26 22:46:56', '2015-02-26 22:46:56', 1, 0, '2000-01-01 09:40:00', 3034, 1, 2803);

INSERT INTO `meeting_programs` (`id`, `event_order`, `category_type_id`, `gender_type_id`, `user_id`, `created_at`, `updated_at`, `is_autofilled`, `is_out_of_race`, `begin_time`, `meeting_event_id`, `pool_type_id`, `time_standard_id`)
  VALUES (19532, 51, 698, 2, 1, '2015-02-26 22:46:56', '2015-02-26 22:46:56', 1, 0, '2000-01-01 09:42:00', 3034, 1, 2839);

INSERT INTO `meeting_programs` (`id`, `event_order`, `category_type_id`, `gender_type_id`, `user_id`, `created_at`, `updated_at`, `is_autofilled`, `is_out_of_race`, `begin_time`, `meeting_event_id`, `pool_type_id`, `time_standard_id`)
  VALUES (19533, 52, 699, 2, 1, '2015-02-26 22:46:56', '2015-02-26 22:46:56', 1, 0, '2000-01-01 09:44:00', 3034, 1, 2857);

INSERT INTO `meeting_programs` (`id`, `event_order`, `category_type_id`, `gender_type_id`, `user_id`, `created_at`, `updated_at`, `is_autofilled`, `is_out_of_race`, `begin_time`, `meeting_event_id`, `pool_type_id`, `time_standard_id`)
  VALUES (19534, 53, 700, 2, 1, '2015-02-26 22:46:57', '2015-02-26 22:46:57', 1, 0, '2000-01-01 09:46:00', 3034, 1, 2875);

INSERT INTO `meeting_programs` (`id`, `event_order`, `category_type_id`, `gender_type_id`, `user_id`, `created_at`, `updated_at`, `is_autofilled`, `is_out_of_race`, `begin_time`, `meeting_event_id`, `pool_type_id`, `time_standard_id`)
  VALUES (19535, 54, 701, 2, 1, '2015-02-26 22:46:57', '2015-02-26 22:46:57', 1, 0, '2000-01-01 09:48:00', 3034, 1, 2893);

INSERT INTO `meeting_programs` (`id`, `event_order`, `category_type_id`, `gender_type_id`, `user_id`, `created_at`, `updated_at`, `is_autofilled`, `is_out_of_race`, `begin_time`, `meeting_event_id`, `pool_type_id`, `time_standard_id`)
  VALUES (19536, 55, 693, 2, 1, '2015-02-26 22:46:57', '2015-02-26 22:46:57', 1, 0, '2000-01-01 09:50:00', 3034, 1, NULL);

INSERT INTO `meeting_programs` (`id`, `event_order`, `category_type_id`, `gender_type_id`, `user_id`, `created_at`, `updated_at`, `is_autofilled`, `is_out_of_race`, `begin_time`, `meeting_event_id`, `pool_type_id`, `time_standard_id`)
  VALUES (19537, 56, 694, 1, 1, '2015-02-26 22:46:57', '2015-02-26 22:46:57', 1, 0, '2000-01-01 09:52:00', 3034, 1, 2243);

INSERT INTO `meeting_programs` (`id`, `event_order`, `category_type_id`, `gender_type_id`, `user_id`, `created_at`, `updated_at`, `is_autofilled`, `is_out_of_race`, `begin_time`, `meeting_event_id`, `pool_type_id`, `time_standard_id`)
  VALUES (19538, 57, 695, 1, 1, '2015-02-26 22:46:58', '2015-02-26 22:46:58', 1, 0, '2000-01-01 09:54:00', 3034, 1, 2261);

INSERT INTO `meeting_programs` (`id`, `event_order`, `category_type_id`, `gender_type_id`, `user_id`, `created_at`, `updated_at`, `is_autofilled`, `is_out_of_race`, `begin_time`, `meeting_event_id`, `pool_type_id`, `time_standard_id`)
  VALUES (19539, 58, 696, 1, 1, '2015-02-26 22:46:58', '2015-02-26 22:46:58', 1, 0, '2000-01-01 09:56:00', 3034, 1, 2279);

INSERT INTO `meeting_programs` (`id`, `event_order`, `category_type_id`, `gender_type_id`, `user_id`, `created_at`, `updated_at`, `is_autofilled`, `is_out_of_race`, `begin_time`, `meeting_event_id`, `pool_type_id`, `time_standard_id`)
  VALUES (19540, 59, 697, 1, 1, '2015-02-26 22:46:58', '2015-02-26 22:46:58', 1, 0, '2000-01-01 09:58:00', 3034, 1, 2297);

INSERT INTO `meeting_programs` (`id`, `event_order`, `category_type_id`, `gender_type_id`, `user_id`, `created_at`, `updated_at`, `is_autofilled`, `is_out_of_race`, `begin_time`, `meeting_event_id`, `pool_type_id`, `time_standard_id`)
  VALUES (19541, 60, 698, 1, 1, '2015-02-26 22:46:58', '2015-02-26 22:46:58', 1, 0, '2000-01-01 10:00:00', 3034, 1, 2315);

INSERT INTO `meeting_programs` (`id`, `event_order`, `category_type_id`, `gender_type_id`, `user_id`, `created_at`, `updated_at`, `is_autofilled`, `is_out_of_race`, `begin_time`, `meeting_event_id`, `pool_type_id`, `time_standard_id`)
  VALUES (19542, 61, 699, 1, 1, '2015-02-26 22:46:59', '2015-02-26 22:46:59', 1, 0, '2000-01-01 10:02:00', 3034, 1, 2333);

INSERT INTO `meeting_programs` (`id`, `event_order`, `category_type_id`, `gender_type_id`, `user_id`, `created_at`, `updated_at`, `is_autofilled`, `is_out_of_race`, `begin_time`, `meeting_event_id`, `pool_type_id`, `time_standard_id`)
  VALUES (19543, 62, 700, 1, 1, '2015-02-26 22:46:59', '2015-02-26 22:46:59', 1, 0, '2000-01-01 10:04:00', 3034, 1, 2351);

INSERT INTO `meeting_programs` (`id`, `event_order`, `category_type_id`, `gender_type_id`, `user_id`, `created_at`, `updated_at`, `is_autofilled`, `is_out_of_race`, `begin_time`, `meeting_event_id`, `pool_type_id`, `time_standard_id`)
  VALUES (19544, 63, 702, 1, 1, '2015-02-26 22:46:59', '2015-02-26 22:46:59', 1, 0, '2000-01-01 10:06:00', 3034, 1, 2387);

INSERT INTO `meeting_programs` (`id`, `event_order`, `category_type_id`, `gender_type_id`, `user_id`, `created_at`, `updated_at`, `is_autofilled`, `is_out_of_race`, `begin_time`, `meeting_event_id`, `pool_type_id`, `time_standard_id`)
  VALUES (19545, 64, 705, 1, 1, '2015-02-26 22:46:59', '2015-02-26 22:46:59', 1, 0, '2000-01-01 10:08:00', 3034, 1, 2441);

INSERT INTO `meeting_programs` (`id`, `event_order`, `category_type_id`, `gender_type_id`, `user_id`, `created_at`, `updated_at`, `is_autofilled`, `is_out_of_race`, `begin_time`, `meeting_event_id`, `pool_type_id`, `time_standard_id`)
  VALUES (19546, 65, 693, 1, 1, '2015-02-26 22:47:00', '2015-02-26 22:47:00', 1, 0, '2000-01-01 10:10:00', 3034, 1, NULL);

INSERT INTO `meeting_events` (`id`, `created_at`, `updated_at`, `event_order`, `begin_time`, `is_out_of_race`, `is_autofilled`, `notes`, `meeting_session_id`, `event_type_id`, `heat_type_id`, `user_id`, `has_separate_gender_start_list`, `has_separate_category_start_list`)
  VALUES (3035, '2015-02-26 22:47:00', '2015-02-26 22:47:00', 5, '2000-01-01 10:12:00', 0, 1, NULL, 491, 4, 3, 1, 1, 0);

INSERT INTO `meeting_programs` (`id`, `event_order`, `category_type_id`, `gender_type_id`, `user_id`, `created_at`, `updated_at`, `is_autofilled`, `is_out_of_race`, `begin_time`, `meeting_event_id`, `pool_type_id`, `time_standard_id`)
  VALUES (19547, 66, 694, 2, 1, '2015-02-26 22:47:00', '2015-02-26 22:47:00', 1, 0, '2000-01-01 10:12:00', 3035, 1, 2759);

INSERT INTO `meeting_programs` (`id`, `event_order`, `category_type_id`, `gender_type_id`, `user_id`, `created_at`, `updated_at`, `is_autofilled`, `is_out_of_race`, `begin_time`, `meeting_event_id`, `pool_type_id`, `time_standard_id`)
  VALUES (19548, 67, 695, 2, 1, '2015-02-26 22:47:00', '2015-02-26 22:47:00', 1, 0, '2000-01-01 10:14:00', 3035, 1, 2777);

INSERT INTO `meeting_programs` (`id`, `event_order`, `category_type_id`, `gender_type_id`, `user_id`, `created_at`, `updated_at`, `is_autofilled`, `is_out_of_race`, `begin_time`, `meeting_event_id`, `pool_type_id`, `time_standard_id`)
  VALUES (19549, 68, 696, 2, 1, '2015-02-26 22:47:00', '2015-02-26 22:47:00', 1, 0, '2000-01-01 10:16:00', 3035, 1, 2795);

INSERT INTO `meeting_programs` (`id`, `event_order`, `category_type_id`, `gender_type_id`, `user_id`, `created_at`, `updated_at`, `is_autofilled`, `is_out_of_race`, `begin_time`, `meeting_event_id`, `pool_type_id`, `time_standard_id`)
  VALUES (19550, 69, 697, 2, 1, '2015-02-26 22:47:01', '2015-02-26 22:47:01', 1, 0, '2000-01-01 10:18:00', 3035, 1, 2813);

INSERT INTO `meeting_programs` (`id`, `event_order`, `category_type_id`, `gender_type_id`, `user_id`, `created_at`, `updated_at`, `is_autofilled`, `is_out_of_race`, `begin_time`, `meeting_event_id`, `pool_type_id`, `time_standard_id`)
  VALUES (19551, 70, 699, 2, 1, '2015-02-26 22:47:01', '2015-02-26 22:47:01', 1, 0, '2000-01-01 10:20:00', 3035, 1, 2849);

INSERT INTO `meeting_programs` (`id`, `event_order`, `category_type_id`, `gender_type_id`, `user_id`, `created_at`, `updated_at`, `is_autofilled`, `is_out_of_race`, `begin_time`, `meeting_event_id`, `pool_type_id`, `time_standard_id`)
  VALUES (19552, 71, 701, 2, 1, '2015-02-26 22:47:01', '2015-02-26 22:47:01', 1, 0, '2000-01-01 10:22:00', 3035, 1, 2885);

INSERT INTO `meeting_programs` (`id`, `event_order`, `category_type_id`, `gender_type_id`, `user_id`, `created_at`, `updated_at`, `is_autofilled`, `is_out_of_race`, `begin_time`, `meeting_event_id`, `pool_type_id`, `time_standard_id`)
  VALUES (19553, 72, 702, 2, 1, '2015-02-26 22:47:01', '2015-02-26 22:47:01', 1, 0, '2000-01-01 10:24:00', 3035, 1, 2903);

INSERT INTO `meeting_programs` (`id`, `event_order`, `category_type_id`, `gender_type_id`, `user_id`, `created_at`, `updated_at`, `is_autofilled`, `is_out_of_race`, `begin_time`, `meeting_event_id`, `pool_type_id`, `time_standard_id`)
  VALUES (19554, 73, 703, 2, 1, '2015-02-26 22:47:02', '2015-02-26 22:47:02', 1, 0, '2000-01-01 10:26:00', 3035, 1, 2921);

INSERT INTO `meeting_programs` (`id`, `event_order`, `category_type_id`, `gender_type_id`, `user_id`, `created_at`, `updated_at`, `is_autofilled`, `is_out_of_race`, `begin_time`, `meeting_event_id`, `pool_type_id`, `time_standard_id`)
  VALUES (19555, 74, 693, 2, 1, '2015-02-26 22:47:02', '2015-02-26 22:47:02', 1, 0, '2000-01-01 10:28:00', 3035, 1, NULL);

INSERT INTO `meeting_programs` (`id`, `event_order`, `category_type_id`, `gender_type_id`, `user_id`, `created_at`, `updated_at`, `is_autofilled`, `is_out_of_race`, `begin_time`, `meeting_event_id`, `pool_type_id`, `time_standard_id`)
  VALUES (19556, 75, 694, 1, 1, '2015-02-26 22:47:02', '2015-02-26 22:47:02', 1, 0, '2000-01-01 10:30:00', 3035, 1, 2235);

INSERT INTO `meeting_programs` (`id`, `event_order`, `category_type_id`, `gender_type_id`, `user_id`, `created_at`, `updated_at`, `is_autofilled`, `is_out_of_race`, `begin_time`, `meeting_event_id`, `pool_type_id`, `time_standard_id`)
  VALUES (19557, 76, 695, 1, 1, '2015-02-26 22:47:02', '2015-02-26 22:47:02', 1, 0, '2000-01-01 10:32:00', 3035, 1, 2253);

INSERT INTO `meeting_programs` (`id`, `event_order`, `category_type_id`, `gender_type_id`, `user_id`, `created_at`, `updated_at`, `is_autofilled`, `is_out_of_race`, `begin_time`, `meeting_event_id`, `pool_type_id`, `time_standard_id`)
  VALUES (19558, 77, 696, 1, 1, '2015-02-26 22:47:03', '2015-02-26 22:47:03', 1, 0, '2000-01-01 10:34:00', 3035, 1, 2271);

INSERT INTO `meeting_programs` (`id`, `event_order`, `category_type_id`, `gender_type_id`, `user_id`, `created_at`, `updated_at`, `is_autofilled`, `is_out_of_race`, `begin_time`, `meeting_event_id`, `pool_type_id`, `time_standard_id`)
  VALUES (19559, 78, 697, 1, 1, '2015-02-26 22:47:03', '2015-02-26 22:47:03', 1, 0, '2000-01-01 10:36:00', 3035, 1, 2289);

INSERT INTO `meeting_programs` (`id`, `event_order`, `category_type_id`, `gender_type_id`, `user_id`, `created_at`, `updated_at`, `is_autofilled`, `is_out_of_race`, `begin_time`, `meeting_event_id`, `pool_type_id`, `time_standard_id`)
  VALUES (19560, 79, 698, 1, 1, '2015-02-26 22:47:03', '2015-02-26 22:47:03', 1, 0, '2000-01-01 10:38:00', 3035, 1, 2307);

INSERT INTO `meeting_programs` (`id`, `event_order`, `category_type_id`, `gender_type_id`, `user_id`, `created_at`, `updated_at`, `is_autofilled`, `is_out_of_race`, `begin_time`, `meeting_event_id`, `pool_type_id`, `time_standard_id`)
  VALUES (19561, 80, 699, 1, 1, '2015-02-26 22:47:03', '2015-02-26 22:47:03', 1, 0, '2000-01-01 10:40:00', 3035, 1, 2325);

INSERT INTO `meeting_programs` (`id`, `event_order`, `category_type_id`, `gender_type_id`, `user_id`, `created_at`, `updated_at`, `is_autofilled`, `is_out_of_race`, `begin_time`, `meeting_event_id`, `pool_type_id`, `time_standard_id`)
  VALUES (19562, 81, 700, 1, 1, '2015-02-26 22:47:04', '2015-02-26 22:47:04', 1, 0, '2000-01-01 10:42:00', 3035, 1, 2343);

INSERT INTO `meeting_programs` (`id`, `event_order`, `category_type_id`, `gender_type_id`, `user_id`, `created_at`, `updated_at`, `is_autofilled`, `is_out_of_race`, `begin_time`, `meeting_event_id`, `pool_type_id`, `time_standard_id`)
  VALUES (19563, 82, 702, 1, 1, '2015-02-26 22:47:04', '2015-02-26 22:47:04', 1, 0, '2000-01-01 10:44:00', 3035, 1, 2379);

INSERT INTO `meeting_programs` (`id`, `event_order`, `category_type_id`, `gender_type_id`, `user_id`, `created_at`, `updated_at`, `is_autofilled`, `is_out_of_race`, `begin_time`, `meeting_event_id`, `pool_type_id`, `time_standard_id`)
  VALUES (19564, 83, 693, 1, 1, '2015-02-26 22:47:04', '2015-02-26 22:47:04', 1, 0, '2000-01-01 10:46:00', 3035, 1, NULL);

INSERT INTO `meeting_events` (`id`, `created_at`, `updated_at`, `event_order`, `begin_time`, `is_out_of_race`, `is_autofilled`, `notes`, `meeting_session_id`, `event_type_id`, `heat_type_id`, `user_id`, `has_separate_gender_start_list`, `has_separate_category_start_list`)
  VALUES (3036, '2015-02-26 22:47:04', '2015-02-26 22:47:04', 6, '2000-01-01 10:48:00', 0, 1, NULL, 491, 15, 3, 1, 1, 0);

INSERT INTO `meeting_programs` (`id`, `event_order`, `category_type_id`, `gender_type_id`, `user_id`, `created_at`, `updated_at`, `is_autofilled`, `is_out_of_race`, `begin_time`, `meeting_event_id`, `pool_type_id`, `time_standard_id`)
  VALUES (19565, 84, 694, 2, 1, '2015-02-26 22:47:04', '2015-02-26 22:47:04', 1, 0, '2000-01-01 10:48:00', 3036, 1, 2763);

INSERT INTO `meeting_programs` (`id`, `event_order`, `category_type_id`, `gender_type_id`, `user_id`, `created_at`, `updated_at`, `is_autofilled`, `is_out_of_race`, `begin_time`, `meeting_event_id`, `pool_type_id`, `time_standard_id`)
  VALUES (19566, 85, 695, 2, 1, '2015-02-26 22:47:05', '2015-02-26 22:47:05', 1, 0, '2000-01-01 10:50:00', 3036, 1, 2781);

INSERT INTO `meeting_programs` (`id`, `event_order`, `category_type_id`, `gender_type_id`, `user_id`, `created_at`, `updated_at`, `is_autofilled`, `is_out_of_race`, `begin_time`, `meeting_event_id`, `pool_type_id`, `time_standard_id`)
  VALUES (19567, 86, 696, 2, 1, '2015-02-26 22:47:05', '2015-02-26 22:47:05', 1, 0, '2000-01-01 10:52:00', 3036, 1, 2799);

INSERT INTO `meeting_programs` (`id`, `event_order`, `category_type_id`, `gender_type_id`, `user_id`, `created_at`, `updated_at`, `is_autofilled`, `is_out_of_race`, `begin_time`, `meeting_event_id`, `pool_type_id`, `time_standard_id`)
  VALUES (19568, 87, 697, 2, 1, '2015-02-26 22:47:05', '2015-02-26 22:47:05', 1, 0, '2000-01-01 10:54:00', 3036, 1, 2817);

INSERT INTO `meeting_programs` (`id`, `event_order`, `category_type_id`, `gender_type_id`, `user_id`, `created_at`, `updated_at`, `is_autofilled`, `is_out_of_race`, `begin_time`, `meeting_event_id`, `pool_type_id`, `time_standard_id`)
  VALUES (19569, 88, 698, 2, 1, '2015-02-26 22:47:05', '2015-02-26 22:47:05', 1, 0, '2000-01-01 10:56:00', 3036, 1, 2835);

INSERT INTO `meeting_programs` (`id`, `event_order`, `category_type_id`, `gender_type_id`, `user_id`, `created_at`, `updated_at`, `is_autofilled`, `is_out_of_race`, `begin_time`, `meeting_event_id`, `pool_type_id`, `time_standard_id`)
  VALUES (19570, 89, 699, 2, 1, '2015-02-26 22:47:06', '2015-02-26 22:47:06', 1, 0, '2000-01-01 10:58:00', 3036, 1, 2853);

INSERT INTO `meeting_programs` (`id`, `event_order`, `category_type_id`, `gender_type_id`, `user_id`, `created_at`, `updated_at`, `is_autofilled`, `is_out_of_race`, `begin_time`, `meeting_event_id`, `pool_type_id`, `time_standard_id`)
  VALUES (19571, 90, 705, 2, 1, '2015-02-26 22:47:06', '2015-02-26 22:47:06', 1, 0, '2000-01-01 11:00:00', 3036, 1, 2961);

INSERT INTO `meeting_programs` (`id`, `event_order`, `category_type_id`, `gender_type_id`, `user_id`, `created_at`, `updated_at`, `is_autofilled`, `is_out_of_race`, `begin_time`, `meeting_event_id`, `pool_type_id`, `time_standard_id`)
  VALUES (19572, 91, 693, 2, 1, '2015-02-26 22:47:06', '2015-02-26 22:47:06', 1, 0, '2000-01-01 11:02:00', 3036, 1, NULL);

INSERT INTO `meeting_programs` (`id`, `event_order`, `category_type_id`, `gender_type_id`, `user_id`, `created_at`, `updated_at`, `is_autofilled`, `is_out_of_race`, `begin_time`, `meeting_event_id`, `pool_type_id`, `time_standard_id`)
  VALUES (19573, 92, 694, 1, 1, '2015-02-26 22:47:06', '2015-02-26 22:47:06', 1, 0, '2000-01-01 11:04:00', 3036, 1, 2239);

INSERT INTO `meeting_programs` (`id`, `event_order`, `category_type_id`, `gender_type_id`, `user_id`, `created_at`, `updated_at`, `is_autofilled`, `is_out_of_race`, `begin_time`, `meeting_event_id`, `pool_type_id`, `time_standard_id`)
  VALUES (19574, 93, 695, 1, 1, '2015-02-26 22:47:07', '2015-02-26 22:47:07', 1, 0, '2000-01-01 11:06:00', 3036, 1, 2257);

INSERT INTO `meeting_programs` (`id`, `event_order`, `category_type_id`, `gender_type_id`, `user_id`, `created_at`, `updated_at`, `is_autofilled`, `is_out_of_race`, `begin_time`, `meeting_event_id`, `pool_type_id`, `time_standard_id`)
  VALUES (19575, 94, 696, 1, 1, '2015-02-26 22:47:07', '2015-02-26 22:47:07', 1, 0, '2000-01-01 11:08:00', 3036, 1, 2275);

INSERT INTO `meeting_programs` (`id`, `event_order`, `category_type_id`, `gender_type_id`, `user_id`, `created_at`, `updated_at`, `is_autofilled`, `is_out_of_race`, `begin_time`, `meeting_event_id`, `pool_type_id`, `time_standard_id`)
  VALUES (19576, 95, 697, 1, 1, '2015-02-26 22:47:07', '2015-02-26 22:47:07', 1, 0, '2000-01-01 11:10:00', 3036, 1, 2293);

INSERT INTO `meeting_programs` (`id`, `event_order`, `category_type_id`, `gender_type_id`, `user_id`, `created_at`, `updated_at`, `is_autofilled`, `is_out_of_race`, `begin_time`, `meeting_event_id`, `pool_type_id`, `time_standard_id`)
  VALUES (19577, 96, 698, 1, 1, '2015-02-26 22:47:07', '2015-02-26 22:47:07', 1, 0, '2000-01-01 11:12:00', 3036, 1, 2311);

INSERT INTO `meeting_programs` (`id`, `event_order`, `category_type_id`, `gender_type_id`, `user_id`, `created_at`, `updated_at`, `is_autofilled`, `is_out_of_race`, `begin_time`, `meeting_event_id`, `pool_type_id`, `time_standard_id`)
  VALUES (19578, 97, 699, 1, 1, '2015-02-26 22:47:08', '2015-02-26 22:47:08', 1, 0, '2000-01-01 11:14:00', 3036, 1, 2329);

INSERT INTO `meeting_programs` (`id`, `event_order`, `category_type_id`, `gender_type_id`, `user_id`, `created_at`, `updated_at`, `is_autofilled`, `is_out_of_race`, `begin_time`, `meeting_event_id`, `pool_type_id`, `time_standard_id`)
  VALUES (19579, 98, 700, 1, 1, '2015-02-26 22:47:08', '2015-02-26 22:47:08', 1, 0, '2000-01-01 11:16:00', 3036, 1, 2347);

INSERT INTO `meeting_programs` (`id`, `event_order`, `category_type_id`, `gender_type_id`, `user_id`, `created_at`, `updated_at`, `is_autofilled`, `is_out_of_race`, `begin_time`, `meeting_event_id`, `pool_type_id`, `time_standard_id`)
  VALUES (19580, 99, 701, 1, 1, '2015-02-26 22:47:08', '2015-02-26 22:47:08', 1, 0, '2000-01-01 11:18:00', 3036, 1, 2365);

INSERT INTO `meeting_programs` (`id`, `event_order`, `category_type_id`, `gender_type_id`, `user_id`, `created_at`, `updated_at`, `is_autofilled`, `is_out_of_race`, `begin_time`, `meeting_event_id`, `pool_type_id`, `time_standard_id`)
  VALUES (19581, 100, 702, 1, 1, '2015-02-26 22:47:08', '2015-02-26 22:47:08', 1, 0, '2000-01-01 11:20:00', 3036, 1, 2383);

INSERT INTO `meeting_events` (`id`, `created_at`, `updated_at`, `event_order`, `begin_time`, `is_out_of_race`, `is_autofilled`, `notes`, `meeting_session_id`, `event_type_id`, `heat_type_id`, `user_id`, `has_separate_gender_start_list`, `has_separate_category_start_list`)
  VALUES (3037, '2015-02-26 22:47:09', '2015-02-26 22:47:09', 7, '2000-01-01 11:22:00', 0, 1, NULL, 491, 11, 3, 1, 1, 0);

INSERT INTO `meeting_programs` (`id`, `event_order`, `category_type_id`, `gender_type_id`, `user_id`, `created_at`, `updated_at`, `is_autofilled`, `is_out_of_race`, `begin_time`, `meeting_event_id`, `pool_type_id`, `time_standard_id`)
  VALUES (19582, 101, 694, 2, 1, '2015-02-26 22:47:09', '2015-02-26 22:47:09', 1, 0, '2000-01-01 11:22:00', 3037, 1, 2769);

INSERT INTO `meeting_programs` (`id`, `event_order`, `category_type_id`, `gender_type_id`, `user_id`, `created_at`, `updated_at`, `is_autofilled`, `is_out_of_race`, `begin_time`, `meeting_event_id`, `pool_type_id`, `time_standard_id`)
  VALUES (19583, 102, 695, 2, 1, '2015-02-26 22:47:09', '2015-02-26 22:47:09', 1, 0, '2000-01-01 11:24:00', 3037, 1, 2787);

INSERT INTO `meeting_programs` (`id`, `event_order`, `category_type_id`, `gender_type_id`, `user_id`, `created_at`, `updated_at`, `is_autofilled`, `is_out_of_race`, `begin_time`, `meeting_event_id`, `pool_type_id`, `time_standard_id`)
  VALUES (19584, 103, 696, 2, 1, '2015-02-26 22:47:09', '2015-02-26 22:47:09', 1, 0, '2000-01-01 11:26:00', 3037, 1, 2805);

INSERT INTO `meeting_programs` (`id`, `event_order`, `category_type_id`, `gender_type_id`, `user_id`, `created_at`, `updated_at`, `is_autofilled`, `is_out_of_race`, `begin_time`, `meeting_event_id`, `pool_type_id`, `time_standard_id`)
  VALUES (19585, 104, 697, 2, 1, '2015-02-26 22:47:09', '2015-02-26 22:47:09', 1, 0, '2000-01-01 11:28:00', 3037, 1, 2823);

INSERT INTO `meeting_programs` (`id`, `event_order`, `category_type_id`, `gender_type_id`, `user_id`, `created_at`, `updated_at`, `is_autofilled`, `is_out_of_race`, `begin_time`, `meeting_event_id`, `pool_type_id`, `time_standard_id`)
  VALUES (19586, 105, 698, 2, 1, '2015-02-26 22:47:10', '2015-02-26 22:47:10', 1, 0, '2000-01-01 11:30:00', 3037, 1, 2841);

INSERT INTO `meeting_programs` (`id`, `event_order`, `category_type_id`, `gender_type_id`, `user_id`, `created_at`, `updated_at`, `is_autofilled`, `is_out_of_race`, `begin_time`, `meeting_event_id`, `pool_type_id`, `time_standard_id`)
  VALUES (19587, 106, 699, 2, 1, '2015-02-26 22:47:10', '2015-02-26 22:47:10', 1, 0, '2000-01-01 11:32:00', 3037, 1, 2859);

INSERT INTO `meeting_programs` (`id`, `event_order`, `category_type_id`, `gender_type_id`, `user_id`, `created_at`, `updated_at`, `is_autofilled`, `is_out_of_race`, `begin_time`, `meeting_event_id`, `pool_type_id`, `time_standard_id`)
  VALUES (19588, 107, 700, 2, 1, '2015-02-26 22:47:10', '2015-02-26 22:47:10', 1, 0, '2000-01-01 11:34:00', 3037, 1, 2877);

INSERT INTO `meeting_programs` (`id`, `event_order`, `category_type_id`, `gender_type_id`, `user_id`, `created_at`, `updated_at`, `is_autofilled`, `is_out_of_race`, `begin_time`, `meeting_event_id`, `pool_type_id`, `time_standard_id`)
  VALUES (19589, 108, 701, 2, 1, '2015-02-26 22:47:11', '2015-02-26 22:47:11', 1, 0, '2000-01-01 11:36:00', 3037, 1, 2895);

INSERT INTO `meeting_programs` (`id`, `event_order`, `category_type_id`, `gender_type_id`, `user_id`, `created_at`, `updated_at`, `is_autofilled`, `is_out_of_race`, `begin_time`, `meeting_event_id`, `pool_type_id`, `time_standard_id`)
  VALUES (19590, 109, 693, 2, 1, '2015-02-26 22:47:11', '2015-02-26 22:47:11', 1, 0, '2000-01-01 11:38:00', 3037, 1, NULL);

INSERT INTO `meeting_programs` (`id`, `event_order`, `category_type_id`, `gender_type_id`, `user_id`, `created_at`, `updated_at`, `is_autofilled`, `is_out_of_race`, `begin_time`, `meeting_event_id`, `pool_type_id`, `time_standard_id`)
  VALUES (19591, 110, 694, 1, 1, '2015-02-26 22:47:11', '2015-02-26 22:47:11', 1, 0, '2000-01-01 11:40:00', 3037, 1, 2245);

INSERT INTO `meeting_programs` (`id`, `event_order`, `category_type_id`, `gender_type_id`, `user_id`, `created_at`, `updated_at`, `is_autofilled`, `is_out_of_race`, `begin_time`, `meeting_event_id`, `pool_type_id`, `time_standard_id`)
  VALUES (19592, 111, 695, 1, 1, '2015-02-26 22:47:11', '2015-02-26 22:47:11', 1, 0, '2000-01-01 11:42:00', 3037, 1, 2263);

INSERT INTO `meeting_programs` (`id`, `event_order`, `category_type_id`, `gender_type_id`, `user_id`, `created_at`, `updated_at`, `is_autofilled`, `is_out_of_race`, `begin_time`, `meeting_event_id`, `pool_type_id`, `time_standard_id`)
  VALUES (19593, 112, 696, 1, 1, '2015-02-26 22:47:12', '2015-02-26 22:47:12', 1, 0, '2000-01-01 11:44:00', 3037, 1, 2281);

INSERT INTO `meeting_programs` (`id`, `event_order`, `category_type_id`, `gender_type_id`, `user_id`, `created_at`, `updated_at`, `is_autofilled`, `is_out_of_race`, `begin_time`, `meeting_event_id`, `pool_type_id`, `time_standard_id`)
  VALUES (19594, 113, 697, 1, 1, '2015-02-26 22:47:12', '2015-02-26 22:47:12', 1, 0, '2000-01-01 11:46:00', 3037, 1, 2299);

INSERT INTO `meeting_programs` (`id`, `event_order`, `category_type_id`, `gender_type_id`, `user_id`, `created_at`, `updated_at`, `is_autofilled`, `is_out_of_race`, `begin_time`, `meeting_event_id`, `pool_type_id`, `time_standard_id`)
  VALUES (19595, 114, 698, 1, 1, '2015-02-26 22:47:12', '2015-02-26 22:47:12', 1, 0, '2000-01-01 11:48:00', 3037, 1, 2317);

INSERT INTO `meeting_programs` (`id`, `event_order`, `category_type_id`, `gender_type_id`, `user_id`, `created_at`, `updated_at`, `is_autofilled`, `is_out_of_race`, `begin_time`, `meeting_event_id`, `pool_type_id`, `time_standard_id`)
  VALUES (19596, 115, 699, 1, 1, '2015-02-26 22:47:12', '2015-02-26 22:47:12', 1, 0, '2000-01-01 11:50:00', 3037, 1, 2335);

INSERT INTO `meeting_programs` (`id`, `event_order`, `category_type_id`, `gender_type_id`, `user_id`, `created_at`, `updated_at`, `is_autofilled`, `is_out_of_race`, `begin_time`, `meeting_event_id`, `pool_type_id`, `time_standard_id`)
  VALUES (19597, 116, 700, 1, 1, '2015-02-26 22:47:13', '2015-02-26 22:47:13', 1, 0, '2000-01-01 11:52:00', 3037, 1, 2353);

INSERT INTO `meeting_programs` (`id`, `event_order`, `category_type_id`, `gender_type_id`, `user_id`, `created_at`, `updated_at`, `is_autofilled`, `is_out_of_race`, `begin_time`, `meeting_event_id`, `pool_type_id`, `time_standard_id`)
  VALUES (19598, 117, 702, 1, 1, '2015-02-26 22:47:13', '2015-02-26 22:47:13', 1, 0, '2000-01-01 11:54:00', 3037, 1, 2389);

INSERT INTO `meeting_programs` (`id`, `event_order`, `category_type_id`, `gender_type_id`, `user_id`, `created_at`, `updated_at`, `is_autofilled`, `is_out_of_race`, `begin_time`, `meeting_event_id`, `pool_type_id`, `time_standard_id`)
  VALUES (19599, 118, 693, 1, 1, '2015-02-26 22:47:13', '2015-02-26 22:47:13', 1, 0, '2000-01-01 11:56:00', 3037, 1, NULL);

INSERT INTO `meeting_events` (`id`, `created_at`, `updated_at`, `event_order`, `begin_time`, `is_out_of_race`, `is_autofilled`, `notes`, `meeting_session_id`, `event_type_id`, `heat_type_id`, `user_id`, `has_separate_gender_start_list`, `has_separate_category_start_list`)
  VALUES (3038, '2015-02-26 22:47:13', '2015-02-26 22:47:13', 8, '2000-01-01 11:58:00', 0, 1, NULL, 491, 19, 3, 1, 1, 0);

INSERT INTO `meeting_programs` (`id`, `event_order`, `category_type_id`, `gender_type_id`, `user_id`, `created_at`, `updated_at`, `is_autofilled`, `is_out_of_race`, `begin_time`, `meeting_event_id`, `pool_type_id`, `time_standard_id`)
  VALUES (19600, 119, 694, 2, 1, '2015-02-26 22:47:13', '2015-02-26 22:47:13', 1, 0, '2000-01-01 11:58:00', 3038, 1, 2766);

INSERT INTO `meeting_programs` (`id`, `event_order`, `category_type_id`, `gender_type_id`, `user_id`, `created_at`, `updated_at`, `is_autofilled`, `is_out_of_race`, `begin_time`, `meeting_event_id`, `pool_type_id`, `time_standard_id`)
  VALUES (19601, 120, 695, 2, 1, '2015-02-26 22:47:14', '2015-02-26 22:47:14', 1, 0, '2000-01-01 12:00:00', 3038, 1, 2784);

INSERT INTO `meeting_programs` (`id`, `event_order`, `category_type_id`, `gender_type_id`, `user_id`, `created_at`, `updated_at`, `is_autofilled`, `is_out_of_race`, `begin_time`, `meeting_event_id`, `pool_type_id`, `time_standard_id`)
  VALUES (19602, 121, 696, 2, 1, '2015-02-26 22:47:14', '2015-02-26 22:47:14', 1, 0, '2000-01-01 12:02:00', 3038, 1, 2802);

INSERT INTO `meeting_programs` (`id`, `event_order`, `category_type_id`, `gender_type_id`, `user_id`, `created_at`, `updated_at`, `is_autofilled`, `is_out_of_race`, `begin_time`, `meeting_event_id`, `pool_type_id`, `time_standard_id`)
  VALUES (19603, 122, 697, 2, 1, '2015-02-26 22:47:14', '2015-02-26 22:47:14', 1, 0, '2000-01-01 12:04:00', 3038, 1, 2820);

INSERT INTO `meeting_programs` (`id`, `event_order`, `category_type_id`, `gender_type_id`, `user_id`, `created_at`, `updated_at`, `is_autofilled`, `is_out_of_race`, `begin_time`, `meeting_event_id`, `pool_type_id`, `time_standard_id`)
  VALUES (19604, 123, 698, 2, 1, '2015-02-26 22:47:14', '2015-02-26 22:47:14', 1, 0, '2000-01-01 12:06:00', 3038, 1, 2838);

INSERT INTO `meeting_programs` (`id`, `event_order`, `category_type_id`, `gender_type_id`, `user_id`, `created_at`, `updated_at`, `is_autofilled`, `is_out_of_race`, `begin_time`, `meeting_event_id`, `pool_type_id`, `time_standard_id`)
  VALUES (19605, 124, 699, 2, 1, '2015-02-26 22:47:15', '2015-02-26 22:47:15', 1, 0, '2000-01-01 12:08:00', 3038, 1, 2856);

INSERT INTO `meeting_programs` (`id`, `event_order`, `category_type_id`, `gender_type_id`, `user_id`, `created_at`, `updated_at`, `is_autofilled`, `is_out_of_race`, `begin_time`, `meeting_event_id`, `pool_type_id`, `time_standard_id`)
  VALUES (19606, 125, 701, 2, 1, '2015-02-26 22:47:15', '2015-02-26 22:47:15', 1, 0, '2000-01-01 12:10:00', 3038, 1, 2892);

INSERT INTO `meeting_programs` (`id`, `event_order`, `category_type_id`, `gender_type_id`, `user_id`, `created_at`, `updated_at`, `is_autofilled`, `is_out_of_race`, `begin_time`, `meeting_event_id`, `pool_type_id`, `time_standard_id`)
  VALUES (19607, 126, 702, 2, 1, '2015-02-26 22:47:15', '2015-02-26 22:47:15', 1, 0, '2000-01-01 12:12:00', 3038, 1, 2910);

INSERT INTO `meeting_programs` (`id`, `event_order`, `category_type_id`, `gender_type_id`, `user_id`, `created_at`, `updated_at`, `is_autofilled`, `is_out_of_race`, `begin_time`, `meeting_event_id`, `pool_type_id`, `time_standard_id`)
  VALUES (19608, 127, 693, 2, 1, '2015-02-26 22:47:15', '2015-02-26 22:47:15', 1, 0, '2000-01-01 12:14:00', 3038, 1, NULL);

INSERT INTO `meeting_programs` (`id`, `event_order`, `category_type_id`, `gender_type_id`, `user_id`, `created_at`, `updated_at`, `is_autofilled`, `is_out_of_race`, `begin_time`, `meeting_event_id`, `pool_type_id`, `time_standard_id`)
  VALUES (19609, 128, 694, 1, 1, '2015-02-26 22:47:16', '2015-02-26 22:47:16', 1, 0, '2000-01-01 12:16:00', 3038, 1, 2242);

INSERT INTO `meeting_programs` (`id`, `event_order`, `category_type_id`, `gender_type_id`, `user_id`, `created_at`, `updated_at`, `is_autofilled`, `is_out_of_race`, `begin_time`, `meeting_event_id`, `pool_type_id`, `time_standard_id`)
  VALUES (19610, 129, 695, 1, 1, '2015-02-26 22:47:16', '2015-02-26 22:47:16', 1, 0, '2000-01-01 12:18:00', 3038, 1, 2260);

INSERT INTO `meeting_programs` (`id`, `event_order`, `category_type_id`, `gender_type_id`, `user_id`, `created_at`, `updated_at`, `is_autofilled`, `is_out_of_race`, `begin_time`, `meeting_event_id`, `pool_type_id`, `time_standard_id`)
  VALUES (19611, 130, 696, 1, 1, '2015-02-26 22:47:16', '2015-02-26 22:47:16', 1, 0, '2000-01-01 12:20:00', 3038, 1, 2278);

INSERT INTO `meeting_programs` (`id`, `event_order`, `category_type_id`, `gender_type_id`, `user_id`, `created_at`, `updated_at`, `is_autofilled`, `is_out_of_race`, `begin_time`, `meeting_event_id`, `pool_type_id`, `time_standard_id`)
  VALUES (19612, 131, 697, 1, 1, '2015-02-26 22:47:17', '2015-02-26 22:47:17', 1, 0, '2000-01-01 12:22:00', 3038, 1, 2296);

INSERT INTO `meeting_programs` (`id`, `event_order`, `category_type_id`, `gender_type_id`, `user_id`, `created_at`, `updated_at`, `is_autofilled`, `is_out_of_race`, `begin_time`, `meeting_event_id`, `pool_type_id`, `time_standard_id`)
  VALUES (19613, 132, 698, 1, 1, '2015-02-26 22:47:17', '2015-02-26 22:47:17', 1, 0, '2000-01-01 12:24:00', 3038, 1, 2314);

INSERT INTO `meeting_programs` (`id`, `event_order`, `category_type_id`, `gender_type_id`, `user_id`, `created_at`, `updated_at`, `is_autofilled`, `is_out_of_race`, `begin_time`, `meeting_event_id`, `pool_type_id`, `time_standard_id`)
  VALUES (19614, 133, 699, 1, 1, '2015-02-26 22:47:17', '2015-02-26 22:47:17', 1, 0, '2000-01-01 12:26:00', 3038, 1, 2332);

INSERT INTO `meeting_programs` (`id`, `event_order`, `category_type_id`, `gender_type_id`, `user_id`, `created_at`, `updated_at`, `is_autofilled`, `is_out_of_race`, `begin_time`, `meeting_event_id`, `pool_type_id`, `time_standard_id`)
  VALUES (19615, 134, 700, 1, 1, '2015-02-26 22:47:17', '2015-02-26 22:47:17', 1, 0, '2000-01-01 12:28:00', 3038, 1, 2350);

INSERT INTO `meeting_programs` (`id`, `event_order`, `category_type_id`, `gender_type_id`, `user_id`, `created_at`, `updated_at`, `is_autofilled`, `is_out_of_race`, `begin_time`, `meeting_event_id`, `pool_type_id`, `time_standard_id`)
  VALUES (19616, 135, 701, 1, 1, '2015-02-26 22:47:17', '2015-02-26 22:47:17', 1, 0, '2000-01-01 12:30:00', 3038, 1, 2368);

INSERT INTO `meeting_programs` (`id`, `event_order`, `category_type_id`, `gender_type_id`, `user_id`, `created_at`, `updated_at`, `is_autofilled`, `is_out_of_race`, `begin_time`, `meeting_event_id`, `pool_type_id`, `time_standard_id`)
  VALUES (19617, 136, 702, 1, 1, '2015-02-26 22:47:18', '2015-02-26 22:47:18', 1, 0, '2000-01-01 12:32:00', 3038, 1, 2386);

INSERT INTO `meeting_programs` (`id`, `event_order`, `category_type_id`, `gender_type_id`, `user_id`, `created_at`, `updated_at`, `is_autofilled`, `is_out_of_race`, `begin_time`, `meeting_event_id`, `pool_type_id`, `time_standard_id`)
  VALUES (19618, 137, 703, 1, 1, '2015-02-26 22:47:18', '2015-02-26 22:47:18', 1, 0, '2000-01-01 12:34:00', 3038, 1, 2404);

INSERT INTO `meeting_programs` (`id`, `event_order`, `category_type_id`, `gender_type_id`, `user_id`, `created_at`, `updated_at`, `is_autofilled`, `is_out_of_race`, `begin_time`, `meeting_event_id`, `pool_type_id`, `time_standard_id`)
  VALUES (19619, 138, 705, 1, 1, '2015-02-26 22:47:18', '2015-02-26 22:47:18', 1, 0, '2000-01-01 12:36:00', 3038, 1, 2440);

INSERT INTO `meeting_events` (`id`, `created_at`, `updated_at`, `event_order`, `begin_time`, `is_out_of_race`, `is_autofilled`, `notes`, `meeting_session_id`, `event_type_id`, `heat_type_id`, `user_id`, `has_separate_gender_start_list`, `has_separate_category_start_list`)
  VALUES (3039, '2015-02-26 22:47:18', '2015-02-26 22:47:18', 9, '2000-01-01 12:38:00', 0, 1, NULL, 491, 2, 3, 1, 1, 0);

INSERT INTO `meeting_programs` (`id`, `event_order`, `category_type_id`, `gender_type_id`, `user_id`, `created_at`, `updated_at`, `is_autofilled`, `is_out_of_race`, `begin_time`, `meeting_event_id`, `pool_type_id`, `time_standard_id`)
  VALUES (19620, 139, 694, 2, 1, '2015-02-26 22:47:18', '2015-02-26 22:47:18', 1, 0, '2000-01-01 12:38:00', 3039, 1, 2757);

INSERT INTO `meeting_programs` (`id`, `event_order`, `category_type_id`, `gender_type_id`, `user_id`, `created_at`, `updated_at`, `is_autofilled`, `is_out_of_race`, `begin_time`, `meeting_event_id`, `pool_type_id`, `time_standard_id`)
  VALUES (19621, 140, 695, 2, 1, '2015-02-26 22:47:19', '2015-02-26 22:47:19', 1, 0, '2000-01-01 12:40:00', 3039, 1, 2775);

INSERT INTO `meeting_programs` (`id`, `event_order`, `category_type_id`, `gender_type_id`, `user_id`, `created_at`, `updated_at`, `is_autofilled`, `is_out_of_race`, `begin_time`, `meeting_event_id`, `pool_type_id`, `time_standard_id`)
  VALUES (19622, 141, 696, 2, 1, '2015-02-26 22:47:19', '2015-02-26 22:47:19', 1, 0, '2000-01-01 12:42:00', 3039, 1, 2793);

INSERT INTO `meeting_programs` (`id`, `event_order`, `category_type_id`, `gender_type_id`, `user_id`, `created_at`, `updated_at`, `is_autofilled`, `is_out_of_race`, `begin_time`, `meeting_event_id`, `pool_type_id`, `time_standard_id`)
  VALUES (19623, 142, 697, 2, 1, '2015-02-26 22:47:19', '2015-02-26 22:47:19', 1, 0, '2000-01-01 12:44:00', 3039, 1, 2811);

INSERT INTO `meeting_programs` (`id`, `event_order`, `category_type_id`, `gender_type_id`, `user_id`, `created_at`, `updated_at`, `is_autofilled`, `is_out_of_race`, `begin_time`, `meeting_event_id`, `pool_type_id`, `time_standard_id`)
  VALUES (19624, 143, 698, 2, 1, '2015-02-26 22:47:19', '2015-02-26 22:47:19', 1, 0, '2000-01-01 12:46:00', 3039, 1, 2829);

INSERT INTO `meeting_programs` (`id`, `event_order`, `category_type_id`, `gender_type_id`, `user_id`, `created_at`, `updated_at`, `is_autofilled`, `is_out_of_race`, `begin_time`, `meeting_event_id`, `pool_type_id`, `time_standard_id`)
  VALUES (19625, 144, 699, 2, 1, '2015-02-26 22:47:20', '2015-02-26 22:47:20', 1, 0, '2000-01-01 12:48:00', 3039, 1, 2847);

INSERT INTO `meeting_programs` (`id`, `event_order`, `category_type_id`, `gender_type_id`, `user_id`, `created_at`, `updated_at`, `is_autofilled`, `is_out_of_race`, `begin_time`, `meeting_event_id`, `pool_type_id`, `time_standard_id`)
  VALUES (19626, 145, 700, 2, 1, '2015-02-26 22:47:20', '2015-02-26 22:47:20', 1, 0, '2000-01-01 12:50:00', 3039, 1, 2865);

INSERT INTO `meeting_programs` (`id`, `event_order`, `category_type_id`, `gender_type_id`, `user_id`, `created_at`, `updated_at`, `is_autofilled`, `is_out_of_race`, `begin_time`, `meeting_event_id`, `pool_type_id`, `time_standard_id`)
  VALUES (19627, 146, 702, 2, 1, '2015-02-26 22:47:20', '2015-02-26 22:47:20', 1, 0, '2000-01-01 12:52:00', 3039, 1, 2901);

INSERT INTO `meeting_programs` (`id`, `event_order`, `category_type_id`, `gender_type_id`, `user_id`, `created_at`, `updated_at`, `is_autofilled`, `is_out_of_race`, `begin_time`, `meeting_event_id`, `pool_type_id`, `time_standard_id`)
  VALUES (19628, 147, 703, 2, 1, '2015-02-26 22:47:21', '2015-02-26 22:47:21', 1, 0, '2000-01-01 12:54:00', 3039, 1, 2919);

INSERT INTO `meeting_programs` (`id`, `event_order`, `category_type_id`, `gender_type_id`, `user_id`, `created_at`, `updated_at`, `is_autofilled`, `is_out_of_race`, `begin_time`, `meeting_event_id`, `pool_type_id`, `time_standard_id`)
  VALUES (19629, 148, 693, 2, 1, '2015-02-26 22:47:21', '2015-02-26 22:47:21', 1, 0, '2000-01-01 12:56:00', 3039, 1, NULL);

INSERT INTO `meeting_programs` (`id`, `event_order`, `category_type_id`, `gender_type_id`, `user_id`, `created_at`, `updated_at`, `is_autofilled`, `is_out_of_race`, `begin_time`, `meeting_event_id`, `pool_type_id`, `time_standard_id`)
  VALUES (19630, 149, 694, 1, 1, '2015-02-26 22:47:21', '2015-02-26 22:47:21', 1, 0, '2000-01-01 12:58:00', 3039, 1, 2233);

INSERT INTO `meeting_programs` (`id`, `event_order`, `category_type_id`, `gender_type_id`, `user_id`, `created_at`, `updated_at`, `is_autofilled`, `is_out_of_race`, `begin_time`, `meeting_event_id`, `pool_type_id`, `time_standard_id`)
  VALUES (19631, 150, 695, 1, 1, '2015-02-26 22:47:21', '2015-02-26 22:47:21', 1, 0, '2000-01-01 13:00:00', 3039, 1, 2251);

INSERT INTO `meeting_programs` (`id`, `event_order`, `category_type_id`, `gender_type_id`, `user_id`, `created_at`, `updated_at`, `is_autofilled`, `is_out_of_race`, `begin_time`, `meeting_event_id`, `pool_type_id`, `time_standard_id`)
  VALUES (19632, 151, 696, 1, 1, '2015-02-26 22:47:22', '2015-02-26 22:47:22', 1, 0, '2000-01-01 13:02:00', 3039, 1, 2269);

INSERT INTO `meeting_programs` (`id`, `event_order`, `category_type_id`, `gender_type_id`, `user_id`, `created_at`, `updated_at`, `is_autofilled`, `is_out_of_race`, `begin_time`, `meeting_event_id`, `pool_type_id`, `time_standard_id`)
  VALUES (19633, 152, 697, 1, 1, '2015-02-26 22:47:22', '2015-02-26 22:47:22', 1, 0, '2000-01-01 13:04:00', 3039, 1, 2287);

INSERT INTO `meeting_programs` (`id`, `event_order`, `category_type_id`, `gender_type_id`, `user_id`, `created_at`, `updated_at`, `is_autofilled`, `is_out_of_race`, `begin_time`, `meeting_event_id`, `pool_type_id`, `time_standard_id`)
  VALUES (19634, 153, 698, 1, 1, '2015-02-26 22:47:22', '2015-02-26 22:47:22', 1, 0, '2000-01-01 13:06:00', 3039, 1, 2305);

INSERT INTO `meeting_programs` (`id`, `event_order`, `category_type_id`, `gender_type_id`, `user_id`, `created_at`, `updated_at`, `is_autofilled`, `is_out_of_race`, `begin_time`, `meeting_event_id`, `pool_type_id`, `time_standard_id`)
  VALUES (19635, 154, 699, 1, 1, '2015-02-26 22:47:22', '2015-02-26 22:47:22', 1, 0, '2000-01-01 13:08:00', 3039, 1, 2323);

INSERT INTO `meeting_programs` (`id`, `event_order`, `category_type_id`, `gender_type_id`, `user_id`, `created_at`, `updated_at`, `is_autofilled`, `is_out_of_race`, `begin_time`, `meeting_event_id`, `pool_type_id`, `time_standard_id`)
  VALUES (19636, 155, 700, 1, 1, '2015-02-26 22:47:22', '2015-02-26 22:47:22', 1, 0, '2000-01-01 13:10:00', 3039, 1, 2341);

INSERT INTO `meeting_programs` (`id`, `event_order`, `category_type_id`, `gender_type_id`, `user_id`, `created_at`, `updated_at`, `is_autofilled`, `is_out_of_race`, `begin_time`, `meeting_event_id`, `pool_type_id`, `time_standard_id`)
  VALUES (19637, 156, 701, 1, 1, '2015-02-26 22:47:23', '2015-02-26 22:47:23', 1, 0, '2000-01-01 13:12:00', 3039, 1, 2359);

INSERT INTO `meeting_programs` (`id`, `event_order`, `category_type_id`, `gender_type_id`, `user_id`, `created_at`, `updated_at`, `is_autofilled`, `is_out_of_race`, `begin_time`, `meeting_event_id`, `pool_type_id`, `time_standard_id`)
  VALUES (19638, 157, 702, 1, 1, '2015-02-26 22:47:23', '2015-02-26 22:47:23', 1, 0, '2000-01-01 13:14:00', 3039, 1, 2377);

INSERT INTO `meeting_programs` (`id`, `event_order`, `category_type_id`, `gender_type_id`, `user_id`, `created_at`, `updated_at`, `is_autofilled`, `is_out_of_race`, `begin_time`, `meeting_event_id`, `pool_type_id`, `time_standard_id`)
  VALUES (19639, 158, 693, 1, 1, '2015-02-26 22:47:23', '2015-02-26 22:47:23', 1, 0, '2000-01-01 13:16:00', 3039, 1, NULL);

INSERT INTO `meeting_events` (`id`, `created_at`, `updated_at`, `event_order`, `begin_time`, `is_out_of_race`, `is_autofilled`, `notes`, `meeting_session_id`, `event_type_id`, `heat_type_id`, `user_id`, `has_separate_gender_start_list`, `has_separate_category_start_list`)
  VALUES (3040, '2015-02-26 22:47:23', '2015-02-26 22:47:23', 10, '2000-01-01 13:16:30', 0, 1, NULL, 491, 32, 3, 1, 1, 0);

INSERT INTO `meeting_programs` (`id`, `event_order`, `category_type_id`, `gender_type_id`, `user_id`, `created_at`, `updated_at`, `is_autofilled`, `is_out_of_race`, `begin_time`, `meeting_event_id`, `pool_type_id`, `time_standard_id`)
  VALUES (19640, 1, 710, 3, 1, '2015-02-26 22:47:23', '2015-02-26 22:47:23', 1, 0, '2000-01-01 13:16:30', 3040, 1, 4350);

INSERT INTO `meeting_programs` (`id`, `event_order`, `category_type_id`, `gender_type_id`, `user_id`, `created_at`, `updated_at`, `is_autofilled`, `is_out_of_race`, `begin_time`, `meeting_event_id`, `pool_type_id`, `time_standard_id`)
  VALUES (19641, 2, 711, 3, 1, '2015-02-26 22:47:24', '2015-02-26 22:47:24', 1, 0, '2000-01-01 13:16:30', 3040, 1, 4351);

INSERT INTO `meeting_programs` (`id`, `event_order`, `category_type_id`, `gender_type_id`, `user_id`, `created_at`, `updated_at`, `is_autofilled`, `is_out_of_race`, `begin_time`, `meeting_event_id`, `pool_type_id`, `time_standard_id`)
  VALUES (19642, 3, 712, 3, 1, '2015-02-26 22:47:24', '2015-02-26 22:47:24', 1, 0, '2000-01-01 13:16:00', 3040, 1, 4352);

INSERT INTO `meeting_programs` (`id`, `event_order`, `category_type_id`, `gender_type_id`, `user_id`, `created_at`, `updated_at`, `is_autofilled`, `is_out_of_race`, `begin_time`, `meeting_event_id`, `pool_type_id`, `time_standard_id`)
  VALUES (19643, 4, 714, 3, 1, '2015-02-26 22:47:24', '2015-02-26 22:47:24', 1, 0, '2000-01-01 13:16:30', 3040, 1, 4354);

INSERT INTO `teams` (`id`, `name`, `editable_name`, `address`, `zip`, `phone_mobile`, `phone_number`, `fax_number`, `e_mail`, `contact_name`, `notes`, `name_variations`, `city_id`, `user_id`, `created_at`, `updated_at`, `home_page_url`)
  VALUES (699, 'TWV INNSBRUCK', 'TWV INNSBRUCK', NULL, NULL, NULL, NULL, NULL, NULL, NULL, NULL, 'TWV INNSBRUCK', NULL, 1, '2015-02-26 22:47:24', '2015-02-26 22:47:24', NULL);

INSERT INTO `team_affiliations` (`id`, `number`, `name`, `must_calculate_goggle_cup`, `team_id`, `season_id`, `user_id`, `created_at`, `updated_at`, `is_autofilled`)
  VALUES (919, NULL, 'TWV INNSBRUCK', 0, 699, 132, 1, '2015-02-26 22:47:24', '2015-02-26 22:47:24', 1);

INSERT INTO `swimmers` (`id`, `last_name`, `first_name`, `year_of_birth`, `phone_mobile`, `phone_number`, `e_mail`, `nickname`, `associated_user_id`, `gender_type_id`, `user_id`, `created_at`, `updated_at`, `complete_name`, `is_year_guessed`)
  VALUES (17017, 'ALLEGRO', 'ANDREA', 1990, NULL, NULL, NULL, '', NULL, 1, 1, '2015-02-26 22:47:25', '2015-02-26 22:47:25', 'ALLEGRO ANDREA', 0);

INSERT INTO `swimmers` (`id`, `last_name`, `first_name`, `year_of_birth`, `phone_mobile`, `phone_number`, `e_mail`, `nickname`, `associated_user_id`, `gender_type_id`, `user_id`, `created_at`, `updated_at`, `complete_name`, `is_year_guessed`)
  VALUES (17018, 'BECCARI', 'PIERGIORGIO', 1971, NULL, NULL, NULL, '', NULL, 1, 1, '2015-02-26 22:47:25', '2015-02-26 22:47:25', 'BECCARI PIERGIORGIO', 0);

INSERT INTO `swimmers` (`id`, `last_name`, `first_name`, `year_of_birth`, `phone_mobile`, `phone_number`, `e_mail`, `nickname`, `associated_user_id`, `gender_type_id`, `user_id`, `created_at`, `updated_at`, `complete_name`, `is_year_guessed`)
  VALUES (17019, 'BONACONZA', 'DIEGO', 1956, NULL, NULL, NULL, '', NULL, 1, 1, '2015-02-26 22:47:25', '2015-02-26 22:47:25', 'BONACONZA DIEGO', 0);

INSERT INTO `swimmers` (`id`, `last_name`, `first_name`, `year_of_birth`, `phone_mobile`, `phone_number`, `e_mail`, `nickname`, `associated_user_id`, `gender_type_id`, `user_id`, `created_at`, `updated_at`, `complete_name`, `is_year_guessed`)
  VALUES (17020, 'BUSATO', 'ENRICO', 1972, NULL, NULL, NULL, '', NULL, 1, 1, '2015-02-26 22:47:25', '2015-02-26 22:47:25', 'BUSATO ENRICO', 0);

INSERT INTO `swimmers` (`id`, `last_name`, `first_name`, `year_of_birth`, `phone_mobile`, `phone_number`, `e_mail`, `nickname`, `associated_user_id`, `gender_type_id`, `user_id`, `created_at`, `updated_at`, `complete_name`, `is_year_guessed`)
  VALUES (17021, 'CALIMAN', 'KLAUS', 1971, NULL, NULL, NULL, '', NULL, 1, 1, '2015-02-26 22:47:25', '2015-02-26 22:47:25', 'CALIMAN KLAUS', 0);

INSERT INTO `swimmers` (`id`, `last_name`, `first_name`, `year_of_birth`, `phone_mobile`, `phone_number`, `e_mail`, `nickname`, `associated_user_id`, `gender_type_id`, `user_id`, `created_at`, `updated_at`, `complete_name`, `is_year_guessed`)
  VALUES (17022, 'CARAVAGGIO', 'ANNA', 1980, NULL, NULL, NULL, '', NULL, 2, 1, '2015-02-26 22:47:25', '2015-02-26 22:47:25', 'CARAVAGGIO ANNA', 0);

INSERT INTO `swimmers` (`id`, `last_name`, `first_name`, `year_of_birth`, `phone_mobile`, `phone_number`, `e_mail`, `nickname`, `associated_user_id`, `gender_type_id`, `user_id`, `created_at`, `updated_at`, `complete_name`, `is_year_guessed`)
  VALUES (17023, 'CARLET', 'FEDERICA', 1988, NULL, NULL, NULL, '', NULL, 2, 1, '2015-02-26 22:47:25', '2015-02-26 22:47:25', 'CARLET FEDERICA', 0);

INSERT INTO `swimmers` (`id`, `last_name`, `first_name`, `year_of_birth`, `phone_mobile`, `phone_number`, `e_mail`, `nickname`, `associated_user_id`, `gender_type_id`, `user_id`, `created_at`, `updated_at`, `complete_name`, `is_year_guessed`)
  VALUES (17024, 'CIMINO', 'ANDREA', 1967, NULL, NULL, NULL, '', NULL, 1, 1, '2015-02-26 22:47:25', '2015-02-26 22:47:25', 'CIMINO ANDREA', 0);

INSERT INTO `swimmers` (`id`, `last_name`, `first_name`, `year_of_birth`, `phone_mobile`, `phone_number`, `e_mail`, `nickname`, `associated_user_id`, `gender_type_id`, `user_id`, `created_at`, `updated_at`, `complete_name`, `is_year_guessed`)
  VALUES (17025, 'CONTRO', 'MAURIZIO', 1970, NULL, NULL, NULL, '', NULL, 1, 1, '2015-02-26 22:47:25', '2015-02-26 22:47:25', 'CONTRO MAURIZIO', 0);

INSERT INTO `swimmers` (`id`, `last_name`, `first_name`, `year_of_birth`, `phone_mobile`, `phone_number`, `e_mail`, `nickname`, `associated_user_id`, `gender_type_id`, `user_id`, `created_at`, `updated_at`, `complete_name`, `is_year_guessed`)
  VALUES (17026, 'DALBONI', 'UMBERTO', 1948, NULL, NULL, NULL, '', NULL, 1, 1, '2015-02-26 22:47:25', '2015-02-26 22:47:25', 'DALBONI UMBERTO', 0);

INSERT INTO `swimmers` (`id`, `last_name`, `first_name`, `year_of_birth`, `phone_mobile`, `phone_number`, `e_mail`, `nickname`, `associated_user_id`, `gender_type_id`, `user_id`, `created_at`, `updated_at`, `complete_name`, `is_year_guessed`)
  VALUES (17027, 'DANIELI', 'ALESSANDRA', 1987, NULL, NULL, NULL, '', NULL, 2, 1, '2015-02-26 22:47:25', '2015-02-26 22:47:25', 'DANIELI ALESSANDRA', 0);

INSERT INTO `swimmers` (`id`, `last_name`, `first_name`, `year_of_birth`, `phone_mobile`, `phone_number`, `e_mail`, `nickname`, `associated_user_id`, `gender_type_id`, `user_id`, `created_at`, `updated_at`, `complete_name`, `is_year_guessed`)
  VALUES (17028, 'DANZO', 'FEDERICA', 1985, NULL, NULL, NULL, '', NULL, 2, 1, '2015-02-26 22:47:25', '2015-02-26 22:47:25', 'DANZO FEDERICA', 0);

INSERT INTO `swimmers` (`id`, `last_name`, `first_name`, `year_of_birth`, `phone_mobile`, `phone_number`, `e_mail`, `nickname`, `associated_user_id`, `gender_type_id`, `user_id`, `created_at`, `updated_at`, `complete_name`, `is_year_guessed`)
  VALUES (17029, 'DARIN', 'MARCO', 1970, NULL, NULL, NULL, '', NULL, 1, 1, '2015-02-26 22:47:25', '2015-02-26 22:47:25', 'DARIN MARCO', 0);

INSERT INTO `swimmers` (`id`, `last_name`, `first_name`, `year_of_birth`, `phone_mobile`, `phone_number`, `e_mail`, `nickname`, `associated_user_id`, `gender_type_id`, `user_id`, `created_at`, `updated_at`, `complete_name`, `is_year_guessed`)
  VALUES (17030, 'DETASSIS', 'DEBORA', 1992, NULL, NULL, NULL, '', NULL, 2, 1, '2015-02-26 22:47:25', '2015-02-26 22:47:25', 'DETASSIS DEBORA', 0);

INSERT INTO `swimmers` (`id`, `last_name`, `first_name`, `year_of_birth`, `phone_mobile`, `phone_number`, `e_mail`, `nickname`, `associated_user_id`, `gender_type_id`, `user_id`, `created_at`, `updated_at`, `complete_name`, `is_year_guessed`)
  VALUES (17031, 'DI GIUSEPPE', 'DAVIDE', 1987, NULL, NULL, NULL, '', NULL, 1, 1, '2015-02-26 22:47:25', '2015-02-26 22:47:25', 'DI GIUSEPPE DAVIDE', 0);

INSERT INTO `swimmers` (`id`, `last_name`, `first_name`, `year_of_birth`, `phone_mobile`, `phone_number`, `e_mail`, `nickname`, `associated_user_id`, `gender_type_id`, `user_id`, `created_at`, `updated_at`, `complete_name`, `is_year_guessed`)
  VALUES (17032, 'FACCHINI', 'ANNA', 1984, NULL, NULL, NULL, '', NULL, 2, 1, '2015-02-26 22:47:25', '2015-02-26 22:47:25', 'FACCHINI ANNA', 0);

INSERT INTO `swimmers` (`id`, `last_name`, `first_name`, `year_of_birth`, `phone_mobile`, `phone_number`, `e_mail`, `nickname`, `associated_user_id`, `gender_type_id`, `user_id`, `created_at`, `updated_at`, `complete_name`, `is_year_guessed`)
  VALUES (17033, 'FASAN', 'DAVIDE', 1989, NULL, NULL, NULL, '', NULL, 1, 1, '2015-02-26 22:47:25', '2015-02-26 22:47:25', 'FASAN DAVIDE', 0);

INSERT INTO `swimmers` (`id`, `last_name`, `first_name`, `year_of_birth`, `phone_mobile`, `phone_number`, `e_mail`, `nickname`, `associated_user_id`, `gender_type_id`, `user_id`, `created_at`, `updated_at`, `complete_name`, `is_year_guessed`)
  VALUES (17034, 'FERRARI', 'DAVIDE', 1971, NULL, NULL, NULL, '', NULL, 1, 1, '2015-02-26 22:47:25', '2015-02-26 22:47:25', 'FERRARI DAVIDE', 0);

INSERT INTO `swimmers` (`id`, `last_name`, `first_name`, `year_of_birth`, `phone_mobile`, `phone_number`, `e_mail`, `nickname`, `associated_user_id`, `gender_type_id`, `user_id`, `created_at`, `updated_at`, `complete_name`, `is_year_guessed`)
  VALUES (17035, 'FERRARI', 'PAOLA', 1976, NULL, NULL, NULL, '', NULL, 2, 1, '2015-02-26 22:47:25', '2015-02-26 22:47:25', 'FERRARI PAOLA', 0);

INSERT INTO `swimmers` (`id`, `last_name`, `first_name`, `year_of_birth`, `phone_mobile`, `phone_number`, `e_mail`, `nickname`, `associated_user_id`, `gender_type_id`, `user_id`, `created_at`, `updated_at`, `complete_name`, `is_year_guessed`)
  VALUES (17036, 'GIAGIO', 'SILVIA', 1993, NULL, NULL, NULL, '', NULL, 2, 1, '2015-02-26 22:47:25', '2015-02-26 22:47:25', 'GIAGIO SILVIA', 0);

INSERT INTO `swimmers` (`id`, `last_name`, `first_name`, `year_of_birth`, `phone_mobile`, `phone_number`, `e_mail`, `nickname`, `associated_user_id`, `gender_type_id`, `user_id`, `created_at`, `updated_at`, `complete_name`, `is_year_guessed`)
  VALUES (17037, 'GIANCAMILLI', 'GABRIELE', 1978, NULL, NULL, NULL, '', NULL, 1, 1, '2015-02-26 22:47:26', '2015-02-26 22:47:26', 'GIANCAMILLI GABRIELE', 0);

INSERT INTO `swimmers` (`id`, `last_name`, `first_name`, `year_of_birth`, `phone_mobile`, `phone_number`, `e_mail`, `nickname`, `associated_user_id`, `gender_type_id`, `user_id`, `created_at`, `updated_at`, `complete_name`, `is_year_guessed`)
  VALUES (17038, 'KRAVUTSKE', 'ANDREAS', 1988, NULL, NULL, NULL, '', NULL, 1, 1, '2015-02-26 22:47:26', '2015-02-26 22:47:26', 'KRAVUTSKE ANDREAS', 0);

INSERT INTO `swimmers` (`id`, `last_name`, `first_name`, `year_of_birth`, `phone_mobile`, `phone_number`, `e_mail`, `nickname`, `associated_user_id`, `gender_type_id`, `user_id`, `created_at`, `updated_at`, `complete_name`, `is_year_guessed`)
  VALUES (17039, 'LANDO', 'VALENTINA', 1992, NULL, NULL, NULL, '', NULL, 2, 1, '2015-02-26 22:47:26', '2015-02-26 22:47:26', 'LANDO VALENTINA', 0);

INSERT INTO `swimmers` (`id`, `last_name`, `first_name`, `year_of_birth`, `phone_mobile`, `phone_number`, `e_mail`, `nickname`, `associated_user_id`, `gender_type_id`, `user_id`, `created_at`, `updated_at`, `complete_name`, `is_year_guessed`)
  VALUES (17040, 'LARENTIS', 'ANNA', 1982, NULL, NULL, NULL, '', NULL, 2, 1, '2015-02-26 22:47:26', '2015-02-26 22:47:26', 'LARENTIS ANNA', 0);

INSERT INTO `swimmers` (`id`, `last_name`, `first_name`, `year_of_birth`, `phone_mobile`, `phone_number`, `e_mail`, `nickname`, `associated_user_id`, `gender_type_id`, `user_id`, `created_at`, `updated_at`, `complete_name`, `is_year_guessed`)
  VALUES (17041, 'MARTIN', 'ROXANA', 1994, NULL, NULL, NULL, '', NULL, 2, 1, '2015-02-26 22:47:26', '2015-02-26 22:47:26', 'MARTIN ROXANA', 0);

INSERT INTO `swimmers` (`id`, `last_name`, `first_name`, `year_of_birth`, `phone_mobile`, `phone_number`, `e_mail`, `nickname`, `associated_user_id`, `gender_type_id`, `user_id`, `created_at`, `updated_at`, `complete_name`, `is_year_guessed`)
  VALUES (17042, 'MOSNA', 'MARINELLA', 1970, NULL, NULL, NULL, '', NULL, 2, 1, '2015-02-26 22:47:26', '2015-02-26 22:47:26', 'MOSNA MARINELLA', 0);

INSERT INTO `swimmers` (`id`, `last_name`, `first_name`, `year_of_birth`, `phone_mobile`, `phone_number`, `e_mail`, `nickname`, `associated_user_id`, `gender_type_id`, `user_id`, `created_at`, `updated_at`, `complete_name`, `is_year_guessed`)
  VALUES (17043, 'NARDI', 'MATTIA', 1990, NULL, NULL, NULL, '', NULL, 1, 1, '2015-02-26 22:47:26', '2015-02-26 22:47:26', 'NARDI MATTIA', 0);

INSERT INTO `swimmers` (`id`, `last_name`, `first_name`, `year_of_birth`, `phone_mobile`, `phone_number`, `e_mail`, `nickname`, `associated_user_id`, `gender_type_id`, `user_id`, `created_at`, `updated_at`, `complete_name`, `is_year_guessed`)
  VALUES (17044, 'PAOLI', 'MONICA', 1985, NULL, NULL, NULL, '', NULL, 2, 1, '2015-02-26 22:47:26', '2015-02-26 22:47:26', 'PAOLI MONICA', 0);

INSERT INTO `swimmers` (`id`, `last_name`, `first_name`, `year_of_birth`, `phone_mobile`, `phone_number`, `e_mail`, `nickname`, `associated_user_id`, `gender_type_id`, `user_id`, `created_at`, `updated_at`, `complete_name`, `is_year_guessed`)
  VALUES (17045, 'PASQUALE', 'ROBERTO', 1986, NULL, NULL, NULL, '', NULL, 1, 1, '2015-02-26 22:47:26', '2015-02-26 22:47:26', 'PASQUALE ROBERTO', 0);

INSERT INTO `swimmers` (`id`, `last_name`, `first_name`, `year_of_birth`, `phone_mobile`, `phone_number`, `e_mail`, `nickname`, `associated_user_id`, `gender_type_id`, `user_id`, `created_at`, `updated_at`, `complete_name`, `is_year_guessed`)
  VALUES (17046, 'PETRI', 'FORTUNATO', 1965, NULL, NULL, NULL, '', NULL, 1, 1, '2015-02-26 22:47:26', '2015-02-26 22:47:26', 'PETRI FORTUNATO', 0);

INSERT INTO `swimmers` (`id`, `last_name`, `first_name`, `year_of_birth`, `phone_mobile`, `phone_number`, `e_mail`, `nickname`, `associated_user_id`, `gender_type_id`, `user_id`, `created_at`, `updated_at`, `complete_name`, `is_year_guessed`)
  VALUES (17047, 'PISONI', 'FRANZ', 1948, NULL, NULL, NULL, '', NULL, 1, 1, '2015-02-26 22:47:26', '2015-02-26 22:47:26', 'PISONI FRANZ', 0);

INSERT INTO `swimmers` (`id`, `last_name`, `first_name`, `year_of_birth`, `phone_mobile`, `phone_number`, `e_mail`, `nickname`, `associated_user_id`, `gender_type_id`, `user_id`, `created_at`, `updated_at`, `complete_name`, `is_year_guessed`)
  VALUES (17048, 'POZZI', 'SABRINA', 1970, NULL, NULL, NULL, '', NULL, 2, 1, '2015-02-26 22:47:26', '2015-02-26 22:47:26', 'POZZI SABRINA', 0);

INSERT INTO `swimmers` (`id`, `last_name`, `first_name`, `year_of_birth`, `phone_mobile`, `phone_number`, `e_mail`, `nickname`, `associated_user_id`, `gender_type_id`, `user_id`, `created_at`, `updated_at`, `complete_name`, `is_year_guessed`)
  VALUES (17049, 'PRACKWIESER', 'MARKUS', 1968, NULL, NULL, NULL, '', NULL, 1, 1, '2015-02-26 22:47:26', '2015-02-26 22:47:26', 'PRACKWIESER MARKUS', 0);

INSERT INTO `swimmers` (`id`, `last_name`, `first_name`, `year_of_birth`, `phone_mobile`, `phone_number`, `e_mail`, `nickname`, `associated_user_id`, `gender_type_id`, `user_id`, `created_at`, `updated_at`, `complete_name`, `is_year_guessed`)
  VALUES (17050, 'ROPELATO', 'MARCO', 1975, NULL, NULL, NULL, '', NULL, 1, 1, '2015-02-26 22:47:26', '2015-02-26 22:47:26', 'ROPELATO MARCO', 0);

INSERT INTO `swimmers` (`id`, `last_name`, `first_name`, `year_of_birth`, `phone_mobile`, `phone_number`, `e_mail`, `nickname`, `associated_user_id`, `gender_type_id`, `user_id`, `created_at`, `updated_at`, `complete_name`, `is_year_guessed`)
  VALUES (17051, 'SALIZZONI', 'MASSIMO', 1979, NULL, NULL, NULL, '', NULL, 1, 1, '2015-02-26 22:47:26', '2015-02-26 22:47:26', 'SALIZZONI MASSIMO', 0);

INSERT INTO `swimmers` (`id`, `last_name`, `first_name`, `year_of_birth`, `phone_mobile`, `phone_number`, `e_mail`, `nickname`, `associated_user_id`, `gender_type_id`, `user_id`, `created_at`, `updated_at`, `complete_name`, `is_year_guessed`)
  VALUES (17052, 'SARRA', 'LUCIANO', 1965, NULL, NULL, NULL, '', NULL, 1, 1, '2015-02-26 22:47:26', '2015-02-26 22:47:26', 'SARRA LUCIANO', 0);

INSERT INTO `swimmers` (`id`, `last_name`, `first_name`, `year_of_birth`, `phone_mobile`, `phone_number`, `e_mail`, `nickname`, `associated_user_id`, `gender_type_id`, `user_id`, `created_at`, `updated_at`, `complete_name`, `is_year_guessed`)
  VALUES (17053, 'TAMANINI', 'MIRKO', 1974, NULL, NULL, NULL, '', NULL, 1, 1, '2015-02-26 22:47:26', '2015-02-26 22:47:26', 'TAMANINI MIRKO', 0);

INSERT INTO `swimmers` (`id`, `last_name`, `first_name`, `year_of_birth`, `phone_mobile`, `phone_number`, `e_mail`, `nickname`, `associated_user_id`, `gender_type_id`, `user_id`, `created_at`, `updated_at`, `complete_name`, `is_year_guessed`)
  VALUES (17054, 'TOVAZZI', 'STEFANIA', 1988, NULL, NULL, NULL, '', NULL, 2, 1, '2015-02-26 22:47:26', '2015-02-26 22:47:26', 'TOVAZZI STEFANIA', 0);

INSERT INTO `swimmers` (`id`, `last_name`, `first_name`, `year_of_birth`, `phone_mobile`, `phone_number`, `e_mail`, `nickname`, `associated_user_id`, `gender_type_id`, `user_id`, `created_at`, `updated_at`, `complete_name`, `is_year_guessed`)
  VALUES (17055, 'TRENTINI', 'CHRISTIAN', 1984, NULL, NULL, NULL, '', NULL, 1, 1, '2015-02-26 22:47:26', '2015-02-26 22:47:26', 'TRENTINI CHRISTIAN', 0);

INSERT INTO `swimmers` (`id`, `last_name`, `first_name`, `year_of_birth`, `phone_mobile`, `phone_number`, `e_mail`, `nickname`, `associated_user_id`, `gender_type_id`, `user_id`, `created_at`, `updated_at`, `complete_name`, `is_year_guessed`)
  VALUES (17056, 'USSAGGI', 'GIORGIA', 1993, NULL, NULL, NULL, '', NULL, 2, 1, '2015-02-26 22:47:26', '2015-02-26 22:47:26', 'USSAGGI GIORGIA', 0);

INSERT INTO `swimmers` (`id`, `last_name`, `first_name`, `year_of_birth`, `phone_mobile`, `phone_number`, `e_mail`, `nickname`, `associated_user_id`, `gender_type_id`, `user_id`, `created_at`, `updated_at`, `complete_name`, `is_year_guessed`)
  VALUES (17057, 'VERONESI', 'CHIARA', 1977, NULL, NULL, NULL, '', NULL, 2, 1, '2015-02-26 22:47:26', '2015-02-26 22:47:26', 'VERONESI CHIARA', 0);

INSERT INTO `swimmers` (`id`, `last_name`, `first_name`, `year_of_birth`, `phone_mobile`, `phone_number`, `e_mail`, `nickname`, `associated_user_id`, `gender_type_id`, `user_id`, `created_at`, `updated_at`, `complete_name`, `is_year_guessed`)
  VALUES (17058, 'ZANELLA', 'ANDREA', 1971, NULL, NULL, NULL, '', NULL, 1, 1, '2015-02-26 22:47:26', '2015-02-26 22:47:26', 'ZANELLA ANDREA', 0);

INSERT INTO `swimmers` (`id`, `last_name`, `first_name`, `year_of_birth`, `phone_mobile`, `phone_number`, `e_mail`, `nickname`, `associated_user_id`, `gender_type_id`, `user_id`, `created_at`, `updated_at`, `complete_name`, `is_year_guessed`)
  VALUES (17059, 'DECCHINO', 'LORENZO', 1980, NULL, NULL, NULL, '', NULL, 1, 1, '2015-02-26 22:47:27', '2015-02-26 22:47:27', 'DECCHINO LORENZO', 0);

INSERT INTO `badges` (`id`, `number`, `season_id`, `swimmer_id`, `team_id`, `category_type_id`, `user_id`, `created_at`, `updated_at`, `entry_time_type_id`, `team_affiliation_id`)
  VALUES (20820, '?', 132, 17026, 309, 702, 1, '2015-02-26 22:47:27', '2015-02-26 22:47:27', 5, 526);

INSERT INTO `badges` (`id`, `number`, `season_id`, `swimmer_id`, `team_id`, `category_type_id`, `user_id`, `created_at`, `updated_at`, `entry_time_type_id`, `team_affiliation_id`)
  VALUES (20821, '?', 132, 17023, 168, 694, 1, '2015-02-26 22:47:27', '2015-02-26 22:47:27', 5, 363);

INSERT INTO `badges` (`id`, `number`, `season_id`, `swimmer_id`, `team_id`, `category_type_id`, `user_id`, `created_at`, `updated_at`, `entry_time_type_id`, `team_affiliation_id`)
  VALUES (20822, '?', 132, 17054, 102, 694, 1, '2015-02-26 22:47:27', '2015-02-26 22:47:27', 5, 295);

INSERT INTO `badges` (`id`, `number`, `season_id`, `swimmer_id`, `team_id`, `category_type_id`, `user_id`, `created_at`, `updated_at`, `entry_time_type_id`, `team_affiliation_id`)
  VALUES (20823, '?', 132, 17027, 364, 694, 1, '2015-02-26 22:47:27', '2015-02-26 22:47:27', 5, 583);

INSERT INTO `badges` (`id`, `number`, `season_id`, `swimmer_id`, `team_id`, `category_type_id`, `user_id`, `created_at`, `updated_at`, `entry_time_type_id`, `team_affiliation_id`)
  VALUES (20824, '?', 132, 17028, 114, 694, 1, '2015-02-26 22:47:27', '2015-02-26 22:47:27', 5, 307);

INSERT INTO `badges` (`id`, `number`, `season_id`, `swimmer_id`, `team_id`, `category_type_id`, `user_id`, `created_at`, `updated_at`, `entry_time_type_id`, `team_affiliation_id`)
  VALUES (20825, '?', 132, 17041, 168, 693, 1, '2015-02-26 22:47:27', '2015-02-26 22:47:27', 5, 363);

INSERT INTO `badges` (`id`, `number`, `season_id`, `swimmer_id`, `team_id`, `category_type_id`, `user_id`, `created_at`, `updated_at`, `entry_time_type_id`, `team_affiliation_id`)
  VALUES (20826, '?', 132, 17039, 307, 693, 1, '2015-02-26 22:47:28', '2015-02-26 22:47:28', 5, 524);

INSERT INTO `badges` (`id`, `number`, `season_id`, `swimmer_id`, `team_id`, `category_type_id`, `user_id`, `created_at`, `updated_at`, `entry_time_type_id`, `team_affiliation_id`)
  VALUES (20827, '?', 132, 17033, 162, 694, 1, '2015-02-26 22:47:28', '2015-02-26 22:47:28', 5, 357);

INSERT INTO `badges` (`id`, `number`, `season_id`, `swimmer_id`, `team_id`, `category_type_id`, `user_id`, `created_at`, `updated_at`, `entry_time_type_id`, `team_affiliation_id`)
  VALUES (20828, '?', 132, 17031, 451, 694, 1, '2015-02-26 22:47:28', '2015-02-26 22:47:28', 5, 671);

INSERT INTO `badges` (`id`, `number`, `season_id`, `swimmer_id`, `team_id`, `category_type_id`, `user_id`, `created_at`, `updated_at`, `entry_time_type_id`, `team_affiliation_id`)
  VALUES (20829, '?', 132, 17055, 364, 695, 1, '2015-02-26 22:47:28', '2015-02-26 22:47:28', 5, 583);

INSERT INTO `badges` (`id`, `number`, `season_id`, `swimmer_id`, `team_id`, `category_type_id`, `user_id`, `created_at`, `updated_at`, `entry_time_type_id`, `team_affiliation_id`)
  VALUES (20830, '?', 132, 17051, 102, 696, 1, '2015-02-26 22:47:28', '2015-02-26 22:47:28', 5, 295);

INSERT INTO `badges` (`id`, `number`, `season_id`, `swimmer_id`, `team_id`, `category_type_id`, `user_id`, `created_at`, `updated_at`, `entry_time_type_id`, `team_affiliation_id`)
  VALUES (20831, '?', 132, 17050, 466, 696, 1, '2015-02-26 22:47:28', '2015-02-26 22:47:28', 5, 686);

INSERT INTO `badges` (`id`, `number`, `season_id`, `swimmer_id`, `team_id`, `category_type_id`, `user_id`, `created_at`, `updated_at`, `entry_time_type_id`, `team_affiliation_id`)
  VALUES (20832, '?', 132, 17034, 309, 697, 1, '2015-02-26 22:47:28', '2015-02-26 22:47:28', 5, 526);

INSERT INTO `badges` (`id`, `number`, `season_id`, `swimmer_id`, `team_id`, `category_type_id`, `user_id`, `created_at`, `updated_at`, `entry_time_type_id`, `team_affiliation_id`)
  VALUES (20833, '?', 132, 17018, 309, 697, 1, '2015-02-26 22:47:29', '2015-02-26 22:47:29', 5, 526);

INSERT INTO `badges` (`id`, `number`, `season_id`, `swimmer_id`, `team_id`, `category_type_id`, `user_id`, `created_at`, `updated_at`, `entry_time_type_id`, `team_affiliation_id`)
  VALUES (20834, '?', 132, 17025, 172, 697, 1, '2015-02-26 22:47:29', '2015-02-26 22:47:29', 5, 367);

INSERT INTO `badges` (`id`, `number`, `season_id`, `swimmer_id`, `team_id`, `category_type_id`, `user_id`, `created_at`, `updated_at`, `entry_time_type_id`, `team_affiliation_id`)
  VALUES (20835, '?', 132, 17017, 307, 693, 1, '2015-02-26 22:47:29', '2015-02-26 22:47:29', 5, 524);

INSERT INTO `badges` (`id`, `number`, `season_id`, `swimmer_id`, `team_id`, `category_type_id`, `user_id`, `created_at`, `updated_at`, `entry_time_type_id`, `team_affiliation_id`)
  VALUES (20836, '?', 132, 17036, 173, 693, 1, '2015-02-26 22:47:29', '2015-02-26 22:47:29', 5, 368);

INSERT INTO `badges` (`id`, `number`, `season_id`, `swimmer_id`, `team_id`, `category_type_id`, `user_id`, `created_at`, `updated_at`, `entry_time_type_id`, `team_affiliation_id`)
  VALUES (20837, '?', 132, 17059, 518, 695, 1, '2015-02-26 22:47:29', '2015-02-26 22:47:29', 5, 738);

INSERT INTO `badges` (`id`, `number`, `season_id`, `swimmer_id`, `team_id`, `category_type_id`, `user_id`, `created_at`, `updated_at`, `entry_time_type_id`, `team_affiliation_id`)
  VALUES (20838, '?', 132, 17040, 466, 695, 1, '2015-02-26 22:47:29', '2015-02-26 22:47:29', 5, 686);

INSERT INTO `badges` (`id`, `number`, `season_id`, `swimmer_id`, `team_id`, `category_type_id`, `user_id`, `created_at`, `updated_at`, `entry_time_type_id`, `team_affiliation_id`)
  VALUES (20839, '?', 132, 17030, 102, 693, 1, '2015-02-26 22:47:29', '2015-02-26 22:47:29', 5, 295);

INSERT INTO `badges` (`id`, `number`, `season_id`, `swimmer_id`, `team_id`, `category_type_id`, `user_id`, `created_at`, `updated_at`, `entry_time_type_id`, `team_affiliation_id`)
  VALUES (20840, '?', 132, 17038, 699, 694, 1, '2015-02-26 22:47:29', '2015-02-26 22:47:29', 5, 919);

INSERT INTO `badges` (`id`, `number`, `season_id`, `swimmer_id`, `team_id`, `category_type_id`, `user_id`, `created_at`, `updated_at`, `entry_time_type_id`, `team_affiliation_id`)
  VALUES (20841, '?', 132, 17049, 469, 698, 1, '2015-02-26 22:47:29', '2015-02-26 22:47:29', 5, 689);

INSERT INTO `badges` (`id`, `number`, `season_id`, `swimmer_id`, `team_id`, `category_type_id`, `user_id`, `created_at`, `updated_at`, `entry_time_type_id`, `team_affiliation_id`)
  VALUES (20842, '?', 132, 17024, 364, 698, 1, '2015-02-26 22:47:30', '2015-02-26 22:47:30', 5, 583);

INSERT INTO `badges` (`id`, `number`, `season_id`, `swimmer_id`, `team_id`, `category_type_id`, `user_id`, `created_at`, `updated_at`, `entry_time_type_id`, `team_affiliation_id`)
  VALUES (20843, '?', 132, 17043, 114, 693, 1, '2015-02-26 22:47:30', '2015-02-26 22:47:30', 5, 307);

INSERT INTO `badges` (`id`, `number`, `season_id`, `swimmer_id`, `team_id`, `category_type_id`, `user_id`, `created_at`, `updated_at`, `entry_time_type_id`, `team_affiliation_id`)
  VALUES (20844, '?', 132, 17032, 466, 695, 1, '2015-02-26 22:47:30', '2015-02-26 22:47:30', 5, 686);

INSERT INTO `badges` (`id`, `number`, `season_id`, `swimmer_id`, `team_id`, `category_type_id`, `user_id`, `created_at`, `updated_at`, `entry_time_type_id`, `team_affiliation_id`)
  VALUES (20845, '?', 132, 17022, 364, 695, 1, '2015-02-26 22:47:30', '2015-02-26 22:47:30', 5, 583);

INSERT INTO `badges` (`id`, `number`, `season_id`, `swimmer_id`, `team_id`, `category_type_id`, `user_id`, `created_at`, `updated_at`, `entry_time_type_id`, `team_affiliation_id`)
  VALUES (20846, '?', 132, 17057, 364, 696, 1, '2015-02-26 22:47:30', '2015-02-26 22:47:30', 5, 583);

INSERT INTO `badges` (`id`, `number`, `season_id`, `swimmer_id`, `team_id`, `category_type_id`, `user_id`, `created_at`, `updated_at`, `entry_time_type_id`, `team_affiliation_id`)
  VALUES (20847, '?', 132, 17056, 420, 693, 1, '2015-02-26 22:47:30', '2015-02-26 22:47:30', 5, 640);

INSERT INTO `badges` (`id`, `number`, `season_id`, `swimmer_id`, `team_id`, `category_type_id`, `user_id`, `created_at`, `updated_at`, `entry_time_type_id`, `team_affiliation_id`)
  VALUES (20848, '?', 132, 17046, 364, 698, 1, '2015-02-26 22:47:30', '2015-02-26 22:47:30', 5, 583);

INSERT INTO `badges` (`id`, `number`, `season_id`, `swimmer_id`, `team_id`, `category_type_id`, `user_id`, `created_at`, `updated_at`, `entry_time_type_id`, `team_affiliation_id`)
  VALUES (20849, '?', 132, 17037, 466, 696, 1, '2015-02-26 22:47:30', '2015-02-26 22:47:30', 5, 686);

INSERT INTO `badges` (`id`, `number`, `season_id`, `swimmer_id`, `team_id`, `category_type_id`, `user_id`, `created_at`, `updated_at`, `entry_time_type_id`, `team_affiliation_id`)
  VALUES (20850, '?', 132, 17020, 173, 697, 1, '2015-02-26 22:47:30', '2015-02-26 22:47:30', 5, 368);

INSERT INTO `badges` (`id`, `number`, `season_id`, `swimmer_id`, `team_id`, `category_type_id`, `user_id`, `created_at`, `updated_at`, `entry_time_type_id`, `team_affiliation_id`)
  VALUES (20851, '?', 132, 17053, 364, 697, 1, '2015-02-26 22:47:30', '2015-02-26 22:47:30', 5, 583);

INSERT INTO `badges` (`id`, `number`, `season_id`, `swimmer_id`, `team_id`, `category_type_id`, `user_id`, `created_at`, `updated_at`, `entry_time_type_id`, `team_affiliation_id`)
  VALUES (20852, '?', 132, 17058, 364, 697, 1, '2015-02-26 22:47:31', '2015-02-26 22:47:31', 5, 583);

INSERT INTO `badges` (`id`, `number`, `season_id`, `swimmer_id`, `team_id`, `category_type_id`, `user_id`, `created_at`, `updated_at`, `entry_time_type_id`, `team_affiliation_id`)
  VALUES (20853, '?', 132, 17029, 364, 697, 1, '2015-02-26 22:47:31', '2015-02-26 22:47:31', 5, 583);

INSERT INTO `badges` (`id`, `number`, `season_id`, `swimmer_id`, `team_id`, `category_type_id`, `user_id`, `created_at`, `updated_at`, `entry_time_type_id`, `team_affiliation_id`)
  VALUES (20854, '?', 132, 17052, 364, 698, 1, '2015-02-26 22:47:31', '2015-02-26 22:47:31', 5, 583);

INSERT INTO `badges` (`id`, `number`, `season_id`, `swimmer_id`, `team_id`, `category_type_id`, `user_id`, `created_at`, `updated_at`, `entry_time_type_id`, `team_affiliation_id`)
  VALUES (20855, '?', 132, 17044, 102, 694, 1, '2015-02-26 22:47:31', '2015-02-26 22:47:31', 5, 295);

INSERT INTO `badges` (`id`, `number`, `season_id`, `swimmer_id`, `team_id`, `category_type_id`, `user_id`, `created_at`, `updated_at`, `entry_time_type_id`, `team_affiliation_id`)
  VALUES (20856, '?', 132, 17042, 466, 697, 1, '2015-02-26 22:47:31', '2015-02-26 22:47:31', 5, 686);

INSERT INTO `badges` (`id`, `number`, `season_id`, `swimmer_id`, `team_id`, `category_type_id`, `user_id`, `created_at`, `updated_at`, `entry_time_type_id`, `team_affiliation_id`)
  VALUES (20857, '?', 132, 17035, 102, 696, 1, '2015-02-26 22:47:31', '2015-02-26 22:47:31', 5, 295);

INSERT INTO `badges` (`id`, `number`, `season_id`, `swimmer_id`, `team_id`, `category_type_id`, `user_id`, `created_at`, `updated_at`, `entry_time_type_id`, `team_affiliation_id`)
  VALUES (20858, '?', 132, 17048, 102, 697, 1, '2015-02-26 22:47:32', '2015-02-26 22:47:32', 5, 295);

INSERT INTO `badges` (`id`, `number`, `season_id`, `swimmer_id`, `team_id`, `category_type_id`, `user_id`, `created_at`, `updated_at`, `entry_time_type_id`, `team_affiliation_id`)
  VALUES (20859, '?', 132, 17045, 173, 694, 1, '2015-02-26 22:47:32', '2015-02-26 22:47:32', 5, 368);

INSERT INTO `badges` (`id`, `number`, `season_id`, `swimmer_id`, `team_id`, `category_type_id`, `user_id`, `created_at`, `updated_at`, `entry_time_type_id`, `team_affiliation_id`)
  VALUES (20860, '?', 132, 17021, 102, 697, 1, '2015-02-26 22:47:32', '2015-02-26 22:47:32', 5, 295);

INSERT INTO `badges` (`id`, `number`, `season_id`, `swimmer_id`, `team_id`, `category_type_id`, `user_id`, `created_at`, `updated_at`, `entry_time_type_id`, `team_affiliation_id`)
  VALUES (20861, '?', 132, 17019, 71, 700, 1, '2015-02-26 22:47:32', '2015-02-26 22:47:32', 5, 264);

INSERT INTO `badges` (`id`, `number`, `season_id`, `swimmer_id`, `team_id`, `category_type_id`, `user_id`, `created_at`, `updated_at`, `entry_time_type_id`, `team_affiliation_id`)
  VALUES (20862, '?', 132, 17047, 467, 702, 1, '2015-02-26 22:47:32', '2015-02-26 22:47:32', 5, 687);

INSERT INTO `meeting_individual_results` (`id`, `rank`, `is_play_off`, `is_out_of_race`, `is_disqualified`, `standard_points`, `meeting_individual_points`, `minutes`, `seconds`, `hundreds`, `meeting_program_id`, `swimmer_id`, `team_id`, `badge_id`, `user_id`, `created_at`, `updated_at`, `disqualification_code_type_id`, `goggle_cup_points`, `reaction_time`, `team_points`, `team_affiliation_id`)
  VALUES (178659, 1, 1, 0, 0, 868.96, 868.96, 1, 12, 88, 19482, 992, 42, 8453, 1, '2015-02-26 22:47:33', '2015-02-26 22:47:33', NULL, 0.0, 0.0, 0.0, 235);

INSERT INTO `meeting_individual_results` (`id`, `rank`, `is_play_off`, `is_out_of_race`, `is_disqualified`, `standard_points`, `meeting_individual_points`, `minutes`, `seconds`, `hundreds`, `meeting_program_id`, `swimmer_id`, `team_id`, `badge_id`, `user_id`, `created_at`, `updated_at`, `disqualification_code_type_id`, `goggle_cup_points`, `reaction_time`, `team_points`, `team_affiliation_id`)
  VALUES (178660, 1, 1, 0, 0, 782.47, 782.47, 1, 21, 0, 19483, 3071, 172, 6287, 1, '2015-02-26 22:47:33', '2015-02-26 22:47:33', NULL, 0.0, 0.0, 0.0, 367);

INSERT INTO `meeting_individual_results` (`id`, `rank`, `is_play_off`, `is_out_of_race`, `is_disqualified`, `standard_points`, `meeting_individual_points`, `minutes`, `seconds`, `hundreds`, `meeting_program_id`, `swimmer_id`, `team_id`, `badge_id`, `user_id`, `created_at`, `updated_at`, `disqualification_code_type_id`, `goggle_cup_points`, `reaction_time`, `team_points`, `team_affiliation_id`)
  VALUES (178661, 2, 1, 0, 0, 781.31, 781.31, 1, 21, 12, 19483, 8570, 71, 12178, 1, '2015-02-26 22:47:33', '2015-02-26 22:47:33', NULL, 0.0, 0.0, 0.0, 264);

INSERT INTO `meeting_individual_results` (`id`, `rank`, `is_play_off`, `is_out_of_race`, `is_disqualified`, `standard_points`, `meeting_individual_points`, `minutes`, `seconds`, `hundreds`, `meeting_program_id`, `swimmer_id`, `team_id`, `badge_id`, `user_id`, `created_at`, `updated_at`, `disqualification_code_type_id`, `goggle_cup_points`, `reaction_time`, `team_points`, `team_affiliation_id`)
  VALUES (178662, 3, 1, 0, 0, 596.12, 596.12, 1, 46, 32, 19483, 8461, 364, 12306, 1, '2015-02-26 22:47:34', '2015-02-26 22:47:34', NULL, 0.0, 0.0, 0.0, 583);

INSERT INTO `meeting_individual_results` (`id`, `rank`, `is_play_off`, `is_out_of_race`, `is_disqualified`, `standard_points`, `meeting_individual_points`, `minutes`, `seconds`, `hundreds`, `meeting_program_id`, `swimmer_id`, `team_id`, `badge_id`, `user_id`, `created_at`, `updated_at`, `disqualification_code_type_id`, `goggle_cup_points`, `reaction_time`, `team_points`, `team_affiliation_id`)
  VALUES (178663, 1, 1, 0, 0, 649.32, 649.32, 1, 39, 75, 19484, 12674, 361, 16385, 1, '2015-02-26 22:47:34', '2015-02-26 22:47:34', NULL, 0.0, 0.0, 0.0, 578);

INSERT INTO `meeting_individual_results` (`id`, `rank`, `is_play_off`, `is_out_of_race`, `is_disqualified`, `standard_points`, `meeting_individual_points`, `minutes`, `seconds`, `hundreds`, `meeting_program_id`, `swimmer_id`, `team_id`, `badge_id`, `user_id`, `created_at`, `updated_at`, `disqualification_code_type_id`, `goggle_cup_points`, `reaction_time`, `team_points`, `team_affiliation_id`)
  VALUES (178664, 1, 1, 0, 0, 781.32, 781.32, 1, 24, 60, 19485, 2948, 172, 6161, 1, '2015-02-26 22:47:34', '2015-02-26 22:47:34', NULL, 0.0, 0.0, 0.0, 367);

INSERT INTO `meeting_individual_results` (`id`, `rank`, `is_play_off`, `is_out_of_race`, `is_disqualified`, `standard_points`, `meeting_individual_points`, `minutes`, `seconds`, `hundreds`, `meeting_program_id`, `swimmer_id`, `team_id`, `badge_id`, `user_id`, `created_at`, `updated_at`, `disqualification_code_type_id`, `goggle_cup_points`, `reaction_time`, `team_points`, `team_affiliation_id`)
  VALUES (178665, 2, 1, 0, 0, 716.76, 716.76, 1, 32, 22, 19485, 5860, 309, 9511, 1, '2015-02-26 22:47:35', '2015-02-26 22:47:35', NULL, 0.0, 0.0, 0.0, 526);

INSERT INTO `meeting_individual_results` (`id`, `rank`, `is_play_off`, `is_out_of_race`, `is_disqualified`, `standard_points`, `meeting_individual_points`, `minutes`, `seconds`, `hundreds`, `meeting_program_id`, `swimmer_id`, `team_id`, `badge_id`, `user_id`, `created_at`, `updated_at`, `disqualification_code_type_id`, `goggle_cup_points`, `reaction_time`, `team_points`, `team_affiliation_id`)
  VALUES (178666, 3, 1, 0, 0, 632.29, 632.29, 1, 44, 54, 19485, 3079, 172, 6295, 1, '2015-02-26 22:47:35', '2015-02-26 22:47:35', NULL, 0.0, 0.0, 0.0, 367);

INSERT INTO `meeting_individual_results` (`id`, `rank`, `is_play_off`, `is_out_of_race`, `is_disqualified`, `standard_points`, `meeting_individual_points`, `minutes`, `seconds`, `hundreds`, `meeting_program_id`, `swimmer_id`, `team_id`, `badge_id`, `user_id`, `created_at`, `updated_at`, `disqualification_code_type_id`, `goggle_cup_points`, `reaction_time`, `team_points`, `team_affiliation_id`)
  VALUES (178667, 4, 1, 0, 0, 580.23, 580.23, 1, 53, 92, 19485, 8596, 466, 12182, 1, '2015-02-26 22:47:35', '2015-02-26 22:47:35', NULL, 0.0, 0.0, 0.0, 686);

INSERT INTO `meeting_individual_results` (`id`, `rank`, `is_play_off`, `is_out_of_race`, `is_disqualified`, `standard_points`, `meeting_individual_points`, `minutes`, `seconds`, `hundreds`, `meeting_program_id`, `swimmer_id`, `team_id`, `badge_id`, `user_id`, `created_at`, `updated_at`, `disqualification_code_type_id`, `goggle_cup_points`, `reaction_time`, `team_points`, `team_affiliation_id`)
  VALUES (178668, 1, 1, 0, 0, 734.96, 734.96, 1, 36, 74, 19486, 839, 67, 9035, 1, '2015-02-26 22:47:36', '2015-02-26 22:47:36', NULL, 0.0, 0.0, 0.0, 260);

INSERT INTO `meeting_individual_results` (`id`, `rank`, `is_play_off`, `is_out_of_race`, `is_disqualified`, `standard_points`, `meeting_individual_points`, `minutes`, `seconds`, `hundreds`, `meeting_program_id`, `swimmer_id`, `team_id`, `badge_id`, `user_id`, `created_at`, `updated_at`, `disqualification_code_type_id`, `goggle_cup_points`, `reaction_time`, `team_points`, `team_affiliation_id`)
  VALUES (178669, 1, 1, 0, 0, 629.0, 629.0, 3, 0, 46, 19487, 8446, 102, 12190, 1, '2015-02-26 22:47:36', '2015-02-26 22:47:36', NULL, 0.0, 0.0, 0.0, 295);

INSERT INTO `meeting_individual_results` (`id`, `rank`, `is_play_off`, `is_out_of_race`, `is_disqualified`, `standard_points`, `meeting_individual_points`, `minutes`, `seconds`, `hundreds`, `meeting_program_id`, `swimmer_id`, `team_id`, `badge_id`, `user_id`, `created_at`, `updated_at`, `disqualification_code_type_id`, `goggle_cup_points`, `reaction_time`, `team_points`, `team_affiliation_id`)
  VALUES (178670, 1, 1, 0, 0, 0.0, 0.0, 1, 10, 27, 19488, 5520, 307, 8652, 1, '2015-02-26 22:47:37', '2015-02-26 22:47:37', NULL, 0.0, 0.0, 0.0, 524);

INSERT INTO `meeting_individual_results` (`id`, `rank`, `is_play_off`, `is_out_of_race`, `is_disqualified`, `standard_points`, `meeting_individual_points`, `minutes`, `seconds`, `hundreds`, `meeting_program_id`, `swimmer_id`, `team_id`, `badge_id`, `user_id`, `created_at`, `updated_at`, `disqualification_code_type_id`, `goggle_cup_points`, `reaction_time`, `team_points`, `team_affiliation_id`)
  VALUES (178671, 2, 1, 0, 0, 0.0, 0.0, 1, 15, 75, 19488, 14193, 172, 18026, 1, '2015-02-26 22:47:37', '2015-02-26 22:47:37', NULL, 0.0, 0.0, 0.0, 367);

INSERT INTO `meeting_individual_results` (`id`, `rank`, `is_play_off`, `is_out_of_race`, `is_disqualified`, `standard_points`, `meeting_individual_points`, `minutes`, `seconds`, `hundreds`, `meeting_program_id`, `swimmer_id`, `team_id`, `badge_id`, `user_id`, `created_at`, `updated_at`, `disqualification_code_type_id`, `goggle_cup_points`, `reaction_time`, `team_points`, `team_affiliation_id`)
  VALUES (178672, 3, 1, 0, 0, 0.0, 0.0, 1, 17, 82, 19488, 14121, 168, 17949, 1, '2015-02-26 22:47:37', '2015-02-26 22:47:37', NULL, 0.0, 0.0, 0.0, 363);

INSERT INTO `meeting_individual_results` (`id`, `rank`, `is_play_off`, `is_out_of_race`, `is_disqualified`, `standard_points`, `meeting_individual_points`, `minutes`, `seconds`, `hundreds`, `meeting_program_id`, `swimmer_id`, `team_id`, `badge_id`, `user_id`, `created_at`, `updated_at`, `disqualification_code_type_id`, `goggle_cup_points`, `reaction_time`, `team_points`, `team_affiliation_id`)
  VALUES (178673, 4, 1, 0, 0, 0.0, 0.0, 1, 27, 23, 19488, 8586, 466, 12236, 1, '2015-02-26 22:47:37', '2015-02-26 22:47:37', NULL, 0.0, 0.0, 0.0, 686);

INSERT INTO `meeting_individual_results` (`id`, `rank`, `is_play_off`, `is_out_of_race`, `is_disqualified`, `standard_points`, `meeting_individual_points`, `minutes`, `seconds`, `hundreds`, `meeting_program_id`, `swimmer_id`, `team_id`, `badge_id`, `user_id`, `created_at`, `updated_at`, `disqualification_code_type_id`, `goggle_cup_points`, `reaction_time`, `team_points`, `team_affiliation_id`)
  VALUES (178674, 1, 1, 0, 0, 932.21, 932.21, 0, 59, 30, 19489, 10448, 516, 14164, 1, '2015-02-26 22:47:37', '2015-02-26 22:47:37', NULL, 0.0, 0.0, 0.0, 736);

INSERT INTO `meeting_individual_results` (`id`, `rank`, `is_play_off`, `is_out_of_race`, `is_disqualified`, `standard_points`, `meeting_individual_points`, `minutes`, `seconds`, `hundreds`, `meeting_program_id`, `swimmer_id`, `team_id`, `badge_id`, `user_id`, `created_at`, `updated_at`, `disqualification_code_type_id`, `goggle_cup_points`, `reaction_time`, `team_points`, `team_affiliation_id`)
  VALUES (178675, 2, 1, 0, 0, 791.64, 791.64, 1, 9, 83, 19489, 16294, 364, 20070, 1, '2015-02-26 22:47:38', '2015-02-26 22:47:38', NULL, 0.0, 0.0, 0.0, 583);

INSERT INTO `meeting_individual_results` (`id`, `rank`, `is_play_off`, `is_out_of_race`, `is_disqualified`, `standard_points`, `meeting_individual_points`, `minutes`, `seconds`, `hundreds`, `meeting_program_id`, `swimmer_id`, `team_id`, `badge_id`, `user_id`, `created_at`, `updated_at`, `disqualification_code_type_id`, `goggle_cup_points`, `reaction_time`, `team_points`, `team_affiliation_id`)
  VALUES (178676, 3, 1, 0, 0, 780.9, 780.9, 1, 10, 79, 19489, 2357, 74, 5557, 1, '2015-02-26 22:47:38', '2015-02-26 22:47:38', NULL, 0.0, 0.0, 0.0, 267);

INSERT INTO `meeting_individual_results` (`id`, `rank`, `is_play_off`, `is_out_of_race`, `is_disqualified`, `standard_points`, `meeting_individual_points`, `minutes`, `seconds`, `hundreds`, `meeting_program_id`, `swimmer_id`, `team_id`, `badge_id`, `user_id`, `created_at`, `updated_at`, `disqualification_code_type_id`, `goggle_cup_points`, `reaction_time`, `team_points`, `team_affiliation_id`)
  VALUES (178677, 1, 1, 0, 0, 708.77, 708.77, 1, 18, 94, 19490, 5693, 333, 9489, 1, '2015-02-26 22:47:38', '2015-02-26 22:47:38', NULL, 0.0, 0.0, 0.0, 550);

INSERT INTO `meeting_individual_results` (`id`, `rank`, `is_play_off`, `is_out_of_race`, `is_disqualified`, `standard_points`, `meeting_individual_points`, `minutes`, `seconds`, `hundreds`, `meeting_program_id`, `swimmer_id`, `team_id`, `badge_id`, `user_id`, `created_at`, `updated_at`, `disqualification_code_type_id`, `goggle_cup_points`, `reaction_time`, `team_points`, `team_affiliation_id`)
  VALUES (178678, 2, 1, 0, 0, 677.69, 677.69, 1, 22, 56, 19490, 12635, 557, 16390, 1, '2015-02-26 22:47:38', '2015-02-26 22:47:38', NULL, 0.0, 0.0, 0.0, 777);

INSERT INTO `meeting_individual_results` (`id`, `rank`, `is_play_off`, `is_out_of_race`, `is_disqualified`, `standard_points`, `meeting_individual_points`, `minutes`, `seconds`, `hundreds`, `meeting_program_id`, `swimmer_id`, `team_id`, `badge_id`, `user_id`, `created_at`, `updated_at`, `disqualification_code_type_id`, `goggle_cup_points`, `reaction_time`, `team_points`, `team_affiliation_id`)
  VALUES (178679, 1, 1, 0, 0, 894.63, 894.63, 1, 4, 25, 19491, 2989, 172, 6203, 1, '2015-02-26 22:47:38', '2015-02-26 22:47:38', NULL, 0.0, 0.0, 0.0, 367);

INSERT INTO `meeting_individual_results` (`id`, `rank`, `is_play_off`, `is_out_of_race`, `is_disqualified`, `standard_points`, `meeting_individual_points`, `minutes`, `seconds`, `hundreds`, `meeting_program_id`, `swimmer_id`, `team_id`, `badge_id`, `user_id`, `created_at`, `updated_at`, `disqualification_code_type_id`, `goggle_cup_points`, `reaction_time`, `team_points`, `team_affiliation_id`)
  VALUES (178680, 2, 1, 0, 0, 624.58, 624.58, 1, 32, 3, 19491, 11348, 557, 15059, 1, '2015-02-26 22:47:38', '2015-02-26 22:47:38', NULL, 0.0, 0.0, 0.0, 777);

INSERT INTO `meeting_individual_results` (`id`, `rank`, `is_play_off`, `is_out_of_race`, `is_disqualified`, `standard_points`, `meeting_individual_points`, `minutes`, `seconds`, `hundreds`, `meeting_program_id`, `swimmer_id`, `team_id`, `badge_id`, `user_id`, `created_at`, `updated_at`, `disqualification_code_type_id`, `goggle_cup_points`, `reaction_time`, `team_points`, `team_affiliation_id`)
  VALUES (178681, 1, 1, 0, 0, 809.74, 809.74, 1, 11, 64, 19492, 12667, 364, 16447, 1, '2015-02-26 22:47:38', '2015-02-26 22:47:38', NULL, 0.0, 0.0, 0.0, 583);

INSERT INTO `meeting_individual_results` (`id`, `rank`, `is_play_off`, `is_out_of_race`, `is_disqualified`, `standard_points`, `meeting_individual_points`, `minutes`, `seconds`, `hundreds`, `meeting_program_id`, `swimmer_id`, `team_id`, `badge_id`, `user_id`, `created_at`, `updated_at`, `disqualification_code_type_id`, `goggle_cup_points`, `reaction_time`, `team_points`, `team_affiliation_id`)
  VALUES (178682, 2, 1, 0, 0, 738.79, 738.79, 1, 18, 52, 19492, 2240, 73, 5438, 1, '2015-02-26 22:47:39', '2015-02-26 22:47:39', NULL, 0.0, 0.0, 0.0, 266);

INSERT INTO `meeting_individual_results` (`id`, `rank`, `is_play_off`, `is_out_of_race`, `is_disqualified`, `standard_points`, `meeting_individual_points`, `minutes`, `seconds`, `hundreds`, `meeting_program_id`, `swimmer_id`, `team_id`, `badge_id`, `user_id`, `created_at`, `updated_at`, `disqualification_code_type_id`, `goggle_cup_points`, `reaction_time`, `team_points`, `team_affiliation_id`)
  VALUES (178683, 3, 1, 0, 0, 708.74, 708.74, 1, 21, 85, 19492, 3271, 154, 6492, 1, '2015-02-26 22:47:39', '2015-02-26 22:47:39', NULL, 0.0, 0.0, 0.0, 349);

INSERT INTO `meeting_individual_results` (`id`, `rank`, `is_play_off`, `is_out_of_race`, `is_disqualified`, `standard_points`, `meeting_individual_points`, `minutes`, `seconds`, `hundreds`, `meeting_program_id`, `swimmer_id`, `team_id`, `badge_id`, `user_id`, `created_at`, `updated_at`, `disqualification_code_type_id`, `goggle_cup_points`, `reaction_time`, `team_points`, `team_affiliation_id`)
  VALUES (178684, 4, 1, 0, 0, 661.53, 661.53, 1, 27, 69, 19492, 8489, 102, 12404, 1, '2015-02-26 22:47:39', '2015-02-26 22:47:39', NULL, 0.0, 0.0, 0.0, 295);

INSERT INTO `meeting_individual_results` (`id`, `rank`, `is_play_off`, `is_out_of_race`, `is_disqualified`, `standard_points`, `meeting_individual_points`, `minutes`, `seconds`, `hundreds`, `meeting_program_id`, `swimmer_id`, `team_id`, `badge_id`, `user_id`, `created_at`, `updated_at`, `disqualification_code_type_id`, `goggle_cup_points`, `reaction_time`, `team_points`, `team_affiliation_id`)
  VALUES (178685, 5, 1, 0, 0, 610.82, 610.82, 1, 34, 97, 19492, 2195, 114, 5391, 1, '2015-02-26 22:47:39', '2015-02-26 22:47:39', NULL, 0.0, 0.0, 0.0, 307);

INSERT INTO `meeting_individual_results` (`id`, `rank`, `is_play_off`, `is_out_of_race`, `is_disqualified`, `standard_points`, `meeting_individual_points`, `minutes`, `seconds`, `hundreds`, `meeting_program_id`, `swimmer_id`, `team_id`, `badge_id`, `user_id`, `created_at`, `updated_at`, `disqualification_code_type_id`, `goggle_cup_points`, `reaction_time`, `team_points`, `team_affiliation_id`)
  VALUES (178686, 1, 1, 0, 0, 700.05, 700.05, 1, 24, 68, 19493, 11356, 518, 15095, 1, '2015-02-26 22:47:39', '2015-02-26 22:47:39', NULL, 0.0, 0.0, 0.0, 738);

INSERT INTO `meeting_individual_results` (`id`, `rank`, `is_play_off`, `is_out_of_race`, `is_disqualified`, `standard_points`, `meeting_individual_points`, `minutes`, `seconds`, `hundreds`, `meeting_program_id`, `swimmer_id`, `team_id`, `badge_id`, `user_id`, `created_at`, `updated_at`, `disqualification_code_type_id`, `goggle_cup_points`, `reaction_time`, `team_points`, `team_affiliation_id`)
  VALUES (178687, 2, 1, 0, 0, 603.42, 603.42, 1, 38, 24, 19493, 2198, 114, 5394, 1, '2015-02-26 22:47:40', '2015-02-26 22:47:40', NULL, 0.0, 0.0, 0.0, 307);

INSERT INTO `meeting_individual_results` (`id`, `rank`, `is_play_off`, `is_out_of_race`, `is_disqualified`, `standard_points`, `meeting_individual_points`, `minutes`, `seconds`, `hundreds`, `meeting_program_id`, `swimmer_id`, `team_id`, `badge_id`, `user_id`, `created_at`, `updated_at`, `disqualification_code_type_id`, `goggle_cup_points`, `reaction_time`, `team_points`, `team_affiliation_id`)
  VALUES (178688, 1, 1, 0, 0, 795.06, 795.06, 1, 17, 73, 19494, 8577, 450, 12199, 1, '2015-02-26 22:47:40', '2015-02-26 22:47:40', NULL, 0.0, 0.0, 0.0, 670);

INSERT INTO `meeting_individual_results` (`id`, `rank`, `is_play_off`, `is_out_of_race`, `is_disqualified`, `standard_points`, `meeting_individual_points`, `minutes`, `seconds`, `hundreds`, `meeting_program_id`, `swimmer_id`, `team_id`, `badge_id`, `user_id`, `created_at`, `updated_at`, `disqualification_code_type_id`, `goggle_cup_points`, `reaction_time`, `team_points`, `team_affiliation_id`)
  VALUES (178689, 2, 1, 0, 0, 706.29, 706.29, 1, 27, 50, 19494, 2004, 68, 5189, 1, '2015-02-26 22:47:40', '2015-02-26 22:47:40', NULL, 0.0, 0.0, 0.0, 261);

INSERT INTO `meeting_individual_results` (`id`, `rank`, `is_play_off`, `is_out_of_race`, `is_disqualified`, `standard_points`, `meeting_individual_points`, `minutes`, `seconds`, `hundreds`, `meeting_program_id`, `swimmer_id`, `team_id`, `badge_id`, `user_id`, `created_at`, `updated_at`, `disqualification_code_type_id`, `goggle_cup_points`, `reaction_time`, `team_points`, `team_affiliation_id`)
  VALUES (178690, 3, 1, 0, 0, 690.19, 690.19, 1, 29, 54, 19494, 8661, 456, 12200, 1, '2015-02-26 22:47:40', '2015-02-26 22:47:40', NULL, 0.0, 0.0, 0.0, 676);

INSERT INTO `meeting_individual_results` (`id`, `rank`, `is_play_off`, `is_out_of_race`, `is_disqualified`, `standard_points`, `meeting_individual_points`, `minutes`, `seconds`, `hundreds`, `meeting_program_id`, `swimmer_id`, `team_id`, `badge_id`, `user_id`, `created_at`, `updated_at`, `disqualification_code_type_id`, `goggle_cup_points`, `reaction_time`, `team_points`, `team_affiliation_id`)
  VALUES (178691, 4, 1, 0, 0, 684.39, 684.39, 1, 30, 30, 19494, 2331, 71, 5529, 1, '2015-02-26 22:47:41', '2015-02-26 22:47:41', NULL, 0.0, 0.0, 0.0, 264);

INSERT INTO `meeting_individual_results` (`id`, `rank`, `is_play_off`, `is_out_of_race`, `is_disqualified`, `standard_points`, `meeting_individual_points`, `minutes`, `seconds`, `hundreds`, `meeting_program_id`, `swimmer_id`, `team_id`, `badge_id`, `user_id`, `created_at`, `updated_at`, `disqualification_code_type_id`, `goggle_cup_points`, `reaction_time`, `team_points`, `team_affiliation_id`)
  VALUES (178692, 5, 1, 0, 0, 679.12, 679.12, 1, 31, 0, 19494, 4035, 67, 7298, 1, '2015-02-26 22:47:41', '2015-02-26 22:47:41', NULL, 0.0, 0.0, 0.0, 260);

INSERT INTO `meeting_individual_results` (`id`, `rank`, `is_play_off`, `is_out_of_race`, `is_disqualified`, `standard_points`, `meeting_individual_points`, `minutes`, `seconds`, `hundreds`, `meeting_program_id`, `swimmer_id`, `team_id`, `badge_id`, `user_id`, `created_at`, `updated_at`, `disqualification_code_type_id`, `goggle_cup_points`, `reaction_time`, `team_points`, `team_affiliation_id`)
  VALUES (178693, 1, 1, 0, 0, 685.25, 685.25, 1, 35, 25, 19495, 2450, 71, 5650, 1, '2015-02-26 22:47:41', '2015-02-26 22:47:41', NULL, 0.0, 0.0, 0.0, 264);

INSERT INTO `meeting_individual_results` (`id`, `rank`, `is_play_off`, `is_out_of_race`, `is_disqualified`, `standard_points`, `meeting_individual_points`, `minutes`, `seconds`, `hundreds`, `meeting_program_id`, `swimmer_id`, `team_id`, `badge_id`, `user_id`, `created_at`, `updated_at`, `disqualification_code_type_id`, `goggle_cup_points`, `reaction_time`, `team_points`, `team_affiliation_id`)
  VALUES (178694, 1, 1, 0, 0, 885.32, 885.32, 1, 18, 74, 19496, 8482, 364, 12424, 1, '2015-02-26 22:47:41', '2015-02-26 22:47:41', NULL, 0.0, 0.0, 0.0, 583);

INSERT INTO `meeting_individual_results` (`id`, `rank`, `is_play_off`, `is_out_of_race`, `is_disqualified`, `standard_points`, `meeting_individual_points`, `minutes`, `seconds`, `hundreds`, `meeting_program_id`, `swimmer_id`, `team_id`, `badge_id`, `user_id`, `created_at`, `updated_at`, `disqualification_code_type_id`, `goggle_cup_points`, `reaction_time`, `team_points`, `team_affiliation_id`)
  VALUES (178695, 1, 1, 0, 0, 664.93, 664.93, 1, 51, 5, 19497, 17026, 309, 20820, 1, '2015-02-26 22:47:42', '2015-02-26 22:47:42', NULL, 0.0, 0.0, 0.0, 526);

INSERT INTO `meeting_individual_results` (`id`, `rank`, `is_play_off`, `is_out_of_race`, `is_disqualified`, `standard_points`, `meeting_individual_points`, `minutes`, `seconds`, `hundreds`, `meeting_program_id`, `swimmer_id`, `team_id`, `badge_id`, `user_id`, `created_at`, `updated_at`, `disqualification_code_type_id`, `goggle_cup_points`, `reaction_time`, `team_points`, `team_affiliation_id`)
  VALUES (178696, 1, 1, 0, 0, 851.37, 851.37, 1, 32, 4, 19498, 8542, 462, 12262, 1, '2015-02-26 22:47:42', '2015-02-26 22:47:42', NULL, 0.0, 0.0, 0.0, 682);

INSERT INTO `meeting_individual_results` (`id`, `rank`, `is_play_off`, `is_out_of_race`, `is_disqualified`, `standard_points`, `meeting_individual_points`, `minutes`, `seconds`, `hundreds`, `meeting_program_id`, `swimmer_id`, `team_id`, `badge_id`, `user_id`, `created_at`, `updated_at`, `disqualification_code_type_id`, `goggle_cup_points`, `reaction_time`, `team_points`, `team_affiliation_id`)
  VALUES (178697, 1, 1, 0, 0, 0.0, 0.0, 1, 12, 28, 19499, 11322, 557, 15061, 1, '2015-02-26 22:47:42', '2015-02-26 22:47:42', NULL, 0.0, 0.0, 0.0, 777);

INSERT INTO `meeting_individual_results` (`id`, `rank`, `is_play_off`, `is_out_of_race`, `is_disqualified`, `standard_points`, `meeting_individual_points`, `minutes`, `seconds`, `hundreds`, `meeting_program_id`, `swimmer_id`, `team_id`, `badge_id`, `user_id`, `created_at`, `updated_at`, `disqualification_code_type_id`, `goggle_cup_points`, `reaction_time`, `team_points`, `team_affiliation_id`)
  VALUES (178698, 2, 1, 0, 0, 0.0, 0.0, 1, 14, 26, 19499, 13958, 168, 17896, 1, '2015-02-26 22:47:42', '2015-02-26 22:47:42', NULL, 0.0, 0.0, 0.0, 363);

INSERT INTO `meeting_individual_results` (`id`, `rank`, `is_play_off`, `is_out_of_race`, `is_disqualified`, `standard_points`, `meeting_individual_points`, `minutes`, `seconds`, `hundreds`, `meeting_program_id`, `swimmer_id`, `team_id`, `badge_id`, `user_id`, `created_at`, `updated_at`, `disqualification_code_type_id`, `goggle_cup_points`, `reaction_time`, `team_points`, `team_affiliation_id`)
  VALUES (178699, 3, 1, 0, 0, 0.0, 0.0, 1, 26, 44, 19499, 2208, 114, 5404, 1, '2015-02-26 22:47:42', '2015-02-26 22:47:42', NULL, 0.0, 0.0, 0.0, 307);

INSERT INTO `meeting_individual_results` (`id`, `rank`, `is_play_off`, `is_out_of_race`, `is_disqualified`, `standard_points`, `meeting_individual_points`, `minutes`, `seconds`, `hundreds`, `meeting_program_id`, `swimmer_id`, `team_id`, `badge_id`, `user_id`, `created_at`, `updated_at`, `disqualification_code_type_id`, `goggle_cup_points`, `reaction_time`, `team_points`, `team_affiliation_id`)
  VALUES (178700, 1, 1, 0, 0, 947.21, 947.21, 1, 5, 54, 19500, 8594, 364, 12212, 1, '2015-02-26 22:47:42', '2015-02-26 22:47:42', NULL, 0.0, 0.0, 0.0, 583);

INSERT INTO `meeting_individual_results` (`id`, `rank`, `is_play_off`, `is_out_of_race`, `is_disqualified`, `standard_points`, `meeting_individual_points`, `minutes`, `seconds`, `hundreds`, `meeting_program_id`, `swimmer_id`, `team_id`, `badge_id`, `user_id`, `created_at`, `updated_at`, `disqualification_code_type_id`, `goggle_cup_points`, `reaction_time`, `team_points`, `team_affiliation_id`)
  VALUES (178701, 2, 1, 0, 0, 849.95, 849.95, 1, 13, 4, 19500, 17023, 168, 20821, 1, '2015-02-26 22:47:43', '2015-02-26 22:47:43', NULL, 0.0, 0.0, 0.0, 363);

INSERT INTO `meeting_individual_results` (`id`, `rank`, `is_play_off`, `is_out_of_race`, `is_disqualified`, `standard_points`, `meeting_individual_points`, `minutes`, `seconds`, `hundreds`, `meeting_program_id`, `swimmer_id`, `team_id`, `badge_id`, `user_id`, `created_at`, `updated_at`, `disqualification_code_type_id`, `goggle_cup_points`, `reaction_time`, `team_points`, `team_affiliation_id`)
  VALUES (178702, 1, 1, 0, 0, 720.3, 720.3, 1, 25, 77, 19501, 8515, 466, 12267, 1, '2015-02-26 22:47:43', '2015-02-26 22:47:43', NULL, 0.0, 0.0, 0.0, 686);

INSERT INTO `meeting_individual_results` (`id`, `rank`, `is_play_off`, `is_out_of_race`, `is_disqualified`, `standard_points`, `meeting_individual_points`, `minutes`, `seconds`, `hundreds`, `meeting_program_id`, `swimmer_id`, `team_id`, `badge_id`, `user_id`, `created_at`, `updated_at`, `disqualification_code_type_id`, `goggle_cup_points`, `reaction_time`, `team_points`, `team_affiliation_id`)
  VALUES (178703, 1, 1, 0, 0, 841.36, 841.36, 1, 15, 96, 19502, 8454, 102, 12307, 1, '2015-02-26 22:47:43', '2015-02-26 22:47:43', NULL, 0.0, 0.0, 0.0, 295);

INSERT INTO `meeting_individual_results` (`id`, `rank`, `is_play_off`, `is_out_of_race`, `is_disqualified`, `standard_points`, `meeting_individual_points`, `minutes`, `seconds`, `hundreds`, `meeting_program_id`, `swimmer_id`, `team_id`, `badge_id`, `user_id`, `created_at`, `updated_at`, `disqualification_code_type_id`, `goggle_cup_points`, `reaction_time`, `team_points`, `team_affiliation_id`)
  VALUES (178704, 1, 1, 0, 0, 732.88, 732.88, 1, 34, 90, 19503, 2668, 164, 5869, 1, '2015-02-26 22:47:44', '2015-02-26 22:47:44', NULL, 0.0, 0.0, 0.0, 359);

INSERT INTO `meeting_individual_results` (`id`, `rank`, `is_play_off`, `is_out_of_race`, `is_disqualified`, `standard_points`, `meeting_individual_points`, `minutes`, `seconds`, `hundreds`, `meeting_program_id`, `swimmer_id`, `team_id`, `badge_id`, `user_id`, `created_at`, `updated_at`, `disqualification_code_type_id`, `goggle_cup_points`, `reaction_time`, `team_points`, `team_affiliation_id`)
  VALUES (178705, 1, 1, 0, 0, 930.03, 930.03, 0, 58, 45, 19504, 5220, 175, 9089, 1, '2015-02-26 22:47:44', '2015-02-26 22:47:44', NULL, 0.0, 0.0, 0.0, 370);

INSERT INTO `meeting_individual_results` (`id`, `rank`, `is_play_off`, `is_out_of_race`, `is_disqualified`, `standard_points`, `meeting_individual_points`, `minutes`, `seconds`, `hundreds`, `meeting_program_id`, `swimmer_id`, `team_id`, `badge_id`, `user_id`, `created_at`, `updated_at`, `disqualification_code_type_id`, `goggle_cup_points`, `reaction_time`, `team_points`, `team_affiliation_id`)
  VALUES (178706, 1, 1, 0, 0, 944.17, 944.17, 0, 57, 85, 19505, 3184, 175, 6404, 1, '2015-02-26 22:47:44', '2015-02-26 22:47:44', NULL, 0.0, 0.0, 0.0, 370);

INSERT INTO `meeting_individual_results` (`id`, `rank`, `is_play_off`, `is_out_of_race`, `is_disqualified`, `standard_points`, `meeting_individual_points`, `minutes`, `seconds`, `hundreds`, `meeting_program_id`, `swimmer_id`, `team_id`, `badge_id`, `user_id`, `created_at`, `updated_at`, `disqualification_code_type_id`, `goggle_cup_points`, `reaction_time`, `team_points`, `team_affiliation_id`)
  VALUES (178707, 2, 1, 0, 0, 843.03, 843.03, 1, 4, 79, 19505, 2982, 172, 6196, 1, '2015-02-26 22:47:45', '2015-02-26 22:47:45', NULL, 0.0, 0.0, 0.0, 367);

INSERT INTO `meeting_individual_results` (`id`, `rank`, `is_play_off`, `is_out_of_race`, `is_disqualified`, `standard_points`, `meeting_individual_points`, `minutes`, `seconds`, `hundreds`, `meeting_program_id`, `swimmer_id`, `team_id`, `badge_id`, `user_id`, `created_at`, `updated_at`, `disqualification_code_type_id`, `goggle_cup_points`, `reaction_time`, `team_points`, `team_affiliation_id`)
  VALUES (178708, 3, 1, 0, 0, 809.31, 809.31, 1, 7, 49, 19505, 2983, 172, 6197, 1, '2015-02-26 22:47:45', '2015-02-26 22:47:45', NULL, 0.0, 0.0, 0.0, 367);

INSERT INTO `meeting_individual_results` (`id`, `rank`, `is_play_off`, `is_out_of_race`, `is_disqualified`, `standard_points`, `meeting_individual_points`, `minutes`, `seconds`, `hundreds`, `meeting_program_id`, `swimmer_id`, `team_id`, `badge_id`, `user_id`, `created_at`, `updated_at`, `disqualification_code_type_id`, `goggle_cup_points`, `reaction_time`, `team_points`, `team_affiliation_id`)
  VALUES (178709, 4, 1, 0, 0, 787.37, 787.37, 1, 9, 37, 19505, 638, 42, 5125, 1, '2015-02-26 22:47:45', '2015-02-26 22:47:45', NULL, 0.0, 0.0, 0.0, 235);

INSERT INTO `meeting_individual_results` (`id`, `rank`, `is_play_off`, `is_out_of_race`, `is_disqualified`, `standard_points`, `meeting_individual_points`, `minutes`, `seconds`, `hundreds`, `meeting_program_id`, `swimmer_id`, `team_id`, `badge_id`, `user_id`, `created_at`, `updated_at`, `disqualification_code_type_id`, `goggle_cup_points`, `reaction_time`, `team_points`, `team_affiliation_id`)
  VALUES (178710, 5, 1, 0, 0, 658.79, 658.79, 1, 22, 91, 19505, 3636, 102, 6857, 1, '2015-02-26 22:47:46', '2015-02-26 22:47:46', NULL, 0.0, 0.0, 0.0, 295);

INSERT INTO `meeting_individual_results` (`id`, `rank`, `is_play_off`, `is_out_of_race`, `is_disqualified`, `standard_points`, `meeting_individual_points`, `minutes`, `seconds`, `hundreds`, `meeting_program_id`, `swimmer_id`, `team_id`, `badge_id`, `user_id`, `created_at`, `updated_at`, `disqualification_code_type_id`, `goggle_cup_points`, `reaction_time`, `team_points`, `team_affiliation_id`)
  VALUES (178711, 6, 1, 0, 0, 654.84, 654.84, 1, 23, 41, 19505, 12657, 361, 16415, 1, '2015-02-26 22:47:46', '2015-02-26 22:47:46', NULL, 0.0, 0.0, 0.0, 578);

INSERT INTO `meeting_individual_results` (`id`, `rank`, `is_play_off`, `is_out_of_race`, `is_disqualified`, `standard_points`, `meeting_individual_points`, `minutes`, `seconds`, `hundreds`, `meeting_program_id`, `swimmer_id`, `team_id`, `badge_id`, `user_id`, `created_at`, `updated_at`, `disqualification_code_type_id`, `goggle_cup_points`, `reaction_time`, `team_points`, `team_affiliation_id`)
  VALUES (178712, 1, 1, 0, 0, 763.7, 763.7, 1, 12, 28, 19506, 3258, 173, 6479, 1, '2015-02-26 22:47:46', '2015-02-26 22:47:46', NULL, 0.0, 0.0, 0.0, 368);

INSERT INTO `meeting_individual_results` (`id`, `rank`, `is_play_off`, `is_out_of_race`, `is_disqualified`, `standard_points`, `meeting_individual_points`, `minutes`, `seconds`, `hundreds`, `meeting_program_id`, `swimmer_id`, `team_id`, `badge_id`, `user_id`, `created_at`, `updated_at`, `disqualification_code_type_id`, `goggle_cup_points`, `reaction_time`, `team_points`, `team_affiliation_id`)
  VALUES (178713, 2, 1, 0, 0, 722.23, 722.23, 1, 16, 43, 19506, 2730, 99, 5936, 1, '2015-02-26 22:47:47', '2015-02-26 22:47:47', NULL, 0.0, 0.0, 0.0, 292);

INSERT INTO `meeting_individual_results` (`id`, `rank`, `is_play_off`, `is_out_of_race`, `is_disqualified`, `standard_points`, `meeting_individual_points`, `minutes`, `seconds`, `hundreds`, `meeting_program_id`, `swimmer_id`, `team_id`, `badge_id`, `user_id`, `created_at`, `updated_at`, `disqualification_code_type_id`, `goggle_cup_points`, `reaction_time`, `team_points`, `team_affiliation_id`)
  VALUES (178714, 3, 1, 0, 0, 662.27, 662.27, 1, 23, 35, 19506, 11379, 516, 15163, 1, '2015-02-26 22:47:47', '2015-02-26 22:47:47', NULL, 0.0, 0.0, 0.0, 736);

INSERT INTO `meeting_individual_results` (`id`, `rank`, `is_play_off`, `is_out_of_race`, `is_disqualified`, `standard_points`, `meeting_individual_points`, `minutes`, `seconds`, `hundreds`, `meeting_program_id`, `swimmer_id`, `team_id`, `badge_id`, `user_id`, `created_at`, `updated_at`, `disqualification_code_type_id`, `goggle_cup_points`, `reaction_time`, `team_points`, `team_affiliation_id`)
  VALUES (178715, 1, 1, 0, 0, 780.08, 780.08, 1, 12, 39, 19507, 10570, 516, 14170, 1, '2015-02-26 22:47:47', '2015-02-26 22:47:47', NULL, 0.0, 0.0, 0.0, 736);

INSERT INTO `meeting_individual_results` (`id`, `rank`, `is_play_off`, `is_out_of_race`, `is_disqualified`, `standard_points`, `meeting_individual_points`, `minutes`, `seconds`, `hundreds`, `meeting_program_id`, `swimmer_id`, `team_id`, `badge_id`, `user_id`, `created_at`, `updated_at`, `disqualification_code_type_id`, `goggle_cup_points`, `reaction_time`, `team_points`, `team_affiliation_id`)
  VALUES (178716, 2, 1, 0, 0, 723.88, 723.88, 1, 18, 1, 19507, 8465, 466, 12206, 1, '2015-02-26 22:47:48', '2015-02-26 22:47:48', NULL, 0.0, 0.0, 0.0, 686);

INSERT INTO `meeting_individual_results` (`id`, `rank`, `is_play_off`, `is_out_of_race`, `is_disqualified`, `standard_points`, `meeting_individual_points`, `minutes`, `seconds`, `hundreds`, `meeting_program_id`, `swimmer_id`, `team_id`, `badge_id`, `user_id`, `created_at`, `updated_at`, `disqualification_code_type_id`, `goggle_cup_points`, `reaction_time`, `team_points`, `team_affiliation_id`)
  VALUES (178717, 1, 1, 0, 0, 972.34, 972.34, 0, 59, 65, 19508, 8617, 462, 12208, 1, '2015-02-26 22:47:48', '2015-02-26 22:47:48', NULL, 0.0, 0.0, 0.0, 682);

INSERT INTO `meeting_individual_results` (`id`, `rank`, `is_play_off`, `is_out_of_race`, `is_disqualified`, `standard_points`, `meeting_individual_points`, `minutes`, `seconds`, `hundreds`, `meeting_program_id`, `swimmer_id`, `team_id`, `badge_id`, `user_id`, `created_at`, `updated_at`, `disqualification_code_type_id`, `goggle_cup_points`, `reaction_time`, `team_points`, `team_affiliation_id`)
  VALUES (178718, 1, 1, 0, 0, 584.14, 584.14, 1, 59, 68, 19509, 11313, 467, 15100, 1, '2015-02-26 22:47:49', '2015-02-26 22:47:49', NULL, 0.0, 0.0, 0.0, 687);

INSERT INTO `meeting_individual_results` (`id`, `rank`, `is_play_off`, `is_out_of_race`, `is_disqualified`, `standard_points`, `meeting_individual_points`, `minutes`, `seconds`, `hundreds`, `meeting_program_id`, `swimmer_id`, `team_id`, `badge_id`, `user_id`, `created_at`, `updated_at`, `disqualification_code_type_id`, `goggle_cup_points`, `reaction_time`, `team_points`, `team_affiliation_id`)
  VALUES (178719, 1, 1, 0, 0, 0.0, 0.0, 1, 13, 2, 19510, 14299, 168, 17940, 1, '2015-02-26 22:47:49', '2015-02-26 22:47:49', NULL, 0.0, 0.0, 0.0, 363);

INSERT INTO `meeting_individual_results` (`id`, `rank`, `is_play_off`, `is_out_of_race`, `is_disqualified`, `standard_points`, `meeting_individual_points`, `minutes`, `seconds`, `hundreds`, `meeting_program_id`, `swimmer_id`, `team_id`, `badge_id`, `user_id`, `created_at`, `updated_at`, `disqualification_code_type_id`, `goggle_cup_points`, `reaction_time`, `team_points`, `team_affiliation_id`)
  VALUES (178720, 2, 1, 0, 0, 0.0, 0.0, 1, 14, 18, 19510, 10509, 516, 14222, 1, '2015-02-26 22:47:49', '2015-02-26 22:47:49', NULL, 0.0, 0.0, 0.0, 736);

INSERT INTO `meeting_individual_results` (`id`, `rank`, `is_play_off`, `is_out_of_race`, `is_disqualified`, `standard_points`, `meeting_individual_points`, `minutes`, `seconds`, `hundreds`, `meeting_program_id`, `swimmer_id`, `team_id`, `badge_id`, `user_id`, `created_at`, `updated_at`, `disqualification_code_type_id`, `goggle_cup_points`, `reaction_time`, `team_points`, `team_affiliation_id`)
  VALUES (178721, 1, 1, 0, 0, 939.35, 939.35, 1, 8, 76, 19511, 8594, 364, 12212, 1, '2015-02-26 22:47:49', '2015-02-26 22:47:49', NULL, 0.0, 0.0, 0.0, 583);

INSERT INTO `meeting_individual_results` (`id`, `rank`, `is_play_off`, `is_out_of_race`, `is_disqualified`, `standard_points`, `meeting_individual_points`, `minutes`, `seconds`, `hundreds`, `meeting_program_id`, `swimmer_id`, `team_id`, `badge_id`, `user_id`, `created_at`, `updated_at`, `disqualification_code_type_id`, `goggle_cup_points`, `reaction_time`, `team_points`, `team_affiliation_id`)
  VALUES (178722, 2, 1, 0, 0, 868.26, 868.26, 1, 14, 39, 19511, 17023, 168, 20821, 1, '2015-02-26 22:47:49', '2015-02-26 22:47:49', NULL, 0.0, 0.0, 0.0, 363);

INSERT INTO `meeting_individual_results` (`id`, `rank`, `is_play_off`, `is_out_of_race`, `is_disqualified`, `standard_points`, `meeting_individual_points`, `minutes`, `seconds`, `hundreds`, `meeting_program_id`, `swimmer_id`, `team_id`, `badge_id`, `user_id`, `created_at`, `updated_at`, `disqualification_code_type_id`, `goggle_cup_points`, `reaction_time`, `team_points`, `team_affiliation_id`)
  VALUES (178723, 3, 1, 0, 0, 842.66, 842.66, 1, 16, 65, 19511, 2626, 172, 5826, 1, '2015-02-26 22:47:49', '2015-02-26 22:47:49', NULL, 0.0, 0.0, 0.0, 367);

INSERT INTO `meeting_individual_results` (`id`, `rank`, `is_play_off`, `is_out_of_race`, `is_disqualified`, `standard_points`, `meeting_individual_points`, `minutes`, `seconds`, `hundreds`, `meeting_program_id`, `swimmer_id`, `team_id`, `badge_id`, `user_id`, `created_at`, `updated_at`, `disqualification_code_type_id`, `goggle_cup_points`, `reaction_time`, `team_points`, `team_affiliation_id`)
  VALUES (178724, 4, 1, 0, 0, 773.07, 773.07, 1, 23, 55, 19511, 17054, 102, 20822, 1, '2015-02-26 22:47:50', '2015-02-26 22:47:50', NULL, 0.0, 0.0, 0.0, 295);

INSERT INTO `meeting_individual_results` (`id`, `rank`, `is_play_off`, `is_out_of_race`, `is_disqualified`, `standard_points`, `meeting_individual_points`, `minutes`, `seconds`, `hundreds`, `meeting_program_id`, `swimmer_id`, `team_id`, `badge_id`, `user_id`, `created_at`, `updated_at`, `disqualification_code_type_id`, `goggle_cup_points`, `reaction_time`, `team_points`, `team_affiliation_id`)
  VALUES (178725, 5, 1, 0, 0, 748.96, 748.96, 1, 26, 24, 19511, 17027, 364, 20823, 1, '2015-02-26 22:47:50', '2015-02-26 22:47:50', NULL, 0.0, 0.0, 0.0, 583);

INSERT INTO `meeting_individual_results` (`id`, `rank`, `is_play_off`, `is_out_of_race`, `is_disqualified`, `standard_points`, `meeting_individual_points`, `minutes`, `seconds`, `hundreds`, `meeting_program_id`, `swimmer_id`, `team_id`, `badge_id`, `user_id`, `created_at`, `updated_at`, `disqualification_code_type_id`, `goggle_cup_points`, `reaction_time`, `team_points`, `team_affiliation_id`)
  VALUES (178726, 6, 1, 0, 0, 669.05, 669.05, 1, 36, 54, 19511, 17028, 114, 20824, 1, '2015-02-26 22:47:50', '2015-02-26 22:47:50', NULL, 0.0, 0.0, 0.0, 307);

INSERT INTO `meeting_individual_results` (`id`, `rank`, `is_play_off`, `is_out_of_race`, `is_disqualified`, `standard_points`, `meeting_individual_points`, `minutes`, `seconds`, `hundreds`, `meeting_program_id`, `swimmer_id`, `team_id`, `badge_id`, `user_id`, `created_at`, `updated_at`, `disqualification_code_type_id`, `goggle_cup_points`, `reaction_time`, `team_points`, `team_affiliation_id`)
  VALUES (178727, 1, 1, 0, 0, 699.44, 699.44, 1, 32, 16, 19512, 14242, 420, 18042, 1, '2015-02-26 22:47:50', '2015-02-26 22:47:50', NULL, 0.0, 0.0, 0.0, 640);

INSERT INTO `meeting_individual_results` (`id`, `rank`, `is_play_off`, `is_out_of_race`, `is_disqualified`, `standard_points`, `meeting_individual_points`, `minutes`, `seconds`, `hundreds`, `meeting_program_id`, `swimmer_id`, `team_id`, `badge_id`, `user_id`, `created_at`, `updated_at`, `disqualification_code_type_id`, `goggle_cup_points`, `reaction_time`, `team_points`, `team_affiliation_id`)
  VALUES (178728, 2, 1, 0, 0, 543.42, 543.42, 1, 58, 62, 19512, 8458, 466, 12219, 1, '2015-02-26 22:47:50', '2015-02-26 22:47:50', NULL, 0.0, 0.0, 0.0, 686);

INSERT INTO `meeting_individual_results` (`id`, `rank`, `is_play_off`, `is_out_of_race`, `is_disqualified`, `standard_points`, `meeting_individual_points`, `minutes`, `seconds`, `hundreds`, `meeting_program_id`, `swimmer_id`, `team_id`, `badge_id`, `user_id`, `created_at`, `updated_at`, `disqualification_code_type_id`, `goggle_cup_points`, `reaction_time`, `team_points`, `team_affiliation_id`)
  VALUES (178729, 1, 1, 0, 0, 598.7, 598.7, 1, 50, 74, 19513, 8572, 466, 12310, 1, '2015-02-26 22:47:51', '2015-02-26 22:47:51', NULL, 0.0, 0.0, 0.0, 686);

INSERT INTO `meeting_individual_results` (`id`, `rank`, `is_play_off`, `is_out_of_race`, `is_disqualified`, `standard_points`, `meeting_individual_points`, `minutes`, `seconds`, `hundreds`, `meeting_program_id`, `swimmer_id`, `team_id`, `badge_id`, `user_id`, `created_at`, `updated_at`, `disqualification_code_type_id`, `goggle_cup_points`, `reaction_time`, `team_points`, `team_affiliation_id`)
  VALUES (178730, 2, 1, 0, 0, 555.74, 555.74, 1, 59, 30, 19513, 6108, 68, 10187, 1, '2015-02-26 22:47:51', '2015-02-26 22:47:51', NULL, 0.0, 0.0, 0.0, 261);

INSERT INTO `meeting_individual_results` (`id`, `rank`, `is_play_off`, `is_out_of_race`, `is_disqualified`, `standard_points`, `meeting_individual_points`, `minutes`, `seconds`, `hundreds`, `meeting_program_id`, `swimmer_id`, `team_id`, `badge_id`, `user_id`, `created_at`, `updated_at`, `disqualification_code_type_id`, `goggle_cup_points`, `reaction_time`, `team_points`, `team_affiliation_id`)
  VALUES (178731, 1, 1, 0, 0, 823.1, 823.1, 1, 21, 74, 19514, 14198, 309, 17839, 1, '2015-02-26 22:47:51', '2015-02-26 22:47:51', NULL, 0.0, 0.0, 0.0, 526);

INSERT INTO `meeting_individual_results` (`id`, `rank`, `is_play_off`, `is_out_of_race`, `is_disqualified`, `standard_points`, `meeting_individual_points`, `minutes`, `seconds`, `hundreds`, `meeting_program_id`, `swimmer_id`, `team_id`, `badge_id`, `user_id`, `created_at`, `updated_at`, `disqualification_code_type_id`, `goggle_cup_points`, `reaction_time`, `team_points`, `team_affiliation_id`)
  VALUES (178732, 2, 1, 0, 0, 652.95, 652.95, 1, 43, 4, 19514, 8666, 466, 12183, 1, '2015-02-26 22:47:51', '2015-02-26 22:47:51', NULL, 0.0, 0.0, 0.0, 686);

INSERT INTO `meeting_individual_results` (`id`, `rank`, `is_play_off`, `is_out_of_race`, `is_disqualified`, `standard_points`, `meeting_individual_points`, `minutes`, `seconds`, `hundreds`, `meeting_program_id`, `swimmer_id`, `team_id`, `badge_id`, `user_id`, `created_at`, `updated_at`, `disqualification_code_type_id`, `goggle_cup_points`, `reaction_time`, `team_points`, `team_affiliation_id`)
  VALUES (178733, 1, 1, 0, 0, 886.8, 886.8, 1, 17, 65, 19515, 8563, 469, 12314, 1, '2015-02-26 22:47:51', '2015-02-26 22:47:51', NULL, 0.0, 0.0, 0.0, 689);

INSERT INTO `meeting_individual_results` (`id`, `rank`, `is_play_off`, `is_out_of_race`, `is_disqualified`, `standard_points`, `meeting_individual_points`, `minutes`, `seconds`, `hundreds`, `meeting_program_id`, `swimmer_id`, `team_id`, `badge_id`, `user_id`, `created_at`, `updated_at`, `disqualification_code_type_id`, `goggle_cup_points`, `reaction_time`, `team_points`, `team_affiliation_id`)
  VALUES (178734, 2, 1, 0, 0, 803.88, 803.88, 1, 25, 66, 19515, 798, 67, 10401, 1, '2015-02-26 22:47:52', '2015-02-26 22:47:52', NULL, 0.0, 0.0, 0.0, 260);

INSERT INTO `meeting_individual_results` (`id`, `rank`, `is_play_off`, `is_out_of_race`, `is_disqualified`, `standard_points`, `meeting_individual_points`, `minutes`, `seconds`, `hundreds`, `meeting_program_id`, `swimmer_id`, `team_id`, `badge_id`, `user_id`, `created_at`, `updated_at`, `disqualification_code_type_id`, `goggle_cup_points`, `reaction_time`, `team_points`, `team_affiliation_id`)
  VALUES (178735, 3, 1, 0, 0, 617.14, 617.14, 1, 51, 58, 19515, 12621, 361, 16386, 1, '2015-02-26 22:47:52', '2015-02-26 22:47:52', NULL, 0.0, 0.0, 0.0, 578);

INSERT INTO `meeting_individual_results` (`id`, `rank`, `is_play_off`, `is_out_of_race`, `is_disqualified`, `standard_points`, `meeting_individual_points`, `minutes`, `seconds`, `hundreds`, `meeting_program_id`, `swimmer_id`, `team_id`, `badge_id`, `user_id`, `created_at`, `updated_at`, `disqualification_code_type_id`, `goggle_cup_points`, `reaction_time`, `team_points`, `team_affiliation_id`)
  VALUES (178736, 1, 1, 0, 0, 716.02, 716.02, 1, 46, 98, 19516, 1910, 68, 5091, 1, '2015-02-26 22:47:52', '2015-02-26 22:47:52', NULL, 0.0, 0.0, 0.0, 261);

INSERT INTO `meeting_individual_results` (`id`, `rank`, `is_play_off`, `is_out_of_race`, `is_disqualified`, `standard_points`, `meeting_individual_points`, `minutes`, `seconds`, `hundreds`, `meeting_program_id`, `swimmer_id`, `team_id`, `badge_id`, `user_id`, `created_at`, `updated_at`, `disqualification_code_type_id`, `goggle_cup_points`, `reaction_time`, `team_points`, `team_affiliation_id`)
  VALUES (178737, 1, 1, 0, 0, 847.55, 847.55, 1, 34, 98, 19517, 6730, 364, 10445, 1, '2015-02-26 22:47:53', '2015-02-26 22:47:53', NULL, 0.0, 0.0, 0.0, 583);

INSERT INTO `meeting_individual_results` (`id`, `rank`, `is_play_off`, `is_out_of_race`, `is_disqualified`, `standard_points`, `meeting_individual_points`, `minutes`, `seconds`, `hundreds`, `meeting_program_id`, `swimmer_id`, `team_id`, `badge_id`, `user_id`, `created_at`, `updated_at`, `disqualification_code_type_id`, `goggle_cup_points`, `reaction_time`, `team_points`, `team_affiliation_id`)
  VALUES (178738, 2, 1, 0, 0, 778.23, 778.23, 1, 43, 44, 19517, 8524, 450, 12392, 1, '2015-02-26 22:47:53', '2015-02-26 22:47:53', NULL, 0.0, 0.0, 0.0, 670);

INSERT INTO `meeting_individual_results` (`id`, `rank`, `is_play_off`, `is_out_of_race`, `is_disqualified`, `standard_points`, `meeting_individual_points`, `minutes`, `seconds`, `hundreds`, `meeting_program_id`, `swimmer_id`, `team_id`, `badge_id`, `user_id`, `created_at`, `updated_at`, `disqualification_code_type_id`, `goggle_cup_points`, `reaction_time`, `team_points`, `team_affiliation_id`)
  VALUES (178739, 1, 1, 0, 0, 0.0, 0.0, 1, 8, 69, 19518, 5520, 307, 8652, 1, '2015-02-26 22:47:53', '2015-02-26 22:47:53', NULL, 0.0, 0.0, 0.0, 524);

INSERT INTO `meeting_individual_results` (`id`, `rank`, `is_play_off`, `is_out_of_race`, `is_disqualified`, `standard_points`, `meeting_individual_points`, `minutes`, `seconds`, `hundreds`, `meeting_program_id`, `swimmer_id`, `team_id`, `badge_id`, `user_id`, `created_at`, `updated_at`, `disqualification_code_type_id`, `goggle_cup_points`, `reaction_time`, `team_points`, `team_affiliation_id`)
  VALUES (178740, 2, 1, 0, 0, 0.0, 0.0, 1, 12, 9, 19518, 17041, 168, 20825, 1, '2015-02-26 22:47:54', '2015-02-26 22:47:54', NULL, 0.0, 0.0, 0.0, 363);

INSERT INTO `meeting_individual_results` (`id`, `rank`, `is_play_off`, `is_out_of_race`, `is_disqualified`, `standard_points`, `meeting_individual_points`, `minutes`, `seconds`, `hundreds`, `meeting_program_id`, `swimmer_id`, `team_id`, `badge_id`, `user_id`, `created_at`, `updated_at`, `disqualification_code_type_id`, `goggle_cup_points`, `reaction_time`, `team_points`, `team_affiliation_id`)
  VALUES (178741, 3, 1, 0, 0, 0.0, 0.0, 1, 16, 30, 19518, 17039, 307, 20826, 1, '2015-02-26 22:47:54', '2015-02-26 22:47:54', NULL, 0.0, 0.0, 0.0, 524);

INSERT INTO `meeting_individual_results` (`id`, `rank`, `is_play_off`, `is_out_of_race`, `is_disqualified`, `standard_points`, `meeting_individual_points`, `minutes`, `seconds`, `hundreds`, `meeting_program_id`, `swimmer_id`, `team_id`, `badge_id`, `user_id`, `created_at`, `updated_at`, `disqualification_code_type_id`, `goggle_cup_points`, `reaction_time`, `team_points`, `team_affiliation_id`)
  VALUES (178742, 4, 1, 0, 0, 0.0, 0.0, 1, 24, 44, 19518, 8682, 466, 12429, 1, '2015-02-26 22:47:54', '2015-02-26 22:47:54', NULL, 0.0, 0.0, 0.0, 686);

INSERT INTO `meeting_individual_results` (`id`, `rank`, `is_play_off`, `is_out_of_race`, `is_disqualified`, `standard_points`, `meeting_individual_points`, `minutes`, `seconds`, `hundreds`, `meeting_program_id`, `swimmer_id`, `team_id`, `badge_id`, `user_id`, `created_at`, `updated_at`, `disqualification_code_type_id`, `goggle_cup_points`, `reaction_time`, `team_points`, `team_affiliation_id`)
  VALUES (178743, 5, 1, 0, 0, 0.0, 0.0, 1, 27, 69, 19518, 11410, 307, 15126, 1, '2015-02-26 22:47:55', '2015-02-26 22:47:55', NULL, 0.0, 0.0, 0.0, 524);

INSERT INTO `meeting_individual_results` (`id`, `rank`, `is_play_off`, `is_out_of_race`, `is_disqualified`, `standard_points`, `meeting_individual_points`, `minutes`, `seconds`, `hundreds`, `meeting_program_id`, `swimmer_id`, `team_id`, `badge_id`, `user_id`, `created_at`, `updated_at`, `disqualification_code_type_id`, `goggle_cup_points`, `reaction_time`, `team_points`, `team_affiliation_id`)
  VALUES (178744, 6, 1, 0, 0, 0.0, 0.0, 1, 28, 5, 19518, 12631, 373, 16395, 1, '2015-02-26 22:47:55', '2015-02-26 22:47:55', NULL, 0.0, 0.0, 0.0, 593);

INSERT INTO `meeting_individual_results` (`id`, `rank`, `is_play_off`, `is_out_of_race`, `is_disqualified`, `standard_points`, `meeting_individual_points`, `minutes`, `seconds`, `hundreds`, `meeting_program_id`, `swimmer_id`, `team_id`, `badge_id`, `user_id`, `created_at`, `updated_at`, `disqualification_code_type_id`, `goggle_cup_points`, `reaction_time`, `team_points`, `team_affiliation_id`)
  VALUES (178745, 7, 1, 0, 0, 0.0, 0.0, 1, 33, 97, 19518, 4969, 307, 8656, 1, '2015-02-26 22:47:55', '2015-02-26 22:47:55', NULL, 0.0, 0.0, 0.0, 524);

INSERT INTO `meeting_individual_results` (`id`, `rank`, `is_play_off`, `is_out_of_race`, `is_disqualified`, `standard_points`, `meeting_individual_points`, `minutes`, `seconds`, `hundreds`, `meeting_program_id`, `swimmer_id`, `team_id`, `badge_id`, `user_id`, `created_at`, `updated_at`, `disqualification_code_type_id`, `goggle_cup_points`, `reaction_time`, `team_points`, `team_affiliation_id`)
  VALUES (178746, 1, 1, 0, 0, 860.4, 860.4, 1, 5, 26, 19519, 2975, 172, 6189, 1, '2015-02-26 22:47:55', '2015-02-26 22:47:55', NULL, 0.0, 0.0, 0.0, 367);

INSERT INTO `meeting_individual_results` (`id`, `rank`, `is_play_off`, `is_out_of_race`, `is_disqualified`, `standard_points`, `meeting_individual_points`, `minutes`, `seconds`, `hundreds`, `meeting_program_id`, `swimmer_id`, `team_id`, `badge_id`, `user_id`, `created_at`, `updated_at`, `disqualification_code_type_id`, `goggle_cup_points`, `reaction_time`, `team_points`, `team_affiliation_id`)
  VALUES (178747, 2, 1, 0, 0, 846.27, 846.27, 1, 6, 35, 19519, 1929, 73, 5111, 1, '2015-02-26 22:47:55', '2015-02-26 22:47:55', NULL, 0.0, 0.0, 0.0, 266);

INSERT INTO `meeting_individual_results` (`id`, `rank`, `is_play_off`, `is_out_of_race`, `is_disqualified`, `standard_points`, `meeting_individual_points`, `minutes`, `seconds`, `hundreds`, `meeting_program_id`, `swimmer_id`, `team_id`, `badge_id`, `user_id`, `created_at`, `updated_at`, `disqualification_code_type_id`, `goggle_cup_points`, `reaction_time`, `team_points`, `team_affiliation_id`)
  VALUES (178748, 3, 1, 0, 0, 827.44, 827.44, 1, 7, 86, 19519, 7858, 420, 11555, 1, '2015-02-26 22:47:55', '2015-02-26 22:47:55', NULL, 0.0, 0.0, 0.0, 640);

INSERT INTO `meeting_individual_results` (`id`, `rank`, `is_play_off`, `is_out_of_race`, `is_disqualified`, `standard_points`, `meeting_individual_points`, `minutes`, `seconds`, `hundreds`, `meeting_program_id`, `swimmer_id`, `team_id`, `badge_id`, `user_id`, `created_at`, `updated_at`, `disqualification_code_type_id`, `goggle_cup_points`, `reaction_time`, `team_points`, `team_affiliation_id`)
  VALUES (178749, 4, 1, 0, 0, 823.31, 823.31, 1, 8, 20, 19519, 17033, 162, 20827, 1, '2015-02-26 22:47:55', '2015-02-26 22:47:55', NULL, 0.0, 0.0, 0.0, 357);

INSERT INTO `meeting_individual_results` (`id`, `rank`, `is_play_off`, `is_out_of_race`, `is_disqualified`, `standard_points`, `meeting_individual_points`, `minutes`, `seconds`, `hundreds`, `meeting_program_id`, `swimmer_id`, `team_id`, `badge_id`, `user_id`, `created_at`, `updated_at`, `disqualification_code_type_id`, `goggle_cup_points`, `reaction_time`, `team_points`, `team_affiliation_id`)
  VALUES (178750, 5, 1, 0, 0, 811.53, 811.53, 1, 9, 19, 19519, 16294, 364, 20070, 1, '2015-02-26 22:47:56', '2015-02-26 22:47:56', NULL, 0.0, 0.0, 0.0, 583);

INSERT INTO `meeting_individual_results` (`id`, `rank`, `is_play_off`, `is_out_of_race`, `is_disqualified`, `standard_points`, `meeting_individual_points`, `minutes`, `seconds`, `hundreds`, `meeting_program_id`, `swimmer_id`, `team_id`, `badge_id`, `user_id`, `created_at`, `updated_at`, `disqualification_code_type_id`, `goggle_cup_points`, `reaction_time`, `team_points`, `team_affiliation_id`)
  VALUES (178751, 6, 1, 0, 0, 805.48, 805.48, 1, 9, 71, 19519, 8695, 364, 12323, 1, '2015-02-26 22:47:56', '2015-02-26 22:47:56', NULL, 0.0, 0.0, 0.0, 583);

INSERT INTO `meeting_individual_results` (`id`, `rank`, `is_play_off`, `is_out_of_race`, `is_disqualified`, `standard_points`, `meeting_individual_points`, `minutes`, `seconds`, `hundreds`, `meeting_program_id`, `swimmer_id`, `team_id`, `badge_id`, `user_id`, `created_at`, `updated_at`, `disqualification_code_type_id`, `goggle_cup_points`, `reaction_time`, `team_points`, `team_affiliation_id`)
  VALUES (178752, 7, 1, 0, 0, 795.1, 795.1, 1, 10, 62, 19519, 12646, 466, 16388, 1, '2015-02-26 22:47:56', '2015-02-26 22:47:56', NULL, 0.0, 0.0, 0.0, 686);

INSERT INTO `meeting_individual_results` (`id`, `rank`, `is_play_off`, `is_out_of_race`, `is_disqualified`, `standard_points`, `meeting_individual_points`, `minutes`, `seconds`, `hundreds`, `meeting_program_id`, `swimmer_id`, `team_id`, `badge_id`, `user_id`, `created_at`, `updated_at`, `disqualification_code_type_id`, `goggle_cup_points`, `reaction_time`, `team_points`, `team_affiliation_id`)
  VALUES (178753, 8, 1, 0, 0, 714.19, 714.19, 1, 18, 62, 19519, 17031, 451, 20828, 1, '2015-02-26 22:47:57', '2015-02-26 22:47:57', NULL, 0.0, 0.0, 0.0, 671);

INSERT INTO `meeting_individual_results` (`id`, `rank`, `is_play_off`, `is_out_of_race`, `is_disqualified`, `standard_points`, `meeting_individual_points`, `minutes`, `seconds`, `hundreds`, `meeting_program_id`, `swimmer_id`, `team_id`, `badge_id`, `user_id`, `created_at`, `updated_at`, `disqualification_code_type_id`, `goggle_cup_points`, `reaction_time`, `team_points`, `team_affiliation_id`)
  VALUES (178754, 9, 1, 0, 0, 713.83, 713.83, 1, 18, 66, 19519, 10562, 516, 14186, 1, '2015-02-26 22:47:57', '2015-02-26 22:47:57', NULL, 0.0, 0.0, 0.0, 736);

INSERT INTO `meeting_individual_results` (`id`, `rank`, `is_play_off`, `is_out_of_race`, `is_disqualified`, `standard_points`, `meeting_individual_points`, `minutes`, `seconds`, `hundreds`, `meeting_program_id`, `swimmer_id`, `team_id`, `badge_id`, `user_id`, `created_at`, `updated_at`, `disqualification_code_type_id`, `goggle_cup_points`, `reaction_time`, `team_points`, `team_affiliation_id`)
  VALUES (178755, 1, 1, 0, 0, 836.61, 836.61, 1, 7, 57, 19520, 3187, 177, 6407, 1, '2015-02-26 22:47:57', '2015-02-26 22:47:57', NULL, 0.0, 0.0, 0.0, 372);

INSERT INTO `meeting_individual_results` (`id`, `rank`, `is_play_off`, `is_out_of_race`, `is_disqualified`, `standard_points`, `meeting_individual_points`, `minutes`, `seconds`, `hundreds`, `meeting_program_id`, `swimmer_id`, `team_id`, `badge_id`, `user_id`, `created_at`, `updated_at`, `disqualification_code_type_id`, `goggle_cup_points`, `reaction_time`, `team_points`, `team_affiliation_id`)
  VALUES (178756, 2, 1, 0, 0, 830.83, 830.83, 1, 8, 4, 19520, 2982, 172, 6196, 1, '2015-02-26 22:47:58', '2015-02-26 22:47:58', NULL, 0.0, 0.0, 0.0, 367);

INSERT INTO `meeting_individual_results` (`id`, `rank`, `is_play_off`, `is_out_of_race`, `is_disqualified`, `standard_points`, `meeting_individual_points`, `minutes`, `seconds`, `hundreds`, `meeting_program_id`, `swimmer_id`, `team_id`, `badge_id`, `user_id`, `created_at`, `updated_at`, `disqualification_code_type_id`, `goggle_cup_points`, `reaction_time`, `team_points`, `team_affiliation_id`)
  VALUES (178757, 3, 1, 0, 0, 704.77, 704.77, 1, 20, 21, 19520, 8687, 102, 12341, 1, '2015-02-26 22:47:58', '2015-02-26 22:47:58', NULL, 0.0, 0.0, 0.0, 295);

INSERT INTO `meeting_individual_results` (`id`, `rank`, `is_play_off`, `is_out_of_race`, `is_disqualified`, `standard_points`, `meeting_individual_points`, `minutes`, `seconds`, `hundreds`, `meeting_program_id`, `swimmer_id`, `team_id`, `badge_id`, `user_id`, `created_at`, `updated_at`, `disqualification_code_type_id`, `goggle_cup_points`, `reaction_time`, `team_points`, `team_affiliation_id`)
  VALUES (178758, 4, 1, 0, 0, 700.5, 700.5, 1, 20, 70, 19520, 5849, 333, 9353, 1, '2015-02-26 22:47:58', '2015-02-26 22:47:58', NULL, 0.0, 0.0, 0.0, 550);

INSERT INTO `meeting_individual_results` (`id`, `rank`, `is_play_off`, `is_out_of_race`, `is_disqualified`, `standard_points`, `meeting_individual_points`, `minutes`, `seconds`, `hundreds`, `meeting_program_id`, `swimmer_id`, `team_id`, `badge_id`, `user_id`, `created_at`, `updated_at`, `disqualification_code_type_id`, `goggle_cup_points`, `reaction_time`, `team_points`, `team_affiliation_id`)
  VALUES (178759, 5, 1, 0, 0, 697.04, 697.04, 1, 21, 10, 19520, 2713, 173, 5918, 1, '2015-02-26 22:47:59', '2015-02-26 22:47:59', NULL, 0.0, 0.0, 0.0, 368);

INSERT INTO `meeting_individual_results` (`id`, `rank`, `is_play_off`, `is_out_of_race`, `is_disqualified`, `standard_points`, `meeting_individual_points`, `minutes`, `seconds`, `hundreds`, `meeting_program_id`, `swimmer_id`, `team_id`, `badge_id`, `user_id`, `created_at`, `updated_at`, `disqualification_code_type_id`, `goggle_cup_points`, `reaction_time`, `team_points`, `team_affiliation_id`)
  VALUES (178760, 6, 1, 0, 0, 653.83, 653.83, 1, 26, 46, 19520, 8497, 102, 12246, 1, '2015-02-26 22:47:59', '2015-02-26 22:47:59', NULL, 0.0, 0.0, 0.0, 295);

INSERT INTO `meeting_individual_results` (`id`, `rank`, `is_play_off`, `is_out_of_race`, `is_disqualified`, `standard_points`, `meeting_individual_points`, `minutes`, `seconds`, `hundreds`, `meeting_program_id`, `swimmer_id`, `team_id`, `badge_id`, `user_id`, `created_at`, `updated_at`, `disqualification_code_type_id`, `goggle_cup_points`, `reaction_time`, `team_points`, `team_affiliation_id`)
  VALUES (178761, 7, 1, 0, 0, 635.31, 635.31, 1, 28, 98, 19520, 17055, 364, 20829, 1, '2015-02-26 22:47:59', '2015-02-26 22:47:59', NULL, 0.0, 0.0, 0.0, 583);

INSERT INTO `meeting_individual_results` (`id`, `rank`, `is_play_off`, `is_out_of_race`, `is_disqualified`, `standard_points`, `meeting_individual_points`, `minutes`, `seconds`, `hundreds`, `meeting_program_id`, `swimmer_id`, `team_id`, `badge_id`, `user_id`, `created_at`, `updated_at`, `disqualification_code_type_id`, `goggle_cup_points`, `reaction_time`, `team_points`, `team_affiliation_id`)
  VALUES (178762, 8, 1, 0, 0, 631.55, 631.55, 1, 29, 51, 19520, 14844, 364, 18650, 1, '2015-02-26 22:48:00', '2015-02-26 22:48:00', NULL, 0.0, 0.0, 0.0, 583);

INSERT INTO `meeting_individual_results` (`id`, `rank`, `is_play_off`, `is_out_of_race`, `is_disqualified`, `standard_points`, `meeting_individual_points`, `minutes`, `seconds`, `hundreds`, `meeting_program_id`, `swimmer_id`, `team_id`, `badge_id`, `user_id`, `created_at`, `updated_at`, `disqualification_code_type_id`, `goggle_cup_points`, `reaction_time`, `team_points`, `team_affiliation_id`)
  VALUES (178763, 1, 1, 0, 0, 780.74, 780.74, 1, 13, 84, 19521, 724, 42, 7345, 1, '2015-02-26 22:48:00', '2015-02-26 22:48:00', NULL, 0.0, 0.0, 0.0, 235);

INSERT INTO `meeting_individual_results` (`id`, `rank`, `is_play_off`, `is_out_of_race`, `is_disqualified`, `standard_points`, `meeting_individual_points`, `minutes`, `seconds`, `hundreds`, `meeting_program_id`, `swimmer_id`, `team_id`, `badge_id`, `user_id`, `created_at`, `updated_at`, `disqualification_code_type_id`, `goggle_cup_points`, `reaction_time`, `team_points`, `team_affiliation_id`)
  VALUES (178764, 2, 1, 0, 0, 761.76, 761.76, 1, 15, 68, 19521, 6547, 114, 9799, 1, '2015-02-26 22:48:01', '2015-02-26 22:48:01', NULL, 0.0, 0.0, 0.0, 307);

INSERT INTO `meeting_individual_results` (`id`, `rank`, `is_play_off`, `is_out_of_race`, `is_disqualified`, `standard_points`, `meeting_individual_points`, `minutes`, `seconds`, `hundreds`, `meeting_program_id`, `swimmer_id`, `team_id`, `badge_id`, `user_id`, `created_at`, `updated_at`, `disqualification_code_type_id`, `goggle_cup_points`, `reaction_time`, `team_points`, `team_affiliation_id`)
  VALUES (178765, 3, 1, 0, 0, 747.92, 747.92, 1, 17, 8, 19521, 17051, 102, 20830, 1, '2015-02-26 22:48:01', '2015-02-26 22:48:01', NULL, 0.0, 0.0, 0.0, 295);

INSERT INTO `meeting_individual_results` (`id`, `rank`, `is_play_off`, `is_out_of_race`, `is_disqualified`, `standard_points`, `meeting_individual_points`, `minutes`, `seconds`, `hundreds`, `meeting_program_id`, `swimmer_id`, `team_id`, `badge_id`, `user_id`, `created_at`, `updated_at`, `disqualification_code_type_id`, `goggle_cup_points`, `reaction_time`, `team_points`, `team_affiliation_id`)
  VALUES (178766, 4, 1, 0, 0, 745.41, 745.41, 1, 17, 34, 19521, 5657, 74, 9409, 1, '2015-02-26 22:48:01', '2015-02-26 22:48:01', NULL, 0.0, 0.0, 0.0, 267);

INSERT INTO `meeting_individual_results` (`id`, `rank`, `is_play_off`, `is_out_of_race`, `is_disqualified`, `standard_points`, `meeting_individual_points`, `minutes`, `seconds`, `hundreds`, `meeting_program_id`, `swimmer_id`, `team_id`, `badge_id`, `user_id`, `created_at`, `updated_at`, `disqualification_code_type_id`, `goggle_cup_points`, `reaction_time`, `team_points`, `team_affiliation_id`)
  VALUES (178767, 5, 1, 0, 0, 733.74, 733.74, 1, 18, 57, 19521, 17050, 466, 20831, 1, '2015-02-26 22:48:01', '2015-02-26 22:48:01', NULL, 0.0, 0.0, 0.0, 686);

INSERT INTO `meeting_individual_results` (`id`, `rank`, `is_play_off`, `is_out_of_race`, `is_disqualified`, `standard_points`, `meeting_individual_points`, `minutes`, `seconds`, `hundreds`, `meeting_program_id`, `swimmer_id`, `team_id`, `badge_id`, `user_id`, `created_at`, `updated_at`, `disqualification_code_type_id`, `goggle_cup_points`, `reaction_time`, `team_points`, `team_affiliation_id`)
  VALUES (178768, 6, 1, 0, 0, 729.56, 729.56, 1, 19, 2, 19521, 11379, 516, 15163, 1, '2015-02-26 22:48:02', '2015-02-26 22:48:02', NULL, 0.0, 0.0, 0.0, 736);

INSERT INTO `meeting_individual_results` (`id`, `rank`, `is_play_off`, `is_out_of_race`, `is_disqualified`, `standard_points`, `meeting_individual_points`, `minutes`, `seconds`, `hundreds`, `meeting_program_id`, `swimmer_id`, `team_id`, `badge_id`, `user_id`, `created_at`, `updated_at`, `disqualification_code_type_id`, `goggle_cup_points`, `reaction_time`, `team_points`, `team_affiliation_id`)
  VALUES (178769, 7, 1, 0, 0, 725.34, 725.34, 1, 19, 48, 19521, 12675, 361, 16398, 1, '2015-02-26 22:48:02', '2015-02-26 22:48:02', NULL, 0.0, 0.0, 0.0, 578);

INSERT INTO `meeting_individual_results` (`id`, `rank`, `is_play_off`, `is_out_of_race`, `is_disqualified`, `standard_points`, `meeting_individual_points`, `minutes`, `seconds`, `hundreds`, `meeting_program_id`, `swimmer_id`, `team_id`, `badge_id`, `user_id`, `created_at`, `updated_at`, `disqualification_code_type_id`, `goggle_cup_points`, `reaction_time`, `team_points`, `team_affiliation_id`)
  VALUES (178770, 8, 1, 0, 0, 651.63, 651.63, 1, 28, 47, 19521, 2431, 71, 5631, 1, '2015-02-26 22:48:02', '2015-02-26 22:48:02', NULL, 0.0, 0.0, 0.0, 264);

INSERT INTO `meeting_individual_results` (`id`, `rank`, `is_play_off`, `is_out_of_race`, `is_disqualified`, `standard_points`, `meeting_individual_points`, `minutes`, `seconds`, `hundreds`, `meeting_program_id`, `swimmer_id`, `team_id`, `badge_id`, `user_id`, `created_at`, `updated_at`, `disqualification_code_type_id`, `goggle_cup_points`, `reaction_time`, `team_points`, `team_affiliation_id`)
  VALUES (178771, 9, 1, 0, 0, 645.14, 645.14, 1, 29, 36, 19521, 8510, 102, 12357, 1, '2015-02-26 22:48:02', '2015-02-26 22:48:02', NULL, 0.0, 0.0, 0.0, 295);

INSERT INTO `meeting_individual_results` (`id`, `rank`, `is_play_off`, `is_out_of_race`, `is_disqualified`, `standard_points`, `meeting_individual_points`, `minutes`, `seconds`, `hundreds`, `meeting_program_id`, `swimmer_id`, `team_id`, `badge_id`, `user_id`, `created_at`, `updated_at`, `disqualification_code_type_id`, `goggle_cup_points`, `reaction_time`, `team_points`, `team_affiliation_id`)
  VALUES (178772, 10, 1, 0, 0, 641.55, 641.55, 1, 29, 86, 19521, 6713, 307, 10456, 1, '2015-02-26 22:48:02', '2015-02-26 22:48:02', NULL, 0.0, 0.0, 0.0, 524);

INSERT INTO `meeting_individual_results` (`id`, `rank`, `is_play_off`, `is_out_of_race`, `is_disqualified`, `standard_points`, `meeting_individual_points`, `minutes`, `seconds`, `hundreds`, `meeting_program_id`, `swimmer_id`, `team_id`, `badge_id`, `user_id`, `created_at`, `updated_at`, `disqualification_code_type_id`, `goggle_cup_points`, `reaction_time`, `team_points`, `team_affiliation_id`)
  VALUES (178773, 11, 1, 0, 0, 628.06, 628.06, 1, 31, 79, 19521, 8668, 466, 12356, 1, '2015-02-26 22:48:02', '2015-02-26 22:48:02', NULL, 0.0, 0.0, 0.0, 686);

INSERT INTO `meeting_individual_results` (`id`, `rank`, `is_play_off`, `is_out_of_race`, `is_disqualified`, `standard_points`, `meeting_individual_points`, `minutes`, `seconds`, `hundreds`, `meeting_program_id`, `swimmer_id`, `team_id`, `badge_id`, `user_id`, `created_at`, `updated_at`, `disqualification_code_type_id`, `goggle_cup_points`, `reaction_time`, `team_points`, `team_affiliation_id`)
  VALUES (178774, 12, 1, 0, 1, 0.0, 0.0, 0, 0, 0, 19521, 10433, 172, 14256, 1, '2015-02-26 22:48:02', '2015-02-26 22:48:02', 1, 0.0, 0.0, 0.0, 367);

INSERT INTO `meeting_individual_results` (`id`, `rank`, `is_play_off`, `is_out_of_race`, `is_disqualified`, `standard_points`, `meeting_individual_points`, `minutes`, `seconds`, `hundreds`, `meeting_program_id`, `swimmer_id`, `team_id`, `badge_id`, `user_id`, `created_at`, `updated_at`, `disqualification_code_type_id`, `goggle_cup_points`, `reaction_time`, `team_points`, `team_affiliation_id`)
  VALUES (178775, 1, 1, 0, 0, 877.37, 877.37, 1, 7, 44, 19522, 5368, 309, 9252, 1, '2015-02-26 22:48:03', '2015-02-26 22:48:03', NULL, 0.0, 0.0, 0.0, 526);

INSERT INTO `meeting_individual_results` (`id`, `rank`, `is_play_off`, `is_out_of_race`, `is_disqualified`, `standard_points`, `meeting_individual_points`, `minutes`, `seconds`, `hundreds`, `meeting_program_id`, `swimmer_id`, `team_id`, `badge_id`, `user_id`, `created_at`, `updated_at`, `disqualification_code_type_id`, `goggle_cup_points`, `reaction_time`, `team_points`, `team_affiliation_id`)
  VALUES (178776, 2, 1, 0, 0, 872.2, 872.2, 1, 7, 84, 19522, 12615, 364, 16436, 1, '2015-02-26 22:48:03', '2015-02-26 22:48:03', NULL, 0.0, 0.0, 0.0, 583);

INSERT INTO `meeting_individual_results` (`id`, `rank`, `is_play_off`, `is_out_of_race`, `is_disqualified`, `standard_points`, `meeting_individual_points`, `minutes`, `seconds`, `hundreds`, `meeting_program_id`, `swimmer_id`, `team_id`, `badge_id`, `user_id`, `created_at`, `updated_at`, `disqualification_code_type_id`, `goggle_cup_points`, `reaction_time`, `team_points`, `team_affiliation_id`)
  VALUES (178777, 3, 1, 0, 0, 868.23, 868.23, 1, 8, 15, 19522, 8514, 456, 12393, 1, '2015-02-26 22:48:03', '2015-02-26 22:48:03', NULL, 0.0, 0.0, 0.0, 676);

INSERT INTO `meeting_individual_results` (`id`, `rank`, `is_play_off`, `is_out_of_race`, `is_disqualified`, `standard_points`, `meeting_individual_points`, `minutes`, `seconds`, `hundreds`, `meeting_program_id`, `swimmer_id`, `team_id`, `badge_id`, `user_id`, `created_at`, `updated_at`, `disqualification_code_type_id`, `goggle_cup_points`, `reaction_time`, `team_points`, `team_affiliation_id`)
  VALUES (178778, 4, 1, 0, 0, 810.66, 810.66, 1, 12, 99, 19522, 10570, 516, 14170, 1, '2015-02-26 22:48:03', '2015-02-26 22:48:03', NULL, 0.0, 0.0, 0.0, 736);

INSERT INTO `meeting_individual_results` (`id`, `rank`, `is_play_off`, `is_out_of_race`, `is_disqualified`, `standard_points`, `meeting_individual_points`, `minutes`, `seconds`, `hundreds`, `meeting_program_id`, `swimmer_id`, `team_id`, `badge_id`, `user_id`, `created_at`, `updated_at`, `disqualification_code_type_id`, `goggle_cup_points`, `reaction_time`, `team_points`, `team_affiliation_id`)
  VALUES (178779, 5, 1, 0, 0, 781.02, 781.02, 1, 15, 76, 19522, 2739, 99, 5945, 1, '2015-02-26 22:48:03', '2015-02-26 22:48:03', NULL, 0.0, 0.0, 0.0, 292);

INSERT INTO `meeting_individual_results` (`id`, `rank`, `is_play_off`, `is_out_of_race`, `is_disqualified`, `standard_points`, `meeting_individual_points`, `minutes`, `seconds`, `hundreds`, `meeting_program_id`, `swimmer_id`, `team_id`, `badge_id`, `user_id`, `created_at`, `updated_at`, `disqualification_code_type_id`, `goggle_cup_points`, `reaction_time`, `team_points`, `team_affiliation_id`)
  VALUES (178780, 6, 1, 0, 0, 756.17, 756.17, 1, 18, 25, 19522, 17034, 309, 20832, 1, '2015-02-26 22:48:03', '2015-02-26 22:48:03', NULL, 0.0, 0.0, 0.0, 526);

INSERT INTO `meeting_individual_results` (`id`, `rank`, `is_play_off`, `is_out_of_race`, `is_disqualified`, `standard_points`, `meeting_individual_points`, `minutes`, `seconds`, `hundreds`, `meeting_program_id`, `swimmer_id`, `team_id`, `badge_id`, `user_id`, `created_at`, `updated_at`, `disqualification_code_type_id`, `goggle_cup_points`, `reaction_time`, `team_points`, `team_affiliation_id`)
  VALUES (178781, 7, 1, 0, 0, 731.58, 731.58, 1, 20, 88, 19522, 2747, 173, 5953, 1, '2015-02-26 22:48:04', '2015-02-26 22:48:04', NULL, 0.0, 0.0, 0.0, 368);

INSERT INTO `meeting_individual_results` (`id`, `rank`, `is_play_off`, `is_out_of_race`, `is_disqualified`, `standard_points`, `meeting_individual_points`, `minutes`, `seconds`, `hundreds`, `meeting_program_id`, `swimmer_id`, `team_id`, `badge_id`, `user_id`, `created_at`, `updated_at`, `disqualification_code_type_id`, `goggle_cup_points`, `reaction_time`, `team_points`, `team_affiliation_id`)
  VALUES (178782, 8, 1, 0, 0, 729.14, 729.14, 1, 21, 15, 19522, 8685, 466, 12362, 1, '2015-02-26 22:48:04', '2015-02-26 22:48:04', NULL, 0.0, 0.0, 0.0, 686);

INSERT INTO `meeting_individual_results` (`id`, `rank`, `is_play_off`, `is_out_of_race`, `is_disqualified`, `standard_points`, `meeting_individual_points`, `minutes`, `seconds`, `hundreds`, `meeting_program_id`, `swimmer_id`, `team_id`, `badge_id`, `user_id`, `created_at`, `updated_at`, `disqualification_code_type_id`, `goggle_cup_points`, `reaction_time`, `team_points`, `team_affiliation_id`)
  VALUES (178783, 9, 1, 0, 0, 705.33, 705.33, 1, 23, 89, 19522, 17018, 309, 20833, 1, '2015-02-26 22:48:04', '2015-02-26 22:48:04', NULL, 0.0, 0.0, 0.0, 526);

INSERT INTO `meeting_individual_results` (`id`, `rank`, `is_play_off`, `is_out_of_race`, `is_disqualified`, `standard_points`, `meeting_individual_points`, `minutes`, `seconds`, `hundreds`, `meeting_program_id`, `swimmer_id`, `team_id`, `badge_id`, `user_id`, `created_at`, `updated_at`, `disqualification_code_type_id`, `goggle_cup_points`, `reaction_time`, `team_points`, `team_affiliation_id`)
  VALUES (178784, 10, 1, 0, 0, 693.91, 693.91, 1, 25, 27, 19522, 8489, 102, 12404, 1, '2015-02-26 22:48:04', '2015-02-26 22:48:04', NULL, 0.0, 0.0, 0.0, 295);

INSERT INTO `meeting_individual_results` (`id`, `rank`, `is_play_off`, `is_out_of_race`, `is_disqualified`, `standard_points`, `meeting_individual_points`, `minutes`, `seconds`, `hundreds`, `meeting_program_id`, `swimmer_id`, `team_id`, `badge_id`, `user_id`, `created_at`, `updated_at`, `disqualification_code_type_id`, `goggle_cup_points`, `reaction_time`, `team_points`, `team_affiliation_id`)
  VALUES (178785, 11, 1, 0, 0, 679.18, 679.18, 1, 27, 12, 19522, 17025, 172, 20834, 1, '2015-02-26 22:48:05', '2015-02-26 22:48:05', NULL, 0.0, 0.0, 0.0, 367);

INSERT INTO `meeting_individual_results` (`id`, `rank`, `is_play_off`, `is_out_of_race`, `is_disqualified`, `standard_points`, `meeting_individual_points`, `minutes`, `seconds`, `hundreds`, `meeting_program_id`, `swimmer_id`, `team_id`, `badge_id`, `user_id`, `created_at`, `updated_at`, `disqualification_code_type_id`, `goggle_cup_points`, `reaction_time`, `team_points`, `team_affiliation_id`)
  VALUES (178786, 1, 1, 0, 0, 865.53, 865.53, 1, 9, 83, 19523, 4021, 108, 7280, 1, '2015-02-26 22:48:05', '2015-02-26 22:48:05', NULL, 0.0, 0.0, 0.0, 301);

INSERT INTO `meeting_individual_results` (`id`, `rank`, `is_play_off`, `is_out_of_race`, `is_disqualified`, `standard_points`, `meeting_individual_points`, `minutes`, `seconds`, `hundreds`, `meeting_program_id`, `swimmer_id`, `team_id`, `badge_id`, `user_id`, `created_at`, `updated_at`, `disqualification_code_type_id`, `goggle_cup_points`, `reaction_time`, `team_points`, `team_affiliation_id`)
  VALUES (178787, 2, 1, 0, 0, 828.29, 828.29, 1, 12, 97, 19523, 14250, 309, 17744, 1, '2015-02-26 22:48:05', '2015-02-26 22:48:05', NULL, 0.0, 0.0, 0.0, 526);

INSERT INTO `meeting_individual_results` (`id`, `rank`, `is_play_off`, `is_out_of_race`, `is_disqualified`, `standard_points`, `meeting_individual_points`, `minutes`, `seconds`, `hundreds`, `meeting_program_id`, `swimmer_id`, `team_id`, `badge_id`, `user_id`, `created_at`, `updated_at`, `disqualification_code_type_id`, `goggle_cup_points`, `reaction_time`, `team_points`, `team_affiliation_id`)
  VALUES (178788, 3, 1, 0, 0, 798.2, 798.2, 1, 15, 72, 19523, 12673, 364, 16411, 1, '2015-02-26 22:48:05', '2015-02-26 22:48:05', NULL, 0.0, 0.0, 0.0, 583);

INSERT INTO `meeting_individual_results` (`id`, `rank`, `is_play_off`, `is_out_of_race`, `is_disqualified`, `standard_points`, `meeting_individual_points`, `minutes`, `seconds`, `hundreds`, `meeting_program_id`, `swimmer_id`, `team_id`, `badge_id`, `user_id`, `created_at`, `updated_at`, `disqualification_code_type_id`, `goggle_cup_points`, `reaction_time`, `team_points`, `team_affiliation_id`)
  VALUES (178789, 4, 1, 0, 0, 754.27, 754.27, 1, 20, 13, 19523, 11361, 307, 15174, 1, '2015-02-26 22:48:06', '2015-02-26 22:48:06', NULL, 0.0, 0.0, 0.0, 524);

INSERT INTO `meeting_individual_results` (`id`, `rank`, `is_play_off`, `is_out_of_race`, `is_disqualified`, `standard_points`, `meeting_individual_points`, `minutes`, `seconds`, `hundreds`, `meeting_program_id`, `swimmer_id`, `team_id`, `badge_id`, `user_id`, `created_at`, `updated_at`, `disqualification_code_type_id`, `goggle_cup_points`, `reaction_time`, `team_points`, `team_affiliation_id`)
  VALUES (178790, 5, 1, 0, 0, 648.15, 648.15, 1, 33, 25, 19523, 11335, 102, 15096, 1, '2015-02-26 22:48:06', '2015-02-26 22:48:06', NULL, 0.0, 0.0, 0.0, 295);

INSERT INTO `meeting_individual_results` (`id`, `rank`, `is_play_off`, `is_out_of_race`, `is_disqualified`, `standard_points`, `meeting_individual_points`, `minutes`, `seconds`, `hundreds`, `meeting_program_id`, `swimmer_id`, `team_id`, `badge_id`, `user_id`, `created_at`, `updated_at`, `disqualification_code_type_id`, `goggle_cup_points`, `reaction_time`, `team_points`, `team_affiliation_id`)
  VALUES (178791, 1, 1, 0, 0, 879.64, 879.64, 1, 11, 12, 19524, 2201, 108, 5397, 1, '2015-02-26 22:48:07', '2015-02-26 22:48:07', NULL, 0.0, 0.0, 0.0, 301);

INSERT INTO `meeting_individual_results` (`id`, `rank`, `is_play_off`, `is_out_of_race`, `is_disqualified`, `standard_points`, `meeting_individual_points`, `minutes`, `seconds`, `hundreds`, `meeting_program_id`, `swimmer_id`, `team_id`, `badge_id`, `user_id`, `created_at`, `updated_at`, `disqualification_code_type_id`, `goggle_cup_points`, `reaction_time`, `team_points`, `team_affiliation_id`)
  VALUES (178792, 2, 1, 0, 0, 769.5, 769.5, 1, 21, 30, 19524, 5052, 309, 8895, 1, '2015-02-26 22:48:07', '2015-02-26 22:48:07', NULL, 0.0, 0.0, 0.0, 526);

INSERT INTO `meeting_individual_results` (`id`, `rank`, `is_play_off`, `is_out_of_race`, `is_disqualified`, `standard_points`, `meeting_individual_points`, `minutes`, `seconds`, `hundreds`, `meeting_program_id`, `swimmer_id`, `team_id`, `badge_id`, `user_id`, `created_at`, `updated_at`, `disqualification_code_type_id`, `goggle_cup_points`, `reaction_time`, `team_points`, `team_affiliation_id`)
  VALUES (178793, 3, 1, 0, 0, 749.13, 749.13, 1, 23, 51, 19524, 2004, 68, 5189, 1, '2015-02-26 22:48:07', '2015-02-26 22:48:07', NULL, 0.0, 0.0, 0.0, 261);

INSERT INTO `meeting_individual_results` (`id`, `rank`, `is_play_off`, `is_out_of_race`, `is_disqualified`, `standard_points`, `meeting_individual_points`, `minutes`, `seconds`, `hundreds`, `meeting_program_id`, `swimmer_id`, `team_id`, `badge_id`, `user_id`, `created_at`, `updated_at`, `disqualification_code_type_id`, `goggle_cup_points`, `reaction_time`, `team_points`, `team_affiliation_id`)
  VALUES (178794, 4, 1, 0, 0, 744.05, 744.05, 1, 24, 8, 19524, 5636, 333, 9436, 1, '2015-02-26 22:48:07', '2015-02-26 22:48:07', NULL, 0.0, 0.0, 0.0, 550);

INSERT INTO `meeting_individual_results` (`id`, `rank`, `is_play_off`, `is_out_of_race`, `is_disqualified`, `standard_points`, `meeting_individual_points`, `minutes`, `seconds`, `hundreds`, `meeting_program_id`, `swimmer_id`, `team_id`, `badge_id`, `user_id`, `created_at`, `updated_at`, `disqualification_code_type_id`, `goggle_cup_points`, `reaction_time`, `team_points`, `team_affiliation_id`)
  VALUES (178795, 5, 1, 0, 0, 741.14, 741.14, 1, 24, 41, 19524, 11329, 557, 15073, 1, '2015-02-26 22:48:08', '2015-02-26 22:48:08', NULL, 0.0, 0.0, 0.0, 777);

INSERT INTO `meeting_individual_results` (`id`, `rank`, `is_play_off`, `is_out_of_race`, `is_disqualified`, `standard_points`, `meeting_individual_points`, `minutes`, `seconds`, `hundreds`, `meeting_program_id`, `swimmer_id`, `team_id`, `badge_id`, `user_id`, `created_at`, `updated_at`, `disqualification_code_type_id`, `goggle_cup_points`, `reaction_time`, `team_points`, `team_affiliation_id`)
  VALUES (178796, 6, 1, 0, 0, 677.42, 677.42, 1, 32, 35, 19524, 4035, 67, 7298, 1, '2015-02-26 22:48:08', '2015-02-26 22:48:08', NULL, 0.0, 0.0, 0.0, 260);

INSERT INTO `meeting_individual_results` (`id`, `rank`, `is_play_off`, `is_out_of_race`, `is_disqualified`, `standard_points`, `meeting_individual_points`, `minutes`, `seconds`, `hundreds`, `meeting_program_id`, `swimmer_id`, `team_id`, `badge_id`, `user_id`, `created_at`, `updated_at`, `disqualification_code_type_id`, `goggle_cup_points`, `reaction_time`, `team_points`, `team_affiliation_id`)
  VALUES (178797, 7, 1, 0, 0, 670.88, 670.88, 1, 33, 25, 19524, 1058, 67, 9367, 1, '2015-02-26 22:48:08', '2015-02-26 22:48:08', NULL, 0.0, 0.0, 0.0, 260);

INSERT INTO `meeting_individual_results` (`id`, `rank`, `is_play_off`, `is_out_of_race`, `is_disqualified`, `standard_points`, `meeting_individual_points`, `minutes`, `seconds`, `hundreds`, `meeting_program_id`, `swimmer_id`, `team_id`, `badge_id`, `user_id`, `created_at`, `updated_at`, `disqualification_code_type_id`, `goggle_cup_points`, `reaction_time`, `team_points`, `team_affiliation_id`)
  VALUES (178798, 8, 1, 0, 0, 653.03, 653.03, 1, 35, 80, 19524, 8549, 466, 12201, 1, '2015-02-26 22:48:09', '2015-02-26 22:48:09', NULL, 0.0, 0.0, 0.0, 686);

INSERT INTO `meeting_individual_results` (`id`, `rank`, `is_play_off`, `is_out_of_race`, `is_disqualified`, `standard_points`, `meeting_individual_points`, `minutes`, `seconds`, `hundreds`, `meeting_program_id`, `swimmer_id`, `team_id`, `badge_id`, `user_id`, `created_at`, `updated_at`, `disqualification_code_type_id`, `goggle_cup_points`, `reaction_time`, `team_points`, `team_affiliation_id`)
  VALUES (178799, 1, 1, 0, 0, 732.6, 732.6, 1, 29, 49, 19525, 2450, 71, 5650, 1, '2015-02-26 22:48:09', '2015-02-26 22:48:09', NULL, 0.0, 0.0, 0.0, 264);

INSERT INTO `meeting_individual_results` (`id`, `rank`, `is_play_off`, `is_out_of_race`, `is_disqualified`, `standard_points`, `meeting_individual_points`, `minutes`, `seconds`, `hundreds`, `meeting_program_id`, `swimmer_id`, `team_id`, `badge_id`, `user_id`, `created_at`, `updated_at`, `disqualification_code_type_id`, `goggle_cup_points`, `reaction_time`, `team_points`, `team_affiliation_id`)
  VALUES (178800, 2, 1, 0, 0, 713.15, 713.15, 1, 31, 93, 19525, 8670, 102, 12382, 1, '2015-02-26 22:48:09', '2015-02-26 22:48:09', NULL, 0.0, 0.0, 0.0, 295);

INSERT INTO `meeting_individual_results` (`id`, `rank`, `is_play_off`, `is_out_of_race`, `is_disqualified`, `standard_points`, `meeting_individual_points`, `minutes`, `seconds`, `hundreds`, `meeting_program_id`, `swimmer_id`, `team_id`, `badge_id`, `user_id`, `created_at`, `updated_at`, `disqualification_code_type_id`, `goggle_cup_points`, `reaction_time`, `team_points`, `team_affiliation_id`)
  VALUES (178801, 3, 1, 0, 0, 687.79, 687.79, 1, 35, 32, 19525, 943, 67, 8803, 1, '2015-02-26 22:48:10', '2015-02-26 22:48:10', NULL, 0.0, 0.0, 0.0, 260);

INSERT INTO `meeting_individual_results` (`id`, `rank`, `is_play_off`, `is_out_of_race`, `is_disqualified`, `standard_points`, `meeting_individual_points`, `minutes`, `seconds`, `hundreds`, `meeting_program_id`, `swimmer_id`, `team_id`, `badge_id`, `user_id`, `created_at`, `updated_at`, `disqualification_code_type_id`, `goggle_cup_points`, `reaction_time`, `team_points`, `team_affiliation_id`)
  VALUES (178802, 4, 1, 0, 0, 609.35, 609.35, 1, 47, 59, 19525, 8645, 102, 12258, 1, '2015-02-26 22:48:10', '2015-02-26 22:48:10', NULL, 0.0, 0.0, 0.0, 295);

INSERT INTO `meeting_individual_results` (`id`, `rank`, `is_play_off`, `is_out_of_race`, `is_disqualified`, `standard_points`, `meeting_individual_points`, `minutes`, `seconds`, `hundreds`, `meeting_program_id`, `swimmer_id`, `team_id`, `badge_id`, `user_id`, `created_at`, `updated_at`, `disqualification_code_type_id`, `goggle_cup_points`, `reaction_time`, `team_points`, `team_affiliation_id`)
  VALUES (178803, 1, 1, 0, 0, 716.3, 716.3, 1, 34, 43, 19526, 2159, 102, 5352, 1, '2015-02-26 22:48:11', '2015-02-26 22:48:11', NULL, 0.0, 0.0, 0.0, 295);

INSERT INTO `meeting_individual_results` (`id`, `rank`, `is_play_off`, `is_out_of_race`, `is_disqualified`, `standard_points`, `meeting_individual_points`, `minutes`, `seconds`, `hundreds`, `meeting_program_id`, `swimmer_id`, `team_id`, `badge_id`, `user_id`, `created_at`, `updated_at`, `disqualification_code_type_id`, `goggle_cup_points`, `reaction_time`, `team_points`, `team_affiliation_id`)
  VALUES (178804, 1, 1, 0, 0, 831.02, 831.02, 1, 27, 17, 19527, 8518, 102, 12260, 1, '2015-02-26 22:48:11', '2015-02-26 22:48:11', NULL, 0.0, 0.0, 0.0, 295);

INSERT INTO `meeting_individual_results` (`id`, `rank`, `is_play_off`, `is_out_of_race`, `is_disqualified`, `standard_points`, `meeting_individual_points`, `minutes`, `seconds`, `hundreds`, `meeting_program_id`, `swimmer_id`, `team_id`, `badge_id`, `user_id`, `created_at`, `updated_at`, `disqualification_code_type_id`, `goggle_cup_points`, `reaction_time`, `team_points`, `team_affiliation_id`)
  VALUES (178805, 2, 1, 0, 0, 805.69, 805.69, 1, 29, 91, 19527, 2451, 102, 5651, 1, '2015-02-26 22:48:11', '2015-02-26 22:48:11', NULL, 0.0, 0.0, 0.0, 295);

INSERT INTO `meeting_individual_results` (`id`, `rank`, `is_play_off`, `is_out_of_race`, `is_disqualified`, `standard_points`, `meeting_individual_points`, `minutes`, `seconds`, `hundreds`, `meeting_program_id`, `swimmer_id`, `team_id`, `badge_id`, `user_id`, `created_at`, `updated_at`, `disqualification_code_type_id`, `goggle_cup_points`, `reaction_time`, `team_points`, `team_affiliation_id`)
  VALUES (178806, 1, 1, 0, 0, 0.0, 0.0, 0, 58, 19, 19528, 14148, 162, 17939, 1, '2015-02-26 22:48:11', '2015-02-26 22:48:11', NULL, 0.0, 0.0, 0.0, 357);

INSERT INTO `meeting_individual_results` (`id`, `rank`, `is_play_off`, `is_out_of_race`, `is_disqualified`, `standard_points`, `meeting_individual_points`, `minutes`, `seconds`, `hundreds`, `meeting_program_id`, `swimmer_id`, `team_id`, `badge_id`, `user_id`, `created_at`, `updated_at`, `disqualification_code_type_id`, `goggle_cup_points`, `reaction_time`, `team_points`, `team_affiliation_id`)
  VALUES (178807, 2, 1, 0, 0, 0.0, 0.0, 1, 5, 18, 19528, 11336, 518, 15085, 1, '2015-02-26 22:48:12', '2015-02-26 22:48:12', NULL, 0.0, 0.0, 0.0, 738);

INSERT INTO `meeting_individual_results` (`id`, `rank`, `is_play_off`, `is_out_of_race`, `is_disqualified`, `standard_points`, `meeting_individual_points`, `minutes`, `seconds`, `hundreds`, `meeting_program_id`, `swimmer_id`, `team_id`, `badge_id`, `user_id`, `created_at`, `updated_at`, `disqualification_code_type_id`, `goggle_cup_points`, `reaction_time`, `team_points`, `team_affiliation_id`)
  VALUES (178808, 3, 1, 0, 0, 0.0, 0.0, 1, 7, 99, 19528, 5532, 307, 8817, 1, '2015-02-26 22:48:12', '2015-02-26 22:48:12', NULL, 0.0, 0.0, 0.0, 524);

INSERT INTO `meeting_individual_results` (`id`, `rank`, `is_play_off`, `is_out_of_race`, `is_disqualified`, `standard_points`, `meeting_individual_points`, `minutes`, `seconds`, `hundreds`, `meeting_program_id`, `swimmer_id`, `team_id`, `badge_id`, `user_id`, `created_at`, `updated_at`, `disqualification_code_type_id`, `goggle_cup_points`, `reaction_time`, `team_points`, `team_affiliation_id`)
  VALUES (178809, 4, 1, 0, 0, 0.0, 0.0, 1, 11, 81, 19528, 1697, 42, 7210, 1, '2015-02-26 22:48:12', '2015-02-26 22:48:12', NULL, 0.0, 0.0, 0.0, 235);

INSERT INTO `meeting_individual_results` (`id`, `rank`, `is_play_off`, `is_out_of_race`, `is_disqualified`, `standard_points`, `meeting_individual_points`, `minutes`, `seconds`, `hundreds`, `meeting_program_id`, `swimmer_id`, `team_id`, `badge_id`, `user_id`, `created_at`, `updated_at`, `disqualification_code_type_id`, `goggle_cup_points`, `reaction_time`, `team_points`, `team_affiliation_id`)
  VALUES (178810, 5, 1, 0, 0, 0.0, 0.0, 1, 13, 13, 19528, 1439, 42, 7213, 1, '2015-02-26 22:48:13', '2015-02-26 22:48:13', NULL, 0.0, 0.0, 0.0, 235);

INSERT INTO `meeting_individual_results` (`id`, `rank`, `is_play_off`, `is_out_of_race`, `is_disqualified`, `standard_points`, `meeting_individual_points`, `minutes`, `seconds`, `hundreds`, `meeting_program_id`, `swimmer_id`, `team_id`, `badge_id`, `user_id`, `created_at`, `updated_at`, `disqualification_code_type_id`, `goggle_cup_points`, `reaction_time`, `team_points`, `team_affiliation_id`)
  VALUES (178811, 6, 1, 0, 0, 0.0, 0.0, 1, 13, 19, 19528, 17017, 307, 20835, 1, '2015-02-26 22:48:13', '2015-02-26 22:48:13', NULL, 0.0, 0.0, 0.0, 524);

INSERT INTO `meeting_individual_results` (`id`, `rank`, `is_play_off`, `is_out_of_race`, `is_disqualified`, `standard_points`, `meeting_individual_points`, `minutes`, `seconds`, `hundreds`, `meeting_program_id`, `swimmer_id`, `team_id`, `badge_id`, `user_id`, `created_at`, `updated_at`, `disqualification_code_type_id`, `goggle_cup_points`, `reaction_time`, `team_points`, `team_affiliation_id`)
  VALUES (178812, 7, 1, 0, 0, 0.0, 0.0, 1, 14, 90, 19528, 4980, 307, 8818, 1, '2015-02-26 22:48:13', '2015-02-26 22:48:13', NULL, 0.0, 0.0, 0.0, 524);

INSERT INTO `meeting_individual_results` (`id`, `rank`, `is_play_off`, `is_out_of_race`, `is_disqualified`, `standard_points`, `meeting_individual_points`, `minutes`, `seconds`, `hundreds`, `meeting_program_id`, `swimmer_id`, `team_id`, `badge_id`, `user_id`, `created_at`, `updated_at`, `disqualification_code_type_id`, `goggle_cup_points`, `reaction_time`, `team_points`, `team_affiliation_id`)
  VALUES (178813, 1, 1, 0, 0, 831.57, 831.57, 1, 24, 90, 19529, 2626, 172, 5826, 1, '2015-02-26 22:48:13', '2015-02-26 22:48:13', NULL, 0.0, 0.0, 0.0, 367);

INSERT INTO `meeting_individual_results` (`id`, `rank`, `is_play_off`, `is_out_of_race`, `is_disqualified`, `standard_points`, `meeting_individual_points`, `minutes`, `seconds`, `hundreds`, `meeting_program_id`, `swimmer_id`, `team_id`, `badge_id`, `user_id`, `created_at`, `updated_at`, `disqualification_code_type_id`, `goggle_cup_points`, `reaction_time`, `team_points`, `team_affiliation_id`)
  VALUES (178814, 2, 1, 0, 0, 714.36, 714.36, 1, 38, 83, 19529, 4104, 255, 7388, 1, '2015-02-26 22:48:14', '2015-02-26 22:48:14', NULL, 0.0, 0.0, 0.0, 452);

INSERT INTO `meeting_individual_results` (`id`, `rank`, `is_play_off`, `is_out_of_race`, `is_disqualified`, `standard_points`, `meeting_individual_points`, `minutes`, `seconds`, `hundreds`, `meeting_program_id`, `swimmer_id`, `team_id`, `badge_id`, `user_id`, `created_at`, `updated_at`, `disqualification_code_type_id`, `goggle_cup_points`, `reaction_time`, `team_points`, `team_affiliation_id`)
  VALUES (178815, 3, 1, 0, 0, 707.13, 707.13, 1, 39, 84, 19529, 12682, 557, 16392, 1, '2015-02-26 22:48:14', '2015-02-26 22:48:14', NULL, 0.0, 0.0, 0.0, 777);

INSERT INTO `meeting_individual_results` (`id`, `rank`, `is_play_off`, `is_out_of_race`, `is_disqualified`, `standard_points`, `meeting_individual_points`, `minutes`, `seconds`, `hundreds`, `meeting_program_id`, `swimmer_id`, `team_id`, `badge_id`, `user_id`, `created_at`, `updated_at`, `disqualification_code_type_id`, `goggle_cup_points`, `reaction_time`, `team_points`, `team_affiliation_id`)
  VALUES (178816, 1, 1, 0, 0, 644.24, 644.24, 1, 51, 76, 19530, 12614, 361, 16394, 1, '2015-02-26 22:48:15', '2015-02-26 22:48:15', NULL, 0.0, 0.0, 0.0, 578);

INSERT INTO `meeting_individual_results` (`id`, `rank`, `is_play_off`, `is_out_of_race`, `is_disqualified`, `standard_points`, `meeting_individual_points`, `minutes`, `seconds`, `hundreds`, `meeting_program_id`, `swimmer_id`, `team_id`, `badge_id`, `user_id`, `created_at`, `updated_at`, `disqualification_code_type_id`, `goggle_cup_points`, `reaction_time`, `team_points`, `team_affiliation_id`)
  VALUES (178817, 1, 1, 0, 0, 731.13, 731.13, 1, 38, 86, 19531, 6014, 154, 9619, 1, '2015-02-26 22:48:15', '2015-02-26 22:48:15', NULL, 0.0, 0.0, 0.0, 349);

INSERT INTO `meeting_individual_results` (`id`, `rank`, `is_play_off`, `is_out_of_race`, `is_disqualified`, `standard_points`, `meeting_individual_points`, `minutes`, `seconds`, `hundreds`, `meeting_program_id`, `swimmer_id`, `team_id`, `badge_id`, `user_id`, `created_at`, `updated_at`, `disqualification_code_type_id`, `goggle_cup_points`, `reaction_time`, `team_points`, `team_affiliation_id`)
  VALUES (178818, 2, 1, 0, 0, 717.99, 717.99, 1, 40, 67, 19531, 8475, 364, 12221, 1, '2015-02-26 22:48:15', '2015-02-26 22:48:15', NULL, 0.0, 0.0, 0.0, 583);

INSERT INTO `meeting_individual_results` (`id`, `rank`, `is_play_off`, `is_out_of_race`, `is_disqualified`, `standard_points`, `meeting_individual_points`, `minutes`, `seconds`, `hundreds`, `meeting_program_id`, `swimmer_id`, `team_id`, `badge_id`, `user_id`, `created_at`, `updated_at`, `disqualification_code_type_id`, `goggle_cup_points`, `reaction_time`, `team_points`, `team_affiliation_id`)
  VALUES (178819, 3, 1, 0, 0, 592.26, 592.26, 2, 2, 4, 19531, 13924, 71, 17781, 1, '2015-02-26 22:48:16', '2015-02-26 22:48:16', NULL, 0.0, 0.0, 0.0, 264);

INSERT INTO `meeting_individual_results` (`id`, `rank`, `is_play_off`, `is_out_of_race`, `is_disqualified`, `standard_points`, `meeting_individual_points`, `minutes`, `seconds`, `hundreds`, `meeting_program_id`, `swimmer_id`, `team_id`, `badge_id`, `user_id`, `created_at`, `updated_at`, `disqualification_code_type_id`, `goggle_cup_points`, `reaction_time`, `team_points`, `team_affiliation_id`)
  VALUES (178820, 1, 1, 0, 0, 875.44, 875.44, 1, 27, 51, 19532, 8563, 469, 12314, 1, '2015-02-26 22:48:16', '2015-02-26 22:48:16', NULL, 0.0, 0.0, 0.0, 689);

INSERT INTO `meeting_individual_results` (`id`, `rank`, `is_play_off`, `is_out_of_race`, `is_disqualified`, `standard_points`, `meeting_individual_points`, `minutes`, `seconds`, `hundreds`, `meeting_program_id`, `swimmer_id`, `team_id`, `badge_id`, `user_id`, `created_at`, `updated_at`, `disqualification_code_type_id`, `goggle_cup_points`, `reaction_time`, `team_points`, `team_affiliation_id`)
  VALUES (178821, 1, 1, 0, 0, 811.44, 811.44, 1, 39, 28, 19533, 8527, 364, 12230, 1, '2015-02-26 22:48:16', '2015-02-26 22:48:16', NULL, 0.0, 0.0, 0.0, 583);

INSERT INTO `meeting_individual_results` (`id`, `rank`, `is_play_off`, `is_out_of_race`, `is_disqualified`, `standard_points`, `meeting_individual_points`, `minutes`, `seconds`, `hundreds`, `meeting_program_id`, `swimmer_id`, `team_id`, `badge_id`, `user_id`, `created_at`, `updated_at`, `disqualification_code_type_id`, `goggle_cup_points`, `reaction_time`, `team_points`, `team_affiliation_id`)
  VALUES (178822, 1, 1, 0, 0, 756.69, 756.69, 1, 52, 90, 19534, 8457, 102, 12232, 1, '2015-02-26 22:48:16', '2015-02-26 22:48:16', NULL, 0.0, 0.0, 0.0, 295);

INSERT INTO `meeting_individual_results` (`id`, `rank`, `is_play_off`, `is_out_of_race`, `is_disqualified`, `standard_points`, `meeting_individual_points`, `minutes`, `seconds`, `hundreds`, `meeting_program_id`, `swimmer_id`, `team_id`, `badge_id`, `user_id`, `created_at`, `updated_at`, `disqualification_code_type_id`, `goggle_cup_points`, `reaction_time`, `team_points`, `team_affiliation_id`)
  VALUES (178823, 1, 1, 0, 0, 802.04, 802.04, 1, 50, 98, 19535, 8474, 364, 12274, 1, '2015-02-26 22:48:17', '2015-02-26 22:48:17', NULL, 0.0, 0.0, 0.0, 583);

INSERT INTO `meeting_individual_results` (`id`, `rank`, `is_play_off`, `is_out_of_race`, `is_disqualified`, `standard_points`, `meeting_individual_points`, `minutes`, `seconds`, `hundreds`, `meeting_program_id`, `swimmer_id`, `team_id`, `badge_id`, `user_id`, `created_at`, `updated_at`, `disqualification_code_type_id`, `goggle_cup_points`, `reaction_time`, `team_points`, `team_affiliation_id`)
  VALUES (178824, 1, 1, 0, 0, 0.0, 0.0, 1, 20, 9, 19536, 17036, 173, 20836, 1, '2015-02-26 22:48:17', '2015-02-26 22:48:17', NULL, 0.0, 0.0, 0.0, 368);

INSERT INTO `meeting_individual_results` (`id`, `rank`, `is_play_off`, `is_out_of_race`, `is_disqualified`, `standard_points`, `meeting_individual_points`, `minutes`, `seconds`, `hundreds`, `meeting_program_id`, `swimmer_id`, `team_id`, `badge_id`, `user_id`, `created_at`, `updated_at`, `disqualification_code_type_id`, `goggle_cup_points`, `reaction_time`, `team_points`, `team_affiliation_id`)
  VALUES (178825, 2, 1, 0, 0, 0.0, 0.0, 1, 27, 71, 19536, 14121, 168, 17949, 1, '2015-02-26 22:48:17', '2015-02-26 22:48:17', NULL, 0.0, 0.0, 0.0, 363);

INSERT INTO `meeting_individual_results` (`id`, `rank`, `is_play_off`, `is_out_of_race`, `is_disqualified`, `standard_points`, `meeting_individual_points`, `minutes`, `seconds`, `hundreds`, `meeting_program_id`, `swimmer_id`, `team_id`, `badge_id`, `user_id`, `created_at`, `updated_at`, `disqualification_code_type_id`, `goggle_cup_points`, `reaction_time`, `team_points`, `team_affiliation_id`)
  VALUES (178826, 1, 1, 0, 0, 926.47, 926.47, 1, 6, 91, 19537, 8493, 364, 12277, 1, '2015-02-26 22:48:18', '2015-02-26 22:48:18', NULL, 0.0, 0.0, 0.0, 583);

INSERT INTO `meeting_individual_results` (`id`, `rank`, `is_play_off`, `is_out_of_race`, `is_disqualified`, `standard_points`, `meeting_individual_points`, `minutes`, `seconds`, `hundreds`, `meeting_program_id`, `swimmer_id`, `team_id`, `badge_id`, `user_id`, `created_at`, `updated_at`, `disqualification_code_type_id`, `goggle_cup_points`, `reaction_time`, `team_points`, `team_affiliation_id`)
  VALUES (178827, 2, 1, 0, 0, 816.41, 816.41, 1, 15, 93, 19537, 2695, 172, 5896, 1, '2015-02-26 22:48:18', '2015-02-26 22:48:18', NULL, 0.0, 0.0, 0.0, 367);

INSERT INTO `meeting_individual_results` (`id`, `rank`, `is_play_off`, `is_out_of_race`, `is_disqualified`, `standard_points`, `meeting_individual_points`, `minutes`, `seconds`, `hundreds`, `meeting_program_id`, `swimmer_id`, `team_id`, `badge_id`, `user_id`, `created_at`, `updated_at`, `disqualification_code_type_id`, `goggle_cup_points`, `reaction_time`, `team_points`, `team_affiliation_id`)
  VALUES (178828, 3, 1, 0, 0, 719.64, 719.64, 1, 26, 14, 19537, 8455, 71, 12333, 1, '2015-02-26 22:48:18', '2015-02-26 22:48:18', NULL, 0.0, 0.0, 0.0, 264);

INSERT INTO `meeting_individual_results` (`id`, `rank`, `is_play_off`, `is_out_of_race`, `is_disqualified`, `standard_points`, `meeting_individual_points`, `minutes`, `seconds`, `hundreds`, `meeting_program_id`, `swimmer_id`, `team_id`, `badge_id`, `user_id`, `created_at`, `updated_at`, `disqualification_code_type_id`, `goggle_cup_points`, `reaction_time`, `team_points`, `team_affiliation_id`)
  VALUES (178829, 4, 1, 0, 0, 627.3, 627.3, 1, 38, 82, 19537, 8426, 466, 12334, 1, '2015-02-26 22:48:19', '2015-02-26 22:48:19', NULL, 0.0, 0.0, 0.0, 686);

INSERT INTO `meeting_individual_results` (`id`, `rank`, `is_play_off`, `is_out_of_race`, `is_disqualified`, `standard_points`, `meeting_individual_points`, `minutes`, `seconds`, `hundreds`, `meeting_program_id`, `swimmer_id`, `team_id`, `badge_id`, `user_id`, `created_at`, `updated_at`, `disqualification_code_type_id`, `goggle_cup_points`, `reaction_time`, `team_points`, `team_affiliation_id`)
  VALUES (178830, 1, 1, 0, 0, 888.78, 888.78, 1, 9, 41, 19538, 3251, 154, 6472, 1, '2015-02-26 22:48:19', '2015-02-26 22:48:19', NULL, 0.0, 0.0, 0.0, 349);

INSERT INTO `meeting_individual_results` (`id`, `rank`, `is_play_off`, `is_out_of_race`, `is_disqualified`, `standard_points`, `meeting_individual_points`, `minutes`, `seconds`, `hundreds`, `meeting_program_id`, `swimmer_id`, `team_id`, `badge_id`, `user_id`, `created_at`, `updated_at`, `disqualification_code_type_id`, `goggle_cup_points`, `reaction_time`, `team_points`, `team_affiliation_id`)
  VALUES (178831, 2, 1, 0, 0, 866.43, 866.43, 1, 11, 20, 19538, 17059, 518, 20837, 1, '2015-02-26 22:48:19', '2015-02-26 22:48:19', NULL, 0.0, 0.0, 0.0, 738);

INSERT INTO `meeting_individual_results` (`id`, `rank`, `is_play_off`, `is_out_of_race`, `is_disqualified`, `standard_points`, `meeting_individual_points`, `minutes`, `seconds`, `hundreds`, `meeting_program_id`, `swimmer_id`, `team_id`, `badge_id`, `user_id`, `created_at`, `updated_at`, `disqualification_code_type_id`, `goggle_cup_points`, `reaction_time`, `team_points`, `team_affiliation_id`)
  VALUES (178832, 3, 1, 0, 0, 796.41, 796.41, 1, 17, 46, 19538, 12671, 364, 16396, 1, '2015-02-26 22:48:20', '2015-02-26 22:48:20', NULL, 0.0, 0.0, 0.0, 583);

INSERT INTO `meeting_individual_results` (`id`, `rank`, `is_play_off`, `is_out_of_race`, `is_disqualified`, `standard_points`, `meeting_individual_points`, `minutes`, `seconds`, `hundreds`, `meeting_program_id`, `swimmer_id`, `team_id`, `badge_id`, `user_id`, `created_at`, `updated_at`, `disqualification_code_type_id`, `goggle_cup_points`, `reaction_time`, `team_points`, `team_affiliation_id`)
  VALUES (178833, 4, 1, 0, 0, 735.28, 735.28, 1, 23, 90, 19538, 2713, 173, 5918, 1, '2015-02-26 22:48:20', '2015-02-26 22:48:20', NULL, 0.0, 0.0, 0.0, 368);

INSERT INTO `meeting_individual_results` (`id`, `rank`, `is_play_off`, `is_out_of_race`, `is_disqualified`, `standard_points`, `meeting_individual_points`, `minutes`, `seconds`, `hundreds`, `meeting_program_id`, `swimmer_id`, `team_id`, `badge_id`, `user_id`, `created_at`, `updated_at`, `disqualification_code_type_id`, `goggle_cup_points`, `reaction_time`, `team_points`, `team_affiliation_id`)
  VALUES (178834, 5, 1, 0, 0, 723.47, 723.47, 1, 25, 27, 19538, 6040, 154, 9608, 1, '2015-02-26 22:48:20', '2015-02-26 22:48:20', NULL, 0.0, 0.0, 0.0, 349);

INSERT INTO `meeting_individual_results` (`id`, `rank`, `is_play_off`, `is_out_of_race`, `is_disqualified`, `standard_points`, `meeting_individual_points`, `minutes`, `seconds`, `hundreds`, `meeting_program_id`, `swimmer_id`, `team_id`, `badge_id`, `user_id`, `created_at`, `updated_at`, `disqualification_code_type_id`, `goggle_cup_points`, `reaction_time`, `team_points`, `team_affiliation_id`)
  VALUES (178835, 6, 1, 0, 0, 670.11, 670.11, 1, 32, 6, 19538, 8639, 466, 12431, 1, '2015-02-26 22:48:21', '2015-02-26 22:48:21', NULL, 0.0, 0.0, 0.0, 686);

INSERT INTO `meeting_individual_results` (`id`, `rank`, `is_play_off`, `is_out_of_race`, `is_disqualified`, `standard_points`, `meeting_individual_points`, `minutes`, `seconds`, `hundreds`, `meeting_program_id`, `swimmer_id`, `team_id`, `badge_id`, `user_id`, `created_at`, `updated_at`, `disqualification_code_type_id`, `goggle_cup_points`, `reaction_time`, `team_points`, `team_affiliation_id`)
  VALUES (178836, 7, 1, 0, 0, 629.04, 629.04, 1, 38, 7, 19538, 10410, 516, 14206, 1, '2015-02-26 22:48:21', '2015-02-26 22:48:21', NULL, 0.0, 0.0, 0.0, 736);

INSERT INTO `meeting_individual_results` (`id`, `rank`, `is_play_off`, `is_out_of_race`, `is_disqualified`, `standard_points`, `meeting_individual_points`, `minutes`, `seconds`, `hundreds`, `meeting_program_id`, `swimmer_id`, `team_id`, `badge_id`, `user_id`, `created_at`, `updated_at`, `disqualification_code_type_id`, `goggle_cup_points`, `reaction_time`, `team_points`, `team_affiliation_id`)
  VALUES (178837, 8, 1, 0, 1, 0.0, 0.0, 0, 0, 0, 19538, 14166, 173, 17802, 1, '2015-02-26 22:48:21', '2015-02-26 22:48:21', 1, 0.0, 0.0, 0.0, 368);

INSERT INTO `meeting_individual_results` (`id`, `rank`, `is_play_off`, `is_out_of_race`, `is_disqualified`, `standard_points`, `meeting_individual_points`, `minutes`, `seconds`, `hundreds`, `meeting_program_id`, `swimmer_id`, `team_id`, `badge_id`, `user_id`, `created_at`, `updated_at`, `disqualification_code_type_id`, `goggle_cup_points`, `reaction_time`, `team_points`, `team_affiliation_id`)
  VALUES (178838, 1, 1, 0, 0, 593.23, 593.23, 1, 46, 30, 19539, 8425, 466, 12196, 1, '2015-02-26 22:48:22', '2015-02-26 22:48:22', NULL, 0.0, 0.0, 0.0, 686);

INSERT INTO `meeting_individual_results` (`id`, `rank`, `is_play_off`, `is_out_of_race`, `is_disqualified`, `standard_points`, `meeting_individual_points`, `minutes`, `seconds`, `hundreds`, `meeting_program_id`, `swimmer_id`, `team_id`, `badge_id`, `user_id`, `created_at`, `updated_at`, `disqualification_code_type_id`, `goggle_cup_points`, `reaction_time`, `team_points`, `team_affiliation_id`)
  VALUES (178839, 1, 1, 0, 0, 774.28, 774.28, 1, 22, 58, 19540, 6903, 373, 10631, 1, '2015-02-26 22:48:22', '2015-02-26 22:48:22', NULL, 0.0, 0.0, 0.0, 593);

INSERT INTO `meeting_individual_results` (`id`, `rank`, `is_play_off`, `is_out_of_race`, `is_disqualified`, `standard_points`, `meeting_individual_points`, `minutes`, `seconds`, `hundreds`, `meeting_program_id`, `swimmer_id`, `team_id`, `badge_id`, `user_id`, `created_at`, `updated_at`, `disqualification_code_type_id`, `goggle_cup_points`, `reaction_time`, `team_points`, `team_affiliation_id`)
  VALUES (178840, 2, 1, 0, 0, 749.85, 749.85, 1, 25, 27, 19540, 2747, 173, 5953, 1, '2015-02-26 22:48:22', '2015-02-26 22:48:22', NULL, 0.0, 0.0, 0.0, 368);

INSERT INTO `meeting_individual_results` (`id`, `rank`, `is_play_off`, `is_out_of_race`, `is_disqualified`, `standard_points`, `meeting_individual_points`, `minutes`, `seconds`, `hundreds`, `meeting_program_id`, `swimmer_id`, `team_id`, `badge_id`, `user_id`, `created_at`, `updated_at`, `disqualification_code_type_id`, `goggle_cup_points`, `reaction_time`, `team_points`, `team_affiliation_id`)
  VALUES (178841, 3, 1, 0, 0, 731.66, 731.66, 1, 27, 39, 19540, 12678, 71, 16400, 1, '2015-02-26 22:48:22', '2015-02-26 22:48:22', NULL, 0.0, 0.0, 0.0, 264);

INSERT INTO `meeting_individual_results` (`id`, `rank`, `is_play_off`, `is_out_of_race`, `is_disqualified`, `standard_points`, `meeting_individual_points`, `minutes`, `seconds`, `hundreds`, `meeting_program_id`, `swimmer_id`, `team_id`, `badge_id`, `user_id`, `created_at`, `updated_at`, `disqualification_code_type_id`, `goggle_cup_points`, `reaction_time`, `team_points`, `team_affiliation_id`)
  VALUES (178842, 4, 1, 0, 0, 682.17, 682.17, 1, 33, 73, 19540, 12618, 557, 16450, 1, '2015-02-26 22:48:23', '2015-02-26 22:48:23', NULL, 0.0, 0.0, 0.0, 777);

INSERT INTO `meeting_individual_results` (`id`, `rank`, `is_play_off`, `is_out_of_race`, `is_disqualified`, `standard_points`, `meeting_individual_points`, `minutes`, `seconds`, `hundreds`, `meeting_program_id`, `swimmer_id`, `team_id`, `badge_id`, `user_id`, `created_at`, `updated_at`, `disqualification_code_type_id`, `goggle_cup_points`, `reaction_time`, `team_points`, `team_affiliation_id`)
  VALUES (178843, 1, 1, 0, 0, 851.37, 851.37, 1, 17, 71, 19541, 5867, 74, 9543, 1, '2015-02-26 22:48:23', '2015-02-26 22:48:23', NULL, 0.0, 0.0, 0.0, 267);

INSERT INTO `meeting_individual_results` (`id`, `rank`, `is_play_off`, `is_out_of_race`, `is_disqualified`, `standard_points`, `meeting_individual_points`, `minutes`, `seconds`, `hundreds`, `meeting_program_id`, `swimmer_id`, `team_id`, `badge_id`, `user_id`, `created_at`, `updated_at`, `disqualification_code_type_id`, `goggle_cup_points`, `reaction_time`, `team_points`, `team_affiliation_id`)
  VALUES (178844, 2, 1, 0, 0, 803.4, 803.4, 1, 22, 35, 19541, 2767, 172, 5973, 1, '2015-02-26 22:48:23', '2015-02-26 22:48:23', NULL, 0.0, 0.0, 0.0, 367);

INSERT INTO `meeting_individual_results` (`id`, `rank`, `is_play_off`, `is_out_of_race`, `is_disqualified`, `standard_points`, `meeting_individual_points`, `minutes`, `seconds`, `hundreds`, `meeting_program_id`, `swimmer_id`, `team_id`, `badge_id`, `user_id`, `created_at`, `updated_at`, `disqualification_code_type_id`, `goggle_cup_points`, `reaction_time`, `team_points`, `team_affiliation_id`)
  VALUES (178845, 3, 1, 0, 0, 713.85, 713.85, 1, 32, 68, 19541, 2777, 173, 5983, 1, '2015-02-26 22:48:23', '2015-02-26 22:48:23', NULL, 0.0, 0.0, 0.0, 368);

INSERT INTO `meeting_individual_results` (`id`, `rank`, `is_play_off`, `is_out_of_race`, `is_disqualified`, `standard_points`, `meeting_individual_points`, `minutes`, `seconds`, `hundreds`, `meeting_program_id`, `swimmer_id`, `team_id`, `badge_id`, `user_id`, `created_at`, `updated_at`, `disqualification_code_type_id`, `goggle_cup_points`, `reaction_time`, `team_points`, `team_affiliation_id`)
  VALUES (178846, 4, 1, 0, 0, 695.32, 695.32, 1, 35, 15, 19541, 8681, 364, 12373, 1, '2015-02-26 22:48:23', '2015-02-26 22:48:23', NULL, 0.0, 0.0, 0.0, 583);

INSERT INTO `meeting_individual_results` (`id`, `rank`, `is_play_off`, `is_out_of_race`, `is_disqualified`, `standard_points`, `meeting_individual_points`, `minutes`, `seconds`, `hundreds`, `meeting_program_id`, `swimmer_id`, `team_id`, `badge_id`, `user_id`, `created_at`, `updated_at`, `disqualification_code_type_id`, `goggle_cup_points`, `reaction_time`, `team_points`, `team_affiliation_id`)
  VALUES (178847, 5, 1, 0, 0, 674.96, 674.96, 1, 38, 2, 19541, 14830, 466, 18638, 1, '2015-02-26 22:48:24', '2015-02-26 22:48:24', NULL, 0.0, 0.0, 0.0, 686);

INSERT INTO `meeting_individual_results` (`id`, `rank`, `is_play_off`, `is_out_of_race`, `is_disqualified`, `standard_points`, `meeting_individual_points`, `minutes`, `seconds`, `hundreds`, `meeting_program_id`, `swimmer_id`, `team_id`, `badge_id`, `user_id`, `created_at`, `updated_at`, `disqualification_code_type_id`, `goggle_cup_points`, `reaction_time`, `team_points`, `team_affiliation_id`)
  VALUES (178848, 6, 1, 0, 0, 674.0, 674.0, 1, 38, 16, 19541, 2786, 164, 5992, 1, '2015-02-26 22:48:24', '2015-02-26 22:48:24', NULL, 0.0, 0.0, 0.0, 359);

INSERT INTO `meeting_individual_results` (`id`, `rank`, `is_play_off`, `is_out_of_race`, `is_disqualified`, `standard_points`, `meeting_individual_points`, `minutes`, `seconds`, `hundreds`, `meeting_program_id`, `swimmer_id`, `team_id`, `badge_id`, `user_id`, `created_at`, `updated_at`, `disqualification_code_type_id`, `goggle_cup_points`, `reaction_time`, `team_points`, `team_affiliation_id`)
  VALUES (178849, 1, 1, 0, 0, 743.19, 743.19, 1, 33, 22, 19542, 14835, 102, 18649, 1, '2015-02-26 22:48:24', '2015-02-26 22:48:24', NULL, 0.0, 0.0, 0.0, 295);

INSERT INTO `meeting_individual_results` (`id`, `rank`, `is_play_off`, `is_out_of_race`, `is_disqualified`, `standard_points`, `meeting_individual_points`, `minutes`, `seconds`, `hundreds`, `meeting_program_id`, `swimmer_id`, `team_id`, `badge_id`, `user_id`, `created_at`, `updated_at`, `disqualification_code_type_id`, `goggle_cup_points`, `reaction_time`, `team_points`, `team_affiliation_id`)
  VALUES (178850, 2, 1, 0, 0, 727.73, 727.73, 1, 35, 20, 19542, 14847, 102, 18639, 1, '2015-02-26 22:48:24', '2015-02-26 22:48:24', NULL, 0.0, 0.0, 0.0, 295);

INSERT INTO `meeting_individual_results` (`id`, `rank`, `is_play_off`, `is_out_of_race`, `is_disqualified`, `standard_points`, `meeting_individual_points`, `minutes`, `seconds`, `hundreds`, `meeting_program_id`, `swimmer_id`, `team_id`, `badge_id`, `user_id`, `created_at`, `updated_at`, `disqualification_code_type_id`, `goggle_cup_points`, `reaction_time`, `team_points`, `team_affiliation_id`)
  VALUES (178851, 3, 1, 0, 0, 693.7, 693.7, 1, 39, 87, 19542, 12613, 364, 16412, 1, '2015-02-26 22:48:25', '2015-02-26 22:48:25', NULL, 0.0, 0.0, 0.0, 583);

INSERT INTO `meeting_individual_results` (`id`, `rank`, `is_play_off`, `is_out_of_race`, `is_disqualified`, `standard_points`, `meeting_individual_points`, `minutes`, `seconds`, `hundreds`, `meeting_program_id`, `swimmer_id`, `team_id`, `badge_id`, `user_id`, `created_at`, `updated_at`, `disqualification_code_type_id`, `goggle_cup_points`, `reaction_time`, `team_points`, `team_affiliation_id`)
  VALUES (178852, 4, 1, 0, 0, 652.6, 652.6, 1, 46, 16, 19542, 8630, 466, 12438, 1, '2015-02-26 22:48:25', '2015-02-26 22:48:25', NULL, 0.0, 0.0, 0.0, 686);

INSERT INTO `meeting_individual_results` (`id`, `rank`, `is_play_off`, `is_out_of_race`, `is_disqualified`, `standard_points`, `meeting_individual_points`, `minutes`, `seconds`, `hundreds`, `meeting_program_id`, `swimmer_id`, `team_id`, `badge_id`, `user_id`, `created_at`, `updated_at`, `disqualification_code_type_id`, `goggle_cup_points`, `reaction_time`, `team_points`, `team_affiliation_id`)
  VALUES (178853, 1, 1, 0, 0, 841.0, 841.0, 1, 25, 47, 19543, 12661, 102, 16402, 1, '2015-02-26 22:48:25', '2015-02-26 22:48:25', NULL, 0.0, 0.0, 0.0, 295);

INSERT INTO `meeting_individual_results` (`id`, `rank`, `is_play_off`, `is_out_of_race`, `is_disqualified`, `standard_points`, `meeting_individual_points`, `minutes`, `seconds`, `hundreds`, `meeting_program_id`, `swimmer_id`, `team_id`, `badge_id`, `user_id`, `created_at`, `updated_at`, `disqualification_code_type_id`, `goggle_cup_points`, `reaction_time`, `team_points`, `team_affiliation_id`)
  VALUES (178854, 2, 1, 0, 0, 778.43, 778.43, 1, 32, 34, 19543, 2336, 71, 5534, 1, '2015-02-26 22:48:26', '2015-02-26 22:48:26', NULL, 0.0, 0.0, 0.0, 264);

INSERT INTO `meeting_individual_results` (`id`, `rank`, `is_play_off`, `is_out_of_race`, `is_disqualified`, `standard_points`, `meeting_individual_points`, `minutes`, `seconds`, `hundreds`, `meeting_program_id`, `swimmer_id`, `team_id`, `badge_id`, `user_id`, `created_at`, `updated_at`, `disqualification_code_type_id`, `goggle_cup_points`, `reaction_time`, `team_points`, `team_affiliation_id`)
  VALUES (178855, 3, 1, 0, 0, 700.65, 700.65, 1, 42, 59, 19543, 11342, 364, 15083, 1, '2015-02-26 22:48:26', '2015-02-26 22:48:26', NULL, 0.0, 0.0, 0.0, 583);

INSERT INTO `meeting_individual_results` (`id`, `rank`, `is_play_off`, `is_out_of_race`, `is_disqualified`, `standard_points`, `meeting_individual_points`, `minutes`, `seconds`, `hundreds`, `meeting_program_id`, `swimmer_id`, `team_id`, `badge_id`, `user_id`, `created_at`, `updated_at`, `disqualification_code_type_id`, `goggle_cup_points`, `reaction_time`, `team_points`, `team_affiliation_id`)
  VALUES (178856, 4, 1, 0, 0, 637.57, 637.57, 1, 52, 74, 19543, 8576, 364, 12289, 1, '2015-02-26 22:48:26', '2015-02-26 22:48:26', NULL, 0.0, 0.0, 0.0, 583);

INSERT INTO `meeting_individual_results` (`id`, `rank`, `is_play_off`, `is_out_of_race`, `is_disqualified`, `standard_points`, `meeting_individual_points`, `minutes`, `seconds`, `hundreds`, `meeting_program_id`, `swimmer_id`, `team_id`, `badge_id`, `user_id`, `created_at`, `updated_at`, `disqualification_code_type_id`, `goggle_cup_points`, `reaction_time`, `team_points`, `team_affiliation_id`)
  VALUES (178857, 1, 1, 0, 0, 835.48, 835.48, 1, 34, 88, 19544, 11313, 467, 15100, 1, '2015-02-26 22:48:27', '2015-02-26 22:48:27', NULL, 0.0, 0.0, 0.0, 687);

INSERT INTO `meeting_individual_results` (`id`, `rank`, `is_play_off`, `is_out_of_race`, `is_disqualified`, `standard_points`, `meeting_individual_points`, `minutes`, `seconds`, `hundreds`, `meeting_program_id`, `swimmer_id`, `team_id`, `badge_id`, `user_id`, `created_at`, `updated_at`, `disqualification_code_type_id`, `goggle_cup_points`, `reaction_time`, `team_points`, `team_affiliation_id`)
  VALUES (178858, 1, 1, 0, 0, 840.05, 840.05, 2, 0, 91, 19545, 8480, 364, 12294, 1, '2015-02-26 22:48:27', '2015-02-26 22:48:27', NULL, 0.0, 0.0, 0.0, 583);

INSERT INTO `meeting_individual_results` (`id`, `rank`, `is_play_off`, `is_out_of_race`, `is_disqualified`, `standard_points`, `meeting_individual_points`, `minutes`, `seconds`, `hundreds`, `meeting_program_id`, `swimmer_id`, `team_id`, `badge_id`, `user_id`, `created_at`, `updated_at`, `disqualification_code_type_id`, `goggle_cup_points`, `reaction_time`, `team_points`, `team_affiliation_id`)
  VALUES (178859, 1, 1, 0, 0, 0.0, 0.0, 1, 9, 1, 19546, 11336, 518, 15085, 1, '2015-02-26 22:48:27', '2015-02-26 22:48:27', NULL, 0.0, 0.0, 0.0, 738);

INSERT INTO `meeting_individual_results` (`id`, `rank`, `is_play_off`, `is_out_of_race`, `is_disqualified`, `standard_points`, `meeting_individual_points`, `minutes`, `seconds`, `hundreds`, `meeting_program_id`, `swimmer_id`, `team_id`, `badge_id`, `user_id`, `created_at`, `updated_at`, `disqualification_code_type_id`, `goggle_cup_points`, `reaction_time`, `team_points`, `team_affiliation_id`)
  VALUES (178860, 2, 1, 0, 0, 0.0, 0.0, 1, 27, 85, 19546, 13958, 168, 17896, 1, '2015-02-26 22:48:28', '2015-02-26 22:48:28', NULL, 0.0, 0.0, 0.0, 363);

INSERT INTO `meeting_individual_results` (`id`, `rank`, `is_play_off`, `is_out_of_race`, `is_disqualified`, `standard_points`, `meeting_individual_points`, `minutes`, `seconds`, `hundreds`, `meeting_program_id`, `swimmer_id`, `team_id`, `badge_id`, `user_id`, `created_at`, `updated_at`, `disqualification_code_type_id`, `goggle_cup_points`, `reaction_time`, `team_points`, `team_affiliation_id`)
  VALUES (178861, 1, 1, 0, 0, 761.73, 761.73, 2, 44, 6, 19547, 5983, 154, 9654, 1, '2015-02-26 22:48:28', '2015-02-26 22:48:28', NULL, 0.0, 0.0, 0.0, 349);

INSERT INTO `meeting_individual_results` (`id`, `rank`, `is_play_off`, `is_out_of_race`, `is_disqualified`, `standard_points`, `meeting_individual_points`, `minutes`, `seconds`, `hundreds`, `meeting_program_id`, `swimmer_id`, `team_id`, `badge_id`, `user_id`, `created_at`, `updated_at`, `disqualification_code_type_id`, `goggle_cup_points`, `reaction_time`, `team_points`, `team_affiliation_id`)
  VALUES (178862, 2, 1, 0, 0, 659.16, 659.16, 3, 9, 59, 19547, 3152, 172, 6371, 1, '2015-02-26 22:48:28', '2015-02-26 22:48:28', NULL, 0.0, 0.0, 0.0, 367);

INSERT INTO `meeting_individual_results` (`id`, `rank`, `is_play_off`, `is_out_of_race`, `is_disqualified`, `standard_points`, `meeting_individual_points`, `minutes`, `seconds`, `hundreds`, `meeting_program_id`, `swimmer_id`, `team_id`, `badge_id`, `user_id`, `created_at`, `updated_at`, `disqualification_code_type_id`, `goggle_cup_points`, `reaction_time`, `team_points`, `team_affiliation_id`)
  VALUES (178863, 1, 1, 0, 0, 784.71, 784.71, 2, 40, 67, 19548, 2932, 68, 6144, 1, '2015-02-26 22:48:29', '2015-02-26 22:48:29', NULL, 0.0, 0.0, 0.0, 261);

INSERT INTO `meeting_individual_results` (`id`, `rank`, `is_play_off`, `is_out_of_race`, `is_disqualified`, `standard_points`, `meeting_individual_points`, `minutes`, `seconds`, `hundreds`, `meeting_program_id`, `swimmer_id`, `team_id`, `badge_id`, `user_id`, `created_at`, `updated_at`, `disqualification_code_type_id`, `goggle_cup_points`, `reaction_time`, `team_points`, `team_affiliation_id`)
  VALUES (178864, 2, 1, 0, 0, 725.06, 725.06, 2, 53, 89, 19548, 2936, 172, 6149, 1, '2015-02-26 22:48:29', '2015-02-26 22:48:29', NULL, 0.0, 0.0, 0.0, 367);

INSERT INTO `meeting_individual_results` (`id`, `rank`, `is_play_off`, `is_out_of_race`, `is_disqualified`, `standard_points`, `meeting_individual_points`, `minutes`, `seconds`, `hundreds`, `meeting_program_id`, `swimmer_id`, `team_id`, `badge_id`, `user_id`, `created_at`, `updated_at`, `disqualification_code_type_id`, `goggle_cup_points`, `reaction_time`, `team_points`, `team_affiliation_id`)
  VALUES (178865, 3, 1, 0, 0, 684.32, 684.32, 3, 4, 24, 19548, 8569, 71, 12305, 1, '2015-02-26 22:48:29', '2015-02-26 22:48:29', NULL, 0.0, 0.0, 0.0, 264);

INSERT INTO `meeting_individual_results` (`id`, `rank`, `is_play_off`, `is_out_of_race`, `is_disqualified`, `standard_points`, `meeting_individual_points`, `minutes`, `seconds`, `hundreds`, `meeting_program_id`, `swimmer_id`, `team_id`, `badge_id`, `user_id`, `created_at`, `updated_at`, `disqualification_code_type_id`, `goggle_cup_points`, `reaction_time`, `team_points`, `team_affiliation_id`)
  VALUES (178866, 4, 1, 0, 0, 674.77, 674.77, 3, 6, 85, 19548, 8461, 364, 12306, 1, '2015-02-26 22:48:30', '2015-02-26 22:48:30', NULL, 0.0, 0.0, 0.0, 583);

INSERT INTO `meeting_individual_results` (`id`, `rank`, `is_play_off`, `is_out_of_race`, `is_disqualified`, `standard_points`, `meeting_individual_points`, `minutes`, `seconds`, `hundreds`, `meeting_program_id`, `swimmer_id`, `team_id`, `badge_id`, `user_id`, `created_at`, `updated_at`, `disqualification_code_type_id`, `goggle_cup_points`, `reaction_time`, `team_points`, `team_affiliation_id`)
  VALUES (178867, 5, 1, 0, 0, 657.15, 657.15, 3, 11, 86, 19548, 17040, 466, 20838, 1, '2015-02-26 22:48:30', '2015-02-26 22:48:30', NULL, 0.0, 0.0, 0.0, 686);

INSERT INTO `meeting_individual_results` (`id`, `rank`, `is_play_off`, `is_out_of_race`, `is_disqualified`, `standard_points`, `meeting_individual_points`, `minutes`, `seconds`, `hundreds`, `meeting_program_id`, `swimmer_id`, `team_id`, `badge_id`, `user_id`, `created_at`, `updated_at`, `disqualification_code_type_id`, `goggle_cup_points`, `reaction_time`, `team_points`, `team_affiliation_id`)
  VALUES (178868, 1, 1, 0, 0, 786.5, 786.5, 2, 40, 89, 19549, 579, 42, 5232, 1, '2015-02-26 22:48:30', '2015-02-26 22:48:30', NULL, 0.0, 0.0, 0.0, 235);

INSERT INTO `meeting_individual_results` (`id`, `rank`, `is_play_off`, `is_out_of_race`, `is_disqualified`, `standard_points`, `meeting_individual_points`, `minutes`, `seconds`, `hundreds`, `meeting_program_id`, `swimmer_id`, `team_id`, `badge_id`, `user_id`, `created_at`, `updated_at`, `disqualification_code_type_id`, `goggle_cup_points`, `reaction_time`, `team_points`, `team_affiliation_id`)
  VALUES (178869, 2, 1, 0, 0, 784.94, 784.94, 2, 41, 21, 19549, 12672, 102, 16421, 1, '2015-02-26 22:48:31', '2015-02-26 22:48:31', NULL, 0.0, 0.0, 0.0, 295);

INSERT INTO `meeting_individual_results` (`id`, `rank`, `is_play_off`, `is_out_of_race`, `is_disqualified`, `standard_points`, `meeting_individual_points`, `minutes`, `seconds`, `hundreds`, `meeting_program_id`, `swimmer_id`, `team_id`, `badge_id`, `user_id`, `created_at`, `updated_at`, `disqualification_code_type_id`, `goggle_cup_points`, `reaction_time`, `team_points`, `team_affiliation_id`)
  VALUES (178870, 3, 1, 0, 0, 692.95, 692.95, 3, 2, 61, 19549, 6014, 154, 9619, 1, '2015-02-26 22:48:31', '2015-02-26 22:48:31', NULL, 0.0, 0.0, 0.0, 349);

INSERT INTO `meeting_individual_results` (`id`, `rank`, `is_play_off`, `is_out_of_race`, `is_disqualified`, `standard_points`, `meeting_individual_points`, `minutes`, `seconds`, `hundreds`, `meeting_program_id`, `swimmer_id`, `team_id`, `badge_id`, `user_id`, `created_at`, `updated_at`, `disqualification_code_type_id`, `goggle_cup_points`, `reaction_time`, `team_points`, `team_affiliation_id`)
  VALUES (178871, 1, 1, 0, 0, 895.13, 895.13, 2, 24, 28, 19550, 14198, 309, 17839, 1, '2015-02-26 22:48:31', '2015-02-26 22:48:31', NULL, 0.0, 0.0, 0.0, 526);

INSERT INTO `meeting_individual_results` (`id`, `rank`, `is_play_off`, `is_out_of_race`, `is_disqualified`, `standard_points`, `meeting_individual_points`, `minutes`, `seconds`, `hundreds`, `meeting_program_id`, `swimmer_id`, `team_id`, `badge_id`, `user_id`, `created_at`, `updated_at`, `disqualification_code_type_id`, `goggle_cup_points`, `reaction_time`, `team_points`, `team_affiliation_id`)
  VALUES (178872, 2, 1, 0, 0, 848.94, 848.94, 2, 32, 13, 19550, 2946, 172, 6159, 1, '2015-02-26 22:48:31', '2015-02-26 22:48:31', NULL, 0.0, 0.0, 0.0, 367);

INSERT INTO `meeting_individual_results` (`id`, `rank`, `is_play_off`, `is_out_of_race`, `is_disqualified`, `standard_points`, `meeting_individual_points`, `minutes`, `seconds`, `hundreds`, `meeting_program_id`, `swimmer_id`, `team_id`, `badge_id`, `user_id`, `created_at`, `updated_at`, `disqualification_code_type_id`, `goggle_cup_points`, `reaction_time`, `team_points`, `team_affiliation_id`)
  VALUES (178873, 1, 1, 0, 0, 802.61, 802.61, 2, 49, 11, 19551, 807, 67, 8650, 1, '2015-02-26 22:48:31', '2015-02-26 22:48:31', NULL, 0.0, 0.0, 0.0, 260);

INSERT INTO `meeting_individual_results` (`id`, `rank`, `is_play_off`, `is_out_of_race`, `is_disqualified`, `standard_points`, `meeting_individual_points`, `minutes`, `seconds`, `hundreds`, `meeting_program_id`, `swimmer_id`, `team_id`, `badge_id`, `user_id`, `created_at`, `updated_at`, `disqualification_code_type_id`, `goggle_cup_points`, `reaction_time`, `team_points`, `team_affiliation_id`)
  VALUES (178874, 2, 1, 0, 0, 705.75, 705.75, 3, 12, 32, 19551, 14131, 518, 17982, 1, '2015-02-26 22:48:31', '2015-02-26 22:48:31', NULL, 0.0, 0.0, 0.0, 738);

INSERT INTO `meeting_individual_results` (`id`, `rank`, `is_play_off`, `is_out_of_race`, `is_disqualified`, `standard_points`, `meeting_individual_points`, `minutes`, `seconds`, `hundreds`, `meeting_program_id`, `swimmer_id`, `team_id`, `badge_id`, `user_id`, `created_at`, `updated_at`, `disqualification_code_type_id`, `goggle_cup_points`, `reaction_time`, `team_points`, `team_affiliation_id`)
  VALUES (178875, 3, 1, 0, 0, 697.55, 697.55, 3, 14, 58, 19551, 11405, 559, 15134, 1, '2015-02-26 22:48:31', '2015-02-26 22:48:31', NULL, 0.0, 0.0, 0.0, 779);

INSERT INTO `meeting_individual_results` (`id`, `rank`, `is_play_off`, `is_out_of_race`, `is_disqualified`, `standard_points`, `meeting_individual_points`, `minutes`, `seconds`, `hundreds`, `meeting_program_id`, `swimmer_id`, `team_id`, `badge_id`, `user_id`, `created_at`, `updated_at`, `disqualification_code_type_id`, `goggle_cup_points`, `reaction_time`, `team_points`, `team_affiliation_id`)
  VALUES (178876, 4, 1, 0, 0, 666.45, 666.45, 3, 23, 66, 19551, 8581, 102, 12231, 1, '2015-02-26 22:48:32', '2015-02-26 22:48:32', NULL, 0.0, 0.0, 0.0, 295);

INSERT INTO `meeting_individual_results` (`id`, `rank`, `is_play_off`, `is_out_of_race`, `is_disqualified`, `standard_points`, `meeting_individual_points`, `minutes`, `seconds`, `hundreds`, `meeting_program_id`, `swimmer_id`, `team_id`, `badge_id`, `user_id`, `created_at`, `updated_at`, `disqualification_code_type_id`, `goggle_cup_points`, `reaction_time`, `team_points`, `team_affiliation_id`)
  VALUES (178877, 1, 1, 0, 0, 791.44, 791.44, 3, 14, 57, 19552, 8524, 450, 12392, 1, '2015-02-26 22:48:32', '2015-02-26 22:48:32', NULL, 0.0, 0.0, 0.0, 670);

INSERT INTO `meeting_individual_results` (`id`, `rank`, `is_play_off`, `is_out_of_race`, `is_disqualified`, `standard_points`, `meeting_individual_points`, `minutes`, `seconds`, `hundreds`, `meeting_program_id`, `swimmer_id`, `team_id`, `badge_id`, `user_id`, `created_at`, `updated_at`, `disqualification_code_type_id`, `goggle_cup_points`, `reaction_time`, `team_points`, `team_affiliation_id`)
  VALUES (178878, 1, 1, 0, 0, 707.24, 707.24, 3, 53, 23, 19553, 7783, 102, 11506, 1, '2015-02-26 22:48:32', '2015-02-26 22:48:32', NULL, 0.0, 0.0, 0.0, 295);

INSERT INTO `meeting_individual_results` (`id`, `rank`, `is_play_off`, `is_out_of_race`, `is_disqualified`, `standard_points`, `meeting_individual_points`, `minutes`, `seconds`, `hundreds`, `meeting_program_id`, `swimmer_id`, `team_id`, `badge_id`, `user_id`, `created_at`, `updated_at`, `disqualification_code_type_id`, `goggle_cup_points`, `reaction_time`, `team_points`, `team_affiliation_id`)
  VALUES (178879, 1, 1, 0, 0, 775.88, 775.88, 3, 49, 65, 19554, 8582, 102, 12321, 1, '2015-02-26 22:48:32', '2015-02-26 22:48:32', NULL, 0.0, 0.0, 0.0, 295);

INSERT INTO `meeting_individual_results` (`id`, `rank`, `is_play_off`, `is_out_of_race`, `is_disqualified`, `standard_points`, `meeting_individual_points`, `minutes`, `seconds`, `hundreds`, `meeting_program_id`, `swimmer_id`, `team_id`, `badge_id`, `user_id`, `created_at`, `updated_at`, `disqualification_code_type_id`, `goggle_cup_points`, `reaction_time`, `team_points`, `team_affiliation_id`)
  VALUES (178880, 1, 1, 0, 0, 0.0, 0.0, 2, 18, 44, 19555, 17036, 173, 20836, 1, '2015-02-26 22:48:32', '2015-02-26 22:48:32', NULL, 0.0, 0.0, 0.0, 368);

INSERT INTO `meeting_individual_results` (`id`, `rank`, `is_play_off`, `is_out_of_race`, `is_disqualified`, `standard_points`, `meeting_individual_points`, `minutes`, `seconds`, `hundreds`, `meeting_program_id`, `swimmer_id`, `team_id`, `badge_id`, `user_id`, `created_at`, `updated_at`, `disqualification_code_type_id`, `goggle_cup_points`, `reaction_time`, `team_points`, `team_affiliation_id`)
  VALUES (178881, 2, 1, 0, 0, 0.0, 0.0, 2, 44, 97, 19555, 11410, 307, 15126, 1, '2015-02-26 22:48:32', '2015-02-26 22:48:32', NULL, 0.0, 0.0, 0.0, 524);

INSERT INTO `meeting_individual_results` (`id`, `rank`, `is_play_off`, `is_out_of_race`, `is_disqualified`, `standard_points`, `meeting_individual_points`, `minutes`, `seconds`, `hundreds`, `meeting_program_id`, `swimmer_id`, `team_id`, `badge_id`, `user_id`, `created_at`, `updated_at`, `disqualification_code_type_id`, `goggle_cup_points`, `reaction_time`, `team_points`, `team_affiliation_id`)
  VALUES (178882, 3, 1, 0, 0, 0.0, 0.0, 2, 45, 55, 19555, 8586, 466, 12236, 1, '2015-02-26 22:48:32', '2015-02-26 22:48:32', NULL, 0.0, 0.0, 0.0, 686);

INSERT INTO `meeting_individual_results` (`id`, `rank`, `is_play_off`, `is_out_of_race`, `is_disqualified`, `standard_points`, `meeting_individual_points`, `minutes`, `seconds`, `hundreds`, `meeting_program_id`, `swimmer_id`, `team_id`, `badge_id`, `user_id`, `created_at`, `updated_at`, `disqualification_code_type_id`, `goggle_cup_points`, `reaction_time`, `team_points`, `team_affiliation_id`)
  VALUES (178883, 4, 1, 0, 0, 0.0, 0.0, 3, 6, 74, 19555, 17030, 102, 20839, 1, '2015-02-26 22:48:33', '2015-02-26 22:48:33', NULL, 0.0, 0.0, 0.0, 295);

INSERT INTO `meeting_individual_results` (`id`, `rank`, `is_play_off`, `is_out_of_race`, `is_disqualified`, `standard_points`, `meeting_individual_points`, `minutes`, `seconds`, `hundreds`, `meeting_program_id`, `swimmer_id`, `team_id`, `badge_id`, `user_id`, `created_at`, `updated_at`, `disqualification_code_type_id`, `goggle_cup_points`, `reaction_time`, `team_points`, `team_affiliation_id`)
  VALUES (178884, 1, 1, 0, 0, 891.49, 891.49, 2, 4, 69, 19556, 1096, 557, 16425, 1, '2015-02-26 22:48:33', '2015-02-26 22:48:33', NULL, 0.0, 0.0, 0.0, 777);

INSERT INTO `meeting_individual_results` (`id`, `rank`, `is_play_off`, `is_out_of_race`, `is_disqualified`, `standard_points`, `meeting_individual_points`, `minutes`, `seconds`, `hundreds`, `meeting_program_id`, `swimmer_id`, `team_id`, `badge_id`, `user_id`, `created_at`, `updated_at`, `disqualification_code_type_id`, `goggle_cup_points`, `reaction_time`, `team_points`, `team_affiliation_id`)
  VALUES (178885, 2, 1, 0, 0, 848.81, 848.81, 2, 10, 96, 19556, 17033, 162, 20827, 1, '2015-02-26 22:48:33', '2015-02-26 22:48:33', NULL, 0.0, 0.0, 0.0, 357);

INSERT INTO `meeting_individual_results` (`id`, `rank`, `is_play_off`, `is_out_of_race`, `is_disqualified`, `standard_points`, `meeting_individual_points`, `minutes`, `seconds`, `hundreds`, `meeting_program_id`, `swimmer_id`, `team_id`, `badge_id`, `user_id`, `created_at`, `updated_at`, `disqualification_code_type_id`, `goggle_cup_points`, `reaction_time`, `team_points`, `team_affiliation_id`)
  VALUES (178886, 3, 1, 0, 0, 843.02, 843.02, 2, 11, 86, 19556, 7801, 162, 11480, 1, '2015-02-26 22:48:33', '2015-02-26 22:48:33', NULL, 0.0, 0.0, 0.0, 357);

INSERT INTO `meeting_individual_results` (`id`, `rank`, `is_play_off`, `is_out_of_race`, `is_disqualified`, `standard_points`, `meeting_individual_points`, `minutes`, `seconds`, `hundreds`, `meeting_program_id`, `swimmer_id`, `team_id`, `badge_id`, `user_id`, `created_at`, `updated_at`, `disqualification_code_type_id`, `goggle_cup_points`, `reaction_time`, `team_points`, `team_affiliation_id`)
  VALUES (178887, 4, 1, 0, 0, 823.96, 823.96, 2, 14, 91, 19556, 8695, 364, 12323, 1, '2015-02-26 22:48:34', '2015-02-26 22:48:34', NULL, 0.0, 0.0, 0.0, 583);

INSERT INTO `meeting_individual_results` (`id`, `rank`, `is_play_off`, `is_out_of_race`, `is_disqualified`, `standard_points`, `meeting_individual_points`, `minutes`, `seconds`, `hundreds`, `meeting_program_id`, `swimmer_id`, `team_id`, `badge_id`, `user_id`, `created_at`, `updated_at`, `disqualification_code_type_id`, `goggle_cup_points`, `reaction_time`, `team_points`, `team_affiliation_id`)
  VALUES (178888, 5, 1, 0, 0, 820.07, 820.07, 2, 15, 55, 19556, 8498, 364, 12205, 1, '2015-02-26 22:48:34', '2015-02-26 22:48:34', NULL, 0.0, 0.0, 0.0, 583);

INSERT INTO `meeting_individual_results` (`id`, `rank`, `is_play_off`, `is_out_of_race`, `is_disqualified`, `standard_points`, `meeting_individual_points`, `minutes`, `seconds`, `hundreds`, `meeting_program_id`, `swimmer_id`, `team_id`, `badge_id`, `user_id`, `created_at`, `updated_at`, `disqualification_code_type_id`, `goggle_cup_points`, `reaction_time`, `team_points`, `team_affiliation_id`)
  VALUES (178889, 6, 1, 0, 0, 792.64, 792.64, 2, 20, 24, 19556, 17038, 699, 20840, 1, '2015-02-26 22:48:34', '2015-02-26 22:48:34', NULL, 0.0, 0.0, 0.0, 919);

INSERT INTO `meeting_individual_results` (`id`, `rank`, `is_play_off`, `is_out_of_race`, `is_disqualified`, `standard_points`, `meeting_individual_points`, `minutes`, `seconds`, `hundreds`, `meeting_program_id`, `swimmer_id`, `team_id`, `badge_id`, `user_id`, `created_at`, `updated_at`, `disqualification_code_type_id`, `goggle_cup_points`, `reaction_time`, `team_points`, `team_affiliation_id`)
  VALUES (178890, 7, 1, 0, 0, 788.93, 788.93, 2, 20, 90, 19556, 8688, 364, 12326, 1, '2015-02-26 22:48:34', '2015-02-26 22:48:34', NULL, 0.0, 0.0, 0.0, 583);

INSERT INTO `meeting_individual_results` (`id`, `rank`, `is_play_off`, `is_out_of_race`, `is_disqualified`, `standard_points`, `meeting_individual_points`, `minutes`, `seconds`, `hundreds`, `meeting_program_id`, `swimmer_id`, `team_id`, `badge_id`, `user_id`, `created_at`, `updated_at`, `disqualification_code_type_id`, `goggle_cup_points`, `reaction_time`, `team_points`, `team_affiliation_id`)
  VALUES (178891, 8, 1, 0, 0, 750.78, 750.78, 2, 28, 6, 19556, 3242, 169, 6463, 1, '2015-02-26 22:48:35', '2015-02-26 22:48:35', NULL, 0.0, 0.0, 0.0, 364);

INSERT INTO `meeting_individual_results` (`id`, `rank`, `is_play_off`, `is_out_of_race`, `is_disqualified`, `standard_points`, `meeting_individual_points`, `minutes`, `seconds`, `hundreds`, `meeting_program_id`, `swimmer_id`, `team_id`, `badge_id`, `user_id`, `created_at`, `updated_at`, `disqualification_code_type_id`, `goggle_cup_points`, `reaction_time`, `team_points`, `team_affiliation_id`)
  VALUES (178892, 9, 1, 0, 0, 736.99, 736.99, 2, 30, 83, 19556, 2857, 168, 6065, 1, '2015-02-26 22:48:35', '2015-02-26 22:48:35', NULL, 0.0, 0.0, 0.0, 363);

INSERT INTO `meeting_individual_results` (`id`, `rank`, `is_play_off`, `is_out_of_race`, `is_disqualified`, `standard_points`, `meeting_individual_points`, `minutes`, `seconds`, `hundreds`, `meeting_program_id`, `swimmer_id`, `team_id`, `badge_id`, `user_id`, `created_at`, `updated_at`, `disqualification_code_type_id`, `goggle_cup_points`, `reaction_time`, `team_points`, `team_affiliation_id`)
  VALUES (178893, 10, 1, 0, 0, 712.38, 712.38, 2, 36, 4, 19556, 8566, 364, 12332, 1, '2015-02-26 22:48:35', '2015-02-26 22:48:35', NULL, 0.0, 0.0, 0.0, 583);

INSERT INTO `meeting_individual_results` (`id`, `rank`, `is_play_off`, `is_out_of_race`, `is_disqualified`, `standard_points`, `meeting_individual_points`, `minutes`, `seconds`, `hundreds`, `meeting_program_id`, `swimmer_id`, `team_id`, `badge_id`, `user_id`, `created_at`, `updated_at`, `disqualification_code_type_id`, `goggle_cup_points`, `reaction_time`, `team_points`, `team_affiliation_id`)
  VALUES (178894, 11, 1, 0, 0, 676.11, 676.11, 2, 44, 41, 19556, 7750, 114, 11559, 1, '2015-02-26 22:48:36', '2015-02-26 22:48:36', NULL, 0.0, 0.0, 0.0, 307);

INSERT INTO `meeting_individual_results` (`id`, `rank`, `is_play_off`, `is_out_of_race`, `is_disqualified`, `standard_points`, `meeting_individual_points`, `minutes`, `seconds`, `hundreds`, `meeting_program_id`, `swimmer_id`, `team_id`, `badge_id`, `user_id`, `created_at`, `updated_at`, `disqualification_code_type_id`, `goggle_cup_points`, `reaction_time`, `team_points`, `team_affiliation_id`)
  VALUES (178895, 1, 1, 0, 0, 939.39, 939.39, 1, 58, 30, 19557, 5864, 73, 9397, 1, '2015-02-26 22:48:36', '2015-02-26 22:48:36', NULL, 0.0, 0.0, 0.0, 266);

INSERT INTO `meeting_individual_results` (`id`, `rank`, `is_play_off`, `is_out_of_race`, `is_disqualified`, `standard_points`, `meeting_individual_points`, `minutes`, `seconds`, `hundreds`, `meeting_program_id`, `swimmer_id`, `team_id`, `badge_id`, `user_id`, `created_at`, `updated_at`, `disqualification_code_type_id`, `goggle_cup_points`, `reaction_time`, `team_points`, `team_affiliation_id`)
  VALUES (178896, 2, 1, 0, 0, 812.65, 812.65, 2, 16, 75, 19557, 5693, 333, 9489, 1, '2015-02-26 22:48:36', '2015-02-26 22:48:36', NULL, 0.0, 0.0, 0.0, 550);

INSERT INTO `meeting_individual_results` (`id`, `rank`, `is_play_off`, `is_out_of_race`, `is_disqualified`, `standard_points`, `meeting_individual_points`, `minutes`, `seconds`, `hundreds`, `meeting_program_id`, `swimmer_id`, `team_id`, `badge_id`, `user_id`, `created_at`, `updated_at`, `disqualification_code_type_id`, `goggle_cup_points`, `reaction_time`, `team_points`, `team_affiliation_id`)
  VALUES (178897, 3, 1, 0, 0, 792.88, 792.88, 2, 20, 16, 19557, 2866, 144, 6074, 1, '2015-02-26 22:48:36', '2015-02-26 22:48:36', NULL, 0.0, 0.0, 0.0, 339);

INSERT INTO `meeting_individual_results` (`id`, `rank`, `is_play_off`, `is_out_of_race`, `is_disqualified`, `standard_points`, `meeting_individual_points`, `minutes`, `seconds`, `hundreds`, `meeting_program_id`, `swimmer_id`, `team_id`, `badge_id`, `user_id`, `created_at`, `updated_at`, `disqualification_code_type_id`, `goggle_cup_points`, `reaction_time`, `team_points`, `team_affiliation_id`)
  VALUES (178898, 4, 1, 0, 0, 791.24, 791.24, 2, 20, 45, 19557, 2983, 172, 6197, 1, '2015-02-26 22:48:37', '2015-02-26 22:48:37', NULL, 0.0, 0.0, 0.0, 367);

INSERT INTO `meeting_individual_results` (`id`, `rank`, `is_play_off`, `is_out_of_race`, `is_disqualified`, `standard_points`, `meeting_individual_points`, `minutes`, `seconds`, `hundreds`, `meeting_program_id`, `swimmer_id`, `team_id`, `badge_id`, `user_id`, `created_at`, `updated_at`, `disqualification_code_type_id`, `goggle_cup_points`, `reaction_time`, `team_points`, `team_affiliation_id`)
  VALUES (178899, 5, 1, 0, 0, 747.44, 747.44, 2, 28, 68, 19557, 2364, 102, 5564, 1, '2015-02-26 22:48:37', '2015-02-26 22:48:37', NULL, 0.0, 0.0, 0.0, 295);

INSERT INTO `meeting_individual_results` (`id`, `rank`, `is_play_off`, `is_out_of_race`, `is_disqualified`, `standard_points`, `meeting_individual_points`, `minutes`, `seconds`, `hundreds`, `meeting_program_id`, `swimmer_id`, `team_id`, `badge_id`, `user_id`, `created_at`, `updated_at`, `disqualification_code_type_id`, `goggle_cup_points`, `reaction_time`, `team_points`, `team_affiliation_id`)
  VALUES (178900, 6, 1, 0, 0, 740.32, 740.32, 2, 30, 11, 19557, 5278, 233, 8687, 1, '2015-02-26 22:48:37', '2015-02-26 22:48:37', NULL, 0.0, 0.0, 0.0, 428);

INSERT INTO `meeting_individual_results` (`id`, `rank`, `is_play_off`, `is_out_of_race`, `is_disqualified`, `standard_points`, `meeting_individual_points`, `minutes`, `seconds`, `hundreds`, `meeting_program_id`, `swimmer_id`, `team_id`, `badge_id`, `user_id`, `created_at`, `updated_at`, `disqualification_code_type_id`, `goggle_cup_points`, `reaction_time`, `team_points`, `team_affiliation_id`)
  VALUES (178901, 7, 1, 0, 0, 731.36, 731.36, 2, 31, 95, 19557, 12635, 557, 16390, 1, '2015-02-26 22:48:37', '2015-02-26 22:48:37', NULL, 0.0, 0.0, 0.0, 777);

INSERT INTO `meeting_individual_results` (`id`, `rank`, `is_play_off`, `is_out_of_race`, `is_disqualified`, `standard_points`, `meeting_individual_points`, `minutes`, `seconds`, `hundreds`, `meeting_program_id`, `swimmer_id`, `team_id`, `badge_id`, `user_id`, `created_at`, `updated_at`, `disqualification_code_type_id`, `goggle_cup_points`, `reaction_time`, `team_points`, `team_affiliation_id`)
  VALUES (178902, 8, 1, 0, 0, 708.11, 708.11, 2, 36, 94, 19557, 14832, 557, 18642, 1, '2015-02-26 22:48:37', '2015-02-26 22:48:37', NULL, 0.0, 0.0, 0.0, 777);

INSERT INTO `meeting_individual_results` (`id`, `rank`, `is_play_off`, `is_out_of_race`, `is_disqualified`, `standard_points`, `meeting_individual_points`, `minutes`, `seconds`, `hundreds`, `meeting_program_id`, `swimmer_id`, `team_id`, `badge_id`, `user_id`, `created_at`, `updated_at`, `disqualification_code_type_id`, `goggle_cup_points`, `reaction_time`, `team_points`, `team_affiliation_id`)
  VALUES (178903, 9, 1, 0, 0, 693.57, 693.57, 2, 40, 23, 19557, 3255, 169, 6476, 1, '2015-02-26 22:48:37', '2015-02-26 22:48:37', NULL, 0.0, 0.0, 0.0, 364);

INSERT INTO `meeting_individual_results` (`id`, `rank`, `is_play_off`, `is_out_of_race`, `is_disqualified`, `standard_points`, `meeting_individual_points`, `minutes`, `seconds`, `hundreds`, `meeting_program_id`, `swimmer_id`, `team_id`, `badge_id`, `user_id`, `created_at`, `updated_at`, `disqualification_code_type_id`, `goggle_cup_points`, `reaction_time`, `team_points`, `team_affiliation_id`)
  VALUES (178904, 10, 1, 0, 0, 689.56, 689.56, 2, 41, 16, 19557, 14844, 364, 18650, 1, '2015-02-26 22:48:38', '2015-02-26 22:48:38', NULL, 0.0, 0.0, 0.0, 583);

INSERT INTO `meeting_individual_results` (`id`, `rank`, `is_play_off`, `is_out_of_race`, `is_disqualified`, `standard_points`, `meeting_individual_points`, `minutes`, `seconds`, `hundreds`, `meeting_program_id`, `swimmer_id`, `team_id`, `badge_id`, `user_id`, `created_at`, `updated_at`, `disqualification_code_type_id`, `goggle_cup_points`, `reaction_time`, `team_points`, `team_affiliation_id`)
  VALUES (178905, 11, 1, 0, 0, 682.11, 682.11, 2, 42, 92, 19557, 8497, 102, 12246, 1, '2015-02-26 22:48:38', '2015-02-26 22:48:38', NULL, 0.0, 0.0, 0.0, 295);

INSERT INTO `meeting_individual_results` (`id`, `rank`, `is_play_off`, `is_out_of_race`, `is_disqualified`, `standard_points`, `meeting_individual_points`, `minutes`, `seconds`, `hundreds`, `meeting_program_id`, `swimmer_id`, `team_id`, `badge_id`, `user_id`, `created_at`, `updated_at`, `disqualification_code_type_id`, `goggle_cup_points`, `reaction_time`, `team_points`, `team_affiliation_id`)
  VALUES (178906, 12, 1, 0, 0, 670.63, 670.63, 2, 45, 71, 19557, 10410, 516, 14206, 1, '2015-02-26 22:48:38', '2015-02-26 22:48:38', NULL, 0.0, 0.0, 0.0, 736);

INSERT INTO `meeting_individual_results` (`id`, `rank`, `is_play_off`, `is_out_of_race`, `is_disqualified`, `standard_points`, `meeting_individual_points`, `minutes`, `seconds`, `hundreds`, `meeting_program_id`, `swimmer_id`, `team_id`, `badge_id`, `user_id`, `created_at`, `updated_at`, `disqualification_code_type_id`, `goggle_cup_points`, `reaction_time`, `team_points`, `team_affiliation_id`)
  VALUES (178907, 13, 1, 0, 0, 645.92, 645.92, 2, 52, 5, 19557, 8639, 466, 12431, 1, '2015-02-26 22:48:39', '2015-02-26 22:48:39', NULL, 0.0, 0.0, 0.0, 686);

INSERT INTO `meeting_individual_results` (`id`, `rank`, `is_play_off`, `is_out_of_race`, `is_disqualified`, `standard_points`, `meeting_individual_points`, `minutes`, `seconds`, `hundreds`, `meeting_program_id`, `swimmer_id`, `team_id`, `badge_id`, `user_id`, `created_at`, `updated_at`, `disqualification_code_type_id`, `goggle_cup_points`, `reaction_time`, `team_points`, `team_affiliation_id`)
  VALUES (178908, 14, 1, 0, 0, 596.61, 596.61, 3, 6, 27, 19557, 8478, 466, 12432, 1, '2015-02-26 22:48:39', '2015-02-26 22:48:39', NULL, 0.0, 0.0, 0.0, 686);

INSERT INTO `meeting_individual_results` (`id`, `rank`, `is_play_off`, `is_out_of_race`, `is_disqualified`, `standard_points`, `meeting_individual_points`, `minutes`, `seconds`, `hundreds`, `meeting_program_id`, `swimmer_id`, `team_id`, `badge_id`, `user_id`, `created_at`, `updated_at`, `disqualification_code_type_id`, `goggle_cup_points`, `reaction_time`, `team_points`, `team_affiliation_id`)
  VALUES (178909, 15, 1, 0, 0, 591.27, 591.27, 3, 7, 95, 19557, 8692, 466, 12348, 1, '2015-02-26 22:48:39', '2015-02-26 22:48:39', NULL, 0.0, 0.0, 0.0, 686);

INSERT INTO `meeting_individual_results` (`id`, `rank`, `is_play_off`, `is_out_of_race`, `is_disqualified`, `standard_points`, `meeting_individual_points`, `minutes`, `seconds`, `hundreds`, `meeting_program_id`, `swimmer_id`, `team_id`, `badge_id`, `user_id`, `created_at`, `updated_at`, `disqualification_code_type_id`, `goggle_cup_points`, `reaction_time`, `team_points`, `team_affiliation_id`)
  VALUES (178910, 1, 1, 0, 0, 856.42, 856.42, 2, 12, 26, 19558, 2989, 172, 6203, 1, '2015-02-26 22:48:40', '2015-02-26 22:48:40', NULL, 0.0, 0.0, 0.0, 367);

INSERT INTO `meeting_individual_results` (`id`, `rank`, `is_play_off`, `is_out_of_race`, `is_disqualified`, `standard_points`, `meeting_individual_points`, `minutes`, `seconds`, `hundreds`, `meeting_program_id`, `swimmer_id`, `team_id`, `badge_id`, `user_id`, `created_at`, `updated_at`, `disqualification_code_type_id`, `goggle_cup_points`, `reaction_time`, `team_points`, `team_affiliation_id`)
  VALUES (178911, 2, 1, 0, 0, 837.67, 837.67, 2, 15, 22, 19558, 14841, 364, 18648, 1, '2015-02-26 22:48:40', '2015-02-26 22:48:40', NULL, 0.0, 0.0, 0.0, 583);

INSERT INTO `meeting_individual_results` (`id`, `rank`, `is_play_off`, `is_out_of_race`, `is_disqualified`, `standard_points`, `meeting_individual_points`, `minutes`, `seconds`, `hundreds`, `meeting_program_id`, `swimmer_id`, `team_id`, `badge_id`, `user_id`, `created_at`, `updated_at`, `disqualification_code_type_id`, `goggle_cup_points`, `reaction_time`, `team_points`, `team_affiliation_id`)
  VALUES (178912, 3, 1, 0, 0, 811.62, 811.62, 2, 19, 56, 19558, 3258, 173, 6479, 1, '2015-02-26 22:48:40', '2015-02-26 22:48:40', NULL, 0.0, 0.0, 0.0, 368);

INSERT INTO `meeting_individual_results` (`id`, `rank`, `is_play_off`, `is_out_of_race`, `is_disqualified`, `standard_points`, `meeting_individual_points`, `minutes`, `seconds`, `hundreds`, `meeting_program_id`, `swimmer_id`, `team_id`, `badge_id`, `user_id`, `created_at`, `updated_at`, `disqualification_code_type_id`, `goggle_cup_points`, `reaction_time`, `team_points`, `team_affiliation_id`)
  VALUES (178913, 4, 1, 0, 0, 784.85, 784.85, 2, 24, 32, 19558, 6547, 114, 9799, 1, '2015-02-26 22:48:41', '2015-02-26 22:48:41', NULL, 0.0, 0.0, 0.0, 307);

INSERT INTO `meeting_individual_results` (`id`, `rank`, `is_play_off`, `is_out_of_race`, `is_disqualified`, `standard_points`, `meeting_individual_points`, `minutes`, `seconds`, `hundreds`, `meeting_program_id`, `swimmer_id`, `team_id`, `badge_id`, `user_id`, `created_at`, `updated_at`, `disqualification_code_type_id`, `goggle_cup_points`, `reaction_time`, `team_points`, `team_affiliation_id`)
  VALUES (178914, 5, 1, 0, 0, 765.8, 765.8, 2, 27, 91, 19558, 5657, 74, 9409, 1, '2015-02-26 22:48:41', '2015-02-26 22:48:41', NULL, 0.0, 0.0, 0.0, 267);

INSERT INTO `meeting_individual_results` (`id`, `rank`, `is_play_off`, `is_out_of_race`, `is_disqualified`, `standard_points`, `meeting_individual_points`, `minutes`, `seconds`, `hundreds`, `meeting_program_id`, `swimmer_id`, `team_id`, `badge_id`, `user_id`, `created_at`, `updated_at`, `disqualification_code_type_id`, `goggle_cup_points`, `reaction_time`, `team_points`, `team_affiliation_id`)
  VALUES (178915, 6, 1, 0, 0, 761.07, 761.07, 2, 28, 83, 19558, 6725, 144, 10453, 1, '2015-02-26 22:48:41', '2015-02-26 22:48:41', NULL, 0.0, 0.0, 0.0, 339);

INSERT INTO `meeting_individual_results` (`id`, `rank`, `is_play_off`, `is_out_of_race`, `is_disqualified`, `standard_points`, `meeting_individual_points`, `minutes`, `seconds`, `hundreds`, `meeting_program_id`, `swimmer_id`, `team_id`, `badge_id`, `user_id`, `created_at`, `updated_at`, `disqualification_code_type_id`, `goggle_cup_points`, `reaction_time`, `team_points`, `team_affiliation_id`)
  VALUES (178916, 7, 1, 0, 0, 756.75, 756.75, 2, 29, 68, 19558, 12675, 361, 16398, 1, '2015-02-26 22:48:42', '2015-02-26 22:48:42', NULL, 0.0, 0.0, 0.0, 578);

INSERT INTO `meeting_individual_results` (`id`, `rank`, `is_play_off`, `is_out_of_race`, `is_disqualified`, `standard_points`, `meeting_individual_points`, `minutes`, `seconds`, `hundreds`, `meeting_program_id`, `swimmer_id`, `team_id`, `badge_id`, `user_id`, `created_at`, `updated_at`, `disqualification_code_type_id`, `goggle_cup_points`, `reaction_time`, `team_points`, `team_affiliation_id`)
  VALUES (178917, 8, 1, 0, 0, 753.33, 753.33, 2, 30, 36, 19558, 17050, 466, 20831, 1, '2015-02-26 22:48:42', '2015-02-26 22:48:42', NULL, 0.0, 0.0, 0.0, 686);

INSERT INTO `meeting_individual_results` (`id`, `rank`, `is_play_off`, `is_out_of_race`, `is_disqualified`, `standard_points`, `meeting_individual_points`, `minutes`, `seconds`, `hundreds`, `meeting_program_id`, `swimmer_id`, `team_id`, `badge_id`, `user_id`, `created_at`, `updated_at`, `disqualification_code_type_id`, `goggle_cup_points`, `reaction_time`, `team_points`, `team_affiliation_id`)
  VALUES (178918, 9, 1, 0, 0, 716.04, 716.04, 2, 38, 19, 19558, 11318, 557, 15092, 1, '2015-02-26 22:48:43', '2015-02-26 22:48:43', NULL, 0.0, 0.0, 0.0, 777);

INSERT INTO `meeting_individual_results` (`id`, `rank`, `is_play_off`, `is_out_of_race`, `is_disqualified`, `standard_points`, `meeting_individual_points`, `minutes`, `seconds`, `hundreds`, `meeting_program_id`, `swimmer_id`, `team_id`, `badge_id`, `user_id`, `created_at`, `updated_at`, `disqualification_code_type_id`, `goggle_cup_points`, `reaction_time`, `team_points`, `team_affiliation_id`)
  VALUES (178919, 10, 1, 0, 0, 715.59, 715.59, 2, 38, 29, 19558, 11357, 518, 15093, 1, '2015-02-26 22:48:43', '2015-02-26 22:48:43', NULL, 0.0, 0.0, 0.0, 738);

INSERT INTO `meeting_individual_results` (`id`, `rank`, `is_play_off`, `is_out_of_race`, `is_disqualified`, `standard_points`, `meeting_individual_points`, `minutes`, `seconds`, `hundreds`, `meeting_program_id`, `swimmer_id`, `team_id`, `badge_id`, `user_id`, `created_at`, `updated_at`, `disqualification_code_type_id`, `goggle_cup_points`, `reaction_time`, `team_points`, `team_affiliation_id`)
  VALUES (178920, 11, 1, 0, 0, 715.27, 715.27, 2, 38, 36, 19558, 8668, 466, 12356, 1, '2015-02-26 22:48:43', '2015-02-26 22:48:43', NULL, 0.0, 0.0, 0.0, 686);

INSERT INTO `meeting_individual_results` (`id`, `rank`, `is_play_off`, `is_out_of_race`, `is_disqualified`, `standard_points`, `meeting_individual_points`, `minutes`, `seconds`, `hundreds`, `meeting_program_id`, `swimmer_id`, `team_id`, `badge_id`, `user_id`, `created_at`, `updated_at`, `disqualification_code_type_id`, `goggle_cup_points`, `reaction_time`, `team_points`, `team_affiliation_id`)
  VALUES (178921, 12, 1, 0, 0, 695.98, 695.98, 2, 42, 75, 19558, 6068, 154, 9673, 1, '2015-02-26 22:48:44', '2015-02-26 22:48:44', NULL, 0.0, 0.0, 0.0, 349);

INSERT INTO `meeting_individual_results` (`id`, `rank`, `is_play_off`, `is_out_of_race`, `is_disqualified`, `standard_points`, `meeting_individual_points`, `minutes`, `seconds`, `hundreds`, `meeting_program_id`, `swimmer_id`, `team_id`, `badge_id`, `user_id`, `created_at`, `updated_at`, `disqualification_code_type_id`, `goggle_cup_points`, `reaction_time`, `team_points`, `team_affiliation_id`)
  VALUES (178922, 13, 1, 0, 0, 693.25, 693.25, 2, 43, 39, 19558, 10433, 172, 14256, 1, '2015-02-26 22:48:44', '2015-02-26 22:48:44', NULL, 0.0, 0.0, 0.0, 367);

INSERT INTO `meeting_individual_results` (`id`, `rank`, `is_play_off`, `is_out_of_race`, `is_disqualified`, `standard_points`, `meeting_individual_points`, `minutes`, `seconds`, `hundreds`, `meeting_program_id`, `swimmer_id`, `team_id`, `badge_id`, `user_id`, `created_at`, `updated_at`, `disqualification_code_type_id`, `goggle_cup_points`, `reaction_time`, `team_points`, `team_affiliation_id`)
  VALUES (178923, 14, 1, 0, 0, 685.78, 685.78, 2, 45, 17, 19558, 11348, 557, 15059, 1, '2015-02-26 22:48:44', '2015-02-26 22:48:44', NULL, 0.0, 0.0, 0.0, 777);

INSERT INTO `meeting_individual_results` (`id`, `rank`, `is_play_off`, `is_out_of_race`, `is_disqualified`, `standard_points`, `meeting_individual_points`, `minutes`, `seconds`, `hundreds`, `meeting_program_id`, `swimmer_id`, `team_id`, `badge_id`, `user_id`, `created_at`, `updated_at`, `disqualification_code_type_id`, `goggle_cup_points`, `reaction_time`, `team_points`, `team_affiliation_id`)
  VALUES (178924, 1, 1, 0, 0, 821.08, 821.08, 2, 20, 6, 19559, 2240, 73, 5438, 1, '2015-02-26 22:48:44', '2015-02-26 22:48:44', NULL, 0.0, 0.0, 0.0, 266);

INSERT INTO `meeting_individual_results` (`id`, `rank`, `is_play_off`, `is_out_of_race`, `is_disqualified`, `standard_points`, `meeting_individual_points`, `minutes`, `seconds`, `hundreds`, `meeting_program_id`, `swimmer_id`, `team_id`, `badge_id`, `user_id`, `created_at`, `updated_at`, `disqualification_code_type_id`, `goggle_cup_points`, `reaction_time`, `team_points`, `team_affiliation_id`)
  VALUES (178925, 2, 1, 0, 0, 782.1, 782.1, 2, 27, 4, 19559, 8685, 466, 12362, 1, '2015-02-26 22:48:45', '2015-02-26 22:48:45', NULL, 0.0, 0.0, 0.0, 686);

INSERT INTO `meeting_individual_results` (`id`, `rank`, `is_play_off`, `is_out_of_race`, `is_disqualified`, `standard_points`, `meeting_individual_points`, `minutes`, `seconds`, `hundreds`, `meeting_program_id`, `swimmer_id`, `team_id`, `badge_id`, `user_id`, `created_at`, `updated_at`, `disqualification_code_type_id`, `goggle_cup_points`, `reaction_time`, `team_points`, `team_affiliation_id`)
  VALUES (178926, 3, 1, 0, 0, 777.76, 777.76, 2, 27, 86, 19559, 3266, 173, 6487, 1, '2015-02-26 22:48:45', '2015-02-26 22:48:45', NULL, 0.0, 0.0, 0.0, 368);

INSERT INTO `meeting_individual_results` (`id`, `rank`, `is_play_off`, `is_out_of_race`, `is_disqualified`, `standard_points`, `meeting_individual_points`, `minutes`, `seconds`, `hundreds`, `meeting_program_id`, `swimmer_id`, `team_id`, `badge_id`, `user_id`, `created_at`, `updated_at`, `disqualification_code_type_id`, `goggle_cup_points`, `reaction_time`, `team_points`, `team_affiliation_id`)
  VALUES (178927, 4, 1, 0, 0, 766.82, 766.82, 2, 29, 97, 19559, 3269, 154, 6490, 1, '2015-02-26 22:48:45', '2015-02-26 22:48:45', NULL, 0.0, 0.0, 0.0, 349);

INSERT INTO `meeting_individual_results` (`id`, `rank`, `is_play_off`, `is_out_of_race`, `is_disqualified`, `standard_points`, `meeting_individual_points`, `minutes`, `seconds`, `hundreds`, `meeting_program_id`, `swimmer_id`, `team_id`, `badge_id`, `user_id`, `created_at`, `updated_at`, `disqualification_code_type_id`, `goggle_cup_points`, `reaction_time`, `team_points`, `team_affiliation_id`)
  VALUES (178928, 5, 1, 0, 0, 758.68, 758.68, 2, 31, 58, 19559, 6103, 333, 10155, 1, '2015-02-26 22:48:45', '2015-02-26 22:48:45', NULL, 0.0, 0.0, 0.0, 550);

INSERT INTO `meeting_individual_results` (`id`, `rank`, `is_play_off`, `is_out_of_race`, `is_disqualified`, `standard_points`, `meeting_individual_points`, `minutes`, `seconds`, `hundreds`, `meeting_program_id`, `swimmer_id`, `team_id`, `badge_id`, `user_id`, `created_at`, `updated_at`, `disqualification_code_type_id`, `goggle_cup_points`, `reaction_time`, `team_points`, `team_affiliation_id`)
  VALUES (178929, 6, 1, 0, 0, 735.25, 735.25, 2, 36, 41, 19559, 2195, 114, 5391, 1, '2015-02-26 22:48:45', '2015-02-26 22:48:45', NULL, 0.0, 0.0, 0.0, 307);

INSERT INTO `meeting_individual_results` (`id`, `rank`, `is_play_off`, `is_out_of_race`, `is_disqualified`, `standard_points`, `meeting_individual_points`, `minutes`, `seconds`, `hundreds`, `meeting_program_id`, `swimmer_id`, `team_id`, `badge_id`, `user_id`, `created_at`, `updated_at`, `disqualification_code_type_id`, `goggle_cup_points`, `reaction_time`, `team_points`, `team_affiliation_id`)
  VALUES (178930, 7, 1, 0, 0, 724.18, 724.18, 2, 38, 80, 19559, 16276, 309, 20141, 1, '2015-02-26 22:48:45', '2015-02-26 22:48:45', NULL, 0.0, 0.0, 0.0, 526);

INSERT INTO `meeting_individual_results` (`id`, `rank`, `is_play_off`, `is_out_of_race`, `is_disqualified`, `standard_points`, `meeting_individual_points`, `minutes`, `seconds`, `hundreds`, `meeting_program_id`, `swimmer_id`, `team_id`, `badge_id`, `user_id`, `created_at`, `updated_at`, `disqualification_code_type_id`, `goggle_cup_points`, `reaction_time`, `team_points`, `team_affiliation_id`)
  VALUES (178931, 8, 1, 0, 0, 716.24, 716.24, 2, 40, 56, 19559, 8469, 466, 12368, 1, '2015-02-26 22:48:45', '2015-02-26 22:48:45', NULL, 0.0, 0.0, 0.0, 686);

INSERT INTO `meeting_individual_results` (`id`, `rank`, `is_play_off`, `is_out_of_race`, `is_disqualified`, `standard_points`, `meeting_individual_points`, `minutes`, `seconds`, `hundreds`, `meeting_program_id`, `swimmer_id`, `team_id`, `badge_id`, `user_id`, `created_at`, `updated_at`, `disqualification_code_type_id`, `goggle_cup_points`, `reaction_time`, `team_points`, `team_affiliation_id`)
  VALUES (178932, 9, 1, 0, 0, 710.58, 710.58, 2, 41, 84, 19559, 8635, 466, 12250, 1, '2015-02-26 22:48:45', '2015-02-26 22:48:45', NULL, 0.0, 0.0, 0.0, 686);

INSERT INTO `meeting_individual_results` (`id`, `rank`, `is_play_off`, `is_out_of_race`, `is_disqualified`, `standard_points`, `meeting_individual_points`, `minutes`, `seconds`, `hundreds`, `meeting_program_id`, `swimmer_id`, `team_id`, `badge_id`, `user_id`, `created_at`, `updated_at`, `disqualification_code_type_id`, `goggle_cup_points`, `reaction_time`, `team_points`, `team_affiliation_id`)
  VALUES (178933, 10, 1, 0, 0, 653.89, 653.89, 2, 55, 87, 19559, 6174, 71, 10156, 1, '2015-02-26 22:48:46', '2015-02-26 22:48:46', NULL, 0.0, 0.0, 0.0, 264);

INSERT INTO `meeting_individual_results` (`id`, `rank`, `is_play_off`, `is_out_of_race`, `is_disqualified`, `standard_points`, `meeting_individual_points`, `minutes`, `seconds`, `hundreds`, `meeting_program_id`, `swimmer_id`, `team_id`, `badge_id`, `user_id`, `created_at`, `updated_at`, `disqualification_code_type_id`, `goggle_cup_points`, `reaction_time`, `team_points`, `team_affiliation_id`)
  VALUES (178934, 11, 1, 0, 0, 605.3, 605.3, 3, 9, 99, 19559, 3274, 177, 6495, 1, '2015-02-26 22:48:46', '2015-02-26 22:48:46', NULL, 0.0, 0.0, 0.0, 372);

INSERT INTO `meeting_individual_results` (`id`, `rank`, `is_play_off`, `is_out_of_race`, `is_disqualified`, `standard_points`, `meeting_individual_points`, `minutes`, `seconds`, `hundreds`, `meeting_program_id`, `swimmer_id`, `team_id`, `badge_id`, `user_id`, `created_at`, `updated_at`, `disqualification_code_type_id`, `goggle_cup_points`, `reaction_time`, `team_points`, `team_affiliation_id`)
  VALUES (178935, 1, 1, 0, 0, 869.88, 869.88, 2, 14, 72, 19560, 12673, 364, 16411, 1, '2015-02-26 22:48:46', '2015-02-26 22:48:46', NULL, 0.0, 0.0, 0.0, 583);

INSERT INTO `meeting_individual_results` (`id`, `rank`, `is_play_off`, `is_out_of_race`, `is_disqualified`, `standard_points`, `meeting_individual_points`, `minutes`, `seconds`, `hundreds`, `meeting_program_id`, `swimmer_id`, `team_id`, `badge_id`, `user_id`, `created_at`, `updated_at`, `disqualification_code_type_id`, `goggle_cup_points`, `reaction_time`, `team_points`, `team_affiliation_id`)
  VALUES (178936, 2, 1, 0, 0, 848.83, 848.83, 2, 18, 6, 19560, 14250, 309, 17744, 1, '2015-02-26 22:48:46', '2015-02-26 22:48:46', NULL, 0.0, 0.0, 0.0, 526);

INSERT INTO `meeting_individual_results` (`id`, `rank`, `is_play_off`, `is_out_of_race`, `is_disqualified`, `standard_points`, `meeting_individual_points`, `minutes`, `seconds`, `hundreds`, `meeting_program_id`, `swimmer_id`, `team_id`, `badge_id`, `user_id`, `created_at`, `updated_at`, `disqualification_code_type_id`, `goggle_cup_points`, `reaction_time`, `team_points`, `team_affiliation_id`)
  VALUES (178937, 3, 1, 0, 0, 780.17, 780.17, 2, 30, 21, 19560, 17049, 469, 20841, 1, '2015-02-26 22:48:46', '2015-02-26 22:48:46', NULL, 0.0, 0.0, 0.0, 689);

INSERT INTO `meeting_individual_results` (`id`, `rank`, `is_play_off`, `is_out_of_race`, `is_disqualified`, `standard_points`, `meeting_individual_points`, `minutes`, `seconds`, `hundreds`, `meeting_program_id`, `swimmer_id`, `team_id`, `badge_id`, `user_id`, `created_at`, `updated_at`, `disqualification_code_type_id`, `goggle_cup_points`, `reaction_time`, `team_points`, `team_affiliation_id`)
  VALUES (178938, 4, 1, 0, 0, 776.04, 776.04, 2, 31, 1, 19560, 11356, 518, 15095, 1, '2015-02-26 22:48:47', '2015-02-26 22:48:47', NULL, 0.0, 0.0, 0.0, 738);

INSERT INTO `meeting_individual_results` (`id`, `rank`, `is_play_off`, `is_out_of_race`, `is_disqualified`, `standard_points`, `meeting_individual_points`, `minutes`, `seconds`, `hundreds`, `meeting_program_id`, `swimmer_id`, `team_id`, `badge_id`, `user_id`, `created_at`, `updated_at`, `disqualification_code_type_id`, `goggle_cup_points`, `reaction_time`, `team_points`, `team_affiliation_id`)
  VALUES (178939, 5, 1, 0, 0, 771.75, 771.75, 2, 31, 85, 19560, 11549, 400, 15235, 1, '2015-02-26 22:48:47', '2015-02-26 22:48:47', NULL, 0.0, 0.0, 0.0, 620);

INSERT INTO `meeting_individual_results` (`id`, `rank`, `is_play_off`, `is_out_of_race`, `is_disqualified`, `standard_points`, `meeting_individual_points`, `minutes`, `seconds`, `hundreds`, `meeting_program_id`, `swimmer_id`, `team_id`, `badge_id`, `user_id`, `created_at`, `updated_at`, `disqualification_code_type_id`, `goggle_cup_points`, `reaction_time`, `team_points`, `team_affiliation_id`)
  VALUES (178940, 6, 1, 0, 0, 722.77, 722.77, 2, 42, 14, 19560, 10577, 361, 14262, 1, '2015-02-26 22:48:47', '2015-02-26 22:48:47', NULL, 0.0, 0.0, 0.0, 578);

INSERT INTO `meeting_individual_results` (`id`, `rank`, `is_play_off`, `is_out_of_race`, `is_disqualified`, `standard_points`, `meeting_individual_points`, `minutes`, `seconds`, `hundreds`, `meeting_program_id`, `swimmer_id`, `team_id`, `badge_id`, `user_id`, `created_at`, `updated_at`, `disqualification_code_type_id`, `goggle_cup_points`, `reaction_time`, `team_points`, `team_affiliation_id`)
  VALUES (178941, 7, 1, 0, 0, 721.61, 721.61, 2, 42, 40, 19560, 2198, 114, 5394, 1, '2015-02-26 22:48:47', '2015-02-26 22:48:47', NULL, 0.0, 0.0, 0.0, 307);

INSERT INTO `meeting_individual_results` (`id`, `rank`, `is_play_off`, `is_out_of_race`, `is_disqualified`, `standard_points`, `meeting_individual_points`, `minutes`, `seconds`, `hundreds`, `meeting_program_id`, `swimmer_id`, `team_id`, `badge_id`, `user_id`, `created_at`, `updated_at`, `disqualification_code_type_id`, `goggle_cup_points`, `reaction_time`, `team_points`, `team_affiliation_id`)
  VALUES (178942, 8, 1, 0, 0, 709.9, 709.9, 2, 45, 8, 19560, 1542, 42, 5333, 1, '2015-02-26 22:48:48', '2015-02-26 22:48:48', NULL, 0.0, 0.0, 0.0, 235);

INSERT INTO `meeting_individual_results` (`id`, `rank`, `is_play_off`, `is_out_of_race`, `is_disqualified`, `standard_points`, `meeting_individual_points`, `minutes`, `seconds`, `hundreds`, `meeting_program_id`, `swimmer_id`, `team_id`, `badge_id`, `user_id`, `created_at`, `updated_at`, `disqualification_code_type_id`, `goggle_cup_points`, `reaction_time`, `team_points`, `team_affiliation_id`)
  VALUES (178943, 9, 1, 0, 0, 696.81, 696.81, 2, 48, 18, 19560, 17024, 364, 20842, 1, '2015-02-26 22:48:48', '2015-02-26 22:48:48', NULL, 0.0, 0.0, 0.0, 583);

INSERT INTO `meeting_individual_results` (`id`, `rank`, `is_play_off`, `is_out_of_race`, `is_disqualified`, `standard_points`, `meeting_individual_points`, `minutes`, `seconds`, `hundreds`, `meeting_program_id`, `swimmer_id`, `team_id`, `badge_id`, `user_id`, `created_at`, `updated_at`, `disqualification_code_type_id`, `goggle_cup_points`, `reaction_time`, `team_points`, `team_affiliation_id`)
  VALUES (178944, 10, 1, 0, 0, 665.32, 665.32, 2, 56, 14, 19560, 8459, 456, 12397, 1, '2015-02-26 22:48:48', '2015-02-26 22:48:48', NULL, 0.0, 0.0, 0.0, 676);

INSERT INTO `meeting_individual_results` (`id`, `rank`, `is_play_off`, `is_out_of_race`, `is_disqualified`, `standard_points`, `meeting_individual_points`, `minutes`, `seconds`, `hundreds`, `meeting_program_id`, `swimmer_id`, `team_id`, `badge_id`, `user_id`, `created_at`, `updated_at`, `disqualification_code_type_id`, `goggle_cup_points`, `reaction_time`, `team_points`, `team_affiliation_id`)
  VALUES (178945, 11, 1, 0, 0, 659.37, 659.37, 2, 57, 73, 19560, 16307, 309, 20143, 1, '2015-02-26 22:48:49', '2015-02-26 22:48:49', NULL, 0.0, 0.0, 0.0, 526);

INSERT INTO `meeting_individual_results` (`id`, `rank`, `is_play_off`, `is_out_of_race`, `is_disqualified`, `standard_points`, `meeting_individual_points`, `minutes`, `seconds`, `hundreds`, `meeting_program_id`, `swimmer_id`, `team_id`, `badge_id`, `user_id`, `created_at`, `updated_at`, `disqualification_code_type_id`, `goggle_cup_points`, `reaction_time`, `team_points`, `team_affiliation_id`)
  VALUES (178946, 12, 1, 0, 0, 641.29, 641.29, 3, 2, 74, 19560, 2786, 164, 5992, 1, '2015-02-26 22:48:49', '2015-02-26 22:48:49', NULL, 0.0, 0.0, 0.0, 359);

INSERT INTO `meeting_individual_results` (`id`, `rank`, `is_play_off`, `is_out_of_race`, `is_disqualified`, `standard_points`, `meeting_individual_points`, `minutes`, `seconds`, `hundreds`, `meeting_program_id`, `swimmer_id`, `team_id`, `badge_id`, `user_id`, `created_at`, `updated_at`, `disqualification_code_type_id`, `goggle_cup_points`, `reaction_time`, `team_points`, `team_affiliation_id`)
  VALUES (178947, 13, 1, 0, 0, 640.03, 640.03, 3, 3, 10, 19560, 8509, 102, 12374, 1, '2015-02-26 22:48:49', '2015-02-26 22:48:49', NULL, 0.0, 0.0, 0.0, 295);

INSERT INTO `meeting_individual_results` (`id`, `rank`, `is_play_off`, `is_out_of_race`, `is_disqualified`, `standard_points`, `meeting_individual_points`, `minutes`, `seconds`, `hundreds`, `meeting_program_id`, `swimmer_id`, `team_id`, `badge_id`, `user_id`, `created_at`, `updated_at`, `disqualification_code_type_id`, `goggle_cup_points`, `reaction_time`, `team_points`, `team_affiliation_id`)
  VALUES (178948, 14, 1, 0, 0, 638.74, 638.74, 3, 3, 47, 19560, 12634, 466, 16428, 1, '2015-02-26 22:48:50', '2015-02-26 22:48:50', NULL, 0.0, 0.0, 0.0, 686);

INSERT INTO `meeting_individual_results` (`id`, `rank`, `is_play_off`, `is_out_of_race`, `is_disqualified`, `standard_points`, `meeting_individual_points`, `minutes`, `seconds`, `hundreds`, `meeting_program_id`, `swimmer_id`, `team_id`, `badge_id`, `user_id`, `created_at`, `updated_at`, `disqualification_code_type_id`, `goggle_cup_points`, `reaction_time`, `team_points`, `team_affiliation_id`)
  VALUES (178949, 1, 1, 0, 0, 925.57, 925.57, 2, 11, 26, 19561, 2144, 74, 5337, 1, '2015-02-26 22:48:50', '2015-02-26 22:48:50', NULL, 0.0, 0.0, 0.0, 267);

INSERT INTO `meeting_individual_results` (`id`, `rank`, `is_play_off`, `is_out_of_race`, `is_disqualified`, `standard_points`, `meeting_individual_points`, `minutes`, `seconds`, `hundreds`, `meeting_program_id`, `swimmer_id`, `team_id`, `badge_id`, `user_id`, `created_at`, `updated_at`, `disqualification_code_type_id`, `goggle_cup_points`, `reaction_time`, `team_points`, `team_affiliation_id`)
  VALUES (178950, 2, 1, 0, 0, 866.3, 866.3, 2, 20, 24, 19561, 808, 67, 8784, 1, '2015-02-26 22:48:50', '2015-02-26 22:48:50', NULL, 0.0, 0.0, 0.0, 260);

INSERT INTO `meeting_individual_results` (`id`, `rank`, `is_play_off`, `is_out_of_race`, `is_disqualified`, `standard_points`, `meeting_individual_points`, `minutes`, `seconds`, `hundreds`, `meeting_program_id`, `swimmer_id`, `team_id`, `badge_id`, `user_id`, `created_at`, `updated_at`, `disqualification_code_type_id`, `goggle_cup_points`, `reaction_time`, `team_points`, `team_affiliation_id`)
  VALUES (178951, 3, 1, 0, 0, 813.79, 813.79, 2, 29, 29, 19561, 8577, 450, 12199, 1, '2015-02-26 22:48:50', '2015-02-26 22:48:50', NULL, 0.0, 0.0, 0.0, 670);

INSERT INTO `meeting_individual_results` (`id`, `rank`, `is_play_off`, `is_out_of_race`, `is_disqualified`, `standard_points`, `meeting_individual_points`, `minutes`, `seconds`, `hundreds`, `meeting_program_id`, `swimmer_id`, `team_id`, `badge_id`, `user_id`, `created_at`, `updated_at`, `disqualification_code_type_id`, `goggle_cup_points`, `reaction_time`, `team_points`, `team_affiliation_id`)
  VALUES (178952, 4, 1, 0, 0, 812.15, 812.15, 2, 29, 59, 19561, 5052, 309, 8895, 1, '2015-02-26 22:48:50', '2015-02-26 22:48:50', NULL, 0.0, 0.0, 0.0, 526);

INSERT INTO `meeting_individual_results` (`id`, `rank`, `is_play_off`, `is_out_of_race`, `is_disqualified`, `standard_points`, `meeting_individual_points`, `minutes`, `seconds`, `hundreds`, `meeting_program_id`, `swimmer_id`, `team_id`, `badge_id`, `user_id`, `created_at`, `updated_at`, `disqualification_code_type_id`, `goggle_cup_points`, `reaction_time`, `team_points`, `team_affiliation_id`)
  VALUES (178953, 5, 1, 0, 0, 783.0, 783.0, 2, 35, 16, 19561, 5538, 309, 9070, 1, '2015-02-26 22:48:50', '2015-02-26 22:48:50', NULL, 0.0, 0.0, 0.0, 526);

INSERT INTO `meeting_individual_results` (`id`, `rank`, `is_play_off`, `is_out_of_race`, `is_disqualified`, `standard_points`, `meeting_individual_points`, `minutes`, `seconds`, `hundreds`, `meeting_program_id`, `swimmer_id`, `team_id`, `badge_id`, `user_id`, `created_at`, `updated_at`, `disqualification_code_type_id`, `goggle_cup_points`, `reaction_time`, `team_points`, `team_affiliation_id`)
  VALUES (178954, 6, 1, 0, 0, 782.65, 782.65, 2, 35, 23, 19561, 5636, 333, 9436, 1, '2015-02-26 22:48:50', '2015-02-26 22:48:50', NULL, 0.0, 0.0, 0.0, 550);

INSERT INTO `meeting_individual_results` (`id`, `rank`, `is_play_off`, `is_out_of_race`, `is_disqualified`, `standard_points`, `meeting_individual_points`, `minutes`, `seconds`, `hundreds`, `meeting_program_id`, `swimmer_id`, `team_id`, `badge_id`, `user_id`, `created_at`, `updated_at`, `disqualification_code_type_id`, `goggle_cup_points`, `reaction_time`, `team_points`, `team_affiliation_id`)
  VALUES (178955, 7, 1, 0, 0, 752.31, 752.31, 2, 41, 49, 19561, 8549, 466, 12201, 1, '2015-02-26 22:48:51', '2015-02-26 22:48:51', NULL, 0.0, 0.0, 0.0, 686);

INSERT INTO `meeting_individual_results` (`id`, `rank`, `is_play_off`, `is_out_of_race`, `is_disqualified`, `standard_points`, `meeting_individual_points`, `minutes`, `seconds`, `hundreds`, `meeting_program_id`, `swimmer_id`, `team_id`, `badge_id`, `user_id`, `created_at`, `updated_at`, `disqualification_code_type_id`, `goggle_cup_points`, `reaction_time`, `team_points`, `team_affiliation_id`)
  VALUES (178956, 8, 1, 0, 0, 749.06, 749.06, 2, 42, 19, 19561, 14835, 102, 18649, 1, '2015-02-26 22:48:51', '2015-02-26 22:48:51', NULL, 0.0, 0.0, 0.0, 295);

INSERT INTO `meeting_individual_results` (`id`, `rank`, `is_play_off`, `is_out_of_race`, `is_disqualified`, `standard_points`, `meeting_individual_points`, `minutes`, `seconds`, `hundreds`, `meeting_program_id`, `swimmer_id`, `team_id`, `badge_id`, `user_id`, `created_at`, `updated_at`, `disqualification_code_type_id`, `goggle_cup_points`, `reaction_time`, `team_points`, `team_affiliation_id`)
  VALUES (178957, 9, 1, 0, 0, 659.88, 659.88, 3, 4, 11, 19561, 11320, 518, 15099, 1, '2015-02-26 22:48:51', '2015-02-26 22:48:51', NULL, 0.0, 0.0, 0.0, 738);

INSERT INTO `meeting_individual_results` (`id`, `rank`, `is_play_off`, `is_out_of_race`, `is_disqualified`, `standard_points`, `meeting_individual_points`, `minutes`, `seconds`, `hundreds`, `meeting_program_id`, `swimmer_id`, `team_id`, `badge_id`, `user_id`, `created_at`, `updated_at`, `disqualification_code_type_id`, `goggle_cup_points`, `reaction_time`, `team_points`, `team_affiliation_id`)
  VALUES (178958, 1, 1, 0, 0, 764.66, 764.66, 2, 44, 53, 19562, 821, 67, 12784, 1, '2015-02-26 22:48:52', '2015-02-26 22:48:52', NULL, 0.0, 0.0, 0.0, 260);

INSERT INTO `meeting_individual_results` (`id`, `rank`, `is_play_off`, `is_out_of_race`, `is_disqualified`, `standard_points`, `meeting_individual_points`, `minutes`, `seconds`, `hundreds`, `meeting_program_id`, `swimmer_id`, `team_id`, `badge_id`, `user_id`, `created_at`, `updated_at`, `disqualification_code_type_id`, `goggle_cup_points`, `reaction_time`, `team_points`, `team_affiliation_id`)
  VALUES (178959, 2, 1, 0, 0, 755.93, 755.93, 2, 46, 43, 19562, 943, 67, 8803, 1, '2015-02-26 22:48:52', '2015-02-26 22:48:52', NULL, 0.0, 0.0, 0.0, 260);

INSERT INTO `meeting_individual_results` (`id`, `rank`, `is_play_off`, `is_out_of_race`, `is_disqualified`, `standard_points`, `meeting_individual_points`, `minutes`, `seconds`, `hundreds`, `meeting_program_id`, `swimmer_id`, `team_id`, `badge_id`, `user_id`, `created_at`, `updated_at`, `disqualification_code_type_id`, `goggle_cup_points`, `reaction_time`, `team_points`, `team_affiliation_id`)
  VALUES (178960, 3, 1, 0, 0, 716.54, 716.54, 2, 55, 58, 19562, 2336, 71, 5534, 1, '2015-02-26 22:48:52', '2015-02-26 22:48:52', NULL, 0.0, 0.0, 0.0, 264);

INSERT INTO `meeting_individual_results` (`id`, `rank`, `is_play_off`, `is_out_of_race`, `is_disqualified`, `standard_points`, `meeting_individual_points`, `minutes`, `seconds`, `hundreds`, `meeting_program_id`, `swimmer_id`, `team_id`, `badge_id`, `user_id`, `created_at`, `updated_at`, `disqualification_code_type_id`, `goggle_cup_points`, `reaction_time`, `team_points`, `team_affiliation_id`)
  VALUES (178961, 4, 1, 0, 0, 673.39, 673.39, 3, 6, 83, 19562, 8670, 102, 12382, 1, '2015-02-26 22:48:53', '2015-02-26 22:48:53', NULL, 0.0, 0.0, 0.0, 295);

INSERT INTO `meeting_individual_results` (`id`, `rank`, `is_play_off`, `is_out_of_race`, `is_disqualified`, `standard_points`, `meeting_individual_points`, `minutes`, `seconds`, `hundreds`, `meeting_program_id`, `swimmer_id`, `team_id`, `badge_id`, `user_id`, `created_at`, `updated_at`, `disqualification_code_type_id`, `goggle_cup_points`, `reaction_time`, `team_points`, `team_affiliation_id`)
  VALUES (178962, 1, 1, 0, 0, 719.93, 719.93, 3, 13, 31, 19563, 2162, 102, 5355, 1, '2015-02-26 22:48:53', '2015-02-26 22:48:53', NULL, 0.0, 0.0, 0.0, 295);

INSERT INTO `meeting_individual_results` (`id`, `rank`, `is_play_off`, `is_out_of_race`, `is_disqualified`, `standard_points`, `meeting_individual_points`, `minutes`, `seconds`, `hundreds`, `meeting_program_id`, `swimmer_id`, `team_id`, `badge_id`, `user_id`, `created_at`, `updated_at`, `disqualification_code_type_id`, `goggle_cup_points`, `reaction_time`, `team_points`, `team_affiliation_id`)
  VALUES (178963, 1, 1, 0, 0, 0.0, 0.0, 1, 54, 8, 19564, 14148, 162, 17939, 1, '2015-02-26 22:48:53', '2015-02-26 22:48:53', NULL, 0.0, 0.0, 0.0, 357);

INSERT INTO `meeting_individual_results` (`id`, `rank`, `is_play_off`, `is_out_of_race`, `is_disqualified`, `standard_points`, `meeting_individual_points`, `minutes`, `seconds`, `hundreds`, `meeting_program_id`, `swimmer_id`, `team_id`, `badge_id`, `user_id`, `created_at`, `updated_at`, `disqualification_code_type_id`, `goggle_cup_points`, `reaction_time`, `team_points`, `team_affiliation_id`)
  VALUES (178964, 2, 1, 0, 0, 0.0, 0.0, 2, 10, 81, 19564, 5532, 307, 8817, 1, '2015-02-26 22:48:54', '2015-02-26 22:48:54', NULL, 0.0, 0.0, 0.0, 524);

INSERT INTO `meeting_individual_results` (`id`, `rank`, `is_play_off`, `is_out_of_race`, `is_disqualified`, `standard_points`, `meeting_individual_points`, `minutes`, `seconds`, `hundreds`, `meeting_program_id`, `swimmer_id`, `team_id`, `badge_id`, `user_id`, `created_at`, `updated_at`, `disqualification_code_type_id`, `goggle_cup_points`, `reaction_time`, `team_points`, `team_affiliation_id`)
  VALUES (178965, 3, 1, 0, 0, 0.0, 0.0, 2, 13, 22, 19564, 4980, 307, 8818, 1, '2015-02-26 22:48:54', '2015-02-26 22:48:54', NULL, 0.0, 0.0, 0.0, 524);

INSERT INTO `meeting_individual_results` (`id`, `rank`, `is_play_off`, `is_out_of_race`, `is_disqualified`, `standard_points`, `meeting_individual_points`, `minutes`, `seconds`, `hundreds`, `meeting_program_id`, `swimmer_id`, `team_id`, `badge_id`, `user_id`, `created_at`, `updated_at`, `disqualification_code_type_id`, `goggle_cup_points`, `reaction_time`, `team_points`, `team_affiliation_id`)
  VALUES (178966, 4, 1, 0, 0, 0.0, 0.0, 2, 15, 29, 19564, 11322, 557, 15061, 1, '2015-02-26 22:48:55', '2015-02-26 22:48:55', NULL, 0.0, 0.0, 0.0, 777);

INSERT INTO `meeting_individual_results` (`id`, `rank`, `is_play_off`, `is_out_of_race`, `is_disqualified`, `standard_points`, `meeting_individual_points`, `minutes`, `seconds`, `hundreds`, `meeting_program_id`, `swimmer_id`, `team_id`, `badge_id`, `user_id`, `created_at`, `updated_at`, `disqualification_code_type_id`, `goggle_cup_points`, `reaction_time`, `team_points`, `team_affiliation_id`)
  VALUES (178967, 5, 1, 0, 0, 0.0, 0.0, 2, 17, 99, 19564, 1196, 42, 5218, 1, '2015-02-26 22:48:55', '2015-02-26 22:48:55', NULL, 0.0, 0.0, 0.0, 235);

INSERT INTO `meeting_individual_results` (`id`, `rank`, `is_play_off`, `is_out_of_race`, `is_disqualified`, `standard_points`, `meeting_individual_points`, `minutes`, `seconds`, `hundreds`, `meeting_program_id`, `swimmer_id`, `team_id`, `badge_id`, `user_id`, `created_at`, `updated_at`, `disqualification_code_type_id`, `goggle_cup_points`, `reaction_time`, `team_points`, `team_affiliation_id`)
  VALUES (178968, 6, 1, 0, 0, 0.0, 0.0, 2, 18, 68, 19564, 14299, 168, 17940, 1, '2015-02-26 22:48:55', '2015-02-26 22:48:55', NULL, 0.0, 0.0, 0.0, 363);

INSERT INTO `meeting_individual_results` (`id`, `rank`, `is_play_off`, `is_out_of_race`, `is_disqualified`, `standard_points`, `meeting_individual_points`, `minutes`, `seconds`, `hundreds`, `meeting_program_id`, `swimmer_id`, `team_id`, `badge_id`, `user_id`, `created_at`, `updated_at`, `disqualification_code_type_id`, `goggle_cup_points`, `reaction_time`, `team_points`, `team_affiliation_id`)
  VALUES (178969, 7, 1, 0, 0, 0.0, 0.0, 2, 21, 30, 19564, 1697, 42, 7210, 1, '2015-02-26 22:48:56', '2015-02-26 22:48:56', NULL, 0.0, 0.0, 0.0, 235);

INSERT INTO `meeting_individual_results` (`id`, `rank`, `is_play_off`, `is_out_of_race`, `is_disqualified`, `standard_points`, `meeting_individual_points`, `minutes`, `seconds`, `hundreds`, `meeting_program_id`, `swimmer_id`, `team_id`, `badge_id`, `user_id`, `created_at`, `updated_at`, `disqualification_code_type_id`, `goggle_cup_points`, `reaction_time`, `team_points`, `team_affiliation_id`)
  VALUES (178970, 8, 1, 0, 0, 0.0, 0.0, 2, 23, 27, 19564, 1439, 42, 7213, 1, '2015-02-26 22:48:56', '2015-02-26 22:48:56', NULL, 0.0, 0.0, 0.0, 235);

INSERT INTO `meeting_individual_results` (`id`, `rank`, `is_play_off`, `is_out_of_race`, `is_disqualified`, `standard_points`, `meeting_individual_points`, `minutes`, `seconds`, `hundreds`, `meeting_program_id`, `swimmer_id`, `team_id`, `badge_id`, `user_id`, `created_at`, `updated_at`, `disqualification_code_type_id`, `goggle_cup_points`, `reaction_time`, `team_points`, `team_affiliation_id`)
  VALUES (178971, 9, 1, 0, 0, 0.0, 0.0, 2, 24, 21, 19564, 10509, 516, 14222, 1, '2015-02-26 22:48:56', '2015-02-26 22:48:56', NULL, 0.0, 0.0, 0.0, 736);

INSERT INTO `meeting_individual_results` (`id`, `rank`, `is_play_off`, `is_out_of_race`, `is_disqualified`, `standard_points`, `meeting_individual_points`, `minutes`, `seconds`, `hundreds`, `meeting_program_id`, `swimmer_id`, `team_id`, `badge_id`, `user_id`, `created_at`, `updated_at`, `disqualification_code_type_id`, `goggle_cup_points`, `reaction_time`, `team_points`, `team_affiliation_id`)
  VALUES (178972, 10, 1, 0, 0, 0.0, 0.0, 2, 31, 14, 19564, 5910, 169, 9690, 1, '2015-02-26 22:48:57', '2015-02-26 22:48:57', NULL, 0.0, 0.0, 0.0, 364);

INSERT INTO `meeting_individual_results` (`id`, `rank`, `is_play_off`, `is_out_of_race`, `is_disqualified`, `standard_points`, `meeting_individual_points`, `minutes`, `seconds`, `hundreds`, `meeting_program_id`, `swimmer_id`, `team_id`, `badge_id`, `user_id`, `created_at`, `updated_at`, `disqualification_code_type_id`, `goggle_cup_points`, `reaction_time`, `team_points`, `team_affiliation_id`)
  VALUES (178973, 11, 1, 0, 0, 0.0, 0.0, 2, 43, 6, 19564, 17043, 114, 20843, 1, '2015-02-26 22:48:57', '2015-02-26 22:48:57', NULL, 0.0, 0.0, 0.0, 307);

INSERT INTO `meeting_individual_results` (`id`, `rank`, `is_play_off`, `is_out_of_race`, `is_disqualified`, `standard_points`, `meeting_individual_points`, `minutes`, `seconds`, `hundreds`, `meeting_program_id`, `swimmer_id`, `team_id`, `badge_id`, `user_id`, `created_at`, `updated_at`, `disqualification_code_type_id`, `goggle_cup_points`, `reaction_time`, `team_points`, `team_affiliation_id`)
  VALUES (178974, 1, 1, 0, 0, 901.06, 901.06, 0, 32, 95, 19565, 992, 42, 8453, 1, '2015-02-26 22:48:57', '2015-02-26 22:48:57', NULL, 0.0, 0.0, 0.0, 235);

INSERT INTO `meeting_individual_results` (`id`, `rank`, `is_play_off`, `is_out_of_race`, `is_disqualified`, `standard_points`, `meeting_individual_points`, `minutes`, `seconds`, `hundreds`, `meeting_program_id`, `swimmer_id`, `team_id`, `badge_id`, `user_id`, `created_at`, `updated_at`, `disqualification_code_type_id`, `goggle_cup_points`, `reaction_time`, `team_points`, `team_affiliation_id`)
  VALUES (178975, 2, 1, 0, 0, 783.58, 783.58, 0, 37, 89, 19565, 14846, 557, 18633, 1, '2015-02-26 22:48:57', '2015-02-26 22:48:57', NULL, 0.0, 0.0, 0.0, 777);

INSERT INTO `meeting_individual_results` (`id`, `rank`, `is_play_off`, `is_out_of_race`, `is_disqualified`, `standard_points`, `meeting_individual_points`, `minutes`, `seconds`, `hundreds`, `meeting_program_id`, `swimmer_id`, `team_id`, `badge_id`, `user_id`, `created_at`, `updated_at`, `disqualification_code_type_id`, `goggle_cup_points`, `reaction_time`, `team_points`, `team_affiliation_id`)
  VALUES (178976, 3, 1, 0, 0, 759.34, 759.34, 0, 39, 10, 19565, 8504, 102, 12214, 1, '2015-02-26 22:48:57', '2015-02-26 22:48:57', NULL, 0.0, 0.0, 0.0, 295);

INSERT INTO `meeting_individual_results` (`id`, `rank`, `is_play_off`, `is_out_of_race`, `is_disqualified`, `standard_points`, `meeting_individual_points`, `minutes`, `seconds`, `hundreds`, `meeting_program_id`, `swimmer_id`, `team_id`, `badge_id`, `user_id`, `created_at`, `updated_at`, `disqualification_code_type_id`, `goggle_cup_points`, `reaction_time`, `team_points`, `team_affiliation_id`)
  VALUES (178977, 4, 1, 0, 0, 751.08, 751.08, 0, 39, 53, 19565, 12652, 466, 16437, 1, '2015-02-26 22:48:58', '2015-02-26 22:48:58', NULL, 0.0, 0.0, 0.0, 686);

INSERT INTO `meeting_individual_results` (`id`, `rank`, `is_play_off`, `is_out_of_race`, `is_disqualified`, `standard_points`, `meeting_individual_points`, `minutes`, `seconds`, `hundreds`, `meeting_program_id`, `swimmer_id`, `team_id`, `badge_id`, `user_id`, `created_at`, `updated_at`, `disqualification_code_type_id`, `goggle_cup_points`, `reaction_time`, `team_points`, `team_affiliation_id`)
  VALUES (178978, 1, 1, 0, 0, 787.93, 787.93, 0, 37, 44, 19566, 3071, 172, 6287, 1, '2015-02-26 22:48:58', '2015-02-26 22:48:58', NULL, 0.0, 0.0, 0.0, 367);

INSERT INTO `meeting_individual_results` (`id`, `rank`, `is_play_off`, `is_out_of_race`, `is_disqualified`, `standard_points`, `meeting_individual_points`, `minutes`, `seconds`, `hundreds`, `meeting_program_id`, `swimmer_id`, `team_id`, `badge_id`, `user_id`, `created_at`, `updated_at`, `disqualification_code_type_id`, `goggle_cup_points`, `reaction_time`, `team_points`, `team_affiliation_id`)
  VALUES (178979, 2, 1, 0, 0, 778.16, 778.16, 0, 37, 91, 19566, 8570, 71, 12178, 1, '2015-02-26 22:48:58', '2015-02-26 22:48:58', NULL, 0.0, 0.0, 0.0, 264);

INSERT INTO `meeting_individual_results` (`id`, `rank`, `is_play_off`, `is_out_of_race`, `is_disqualified`, `standard_points`, `meeting_individual_points`, `minutes`, `seconds`, `hundreds`, `meeting_program_id`, `swimmer_id`, `team_id`, `badge_id`, `user_id`, `created_at`, `updated_at`, `disqualification_code_type_id`, `goggle_cup_points`, `reaction_time`, `team_points`, `team_affiliation_id`)
  VALUES (178980, 3, 1, 0, 0, 740.83, 740.83, 0, 39, 82, 19566, 17032, 466, 20844, 1, '2015-02-26 22:48:58', '2015-02-26 22:48:58', NULL, 0.0, 0.0, 0.0, 686);

INSERT INTO `meeting_individual_results` (`id`, `rank`, `is_play_off`, `is_out_of_race`, `is_disqualified`, `standard_points`, `meeting_individual_points`, `minutes`, `seconds`, `hundreds`, `meeting_program_id`, `swimmer_id`, `team_id`, `badge_id`, `user_id`, `created_at`, `updated_at`, `disqualification_code_type_id`, `goggle_cup_points`, `reaction_time`, `team_points`, `team_affiliation_id`)
  VALUES (178981, 4, 1, 0, 0, 716.37, 716.37, 0, 41, 18, 19566, 14254, 173, 17980, 1, '2015-02-26 22:48:58', '2015-02-26 22:48:58', NULL, 0.0, 0.0, 0.0, 368);

INSERT INTO `meeting_individual_results` (`id`, `rank`, `is_play_off`, `is_out_of_race`, `is_disqualified`, `standard_points`, `meeting_individual_points`, `minutes`, `seconds`, `hundreds`, `meeting_program_id`, `swimmer_id`, `team_id`, `badge_id`, `user_id`, `created_at`, `updated_at`, `disqualification_code_type_id`, `goggle_cup_points`, `reaction_time`, `team_points`, `team_affiliation_id`)
  VALUES (178982, 5, 1, 0, 0, 601.06, 601.06, 0, 49, 8, 19566, 17022, 364, 20845, 1, '2015-02-26 22:48:58', '2015-02-26 22:48:58', NULL, 0.0, 0.0, 0.0, 583);

INSERT INTO `meeting_individual_results` (`id`, `rank`, `is_play_off`, `is_out_of_race`, `is_disqualified`, `standard_points`, `meeting_individual_points`, `minutes`, `seconds`, `hundreds`, `meeting_program_id`, `swimmer_id`, `team_id`, `badge_id`, `user_id`, `created_at`, `updated_at`, `disqualification_code_type_id`, `goggle_cup_points`, `reaction_time`, `team_points`, `team_affiliation_id`)
  VALUES (178983, 6, 1, 0, 0, 566.33, 566.33, 0, 52, 9, 19566, 12614, 361, 16394, 1, '2015-02-26 22:48:58', '2015-02-26 22:48:58', NULL, 0.0, 0.0, 0.0, 578);

INSERT INTO `meeting_individual_results` (`id`, `rank`, `is_play_off`, `is_out_of_race`, `is_disqualified`, `standard_points`, `meeting_individual_points`, `minutes`, `seconds`, `hundreds`, `meeting_program_id`, `swimmer_id`, `team_id`, `badge_id`, `user_id`, `created_at`, `updated_at`, `disqualification_code_type_id`, `goggle_cup_points`, `reaction_time`, `team_points`, `team_affiliation_id`)
  VALUES (178984, 1, 1, 0, 0, 636.29, 636.29, 0, 47, 62, 19567, 8694, 466, 12223, 1, '2015-02-26 22:48:59', '2015-02-26 22:48:59', NULL, 0.0, 0.0, 0.0, 686);

INSERT INTO `meeting_individual_results` (`id`, `rank`, `is_play_off`, `is_out_of_race`, `is_disqualified`, `standard_points`, `meeting_individual_points`, `minutes`, `seconds`, `hundreds`, `meeting_program_id`, `swimmer_id`, `team_id`, `badge_id`, `user_id`, `created_at`, `updated_at`, `disqualification_code_type_id`, `goggle_cup_points`, `reaction_time`, `team_points`, `team_affiliation_id`)
  VALUES (178985, 2, 1, 0, 0, 627.59, 627.59, 0, 48, 28, 19567, 17057, 364, 20846, 1, '2015-02-26 22:48:59', '2015-02-26 22:48:59', NULL, 0.0, 0.0, 0.0, 583);

INSERT INTO `meeting_individual_results` (`id`, `rank`, `is_play_off`, `is_out_of_race`, `is_disqualified`, `standard_points`, `meeting_individual_points`, `minutes`, `seconds`, `hundreds`, `meeting_program_id`, `swimmer_id`, `team_id`, `badge_id`, `user_id`, `created_at`, `updated_at`, `disqualification_code_type_id`, `goggle_cup_points`, `reaction_time`, `team_points`, `team_affiliation_id`)
  VALUES (178986, 1, 1, 0, 0, 771.29, 771.29, 0, 39, 92, 19568, 2948, 172, 6161, 1, '2015-02-26 22:48:59', '2015-02-26 22:48:59', NULL, 0.0, 0.0, 0.0, 367);

INSERT INTO `meeting_individual_results` (`id`, `rank`, `is_play_off`, `is_out_of_race`, `is_disqualified`, `standard_points`, `meeting_individual_points`, `minutes`, `seconds`, `hundreds`, `meeting_program_id`, `swimmer_id`, `team_id`, `badge_id`, `user_id`, `created_at`, `updated_at`, `disqualification_code_type_id`, `goggle_cup_points`, `reaction_time`, `team_points`, `team_affiliation_id`)
  VALUES (178987, 2, 1, 0, 0, 644.01, 644.01, 0, 47, 81, 19568, 8666, 466, 12183, 1, '2015-02-26 22:48:59', '2015-02-26 22:48:59', NULL, 0.0, 0.0, 0.0, 686);

INSERT INTO `meeting_individual_results` (`id`, `rank`, `is_play_off`, `is_out_of_race`, `is_disqualified`, `standard_points`, `meeting_individual_points`, `minutes`, `seconds`, `hundreds`, `meeting_program_id`, `swimmer_id`, `team_id`, `badge_id`, `user_id`, `created_at`, `updated_at`, `disqualification_code_type_id`, `goggle_cup_points`, `reaction_time`, `team_points`, `team_affiliation_id`)
  VALUES (178988, 1, 1, 0, 0, 693.58, 693.58, 0, 45, 46, 19569, 8445, 466, 12184, 1, '2015-02-26 22:48:59', '2015-02-26 22:48:59', NULL, 0.0, 0.0, 0.0, 686);

INSERT INTO `meeting_individual_results` (`id`, `rank`, `is_play_off`, `is_out_of_race`, `is_disqualified`, `standard_points`, `meeting_individual_points`, `minutes`, `seconds`, `hundreds`, `meeting_program_id`, `swimmer_id`, `team_id`, `badge_id`, `user_id`, `created_at`, `updated_at`, `disqualification_code_type_id`, `goggle_cup_points`, `reaction_time`, `team_points`, `team_affiliation_id`)
  VALUES (178989, 1, 1, 0, 0, 529.02, 529.02, 1, 2, 2, 19570, 8660, 466, 12401, 1, '2015-02-26 22:49:00', '2015-02-26 22:49:00', NULL, 0.0, 0.0, 0.0, 686);

INSERT INTO `meeting_individual_results` (`id`, `rank`, `is_play_off`, `is_out_of_race`, `is_disqualified`, `standard_points`, `meeting_individual_points`, `minutes`, `seconds`, `hundreds`, `meeting_program_id`, `swimmer_id`, `team_id`, `badge_id`, `user_id`, `created_at`, `updated_at`, `disqualification_code_type_id`, `goggle_cup_points`, `reaction_time`, `team_points`, `team_affiliation_id`)
  VALUES (178990, 1, 1, 0, 0, 582.63, 582.63, 1, 26, 59, 19571, 8446, 102, 12190, 1, '2015-02-26 22:49:00', '2015-02-26 22:49:00', NULL, 0.0, 0.0, 0.0, 295);

INSERT INTO `meeting_individual_results` (`id`, `rank`, `is_play_off`, `is_out_of_race`, `is_disqualified`, `standard_points`, `meeting_individual_points`, `minutes`, `seconds`, `hundreds`, `meeting_program_id`, `swimmer_id`, `team_id`, `badge_id`, `user_id`, `created_at`, `updated_at`, `disqualification_code_type_id`, `goggle_cup_points`, `reaction_time`, `team_points`, `team_affiliation_id`)
  VALUES (178991, 1, 1, 0, 0, 0.0, 0.0, 0, 32, 69, 19572, 17056, 420, 20847, 1, '2015-02-26 22:49:00', '2015-02-26 22:49:00', NULL, 0.0, 0.0, 0.0, 640);

INSERT INTO `meeting_individual_results` (`id`, `rank`, `is_play_off`, `is_out_of_race`, `is_disqualified`, `standard_points`, `meeting_individual_points`, `minutes`, `seconds`, `hundreds`, `meeting_program_id`, `swimmer_id`, `team_id`, `badge_id`, `user_id`, `created_at`, `updated_at`, `disqualification_code_type_id`, `goggle_cup_points`, `reaction_time`, `team_points`, `team_affiliation_id`)
  VALUES (178992, 2, 1, 0, 0, 0.0, 0.0, 0, 34, 33, 19572, 14193, 172, 18026, 1, '2015-02-26 22:49:00', '2015-02-26 22:49:00', NULL, 0.0, 0.0, 0.0, 367);

INSERT INTO `meeting_individual_results` (`id`, `rank`, `is_play_off`, `is_out_of_race`, `is_disqualified`, `standard_points`, `meeting_individual_points`, `minutes`, `seconds`, `hundreds`, `meeting_program_id`, `swimmer_id`, `team_id`, `badge_id`, `user_id`, `created_at`, `updated_at`, `disqualification_code_type_id`, `goggle_cup_points`, `reaction_time`, `team_points`, `team_affiliation_id`)
  VALUES (178993, 3, 1, 0, 0, 0.0, 0.0, 0, 41, 21, 19572, 12631, 373, 16395, 1, '2015-02-26 22:49:00', '2015-02-26 22:49:00', NULL, 0.0, 0.0, 0.0, 593);

INSERT INTO `meeting_individual_results` (`id`, `rank`, `is_play_off`, `is_out_of_race`, `is_disqualified`, `standard_points`, `meeting_individual_points`, `minutes`, `seconds`, `hundreds`, `meeting_program_id`, `swimmer_id`, `team_id`, `badge_id`, `user_id`, `created_at`, `updated_at`, `disqualification_code_type_id`, `goggle_cup_points`, `reaction_time`, `team_points`, `team_affiliation_id`)
  VALUES (178994, 1, 1, 0, 0, 909.39, 909.39, 0, 27, 81, 19573, 10448, 516, 14164, 1, '2015-02-26 22:49:01', '2015-02-26 22:49:01', NULL, 0.0, 0.0, 0.0, 736);

INSERT INTO `meeting_individual_results` (`id`, `rank`, `is_play_off`, `is_out_of_race`, `is_disqualified`, `standard_points`, `meeting_individual_points`, `minutes`, `seconds`, `hundreds`, `meeting_program_id`, `swimmer_id`, `team_id`, `badge_id`, `user_id`, `created_at`, `updated_at`, `disqualification_code_type_id`, `goggle_cup_points`, `reaction_time`, `team_points`, `team_affiliation_id`)
  VALUES (178995, 1, 1, 0, 0, 798.63, 798.63, 0, 32, 13, 19574, 17059, 518, 20837, 1, '2015-02-26 22:49:01', '2015-02-26 22:49:01', NULL, 0.0, 0.0, 0.0, 738);

INSERT INTO `meeting_individual_results` (`id`, `rank`, `is_play_off`, `is_out_of_race`, `is_disqualified`, `standard_points`, `meeting_individual_points`, `minutes`, `seconds`, `hundreds`, `meeting_program_id`, `swimmer_id`, `team_id`, `badge_id`, `user_id`, `created_at`, `updated_at`, `disqualification_code_type_id`, `goggle_cup_points`, `reaction_time`, `team_points`, `team_affiliation_id`)
  VALUES (178996, 2, 1, 0, 0, 628.61, 628.61, 0, 40, 82, 19574, 12657, 361, 16415, 1, '2015-02-26 22:49:01', '2015-02-26 22:49:01', NULL, 0.0, 0.0, 0.0, 578);

INSERT INTO `meeting_individual_results` (`id`, `rank`, `is_play_off`, `is_out_of_race`, `is_disqualified`, `standard_points`, `meeting_individual_points`, `minutes`, `seconds`, `hundreds`, `meeting_program_id`, `swimmer_id`, `team_id`, `badge_id`, `user_id`, `created_at`, `updated_at`, `disqualification_code_type_id`, `goggle_cup_points`, `reaction_time`, `team_points`, `team_affiliation_id`)
  VALUES (178997, 1, 1, 0, 0, 811.14, 811.14, 0, 32, 67, 19575, 724, 42, 7345, 1, '2015-02-26 22:49:02', '2015-02-26 22:49:02', NULL, 0.0, 0.0, 0.0, 235);

INSERT INTO `meeting_individual_results` (`id`, `rank`, `is_play_off`, `is_out_of_race`, `is_disqualified`, `standard_points`, `meeting_individual_points`, `minutes`, `seconds`, `hundreds`, `meeting_program_id`, `swimmer_id`, `team_id`, `badge_id`, `user_id`, `created_at`, `updated_at`, `disqualification_code_type_id`, `goggle_cup_points`, `reaction_time`, `team_points`, `team_affiliation_id`)
  VALUES (178998, 2, 1, 0, 0, 765.45, 765.45, 0, 34, 62, 19575, 14841, 364, 18648, 1, '2015-02-26 22:49:02', '2015-02-26 22:49:02', NULL, 0.0, 0.0, 0.0, 583);

INSERT INTO `meeting_individual_results` (`id`, `rank`, `is_play_off`, `is_out_of_race`, `is_disqualified`, `standard_points`, `meeting_individual_points`, `minutes`, `seconds`, `hundreds`, `meeting_program_id`, `swimmer_id`, `team_id`, `badge_id`, `user_id`, `created_at`, `updated_at`, `disqualification_code_type_id`, `goggle_cup_points`, `reaction_time`, `team_points`, `team_affiliation_id`)
  VALUES (178999, 3, 1, 0, 0, 667.0, 667.0, 0, 39, 73, 19575, 8448, 466, 12354, 1, '2015-02-26 22:49:02', '2015-02-26 22:49:02', NULL, 0.0, 0.0, 0.0, 686);

INSERT INTO `meeting_individual_results` (`id`, `rank`, `is_play_off`, `is_out_of_race`, `is_disqualified`, `standard_points`, `meeting_individual_points`, `minutes`, `seconds`, `hundreds`, `meeting_program_id`, `swimmer_id`, `team_id`, `badge_id`, `user_id`, `created_at`, `updated_at`, `disqualification_code_type_id`, `goggle_cup_points`, `reaction_time`, `team_points`, `team_affiliation_id`)
  VALUES (179000, 4, 1, 0, 0, 402.8, 402.8, 1, 5, 79, 19575, 6307, 71, 10241, 1, '2015-02-26 22:49:03', '2015-02-26 22:49:03', NULL, 0.0, 0.0, 0.0, 264);

INSERT INTO `meeting_individual_results` (`id`, `rank`, `is_play_off`, `is_out_of_race`, `is_disqualified`, `standard_points`, `meeting_individual_points`, `minutes`, `seconds`, `hundreds`, `meeting_program_id`, `swimmer_id`, `team_id`, `badge_id`, `user_id`, `created_at`, `updated_at`, `disqualification_code_type_id`, `goggle_cup_points`, `reaction_time`, `team_points`, `team_affiliation_id`)
  VALUES (179001, 1, 1, 0, 0, 871.95, 871.95, 0, 30, 77, 19576, 12615, 364, 16436, 1, '2015-02-26 22:49:03', '2015-02-26 22:49:03', NULL, 0.0, 0.0, 0.0, 583);

INSERT INTO `meeting_individual_results` (`id`, `rank`, `is_play_off`, `is_out_of_race`, `is_disqualified`, `standard_points`, `meeting_individual_points`, `minutes`, `seconds`, `hundreds`, `meeting_program_id`, `swimmer_id`, `team_id`, `badge_id`, `user_id`, `created_at`, `updated_at`, `disqualification_code_type_id`, `goggle_cup_points`, `reaction_time`, `team_points`, `team_affiliation_id`)
  VALUES (179002, 2, 1, 0, 0, 711.29, 711.29, 0, 37, 72, 19576, 3271, 154, 6492, 1, '2015-02-26 22:49:03', '2015-02-26 22:49:03', NULL, 0.0, 0.0, 0.0, 349);

INSERT INTO `meeting_individual_results` (`id`, `rank`, `is_play_off`, `is_out_of_race`, `is_disqualified`, `standard_points`, `meeting_individual_points`, `minutes`, `seconds`, `hundreds`, `meeting_program_id`, `swimmer_id`, `team_id`, `badge_id`, `user_id`, `created_at`, `updated_at`, `disqualification_code_type_id`, `goggle_cup_points`, `reaction_time`, `team_points`, `team_affiliation_id`)
  VALUES (179003, 3, 1, 0, 0, 669.75, 669.75, 0, 40, 6, 19576, 14833, 557, 18646, 1, '2015-02-26 22:49:03', '2015-02-26 22:49:03', NULL, 0.0, 0.0, 0.0, 777);

INSERT INTO `meeting_individual_results` (`id`, `rank`, `is_play_off`, `is_out_of_race`, `is_disqualified`, `standard_points`, `meeting_individual_points`, `minutes`, `seconds`, `hundreds`, `meeting_program_id`, `swimmer_id`, `team_id`, `badge_id`, `user_id`, `created_at`, `updated_at`, `disqualification_code_type_id`, `goggle_cup_points`, `reaction_time`, `team_points`, `team_affiliation_id`)
  VALUES (179004, 4, 1, 0, 0, 644.95, 644.95, 0, 41, 60, 19576, 12644, 364, 16417, 1, '2015-02-26 22:49:03', '2015-02-26 22:49:03', NULL, 0.0, 0.0, 0.0, 583);

INSERT INTO `meeting_individual_results` (`id`, `rank`, `is_play_off`, `is_out_of_race`, `is_disqualified`, `standard_points`, `meeting_individual_points`, `minutes`, `seconds`, `hundreds`, `meeting_program_id`, `swimmer_id`, `team_id`, `badge_id`, `user_id`, `created_at`, `updated_at`, `disqualification_code_type_id`, `goggle_cup_points`, `reaction_time`, `team_points`, `team_affiliation_id`)
  VALUES (179005, 5, 1, 0, 0, 626.87, 626.87, 0, 42, 80, 19576, 7885, 164, 11575, 1, '2015-02-26 22:49:03', '2015-02-26 22:49:03', NULL, 0.0, 0.0, 0.0, 359);

INSERT INTO `meeting_individual_results` (`id`, `rank`, `is_play_off`, `is_out_of_race`, `is_disqualified`, `standard_points`, `meeting_individual_points`, `minutes`, `seconds`, `hundreds`, `meeting_program_id`, `swimmer_id`, `team_id`, `badge_id`, `user_id`, `created_at`, `updated_at`, `disqualification_code_type_id`, `goggle_cup_points`, `reaction_time`, `team_points`, `team_affiliation_id`)
  VALUES (179006, 1, 1, 0, 0, 844.43, 844.43, 0, 32, 59, 19577, 12623, 364, 16430, 1, '2015-02-26 22:49:04', '2015-02-26 22:49:04', NULL, 0.0, 0.0, 0.0, 583);

INSERT INTO `meeting_individual_results` (`id`, `rank`, `is_play_off`, `is_out_of_race`, `is_disqualified`, `standard_points`, `meeting_individual_points`, `minutes`, `seconds`, `hundreds`, `meeting_program_id`, `swimmer_id`, `team_id`, `badge_id`, `user_id`, `created_at`, `updated_at`, `disqualification_code_type_id`, `goggle_cup_points`, `reaction_time`, `team_points`, `team_affiliation_id`)
  VALUES (179007, 2, 1, 0, 0, 774.77, 774.77, 0, 35, 52, 19577, 8463, 364, 12251, 1, '2015-02-26 22:49:04', '2015-02-26 22:49:04', NULL, 0.0, 0.0, 0.0, 583);

INSERT INTO `meeting_individual_results` (`id`, `rank`, `is_play_off`, `is_out_of_race`, `is_disqualified`, `standard_points`, `meeting_individual_points`, `minutes`, `seconds`, `hundreds`, `meeting_program_id`, `swimmer_id`, `team_id`, `badge_id`, `user_id`, `created_at`, `updated_at`, `disqualification_code_type_id`, `goggle_cup_points`, `reaction_time`, `team_points`, `team_affiliation_id`)
  VALUES (179008, 3, 1, 0, 0, 633.37, 633.37, 0, 43, 45, 19577, 8462, 364, 12422, 1, '2015-02-26 22:49:04', '2015-02-26 22:49:04', NULL, 0.0, 0.0, 0.0, 583);

INSERT INTO `meeting_individual_results` (`id`, `rank`, `is_play_off`, `is_out_of_race`, `is_disqualified`, `standard_points`, `meeting_individual_points`, `minutes`, `seconds`, `hundreds`, `meeting_program_id`, `swimmer_id`, `team_id`, `badge_id`, `user_id`, `created_at`, `updated_at`, `disqualification_code_type_id`, `goggle_cup_points`, `reaction_time`, `team_points`, `team_affiliation_id`)
  VALUES (179009, 4, 1, 0, 0, 528.21, 528.21, 0, 52, 10, 19577, 17046, 364, 20848, 1, '2015-02-26 22:49:05', '2015-02-26 22:49:05', NULL, 0.0, 0.0, 0.0, 583);

INSERT INTO `meeting_individual_results` (`id`, `rank`, `is_play_off`, `is_out_of_race`, `is_disqualified`, `standard_points`, `meeting_individual_points`, `minutes`, `seconds`, `hundreds`, `meeting_program_id`, `swimmer_id`, `team_id`, `badge_id`, `user_id`, `created_at`, `updated_at`, `disqualification_code_type_id`, `goggle_cup_points`, `reaction_time`, `team_points`, `team_affiliation_id`)
  VALUES (179010, 5, 1, 0, 0, 478.94, 478.94, 0, 57, 46, 19577, 8479, 364, 12405, 1, '2015-02-26 22:49:05', '2015-02-26 22:49:05', NULL, 0.0, 0.0, 0.0, 583);

INSERT INTO `meeting_individual_results` (`id`, `rank`, `is_play_off`, `is_out_of_race`, `is_disqualified`, `standard_points`, `meeting_individual_points`, `minutes`, `seconds`, `hundreds`, `meeting_program_id`, `swimmer_id`, `team_id`, `badge_id`, `user_id`, `created_at`, `updated_at`, `disqualification_code_type_id`, `goggle_cup_points`, `reaction_time`, `team_points`, `team_affiliation_id`)
  VALUES (179011, 1, 1, 0, 0, 707.75, 707.75, 0, 40, 41, 19578, 8661, 456, 12200, 1, '2015-02-26 22:49:05', '2015-02-26 22:49:05', NULL, 0.0, 0.0, 0.0, 676);

INSERT INTO `meeting_individual_results` (`id`, `rank`, `is_play_off`, `is_out_of_race`, `is_disqualified`, `standard_points`, `meeting_individual_points`, `minutes`, `seconds`, `hundreds`, `meeting_program_id`, `swimmer_id`, `team_id`, `badge_id`, `user_id`, `created_at`, `updated_at`, `disqualification_code_type_id`, `goggle_cup_points`, `reaction_time`, `team_points`, `team_affiliation_id`)
  VALUES (179012, 2, 1, 0, 0, 695.86, 695.86, 0, 41, 10, 19578, 2331, 71, 5529, 1, '2015-02-26 22:49:06', '2015-02-26 22:49:06', NULL, 0.0, 0.0, 0.0, 264);

INSERT INTO `meeting_individual_results` (`id`, `rank`, `is_play_off`, `is_out_of_race`, `is_disqualified`, `standard_points`, `meeting_individual_points`, `minutes`, `seconds`, `hundreds`, `meeting_program_id`, `swimmer_id`, `team_id`, `badge_id`, `user_id`, `created_at`, `updated_at`, `disqualification_code_type_id`, `goggle_cup_points`, `reaction_time`, `team_points`, `team_affiliation_id`)
  VALUES (179013, 1, 1, 0, 0, 566.88, 566.88, 0, 52, 78, 19579, 3602, 204, 6823, 1, '2015-02-26 22:49:06', '2015-02-26 22:49:06', NULL, 0.0, 0.0, 0.0, 399);

INSERT INTO `meeting_individual_results` (`id`, `rank`, `is_play_off`, `is_out_of_race`, `is_disqualified`, `standard_points`, `meeting_individual_points`, `minutes`, `seconds`, `hundreds`, `meeting_program_id`, `swimmer_id`, `team_id`, `badge_id`, `user_id`, `created_at`, `updated_at`, `disqualification_code_type_id`, `goggle_cup_points`, `reaction_time`, `team_points`, `team_affiliation_id`)
  VALUES (179014, 1, 1, 0, 0, 865.6, 865.6, 0, 36, 31, 19580, 8482, 364, 12424, 1, '2015-02-26 22:49:06', '2015-02-26 22:49:06', NULL, 0.0, 0.0, 0.0, 583);

INSERT INTO `meeting_individual_results` (`id`, `rank`, `is_play_off`, `is_out_of_race`, `is_disqualified`, `standard_points`, `meeting_individual_points`, `minutes`, `seconds`, `hundreds`, `meeting_program_id`, `swimmer_id`, `team_id`, `badge_id`, `user_id`, `created_at`, `updated_at`, `disqualification_code_type_id`, `goggle_cup_points`, `reaction_time`, `team_points`, `team_affiliation_id`)
  VALUES (179015, 2, 1, 0, 0, 608.87, 608.87, 0, 51, 62, 19580, 6395, 71, 10257, 1, '2015-02-26 22:49:07', '2015-02-26 22:49:07', NULL, 0.0, 0.0, 0.0, 264);

INSERT INTO `meeting_individual_results` (`id`, `rank`, `is_play_off`, `is_out_of_race`, `is_disqualified`, `standard_points`, `meeting_individual_points`, `minutes`, `seconds`, `hundreds`, `meeting_program_id`, `swimmer_id`, `team_id`, `badge_id`, `user_id`, `created_at`, `updated_at`, `disqualification_code_type_id`, `goggle_cup_points`, `reaction_time`, `team_points`, `team_affiliation_id`)
  VALUES (179016, 1, 1, 0, 0, 577.95, 577.95, 0, 56, 77, 19581, 8531, 466, 12440, 1, '2015-02-26 22:49:07', '2015-02-26 22:49:07', NULL, 0.0, 0.0, 0.0, 686);

INSERT INTO `meeting_individual_results` (`id`, `rank`, `is_play_off`, `is_out_of_race`, `is_disqualified`, `standard_points`, `meeting_individual_points`, `minutes`, `seconds`, `hundreds`, `meeting_program_id`, `swimmer_id`, `team_id`, `badge_id`, `user_id`, `created_at`, `updated_at`, `disqualification_code_type_id`, `goggle_cup_points`, `reaction_time`, `team_points`, `team_affiliation_id`)
  VALUES (179017, 1, 1, 0, 0, 640.69, 640.69, 0, 43, 75, 19582, 3152, 172, 6371, 1, '2015-02-26 22:49:07', '2015-02-26 22:49:07', NULL, 0.0, 0.0, 0.0, 367);

INSERT INTO `meeting_individual_results` (`id`, `rank`, `is_play_off`, `is_out_of_race`, `is_disqualified`, `standard_points`, `meeting_individual_points`, `minutes`, `seconds`, `hundreds`, `meeting_program_id`, `swimmer_id`, `team_id`, `badge_id`, `user_id`, `created_at`, `updated_at`, `disqualification_code_type_id`, `goggle_cup_points`, `reaction_time`, `team_points`, `team_affiliation_id`)
  VALUES (179018, 1, 1, 0, 0, 824.37, 824.37, 0, 34, 22, 19583, 7723, 420, 11545, 1, '2015-02-26 22:49:08', '2015-02-26 22:49:08', NULL, 0.0, 0.0, 0.0, 640);

INSERT INTO `meeting_individual_results` (`id`, `rank`, `is_play_off`, `is_out_of_race`, `is_disqualified`, `standard_points`, `meeting_individual_points`, `minutes`, `seconds`, `hundreds`, `meeting_program_id`, `swimmer_id`, `team_id`, `badge_id`, `user_id`, `created_at`, `updated_at`, `disqualification_code_type_id`, `goggle_cup_points`, `reaction_time`, `team_points`, `team_affiliation_id`)
  VALUES (179019, 2, 1, 0, 0, 664.86, 664.86, 0, 42, 43, 19583, 8569, 71, 12305, 1, '2015-02-26 22:49:08', '2015-02-26 22:49:08', NULL, 0.0, 0.0, 0.0, 264);

INSERT INTO `meeting_individual_results` (`id`, `rank`, `is_play_off`, `is_out_of_race`, `is_disqualified`, `standard_points`, `meeting_individual_points`, `minutes`, `seconds`, `hundreds`, `meeting_program_id`, `swimmer_id`, `team_id`, `badge_id`, `user_id`, `created_at`, `updated_at`, `disqualification_code_type_id`, `goggle_cup_points`, `reaction_time`, `team_points`, `team_affiliation_id`)
  VALUES (179020, 1, 1, 0, 1, 0.0, 0.0, 0, 0, 0, 19584, 6108, 68, 10187, 1, '2015-02-26 22:49:09', '2015-02-26 22:49:09', 1, 0.0, 0.0, 0.0, 261);

INSERT INTO `meeting_individual_results` (`id`, `rank`, `is_play_off`, `is_out_of_race`, `is_disqualified`, `standard_points`, `meeting_individual_points`, `minutes`, `seconds`, `hundreds`, `meeting_program_id`, `swimmer_id`, `team_id`, `badge_id`, `user_id`, `created_at`, `updated_at`, `disqualification_code_type_id`, `goggle_cup_points`, `reaction_time`, `team_points`, `team_affiliation_id`)
  VALUES (179021, 1, 1, 0, 0, 833.14, 833.14, 0, 34, 88, 19585, 2946, 172, 6159, 1, '2015-02-26 22:49:09', '2015-02-26 22:49:09', NULL, 0.0, 0.0, 0.0, 367);

INSERT INTO `meeting_individual_results` (`id`, `rank`, `is_play_off`, `is_out_of_race`, `is_disqualified`, `standard_points`, `meeting_individual_points`, `minutes`, `seconds`, `hundreds`, `meeting_program_id`, `swimmer_id`, `team_id`, `badge_id`, `user_id`, `created_at`, `updated_at`, `disqualification_code_type_id`, `goggle_cup_points`, `reaction_time`, `team_points`, `team_affiliation_id`)
  VALUES (179022, 2, 1, 0, 0, 759.94, 759.94, 0, 38, 24, 19585, 3236, 173, 6457, 1, '2015-02-26 22:49:09', '2015-02-26 22:49:09', NULL, 0.0, 0.0, 0.0, 368);

INSERT INTO `meeting_individual_results` (`id`, `rank`, `is_play_off`, `is_out_of_race`, `is_disqualified`, `standard_points`, `meeting_individual_points`, `minutes`, `seconds`, `hundreds`, `meeting_program_id`, `swimmer_id`, `team_id`, `badge_id`, `user_id`, `created_at`, `updated_at`, `disqualification_code_type_id`, `goggle_cup_points`, `reaction_time`, `team_points`, `team_affiliation_id`)
  VALUES (179023, 3, 1, 0, 0, 757.36, 757.36, 0, 38, 37, 19585, 5860, 309, 9511, 1, '2015-02-26 22:49:10', '2015-02-26 22:49:10', NULL, 0.0, 0.0, 0.0, 526);

INSERT INTO `meeting_individual_results` (`id`, `rank`, `is_play_off`, `is_out_of_race`, `is_disqualified`, `standard_points`, `meeting_individual_points`, `minutes`, `seconds`, `hundreds`, `meeting_program_id`, `swimmer_id`, `team_id`, `badge_id`, `user_id`, `created_at`, `updated_at`, `disqualification_code_type_id`, `goggle_cup_points`, `reaction_time`, `team_points`, `team_affiliation_id`)
  VALUES (179024, 1, 1, 0, 0, 779.21, 779.21, 0, 38, 0, 19586, 798, 67, 10401, 1, '2015-02-26 22:49:10', '2015-02-26 22:49:10', NULL, 0.0, 0.0, 0.0, 260);

INSERT INTO `meeting_individual_results` (`id`, `rank`, `is_play_off`, `is_out_of_race`, `is_disqualified`, `standard_points`, `meeting_individual_points`, `minutes`, `seconds`, `hundreds`, `meeting_program_id`, `swimmer_id`, `team_id`, `badge_id`, `user_id`, `created_at`, `updated_at`, `disqualification_code_type_id`, `goggle_cup_points`, `reaction_time`, `team_points`, `team_affiliation_id`)
  VALUES (179025, 2, 1, 0, 0, 680.53, 680.53, 0, 43, 51, 19586, 8445, 466, 12184, 1, '2015-02-26 22:49:10', '2015-02-26 22:49:10', NULL, 0.0, 0.0, 0.0, 686);

INSERT INTO `meeting_individual_results` (`id`, `rank`, `is_play_off`, `is_out_of_race`, `is_disqualified`, `standard_points`, `meeting_individual_points`, `minutes`, `seconds`, `hundreds`, `meeting_program_id`, `swimmer_id`, `team_id`, `badge_id`, `user_id`, `created_at`, `updated_at`, `disqualification_code_type_id`, `goggle_cup_points`, `reaction_time`, `team_points`, `team_affiliation_id`)
  VALUES (179026, 1, 1, 0, 0, 765.41, 765.41, 0, 40, 24, 19587, 7500, 272, 11389, 1, '2015-02-26 22:49:11', '2015-02-26 22:49:11', NULL, 0.0, 0.0, 0.0, 469);

INSERT INTO `meeting_individual_results` (`id`, `rank`, `is_play_off`, `is_out_of_race`, `is_disqualified`, `standard_points`, `meeting_individual_points`, `minutes`, `seconds`, `hundreds`, `meeting_program_id`, `swimmer_id`, `team_id`, `badge_id`, `user_id`, `created_at`, `updated_at`, `disqualification_code_type_id`, `goggle_cup_points`, `reaction_time`, `team_points`, `team_affiliation_id`)
  VALUES (179027, 1, 1, 0, 0, 637.25, 637.25, 0, 51, 55, 19588, 1910, 68, 5091, 1, '2015-02-26 22:49:11', '2015-02-26 22:49:11', NULL, 0.0, 0.0, 0.0, 261);

INSERT INTO `meeting_individual_results` (`id`, `rank`, `is_play_off`, `is_out_of_race`, `is_disqualified`, `standard_points`, `meeting_individual_points`, `minutes`, `seconds`, `hundreds`, `meeting_program_id`, `swimmer_id`, `team_id`, `badge_id`, `user_id`, `created_at`, `updated_at`, `disqualification_code_type_id`, `goggle_cup_points`, `reaction_time`, `team_points`, `team_affiliation_id`)
  VALUES (179028, 1, 1, 0, 0, 847.65, 847.65, 0, 40, 63, 19589, 6730, 364, 10445, 1, '2015-02-26 22:49:11', '2015-02-26 22:49:11', NULL, 0.0, 0.0, 0.0, 583);

INSERT INTO `meeting_individual_results` (`id`, `rank`, `is_play_off`, `is_out_of_race`, `is_disqualified`, `standard_points`, `meeting_individual_points`, `minutes`, `seconds`, `hundreds`, `meeting_program_id`, `swimmer_id`, `team_id`, `badge_id`, `user_id`, `created_at`, `updated_at`, `disqualification_code_type_id`, `goggle_cup_points`, `reaction_time`, `team_points`, `team_affiliation_id`)
  VALUES (179029, 1, 1, 0, 0, 0.0, 0.0, 0, 32, 58, 19590, 17041, 168, 20825, 1, '2015-02-26 22:49:11', '2015-02-26 22:49:11', NULL, 0.0, 0.0, 0.0, 363);

INSERT INTO `meeting_individual_results` (`id`, `rank`, `is_play_off`, `is_out_of_race`, `is_disqualified`, `standard_points`, `meeting_individual_points`, `minutes`, `seconds`, `hundreds`, `meeting_program_id`, `swimmer_id`, `team_id`, `badge_id`, `user_id`, `created_at`, `updated_at`, `disqualification_code_type_id`, `goggle_cup_points`, `reaction_time`, `team_points`, `team_affiliation_id`)
  VALUES (179030, 2, 1, 0, 0, 0.0, 0.0, 0, 34, 53, 19590, 17039, 307, 20826, 1, '2015-02-26 22:49:11', '2015-02-26 22:49:11', NULL, 0.0, 0.0, 0.0, 524);

INSERT INTO `meeting_individual_results` (`id`, `rank`, `is_play_off`, `is_out_of_race`, `is_disqualified`, `standard_points`, `meeting_individual_points`, `minutes`, `seconds`, `hundreds`, `meeting_program_id`, `swimmer_id`, `team_id`, `badge_id`, `user_id`, `created_at`, `updated_at`, `disqualification_code_type_id`, `goggle_cup_points`, `reaction_time`, `team_points`, `team_affiliation_id`)
  VALUES (179031, 1, 1, 0, 0, 917.77, 917.77, 0, 26, 39, 19591, 5220, 175, 9089, 1, '2015-02-26 22:49:11', '2015-02-26 22:49:11', NULL, 0.0, 0.0, 0.0, 370);

INSERT INTO `meeting_individual_results` (`id`, `rank`, `is_play_off`, `is_out_of_race`, `is_disqualified`, `standard_points`, `meeting_individual_points`, `minutes`, `seconds`, `hundreds`, `meeting_program_id`, `swimmer_id`, `team_id`, `badge_id`, `user_id`, `created_at`, `updated_at`, `disqualification_code_type_id`, `goggle_cup_points`, `reaction_time`, `team_points`, `team_affiliation_id`)
  VALUES (179032, 2, 1, 0, 0, 857.65, 857.65, 0, 28, 24, 19591, 1929, 73, 5111, 1, '2015-02-26 22:49:12', '2015-02-26 22:49:12', NULL, 0.0, 0.0, 0.0, 266);

INSERT INTO `meeting_individual_results` (`id`, `rank`, `is_play_off`, `is_out_of_race`, `is_disqualified`, `standard_points`, `meeting_individual_points`, `minutes`, `seconds`, `hundreds`, `meeting_program_id`, `swimmer_id`, `team_id`, `badge_id`, `user_id`, `created_at`, `updated_at`, `disqualification_code_type_id`, `goggle_cup_points`, `reaction_time`, `team_points`, `team_affiliation_id`)
  VALUES (179033, 3, 1, 0, 0, 852.82, 852.82, 0, 28, 40, 19591, 1928, 73, 5110, 1, '2015-02-26 22:49:12', '2015-02-26 22:49:12', NULL, 0.0, 0.0, 0.0, 266);

INSERT INTO `meeting_individual_results` (`id`, `rank`, `is_play_off`, `is_out_of_race`, `is_disqualified`, `standard_points`, `meeting_individual_points`, `minutes`, `seconds`, `hundreds`, `meeting_program_id`, `swimmer_id`, `team_id`, `badge_id`, `user_id`, `created_at`, `updated_at`, `disqualification_code_type_id`, `goggle_cup_points`, `reaction_time`, `team_points`, `team_affiliation_id`)
  VALUES (179034, 4, 1, 0, 0, 850.72, 850.72, 0, 28, 47, 19591, 8428, 466, 12413, 1, '2015-02-26 22:49:12', '2015-02-26 22:49:12', NULL, 0.0, 0.0, 0.0, 686);

INSERT INTO `meeting_individual_results` (`id`, `rank`, `is_play_off`, `is_out_of_race`, `is_disqualified`, `standard_points`, `meeting_individual_points`, `minutes`, `seconds`, `hundreds`, `meeting_program_id`, `swimmer_id`, `team_id`, `badge_id`, `user_id`, `created_at`, `updated_at`, `disqualification_code_type_id`, `goggle_cup_points`, `reaction_time`, `team_points`, `team_affiliation_id`)
  VALUES (179035, 5, 1, 0, 0, 840.39, 840.39, 0, 28, 82, 19591, 7810, 420, 11646, 1, '2015-02-26 22:49:12', '2015-02-26 22:49:12', NULL, 0.0, 0.0, 0.0, 640);

INSERT INTO `meeting_individual_results` (`id`, `rank`, `is_play_off`, `is_out_of_race`, `is_disqualified`, `standard_points`, `meeting_individual_points`, `minutes`, `seconds`, `hundreds`, `meeting_program_id`, `swimmer_id`, `team_id`, `badge_id`, `user_id`, `created_at`, `updated_at`, `disqualification_code_type_id`, `goggle_cup_points`, `reaction_time`, `team_points`, `team_affiliation_id`)
  VALUES (179036, 6, 1, 0, 0, 828.88, 828.88, 0, 29, 22, 19591, 7801, 162, 11480, 1, '2015-02-26 22:49:12', '2015-02-26 22:49:12', NULL, 0.0, 0.0, 0.0, 357);

INSERT INTO `meeting_individual_results` (`id`, `rank`, `is_play_off`, `is_out_of_race`, `is_disqualified`, `standard_points`, `meeting_individual_points`, `minutes`, `seconds`, `hundreds`, `meeting_program_id`, `swimmer_id`, `team_id`, `badge_id`, `user_id`, `created_at`, `updated_at`, `disqualification_code_type_id`, `goggle_cup_points`, `reaction_time`, `team_points`, `team_affiliation_id`)
  VALUES (179037, 7, 1, 0, 0, 824.37, 824.37, 0, 29, 38, 19591, 1096, 557, 16425, 1, '2015-02-26 22:49:12', '2015-02-26 22:49:12', NULL, 0.0, 0.0, 0.0, 777);

INSERT INTO `meeting_individual_results` (`id`, `rank`, `is_play_off`, `is_out_of_race`, `is_disqualified`, `standard_points`, `meeting_individual_points`, `minutes`, `seconds`, `hundreds`, `meeting_program_id`, `swimmer_id`, `team_id`, `badge_id`, `user_id`, `created_at`, `updated_at`, `disqualification_code_type_id`, `goggle_cup_points`, `reaction_time`, `team_points`, `team_affiliation_id`)
  VALUES (179038, 8, 1, 0, 0, 754.28, 754.28, 0, 32, 11, 19591, 3242, 169, 6463, 1, '2015-02-26 22:49:13', '2015-02-26 22:49:13', NULL, 0.0, 0.0, 0.0, 364);

INSERT INTO `meeting_individual_results` (`id`, `rank`, `is_play_off`, `is_out_of_race`, `is_disqualified`, `standard_points`, `meeting_individual_points`, `minutes`, `seconds`, `hundreds`, `meeting_program_id`, `swimmer_id`, `team_id`, `badge_id`, `user_id`, `created_at`, `updated_at`, `disqualification_code_type_id`, `goggle_cup_points`, `reaction_time`, `team_points`, `team_affiliation_id`)
  VALUES (179039, 9, 1, 0, 0, 722.55, 722.55, 0, 33, 52, 19591, 8688, 364, 12326, 1, '2015-02-26 22:49:13', '2015-02-26 22:49:13', NULL, 0.0, 0.0, 0.0, 583);

INSERT INTO `meeting_individual_results` (`id`, `rank`, `is_play_off`, `is_out_of_race`, `is_disqualified`, `standard_points`, `meeting_individual_points`, `minutes`, `seconds`, `hundreds`, `meeting_program_id`, `swimmer_id`, `team_id`, `badge_id`, `user_id`, `created_at`, `updated_at`, `disqualification_code_type_id`, `goggle_cup_points`, `reaction_time`, `team_points`, `team_affiliation_id`)
  VALUES (179040, 10, 1, 0, 0, 703.25, 703.25, 0, 34, 44, 19591, 12647, 364, 16443, 1, '2015-02-26 22:49:13', '2015-02-26 22:49:13', NULL, 0.0, 0.0, 0.0, 583);

INSERT INTO `meeting_individual_results` (`id`, `rank`, `is_play_off`, `is_out_of_race`, `is_disqualified`, `standard_points`, `meeting_individual_points`, `minutes`, `seconds`, `hundreds`, `meeting_program_id`, `swimmer_id`, `team_id`, `badge_id`, `user_id`, `created_at`, `updated_at`, `disqualification_code_type_id`, `goggle_cup_points`, `reaction_time`, `team_points`, `team_affiliation_id`)
  VALUES (179041, 1, 1, 0, 0, 922.87, 922.87, 0, 26, 45, 19592, 3184, 175, 6404, 1, '2015-02-26 22:49:13', '2015-02-26 22:49:13', NULL, 0.0, 0.0, 0.0, 370);

INSERT INTO `meeting_individual_results` (`id`, `rank`, `is_play_off`, `is_out_of_race`, `is_disqualified`, `standard_points`, `meeting_individual_points`, `minutes`, `seconds`, `hundreds`, `meeting_program_id`, `swimmer_id`, `team_id`, `badge_id`, `user_id`, `created_at`, `updated_at`, `disqualification_code_type_id`, `goggle_cup_points`, `reaction_time`, `team_points`, `team_affiliation_id`)
  VALUES (179042, 2, 1, 0, 0, 913.21, 913.21, 0, 26, 73, 19592, 5864, 73, 9397, 1, '2015-02-26 22:49:13', '2015-02-26 22:49:13', NULL, 0.0, 0.0, 0.0, 266);

INSERT INTO `meeting_individual_results` (`id`, `rank`, `is_play_off`, `is_out_of_race`, `is_disqualified`, `standard_points`, `meeting_individual_points`, `minutes`, `seconds`, `hundreds`, `meeting_program_id`, `swimmer_id`, `team_id`, `badge_id`, `user_id`, `created_at`, `updated_at`, `disqualification_code_type_id`, `goggle_cup_points`, `reaction_time`, `team_points`, `team_affiliation_id`)
  VALUES (179043, 3, 1, 0, 0, 893.48, 893.48, 0, 27, 32, 19592, 2980, 172, 6194, 1, '2015-02-26 22:49:14', '2015-02-26 22:49:14', NULL, 0.0, 0.0, 0.0, 367);

INSERT INTO `meeting_individual_results` (`id`, `rank`, `is_play_off`, `is_out_of_race`, `is_disqualified`, `standard_points`, `meeting_individual_points`, `minutes`, `seconds`, `hundreds`, `meeting_program_id`, `swimmer_id`, `team_id`, `badge_id`, `user_id`, `created_at`, `updated_at`, `disqualification_code_type_id`, `goggle_cup_points`, `reaction_time`, `team_points`, `team_affiliation_id`)
  VALUES (179044, 4, 1, 0, 0, 796.67, 796.67, 0, 30, 64, 19592, 2866, 144, 6074, 1, '2015-02-26 22:49:14', '2015-02-26 22:49:14', NULL, 0.0, 0.0, 0.0, 339);

INSERT INTO `meeting_individual_results` (`id`, `rank`, `is_play_off`, `is_out_of_race`, `is_disqualified`, `standard_points`, `meeting_individual_points`, `minutes`, `seconds`, `hundreds`, `meeting_program_id`, `swimmer_id`, `team_id`, `badge_id`, `user_id`, `created_at`, `updated_at`, `disqualification_code_type_id`, `goggle_cup_points`, `reaction_time`, `team_points`, `team_affiliation_id`)
  VALUES (179045, 5, 1, 0, 0, 788.44, 788.44, 0, 30, 96, 19592, 638, 42, 5125, 1, '2015-02-26 22:49:14', '2015-02-26 22:49:14', NULL, 0.0, 0.0, 0.0, 235);

INSERT INTO `meeting_individual_results` (`id`, `rank`, `is_play_off`, `is_out_of_race`, `is_disqualified`, `standard_points`, `meeting_individual_points`, `minutes`, `seconds`, `hundreds`, `meeting_program_id`, `swimmer_id`, `team_id`, `badge_id`, `user_id`, `created_at`, `updated_at`, `disqualification_code_type_id`, `goggle_cup_points`, `reaction_time`, `team_points`, `team_affiliation_id`)
  VALUES (179046, 6, 1, 0, 0, 787.67, 787.67, 0, 30, 99, 19592, 5278, 233, 8687, 1, '2015-02-26 22:49:14', '2015-02-26 22:49:14', NULL, 0.0, 0.0, 0.0, 428);

INSERT INTO `meeting_individual_results` (`id`, `rank`, `is_play_off`, `is_out_of_race`, `is_disqualified`, `standard_points`, `meeting_individual_points`, `minutes`, `seconds`, `hundreds`, `meeting_program_id`, `swimmer_id`, `team_id`, `badge_id`, `user_id`, `created_at`, `updated_at`, `disqualification_code_type_id`, `goggle_cup_points`, `reaction_time`, `team_points`, `team_affiliation_id`)
  VALUES (179047, 7, 1, 0, 0, 753.16, 753.16, 0, 32, 41, 19592, 3253, 173, 6474, 1, '2015-02-26 22:49:15', '2015-02-26 22:49:15', NULL, 0.0, 0.0, 0.0, 368);

INSERT INTO `meeting_individual_results` (`id`, `rank`, `is_play_off`, `is_out_of_race`, `is_disqualified`, `standard_points`, `meeting_individual_points`, `minutes`, `seconds`, `hundreds`, `meeting_program_id`, `swimmer_id`, `team_id`, `badge_id`, `user_id`, `created_at`, `updated_at`, `disqualification_code_type_id`, `goggle_cup_points`, `reaction_time`, `team_points`, `team_affiliation_id`)
  VALUES (179048, 8, 1, 0, 0, 746.03, 746.03, 0, 32, 72, 19592, 8627, 466, 12245, 1, '2015-02-26 22:49:15', '2015-02-26 22:49:15', NULL, 0.0, 0.0, 0.0, 686);

INSERT INTO `meeting_individual_results` (`id`, `rank`, `is_play_off`, `is_out_of_race`, `is_disqualified`, `standard_points`, `meeting_individual_points`, `minutes`, `seconds`, `hundreds`, `meeting_program_id`, `swimmer_id`, `team_id`, `badge_id`, `user_id`, `created_at`, `updated_at`, `disqualification_code_type_id`, `goggle_cup_points`, `reaction_time`, `team_points`, `team_affiliation_id`)
  VALUES (179049, 9, 1, 0, 0, 726.27, 726.27, 0, 33, 61, 19592, 6040, 154, 9608, 1, '2015-02-26 22:49:15', '2015-02-26 22:49:15', NULL, 0.0, 0.0, 0.0, 349);

INSERT INTO `meeting_individual_results` (`id`, `rank`, `is_play_off`, `is_out_of_race`, `is_disqualified`, `standard_points`, `meeting_individual_points`, `minutes`, `seconds`, `hundreds`, `meeting_program_id`, `swimmer_id`, `team_id`, `badge_id`, `user_id`, `created_at`, `updated_at`, `disqualification_code_type_id`, `goggle_cup_points`, `reaction_time`, `team_points`, `team_affiliation_id`)
  VALUES (179050, 10, 1, 0, 0, 623.02, 623.02, 0, 39, 18, 19592, 6114, 68, 10212, 1, '2015-02-26 22:49:15', '2015-02-26 22:49:15', NULL, 0.0, 0.0, 0.0, 261);

INSERT INTO `meeting_individual_results` (`id`, `rank`, `is_play_off`, `is_out_of_race`, `is_disqualified`, `standard_points`, `meeting_individual_points`, `minutes`, `seconds`, `hundreds`, `meeting_program_id`, `swimmer_id`, `team_id`, `badge_id`, `user_id`, `created_at`, `updated_at`, `disqualification_code_type_id`, `goggle_cup_points`, `reaction_time`, `team_points`, `team_affiliation_id`)
  VALUES (179051, 1, 1, 0, 0, 757.16, 757.16, 0, 32, 45, 19593, 3998, 108, 7254, 1, '2015-02-26 22:49:16', '2015-02-26 22:49:16', NULL, 0.0, 0.0, 0.0, 301);

INSERT INTO `meeting_individual_results` (`id`, `rank`, `is_play_off`, `is_out_of_race`, `is_disqualified`, `standard_points`, `meeting_individual_points`, `minutes`, `seconds`, `hundreds`, `meeting_program_id`, `swimmer_id`, `team_id`, `badge_id`, `user_id`, `created_at`, `updated_at`, `disqualification_code_type_id`, `goggle_cup_points`, `reaction_time`, `team_points`, `team_affiliation_id`)
  VALUES (179052, 2, 1, 0, 0, 733.43, 733.43, 0, 33, 50, 19593, 8437, 364, 12353, 1, '2015-02-26 22:49:16', '2015-02-26 22:49:16', NULL, 0.0, 0.0, 0.0, 583);

INSERT INTO `meeting_individual_results` (`id`, `rank`, `is_play_off`, `is_out_of_race`, `is_disqualified`, `standard_points`, `meeting_individual_points`, `minutes`, `seconds`, `hundreds`, `meeting_program_id`, `swimmer_id`, `team_id`, `badge_id`, `user_id`, `created_at`, `updated_at`, `disqualification_code_type_id`, `goggle_cup_points`, `reaction_time`, `team_points`, `team_affiliation_id`)
  VALUES (179053, 3, 1, 0, 0, 722.65, 722.65, 0, 34, 0, 19593, 2730, 99, 5936, 1, '2015-02-26 22:49:16', '2015-02-26 22:49:16', NULL, 0.0, 0.0, 0.0, 292);

INSERT INTO `meeting_individual_results` (`id`, `rank`, `is_play_off`, `is_out_of_race`, `is_disqualified`, `standard_points`, `meeting_individual_points`, `minutes`, `seconds`, `hundreds`, `meeting_program_id`, `swimmer_id`, `team_id`, `badge_id`, `user_id`, `created_at`, `updated_at`, `disqualification_code_type_id`, `goggle_cup_points`, `reaction_time`, `team_points`, `team_affiliation_id`)
  VALUES (179054, 4, 1, 0, 0, 719.05, 719.05, 0, 34, 17, 19593, 11318, 557, 15092, 1, '2015-02-26 22:49:17', '2015-02-26 22:49:17', NULL, 0.0, 0.0, 0.0, 777);

INSERT INTO `meeting_individual_results` (`id`, `rank`, `is_play_off`, `is_out_of_race`, `is_disqualified`, `standard_points`, `meeting_individual_points`, `minutes`, `seconds`, `hundreds`, `meeting_program_id`, `swimmer_id`, `team_id`, `badge_id`, `user_id`, `created_at`, `updated_at`, `disqualification_code_type_id`, `goggle_cup_points`, `reaction_time`, `team_points`, `team_affiliation_id`)
  VALUES (179055, 5, 1, 0, 0, 714.66, 714.66, 0, 34, 38, 19593, 2374, 102, 5574, 1, '2015-02-26 22:49:17', '2015-02-26 22:49:17', NULL, 0.0, 0.0, 0.0, 295);

INSERT INTO `meeting_individual_results` (`id`, `rank`, `is_play_off`, `is_out_of_race`, `is_disqualified`, `standard_points`, `meeting_individual_points`, `minutes`, `seconds`, `hundreds`, `meeting_program_id`, `swimmer_id`, `team_id`, `badge_id`, `user_id`, `created_at`, `updated_at`, `disqualification_code_type_id`, `goggle_cup_points`, `reaction_time`, `team_points`, `team_affiliation_id`)
  VALUES (179056, 6, 1, 0, 0, 696.63, 696.63, 0, 35, 27, 19593, 6725, 144, 10453, 1, '2015-02-26 22:49:17', '2015-02-26 22:49:17', NULL, 0.0, 0.0, 0.0, 339);

INSERT INTO `meeting_individual_results` (`id`, `rank`, `is_play_off`, `is_out_of_race`, `is_disqualified`, `standard_points`, `meeting_individual_points`, `minutes`, `seconds`, `hundreds`, `meeting_program_id`, `swimmer_id`, `team_id`, `badge_id`, `user_id`, `created_at`, `updated_at`, `disqualification_code_type_id`, `goggle_cup_points`, `reaction_time`, `team_points`, `team_affiliation_id`)
  VALUES (179057, 7, 1, 0, 0, 666.21, 666.21, 0, 36, 88, 19593, 17037, 466, 20849, 1, '2015-02-26 22:49:17', '2015-02-26 22:49:17', NULL, 0.0, 0.0, 0.0, 686);

INSERT INTO `meeting_individual_results` (`id`, `rank`, `is_play_off`, `is_out_of_race`, `is_disqualified`, `standard_points`, `meeting_individual_points`, `minutes`, `seconds`, `hundreds`, `meeting_program_id`, `swimmer_id`, `team_id`, `badge_id`, `user_id`, `created_at`, `updated_at`, `disqualification_code_type_id`, `goggle_cup_points`, `reaction_time`, `team_points`, `team_affiliation_id`)
  VALUES (179058, 8, 1, 0, 0, 646.24, 646.24, 0, 38, 2, 19593, 8496, 102, 12435, 1, '2015-02-26 22:49:18', '2015-02-26 22:49:18', NULL, 0.0, 0.0, 0.0, 295);

INSERT INTO `meeting_individual_results` (`id`, `rank`, `is_play_off`, `is_out_of_race`, `is_disqualified`, `standard_points`, `meeting_individual_points`, `minutes`, `seconds`, `hundreds`, `meeting_program_id`, `swimmer_id`, `team_id`, `badge_id`, `user_id`, `created_at`, `updated_at`, `disqualification_code_type_id`, `goggle_cup_points`, `reaction_time`, `team_points`, `team_affiliation_id`)
  VALUES (179059, 1, 1, 0, 0, 881.86, 881.86, 0, 28, 78, 19594, 12636, 364, 16446, 1, '2015-02-26 22:49:18', '2015-02-26 22:49:18', NULL, 0.0, 0.0, 0.0, 583);

INSERT INTO `meeting_individual_results` (`id`, `rank`, `is_play_off`, `is_out_of_race`, `is_disqualified`, `standard_points`, `meeting_individual_points`, `minutes`, `seconds`, `hundreds`, `meeting_program_id`, `swimmer_id`, `team_id`, `badge_id`, `user_id`, `created_at`, `updated_at`, `disqualification_code_type_id`, `goggle_cup_points`, `reaction_time`, `team_points`, `team_affiliation_id`)
  VALUES (179060, 2, 1, 0, 0, 863.85, 863.85, 0, 29, 38, 19594, 5368, 309, 9252, 1, '2015-02-26 22:49:18', '2015-02-26 22:49:18', NULL, 0.0, 0.0, 0.0, 526);

INSERT INTO `meeting_individual_results` (`id`, `rank`, `is_play_off`, `is_out_of_race`, `is_disqualified`, `standard_points`, `meeting_individual_points`, `minutes`, `seconds`, `hundreds`, `meeting_program_id`, `swimmer_id`, `team_id`, `badge_id`, `user_id`, `created_at`, `updated_at`, `disqualification_code_type_id`, `goggle_cup_points`, `reaction_time`, `team_points`, `team_affiliation_id`)
  VALUES (179061, 3, 1, 0, 0, 831.04, 831.04, 0, 30, 54, 19594, 17020, 173, 20850, 1, '2015-02-26 22:49:19', '2015-02-26 22:49:19', NULL, 0.0, 0.0, 0.0, 368);

INSERT INTO `meeting_individual_results` (`id`, `rank`, `is_play_off`, `is_out_of_race`, `is_disqualified`, `standard_points`, `meeting_individual_points`, `minutes`, `seconds`, `hundreds`, `meeting_program_id`, `swimmer_id`, `team_id`, `badge_id`, `user_id`, `created_at`, `updated_at`, `disqualification_code_type_id`, `goggle_cup_points`, `reaction_time`, `team_points`, `team_affiliation_id`)
  VALUES (179062, 4, 1, 0, 0, 780.68, 780.68, 0, 32, 51, 19594, 17053, 364, 20851, 1, '2015-02-26 22:49:19', '2015-02-26 22:49:19', NULL, 0.0, 0.0, 0.0, 583);

INSERT INTO `meeting_individual_results` (`id`, `rank`, `is_play_off`, `is_out_of_race`, `is_disqualified`, `standard_points`, `meeting_individual_points`, `minutes`, `seconds`, `hundreds`, `meeting_program_id`, `swimmer_id`, `team_id`, `badge_id`, `user_id`, `created_at`, `updated_at`, `disqualification_code_type_id`, `goggle_cup_points`, `reaction_time`, `team_points`, `team_affiliation_id`)
  VALUES (179063, 5, 1, 0, 0, 778.29, 778.29, 0, 32, 61, 19594, 12667, 364, 16447, 1, '2015-02-26 22:49:19', '2015-02-26 22:49:19', NULL, 0.0, 0.0, 0.0, 583);

INSERT INTO `meeting_individual_results` (`id`, `rank`, `is_play_off`, `is_out_of_race`, `is_disqualified`, `standard_points`, `meeting_individual_points`, `minutes`, `seconds`, `hundreds`, `meeting_program_id`, `swimmer_id`, `team_id`, `badge_id`, `user_id`, `created_at`, `updated_at`, `disqualification_code_type_id`, `goggle_cup_points`, `reaction_time`, `team_points`, `team_affiliation_id`)
  VALUES (179064, 6, 1, 0, 0, 774.02, 774.02, 0, 32, 79, 19594, 17058, 364, 20852, 1, '2015-02-26 22:49:19', '2015-02-26 22:49:19', NULL, 0.0, 0.0, 0.0, 583);

INSERT INTO `meeting_individual_results` (`id`, `rank`, `is_play_off`, `is_out_of_race`, `is_disqualified`, `standard_points`, `meeting_individual_points`, `minutes`, `seconds`, `hundreds`, `meeting_program_id`, `swimmer_id`, `team_id`, `badge_id`, `user_id`, `created_at`, `updated_at`, `disqualification_code_type_id`, `goggle_cup_points`, `reaction_time`, `team_points`, `team_affiliation_id`)
  VALUES (179065, 7, 1, 0, 0, 755.36, 755.36, 0, 33, 60, 19594, 12643, 102, 16449, 1, '2015-02-26 22:49:20', '2015-02-26 22:49:20', NULL, 0.0, 0.0, 0.0, 295);

INSERT INTO `meeting_individual_results` (`id`, `rank`, `is_play_off`, `is_out_of_race`, `is_disqualified`, `standard_points`, `meeting_individual_points`, `minutes`, `seconds`, `hundreds`, `meeting_program_id`, `swimmer_id`, `team_id`, `badge_id`, `user_id`, `created_at`, `updated_at`, `disqualification_code_type_id`, `goggle_cup_points`, `reaction_time`, `team_points`, `team_affiliation_id`)
  VALUES (179066, 8, 1, 0, 0, 725.14, 725.14, 0, 35, 0, 19594, 12670, 364, 16409, 1, '2015-02-26 22:49:20', '2015-02-26 22:49:20', NULL, 0.0, 0.0, 0.0, 583);

INSERT INTO `meeting_individual_results` (`id`, `rank`, `is_play_off`, `is_out_of_race`, `is_disqualified`, `standard_points`, `meeting_individual_points`, `minutes`, `seconds`, `hundreds`, `meeting_program_id`, `swimmer_id`, `team_id`, `badge_id`, `user_id`, `created_at`, `updated_at`, `disqualification_code_type_id`, `goggle_cup_points`, `reaction_time`, `team_points`, `team_affiliation_id`)
  VALUES (179067, 9, 1, 0, 0, 721.02, 721.02, 0, 35, 20, 19594, 17018, 309, 20833, 1, '2015-02-26 22:49:20', '2015-02-26 22:49:20', NULL, 0.0, 0.0, 0.0, 526);

INSERT INTO `meeting_individual_results` (`id`, `rank`, `is_play_off`, `is_out_of_race`, `is_disqualified`, `standard_points`, `meeting_individual_points`, `minutes`, `seconds`, `hundreds`, `meeting_program_id`, `swimmer_id`, `team_id`, `badge_id`, `user_id`, `created_at`, `updated_at`, `disqualification_code_type_id`, `goggle_cup_points`, `reaction_time`, `team_points`, `team_affiliation_id`)
  VALUES (179068, 10, 1, 0, 0, 709.93, 709.93, 0, 35, 75, 19594, 6103, 333, 10155, 1, '2015-02-26 22:49:21', '2015-02-26 22:49:21', NULL, 0.0, 0.0, 0.0, 550);

INSERT INTO `meeting_individual_results` (`id`, `rank`, `is_play_off`, `is_out_of_race`, `is_disqualified`, `standard_points`, `meeting_individual_points`, `minutes`, `seconds`, `hundreds`, `meeting_program_id`, `swimmer_id`, `team_id`, `badge_id`, `user_id`, `created_at`, `updated_at`, `disqualification_code_type_id`, `goggle_cup_points`, `reaction_time`, `team_points`, `team_affiliation_id`)
  VALUES (179069, 11, 1, 0, 0, 705.2, 705.2, 0, 35, 99, 19594, 17029, 364, 20853, 1, '2015-02-26 22:49:21', '2015-02-26 22:49:21', NULL, 0.0, 0.0, 0.0, 583);

INSERT INTO `meeting_individual_results` (`id`, `rank`, `is_play_off`, `is_out_of_race`, `is_disqualified`, `standard_points`, `meeting_individual_points`, `minutes`, `seconds`, `hundreds`, `meeting_program_id`, `swimmer_id`, `team_id`, `badge_id`, `user_id`, `created_at`, `updated_at`, `disqualification_code_type_id`, `goggle_cup_points`, `reaction_time`, `team_points`, `team_affiliation_id`)
  VALUES (179070, 12, 1, 0, 0, 693.82, 693.82, 0, 36, 58, 19594, 2741, 99, 5947, 1, '2015-02-26 22:49:21', '2015-02-26 22:49:21', NULL, 0.0, 0.0, 0.0, 292);

INSERT INTO `meeting_individual_results` (`id`, `rank`, `is_play_off`, `is_out_of_race`, `is_disqualified`, `standard_points`, `meeting_individual_points`, `minutes`, `seconds`, `hundreds`, `meeting_program_id`, `swimmer_id`, `team_id`, `badge_id`, `user_id`, `created_at`, `updated_at`, `disqualification_code_type_id`, `goggle_cup_points`, `reaction_time`, `team_points`, `team_affiliation_id`)
  VALUES (179071, 1, 1, 0, 0, 963.29, 963.29, 0, 26, 97, 19595, 8617, 462, 12208, 1, '2015-02-26 22:49:21', '2015-02-26 22:49:21', NULL, 0.0, 0.0, 0.0, 682);

INSERT INTO `meeting_individual_results` (`id`, `rank`, `is_play_off`, `is_out_of_race`, `is_disqualified`, `standard_points`, `meeting_individual_points`, `minutes`, `seconds`, `hundreds`, `meeting_program_id`, `swimmer_id`, `team_id`, `badge_id`, `user_id`, `created_at`, `updated_at`, `disqualification_code_type_id`, `goggle_cup_points`, `reaction_time`, `team_points`, `team_affiliation_id`)
  VALUES (179072, 2, 1, 0, 0, 800.86, 800.86, 0, 32, 44, 19595, 17052, 364, 20854, 1, '2015-02-26 22:49:22', '2015-02-26 22:49:22', NULL, 0.0, 0.0, 0.0, 583);

INSERT INTO `meeting_individual_results` (`id`, `rank`, `is_play_off`, `is_out_of_race`, `is_disqualified`, `standard_points`, `meeting_individual_points`, `minutes`, `seconds`, `hundreds`, `meeting_program_id`, `swimmer_id`, `team_id`, `badge_id`, `user_id`, `created_at`, `updated_at`, `disqualification_code_type_id`, `goggle_cup_points`, `reaction_time`, `team_points`, `team_affiliation_id`)
  VALUES (179073, 3, 1, 0, 0, 693.91, 693.91, 0, 37, 44, 19595, 10577, 361, 14262, 1, '2015-02-26 22:49:22', '2015-02-26 22:49:22', NULL, 0.0, 0.0, 0.0, 578);

INSERT INTO `meeting_individual_results` (`id`, `rank`, `is_play_off`, `is_out_of_race`, `is_disqualified`, `standard_points`, `meeting_individual_points`, `minutes`, `seconds`, `hundreds`, `meeting_program_id`, `swimmer_id`, `team_id`, `badge_id`, `user_id`, `created_at`, `updated_at`, `disqualification_code_type_id`, `goggle_cup_points`, `reaction_time`, `team_points`, `team_affiliation_id`)
  VALUES (179074, 1, 1, 0, 0, 894.44, 894.44, 0, 29, 84, 19596, 2145, 74, 5338, 1, '2015-02-26 22:49:22', '2015-02-26 22:49:22', NULL, 0.0, 0.0, 0.0, 267);

INSERT INTO `meeting_individual_results` (`id`, `rank`, `is_play_off`, `is_out_of_race`, `is_disqualified`, `standard_points`, `meeting_individual_points`, `minutes`, `seconds`, `hundreds`, `meeting_program_id`, `swimmer_id`, `team_id`, `badge_id`, `user_id`, `created_at`, `updated_at`, `disqualification_code_type_id`, `goggle_cup_points`, `reaction_time`, `team_points`, `team_affiliation_id`)
  VALUES (179075, 2, 1, 0, 0, 824.27, 824.27, 0, 32, 38, 19596, 808, 67, 8784, 1, '2015-02-26 22:49:23', '2015-02-26 22:49:23', NULL, 0.0, 0.0, 0.0, 260);

INSERT INTO `meeting_individual_results` (`id`, `rank`, `is_play_off`, `is_out_of_race`, `is_disqualified`, `standard_points`, `meeting_individual_points`, `minutes`, `seconds`, `hundreds`, `meeting_program_id`, `swimmer_id`, `team_id`, `badge_id`, `user_id`, `created_at`, `updated_at`, `disqualification_code_type_id`, `goggle_cup_points`, `reaction_time`, `team_points`, `team_affiliation_id`)
  VALUES (179076, 3, 1, 0, 0, 762.57, 762.57, 0, 35, 0, 19596, 5538, 309, 9070, 1, '2015-02-26 22:49:23', '2015-02-26 22:49:23', NULL, 0.0, 0.0, 0.0, 526);

INSERT INTO `meeting_individual_results` (`id`, `rank`, `is_play_off`, `is_out_of_race`, `is_disqualified`, `standard_points`, `meeting_individual_points`, `minutes`, `seconds`, `hundreds`, `meeting_program_id`, `swimmer_id`, `team_id`, `badge_id`, `user_id`, `created_at`, `updated_at`, `disqualification_code_type_id`, `goggle_cup_points`, `reaction_time`, `team_points`, `team_affiliation_id`)
  VALUES (179077, 1, 1, 0, 0, 766.87, 766.87, 0, 36, 16, 19597, 12661, 102, 16402, 1, '2015-02-26 22:49:23', '2015-02-26 22:49:23', NULL, 0.0, 0.0, 0.0, 295);

INSERT INTO `meeting_individual_results` (`id`, `rank`, `is_play_off`, `is_out_of_race`, `is_disqualified`, `standard_points`, `meeting_individual_points`, `minutes`, `seconds`, `hundreds`, `meeting_program_id`, `swimmer_id`, `team_id`, `badge_id`, `user_id`, `created_at`, `updated_at`, `disqualification_code_type_id`, `goggle_cup_points`, `reaction_time`, `team_points`, `team_affiliation_id`)
  VALUES (179078, 1, 1, 0, 0, 793.41, 793.41, 0, 37, 66, 19598, 8518, 102, 12260, 1, '2015-02-26 22:49:23', '2015-02-26 22:49:23', NULL, 0.0, 0.0, 0.0, 295);

INSERT INTO `meeting_individual_results` (`id`, `rank`, `is_play_off`, `is_out_of_race`, `is_disqualified`, `standard_points`, `meeting_individual_points`, `minutes`, `seconds`, `hundreds`, `meeting_program_id`, `swimmer_id`, `team_id`, `badge_id`, `user_id`, `created_at`, `updated_at`, `disqualification_code_type_id`, `goggle_cup_points`, `reaction_time`, `team_points`, `team_affiliation_id`)
  VALUES (179079, 2, 1, 0, 0, 472.41, 472.41, 1, 3, 25, 19598, 2394, 113, 5594, 1, '2015-02-26 22:49:24', '2015-02-26 22:49:24', NULL, 0.0, 0.0, 0.0, 306);

INSERT INTO `meeting_individual_results` (`id`, `rank`, `is_play_off`, `is_out_of_race`, `is_disqualified`, `standard_points`, `meeting_individual_points`, `minutes`, `seconds`, `hundreds`, `meeting_program_id`, `swimmer_id`, `team_id`, `badge_id`, `user_id`, `created_at`, `updated_at`, `disqualification_code_type_id`, `goggle_cup_points`, `reaction_time`, `team_points`, `team_affiliation_id`)
  VALUES (179080, 1, 1, 0, 0, 0.0, 0.0, 0, 31, 46, 19599, 17017, 307, 20835, 1, '2015-02-26 22:49:24', '2015-02-26 22:49:24', NULL, 0.0, 0.0, 0.0, 524);

INSERT INTO `meeting_individual_results` (`id`, `rank`, `is_play_off`, `is_out_of_race`, `is_disqualified`, `standard_points`, `meeting_individual_points`, `minutes`, `seconds`, `hundreds`, `meeting_program_id`, `swimmer_id`, `team_id`, `badge_id`, `user_id`, `created_at`, `updated_at`, `disqualification_code_type_id`, `goggle_cup_points`, `reaction_time`, `team_points`, `team_affiliation_id`)
  VALUES (179081, 2, 1, 0, 0, 0.0, 0.0, 0, 33, 12, 19599, 8485, 71, 12384, 1, '2015-02-26 22:49:25', '2015-02-26 22:49:25', NULL, 0.0, 0.0, 0.0, 264);

INSERT INTO `meeting_individual_results` (`id`, `rank`, `is_play_off`, `is_out_of_race`, `is_disqualified`, `standard_points`, `meeting_individual_points`, `minutes`, `seconds`, `hundreds`, `meeting_program_id`, `swimmer_id`, `team_id`, `badge_id`, `user_id`, `created_at`, `updated_at`, `disqualification_code_type_id`, `goggle_cup_points`, `reaction_time`, `team_points`, `team_affiliation_id`)
  VALUES (179082, 3, 1, 0, 0, 0.0, 0.0, 0, 33, 82, 19599, 8608, 71, 12386, 1, '2015-02-26 22:49:25', '2015-02-26 22:49:25', NULL, 0.0, 0.0, 0.0, 264);

INSERT INTO `meeting_individual_results` (`id`, `rank`, `is_play_off`, `is_out_of_race`, `is_disqualified`, `standard_points`, `meeting_individual_points`, `minutes`, `seconds`, `hundreds`, `meeting_program_id`, `swimmer_id`, `team_id`, `badge_id`, `user_id`, `created_at`, `updated_at`, `disqualification_code_type_id`, `goggle_cup_points`, `reaction_time`, `team_points`, `team_affiliation_id`)
  VALUES (179083, 4, 1, 0, 0, 0.0, 0.0, 0, 42, 13, 19599, 2208, 114, 5404, 1, '2015-02-26 22:49:25', '2015-02-26 22:49:25', NULL, 0.0, 0.0, 0.0, 307);

INSERT INTO `meeting_individual_results` (`id`, `rank`, `is_play_off`, `is_out_of_race`, `is_disqualified`, `standard_points`, `meeting_individual_points`, `minutes`, `seconds`, `hundreds`, `meeting_program_id`, `swimmer_id`, `team_id`, `badge_id`, `user_id`, `created_at`, `updated_at`, `disqualification_code_type_id`, `goggle_cup_points`, `reaction_time`, `team_points`, `team_affiliation_id`)
  VALUES (179084, 1, 1, 0, 0, 783.25, 783.25, 0, 41, 43, 19600, 17054, 102, 20822, 1, '2015-02-26 22:49:25', '2015-02-26 22:49:25', NULL, 0.0, 0.0, 0.0, 295);

INSERT INTO `meeting_individual_results` (`id`, `rank`, `is_play_off`, `is_out_of_race`, `is_disqualified`, `standard_points`, `meeting_individual_points`, `minutes`, `seconds`, `hundreds`, `meeting_program_id`, `swimmer_id`, `team_id`, `badge_id`, `user_id`, `created_at`, `updated_at`, `disqualification_code_type_id`, `goggle_cup_points`, `reaction_time`, `team_points`, `team_affiliation_id`)
  VALUES (179085, 2, 1, 0, 0, 746.66, 746.66, 0, 43, 46, 19600, 17027, 364, 20823, 1, '2015-02-26 22:49:25', '2015-02-26 22:49:25', NULL, 0.0, 0.0, 0.0, 583);

INSERT INTO `meeting_individual_results` (`id`, `rank`, `is_play_off`, `is_out_of_race`, `is_disqualified`, `standard_points`, `meeting_individual_points`, `minutes`, `seconds`, `hundreds`, `meeting_program_id`, `swimmer_id`, `team_id`, `badge_id`, `user_id`, `created_at`, `updated_at`, `disqualification_code_type_id`, `goggle_cup_points`, `reaction_time`, `team_points`, `team_affiliation_id`)
  VALUES (179086, 3, 1, 0, 0, 714.92, 714.92, 0, 45, 39, 19600, 4104, 255, 7388, 1, '2015-02-26 22:49:25', '2015-02-26 22:49:25', NULL, 0.0, 0.0, 0.0, 452);

INSERT INTO `meeting_individual_results` (`id`, `rank`, `is_play_off`, `is_out_of_race`, `is_disqualified`, `standard_points`, `meeting_individual_points`, `minutes`, `seconds`, `hundreds`, `meeting_program_id`, `swimmer_id`, `team_id`, `badge_id`, `user_id`, `created_at`, `updated_at`, `disqualification_code_type_id`, `goggle_cup_points`, `reaction_time`, `team_points`, `team_affiliation_id`)
  VALUES (179087, 4, 1, 0, 0, 712.4, 712.4, 0, 45, 55, 19600, 17028, 114, 20824, 1, '2015-02-26 22:49:25', '2015-02-26 22:49:25', NULL, 0.0, 0.0, 0.0, 307);

INSERT INTO `meeting_individual_results` (`id`, `rank`, `is_play_off`, `is_out_of_race`, `is_disqualified`, `standard_points`, `meeting_individual_points`, `minutes`, `seconds`, `hundreds`, `meeting_program_id`, `swimmer_id`, `team_id`, `badge_id`, `user_id`, `created_at`, `updated_at`, `disqualification_code_type_id`, `goggle_cup_points`, `reaction_time`, `team_points`, `team_affiliation_id`)
  VALUES (179088, 5, 1, 0, 0, 680.29, 680.29, 0, 47, 70, 19600, 17044, 102, 20855, 1, '2015-02-26 22:49:26', '2015-02-26 22:49:26', NULL, 0.0, 0.0, 0.0, 295);

INSERT INTO `meeting_individual_results` (`id`, `rank`, `is_play_off`, `is_out_of_race`, `is_disqualified`, `standard_points`, `meeting_individual_points`, `minutes`, `seconds`, `hundreds`, `meeting_program_id`, `swimmer_id`, `team_id`, `badge_id`, `user_id`, `created_at`, `updated_at`, `disqualification_code_type_id`, `goggle_cup_points`, `reaction_time`, `team_points`, `team_affiliation_id`)
  VALUES (179089, 1, 1, 0, 0, 720.07, 720.07, 0, 45, 44, 19601, 2932, 68, 6144, 1, '2015-02-26 22:49:26', '2015-02-26 22:49:26', NULL, 0.0, 0.0, 0.0, 261);

INSERT INTO `meeting_individual_results` (`id`, `rank`, `is_play_off`, `is_out_of_race`, `is_disqualified`, `standard_points`, `meeting_individual_points`, `minutes`, `seconds`, `hundreds`, `meeting_program_id`, `swimmer_id`, `team_id`, `badge_id`, `user_id`, `created_at`, `updated_at`, `disqualification_code_type_id`, `goggle_cup_points`, `reaction_time`, `team_points`, `team_affiliation_id`)
  VALUES (179090, 2, 1, 0, 0, 663.96, 663.96, 0, 49, 28, 19601, 2936, 172, 6149, 1, '2015-02-26 22:49:26', '2015-02-26 22:49:26', NULL, 0.0, 0.0, 0.0, 367);

INSERT INTO `meeting_individual_results` (`id`, `rank`, `is_play_off`, `is_out_of_race`, `is_disqualified`, `standard_points`, `meeting_individual_points`, `minutes`, `seconds`, `hundreds`, `meeting_program_id`, `swimmer_id`, `team_id`, `badge_id`, `user_id`, `created_at`, `updated_at`, `disqualification_code_type_id`, `goggle_cup_points`, `reaction_time`, `team_points`, `team_affiliation_id`)
  VALUES (179091, 1, 1, 0, 0, 816.7, 816.7, 0, 40, 59, 19602, 12629, 595, 16438, 1, '2015-02-26 22:49:26', '2015-02-26 22:49:26', NULL, 0.0, 0.0, 0.0, 815);

INSERT INTO `meeting_individual_results` (`id`, `rank`, `is_play_off`, `is_out_of_race`, `is_disqualified`, `standard_points`, `meeting_individual_points`, `minutes`, `seconds`, `hundreds`, `meeting_program_id`, `swimmer_id`, `team_id`, `badge_id`, `user_id`, `created_at`, `updated_at`, `disqualification_code_type_id`, `goggle_cup_points`, `reaction_time`, `team_points`, `team_affiliation_id`)
  VALUES (179092, 2, 1, 0, 0, 745.61, 745.61, 0, 44, 46, 19602, 8475, 364, 12221, 1, '2015-02-26 22:49:27', '2015-02-26 22:49:27', NULL, 0.0, 0.0, 0.0, 583);

INSERT INTO `meeting_individual_results` (`id`, `rank`, `is_play_off`, `is_out_of_race`, `is_disqualified`, `standard_points`, `meeting_individual_points`, `minutes`, `seconds`, `hundreds`, `meeting_program_id`, `swimmer_id`, `team_id`, `badge_id`, `user_id`, `created_at`, `updated_at`, `disqualification_code_type_id`, `goggle_cup_points`, `reaction_time`, `team_points`, `team_affiliation_id`)
  VALUES (179093, 3, 1, 0, 0, 667.0, 667.0, 0, 49, 70, 19602, 3235, 173, 6456, 1, '2015-02-26 22:49:27', '2015-02-26 22:49:27', NULL, 0.0, 0.0, 0.0, 368);

INSERT INTO `meeting_individual_results` (`id`, `rank`, `is_play_off`, `is_out_of_race`, `is_disqualified`, `standard_points`, `meeting_individual_points`, `minutes`, `seconds`, `hundreds`, `meeting_program_id`, `swimmer_id`, `team_id`, `badge_id`, `user_id`, `created_at`, `updated_at`, `disqualification_code_type_id`, `goggle_cup_points`, `reaction_time`, `team_points`, `team_affiliation_id`)
  VALUES (179094, 1, 1, 0, 0, 808.26, 808.26, 0, 41, 88, 19603, 1226, 42, 5551, 1, '2015-02-26 22:49:27', '2015-02-26 22:49:27', NULL, 0.0, 0.0, 0.0, 235);

INSERT INTO `meeting_individual_results` (`id`, `rank`, `is_play_off`, `is_out_of_race`, `is_disqualified`, `standard_points`, `meeting_individual_points`, `minutes`, `seconds`, `hundreds`, `meeting_program_id`, `swimmer_id`, `team_id`, `badge_id`, `user_id`, `created_at`, `updated_at`, `disqualification_code_type_id`, `goggle_cup_points`, `reaction_time`, `team_points`, `team_affiliation_id`)
  VALUES (179095, 2, 1, 0, 0, 742.81, 742.81, 0, 45, 57, 19603, 17042, 466, 20856, 1, '2015-02-26 22:49:28', '2015-02-26 22:49:28', NULL, 0.0, 0.0, 0.0, 686);

INSERT INTO `meeting_individual_results` (`id`, `rank`, `is_play_off`, `is_out_of_race`, `is_disqualified`, `standard_points`, `meeting_individual_points`, `minutes`, `seconds`, `hundreds`, `meeting_program_id`, `swimmer_id`, `team_id`, `badge_id`, `user_id`, `created_at`, `updated_at`, `disqualification_code_type_id`, `goggle_cup_points`, `reaction_time`, `team_points`, `team_affiliation_id`)
  VALUES (179096, 3, 1, 0, 0, 651.34, 651.34, 0, 51, 97, 19603, 8596, 466, 12182, 1, '2015-02-26 22:49:28', '2015-02-26 22:49:28', NULL, 0.0, 0.0, 0.0, 686);

INSERT INTO `meeting_individual_results` (`id`, `rank`, `is_play_off`, `is_out_of_race`, `is_disqualified`, `standard_points`, `meeting_individual_points`, `minutes`, `seconds`, `hundreds`, `meeting_program_id`, `swimmer_id`, `team_id`, `badge_id`, `user_id`, `created_at`, `updated_at`, `disqualification_code_type_id`, `goggle_cup_points`, `reaction_time`, `team_points`, `team_affiliation_id`)
  VALUES (179097, 4, 1, 0, 0, 631.77, 631.77, 0, 53, 58, 19603, 3079, 172, 6295, 1, '2015-02-26 22:49:28', '2015-02-26 22:49:28', NULL, 0.0, 0.0, 0.0, 367);

INSERT INTO `meeting_individual_results` (`id`, `rank`, `is_play_off`, `is_out_of_race`, `is_disqualified`, `standard_points`, `meeting_individual_points`, `minutes`, `seconds`, `hundreds`, `meeting_program_id`, `swimmer_id`, `team_id`, `badge_id`, `user_id`, `created_at`, `updated_at`, `disqualification_code_type_id`, `goggle_cup_points`, `reaction_time`, `team_points`, `team_affiliation_id`)
  VALUES (179098, 1, 1, 0, 0, 887.37, 887.37, 0, 38, 80, 19604, 8671, 102, 12410, 1, '2015-02-26 22:49:29', '2015-02-26 22:49:29', NULL, 0.0, 0.0, 0.0, 295);

INSERT INTO `meeting_individual_results` (`id`, `rank`, `is_play_off`, `is_out_of_race`, `is_disqualified`, `standard_points`, `meeting_individual_points`, `minutes`, `seconds`, `hundreds`, `meeting_program_id`, `swimmer_id`, `team_id`, `badge_id`, `user_id`, `created_at`, `updated_at`, `disqualification_code_type_id`, `goggle_cup_points`, `reaction_time`, `team_points`, `team_affiliation_id`)
  VALUES (179099, 2, 1, 0, 0, 641.63, 641.63, 0, 53, 66, 19604, 12621, 361, 16386, 1, '2015-02-26 22:49:29', '2015-02-26 22:49:29', NULL, 0.0, 0.0, 0.0, 578);

INSERT INTO `meeting_individual_results` (`id`, `rank`, `is_play_off`, `is_out_of_race`, `is_disqualified`, `standard_points`, `meeting_individual_points`, `minutes`, `seconds`, `hundreds`, `meeting_program_id`, `swimmer_id`, `team_id`, `badge_id`, `user_id`, `created_at`, `updated_at`, `disqualification_code_type_id`, `goggle_cup_points`, `reaction_time`, `team_points`, `team_affiliation_id`)
  VALUES (179100, 1, 1, 0, 0, 809.34, 809.34, 0, 44, 95, 19605, 839, 67, 9035, 1, '2015-02-26 22:49:29', '2015-02-26 22:49:29', NULL, 0.0, 0.0, 0.0, 260);

INSERT INTO `meeting_individual_results` (`id`, `rank`, `is_play_off`, `is_out_of_race`, `is_disqualified`, `standard_points`, `meeting_individual_points`, `minutes`, `seconds`, `hundreds`, `meeting_program_id`, `swimmer_id`, `team_id`, `badge_id`, `user_id`, `created_at`, `updated_at`, `disqualification_code_type_id`, `goggle_cup_points`, `reaction_time`, `team_points`, `team_affiliation_id`)
  VALUES (179101, 2, 1, 0, 0, 798.68, 798.68, 0, 45, 55, 19605, 7500, 272, 11389, 1, '2015-02-26 22:49:30', '2015-02-26 22:49:30', NULL, 0.0, 0.0, 0.0, 469);

INSERT INTO `meeting_individual_results` (`id`, `rank`, `is_play_off`, `is_out_of_race`, `is_disqualified`, `standard_points`, `meeting_individual_points`, `minutes`, `seconds`, `hundreds`, `meeting_program_id`, `swimmer_id`, `team_id`, `badge_id`, `user_id`, `created_at`, `updated_at`, `disqualification_code_type_id`, `goggle_cup_points`, `reaction_time`, `team_points`, `team_affiliation_id`)
  VALUES (179102, 3, 1, 0, 0, 796.93, 796.93, 0, 45, 65, 19605, 807, 67, 8650, 1, '2015-02-26 22:49:30', '2015-02-26 22:49:30', NULL, 0.0, 0.0, 0.0, 260);

INSERT INTO `meeting_individual_results` (`id`, `rank`, `is_play_off`, `is_out_of_race`, `is_disqualified`, `standard_points`, `meeting_individual_points`, `minutes`, `seconds`, `hundreds`, `meeting_program_id`, `swimmer_id`, `team_id`, `badge_id`, `user_id`, `created_at`, `updated_at`, `disqualification_code_type_id`, `goggle_cup_points`, `reaction_time`, `team_points`, `team_affiliation_id`)
  VALUES (179103, 4, 1, 0, 0, 726.29, 726.29, 0, 50, 9, 19605, 8581, 102, 12231, 1, '2015-02-26 22:49:31', '2015-02-26 22:49:31', NULL, 0.0, 0.0, 0.0, 295);

INSERT INTO `meeting_individual_results` (`id`, `rank`, `is_play_off`, `is_out_of_race`, `is_disqualified`, `standard_points`, `meeting_individual_points`, `minutes`, `seconds`, `hundreds`, `meeting_program_id`, `swimmer_id`, `team_id`, `badge_id`, `user_id`, `created_at`, `updated_at`, `disqualification_code_type_id`, `goggle_cup_points`, `reaction_time`, `team_points`, `team_affiliation_id`)
  VALUES (179104, 1, 1, 0, 0, 798.81, 798.81, 0, 50, 40, 19606, 8474, 364, 12274, 1, '2015-02-26 22:49:31', '2015-02-26 22:49:31', NULL, 0.0, 0.0, 0.0, 583);

INSERT INTO `meeting_individual_results` (`id`, `rank`, `is_play_off`, `is_out_of_race`, `is_disqualified`, `standard_points`, `meeting_individual_points`, `minutes`, `seconds`, `hundreds`, `meeting_program_id`, `swimmer_id`, `team_id`, `badge_id`, `user_id`, `created_at`, `updated_at`, `disqualification_code_type_id`, `goggle_cup_points`, `reaction_time`, `team_points`, `team_affiliation_id`)
  VALUES (179105, 1, 1, 0, 0, 636.54, 636.54, 1, 6, 28, 19607, 8473, 364, 12275, 1, '2015-02-26 22:49:31', '2015-02-26 22:49:31', NULL, 0.0, 0.0, 0.0, 583);

INSERT INTO `meeting_individual_results` (`id`, `rank`, `is_play_off`, `is_out_of_race`, `is_disqualified`, `standard_points`, `meeting_individual_points`, `minutes`, `seconds`, `hundreds`, `meeting_program_id`, `swimmer_id`, `team_id`, `badge_id`, `user_id`, `created_at`, `updated_at`, `disqualification_code_type_id`, `goggle_cup_points`, `reaction_time`, `team_points`, `team_affiliation_id`)
  VALUES (179106, 2, 1, 0, 0, 561.63, 561.63, 1, 15, 12, 19607, 2686, 164, 5887, 1, '2015-02-26 22:49:32', '2015-02-26 22:49:32', NULL, 0.0, 0.0, 0.0, 359);

INSERT INTO `meeting_individual_results` (`id`, `rank`, `is_play_off`, `is_out_of_race`, `is_disqualified`, `standard_points`, `meeting_individual_points`, `minutes`, `seconds`, `hundreds`, `meeting_program_id`, `swimmer_id`, `team_id`, `badge_id`, `user_id`, `created_at`, `updated_at`, `disqualification_code_type_id`, `goggle_cup_points`, `reaction_time`, `team_points`, `team_affiliation_id`)
  VALUES (179107, 1, 1, 0, 0, 0.0, 0.0, 0, 36, 2, 19608, 14262, 420, 18079, 1, '2015-02-26 22:49:32', '2015-02-26 22:49:32', NULL, 0.0, 0.0, 0.0, 640);

INSERT INTO `meeting_individual_results` (`id`, `rank`, `is_play_off`, `is_out_of_race`, `is_disqualified`, `standard_points`, `meeting_individual_points`, `minutes`, `seconds`, `hundreds`, `meeting_program_id`, `swimmer_id`, `team_id`, `badge_id`, `user_id`, `created_at`, `updated_at`, `disqualification_code_type_id`, `goggle_cup_points`, `reaction_time`, `team_points`, `team_affiliation_id`)
  VALUES (179108, 2, 1, 0, 0, 0.0, 0.0, 0, 41, 3, 19608, 8682, 466, 12429, 1, '2015-02-26 22:49:32', '2015-02-26 22:49:32', NULL, 0.0, 0.0, 0.0, 686);

INSERT INTO `meeting_individual_results` (`id`, `rank`, `is_play_off`, `is_out_of_race`, `is_disqualified`, `standard_points`, `meeting_individual_points`, `minutes`, `seconds`, `hundreds`, `meeting_program_id`, `swimmer_id`, `team_id`, `badge_id`, `user_id`, `created_at`, `updated_at`, `disqualification_code_type_id`, `goggle_cup_points`, `reaction_time`, `team_points`, `team_affiliation_id`)
  VALUES (179109, 3, 1, 0, 0, 0.0, 0.0, 0, 44, 23, 19608, 4969, 307, 8656, 1, '2015-02-26 22:49:32', '2015-02-26 22:49:32', NULL, 0.0, 0.0, 0.0, 524);

INSERT INTO `meeting_individual_results` (`id`, `rank`, `is_play_off`, `is_out_of_race`, `is_disqualified`, `standard_points`, `meeting_individual_points`, `minutes`, `seconds`, `hundreds`, `meeting_program_id`, `swimmer_id`, `team_id`, `badge_id`, `user_id`, `created_at`, `updated_at`, `disqualification_code_type_id`, `goggle_cup_points`, `reaction_time`, `team_points`, `team_affiliation_id`)
  VALUES (179110, 3, 1, 0, 1, 0.0, 0.0, 0, 0, 0, 19608, 12625, 466, 16442, 1, '2015-02-26 22:49:32', '2015-02-26 22:49:32', 1, 0.0, 0.0, 0.0, 686);

INSERT INTO `meeting_individual_results` (`id`, `rank`, `is_play_off`, `is_out_of_race`, `is_disqualified`, `standard_points`, `meeting_individual_points`, `minutes`, `seconds`, `hundreds`, `meeting_program_id`, `swimmer_id`, `team_id`, `badge_id`, `user_id`, `created_at`, `updated_at`, `disqualification_code_type_id`, `goggle_cup_points`, `reaction_time`, `team_points`, `team_affiliation_id`)
  VALUES (179111, 1, 1, 0, 0, 913.94, 913.94, 0, 30, 91, 19609, 8493, 364, 12277, 1, '2015-02-26 22:49:32', '2015-02-26 22:49:32', NULL, 0.0, 0.0, 0.0, 583);

INSERT INTO `meeting_individual_results` (`id`, `rank`, `is_play_off`, `is_out_of_race`, `is_disqualified`, `standard_points`, `meeting_individual_points`, `minutes`, `seconds`, `hundreds`, `meeting_program_id`, `swimmer_id`, `team_id`, `badge_id`, `user_id`, `created_at`, `updated_at`, `disqualification_code_type_id`, `goggle_cup_points`, `reaction_time`, `team_points`, `team_affiliation_id`)
  VALUES (179112, 2, 1, 0, 0, 895.4, 895.4, 0, 31, 55, 19609, 2357, 74, 5557, 1, '2015-02-26 22:49:32', '2015-02-26 22:49:32', NULL, 0.0, 0.0, 0.0, 267);

INSERT INTO `meeting_individual_results` (`id`, `rank`, `is_play_off`, `is_out_of_race`, `is_disqualified`, `standard_points`, `meeting_individual_points`, `minutes`, `seconds`, `hundreds`, `meeting_program_id`, `swimmer_id`, `team_id`, `badge_id`, `user_id`, `created_at`, `updated_at`, `disqualification_code_type_id`, `goggle_cup_points`, `reaction_time`, `team_points`, `team_affiliation_id`)
  VALUES (179113, 3, 1, 0, 0, 886.97, 886.97, 0, 31, 85, 19609, 1928, 73, 5110, 1, '2015-02-26 22:49:33', '2015-02-26 22:49:33', NULL, 0.0, 0.0, 0.0, 266);

INSERT INTO `meeting_individual_results` (`id`, `rank`, `is_play_off`, `is_out_of_race`, `is_disqualified`, `standard_points`, `meeting_individual_points`, `minutes`, `seconds`, `hundreds`, `meeting_program_id`, `swimmer_id`, `team_id`, `badge_id`, `user_id`, `created_at`, `updated_at`, `disqualification_code_type_id`, `goggle_cup_points`, `reaction_time`, `team_points`, `team_affiliation_id`)
  VALUES (179114, 4, 1, 0, 0, 824.34, 824.34, 0, 34, 27, 19609, 12646, 466, 16388, 1, '2015-02-26 22:49:33', '2015-02-26 22:49:33', NULL, 0.0, 0.0, 0.0, 686);

INSERT INTO `meeting_individual_results` (`id`, `rank`, `is_play_off`, `is_out_of_race`, `is_disqualified`, `standard_points`, `meeting_individual_points`, `minutes`, `seconds`, `hundreds`, `meeting_program_id`, `swimmer_id`, `team_id`, `badge_id`, `user_id`, `created_at`, `updated_at`, `disqualification_code_type_id`, `goggle_cup_points`, `reaction_time`, `team_points`, `team_affiliation_id`)
  VALUES (179115, 5, 1, 0, 0, 812.72, 812.72, 0, 34, 76, 19609, 2695, 172, 5896, 1, '2015-02-26 22:49:33', '2015-02-26 22:49:33', NULL, 0.0, 0.0, 0.0, 367);

INSERT INTO `meeting_individual_results` (`id`, `rank`, `is_play_off`, `is_out_of_race`, `is_disqualified`, `standard_points`, `meeting_individual_points`, `minutes`, `seconds`, `hundreds`, `meeting_program_id`, `swimmer_id`, `team_id`, `badge_id`, `user_id`, `created_at`, `updated_at`, `disqualification_code_type_id`, `goggle_cup_points`, `reaction_time`, `team_points`, `team_affiliation_id`)
  VALUES (179116, 6, 1, 0, 0, 796.22, 796.22, 0, 35, 48, 19609, 12647, 364, 16443, 1, '2015-02-26 22:49:33', '2015-02-26 22:49:33', NULL, 0.0, 0.0, 0.0, 583);

INSERT INTO `meeting_individual_results` (`id`, `rank`, `is_play_off`, `is_out_of_race`, `is_disqualified`, `standard_points`, `meeting_individual_points`, `minutes`, `seconds`, `hundreds`, `meeting_program_id`, `swimmer_id`, `team_id`, `badge_id`, `user_id`, `created_at`, `updated_at`, `disqualification_code_type_id`, `goggle_cup_points`, `reaction_time`, `team_points`, `team_affiliation_id`)
  VALUES (179117, 7, 1, 0, 0, 725.29, 725.29, 0, 38, 95, 19609, 17031, 451, 20828, 1, '2015-02-26 22:49:33', '2015-02-26 22:49:33', NULL, 0.0, 0.0, 0.0, 671);

INSERT INTO `meeting_individual_results` (`id`, `rank`, `is_play_off`, `is_out_of_race`, `is_disqualified`, `standard_points`, `meeting_individual_points`, `minutes`, `seconds`, `hundreds`, `meeting_program_id`, `swimmer_id`, `team_id`, `badge_id`, `user_id`, `created_at`, `updated_at`, `disqualification_code_type_id`, `goggle_cup_points`, `reaction_time`, `team_points`, `team_affiliation_id`)
  VALUES (179118, 1, 1, 0, 0, 896.17, 896.17, 0, 31, 30, 19610, 3251, 154, 6472, 1, '2015-02-26 22:49:33', '2015-02-26 22:49:33', NULL, 0.0, 0.0, 0.0, 349);

INSERT INTO `meeting_individual_results` (`id`, `rank`, `is_play_off`, `is_out_of_race`, `is_disqualified`, `standard_points`, `meeting_individual_points`, `minutes`, `seconds`, `hundreds`, `meeting_program_id`, `swimmer_id`, `team_id`, `badge_id`, `user_id`, `created_at`, `updated_at`, `disqualification_code_type_id`, `goggle_cup_points`, `reaction_time`, `team_points`, `team_affiliation_id`)
  VALUES (179119, 2, 1, 0, 0, 775.93, 775.93, 0, 36, 15, 19610, 3187, 177, 6407, 1, '2015-02-26 22:49:33', '2015-02-26 22:49:33', NULL, 0.0, 0.0, 0.0, 372);

INSERT INTO `meeting_individual_results` (`id`, `rank`, `is_play_off`, `is_out_of_race`, `is_disqualified`, `standard_points`, `meeting_individual_points`, `minutes`, `seconds`, `hundreds`, `meeting_program_id`, `swimmer_id`, `team_id`, `badge_id`, `user_id`, `created_at`, `updated_at`, `disqualification_code_type_id`, `goggle_cup_points`, `reaction_time`, `team_points`, `team_affiliation_id`)
  VALUES (179120, 3, 1, 0, 0, 771.03, 771.03, 0, 36, 38, 19610, 6114, 68, 10212, 1, '2015-02-26 22:49:34', '2015-02-26 22:49:34', NULL, 0.0, 0.0, 0.0, 261);

INSERT INTO `meeting_individual_results` (`id`, `rank`, `is_play_off`, `is_out_of_race`, `is_disqualified`, `standard_points`, `meeting_individual_points`, `minutes`, `seconds`, `hundreds`, `meeting_program_id`, `swimmer_id`, `team_id`, `badge_id`, `user_id`, `created_at`, `updated_at`, `disqualification_code_type_id`, `goggle_cup_points`, `reaction_time`, `team_points`, `team_affiliation_id`)
  VALUES (179121, 4, 1, 0, 0, 764.72, 764.72, 0, 36, 68, 19610, 5849, 333, 9353, 1, '2015-02-26 22:49:34', '2015-02-26 22:49:34', NULL, 0.0, 0.0, 0.0, 550);

INSERT INTO `meeting_individual_results` (`id`, `rank`, `is_play_off`, `is_out_of_race`, `is_disqualified`, `standard_points`, `meeting_individual_points`, `minutes`, `seconds`, `hundreds`, `meeting_program_id`, `swimmer_id`, `team_id`, `badge_id`, `user_id`, `created_at`, `updated_at`, `disqualification_code_type_id`, `goggle_cup_points`, `reaction_time`, `team_points`, `team_affiliation_id`)
  VALUES (179122, 5, 1, 0, 0, 735.45, 735.45, 0, 38, 14, 19610, 12627, 364, 16444, 1, '2015-02-26 22:49:34', '2015-02-26 22:49:34', NULL, 0.0, 0.0, 0.0, 583);

INSERT INTO `meeting_individual_results` (`id`, `rank`, `is_play_off`, `is_out_of_race`, `is_disqualified`, `standard_points`, `meeting_individual_points`, `minutes`, `seconds`, `hundreds`, `meeting_program_id`, `swimmer_id`, `team_id`, `badge_id`, `user_id`, `created_at`, `updated_at`, `disqualification_code_type_id`, `goggle_cup_points`, `reaction_time`, `team_points`, `team_affiliation_id`)
  VALUES (179123, 6, 1, 0, 0, 702.13, 702.13, 0, 39, 95, 19610, 17055, 364, 20829, 1, '2015-02-26 22:49:34', '2015-02-26 22:49:34', NULL, 0.0, 0.0, 0.0, 583);

INSERT INTO `meeting_individual_results` (`id`, `rank`, `is_play_off`, `is_out_of_race`, `is_disqualified`, `standard_points`, `meeting_individual_points`, `minutes`, `seconds`, `hundreds`, `meeting_program_id`, `swimmer_id`, `team_id`, `badge_id`, `user_id`, `created_at`, `updated_at`, `disqualification_code_type_id`, `goggle_cup_points`, `reaction_time`, `team_points`, `team_affiliation_id`)
  VALUES (179124, 7, 1, 0, 0, 693.28, 693.28, 0, 40, 46, 19610, 8687, 102, 12341, 1, '2015-02-26 22:49:35', '2015-02-26 22:49:35', NULL, 0.0, 0.0, 0.0, 295);

INSERT INTO `meeting_individual_results` (`id`, `rank`, `is_play_off`, `is_out_of_race`, `is_disqualified`, `standard_points`, `meeting_individual_points`, `minutes`, `seconds`, `hundreds`, `meeting_program_id`, `swimmer_id`, `team_id`, `badge_id`, `user_id`, `created_at`, `updated_at`, `disqualification_code_type_id`, `goggle_cup_points`, `reaction_time`, `team_points`, `team_affiliation_id`)
  VALUES (179125, 8, 1, 0, 0, 616.62, 616.62, 0, 45, 49, 19610, 8692, 466, 12348, 1, '2015-02-26 22:49:35', '2015-02-26 22:49:35', NULL, 0.0, 0.0, 0.0, 686);

INSERT INTO `meeting_individual_results` (`id`, `rank`, `is_play_off`, `is_out_of_race`, `is_disqualified`, `standard_points`, `meeting_individual_points`, `minutes`, `seconds`, `hundreds`, `meeting_program_id`, `swimmer_id`, `team_id`, `badge_id`, `user_id`, `created_at`, `updated_at`, `disqualification_code_type_id`, `goggle_cup_points`, `reaction_time`, `team_points`, `team_affiliation_id`)
  VALUES (179126, 9, 1, 0, 0, 600.51, 600.51, 0, 46, 71, 19610, 8491, 102, 12434, 1, '2015-02-26 22:49:35', '2015-02-26 22:49:35', NULL, 0.0, 0.0, 0.0, 295);

INSERT INTO `meeting_individual_results` (`id`, `rank`, `is_play_off`, `is_out_of_race`, `is_disqualified`, `standard_points`, `meeting_individual_points`, `minutes`, `seconds`, `hundreds`, `meeting_program_id`, `swimmer_id`, `team_id`, `badge_id`, `user_id`, `created_at`, `updated_at`, `disqualification_code_type_id`, `goggle_cup_points`, `reaction_time`, `team_points`, `team_affiliation_id`)
  VALUES (179127, 10, 1, 0, 0, 593.9, 593.9, 0, 47, 23, 19610, 8633, 466, 12433, 1, '2015-02-26 22:49:35', '2015-02-26 22:49:35', NULL, 0.0, 0.0, 0.0, 686);

INSERT INTO `meeting_individual_results` (`id`, `rank`, `is_play_off`, `is_out_of_race`, `is_disqualified`, `standard_points`, `meeting_individual_points`, `minutes`, `seconds`, `hundreds`, `meeting_program_id`, `swimmer_id`, `team_id`, `badge_id`, `user_id`, `created_at`, `updated_at`, `disqualification_code_type_id`, `goggle_cup_points`, `reaction_time`, `team_points`, `team_affiliation_id`)
  VALUES (179128, 11, 1, 0, 0, 579.55, 579.55, 0, 48, 40, 19610, 8478, 466, 12432, 1, '2015-02-26 22:49:36', '2015-02-26 22:49:36', NULL, 0.0, 0.0, 0.0, 686);

INSERT INTO `meeting_individual_results` (`id`, `rank`, `is_play_off`, `is_out_of_race`, `is_disqualified`, `standard_points`, `meeting_individual_points`, `minutes`, `seconds`, `hundreds`, `meeting_program_id`, `swimmer_id`, `team_id`, `badge_id`, `user_id`, `created_at`, `updated_at`, `disqualification_code_type_id`, `goggle_cup_points`, `reaction_time`, `team_points`, `team_affiliation_id`)
  VALUES (179129, 1, 1, 0, 0, 790.12, 790.12, 0, 36, 45, 19611, 8496, 102, 12435, 1, '2015-02-26 22:49:36', '2015-02-26 22:49:36', NULL, 0.0, 0.0, 0.0, 295);

INSERT INTO `meeting_individual_results` (`id`, `rank`, `is_play_off`, `is_out_of_race`, `is_disqualified`, `standard_points`, `meeting_individual_points`, `minutes`, `seconds`, `hundreds`, `meeting_program_id`, `swimmer_id`, `team_id`, `badge_id`, `user_id`, `created_at`, `updated_at`, `disqualification_code_type_id`, `goggle_cup_points`, `reaction_time`, `team_points`, `team_affiliation_id`)
  VALUES (179130, 2, 1, 0, 0, 754.32, 754.32, 0, 38, 18, 19611, 8437, 364, 12353, 1, '2015-02-26 22:49:36', '2015-02-26 22:49:36', NULL, 0.0, 0.0, 0.0, 583);

INSERT INTO `meeting_individual_results` (`id`, `rank`, `is_play_off`, `is_out_of_race`, `is_disqualified`, `standard_points`, `meeting_individual_points`, `minutes`, `seconds`, `hundreds`, `meeting_program_id`, `swimmer_id`, `team_id`, `badge_id`, `user_id`, `created_at`, `updated_at`, `disqualification_code_type_id`, `goggle_cup_points`, `reaction_time`, `team_points`, `team_affiliation_id`)
  VALUES (179131, 3, 1, 0, 0, 735.44, 735.44, 0, 39, 16, 19611, 2374, 102, 5574, 1, '2015-02-26 22:49:37', '2015-02-26 22:49:37', NULL, 0.0, 0.0, 0.0, 295);

INSERT INTO `meeting_individual_results` (`id`, `rank`, `is_play_off`, `is_out_of_race`, `is_disqualified`, `standard_points`, `meeting_individual_points`, `minutes`, `seconds`, `hundreds`, `meeting_program_id`, `swimmer_id`, `team_id`, `badge_id`, `user_id`, `created_at`, `updated_at`, `disqualification_code_type_id`, `goggle_cup_points`, `reaction_time`, `team_points`, `team_affiliation_id`)
  VALUES (179132, 4, 1, 0, 0, 731.89, 731.89, 0, 39, 35, 19611, 3998, 108, 7254, 1, '2015-02-26 22:49:37', '2015-02-26 22:49:37', NULL, 0.0, 0.0, 0.0, 301);

INSERT INTO `meeting_individual_results` (`id`, `rank`, `is_play_off`, `is_out_of_race`, `is_disqualified`, `standard_points`, `meeting_individual_points`, `minutes`, `seconds`, `hundreds`, `meeting_program_id`, `swimmer_id`, `team_id`, `badge_id`, `user_id`, `created_at`, `updated_at`, `disqualification_code_type_id`, `goggle_cup_points`, `reaction_time`, `team_points`, `team_affiliation_id`)
  VALUES (179133, 5, 1, 0, 0, 691.31, 691.31, 0, 41, 66, 19611, 6713, 307, 10456, 1, '2015-02-26 22:49:37', '2015-02-26 22:49:37', NULL, 0.0, 0.0, 0.0, 524);

INSERT INTO `meeting_individual_results` (`id`, `rank`, `is_play_off`, `is_out_of_race`, `is_disqualified`, `standard_points`, `meeting_individual_points`, `minutes`, `seconds`, `hundreds`, `meeting_program_id`, `swimmer_id`, `team_id`, `badge_id`, `user_id`, `created_at`, `updated_at`, `disqualification_code_type_id`, `goggle_cup_points`, `reaction_time`, `team_points`, `team_affiliation_id`)
  VALUES (179134, 6, 1, 0, 0, 669.14, 669.14, 0, 43, 4, 19611, 8510, 102, 12357, 1, '2015-02-26 22:49:37', '2015-02-26 22:49:37', NULL, 0.0, 0.0, 0.0, 295);

INSERT INTO `meeting_individual_results` (`id`, `rank`, `is_play_off`, `is_out_of_race`, `is_disqualified`, `standard_points`, `meeting_individual_points`, `minutes`, `seconds`, `hundreds`, `meeting_program_id`, `swimmer_id`, `team_id`, `badge_id`, `user_id`, `created_at`, `updated_at`, `disqualification_code_type_id`, `goggle_cup_points`, `reaction_time`, `team_points`, `team_affiliation_id`)
  VALUES (179135, 7, 1, 0, 0, 648.65, 648.65, 0, 44, 40, 19611, 14834, 557, 18637, 1, '2015-02-26 22:49:37', '2015-02-26 22:49:37', NULL, 0.0, 0.0, 0.0, 777);

INSERT INTO `meeting_individual_results` (`id`, `rank`, `is_play_off`, `is_out_of_race`, `is_disqualified`, `standard_points`, `meeting_individual_points`, `minutes`, `seconds`, `hundreds`, `meeting_program_id`, `swimmer_id`, `team_id`, `badge_id`, `user_id`, `created_at`, `updated_at`, `disqualification_code_type_id`, `goggle_cup_points`, `reaction_time`, `team_points`, `team_affiliation_id`)
  VALUES (179136, 8, 1, 0, 0, 593.08, 593.08, 0, 48, 56, 19611, 8425, 466, 12196, 1, '2015-02-26 22:49:38', '2015-02-26 22:49:38', NULL, 0.0, 0.0, 0.0, 686);

INSERT INTO `meeting_individual_results` (`id`, `rank`, `is_play_off`, `is_out_of_race`, `is_disqualified`, `standard_points`, `meeting_individual_points`, `minutes`, `seconds`, `hundreds`, `meeting_program_id`, `swimmer_id`, `team_id`, `badge_id`, `user_id`, `created_at`, `updated_at`, `disqualification_code_type_id`, `goggle_cup_points`, `reaction_time`, `team_points`, `team_affiliation_id`)
  VALUES (179137, 9, 1, 0, 1, 0.0, 0.0, 0, 0, 0, 19611, 17037, 466, 20849, 1, '2015-02-26 22:49:38', '2015-02-26 22:49:38', 1, 0.0, 0.0, 0.0, 686);

INSERT INTO `meeting_individual_results` (`id`, `rank`, `is_play_off`, `is_out_of_race`, `is_disqualified`, `standard_points`, `meeting_individual_points`, `minutes`, `seconds`, `hundreds`, `meeting_program_id`, `swimmer_id`, `team_id`, `badge_id`, `user_id`, `created_at`, `updated_at`, `disqualification_code_type_id`, `goggle_cup_points`, `reaction_time`, `team_points`, `team_affiliation_id`)
  VALUES (179138, 1, 1, 0, 0, 900.28, 900.28, 0, 32, 29, 19612, 8514, 456, 12393, 1, '2015-02-26 22:49:38', '2015-02-26 22:49:38', NULL, 0.0, 0.0, 0.0, 676);

INSERT INTO `meeting_individual_results` (`id`, `rank`, `is_play_off`, `is_out_of_race`, `is_disqualified`, `standard_points`, `meeting_individual_points`, `minutes`, `seconds`, `hundreds`, `meeting_program_id`, `swimmer_id`, `team_id`, `badge_id`, `user_id`, `created_at`, `updated_at`, `disqualification_code_type_id`, `goggle_cup_points`, `reaction_time`, `team_points`, `team_affiliation_id`)
  VALUES (179139, 2, 1, 0, 0, 814.51, 814.51, 0, 35, 69, 19612, 2739, 99, 5945, 1, '2015-02-26 22:49:38', '2015-02-26 22:49:38', NULL, 0.0, 0.0, 0.0, 292);

INSERT INTO `meeting_individual_results` (`id`, `rank`, `is_play_off`, `is_out_of_race`, `is_disqualified`, `standard_points`, `meeting_individual_points`, `minutes`, `seconds`, `hundreds`, `meeting_program_id`, `swimmer_id`, `team_id`, `badge_id`, `user_id`, `created_at`, `updated_at`, `disqualification_code_type_id`, `goggle_cup_points`, `reaction_time`, `team_points`, `team_affiliation_id`)
  VALUES (179140, 3, 1, 0, 0, 790.38, 790.38, 0, 36, 78, 19612, 2741, 99, 5947, 1, '2015-02-26 22:49:39', '2015-02-26 22:49:39', NULL, 0.0, 0.0, 0.0, 292);

INSERT INTO `meeting_individual_results` (`id`, `rank`, `is_play_off`, `is_out_of_race`, `is_disqualified`, `standard_points`, `meeting_individual_points`, `minutes`, `seconds`, `hundreds`, `meeting_program_id`, `swimmer_id`, `team_id`, `badge_id`, `user_id`, `created_at`, `updated_at`, `disqualification_code_type_id`, `goggle_cup_points`, `reaction_time`, `team_points`, `team_affiliation_id`)
  VALUES (179141, 4, 1, 0, 0, 778.1, 778.1, 0, 37, 36, 19612, 6903, 373, 10631, 1, '2015-02-26 22:49:39', '2015-02-26 22:49:39', NULL, 0.0, 0.0, 0.0, 593);

INSERT INTO `meeting_individual_results` (`id`, `rank`, `is_play_off`, `is_out_of_race`, `is_disqualified`, `standard_points`, `meeting_individual_points`, `minutes`, `seconds`, `hundreds`, `meeting_program_id`, `swimmer_id`, `team_id`, `badge_id`, `user_id`, `created_at`, `updated_at`, `disqualification_code_type_id`, `goggle_cup_points`, `reaction_time`, `team_points`, `team_affiliation_id`)
  VALUES (179142, 5, 1, 0, 0, 775.41, 775.41, 0, 37, 49, 19612, 17053, 364, 20851, 1, '2015-02-26 22:49:39', '2015-02-26 22:49:39', NULL, 0.0, 0.0, 0.0, 583);

INSERT INTO `meeting_individual_results` (`id`, `rank`, `is_play_off`, `is_out_of_race`, `is_disqualified`, `standard_points`, `meeting_individual_points`, `minutes`, `seconds`, `hundreds`, `meeting_program_id`, `swimmer_id`, `team_id`, `badge_id`, `user_id`, `created_at`, `updated_at`, `disqualification_code_type_id`, `goggle_cup_points`, `reaction_time`, `team_points`, `team_affiliation_id`)
  VALUES (179143, 6, 1, 0, 0, 758.41, 758.41, 0, 38, 33, 19612, 12643, 102, 16449, 1, '2015-02-26 22:49:40', '2015-02-26 22:49:40', NULL, 0.0, 0.0, 0.0, 295);

INSERT INTO `meeting_individual_results` (`id`, `rank`, `is_play_off`, `is_out_of_race`, `is_disqualified`, `standard_points`, `meeting_individual_points`, `minutes`, `seconds`, `hundreds`, `meeting_program_id`, `swimmer_id`, `team_id`, `badge_id`, `user_id`, `created_at`, `updated_at`, `disqualification_code_type_id`, `goggle_cup_points`, `reaction_time`, `team_points`, `team_affiliation_id`)
  VALUES (179144, 7, 1, 0, 0, 725.48, 725.48, 0, 40, 7, 19612, 17058, 364, 20852, 1, '2015-02-26 22:49:40', '2015-02-26 22:49:40', NULL, 0.0, 0.0, 0.0, 583);

INSERT INTO `meeting_individual_results` (`id`, `rank`, `is_play_off`, `is_out_of_race`, `is_disqualified`, `standard_points`, `meeting_individual_points`, `minutes`, `seconds`, `hundreds`, `meeting_program_id`, `swimmer_id`, `team_id`, `badge_id`, `user_id`, `created_at`, `updated_at`, `disqualification_code_type_id`, `goggle_cup_points`, `reaction_time`, `team_points`, `team_affiliation_id`)
  VALUES (179145, 8, 1, 0, 0, 722.6, 722.6, 0, 40, 23, 19612, 17034, 309, 20832, 1, '2015-02-26 22:49:40', '2015-02-26 22:49:40', NULL, 0.0, 0.0, 0.0, 526);

INSERT INTO `meeting_individual_results` (`id`, `rank`, `is_play_off`, `is_out_of_race`, `is_disqualified`, `standard_points`, `meeting_individual_points`, `minutes`, `seconds`, `hundreds`, `meeting_program_id`, `swimmer_id`, `team_id`, `badge_id`, `user_id`, `created_at`, `updated_at`, `disqualification_code_type_id`, `goggle_cup_points`, `reaction_time`, `team_points`, `team_affiliation_id`)
  VALUES (179146, 9, 1, 0, 1, 0.0, 0.0, 0, 0, 0, 19612, 16276, 309, 20141, 1, '2015-02-26 22:49:41', '2015-02-26 22:49:41', 1, 0.0, 0.0, 0.0, 526);

INSERT INTO `meeting_individual_results` (`id`, `rank`, `is_play_off`, `is_out_of_race`, `is_disqualified`, `standard_points`, `meeting_individual_points`, `minutes`, `seconds`, `hundreds`, `meeting_program_id`, `swimmer_id`, `team_id`, `badge_id`, `user_id`, `created_at`, `updated_at`, `disqualification_code_type_id`, `goggle_cup_points`, `reaction_time`, `team_points`, `team_affiliation_id`)
  VALUES (179147, 1, 1, 0, 0, 868.03, 868.03, 0, 34, 78, 19613, 5867, 74, 9543, 1, '2015-02-26 22:49:41', '2015-02-26 22:49:41', NULL, 0.0, 0.0, 0.0, 267);

INSERT INTO `meeting_individual_results` (`id`, `rank`, `is_play_off`, `is_out_of_race`, `is_disqualified`, `standard_points`, `meeting_individual_points`, `minutes`, `seconds`, `hundreds`, `meeting_program_id`, `swimmer_id`, `team_id`, `badge_id`, `user_id`, `created_at`, `updated_at`, `disqualification_code_type_id`, `goggle_cup_points`, `reaction_time`, `team_points`, `team_affiliation_id`)
  VALUES (179148, 2, 1, 0, 0, 856.7, 856.7, 0, 35, 24, 19613, 4021, 108, 7280, 1, '2015-02-26 22:49:41', '2015-02-26 22:49:41', NULL, 0.0, 0.0, 0.0, 301);

INSERT INTO `meeting_individual_results` (`id`, `rank`, `is_play_off`, `is_out_of_race`, `is_disqualified`, `standard_points`, `meeting_individual_points`, `minutes`, `seconds`, `hundreds`, `meeting_program_id`, `swimmer_id`, `team_id`, `badge_id`, `user_id`, `created_at`, `updated_at`, `disqualification_code_type_id`, `goggle_cup_points`, `reaction_time`, `team_points`, `team_affiliation_id`)
  VALUES (179149, 3, 1, 0, 0, 800.58, 800.58, 0, 37, 71, 19613, 11361, 307, 15174, 1, '2015-02-26 22:49:42', '2015-02-26 22:49:42', NULL, 0.0, 0.0, 0.0, 524);

INSERT INTO `meeting_individual_results` (`id`, `rank`, `is_play_off`, `is_out_of_race`, `is_disqualified`, `standard_points`, `meeting_individual_points`, `minutes`, `seconds`, `hundreds`, `meeting_program_id`, `swimmer_id`, `team_id`, `badge_id`, `user_id`, `created_at`, `updated_at`, `disqualification_code_type_id`, `goggle_cup_points`, `reaction_time`, `team_points`, `team_affiliation_id`)
  VALUES (179150, 4, 1, 0, 0, 788.87, 788.87, 0, 38, 27, 19613, 2767, 172, 5973, 1, '2015-02-26 22:49:42', '2015-02-26 22:49:42', NULL, 0.0, 0.0, 0.0, 367);

INSERT INTO `meeting_individual_results` (`id`, `rank`, `is_play_off`, `is_out_of_race`, `is_disqualified`, `standard_points`, `meeting_individual_points`, `minutes`, `seconds`, `hundreds`, `meeting_program_id`, `swimmer_id`, `team_id`, `badge_id`, `user_id`, `created_at`, `updated_at`, `disqualification_code_type_id`, `goggle_cup_points`, `reaction_time`, `team_points`, `team_affiliation_id`)
  VALUES (179151, 5, 1, 0, 0, 707.19, 707.19, 0, 42, 69, 19613, 14830, 466, 18638, 1, '2015-02-26 22:49:42', '2015-02-26 22:49:42', NULL, 0.0, 0.0, 0.0, 686);

INSERT INTO `meeting_individual_results` (`id`, `rank`, `is_play_off`, `is_out_of_race`, `is_disqualified`, `standard_points`, `meeting_individual_points`, `minutes`, `seconds`, `hundreds`, `meeting_program_id`, `swimmer_id`, `team_id`, `badge_id`, `user_id`, `created_at`, `updated_at`, `disqualification_code_type_id`, `goggle_cup_points`, `reaction_time`, `team_points`, `team_affiliation_id`)
  VALUES (179152, 6, 1, 0, 0, 693.07, 693.07, 0, 43, 56, 19613, 2777, 173, 5983, 1, '2015-02-26 22:49:43', '2015-02-26 22:49:43', NULL, 0.0, 0.0, 0.0, 368);

INSERT INTO `meeting_individual_results` (`id`, `rank`, `is_play_off`, `is_out_of_race`, `is_disqualified`, `standard_points`, `meeting_individual_points`, `minutes`, `seconds`, `hundreds`, `meeting_program_id`, `swimmer_id`, `team_id`, `badge_id`, `user_id`, `created_at`, `updated_at`, `disqualification_code_type_id`, `goggle_cup_points`, `reaction_time`, `team_points`, `team_affiliation_id`)
  VALUES (179153, 7, 1, 0, 0, 688.95, 688.95, 0, 43, 82, 19613, 11335, 102, 15096, 1, '2015-02-26 22:49:43', '2015-02-26 22:49:43', NULL, 0.0, 0.0, 0.0, 295);

INSERT INTO `meeting_individual_results` (`id`, `rank`, `is_play_off`, `is_out_of_race`, `is_disqualified`, `standard_points`, `meeting_individual_points`, `minutes`, `seconds`, `hundreds`, `meeting_program_id`, `swimmer_id`, `team_id`, `badge_id`, `user_id`, `created_at`, `updated_at`, `disqualification_code_type_id`, `goggle_cup_points`, `reaction_time`, `team_points`, `team_affiliation_id`)
  VALUES (179154, 8, 1, 0, 0, 624.28, 624.28, 0, 48, 36, 19613, 8509, 102, 12374, 1, '2015-02-26 22:49:43', '2015-02-26 22:49:43', NULL, 0.0, 0.0, 0.0, 295);

INSERT INTO `meeting_individual_results` (`id`, `rank`, `is_play_off`, `is_out_of_race`, `is_disqualified`, `standard_points`, `meeting_individual_points`, `minutes`, `seconds`, `hundreds`, `meeting_program_id`, `swimmer_id`, `team_id`, `badge_id`, `user_id`, `created_at`, `updated_at`, `disqualification_code_type_id`, `goggle_cup_points`, `reaction_time`, `team_points`, `team_affiliation_id`)
  VALUES (179155, 9, 1, 0, 0, 604.89, 604.89, 0, 49, 91, 19613, 17024, 364, 20842, 1, '2015-02-26 22:49:44', '2015-02-26 22:49:44', NULL, 0.0, 0.0, 0.0, 583);

INSERT INTO `meeting_individual_results` (`id`, `rank`, `is_play_off`, `is_out_of_race`, `is_disqualified`, `standard_points`, `meeting_individual_points`, `minutes`, `seconds`, `hundreds`, `meeting_program_id`, `swimmer_id`, `team_id`, `badge_id`, `user_id`, `created_at`, `updated_at`, `disqualification_code_type_id`, `goggle_cup_points`, `reaction_time`, `team_points`, `team_affiliation_id`)
  VALUES (179156, 10, 1, 0, 0, 594.76, 594.76, 0, 50, 76, 19613, 12634, 466, 16428, 1, '2015-02-26 22:49:44', '2015-02-26 22:49:44', NULL, 0.0, 0.0, 0.0, 686);

INSERT INTO `meeting_individual_results` (`id`, `rank`, `is_play_off`, `is_out_of_race`, `is_disqualified`, `standard_points`, `meeting_individual_points`, `minutes`, `seconds`, `hundreds`, `meeting_program_id`, `swimmer_id`, `team_id`, `badge_id`, `user_id`, `created_at`, `updated_at`, `disqualification_code_type_id`, `goggle_cup_points`, `reaction_time`, `team_points`, `team_affiliation_id`)
  VALUES (179157, 1, 1, 0, 0, 849.93, 849.93, 0, 36, 65, 19614, 2201, 108, 5397, 1, '2015-02-26 22:49:44', '2015-02-26 22:49:44', NULL, 0.0, 0.0, 0.0, 301);

INSERT INTO `meeting_individual_results` (`id`, `rank`, `is_play_off`, `is_out_of_race`, `is_disqualified`, `standard_points`, `meeting_individual_points`, `minutes`, `seconds`, `hundreds`, `meeting_program_id`, `swimmer_id`, `team_id`, `badge_id`, `user_id`, `created_at`, `updated_at`, `disqualification_code_type_id`, `goggle_cup_points`, `reaction_time`, `team_points`, `team_affiliation_id`)
  VALUES (179158, 2, 1, 0, 0, 730.19, 730.19, 0, 42, 66, 19614, 1058, 67, 9367, 1, '2015-02-26 22:49:45', '2015-02-26 22:49:45', NULL, 0.0, 0.0, 0.0, 260);

INSERT INTO `meeting_individual_results` (`id`, `rank`, `is_play_off`, `is_out_of_race`, `is_disqualified`, `standard_points`, `meeting_individual_points`, `minutes`, `seconds`, `hundreds`, `meeting_program_id`, `swimmer_id`, `team_id`, `badge_id`, `user_id`, `created_at`, `updated_at`, `disqualification_code_type_id`, `goggle_cup_points`, `reaction_time`, `team_points`, `team_affiliation_id`)
  VALUES (179159, 1, 1, 0, 0, 704.64, 704.64, 0, 46, 8, 19615, 11342, 364, 15083, 1, '2015-02-26 22:49:45', '2015-02-26 22:49:45', NULL, 0.0, 0.0, 0.0, 583);

INSERT INTO `meeting_individual_results` (`id`, `rank`, `is_play_off`, `is_out_of_race`, `is_disqualified`, `standard_points`, `meeting_individual_points`, `minutes`, `seconds`, `hundreds`, `meeting_program_id`, `swimmer_id`, `team_id`, `badge_id`, `user_id`, `created_at`, `updated_at`, `disqualification_code_type_id`, `goggle_cup_points`, `reaction_time`, `team_points`, `team_affiliation_id`)
  VALUES (179160, 2, 1, 0, 0, 656.36, 656.36, 0, 49, 47, 19615, 8674, 466, 12439, 1, '2015-02-26 22:49:45', '2015-02-26 22:49:45', NULL, 0.0, 0.0, 0.0, 686);

INSERT INTO `meeting_individual_results` (`id`, `rank`, `is_play_off`, `is_out_of_race`, `is_disqualified`, `standard_points`, `meeting_individual_points`, `minutes`, `seconds`, `hundreds`, `meeting_program_id`, `swimmer_id`, `team_id`, `badge_id`, `user_id`, `created_at`, `updated_at`, `disqualification_code_type_id`, `goggle_cup_points`, `reaction_time`, `team_points`, `team_affiliation_id`)
  VALUES (179161, 3, 1, 0, 0, 629.75, 629.75, 0, 51, 56, 19615, 8645, 102, 12258, 1, '2015-02-26 22:49:46', '2015-02-26 22:49:46', NULL, 0.0, 0.0, 0.0, 295);

INSERT INTO `meeting_individual_results` (`id`, `rank`, `is_play_off`, `is_out_of_race`, `is_disqualified`, `standard_points`, `meeting_individual_points`, `minutes`, `seconds`, `hundreds`, `meeting_program_id`, `swimmer_id`, `team_id`, `badge_id`, `user_id`, `created_at`, `updated_at`, `disqualification_code_type_id`, `goggle_cup_points`, `reaction_time`, `team_points`, `team_affiliation_id`)
  VALUES (179162, 1, 1, 0, 0, 807.18, 807.18, 0, 41, 49, 19616, 2159, 102, 5352, 1, '2015-02-26 22:49:46', '2015-02-26 22:49:46', NULL, 0.0, 0.0, 0.0, 295);

INSERT INTO `meeting_individual_results` (`id`, `rank`, `is_play_off`, `is_out_of_race`, `is_disqualified`, `standard_points`, `meeting_individual_points`, `minutes`, `seconds`, `hundreds`, `meeting_program_id`, `swimmer_id`, `team_id`, `badge_id`, `user_id`, `created_at`, `updated_at`, `disqualification_code_type_id`, `goggle_cup_points`, `reaction_time`, `team_points`, `team_affiliation_id`)
  VALUES (179163, 1, 1, 0, 0, 854.45, 854.45, 0, 40, 88, 19617, 2451, 102, 5651, 1, '2015-02-26 22:49:46', '2015-02-26 22:49:46', NULL, 0.0, 0.0, 0.0, 295);

INSERT INTO `meeting_individual_results` (`id`, `rank`, `is_play_off`, `is_out_of_race`, `is_disqualified`, `standard_points`, `meeting_individual_points`, `minutes`, `seconds`, `hundreds`, `meeting_program_id`, `swimmer_id`, `team_id`, `badge_id`, `user_id`, `created_at`, `updated_at`, `disqualification_code_type_id`, `goggle_cup_points`, `reaction_time`, `team_points`, `team_affiliation_id`)
  VALUES (179164, 2, 1, 0, 0, 777.95, 777.95, 0, 44, 90, 19617, 8628, 466, 12290, 1, '2015-02-26 22:49:46', '2015-02-26 22:49:46', NULL, 0.0, 0.0, 0.0, 686);

INSERT INTO `meeting_individual_results` (`id`, `rank`, `is_play_off`, `is_out_of_race`, `is_disqualified`, `standard_points`, `meeting_individual_points`, `minutes`, `seconds`, `hundreds`, `meeting_program_id`, `swimmer_id`, `team_id`, `badge_id`, `user_id`, `created_at`, `updated_at`, `disqualification_code_type_id`, `goggle_cup_points`, `reaction_time`, `team_points`, `team_affiliation_id`)
  VALUES (179165, 1, 1, 0, 0, 650.34, 650.34, 0, 58, 0, 19618, 11354, 450, 15084, 1, '2015-02-26 22:49:46', '2015-02-26 22:49:46', NULL, 0.0, 0.0, 0.0, 670);

INSERT INTO `meeting_individual_results` (`id`, `rank`, `is_play_off`, `is_out_of_race`, `is_disqualified`, `standard_points`, `meeting_individual_points`, `minutes`, `seconds`, `hundreds`, `meeting_program_id`, `swimmer_id`, `team_id`, `badge_id`, `user_id`, `created_at`, `updated_at`, `disqualification_code_type_id`, `goggle_cup_points`, `reaction_time`, `team_points`, `team_affiliation_id`)
  VALUES (179166, 1, 1, 0, 0, 843.91, 843.91, 0, 52, 79, 19619, 8480, 364, 12294, 1, '2015-02-26 22:49:46', '2015-02-26 22:49:46', NULL, 0.0, 0.0, 0.0, 583);

INSERT INTO `meeting_individual_results` (`id`, `rank`, `is_play_off`, `is_out_of_race`, `is_disqualified`, `standard_points`, `meeting_individual_points`, `minutes`, `seconds`, `hundreds`, `meeting_program_id`, `swimmer_id`, `team_id`, `badge_id`, `user_id`, `created_at`, `updated_at`, `disqualification_code_type_id`, `goggle_cup_points`, `reaction_time`, `team_points`, `team_affiliation_id`)
  VALUES (179167, 1, 1, 0, 0, 882.33, 882.33, 0, 29, 49, 19620, 12652, 466, 16437, 1, '2015-02-26 22:49:47', '2015-02-26 22:49:47', NULL, 0.0, 0.0, 0.0, 686);

INSERT INTO `meeting_individual_results` (`id`, `rank`, `is_play_off`, `is_out_of_race`, `is_disqualified`, `standard_points`, `meeting_individual_points`, `minutes`, `seconds`, `hundreds`, `meeting_program_id`, `swimmer_id`, `team_id`, `badge_id`, `user_id`, `created_at`, `updated_at`, `disqualification_code_type_id`, `goggle_cup_points`, `reaction_time`, `team_points`, `team_affiliation_id`)
  VALUES (179168, 2, 1, 0, 0, 807.32, 807.32, 0, 32, 23, 19620, 14846, 557, 18633, 1, '2015-02-26 22:49:47', '2015-02-26 22:49:47', NULL, 0.0, 0.0, 0.0, 777);

INSERT INTO `meeting_individual_results` (`id`, `rank`, `is_play_off`, `is_out_of_race`, `is_disqualified`, `standard_points`, `meeting_individual_points`, `minutes`, `seconds`, `hundreds`, `meeting_program_id`, `swimmer_id`, `team_id`, `badge_id`, `user_id`, `created_at`, `updated_at`, `disqualification_code_type_id`, `goggle_cup_points`, `reaction_time`, `team_points`, `team_affiliation_id`)
  VALUES (179169, 3, 1, 0, 0, 798.4, 798.4, 0, 32, 59, 19620, 5983, 154, 9654, 1, '2015-02-26 22:49:47', '2015-02-26 22:49:47', NULL, 0.0, 0.0, 0.0, 349);

INSERT INTO `meeting_individual_results` (`id`, `rank`, `is_play_off`, `is_out_of_race`, `is_disqualified`, `standard_points`, `meeting_individual_points`, `minutes`, `seconds`, `hundreds`, `meeting_program_id`, `swimmer_id`, `team_id`, `badge_id`, `user_id`, `created_at`, `updated_at`, `disqualification_code_type_id`, `goggle_cup_points`, `reaction_time`, `team_points`, `team_affiliation_id`)
  VALUES (179170, 4, 1, 0, 0, 768.46, 768.46, 0, 33, 86, 19620, 8504, 102, 12214, 1, '2015-02-26 22:49:47', '2015-02-26 22:49:47', NULL, 0.0, 0.0, 0.0, 295);

INSERT INTO `meeting_individual_results` (`id`, `rank`, `is_play_off`, `is_out_of_race`, `is_disqualified`, `standard_points`, `meeting_individual_points`, `minutes`, `seconds`, `hundreds`, `meeting_program_id`, `swimmer_id`, `team_id`, `badge_id`, `user_id`, `created_at`, `updated_at`, `disqualification_code_type_id`, `goggle_cup_points`, `reaction_time`, `team_points`, `team_affiliation_id`)
  VALUES (179171, 5, 1, 0, 0, 766.87, 766.87, 0, 33, 93, 19620, 12682, 557, 16392, 1, '2015-02-26 22:49:47', '2015-02-26 22:49:47', NULL, 0.0, 0.0, 0.0, 777);

INSERT INTO `meeting_individual_results` (`id`, `rank`, `is_play_off`, `is_out_of_race`, `is_disqualified`, `standard_points`, `meeting_individual_points`, `minutes`, `seconds`, `hundreds`, `meeting_program_id`, `swimmer_id`, `team_id`, `badge_id`, `user_id`, `created_at`, `updated_at`, `disqualification_code_type_id`, `goggle_cup_points`, `reaction_time`, `team_points`, `team_affiliation_id`)
  VALUES (179172, 6, 1, 0, 0, 727.22, 727.22, 0, 35, 78, 19620, 17044, 102, 20855, 1, '2015-02-26 22:49:47', '2015-02-26 22:49:47', NULL, 0.0, 0.0, 0.0, 295);

INSERT INTO `meeting_individual_results` (`id`, `rank`, `is_play_off`, `is_out_of_race`, `is_disqualified`, `standard_points`, `meeting_individual_points`, `minutes`, `seconds`, `hundreds`, `meeting_program_id`, `swimmer_id`, `team_id`, `badge_id`, `user_id`, `created_at`, `updated_at`, `disqualification_code_type_id`, `goggle_cup_points`, `reaction_time`, `team_points`, `team_affiliation_id`)
  VALUES (179173, 1, 1, 0, 0, 815.12, 815.12, 0, 31, 75, 19621, 17032, 466, 20844, 1, '2015-02-26 22:49:48', '2015-02-26 22:49:48', NULL, 0.0, 0.0, 0.0, 686);

INSERT INTO `meeting_individual_results` (`id`, `rank`, `is_play_off`, `is_out_of_race`, `is_disqualified`, `standard_points`, `meeting_individual_points`, `minutes`, `seconds`, `hundreds`, `meeting_program_id`, `swimmer_id`, `team_id`, `badge_id`, `user_id`, `created_at`, `updated_at`, `disqualification_code_type_id`, `goggle_cup_points`, `reaction_time`, `team_points`, `team_affiliation_id`)
  VALUES (179174, 2, 1, 0, 0, 813.84, 813.84, 0, 31, 80, 19621, 8515, 466, 12267, 1, '2015-02-26 22:49:48', '2015-02-26 22:49:48', NULL, 0.0, 0.0, 0.0, 686);

INSERT INTO `meeting_individual_results` (`id`, `rank`, `is_play_off`, `is_out_of_race`, `is_disqualified`, `standard_points`, `meeting_individual_points`, `minutes`, `seconds`, `hundreds`, `meeting_program_id`, `swimmer_id`, `team_id`, `badge_id`, `user_id`, `created_at`, `updated_at`, `disqualification_code_type_id`, `goggle_cup_points`, `reaction_time`, `team_points`, `team_affiliation_id`)
  VALUES (179175, 3, 1, 0, 0, 809.26, 809.26, 0, 31, 98, 19621, 7723, 420, 11545, 1, '2015-02-26 22:49:48', '2015-02-26 22:49:48', NULL, 0.0, 0.0, 0.0, 640);

INSERT INTO `meeting_individual_results` (`id`, `rank`, `is_play_off`, `is_out_of_race`, `is_disqualified`, `standard_points`, `meeting_individual_points`, `minutes`, `seconds`, `hundreds`, `meeting_program_id`, `swimmer_id`, `team_id`, `badge_id`, `user_id`, `created_at`, `updated_at`, `disqualification_code_type_id`, `goggle_cup_points`, `reaction_time`, `team_points`, `team_affiliation_id`)
  VALUES (179176, 4, 1, 0, 0, 750.36, 750.36, 0, 34, 49, 19621, 14254, 173, 17980, 1, '2015-02-26 22:49:48', '2015-02-26 22:49:48', NULL, 0.0, 0.0, 0.0, 368);

INSERT INTO `meeting_individual_results` (`id`, `rank`, `is_play_off`, `is_out_of_race`, `is_disqualified`, `standard_points`, `meeting_individual_points`, `minutes`, `seconds`, `hundreds`, `meeting_program_id`, `swimmer_id`, `team_id`, `badge_id`, `user_id`, `created_at`, `updated_at`, `disqualification_code_type_id`, `goggle_cup_points`, `reaction_time`, `team_points`, `team_affiliation_id`)
  VALUES (179177, 5, 1, 0, 0, 729.84, 729.84, 0, 35, 46, 19621, 14242, 420, 18042, 1, '2015-02-26 22:49:48', '2015-02-26 22:49:48', NULL, 0.0, 0.0, 0.0, 640);

INSERT INTO `meeting_individual_results` (`id`, `rank`, `is_play_off`, `is_out_of_race`, `is_disqualified`, `standard_points`, `meeting_individual_points`, `minutes`, `seconds`, `hundreds`, `meeting_program_id`, `swimmer_id`, `team_id`, `badge_id`, `user_id`, `created_at`, `updated_at`, `disqualification_code_type_id`, `goggle_cup_points`, `reaction_time`, `team_points`, `team_affiliation_id`)
  VALUES (179178, 6, 1, 0, 0, 720.69, 720.69, 0, 35, 91, 19621, 17040, 466, 20838, 1, '2015-02-26 22:49:49', '2015-02-26 22:49:49', NULL, 0.0, 0.0, 0.0, 686);

INSERT INTO `meeting_individual_results` (`id`, `rank`, `is_play_off`, `is_out_of_race`, `is_disqualified`, `standard_points`, `meeting_individual_points`, `minutes`, `seconds`, `hundreds`, `meeting_program_id`, `swimmer_id`, `team_id`, `badge_id`, `user_id`, `created_at`, `updated_at`, `disqualification_code_type_id`, `goggle_cup_points`, `reaction_time`, `team_points`, `team_affiliation_id`)
  VALUES (179179, 7, 1, 0, 0, 646.68, 646.68, 0, 40, 2, 19621, 17022, 364, 20845, 1, '2015-02-26 22:49:49', '2015-02-26 22:49:49', NULL, 0.0, 0.0, 0.0, 583);

INSERT INTO `meeting_individual_results` (`id`, `rank`, `is_play_off`, `is_out_of_race`, `is_disqualified`, `standard_points`, `meeting_individual_points`, `minutes`, `seconds`, `hundreds`, `meeting_program_id`, `swimmer_id`, `team_id`, `badge_id`, `user_id`, `created_at`, `updated_at`, `disqualification_code_type_id`, `goggle_cup_points`, `reaction_time`, `team_points`, `team_affiliation_id`)
  VALUES (179180, 8, 1, 0, 0, 583.8, 583.8, 0, 44, 33, 19621, 8458, 466, 12219, 1, '2015-02-26 22:49:49', '2015-02-26 22:49:49', NULL, 0.0, 0.0, 0.0, 686);

INSERT INTO `meeting_individual_results` (`id`, `rank`, `is_play_off`, `is_out_of_race`, `is_disqualified`, `standard_points`, `meeting_individual_points`, `minutes`, `seconds`, `hundreds`, `meeting_program_id`, `swimmer_id`, `team_id`, `badge_id`, `user_id`, `created_at`, `updated_at`, `disqualification_code_type_id`, `goggle_cup_points`, `reaction_time`, `team_points`, `team_affiliation_id`)
  VALUES (179181, 1, 1, 0, 0, 829.61, 829.61, 0, 31, 75, 19622, 8454, 102, 12307, 1, '2015-02-26 22:49:50', '2015-02-26 22:49:50', NULL, 0.0, 0.0, 0.0, 295);

INSERT INTO `meeting_individual_results` (`id`, `rank`, `is_play_off`, `is_out_of_race`, `is_disqualified`, `standard_points`, `meeting_individual_points`, `minutes`, `seconds`, `hundreds`, `meeting_program_id`, `swimmer_id`, `team_id`, `badge_id`, `user_id`, `created_at`, `updated_at`, `disqualification_code_type_id`, `goggle_cup_points`, `reaction_time`, `team_points`, `team_affiliation_id`)
  VALUES (179182, 2, 1, 0, 0, 823.13, 823.13, 0, 32, 0, 19622, 579, 42, 5232, 1, '2015-02-26 22:49:50', '2015-02-26 22:49:50', NULL, 0.0, 0.0, 0.0, 235);

INSERT INTO `meeting_individual_results` (`id`, `rank`, `is_play_off`, `is_out_of_race`, `is_disqualified`, `standard_points`, `meeting_individual_points`, `minutes`, `seconds`, `hundreds`, `meeting_program_id`, `swimmer_id`, `team_id`, `badge_id`, `user_id`, `created_at`, `updated_at`, `disqualification_code_type_id`, `goggle_cup_points`, `reaction_time`, `team_points`, `team_affiliation_id`)
  VALUES (179183, 3, 1, 0, 0, 759.73, 759.73, 0, 34, 67, 19622, 17035, 102, 20857, 1, '2015-02-26 22:49:50', '2015-02-26 22:49:50', NULL, 0.0, 0.0, 0.0, 295);

INSERT INTO `meeting_individual_results` (`id`, `rank`, `is_play_off`, `is_out_of_race`, `is_disqualified`, `standard_points`, `meeting_individual_points`, `minutes`, `seconds`, `hundreds`, `meeting_program_id`, `swimmer_id`, `team_id`, `badge_id`, `user_id`, `created_at`, `updated_at`, `disqualification_code_type_id`, `goggle_cup_points`, `reaction_time`, `team_points`, `team_affiliation_id`)
  VALUES (179184, 4, 1, 0, 0, 711.7, 711.7, 0, 37, 1, 19622, 8694, 466, 12223, 1, '2015-02-26 22:49:50', '2015-02-26 22:49:50', NULL, 0.0, 0.0, 0.0, 686);

INSERT INTO `meeting_individual_results` (`id`, `rank`, `is_play_off`, `is_out_of_race`, `is_disqualified`, `standard_points`, `meeting_individual_points`, `minutes`, `seconds`, `hundreds`, `meeting_program_id`, `swimmer_id`, `team_id`, `badge_id`, `user_id`, `created_at`, `updated_at`, `disqualification_code_type_id`, `goggle_cup_points`, `reaction_time`, `team_points`, `team_affiliation_id`)
  VALUES (179185, 5, 1, 0, 0, 680.09, 680.09, 0, 38, 73, 19622, 17057, 364, 20846, 1, '2015-02-26 22:49:51', '2015-02-26 22:49:51', NULL, 0.0, 0.0, 0.0, 583);

INSERT INTO `meeting_individual_results` (`id`, `rank`, `is_play_off`, `is_out_of_race`, `is_disqualified`, `standard_points`, `meeting_individual_points`, `minutes`, `seconds`, `hundreds`, `meeting_program_id`, `swimmer_id`, `team_id`, `badge_id`, `user_id`, `created_at`, `updated_at`, `disqualification_code_type_id`, `goggle_cup_points`, `reaction_time`, `team_points`, `team_affiliation_id`)
  VALUES (179186, 6, 1, 0, 0, 659.16, 659.16, 0, 39, 96, 19622, 3235, 173, 6456, 1, '2015-02-26 22:49:51', '2015-02-26 22:49:51', NULL, 0.0, 0.0, 0.0, 368);

INSERT INTO `meeting_individual_results` (`id`, `rank`, `is_play_off`, `is_out_of_race`, `is_disqualified`, `standard_points`, `meeting_individual_points`, `minutes`, `seconds`, `hundreds`, `meeting_program_id`, `swimmer_id`, `team_id`, `badge_id`, `user_id`, `created_at`, `updated_at`, `disqualification_code_type_id`, `goggle_cup_points`, `reaction_time`, `team_points`, `team_affiliation_id`)
  VALUES (179187, 7, 1, 0, 0, 635.92, 635.92, 0, 41, 42, 19622, 8572, 466, 12310, 1, '2015-02-26 22:49:51', '2015-02-26 22:49:51', NULL, 0.0, 0.0, 0.0, 686);

INSERT INTO `meeting_individual_results` (`id`, `rank`, `is_play_off`, `is_out_of_race`, `is_disqualified`, `standard_points`, `meeting_individual_points`, `minutes`, `seconds`, `hundreds`, `meeting_program_id`, `swimmer_id`, `team_id`, `badge_id`, `user_id`, `created_at`, `updated_at`, `disqualification_code_type_id`, `goggle_cup_points`, `reaction_time`, `team_points`, `team_affiliation_id`)
  VALUES (179188, 8, 1, 0, 0, 539.86, 539.86, 0, 48, 79, 19622, 13924, 71, 17781, 1, '2015-02-26 22:49:51', '2015-02-26 22:49:51', NULL, 0.0, 0.0, 0.0, 264);

INSERT INTO `meeting_individual_results` (`id`, `rank`, `is_play_off`, `is_out_of_race`, `is_disqualified`, `standard_points`, `meeting_individual_points`, `minutes`, `seconds`, `hundreds`, `meeting_program_id`, `swimmer_id`, `team_id`, `badge_id`, `user_id`, `created_at`, `updated_at`, `disqualification_code_type_id`, `goggle_cup_points`, `reaction_time`, `team_points`, `team_affiliation_id`)
  VALUES (179189, 1, 1, 0, 0, 850.7, 850.7, 0, 31, 48, 19623, 7888, 159, 11497, 1, '2015-02-26 22:49:51', '2015-02-26 22:49:51', NULL, 0.0, 0.0, 0.0, 354);

INSERT INTO `meeting_individual_results` (`id`, `rank`, `is_play_off`, `is_out_of_race`, `is_disqualified`, `standard_points`, `meeting_individual_points`, `minutes`, `seconds`, `hundreds`, `meeting_program_id`, `swimmer_id`, `team_id`, `badge_id`, `user_id`, `created_at`, `updated_at`, `disqualification_code_type_id`, `goggle_cup_points`, `reaction_time`, `team_points`, `team_affiliation_id`)
  VALUES (179190, 2, 1, 0, 0, 786.95, 786.95, 0, 34, 3, 19623, 1226, 42, 5551, 1, '2015-02-26 22:49:52', '2015-02-26 22:49:52', NULL, 0.0, 0.0, 0.0, 235);

INSERT INTO `meeting_individual_results` (`id`, `rank`, `is_play_off`, `is_out_of_race`, `is_disqualified`, `standard_points`, `meeting_individual_points`, `minutes`, `seconds`, `hundreds`, `meeting_program_id`, `swimmer_id`, `team_id`, `badge_id`, `user_id`, `created_at`, `updated_at`, `disqualification_code_type_id`, `goggle_cup_points`, `reaction_time`, `team_points`, `team_affiliation_id`)
  VALUES (179191, 3, 1, 0, 0, 773.32, 773.32, 0, 34, 63, 19623, 17042, 466, 20856, 1, '2015-02-26 22:49:52', '2015-02-26 22:49:52', NULL, 0.0, 0.0, 0.0, 686);

INSERT INTO `meeting_individual_results` (`id`, `rank`, `is_play_off`, `is_out_of_race`, `is_disqualified`, `standard_points`, `meeting_individual_points`, `minutes`, `seconds`, `hundreds`, `meeting_program_id`, `swimmer_id`, `team_id`, `badge_id`, `user_id`, `created_at`, `updated_at`, `disqualification_code_type_id`, `goggle_cup_points`, `reaction_time`, `team_points`, `team_affiliation_id`)
  VALUES (179192, 4, 1, 0, 0, 758.64, 758.64, 0, 35, 30, 19623, 3236, 173, 6457, 1, '2015-02-26 22:49:52', '2015-02-26 22:49:52', NULL, 0.0, 0.0, 0.0, 368);

INSERT INTO `meeting_individual_results` (`id`, `rank`, `is_play_off`, `is_out_of_race`, `is_disqualified`, `standard_points`, `meeting_individual_points`, `minutes`, `seconds`, `hundreds`, `meeting_program_id`, `swimmer_id`, `team_id`, `badge_id`, `user_id`, `created_at`, `updated_at`, `disqualification_code_type_id`, `goggle_cup_points`, `reaction_time`, `team_points`, `team_affiliation_id`)
  VALUES (179193, 5, 1, 0, 0, 676.6, 676.6, 0, 39, 58, 19623, 17048, 102, 20858, 1, '2015-02-26 22:49:53', '2015-02-26 22:49:53', NULL, 0.0, 0.0, 0.0, 295);

INSERT INTO `meeting_individual_results` (`id`, `rank`, `is_play_off`, `is_out_of_race`, `is_disqualified`, `standard_points`, `meeting_individual_points`, `minutes`, `seconds`, `hundreds`, `meeting_program_id`, `swimmer_id`, `team_id`, `badge_id`, `user_id`, `created_at`, `updated_at`, `disqualification_code_type_id`, `goggle_cup_points`, `reaction_time`, `team_points`, `team_affiliation_id`)
  VALUES (179194, 6, 1, 0, 0, 665.34, 665.34, 0, 40, 25, 19623, 14845, 557, 18641, 1, '2015-02-26 22:49:53', '2015-02-26 22:49:53', NULL, 0.0, 0.0, 0.0, 777);

INSERT INTO `meeting_individual_results` (`id`, `rank`, `is_play_off`, `is_out_of_race`, `is_disqualified`, `standard_points`, `meeting_individual_points`, `minutes`, `seconds`, `hundreds`, `meeting_program_id`, `swimmer_id`, `team_id`, `badge_id`, `user_id`, `created_at`, `updated_at`, `disqualification_code_type_id`, `goggle_cup_points`, `reaction_time`, `team_points`, `team_affiliation_id`)
  VALUES (179195, 1, 1, 0, 0, 798.12, 798.12, 0, 34, 13, 19624, 8671, 102, 12410, 1, '2015-02-26 22:49:53', '2015-02-26 22:49:53', NULL, 0.0, 0.0, 0.0, 295);

INSERT INTO `meeting_individual_results` (`id`, `rank`, `is_play_off`, `is_out_of_race`, `is_disqualified`, `standard_points`, `meeting_individual_points`, `minutes`, `seconds`, `hundreds`, `meeting_program_id`, `swimmer_id`, `team_id`, `badge_id`, `user_id`, `created_at`, `updated_at`, `disqualification_code_type_id`, `goggle_cup_points`, `reaction_time`, `team_points`, `team_affiliation_id`)
  VALUES (179196, 1, 1, 0, 0, 822.67, 822.67, 0, 34, 40, 19625, 2668, 164, 5869, 1, '2015-02-26 22:49:54', '2015-02-26 22:49:54', NULL, 0.0, 0.0, 0.0, 359);

INSERT INTO `meeting_individual_results` (`id`, `rank`, `is_play_off`, `is_out_of_race`, `is_disqualified`, `standard_points`, `meeting_individual_points`, `minutes`, `seconds`, `hundreds`, `meeting_program_id`, `swimmer_id`, `team_id`, `badge_id`, `user_id`, `created_at`, `updated_at`, `disqualification_code_type_id`, `goggle_cup_points`, `reaction_time`, `team_points`, `team_affiliation_id`)
  VALUES (179197, 2, 1, 0, 0, 740.84, 740.84, 0, 38, 20, 19625, 8527, 364, 12230, 1, '2015-02-26 22:49:54', '2015-02-26 22:49:54', NULL, 0.0, 0.0, 0.0, 583);

INSERT INTO `meeting_individual_results` (`id`, `rank`, `is_play_off`, `is_out_of_race`, `is_disqualified`, `standard_points`, `meeting_individual_points`, `minutes`, `seconds`, `hundreds`, `meeting_program_id`, `swimmer_id`, `team_id`, `badge_id`, `user_id`, `created_at`, `updated_at`, `disqualification_code_type_id`, `goggle_cup_points`, `reaction_time`, `team_points`, `team_affiliation_id`)
  VALUES (179198, 3, 1, 0, 0, 690.92, 690.92, 0, 40, 96, 19625, 14131, 518, 17982, 1, '2015-02-26 22:49:54', '2015-02-26 22:49:54', NULL, 0.0, 0.0, 0.0, 738);

INSERT INTO `meeting_individual_results` (`id`, `rank`, `is_play_off`, `is_out_of_race`, `is_disqualified`, `standard_points`, `meeting_individual_points`, `minutes`, `seconds`, `hundreds`, `meeting_program_id`, `swimmer_id`, `team_id`, `badge_id`, `user_id`, `created_at`, `updated_at`, `disqualification_code_type_id`, `goggle_cup_points`, `reaction_time`, `team_points`, `team_affiliation_id`)
  VALUES (179199, 4, 1, 0, 0, 605.74, 605.74, 0, 46, 72, 19625, 8660, 466, 12401, 1, '2015-02-26 22:49:55', '2015-02-26 22:49:55', NULL, 0.0, 0.0, 0.0, 686);

INSERT INTO `meeting_individual_results` (`id`, `rank`, `is_play_off`, `is_out_of_race`, `is_disqualified`, `standard_points`, `meeting_individual_points`, `minutes`, `seconds`, `hundreds`, `meeting_program_id`, `swimmer_id`, `team_id`, `badge_id`, `user_id`, `created_at`, `updated_at`, `disqualification_code_type_id`, `goggle_cup_points`, `reaction_time`, `team_points`, `team_affiliation_id`)
  VALUES (179200, 1, 1, 0, 0, 698.64, 698.64, 0, 42, 1, 19626, 8457, 102, 12232, 1, '2015-02-26 22:49:55', '2015-02-26 22:49:55', NULL, 0.0, 0.0, 0.0, 295);

INSERT INTO `meeting_individual_results` (`id`, `rank`, `is_play_off`, `is_out_of_race`, `is_disqualified`, `standard_points`, `meeting_individual_points`, `minutes`, `seconds`, `hundreds`, `meeting_program_id`, `swimmer_id`, `team_id`, `badge_id`, `user_id`, `created_at`, `updated_at`, `disqualification_code_type_id`, `goggle_cup_points`, `reaction_time`, `team_points`, `team_affiliation_id`)
  VALUES (179201, 1, 1, 0, 0, 585.63, 585.63, 0, 55, 53, 19627, 2686, 164, 5887, 1, '2015-02-26 22:49:56', '2015-02-26 22:49:56', NULL, 0.0, 0.0, 0.0, 359);

INSERT INTO `meeting_individual_results` (`id`, `rank`, `is_play_off`, `is_out_of_race`, `is_disqualified`, `standard_points`, `meeting_individual_points`, `minutes`, `seconds`, `hundreds`, `meeting_program_id`, `swimmer_id`, `team_id`, `badge_id`, `user_id`, `created_at`, `updated_at`, `disqualification_code_type_id`, `goggle_cup_points`, `reaction_time`, `team_points`, `team_affiliation_id`)
  VALUES (179202, 2, 1, 0, 0, 583.95, 583.95, 0, 55, 69, 19627, 8473, 364, 12275, 1, '2015-02-26 22:49:56', '2015-02-26 22:49:56', NULL, 0.0, 0.0, 0.0, 583);

INSERT INTO `meeting_individual_results` (`id`, `rank`, `is_play_off`, `is_out_of_race`, `is_disqualified`, `standard_points`, `meeting_individual_points`, `minutes`, `seconds`, `hundreds`, `meeting_program_id`, `swimmer_id`, `team_id`, `badge_id`, `user_id`, `created_at`, `updated_at`, `disqualification_code_type_id`, `goggle_cup_points`, `reaction_time`, `team_points`, `team_affiliation_id`)
  VALUES (179203, 1, 1, 0, 0, 684.34, 684.34, 0, 51, 29, 19628, 8582, 102, 12321, 1, '2015-02-26 22:49:56', '2015-02-26 22:49:56', NULL, 0.0, 0.0, 0.0, 295);

INSERT INTO `meeting_individual_results` (`id`, `rank`, `is_play_off`, `is_out_of_race`, `is_disqualified`, `standard_points`, `meeting_individual_points`, `minutes`, `seconds`, `hundreds`, `meeting_program_id`, `swimmer_id`, `team_id`, `badge_id`, `user_id`, `created_at`, `updated_at`, `disqualification_code_type_id`, `goggle_cup_points`, `reaction_time`, `team_points`, `team_affiliation_id`)
  VALUES (179204, 1, 1, 0, 0, 0.0, 0.0, 0, 29, 42, 19629, 17056, 420, 20847, 1, '2015-02-26 22:49:57', '2015-02-26 22:49:57', NULL, 0.0, 0.0, 0.0, 640);

INSERT INTO `meeting_individual_results` (`id`, `rank`, `is_play_off`, `is_out_of_race`, `is_disqualified`, `standard_points`, `meeting_individual_points`, `minutes`, `seconds`, `hundreds`, `meeting_program_id`, `swimmer_id`, `team_id`, `badge_id`, `user_id`, `created_at`, `updated_at`, `disqualification_code_type_id`, `goggle_cup_points`, `reaction_time`, `team_points`, `team_affiliation_id`)
  VALUES (179205, 2, 1, 0, 0, 0.0, 0.0, 0, 33, 32, 19629, 14262, 420, 18079, 1, '2015-02-26 22:49:57', '2015-02-26 22:49:57', NULL, 0.0, 0.0, 0.0, 640);

INSERT INTO `meeting_individual_results` (`id`, `rank`, `is_play_off`, `is_out_of_race`, `is_disqualified`, `standard_points`, `meeting_individual_points`, `minutes`, `seconds`, `hundreds`, `meeting_program_id`, `swimmer_id`, `team_id`, `badge_id`, `user_id`, `created_at`, `updated_at`, `disqualification_code_type_id`, `goggle_cup_points`, `reaction_time`, `team_points`, `team_affiliation_id`)
  VALUES (179206, 3, 1, 0, 0, 0.0, 0.0, 0, 39, 82, 19629, 12625, 466, 16442, 1, '2015-02-26 22:49:57', '2015-02-26 22:49:57', NULL, 0.0, 0.0, 0.0, 686);

INSERT INTO `meeting_individual_results` (`id`, `rank`, `is_play_off`, `is_out_of_race`, `is_disqualified`, `standard_points`, `meeting_individual_points`, `minutes`, `seconds`, `hundreds`, `meeting_program_id`, `swimmer_id`, `team_id`, `badge_id`, `user_id`, `created_at`, `updated_at`, `disqualification_code_type_id`, `goggle_cup_points`, `reaction_time`, `team_points`, `team_affiliation_id`)
  VALUES (179207, 1, 1, 0, 0, 896.18, 896.18, 0, 25, 14, 19630, 2975, 172, 6189, 1, '2015-02-26 22:49:57', '2015-02-26 22:49:57', NULL, 0.0, 0.0, 0.0, 367);

INSERT INTO `meeting_individual_results` (`id`, `rank`, `is_play_off`, `is_out_of_race`, `is_disqualified`, `standard_points`, `meeting_individual_points`, `minutes`, `seconds`, `hundreds`, `meeting_program_id`, `swimmer_id`, `team_id`, `badge_id`, `user_id`, `created_at`, `updated_at`, `disqualification_code_type_id`, `goggle_cup_points`, `reaction_time`, `team_points`, `team_affiliation_id`)
  VALUES (179208, 2, 1, 0, 0, 867.87, 867.87, 0, 25, 96, 19630, 7810, 420, 11646, 1, '2015-02-26 22:49:58', '2015-02-26 22:49:58', NULL, 0.0, 0.0, 0.0, 640);

INSERT INTO `meeting_individual_results` (`id`, `rank`, `is_play_off`, `is_out_of_race`, `is_disqualified`, `standard_points`, `meeting_individual_points`, `minutes`, `seconds`, `hundreds`, `meeting_program_id`, `swimmer_id`, `team_id`, `badge_id`, `user_id`, `created_at`, `updated_at`, `disqualification_code_type_id`, `goggle_cup_points`, `reaction_time`, `team_points`, `team_affiliation_id`)
  VALUES (179209, 3, 1, 0, 0, 864.88, 864.88, 0, 26, 5, 19630, 7858, 420, 11555, 1, '2015-02-26 22:49:58', '2015-02-26 22:49:58', NULL, 0.0, 0.0, 0.0, 640);

INSERT INTO `meeting_individual_results` (`id`, `rank`, `is_play_off`, `is_out_of_race`, `is_disqualified`, `standard_points`, `meeting_individual_points`, `minutes`, `seconds`, `hundreds`, `meeting_program_id`, `swimmer_id`, `team_id`, `badge_id`, `user_id`, `created_at`, `updated_at`, `disqualification_code_type_id`, `goggle_cup_points`, `reaction_time`, `team_points`, `team_affiliation_id`)
  VALUES (179210, 4, 1, 0, 0, 850.19, 850.19, 0, 26, 50, 19630, 17038, 699, 20840, 1, '2015-02-26 22:49:58', '2015-02-26 22:49:58', NULL, 0.0, 0.0, 0.0, 919);

INSERT INTO `meeting_individual_results` (`id`, `rank`, `is_play_off`, `is_out_of_race`, `is_disqualified`, `standard_points`, `meeting_individual_points`, `minutes`, `seconds`, `hundreds`, `meeting_program_id`, `swimmer_id`, `team_id`, `badge_id`, `user_id`, `created_at`, `updated_at`, `disqualification_code_type_id`, `goggle_cup_points`, `reaction_time`, `team_points`, `team_affiliation_id`)
  VALUES (179211, 5, 1, 0, 0, 835.06, 835.06, 0, 26, 98, 19630, 8428, 466, 12413, 1, '2015-02-26 22:49:58', '2015-02-26 22:49:58', NULL, 0.0, 0.0, 0.0, 686);

INSERT INTO `meeting_individual_results` (`id`, `rank`, `is_play_off`, `is_out_of_race`, `is_disqualified`, `standard_points`, `meeting_individual_points`, `minutes`, `seconds`, `hundreds`, `meeting_program_id`, `swimmer_id`, `team_id`, `badge_id`, `user_id`, `created_at`, `updated_at`, `disqualification_code_type_id`, `goggle_cup_points`, `reaction_time`, `team_points`, `team_affiliation_id`)
  VALUES (179212, 6, 1, 0, 0, 831.98, 831.98, 0, 27, 8, 19630, 8498, 364, 12205, 1, '2015-02-26 22:49:58', '2015-02-26 22:49:58', NULL, 0.0, 0.0, 0.0, 583);

INSERT INTO `meeting_individual_results` (`id`, `rank`, `is_play_off`, `is_out_of_race`, `is_disqualified`, `standard_points`, `meeting_individual_points`, `minutes`, `seconds`, `hundreds`, `meeting_program_id`, `swimmer_id`, `team_id`, `badge_id`, `user_id`, `created_at`, `updated_at`, `disqualification_code_type_id`, `goggle_cup_points`, `reaction_time`, `team_points`, `team_affiliation_id`)
  VALUES (179213, 7, 1, 0, 0, 767.37, 767.37, 0, 29, 36, 19630, 2857, 168, 6065, 1, '2015-02-26 22:49:58', '2015-02-26 22:49:58', NULL, 0.0, 0.0, 0.0, 363);

INSERT INTO `meeting_individual_results` (`id`, `rank`, `is_play_off`, `is_out_of_race`, `is_disqualified`, `standard_points`, `meeting_individual_points`, `minutes`, `seconds`, `hundreds`, `meeting_program_id`, `swimmer_id`, `team_id`, `badge_id`, `user_id`, `created_at`, `updated_at`, `disqualification_code_type_id`, `goggle_cup_points`, `reaction_time`, `team_points`, `team_affiliation_id`)
  VALUES (179214, 8, 1, 0, 0, 744.55, 744.55, 0, 30, 26, 19630, 8566, 364, 12332, 1, '2015-02-26 22:49:59', '2015-02-26 22:49:59', NULL, 0.0, 0.0, 0.0, 583);

INSERT INTO `meeting_individual_results` (`id`, `rank`, `is_play_off`, `is_out_of_race`, `is_disqualified`, `standard_points`, `meeting_individual_points`, `minutes`, `seconds`, `hundreds`, `meeting_program_id`, `swimmer_id`, `team_id`, `badge_id`, `user_id`, `created_at`, `updated_at`, `disqualification_code_type_id`, `goggle_cup_points`, `reaction_time`, `team_points`, `team_affiliation_id`)
  VALUES (179215, 9, 1, 0, 0, 730.54, 730.54, 0, 30, 84, 19630, 10562, 516, 14186, 1, '2015-02-26 22:49:59', '2015-02-26 22:49:59', NULL, 0.0, 0.0, 0.0, 736);

INSERT INTO `meeting_individual_results` (`id`, `rank`, `is_play_off`, `is_out_of_race`, `is_disqualified`, `standard_points`, `meeting_individual_points`, `minutes`, `seconds`, `hundreds`, `meeting_program_id`, `swimmer_id`, `team_id`, `badge_id`, `user_id`, `created_at`, `updated_at`, `disqualification_code_type_id`, `goggle_cup_points`, `reaction_time`, `team_points`, `team_affiliation_id`)
  VALUES (179216, 10, 1, 0, 0, 713.43, 713.43, 0, 31, 58, 19630, 8455, 71, 12333, 1, '2015-02-26 22:49:59', '2015-02-26 22:49:59', NULL, 0.0, 0.0, 0.0, 264);

INSERT INTO `meeting_individual_results` (`id`, `rank`, `is_play_off`, `is_out_of_race`, `is_disqualified`, `standard_points`, `meeting_individual_points`, `minutes`, `seconds`, `hundreds`, `meeting_program_id`, `swimmer_id`, `team_id`, `badge_id`, `user_id`, `created_at`, `updated_at`, `disqualification_code_type_id`, `goggle_cup_points`, `reaction_time`, `team_points`, `team_affiliation_id`)
  VALUES (179217, 11, 1, 0, 0, 672.94, 672.94, 0, 33, 48, 19630, 17045, 173, 20859, 1, '2015-02-26 22:49:59', '2015-02-26 22:49:59', NULL, 0.0, 0.0, 0.0, 368);

INSERT INTO `meeting_individual_results` (`id`, `rank`, `is_play_off`, `is_out_of_race`, `is_disqualified`, `standard_points`, `meeting_individual_points`, `minutes`, `seconds`, `hundreds`, `meeting_program_id`, `swimmer_id`, `team_id`, `badge_id`, `user_id`, `created_at`, `updated_at`, `disqualification_code_type_id`, `goggle_cup_points`, `reaction_time`, `team_points`, `team_affiliation_id`)
  VALUES (179218, 12, 1, 0, 0, 593.99, 593.99, 0, 37, 93, 19630, 8426, 466, 12334, 1, '2015-02-26 22:49:59', '2015-02-26 22:49:59', NULL, 0.0, 0.0, 0.0, 686);

INSERT INTO `meeting_individual_results` (`id`, `rank`, `is_play_off`, `is_out_of_race`, `is_disqualified`, `standard_points`, `meeting_individual_points`, `minutes`, `seconds`, `hundreds`, `meeting_program_id`, `swimmer_id`, `team_id`, `badge_id`, `user_id`, `created_at`, `updated_at`, `disqualification_code_type_id`, `goggle_cup_points`, `reaction_time`, `team_points`, `team_affiliation_id`)
  VALUES (179219, 1, 1, 0, 0, 859.54, 859.54, 0, 26, 20, 19631, 2980, 172, 6194, 1, '2015-02-26 22:49:59', '2015-02-26 22:49:59', NULL, 0.0, 0.0, 0.0, 367);

INSERT INTO `meeting_individual_results` (`id`, `rank`, `is_play_off`, `is_out_of_race`, `is_disqualified`, `standard_points`, `meeting_individual_points`, `minutes`, `seconds`, `hundreds`, `meeting_program_id`, `swimmer_id`, `team_id`, `badge_id`, `user_id`, `created_at`, `updated_at`, `disqualification_code_type_id`, `goggle_cup_points`, `reaction_time`, `team_points`, `team_affiliation_id`)
  VALUES (179220, 2, 1, 0, 0, 808.62, 808.62, 0, 27, 85, 19631, 8627, 466, 12245, 1, '2015-02-26 22:50:00', '2015-02-26 22:50:00', NULL, 0.0, 0.0, 0.0, 686);

INSERT INTO `meeting_individual_results` (`id`, `rank`, `is_play_off`, `is_out_of_race`, `is_disqualified`, `standard_points`, `meeting_individual_points`, `minutes`, `seconds`, `hundreds`, `meeting_program_id`, `swimmer_id`, `team_id`, `badge_id`, `user_id`, `created_at`, `updated_at`, `disqualification_code_type_id`, `goggle_cup_points`, `reaction_time`, `team_points`, `team_affiliation_id`)
  VALUES (179221, 3, 1, 0, 0, 790.73, 790.73, 0, 28, 48, 19631, 2364, 102, 5564, 1, '2015-02-26 22:50:00', '2015-02-26 22:50:00', NULL, 0.0, 0.0, 0.0, 295);

INSERT INTO `meeting_individual_results` (`id`, `rank`, `is_play_off`, `is_out_of_race`, `is_disqualified`, `standard_points`, `meeting_individual_points`, `minutes`, `seconds`, `hundreds`, `meeting_program_id`, `swimmer_id`, `team_id`, `badge_id`, `user_id`, `created_at`, `updated_at`, `disqualification_code_type_id`, `goggle_cup_points`, `reaction_time`, `team_points`, `team_affiliation_id`)
  VALUES (179222, 4, 1, 0, 0, 788.24, 788.24, 0, 28, 57, 19631, 3253, 173, 6474, 1, '2015-02-26 22:50:00', '2015-02-26 22:50:00', NULL, 0.0, 0.0, 0.0, 368);

INSERT INTO `meeting_individual_results` (`id`, `rank`, `is_play_off`, `is_out_of_race`, `is_disqualified`, `standard_points`, `meeting_individual_points`, `minutes`, `seconds`, `hundreds`, `meeting_program_id`, `swimmer_id`, `team_id`, `badge_id`, `user_id`, `created_at`, `updated_at`, `disqualification_code_type_id`, `goggle_cup_points`, `reaction_time`, `team_points`, `team_affiliation_id`)
  VALUES (179223, 5, 1, 0, 0, 786.86, 786.86, 0, 28, 62, 19631, 12671, 364, 16396, 1, '2015-02-26 22:50:00', '2015-02-26 22:50:00', NULL, 0.0, 0.0, 0.0, 583);

INSERT INTO `meeting_individual_results` (`id`, `rank`, `is_play_off`, `is_out_of_race`, `is_disqualified`, `standard_points`, `meeting_individual_points`, `minutes`, `seconds`, `hundreds`, `meeting_program_id`, `swimmer_id`, `team_id`, `badge_id`, `user_id`, `created_at`, `updated_at`, `disqualification_code_type_id`, `goggle_cup_points`, `reaction_time`, `team_points`, `team_affiliation_id`)
  VALUES (179224, 6, 1, 0, 0, 769.39, 769.39, 0, 29, 27, 19631, 12627, 364, 16444, 1, '2015-02-26 22:50:01', '2015-02-26 22:50:01', NULL, 0.0, 0.0, 0.0, 583);

INSERT INTO `meeting_individual_results` (`id`, `rank`, `is_play_off`, `is_out_of_race`, `is_disqualified`, `standard_points`, `meeting_individual_points`, `minutes`, `seconds`, `hundreds`, `meeting_program_id`, `swimmer_id`, `team_id`, `badge_id`, `user_id`, `created_at`, `updated_at`, `disqualification_code_type_id`, `goggle_cup_points`, `reaction_time`, `team_points`, `team_affiliation_id`)
  VALUES (179225, 7, 1, 0, 0, 748.92, 748.92, 0, 30, 7, 19631, 7821, 421, 11563, 1, '2015-02-26 22:50:01', '2015-02-26 22:50:01', NULL, 0.0, 0.0, 0.0, 641);

INSERT INTO `meeting_individual_results` (`id`, `rank`, `is_play_off`, `is_out_of_race`, `is_disqualified`, `standard_points`, `meeting_individual_points`, `minutes`, `seconds`, `hundreds`, `meeting_program_id`, `swimmer_id`, `team_id`, `badge_id`, `user_id`, `created_at`, `updated_at`, `disqualification_code_type_id`, `goggle_cup_points`, `reaction_time`, `team_points`, `team_affiliation_id`)
  VALUES (179226, 8, 1, 0, 0, 743.48, 743.48, 0, 30, 29, 19631, 14832, 557, 18642, 1, '2015-02-26 22:50:01', '2015-02-26 22:50:01', NULL, 0.0, 0.0, 0.0, 777);

INSERT INTO `meeting_individual_results` (`id`, `rank`, `is_play_off`, `is_out_of_race`, `is_disqualified`, `standard_points`, `meeting_individual_points`, `minutes`, `seconds`, `hundreds`, `meeting_program_id`, `swimmer_id`, `team_id`, `badge_id`, `user_id`, `created_at`, `updated_at`, `disqualification_code_type_id`, `goggle_cup_points`, `reaction_time`, `team_points`, `team_affiliation_id`)
  VALUES (179227, 9, 1, 0, 0, 737.64, 737.64, 0, 30, 53, 19631, 3636, 102, 6857, 1, '2015-02-26 22:50:01', '2015-02-26 22:50:01', NULL, 0.0, 0.0, 0.0, 295);

INSERT INTO `meeting_individual_results` (`id`, `rank`, `is_play_off`, `is_out_of_race`, `is_disqualified`, `standard_points`, `meeting_individual_points`, `minutes`, `seconds`, `hundreds`, `meeting_program_id`, `swimmer_id`, `team_id`, `badge_id`, `user_id`, `created_at`, `updated_at`, `disqualification_code_type_id`, `goggle_cup_points`, `reaction_time`, `team_points`, `team_affiliation_id`)
  VALUES (179228, 10, 1, 0, 0, 730.93, 730.93, 0, 30, 81, 19631, 3255, 169, 6476, 1, '2015-02-26 22:50:02', '2015-02-26 22:50:02', NULL, 0.0, 0.0, 0.0, 364);

INSERT INTO `meeting_individual_results` (`id`, `rank`, `is_play_off`, `is_out_of_race`, `is_disqualified`, `standard_points`, `meeting_individual_points`, `minutes`, `seconds`, `hundreds`, `meeting_program_id`, `swimmer_id`, `team_id`, `badge_id`, `user_id`, `created_at`, `updated_at`, `disqualification_code_type_id`, `goggle_cup_points`, `reaction_time`, `team_points`, `team_affiliation_id`)
  VALUES (179229, 11, 1, 0, 0, 728.8, 728.8, 0, 30, 90, 19631, 14166, 173, 17802, 1, '2015-02-26 22:50:02', '2015-02-26 22:50:02', NULL, 0.0, 0.0, 0.0, 368);

INSERT INTO `meeting_individual_results` (`id`, `rank`, `is_play_off`, `is_out_of_race`, `is_disqualified`, `standard_points`, `meeting_individual_points`, `minutes`, `seconds`, `hundreds`, `meeting_program_id`, `swimmer_id`, `team_id`, `badge_id`, `user_id`, `created_at`, `updated_at`, `disqualification_code_type_id`, `goggle_cup_points`, `reaction_time`, `team_points`, `team_affiliation_id`)
  VALUES (179230, 12, 1, 0, 0, 582.66, 582.66, 0, 38, 65, 19631, 8633, 466, 12433, 1, '2015-02-26 22:50:02', '2015-02-26 22:50:02', NULL, 0.0, 0.0, 0.0, 686);

INSERT INTO `meeting_individual_results` (`id`, `rank`, `is_play_off`, `is_out_of_race`, `is_disqualified`, `standard_points`, `meeting_individual_points`, `minutes`, `seconds`, `hundreds`, `meeting_program_id`, `swimmer_id`, `team_id`, `badge_id`, `user_id`, `created_at`, `updated_at`, `disqualification_code_type_id`, `goggle_cup_points`, `reaction_time`, `team_points`, `team_affiliation_id`)
  VALUES (179231, 1, 1, 0, 0, 904.14, 904.14, 0, 25, 35, 19632, 11353, 449, 15091, 1, '2015-02-26 22:50:03', '2015-02-26 22:50:03', NULL, 0.0, 0.0, 0.0, 669);

INSERT INTO `meeting_individual_results` (`id`, `rank`, `is_play_off`, `is_out_of_race`, `is_disqualified`, `standard_points`, `meeting_individual_points`, `minutes`, `seconds`, `hundreds`, `meeting_program_id`, `swimmer_id`, `team_id`, `badge_id`, `user_id`, `created_at`, `updated_at`, `disqualification_code_type_id`, `goggle_cup_points`, `reaction_time`, `team_points`, `team_affiliation_id`)
  VALUES (179232, 2, 1, 0, 0, 830.43, 830.43, 0, 27, 60, 19632, 17051, 102, 20830, 1, '2015-02-26 22:50:03', '2015-02-26 22:50:03', NULL, 0.0, 0.0, 0.0, 295);

INSERT INTO `meeting_individual_results` (`id`, `rank`, `is_play_off`, `is_out_of_race`, `is_disqualified`, `standard_points`, `meeting_individual_points`, `minutes`, `seconds`, `hundreds`, `meeting_program_id`, `swimmer_id`, `team_id`, `badge_id`, `user_id`, `created_at`, `updated_at`, `disqualification_code_type_id`, `goggle_cup_points`, `reaction_time`, `team_points`, `team_affiliation_id`)
  VALUES (179233, 3, 1, 0, 0, 796.39, 796.39, 0, 28, 78, 19632, 2460, 99, 5660, 1, '2015-02-26 22:50:03', '2015-02-26 22:50:03', NULL, 0.0, 0.0, 0.0, 292);

INSERT INTO `meeting_individual_results` (`id`, `rank`, `is_play_off`, `is_out_of_race`, `is_disqualified`, `standard_points`, `meeting_individual_points`, `minutes`, `seconds`, `hundreds`, `meeting_program_id`, `swimmer_id`, `team_id`, `badge_id`, `user_id`, `created_at`, `updated_at`, `disqualification_code_type_id`, `goggle_cup_points`, `reaction_time`, `team_points`, `team_affiliation_id`)
  VALUES (179234, 4, 1, 0, 0, 741.27, 741.27, 0, 30, 92, 19632, 11357, 518, 15093, 1, '2015-02-26 22:50:03', '2015-02-26 22:50:03', NULL, 0.0, 0.0, 0.0, 738);

INSERT INTO `meeting_individual_results` (`id`, `rank`, `is_play_off`, `is_out_of_race`, `is_disqualified`, `standard_points`, `meeting_individual_points`, `minutes`, `seconds`, `hundreds`, `meeting_program_id`, `swimmer_id`, `team_id`, `badge_id`, `user_id`, `created_at`, `updated_at`, `disqualification_code_type_id`, `goggle_cup_points`, `reaction_time`, `team_points`, `team_affiliation_id`)
  VALUES (179235, 5, 1, 0, 0, 720.98, 720.98, 0, 31, 79, 19632, 2431, 71, 5631, 1, '2015-02-26 22:50:04', '2015-02-26 22:50:04', NULL, 0.0, 0.0, 0.0, 264);

INSERT INTO `meeting_individual_results` (`id`, `rank`, `is_play_off`, `is_out_of_race`, `is_disqualified`, `standard_points`, `meeting_individual_points`, `minutes`, `seconds`, `hundreds`, `meeting_program_id`, `swimmer_id`, `team_id`, `badge_id`, `user_id`, `created_at`, `updated_at`, `disqualification_code_type_id`, `goggle_cup_points`, `reaction_time`, `team_points`, `team_affiliation_id`)
  VALUES (179236, 6, 1, 0, 0, 712.91, 712.91, 0, 32, 15, 19632, 8448, 466, 12354, 1, '2015-02-26 22:50:04', '2015-02-26 22:50:04', NULL, 0.0, 0.0, 0.0, 686);

INSERT INTO `meeting_individual_results` (`id`, `rank`, `is_play_off`, `is_out_of_race`, `is_disqualified`, `standard_points`, `meeting_individual_points`, `minutes`, `seconds`, `hundreds`, `meeting_program_id`, `swimmer_id`, `team_id`, `badge_id`, `user_id`, `created_at`, `updated_at`, `disqualification_code_type_id`, `goggle_cup_points`, `reaction_time`, `team_points`, `team_affiliation_id`)
  VALUES (179237, 7, 1, 0, 0, 707.19, 707.19, 0, 32, 41, 19632, 6068, 154, 9673, 1, '2015-02-26 22:50:04', '2015-02-26 22:50:04', NULL, 0.0, 0.0, 0.0, 349);

INSERT INTO `meeting_individual_results` (`id`, `rank`, `is_play_off`, `is_out_of_race`, `is_disqualified`, `standard_points`, `meeting_individual_points`, `minutes`, `seconds`, `hundreds`, `meeting_program_id`, `swimmer_id`, `team_id`, `badge_id`, `user_id`, `created_at`, `updated_at`, `disqualification_code_type_id`, `goggle_cup_points`, `reaction_time`, `team_points`, `team_affiliation_id`)
  VALUES (179238, 8, 1, 0, 0, 680.93, 680.93, 0, 33, 66, 19632, 14834, 557, 18637, 1, '2015-02-26 22:50:05', '2015-02-26 22:50:05', NULL, 0.0, 0.0, 0.0, 777);

INSERT INTO `meeting_individual_results` (`id`, `rank`, `is_play_off`, `is_out_of_race`, `is_disqualified`, `standard_points`, `meeting_individual_points`, `minutes`, `seconds`, `hundreds`, `meeting_program_id`, `swimmer_id`, `team_id`, `badge_id`, `user_id`, `created_at`, `updated_at`, `disqualification_code_type_id`, `goggle_cup_points`, `reaction_time`, `team_points`, `team_affiliation_id`)
  VALUES (179239, 9, 1, 0, 0, 593.63, 593.63, 0, 38, 61, 19632, 6307, 71, 10241, 1, '2015-02-26 22:50:05', '2015-02-26 22:50:05', NULL, 0.0, 0.0, 0.0, 264);

INSERT INTO `meeting_individual_results` (`id`, `rank`, `is_play_off`, `is_out_of_race`, `is_disqualified`, `standard_points`, `meeting_individual_points`, `minutes`, `seconds`, `hundreds`, `meeting_program_id`, `swimmer_id`, `team_id`, `badge_id`, `user_id`, `created_at`, `updated_at`, `disqualification_code_type_id`, `goggle_cup_points`, `reaction_time`, `team_points`, `team_affiliation_id`)
  VALUES (179240, 1, 1, 0, 0, 875.93, 875.93, 0, 27, 0, 19633, 17020, 173, 20850, 1, '2015-02-26 22:50:05', '2015-02-26 22:50:05', NULL, 0.0, 0.0, 0.0, 368);

INSERT INTO `meeting_individual_results` (`id`, `rank`, `is_play_off`, `is_out_of_race`, `is_disqualified`, `standard_points`, `meeting_individual_points`, `minutes`, `seconds`, `hundreds`, `meeting_program_id`, `swimmer_id`, `team_id`, `badge_id`, `user_id`, `created_at`, `updated_at`, `disqualification_code_type_id`, `goggle_cup_points`, `reaction_time`, `team_points`, `team_affiliation_id`)
  VALUES (179241, 2, 1, 0, 0, 858.13, 858.13, 0, 27, 56, 19633, 3266, 173, 6487, 1, '2015-02-26 22:50:05', '2015-02-26 22:50:05', NULL, 0.0, 0.0, 0.0, 368);

INSERT INTO `meeting_individual_results` (`id`, `rank`, `is_play_off`, `is_out_of_race`, `is_disqualified`, `standard_points`, `meeting_individual_points`, `minutes`, `seconds`, `hundreds`, `meeting_program_id`, `swimmer_id`, `team_id`, `badge_id`, `user_id`, `created_at`, `updated_at`, `disqualification_code_type_id`, `goggle_cup_points`, `reaction_time`, `team_points`, `team_affiliation_id`)
  VALUES (179242, 3, 1, 0, 0, 812.16, 812.16, 0, 29, 12, 19633, 14833, 557, 18646, 1, '2015-02-26 22:50:06', '2015-02-26 22:50:06', NULL, 0.0, 0.0, 0.0, 777);

INSERT INTO `meeting_individual_results` (`id`, `rank`, `is_play_off`, `is_out_of_race`, `is_disqualified`, `standard_points`, `meeting_individual_points`, `minutes`, `seconds`, `hundreds`, `meeting_program_id`, `swimmer_id`, `team_id`, `badge_id`, `user_id`, `created_at`, `updated_at`, `disqualification_code_type_id`, `goggle_cup_points`, `reaction_time`, `team_points`, `team_affiliation_id`)
  VALUES (179243, 4, 1, 0, 0, 802.24, 802.24, 0, 29, 48, 19633, 8635, 466, 12250, 1, '2015-02-26 22:50:06', '2015-02-26 22:50:06', NULL, 0.0, 0.0, 0.0, 686);

INSERT INTO `meeting_individual_results` (`id`, `rank`, `is_play_off`, `is_out_of_race`, `is_disqualified`, `standard_points`, `meeting_individual_points`, `minutes`, `seconds`, `hundreds`, `meeting_program_id`, `swimmer_id`, `team_id`, `badge_id`, `user_id`, `created_at`, `updated_at`, `disqualification_code_type_id`, `goggle_cup_points`, `reaction_time`, `team_points`, `team_affiliation_id`)
  VALUES (179244, 5, 1, 0, 0, 795.49, 795.49, 0, 29, 73, 19633, 3269, 154, 6490, 1, '2015-02-26 22:50:06', '2015-02-26 22:50:06', NULL, 0.0, 0.0, 0.0, 349);

INSERT INTO `meeting_individual_results` (`id`, `rank`, `is_play_off`, `is_out_of_race`, `is_disqualified`, `standard_points`, `meeting_individual_points`, `minutes`, `seconds`, `hundreds`, `meeting_program_id`, `swimmer_id`, `team_id`, `badge_id`, `user_id`, `created_at`, `updated_at`, `disqualification_code_type_id`, `goggle_cup_points`, `reaction_time`, `team_points`, `team_affiliation_id`)
  VALUES (179245, 6, 1, 0, 0, 772.62, 772.62, 0, 30, 61, 19633, 8465, 466, 12206, 1, '2015-02-26 22:50:07', '2015-02-26 22:50:07', NULL, 0.0, 0.0, 0.0, 686);

INSERT INTO `meeting_individual_results` (`id`, `rank`, `is_play_off`, `is_out_of_race`, `is_disqualified`, `standard_points`, `meeting_individual_points`, `minutes`, `seconds`, `hundreds`, `meeting_program_id`, `swimmer_id`, `team_id`, `badge_id`, `user_id`, `created_at`, `updated_at`, `disqualification_code_type_id`, `goggle_cup_points`, `reaction_time`, `team_points`, `team_affiliation_id`)
  VALUES (179246, 7, 1, 0, 0, 768.86, 768.86, 0, 30, 76, 19633, 12670, 364, 16409, 1, '2015-02-26 22:50:07', '2015-02-26 22:50:07', NULL, 0.0, 0.0, 0.0, 583);

INSERT INTO `meeting_individual_results` (`id`, `rank`, `is_play_off`, `is_out_of_race`, `is_disqualified`, `standard_points`, `meeting_individual_points`, `minutes`, `seconds`, `hundreds`, `meeting_program_id`, `swimmer_id`, `team_id`, `badge_id`, `user_id`, `created_at`, `updated_at`, `disqualification_code_type_id`, `goggle_cup_points`, `reaction_time`, `team_points`, `team_affiliation_id`)
  VALUES (179247, 8, 1, 0, 0, 760.69, 760.69, 0, 31, 9, 19633, 7885, 164, 11575, 1, '2015-02-26 22:50:07', '2015-02-26 22:50:07', NULL, 0.0, 0.0, 0.0, 359);

INSERT INTO `meeting_individual_results` (`id`, `rank`, `is_play_off`, `is_out_of_race`, `is_disqualified`, `standard_points`, `meeting_individual_points`, `minutes`, `seconds`, `hundreds`, `meeting_program_id`, `swimmer_id`, `team_id`, `badge_id`, `user_id`, `created_at`, `updated_at`, `disqualification_code_type_id`, `goggle_cup_points`, `reaction_time`, `team_points`, `team_affiliation_id`)
  VALUES (179248, 9, 1, 0, 0, 749.13, 749.13, 0, 31, 57, 19633, 6174, 71, 10156, 1, '2015-02-26 22:50:08', '2015-02-26 22:50:08', NULL, 0.0, 0.0, 0.0, 264);

INSERT INTO `meeting_individual_results` (`id`, `rank`, `is_play_off`, `is_out_of_race`, `is_disqualified`, `standard_points`, `meeting_individual_points`, `minutes`, `seconds`, `hundreds`, `meeting_program_id`, `swimmer_id`, `team_id`, `badge_id`, `user_id`, `created_at`, `updated_at`, `disqualification_code_type_id`, `goggle_cup_points`, `reaction_time`, `team_points`, `team_affiliation_id`)
  VALUES (179249, 10, 1, 0, 0, 747.24, 747.24, 0, 31, 65, 19633, 17029, 364, 20853, 1, '2015-02-26 22:50:08', '2015-02-26 22:50:08', NULL, 0.0, 0.0, 0.0, 583);

INSERT INTO `meeting_individual_results` (`id`, `rank`, `is_play_off`, `is_out_of_race`, `is_disqualified`, `standard_points`, `meeting_individual_points`, `minutes`, `seconds`, `hundreds`, `meeting_program_id`, `swimmer_id`, `team_id`, `badge_id`, `user_id`, `created_at`, `updated_at`, `disqualification_code_type_id`, `goggle_cup_points`, `reaction_time`, `team_points`, `team_affiliation_id`)
  VALUES (179250, 11, 1, 0, 0, 737.45, 737.45, 0, 32, 7, 19633, 17025, 172, 20834, 1, '2015-02-26 22:50:08', '2015-02-26 22:50:08', NULL, 0.0, 0.0, 0.0, 367);

INSERT INTO `meeting_individual_results` (`id`, `rank`, `is_play_off`, `is_out_of_race`, `is_disqualified`, `standard_points`, `meeting_individual_points`, `minutes`, `seconds`, `hundreds`, `meeting_program_id`, `swimmer_id`, `team_id`, `badge_id`, `user_id`, `created_at`, `updated_at`, `disqualification_code_type_id`, `goggle_cup_points`, `reaction_time`, `team_points`, `team_affiliation_id`)
  VALUES (179251, 12, 1, 0, 0, 732.2, 732.2, 0, 32, 30, 19633, 12644, 364, 16417, 1, '2015-02-26 22:50:09', '2015-02-26 22:50:09', NULL, 0.0, 0.0, 0.0, 583);

INSERT INTO `meeting_individual_results` (`id`, `rank`, `is_play_off`, `is_out_of_race`, `is_disqualified`, `standard_points`, `meeting_individual_points`, `minutes`, `seconds`, `hundreds`, `meeting_program_id`, `swimmer_id`, `team_id`, `badge_id`, `user_id`, `created_at`, `updated_at`, `disqualification_code_type_id`, `goggle_cup_points`, `reaction_time`, `team_points`, `team_affiliation_id`)
  VALUES (179252, 13, 1, 0, 0, 728.36, 728.36, 0, 32, 47, 19633, 17021, 102, 20860, 1, '2015-02-26 22:50:09', '2015-02-26 22:50:09', NULL, 0.0, 0.0, 0.0, 295);

INSERT INTO `meeting_individual_results` (`id`, `rank`, `is_play_off`, `is_out_of_race`, `is_disqualified`, `standard_points`, `meeting_individual_points`, `minutes`, `seconds`, `hundreds`, `meeting_program_id`, `swimmer_id`, `team_id`, `badge_id`, `user_id`, `created_at`, `updated_at`, `disqualification_code_type_id`, `goggle_cup_points`, `reaction_time`, `team_points`, `team_affiliation_id`)
  VALUES (179253, 14, 1, 0, 0, 705.97, 705.97, 0, 33, 50, 19633, 12678, 71, 16400, 1, '2015-02-26 22:50:09', '2015-02-26 22:50:09', NULL, 0.0, 0.0, 0.0, 264);

INSERT INTO `meeting_individual_results` (`id`, `rank`, `is_play_off`, `is_out_of_race`, `is_disqualified`, `standard_points`, `meeting_individual_points`, `minutes`, `seconds`, `hundreds`, `meeting_program_id`, `swimmer_id`, `team_id`, `badge_id`, `user_id`, `created_at`, `updated_at`, `disqualification_code_type_id`, `goggle_cup_points`, `reaction_time`, `team_points`, `team_affiliation_id`)
  VALUES (179254, 15, 1, 0, 0, 694.36, 694.36, 0, 34, 6, 19633, 8469, 466, 12368, 1, '2015-02-26 22:50:09', '2015-02-26 22:50:09', NULL, 0.0, 0.0, 0.0, 686);

INSERT INTO `meeting_individual_results` (`id`, `rank`, `is_play_off`, `is_out_of_race`, `is_disqualified`, `standard_points`, `meeting_individual_points`, `minutes`, `seconds`, `hundreds`, `meeting_program_id`, `swimmer_id`, `team_id`, `badge_id`, `user_id`, `created_at`, `updated_at`, `disqualification_code_type_id`, `goggle_cup_points`, `reaction_time`, `team_points`, `team_affiliation_id`)
  VALUES (179255, 16, 1, 0, 1, 0.0, 0.0, 0, 0, 0, 19633, 12618, 557, 16450, 1, '2015-02-26 22:50:10', '2015-02-26 22:50:10', 1, 0.0, 0.0, 0.0, 777);

INSERT INTO `meeting_individual_results` (`id`, `rank`, `is_play_off`, `is_out_of_race`, `is_disqualified`, `standard_points`, `meeting_individual_points`, `minutes`, `seconds`, `hundreds`, `meeting_program_id`, `swimmer_id`, `team_id`, `badge_id`, `user_id`, `created_at`, `updated_at`, `disqualification_code_type_id`, `goggle_cup_points`, `reaction_time`, `team_points`, `team_affiliation_id`)
  VALUES (179256, 1, 1, 0, 0, 839.27, 839.27, 0, 28, 62, 19634, 12623, 364, 16430, 1, '2015-02-26 22:50:10', '2015-02-26 22:50:10', NULL, 0.0, 0.0, 0.0, 583);

INSERT INTO `meeting_individual_results` (`id`, `rank`, `is_play_off`, `is_out_of_race`, `is_disqualified`, `standard_points`, `meeting_individual_points`, `minutes`, `seconds`, `hundreds`, `meeting_program_id`, `swimmer_id`, `team_id`, `badge_id`, `user_id`, `created_at`, `updated_at`, `disqualification_code_type_id`, `goggle_cup_points`, `reaction_time`, `team_points`, `team_affiliation_id`)
  VALUES (179257, 2, 1, 0, 0, 833.74, 833.74, 0, 28, 81, 19634, 8463, 364, 12251, 1, '2015-02-26 22:50:10', '2015-02-26 22:50:10', NULL, 0.0, 0.0, 0.0, 583);

INSERT INTO `meeting_individual_results` (`id`, `rank`, `is_play_off`, `is_out_of_race`, `is_disqualified`, `standard_points`, `meeting_individual_points`, `minutes`, `seconds`, `hundreds`, `meeting_program_id`, `swimmer_id`, `team_id`, `badge_id`, `user_id`, `created_at`, `updated_at`, `disqualification_code_type_id`, `goggle_cup_points`, `reaction_time`, `team_points`, `team_affiliation_id`)
  VALUES (179258, 3, 1, 0, 0, 811.49, 811.49, 0, 29, 60, 19634, 17049, 469, 20841, 1, '2015-02-26 22:50:11', '2015-02-26 22:50:11', NULL, 0.0, 0.0, 0.0, 689);

INSERT INTO `meeting_individual_results` (`id`, `rank`, `is_play_off`, `is_out_of_race`, `is_disqualified`, `standard_points`, `meeting_individual_points`, `minutes`, `seconds`, `hundreds`, `meeting_program_id`, `swimmer_id`, `team_id`, `badge_id`, `user_id`, `created_at`, `updated_at`, `disqualification_code_type_id`, `goggle_cup_points`, `reaction_time`, `team_points`, `team_affiliation_id`)
  VALUES (179259, 4, 1, 0, 0, 799.07, 799.07, 0, 30, 6, 19634, 17052, 364, 20854, 1, '2015-02-26 22:50:11', '2015-02-26 22:50:11', NULL, 0.0, 0.0, 0.0, 583);

INSERT INTO `meeting_individual_results` (`id`, `rank`, `is_play_off`, `is_out_of_race`, `is_disqualified`, `standard_points`, `meeting_individual_points`, `minutes`, `seconds`, `hundreds`, `meeting_program_id`, `swimmer_id`, `team_id`, `badge_id`, `user_id`, `created_at`, `updated_at`, `disqualification_code_type_id`, `goggle_cup_points`, `reaction_time`, `team_points`, `team_affiliation_id`)
  VALUES (179260, 5, 1, 0, 0, 742.05, 742.05, 0, 32, 37, 19634, 1542, 42, 5333, 1, '2015-02-26 22:50:11', '2015-02-26 22:50:11', NULL, 0.0, 0.0, 0.0, 235);

INSERT INTO `meeting_individual_results` (`id`, `rank`, `is_play_off`, `is_out_of_race`, `is_disqualified`, `standard_points`, `meeting_individual_points`, `minutes`, `seconds`, `hundreds`, `meeting_program_id`, `swimmer_id`, `team_id`, `badge_id`, `user_id`, `created_at`, `updated_at`, `disqualification_code_type_id`, `goggle_cup_points`, `reaction_time`, `team_points`, `team_affiliation_id`)
  VALUES (179261, 6, 1, 0, 0, 741.13, 741.13, 0, 32, 41, 19634, 8681, 364, 12373, 1, '2015-02-26 22:50:12', '2015-02-26 22:50:12', NULL, 0.0, 0.0, 0.0, 583);

INSERT INTO `meeting_individual_results` (`id`, `rank`, `is_play_off`, `is_out_of_race`, `is_disqualified`, `standard_points`, `meeting_individual_points`, `minutes`, `seconds`, `hundreds`, `meeting_program_id`, `swimmer_id`, `team_id`, `badge_id`, `user_id`, `created_at`, `updated_at`, `disqualification_code_type_id`, `goggle_cup_points`, `reaction_time`, `team_points`, `team_affiliation_id`)
  VALUES (179262, 7, 1, 0, 0, 714.03, 714.03, 0, 33, 64, 19634, 8459, 456, 12397, 1, '2015-02-26 22:50:12', '2015-02-26 22:50:12', NULL, 0.0, 0.0, 0.0, 676);

INSERT INTO `meeting_individual_results` (`id`, `rank`, `is_play_off`, `is_out_of_race`, `is_disqualified`, `standard_points`, `meeting_individual_points`, `minutes`, `seconds`, `hundreds`, `meeting_program_id`, `swimmer_id`, `team_id`, `badge_id`, `user_id`, `created_at`, `updated_at`, `disqualification_code_type_id`, `goggle_cup_points`, `reaction_time`, `team_points`, `team_affiliation_id`)
  VALUES (179263, 8, 1, 0, 0, 706.47, 706.47, 0, 34, 0, 19634, 8462, 364, 12422, 1, '2015-02-26 22:50:12', '2015-02-26 22:50:12', NULL, 0.0, 0.0, 0.0, 583);

INSERT INTO `meeting_individual_results` (`id`, `rank`, `is_play_off`, `is_out_of_race`, `is_disqualified`, `standard_points`, `meeting_individual_points`, `minutes`, `seconds`, `hundreds`, `meeting_program_id`, `swimmer_id`, `team_id`, `badge_id`, `user_id`, `created_at`, `updated_at`, `disqualification_code_type_id`, `goggle_cup_points`, `reaction_time`, `team_points`, `team_affiliation_id`)
  VALUES (179264, 9, 1, 0, 0, 631.44, 631.44, 0, 38, 4, 19634, 5594, 71, 8782, 1, '2015-02-26 22:50:13', '2015-02-26 22:50:13', NULL, 0.0, 0.0, 0.0, 264);

INSERT INTO `meeting_individual_results` (`id`, `rank`, `is_play_off`, `is_out_of_race`, `is_disqualified`, `standard_points`, `meeting_individual_points`, `minutes`, `seconds`, `hundreds`, `meeting_program_id`, `swimmer_id`, `team_id`, `badge_id`, `user_id`, `created_at`, `updated_at`, `disqualification_code_type_id`, `goggle_cup_points`, `reaction_time`, `team_points`, `team_affiliation_id`)
  VALUES (179265, 10, 1, 0, 0, 569.33, 569.33, 0, 42, 19, 19634, 17046, 364, 20848, 1, '2015-02-26 22:50:13', '2015-02-26 22:50:13', NULL, 0.0, 0.0, 0.0, 583);

INSERT INTO `meeting_individual_results` (`id`, `rank`, `is_play_off`, `is_out_of_race`, `is_disqualified`, `standard_points`, `meeting_individual_points`, `minutes`, `seconds`, `hundreds`, `meeting_program_id`, `swimmer_id`, `team_id`, `badge_id`, `user_id`, `created_at`, `updated_at`, `disqualification_code_type_id`, `goggle_cup_points`, `reaction_time`, `team_points`, `team_affiliation_id`)
  VALUES (179266, 11, 1, 0, 0, 480.5, 480.5, 0, 49, 99, 19634, 8479, 364, 12405, 1, '2015-02-26 22:50:13', '2015-02-26 22:50:13', NULL, 0.0, 0.0, 0.0, 583);

INSERT INTO `meeting_individual_results` (`id`, `rank`, `is_play_off`, `is_out_of_race`, `is_disqualified`, `standard_points`, `meeting_individual_points`, `minutes`, `seconds`, `hundreds`, `meeting_program_id`, `swimmer_id`, `team_id`, `badge_id`, `user_id`, `created_at`, `updated_at`, `disqualification_code_type_id`, `goggle_cup_points`, `reaction_time`, `team_points`, `team_affiliation_id`)
  VALUES (179267, 1, 1, 0, 0, 924.63, 924.63, 0, 26, 67, 19635, 2144, 74, 5337, 1, '2015-02-26 22:50:14', '2015-02-26 22:50:14', NULL, 0.0, 0.0, 0.0, 267);

INSERT INTO `meeting_individual_results` (`id`, `rank`, `is_play_off`, `is_out_of_race`, `is_disqualified`, `standard_points`, `meeting_individual_points`, `minutes`, `seconds`, `hundreds`, `meeting_program_id`, `swimmer_id`, `team_id`, `badge_id`, `user_id`, `created_at`, `updated_at`, `disqualification_code_type_id`, `goggle_cup_points`, `reaction_time`, `team_points`, `team_affiliation_id`)
  VALUES (179268, 2, 1, 0, 0, 757.84, 757.84, 0, 32, 54, 19635, 11329, 557, 15073, 1, '2015-02-26 22:50:14', '2015-02-26 22:50:14', NULL, 0.0, 0.0, 0.0, 777);

INSERT INTO `meeting_individual_results` (`id`, `rank`, `is_play_off`, `is_out_of_race`, `is_disqualified`, `standard_points`, `meeting_individual_points`, `minutes`, `seconds`, `hundreds`, `meeting_program_id`, `swimmer_id`, `team_id`, `badge_id`, `user_id`, `created_at`, `updated_at`, `disqualification_code_type_id`, `goggle_cup_points`, `reaction_time`, `team_points`, `team_affiliation_id`)
  VALUES (179269, 3, 1, 0, 0, 746.82, 746.82, 0, 33, 2, 19635, 14847, 102, 18639, 1, '2015-02-26 22:50:14', '2015-02-26 22:50:14', NULL, 0.0, 0.0, 0.0, 295);

INSERT INTO `meeting_individual_results` (`id`, `rank`, `is_play_off`, `is_out_of_race`, `is_disqualified`, `standard_points`, `meeting_individual_points`, `minutes`, `seconds`, `hundreds`, `meeting_program_id`, `swimmer_id`, `team_id`, `badge_id`, `user_id`, `created_at`, `updated_at`, `disqualification_code_type_id`, `goggle_cup_points`, `reaction_time`, `team_points`, `team_affiliation_id`)
  VALUES (179270, 4, 1, 0, 0, 691.92, 691.92, 0, 35, 64, 19635, 8630, 466, 12438, 1, '2015-02-26 22:50:15', '2015-02-26 22:50:15', NULL, 0.0, 0.0, 0.0, 686);

INSERT INTO `meeting_individual_results` (`id`, `rank`, `is_play_off`, `is_out_of_race`, `is_disqualified`, `standard_points`, `meeting_individual_points`, `minutes`, `seconds`, `hundreds`, `meeting_program_id`, `swimmer_id`, `team_id`, `badge_id`, `user_id`, `created_at`, `updated_at`, `disqualification_code_type_id`, `goggle_cup_points`, `reaction_time`, `team_points`, `team_affiliation_id`)
  VALUES (179271, 5, 1, 0, 0, 625.73, 625.73, 0, 39, 41, 19635, 11320, 518, 15099, 1, '2015-02-26 22:50:15', '2015-02-26 22:50:15', NULL, 0.0, 0.0, 0.0, 738);

INSERT INTO `meeting_individual_results` (`id`, `rank`, `is_play_off`, `is_out_of_race`, `is_disqualified`, `standard_points`, `meeting_individual_points`, `minutes`, `seconds`, `hundreds`, `meeting_program_id`, `swimmer_id`, `team_id`, `badge_id`, `user_id`, `created_at`, `updated_at`, `disqualification_code_type_id`, `goggle_cup_points`, `reaction_time`, `team_points`, `team_affiliation_id`)
  VALUES (179272, 1, 1, 0, 0, 658.64, 658.64, 0, 38, 64, 19636, 3602, 204, 6823, 1, '2015-02-26 22:50:15', '2015-02-26 22:50:15', NULL, 0.0, 0.0, 0.0, 399);

INSERT INTO `meeting_individual_results` (`id`, `rank`, `is_play_off`, `is_out_of_race`, `is_disqualified`, `standard_points`, `meeting_individual_points`, `minutes`, `seconds`, `hundreds`, `meeting_program_id`, `swimmer_id`, `team_id`, `badge_id`, `user_id`, `created_at`, `updated_at`, `disqualification_code_type_id`, `goggle_cup_points`, `reaction_time`, `team_points`, `team_affiliation_id`)
  VALUES (179273, 2, 1, 0, 0, 634.82, 634.82, 0, 40, 9, 19636, 8576, 364, 12289, 1, '2015-02-26 22:50:15', '2015-02-26 22:50:15', NULL, 0.0, 0.0, 0.0, 583);

INSERT INTO `meeting_individual_results` (`id`, `rank`, `is_play_off`, `is_out_of_race`, `is_disqualified`, `standard_points`, `meeting_individual_points`, `minutes`, `seconds`, `hundreds`, `meeting_program_id`, `swimmer_id`, `team_id`, `badge_id`, `user_id`, `created_at`, `updated_at`, `disqualification_code_type_id`, `goggle_cup_points`, `reaction_time`, `team_points`, `team_affiliation_id`)
  VALUES (179274, 3, 1, 0, 0, 585.33, 585.33, 0, 43, 48, 19636, 8674, 466, 12439, 1, '2015-02-26 22:50:16', '2015-02-26 22:50:16', NULL, 0.0, 0.0, 0.0, 686);

INSERT INTO `meeting_individual_results` (`id`, `rank`, `is_play_off`, `is_out_of_race`, `is_disqualified`, `standard_points`, `meeting_individual_points`, `minutes`, `seconds`, `hundreds`, `meeting_program_id`, `swimmer_id`, `team_id`, `badge_id`, `user_id`, `created_at`, `updated_at`, `disqualification_code_type_id`, `goggle_cup_points`, `reaction_time`, `team_points`, `team_affiliation_id`)
  VALUES (179275, 4, 1, 0, 0, 575.92, 575.92, 0, 44, 19, 19636, 17019, 71, 20861, 1, '2015-02-26 22:50:16', '2015-02-26 22:50:16', NULL, 0.0, 0.0, 0.0, 264);

INSERT INTO `meeting_individual_results` (`id`, `rank`, `is_play_off`, `is_out_of_race`, `is_disqualified`, `standard_points`, `meeting_individual_points`, `minutes`, `seconds`, `hundreds`, `meeting_program_id`, `swimmer_id`, `team_id`, `badge_id`, `user_id`, `created_at`, `updated_at`, `disqualification_code_type_id`, `goggle_cup_points`, `reaction_time`, `team_points`, `team_affiliation_id`)
  VALUES (179276, 1, 1, 0, 0, 715.72, 715.72, 0, 36, 76, 19637, 6395, 71, 10257, 1, '2015-02-26 22:50:16', '2015-02-26 22:50:16', NULL, 0.0, 0.0, 0.0, 264);

INSERT INTO `meeting_individual_results` (`id`, `rank`, `is_play_off`, `is_out_of_race`, `is_disqualified`, `standard_points`, `meeting_individual_points`, `minutes`, `seconds`, `hundreds`, `meeting_program_id`, `swimmer_id`, `team_id`, `badge_id`, `user_id`, `created_at`, `updated_at`, `disqualification_code_type_id`, `goggle_cup_points`, `reaction_time`, `team_points`, `team_affiliation_id`)
  VALUES (179277, 1, 1, 0, 0, 843.74, 843.74, 0, 32, 19, 19638, 17047, 467, 20862, 1, '2015-02-26 22:50:17', '2015-02-26 22:50:17', NULL, 0.0, 0.0, 0.0, 687);

INSERT INTO `meeting_individual_results` (`id`, `rank`, `is_play_off`, `is_out_of_race`, `is_disqualified`, `standard_points`, `meeting_individual_points`, `minutes`, `seconds`, `hundreds`, `meeting_program_id`, `swimmer_id`, `team_id`, `badge_id`, `user_id`, `created_at`, `updated_at`, `disqualification_code_type_id`, `goggle_cup_points`, `reaction_time`, `team_points`, `team_affiliation_id`)
  VALUES (179278, 2, 1, 0, 0, 796.48, 796.48, 0, 34, 10, 19638, 2162, 102, 5355, 1, '2015-02-26 22:50:17', '2015-02-26 22:50:17', NULL, 0.0, 0.0, 0.0, 295);

INSERT INTO `meeting_individual_results` (`id`, `rank`, `is_play_off`, `is_out_of_race`, `is_disqualified`, `standard_points`, `meeting_individual_points`, `minutes`, `seconds`, `hundreds`, `meeting_program_id`, `swimmer_id`, `team_id`, `badge_id`, `user_id`, `created_at`, `updated_at`, `disqualification_code_type_id`, `goggle_cup_points`, `reaction_time`, `team_points`, `team_affiliation_id`)
  VALUES (179279, 3, 1, 0, 0, 630.02, 630.02, 0, 43, 11, 19638, 8531, 466, 12440, 1, '2015-02-26 22:50:17', '2015-02-26 22:50:17', NULL, 0.0, 0.0, 0.0, 686);

INSERT INTO `meeting_individual_results` (`id`, `rank`, `is_play_off`, `is_out_of_race`, `is_disqualified`, `standard_points`, `meeting_individual_points`, `minutes`, `seconds`, `hundreds`, `meeting_program_id`, `swimmer_id`, `team_id`, `badge_id`, `user_id`, `created_at`, `updated_at`, `disqualification_code_type_id`, `goggle_cup_points`, `reaction_time`, `team_points`, `team_affiliation_id`)
  VALUES (179280, 4, 1, 0, 0, 606.79, 606.79, 0, 44, 76, 19638, 8628, 466, 12290, 1, '2015-02-26 22:50:18', '2015-02-26 22:50:18', NULL, 0.0, 0.0, 0.0, 686);

INSERT INTO `meeting_individual_results` (`id`, `rank`, `is_play_off`, `is_out_of_race`, `is_disqualified`, `standard_points`, `meeting_individual_points`, `minutes`, `seconds`, `hundreds`, `meeting_program_id`, `swimmer_id`, `team_id`, `badge_id`, `user_id`, `created_at`, `updated_at`, `disqualification_code_type_id`, `goggle_cup_points`, `reaction_time`, `team_points`, `team_affiliation_id`)
  VALUES (179281, 5, 1, 0, 0, 579.1, 579.1, 0, 46, 90, 19638, 2394, 113, 5594, 1, '2015-02-26 22:50:18', '2015-02-26 22:50:18', NULL, 0.0, 0.0, 0.0, 306);

INSERT INTO `meeting_individual_results` (`id`, `rank`, `is_play_off`, `is_out_of_race`, `is_disqualified`, `standard_points`, `meeting_individual_points`, `minutes`, `seconds`, `hundreds`, `meeting_program_id`, `swimmer_id`, `team_id`, `badge_id`, `user_id`, `created_at`, `updated_at`, `disqualification_code_type_id`, `goggle_cup_points`, `reaction_time`, `team_points`, `team_affiliation_id`)
  VALUES (179282, 1, 1, 0, 0, 0.0, 0.0, 0, 27, 90, 19639, 1196, 42, 5218, 1, '2015-02-26 22:50:18', '2015-02-26 22:50:18', NULL, 0.0, 0.0, 0.0, 235);

INSERT INTO `meeting_individual_results` (`id`, `rank`, `is_play_off`, `is_out_of_race`, `is_disqualified`, `standard_points`, `meeting_individual_points`, `minutes`, `seconds`, `hundreds`, `meeting_program_id`, `swimmer_id`, `team_id`, `badge_id`, `user_id`, `created_at`, `updated_at`, `disqualification_code_type_id`, `goggle_cup_points`, `reaction_time`, `team_points`, `team_affiliation_id`)
  VALUES (179283, 2, 1, 0, 0, 0.0, 0.0, 0, 29, 0, 19639, 8485, 71, 12384, 1, '2015-02-26 22:50:19', '2015-02-26 22:50:19', NULL, 0.0, 0.0, 0.0, 264);

INSERT INTO `meeting_individual_results` (`id`, `rank`, `is_play_off`, `is_out_of_race`, `is_disqualified`, `standard_points`, `meeting_individual_points`, `minutes`, `seconds`, `hundreds`, `meeting_program_id`, `swimmer_id`, `team_id`, `badge_id`, `user_id`, `created_at`, `updated_at`, `disqualification_code_type_id`, `goggle_cup_points`, `reaction_time`, `team_points`, `team_affiliation_id`)
  VALUES (179284, 3, 1, 0, 0, 0.0, 0.0, 0, 29, 19, 19639, 8608, 71, 12386, 1, '2015-02-26 22:50:19', '2015-02-26 22:50:19', NULL, 0.0, 0.0, 0.0, 264);

INSERT INTO `meeting_individual_results` (`id`, `rank`, `is_play_off`, `is_out_of_race`, `is_disqualified`, `standard_points`, `meeting_individual_points`, `minutes`, `seconds`, `hundreds`, `meeting_program_id`, `swimmer_id`, `team_id`, `badge_id`, `user_id`, `created_at`, `updated_at`, `disqualification_code_type_id`, `goggle_cup_points`, `reaction_time`, `team_points`, `team_affiliation_id`)
  VALUES (179285, 4, 1, 0, 0, 0.0, 0.0, 0, 29, 91, 19639, 5910, 169, 9690, 1, '2015-02-26 22:50:19', '2015-02-26 22:50:19', NULL, 0.0, 0.0, 0.0, 364);

INSERT INTO `meeting_relay_results` (`id`, `created_at`, `updated_at`, `rank`, `is_play_off`, `is_out_of_race`, `is_disqualified`, `standard_points`, `meeting_points`, `minutes`, `seconds`, `hundreds`, `team_id`, `user_id`, `meeting_program_id`, `disqualification_code_type_id`, `relay_header`, `reaction_time`, `entry_minutes`, `entry_seconds`, `entry_hundreds`, `team_affiliation_id`, `entry_time_type_id`)
  VALUES (9647, '2015-02-26 22:50:20', '2015-02-26 22:50:20', 1, 1, 0, 0, 905.49, 905.49, 1, 53, 74, 364, 1, 19640, NULL, 'NUOTATORI TRENTINI', 0.0, NULL, NULL, NULL, 583, NULL);

INSERT INTO `meeting_relay_results` (`id`, `created_at`, `updated_at`, `rank`, `is_play_off`, `is_out_of_race`, `is_disqualified`, `standard_points`, `meeting_points`, `minutes`, `seconds`, `hundreds`, `team_id`, `user_id`, `meeting_program_id`, `disqualification_code_type_id`, `relay_header`, `reaction_time`, `entry_minutes`, `entry_seconds`, `entry_hundreds`, `team_affiliation_id`, `entry_time_type_id`)
  VALUES (9648, '2015-02-26 22:50:20', '2015-02-26 22:50:20', 2, 1, 0, 0, 904.53, 904.53, 1, 53, 86, 172, 1, 19640, NULL, 'G.P. NUOTO MIRA SSD', 0.0, NULL, NULL, NULL, 367, NULL);

INSERT INTO `meeting_relay_results` (`id`, `created_at`, `updated_at`, `rank`, `is_play_off`, `is_out_of_race`, `is_disqualified`, `standard_points`, `meeting_points`, `minutes`, `seconds`, `hundreds`, `team_id`, `user_id`, `meeting_program_id`, `disqualification_code_type_id`, `relay_header`, `reaction_time`, `entry_minutes`, `entry_seconds`, `entry_hundreds`, `team_affiliation_id`, `entry_time_type_id`)
  VALUES (9649, '2015-02-26 22:50:20', '2015-02-26 22:50:20', 3, 1, 0, 0, 885.86, 885.86, 1, 56, 26, 420, 1, 19640, NULL, 'AQUAPOLIS SSD', 0.0, NULL, NULL, NULL, 640, NULL);

INSERT INTO `meeting_relay_results` (`id`, `created_at`, `updated_at`, `rank`, `is_play_off`, `is_out_of_race`, `is_disqualified`, `standard_points`, `meeting_points`, `minutes`, `seconds`, `hundreds`, `team_id`, `user_id`, `meeting_program_id`, `disqualification_code_type_id`, `relay_header`, `reaction_time`, `entry_minutes`, `entry_seconds`, `entry_hundreds`, `team_affiliation_id`, `entry_time_type_id`)
  VALUES (9650, '2015-02-26 22:50:20', '2015-02-26 22:50:20', 4, 1, 0, 0, 848.28, 848.28, 2, 1, 41, 466, 1, 19640, NULL, 'SS BUONCONSIGLIO N', 0.0, NULL, NULL, NULL, 686, NULL);

INSERT INTO `meeting_relay_results` (`id`, `created_at`, `updated_at`, `rank`, `is_play_off`, `is_out_of_race`, `is_disqualified`, `standard_points`, `meeting_points`, `minutes`, `seconds`, `hundreds`, `team_id`, `user_id`, `meeting_program_id`, `disqualification_code_type_id`, `relay_header`, `reaction_time`, `entry_minutes`, `entry_seconds`, `entry_hundreds`, `team_affiliation_id`, `entry_time_type_id`)
  VALUES (9651, '2015-02-26 22:50:20', '2015-02-26 22:50:20', 5, 1, 0, 0, 797.82, 797.82, 2, 9, 9, 102, 1, 19640, NULL, 'POL. R.N. TRENTO', 0.0, NULL, NULL, NULL, 295, NULL);

INSERT INTO `meeting_relay_results` (`id`, `created_at`, `updated_at`, `rank`, `is_play_off`, `is_out_of_race`, `is_disqualified`, `standard_points`, `meeting_points`, `minutes`, `seconds`, `hundreds`, `team_id`, `user_id`, `meeting_program_id`, `disqualification_code_type_id`, `relay_header`, `reaction_time`, `entry_minutes`, `entry_seconds`, `entry_hundreds`, `team_affiliation_id`, `entry_time_type_id`)
  VALUES (9652, '2015-02-26 22:50:21', '2015-02-26 22:50:21', 1, 1, 0, 0, 825.29, 825.29, 2, 4, 89, 172, 1, 19641, NULL, 'G.P. NUOTO MIRA SSD', 0.0, NULL, NULL, NULL, 367, NULL);

INSERT INTO `meeting_relay_results` (`id`, `created_at`, `updated_at`, `rank`, `is_play_off`, `is_out_of_race`, `is_disqualified`, `standard_points`, `meeting_points`, `minutes`, `seconds`, `hundreds`, `team_id`, `user_id`, `meeting_program_id`, `disqualification_code_type_id`, `relay_header`, `reaction_time`, `entry_minutes`, `entry_seconds`, `entry_hundreds`, `team_affiliation_id`, `entry_time_type_id`)
  VALUES (9653, '2015-02-26 22:50:21', '2015-02-26 22:50:21', 2, 1, 0, 0, 824.96, 824.96, 2, 4, 94, 154, 1, 19641, NULL, 'NUOTO MASTER VERONA', 0.0, NULL, NULL, NULL, 349, NULL);

INSERT INTO `meeting_relay_results` (`id`, `created_at`, `updated_at`, `rank`, `is_play_off`, `is_out_of_race`, `is_disqualified`, `standard_points`, `meeting_points`, `minutes`, `seconds`, `hundreds`, `team_id`, `user_id`, `meeting_program_id`, `disqualification_code_type_id`, `relay_header`, `reaction_time`, `entry_minutes`, `entry_seconds`, `entry_hundreds`, `team_affiliation_id`, `entry_time_type_id`)
  VALUES (9654, '2015-02-26 22:50:21', '2015-02-26 22:50:21', 3, 1, 0, 0, 815.17, 815.17, 2, 6, 44, 466, 1, 19641, NULL, 'SS BUONCONSIGLIO N', 0.0, NULL, NULL, NULL, 686, NULL);

INSERT INTO `meeting_relay_results` (`id`, `created_at`, `updated_at`, `rank`, `is_play_off`, `is_out_of_race`, `is_disqualified`, `standard_points`, `meeting_points`, `minutes`, `seconds`, `hundreds`, `team_id`, `user_id`, `meeting_program_id`, `disqualification_code_type_id`, `relay_header`, `reaction_time`, `entry_minutes`, `entry_seconds`, `entry_hundreds`, `team_affiliation_id`, `entry_time_type_id`)
  VALUES (9655, '2015-02-26 22:50:21', '2015-02-26 22:50:21', 4, 1, 0, 0, 766.89, 766.89, 2, 14, 40, 364, 1, 19641, NULL, 'NUOTATORI TRENTINI', 0.0, NULL, NULL, NULL, 583, NULL);

INSERT INTO `meeting_relay_results` (`id`, `created_at`, `updated_at`, `rank`, `is_play_off`, `is_out_of_race`, `is_disqualified`, `standard_points`, `meeting_points`, `minutes`, `seconds`, `hundreds`, `team_id`, `user_id`, `meeting_program_id`, `disqualification_code_type_id`, `relay_header`, `reaction_time`, `entry_minutes`, `entry_seconds`, `entry_hundreds`, `team_affiliation_id`, `entry_time_type_id`)
  VALUES (9656, '2015-02-26 22:50:21', '2015-02-26 22:50:21', 1, 1, 0, 0, 839.96, 839.96, 2, 4, 97, 42, 1, 19642, NULL, 'COOPERNUOTO', 0.0, NULL, NULL, NULL, 235, NULL);

INSERT INTO `meeting_relay_results` (`id`, `created_at`, `updated_at`, `rank`, `is_play_off`, `is_out_of_race`, `is_disqualified`, `standard_points`, `meeting_points`, `minutes`, `seconds`, `hundreds`, `team_id`, `user_id`, `meeting_program_id`, `disqualification_code_type_id`, `relay_header`, `reaction_time`, `entry_minutes`, `entry_seconds`, `entry_hundreds`, `team_affiliation_id`, `entry_time_type_id`)
  VALUES (9657, '2015-02-26 22:50:22', '2015-02-26 22:50:22', 2, 1, 0, 0, 812.59, 812.59, 2, 9, 18, 364, 1, 19642, NULL, 'NUOTATORI TRENTINI', 0.0, NULL, NULL, NULL, 583, NULL);

INSERT INTO `meeting_relay_results` (`id`, `created_at`, `updated_at`, `rank`, `is_play_off`, `is_out_of_race`, `is_disqualified`, `standard_points`, `meeting_points`, `minutes`, `seconds`, `hundreds`, `team_id`, `user_id`, `meeting_program_id`, `disqualification_code_type_id`, `relay_header`, `reaction_time`, `entry_minutes`, `entry_seconds`, `entry_hundreds`, `team_affiliation_id`, `entry_time_type_id`)
  VALUES (9658, '2015-02-26 22:50:22', '2015-02-26 22:50:22', 3, 1, 0, 0, 671.85, 671.85, 2, 36, 24, 466, 1, 19642, NULL, 'SS BUONCONSIGLIO N', 0.0, NULL, NULL, NULL, 686, NULL);

INSERT INTO `meeting_relay_results` (`id`, `created_at`, `updated_at`, `rank`, `is_play_off`, `is_out_of_race`, `is_disqualified`, `standard_points`, `meeting_points`, `minutes`, `seconds`, `hundreds`, `team_id`, `user_id`, `meeting_program_id`, `disqualification_code_type_id`, `relay_header`, `reaction_time`, `entry_minutes`, `entry_seconds`, `entry_hundreds`, `team_affiliation_id`, `entry_time_type_id`)
  VALUES (9659, '2015-02-26 22:50:22', '2015-02-26 22:50:22', 1, 1, 0, 0, 682.47, 682.47, 2, 58, 19, 364, 1, 19643, NULL, 'NUOTATORI TRENTINI', 0.0, NULL, NULL, NULL, 583, NULL);

INSERT INTO `meeting_team_scores` (`id`, `sum_individual_points`, `sum_relay_points`, `team_id`, `meeting_id`, `created_at`, `updated_at`, `rank`, `user_id`, `sum_team_points`, `meeting_individual_points`, `meeting_relay_points`, `meeting_team_points`, `season_individual_points`, `season_relay_points`, `season_team_points`, `season_id`, `team_affiliation_id`)
  VALUES (4196, 69033.5, 0.0, 364, 13281, '2015-02-26 22:50:22', '2015-02-26 22:50:22', 0, 1, 0.0, 0.0, 0.0, 0.0, 0.0, 0.0, 0.0, 132, 583);

INSERT INTO `meeting_team_scores` (`id`, `sum_individual_points`, `sum_relay_points`, `team_id`, `meeting_id`, `created_at`, `updated_at`, `rank`, `user_id`, `sum_team_points`, `meeting_individual_points`, `meeting_relay_points`, `meeting_team_points`, `season_individual_points`, `season_relay_points`, `season_team_points`, `season_id`, `team_affiliation_id`)
  VALUES (4197, 50851.7, 0.0, 466, 13281, '2015-02-26 22:50:22', '2015-02-26 22:50:22', 0, 1, 0.0, 0.0, 0.0, 0.0, 0.0, 0.0, 0.0, 132, 686);

INSERT INTO `meeting_team_scores` (`id`, `sum_individual_points`, `sum_relay_points`, `team_id`, `meeting_id`, `created_at`, `updated_at`, `rank`, `user_id`, `sum_team_points`, `meeting_individual_points`, `meeting_relay_points`, `meeting_team_points`, `season_individual_points`, `season_relay_points`, `season_team_points`, `season_id`, `team_affiliation_id`)
  VALUES (4198, 48866.28, 0.0, 102, 13281, '2015-02-26 22:50:23', '2015-02-26 22:50:23', 0, 1, 0.0, 0.0, 0.0, 0.0, 0.0, 0.0, 0.0, 132, 295);

INSERT INTO `meeting_team_scores` (`id`, `sum_individual_points`, `sum_relay_points`, `team_id`, `meeting_id`, `created_at`, `updated_at`, `rank`, `user_id`, `sum_team_points`, `meeting_individual_points`, `meeting_relay_points`, `meeting_team_points`, `season_individual_points`, `season_relay_points`, `season_team_points`, `season_id`, `team_affiliation_id`)
  VALUES (4199, 26028.41, 0.0, 172, 13281, '2015-02-26 22:50:23', '2015-02-26 22:50:23', 0, 1, 0.0, 0.0, 0.0, 0.0, 0.0, 0.0, 0.0, 132, 367);

INSERT INTO `meeting_team_scores` (`id`, `sum_individual_points`, `sum_relay_points`, `team_id`, `meeting_id`, `created_at`, `updated_at`, `rank`, `user_id`, `sum_team_points`, `meeting_individual_points`, `meeting_relay_points`, `meeting_team_points`, `season_individual_points`, `season_relay_points`, `season_team_points`, `season_id`, `team_affiliation_id`)
  VALUES (4200, 17508.55, 0.0, 71, 13281, '2015-02-26 22:50:23', '2015-02-26 22:50:23', 0, 1, 0.0, 0.0, 0.0, 0.0, 0.0, 0.0, 0.0, 132, 264);

INSERT INTO `meeting_team_scores` (`id`, `sum_individual_points`, `sum_relay_points`, `team_id`, `meeting_id`, `created_at`, `updated_at`, `rank`, `user_id`, `sum_team_points`, `meeting_individual_points`, `meeting_relay_points`, `meeting_team_points`, `season_individual_points`, `season_relay_points`, `season_team_points`, `season_id`, `team_affiliation_id`)
  VALUES (4201, 16493.46, 0.0, 173, 13281, '2015-02-26 22:50:23', '2015-02-26 22:50:23', 0, 1, 0.0, 0.0, 0.0, 0.0, 0.0, 0.0, 0.0, 132, 368);

INSERT INTO `meeting_team_scores` (`id`, `sum_individual_points`, `sum_relay_points`, `team_id`, `meeting_id`, `created_at`, `updated_at`, `rank`, `user_id`, `sum_team_points`, `meeting_individual_points`, `meeting_relay_points`, `meeting_team_points`, `season_individual_points`, `season_relay_points`, `season_team_points`, `season_id`, `team_affiliation_id`)
  VALUES (4202, 16044.83, 0.0, 557, 13281, '2015-02-26 22:50:23', '2015-02-26 22:50:23', 0, 1, 0.0, 0.0, 0.0, 0.0, 0.0, 0.0, 0.0, 132, 777);

INSERT INTO `meeting_team_scores` (`id`, `sum_individual_points`, `sum_relay_points`, `team_id`, `meeting_id`, `created_at`, `updated_at`, `rank`, `user_id`, `sum_team_points`, `meeting_individual_points`, `meeting_relay_points`, `meeting_team_points`, `season_individual_points`, `season_relay_points`, `season_team_points`, `season_id`, `team_affiliation_id`)
  VALUES (4203, 14691.51, 0.0, 309, 13281, '2015-02-26 22:50:23', '2015-02-26 22:50:23', 0, 1, 0.0, 0.0, 0.0, 0.0, 0.0, 0.0, 0.0, 132, 526);

INSERT INTO `meeting_team_scores` (`id`, `sum_individual_points`, `sum_relay_points`, `team_id`, `meeting_id`, `created_at`, `updated_at`, `rank`, `user_id`, `sum_team_points`, `meeting_individual_points`, `meeting_relay_points`, `meeting_team_points`, `season_individual_points`, `season_relay_points`, `season_team_points`, `season_id`, `team_affiliation_id`)
  VALUES (4204, 11429.37, 0.0, 154, 13281, '2015-02-26 22:50:23', '2015-02-26 22:50:23', 0, 1, 0.0, 0.0, 0.0, 0.0, 0.0, 0.0, 0.0, 132, 349);

INSERT INTO `meeting_team_scores` (`id`, `sum_individual_points`, `sum_relay_points`, `team_id`, `meeting_id`, `created_at`, `updated_at`, `rank`, `user_id`, `sum_team_points`, `meeting_individual_points`, `meeting_relay_points`, `meeting_team_points`, `season_individual_points`, `season_relay_points`, `season_team_points`, `season_id`, `team_affiliation_id`)
  VALUES (4205, 11383.49, 0.0, 67, 13281, '2015-02-26 22:50:24', '2015-02-26 22:50:24', 0, 1, 0.0, 0.0, 0.0, 0.0, 0.0, 0.0, 0.0, 132, 260);

INSERT INTO `meeting_team_scores` (`id`, `sum_individual_points`, `sum_relay_points`, `team_id`, `meeting_id`, `created_at`, `updated_at`, `rank`, `user_id`, `sum_team_points`, `meeting_individual_points`, `meeting_relay_points`, `meeting_team_points`, `season_individual_points`, `season_relay_points`, `season_team_points`, `season_id`, `team_affiliation_id`)
  VALUES (4206, 10434.46, 0.0, 42, 13281, '2015-02-26 22:50:24', '2015-02-26 22:50:24', 0, 1, 0.0, 0.0, 0.0, 0.0, 0.0, 0.0, 0.0, 132, 235);

INSERT INTO `meeting_team_scores` (`id`, `sum_individual_points`, `sum_relay_points`, `team_id`, `meeting_id`, `created_at`, `updated_at`, `rank`, `user_id`, `sum_team_points`, `meeting_individual_points`, `meeting_relay_points`, `meeting_team_points`, `season_individual_points`, `season_relay_points`, `season_team_points`, `season_id`, `team_affiliation_id`)
  VALUES (4207, 7651.55, 0.0, 74, 13281, '2015-02-26 22:50:24', '2015-02-26 22:50:24', 0, 1, 0.0, 0.0, 0.0, 0.0, 0.0, 0.0, 0.0, 132, 267);

INSERT INTO `meeting_team_scores` (`id`, `sum_individual_points`, `sum_relay_points`, `team_id`, `meeting_id`, `created_at`, `updated_at`, `rank`, `user_id`, `sum_team_points`, `meeting_individual_points`, `meeting_relay_points`, `meeting_team_points`, `season_individual_points`, `season_relay_points`, `season_team_points`, `season_id`, `team_affiliation_id`)
  VALUES (4208, 7568.21, 0.0, 516, 13281, '2015-02-26 22:50:24', '2015-02-26 22:50:24', 0, 1, 0.0, 0.0, 0.0, 0.0, 0.0, 0.0, 0.0, 132, 736);

INSERT INTO `meeting_team_scores` (`id`, `sum_individual_points`, `sum_relay_points`, `team_id`, `meeting_id`, `created_at`, `updated_at`, `rank`, `user_id`, `sum_team_points`, `meeting_individual_points`, `meeting_relay_points`, `meeting_team_points`, `season_individual_points`, `season_relay_points`, `season_team_points`, `season_id`, `team_affiliation_id`)
  VALUES (4209, 7349.35, 0.0, 420, 13281, '2015-02-26 22:50:24', '2015-02-26 22:50:24', 0, 1, 0.0, 0.0, 0.0, 0.0, 0.0, 0.0, 0.0, 132, 640);

INSERT INTO `meeting_team_scores` (`id`, `sum_individual_points`, `sum_relay_points`, `team_id`, `meeting_id`, `created_at`, `updated_at`, `rank`, `user_id`, `sum_team_points`, `meeting_individual_points`, `meeting_relay_points`, `meeting_team_points`, `season_individual_points`, `season_relay_points`, `season_team_points`, `season_id`, `team_affiliation_id`)
  VALUES (4210, 7300.88, 0.0, 361, 13281, '2015-02-26 22:50:24', '2015-02-26 22:50:24', 0, 1, 0.0, 0.0, 0.0, 0.0, 0.0, 0.0, 0.0, 132, 578);

INSERT INTO `meeting_team_scores` (`id`, `sum_individual_points`, `sum_relay_points`, `team_id`, `meeting_id`, `created_at`, `updated_at`, `rank`, `user_id`, `sum_team_points`, `meeting_individual_points`, `meeting_relay_points`, `meeting_team_points`, `season_individual_points`, `season_relay_points`, `season_team_points`, `season_id`, `team_affiliation_id`)
  VALUES (4211, 7280.29, 0.0, 518, 13281, '2015-02-26 22:50:24', '2015-02-26 22:50:24', 0, 1, 0.0, 0.0, 0.0, 0.0, 0.0, 0.0, 0.0, 132, 738);

INSERT INTO `meeting_team_scores` (`id`, `sum_individual_points`, `sum_relay_points`, `team_id`, `meeting_id`, `created_at`, `updated_at`, `rank`, `user_id`, `sum_team_points`, `meeting_individual_points`, `meeting_relay_points`, `meeting_team_points`, `season_individual_points`, `season_relay_points`, `season_team_points`, `season_id`, `team_affiliation_id`)
  VALUES (4212, 6856.18, 0.0, 73, 13281, '2015-02-26 22:50:24', '2015-02-26 22:50:24', 0, 1, 0.0, 0.0, 0.0, 0.0, 0.0, 0.0, 0.0, 132, 266);

INSERT INTO `meeting_team_scores` (`id`, `sum_individual_points`, `sum_relay_points`, `team_id`, `meeting_id`, `created_at`, `updated_at`, `rank`, `user_id`, `sum_team_points`, `meeting_individual_points`, `meeting_relay_points`, `meeting_team_points`, `season_individual_points`, `season_relay_points`, `season_team_points`, `season_id`, `team_affiliation_id`)
  VALUES (4213, 6275.27, 0.0, 114, 13281, '2015-02-26 22:50:25', '2015-02-26 22:50:25', 0, 1, 0.0, 0.0, 0.0, 0.0, 0.0, 0.0, 0.0, 132, 307);

INSERT INTO `meeting_team_scores` (`id`, `sum_individual_points`, `sum_relay_points`, `team_id`, `meeting_id`, `created_at`, `updated_at`, `rank`, `user_id`, `sum_team_points`, `meeting_individual_points`, `meeting_relay_points`, `meeting_team_points`, `season_individual_points`, `season_relay_points`, `season_team_points`, `season_id`, `team_affiliation_id`)
  VALUES (4214, 6263.26, 0.0, 68, 13281, '2015-02-26 22:50:25', '2015-02-26 22:50:25', 0, 1, 0.0, 0.0, 0.0, 0.0, 0.0, 0.0, 0.0, 132, 261);

INSERT INTO `meeting_team_scores` (`id`, `sum_individual_points`, `sum_relay_points`, `team_id`, `meeting_id`, `created_at`, `updated_at`, `rank`, `user_id`, `sum_team_points`, `meeting_individual_points`, `meeting_relay_points`, `meeting_team_points`, `season_individual_points`, `season_relay_points`, `season_team_points`, `season_id`, `team_affiliation_id`)
  VALUES (4215, 5981.95, 0.0, 333, 13281, '2015-02-26 22:50:25', '2015-02-26 22:50:25', 0, 1, 0.0, 0.0, 0.0, 0.0, 0.0, 0.0, 0.0, 132, 550);

INSERT INTO `meeting_team_scores` (`id`, `sum_individual_points`, `sum_relay_points`, `team_id`, `meeting_id`, `created_at`, `updated_at`, `rank`, `user_id`, `sum_team_points`, `meeting_individual_points`, `meeting_relay_points`, `meeting_team_points`, `season_individual_points`, `season_relay_points`, `season_team_points`, `season_id`, `team_affiliation_id`)
  VALUES (4216, 5405.66, 0.0, 164, 13281, '2015-02-26 22:50:25', '2015-02-26 22:50:25', 0, 1, 0.0, 0.0, 0.0, 0.0, 0.0, 0.0, 0.0, 132, 359);

INSERT INTO `meeting_team_scores` (`id`, `sum_individual_points`, `sum_relay_points`, `team_id`, `meeting_id`, `created_at`, `updated_at`, `rank`, `user_id`, `sum_team_points`, `meeting_individual_points`, `meeting_relay_points`, `meeting_team_points`, `season_individual_points`, `season_relay_points`, `season_team_points`, `season_id`, `team_affiliation_id`)
  VALUES (4217, 5321.0, 0.0, 99, 13281, '2015-02-26 22:50:25', '2015-02-26 22:50:25', 0, 1, 0.0, 0.0, 0.0, 0.0, 0.0, 0.0, 0.0, 132, 292);

INSERT INTO `meeting_team_scores` (`id`, `sum_individual_points`, `sum_relay_points`, `team_id`, `meeting_id`, `created_at`, `updated_at`, `rank`, `user_id`, `sum_team_points`, `meeting_individual_points`, `meeting_relay_points`, `meeting_team_points`, `season_individual_points`, `season_relay_points`, `season_team_points`, `season_id`, `team_affiliation_id`)
  VALUES (4218, 4940.85, 0.0, 108, 13281, '2015-02-26 22:50:26', '2015-02-26 22:50:26', 0, 1, 0.0, 0.0, 0.0, 0.0, 0.0, 0.0, 0.0, 132, 301);

INSERT INTO `meeting_team_scores` (`id`, `sum_individual_points`, `sum_relay_points`, `team_id`, `meeting_id`, `created_at`, `updated_at`, `rank`, `user_id`, `sum_team_points`, `meeting_individual_points`, `meeting_relay_points`, `meeting_team_points`, `season_individual_points`, `season_relay_points`, `season_team_points`, `season_id`, `team_affiliation_id`)
  VALUES (4219, 4545.8, 0.0, 456, 13281, '2015-02-26 22:50:26', '2015-02-26 22:50:26', 0, 1, 0.0, 0.0, 0.0, 0.0, 0.0, 0.0, 0.0, 132, 676);

INSERT INTO `meeting_team_scores` (`id`, `sum_individual_points`, `sum_relay_points`, `team_id`, `meeting_id`, `created_at`, `updated_at`, `rank`, `user_id`, `sum_team_points`, `meeting_individual_points`, `meeting_relay_points`, `meeting_team_points`, `season_individual_points`, `season_relay_points`, `season_team_points`, `season_id`, `team_affiliation_id`)
  VALUES (4220, 3828.86, 0.0, 450, 13281, '2015-02-26 22:50:26', '2015-02-26 22:50:26', 0, 1, 0.0, 0.0, 0.0, 0.0, 0.0, 0.0, 0.0, 132, 670);

INSERT INTO `meeting_team_scores` (`id`, `sum_individual_points`, `sum_relay_points`, `team_id`, `meeting_id`, `created_at`, `updated_at`, `rank`, `user_id`, `sum_team_points`, `meeting_individual_points`, `meeting_relay_points`, `meeting_team_points`, `season_individual_points`, `season_relay_points`, `season_team_points`, `season_id`, `team_affiliation_id`)
  VALUES (4221, 3714.84, 0.0, 175, 13281, '2015-02-26 22:50:26', '2015-02-26 22:50:26', 0, 1, 0.0, 0.0, 0.0, 0.0, 0.0, 0.0, 0.0, 132, 370);

INSERT INTO `meeting_team_scores` (`id`, `sum_individual_points`, `sum_relay_points`, `team_id`, `meeting_id`, `created_at`, `updated_at`, `rank`, `user_id`, `sum_team_points`, `meeting_individual_points`, `meeting_relay_points`, `meeting_team_points`, `season_individual_points`, `season_relay_points`, `season_team_points`, `season_id`, `team_affiliation_id`)
  VALUES (4222, 3353.9, 0.0, 469, 13281, '2015-02-26 22:50:26', '2015-02-26 22:50:26', 0, 1, 0.0, 0.0, 0.0, 0.0, 0.0, 0.0, 0.0, 132, 689);

INSERT INTO `meeting_team_scores` (`id`, `sum_individual_points`, `sum_relay_points`, `team_id`, `meeting_id`, `created_at`, `updated_at`, `rank`, `user_id`, `sum_team_points`, `meeting_individual_points`, `meeting_relay_points`, `meeting_team_points`, `season_individual_points`, `season_relay_points`, `season_team_points`, `season_id`, `team_affiliation_id`)
  VALUES (4223, 3344.02, 0.0, 162, 13281, '2015-02-26 22:50:26', '2015-02-26 22:50:26', 0, 1, 0.0, 0.0, 0.0, 0.0, 0.0, 0.0, 0.0, 132, 357);

INSERT INTO `meeting_team_scores` (`id`, `sum_individual_points`, `sum_relay_points`, `team_id`, `meeting_id`, `created_at`, `updated_at`, `rank`, `user_id`, `sum_team_points`, `meeting_individual_points`, `meeting_relay_points`, `meeting_team_points`, `season_individual_points`, `season_relay_points`, `season_team_points`, `season_id`, `team_affiliation_id`)
  VALUES (4224, 3222.57, 0.0, 168, 13281, '2015-02-26 22:50:26', '2015-02-26 22:50:26', 0, 1, 0.0, 0.0, 0.0, 0.0, 0.0, 0.0, 0.0, 132, 363);

INSERT INTO `meeting_team_scores` (`id`, `sum_individual_points`, `sum_relay_points`, `team_id`, `meeting_id`, `created_at`, `updated_at`, `rank`, `user_id`, `sum_team_points`, `meeting_individual_points`, `meeting_relay_points`, `meeting_team_points`, `season_individual_points`, `season_relay_points`, `season_team_points`, `season_id`, `team_affiliation_id`)
  VALUES (4225, 3047.25, 0.0, 144, 13281, '2015-02-26 22:50:26', '2015-02-26 22:50:26', 0, 1, 0.0, 0.0, 0.0, 0.0, 0.0, 0.0, 0.0, 132, 339);

INSERT INTO `meeting_team_scores` (`id`, `sum_individual_points`, `sum_relay_points`, `team_id`, `meeting_id`, `created_at`, `updated_at`, `rank`, `user_id`, `sum_team_points`, `meeting_individual_points`, `meeting_relay_points`, `meeting_team_points`, `season_individual_points`, `season_relay_points`, `season_team_points`, `season_id`, `team_affiliation_id`)
  VALUES (4226, 2929.56, 0.0, 169, 13281, '2015-02-26 22:50:27', '2015-02-26 22:50:27', 0, 1, 0.0, 0.0, 0.0, 0.0, 0.0, 0.0, 0.0, 132, 364);

INSERT INTO `meeting_team_scores` (`id`, `sum_individual_points`, `sum_relay_points`, `team_id`, `meeting_id`, `created_at`, `updated_at`, `rank`, `user_id`, `sum_team_points`, `meeting_individual_points`, `meeting_relay_points`, `meeting_team_points`, `season_individual_points`, `season_relay_points`, `season_team_points`, `season_id`, `team_affiliation_id`)
  VALUES (4227, 2887.71, 0.0, 307, 13281, '2015-02-26 22:50:27', '2015-02-26 22:50:27', 0, 1, 0.0, 0.0, 0.0, 0.0, 0.0, 0.0, 0.0, 132, 524);

INSERT INTO `meeting_team_scores` (`id`, `sum_individual_points`, `sum_relay_points`, `team_id`, `meeting_id`, `created_at`, `updated_at`, `rank`, `user_id`, `sum_team_points`, `meeting_individual_points`, `meeting_relay_points`, `meeting_team_points`, `season_individual_points`, `season_relay_points`, `season_team_points`, `season_id`, `team_affiliation_id`)
  VALUES (4228, 2787.0, 0.0, 462, 13281, '2015-02-26 22:50:27', '2015-02-26 22:50:27', 0, 1, 0.0, 0.0, 0.0, 0.0, 0.0, 0.0, 0.0, 132, 682);

INSERT INTO `meeting_team_scores` (`id`, `sum_individual_points`, `sum_relay_points`, `team_id`, `meeting_id`, `created_at`, `updated_at`, `rank`, `user_id`, `sum_team_points`, `meeting_individual_points`, `meeting_relay_points`, `meeting_team_points`, `season_individual_points`, `season_relay_points`, `season_team_points`, `season_id`, `team_affiliation_id`)
  VALUES (4229, 2263.36, 0.0, 467, 13281, '2015-02-26 22:50:27', '2015-02-26 22:50:27', 0, 1, 0.0, 0.0, 0.0, 0.0, 0.0, 0.0, 0.0, 132, 687);

INSERT INTO `meeting_team_scores` (`id`, `sum_individual_points`, `sum_relay_points`, `team_id`, `meeting_id`, `created_at`, `updated_at`, `rank`, `user_id`, `sum_team_points`, `meeting_individual_points`, `meeting_relay_points`, `meeting_team_points`, `season_individual_points`, `season_relay_points`, `season_team_points`, `season_id`, `team_affiliation_id`)
  VALUES (4230, 2217.84, 0.0, 177, 13281, '2015-02-26 22:50:27', '2015-02-26 22:50:27', 0, 1, 0.0, 0.0, 0.0, 0.0, 0.0, 0.0, 0.0, 132, 372);

INSERT INTO `meeting_team_scores` (`id`, `sum_individual_points`, `sum_relay_points`, `team_id`, `meeting_id`, `created_at`, `updated_at`, `rank`, `user_id`, `sum_team_points`, `meeting_individual_points`, `meeting_relay_points`, `meeting_team_points`, `season_individual_points`, `season_relay_points`, `season_team_points`, `season_id`, `team_affiliation_id`)
  VALUES (4231, 1642.83, 0.0, 699, 13281, '2015-02-26 22:50:27', '2015-02-26 22:50:27', 0, 1, 0.0, 0.0, 0.0, 0.0, 0.0, 0.0, 0.0, 132, 919);

INSERT INTO `meeting_team_scores` (`id`, `sum_individual_points`, `sum_relay_points`, `team_id`, `meeting_id`, `created_at`, `updated_at`, `rank`, `user_id`, `sum_team_points`, `meeting_individual_points`, `meeting_relay_points`, `meeting_team_points`, `season_individual_points`, `season_relay_points`, `season_team_points`, `season_id`, `team_affiliation_id`)
  VALUES (4232, 1564.09, 0.0, 272, 13281, '2015-02-26 22:50:27', '2015-02-26 22:50:27', 0, 1, 0.0, 0.0, 0.0, 0.0, 0.0, 0.0, 0.0, 132, 469);

INSERT INTO `meeting_team_scores` (`id`, `sum_individual_points`, `sum_relay_points`, `team_id`, `meeting_id`, `created_at`, `updated_at`, `rank`, `user_id`, `sum_team_points`, `meeting_individual_points`, `meeting_relay_points`, `meeting_team_points`, `season_individual_points`, `season_relay_points`, `season_team_points`, `season_id`, `team_affiliation_id`)
  VALUES (4233, 1552.38, 0.0, 373, 13281, '2015-02-26 22:50:28', '2015-02-26 22:50:28', 0, 1, 0.0, 0.0, 0.0, 0.0, 0.0, 0.0, 0.0, 132, 593);

INSERT INTO `meeting_team_scores` (`id`, `sum_individual_points`, `sum_relay_points`, `team_id`, `meeting_id`, `created_at`, `updated_at`, `rank`, `user_id`, `sum_team_points`, `meeting_individual_points`, `meeting_relay_points`, `meeting_team_points`, `season_individual_points`, `season_relay_points`, `season_team_points`, `season_id`, `team_affiliation_id`)
  VALUES (4234, 1527.99, 0.0, 233, 13281, '2015-02-26 22:50:28', '2015-02-26 22:50:28', 0, 1, 0.0, 0.0, 0.0, 0.0, 0.0, 0.0, 0.0, 132, 428);

INSERT INTO `meeting_team_scores` (`id`, `sum_individual_points`, `sum_relay_points`, `team_id`, `meeting_id`, `created_at`, `updated_at`, `rank`, `user_id`, `sum_team_points`, `meeting_individual_points`, `meeting_relay_points`, `meeting_team_points`, `season_individual_points`, `season_relay_points`, `season_team_points`, `season_id`, `team_affiliation_id`)
  VALUES (4235, 1439.48, 0.0, 451, 13281, '2015-02-26 22:50:28', '2015-02-26 22:50:28', 0, 1, 0.0, 0.0, 0.0, 0.0, 0.0, 0.0, 0.0, 132, 671);

INSERT INTO `meeting_team_scores` (`id`, `sum_individual_points`, `sum_relay_points`, `team_id`, `meeting_id`, `created_at`, `updated_at`, `rank`, `user_id`, `sum_team_points`, `meeting_individual_points`, `meeting_relay_points`, `meeting_team_points`, `season_individual_points`, `season_relay_points`, `season_team_points`, `season_id`, `team_affiliation_id`)
  VALUES (4236, 1429.28, 0.0, 255, 13281, '2015-02-26 22:50:28', '2015-02-26 22:50:28', 0, 1, 0.0, 0.0, 0.0, 0.0, 0.0, 0.0, 0.0, 132, 452);

INSERT INTO `meeting_team_scores` (`id`, `sum_individual_points`, `sum_relay_points`, `team_id`, `meeting_id`, `created_at`, `updated_at`, `rank`, `user_id`, `sum_team_points`, `meeting_individual_points`, `meeting_relay_points`, `meeting_team_points`, `season_individual_points`, `season_relay_points`, `season_team_points`, `season_id`, `team_affiliation_id`)
  VALUES (4237, 1225.52, 0.0, 204, 13281, '2015-02-26 22:50:28', '2015-02-26 22:50:28', 0, 1, 0.0, 0.0, 0.0, 0.0, 0.0, 0.0, 0.0, 132, 399);

INSERT INTO `meeting_team_scores` (`id`, `sum_individual_points`, `sum_relay_points`, `team_id`, `meeting_id`, `created_at`, `updated_at`, `rank`, `user_id`, `sum_team_points`, `meeting_individual_points`, `meeting_relay_points`, `meeting_team_points`, `season_individual_points`, `season_relay_points`, `season_team_points`, `season_id`, `team_affiliation_id`)
  VALUES (4238, 1051.51, 0.0, 113, 13281, '2015-02-26 22:50:28', '2015-02-26 22:50:28', 0, 1, 0.0, 0.0, 0.0, 0.0, 0.0, 0.0, 0.0, 132, 306);

INSERT INTO `meeting_team_scores` (`id`, `sum_individual_points`, `sum_relay_points`, `team_id`, `meeting_id`, `created_at`, `updated_at`, `rank`, `user_id`, `sum_team_points`, `meeting_individual_points`, `meeting_relay_points`, `meeting_team_points`, `season_individual_points`, `season_relay_points`, `season_team_points`, `season_id`, `team_affiliation_id`)
  VALUES (4239, 904.14, 0.0, 449, 13281, '2015-02-26 22:50:28', '2015-02-26 22:50:28', 0, 1, 0.0, 0.0, 0.0, 0.0, 0.0, 0.0, 0.0, 132, 669);

INSERT INTO `meeting_team_scores` (`id`, `sum_individual_points`, `sum_relay_points`, `team_id`, `meeting_id`, `created_at`, `updated_at`, `rank`, `user_id`, `sum_team_points`, `meeting_individual_points`, `meeting_relay_points`, `meeting_team_points`, `season_individual_points`, `season_relay_points`, `season_team_points`, `season_id`, `team_affiliation_id`)
  VALUES (4240, 850.7, 0.0, 159, 13281, '2015-02-26 22:50:28', '2015-02-26 22:50:28', 0, 1, 0.0, 0.0, 0.0, 0.0, 0.0, 0.0, 0.0, 132, 354);

INSERT INTO `meeting_team_scores` (`id`, `sum_individual_points`, `sum_relay_points`, `team_id`, `meeting_id`, `created_at`, `updated_at`, `rank`, `user_id`, `sum_team_points`, `meeting_individual_points`, `meeting_relay_points`, `meeting_team_points`, `season_individual_points`, `season_relay_points`, `season_team_points`, `season_id`, `team_affiliation_id`)
  VALUES (4241, 816.7, 0.0, 595, 13281, '2015-02-26 22:50:29', '2015-02-26 22:50:29', 0, 1, 0.0, 0.0, 0.0, 0.0, 0.0, 0.0, 0.0, 132, 815);

INSERT INTO `meeting_team_scores` (`id`, `sum_individual_points`, `sum_relay_points`, `team_id`, `meeting_id`, `created_at`, `updated_at`, `rank`, `user_id`, `sum_team_points`, `meeting_individual_points`, `meeting_relay_points`, `meeting_team_points`, `season_individual_points`, `season_relay_points`, `season_team_points`, `season_id`, `team_affiliation_id`)
  VALUES (4242, 771.75, 0.0, 400, 13281, '2015-02-26 22:50:29', '2015-02-26 22:50:29', 0, 1, 0.0, 0.0, 0.0, 0.0, 0.0, 0.0, 0.0, 132, 620);

INSERT INTO `meeting_team_scores` (`id`, `sum_individual_points`, `sum_relay_points`, `team_id`, `meeting_id`, `created_at`, `updated_at`, `rank`, `user_id`, `sum_team_points`, `meeting_individual_points`, `meeting_relay_points`, `meeting_team_points`, `season_individual_points`, `season_relay_points`, `season_team_points`, `season_id`, `team_affiliation_id`)
  VALUES (4243, 748.92, 0.0, 421, 13281, '2015-02-26 22:50:29', '2015-02-26 22:50:29', 0, 1, 0.0, 0.0, 0.0, 0.0, 0.0, 0.0, 0.0, 132, 641);

INSERT INTO `meeting_team_scores` (`id`, `sum_individual_points`, `sum_relay_points`, `team_id`, `meeting_id`, `created_at`, `updated_at`, `rank`, `user_id`, `sum_team_points`, `meeting_individual_points`, `meeting_relay_points`, `meeting_team_points`, `season_individual_points`, `season_relay_points`, `season_team_points`, `season_id`, `team_affiliation_id`)
  VALUES (4244, 697.55, 0.0, 559, 13281, '2015-02-26 22:50:29', '2015-02-26 22:50:29', 0, 1, 0.0, 0.0, 0.0, 0.0, 0.0, 0.0, 0.0, 132, 779);


-- Meeting 13281
-- 'Results acquired' flag setting:
UPDATE meetings SET are_results_acquired = '1' WHERE id = 13281;

-- --- BeginTimeCalculator: compute_for_all( 13281 )
-- ----------------------------------------------------
-- Using RESULTS to compute heat length.

-- Event #1, M.Prg: 19482, tot. athletes: 1
-- Tot. progr. duration: 132 (sec), Heat durations: [13288] (hds)
-- Session begin time: 2014-03-16 08:30:00 +0100, Computed begin time: 2014-03-16 08:32:00 +0100
UPDATE meeting_programs SET begin_time = '2014-03-16 08:32' WHERE id = 19482;

-- Event #1, M.Prg: 19640, tot. athletes: 0
-- Tot. progr. duration: 0 (sec), Heat durations: [] (hds)
-- Session begin time: 2014-03-16 08:30:00 +0100, Computed begin time: 2014-03-16 08:34:12 +0100
UPDATE meeting_programs SET begin_time = '2014-03-16 08:34' WHERE id = 19640;

-- Event #2, M.Prg: 19483, tot. athletes: 3
-- Tot. progr. duration: 166 (sec), Heat durations: [16632] (hds)
-- Session begin time: 2014-03-16 08:30:00 +0100, Computed begin time: 2014-03-16 08:34:12 +0100
UPDATE meeting_programs SET begin_time = '2014-03-16 08:34' WHERE id = 19483;

-- Event #2, M.Prg: 19641, tot. athletes: 0
-- Tot. progr. duration: 0 (sec), Heat durations: [] (hds)
-- Session begin time: 2014-03-16 08:30:00 +0100, Computed begin time: 2014-03-16 08:36:58 +0100
UPDATE meeting_programs SET begin_time = '2014-03-16 08:36' WHERE id = 19641;

-- Event #3, M.Prg: 19642, tot. athletes: 0
-- Tot. progr. duration: 0 (sec), Heat durations: [] (hds)
-- Session begin time: 2014-03-16 08:30:00 +0100, Computed begin time: 2014-03-16 08:36:58 +0100
UPDATE meeting_programs SET begin_time = '2014-03-16 08:36' WHERE id = 19642;

-- Event #3, M.Prg: 19484, tot. athletes: 1
-- Tot. progr. duration: 159 (sec), Heat durations: [15975] (hds)
-- Session begin time: 2014-03-16 08:30:00 +0100, Computed begin time: 2014-03-16 08:36:58 +0100
UPDATE meeting_programs SET begin_time = '2014-03-16 08:36' WHERE id = 19484;

-- Event #4, M.Prg: 19643, tot. athletes: 0
-- Tot. progr. duration: 0 (sec), Heat durations: [] (hds)
-- Session begin time: 2014-03-16 08:30:00 +0100, Computed begin time: 2014-03-16 08:39:37 +0100
UPDATE meeting_programs SET begin_time = '2014-03-16 08:39' WHERE id = 19643;

-- Event #4, M.Prg: 19485, tot. athletes: 4
-- Tot. progr. duration: 173 (sec), Heat durations: [17392] (hds)
-- Session begin time: 2014-03-16 08:30:00 +0100, Computed begin time: 2014-03-16 08:39:37 +0100
UPDATE meeting_programs SET begin_time = '2014-03-16 08:39' WHERE id = 19485;

-- Event #5, M.Prg: 19486, tot. athletes: 1
-- Tot. progr. duration: 156 (sec), Heat durations: [15674] (hds)
-- Session begin time: 2014-03-16 08:30:00 +0100, Computed begin time: 2014-03-16 08:42:30 +0100
UPDATE meeting_programs SET begin_time = '2014-03-16 08:42' WHERE id = 19486;

-- Event #6, M.Prg: 19487, tot. athletes: 1
-- Tot. progr. duration: 240 (sec), Heat durations: [24046] (hds)
-- Session begin time: 2014-03-16 08:30:00 +0100, Computed begin time: 2014-03-16 08:45:06 +0100
UPDATE meeting_programs SET begin_time = '2014-03-16 08:45' WHERE id = 19487;

-- Event #7, M.Prg: 19488, tot. athletes: 4
-- Tot. progr. duration: 147 (sec), Heat durations: [14723] (hds)
-- Session begin time: 2014-03-16 08:30:00 +0100, Computed begin time: 2014-03-16 08:49:06 +0100
UPDATE meeting_programs SET begin_time = '2014-03-16 08:49' WHERE id = 19488;

-- Event #8, M.Prg: 19489, tot. athletes: 3
-- Tot. progr. duration: 130 (sec), Heat durations: [13079] (hds)
-- Session begin time: 2014-03-16 08:30:00 +0100, Computed begin time: 2014-03-16 08:51:33 +0100
UPDATE meeting_programs SET begin_time = '2014-03-16 08:51' WHERE id = 19489;

-- Event #9, M.Prg: 19490, tot. athletes: 2
-- Tot. progr. duration: 142 (sec), Heat durations: [14256] (hds)
-- Session begin time: 2014-03-16 08:30:00 +0100, Computed begin time: 2014-03-16 08:53:43 +0100
UPDATE meeting_programs SET begin_time = '2014-03-16 08:53' WHERE id = 19490;

-- Event #10, M.Prg: 19491, tot. athletes: 2
-- Tot. progr. duration: 152 (sec), Heat durations: [15203] (hds)
-- Session begin time: 2014-03-16 08:30:00 +0100, Computed begin time: 2014-03-16 08:56:05 +0100
UPDATE meeting_programs SET begin_time = '2014-03-16 08:56' WHERE id = 19491;

-- Event #11, M.Prg: 19492, tot. athletes: 5
-- Tot. progr. duration: 154 (sec), Heat durations: [15497] (hds)
-- Session begin time: 2014-03-16 08:30:00 +0100, Computed begin time: 2014-03-16 08:58:37 +0100
UPDATE meeting_programs SET begin_time = '2014-03-16 08:58' WHERE id = 19492;

-- Event #12, M.Prg: 19493, tot. athletes: 2
-- Tot. progr. duration: 158 (sec), Heat durations: [15824] (hds)
-- Session begin time: 2014-03-16 08:30:00 +0100, Computed begin time: 2014-03-16 09:01:11 +0100
UPDATE meeting_programs SET begin_time = '2014-03-16 09:01' WHERE id = 19493;

-- Event #13, M.Prg: 19494, tot. athletes: 5
-- Tot. progr. duration: 151 (sec), Heat durations: [15100] (hds)
-- Session begin time: 2014-03-16 08:30:00 +0100, Computed begin time: 2014-03-16 09:03:49 +0100
UPDATE meeting_programs SET begin_time = '2014-03-16 09:03' WHERE id = 19494;

-- Event #14, M.Prg: 19495, tot. athletes: 1
-- Tot. progr. duration: 155 (sec), Heat durations: [15525] (hds)
-- Session begin time: 2014-03-16 08:30:00 +0100, Computed begin time: 2014-03-16 09:06:20 +0100
UPDATE meeting_programs SET begin_time = '2014-03-16 09:06' WHERE id = 19495;

-- Event #15, M.Prg: 19496, tot. athletes: 1
-- Tot. progr. duration: 138 (sec), Heat durations: [13874] (hds)
-- Session begin time: 2014-03-16 08:30:00 +0100, Computed begin time: 2014-03-16 09:08:55 +0100
UPDATE meeting_programs SET begin_time = '2014-03-16 09:08' WHERE id = 19496;

-- Event #16, M.Prg: 19497, tot. athletes: 1
-- Tot. progr. duration: 171 (sec), Heat durations: [17105] (hds)
-- Session begin time: 2014-03-16 08:30:00 +0100, Computed begin time: 2014-03-16 09:11:13 +0100
UPDATE meeting_programs SET begin_time = '2014-03-16 09:11' WHERE id = 19497;

-- Event #17, M.Prg: 19498, tot. athletes: 1
-- Tot. progr. duration: 152 (sec), Heat durations: [15204] (hds)
-- Session begin time: 2014-03-16 08:30:00 +0100, Computed begin time: 2014-03-16 09:14:04 +0100
UPDATE meeting_programs SET begin_time = '2014-03-16 09:14' WHERE id = 19498;

-- Event #18, M.Prg: 19499, tot. athletes: 3
-- Tot. progr. duration: 146 (sec), Heat durations: [14644] (hds)
-- Session begin time: 2014-03-16 08:30:00 +0100, Computed begin time: 2014-03-16 09:16:36 +0100
UPDATE meeting_programs SET begin_time = '2014-03-16 09:16' WHERE id = 19499;

-- Event #19, M.Prg: 19500, tot. athletes: 2
-- Tot. progr. duration: 133 (sec), Heat durations: [13304] (hds)
-- Session begin time: 2014-03-16 08:30:00 +0100, Computed begin time: 2014-03-16 09:19:02 +0100
UPDATE meeting_programs SET begin_time = '2014-03-16 09:19' WHERE id = 19500;

-- Event #20, M.Prg: 19501, tot. athletes: 1
-- Tot. progr. duration: 145 (sec), Heat durations: [14577] (hds)
-- Session begin time: 2014-03-16 08:30:00 +0100, Computed begin time: 2014-03-16 09:21:15 +0100
UPDATE meeting_programs SET begin_time = '2014-03-16 09:21' WHERE id = 19501;

-- Event #21, M.Prg: 19502, tot. athletes: 1
-- Tot. progr. duration: 135 (sec), Heat durations: [13596] (hds)
-- Session begin time: 2014-03-16 08:30:00 +0100, Computed begin time: 2014-03-16 09:23:40 +0100
UPDATE meeting_programs SET begin_time = '2014-03-16 09:23' WHERE id = 19502;

-- Event #22, M.Prg: 19503, tot. athletes: 1
-- Tot. progr. duration: 154 (sec), Heat durations: [15490] (hds)
-- Session begin time: 2014-03-16 08:30:00 +0100, Computed begin time: 2014-03-16 09:25:55 +0100
UPDATE meeting_programs SET begin_time = '2014-03-16 09:25' WHERE id = 19503;

-- Event #23, M.Prg: 19504, tot. athletes: 1
-- Tot. progr. duration: 118 (sec), Heat durations: [11845] (hds)
-- Session begin time: 2014-03-16 08:30:00 +0100, Computed begin time: 2014-03-16 09:28:29 +0100
UPDATE meeting_programs SET begin_time = '2014-03-16 09:28' WHERE id = 19504;

-- Event #24, M.Prg: 19505, tot. athletes: 6
-- Tot. progr. duration: 143 (sec), Heat durations: [14341] (hds)
-- Session begin time: 2014-03-16 08:30:00 +0100, Computed begin time: 2014-03-16 09:30:27 +0100
UPDATE meeting_programs SET begin_time = '2014-03-16 09:30' WHERE id = 19505;

-- Event #25, M.Prg: 19506, tot. athletes: 3
-- Tot. progr. duration: 143 (sec), Heat durations: [14335] (hds)
-- Session begin time: 2014-03-16 08:30:00 +0100, Computed begin time: 2014-03-16 09:32:50 +0100
UPDATE meeting_programs SET begin_time = '2014-03-16 09:32' WHERE id = 19506;

-- Event #26, M.Prg: 19507, tot. athletes: 2
-- Tot. progr. duration: 138 (sec), Heat durations: [13801] (hds)
-- Session begin time: 2014-03-16 08:30:00 +0100, Computed begin time: 2014-03-16 09:35:13 +0100
UPDATE meeting_programs SET begin_time = '2014-03-16 09:35' WHERE id = 19507;

-- Event #27, M.Prg: 19508, tot. athletes: 1
-- Tot. progr. duration: 119 (sec), Heat durations: [11965] (hds)
-- Session begin time: 2014-03-16 08:30:00 +0100, Computed begin time: 2014-03-16 09:37:31 +0100
UPDATE meeting_programs SET begin_time = '2014-03-16 09:37' WHERE id = 19508;

-- Event #28, M.Prg: 19509, tot. athletes: 1
-- Tot. progr. duration: 179 (sec), Heat durations: [17968] (hds)
-- Session begin time: 2014-03-16 08:30:00 +0100, Computed begin time: 2014-03-16 09:39:30 +0100
UPDATE meeting_programs SET begin_time = '2014-03-16 09:39' WHERE id = 19509;

-- Event #29, M.Prg: 19510, tot. athletes: 2
-- Tot. progr. duration: 134 (sec), Heat durations: [13418] (hds)
-- Session begin time: 2014-03-16 08:30:00 +0100, Computed begin time: 2014-03-16 09:42:29 +0100
UPDATE meeting_programs SET begin_time = '2014-03-16 09:42' WHERE id = 19510;

-- Event #30, M.Prg: 19511, tot. athletes: 6
-- Tot. progr. duration: 156 (sec), Heat durations: [15654] (hds)
-- Session begin time: 2014-03-16 08:30:00 +0100, Computed begin time: 2014-03-16 09:44:43 +0100
UPDATE meeting_programs SET begin_time = '2014-03-16 09:44' WHERE id = 19511;

-- Event #31, M.Prg: 19512, tot. athletes: 2
-- Tot. progr. duration: 178 (sec), Heat durations: [17862] (hds)
-- Session begin time: 2014-03-16 08:30:00 +0100, Computed begin time: 2014-03-16 09:47:19 +0100
UPDATE meeting_programs SET begin_time = '2014-03-16 09:47' WHERE id = 19512;

-- Event #32, M.Prg: 19513, tot. athletes: 2
-- Tot. progr. duration: 179 (sec), Heat durations: [17930] (hds)
-- Session begin time: 2014-03-16 08:30:00 +0100, Computed begin time: 2014-03-16 09:50:17 +0100
UPDATE meeting_programs SET begin_time = '2014-03-16 09:50' WHERE id = 19513;

-- Event #33, M.Prg: 19514, tot. athletes: 2
-- Tot. progr. duration: 163 (sec), Heat durations: [16304] (hds)
-- Session begin time: 2014-03-16 08:30:00 +0100, Computed begin time: 2014-03-16 09:53:16 +0100
UPDATE meeting_programs SET begin_time = '2014-03-16 09:53' WHERE id = 19514;

-- Event #34, M.Prg: 19515, tot. athletes: 3
-- Tot. progr. duration: 171 (sec), Heat durations: [17158] (hds)
-- Session begin time: 2014-03-16 08:30:00 +0100, Computed begin time: 2014-03-16 09:55:59 +0100
UPDATE meeting_programs SET begin_time = '2014-03-16 09:55' WHERE id = 19515;

-- Event #35, M.Prg: 19516, tot. athletes: 1
-- Tot. progr. duration: 166 (sec), Heat durations: [16698] (hds)
-- Session begin time: 2014-03-16 08:30:00 +0100, Computed begin time: 2014-03-16 09:58:50 +0100
UPDATE meeting_programs SET begin_time = '2014-03-16 09:58' WHERE id = 19516;

-- Event #36, M.Prg: 19517, tot. athletes: 2
-- Tot. progr. duration: 163 (sec), Heat durations: [16344] (hds)
-- Session begin time: 2014-03-16 08:30:00 +0100, Computed begin time: 2014-03-16 10:01:36 +0100
UPDATE meeting_programs SET begin_time = '2014-03-16 10:01' WHERE id = 19517;

-- Event #37, M.Prg: 19518, tot. athletes: 7
-- Tot. progr. duration: 153 (sec), Heat durations: [15397] (hds)
-- Session begin time: 2014-03-16 08:30:00 +0100, Computed begin time: 2014-03-16 10:04:19 +0100
UPDATE meeting_programs SET begin_time = '2014-03-16 10:04' WHERE id = 19518;

-- Event #38, M.Prg: 19519, tot. athletes: 9
-- Tot. progr. duration: 263 (sec), Heat durations: [13866, 12526] (hds)
-- Session begin time: 2014-03-16 08:30:00 +0100, Computed begin time: 2014-03-16 10:06:52 +0100
UPDATE meeting_programs SET begin_time = '2014-03-16 10:06' WHERE id = 19519;

-- Event #39, M.Prg: 19520, tot. athletes: 8
-- Tot. progr. duration: 149 (sec), Heat durations: [14951] (hds)
-- Session begin time: 2014-03-16 08:30:00 +0100, Computed begin time: 2014-03-16 10:11:15 +0100
UPDATE meeting_programs SET begin_time = '2014-03-16 10:11' WHERE id = 19520;

-- Event #40, M.Prg: 19521, tot. athletes: 12
-- Tot. progr. duration: 288 (sec), Heat durations: [15179, 13708] (hds)
-- Session begin time: 2014-03-16 08:30:00 +0100, Computed begin time: 2014-03-16 10:13:44 +0100
UPDATE meeting_programs SET begin_time = '2014-03-16 10:13' WHERE id = 19521;

-- Event #41, M.Prg: 19522, tot. athletes: 11
-- Tot. progr. duration: 275 (sec), Heat durations: [14712, 12815] (hds)
-- Session begin time: 2014-03-16 08:30:00 +0100, Computed begin time: 2014-03-16 10:18:32 +0100
UPDATE meeting_programs SET begin_time = '2014-03-16 10:18' WHERE id = 19522;

-- Event #42, M.Prg: 19523, tot. athletes: 5
-- Tot. progr. duration: 153 (sec), Heat durations: [15325] (hds)
-- Session begin time: 2014-03-16 08:30:00 +0100, Computed begin time: 2014-03-16 10:23:07 +0100
UPDATE meeting_programs SET begin_time = '2014-03-16 10:23' WHERE id = 19523;

-- Event #43, M.Prg: 19524, tot. athletes: 8
-- Tot. progr. duration: 155 (sec), Heat durations: [15580] (hds)
-- Session begin time: 2014-03-16 08:30:00 +0100, Computed begin time: 2014-03-16 10:25:40 +0100
UPDATE meeting_programs SET begin_time = '2014-03-16 10:25' WHERE id = 19524;

-- Event #44, M.Prg: 19525, tot. athletes: 4
-- Tot. progr. duration: 167 (sec), Heat durations: [16759] (hds)
-- Session begin time: 2014-03-16 08:30:00 +0100, Computed begin time: 2014-03-16 10:28:15 +0100
UPDATE meeting_programs SET begin_time = '2014-03-16 10:28' WHERE id = 19525;

-- Event #45, M.Prg: 19526, tot. athletes: 1
-- Tot. progr. duration: 154 (sec), Heat durations: [15443] (hds)
-- Session begin time: 2014-03-16 08:30:00 +0100, Computed begin time: 2014-03-16 10:31:02 +0100
UPDATE meeting_programs SET begin_time = '2014-03-16 10:31' WHERE id = 19526;

-- Event #46, M.Prg: 19527, tot. athletes: 2
-- Tot. progr. duration: 149 (sec), Heat durations: [14991] (hds)
-- Session begin time: 2014-03-16 08:30:00 +0100, Computed begin time: 2014-03-16 10:33:36 +0100
UPDATE meeting_programs SET begin_time = '2014-03-16 10:33' WHERE id = 19527;

-- Event #47, M.Prg: 19528, tot. athletes: 7
-- Tot. progr. duration: 134 (sec), Heat durations: [13490] (hds)
-- Session begin time: 2014-03-16 08:30:00 +0100, Computed begin time: 2014-03-16 10:36:05 +0100
UPDATE meeting_programs SET begin_time = '2014-03-16 10:36' WHERE id = 19528;

-- Event #48, M.Prg: 19529, tot. athletes: 3
-- Tot. progr. duration: 159 (sec), Heat durations: [15984] (hds)
-- Session begin time: 2014-03-16 08:30:00 +0100, Computed begin time: 2014-03-16 10:38:19 +0100
UPDATE meeting_programs SET begin_time = '2014-03-16 10:38' WHERE id = 19529;

-- Event #49, M.Prg: 19530, tot. athletes: 1
-- Tot. progr. duration: 171 (sec), Heat durations: [17176] (hds)
-- Session begin time: 2014-03-16 08:30:00 +0100, Computed begin time: 2014-03-16 10:40:58 +0100
UPDATE meeting_programs SET begin_time = '2014-03-16 10:40' WHERE id = 19530;

-- Event #50, M.Prg: 19531, tot. athletes: 3
-- Tot. progr. duration: 182 (sec), Heat durations: [18204] (hds)
-- Session begin time: 2014-03-16 08:30:00 +0100, Computed begin time: 2014-03-16 10:43:49 +0100
UPDATE meeting_programs SET begin_time = '2014-03-16 10:43' WHERE id = 19531;

-- Event #51, M.Prg: 19532, tot. athletes: 1
-- Tot. progr. duration: 147 (sec), Heat durations: [14751] (hds)
-- Session begin time: 2014-03-16 08:30:00 +0100, Computed begin time: 2014-03-16 10:46:51 +0100
UPDATE meeting_programs SET begin_time = '2014-03-16 10:46' WHERE id = 19532;

-- Event #52, M.Prg: 19533, tot. athletes: 1
-- Tot. progr. duration: 159 (sec), Heat durations: [15928] (hds)
-- Session begin time: 2014-03-16 08:30:00 +0100, Computed begin time: 2014-03-16 10:49:18 +0100
UPDATE meeting_programs SET begin_time = '2014-03-16 10:49' WHERE id = 19533;

-- Event #53, M.Prg: 19534, tot. athletes: 1
-- Tot. progr. duration: 172 (sec), Heat durations: [17290] (hds)
-- Session begin time: 2014-03-16 08:30:00 +0100, Computed begin time: 2014-03-16 10:51:57 +0100
UPDATE meeting_programs SET begin_time = '2014-03-16 10:51' WHERE id = 19534;

-- Event #54, M.Prg: 19535, tot. athletes: 1
-- Tot. progr. duration: 170 (sec), Heat durations: [17098] (hds)
-- Session begin time: 2014-03-16 08:30:00 +0100, Computed begin time: 2014-03-16 10:54:49 +0100
UPDATE meeting_programs SET begin_time = '2014-03-16 10:54' WHERE id = 19535;

-- Event #55, M.Prg: 19536, tot. athletes: 2
-- Tot. progr. duration: 147 (sec), Heat durations: [14771] (hds)
-- Session begin time: 2014-03-16 08:30:00 +0100, Computed begin time: 2014-03-16 10:57:39 +0100
UPDATE meeting_programs SET begin_time = '2014-03-16 10:57' WHERE id = 19536;

-- Event #56, M.Prg: 19537, tot. athletes: 4
-- Tot. progr. duration: 158 (sec), Heat durations: [15882] (hds)
-- Session begin time: 2014-03-16 08:30:00 +0100, Computed begin time: 2014-03-16 11:00:06 +0100
UPDATE meeting_programs SET begin_time = '2014-03-16 11:00' WHERE id = 19537;

-- Event #57, M.Prg: 19538, tot. athletes: 8
-- Tot. progr. duration: 158 (sec), Heat durations: [15807] (hds)
-- Session begin time: 2014-03-16 08:30:00 +0100, Computed begin time: 2014-03-16 11:02:44 +0100
UPDATE meeting_programs SET begin_time = '2014-03-16 11:02' WHERE id = 19538;

-- Event #58, M.Prg: 19539, tot. athletes: 1
-- Tot. progr. duration: 166 (sec), Heat durations: [16630] (hds)
-- Session begin time: 2014-03-16 08:30:00 +0100, Computed begin time: 2014-03-16 11:05:22 +0100
UPDATE meeting_programs SET begin_time = '2014-03-16 11:05' WHERE id = 19539;

-- Event #59, M.Prg: 19540, tot. athletes: 4
-- Tot. progr. duration: 153 (sec), Heat durations: [15373] (hds)
-- Session begin time: 2014-03-16 08:30:00 +0100, Computed begin time: 2014-03-16 11:08:08 +0100
UPDATE meeting_programs SET begin_time = '2014-03-16 11:08' WHERE id = 19540;

-- Event #60, M.Prg: 19541, tot. athletes: 6
-- Tot. progr. duration: 158 (sec), Heat durations: [15816] (hds)
-- Session begin time: 2014-03-16 08:30:00 +0100, Computed begin time: 2014-03-16 11:10:41 +0100
UPDATE meeting_programs SET begin_time = '2014-03-16 11:10' WHERE id = 19541;

-- Event #61, M.Prg: 19542, tot. athletes: 4
-- Tot. progr. duration: 166 (sec), Heat durations: [16616] (hds)
-- Session begin time: 2014-03-16 08:30:00 +0100, Computed begin time: 2014-03-16 11:13:19 +0100
UPDATE meeting_programs SET begin_time = '2014-03-16 11:13' WHERE id = 19542;

-- Event #62, M.Prg: 19543, tot. athletes: 4
-- Tot. progr. duration: 172 (sec), Heat durations: [17274] (hds)
-- Session begin time: 2014-03-16 08:30:00 +0100, Computed begin time: 2014-03-16 11:16:05 +0100
UPDATE meeting_programs SET begin_time = '2014-03-16 11:16' WHERE id = 19543;

-- Event #63, M.Prg: 19544, tot. athletes: 1
-- Tot. progr. duration: 154 (sec), Heat durations: [15488] (hds)
-- Session begin time: 2014-03-16 08:30:00 +0100, Computed begin time: 2014-03-16 11:18:57 +0100
UPDATE meeting_programs SET begin_time = '2014-03-16 11:18' WHERE id = 19544;

-- Event #64, M.Prg: 19545, tot. athletes: 1
-- Tot. progr. duration: 180 (sec), Heat durations: [18091] (hds)
-- Session begin time: 2014-03-16 08:30:00 +0100, Computed begin time: 2014-03-16 11:21:31 +0100
UPDATE meeting_programs SET begin_time = '2014-03-16 11:21' WHERE id = 19545;

-- Event #65, M.Prg: 19546, tot. athletes: 2
-- Tot. progr. duration: 147 (sec), Heat durations: [14785] (hds)
-- Session begin time: 2014-03-16 08:30:00 +0100, Computed begin time: 2014-03-16 11:24:31 +0100
UPDATE meeting_programs SET begin_time = '2014-03-16 11:24' WHERE id = 19546;

-- Event #66, M.Prg: 19547, tot. athletes: 2
-- Tot. progr. duration: 249 (sec), Heat durations: [24959] (hds)
-- Session begin time: 2014-03-16 08:30:00 +0100, Computed begin time: 2014-03-16 11:26:58 +0100
UPDATE meeting_programs SET begin_time = '2014-03-16 11:26' WHERE id = 19547;

-- Event #67, M.Prg: 19548, tot. athletes: 5
-- Tot. progr. duration: 251 (sec), Heat durations: [25186] (hds)
-- Session begin time: 2014-03-16 08:30:00 +0100, Computed begin time: 2014-03-16 11:31:07 +0100
UPDATE meeting_programs SET begin_time = '2014-03-16 11:31' WHERE id = 19548;

-- Event #68, M.Prg: 19549, tot. athletes: 3
-- Tot. progr. duration: 242 (sec), Heat durations: [24261] (hds)
-- Session begin time: 2014-03-16 08:30:00 +0100, Computed begin time: 2014-03-16 11:35:18 +0100
UPDATE meeting_programs SET begin_time = '2014-03-16 11:35' WHERE id = 19549;

-- Event #69, M.Prg: 19550, tot. athletes: 2
-- Tot. progr. duration: 212 (sec), Heat durations: [21213] (hds)
-- Session begin time: 2014-03-16 08:30:00 +0100, Computed begin time: 2014-03-16 11:39:20 +0100
UPDATE meeting_programs SET begin_time = '2014-03-16 11:39' WHERE id = 19550;

-- Event #70, M.Prg: 19551, tot. athletes: 4
-- Tot. progr. duration: 263 (sec), Heat durations: [26366] (hds)
-- Session begin time: 2014-03-16 08:30:00 +0100, Computed begin time: 2014-03-16 11:42:52 +0100
UPDATE meeting_programs SET begin_time = '2014-03-16 11:42' WHERE id = 19551;

-- Event #71, M.Prg: 19552, tot. athletes: 1
-- Tot. progr. duration: 254 (sec), Heat durations: [25457] (hds)
-- Session begin time: 2014-03-16 08:30:00 +0100, Computed begin time: 2014-03-16 11:47:15 +0100
UPDATE meeting_programs SET begin_time = '2014-03-16 11:47' WHERE id = 19552;

-- Event #72, M.Prg: 19553, tot. athletes: 1
-- Tot. progr. duration: 293 (sec), Heat durations: [29323] (hds)
-- Session begin time: 2014-03-16 08:30:00 +0100, Computed begin time: 2014-03-16 11:51:29 +0100
UPDATE meeting_programs SET begin_time = '2014-03-16 11:51' WHERE id = 19553;

-- Event #73, M.Prg: 19554, tot. athletes: 1
-- Tot. progr. duration: 289 (sec), Heat durations: [28965] (hds)
-- Session begin time: 2014-03-16 08:30:00 +0100, Computed begin time: 2014-03-16 11:56:22 +0100
UPDATE meeting_programs SET begin_time = '2014-03-16 11:56' WHERE id = 19554;

-- Event #74, M.Prg: 19555, tot. athletes: 4
-- Tot. progr. duration: 246 (sec), Heat durations: [24674] (hds)
-- Session begin time: 2014-03-16 08:30:00 +0100, Computed begin time: 2014-03-16 12:01:11 +0100
UPDATE meeting_programs SET begin_time = '2014-03-16 12:01' WHERE id = 19555;

-- Event #75, M.Prg: 19556, tot. athletes: 11
-- Tot. progr. duration: 416 (sec), Heat durations: [22441, 19186] (hds)
-- Session begin time: 2014-03-16 08:30:00 +0100, Computed begin time: 2014-03-16 12:05:17 +0100
UPDATE meeting_programs SET begin_time = '2014-03-16 12:05' WHERE id = 19556;

-- Event #76, M.Prg: 19557, tot. athletes: 15
-- Tot. progr. duration: 459 (sec), Heat durations: [24795, 21195] (hds)
-- Session begin time: 2014-03-16 08:30:00 +0100, Computed begin time: 2014-03-16 12:12:13 +0100
UPDATE meeting_programs SET begin_time = '2014-03-16 12:12' WHERE id = 19557;

-- Event #77, M.Prg: 19558, tot. athletes: 14
-- Tot. progr. duration: 434 (sec), Heat durations: [22517, 20883] (hds)
-- Session begin time: 2014-03-16 08:30:00 +0100, Computed begin time: 2014-03-16 12:19:52 +0100
UPDATE meeting_programs SET begin_time = '2014-03-16 12:19' WHERE id = 19558;

-- Event #78, M.Prg: 19559, tot. athletes: 11
-- Tot. progr. duration: 457 (sec), Heat durations: [24999, 20786] (hds)
-- Session begin time: 2014-03-16 08:30:00 +0100, Computed begin time: 2014-03-16 12:27:06 +0100
UPDATE meeting_programs SET begin_time = '2014-03-16 12:27' WHERE id = 19559;

-- Event #79, M.Prg: 19560, tot. athletes: 14
-- Tot. progr. duration: 465 (sec), Heat durations: [24347, 22214] (hds)
-- Session begin time: 2014-03-16 08:30:00 +0100, Computed begin time: 2014-03-16 12:34:43 +0100
UPDATE meeting_programs SET begin_time = '2014-03-16 12:34' WHERE id = 19560;

-- Event #80, M.Prg: 19561, tot. athletes: 9
-- Tot. progr. duration: 435 (sec), Heat durations: [24411, 19126] (hds)
-- Session begin time: 2014-03-16 08:30:00 +0100, Computed begin time: 2014-03-16 12:42:28 +0100
UPDATE meeting_programs SET begin_time = '2014-03-16 12:42' WHERE id = 19561;

-- Event #81, M.Prg: 19562, tot. athletes: 4
-- Tot. progr. duration: 246 (sec), Heat durations: [24683] (hds)
-- Session begin time: 2014-03-16 08:30:00 +0100, Computed begin time: 2014-03-16 12:49:43 +0100
UPDATE meeting_programs SET begin_time = '2014-03-16 12:49' WHERE id = 19562;

-- Event #82, M.Prg: 19563, tot. athletes: 1
-- Tot. progr. duration: 253 (sec), Heat durations: [25331] (hds)
-- Session begin time: 2014-03-16 08:30:00 +0100, Computed begin time: 2014-03-16 12:53:49 +0100
UPDATE meeting_programs SET begin_time = '2014-03-16 12:53' WHERE id = 19563;

-- Event #83, M.Prg: 19564, tot. athletes: 11
-- Tot. progr. duration: 416 (sec), Heat durations: [22306, 19322] (hds)
-- Session begin time: 2014-03-16 08:30:00 +0100, Computed begin time: 2014-03-16 12:58:02 +0100
UPDATE meeting_programs SET begin_time = '2014-03-16 12:58' WHERE id = 19564;

-- Event #84, M.Prg: 19565, tot. athletes: 4
-- Tot. progr. duration: 99 (sec), Heat durations: [9953] (hds)
-- Session begin time: 2014-03-16 08:30:00 +0100, Computed begin time: 2014-03-16 13:04:58 +0100
UPDATE meeting_programs SET begin_time = '2014-03-16 13:04' WHERE id = 19565;

-- Event #85, M.Prg: 19566, tot. athletes: 6
-- Tot. progr. duration: 112 (sec), Heat durations: [11209] (hds)
-- Session begin time: 2014-03-16 08:30:00 +0100, Computed begin time: 2014-03-16 13:06:37 +0100
UPDATE meeting_programs SET begin_time = '2014-03-16 13:06' WHERE id = 19566;

-- Event #86, M.Prg: 19567, tot. athletes: 2
-- Tot. progr. duration: 108 (sec), Heat durations: [10828] (hds)
-- Session begin time: 2014-03-16 08:30:00 +0100, Computed begin time: 2014-03-16 13:08:29 +0100
UPDATE meeting_programs SET begin_time = '2014-03-16 13:08' WHERE id = 19567;

-- Event #87, M.Prg: 19568, tot. athletes: 2
-- Tot. progr. duration: 107 (sec), Heat durations: [10781] (hds)
-- Session begin time: 2014-03-16 08:30:00 +0100, Computed begin time: 2014-03-16 13:10:17 +0100
UPDATE meeting_programs SET begin_time = '2014-03-16 13:10' WHERE id = 19568;

-- Event #88, M.Prg: 19569, tot. athletes: 1
-- Tot. progr. duration: 105 (sec), Heat durations: [10546] (hds)
-- Session begin time: 2014-03-16 08:30:00 +0100, Computed begin time: 2014-03-16 13:12:04 +0100
UPDATE meeting_programs SET begin_time = '2014-03-16 13:12' WHERE id = 19569;

-- Event #89, M.Prg: 19570, tot. athletes: 1
-- Tot. progr. duration: 122 (sec), Heat durations: [12202] (hds)
-- Session begin time: 2014-03-16 08:30:00 +0100, Computed begin time: 2014-03-16 13:13:49 +0100
UPDATE meeting_programs SET begin_time = '2014-03-16 13:13' WHERE id = 19570;

-- Event #90, M.Prg: 19571, tot. athletes: 1
-- Tot. progr. duration: 146 (sec), Heat durations: [14659] (hds)
-- Session begin time: 2014-03-16 08:30:00 +0100, Computed begin time: 2014-03-16 13:15:51 +0100
UPDATE meeting_programs SET begin_time = '2014-03-16 13:15' WHERE id = 19571;

-- Event #91, M.Prg: 19572, tot. athletes: 3
-- Tot. progr. duration: 101 (sec), Heat durations: [10121] (hds)
-- Session begin time: 2014-03-16 08:30:00 +0100, Computed begin time: 2014-03-16 13:18:17 +0100
UPDATE meeting_programs SET begin_time = '2014-03-16 13:18' WHERE id = 19572;

-- Event #92, M.Prg: 19573, tot. athletes: 1
-- Tot. progr. duration: 87 (sec), Heat durations: [8781] (hds)
-- Session begin time: 2014-03-16 08:30:00 +0100, Computed begin time: 2014-03-16 13:19:58 +0100
UPDATE meeting_programs SET begin_time = '2014-03-16 13:19' WHERE id = 19573;

-- Event #93, M.Prg: 19574, tot. athletes: 2
-- Tot. progr. duration: 100 (sec), Heat durations: [10082] (hds)
-- Session begin time: 2014-03-16 08:30:00 +0100, Computed begin time: 2014-03-16 13:21:25 +0100
UPDATE meeting_programs SET begin_time = '2014-03-16 13:21' WHERE id = 19574;

-- Event #94, M.Prg: 19575, tot. athletes: 4
-- Tot. progr. duration: 125 (sec), Heat durations: [12579] (hds)
-- Session begin time: 2014-03-16 08:30:00 +0100, Computed begin time: 2014-03-16 13:23:05 +0100
UPDATE meeting_programs SET begin_time = '2014-03-16 13:23' WHERE id = 19575;

-- Event #95, M.Prg: 19576, tot. athletes: 5
-- Tot. progr. duration: 102 (sec), Heat durations: [10280] (hds)
-- Session begin time: 2014-03-16 08:30:00 +0100, Computed begin time: 2014-03-16 13:25:10 +0100
UPDATE meeting_programs SET begin_time = '2014-03-16 13:25' WHERE id = 19576;

-- Event #96, M.Prg: 19577, tot. athletes: 5
-- Tot. progr. duration: 117 (sec), Heat durations: [11746] (hds)
-- Session begin time: 2014-03-16 08:30:00 +0100, Computed begin time: 2014-03-16 13:26:52 +0100
UPDATE meeting_programs SET begin_time = '2014-03-16 13:26' WHERE id = 19577;

-- Event #97, M.Prg: 19578, tot. athletes: 2
-- Tot. progr. duration: 101 (sec), Heat durations: [10110] (hds)
-- Session begin time: 2014-03-16 08:30:00 +0100, Computed begin time: 2014-03-16 13:28:49 +0100
UPDATE meeting_programs SET begin_time = '2014-03-16 13:28' WHERE id = 19578;

-- Event #98, M.Prg: 19579, tot. athletes: 1
-- Tot. progr. duration: 112 (sec), Heat durations: [11278] (hds)
-- Session begin time: 2014-03-16 08:30:00 +0100, Computed begin time: 2014-03-16 13:30:30 +0100
UPDATE meeting_programs SET begin_time = '2014-03-16 13:30' WHERE id = 19579;

-- Event #99, M.Prg: 19580, tot. athletes: 2
-- Tot. progr. duration: 111 (sec), Heat durations: [11162] (hds)
-- Session begin time: 2014-03-16 08:30:00 +0100, Computed begin time: 2014-03-16 13:32:22 +0100
UPDATE meeting_programs SET begin_time = '2014-03-16 13:32' WHERE id = 19580;

-- Event #100, M.Prg: 19581, tot. athletes: 1
-- Tot. progr. duration: 116 (sec), Heat durations: [11677] (hds)
-- Session begin time: 2014-03-16 08:30:00 +0100, Computed begin time: 2014-03-16 13:34:13 +0100
UPDATE meeting_programs SET begin_time = '2014-03-16 13:34' WHERE id = 19581;

-- Event #101, M.Prg: 19582, tot. athletes: 1
-- Tot. progr. duration: 103 (sec), Heat durations: [10375] (hds)
-- Session begin time: 2014-03-16 08:30:00 +0100, Computed begin time: 2014-03-16 13:36:09 +0100
UPDATE meeting_programs SET begin_time = '2014-03-16 13:36' WHERE id = 19582;

-- Event #102, M.Prg: 19583, tot. athletes: 2
-- Tot. progr. duration: 102 (sec), Heat durations: [10243] (hds)
-- Session begin time: 2014-03-16 08:30:00 +0100, Computed begin time: 2014-03-16 13:37:52 +0100
UPDATE meeting_programs SET begin_time = '2014-03-16 13:37' WHERE id = 19583;

-- Event #103, M.Prg: 19584, tot. athletes: 1
-- Tot. progr. duration: 60 (sec), Heat durations: [6000] (hds)
-- Session begin time: 2014-03-16 08:30:00 +0100, Computed begin time: 2014-03-16 13:39:34 +0100
UPDATE meeting_programs SET begin_time = '2014-03-16 13:39' WHERE id = 19584;

-- Event #104, M.Prg: 19585, tot. athletes: 3
-- Tot. progr. duration: 98 (sec), Heat durations: [9837] (hds)
-- Session begin time: 2014-03-16 08:30:00 +0100, Computed begin time: 2014-03-16 13:40:34 +0100
UPDATE meeting_programs SET begin_time = '2014-03-16 13:40' WHERE id = 19585;

-- Event #105, M.Prg: 19586, tot. athletes: 2
-- Tot. progr. duration: 103 (sec), Heat durations: [10351] (hds)
-- Session begin time: 2014-03-16 08:30:00 +0100, Computed begin time: 2014-03-16 13:42:12 +0100
UPDATE meeting_programs SET begin_time = '2014-03-16 13:42' WHERE id = 19586;

-- Event #106, M.Prg: 19587, tot. athletes: 1
-- Tot. progr. duration: 100 (sec), Heat durations: [10024] (hds)
-- Session begin time: 2014-03-16 08:30:00 +0100, Computed begin time: 2014-03-16 13:43:55 +0100
UPDATE meeting_programs SET begin_time = '2014-03-16 13:43' WHERE id = 19587;

-- Event #107, M.Prg: 19588, tot. athletes: 1
-- Tot. progr. duration: 111 (sec), Heat durations: [11155] (hds)
-- Session begin time: 2014-03-16 08:30:00 +0100, Computed begin time: 2014-03-16 13:45:35 +0100
UPDATE meeting_programs SET begin_time = '2014-03-16 13:45' WHERE id = 19588;

-- Event #108, M.Prg: 19589, tot. athletes: 1
-- Tot. progr. duration: 100 (sec), Heat durations: [10063] (hds)
-- Session begin time: 2014-03-16 08:30:00 +0100, Computed begin time: 2014-03-16 13:47:26 +0100
UPDATE meeting_programs SET begin_time = '2014-03-16 13:47' WHERE id = 19589;

-- Event #109, M.Prg: 19590, tot. athletes: 2
-- Tot. progr. duration: 94 (sec), Heat durations: [9453] (hds)
-- Session begin time: 2014-03-16 08:30:00 +0100, Computed begin time: 2014-03-16 13:49:06 +0100
UPDATE meeting_programs SET begin_time = '2014-03-16 13:49' WHERE id = 19590;

-- Event #110, M.Prg: 19591, tot. athletes: 10
-- Tot. progr. duration: 182 (sec), Heat durations: [9444, 8824] (hds)
-- Session begin time: 2014-03-16 08:30:00 +0100, Computed begin time: 2014-03-16 13:50:40 +0100
UPDATE meeting_programs SET begin_time = '2014-03-16 13:50' WHERE id = 19591;

-- Event #111, M.Prg: 19592, tot. athletes: 10
-- Tot. progr. duration: 185 (sec), Heat durations: [9918, 8673] (hds)
-- Session begin time: 2014-03-16 08:30:00 +0100, Computed begin time: 2014-03-16 13:53:42 +0100
UPDATE meeting_programs SET begin_time = '2014-03-16 13:53' WHERE id = 19592;

-- Event #112, M.Prg: 19593, tot. athletes: 8
-- Tot. progr. duration: 98 (sec), Heat durations: [9802] (hds)
-- Session begin time: 2014-03-16 08:30:00 +0100, Computed begin time: 2014-03-16 13:56:47 +0100
UPDATE meeting_programs SET begin_time = '2014-03-16 13:56' WHERE id = 19593;

-- Event #113, M.Prg: 19594, tot. athletes: 12
-- Tot. progr. duration: 189 (sec), Heat durations: [9658, 9251] (hds)
-- Session begin time: 2014-03-16 08:30:00 +0100, Computed begin time: 2014-03-16 13:58:25 +0100
UPDATE meeting_programs SET begin_time = '2014-03-16 13:58' WHERE id = 19594;

-- Event #114, M.Prg: 19595, tot. athletes: 3
-- Tot. progr. duration: 97 (sec), Heat durations: [9744] (hds)
-- Session begin time: 2014-03-16 08:30:00 +0100, Computed begin time: 2014-03-16 14:01:34 +0100
UPDATE meeting_programs SET begin_time = '2014-03-16 14:01' WHERE id = 19595;

-- Event #115, M.Prg: 19596, tot. athletes: 3
-- Tot. progr. duration: 95 (sec), Heat durations: [9500] (hds)
-- Session begin time: 2014-03-16 08:30:00 +0100, Computed begin time: 2014-03-16 14:03:11 +0100
UPDATE meeting_programs SET begin_time = '2014-03-16 14:03' WHERE id = 19596;

-- Event #116, M.Prg: 19597, tot. athletes: 1
-- Tot. progr. duration: 96 (sec), Heat durations: [9616] (hds)
-- Session begin time: 2014-03-16 08:30:00 +0100, Computed begin time: 2014-03-16 14:04:46 +0100
UPDATE meeting_programs SET begin_time = '2014-03-16 14:04' WHERE id = 19597;

-- Event #117, M.Prg: 19598, tot. athletes: 2
-- Tot. progr. duration: 123 (sec), Heat durations: [12325] (hds)
-- Session begin time: 2014-03-16 08:30:00 +0100, Computed begin time: 2014-03-16 14:06:22 +0100
UPDATE meeting_programs SET begin_time = '2014-03-16 14:06' WHERE id = 19598;

-- Event #118, M.Prg: 19599, tot. athletes: 4
-- Tot. progr. duration: 102 (sec), Heat durations: [10213] (hds)
-- Session begin time: 2014-03-16 08:30:00 +0100, Computed begin time: 2014-03-16 14:08:25 +0100
UPDATE meeting_programs SET begin_time = '2014-03-16 14:08' WHERE id = 19599;

-- Event #119, M.Prg: 19600, tot. athletes: 5
-- Tot. progr. duration: 107 (sec), Heat durations: [10770] (hds)
-- Session begin time: 2014-03-16 08:30:00 +0100, Computed begin time: 2014-03-16 14:10:07 +0100
UPDATE meeting_programs SET begin_time = '2014-03-16 14:10' WHERE id = 19600;

-- Event #120, M.Prg: 19601, tot. athletes: 2
-- Tot. progr. duration: 109 (sec), Heat durations: [10928] (hds)
-- Session begin time: 2014-03-16 08:30:00 +0100, Computed begin time: 2014-03-16 14:11:54 +0100
UPDATE meeting_programs SET begin_time = '2014-03-16 14:11' WHERE id = 19601;

-- Event #121, M.Prg: 19602, tot. athletes: 3
-- Tot. progr. duration: 109 (sec), Heat durations: [10970] (hds)
-- Session begin time: 2014-03-16 08:30:00 +0100, Computed begin time: 2014-03-16 14:13:43 +0100
UPDATE meeting_programs SET begin_time = '2014-03-16 14:13' WHERE id = 19602;

-- Event #122, M.Prg: 19603, tot. athletes: 4
-- Tot. progr. duration: 113 (sec), Heat durations: [11358] (hds)
-- Session begin time: 2014-03-16 08:30:00 +0100, Computed begin time: 2014-03-16 14:15:32 +0100
UPDATE meeting_programs SET begin_time = '2014-03-16 14:15' WHERE id = 19603;

-- Event #123, M.Prg: 19604, tot. athletes: 2
-- Tot. progr. duration: 113 (sec), Heat durations: [11366] (hds)
-- Session begin time: 2014-03-16 08:30:00 +0100, Computed begin time: 2014-03-16 14:17:25 +0100
UPDATE meeting_programs SET begin_time = '2014-03-16 14:17' WHERE id = 19604;

-- Event #124, M.Prg: 19605, tot. athletes: 4
-- Tot. progr. duration: 110 (sec), Heat durations: [11009] (hds)
-- Session begin time: 2014-03-16 08:30:00 +0100, Computed begin time: 2014-03-16 14:19:18 +0100
UPDATE meeting_programs SET begin_time = '2014-03-16 14:19' WHERE id = 19605;

-- Event #125, M.Prg: 19606, tot. athletes: 1
-- Tot. progr. duration: 110 (sec), Heat durations: [11040] (hds)
-- Session begin time: 2014-03-16 08:30:00 +0100, Computed begin time: 2014-03-16 14:21:08 +0100
UPDATE meeting_programs SET begin_time = '2014-03-16 14:21' WHERE id = 19606;

-- Event #126, M.Prg: 19607, tot. athletes: 2
-- Tot. progr. duration: 135 (sec), Heat durations: [13512] (hds)
-- Session begin time: 2014-03-16 08:30:00 +0100, Computed begin time: 2014-03-16 14:22:58 +0100
UPDATE meeting_programs SET begin_time = '2014-03-16 14:22' WHERE id = 19607;

-- Event #127, M.Prg: 19608, tot. athletes: 4
-- Tot. progr. duration: 104 (sec), Heat durations: [10423] (hds)
-- Session begin time: 2014-03-16 08:30:00 +0100, Computed begin time: 2014-03-16 14:25:13 +0100
UPDATE meeting_programs SET begin_time = '2014-03-16 14:25' WHERE id = 19608;

-- Event #128, M.Prg: 19609, tot. athletes: 7
-- Tot. progr. duration: 98 (sec), Heat durations: [9895] (hds)
-- Session begin time: 2014-03-16 08:30:00 +0100, Computed begin time: 2014-03-16 14:26:57 +0100
UPDATE meeting_programs SET begin_time = '2014-03-16 14:26' WHERE id = 19609;

-- Event #129, M.Prg: 19610, tot. athletes: 11
-- Tot. progr. duration: 204 (sec), Heat durations: [10840, 9638] (hds)
-- Session begin time: 2014-03-16 08:30:00 +0100, Computed begin time: 2014-03-16 14:28:35 +0100
UPDATE meeting_programs SET begin_time = '2014-03-16 14:28' WHERE id = 19610;

-- Event #130, M.Prg: 19611, tot. athletes: 9
-- Tot. progr. duration: 168 (sec), Heat durations: [10856, 6000] (hds)
-- Session begin time: 2014-03-16 08:30:00 +0100, Computed begin time: 2014-03-16 14:31:59 +0100
UPDATE meeting_programs SET begin_time = '2014-03-16 14:31' WHERE id = 19611;

-- Event #131, M.Prg: 19612, tot. athletes: 9
-- Tot. progr. duration: 160 (sec), Heat durations: [10023, 6000] (hds)
-- Session begin time: 2014-03-16 08:30:00 +0100, Computed begin time: 2014-03-16 14:34:47 +0100
UPDATE meeting_programs SET begin_time = '2014-03-16 14:34' WHERE id = 19612;

-- Event #132, M.Prg: 19613, tot. athletes: 10
-- Tot. progr. duration: 206 (sec), Heat durations: [11076, 9524] (hds)
-- Session begin time: 2014-03-16 08:30:00 +0100, Computed begin time: 2014-03-16 14:37:27 +0100
UPDATE meeting_programs SET begin_time = '2014-03-16 14:37' WHERE id = 19613;

-- Event #133, M.Prg: 19614, tot. athletes: 2
-- Tot. progr. duration: 102 (sec), Heat durations: [10266] (hds)
-- Session begin time: 2014-03-16 08:30:00 +0100, Computed begin time: 2014-03-16 14:40:53 +0100
UPDATE meeting_programs SET begin_time = '2014-03-16 14:40' WHERE id = 19614;

-- Event #134, M.Prg: 19615, tot. athletes: 3
-- Tot. progr. duration: 111 (sec), Heat durations: [11156] (hds)
-- Session begin time: 2014-03-16 08:30:00 +0100, Computed begin time: 2014-03-16 14:42:35 +0100
UPDATE meeting_programs SET begin_time = '2014-03-16 14:42' WHERE id = 19615;

-- Event #135, M.Prg: 19616, tot. athletes: 1
-- Tot. progr. duration: 101 (sec), Heat durations: [10149] (hds)
-- Session begin time: 2014-03-16 08:30:00 +0100, Computed begin time: 2014-03-16 14:44:26 +0100
UPDATE meeting_programs SET begin_time = '2014-03-16 14:44' WHERE id = 19616;

-- Event #136, M.Prg: 19617, tot. athletes: 2
-- Tot. progr. duration: 104 (sec), Heat durations: [10490] (hds)
-- Session begin time: 2014-03-16 08:30:00 +0100, Computed begin time: 2014-03-16 14:46:07 +0100
UPDATE meeting_programs SET begin_time = '2014-03-16 14:46' WHERE id = 19617;

-- Event #137, M.Prg: 19618, tot. athletes: 1
-- Tot. progr. duration: 118 (sec), Heat durations: [11800] (hds)
-- Session begin time: 2014-03-16 08:30:00 +0100, Computed begin time: 2014-03-16 14:47:51 +0100
UPDATE meeting_programs SET begin_time = '2014-03-16 14:47' WHERE id = 19618;

-- Event #138, M.Prg: 19619, tot. athletes: 1
-- Tot. progr. duration: 112 (sec), Heat durations: [11279] (hds)
-- Session begin time: 2014-03-16 08:30:00 +0100, Computed begin time: 2014-03-16 14:49:49 +0100
UPDATE meeting_programs SET begin_time = '2014-03-16 14:49' WHERE id = 19619;

-- Event #139, M.Prg: 19620, tot. athletes: 6
-- Tot. progr. duration: 95 (sec), Heat durations: [9578] (hds)
-- Session begin time: 2014-03-16 08:30:00 +0100, Computed begin time: 2014-03-16 14:51:41 +0100
UPDATE meeting_programs SET begin_time = '2014-03-16 14:51' WHERE id = 19620;

-- Event #140, M.Prg: 19621, tot. athletes: 8
-- Tot. progr. duration: 104 (sec), Heat durations: [10433] (hds)
-- Session begin time: 2014-03-16 08:30:00 +0100, Computed begin time: 2014-03-16 14:53:16 +0100
UPDATE meeting_programs SET begin_time = '2014-03-16 14:53' WHERE id = 19621;

-- Event #141, M.Prg: 19622, tot. athletes: 8
-- Tot. progr. duration: 108 (sec), Heat durations: [10879] (hds)
-- Session begin time: 2014-03-16 08:30:00 +0100, Computed begin time: 2014-03-16 14:55:00 +0100
UPDATE meeting_programs SET begin_time = '2014-03-16 14:55' WHERE id = 19622;

-- Event #142, M.Prg: 19623, tot. athletes: 6
-- Tot. progr. duration: 100 (sec), Heat durations: [10025] (hds)
-- Session begin time: 2014-03-16 08:30:00 +0100, Computed begin time: 2014-03-16 14:56:48 +0100
UPDATE meeting_programs SET begin_time = '2014-03-16 14:56' WHERE id = 19623;

-- Event #143, M.Prg: 19624, tot. athletes: 1
-- Tot. progr. duration: 94 (sec), Heat durations: [9413] (hds)
-- Session begin time: 2014-03-16 08:30:00 +0100, Computed begin time: 2014-03-16 14:58:28 +0100
UPDATE meeting_programs SET begin_time = '2014-03-16 14:58' WHERE id = 19624;

-- Event #144, M.Prg: 19625, tot. athletes: 4
-- Tot. progr. duration: 106 (sec), Heat durations: [10672] (hds)
-- Session begin time: 2014-03-16 08:30:00 +0100, Computed begin time: 2014-03-16 15:00:02 +0100
UPDATE meeting_programs SET begin_time = '2014-03-16 15:00' WHERE id = 19625;

-- Event #145, M.Prg: 19626, tot. athletes: 1
-- Tot. progr. duration: 102 (sec), Heat durations: [10201] (hds)
-- Session begin time: 2014-03-16 08:30:00 +0100, Computed begin time: 2014-03-16 15:01:48 +0100
UPDATE meeting_programs SET begin_time = '2014-03-16 15:01' WHERE id = 19626;

-- Event #146, M.Prg: 19627, tot. athletes: 2
-- Tot. progr. duration: 115 (sec), Heat durations: [11569] (hds)
-- Session begin time: 2014-03-16 08:30:00 +0100, Computed begin time: 2014-03-16 15:03:30 +0100
UPDATE meeting_programs SET begin_time = '2014-03-16 15:03' WHERE id = 19627;

-- Event #147, M.Prg: 19628, tot. athletes: 1
-- Tot. progr. duration: 111 (sec), Heat durations: [11129] (hds)
-- Session begin time: 2014-03-16 08:30:00 +0100, Computed begin time: 2014-03-16 15:05:25 +0100
UPDATE meeting_programs SET begin_time = '2014-03-16 15:05' WHERE id = 19628;

-- Event #148, M.Prg: 19629, tot. athletes: 3
-- Tot. progr. duration: 99 (sec), Heat durations: [9982] (hds)
-- Session begin time: 2014-03-16 08:30:00 +0100, Computed begin time: 2014-03-16 15:07:16 +0100
UPDATE meeting_programs SET begin_time = '2014-03-16 15:07' WHERE id = 19629;

-- Event #149, M.Prg: 19630, tot. athletes: 12
-- Tot. progr. duration: 184 (sec), Heat durations: [9793, 8650] (hds)
-- Session begin time: 2014-03-16 08:30:00 +0100, Computed begin time: 2014-03-16 15:08:55 +0100
UPDATE meeting_programs SET begin_time = '2014-03-16 15:08' WHERE id = 19630;

-- Event #150, M.Prg: 19631, tot. athletes: 12
-- Tot. progr. duration: 187 (sec), Heat durations: [9865, 8857] (hds)
-- Session begin time: 2014-03-16 08:30:00 +0100, Computed begin time: 2014-03-16 15:11:59 +0100
UPDATE meeting_programs SET begin_time = '2014-03-16 15:11' WHERE id = 19631;

-- Event #151, M.Prg: 19632, tot. athletes: 9
-- Tot. progr. duration: 183 (sec), Heat durations: [9861, 8535] (hds)
-- Session begin time: 2014-03-16 08:30:00 +0100, Computed begin time: 2014-03-16 15:15:06 +0100
UPDATE meeting_programs SET begin_time = '2014-03-16 15:15' WHERE id = 19632;

-- Event #152, M.Prg: 19633, tot. athletes: 16
-- Tot. progr. duration: 184 (sec), Heat durations: [9406, 9076] (hds)
-- Session begin time: 2014-03-16 08:30:00 +0100, Computed begin time: 2014-03-16 15:18:09 +0100
UPDATE meeting_programs SET begin_time = '2014-03-16 15:18' WHERE id = 19633;

-- Event #153, M.Prg: 19634, tot. athletes: 11
-- Tot. progr. duration: 199 (sec), Heat durations: [10999, 8960] (hds)
-- Session begin time: 2014-03-16 08:30:00 +0100, Computed begin time: 2014-03-16 15:21:13 +0100
UPDATE meeting_programs SET begin_time = '2014-03-16 15:21' WHERE id = 19634;

-- Event #154, M.Prg: 19635, tot. athletes: 5
-- Tot. progr. duration: 99 (sec), Heat durations: [9941] (hds)
-- Session begin time: 2014-03-16 08:30:00 +0100, Computed begin time: 2014-03-16 15:24:32 +0100
UPDATE meeting_programs SET begin_time = '2014-03-16 15:24' WHERE id = 19635;

-- Event #155, M.Prg: 19636, tot. athletes: 4
-- Tot. progr. duration: 104 (sec), Heat durations: [10419] (hds)
-- Session begin time: 2014-03-16 08:30:00 +0100, Computed begin time: 2014-03-16 15:26:11 +0100
UPDATE meeting_programs SET begin_time = '2014-03-16 15:26' WHERE id = 19636;

-- Event #156, M.Prg: 19637, tot. athletes: 1
-- Tot. progr. duration: 96 (sec), Heat durations: [9676] (hds)
-- Session begin time: 2014-03-16 08:30:00 +0100, Computed begin time: 2014-03-16 15:27:55 +0100
UPDATE meeting_programs SET begin_time = '2014-03-16 15:27' WHERE id = 19637;

-- Event #157, M.Prg: 19638, tot. athletes: 5
-- Tot. progr. duration: 106 (sec), Heat durations: [10690] (hds)
-- Session begin time: 2014-03-16 08:30:00 +0100, Computed begin time: 2014-03-16 15:29:31 +0100
UPDATE meeting_programs SET begin_time = '2014-03-16 15:29' WHERE id = 19638;

-- Event #158, M.Prg: 19639, tot. athletes: 4
-- Tot. progr. duration: 89 (sec), Heat durations: [8991] (hds)
-- Session begin time: 2014-03-16 08:30:00 +0100, Computed begin time: 2014-03-16 15:31:17 +0100
UPDATE meeting_programs SET begin_time = '2014-03-16 15:31' WHERE id = 19639;


-- Last completed phase code: 30
