-- *** SQL Diff file for ris20150517siracusa.txt ***
-- Timestamp: 201509260704
INSERT INTO `meeting_events` (`id`, `created_at`, `updated_at`, `event_order`, `begin_time`, `is_out_of_race`, `is_autofilled`, `notes`, `meeting_session_id`, `event_type_id`, `heat_type_id`, `user_id`, `has_separate_gender_start_list`, `has_separate_category_start_list`)
  VALUES (3764, '2015-09-26 07:12:26', '2015-09-26 07:12:26', 1, '2000-01-01 08:02:00', 0, 1, NULL, 852, 16, 3, 1, 1, 0);

INSERT INTO `meeting_programs` (`id`, `event_order`, `category_type_id`, `gender_type_id`, `user_id`, `created_at`, `updated_at`, `is_autofilled`, `is_out_of_race`, `begin_time`, `meeting_event_id`, `pool_type_id`, `time_standard_id`)
  VALUES (34335, 1, 834, 2, 1, '2015-09-26 07:12:26', '2015-09-26 07:12:26', 1, 0, '2000-01-01 08:02:00', 3764, 2, 4057);

INSERT INTO `meeting_programs` (`id`, `event_order`, `category_type_id`, `gender_type_id`, `user_id`, `created_at`, `updated_at`, `is_autofilled`, `is_out_of_race`, `begin_time`, `meeting_event_id`, `pool_type_id`, `time_standard_id`)
  VALUES (34336, 2, 835, 2, 1, '2015-09-26 07:12:26', '2015-09-26 07:12:26', 1, 0, '2000-01-01 08:04:00', 3764, 2, 4074);

INSERT INTO `meeting_programs` (`id`, `event_order`, `category_type_id`, `gender_type_id`, `user_id`, `created_at`, `updated_at`, `is_autofilled`, `is_out_of_race`, `begin_time`, `meeting_event_id`, `pool_type_id`, `time_standard_id`)
  VALUES (34337, 3, 836, 2, 1, '2015-09-26 07:12:26', '2015-09-26 07:12:26', 1, 0, '2000-01-01 08:06:00', 3764, 2, 4091);

INSERT INTO `meeting_programs` (`id`, `event_order`, `category_type_id`, `gender_type_id`, `user_id`, `created_at`, `updated_at`, `is_autofilled`, `is_out_of_race`, `begin_time`, `meeting_event_id`, `pool_type_id`, `time_standard_id`)
  VALUES (34338, 4, 837, 2, 1, '2015-09-26 07:12:26', '2015-09-26 07:12:26', 1, 0, '2000-01-01 08:08:00', 3764, 2, 4108);

INSERT INTO `meeting_programs` (`id`, `event_order`, `category_type_id`, `gender_type_id`, `user_id`, `created_at`, `updated_at`, `is_autofilled`, `is_out_of_race`, `begin_time`, `meeting_event_id`, `pool_type_id`, `time_standard_id`)
  VALUES (34339, 5, 838, 2, 1, '2015-09-26 07:12:26', '2015-09-26 07:12:26', 1, 0, '2000-01-01 08:10:00', 3764, 2, 4125);

INSERT INTO `meeting_programs` (`id`, `event_order`, `category_type_id`, `gender_type_id`, `user_id`, `created_at`, `updated_at`, `is_autofilled`, `is_out_of_race`, `begin_time`, `meeting_event_id`, `pool_type_id`, `time_standard_id`)
  VALUES (34340, 6, 839, 2, 1, '2015-09-26 07:12:26', '2015-09-26 07:12:26', 1, 0, '2000-01-01 08:12:00', 3764, 2, 4142);

INSERT INTO `meeting_programs` (`id`, `event_order`, `category_type_id`, `gender_type_id`, `user_id`, `created_at`, `updated_at`, `is_autofilled`, `is_out_of_race`, `begin_time`, `meeting_event_id`, `pool_type_id`, `time_standard_id`)
  VALUES (34341, 7, 840, 2, 1, '2015-09-26 07:12:26', '2015-09-26 07:12:26', 1, 0, '2000-01-01 08:14:00', 3764, 2, 4159);

INSERT INTO `meeting_programs` (`id`, `event_order`, `category_type_id`, `gender_type_id`, `user_id`, `created_at`, `updated_at`, `is_autofilled`, `is_out_of_race`, `begin_time`, `meeting_event_id`, `pool_type_id`, `time_standard_id`)
  VALUES (34342, 8, 834, 1, 1, '2015-09-26 07:12:26', '2015-09-26 07:12:26', 1, 0, '2000-01-01 08:16:00', 3764, 2, 3540);

INSERT INTO `meeting_programs` (`id`, `event_order`, `category_type_id`, `gender_type_id`, `user_id`, `created_at`, `updated_at`, `is_autofilled`, `is_out_of_race`, `begin_time`, `meeting_event_id`, `pool_type_id`, `time_standard_id`)
  VALUES (34343, 9, 835, 1, 1, '2015-09-26 07:12:26', '2015-09-26 07:12:26', 1, 0, '2000-01-01 08:18:00', 3764, 2, 3557);

INSERT INTO `meeting_programs` (`id`, `event_order`, `category_type_id`, `gender_type_id`, `user_id`, `created_at`, `updated_at`, `is_autofilled`, `is_out_of_race`, `begin_time`, `meeting_event_id`, `pool_type_id`, `time_standard_id`)
  VALUES (34344, 10, 836, 1, 1, '2015-09-26 07:12:26', '2015-09-26 07:12:26', 1, 0, '2000-01-01 08:20:00', 3764, 2, 3574);

INSERT INTO `meeting_programs` (`id`, `event_order`, `category_type_id`, `gender_type_id`, `user_id`, `created_at`, `updated_at`, `is_autofilled`, `is_out_of_race`, `begin_time`, `meeting_event_id`, `pool_type_id`, `time_standard_id`)
  VALUES (34345, 11, 837, 1, 1, '2015-09-26 07:12:27', '2015-09-26 07:12:27', 1, 0, '2000-01-01 08:22:00', 3764, 2, 3591);

INSERT INTO `meeting_programs` (`id`, `event_order`, `category_type_id`, `gender_type_id`, `user_id`, `created_at`, `updated_at`, `is_autofilled`, `is_out_of_race`, `begin_time`, `meeting_event_id`, `pool_type_id`, `time_standard_id`)
  VALUES (34346, 12, 838, 1, 1, '2015-09-26 07:12:27', '2015-09-26 07:12:27', 1, 0, '2000-01-01 08:24:00', 3764, 2, 3608);

INSERT INTO `meeting_programs` (`id`, `event_order`, `category_type_id`, `gender_type_id`, `user_id`, `created_at`, `updated_at`, `is_autofilled`, `is_out_of_race`, `begin_time`, `meeting_event_id`, `pool_type_id`, `time_standard_id`)
  VALUES (34347, 13, 839, 1, 1, '2015-09-26 07:12:27', '2015-09-26 07:12:27', 1, 0, '2000-01-01 08:26:00', 3764, 2, 3625);

INSERT INTO `meeting_programs` (`id`, `event_order`, `category_type_id`, `gender_type_id`, `user_id`, `created_at`, `updated_at`, `is_autofilled`, `is_out_of_race`, `begin_time`, `meeting_event_id`, `pool_type_id`, `time_standard_id`)
  VALUES (34348, 14, 840, 1, 1, '2015-09-26 07:12:27', '2015-09-26 07:12:27', 1, 0, '2000-01-01 08:28:00', 3764, 2, 3642);

INSERT INTO `meeting_programs` (`id`, `event_order`, `category_type_id`, `gender_type_id`, `user_id`, `created_at`, `updated_at`, `is_autofilled`, `is_out_of_race`, `begin_time`, `meeting_event_id`, `pool_type_id`, `time_standard_id`)
  VALUES (34349, 15, 833, 1, 1, '2015-09-26 07:12:27', '2015-09-26 07:12:27', 1, 0, '2000-01-01 08:30:00', 3764, 2, NULL);

INSERT INTO `meeting_events` (`id`, `created_at`, `updated_at`, `event_order`, `begin_time`, `is_out_of_race`, `is_autofilled`, `notes`, `meeting_session_id`, `event_type_id`, `heat_type_id`, `user_id`, `has_separate_gender_start_list`, `has_separate_category_start_list`)
  VALUES (3765, '2015-09-26 07:12:27', '2015-09-26 07:12:27', 2, '2000-01-01 08:32:00', 0, 1, NULL, 852, 20, 3, 1, 1, 0);

INSERT INTO `meeting_programs` (`id`, `event_order`, `category_type_id`, `gender_type_id`, `user_id`, `created_at`, `updated_at`, `is_autofilled`, `is_out_of_race`, `begin_time`, `meeting_event_id`, `pool_type_id`, `time_standard_id`)
  VALUES (34350, 16, 834, 2, 1, '2015-09-26 07:12:27', '2015-09-26 07:12:27', 1, 0, '2000-01-01 08:32:00', 3765, 2, 4060);

INSERT INTO `meeting_programs` (`id`, `event_order`, `category_type_id`, `gender_type_id`, `user_id`, `created_at`, `updated_at`, `is_autofilled`, `is_out_of_race`, `begin_time`, `meeting_event_id`, `pool_type_id`, `time_standard_id`)
  VALUES (34351, 17, 835, 2, 1, '2015-09-26 07:12:27', '2015-09-26 07:12:27', 1, 0, '2000-01-01 08:34:00', 3765, 2, 4077);

INSERT INTO `meeting_programs` (`id`, `event_order`, `category_type_id`, `gender_type_id`, `user_id`, `created_at`, `updated_at`, `is_autofilled`, `is_out_of_race`, `begin_time`, `meeting_event_id`, `pool_type_id`, `time_standard_id`)
  VALUES (34352, 18, 836, 2, 1, '2015-09-26 07:12:27', '2015-09-26 07:12:27', 1, 0, '2000-01-01 08:36:00', 3765, 2, 4094);

INSERT INTO `meeting_programs` (`id`, `event_order`, `category_type_id`, `gender_type_id`, `user_id`, `created_at`, `updated_at`, `is_autofilled`, `is_out_of_race`, `begin_time`, `meeting_event_id`, `pool_type_id`, `time_standard_id`)
  VALUES (34353, 19, 837, 2, 1, '2015-09-26 07:12:27', '2015-09-26 07:12:27', 1, 0, '2000-01-01 08:38:00', 3765, 2, 4111);

INSERT INTO `meeting_programs` (`id`, `event_order`, `category_type_id`, `gender_type_id`, `user_id`, `created_at`, `updated_at`, `is_autofilled`, `is_out_of_race`, `begin_time`, `meeting_event_id`, `pool_type_id`, `time_standard_id`)
  VALUES (34354, 20, 838, 2, 1, '2015-09-26 07:12:28', '2015-09-26 07:12:28', 1, 0, '2000-01-01 08:40:00', 3765, 2, 4128);

INSERT INTO `meeting_programs` (`id`, `event_order`, `category_type_id`, `gender_type_id`, `user_id`, `created_at`, `updated_at`, `is_autofilled`, `is_out_of_race`, `begin_time`, `meeting_event_id`, `pool_type_id`, `time_standard_id`)
  VALUES (34355, 21, 839, 2, 1, '2015-09-26 07:12:28', '2015-09-26 07:12:28', 1, 0, '2000-01-01 08:42:00', 3765, 2, 4145);

INSERT INTO `meeting_programs` (`id`, `event_order`, `category_type_id`, `gender_type_id`, `user_id`, `created_at`, `updated_at`, `is_autofilled`, `is_out_of_race`, `begin_time`, `meeting_event_id`, `pool_type_id`, `time_standard_id`)
  VALUES (34356, 22, 840, 2, 1, '2015-09-26 07:12:28', '2015-09-26 07:12:28', 1, 0, '2000-01-01 08:44:00', 3765, 2, 4162);

INSERT INTO `meeting_programs` (`id`, `event_order`, `category_type_id`, `gender_type_id`, `user_id`, `created_at`, `updated_at`, `is_autofilled`, `is_out_of_race`, `begin_time`, `meeting_event_id`, `pool_type_id`, `time_standard_id`)
  VALUES (34357, 23, 834, 1, 1, '2015-09-26 07:12:28', '2015-09-26 07:12:28', 1, 0, '2000-01-01 08:46:00', 3765, 2, 3543);

INSERT INTO `meeting_programs` (`id`, `event_order`, `category_type_id`, `gender_type_id`, `user_id`, `created_at`, `updated_at`, `is_autofilled`, `is_out_of_race`, `begin_time`, `meeting_event_id`, `pool_type_id`, `time_standard_id`)
  VALUES (34358, 24, 836, 1, 1, '2015-09-26 07:12:28', '2015-09-26 07:12:28', 1, 0, '2000-01-01 08:48:00', 3765, 2, 3577);

INSERT INTO `meeting_programs` (`id`, `event_order`, `category_type_id`, `gender_type_id`, `user_id`, `created_at`, `updated_at`, `is_autofilled`, `is_out_of_race`, `begin_time`, `meeting_event_id`, `pool_type_id`, `time_standard_id`)
  VALUES (34359, 25, 837, 1, 1, '2015-09-26 07:12:28', '2015-09-26 07:12:28', 1, 0, '2000-01-01 08:50:00', 3765, 2, 3594);

INSERT INTO `meeting_programs` (`id`, `event_order`, `category_type_id`, `gender_type_id`, `user_id`, `created_at`, `updated_at`, `is_autofilled`, `is_out_of_race`, `begin_time`, `meeting_event_id`, `pool_type_id`, `time_standard_id`)
  VALUES (34360, 26, 838, 1, 1, '2015-09-26 07:12:28', '2015-09-26 07:12:28', 1, 0, '2000-01-01 08:52:00', 3765, 2, 3611);

INSERT INTO `meeting_programs` (`id`, `event_order`, `category_type_id`, `gender_type_id`, `user_id`, `created_at`, `updated_at`, `is_autofilled`, `is_out_of_race`, `begin_time`, `meeting_event_id`, `pool_type_id`, `time_standard_id`)
  VALUES (34361, 27, 839, 1, 1, '2015-09-26 07:12:28', '2015-09-26 07:12:28', 1, 0, '2000-01-01 08:54:00', 3765, 2, 3628);

INSERT INTO `meeting_programs` (`id`, `event_order`, `category_type_id`, `gender_type_id`, `user_id`, `created_at`, `updated_at`, `is_autofilled`, `is_out_of_race`, `begin_time`, `meeting_event_id`, `pool_type_id`, `time_standard_id`)
  VALUES (34362, 28, 840, 1, 1, '2015-09-26 07:12:28', '2015-09-26 07:12:28', 1, 0, '2000-01-01 08:56:00', 3765, 2, 3645);

INSERT INTO `meeting_programs` (`id`, `event_order`, `category_type_id`, `gender_type_id`, `user_id`, `created_at`, `updated_at`, `is_autofilled`, `is_out_of_race`, `begin_time`, `meeting_event_id`, `pool_type_id`, `time_standard_id`)
  VALUES (34363, 29, 842, 1, 1, '2015-09-26 07:12:28', '2015-09-26 07:12:28', 1, 0, '2000-01-01 08:58:00', 3765, 2, 3679);

INSERT INTO `meeting_programs` (`id`, `event_order`, `category_type_id`, `gender_type_id`, `user_id`, `created_at`, `updated_at`, `is_autofilled`, `is_out_of_race`, `begin_time`, `meeting_event_id`, `pool_type_id`, `time_standard_id`)
  VALUES (34364, 30, 833, 1, 1, '2015-09-26 07:12:28', '2015-09-26 07:12:28', 1, 0, '2000-01-01 09:00:00', 3765, 2, NULL);

INSERT INTO `meeting_events` (`id`, `created_at`, `updated_at`, `event_order`, `begin_time`, `is_out_of_race`, `is_autofilled`, `notes`, `meeting_session_id`, `event_type_id`, `heat_type_id`, `user_id`, `has_separate_gender_start_list`, `has_separate_category_start_list`)
  VALUES (3766, '2015-09-26 07:12:28', '2015-09-26 07:12:28', 3, '2000-01-01 09:02:00', 0, 1, NULL, 852, 3, 3, 1, 1, 0);

INSERT INTO `meeting_programs` (`id`, `event_order`, `category_type_id`, `gender_type_id`, `user_id`, `created_at`, `updated_at`, `is_autofilled`, `is_out_of_race`, `begin_time`, `meeting_event_id`, `pool_type_id`, `time_standard_id`)
  VALUES (34365, 31, 834, 2, 1, '2015-09-26 07:12:28', '2015-09-26 07:12:28', 1, 0, '2000-01-01 09:02:00', 3766, 2, 4051);

INSERT INTO `meeting_programs` (`id`, `event_order`, `category_type_id`, `gender_type_id`, `user_id`, `created_at`, `updated_at`, `is_autofilled`, `is_out_of_race`, `begin_time`, `meeting_event_id`, `pool_type_id`, `time_standard_id`)
  VALUES (34366, 32, 835, 2, 1, '2015-09-26 07:12:29', '2015-09-26 07:12:29', 1, 0, '2000-01-01 09:04:00', 3766, 2, 4068);

INSERT INTO `meeting_programs` (`id`, `event_order`, `category_type_id`, `gender_type_id`, `user_id`, `created_at`, `updated_at`, `is_autofilled`, `is_out_of_race`, `begin_time`, `meeting_event_id`, `pool_type_id`, `time_standard_id`)
  VALUES (34367, 33, 836, 2, 1, '2015-09-26 07:12:29', '2015-09-26 07:12:29', 1, 0, '2000-01-01 09:06:00', 3766, 2, 4085);

INSERT INTO `meeting_programs` (`id`, `event_order`, `category_type_id`, `gender_type_id`, `user_id`, `created_at`, `updated_at`, `is_autofilled`, `is_out_of_race`, `begin_time`, `meeting_event_id`, `pool_type_id`, `time_standard_id`)
  VALUES (34368, 34, 837, 2, 1, '2015-09-26 07:12:29', '2015-09-26 07:12:29', 1, 0, '2000-01-01 09:08:00', 3766, 2, 4102);

INSERT INTO `meeting_programs` (`id`, `event_order`, `category_type_id`, `gender_type_id`, `user_id`, `created_at`, `updated_at`, `is_autofilled`, `is_out_of_race`, `begin_time`, `meeting_event_id`, `pool_type_id`, `time_standard_id`)
  VALUES (34369, 35, 838, 2, 1, '2015-09-26 07:12:29', '2015-09-26 07:12:29', 1, 0, '2000-01-01 09:10:00', 3766, 2, 4119);

INSERT INTO `meeting_programs` (`id`, `event_order`, `category_type_id`, `gender_type_id`, `user_id`, `created_at`, `updated_at`, `is_autofilled`, `is_out_of_race`, `begin_time`, `meeting_event_id`, `pool_type_id`, `time_standard_id`)
  VALUES (34370, 36, 834, 1, 1, '2015-09-26 07:12:29', '2015-09-26 07:12:29', 1, 0, '2000-01-01 09:12:00', 3766, 2, 3534);

INSERT INTO `meeting_programs` (`id`, `event_order`, `category_type_id`, `gender_type_id`, `user_id`, `created_at`, `updated_at`, `is_autofilled`, `is_out_of_race`, `begin_time`, `meeting_event_id`, `pool_type_id`, `time_standard_id`)
  VALUES (34371, 37, 835, 1, 1, '2015-09-26 07:12:29', '2015-09-26 07:12:29', 1, 0, '2000-01-01 09:14:00', 3766, 2, 3551);

INSERT INTO `meeting_programs` (`id`, `event_order`, `category_type_id`, `gender_type_id`, `user_id`, `created_at`, `updated_at`, `is_autofilled`, `is_out_of_race`, `begin_time`, `meeting_event_id`, `pool_type_id`, `time_standard_id`)
  VALUES (34372, 38, 836, 1, 1, '2015-09-26 07:12:29', '2015-09-26 07:12:29', 1, 0, '2000-01-01 09:16:00', 3766, 2, 3568);

INSERT INTO `meeting_programs` (`id`, `event_order`, `category_type_id`, `gender_type_id`, `user_id`, `created_at`, `updated_at`, `is_autofilled`, `is_out_of_race`, `begin_time`, `meeting_event_id`, `pool_type_id`, `time_standard_id`)
  VALUES (34373, 39, 837, 1, 1, '2015-09-26 07:12:29', '2015-09-26 07:12:29', 1, 0, '2000-01-01 09:18:00', 3766, 2, 3585);

INSERT INTO `meeting_programs` (`id`, `event_order`, `category_type_id`, `gender_type_id`, `user_id`, `created_at`, `updated_at`, `is_autofilled`, `is_out_of_race`, `begin_time`, `meeting_event_id`, `pool_type_id`, `time_standard_id`)
  VALUES (34374, 40, 838, 1, 1, '2015-09-26 07:12:29', '2015-09-26 07:12:29', 1, 0, '2000-01-01 09:20:00', 3766, 2, 3602);

INSERT INTO `meeting_programs` (`id`, `event_order`, `category_type_id`, `gender_type_id`, `user_id`, `created_at`, `updated_at`, `is_autofilled`, `is_out_of_race`, `begin_time`, `meeting_event_id`, `pool_type_id`, `time_standard_id`)
  VALUES (34375, 41, 839, 1, 1, '2015-09-26 07:12:29', '2015-09-26 07:12:29', 1, 0, '2000-01-01 09:22:00', 3766, 2, 3619);

INSERT INTO `meeting_programs` (`id`, `event_order`, `category_type_id`, `gender_type_id`, `user_id`, `created_at`, `updated_at`, `is_autofilled`, `is_out_of_race`, `begin_time`, `meeting_event_id`, `pool_type_id`, `time_standard_id`)
  VALUES (34376, 42, 840, 1, 1, '2015-09-26 07:12:30', '2015-09-26 07:12:30', 1, 0, '2000-01-01 09:24:00', 3766, 2, 3636);

INSERT INTO `meeting_programs` (`id`, `event_order`, `category_type_id`, `gender_type_id`, `user_id`, `created_at`, `updated_at`, `is_autofilled`, `is_out_of_race`, `begin_time`, `meeting_event_id`, `pool_type_id`, `time_standard_id`)
  VALUES (34377, 43, 833, 1, 1, '2015-09-26 07:12:30', '2015-09-26 07:12:30', 1, 0, '2000-01-01 09:26:00', 3766, 2, NULL);

INSERT INTO `meeting_events` (`id`, `created_at`, `updated_at`, `event_order`, `begin_time`, `is_out_of_race`, `is_autofilled`, `notes`, `meeting_session_id`, `event_type_id`, `heat_type_id`, `user_id`, `has_separate_gender_start_list`, `has_separate_category_start_list`)
  VALUES (3767, '2015-09-26 07:12:30', '2015-09-26 07:12:30', 4, '2000-01-01 09:28:00', 0, 1, NULL, 852, 7, 3, 1, 1, 0);

INSERT INTO `meeting_programs` (`id`, `event_order`, `category_type_id`, `gender_type_id`, `user_id`, `created_at`, `updated_at`, `is_autofilled`, `is_out_of_race`, `begin_time`, `meeting_event_id`, `pool_type_id`, `time_standard_id`)
  VALUES (34378, 44, 834, 2, 1, '2015-09-26 07:12:30', '2015-09-26 07:12:30', 1, 0, '2000-01-01 09:28:00', 3767, 2, 4055);

INSERT INTO `meeting_programs` (`id`, `event_order`, `category_type_id`, `gender_type_id`, `user_id`, `created_at`, `updated_at`, `is_autofilled`, `is_out_of_race`, `begin_time`, `meeting_event_id`, `pool_type_id`, `time_standard_id`)
  VALUES (34379, 45, 835, 2, 1, '2015-09-26 07:12:30', '2015-09-26 07:12:30', 1, 0, '2000-01-01 09:30:00', 3767, 2, 4072);

INSERT INTO `meeting_programs` (`id`, `event_order`, `category_type_id`, `gender_type_id`, `user_id`, `created_at`, `updated_at`, `is_autofilled`, `is_out_of_race`, `begin_time`, `meeting_event_id`, `pool_type_id`, `time_standard_id`)
  VALUES (34380, 46, 836, 2, 1, '2015-09-26 07:12:30', '2015-09-26 07:12:30', 1, 0, '2000-01-01 09:32:00', 3767, 2, 4089);

INSERT INTO `meeting_programs` (`id`, `event_order`, `category_type_id`, `gender_type_id`, `user_id`, `created_at`, `updated_at`, `is_autofilled`, `is_out_of_race`, `begin_time`, `meeting_event_id`, `pool_type_id`, `time_standard_id`)
  VALUES (34381, 47, 837, 2, 1, '2015-09-26 07:12:30', '2015-09-26 07:12:30', 1, 0, '2000-01-01 09:34:00', 3767, 2, 4106);

INSERT INTO `meeting_programs` (`id`, `event_order`, `category_type_id`, `gender_type_id`, `user_id`, `created_at`, `updated_at`, `is_autofilled`, `is_out_of_race`, `begin_time`, `meeting_event_id`, `pool_type_id`, `time_standard_id`)
  VALUES (34382, 48, 834, 1, 1, '2015-09-26 07:12:30', '2015-09-26 07:12:30', 1, 0, '2000-01-01 09:36:00', 3767, 2, 3538);

INSERT INTO `meeting_programs` (`id`, `event_order`, `category_type_id`, `gender_type_id`, `user_id`, `created_at`, `updated_at`, `is_autofilled`, `is_out_of_race`, `begin_time`, `meeting_event_id`, `pool_type_id`, `time_standard_id`)
  VALUES (34383, 49, 835, 1, 1, '2015-09-26 07:12:30', '2015-09-26 07:12:30', 1, 0, '2000-01-01 09:38:00', 3767, 2, 3555);

INSERT INTO `meeting_programs` (`id`, `event_order`, `category_type_id`, `gender_type_id`, `user_id`, `created_at`, `updated_at`, `is_autofilled`, `is_out_of_race`, `begin_time`, `meeting_event_id`, `pool_type_id`, `time_standard_id`)
  VALUES (34384, 50, 836, 1, 1, '2015-09-26 07:12:30', '2015-09-26 07:12:30', 1, 0, '2000-01-01 09:40:00', 3767, 2, 3572);

INSERT INTO `meeting_programs` (`id`, `event_order`, `category_type_id`, `gender_type_id`, `user_id`, `created_at`, `updated_at`, `is_autofilled`, `is_out_of_race`, `begin_time`, `meeting_event_id`, `pool_type_id`, `time_standard_id`)
  VALUES (34385, 51, 837, 1, 1, '2015-09-26 07:12:30', '2015-09-26 07:12:30', 1, 0, '2000-01-01 09:42:00', 3767, 2, 3589);

INSERT INTO `meeting_programs` (`id`, `event_order`, `category_type_id`, `gender_type_id`, `user_id`, `created_at`, `updated_at`, `is_autofilled`, `is_out_of_race`, `begin_time`, `meeting_event_id`, `pool_type_id`, `time_standard_id`)
  VALUES (34386, 52, 838, 1, 1, '2015-09-26 07:12:30', '2015-09-26 07:12:30', 1, 0, '2000-01-01 09:44:00', 3767, 2, 3606);

INSERT INTO `meeting_programs` (`id`, `event_order`, `category_type_id`, `gender_type_id`, `user_id`, `created_at`, `updated_at`, `is_autofilled`, `is_out_of_race`, `begin_time`, `meeting_event_id`, `pool_type_id`, `time_standard_id`)
  VALUES (34387, 53, 839, 1, 1, '2015-09-26 07:12:30', '2015-09-26 07:12:30', 1, 0, '2000-01-01 09:46:00', 3767, 2, 3623);

INSERT INTO `meeting_programs` (`id`, `event_order`, `category_type_id`, `gender_type_id`, `user_id`, `created_at`, `updated_at`, `is_autofilled`, `is_out_of_race`, `begin_time`, `meeting_event_id`, `pool_type_id`, `time_standard_id`)
  VALUES (34388, 54, 840, 1, 1, '2015-09-26 07:12:31', '2015-09-26 07:12:31', 1, 0, '2000-01-01 09:48:00', 3767, 2, 3640);

INSERT INTO `meeting_programs` (`id`, `event_order`, `category_type_id`, `gender_type_id`, `user_id`, `created_at`, `updated_at`, `is_autofilled`, `is_out_of_race`, `begin_time`, `meeting_event_id`, `pool_type_id`, `time_standard_id`)
  VALUES (34389, 55, 842, 1, 1, '2015-09-26 07:12:31', '2015-09-26 07:12:31', 1, 0, '2000-01-01 09:50:00', 3767, 2, 3674);

INSERT INTO `meeting_programs` (`id`, `event_order`, `category_type_id`, `gender_type_id`, `user_id`, `created_at`, `updated_at`, `is_autofilled`, `is_out_of_race`, `begin_time`, `meeting_event_id`, `pool_type_id`, `time_standard_id`)
  VALUES (34390, 56, 833, 1, 1, '2015-09-26 07:12:31', '2015-09-26 07:12:31', 1, 0, '2000-01-01 09:52:00', 3767, 2, NULL);

INSERT INTO `meeting_events` (`id`, `created_at`, `updated_at`, `event_order`, `begin_time`, `is_out_of_race`, `is_autofilled`, `notes`, `meeting_session_id`, `event_type_id`, `heat_type_id`, `user_id`, `has_separate_gender_start_list`, `has_separate_category_start_list`)
  VALUES (3768, '2015-09-26 07:12:31', '2015-09-26 07:12:31', 5, '2000-01-01 09:54:00', 0, 1, NULL, 852, 15, 3, 1, 1, 0);

INSERT INTO `meeting_programs` (`id`, `event_order`, `category_type_id`, `gender_type_id`, `user_id`, `created_at`, `updated_at`, `is_autofilled`, `is_out_of_race`, `begin_time`, `meeting_event_id`, `pool_type_id`, `time_standard_id`)
  VALUES (34391, 57, 834, 2, 1, '2015-09-26 07:12:31', '2015-09-26 07:12:31', 1, 0, '2000-01-01 09:54:00', 3768, 2, 4056);

INSERT INTO `meeting_programs` (`id`, `event_order`, `category_type_id`, `gender_type_id`, `user_id`, `created_at`, `updated_at`, `is_autofilled`, `is_out_of_race`, `begin_time`, `meeting_event_id`, `pool_type_id`, `time_standard_id`)
  VALUES (34392, 58, 835, 2, 1, '2015-09-26 07:12:31', '2015-09-26 07:12:31', 1, 0, '2000-01-01 09:56:00', 3768, 2, 4073);

INSERT INTO `meeting_programs` (`id`, `event_order`, `category_type_id`, `gender_type_id`, `user_id`, `created_at`, `updated_at`, `is_autofilled`, `is_out_of_race`, `begin_time`, `meeting_event_id`, `pool_type_id`, `time_standard_id`)
  VALUES (34393, 59, 836, 2, 1, '2015-09-26 07:12:31', '2015-09-26 07:12:31', 1, 0, '2000-01-01 09:58:00', 3768, 2, 4090);

INSERT INTO `meeting_programs` (`id`, `event_order`, `category_type_id`, `gender_type_id`, `user_id`, `created_at`, `updated_at`, `is_autofilled`, `is_out_of_race`, `begin_time`, `meeting_event_id`, `pool_type_id`, `time_standard_id`)
  VALUES (34394, 60, 837, 2, 1, '2015-09-26 07:12:31', '2015-09-26 07:12:31', 1, 0, '2000-01-01 10:00:00', 3768, 2, 4107);

INSERT INTO `meeting_programs` (`id`, `event_order`, `category_type_id`, `gender_type_id`, `user_id`, `created_at`, `updated_at`, `is_autofilled`, `is_out_of_race`, `begin_time`, `meeting_event_id`, `pool_type_id`, `time_standard_id`)
  VALUES (34395, 61, 838, 2, 1, '2015-09-26 07:12:31', '2015-09-26 07:12:31', 1, 0, '2000-01-01 10:02:00', 3768, 2, 4124);

INSERT INTO `meeting_programs` (`id`, `event_order`, `category_type_id`, `gender_type_id`, `user_id`, `created_at`, `updated_at`, `is_autofilled`, `is_out_of_race`, `begin_time`, `meeting_event_id`, `pool_type_id`, `time_standard_id`)
  VALUES (34396, 62, 839, 2, 1, '2015-09-26 07:12:31', '2015-09-26 07:12:31', 1, 0, '2000-01-01 10:04:00', 3768, 2, 4141);

INSERT INTO `meeting_programs` (`id`, `event_order`, `category_type_id`, `gender_type_id`, `user_id`, `created_at`, `updated_at`, `is_autofilled`, `is_out_of_race`, `begin_time`, `meeting_event_id`, `pool_type_id`, `time_standard_id`)
  VALUES (34397, 63, 840, 2, 1, '2015-09-26 07:12:32', '2015-09-26 07:12:32', 1, 0, '2000-01-01 10:06:00', 3768, 2, 4158);

INSERT INTO `meeting_programs` (`id`, `event_order`, `category_type_id`, `gender_type_id`, `user_id`, `created_at`, `updated_at`, `is_autofilled`, `is_out_of_race`, `begin_time`, `meeting_event_id`, `pool_type_id`, `time_standard_id`)
  VALUES (34398, 64, 842, 2, 1, '2015-09-26 07:12:32', '2015-09-26 07:12:32', 1, 0, '2000-01-01 10:08:00', 3768, 2, 4192);

INSERT INTO `meeting_programs` (`id`, `event_order`, `category_type_id`, `gender_type_id`, `user_id`, `created_at`, `updated_at`, `is_autofilled`, `is_out_of_race`, `begin_time`, `meeting_event_id`, `pool_type_id`, `time_standard_id`)
  VALUES (34399, 65, 833, 2, 1, '2015-09-26 07:12:32', '2015-09-26 07:12:32', 1, 0, '2000-01-01 10:10:00', 3768, 2, NULL);

INSERT INTO `meeting_programs` (`id`, `event_order`, `category_type_id`, `gender_type_id`, `user_id`, `created_at`, `updated_at`, `is_autofilled`, `is_out_of_race`, `begin_time`, `meeting_event_id`, `pool_type_id`, `time_standard_id`)
  VALUES (34400, 66, 834, 1, 1, '2015-09-26 07:12:32', '2015-09-26 07:12:32', 1, 0, '2000-01-01 10:12:00', 3768, 2, 3539);

INSERT INTO `meeting_programs` (`id`, `event_order`, `category_type_id`, `gender_type_id`, `user_id`, `created_at`, `updated_at`, `is_autofilled`, `is_out_of_race`, `begin_time`, `meeting_event_id`, `pool_type_id`, `time_standard_id`)
  VALUES (34401, 67, 835, 1, 1, '2015-09-26 07:12:32', '2015-09-26 07:12:32', 1, 0, '2000-01-01 10:14:00', 3768, 2, 3556);

INSERT INTO `meeting_programs` (`id`, `event_order`, `category_type_id`, `gender_type_id`, `user_id`, `created_at`, `updated_at`, `is_autofilled`, `is_out_of_race`, `begin_time`, `meeting_event_id`, `pool_type_id`, `time_standard_id`)
  VALUES (34402, 68, 836, 1, 1, '2015-09-26 07:12:32', '2015-09-26 07:12:32', 1, 0, '2000-01-01 10:16:00', 3768, 2, 3573);

INSERT INTO `meeting_programs` (`id`, `event_order`, `category_type_id`, `gender_type_id`, `user_id`, `created_at`, `updated_at`, `is_autofilled`, `is_out_of_race`, `begin_time`, `meeting_event_id`, `pool_type_id`, `time_standard_id`)
  VALUES (34403, 69, 837, 1, 1, '2015-09-26 07:12:32', '2015-09-26 07:12:32', 1, 0, '2000-01-01 10:18:00', 3768, 2, 3590);

INSERT INTO `meeting_programs` (`id`, `event_order`, `category_type_id`, `gender_type_id`, `user_id`, `created_at`, `updated_at`, `is_autofilled`, `is_out_of_race`, `begin_time`, `meeting_event_id`, `pool_type_id`, `time_standard_id`)
  VALUES (34404, 70, 838, 1, 1, '2015-09-26 07:12:32', '2015-09-26 07:12:32', 1, 0, '2000-01-01 10:20:00', 3768, 2, 3607);

INSERT INTO `meeting_programs` (`id`, `event_order`, `category_type_id`, `gender_type_id`, `user_id`, `created_at`, `updated_at`, `is_autofilled`, `is_out_of_race`, `begin_time`, `meeting_event_id`, `pool_type_id`, `time_standard_id`)
  VALUES (34405, 71, 839, 1, 1, '2015-09-26 07:12:32', '2015-09-26 07:12:32', 1, 0, '2000-01-01 10:22:00', 3768, 2, 3624);

INSERT INTO `meeting_programs` (`id`, `event_order`, `category_type_id`, `gender_type_id`, `user_id`, `created_at`, `updated_at`, `is_autofilled`, `is_out_of_race`, `begin_time`, `meeting_event_id`, `pool_type_id`, `time_standard_id`)
  VALUES (34406, 72, 840, 1, 1, '2015-09-26 07:12:32', '2015-09-26 07:12:32', 1, 0, '2000-01-01 10:24:00', 3768, 2, 3641);

INSERT INTO `meeting_programs` (`id`, `event_order`, `category_type_id`, `gender_type_id`, `user_id`, `created_at`, `updated_at`, `is_autofilled`, `is_out_of_race`, `begin_time`, `meeting_event_id`, `pool_type_id`, `time_standard_id`)
  VALUES (34407, 73, 841, 1, 1, '2015-09-26 07:12:33', '2015-09-26 07:12:33', 1, 0, '2000-01-01 10:26:00', 3768, 2, 3658);

INSERT INTO `meeting_programs` (`id`, `event_order`, `category_type_id`, `gender_type_id`, `user_id`, `created_at`, `updated_at`, `is_autofilled`, `is_out_of_race`, `begin_time`, `meeting_event_id`, `pool_type_id`, `time_standard_id`)
  VALUES (34408, 74, 833, 1, 1, '2015-09-26 07:12:33', '2015-09-26 07:12:33', 1, 0, '2000-01-01 10:28:00', 3768, 2, NULL);

INSERT INTO `meeting_events` (`id`, `created_at`, `updated_at`, `event_order`, `begin_time`, `is_out_of_race`, `is_autofilled`, `notes`, `meeting_session_id`, `event_type_id`, `heat_type_id`, `user_id`, `has_separate_gender_start_list`, `has_separate_category_start_list`)
  VALUES (3769, '2015-09-26 07:12:33', '2015-09-26 07:12:33', 6, '2000-01-01 10:30:00', 0, 1, NULL, 852, 11, 3, 1, 1, 0);

INSERT INTO `meeting_programs` (`id`, `event_order`, `category_type_id`, `gender_type_id`, `user_id`, `created_at`, `updated_at`, `is_autofilled`, `is_out_of_race`, `begin_time`, `meeting_event_id`, `pool_type_id`, `time_standard_id`)
  VALUES (34409, 75, 834, 2, 1, '2015-09-26 07:12:33', '2015-09-26 07:12:33', 1, 0, '2000-01-01 10:30:00', 3769, 2, 4062);

INSERT INTO `meeting_programs` (`id`, `event_order`, `category_type_id`, `gender_type_id`, `user_id`, `created_at`, `updated_at`, `is_autofilled`, `is_out_of_race`, `begin_time`, `meeting_event_id`, `pool_type_id`, `time_standard_id`)
  VALUES (34410, 76, 835, 2, 1, '2015-09-26 07:12:33', '2015-09-26 07:12:33', 1, 0, '2000-01-01 10:32:00', 3769, 2, 4079);

INSERT INTO `meeting_programs` (`id`, `event_order`, `category_type_id`, `gender_type_id`, `user_id`, `created_at`, `updated_at`, `is_autofilled`, `is_out_of_race`, `begin_time`, `meeting_event_id`, `pool_type_id`, `time_standard_id`)
  VALUES (34411, 77, 836, 2, 1, '2015-09-26 07:12:33', '2015-09-26 07:12:33', 1, 0, '2000-01-01 10:34:00', 3769, 2, 4096);

INSERT INTO `meeting_programs` (`id`, `event_order`, `category_type_id`, `gender_type_id`, `user_id`, `created_at`, `updated_at`, `is_autofilled`, `is_out_of_race`, `begin_time`, `meeting_event_id`, `pool_type_id`, `time_standard_id`)
  VALUES (34412, 78, 837, 2, 1, '2015-09-26 07:12:33', '2015-09-26 07:12:33', 1, 0, '2000-01-01 10:36:00', 3769, 2, 4113);

INSERT INTO `meeting_programs` (`id`, `event_order`, `category_type_id`, `gender_type_id`, `user_id`, `created_at`, `updated_at`, `is_autofilled`, `is_out_of_race`, `begin_time`, `meeting_event_id`, `pool_type_id`, `time_standard_id`)
  VALUES (34413, 79, 838, 2, 1, '2015-09-26 07:12:33', '2015-09-26 07:12:33', 1, 0, '2000-01-01 10:38:00', 3769, 2, 4130);

INSERT INTO `meeting_programs` (`id`, `event_order`, `category_type_id`, `gender_type_id`, `user_id`, `created_at`, `updated_at`, `is_autofilled`, `is_out_of_race`, `begin_time`, `meeting_event_id`, `pool_type_id`, `time_standard_id`)
  VALUES (34414, 80, 833, 2, 1, '2015-09-26 07:12:33', '2015-09-26 07:12:33', 1, 0, '2000-01-01 10:40:00', 3769, 2, NULL);

INSERT INTO `meeting_programs` (`id`, `event_order`, `category_type_id`, `gender_type_id`, `user_id`, `created_at`, `updated_at`, `is_autofilled`, `is_out_of_race`, `begin_time`, `meeting_event_id`, `pool_type_id`, `time_standard_id`)
  VALUES (34415, 81, 834, 1, 1, '2015-09-26 07:12:33', '2015-09-26 07:12:33', 1, 0, '2000-01-01 10:42:00', 3769, 2, 3545);

INSERT INTO `meeting_programs` (`id`, `event_order`, `category_type_id`, `gender_type_id`, `user_id`, `created_at`, `updated_at`, `is_autofilled`, `is_out_of_race`, `begin_time`, `meeting_event_id`, `pool_type_id`, `time_standard_id`)
  VALUES (34416, 82, 835, 1, 1, '2015-09-26 07:12:34', '2015-09-26 07:12:34', 1, 0, '2000-01-01 10:44:00', 3769, 2, 3562);

INSERT INTO `meeting_programs` (`id`, `event_order`, `category_type_id`, `gender_type_id`, `user_id`, `created_at`, `updated_at`, `is_autofilled`, `is_out_of_race`, `begin_time`, `meeting_event_id`, `pool_type_id`, `time_standard_id`)
  VALUES (34417, 83, 836, 1, 1, '2015-09-26 07:12:34', '2015-09-26 07:12:34', 1, 0, '2000-01-01 10:46:00', 3769, 2, 3579);

INSERT INTO `meeting_programs` (`id`, `event_order`, `category_type_id`, `gender_type_id`, `user_id`, `created_at`, `updated_at`, `is_autofilled`, `is_out_of_race`, `begin_time`, `meeting_event_id`, `pool_type_id`, `time_standard_id`)
  VALUES (34418, 84, 837, 1, 1, '2015-09-26 07:12:34', '2015-09-26 07:12:34', 1, 0, '2000-01-01 10:48:00', 3769, 2, 3596);

INSERT INTO `meeting_programs` (`id`, `event_order`, `category_type_id`, `gender_type_id`, `user_id`, `created_at`, `updated_at`, `is_autofilled`, `is_out_of_race`, `begin_time`, `meeting_event_id`, `pool_type_id`, `time_standard_id`)
  VALUES (34419, 85, 838, 1, 1, '2015-09-26 07:12:34', '2015-09-26 07:12:34', 1, 0, '2000-01-01 10:50:00', 3769, 2, 3613);

INSERT INTO `meeting_programs` (`id`, `event_order`, `category_type_id`, `gender_type_id`, `user_id`, `created_at`, `updated_at`, `is_autofilled`, `is_out_of_race`, `begin_time`, `meeting_event_id`, `pool_type_id`, `time_standard_id`)
  VALUES (34420, 86, 839, 1, 1, '2015-09-26 07:12:34', '2015-09-26 07:12:34', 1, 0, '2000-01-01 10:52:00', 3769, 2, 3630);

INSERT INTO `meeting_programs` (`id`, `event_order`, `category_type_id`, `gender_type_id`, `user_id`, `created_at`, `updated_at`, `is_autofilled`, `is_out_of_race`, `begin_time`, `meeting_event_id`, `pool_type_id`, `time_standard_id`)
  VALUES (34421, 87, 840, 1, 1, '2015-09-26 07:12:34', '2015-09-26 07:12:34', 1, 0, '2000-01-01 10:54:00', 3769, 2, 3647);

INSERT INTO `meeting_programs` (`id`, `event_order`, `category_type_id`, `gender_type_id`, `user_id`, `created_at`, `updated_at`, `is_autofilled`, `is_out_of_race`, `begin_time`, `meeting_event_id`, `pool_type_id`, `time_standard_id`)
  VALUES (34422, 88, 842, 1, 1, '2015-09-26 07:12:34', '2015-09-26 07:12:34', 1, 0, '2000-01-01 10:56:00', 3769, 2, 3681);

INSERT INTO `meeting_programs` (`id`, `event_order`, `category_type_id`, `gender_type_id`, `user_id`, `created_at`, `updated_at`, `is_autofilled`, `is_out_of_race`, `begin_time`, `meeting_event_id`, `pool_type_id`, `time_standard_id`)
  VALUES (34423, 89, 833, 1, 1, '2015-09-26 07:12:34', '2015-09-26 07:12:34', 1, 0, '2000-01-01 10:58:00', 3769, 2, NULL);

INSERT INTO `meeting_events` (`id`, `created_at`, `updated_at`, `event_order`, `begin_time`, `is_out_of_race`, `is_autofilled`, `notes`, `meeting_session_id`, `event_type_id`, `heat_type_id`, `user_id`, `has_separate_gender_start_list`, `has_separate_category_start_list`)
  VALUES (3770, '2015-09-26 07:12:34', '2015-09-26 07:12:34', 7, '2000-01-01 11:00:00', 0, 1, NULL, 852, 19, 3, 1, 1, 0);

INSERT INTO `meeting_programs` (`id`, `event_order`, `category_type_id`, `gender_type_id`, `user_id`, `created_at`, `updated_at`, `is_autofilled`, `is_out_of_race`, `begin_time`, `meeting_event_id`, `pool_type_id`, `time_standard_id`)
  VALUES (34424, 90, 834, 2, 1, '2015-09-26 07:12:34', '2015-09-26 07:12:34', 1, 0, '2000-01-01 11:00:00', 3770, 2, 4059);

INSERT INTO `meeting_programs` (`id`, `event_order`, `category_type_id`, `gender_type_id`, `user_id`, `created_at`, `updated_at`, `is_autofilled`, `is_out_of_race`, `begin_time`, `meeting_event_id`, `pool_type_id`, `time_standard_id`)
  VALUES (34425, 91, 835, 2, 1, '2015-09-26 07:12:34', '2015-09-26 07:12:34', 1, 0, '2000-01-01 11:02:00', 3770, 2, 4076);

INSERT INTO `meeting_programs` (`id`, `event_order`, `category_type_id`, `gender_type_id`, `user_id`, `created_at`, `updated_at`, `is_autofilled`, `is_out_of_race`, `begin_time`, `meeting_event_id`, `pool_type_id`, `time_standard_id`)
  VALUES (34426, 92, 836, 2, 1, '2015-09-26 07:12:34', '2015-09-26 07:12:34', 1, 0, '2000-01-01 11:04:00', 3770, 2, 4093);

INSERT INTO `meeting_programs` (`id`, `event_order`, `category_type_id`, `gender_type_id`, `user_id`, `created_at`, `updated_at`, `is_autofilled`, `is_out_of_race`, `begin_time`, `meeting_event_id`, `pool_type_id`, `time_standard_id`)
  VALUES (34427, 93, 837, 2, 1, '2015-09-26 07:12:35', '2015-09-26 07:12:35', 1, 0, '2000-01-01 11:06:00', 3770, 2, 4110);

INSERT INTO `meeting_programs` (`id`, `event_order`, `category_type_id`, `gender_type_id`, `user_id`, `created_at`, `updated_at`, `is_autofilled`, `is_out_of_race`, `begin_time`, `meeting_event_id`, `pool_type_id`, `time_standard_id`)
  VALUES (34428, 94, 838, 2, 1, '2015-09-26 07:12:35', '2015-09-26 07:12:35', 1, 0, '2000-01-01 11:08:00', 3770, 2, 4127);

INSERT INTO `meeting_programs` (`id`, `event_order`, `category_type_id`, `gender_type_id`, `user_id`, `created_at`, `updated_at`, `is_autofilled`, `is_out_of_race`, `begin_time`, `meeting_event_id`, `pool_type_id`, `time_standard_id`)
  VALUES (34429, 95, 840, 2, 1, '2015-09-26 07:12:35', '2015-09-26 07:12:35', 1, 0, '2000-01-01 11:10:00', 3770, 2, 4161);

INSERT INTO `meeting_programs` (`id`, `event_order`, `category_type_id`, `gender_type_id`, `user_id`, `created_at`, `updated_at`, `is_autofilled`, `is_out_of_race`, `begin_time`, `meeting_event_id`, `pool_type_id`, `time_standard_id`)
  VALUES (34430, 96, 833, 2, 1, '2015-09-26 07:12:35', '2015-09-26 07:12:35', 1, 0, '2000-01-01 11:12:00', 3770, 2, NULL);

INSERT INTO `meeting_programs` (`id`, `event_order`, `category_type_id`, `gender_type_id`, `user_id`, `created_at`, `updated_at`, `is_autofilled`, `is_out_of_race`, `begin_time`, `meeting_event_id`, `pool_type_id`, `time_standard_id`)
  VALUES (34431, 97, 834, 1, 1, '2015-09-26 07:12:35', '2015-09-26 07:12:35', 1, 0, '2000-01-01 11:14:00', 3770, 2, 3542);

INSERT INTO `meeting_programs` (`id`, `event_order`, `category_type_id`, `gender_type_id`, `user_id`, `created_at`, `updated_at`, `is_autofilled`, `is_out_of_race`, `begin_time`, `meeting_event_id`, `pool_type_id`, `time_standard_id`)
  VALUES (34432, 98, 835, 1, 1, '2015-09-26 07:12:35', '2015-09-26 07:12:35', 1, 0, '2000-01-01 11:16:00', 3770, 2, 3559);

INSERT INTO `meeting_programs` (`id`, `event_order`, `category_type_id`, `gender_type_id`, `user_id`, `created_at`, `updated_at`, `is_autofilled`, `is_out_of_race`, `begin_time`, `meeting_event_id`, `pool_type_id`, `time_standard_id`)
  VALUES (34433, 99, 836, 1, 1, '2015-09-26 07:12:35', '2015-09-26 07:12:35', 1, 0, '2000-01-01 11:18:00', 3770, 2, 3576);

INSERT INTO `meeting_programs` (`id`, `event_order`, `category_type_id`, `gender_type_id`, `user_id`, `created_at`, `updated_at`, `is_autofilled`, `is_out_of_race`, `begin_time`, `meeting_event_id`, `pool_type_id`, `time_standard_id`)
  VALUES (34434, 100, 837, 1, 1, '2015-09-26 07:12:35', '2015-09-26 07:12:35', 1, 0, '2000-01-01 11:20:00', 3770, 2, 3593);

INSERT INTO `meeting_programs` (`id`, `event_order`, `category_type_id`, `gender_type_id`, `user_id`, `created_at`, `updated_at`, `is_autofilled`, `is_out_of_race`, `begin_time`, `meeting_event_id`, `pool_type_id`, `time_standard_id`)
  VALUES (34435, 101, 838, 1, 1, '2015-09-26 07:12:35', '2015-09-26 07:12:35', 1, 0, '2000-01-01 11:22:00', 3770, 2, 3610);

INSERT INTO `meeting_programs` (`id`, `event_order`, `category_type_id`, `gender_type_id`, `user_id`, `created_at`, `updated_at`, `is_autofilled`, `is_out_of_race`, `begin_time`, `meeting_event_id`, `pool_type_id`, `time_standard_id`)
  VALUES (34436, 102, 839, 1, 1, '2015-09-26 07:12:35', '2015-09-26 07:12:35', 1, 0, '2000-01-01 11:24:00', 3770, 2, 3627);

INSERT INTO `meeting_programs` (`id`, `event_order`, `category_type_id`, `gender_type_id`, `user_id`, `created_at`, `updated_at`, `is_autofilled`, `is_out_of_race`, `begin_time`, `meeting_event_id`, `pool_type_id`, `time_standard_id`)
  VALUES (34437, 103, 841, 1, 1, '2015-09-26 07:12:36', '2015-09-26 07:12:36', 1, 0, '2000-01-01 11:26:00', 3770, 2, 3661);

INSERT INTO `meeting_programs` (`id`, `event_order`, `category_type_id`, `gender_type_id`, `user_id`, `created_at`, `updated_at`, `is_autofilled`, `is_out_of_race`, `begin_time`, `meeting_event_id`, `pool_type_id`, `time_standard_id`)
  VALUES (34438, 104, 842, 1, 1, '2015-09-26 07:12:36', '2015-09-26 07:12:36', 1, 0, '2000-01-01 11:28:00', 3770, 2, 3678);

INSERT INTO `meeting_programs` (`id`, `event_order`, `category_type_id`, `gender_type_id`, `user_id`, `created_at`, `updated_at`, `is_autofilled`, `is_out_of_race`, `begin_time`, `meeting_event_id`, `pool_type_id`, `time_standard_id`)
  VALUES (34439, 105, 833, 1, 1, '2015-09-26 07:12:36', '2015-09-26 07:12:36', 1, 0, '2000-01-01 11:30:00', 3770, 2, NULL);

INSERT INTO `meeting_events` (`id`, `created_at`, `updated_at`, `event_order`, `begin_time`, `is_out_of_race`, `is_autofilled`, `notes`, `meeting_session_id`, `event_type_id`, `heat_type_id`, `user_id`, `has_separate_gender_start_list`, `has_separate_category_start_list`)
  VALUES (3771, '2015-09-26 07:12:36', '2015-09-26 07:12:36', 8, '2000-01-01 11:32:00', 0, 1, NULL, 852, 2, 3, 1, 1, 0);

INSERT INTO `meeting_programs` (`id`, `event_order`, `category_type_id`, `gender_type_id`, `user_id`, `created_at`, `updated_at`, `is_autofilled`, `is_out_of_race`, `begin_time`, `meeting_event_id`, `pool_type_id`, `time_standard_id`)
  VALUES (34440, 106, 834, 2, 1, '2015-09-26 07:12:36', '2015-09-26 07:12:36', 1, 0, '2000-01-01 11:32:00', 3771, 2, 4050);

INSERT INTO `meeting_programs` (`id`, `event_order`, `category_type_id`, `gender_type_id`, `user_id`, `created_at`, `updated_at`, `is_autofilled`, `is_out_of_race`, `begin_time`, `meeting_event_id`, `pool_type_id`, `time_standard_id`)
  VALUES (34441, 107, 835, 2, 1, '2015-09-26 07:12:36', '2015-09-26 07:12:36', 1, 0, '2000-01-01 11:34:00', 3771, 2, 4067);

INSERT INTO `meeting_programs` (`id`, `event_order`, `category_type_id`, `gender_type_id`, `user_id`, `created_at`, `updated_at`, `is_autofilled`, `is_out_of_race`, `begin_time`, `meeting_event_id`, `pool_type_id`, `time_standard_id`)
  VALUES (34442, 108, 836, 2, 1, '2015-09-26 07:12:36', '2015-09-26 07:12:36', 1, 0, '2000-01-01 11:36:00', 3771, 2, 4084);

INSERT INTO `meeting_programs` (`id`, `event_order`, `category_type_id`, `gender_type_id`, `user_id`, `created_at`, `updated_at`, `is_autofilled`, `is_out_of_race`, `begin_time`, `meeting_event_id`, `pool_type_id`, `time_standard_id`)
  VALUES (34443, 109, 837, 2, 1, '2015-09-26 07:12:36', '2015-09-26 07:12:36', 1, 0, '2000-01-01 11:38:00', 3771, 2, 4101);

INSERT INTO `meeting_programs` (`id`, `event_order`, `category_type_id`, `gender_type_id`, `user_id`, `created_at`, `updated_at`, `is_autofilled`, `is_out_of_race`, `begin_time`, `meeting_event_id`, `pool_type_id`, `time_standard_id`)
  VALUES (34444, 110, 838, 2, 1, '2015-09-26 07:12:36', '2015-09-26 07:12:36', 1, 0, '2000-01-01 11:40:00', 3771, 2, 4118);

INSERT INTO `meeting_programs` (`id`, `event_order`, `category_type_id`, `gender_type_id`, `user_id`, `created_at`, `updated_at`, `is_autofilled`, `is_out_of_race`, `begin_time`, `meeting_event_id`, `pool_type_id`, `time_standard_id`)
  VALUES (34445, 111, 842, 2, 1, '2015-09-26 07:12:36', '2015-09-26 07:12:36', 1, 0, '2000-01-01 11:42:00', 3771, 2, 4186);

INSERT INTO `meeting_programs` (`id`, `event_order`, `category_type_id`, `gender_type_id`, `user_id`, `created_at`, `updated_at`, `is_autofilled`, `is_out_of_race`, `begin_time`, `meeting_event_id`, `pool_type_id`, `time_standard_id`)
  VALUES (34446, 112, 833, 2, 1, '2015-09-26 07:12:37', '2015-09-26 07:12:37', 1, 0, '2000-01-01 11:44:00', 3771, 2, NULL);

INSERT INTO `meeting_programs` (`id`, `event_order`, `category_type_id`, `gender_type_id`, `user_id`, `created_at`, `updated_at`, `is_autofilled`, `is_out_of_race`, `begin_time`, `meeting_event_id`, `pool_type_id`, `time_standard_id`)
  VALUES (34447, 113, 834, 1, 1, '2015-09-26 07:12:37', '2015-09-26 07:12:37', 1, 0, '2000-01-01 11:46:00', 3771, 2, 3533);

INSERT INTO `meeting_programs` (`id`, `event_order`, `category_type_id`, `gender_type_id`, `user_id`, `created_at`, `updated_at`, `is_autofilled`, `is_out_of_race`, `begin_time`, `meeting_event_id`, `pool_type_id`, `time_standard_id`)
  VALUES (34448, 114, 835, 1, 1, '2015-09-26 07:12:37', '2015-09-26 07:12:37', 1, 0, '2000-01-01 11:48:00', 3771, 2, 3550);

INSERT INTO `meeting_programs` (`id`, `event_order`, `category_type_id`, `gender_type_id`, `user_id`, `created_at`, `updated_at`, `is_autofilled`, `is_out_of_race`, `begin_time`, `meeting_event_id`, `pool_type_id`, `time_standard_id`)
  VALUES (34449, 115, 836, 1, 1, '2015-09-26 07:12:37', '2015-09-26 07:12:37', 1, 0, '2000-01-01 11:50:00', 3771, 2, 3567);

INSERT INTO `meeting_programs` (`id`, `event_order`, `category_type_id`, `gender_type_id`, `user_id`, `created_at`, `updated_at`, `is_autofilled`, `is_out_of_race`, `begin_time`, `meeting_event_id`, `pool_type_id`, `time_standard_id`)
  VALUES (34450, 116, 837, 1, 1, '2015-09-26 07:12:37', '2015-09-26 07:12:37', 1, 0, '2000-01-01 11:52:00', 3771, 2, 3584);

INSERT INTO `meeting_programs` (`id`, `event_order`, `category_type_id`, `gender_type_id`, `user_id`, `created_at`, `updated_at`, `is_autofilled`, `is_out_of_race`, `begin_time`, `meeting_event_id`, `pool_type_id`, `time_standard_id`)
  VALUES (34451, 117, 838, 1, 1, '2015-09-26 07:12:37', '2015-09-26 07:12:37', 1, 0, '2000-01-01 11:54:00', 3771, 2, 3601);

INSERT INTO `meeting_programs` (`id`, `event_order`, `category_type_id`, `gender_type_id`, `user_id`, `created_at`, `updated_at`, `is_autofilled`, `is_out_of_race`, `begin_time`, `meeting_event_id`, `pool_type_id`, `time_standard_id`)
  VALUES (34452, 118, 839, 1, 1, '2015-09-26 07:12:37', '2015-09-26 07:12:37', 1, 0, '2000-01-01 11:56:00', 3771, 2, 3618);

INSERT INTO `meeting_programs` (`id`, `event_order`, `category_type_id`, `gender_type_id`, `user_id`, `created_at`, `updated_at`, `is_autofilled`, `is_out_of_race`, `begin_time`, `meeting_event_id`, `pool_type_id`, `time_standard_id`)
  VALUES (34453, 119, 840, 1, 1, '2015-09-26 07:12:37', '2015-09-26 07:12:37', 1, 0, '2000-01-01 11:58:00', 3771, 2, 3635);

INSERT INTO `meeting_programs` (`id`, `event_order`, `category_type_id`, `gender_type_id`, `user_id`, `created_at`, `updated_at`, `is_autofilled`, `is_out_of_race`, `begin_time`, `meeting_event_id`, `pool_type_id`, `time_standard_id`)
  VALUES (34454, 120, 841, 1, 1, '2015-09-26 07:12:37', '2015-09-26 07:12:37', 1, 0, '2000-01-01 12:00:00', 3771, 2, 3652);

INSERT INTO `meeting_programs` (`id`, `event_order`, `category_type_id`, `gender_type_id`, `user_id`, `created_at`, `updated_at`, `is_autofilled`, `is_out_of_race`, `begin_time`, `meeting_event_id`, `pool_type_id`, `time_standard_id`)
  VALUES (34455, 121, 833, 1, 1, '2015-09-26 07:12:37', '2015-09-26 07:12:37', 1, 0, '2000-01-01 12:02:00', 3771, 2, NULL);

INSERT INTO `meeting_events` (`id`, `created_at`, `updated_at`, `event_order`, `begin_time`, `is_out_of_race`, `is_autofilled`, `notes`, `meeting_session_id`, `event_type_id`, `heat_type_id`, `user_id`, `has_separate_gender_start_list`, `has_separate_category_start_list`)
  VALUES (3772, '2015-09-26 07:12:38', '2015-09-26 07:12:38', 9, '2000-01-01 12:02:30', 0, 1, NULL, 852, 25, 3, 1, 1, 0);

INSERT INTO `meeting_programs` (`id`, `event_order`, `category_type_id`, `gender_type_id`, `user_id`, `created_at`, `updated_at`, `is_autofilled`, `is_out_of_race`, `begin_time`, `meeting_event_id`, `pool_type_id`, `time_standard_id`)
  VALUES (34456, 1, 850, 2, 1, '2015-09-26 07:12:38', '2015-09-26 07:12:38', 1, 0, '2000-01-01 12:02:30', 3772, 2, 4398);

INSERT INTO `meeting_programs` (`id`, `event_order`, `category_type_id`, `gender_type_id`, `user_id`, `created_at`, `updated_at`, `is_autofilled`, `is_out_of_race`, `begin_time`, `meeting_event_id`, `pool_type_id`, `time_standard_id`)
  VALUES (34457, 2, 851, 2, 1, '2015-09-26 07:12:38', '2015-09-26 07:12:38', 1, 0, '2000-01-01 12:02:30', 3772, 2, 4425);

INSERT INTO `meeting_programs` (`id`, `event_order`, `category_type_id`, `gender_type_id`, `user_id`, `created_at`, `updated_at`, `is_autofilled`, `is_out_of_race`, `begin_time`, `meeting_event_id`, `pool_type_id`, `time_standard_id`)
  VALUES (34458, 3, 852, 2, 1, '2015-09-26 07:12:38', '2015-09-26 07:12:38', 1, 0, '2000-01-01 12:02:00', 3772, 2, 4426);

INSERT INTO `meeting_programs` (`id`, `event_order`, `category_type_id`, `gender_type_id`, `user_id`, `created_at`, `updated_at`, `is_autofilled`, `is_out_of_race`, `begin_time`, `meeting_event_id`, `pool_type_id`, `time_standard_id`)
  VALUES (34459, 4, 850, 1, 1, '2015-09-26 07:12:38', '2015-09-26 07:12:38', 1, 0, '2000-01-01 12:02:30', 3772, 2, 4400);

INSERT INTO `meeting_programs` (`id`, `event_order`, `category_type_id`, `gender_type_id`, `user_id`, `created_at`, `updated_at`, `is_autofilled`, `is_out_of_race`, `begin_time`, `meeting_event_id`, `pool_type_id`, `time_standard_id`)
  VALUES (34460, 5, 851, 1, 1, '2015-09-26 07:12:38', '2015-09-26 07:12:38', 1, 0, '2000-01-01 12:01:30', 3772, 2, 4401);

INSERT INTO `meeting_programs` (`id`, `event_order`, `category_type_id`, `gender_type_id`, `user_id`, `created_at`, `updated_at`, `is_autofilled`, `is_out_of_race`, `begin_time`, `meeting_event_id`, `pool_type_id`, `time_standard_id`)
  VALUES (34461, 6, 852, 1, 1, '2015-09-26 07:12:38', '2015-09-26 07:12:38', 1, 0, '2000-01-01 12:00:00', 3772, 2, 4402);

INSERT INTO `meeting_programs` (`id`, `event_order`, `category_type_id`, `gender_type_id`, `user_id`, `created_at`, `updated_at`, `is_autofilled`, `is_out_of_race`, `begin_time`, `meeting_event_id`, `pool_type_id`, `time_standard_id`)
  VALUES (34462, 7, 853, 1, 1, '2015-09-26 07:12:38', '2015-09-26 07:12:38', 1, 0, '2000-01-01 12:01:30', 3772, 2, 4427);

INSERT INTO `teams` (`id`, `name`, `editable_name`, `address`, `zip`, `phone_mobile`, `phone_number`, `fax_number`, `e_mail`, `contact_name`, `notes`, `name_variations`, `city_id`, `user_id`, `created_at`, `updated_at`, `home_page_url`)
  VALUES (817, 'A.S.D. NUOTO \'95 -SR', 'A.S.D. NUOTO \'95 -SR', NULL, NULL, NULL, NULL, NULL, NULL, NULL, NULL, 'A.S.D. NUOTO \'95 -SR', NULL, 1, '2015-09-26 07:12:38', '2015-09-26 07:12:38', NULL);

INSERT INTO `team_affiliations` (`id`, `number`, `name`, `must_calculate_goggle_cup`, `team_id`, `season_id`, `user_id`, `created_at`, `updated_at`, `is_autofilled`)
  VALUES (1525, NULL, 'A.S.D. NUOTO \'95 -SR', 0, 817, 142, 1, '2015-09-26 07:12:38', '2015-09-26 07:12:38', 1);

INSERT INTO `teams` (`id`, `name`, `editable_name`, `address`, `zip`, `phone_mobile`, `phone_number`, `fax_number`, `e_mail`, `contact_name`, `notes`, `name_variations`, `city_id`, `user_id`, `created_at`, `updated_at`, `home_page_url`)
  VALUES (818, 'A.S.D. TAPSOS NUOTO', 'A.S.D. TAPSOS NUOTO', NULL, NULL, NULL, NULL, NULL, NULL, NULL, NULL, 'A.S.D. TAPSOS NUOTO', NULL, 1, '2015-09-26 07:12:38', '2015-09-26 07:12:38', NULL);

INSERT INTO `team_affiliations` (`id`, `number`, `name`, `must_calculate_goggle_cup`, `team_id`, `season_id`, `user_id`, `created_at`, `updated_at`, `is_autofilled`)
  VALUES (1526, NULL, 'A.S.D. TAPSOS NUOTO', 0, 818, 142, 1, '2015-09-26 07:12:38', '2015-09-26 07:12:38', 1);

INSERT INTO `swimmers` (`id`, `last_name`, `first_name`, `year_of_birth`, `phone_mobile`, `phone_number`, `e_mail`, `nickname`, `associated_user_id`, `gender_type_id`, `user_id`, `created_at`, `updated_at`, `complete_name`, `is_year_guessed`)
  VALUES (20817, 'CORRADI', 'GUENDALINA', 1972, NULL, NULL, NULL, '', NULL, 2, 1, '2015-09-26 07:12:38', '2015-09-26 07:12:38', 'CORRADI GUENDALINA', 0);

INSERT INTO `swimmers` (`id`, `last_name`, `first_name`, `year_of_birth`, `phone_mobile`, `phone_number`, `e_mail`, `nickname`, `associated_user_id`, `gender_type_id`, `user_id`, `created_at`, `updated_at`, `complete_name`, `is_year_guessed`)
  VALUES (20818, 'DEL POPOLO', 'SALVATORE', 1991, NULL, NULL, NULL, '', NULL, 1, 1, '2015-09-26 07:12:39', '2015-09-26 07:12:39', 'DEL POPOLO SALVATORE', 0);

INSERT INTO `swimmers` (`id`, `last_name`, `first_name`, `year_of_birth`, `phone_mobile`, `phone_number`, `e_mail`, `nickname`, `associated_user_id`, `gender_type_id`, `user_id`, `created_at`, `updated_at`, `complete_name`, `is_year_guessed`)
  VALUES (20819, 'FAZZINA', 'SAVERIO', 1995, NULL, NULL, NULL, '', NULL, 1, 1, '2015-09-26 07:12:39', '2015-09-26 07:12:39', 'FAZZINA SAVERIO', 0);

INSERT INTO `swimmers` (`id`, `last_name`, `first_name`, `year_of_birth`, `phone_mobile`, `phone_number`, `e_mail`, `nickname`, `associated_user_id`, `gender_type_id`, `user_id`, `created_at`, `updated_at`, `complete_name`, `is_year_guessed`)
  VALUES (20820, 'GIANNI\'', 'ROBERTO', 1965, NULL, NULL, NULL, '', NULL, 1, 1, '2015-09-26 07:12:39', '2015-09-26 07:12:39', 'GIANNI\' ROBERTO', 0);

INSERT INTO `swimmers` (`id`, `last_name`, `first_name`, `year_of_birth`, `phone_mobile`, `phone_number`, `e_mail`, `nickname`, `associated_user_id`, `gender_type_id`, `user_id`, `created_at`, `updated_at`, `complete_name`, `is_year_guessed`)
  VALUES (20821, 'GULISANO', 'FABIO', 1994, NULL, NULL, NULL, '', NULL, 1, 1, '2015-09-26 07:12:39', '2015-09-26 07:12:39', 'GULISANO FABIO', 0);

INSERT INTO `swimmers` (`id`, `last_name`, `first_name`, `year_of_birth`, `phone_mobile`, `phone_number`, `e_mail`, `nickname`, `associated_user_id`, `gender_type_id`, `user_id`, `created_at`, `updated_at`, `complete_name`, `is_year_guessed`)
  VALUES (20822, 'LO BELLO', 'LUCA', 1990, NULL, NULL, NULL, '', NULL, 1, 1, '2015-09-26 07:12:39', '2015-09-26 07:12:39', 'LO BELLO LUCA', 0);

INSERT INTO `swimmers` (`id`, `last_name`, `first_name`, `year_of_birth`, `phone_mobile`, `phone_number`, `e_mail`, `nickname`, `associated_user_id`, `gender_type_id`, `user_id`, `created_at`, `updated_at`, `complete_name`, `is_year_guessed`)
  VALUES (20823, 'LOMBARDO', 'PAOLO', 1973, NULL, NULL, NULL, '', NULL, 1, 1, '2015-09-26 07:12:39', '2015-09-26 07:12:39', 'LOMBARDO PAOLO', 0);

INSERT INTO `swimmers` (`id`, `last_name`, `first_name`, `year_of_birth`, `phone_mobile`, `phone_number`, `e_mail`, `nickname`, `associated_user_id`, `gender_type_id`, `user_id`, `created_at`, `updated_at`, `complete_name`, `is_year_guessed`)
  VALUES (20824, 'MESSINA', 'ANDREA', 1990, NULL, NULL, NULL, '', NULL, 1, 1, '2015-09-26 07:12:39', '2015-09-26 07:12:39', 'MESSINA ANDREA', 0);

INSERT INTO `swimmers` (`id`, `last_name`, `first_name`, `year_of_birth`, `phone_mobile`, `phone_number`, `e_mail`, `nickname`, `associated_user_id`, `gender_type_id`, `user_id`, `created_at`, `updated_at`, `complete_name`, `is_year_guessed`)
  VALUES (20825, 'MOTTA', 'LETTERIO', 1959, NULL, NULL, NULL, '', NULL, 1, 1, '2015-09-26 07:12:39', '2015-09-26 07:12:39', 'MOTTA LETTERIO', 0);

INSERT INTO `swimmers` (`id`, `last_name`, `first_name`, `year_of_birth`, `phone_mobile`, `phone_number`, `e_mail`, `nickname`, `associated_user_id`, `gender_type_id`, `user_id`, `created_at`, `updated_at`, `complete_name`, `is_year_guessed`)
  VALUES (20826, 'RAGUSA', 'GIULIA', 1994, NULL, NULL, NULL, '', NULL, 2, 1, '2015-09-26 07:12:39', '2015-09-26 07:12:39', 'RAGUSA GIULIA', 0);

INSERT INTO `swimmers` (`id`, `last_name`, `first_name`, `year_of_birth`, `phone_mobile`, `phone_number`, `e_mail`, `nickname`, `associated_user_id`, `gender_type_id`, `user_id`, `created_at`, `updated_at`, `complete_name`, `is_year_guessed`)
  VALUES (20827, 'REALE', 'MAURIZIO', 1960, NULL, NULL, NULL, '', NULL, 1, 1, '2015-09-26 07:12:39', '2015-09-26 07:12:39', 'REALE MAURIZIO', 0);

INSERT INTO `swimmers` (`id`, `last_name`, `first_name`, `year_of_birth`, `phone_mobile`, `phone_number`, `e_mail`, `nickname`, `associated_user_id`, `gender_type_id`, `user_id`, `created_at`, `updated_at`, `complete_name`, `is_year_guessed`)
  VALUES (20828, 'SANTAGATI', 'MIRIANA ANTONIA', 1992, NULL, NULL, NULL, '', NULL, 2, 1, '2015-09-26 07:12:39', '2015-09-26 07:12:39', 'SANTAGATI MIRIANA ANTONIA', 0);

INSERT INTO `swimmers` (`id`, `last_name`, `first_name`, `year_of_birth`, `phone_mobile`, `phone_number`, `e_mail`, `nickname`, `associated_user_id`, `gender_type_id`, `user_id`, `created_at`, `updated_at`, `complete_name`, `is_year_guessed`)
  VALUES (20829, 'SCIUTO', 'DARIO', 1985, NULL, NULL, NULL, '', NULL, 1, 1, '2015-09-26 07:12:39', '2015-09-26 07:12:39', 'SCIUTO DARIO', 0);

INSERT INTO `swimmers` (`id`, `last_name`, `first_name`, `year_of_birth`, `phone_mobile`, `phone_number`, `e_mail`, `nickname`, `associated_user_id`, `gender_type_id`, `user_id`, `created_at`, `updated_at`, `complete_name`, `is_year_guessed`)
  VALUES (20830, 'SCORDO', 'SALVATORE', 1974, NULL, NULL, NULL, '', NULL, 1, 1, '2015-09-26 07:12:39', '2015-09-26 07:12:39', 'SCORDO SALVATORE', 0);

INSERT INTO `swimmers` (`id`, `last_name`, `first_name`, `year_of_birth`, `phone_mobile`, `phone_number`, `e_mail`, `nickname`, `associated_user_id`, `gender_type_id`, `user_id`, `created_at`, `updated_at`, `complete_name`, `is_year_guessed`)
  VALUES (20831, 'SPIZZONE', 'DANIELE', 1980, NULL, NULL, NULL, '', NULL, 1, 1, '2015-09-26 07:12:39', '2015-09-26 07:12:39', 'SPIZZONE DANIELE', 0);

INSERT INTO `swimmers` (`id`, `last_name`, `first_name`, `year_of_birth`, `phone_mobile`, `phone_number`, `e_mail`, `nickname`, `associated_user_id`, `gender_type_id`, `user_id`, `created_at`, `updated_at`, `complete_name`, `is_year_guessed`)
  VALUES (20832, 'VIRZI`', 'DAMIANO', 1994, NULL, NULL, NULL, '', NULL, 1, 1, '2015-09-26 07:12:39', '2015-09-26 07:12:39', 'VIRZI` DAMIANO', 0);

INSERT INTO `swimmers` (`id`, `last_name`, `first_name`, `year_of_birth`, `phone_mobile`, `phone_number`, `e_mail`, `nickname`, `associated_user_id`, `gender_type_id`, `user_id`, `created_at`, `updated_at`, `complete_name`, `is_year_guessed`)
  VALUES (20833, 'CRISAFULLI', 'TOMMASO', 1994, NULL, NULL, NULL, '', NULL, 1, 1, '2015-09-26 07:12:39', '2015-09-26 07:12:39', 'CRISAFULLI TOMMASO', 0);

INSERT INTO `badges` (`id`, `number`, `season_id`, `swimmer_id`, `team_id`, `category_type_id`, `user_id`, `created_at`, `updated_at`, `entry_time_type_id`, `team_affiliation_id`)
  VALUES (31738, '?', 142, 10366, 371, 834, 1, '2015-09-26 07:12:39', '2015-09-26 07:12:39', 5, 1427);

INSERT INTO `badges` (`id`, `number`, `season_id`, `swimmer_id`, `team_id`, `category_type_id`, `user_id`, `created_at`, `updated_at`, `entry_time_type_id`, `team_affiliation_id`)
  VALUES (31739, '?', 142, 16407, 600, 838, 1, '2015-09-26 07:12:39', '2015-09-26 07:12:39', 5, 1425);

INSERT INTO `badges` (`id`, `number`, `season_id`, `swimmer_id`, `team_id`, `category_type_id`, `user_id`, `created_at`, `updated_at`, `entry_time_type_id`, `team_affiliation_id`)
  VALUES (31740, '?', 142, 9970, 512, 839, 1, '2015-09-26 07:12:39', '2015-09-26 07:12:39', 5, 1423);

INSERT INTO `badges` (`id`, `number`, `season_id`, `swimmer_id`, `team_id`, `category_type_id`, `user_id`, `created_at`, `updated_at`, `entry_time_type_id`, `team_affiliation_id`)
  VALUES (31741, '?', 142, 20827, 371, 840, 1, '2015-09-26 07:12:39', '2015-09-26 07:12:39', 5, 1427);

INSERT INTO `badges` (`id`, `number`, `season_id`, `swimmer_id`, `team_id`, `category_type_id`, `user_id`, `created_at`, `updated_at`, `entry_time_type_id`, `team_affiliation_id`)
  VALUES (31742, '?', 142, 13852, 512, 833, 1, '2015-09-26 07:12:40', '2015-09-26 07:12:40', 5, 1423);

INSERT INTO `badges` (`id`, `number`, `season_id`, `swimmer_id`, `team_id`, `category_type_id`, `user_id`, `created_at`, `updated_at`, `entry_time_type_id`, `team_affiliation_id`)
  VALUES (31743, '?', 142, 20832, 604, 833, 1, '2015-09-26 07:12:40', '2015-09-26 07:12:40', 5, 1417);

INSERT INTO `badges` (`id`, `number`, `season_id`, `swimmer_id`, `team_id`, `category_type_id`, `user_id`, `created_at`, `updated_at`, `entry_time_type_id`, `team_affiliation_id`)
  VALUES (31744, '?', 142, 20824, 801, 834, 1, '2015-09-26 07:12:40', '2015-09-26 07:12:40', 5, 1435);

INSERT INTO `badges` (`id`, `number`, `season_id`, `swimmer_id`, `team_id`, `category_type_id`, `user_id`, `created_at`, `updated_at`, `entry_time_type_id`, `team_affiliation_id`)
  VALUES (31745, '?', 142, 20831, 508, 836, 1, '2015-09-26 07:12:40', '2015-09-26 07:12:40', 5, 1416);

INSERT INTO `badges` (`id`, `number`, `season_id`, `swimmer_id`, `team_id`, `category_type_id`, `user_id`, `created_at`, `updated_at`, `entry_time_type_id`, `team_affiliation_id`)
  VALUES (31746, '?', 142, 10276, 514, 836, 1, '2015-09-26 07:12:40', '2015-09-26 07:12:40', 5, 1426);

INSERT INTO `badges` (`id`, `number`, `season_id`, `swimmer_id`, `team_id`, `category_type_id`, `user_id`, `created_at`, `updated_at`, `entry_time_type_id`, `team_affiliation_id`)
  VALUES (31747, '?', 142, 16472, 600, 837, 1, '2015-09-26 07:12:40', '2015-09-26 07:12:40', 5, 1425);

INSERT INTO `badges` (`id`, `number`, `season_id`, `swimmer_id`, `team_id`, `category_type_id`, `user_id`, `created_at`, `updated_at`, `entry_time_type_id`, `team_affiliation_id`)
  VALUES (31748, '?', 142, 12839, 508, 838, 1, '2015-09-26 07:12:40', '2015-09-26 07:12:40', 5, 1416);

INSERT INTO `badges` (`id`, `number`, `season_id`, `swimmer_id`, `team_id`, `category_type_id`, `user_id`, `created_at`, `updated_at`, `entry_time_type_id`, `team_affiliation_id`)
  VALUES (31749, '?', 142, 12926, 371, 839, 1, '2015-09-26 07:12:40', '2015-09-26 07:12:40', 5, 1427);

INSERT INTO `badges` (`id`, `number`, `season_id`, `swimmer_id`, `team_id`, `category_type_id`, `user_id`, `created_at`, `updated_at`, `entry_time_type_id`, `team_affiliation_id`)
  VALUES (31750, '?', 142, 9988, 514, 842, 1, '2015-09-26 07:12:40', '2015-09-26 07:12:40', 5, 1426);

INSERT INTO `badges` (`id`, `number`, `season_id`, `swimmer_id`, `team_id`, `category_type_id`, `user_id`, `created_at`, `updated_at`, `entry_time_type_id`, `team_affiliation_id`)
  VALUES (31751, '?', 142, 12771, 371, 838, 1, '2015-09-26 07:12:40', '2015-09-26 07:12:40', 5, 1427);

INSERT INTO `badges` (`id`, `number`, `season_id`, `swimmer_id`, `team_id`, `category_type_id`, `user_id`, `created_at`, `updated_at`, `entry_time_type_id`, `team_affiliation_id`)
  VALUES (31752, '?', 142, 12913, 607, 834, 1, '2015-09-26 07:12:40', '2015-09-26 07:12:40', 5, 1428);

INSERT INTO `badges` (`id`, `number`, `season_id`, `swimmer_id`, `team_id`, `category_type_id`, `user_id`, `created_at`, `updated_at`, `entry_time_type_id`, `team_affiliation_id`)
  VALUES (31753, '?', 142, 12787, 322, 835, 1, '2015-09-26 07:12:40', '2015-09-26 07:12:40', 5, 1431);

INSERT INTO `badges` (`id`, `number`, `season_id`, `swimmer_id`, `team_id`, `category_type_id`, `user_id`, `created_at`, `updated_at`, `entry_time_type_id`, `team_affiliation_id`)
  VALUES (31754, '?', 142, 20829, 600, 835, 1, '2015-09-26 07:12:40', '2015-09-26 07:12:40', 5, 1425);

INSERT INTO `badges` (`id`, `number`, `season_id`, `swimmer_id`, `team_id`, `category_type_id`, `user_id`, `created_at`, `updated_at`, `entry_time_type_id`, `team_affiliation_id`)
  VALUES (31755, '?', 142, 20823, 371, 837, 1, '2015-09-26 07:12:40', '2015-09-26 07:12:40', 5, 1427);

INSERT INTO `badges` (`id`, `number`, `season_id`, `swimmer_id`, `team_id`, `category_type_id`, `user_id`, `created_at`, `updated_at`, `entry_time_type_id`, `team_affiliation_id`)
  VALUES (31756, '?', 142, 20830, 801, 837, 1, '2015-09-26 07:12:40', '2015-09-26 07:12:40', 5, 1435);

INSERT INTO `badges` (`id`, `number`, `season_id`, `swimmer_id`, `team_id`, `category_type_id`, `user_id`, `created_at`, `updated_at`, `entry_time_type_id`, `team_affiliation_id`)
  VALUES (31757, '?', 142, 20820, 818, 839, 1, '2015-09-26 07:12:40', '2015-09-26 07:12:40', 5, 1526);

INSERT INTO `badges` (`id`, `number`, `season_id`, `swimmer_id`, `team_id`, `category_type_id`, `user_id`, `created_at`, `updated_at`, `entry_time_type_id`, `team_affiliation_id`)
  VALUES (31758, '?', 142, 12794, 371, 840, 1, '2015-09-26 07:12:41', '2015-09-26 07:12:41', 5, 1427);

INSERT INTO `badges` (`id`, `number`, `season_id`, `swimmer_id`, `team_id`, `category_type_id`, `user_id`, `created_at`, `updated_at`, `entry_time_type_id`, `team_affiliation_id`)
  VALUES (31759, '?', 142, 20821, 801, 833, 1, '2015-09-26 07:12:41', '2015-09-26 07:12:41', 5, 1435);

INSERT INTO `badges` (`id`, `number`, `season_id`, `swimmer_id`, `team_id`, `category_type_id`, `user_id`, `created_at`, `updated_at`, `entry_time_type_id`, `team_affiliation_id`)
  VALUES (31760, '?', 142, 18002, 601, 833, 1, '2015-09-26 07:12:41', '2015-09-26 07:12:41', 5, 1413);

INSERT INTO `badges` (`id`, `number`, `season_id`, `swimmer_id`, `team_id`, `category_type_id`, `user_id`, `created_at`, `updated_at`, `entry_time_type_id`, `team_affiliation_id`)
  VALUES (31761, '?', 142, 13028, 800, 835, 1, '2015-09-26 07:12:41', '2015-09-26 07:12:41', 5, 1434);

INSERT INTO `badges` (`id`, `number`, `season_id`, `swimmer_id`, `team_id`, `category_type_id`, `user_id`, `created_at`, `updated_at`, `entry_time_type_id`, `team_affiliation_id`)
  VALUES (31762, '?', 142, 9986, 371, 836, 1, '2015-09-26 07:12:41', '2015-09-26 07:12:41', 5, 1427);

INSERT INTO `badges` (`id`, `number`, `season_id`, `swimmer_id`, `team_id`, `category_type_id`, `user_id`, `created_at`, `updated_at`, `entry_time_type_id`, `team_affiliation_id`)
  VALUES (31763, '?', 142, 10138, 335, 836, 1, '2015-09-26 07:12:41', '2015-09-26 07:12:41', 5, 1429);

INSERT INTO `badges` (`id`, `number`, `season_id`, `swimmer_id`, `team_id`, `category_type_id`, `user_id`, `created_at`, `updated_at`, `entry_time_type_id`, `team_affiliation_id`)
  VALUES (31764, '?', 142, 12816, 514, 836, 1, '2015-09-26 07:12:41', '2015-09-26 07:12:41', 5, 1426);

INSERT INTO `badges` (`id`, `number`, `season_id`, `swimmer_id`, `team_id`, `category_type_id`, `user_id`, `created_at`, `updated_at`, `entry_time_type_id`, `team_affiliation_id`)
  VALUES (31765, '?', 142, 10206, 506, 839, 1, '2015-09-26 07:12:41', '2015-09-26 07:12:41', 5, 1524);

INSERT INTO `badges` (`id`, `number`, `season_id`, `swimmer_id`, `team_id`, `category_type_id`, `user_id`, `created_at`, `updated_at`, `entry_time_type_id`, `team_affiliation_id`)
  VALUES (31766, '?', 142, 12930, 600, 833, 1, '2015-09-26 07:12:41', '2015-09-26 07:12:41', 5, 1425);

INSERT INTO `badges` (`id`, `number`, `season_id`, `swimmer_id`, `team_id`, `category_type_id`, `user_id`, `created_at`, `updated_at`, `entry_time_type_id`, `team_affiliation_id`)
  VALUES (31767, '?', 142, 20818, 600, 833, 1, '2015-09-26 07:12:41', '2015-09-26 07:12:41', 5, 1425);

INSERT INTO `badges` (`id`, `number`, `season_id`, `swimmer_id`, `team_id`, `category_type_id`, `user_id`, `created_at`, `updated_at`, `entry_time_type_id`, `team_affiliation_id`)
  VALUES (31768, '?', 142, 12795, 514, 835, 1, '2015-09-26 07:12:41', '2015-09-26 07:12:41', 5, 1426);

INSERT INTO `badges` (`id`, `number`, `season_id`, `swimmer_id`, `team_id`, `category_type_id`, `user_id`, `created_at`, `updated_at`, `entry_time_type_id`, `team_affiliation_id`)
  VALUES (31769, '?', 142, 13823, 371, 842, 1, '2015-09-26 07:12:41', '2015-09-26 07:12:41', 5, 1427);

INSERT INTO `badges` (`id`, `number`, `season_id`, `swimmer_id`, `team_id`, `category_type_id`, `user_id`, `created_at`, `updated_at`, `entry_time_type_id`, `team_affiliation_id`)
  VALUES (31770, '?', 142, 6788, 371, 837, 1, '2015-09-26 07:12:41', '2015-09-26 07:12:41', 5, 1427);

INSERT INTO `badges` (`id`, `number`, `season_id`, `swimmer_id`, `team_id`, `category_type_id`, `user_id`, `created_at`, `updated_at`, `entry_time_type_id`, `team_affiliation_id`)
  VALUES (31771, '?', 142, 16375, 514, 837, 1, '2015-09-26 07:12:41', '2015-09-26 07:12:41', 5, 1426);

INSERT INTO `badges` (`id`, `number`, `season_id`, `swimmer_id`, `team_id`, `category_type_id`, `user_id`, `created_at`, `updated_at`, `entry_time_type_id`, `team_affiliation_id`)
  VALUES (31772, '?', 142, 12935, 607, 839, 1, '2015-09-26 07:12:41', '2015-09-26 07:12:41', 5, 1428);

INSERT INTO `badges` (`id`, `number`, `season_id`, `swimmer_id`, `team_id`, `category_type_id`, `user_id`, `created_at`, `updated_at`, `entry_time_type_id`, `team_affiliation_id`)
  VALUES (31773, '?', 142, 20825, 631, 840, 1, '2015-09-26 07:12:41', '2015-09-26 07:12:41', 5, 1432);

INSERT INTO `badges` (`id`, `number`, `season_id`, `swimmer_id`, `team_id`, `category_type_id`, `user_id`, `created_at`, `updated_at`, `entry_time_type_id`, `team_affiliation_id`)
  VALUES (31774, '?', 142, 20819, 818, 833, 1, '2015-09-26 07:12:42', '2015-09-26 07:12:42', 5, 1526);

INSERT INTO `badges` (`id`, `number`, `season_id`, `swimmer_id`, `team_id`, `category_type_id`, `user_id`, `created_at`, `updated_at`, `entry_time_type_id`, `team_affiliation_id`)
  VALUES (31775, '?', 142, 13806, 600, 838, 1, '2015-09-26 07:12:42', '2015-09-26 07:12:42', 5, 1425);

INSERT INTO `badges` (`id`, `number`, `season_id`, `swimmer_id`, `team_id`, `category_type_id`, `user_id`, `created_at`, `updated_at`, `entry_time_type_id`, `team_affiliation_id`)
  VALUES (31776, '?', 142, 20828, 801, 833, 1, '2015-09-26 07:12:42', '2015-09-26 07:12:42', 5, 1435);

INSERT INTO `badges` (`id`, `number`, `season_id`, `swimmer_id`, `team_id`, `category_type_id`, `user_id`, `created_at`, `updated_at`, `entry_time_type_id`, `team_affiliation_id`)
  VALUES (31777, '?', 142, 12900, 335, 836, 1, '2015-09-26 07:12:42', '2015-09-26 07:12:42', 5, 1429);

INSERT INTO `badges` (`id`, `number`, `season_id`, `swimmer_id`, `team_id`, `category_type_id`, `user_id`, `created_at`, `updated_at`, `entry_time_type_id`, `team_affiliation_id`)
  VALUES (31778, '?', 142, 12875, 508, 838, 1, '2015-09-26 07:12:42', '2015-09-26 07:12:42', 5, 1416);

INSERT INTO `badges` (`id`, `number`, `season_id`, `swimmer_id`, `team_id`, `category_type_id`, `user_id`, `created_at`, `updated_at`, `entry_time_type_id`, `team_affiliation_id`)
  VALUES (31779, '?', 142, 20833, 371, 833, 1, '2015-09-26 07:12:42', '2015-09-26 07:12:42', 5, 1427);

INSERT INTO `badges` (`id`, `number`, `season_id`, `swimmer_id`, `team_id`, `category_type_id`, `user_id`, `created_at`, `updated_at`, `entry_time_type_id`, `team_affiliation_id`)
  VALUES (31780, '?', 142, 15746, 202, 838, 1, '2015-09-26 07:12:42', '2015-09-26 07:12:42', 5, 1018);

INSERT INTO `badges` (`id`, `number`, `season_id`, `swimmer_id`, `team_id`, `category_type_id`, `user_id`, `created_at`, `updated_at`, `entry_time_type_id`, `team_affiliation_id`)
  VALUES (31781, '?', 142, 20826, 600, 833, 1, '2015-09-26 07:12:42', '2015-09-26 07:12:42', 5, 1425);

INSERT INTO `badges` (`id`, `number`, `season_id`, `swimmer_id`, `team_id`, `category_type_id`, `user_id`, `created_at`, `updated_at`, `entry_time_type_id`, `team_affiliation_id`)
  VALUES (31782, '?', 142, 20822, 371, 834, 1, '2015-09-26 07:12:42', '2015-09-26 07:12:42', 5, 1427);

INSERT INTO `badges` (`id`, `number`, `season_id`, `swimmer_id`, `team_id`, `category_type_id`, `user_id`, `created_at`, `updated_at`, `entry_time_type_id`, `team_affiliation_id`)
  VALUES (31783, '?', 142, 20817, 371, 837, 1, '2015-09-26 07:12:42', '2015-09-26 07:12:42', 5, 1427);

INSERT INTO `badges` (`id`, `number`, `season_id`, `swimmer_id`, `team_id`, `category_type_id`, `user_id`, `created_at`, `updated_at`, `entry_time_type_id`, `team_affiliation_id`)
  VALUES (31784, '?', 142, 12830, 603, 835, 1, '2015-09-26 07:12:42', '2015-09-26 07:12:42', 5, 1414);

INSERT INTO `meeting_individual_results` (`id`, `rank`, `is_play_off`, `is_out_of_race`, `is_disqualified`, `standard_points`, `meeting_individual_points`, `minutes`, `seconds`, `hundreds`, `meeting_program_id`, `swimmer_id`, `team_id`, `badge_id`, `user_id`, `created_at`, `updated_at`, `disqualification_code_type_id`, `goggle_cup_points`, `reaction_time`, `team_points`, `team_affiliation_id`)
  VALUES (250982, 1, 1, 0, 0, 867.66, 867.66, 1, 16, 9, 34335, 20134, 322, 29155, 1, '2015-09-26 07:12:42', '2015-09-26 07:12:42', NULL, 0.0, 0.0, 0.0, 1431);

INSERT INTO `meeting_individual_results` (`id`, `rank`, `is_play_off`, `is_out_of_race`, `is_disqualified`, `standard_points`, `meeting_individual_points`, `minutes`, `seconds`, `hundreds`, `meeting_program_id`, `swimmer_id`, `team_id`, `badge_id`, `user_id`, `created_at`, `updated_at`, `disqualification_code_type_id`, `goggle_cup_points`, `reaction_time`, `team_points`, `team_affiliation_id`)
  VALUES (250983, 2, 1, 0, 0, 818.29, 818.29, 1, 20, 68, 34335, 12939, 322, 28971, 1, '2015-09-26 07:12:43', '2015-09-26 07:12:43', NULL, 0.0, 0.0, 0.0, 1431);

INSERT INTO `meeting_individual_results` (`id`, `rank`, `is_play_off`, `is_out_of_race`, `is_disqualified`, `standard_points`, `meeting_individual_points`, `minutes`, `seconds`, `hundreds`, `meeting_program_id`, `swimmer_id`, `team_id`, `badge_id`, `user_id`, `created_at`, `updated_at`, `disqualification_code_type_id`, `goggle_cup_points`, `reaction_time`, `team_points`, `team_affiliation_id`)
  VALUES (250984, 3, 1, 0, 0, 813.25, 813.25, 1, 21, 18, 34335, 10366, 371, 31738, 1, '2015-09-26 07:12:43', '2015-09-26 07:12:43', NULL, 0.0, 0.0, 0.0, 1427);

INSERT INTO `meeting_individual_results` (`id`, `rank`, `is_play_off`, `is_out_of_race`, `is_disqualified`, `standard_points`, `meeting_individual_points`, `minutes`, `seconds`, `hundreds`, `meeting_program_id`, `swimmer_id`, `team_id`, `badge_id`, `user_id`, `created_at`, `updated_at`, `disqualification_code_type_id`, `goggle_cup_points`, `reaction_time`, `team_points`, `team_affiliation_id`)
  VALUES (250985, 4, 1, 0, 0, 668.08, 668.08, 1, 38, 82, 34335, 12865, 607, 28920, 1, '2015-09-26 07:12:43', '2015-09-26 07:12:43', NULL, 0.0, 0.0, 0.0, 1428);

INSERT INTO `meeting_individual_results` (`id`, `rank`, `is_play_off`, `is_out_of_race`, `is_disqualified`, `standard_points`, `meeting_individual_points`, `minutes`, `seconds`, `hundreds`, `meeting_program_id`, `swimmer_id`, `team_id`, `badge_id`, `user_id`, `created_at`, `updated_at`, `disqualification_code_type_id`, `goggle_cup_points`, `reaction_time`, `team_points`, `team_affiliation_id`)
  VALUES (250986, 1, 1, 0, 0, 635.13, 635.13, 1, 42, 94, 34336, 10271, 335, 29043, 1, '2015-09-26 07:12:43', '2015-09-26 07:12:43', NULL, 0.0, 0.0, 0.0, 1429);

INSERT INTO `meeting_individual_results` (`id`, `rank`, `is_play_off`, `is_out_of_race`, `is_disqualified`, `standard_points`, `meeting_individual_points`, `minutes`, `seconds`, `hundreds`, `meeting_program_id`, `swimmer_id`, `team_id`, `badge_id`, `user_id`, `created_at`, `updated_at`, `disqualification_code_type_id`, `goggle_cup_points`, `reaction_time`, `team_points`, `team_affiliation_id`)
  VALUES (250987, 1, 1, 0, 0, 944.76, 944.76, 1, 10, 60, 34337, 12796, 371, 28924, 1, '2015-09-26 07:12:43', '2015-09-26 07:12:43', NULL, 0.0, 0.0, 0.0, 1427);

INSERT INTO `meeting_individual_results` (`id`, `rank`, `is_play_off`, `is_out_of_race`, `is_disqualified`, `standard_points`, `meeting_individual_points`, `minutes`, `seconds`, `hundreds`, `meeting_program_id`, `swimmer_id`, `team_id`, `badge_id`, `user_id`, `created_at`, `updated_at`, `disqualification_code_type_id`, `goggle_cup_points`, `reaction_time`, `team_points`, `team_affiliation_id`)
  VALUES (250988, 2, 1, 0, 0, 631.87, 631.87, 1, 45, 56, 34337, 16473, 631, 28925, 1, '2015-09-26 07:12:43', '2015-09-26 07:12:43', NULL, 0.0, 0.0, 0.0, 1432);

INSERT INTO `meeting_individual_results` (`id`, `rank`, `is_play_off`, `is_out_of_race`, `is_disqualified`, `standard_points`, `meeting_individual_points`, `minutes`, `seconds`, `hundreds`, `meeting_program_id`, `swimmer_id`, `team_id`, `badge_id`, `user_id`, `created_at`, `updated_at`, `disqualification_code_type_id`, `goggle_cup_points`, `reaction_time`, `team_points`, `team_affiliation_id`)
  VALUES (250989, 3, 1, 0, 0, 603.67, 603.67, 1, 50, 49, 34337, 12766, 800, 29153, 1, '2015-09-26 07:12:43', '2015-09-26 07:12:43', NULL, 0.0, 0.0, 0.0, 1434);

INSERT INTO `meeting_individual_results` (`id`, `rank`, `is_play_off`, `is_out_of_race`, `is_disqualified`, `standard_points`, `meeting_individual_points`, `minutes`, `seconds`, `hundreds`, `meeting_program_id`, `swimmer_id`, `team_id`, `badge_id`, `user_id`, `created_at`, `updated_at`, `disqualification_code_type_id`, `goggle_cup_points`, `reaction_time`, `team_points`, `team_affiliation_id`)
  VALUES (250990, 1, 1, 0, 0, 698.34, 698.34, 1, 37, 66, 34338, 18010, 631, 29049, 1, '2015-09-26 07:12:43', '2015-09-26 07:12:43', NULL, 0.0, 0.0, 0.0, 1432);

INSERT INTO `meeting_individual_results` (`id`, `rank`, `is_play_off`, `is_out_of_race`, `is_disqualified`, `standard_points`, `meeting_individual_points`, `minutes`, `seconds`, `hundreds`, `meeting_program_id`, `swimmer_id`, `team_id`, `badge_id`, `user_id`, `created_at`, `updated_at`, `disqualification_code_type_id`, `goggle_cup_points`, `reaction_time`, `team_points`, `team_affiliation_id`)
  VALUES (250991, 2, 1, 0, 0, 609.69, 609.69, 1, 51, 86, 34338, 20065, 631, 28928, 1, '2015-09-26 07:12:43', '2015-09-26 07:12:43', NULL, 0.0, 0.0, 0.0, 1432);

INSERT INTO `meeting_individual_results` (`id`, `rank`, `is_play_off`, `is_out_of_race`, `is_disqualified`, `standard_points`, `meeting_individual_points`, `minutes`, `seconds`, `hundreds`, `meeting_program_id`, `swimmer_id`, `team_id`, `badge_id`, `user_id`, `created_at`, `updated_at`, `disqualification_code_type_id`, `goggle_cup_points`, `reaction_time`, `team_points`, `team_affiliation_id`)
  VALUES (250992, 1, 1, 0, 0, 749.55, 749.55, 1, 33, 63, 34339, 16407, 600, 31739, 1, '2015-09-26 07:12:44', '2015-09-26 07:12:44', NULL, 0.0, 0.0, 0.0, 1425);

INSERT INTO `meeting_individual_results` (`id`, `rank`, `is_play_off`, `is_out_of_race`, `is_disqualified`, `standard_points`, `meeting_individual_points`, `minutes`, `seconds`, `hundreds`, `meeting_program_id`, `swimmer_id`, `team_id`, `badge_id`, `user_id`, `created_at`, `updated_at`, `disqualification_code_type_id`, `goggle_cup_points`, `reaction_time`, `team_points`, `team_affiliation_id`)
  VALUES (250993, 1, 1, 0, 0, 823.76, 823.76, 1, 29, 99, 34340, 9970, 512, 31740, 1, '2015-09-26 07:12:44', '2015-09-26 07:12:44', NULL, 0.0, 0.0, 0.0, 1423);

INSERT INTO `meeting_individual_results` (`id`, `rank`, `is_play_off`, `is_out_of_race`, `is_disqualified`, `standard_points`, `meeting_individual_points`, `minutes`, `seconds`, `hundreds`, `meeting_program_id`, `swimmer_id`, `team_id`, `badge_id`, `user_id`, `created_at`, `updated_at`, `disqualification_code_type_id`, `goggle_cup_points`, `reaction_time`, `team_points`, `team_affiliation_id`)
  VALUES (250994, 2, 1, 0, 0, 682.41, 682.41, 1, 48, 63, 34340, 20114, 371, 28935, 1, '2015-09-26 07:12:44', '2015-09-26 07:12:44', NULL, 0.0, 0.0, 0.0, 1427);

INSERT INTO `meeting_individual_results` (`id`, `rank`, `is_play_off`, `is_out_of_race`, `is_disqualified`, `standard_points`, `meeting_individual_points`, `minutes`, `seconds`, `hundreds`, `meeting_program_id`, `swimmer_id`, `team_id`, `badge_id`, `user_id`, `created_at`, `updated_at`, `disqualification_code_type_id`, `goggle_cup_points`, `reaction_time`, `team_points`, `team_affiliation_id`)
  VALUES (250995, 3, 1, 0, 0, 550.74, 550.74, 2, 14, 60, 34340, 12831, 800, 28936, 1, '2015-09-26 07:12:44', '2015-09-26 07:12:44', NULL, 0.0, 0.0, 0.0, 1434);

INSERT INTO `meeting_individual_results` (`id`, `rank`, `is_play_off`, `is_out_of_race`, `is_disqualified`, `standard_points`, `meeting_individual_points`, `minutes`, `seconds`, `hundreds`, `meeting_program_id`, `swimmer_id`, `team_id`, `badge_id`, `user_id`, `created_at`, `updated_at`, `disqualification_code_type_id`, `goggle_cup_points`, `reaction_time`, `team_points`, `team_affiliation_id`)
  VALUES (250996, 1, 1, 0, 0, 669.85, 669.85, 1, 57, 34, 34341, 13011, 604, 28937, 1, '2015-09-26 07:12:44', '2015-09-26 07:12:44', NULL, 0.0, 0.0, 0.0, 1417);

INSERT INTO `meeting_individual_results` (`id`, `rank`, `is_play_off`, `is_out_of_race`, `is_disqualified`, `standard_points`, `meeting_individual_points`, `minutes`, `seconds`, `hundreds`, `meeting_program_id`, `swimmer_id`, `team_id`, `badge_id`, `user_id`, `created_at`, `updated_at`, `disqualification_code_type_id`, `goggle_cup_points`, `reaction_time`, `team_points`, `team_affiliation_id`)
  VALUES (250997, 1, 1, 0, 0, 625.45, 625.45, 1, 32, 11, 34342, 12776, 604, 28939, 1, '2015-09-26 07:12:44', '2015-09-26 07:12:44', NULL, 0.0, 0.0, 0.0, 1417);

INSERT INTO `meeting_individual_results` (`id`, `rank`, `is_play_off`, `is_out_of_race`, `is_disqualified`, `standard_points`, `meeting_individual_points`, `minutes`, `seconds`, `hundreds`, `meeting_program_id`, `swimmer_id`, `team_id`, `badge_id`, `user_id`, `created_at`, `updated_at`, `disqualification_code_type_id`, `goggle_cup_points`, `reaction_time`, `team_points`, `team_affiliation_id`)
  VALUES (250998, 1, 1, 0, 0, 699.92, 699.92, 1, 23, 51, 34343, 13863, 600, 28941, 1, '2015-09-26 07:12:44', '2015-09-26 07:12:44', NULL, 0.0, 0.0, 0.0, 1425);

INSERT INTO `meeting_individual_results` (`id`, `rank`, `is_play_off`, `is_out_of_race`, `is_disqualified`, `standard_points`, `meeting_individual_points`, `minutes`, `seconds`, `hundreds`, `meeting_program_id`, `swimmer_id`, `team_id`, `badge_id`, `user_id`, `created_at`, `updated_at`, `disqualification_code_type_id`, `goggle_cup_points`, `reaction_time`, `team_points`, `team_affiliation_id`)
  VALUES (250999, 2, 1, 0, 0, 697.49, 697.49, 1, 23, 80, 34343, 12990, 800, 29207, 1, '2015-09-26 07:12:44', '2015-09-26 07:12:44', NULL, 0.0, 0.0, 0.0, 1434);

INSERT INTO `meeting_individual_results` (`id`, `rank`, `is_play_off`, `is_out_of_race`, `is_disqualified`, `standard_points`, `meeting_individual_points`, `minutes`, `seconds`, `hundreds`, `meeting_program_id`, `swimmer_id`, `team_id`, `badge_id`, `user_id`, `created_at`, `updated_at`, `disqualification_code_type_id`, `goggle_cup_points`, `reaction_time`, `team_points`, `team_affiliation_id`)
  VALUES (251000, 3, 1, 0, 0, 651.62, 651.62, 1, 29, 70, 34343, 13853, 607, 28942, 1, '2015-09-26 07:12:44', '2015-09-26 07:12:44', NULL, 0.0, 0.0, 0.0, 1428);

INSERT INTO `meeting_individual_results` (`id`, `rank`, `is_play_off`, `is_out_of_race`, `is_disqualified`, `standard_points`, `meeting_individual_points`, `minutes`, `seconds`, `hundreds`, `meeting_program_id`, `swimmer_id`, `team_id`, `badge_id`, `user_id`, `created_at`, `updated_at`, `disqualification_code_type_id`, `goggle_cup_points`, `reaction_time`, `team_points`, `team_affiliation_id`)
  VALUES (251001, 4, 1, 0, 0, 552.35, 552.35, 1, 45, 82, 34343, 12786, 508, 28946, 1, '2015-09-26 07:12:44', '2015-09-26 07:12:44', NULL, 0.0, 0.0, 0.0, 1416);

INSERT INTO `meeting_individual_results` (`id`, `rank`, `is_play_off`, `is_out_of_race`, `is_disqualified`, `standard_points`, `meeting_individual_points`, `minutes`, `seconds`, `hundreds`, `meeting_program_id`, `swimmer_id`, `team_id`, `badge_id`, `user_id`, `created_at`, `updated_at`, `disqualification_code_type_id`, `goggle_cup_points`, `reaction_time`, `team_points`, `team_affiliation_id`)
  VALUES (251002, 1, 1, 0, 0, 711.32, 711.32, 1, 24, 21, 34344, 13008, 603, 28949, 1, '2015-09-26 07:12:45', '2015-09-26 07:12:45', NULL, 0.0, 0.0, 0.0, 1414);

INSERT INTO `meeting_individual_results` (`id`, `rank`, `is_play_off`, `is_out_of_race`, `is_disqualified`, `standard_points`, `meeting_individual_points`, `minutes`, `seconds`, `hundreds`, `meeting_program_id`, `swimmer_id`, `team_id`, `badge_id`, `user_id`, `created_at`, `updated_at`, `disqualification_code_type_id`, `goggle_cup_points`, `reaction_time`, `team_points`, `team_affiliation_id`)
  VALUES (251003, 2, 1, 0, 0, 699.11, 699.11, 1, 25, 68, 34344, 13002, 371, 28948, 1, '2015-09-26 07:12:45', '2015-09-26 07:12:45', NULL, 0.0, 0.0, 0.0, 1427);

INSERT INTO `meeting_individual_results` (`id`, `rank`, `is_play_off`, `is_out_of_race`, `is_disqualified`, `standard_points`, `meeting_individual_points`, `minutes`, `seconds`, `hundreds`, `meeting_program_id`, `swimmer_id`, `team_id`, `badge_id`, `user_id`, `created_at`, `updated_at`, `disqualification_code_type_id`, `goggle_cup_points`, `reaction_time`, `team_points`, `team_affiliation_id`)
  VALUES (251004, 1, 1, 0, 0, 800.21, 800.21, 1, 15, 93, 34345, 10374, 508, 28950, 1, '2015-09-26 07:12:45', '2015-09-26 07:12:45', NULL, 0.0, 0.0, 0.0, 1416);

INSERT INTO `meeting_individual_results` (`id`, `rank`, `is_play_off`, `is_out_of_race`, `is_disqualified`, `standard_points`, `meeting_individual_points`, `minutes`, `seconds`, `hundreds`, `meeting_program_id`, `swimmer_id`, `team_id`, `badge_id`, `user_id`, `created_at`, `updated_at`, `disqualification_code_type_id`, `goggle_cup_points`, `reaction_time`, `team_points`, `team_affiliation_id`)
  VALUES (251005, 2, 1, 0, 0, 732.4, 732.4, 1, 22, 96, 34345, 13019, 604, 28951, 1, '2015-09-26 07:12:45', '2015-09-26 07:12:45', NULL, 0.0, 0.0, 0.0, 1417);

INSERT INTO `meeting_individual_results` (`id`, `rank`, `is_play_off`, `is_out_of_race`, `is_disqualified`, `standard_points`, `meeting_individual_points`, `minutes`, `seconds`, `hundreds`, `meeting_program_id`, `swimmer_id`, `team_id`, `badge_id`, `user_id`, `created_at`, `updated_at`, `disqualification_code_type_id`, `goggle_cup_points`, `reaction_time`, `team_points`, `team_affiliation_id`)
  VALUES (251006, 1, 1, 0, 0, 875.9, 875.9, 1, 10, 83, 34346, 16603, 507, 30661, 1, '2015-09-26 07:12:45', '2015-09-26 07:12:45', NULL, 0.0, 0.0, 0.0, 1241);

INSERT INTO `meeting_individual_results` (`id`, `rank`, `is_play_off`, `is_out_of_race`, `is_disqualified`, `standard_points`, `meeting_individual_points`, `minutes`, `seconds`, `hundreds`, `meeting_program_id`, `swimmer_id`, `team_id`, `badge_id`, `user_id`, `created_at`, `updated_at`, `disqualification_code_type_id`, `goggle_cup_points`, `reaction_time`, `team_points`, `team_affiliation_id`)
  VALUES (251007, 2, 1, 0, 0, 621.95, 621.95, 1, 39, 75, 34346, 13024, 800, 28958, 1, '2015-09-26 07:12:45', '2015-09-26 07:12:45', NULL, 0.0, 0.0, 0.0, 1434);

INSERT INTO `meeting_individual_results` (`id`, `rank`, `is_play_off`, `is_out_of_race`, `is_disqualified`, `standard_points`, `meeting_individual_points`, `minutes`, `seconds`, `hundreds`, `meeting_program_id`, `swimmer_id`, `team_id`, `badge_id`, `user_id`, `created_at`, `updated_at`, `disqualification_code_type_id`, `goggle_cup_points`, `reaction_time`, `team_points`, `team_affiliation_id`)
  VALUES (251008, 3, 1, 0, 0, 599.83, 599.83, 1, 43, 43, 34346, 20066, 371, 28959, 1, '2015-09-26 07:12:45', '2015-09-26 07:12:45', NULL, 0.0, 0.0, 0.0, 1427);

INSERT INTO `meeting_individual_results` (`id`, `rank`, `is_play_off`, `is_out_of_race`, `is_disqualified`, `standard_points`, `meeting_individual_points`, `minutes`, `seconds`, `hundreds`, `meeting_program_id`, `swimmer_id`, `team_id`, `badge_id`, `user_id`, `created_at`, `updated_at`, `disqualification_code_type_id`, `goggle_cup_points`, `reaction_time`, `team_points`, `team_affiliation_id`)
  VALUES (251009, 1, 1, 0, 0, 673.83, 673.83, 1, 35, 35, 34347, 10182, 511, 30679, 1, '2015-09-26 07:12:45', '2015-09-26 07:12:45', NULL, 0.0, 0.0, 0.0, 1421);

INSERT INTO `meeting_individual_results` (`id`, `rank`, `is_play_off`, `is_out_of_race`, `is_disqualified`, `standard_points`, `meeting_individual_points`, `minutes`, `seconds`, `hundreds`, `meeting_program_id`, `swimmer_id`, `team_id`, `badge_id`, `user_id`, `created_at`, `updated_at`, `disqualification_code_type_id`, `goggle_cup_points`, `reaction_time`, `team_points`, `team_affiliation_id`)
  VALUES (251010, 2, 1, 0, 0, 669.2, 669.2, 1, 36, 1, 34347, 20126, 803, 29027, 1, '2015-09-26 07:12:45', '2015-09-26 07:12:45', NULL, 0.0, 0.0, 0.0, 1437);

INSERT INTO `meeting_individual_results` (`id`, `rank`, `is_play_off`, `is_out_of_race`, `is_disqualified`, `standard_points`, `meeting_individual_points`, `minutes`, `seconds`, `hundreds`, `meeting_program_id`, `swimmer_id`, `team_id`, `badge_id`, `user_id`, `created_at`, `updated_at`, `disqualification_code_type_id`, `goggle_cup_points`, `reaction_time`, `team_points`, `team_affiliation_id`)
  VALUES (251011, 1, 1, 0, 0, 700.01, 700.01, 1, 36, 77, 34348, 20827, 371, 31741, 1, '2015-09-26 07:12:45', '2015-09-26 07:12:45', NULL, 0.0, 0.0, 0.0, 1427);

INSERT INTO `meeting_individual_results` (`id`, `rank`, `is_play_off`, `is_out_of_race`, `is_disqualified`, `standard_points`, `meeting_individual_points`, `minutes`, `seconds`, `hundreds`, `meeting_program_id`, `swimmer_id`, `team_id`, `badge_id`, `user_id`, `created_at`, `updated_at`, `disqualification_code_type_id`, `goggle_cup_points`, `reaction_time`, `team_points`, `team_affiliation_id`)
  VALUES (251012, 2, 1, 0, 0, 654.37, 654.37, 1, 43, 52, 34348, 12915, 371, 28965, 1, '2015-09-26 07:12:45', '2015-09-26 07:12:45', NULL, 0.0, 0.0, 0.0, 1427);

INSERT INTO `meeting_individual_results` (`id`, `rank`, `is_play_off`, `is_out_of_race`, `is_disqualified`, `standard_points`, `meeting_individual_points`, `minutes`, `seconds`, `hundreds`, `meeting_program_id`, `swimmer_id`, `team_id`, `badge_id`, `user_id`, `created_at`, `updated_at`, `disqualification_code_type_id`, `goggle_cup_points`, `reaction_time`, `team_points`, `team_affiliation_id`)
  VALUES (251013, 3, 1, 0, 0, 608.57, 608.57, 1, 51, 31, 34348, 10240, 512, 29140, 1, '2015-09-26 07:12:46', '2015-09-26 07:12:46', NULL, 0.0, 0.0, 0.0, 1423);

INSERT INTO `meeting_individual_results` (`id`, `rank`, `is_play_off`, `is_out_of_race`, `is_disqualified`, `standard_points`, `meeting_individual_points`, `minutes`, `seconds`, `hundreds`, `meeting_program_id`, `swimmer_id`, `team_id`, `badge_id`, `user_id`, `created_at`, `updated_at`, `disqualification_code_type_id`, `goggle_cup_points`, `reaction_time`, `team_points`, `team_affiliation_id`)
  VALUES (251014, 1, 1, 0, 0, 0.0, 0.0, 1, 22, 34, 34349, 13852, 512, 31742, 1, '2015-09-26 07:12:46', '2015-09-26 07:12:46', NULL, 0.0, 0.0, 0.0, 1423);

INSERT INTO `meeting_individual_results` (`id`, `rank`, `is_play_off`, `is_out_of_race`, `is_disqualified`, `standard_points`, `meeting_individual_points`, `minutes`, `seconds`, `hundreds`, `meeting_program_id`, `swimmer_id`, `team_id`, `badge_id`, `user_id`, `created_at`, `updated_at`, `disqualification_code_type_id`, `goggle_cup_points`, `reaction_time`, `team_points`, `team_affiliation_id`)
  VALUES (251015, 2, 1, 0, 0, 0.0, 0.0, 1, 24, 57, 34349, 20832, 604, 31743, 1, '2015-09-26 07:12:46', '2015-09-26 07:12:46', NULL, 0.0, 0.0, 0.0, 1417);

INSERT INTO `meeting_individual_results` (`id`, `rank`, `is_play_off`, `is_out_of_race`, `is_disqualified`, `standard_points`, `meeting_individual_points`, `minutes`, `seconds`, `hundreds`, `meeting_program_id`, `swimmer_id`, `team_id`, `badge_id`, `user_id`, `created_at`, `updated_at`, `disqualification_code_type_id`, `goggle_cup_points`, `reaction_time`, `team_points`, `team_affiliation_id`)
  VALUES (251016, 1, 1, 0, 0, 788.58, 788.58, 1, 32, 85, 34350, 12782, 508, 28972, 1, '2015-09-26 07:12:46', '2015-09-26 07:12:46', NULL, 0.0, 0.0, 0.0, 1416);

INSERT INTO `meeting_individual_results` (`id`, `rank`, `is_play_off`, `is_out_of_race`, `is_disqualified`, `standard_points`, `meeting_individual_points`, `minutes`, `seconds`, `hundreds`, `meeting_program_id`, `swimmer_id`, `team_id`, `badge_id`, `user_id`, `created_at`, `updated_at`, `disqualification_code_type_id`, `goggle_cup_points`, `reaction_time`, `team_points`, `team_affiliation_id`)
  VALUES (251017, 1, 1, 0, 0, 759.38, 759.38, 1, 37, 54, 34351, 20129, 322, 28975, 1, '2015-09-26 07:12:46', '2015-09-26 07:12:46', NULL, 0.0, 0.0, 0.0, 1431);

INSERT INTO `meeting_individual_results` (`id`, `rank`, `is_play_off`, `is_out_of_race`, `is_disqualified`, `standard_points`, `meeting_individual_points`, `minutes`, `seconds`, `hundreds`, `meeting_program_id`, `swimmer_id`, `team_id`, `badge_id`, `user_id`, `created_at`, `updated_at`, `disqualification_code_type_id`, `goggle_cup_points`, `reaction_time`, `team_points`, `team_affiliation_id`)
  VALUES (251018, 1, 1, 0, 0, 677.39, 677.39, 1, 50, 7, 34352, 12954, 371, 29177, 1, '2015-09-26 07:12:46', '2015-09-26 07:12:46', NULL, 0.0, 0.0, 0.0, 1427);

INSERT INTO `meeting_individual_results` (`id`, `rank`, `is_play_off`, `is_out_of_race`, `is_disqualified`, `standard_points`, `meeting_individual_points`, `minutes`, `seconds`, `hundreds`, `meeting_program_id`, `swimmer_id`, `team_id`, `badge_id`, `user_id`, `created_at`, `updated_at`, `disqualification_code_type_id`, `goggle_cup_points`, `reaction_time`, `team_points`, `team_affiliation_id`)
  VALUES (251019, 2, 1, 0, 0, 673.35, 673.35, 1, 50, 73, 34352, 20100, 371, 28980, 1, '2015-09-26 07:12:46', '2015-09-26 07:12:46', NULL, 0.0, 0.0, 0.0, 1427);

INSERT INTO `meeting_individual_results` (`id`, `rank`, `is_play_off`, `is_out_of_race`, `is_disqualified`, `standard_points`, `meeting_individual_points`, `minutes`, `seconds`, `hundreds`, `meeting_program_id`, `swimmer_id`, `team_id`, `badge_id`, `user_id`, `created_at`, `updated_at`, `disqualification_code_type_id`, `goggle_cup_points`, `reaction_time`, `team_points`, `team_affiliation_id`)
  VALUES (251020, 3, 1, 0, 0, 638.41, 638.41, 1, 56, 79, 34352, 16422, 514, 28981, 1, '2015-09-26 07:12:46', '2015-09-26 07:12:46', NULL, 0.0, 0.0, 0.0, 1426);

INSERT INTO `meeting_individual_results` (`id`, `rank`, `is_play_off`, `is_out_of_race`, `is_disqualified`, `standard_points`, `meeting_individual_points`, `minutes`, `seconds`, `hundreds`, `meeting_program_id`, `swimmer_id`, `team_id`, `badge_id`, `user_id`, `created_at`, `updated_at`, `disqualification_code_type_id`, `goggle_cup_points`, `reaction_time`, `team_points`, `team_affiliation_id`)
  VALUES (251021, 1, 1, 0, 0, 637.26, 637.26, 1, 58, 13, 34353, 10369, 335, 29286, 1, '2015-09-26 07:12:46', '2015-09-26 07:12:46', NULL, 0.0, 0.0, 0.0, 1429);

INSERT INTO `meeting_individual_results` (`id`, `rank`, `is_play_off`, `is_out_of_race`, `is_disqualified`, `standard_points`, `meeting_individual_points`, `minutes`, `seconds`, `hundreds`, `meeting_program_id`, `swimmer_id`, `team_id`, `badge_id`, `user_id`, `created_at`, `updated_at`, `disqualification_code_type_id`, `goggle_cup_points`, `reaction_time`, `team_points`, `team_affiliation_id`)
  VALUES (251022, 1, 1, 0, 0, 735.34, 735.34, 1, 46, 25, 34354, 13897, 371, 28986, 1, '2015-09-26 07:12:46', '2015-09-26 07:12:46', NULL, 0.0, 0.0, 0.0, 1427);

INSERT INTO `meeting_individual_results` (`id`, `rank`, `is_play_off`, `is_out_of_race`, `is_disqualified`, `standard_points`, `meeting_individual_points`, `minutes`, `seconds`, `hundreds`, `meeting_program_id`, `swimmer_id`, `team_id`, `badge_id`, `user_id`, `created_at`, `updated_at`, `disqualification_code_type_id`, `goggle_cup_points`, `reaction_time`, `team_points`, `team_affiliation_id`)
  VALUES (251023, 1, 1, 0, 0, 661.18, 661.18, 2, 4, 46, 34355, 12831, 800, 28936, 1, '2015-09-26 07:12:46', '2015-09-26 07:12:46', NULL, 0.0, 0.0, 0.0, 1434);

INSERT INTO `meeting_individual_results` (`id`, `rank`, `is_play_off`, `is_out_of_race`, `is_disqualified`, `standard_points`, `meeting_individual_points`, `minutes`, `seconds`, `hundreds`, `meeting_program_id`, `swimmer_id`, `team_id`, `badge_id`, `user_id`, `created_at`, `updated_at`, `disqualification_code_type_id`, `goggle_cup_points`, `reaction_time`, `team_points`, `team_affiliation_id`)
  VALUES (251024, 1, 1, 0, 0, 704.45, 704.45, 2, 2, 45, 34356, 13011, 604, 28937, 1, '2015-09-26 07:12:47', '2015-09-26 07:12:47', NULL, 0.0, 0.0, 0.0, 1417);

INSERT INTO `meeting_individual_results` (`id`, `rank`, `is_play_off`, `is_out_of_race`, `is_disqualified`, `standard_points`, `meeting_individual_points`, `minutes`, `seconds`, `hundreds`, `meeting_program_id`, `swimmer_id`, `team_id`, `badge_id`, `user_id`, `created_at`, `updated_at`, `disqualification_code_type_id`, `goggle_cup_points`, `reaction_time`, `team_points`, `team_affiliation_id`)
  VALUES (251025, 1, 1, 0, 0, 888.39, 888.39, 1, 11, 50, 34357, 12805, 817, 28989, 1, '2015-09-26 07:12:47', '2015-09-26 07:12:47', NULL, 0.0, 0.0, 0.0, 1525);

INSERT INTO `meeting_individual_results` (`id`, `rank`, `is_play_off`, `is_out_of_race`, `is_disqualified`, `standard_points`, `meeting_individual_points`, `minutes`, `seconds`, `hundreds`, `meeting_program_id`, `swimmer_id`, `team_id`, `badge_id`, `user_id`, `created_at`, `updated_at`, `disqualification_code_type_id`, `goggle_cup_points`, `reaction_time`, `team_points`, `team_affiliation_id`)
  VALUES (251026, 2, 1, 0, 0, 686.11, 686.11, 1, 32, 58, 34357, 10235, 508, 28992, 1, '2015-09-26 07:12:47', '2015-09-26 07:12:47', NULL, 0.0, 0.0, 0.0, 1416);

INSERT INTO `meeting_individual_results` (`id`, `rank`, `is_play_off`, `is_out_of_race`, `is_disqualified`, `standard_points`, `meeting_individual_points`, `minutes`, `seconds`, `hundreds`, `meeting_program_id`, `swimmer_id`, `team_id`, `badge_id`, `user_id`, `created_at`, `updated_at`, `disqualification_code_type_id`, `goggle_cup_points`, `reaction_time`, `team_points`, `team_affiliation_id`)
  VALUES (251027, 3, 1, 0, 0, 647.5, 647.5, 1, 38, 10, 34357, 20824, 801, 31744, 1, '2015-09-26 07:12:47', '2015-09-26 07:12:47', NULL, 0.0, 0.0, 0.0, 1435);

INSERT INTO `meeting_individual_results` (`id`, `rank`, `is_play_off`, `is_out_of_race`, `is_disqualified`, `standard_points`, `meeting_individual_points`, `minutes`, `seconds`, `hundreds`, `meeting_program_id`, `swimmer_id`, `team_id`, `badge_id`, `user_id`, `created_at`, `updated_at`, `disqualification_code_type_id`, `goggle_cup_points`, `reaction_time`, `team_points`, `team_affiliation_id`)
  VALUES (251028, 1, 1, 0, 0, 739.98, 739.98, 1, 28, 34, 34358, 12833, 322, 29165, 1, '2015-09-26 07:12:47', '2015-09-26 07:12:47', NULL, 0.0, 0.0, 0.0, 1431);

INSERT INTO `meeting_individual_results` (`id`, `rank`, `is_play_off`, `is_out_of_race`, `is_disqualified`, `standard_points`, `meeting_individual_points`, `minutes`, `seconds`, `hundreds`, `meeting_program_id`, `swimmer_id`, `team_id`, `badge_id`, `user_id`, `created_at`, `updated_at`, `disqualification_code_type_id`, `goggle_cup_points`, `reaction_time`, `team_points`, `team_affiliation_id`)
  VALUES (251029, 2, 1, 0, 0, 729.9, 729.9, 1, 29, 56, 34358, 20831, 508, 31745, 1, '2015-09-26 07:12:47', '2015-09-26 07:12:47', NULL, 0.0, 0.0, 0.0, 1416);

INSERT INTO `meeting_individual_results` (`id`, `rank`, `is_play_off`, `is_out_of_race`, `is_disqualified`, `standard_points`, `meeting_individual_points`, `minutes`, `seconds`, `hundreds`, `meeting_program_id`, `swimmer_id`, `team_id`, `badge_id`, `user_id`, `created_at`, `updated_at`, `disqualification_code_type_id`, `goggle_cup_points`, `reaction_time`, `team_points`, `team_affiliation_id`)
  VALUES (251030, 3, 1, 0, 0, 586.44, 586.44, 1, 51, 47, 34358, 10276, 514, 31746, 1, '2015-09-26 07:12:47', '2015-09-26 07:12:47', NULL, 0.0, 0.0, 0.0, 1426);

INSERT INTO `meeting_individual_results` (`id`, `rank`, `is_play_off`, `is_out_of_race`, `is_disqualified`, `standard_points`, `meeting_individual_points`, `minutes`, `seconds`, `hundreds`, `meeting_program_id`, `swimmer_id`, `team_id`, `badge_id`, `user_id`, `created_at`, `updated_at`, `disqualification_code_type_id`, `goggle_cup_points`, `reaction_time`, `team_points`, `team_affiliation_id`)
  VALUES (251031, 4, 1, 0, 1, 0.0, 0.0, 0, 0, 0, 34358, 12853, 817, 29166, 1, '2015-09-26 07:12:47', '2015-09-26 07:12:47', 1, 0.0, 0.0, 0.0, 1525);

INSERT INTO `meeting_individual_results` (`id`, `rank`, `is_play_off`, `is_out_of_race`, `is_disqualified`, `standard_points`, `meeting_individual_points`, `minutes`, `seconds`, `hundreds`, `meeting_program_id`, `swimmer_id`, `team_id`, `badge_id`, `user_id`, `created_at`, `updated_at`, `disqualification_code_type_id`, `goggle_cup_points`, `reaction_time`, `team_points`, `team_affiliation_id`)
  VALUES (251032, 1, 1, 0, 0, 737.6, 737.6, 1, 29, 71, 34359, 10024, 335, 29010, 1, '2015-09-26 07:12:47', '2015-09-26 07:12:47', NULL, 0.0, 0.0, 0.0, 1429);

INSERT INTO `meeting_individual_results` (`id`, `rank`, `is_play_off`, `is_out_of_race`, `is_disqualified`, `standard_points`, `meeting_individual_points`, `minutes`, `seconds`, `hundreds`, `meeting_program_id`, `swimmer_id`, `team_id`, `badge_id`, `user_id`, `created_at`, `updated_at`, `disqualification_code_type_id`, `goggle_cup_points`, `reaction_time`, `team_points`, `team_affiliation_id`)
  VALUES (251033, 2, 1, 0, 0, 723.09, 723.09, 1, 31, 51, 34359, 13898, 607, 29011, 1, '2015-09-26 07:12:47', '2015-09-26 07:12:47', NULL, 0.0, 0.0, 0.0, 1428);

INSERT INTO `meeting_individual_results` (`id`, `rank`, `is_play_off`, `is_out_of_race`, `is_disqualified`, `standard_points`, `meeting_individual_points`, `minutes`, `seconds`, `hundreds`, `meeting_program_id`, `swimmer_id`, `team_id`, `badge_id`, `user_id`, `created_at`, `updated_at`, `disqualification_code_type_id`, `goggle_cup_points`, `reaction_time`, `team_points`, `team_affiliation_id`)
  VALUES (251034, 3, 1, 0, 0, 683.5, 683.5, 1, 36, 81, 34359, 18027, 631, 29013, 1, '2015-09-26 07:12:48', '2015-09-26 07:12:48', NULL, 0.0, 0.0, 0.0, 1432);

INSERT INTO `meeting_individual_results` (`id`, `rank`, `is_play_off`, `is_out_of_race`, `is_disqualified`, `standard_points`, `meeting_individual_points`, `minutes`, `seconds`, `hundreds`, `meeting_program_id`, `swimmer_id`, `team_id`, `badge_id`, `user_id`, `created_at`, `updated_at`, `disqualification_code_type_id`, `goggle_cup_points`, `reaction_time`, `team_points`, `team_affiliation_id`)
  VALUES (251035, 4, 1, 0, 0, 631.82, 631.82, 1, 44, 73, 34359, 16472, 600, 31747, 1, '2015-09-26 07:12:48', '2015-09-26 07:12:48', NULL, 0.0, 0.0, 0.0, 1425);

INSERT INTO `meeting_individual_results` (`id`, `rank`, `is_play_off`, `is_out_of_race`, `is_disqualified`, `standard_points`, `meeting_individual_points`, `minutes`, `seconds`, `hundreds`, `meeting_program_id`, `swimmer_id`, `team_id`, `badge_id`, `user_id`, `created_at`, `updated_at`, `disqualification_code_type_id`, `goggle_cup_points`, `reaction_time`, `team_points`, `team_affiliation_id`)
  VALUES (251036, 5, 1, 0, 1, 0.0, 0.0, 0, 0, 0, 34359, 20028, 322, 29009, 1, '2015-09-26 07:12:48', '2015-09-26 07:12:48', 1, 0.0, 0.0, 0.0, 1431);

INSERT INTO `meeting_individual_results` (`id`, `rank`, `is_play_off`, `is_out_of_race`, `is_disqualified`, `standard_points`, `meeting_individual_points`, `minutes`, `seconds`, `hundreds`, `meeting_program_id`, `swimmer_id`, `team_id`, `badge_id`, `user_id`, `created_at`, `updated_at`, `disqualification_code_type_id`, `goggle_cup_points`, `reaction_time`, `team_points`, `team_affiliation_id`)
  VALUES (251037, 1, 1, 0, 0, 790.12, 790.12, 1, 26, 0, 34360, 12854, 601, 29019, 1, '2015-09-26 07:12:48', '2015-09-26 07:12:48', NULL, 0.0, 0.0, 0.0, 1413);

INSERT INTO `meeting_individual_results` (`id`, `rank`, `is_play_off`, `is_out_of_race`, `is_disqualified`, `standard_points`, `meeting_individual_points`, `minutes`, `seconds`, `hundreds`, `meeting_program_id`, `swimmer_id`, `team_id`, `badge_id`, `user_id`, `created_at`, `updated_at`, `disqualification_code_type_id`, `goggle_cup_points`, `reaction_time`, `team_points`, `team_affiliation_id`)
  VALUES (251038, 2, 1, 0, 0, 723.41, 723.41, 1, 33, 93, 34360, 13030, 800, 29021, 1, '2015-09-26 07:12:48', '2015-09-26 07:12:48', NULL, 0.0, 0.0, 0.0, 1434);

INSERT INTO `meeting_individual_results` (`id`, `rank`, `is_play_off`, `is_out_of_race`, `is_disqualified`, `standard_points`, `meeting_individual_points`, `minutes`, `seconds`, `hundreds`, `meeting_program_id`, `swimmer_id`, `team_id`, `badge_id`, `user_id`, `created_at`, `updated_at`, `disqualification_code_type_id`, `goggle_cup_points`, `reaction_time`, `team_points`, `team_affiliation_id`)
  VALUES (251039, 3, 1, 0, 0, 688.38, 688.38, 1, 38, 71, 34360, 10390, 335, 29023, 1, '2015-09-26 07:12:48', '2015-09-26 07:12:48', NULL, 0.0, 0.0, 0.0, 1429);

INSERT INTO `meeting_individual_results` (`id`, `rank`, `is_play_off`, `is_out_of_race`, `is_disqualified`, `standard_points`, `meeting_individual_points`, `minutes`, `seconds`, `hundreds`, `meeting_program_id`, `swimmer_id`, `team_id`, `badge_id`, `user_id`, `created_at`, `updated_at`, `disqualification_code_type_id`, `goggle_cup_points`, `reaction_time`, `team_points`, `team_affiliation_id`)
  VALUES (251040, 4, 1, 0, 0, 673.57, 673.57, 1, 40, 88, 34360, 12901, 604, 29022, 1, '2015-09-26 07:12:48', '2015-09-26 07:12:48', NULL, 0.0, 0.0, 0.0, 1417);

INSERT INTO `meeting_individual_results` (`id`, `rank`, `is_play_off`, `is_out_of_race`, `is_disqualified`, `standard_points`, `meeting_individual_points`, `minutes`, `seconds`, `hundreds`, `meeting_program_id`, `swimmer_id`, `team_id`, `badge_id`, `user_id`, `created_at`, `updated_at`, `disqualification_code_type_id`, `goggle_cup_points`, `reaction_time`, `team_points`, `team_affiliation_id`)
  VALUES (251041, 5, 1, 0, 0, 609.36, 609.36, 1, 51, 51, 34360, 18369, 604, 29265, 1, '2015-09-26 07:12:48', '2015-09-26 07:12:48', NULL, 0.0, 0.0, 0.0, 1417);

INSERT INTO `meeting_individual_results` (`id`, `rank`, `is_play_off`, `is_out_of_race`, `is_disqualified`, `standard_points`, `meeting_individual_points`, `minutes`, `seconds`, `hundreds`, `meeting_program_id`, `swimmer_id`, `team_id`, `badge_id`, `user_id`, `created_at`, `updated_at`, `disqualification_code_type_id`, `goggle_cup_points`, `reaction_time`, `team_points`, `team_affiliation_id`)
  VALUES (251042, 6, 1, 0, 1, 0.0, 0.0, 0, 0, 0, 34360, 12839, 508, 31748, 1, '2015-09-26 07:12:48', '2015-09-26 07:12:48', 1, 0.0, 0.0, 0.0, 1416);

INSERT INTO `meeting_individual_results` (`id`, `rank`, `is_play_off`, `is_out_of_race`, `is_disqualified`, `standard_points`, `meeting_individual_points`, `minutes`, `seconds`, `hundreds`, `meeting_program_id`, `swimmer_id`, `team_id`, `badge_id`, `user_id`, `created_at`, `updated_at`, `disqualification_code_type_id`, `goggle_cup_points`, `reaction_time`, `team_points`, `team_affiliation_id`)
  VALUES (251043, 1, 1, 0, 0, 766.47, 766.47, 1, 32, 58, 34361, 12926, 371, 31749, 1, '2015-09-26 07:12:48', '2015-09-26 07:12:48', NULL, 0.0, 0.0, 0.0, 1427);

INSERT INTO `meeting_individual_results` (`id`, `rank`, `is_play_off`, `is_out_of_race`, `is_disqualified`, `standard_points`, `meeting_individual_points`, `minutes`, `seconds`, `hundreds`, `meeting_program_id`, `swimmer_id`, `team_id`, `badge_id`, `user_id`, `created_at`, `updated_at`, `disqualification_code_type_id`, `goggle_cup_points`, `reaction_time`, `team_points`, `team_affiliation_id`)
  VALUES (251044, 2, 1, 0, 0, 706.56, 706.56, 1, 40, 43, 34361, 18261, 203, 28518, 1, '2015-09-26 07:12:49', '2015-09-26 07:12:49', NULL, 0.0, 0.0, 0.0, 1085);

INSERT INTO `meeting_individual_results` (`id`, `rank`, `is_play_off`, `is_out_of_race`, `is_disqualified`, `standard_points`, `meeting_individual_points`, `minutes`, `seconds`, `hundreds`, `meeting_program_id`, `swimmer_id`, `team_id`, `badge_id`, `user_id`, `created_at`, `updated_at`, `disqualification_code_type_id`, `goggle_cup_points`, `reaction_time`, `team_points`, `team_affiliation_id`)
  VALUES (251045, 3, 1, 0, 1, 0.0, 0.0, 0, 0, 0, 34361, 12836, 800, 29028, 1, '2015-09-26 07:12:49', '2015-09-26 07:12:49', 1, 0.0, 0.0, 0.0, 1434);

INSERT INTO `meeting_individual_results` (`id`, `rank`, `is_play_off`, `is_out_of_race`, `is_disqualified`, `standard_points`, `meeting_individual_points`, `minutes`, `seconds`, `hundreds`, `meeting_program_id`, `swimmer_id`, `team_id`, `badge_id`, `user_id`, `created_at`, `updated_at`, `disqualification_code_type_id`, `goggle_cup_points`, `reaction_time`, `team_points`, `team_affiliation_id`)
  VALUES (251046, 3, 1, 0, 1, 0.0, 0.0, 0, 0, 0, 34361, 10771, 89, 29186, 1, '2015-09-26 07:12:49', '2015-09-26 07:12:49', 1, 0.0, 0.0, 0.0, 965);

INSERT INTO `meeting_individual_results` (`id`, `rank`, `is_play_off`, `is_out_of_race`, `is_disqualified`, `standard_points`, `meeting_individual_points`, `minutes`, `seconds`, `hundreds`, `meeting_program_id`, `swimmer_id`, `team_id`, `badge_id`, `user_id`, `created_at`, `updated_at`, `disqualification_code_type_id`, `goggle_cup_points`, `reaction_time`, `team_points`, `team_affiliation_id`)
  VALUES (251047, 1, 1, 0, 0, 712.66, 712.66, 1, 43, 43, 34362, 13861, 512, 29275, 1, '2015-09-26 07:12:49', '2015-09-26 07:12:49', NULL, 0.0, 0.0, 0.0, 1423);

INSERT INTO `meeting_individual_results` (`id`, `rank`, `is_play_off`, `is_out_of_race`, `is_disqualified`, `standard_points`, `meeting_individual_points`, `minutes`, `seconds`, `hundreds`, `meeting_program_id`, `swimmer_id`, `team_id`, `badge_id`, `user_id`, `created_at`, `updated_at`, `disqualification_code_type_id`, `goggle_cup_points`, `reaction_time`, `team_points`, `team_affiliation_id`)
  VALUES (251048, 1, 1, 0, 0, 603.41, 603.41, 2, 15, 43, 34363, 9988, 514, 31750, 1, '2015-09-26 07:12:49', '2015-09-26 07:12:49', NULL, 0.0, 0.0, 0.0, 1426);

INSERT INTO `meeting_individual_results` (`id`, `rank`, `is_play_off`, `is_out_of_race`, `is_disqualified`, `standard_points`, `meeting_individual_points`, `minutes`, `seconds`, `hundreds`, `meeting_program_id`, `swimmer_id`, `team_id`, `badge_id`, `user_id`, `created_at`, `updated_at`, `disqualification_code_type_id`, `goggle_cup_points`, `reaction_time`, `team_points`, `team_affiliation_id`)
  VALUES (251049, 1, 1, 0, 0, 0.0, 0.0, 1, 22, 21, 34364, 20140, 604, 29032, 1, '2015-09-26 07:12:49', '2015-09-26 07:12:49', NULL, 0.0, 0.0, 0.0, 1417);

INSERT INTO `meeting_individual_results` (`id`, `rank`, `is_play_off`, `is_out_of_race`, `is_disqualified`, `standard_points`, `meeting_individual_points`, `minutes`, `seconds`, `hundreds`, `meeting_program_id`, `swimmer_id`, `team_id`, `badge_id`, `user_id`, `created_at`, `updated_at`, `disqualification_code_type_id`, `goggle_cup_points`, `reaction_time`, `team_points`, `team_affiliation_id`)
  VALUES (251050, 1, 1, 0, 0, 885.47, 885.47, 1, 5, 92, 34365, 12893, 817, 29034, 1, '2015-09-26 07:12:49', '2015-09-26 07:12:49', NULL, 0.0, 0.0, 0.0, 1525);

INSERT INTO `meeting_individual_results` (`id`, `rank`, `is_play_off`, `is_out_of_race`, `is_disqualified`, `standard_points`, `meeting_individual_points`, `minutes`, `seconds`, `hundreds`, `meeting_program_id`, `swimmer_id`, `team_id`, `badge_id`, `user_id`, `created_at`, `updated_at`, `disqualification_code_type_id`, `goggle_cup_points`, `reaction_time`, `team_points`, `team_affiliation_id`)
  VALUES (251051, 2, 1, 0, 0, 713.13, 713.13, 1, 21, 85, 34365, 20027, 801, 29036, 1, '2015-09-26 07:12:49', '2015-09-26 07:12:49', NULL, 0.0, 0.0, 0.0, 1435);

INSERT INTO `meeting_individual_results` (`id`, `rank`, `is_play_off`, `is_out_of_race`, `is_disqualified`, `standard_points`, `meeting_individual_points`, `minutes`, `seconds`, `hundreds`, `meeting_program_id`, `swimmer_id`, `team_id`, `badge_id`, `user_id`, `created_at`, `updated_at`, `disqualification_code_type_id`, `goggle_cup_points`, `reaction_time`, `team_points`, `team_affiliation_id`)
  VALUES (251052, 3, 1, 0, 0, 694.63, 694.63, 1, 24, 3, 34365, 12865, 607, 28920, 1, '2015-09-26 07:12:49', '2015-09-26 07:12:49', NULL, 0.0, 0.0, 0.0, 1428);

INSERT INTO `meeting_individual_results` (`id`, `rank`, `is_play_off`, `is_out_of_race`, `is_disqualified`, `standard_points`, `meeting_individual_points`, `minutes`, `seconds`, `hundreds`, `meeting_program_id`, `swimmer_id`, `team_id`, `badge_id`, `user_id`, `created_at`, `updated_at`, `disqualification_code_type_id`, `goggle_cup_points`, `reaction_time`, `team_points`, `team_affiliation_id`)
  VALUES (251053, 4, 1, 0, 0, 664.43, 664.43, 1, 27, 85, 34365, 20111, 801, 29037, 1, '2015-09-26 07:12:49', '2015-09-26 07:12:49', NULL, 0.0, 0.0, 0.0, 1435);

INSERT INTO `meeting_individual_results` (`id`, `rank`, `is_play_off`, `is_out_of_race`, `is_disqualified`, `standard_points`, `meeting_individual_points`, `minutes`, `seconds`, `hundreds`, `meeting_program_id`, `swimmer_id`, `team_id`, `badge_id`, `user_id`, `created_at`, `updated_at`, `disqualification_code_type_id`, `goggle_cup_points`, `reaction_time`, `team_points`, `team_affiliation_id`)
  VALUES (251054, 1, 1, 0, 0, 866.69, 866.69, 1, 6, 76, 34366, 20048, 514, 29039, 1, '2015-09-26 07:12:49', '2015-09-26 07:12:49', NULL, 0.0, 0.0, 0.0, 1426);

INSERT INTO `meeting_individual_results` (`id`, `rank`, `is_play_off`, `is_out_of_race`, `is_disqualified`, `standard_points`, `meeting_individual_points`, `minutes`, `seconds`, `hundreds`, `meeting_program_id`, `swimmer_id`, `team_id`, `badge_id`, `user_id`, `created_at`, `updated_at`, `disqualification_code_type_id`, `goggle_cup_points`, `reaction_time`, `team_points`, `team_affiliation_id`)
  VALUES (251055, 2, 1, 0, 0, 844.55, 844.55, 1, 8, 51, 34366, 12768, 512, 29040, 1, '2015-09-26 07:12:50', '2015-09-26 07:12:50', NULL, 0.0, 0.0, 0.0, 1423);

INSERT INTO `meeting_individual_results` (`id`, `rank`, `is_play_off`, `is_out_of_race`, `is_disqualified`, `standard_points`, `meeting_individual_points`, `minutes`, `seconds`, `hundreds`, `meeting_program_id`, `swimmer_id`, `team_id`, `badge_id`, `user_id`, `created_at`, `updated_at`, `disqualification_code_type_id`, `goggle_cup_points`, `reaction_time`, `team_points`, `team_affiliation_id`)
  VALUES (251056, 3, 1, 0, 0, 775.81, 775.81, 1, 14, 58, 34366, 20129, 322, 28975, 1, '2015-09-26 07:12:50', '2015-09-26 07:12:50', NULL, 0.0, 0.0, 0.0, 1431);

INSERT INTO `meeting_individual_results` (`id`, `rank`, `is_play_off`, `is_out_of_race`, `is_disqualified`, `standard_points`, `meeting_individual_points`, `minutes`, `seconds`, `hundreds`, `meeting_program_id`, `swimmer_id`, `team_id`, `badge_id`, `user_id`, `created_at`, `updated_at`, `disqualification_code_type_id`, `goggle_cup_points`, `reaction_time`, `team_points`, `team_affiliation_id`)
  VALUES (251057, 4, 1, 0, 0, 632.56, 632.56, 1, 31, 47, 34366, 20154, 801, 29045, 1, '2015-09-26 07:12:50', '2015-09-26 07:12:50', NULL, 0.0, 0.0, 0.0, 1435);

INSERT INTO `meeting_individual_results` (`id`, `rank`, `is_play_off`, `is_out_of_race`, `is_disqualified`, `standard_points`, `meeting_individual_points`, `minutes`, `seconds`, `hundreds`, `meeting_program_id`, `swimmer_id`, `team_id`, `badge_id`, `user_id`, `created_at`, `updated_at`, `disqualification_code_type_id`, `goggle_cup_points`, `reaction_time`, `team_points`, `team_affiliation_id`)
  VALUES (251058, 1, 1, 0, 0, 923.57, 923.57, 1, 4, 11, 34367, 6208, 514, 29152, 1, '2015-09-26 07:12:50', '2015-09-26 07:12:50', NULL, 0.0, 0.0, 0.0, 1426);

INSERT INTO `meeting_individual_results` (`id`, `rank`, `is_play_off`, `is_out_of_race`, `is_disqualified`, `standard_points`, `meeting_individual_points`, `minutes`, `seconds`, `hundreds`, `meeting_program_id`, `swimmer_id`, `team_id`, `badge_id`, `user_id`, `created_at`, `updated_at`, `disqualification_code_type_id`, `goggle_cup_points`, `reaction_time`, `team_points`, `team_affiliation_id`)
  VALUES (251059, 2, 1, 0, 0, 671.16, 671.16, 1, 28, 22, 34367, 16473, 631, 28925, 1, '2015-09-26 07:12:50', '2015-09-26 07:12:50', NULL, 0.0, 0.0, 0.0, 1432);

INSERT INTO `meeting_individual_results` (`id`, `rank`, `is_play_off`, `is_out_of_race`, `is_disqualified`, `standard_points`, `meeting_individual_points`, `minutes`, `seconds`, `hundreds`, `meeting_program_id`, `swimmer_id`, `team_id`, `badge_id`, `user_id`, `created_at`, `updated_at`, `disqualification_code_type_id`, `goggle_cup_points`, `reaction_time`, `team_points`, `team_affiliation_id`)
  VALUES (251060, 3, 1, 0, 0, 649.16, 649.16, 1, 31, 21, 34367, 16444, 690, 29048, 1, '2015-09-26 07:12:50', '2015-09-26 07:12:50', NULL, 0.0, 0.0, 0.0, 1418);

INSERT INTO `meeting_individual_results` (`id`, `rank`, `is_play_off`, `is_out_of_race`, `is_disqualified`, `standard_points`, `meeting_individual_points`, `minutes`, `seconds`, `hundreds`, `meeting_program_id`, `swimmer_id`, `team_id`, `badge_id`, `user_id`, `created_at`, `updated_at`, `disqualification_code_type_id`, `goggle_cup_points`, `reaction_time`, `team_points`, `team_affiliation_id`)
  VALUES (251061, 1, 1, 0, 0, 718.58, 718.58, 1, 23, 47, 34368, 20093, 600, 29051, 1, '2015-09-26 07:12:50', '2015-09-26 07:12:50', NULL, 0.0, 0.0, 0.0, 1425);

INSERT INTO `meeting_individual_results` (`id`, `rank`, `is_play_off`, `is_out_of_race`, `is_disqualified`, `standard_points`, `meeting_individual_points`, `minutes`, `seconds`, `hundreds`, `meeting_program_id`, `swimmer_id`, `team_id`, `badge_id`, `user_id`, `created_at`, `updated_at`, `disqualification_code_type_id`, `goggle_cup_points`, `reaction_time`, `team_points`, `team_affiliation_id`)
  VALUES (251062, 2, 1, 0, 0, 660.72, 660.72, 1, 30, 78, 34368, 12799, 608, 29052, 1, '2015-09-26 07:12:50', '2015-09-26 07:12:50', NULL, 0.0, 0.0, 0.0, 1430);

INSERT INTO `meeting_individual_results` (`id`, `rank`, `is_play_off`, `is_out_of_race`, `is_disqualified`, `standard_points`, `meeting_individual_points`, `minutes`, `seconds`, `hundreds`, `meeting_program_id`, `swimmer_id`, `team_id`, `badge_id`, `user_id`, `created_at`, `updated_at`, `disqualification_code_type_id`, `goggle_cup_points`, `reaction_time`, `team_points`, `team_affiliation_id`)
  VALUES (251063, 1, 1, 0, 0, 751.91, 751.91, 1, 21, 2, 34369, 12771, 371, 31751, 1, '2015-09-26 07:12:50', '2015-09-26 07:12:50', NULL, 0.0, 0.0, 0.0, 1427);

INSERT INTO `meeting_individual_results` (`id`, `rank`, `is_play_off`, `is_out_of_race`, `is_disqualified`, `standard_points`, `meeting_individual_points`, `minutes`, `seconds`, `hundreds`, `meeting_program_id`, `swimmer_id`, `team_id`, `badge_id`, `user_id`, `created_at`, `updated_at`, `disqualification_code_type_id`, `goggle_cup_points`, `reaction_time`, `team_points`, `team_affiliation_id`)
  VALUES (251064, 1, 1, 0, 0, 908.37, 908.37, 0, 56, 53, 34370, 13885, 606, 29064, 1, '2015-09-26 07:12:50', '2015-09-26 07:12:50', NULL, 0.0, 0.0, 0.0, 1420);

INSERT INTO `meeting_individual_results` (`id`, `rank`, `is_play_off`, `is_out_of_race`, `is_disqualified`, `standard_points`, `meeting_individual_points`, `minutes`, `seconds`, `hundreds`, `meeting_program_id`, `swimmer_id`, `team_id`, `badge_id`, `user_id`, `created_at`, `updated_at`, `disqualification_code_type_id`, `goggle_cup_points`, `reaction_time`, `team_points`, `team_affiliation_id`)
  VALUES (251065, 2, 1, 0, 0, 810.45, 810.45, 1, 3, 36, 34370, 12913, 607, 31752, 1, '2015-09-26 07:12:50', '2015-09-26 07:12:50', NULL, 0.0, 0.0, 0.0, 1428);

INSERT INTO `meeting_individual_results` (`id`, `rank`, `is_play_off`, `is_out_of_race`, `is_disqualified`, `standard_points`, `meeting_individual_points`, `minutes`, `seconds`, `hundreds`, `meeting_program_id`, `swimmer_id`, `team_id`, `badge_id`, `user_id`, `created_at`, `updated_at`, `disqualification_code_type_id`, `goggle_cup_points`, `reaction_time`, `team_points`, `team_affiliation_id`)
  VALUES (251066, 3, 1, 0, 0, 720.8, 720.8, 1, 11, 24, 34370, 5647, 335, 28993, 1, '2015-09-26 07:12:51', '2015-09-26 07:12:51', NULL, 0.0, 0.0, 0.0, 1429);

INSERT INTO `meeting_individual_results` (`id`, `rank`, `is_play_off`, `is_out_of_race`, `is_disqualified`, `standard_points`, `meeting_individual_points`, `minutes`, `seconds`, `hundreds`, `meeting_program_id`, `swimmer_id`, `team_id`, `badge_id`, `user_id`, `created_at`, `updated_at`, `disqualification_code_type_id`, `goggle_cup_points`, `reaction_time`, `team_points`, `team_affiliation_id`)
  VALUES (251067, 4, 1, 0, 0, 644.7, 644.7, 1, 19, 65, 34370, 20102, 335, 29243, 1, '2015-09-26 07:12:51', '2015-09-26 07:12:51', NULL, 0.0, 0.0, 0.0, 1429);

INSERT INTO `meeting_individual_results` (`id`, `rank`, `is_play_off`, `is_out_of_race`, `is_disqualified`, `standard_points`, `meeting_individual_points`, `minutes`, `seconds`, `hundreds`, `meeting_program_id`, `swimmer_id`, `team_id`, `badge_id`, `user_id`, `created_at`, `updated_at`, `disqualification_code_type_id`, `goggle_cup_points`, `reaction_time`, `team_points`, `team_affiliation_id`)
  VALUES (251068, 5, 1, 0, 0, 643.48, 643.48, 1, 19, 80, 34370, 16786, 322, 29075, 1, '2015-09-26 07:12:51', '2015-09-26 07:12:51', NULL, 0.0, 0.0, 0.0, 1431);

INSERT INTO `meeting_individual_results` (`id`, `rank`, `is_play_off`, `is_out_of_race`, `is_disqualified`, `standard_points`, `meeting_individual_points`, `minutes`, `seconds`, `hundreds`, `meeting_program_id`, `swimmer_id`, `team_id`, `badge_id`, `user_id`, `created_at`, `updated_at`, `disqualification_code_type_id`, `goggle_cup_points`, `reaction_time`, `team_points`, `team_affiliation_id`)
  VALUES (251069, 1, 1, 0, 0, 928.15, 928.15, 0, 55, 53, 34371, 20047, 322, 29079, 1, '2015-09-26 07:12:51', '2015-09-26 07:12:51', NULL, 0.0, 0.0, 0.0, 1431);

INSERT INTO `meeting_individual_results` (`id`, `rank`, `is_play_off`, `is_out_of_race`, `is_disqualified`, `standard_points`, `meeting_individual_points`, `minutes`, `seconds`, `hundreds`, `meeting_program_id`, `swimmer_id`, `team_id`, `badge_id`, `user_id`, `created_at`, `updated_at`, `disqualification_code_type_id`, `goggle_cup_points`, `reaction_time`, `team_points`, `team_affiliation_id`)
  VALUES (251070, 2, 1, 0, 0, 802.8, 802.8, 1, 4, 20, 34371, 12787, 322, 31753, 1, '2015-09-26 07:12:51', '2015-09-26 07:12:51', NULL, 0.0, 0.0, 0.0, 1431);

INSERT INTO `meeting_individual_results` (`id`, `rank`, `is_play_off`, `is_out_of_race`, `is_disqualified`, `standard_points`, `meeting_individual_points`, `minutes`, `seconds`, `hundreds`, `meeting_program_id`, `swimmer_id`, `team_id`, `badge_id`, `user_id`, `created_at`, `updated_at`, `disqualification_code_type_id`, `goggle_cup_points`, `reaction_time`, `team_points`, `team_affiliation_id`)
  VALUES (251071, 3, 1, 0, 0, 799.81, 799.81, 1, 4, 44, 34371, 16496, 690, 29082, 1, '2015-09-26 07:12:51', '2015-09-26 07:12:51', NULL, 0.0, 0.0, 0.0, 1418);

INSERT INTO `meeting_individual_results` (`id`, `rank`, `is_play_off`, `is_out_of_race`, `is_disqualified`, `standard_points`, `meeting_individual_points`, `minutes`, `seconds`, `hundreds`, `meeting_program_id`, `swimmer_id`, `team_id`, `badge_id`, `user_id`, `created_at`, `updated_at`, `disqualification_code_type_id`, `goggle_cup_points`, `reaction_time`, `team_points`, `team_affiliation_id`)
  VALUES (251072, 4, 1, 0, 0, 778.9, 778.9, 1, 6, 17, 34371, 13871, 322, 29083, 1, '2015-09-26 07:12:51', '2015-09-26 07:12:51', NULL, 0.0, 0.0, 0.0, 1431);

INSERT INTO `meeting_individual_results` (`id`, `rank`, `is_play_off`, `is_out_of_race`, `is_disqualified`, `standard_points`, `meeting_individual_points`, `minutes`, `seconds`, `hundreds`, `meeting_program_id`, `swimmer_id`, `team_id`, `badge_id`, `user_id`, `created_at`, `updated_at`, `disqualification_code_type_id`, `goggle_cup_points`, `reaction_time`, `team_points`, `team_affiliation_id`)
  VALUES (251073, 5, 1, 0, 0, 770.63, 770.63, 1, 6, 88, 34371, 13891, 800, 29086, 1, '2015-09-26 07:12:51', '2015-09-26 07:12:51', NULL, 0.0, 0.0, 0.0, 1434);

INSERT INTO `meeting_individual_results` (`id`, `rank`, `is_play_off`, `is_out_of_race`, `is_disqualified`, `standard_points`, `meeting_individual_points`, `minutes`, `seconds`, `hundreds`, `meeting_program_id`, `swimmer_id`, `team_id`, `badge_id`, `user_id`, `created_at`, `updated_at`, `disqualification_code_type_id`, `goggle_cup_points`, `reaction_time`, `team_points`, `team_affiliation_id`)
  VALUES (251074, 6, 1, 0, 0, 748.91, 748.91, 1, 8, 82, 34371, 20829, 600, 31754, 1, '2015-09-26 07:12:51', '2015-09-26 07:12:51', NULL, 0.0, 0.0, 0.0, 1425);

INSERT INTO `meeting_individual_results` (`id`, `rank`, `is_play_off`, `is_out_of_race`, `is_disqualified`, `standard_points`, `meeting_individual_points`, `minutes`, `seconds`, `hundreds`, `meeting_program_id`, `swimmer_id`, `team_id`, `badge_id`, `user_id`, `created_at`, `updated_at`, `disqualification_code_type_id`, `goggle_cup_points`, `reaction_time`, `team_points`, `team_affiliation_id`)
  VALUES (251075, 7, 1, 0, 0, 719.33, 719.33, 1, 11, 65, 34371, 13853, 607, 28942, 1, '2015-09-26 07:12:52', '2015-09-26 07:12:52', NULL, 0.0, 0.0, 0.0, 1428);

INSERT INTO `meeting_individual_results` (`id`, `rank`, `is_play_off`, `is_out_of_race`, `is_disqualified`, `standard_points`, `meeting_individual_points`, `minutes`, `seconds`, `hundreds`, `meeting_program_id`, `swimmer_id`, `team_id`, `badge_id`, `user_id`, `created_at`, `updated_at`, `disqualification_code_type_id`, `goggle_cup_points`, `reaction_time`, `team_points`, `team_affiliation_id`)
  VALUES (251076, 8, 1, 0, 0, 689.22, 689.22, 1, 14, 78, 34371, 20144, 800, 29091, 1, '2015-09-26 07:12:52', '2015-09-26 07:12:52', NULL, 0.0, 0.0, 0.0, 1434);

INSERT INTO `meeting_individual_results` (`id`, `rank`, `is_play_off`, `is_out_of_race`, `is_disqualified`, `standard_points`, `meeting_individual_points`, `minutes`, `seconds`, `hundreds`, `meeting_program_id`, `swimmer_id`, `team_id`, `badge_id`, `user_id`, `created_at`, `updated_at`, `disqualification_code_type_id`, `goggle_cup_points`, `reaction_time`, `team_points`, `team_affiliation_id`)
  VALUES (251077, 9, 1, 0, 0, 682.11, 682.11, 1, 15, 56, 34371, 12849, 603, 29246, 1, '2015-09-26 07:12:52', '2015-09-26 07:12:52', NULL, 0.0, 0.0, 0.0, 1414);

INSERT INTO `meeting_individual_results` (`id`, `rank`, `is_play_off`, `is_out_of_race`, `is_disqualified`, `standard_points`, `meeting_individual_points`, `minutes`, `seconds`, `hundreds`, `meeting_program_id`, `swimmer_id`, `team_id`, `badge_id`, `user_id`, `created_at`, `updated_at`, `disqualification_code_type_id`, `goggle_cup_points`, `reaction_time`, `team_points`, `team_affiliation_id`)
  VALUES (251078, 10, 1, 0, 0, 591.12, 591.12, 1, 27, 19, 34371, 20063, 600, 29094, 1, '2015-09-26 07:12:52', '2015-09-26 07:12:52', NULL, 0.0, 0.0, 0.0, 1425);

INSERT INTO `meeting_individual_results` (`id`, `rank`, `is_play_off`, `is_out_of_race`, `is_disqualified`, `standard_points`, `meeting_individual_points`, `minutes`, `seconds`, `hundreds`, `meeting_program_id`, `swimmer_id`, `team_id`, `badge_id`, `user_id`, `created_at`, `updated_at`, `disqualification_code_type_id`, `goggle_cup_points`, `reaction_time`, `team_points`, `team_affiliation_id`)
  VALUES (251079, 11, 1, 0, 0, 577.87, 577.87, 1, 29, 19, 34371, 20068, 608, 29093, 1, '2015-09-26 07:12:52', '2015-09-26 07:12:52', NULL, 0.0, 0.0, 0.0, 1430);

INSERT INTO `meeting_individual_results` (`id`, `rank`, `is_play_off`, `is_out_of_race`, `is_disqualified`, `standard_points`, `meeting_individual_points`, `minutes`, `seconds`, `hundreds`, `meeting_program_id`, `swimmer_id`, `team_id`, `badge_id`, `user_id`, `created_at`, `updated_at`, `disqualification_code_type_id`, `goggle_cup_points`, `reaction_time`, `team_points`, `team_affiliation_id`)
  VALUES (251080, 1, 1, 0, 0, 688.79, 688.79, 1, 15, 93, 34372, 20036, 505, 29100, 1, '2015-09-26 07:12:52', '2015-09-26 07:12:52', NULL, 0.0, 0.0, 0.0, 1415);

INSERT INTO `meeting_individual_results` (`id`, `rank`, `is_play_off`, `is_out_of_race`, `is_disqualified`, `standard_points`, `meeting_individual_points`, `minutes`, `seconds`, `hundreds`, `meeting_program_id`, `swimmer_id`, `team_id`, `badge_id`, `user_id`, `created_at`, `updated_at`, `disqualification_code_type_id`, `goggle_cup_points`, `reaction_time`, `team_points`, `team_affiliation_id`)
  VALUES (251081, 2, 1, 0, 0, 633.17, 633.17, 1, 22, 60, 34372, 16780, 603, 29007, 1, '2015-09-26 07:12:52', '2015-09-26 07:12:52', NULL, 0.0, 0.0, 0.0, 1414);

INSERT INTO `meeting_individual_results` (`id`, `rank`, `is_play_off`, `is_out_of_race`, `is_disqualified`, `standard_points`, `meeting_individual_points`, `minutes`, `seconds`, `hundreds`, `meeting_program_id`, `swimmer_id`, `team_id`, `badge_id`, `user_id`, `created_at`, `updated_at`, `disqualification_code_type_id`, `goggle_cup_points`, `reaction_time`, `team_points`, `team_affiliation_id`)
  VALUES (251082, 3, 1, 0, 0, 620.04, 620.04, 1, 24, 35, 34372, 10263, 508, 29103, 1, '2015-09-26 07:12:52', '2015-09-26 07:12:52', NULL, 0.0, 0.0, 0.0, 1416);

INSERT INTO `meeting_individual_results` (`id`, `rank`, `is_play_off`, `is_out_of_race`, `is_disqualified`, `standard_points`, `meeting_individual_points`, `minutes`, `seconds`, `hundreds`, `meeting_program_id`, `swimmer_id`, `team_id`, `badge_id`, `user_id`, `created_at`, `updated_at`, `disqualification_code_type_id`, `goggle_cup_points`, `reaction_time`, `team_points`, `team_affiliation_id`)
  VALUES (251083, 1, 1, 0, 0, 748.94, 748.94, 1, 10, 86, 34373, 20823, 371, 31755, 1, '2015-09-26 07:12:52', '2015-09-26 07:12:52', NULL, 0.0, 0.0, 0.0, 1427);

INSERT INTO `meeting_individual_results` (`id`, `rank`, `is_play_off`, `is_out_of_race`, `is_disqualified`, `standard_points`, `meeting_individual_points`, `minutes`, `seconds`, `hundreds`, `meeting_program_id`, `swimmer_id`, `team_id`, `badge_id`, `user_id`, `created_at`, `updated_at`, `disqualification_code_type_id`, `goggle_cup_points`, `reaction_time`, `team_points`, `team_affiliation_id`)
  VALUES (251084, 2, 1, 0, 0, 736.06, 736.06, 1, 12, 10, 34373, 20153, 600, 29111, 1, '2015-09-26 07:12:52', '2015-09-26 07:12:52', NULL, 0.0, 0.0, 0.0, 1425);

INSERT INTO `meeting_individual_results` (`id`, `rank`, `is_play_off`, `is_out_of_race`, `is_disqualified`, `standard_points`, `meeting_individual_points`, `minutes`, `seconds`, `hundreds`, `meeting_program_id`, `swimmer_id`, `team_id`, `badge_id`, `user_id`, `created_at`, `updated_at`, `disqualification_code_type_id`, `goggle_cup_points`, `reaction_time`, `team_points`, `team_affiliation_id`)
  VALUES (251085, 3, 1, 0, 0, 725.59, 725.59, 1, 13, 14, 34373, 10123, 335, 29113, 1, '2015-09-26 07:12:52', '2015-09-26 07:12:52', NULL, 0.0, 0.0, 0.0, 1429);

INSERT INTO `meeting_individual_results` (`id`, `rank`, `is_play_off`, `is_out_of_race`, `is_disqualified`, `standard_points`, `meeting_individual_points`, `minutes`, `seconds`, `hundreds`, `meeting_program_id`, `swimmer_id`, `team_id`, `badge_id`, `user_id`, `created_at`, `updated_at`, `disqualification_code_type_id`, `goggle_cup_points`, `reaction_time`, `team_points`, `team_affiliation_id`)
  VALUES (251086, 4, 1, 0, 0, 714.27, 714.27, 1, 14, 30, 34373, 16778, 800, 28952, 1, '2015-09-26 07:12:53', '2015-09-26 07:12:53', NULL, 0.0, 0.0, 0.0, 1434);

INSERT INTO `meeting_individual_results` (`id`, `rank`, `is_play_off`, `is_out_of_race`, `is_disqualified`, `standard_points`, `meeting_individual_points`, `minutes`, `seconds`, `hundreds`, `meeting_program_id`, `swimmer_id`, `team_id`, `badge_id`, `user_id`, `created_at`, `updated_at`, `disqualification_code_type_id`, `goggle_cup_points`, `reaction_time`, `team_points`, `team_affiliation_id`)
  VALUES (251087, 5, 1, 0, 0, 712.06, 712.06, 1, 14, 53, 34373, 16472, 600, 31747, 1, '2015-09-26 07:12:53', '2015-09-26 07:12:53', NULL, 0.0, 0.0, 0.0, 1425);

INSERT INTO `meeting_individual_results` (`id`, `rank`, `is_play_off`, `is_out_of_race`, `is_disqualified`, `standard_points`, `meeting_individual_points`, `minutes`, `seconds`, `hundreds`, `meeting_program_id`, `swimmer_id`, `team_id`, `badge_id`, `user_id`, `created_at`, `updated_at`, `disqualification_code_type_id`, `goggle_cup_points`, `reaction_time`, `team_points`, `team_affiliation_id`)
  VALUES (251088, 6, 1, 0, 0, 709.49, 709.49, 1, 14, 80, 34373, 20830, 801, 31756, 1, '2015-09-26 07:12:53', '2015-09-26 07:12:53', NULL, 0.0, 0.0, 0.0, 1435);

INSERT INTO `meeting_individual_results` (`id`, `rank`, `is_play_off`, `is_out_of_race`, `is_disqualified`, `standard_points`, `meeting_individual_points`, `minutes`, `seconds`, `hundreds`, `meeting_program_id`, `swimmer_id`, `team_id`, `badge_id`, `user_id`, `created_at`, `updated_at`, `disqualification_code_type_id`, `goggle_cup_points`, `reaction_time`, `team_points`, `team_affiliation_id`)
  VALUES (251089, 1, 1, 0, 0, 840.17, 840.17, 1, 4, 82, 34374, 12813, 606, 29261, 1, '2015-09-26 07:12:53', '2015-09-26 07:12:53', NULL, 0.0, 0.0, 0.0, 1420);

INSERT INTO `meeting_individual_results` (`id`, `rank`, `is_play_off`, `is_out_of_race`, `is_disqualified`, `standard_points`, `meeting_individual_points`, `minutes`, `seconds`, `hundreds`, `meeting_program_id`, `swimmer_id`, `team_id`, `badge_id`, `user_id`, `created_at`, `updated_at`, `disqualification_code_type_id`, `goggle_cup_points`, `reaction_time`, `team_points`, `team_affiliation_id`)
  VALUES (251090, 2, 1, 0, 0, 740.15, 740.15, 1, 13, 58, 34374, 12952, 801, 29216, 1, '2015-09-26 07:12:53', '2015-09-26 07:12:53', NULL, 0.0, 0.0, 0.0, 1435);

INSERT INTO `meeting_individual_results` (`id`, `rank`, `is_play_off`, `is_out_of_race`, `is_disqualified`, `standard_points`, `meeting_individual_points`, `minutes`, `seconds`, `hundreds`, `meeting_program_id`, `swimmer_id`, `team_id`, `badge_id`, `user_id`, `created_at`, `updated_at`, `disqualification_code_type_id`, `goggle_cup_points`, `reaction_time`, `team_points`, `team_affiliation_id`)
  VALUES (251091, 3, 1, 0, 0, 738.94, 738.94, 1, 13, 70, 34374, 12797, 608, 29120, 1, '2015-09-26 07:12:53', '2015-09-26 07:12:53', NULL, 0.0, 0.0, 0.0, 1430);

INSERT INTO `meeting_individual_results` (`id`, `rank`, `is_play_off`, `is_out_of_race`, `is_disqualified`, `standard_points`, `meeting_individual_points`, `minutes`, `seconds`, `hundreds`, `meeting_program_id`, `swimmer_id`, `team_id`, `badge_id`, `user_id`, `created_at`, `updated_at`, `disqualification_code_type_id`, `goggle_cup_points`, `reaction_time`, `team_points`, `team_affiliation_id`)
  VALUES (251092, 4, 1, 0, 0, 678.04, 678.04, 1, 20, 32, 34374, 16555, 800, 29124, 1, '2015-09-26 07:12:53', '2015-09-26 07:12:53', NULL, 0.0, 0.0, 0.0, 1434);

INSERT INTO `meeting_individual_results` (`id`, `rank`, `is_play_off`, `is_out_of_race`, `is_disqualified`, `standard_points`, `meeting_individual_points`, `minutes`, `seconds`, `hundreds`, `meeting_program_id`, `swimmer_id`, `team_id`, `badge_id`, `user_id`, `created_at`, `updated_at`, `disqualification_code_type_id`, `goggle_cup_points`, `reaction_time`, `team_points`, `team_affiliation_id`)
  VALUES (251093, 5, 1, 0, 0, 671.27, 671.27, 1, 21, 13, 34374, 10390, 335, 29023, 1, '2015-09-26 07:12:53', '2015-09-26 07:12:53', NULL, 0.0, 0.0, 0.0, 1429);

INSERT INTO `meeting_individual_results` (`id`, `rank`, `is_play_off`, `is_out_of_race`, `is_disqualified`, `standard_points`, `meeting_individual_points`, `minutes`, `seconds`, `hundreds`, `meeting_program_id`, `swimmer_id`, `team_id`, `badge_id`, `user_id`, `created_at`, `updated_at`, `disqualification_code_type_id`, `goggle_cup_points`, `reaction_time`, `team_points`, `team_affiliation_id`)
  VALUES (251094, 1, 1, 0, 0, 948.12, 948.12, 0, 58, 40, 34375, 12823, 507, 29707, 1, '2015-09-26 07:12:53', '2015-09-26 07:12:53', NULL, 0.0, 0.0, 0.0, 1241);

INSERT INTO `meeting_individual_results` (`id`, `rank`, `is_play_off`, `is_out_of_race`, `is_disqualified`, `standard_points`, `meeting_individual_points`, `minutes`, `seconds`, `hundreds`, `meeting_program_id`, `swimmer_id`, `team_id`, `badge_id`, `user_id`, `created_at`, `updated_at`, `disqualification_code_type_id`, `goggle_cup_points`, `reaction_time`, `team_points`, `team_affiliation_id`)
  VALUES (251095, 2, 1, 0, 0, 791.68, 791.68, 1, 9, 94, 34375, 9965, 371, 29130, 1, '2015-09-26 07:12:53', '2015-09-26 07:12:53', NULL, 0.0, 0.0, 0.0, 1427);

INSERT INTO `meeting_individual_results` (`id`, `rank`, `is_play_off`, `is_out_of_race`, `is_disqualified`, `standard_points`, `meeting_individual_points`, `minutes`, `seconds`, `hundreds`, `meeting_program_id`, `swimmer_id`, `team_id`, `badge_id`, `user_id`, `created_at`, `updated_at`, `disqualification_code_type_id`, `goggle_cup_points`, `reaction_time`, `team_points`, `team_affiliation_id`)
  VALUES (251096, 3, 1, 0, 0, 761.62, 761.62, 1, 12, 70, 34375, 13872, 322, 29131, 1, '2015-09-26 07:12:54', '2015-09-26 07:12:54', NULL, 0.0, 0.0, 0.0, 1431);

INSERT INTO `meeting_individual_results` (`id`, `rank`, `is_play_off`, `is_out_of_race`, `is_disqualified`, `standard_points`, `meeting_individual_points`, `minutes`, `seconds`, `hundreds`, `meeting_program_id`, `swimmer_id`, `team_id`, `badge_id`, `user_id`, `created_at`, `updated_at`, `disqualification_code_type_id`, `goggle_cup_points`, `reaction_time`, `team_points`, `team_affiliation_id`)
  VALUES (251097, 4, 1, 0, 0, 725.97, 725.97, 1, 16, 27, 34375, 20820, 818, 31757, 1, '2015-09-26 07:12:54', '2015-09-26 07:12:54', NULL, 0.0, 0.0, 0.0, 1526);

INSERT INTO `meeting_individual_results` (`id`, `rank`, `is_play_off`, `is_out_of_race`, `is_disqualified`, `standard_points`, `meeting_individual_points`, `minutes`, `seconds`, `hundreds`, `meeting_program_id`, `swimmer_id`, `team_id`, `badge_id`, `user_id`, `created_at`, `updated_at`, `disqualification_code_type_id`, `goggle_cup_points`, `reaction_time`, `team_points`, `team_affiliation_id`)
  VALUES (251098, 5, 1, 0, 0, 619.42, 619.42, 1, 29, 39, 34375, 12836, 800, 29028, 1, '2015-09-26 07:12:54', '2015-09-26 07:12:54', NULL, 0.0, 0.0, 0.0, 1434);

INSERT INTO `meeting_individual_results` (`id`, `rank`, `is_play_off`, `is_out_of_race`, `is_disqualified`, `standard_points`, `meeting_individual_points`, `minutes`, `seconds`, `hundreds`, `meeting_program_id`, `swimmer_id`, `team_id`, `badge_id`, `user_id`, `created_at`, `updated_at`, `disqualification_code_type_id`, `goggle_cup_points`, `reaction_time`, `team_points`, `team_affiliation_id`)
  VALUES (251099, 1, 1, 0, 0, 831.22, 831.22, 1, 9, 56, 34376, 12794, 371, 31758, 1, '2015-09-26 07:12:54', '2015-09-26 07:12:54', NULL, 0.0, 0.0, 0.0, 1427);

INSERT INTO `meeting_individual_results` (`id`, `rank`, `is_play_off`, `is_out_of_race`, `is_disqualified`, `standard_points`, `meeting_individual_points`, `minutes`, `seconds`, `hundreds`, `meeting_program_id`, `swimmer_id`, `team_id`, `badge_id`, `user_id`, `created_at`, `updated_at`, `disqualification_code_type_id`, `goggle_cup_points`, `reaction_time`, `team_points`, `team_affiliation_id`)
  VALUES (251100, 1, 1, 0, 0, 0.0, 0.0, 1, 4, 61, 34377, 13854, 322, 29142, 1, '2015-09-26 07:12:54', '2015-09-26 07:12:54', NULL, 0.0, 0.0, 0.0, 1431);

INSERT INTO `meeting_individual_results` (`id`, `rank`, `is_play_off`, `is_out_of_race`, `is_disqualified`, `standard_points`, `meeting_individual_points`, `minutes`, `seconds`, `hundreds`, `meeting_program_id`, `swimmer_id`, `team_id`, `badge_id`, `user_id`, `created_at`, `updated_at`, `disqualification_code_type_id`, `goggle_cup_points`, `reaction_time`, `team_points`, `team_affiliation_id`)
  VALUES (251101, 2, 1, 0, 0, 0.0, 0.0, 1, 6, 8, 34377, 20142, 335, 29143, 1, '2015-09-26 07:12:54', '2015-09-26 07:12:54', NULL, 0.0, 0.0, 0.0, 1429);

INSERT INTO `meeting_individual_results` (`id`, `rank`, `is_play_off`, `is_out_of_race`, `is_disqualified`, `standard_points`, `meeting_individual_points`, `minutes`, `seconds`, `hundreds`, `meeting_program_id`, `swimmer_id`, `team_id`, `badge_id`, `user_id`, `created_at`, `updated_at`, `disqualification_code_type_id`, `goggle_cup_points`, `reaction_time`, `team_points`, `team_affiliation_id`)
  VALUES (251102, 3, 1, 0, 0, 0.0, 0.0, 1, 8, 87, 34377, 20821, 801, 31759, 1, '2015-09-26 07:12:54', '2015-09-26 07:12:54', NULL, 0.0, 0.0, 0.0, 1435);

INSERT INTO `meeting_individual_results` (`id`, `rank`, `is_play_off`, `is_out_of_race`, `is_disqualified`, `standard_points`, `meeting_individual_points`, `minutes`, `seconds`, `hundreds`, `meeting_program_id`, `swimmer_id`, `team_id`, `badge_id`, `user_id`, `created_at`, `updated_at`, `disqualification_code_type_id`, `goggle_cup_points`, `reaction_time`, `team_points`, `team_affiliation_id`)
  VALUES (251103, 4, 1, 0, 0, 0.0, 0.0, 1, 9, 18, 34377, 20105, 371, 29144, 1, '2015-09-26 07:12:54', '2015-09-26 07:12:54', NULL, 0.0, 0.0, 0.0, 1427);

INSERT INTO `meeting_individual_results` (`id`, `rank`, `is_play_off`, `is_out_of_race`, `is_disqualified`, `standard_points`, `meeting_individual_points`, `minutes`, `seconds`, `hundreds`, `meeting_program_id`, `swimmer_id`, `team_id`, `badge_id`, `user_id`, `created_at`, `updated_at`, `disqualification_code_type_id`, `goggle_cup_points`, `reaction_time`, `team_points`, `team_affiliation_id`)
  VALUES (251104, 5, 1, 0, 0, 0.0, 0.0, 1, 9, 20, 34377, 18002, 601, 31760, 1, '2015-09-26 07:12:54', '2015-09-26 07:12:54', NULL, 0.0, 0.0, 0.0, 1413);

INSERT INTO `meeting_individual_results` (`id`, `rank`, `is_play_off`, `is_out_of_race`, `is_disqualified`, `standard_points`, `meeting_individual_points`, `minutes`, `seconds`, `hundreds`, `meeting_program_id`, `swimmer_id`, `team_id`, `badge_id`, `user_id`, `created_at`, `updated_at`, `disqualification_code_type_id`, `goggle_cup_points`, `reaction_time`, `team_points`, `team_affiliation_id`)
  VALUES (251105, 6, 1, 0, 0, 0.0, 0.0, 1, 12, 17, 34377, 20146, 322, 29147, 1, '2015-09-26 07:12:54', '2015-09-26 07:12:54', NULL, 0.0, 0.0, 0.0, 1431);

INSERT INTO `meeting_individual_results` (`id`, `rank`, `is_play_off`, `is_out_of_race`, `is_disqualified`, `standard_points`, `meeting_individual_points`, `minutes`, `seconds`, `hundreds`, `meeting_program_id`, `swimmer_id`, `team_id`, `badge_id`, `user_id`, `created_at`, `updated_at`, `disqualification_code_type_id`, `goggle_cup_points`, `reaction_time`, `team_points`, `team_affiliation_id`)
  VALUES (251106, 7, 1, 0, 0, 0.0, 0.0, 1, 13, 73, 34377, 13864, 715, 29312, 1, '2015-09-26 07:12:55', '2015-09-26 07:12:55', NULL, 0.0, 0.0, 0.0, 1422);

INSERT INTO `meeting_individual_results` (`id`, `rank`, `is_play_off`, `is_out_of_race`, `is_disqualified`, `standard_points`, `meeting_individual_points`, `minutes`, `seconds`, `hundreds`, `meeting_program_id`, `swimmer_id`, `team_id`, `badge_id`, `user_id`, `created_at`, `updated_at`, `disqualification_code_type_id`, `goggle_cup_points`, `reaction_time`, `team_points`, `team_affiliation_id`)
  VALUES (251107, 1, 1, 0, 0, 917.2, 917.2, 19, 2, 60, 34378, 12893, 817, 29034, 1, '2015-09-26 07:12:55', '2015-09-26 07:12:55', NULL, 0.0, 0.0, 0.0, 1525);

INSERT INTO `meeting_individual_results` (`id`, `rank`, `is_play_off`, `is_out_of_race`, `is_disqualified`, `standard_points`, `meeting_individual_points`, `minutes`, `seconds`, `hundreds`, `meeting_program_id`, `swimmer_id`, `team_id`, `badge_id`, `user_id`, `created_at`, `updated_at`, `disqualification_code_type_id`, `goggle_cup_points`, `reaction_time`, `team_points`, `team_affiliation_id`)
  VALUES (251108, 2, 1, 0, 0, 691.61, 691.61, 25, 15, 30, 34378, 20027, 801, 29036, 1, '2015-09-26 07:12:55', '2015-09-26 07:12:55', NULL, 0.0, 0.0, 0.0, 1435);

INSERT INTO `meeting_individual_results` (`id`, `rank`, `is_play_off`, `is_out_of_race`, `is_disqualified`, `standard_points`, `meeting_individual_points`, `minutes`, `seconds`, `hundreds`, `meeting_program_id`, `swimmer_id`, `team_id`, `badge_id`, `user_id`, `created_at`, `updated_at`, `disqualification_code_type_id`, `goggle_cup_points`, `reaction_time`, `team_points`, `team_affiliation_id`)
  VALUES (251109, 1, 1, 0, 0, 864.78, 864.78, 20, 35, 47, 34379, 13031, 322, 29229, 1, '2015-09-26 07:12:55', '2015-09-26 07:12:55', NULL, 0.0, 0.0, 0.0, 1431);

INSERT INTO `meeting_individual_results` (`id`, `rank`, `is_play_off`, `is_out_of_race`, `is_disqualified`, `standard_points`, `meeting_individual_points`, `minutes`, `seconds`, `hundreds`, `meeting_program_id`, `swimmer_id`, `team_id`, `badge_id`, `user_id`, `created_at`, `updated_at`, `disqualification_code_type_id`, `goggle_cup_points`, `reaction_time`, `team_points`, `team_affiliation_id`)
  VALUES (251110, 2, 1, 0, 0, 702.64, 702.64, 25, 20, 57, 34379, 20062, 600, 29044, 1, '2015-09-26 07:12:55', '2015-09-26 07:12:55', NULL, 0.0, 0.0, 0.0, 1425);

INSERT INTO `meeting_individual_results` (`id`, `rank`, `is_play_off`, `is_out_of_race`, `is_disqualified`, `standard_points`, `meeting_individual_points`, `minutes`, `seconds`, `hundreds`, `meeting_program_id`, `swimmer_id`, `team_id`, `badge_id`, `user_id`, `created_at`, `updated_at`, `disqualification_code_type_id`, `goggle_cup_points`, `reaction_time`, `team_points`, `team_affiliation_id`)
  VALUES (251111, 3, 1, 0, 0, 700.95, 700.95, 25, 24, 24, 34379, 10271, 335, 29043, 1, '2015-09-26 07:12:55', '2015-09-26 07:12:55', NULL, 0.0, 0.0, 0.0, 1429);

INSERT INTO `meeting_individual_results` (`id`, `rank`, `is_play_off`, `is_out_of_race`, `is_disqualified`, `standard_points`, `meeting_individual_points`, `minutes`, `seconds`, `hundreds`, `meeting_program_id`, `swimmer_id`, `team_id`, `badge_id`, `user_id`, `created_at`, `updated_at`, `disqualification_code_type_id`, `goggle_cup_points`, `reaction_time`, `team_points`, `team_affiliation_id`)
  VALUES (251112, 1, 1, 0, 0, 660.54, 660.54, 27, 18, 59, 34380, 16444, 690, 29048, 1, '2015-09-26 07:12:55', '2015-09-26 07:12:55', NULL, 0.0, 0.0, 0.0, 1418);

INSERT INTO `meeting_individual_results` (`id`, `rank`, `is_play_off`, `is_out_of_race`, `is_disqualified`, `standard_points`, `meeting_individual_points`, `minutes`, `seconds`, `hundreds`, `meeting_program_id`, `swimmer_id`, `team_id`, `badge_id`, `user_id`, `created_at`, `updated_at`, `disqualification_code_type_id`, `goggle_cup_points`, `reaction_time`, `team_points`, `team_affiliation_id`)
  VALUES (251113, 1, 1, 0, 0, 915.96, 915.96, 20, 6, 28, 34381, 9991, 508, 28982, 1, '2015-09-26 07:12:55', '2015-09-26 07:12:55', NULL, 0.0, 0.0, 0.0, 1416);

INSERT INTO `meeting_individual_results` (`id`, `rank`, `is_play_off`, `is_out_of_race`, `is_disqualified`, `standard_points`, `meeting_individual_points`, `minutes`, `seconds`, `hundreds`, `meeting_program_id`, `swimmer_id`, `team_id`, `badge_id`, `user_id`, `created_at`, `updated_at`, `disqualification_code_type_id`, `goggle_cup_points`, `reaction_time`, `team_points`, `team_affiliation_id`)
  VALUES (251114, 1, 1, 0, 0, 752.18, 752.18, 22, 1, 79, 34382, 20147, 322, 29238, 1, '2015-09-26 07:12:55', '2015-09-26 07:12:55', NULL, 0.0, 0.0, 0.0, 1431);

INSERT INTO `meeting_individual_results` (`id`, `rank`, `is_play_off`, `is_out_of_race`, `is_disqualified`, `standard_points`, `meeting_individual_points`, `minutes`, `seconds`, `hundreds`, `meeting_program_id`, `swimmer_id`, `team_id`, `badge_id`, `user_id`, `created_at`, `updated_at`, `disqualification_code_type_id`, `goggle_cup_points`, `reaction_time`, `team_points`, `team_affiliation_id`)
  VALUES (251115, 2, 1, 0, 0, 694.02, 694.02, 23, 52, 56, 34382, 12776, 604, 28939, 1, '2015-09-26 07:12:55', '2015-09-26 07:12:55', NULL, 0.0, 0.0, 0.0, 1417);

INSERT INTO `meeting_individual_results` (`id`, `rank`, `is_play_off`, `is_out_of_race`, `is_disqualified`, `standard_points`, `meeting_individual_points`, `minutes`, `seconds`, `hundreds`, `meeting_program_id`, `swimmer_id`, `team_id`, `badge_id`, `user_id`, `created_at`, `updated_at`, `disqualification_code_type_id`, `goggle_cup_points`, `reaction_time`, `team_points`, `team_affiliation_id`)
  VALUES (251116, 1, 1, 0, 0, 875.7, 875.7, 18, 57, 35, 34383, 20047, 322, 29079, 1, '2015-09-26 07:12:55', '2015-09-26 07:12:55', NULL, 0.0, 0.0, 0.0, 1431);

INSERT INTO `meeting_individual_results` (`id`, `rank`, `is_play_off`, `is_out_of_race`, `is_disqualified`, `standard_points`, `meeting_individual_points`, `minutes`, `seconds`, `hundreds`, `meeting_program_id`, `swimmer_id`, `team_id`, `badge_id`, `user_id`, `created_at`, `updated_at`, `disqualification_code_type_id`, `goggle_cup_points`, `reaction_time`, `team_points`, `team_affiliation_id`)
  VALUES (251117, 2, 1, 0, 0, 810.41, 810.41, 20, 28, 98, 34383, 13028, 800, 31761, 1, '2015-09-26 07:12:55', '2015-09-26 07:12:55', NULL, 0.0, 0.0, 0.0, 1434);

INSERT INTO `meeting_individual_results` (`id`, `rank`, `is_play_off`, `is_out_of_race`, `is_disqualified`, `standard_points`, `meeting_individual_points`, `minutes`, `seconds`, `hundreds`, `meeting_program_id`, `swimmer_id`, `team_id`, `badge_id`, `user_id`, `created_at`, `updated_at`, `disqualification_code_type_id`, `goggle_cup_points`, `reaction_time`, `team_points`, `team_affiliation_id`)
  VALUES (251118, 3, 1, 0, 0, 789.01, 789.01, 21, 2, 32, 34383, 12898, 322, 29081, 1, '2015-09-26 07:12:56', '2015-09-26 07:12:56', NULL, 0.0, 0.0, 0.0, 1431);

INSERT INTO `meeting_individual_results` (`id`, `rank`, `is_play_off`, `is_out_of_race`, `is_disqualified`, `standard_points`, `meeting_individual_points`, `minutes`, `seconds`, `hundreds`, `meeting_program_id`, `swimmer_id`, `team_id`, `badge_id`, `user_id`, `created_at`, `updated_at`, `disqualification_code_type_id`, `goggle_cup_points`, `reaction_time`, `team_points`, `team_affiliation_id`)
  VALUES (251119, 4, 1, 0, 0, 766.72, 766.72, 21, 39, 2, 34383, 13871, 322, 29083, 1, '2015-09-26 07:12:56', '2015-09-26 07:12:56', NULL, 0.0, 0.0, 0.0, 1431);

INSERT INTO `meeting_individual_results` (`id`, `rank`, `is_play_off`, `is_out_of_race`, `is_disqualified`, `standard_points`, `meeting_individual_points`, `minutes`, `seconds`, `hundreds`, `meeting_program_id`, `swimmer_id`, `team_id`, `badge_id`, `user_id`, `created_at`, `updated_at`, `disqualification_code_type_id`, `goggle_cup_points`, `reaction_time`, `team_points`, `team_affiliation_id`)
  VALUES (251120, 5, 1, 0, 0, 766.13, 766.13, 21, 40, 2, 34383, 16496, 690, 29082, 1, '2015-09-26 07:12:56', '2015-09-26 07:12:56', NULL, 0.0, 0.0, 0.0, 1418);

INSERT INTO `meeting_individual_results` (`id`, `rank`, `is_play_off`, `is_out_of_race`, `is_disqualified`, `standard_points`, `meeting_individual_points`, `minutes`, `seconds`, `hundreds`, `meeting_program_id`, `swimmer_id`, `team_id`, `badge_id`, `user_id`, `created_at`, `updated_at`, `disqualification_code_type_id`, `goggle_cup_points`, `reaction_time`, `team_points`, `team_affiliation_id`)
  VALUES (251121, 6, 1, 0, 0, 689.63, 689.63, 24, 4, 22, 34383, 12961, 508, 29211, 1, '2015-09-26 07:12:56', '2015-09-26 07:12:56', NULL, 0.0, 0.0, 0.0, 1416);

INSERT INTO `meeting_individual_results` (`id`, `rank`, `is_play_off`, `is_out_of_race`, `is_disqualified`, `standard_points`, `meeting_individual_points`, `minutes`, `seconds`, `hundreds`, `meeting_program_id`, `swimmer_id`, `team_id`, `badge_id`, `user_id`, `created_at`, `updated_at`, `disqualification_code_type_id`, `goggle_cup_points`, `reaction_time`, `team_points`, `team_affiliation_id`)
  VALUES (251122, 7, 1, 0, 0, 680.43, 680.43, 24, 23, 75, 34383, 13863, 600, 28941, 1, '2015-09-26 07:12:56', '2015-09-26 07:12:56', NULL, 0.0, 0.0, 0.0, 1425);

INSERT INTO `meeting_individual_results` (`id`, `rank`, `is_play_off`, `is_out_of_race`, `is_disqualified`, `standard_points`, `meeting_individual_points`, `minutes`, `seconds`, `hundreds`, `meeting_program_id`, `swimmer_id`, `team_id`, `badge_id`, `user_id`, `created_at`, `updated_at`, `disqualification_code_type_id`, `goggle_cup_points`, `reaction_time`, `team_points`, `team_affiliation_id`)
  VALUES (251123, 1, 1, 0, 0, 878.03, 878.03, 19, 4, 90, 34384, 9986, 371, 31762, 1, '2015-09-26 07:12:56', '2015-09-26 07:12:56', NULL, 0.0, 0.0, 0.0, 1427);

INSERT INTO `meeting_individual_results` (`id`, `rank`, `is_play_off`, `is_out_of_race`, `is_disqualified`, `standard_points`, `meeting_individual_points`, `minutes`, `seconds`, `hundreds`, `meeting_program_id`, `swimmer_id`, `team_id`, `badge_id`, `user_id`, `created_at`, `updated_at`, `disqualification_code_type_id`, `goggle_cup_points`, `reaction_time`, `team_points`, `team_affiliation_id`)
  VALUES (251124, 2, 1, 0, 0, 643.86, 643.86, 26, 1, 30, 34384, 10138, 335, 31763, 1, '2015-09-26 07:12:56', '2015-09-26 07:12:56', NULL, 0.0, 0.0, 0.0, 1429);

INSERT INTO `meeting_individual_results` (`id`, `rank`, `is_play_off`, `is_out_of_race`, `is_disqualified`, `standard_points`, `meeting_individual_points`, `minutes`, `seconds`, `hundreds`, `meeting_program_id`, `swimmer_id`, `team_id`, `badge_id`, `user_id`, `created_at`, `updated_at`, `disqualification_code_type_id`, `goggle_cup_points`, `reaction_time`, `team_points`, `team_affiliation_id`)
  VALUES (251125, 3, 1, 0, 0, 631.91, 631.91, 26, 30, 83, 34384, 12816, 514, 31764, 1, '2015-09-26 07:12:56', '2015-09-26 07:12:56', NULL, 0.0, 0.0, 0.0, 1426);

INSERT INTO `meeting_individual_results` (`id`, `rank`, `is_play_off`, `is_out_of_race`, `is_disqualified`, `standard_points`, `meeting_individual_points`, `minutes`, `seconds`, `hundreds`, `meeting_program_id`, `swimmer_id`, `team_id`, `badge_id`, `user_id`, `created_at`, `updated_at`, `disqualification_code_type_id`, `goggle_cup_points`, `reaction_time`, `team_points`, `team_affiliation_id`)
  VALUES (251126, 4, 1, 0, 0, 588.21, 588.21, 28, 29, 3, 34384, 10276, 514, 31746, 1, '2015-09-26 07:12:56', '2015-09-26 07:12:56', NULL, 0.0, 0.0, 0.0, 1426);

INSERT INTO `meeting_individual_results` (`id`, `rank`, `is_play_off`, `is_out_of_race`, `is_disqualified`, `standard_points`, `meeting_individual_points`, `minutes`, `seconds`, `hundreds`, `meeting_program_id`, `swimmer_id`, `team_id`, `badge_id`, `user_id`, `created_at`, `updated_at`, `disqualification_code_type_id`, `goggle_cup_points`, `reaction_time`, `team_points`, `team_affiliation_id`)
  VALUES (251127, 1, 1, 0, 0, 850.71, 850.71, 19, 53, 65, 34385, 12973, 800, 29172, 1, '2015-09-26 07:12:56', '2015-09-26 07:12:56', NULL, 0.0, 0.0, 0.0, 1434);

INSERT INTO `meeting_individual_results` (`id`, `rank`, `is_play_off`, `is_out_of_race`, `is_disqualified`, `standard_points`, `meeting_individual_points`, `minutes`, `seconds`, `hundreds`, `meeting_program_id`, `swimmer_id`, `team_id`, `badge_id`, `user_id`, `created_at`, `updated_at`, `disqualification_code_type_id`, `goggle_cup_points`, `reaction_time`, `team_points`, `team_affiliation_id`)
  VALUES (251128, 2, 1, 0, 0, 816.39, 816.39, 20, 43, 83, 34385, 10374, 508, 28950, 1, '2015-09-26 07:12:57', '2015-09-26 07:12:57', NULL, 0.0, 0.0, 0.0, 1416);

INSERT INTO `meeting_individual_results` (`id`, `rank`, `is_play_off`, `is_out_of_race`, `is_disqualified`, `standard_points`, `meeting_individual_points`, `minutes`, `seconds`, `hundreds`, `meeting_program_id`, `swimmer_id`, `team_id`, `badge_id`, `user_id`, `created_at`, `updated_at`, `disqualification_code_type_id`, `goggle_cup_points`, `reaction_time`, `team_points`, `team_affiliation_id`)
  VALUES (251129, 3, 1, 0, 0, 778.06, 778.06, 21, 45, 10, 34385, 20823, 371, 31755, 1, '2015-09-26 07:12:57', '2015-09-26 07:12:57', NULL, 0.0, 0.0, 0.0, 1427);

INSERT INTO `meeting_individual_results` (`id`, `rank`, `is_play_off`, `is_out_of_race`, `is_disqualified`, `standard_points`, `meeting_individual_points`, `minutes`, `seconds`, `hundreds`, `meeting_program_id`, `swimmer_id`, `team_id`, `badge_id`, `user_id`, `created_at`, `updated_at`, `disqualification_code_type_id`, `goggle_cup_points`, `reaction_time`, `team_points`, `team_affiliation_id`)
  VALUES (251130, 4, 1, 0, 0, 745.95, 745.95, 22, 41, 29, 34385, 16778, 800, 28952, 1, '2015-09-26 07:12:57', '2015-09-26 07:12:57', NULL, 0.0, 0.0, 0.0, 1434);

INSERT INTO `meeting_individual_results` (`id`, `rank`, `is_play_off`, `is_out_of_race`, `is_disqualified`, `standard_points`, `meeting_individual_points`, `minutes`, `seconds`, `hundreds`, `meeting_program_id`, `swimmer_id`, `team_id`, `badge_id`, `user_id`, `created_at`, `updated_at`, `disqualification_code_type_id`, `goggle_cup_points`, `reaction_time`, `team_points`, `team_affiliation_id`)
  VALUES (251131, 5, 1, 0, 0, 696.39, 696.39, 24, 18, 17, 34385, 20010, 800, 29259, 1, '2015-09-26 07:12:57', '2015-09-26 07:12:57', NULL, 0.0, 0.0, 0.0, 1434);

INSERT INTO `meeting_individual_results` (`id`, `rank`, `is_play_off`, `is_out_of_race`, `is_disqualified`, `standard_points`, `meeting_individual_points`, `minutes`, `seconds`, `hundreds`, `meeting_program_id`, `swimmer_id`, `team_id`, `badge_id`, `user_id`, `created_at`, `updated_at`, `disqualification_code_type_id`, `goggle_cup_points`, `reaction_time`, `team_points`, `team_affiliation_id`)
  VALUES (251132, 1, 1, 0, 0, 723.5, 723.5, 23, 51, 77, 34386, 12952, 801, 29216, 1, '2015-09-26 07:12:57', '2015-09-26 07:12:57', NULL, 0.0, 0.0, 0.0, 1435);

INSERT INTO `meeting_individual_results` (`id`, `rank`, `is_play_off`, `is_out_of_race`, `is_disqualified`, `standard_points`, `meeting_individual_points`, `minutes`, `seconds`, `hundreds`, `meeting_program_id`, `swimmer_id`, `team_id`, `badge_id`, `user_id`, `created_at`, `updated_at`, `disqualification_code_type_id`, `goggle_cup_points`, `reaction_time`, `team_points`, `team_affiliation_id`)
  VALUES (251133, 2, 1, 0, 0, 665.19, 665.19, 25, 57, 28, 34386, 12901, 604, 29022, 1, '2015-09-26 07:12:57', '2015-09-26 07:12:57', NULL, 0.0, 0.0, 0.0, 1417);

INSERT INTO `meeting_individual_results` (`id`, `rank`, `is_play_off`, `is_out_of_race`, `is_disqualified`, `standard_points`, `meeting_individual_points`, `minutes`, `seconds`, `hundreds`, `meeting_program_id`, `swimmer_id`, `team_id`, `badge_id`, `user_id`, `created_at`, `updated_at`, `disqualification_code_type_id`, `goggle_cup_points`, `reaction_time`, `team_points`, `team_affiliation_id`)
  VALUES (251134, 1, 1, 0, 0, 885.03, 885.03, 20, 11, 98, 34387, 10206, 506, 31765, 1, '2015-09-26 07:12:57', '2015-09-26 07:12:57', NULL, 0.0, 0.0, 0.0, 1524);

INSERT INTO `meeting_individual_results` (`id`, `rank`, `is_play_off`, `is_out_of_race`, `is_disqualified`, `standard_points`, `meeting_individual_points`, `minutes`, `seconds`, `hundreds`, `meeting_program_id`, `swimmer_id`, `team_id`, `badge_id`, `user_id`, `created_at`, `updated_at`, `disqualification_code_type_id`, `goggle_cup_points`, `reaction_time`, `team_points`, `team_affiliation_id`)
  VALUES (251135, 2, 1, 0, 0, 804.14, 804.14, 22, 13, 90, 34387, 9965, 371, 29130, 1, '2015-09-26 07:12:57', '2015-09-26 07:12:57', NULL, 0.0, 0.0, 0.0, 1427);

INSERT INTO `meeting_individual_results` (`id`, `rank`, `is_play_off`, `is_out_of_race`, `is_disqualified`, `standard_points`, `meeting_individual_points`, `minutes`, `seconds`, `hundreds`, `meeting_program_id`, `swimmer_id`, `team_id`, `badge_id`, `user_id`, `created_at`, `updated_at`, `disqualification_code_type_id`, `goggle_cup_points`, `reaction_time`, `team_points`, `team_affiliation_id`)
  VALUES (251136, 3, 1, 0, 0, 681.61, 681.61, 26, 13, 69, 34387, 18261, 203, 28518, 1, '2015-09-26 07:12:57', '2015-09-26 07:12:57', NULL, 0.0, 0.0, 0.0, 1085);

INSERT INTO `meeting_individual_results` (`id`, `rank`, `is_play_off`, `is_out_of_race`, `is_disqualified`, `standard_points`, `meeting_individual_points`, `minutes`, `seconds`, `hundreds`, `meeting_program_id`, `swimmer_id`, `team_id`, `badge_id`, `user_id`, `created_at`, `updated_at`, `disqualification_code_type_id`, `goggle_cup_points`, `reaction_time`, `team_points`, `team_affiliation_id`)
  VALUES (251137, 1, 1, 0, 0, 753.53, 753.53, 24, 29, 53, 34388, 10328, 508, 29139, 1, '2015-09-26 07:12:57', '2015-09-26 07:12:57', NULL, 0.0, 0.0, 0.0, 1416);

INSERT INTO `meeting_individual_results` (`id`, `rank`, `is_play_off`, `is_out_of_race`, `is_disqualified`, `standard_points`, `meeting_individual_points`, `minutes`, `seconds`, `hundreds`, `meeting_program_id`, `swimmer_id`, `team_id`, `badge_id`, `user_id`, `created_at`, `updated_at`, `disqualification_code_type_id`, `goggle_cup_points`, `reaction_time`, `team_points`, `team_affiliation_id`)
  VALUES (251138, 2, 1, 0, 0, 737.73, 737.73, 25, 1, 0, 34388, 12915, 371, 28965, 1, '2015-09-26 07:12:58', '2015-09-26 07:12:58', NULL, 0.0, 0.0, 0.0, 1427);

INSERT INTO `meeting_individual_results` (`id`, `rank`, `is_play_off`, `is_out_of_race`, `is_disqualified`, `standard_points`, `meeting_individual_points`, `minutes`, `seconds`, `hundreds`, `meeting_program_id`, `swimmer_id`, `team_id`, `badge_id`, `user_id`, `created_at`, `updated_at`, `disqualification_code_type_id`, `goggle_cup_points`, `reaction_time`, `team_points`, `team_affiliation_id`)
  VALUES (251139, 3, 1, 0, 0, 647.3, 647.3, 28, 30, 68, 34388, 20127, 512, 29277, 1, '2015-09-26 07:12:58', '2015-09-26 07:12:58', NULL, 0.0, 0.0, 0.0, 1423);

INSERT INTO `meeting_individual_results` (`id`, `rank`, `is_play_off`, `is_out_of_race`, `is_disqualified`, `standard_points`, `meeting_individual_points`, `minutes`, `seconds`, `hundreds`, `meeting_program_id`, `swimmer_id`, `team_id`, `badge_id`, `user_id`, `created_at`, `updated_at`, `disqualification_code_type_id`, `goggle_cup_points`, `reaction_time`, `team_points`, `team_affiliation_id`)
  VALUES (251140, 1, 1, 0, 0, 597.28, 597.28, 34, 18, 78, 34389, 12899, 603, 29279, 1, '2015-09-26 07:12:58', '2015-09-26 07:12:58', NULL, 0.0, 0.0, 0.0, 1414);

INSERT INTO `meeting_individual_results` (`id`, `rank`, `is_play_off`, `is_out_of_race`, `is_disqualified`, `standard_points`, `meeting_individual_points`, `minutes`, `seconds`, `hundreds`, `meeting_program_id`, `swimmer_id`, `team_id`, `badge_id`, `user_id`, `created_at`, `updated_at`, `disqualification_code_type_id`, `goggle_cup_points`, `reaction_time`, `team_points`, `team_affiliation_id`)
  VALUES (251141, 1, 1, 0, 0, 0.0, 0.0, 20, 50, 81, 34390, 12930, 600, 31766, 1, '2015-09-26 07:12:58', '2015-09-26 07:12:58', NULL, 0.0, 0.0, 0.0, 1425);

INSERT INTO `meeting_individual_results` (`id`, `rank`, `is_play_off`, `is_out_of_race`, `is_disqualified`, `standard_points`, `meeting_individual_points`, `minutes`, `seconds`, `hundreds`, `meeting_program_id`, `swimmer_id`, `team_id`, `badge_id`, `user_id`, `created_at`, `updated_at`, `disqualification_code_type_id`, `goggle_cup_points`, `reaction_time`, `team_points`, `team_affiliation_id`)
  VALUES (251142, 2, 1, 0, 0, 0.0, 0.0, 24, 26, 29, 34390, 20818, 600, 31767, 1, '2015-09-26 07:12:58', '2015-09-26 07:12:58', NULL, 0.0, 0.0, 0.0, 1425);

INSERT INTO `meeting_individual_results` (`id`, `rank`, `is_play_off`, `is_out_of_race`, `is_disqualified`, `standard_points`, `meeting_individual_points`, `minutes`, `seconds`, `hundreds`, `meeting_program_id`, `swimmer_id`, `team_id`, `badge_id`, `user_id`, `created_at`, `updated_at`, `disqualification_code_type_id`, `goggle_cup_points`, `reaction_time`, `team_points`, `team_affiliation_id`)
  VALUES (251143, 3, 1, 0, 0, 0.0, 0.0, 24, 42, 96, 34390, 13021, 508, 29151, 1, '2015-09-26 07:12:58', '2015-09-26 07:12:58', NULL, 0.0, 0.0, 0.0, 1416);

INSERT INTO `meeting_individual_results` (`id`, `rank`, `is_play_off`, `is_out_of_race`, `is_disqualified`, `standard_points`, `meeting_individual_points`, `minutes`, `seconds`, `hundreds`, `meeting_program_id`, `swimmer_id`, `team_id`, `badge_id`, `user_id`, `created_at`, `updated_at`, `disqualification_code_type_id`, `goggle_cup_points`, `reaction_time`, `team_points`, `team_affiliation_id`)
  VALUES (251144, 1, 1, 0, 0, 849.01, 849.01, 0, 36, 3, 34391, 20134, 322, 29155, 1, '2015-09-26 07:12:58', '2015-09-26 07:12:58', NULL, 0.0, 0.0, 0.0, 1431);

INSERT INTO `meeting_individual_results` (`id`, `rank`, `is_play_off`, `is_out_of_race`, `is_disqualified`, `standard_points`, `meeting_individual_points`, `minutes`, `seconds`, `hundreds`, `meeting_program_id`, `swimmer_id`, `team_id`, `badge_id`, `user_id`, `created_at`, `updated_at`, `disqualification_code_type_id`, `goggle_cup_points`, `reaction_time`, `team_points`, `team_affiliation_id`)
  VALUES (251145, 2, 1, 0, 0, 823.64, 823.64, 0, 37, 14, 34391, 12991, 322, 29189, 1, '2015-09-26 07:12:58', '2015-09-26 07:12:58', NULL, 0.0, 0.0, 0.0, 1431);

INSERT INTO `meeting_individual_results` (`id`, `rank`, `is_play_off`, `is_out_of_race`, `is_disqualified`, `standard_points`, `meeting_individual_points`, `minutes`, `seconds`, `hundreds`, `meeting_program_id`, `swimmer_id`, `team_id`, `badge_id`, `user_id`, `created_at`, `updated_at`, `disqualification_code_type_id`, `goggle_cup_points`, `reaction_time`, `team_points`, `team_affiliation_id`)
  VALUES (251146, 3, 1, 0, 0, 794.13, 794.13, 0, 38, 52, 34391, 10366, 371, 31738, 1, '2015-09-26 07:12:58', '2015-09-26 07:12:58', NULL, 0.0, 0.0, 0.0, 1427);

INSERT INTO `meeting_individual_results` (`id`, `rank`, `is_play_off`, `is_out_of_race`, `is_disqualified`, `standard_points`, `meeting_individual_points`, `minutes`, `seconds`, `hundreds`, `meeting_program_id`, `swimmer_id`, `team_id`, `badge_id`, `user_id`, `created_at`, `updated_at`, `disqualification_code_type_id`, `goggle_cup_points`, `reaction_time`, `team_points`, `team_affiliation_id`)
  VALUES (251147, 4, 1, 0, 0, 683.12, 683.12, 0, 44, 78, 34391, 10177, 335, 29192, 1, '2015-09-26 07:12:58', '2015-09-26 07:12:58', NULL, 0.0, 0.0, 0.0, 1429);

INSERT INTO `meeting_individual_results` (`id`, `rank`, `is_play_off`, `is_out_of_race`, `is_disqualified`, `standard_points`, `meeting_individual_points`, `minutes`, `seconds`, `hundreds`, `meeting_program_id`, `swimmer_id`, `team_id`, `badge_id`, `user_id`, `created_at`, `updated_at`, `disqualification_code_type_id`, `goggle_cup_points`, `reaction_time`, `team_points`, `team_affiliation_id`)
  VALUES (251148, 5, 1, 0, 0, 637.56, 637.56, 0, 47, 98, 34391, 20111, 801, 29037, 1, '2015-09-26 07:12:58', '2015-09-26 07:12:58', NULL, 0.0, 0.0, 0.0, 1435);

INSERT INTO `meeting_individual_results` (`id`, `rank`, `is_play_off`, `is_out_of_race`, `is_disqualified`, `standard_points`, `meeting_individual_points`, `minutes`, `seconds`, `hundreds`, `meeting_program_id`, `swimmer_id`, `team_id`, `badge_id`, `user_id`, `created_at`, `updated_at`, `disqualification_code_type_id`, `goggle_cup_points`, `reaction_time`, `team_points`, `team_affiliation_id`)
  VALUES (251149, 1, 1, 0, 0, 655.8, 655.8, 0, 46, 2, 34392, 12795, 514, 31768, 1, '2015-09-26 07:12:59', '2015-09-26 07:12:59', NULL, 0.0, 0.0, 0.0, 1426);

INSERT INTO `meeting_individual_results` (`id`, `rank`, `is_play_off`, `is_out_of_race`, `is_disqualified`, `standard_points`, `meeting_individual_points`, `minutes`, `seconds`, `hundreds`, `meeting_program_id`, `swimmer_id`, `team_id`, `badge_id`, `user_id`, `created_at`, `updated_at`, `disqualification_code_type_id`, `goggle_cup_points`, `reaction_time`, `team_points`, `team_affiliation_id`)
  VALUES (251150, 1, 1, 0, 0, 943.38, 943.38, 0, 33, 3, 34393, 12796, 371, 28924, 1, '2015-09-26 07:12:59', '2015-09-26 07:12:59', NULL, 0.0, 0.0, 0.0, 1427);

INSERT INTO `meeting_individual_results` (`id`, `rank`, `is_play_off`, `is_out_of_race`, `is_disqualified`, `standard_points`, `meeting_individual_points`, `minutes`, `seconds`, `hundreds`, `meeting_program_id`, `swimmer_id`, `team_id`, `badge_id`, `user_id`, `created_at`, `updated_at`, `disqualification_code_type_id`, `goggle_cup_points`, `reaction_time`, `team_points`, `team_affiliation_id`)
  VALUES (251151, 1, 1, 0, 0, 449.36, 449.36, 1, 10, 59, 34394, 20158, 600, 29198, 1, '2015-09-26 07:12:59', '2015-09-26 07:12:59', NULL, 0.0, 0.0, 0.0, 1425);

INSERT INTO `meeting_individual_results` (`id`, `rank`, `is_play_off`, `is_out_of_race`, `is_disqualified`, `standard_points`, `meeting_individual_points`, `minutes`, `seconds`, `hundreds`, `meeting_program_id`, `swimmer_id`, `team_id`, `badge_id`, `user_id`, `created_at`, `updated_at`, `disqualification_code_type_id`, `goggle_cup_points`, `reaction_time`, `team_points`, `team_affiliation_id`)
  VALUES (251152, 1, 1, 0, 0, 766.01, 766.01, 0, 42, 1, 34395, 12783, 607, 29054, 1, '2015-09-26 07:12:59', '2015-09-26 07:12:59', NULL, 0.0, 0.0, 0.0, 1428);

INSERT INTO `meeting_individual_results` (`id`, `rank`, `is_play_off`, `is_out_of_race`, `is_disqualified`, `standard_points`, `meeting_individual_points`, `minutes`, `seconds`, `hundreds`, `meeting_program_id`, `swimmer_id`, `team_id`, `badge_id`, `user_id`, `created_at`, `updated_at`, `disqualification_code_type_id`, `goggle_cup_points`, `reaction_time`, `team_points`, `team_affiliation_id`)
  VALUES (251153, 2, 1, 0, 0, 756.11, 756.11, 0, 42, 56, 34395, 13811, 600, 28931, 1, '2015-09-26 07:12:59', '2015-09-26 07:12:59', NULL, 0.0, 0.0, 0.0, 1425);

INSERT INTO `meeting_individual_results` (`id`, `rank`, `is_play_off`, `is_out_of_race`, `is_disqualified`, `standard_points`, `meeting_individual_points`, `minutes`, `seconds`, `hundreds`, `meeting_program_id`, `swimmer_id`, `team_id`, `badge_id`, `user_id`, `created_at`, `updated_at`, `disqualification_code_type_id`, `goggle_cup_points`, `reaction_time`, `team_points`, `team_affiliation_id`)
  VALUES (251154, 3, 1, 0, 0, 753.28, 753.28, 0, 42, 72, 34395, 16407, 600, 31739, 1, '2015-09-26 07:12:59', '2015-09-26 07:12:59', NULL, 0.0, 0.0, 0.0, 1425);

INSERT INTO `meeting_individual_results` (`id`, `rank`, `is_play_off`, `is_out_of_race`, `is_disqualified`, `standard_points`, `meeting_individual_points`, `minutes`, `seconds`, `hundreds`, `meeting_program_id`, `swimmer_id`, `team_id`, `badge_id`, `user_id`, `created_at`, `updated_at`, `disqualification_code_type_id`, `goggle_cup_points`, `reaction_time`, `team_points`, `team_affiliation_id`)
  VALUES (251155, 1, 1, 0, 0, 812.29, 812.29, 0, 41, 18, 34396, 9970, 512, 31740, 1, '2015-09-26 07:12:59', '2015-09-26 07:12:59', NULL, 0.0, 0.0, 0.0, 1423);

INSERT INTO `meeting_individual_results` (`id`, `rank`, `is_play_off`, `is_out_of_race`, `is_disqualified`, `standard_points`, `meeting_individual_points`, `minutes`, `seconds`, `hundreds`, `meeting_program_id`, `swimmer_id`, `team_id`, `badge_id`, `user_id`, `created_at`, `updated_at`, `disqualification_code_type_id`, `goggle_cup_points`, `reaction_time`, `team_points`, `team_affiliation_id`)
  VALUES (251156, 2, 1, 0, 0, 681.12, 681.12, 0, 49, 11, 34396, 20114, 371, 28935, 1, '2015-09-26 07:12:59', '2015-09-26 07:12:59', NULL, 0.0, 0.0, 0.0, 1427);

INSERT INTO `meeting_individual_results` (`id`, `rank`, `is_play_off`, `is_out_of_race`, `is_disqualified`, `standard_points`, `meeting_individual_points`, `minutes`, `seconds`, `hundreds`, `meeting_program_id`, `swimmer_id`, `team_id`, `badge_id`, `user_id`, `created_at`, `updated_at`, `disqualification_code_type_id`, `goggle_cup_points`, `reaction_time`, `team_points`, `team_affiliation_id`)
  VALUES (251157, 1, 1, 0, 0, 770.14, 770.14, 0, 46, 42, 34397, 9983, 84, 29179, 1, '2015-09-26 07:12:59', '2015-09-26 07:12:59', NULL, 0.0, 0.0, 0.0, 1233);

INSERT INTO `meeting_individual_results` (`id`, `rank`, `is_play_off`, `is_out_of_race`, `is_disqualified`, `standard_points`, `meeting_individual_points`, `minutes`, `seconds`, `hundreds`, `meeting_program_id`, `swimmer_id`, `team_id`, `badge_id`, `user_id`, `created_at`, `updated_at`, `disqualification_code_type_id`, `goggle_cup_points`, `reaction_time`, `team_points`, `team_affiliation_id`)
  VALUES (251158, 1, 1, 0, 0, 473.61, 473.61, 1, 21, 27, 34398, 13823, 371, 31769, 1, '2015-09-26 07:12:59', '2015-09-26 07:12:59', NULL, 0.0, 0.0, 0.0, 1427);

INSERT INTO `meeting_individual_results` (`id`, `rank`, `is_play_off`, `is_out_of_race`, `is_disqualified`, `standard_points`, `meeting_individual_points`, `minutes`, `seconds`, `hundreds`, `meeting_program_id`, `swimmer_id`, `team_id`, `badge_id`, `user_id`, `created_at`, `updated_at`, `disqualification_code_type_id`, `goggle_cup_points`, `reaction_time`, `team_points`, `team_affiliation_id`)
  VALUES (251159, 1, 1, 0, 0, 0.0, 0.0, 0, 38, 41, 34399, 20137, 600, 29202, 1, '2015-09-26 07:13:00', '2015-09-26 07:13:00', NULL, 0.0, 0.0, 0.0, 1425);

INSERT INTO `meeting_individual_results` (`id`, `rank`, `is_play_off`, `is_out_of_race`, `is_disqualified`, `standard_points`, `meeting_individual_points`, `minutes`, `seconds`, `hundreds`, `meeting_program_id`, `swimmer_id`, `team_id`, `badge_id`, `user_id`, `created_at`, `updated_at`, `disqualification_code_type_id`, `goggle_cup_points`, `reaction_time`, `team_points`, `team_affiliation_id`)
  VALUES (251160, 1, 1, 0, 0, 768.21, 768.21, 0, 34, 73, 34400, 9934, 508, 29159, 1, '2015-09-26 07:13:00', '2015-09-26 07:13:00', NULL, 0.0, 0.0, 0.0, 1416);

INSERT INTO `meeting_individual_results` (`id`, `rank`, `is_play_off`, `is_out_of_race`, `is_disqualified`, `standard_points`, `meeting_individual_points`, `minutes`, `seconds`, `hundreds`, `meeting_program_id`, `swimmer_id`, `team_id`, `badge_id`, `user_id`, `created_at`, `updated_at`, `disqualification_code_type_id`, `goggle_cup_points`, `reaction_time`, `team_points`, `team_affiliation_id`)
  VALUES (251161, 2, 1, 0, 0, 725.2, 725.2, 0, 36, 79, 34400, 12820, 505, 29203, 1, '2015-09-26 07:13:00', '2015-09-26 07:13:00', NULL, 0.0, 0.0, 0.0, 1415);

INSERT INTO `meeting_individual_results` (`id`, `rank`, `is_play_off`, `is_out_of_race`, `is_disqualified`, `standard_points`, `meeting_individual_points`, `minutes`, `seconds`, `hundreds`, `meeting_program_id`, `swimmer_id`, `team_id`, `badge_id`, `user_id`, `created_at`, `updated_at`, `disqualification_code_type_id`, `goggle_cup_points`, `reaction_time`, `team_points`, `team_affiliation_id`)
  VALUES (251162, 3, 1, 0, 0, 684.8, 684.8, 0, 38, 96, 34400, 16373, 607, 29204, 1, '2015-09-26 07:13:00', '2015-09-26 07:13:00', NULL, 0.0, 0.0, 0.0, 1428);

INSERT INTO `meeting_individual_results` (`id`, `rank`, `is_play_off`, `is_out_of_race`, `is_disqualified`, `standard_points`, `meeting_individual_points`, `minutes`, `seconds`, `hundreds`, `meeting_program_id`, `swimmer_id`, `team_id`, `badge_id`, `user_id`, `created_at`, `updated_at`, `disqualification_code_type_id`, `goggle_cup_points`, `reaction_time`, `team_points`, `team_affiliation_id`)
  VALUES (251163, 4, 1, 0, 0, 596.33, 596.33, 0, 44, 74, 34400, 10235, 508, 28992, 1, '2015-09-26 07:13:00', '2015-09-26 07:13:00', NULL, 0.0, 0.0, 0.0, 1416);

INSERT INTO `meeting_individual_results` (`id`, `rank`, `is_play_off`, `is_out_of_race`, `is_disqualified`, `standard_points`, `meeting_individual_points`, `minutes`, `seconds`, `hundreds`, `meeting_program_id`, `swimmer_id`, `team_id`, `badge_id`, `user_id`, `created_at`, `updated_at`, `disqualification_code_type_id`, `goggle_cup_points`, `reaction_time`, `team_points`, `team_affiliation_id`)
  VALUES (251164, 1, 1, 0, 0, 865.91, 865.91, 0, 30, 95, 34401, 13006, 607, 29206, 1, '2015-09-26 07:13:00', '2015-09-26 07:13:00', NULL, 0.0, 0.0, 0.0, 1428);

INSERT INTO `meeting_individual_results` (`id`, `rank`, `is_play_off`, `is_out_of_race`, `is_disqualified`, `standard_points`, `meeting_individual_points`, `minutes`, `seconds`, `hundreds`, `meeting_program_id`, `swimmer_id`, `team_id`, `badge_id`, `user_id`, `created_at`, `updated_at`, `disqualification_code_type_id`, `goggle_cup_points`, `reaction_time`, `team_points`, `team_affiliation_id`)
  VALUES (251165, 2, 1, 0, 0, 700.1, 700.1, 0, 38, 28, 34401, 20087, 690, 29000, 1, '2015-09-26 07:13:00', '2015-09-26 07:13:00', NULL, 0.0, 0.0, 0.0, 1418);

INSERT INTO `meeting_individual_results` (`id`, `rank`, `is_play_off`, `is_out_of_race`, `is_disqualified`, `standard_points`, `meeting_individual_points`, `minutes`, `seconds`, `hundreds`, `meeting_program_id`, `swimmer_id`, `team_id`, `badge_id`, `user_id`, `created_at`, `updated_at`, `disqualification_code_type_id`, `goggle_cup_points`, `reaction_time`, `team_points`, `team_affiliation_id`)
  VALUES (251166, 3, 1, 0, 0, 697.55, 697.55, 0, 38, 42, 34401, 12990, 800, 29207, 1, '2015-09-26 07:13:00', '2015-09-26 07:13:00', NULL, 0.0, 0.0, 0.0, 1434);

INSERT INTO `meeting_individual_results` (`id`, `rank`, `is_play_off`, `is_out_of_race`, `is_disqualified`, `standard_points`, `meeting_individual_points`, `minutes`, `seconds`, `hundreds`, `meeting_program_id`, `swimmer_id`, `team_id`, `badge_id`, `user_id`, `created_at`, `updated_at`, `disqualification_code_type_id`, `goggle_cup_points`, `reaction_time`, `team_points`, `team_affiliation_id`)
  VALUES (251167, 4, 1, 0, 0, 664.52, 664.52, 0, 40, 33, 34401, 12847, 800, 29208, 1, '2015-09-26 07:13:01', '2015-09-26 07:13:01', NULL, 0.0, 0.0, 0.0, 1434);

INSERT INTO `meeting_individual_results` (`id`, `rank`, `is_play_off`, `is_out_of_race`, `is_disqualified`, `standard_points`, `meeting_individual_points`, `minutes`, `seconds`, `hundreds`, `meeting_program_id`, `swimmer_id`, `team_id`, `badge_id`, `user_id`, `created_at`, `updated_at`, `disqualification_code_type_id`, `goggle_cup_points`, `reaction_time`, `team_points`, `team_affiliation_id`)
  VALUES (251168, 5, 1, 0, 0, 570.58, 570.58, 0, 46, 97, 34401, 20131, 800, 29212, 1, '2015-09-26 07:13:01', '2015-09-26 07:13:01', NULL, 0.0, 0.0, 0.0, 1434);

INSERT INTO `meeting_individual_results` (`id`, `rank`, `is_play_off`, `is_out_of_race`, `is_disqualified`, `standard_points`, `meeting_individual_points`, `minutes`, `seconds`, `hundreds`, `meeting_program_id`, `swimmer_id`, `team_id`, `badge_id`, `user_id`, `created_at`, `updated_at`, `disqualification_code_type_id`, `goggle_cup_points`, `reaction_time`, `team_points`, `team_affiliation_id`)
  VALUES (251169, 6, 1, 0, 0, 567.92, 567.92, 0, 47, 19, 34401, 12786, 508, 28946, 1, '2015-09-26 07:13:01', '2015-09-26 07:13:01', NULL, 0.0, 0.0, 0.0, 1416);

INSERT INTO `meeting_individual_results` (`id`, `rank`, `is_play_off`, `is_out_of_race`, `is_disqualified`, `standard_points`, `meeting_individual_points`, `minutes`, `seconds`, `hundreds`, `meeting_program_id`, `swimmer_id`, `team_id`, `badge_id`, `user_id`, `created_at`, `updated_at`, `disqualification_code_type_id`, `goggle_cup_points`, `reaction_time`, `team_points`, `team_affiliation_id`)
  VALUES (251170, 1, 1, 0, 0, 701.92, 701.92, 0, 39, 5, 34402, 13008, 603, 28949, 1, '2015-09-26 07:13:01', '2015-09-26 07:13:01', NULL, 0.0, 0.0, 0.0, 1414);

INSERT INTO `meeting_individual_results` (`id`, `rank`, `is_play_off`, `is_out_of_race`, `is_disqualified`, `standard_points`, `meeting_individual_points`, `minutes`, `seconds`, `hundreds`, `meeting_program_id`, `swimmer_id`, `team_id`, `badge_id`, `user_id`, `created_at`, `updated_at`, `disqualification_code_type_id`, `goggle_cup_points`, `reaction_time`, `team_points`, `team_affiliation_id`)
  VALUES (251171, 2, 1, 0, 0, 698.17, 698.17, 0, 39, 26, 34402, 13002, 371, 28948, 1, '2015-09-26 07:13:01', '2015-09-26 07:13:01', NULL, 0.0, 0.0, 0.0, 1427);

INSERT INTO `meeting_individual_results` (`id`, `rank`, `is_play_off`, `is_out_of_race`, `is_disqualified`, `standard_points`, `meeting_individual_points`, `minutes`, `seconds`, `hundreds`, `meeting_program_id`, `swimmer_id`, `team_id`, `badge_id`, `user_id`, `created_at`, `updated_at`, `disqualification_code_type_id`, `goggle_cup_points`, `reaction_time`, `team_points`, `team_affiliation_id`)
  VALUES (251172, 1, 1, 0, 0, 705.38, 705.38, 0, 39, 61, 34403, 6788, 371, 31770, 1, '2015-09-26 07:13:01', '2015-09-26 07:13:01', NULL, 0.0, 0.0, 0.0, 1427);

INSERT INTO `meeting_individual_results` (`id`, `rank`, `is_play_off`, `is_out_of_race`, `is_disqualified`, `standard_points`, `meeting_individual_points`, `minutes`, `seconds`, `hundreds`, `meeting_program_id`, `swimmer_id`, `team_id`, `badge_id`, `user_id`, `created_at`, `updated_at`, `disqualification_code_type_id`, `goggle_cup_points`, `reaction_time`, `team_points`, `team_affiliation_id`)
  VALUES (251173, 2, 1, 0, 0, 470.45, 470.45, 0, 59, 39, 34403, 16375, 514, 31771, 1, '2015-09-26 07:13:01', '2015-09-26 07:13:01', NULL, 0.0, 0.0, 0.0, 1426);

INSERT INTO `meeting_individual_results` (`id`, `rank`, `is_play_off`, `is_out_of_race`, `is_disqualified`, `standard_points`, `meeting_individual_points`, `minutes`, `seconds`, `hundreds`, `meeting_program_id`, `swimmer_id`, `team_id`, `badge_id`, `user_id`, `created_at`, `updated_at`, `disqualification_code_type_id`, `goggle_cup_points`, `reaction_time`, `team_points`, `team_affiliation_id`)
  VALUES (251174, 1, 1, 0, 0, 717.69, 717.69, 0, 39, 92, 34404, 13012, 508, 29215, 1, '2015-09-26 07:13:01', '2015-09-26 07:13:01', NULL, 0.0, 0.0, 0.0, 1416);

INSERT INTO `meeting_individual_results` (`id`, `rank`, `is_play_off`, `is_out_of_race`, `is_disqualified`, `standard_points`, `meeting_individual_points`, `minutes`, `seconds`, `hundreds`, `meeting_program_id`, `swimmer_id`, `team_id`, `badge_id`, `user_id`, `created_at`, `updated_at`, `disqualification_code_type_id`, `goggle_cup_points`, `reaction_time`, `team_points`, `team_affiliation_id`)
  VALUES (251175, 2, 1, 0, 0, 696.06, 696.06, 0, 41, 16, 34404, 12934, 508, 28956, 1, '2015-09-26 07:13:01', '2015-09-26 07:13:01', NULL, 0.0, 0.0, 0.0, 1416);

INSERT INTO `meeting_individual_results` (`id`, `rank`, `is_play_off`, `is_out_of_race`, `is_disqualified`, `standard_points`, `meeting_individual_points`, `minutes`, `seconds`, `hundreds`, `meeting_program_id`, `swimmer_id`, `team_id`, `badge_id`, `user_id`, `created_at`, `updated_at`, `disqualification_code_type_id`, `goggle_cup_points`, `reaction_time`, `team_points`, `team_affiliation_id`)
  VALUES (251176, 3, 1, 0, 0, 644.11, 644.11, 0, 44, 48, 34404, 13024, 800, 28958, 1, '2015-09-26 07:13:01', '2015-09-26 07:13:01', NULL, 0.0, 0.0, 0.0, 1434);

INSERT INTO `meeting_individual_results` (`id`, `rank`, `is_play_off`, `is_out_of_race`, `is_disqualified`, `standard_points`, `meeting_individual_points`, `minutes`, `seconds`, `hundreds`, `meeting_program_id`, `swimmer_id`, `team_id`, `badge_id`, `user_id`, `created_at`, `updated_at`, `disqualification_code_type_id`, `goggle_cup_points`, `reaction_time`, `team_points`, `team_affiliation_id`)
  VALUES (251177, 4, 1, 0, 0, 607.64, 607.64, 0, 47, 15, 34404, 20066, 371, 28959, 1, '2015-09-26 07:13:02', '2015-09-26 07:13:02', NULL, 0.0, 0.0, 0.0, 1427);

INSERT INTO `meeting_individual_results` (`id`, `rank`, `is_play_off`, `is_out_of_race`, `is_disqualified`, `standard_points`, `meeting_individual_points`, `minutes`, `seconds`, `hundreds`, `meeting_program_id`, `swimmer_id`, `team_id`, `badge_id`, `user_id`, `created_at`, `updated_at`, `disqualification_code_type_id`, `goggle_cup_points`, `reaction_time`, `team_points`, `team_affiliation_id`)
  VALUES (251178, 1, 1, 0, 0, 808.53, 808.53, 0, 36, 35, 34405, 12935, 607, 31772, 1, '2015-09-26 07:13:02', '2015-09-26 07:13:02', NULL, 0.0, 0.0, 0.0, 1428);

INSERT INTO `meeting_individual_results` (`id`, `rank`, `is_play_off`, `is_out_of_race`, `is_disqualified`, `standard_points`, `meeting_individual_points`, `minutes`, `seconds`, `hundreds`, `meeting_program_id`, `swimmer_id`, `team_id`, `badge_id`, `user_id`, `created_at`, `updated_at`, `disqualification_code_type_id`, `goggle_cup_points`, `reaction_time`, `team_points`, `team_affiliation_id`)
  VALUES (251179, 1, 1, 0, 0, 687.56, 687.56, 0, 44, 52, 34406, 20827, 371, 31741, 1, '2015-09-26 07:13:02', '2015-09-26 07:13:02', NULL, 0.0, 0.0, 0.0, 1427);

INSERT INTO `meeting_individual_results` (`id`, `rank`, `is_play_off`, `is_out_of_race`, `is_disqualified`, `standard_points`, `meeting_individual_points`, `minutes`, `seconds`, `hundreds`, `meeting_program_id`, `swimmer_id`, `team_id`, `badge_id`, `user_id`, `created_at`, `updated_at`, `disqualification_code_type_id`, `goggle_cup_points`, `reaction_time`, `team_points`, `team_affiliation_id`)
  VALUES (251180, 2, 1, 0, 0, 617.14, 617.14, 0, 49, 60, 34406, 10240, 512, 29140, 1, '2015-09-26 07:13:02', '2015-09-26 07:13:02', NULL, 0.0, 0.0, 0.0, 1423);

INSERT INTO `meeting_individual_results` (`id`, `rank`, `is_play_off`, `is_out_of_race`, `is_disqualified`, `standard_points`, `meeting_individual_points`, `minutes`, `seconds`, `hundreds`, `meeting_program_id`, `swimmer_id`, `team_id`, `badge_id`, `user_id`, `created_at`, `updated_at`, `disqualification_code_type_id`, `goggle_cup_points`, `reaction_time`, `team_points`, `team_affiliation_id`)
  VALUES (251181, 3, 1, 0, 0, 611.47, 611.47, 0, 50, 6, 34406, 20825, 631, 31773, 1, '2015-09-26 07:13:02', '2015-09-26 07:13:02', NULL, 0.0, 0.0, 0.0, 1432);

INSERT INTO `meeting_individual_results` (`id`, `rank`, `is_play_off`, `is_out_of_race`, `is_disqualified`, `standard_points`, `meeting_individual_points`, `minutes`, `seconds`, `hundreds`, `meeting_program_id`, `swimmer_id`, `team_id`, `badge_id`, `user_id`, `created_at`, `updated_at`, `disqualification_code_type_id`, `goggle_cup_points`, `reaction_time`, `team_points`, `team_affiliation_id`)
  VALUES (251182, 4, 1, 0, 1, 0.0, 0.0, 0, 0, 0, 34406, 13868, 607, 29174, 1, '2015-09-26 07:13:02', '2015-09-26 07:13:02', 1, 0.0, 0.0, 0.0, 1428);

INSERT INTO `meeting_individual_results` (`id`, `rank`, `is_play_off`, `is_out_of_race`, `is_disqualified`, `standard_points`, `meeting_individual_points`, `minutes`, `seconds`, `hundreds`, `meeting_program_id`, `swimmer_id`, `team_id`, `badge_id`, `user_id`, `created_at`, `updated_at`, `disqualification_code_type_id`, `goggle_cup_points`, `reaction_time`, `team_points`, `team_affiliation_id`)
  VALUES (251183, 1, 1, 0, 0, 683.78, 683.78, 0, 47, 34, 34407, 12942, 601, 29223, 1, '2015-09-26 07:13:02', '2015-09-26 07:13:02', NULL, 0.0, 0.0, 0.0, 1413);

INSERT INTO `meeting_individual_results` (`id`, `rank`, `is_play_off`, `is_out_of_race`, `is_disqualified`, `standard_points`, `meeting_individual_points`, `minutes`, `seconds`, `hundreds`, `meeting_program_id`, `swimmer_id`, `team_id`, `badge_id`, `user_id`, `created_at`, `updated_at`, `disqualification_code_type_id`, `goggle_cup_points`, `reaction_time`, `team_points`, `team_affiliation_id`)
  VALUES (251184, 1, 1, 0, 0, 0.0, 0.0, 0, 37, 18, 34408, 13852, 512, 31742, 1, '2015-09-26 07:13:02', '2015-09-26 07:13:02', NULL, 0.0, 0.0, 0.0, 1423);

INSERT INTO `meeting_individual_results` (`id`, `rank`, `is_play_off`, `is_out_of_race`, `is_disqualified`, `standard_points`, `meeting_individual_points`, `minutes`, `seconds`, `hundreds`, `meeting_program_id`, `swimmer_id`, `team_id`, `badge_id`, `user_id`, `created_at`, `updated_at`, `disqualification_code_type_id`, `goggle_cup_points`, `reaction_time`, `team_points`, `team_affiliation_id`)
  VALUES (251185, 2, 1, 0, 0, 0.0, 0.0, 0, 40, 94, 34408, 20819, 818, 31774, 1, '2015-09-26 07:13:02', '2015-09-26 07:13:02', NULL, 0.0, 0.0, 0.0, 1526);

INSERT INTO `meeting_individual_results` (`id`, `rank`, `is_play_off`, `is_out_of_race`, `is_disqualified`, `standard_points`, `meeting_individual_points`, `minutes`, `seconds`, `hundreds`, `meeting_program_id`, `swimmer_id`, `team_id`, `badge_id`, `user_id`, `created_at`, `updated_at`, `disqualification_code_type_id`, `goggle_cup_points`, `reaction_time`, `team_points`, `team_affiliation_id`)
  VALUES (251186, 3, 1, 0, 0, 0.0, 0.0, 0, 46, 0, 34408, 20106, 690, 29149, 1, '2015-09-26 07:13:02', '2015-09-26 07:13:02', NULL, 0.0, 0.0, 0.0, 1418);

INSERT INTO `meeting_individual_results` (`id`, `rank`, `is_play_off`, `is_out_of_race`, `is_disqualified`, `standard_points`, `meeting_individual_points`, `minutes`, `seconds`, `hundreds`, `meeting_program_id`, `swimmer_id`, `team_id`, `badge_id`, `user_id`, `created_at`, `updated_at`, `disqualification_code_type_id`, `goggle_cup_points`, `reaction_time`, `team_points`, `team_affiliation_id`)
  VALUES (251187, 1, 1, 0, 0, 817.05, 817.05, 0, 34, 49, 34409, 12782, 508, 28972, 1, '2015-09-26 07:13:03', '2015-09-26 07:13:03', NULL, 0.0, 0.0, 0.0, 1416);

INSERT INTO `meeting_individual_results` (`id`, `rank`, `is_play_off`, `is_out_of_race`, `is_disqualified`, `standard_points`, `meeting_individual_points`, `minutes`, `seconds`, `hundreds`, `meeting_program_id`, `swimmer_id`, `team_id`, `badge_id`, `user_id`, `created_at`, `updated_at`, `disqualification_code_type_id`, `goggle_cup_points`, `reaction_time`, `team_points`, `team_affiliation_id`)
  VALUES (251188, 2, 1, 0, 0, 814.45, 814.45, 0, 34, 60, 34409, 12939, 322, 28971, 1, '2015-09-26 07:13:03', '2015-09-26 07:13:03', NULL, 0.0, 0.0, 0.0, 1431);

INSERT INTO `meeting_individual_results` (`id`, `rank`, `is_play_off`, `is_out_of_race`, `is_disqualified`, `standard_points`, `meeting_individual_points`, `minutes`, `seconds`, `hundreds`, `meeting_program_id`, `swimmer_id`, `team_id`, `badge_id`, `user_id`, `created_at`, `updated_at`, `disqualification_code_type_id`, `goggle_cup_points`, `reaction_time`, `team_points`, `team_affiliation_id`)
  VALUES (251189, 3, 1, 0, 0, 810.0, 810.0, 0, 34, 79, 34409, 12991, 322, 29189, 1, '2015-09-26 07:13:03', '2015-09-26 07:13:03', NULL, 0.0, 0.0, 0.0, 1431);

INSERT INTO `meeting_individual_results` (`id`, `rank`, `is_play_off`, `is_out_of_race`, `is_disqualified`, `standard_points`, `meeting_individual_points`, `minutes`, `seconds`, `hundreds`, `meeting_program_id`, `swimmer_id`, `team_id`, `badge_id`, `user_id`, `created_at`, `updated_at`, `disqualification_code_type_id`, `goggle_cup_points`, `reaction_time`, `team_points`, `team_affiliation_id`)
  VALUES (251190, 1, 1, 0, 0, 827.43, 827.43, 0, 34, 19, 34410, 20048, 514, 29039, 1, '2015-09-26 07:13:03', '2015-09-26 07:13:03', NULL, 0.0, 0.0, 0.0, 1426);

INSERT INTO `meeting_individual_results` (`id`, `rank`, `is_play_off`, `is_out_of_race`, `is_disqualified`, `standard_points`, `meeting_individual_points`, `minutes`, `seconds`, `hundreds`, `meeting_program_id`, `swimmer_id`, `team_id`, `badge_id`, `user_id`, `created_at`, `updated_at`, `disqualification_code_type_id`, `goggle_cup_points`, `reaction_time`, `team_points`, `team_affiliation_id`)
  VALUES (251191, 1, 1, 0, 0, 717.54, 717.54, 0, 39, 90, 34411, 12766, 800, 29153, 1, '2015-09-26 07:13:03', '2015-09-26 07:13:03', NULL, 0.0, 0.0, 0.0, 1434);

INSERT INTO `meeting_individual_results` (`id`, `rank`, `is_play_off`, `is_out_of_race`, `is_disqualified`, `standard_points`, `meeting_individual_points`, `minutes`, `seconds`, `hundreds`, `meeting_program_id`, `swimmer_id`, `team_id`, `badge_id`, `user_id`, `created_at`, `updated_at`, `disqualification_code_type_id`, `goggle_cup_points`, `reaction_time`, `team_points`, `team_affiliation_id`)
  VALUES (251192, 1, 1, 0, 0, 754.14, 754.14, 0, 38, 68, 34412, 12832, 508, 29156, 1, '2015-09-26 07:13:03', '2015-09-26 07:13:03', NULL, 0.0, 0.0, 0.0, 1416);

INSERT INTO `meeting_individual_results` (`id`, `rank`, `is_play_off`, `is_out_of_race`, `is_disqualified`, `standard_points`, `meeting_individual_points`, `minutes`, `seconds`, `hundreds`, `meeting_program_id`, `swimmer_id`, `team_id`, `badge_id`, `user_id`, `created_at`, `updated_at`, `disqualification_code_type_id`, `goggle_cup_points`, `reaction_time`, `team_points`, `team_affiliation_id`)
  VALUES (251193, 2, 1, 0, 0, 538.49, 538.49, 0, 54, 17, 34412, 20125, 600, 29195, 1, '2015-09-26 07:13:03', '2015-09-26 07:13:03', NULL, 0.0, 0.0, 0.0, 1425);

INSERT INTO `meeting_individual_results` (`id`, `rank`, `is_play_off`, `is_out_of_race`, `is_disqualified`, `standard_points`, `meeting_individual_points`, `minutes`, `seconds`, `hundreds`, `meeting_program_id`, `swimmer_id`, `team_id`, `badge_id`, `user_id`, `created_at`, `updated_at`, `disqualification_code_type_id`, `goggle_cup_points`, `reaction_time`, `team_points`, `team_affiliation_id`)
  VALUES (251194, 1, 1, 0, 0, 529.18, 529.18, 0, 56, 3, 34413, 13806, 600, 31775, 1, '2015-09-26 07:13:03', '2015-09-26 07:13:03', NULL, 0.0, 0.0, 0.0, 1425);

INSERT INTO `meeting_individual_results` (`id`, `rank`, `is_play_off`, `is_out_of_race`, `is_disqualified`, `standard_points`, `meeting_individual_points`, `minutes`, `seconds`, `hundreds`, `meeting_program_id`, `swimmer_id`, `team_id`, `badge_id`, `user_id`, `created_at`, `updated_at`, `disqualification_code_type_id`, `goggle_cup_points`, `reaction_time`, `team_points`, `team_affiliation_id`)
  VALUES (251195, 1, 1, 0, 0, 0.0, 0.0, 0, 36, 71, 34414, 20828, 801, 31776, 1, '2015-09-26 07:13:03', '2015-09-26 07:13:03', NULL, 0.0, 0.0, 0.0, 1435);

INSERT INTO `meeting_individual_results` (`id`, `rank`, `is_play_off`, `is_out_of_race`, `is_disqualified`, `standard_points`, `meeting_individual_points`, `minutes`, `seconds`, `hundreds`, `meeting_program_id`, `swimmer_id`, `team_id`, `badge_id`, `user_id`, `created_at`, `updated_at`, `disqualification_code_type_id`, `goggle_cup_points`, `reaction_time`, `team_points`, `team_affiliation_id`)
  VALUES (251196, 1, 1, 0, 0, 748.94, 748.94, 0, 32, 90, 34415, 20141, 800, 29292, 1, '2015-09-26 07:13:03', '2015-09-26 07:13:03', NULL, 0.0, 0.0, 0.0, 1434);

INSERT INTO `meeting_individual_results` (`id`, `rank`, `is_play_off`, `is_out_of_race`, `is_disqualified`, `standard_points`, `meeting_individual_points`, `minutes`, `seconds`, `hundreds`, `meeting_program_id`, `swimmer_id`, `team_id`, `badge_id`, `user_id`, `created_at`, `updated_at`, `disqualification_code_type_id`, `goggle_cup_points`, `reaction_time`, `team_points`, `team_affiliation_id`)
  VALUES (251197, 1, 1, 0, 0, 896.12, 896.12, 0, 27, 82, 34416, 13006, 607, 29206, 1, '2015-09-26 07:13:04', '2015-09-26 07:13:04', NULL, 0.0, 0.0, 0.0, 1428);

INSERT INTO `meeting_individual_results` (`id`, `rank`, `is_play_off`, `is_out_of_race`, `is_disqualified`, `standard_points`, `meeting_individual_points`, `minutes`, `seconds`, `hundreds`, `meeting_program_id`, `swimmer_id`, `team_id`, `badge_id`, `user_id`, `created_at`, `updated_at`, `disqualification_code_type_id`, `goggle_cup_points`, `reaction_time`, `team_points`, `team_affiliation_id`)
  VALUES (251198, 2, 1, 0, 0, 806.01, 806.01, 0, 30, 93, 34416, 13028, 800, 31761, 1, '2015-09-26 07:13:04', '2015-09-26 07:13:04', NULL, 0.0, 0.0, 0.0, 1434);

INSERT INTO `meeting_individual_results` (`id`, `rank`, `is_play_off`, `is_out_of_race`, `is_disqualified`, `standard_points`, `meeting_individual_points`, `minutes`, `seconds`, `hundreds`, `meeting_program_id`, `swimmer_id`, `team_id`, `badge_id`, `user_id`, `created_at`, `updated_at`, `disqualification_code_type_id`, `goggle_cup_points`, `reaction_time`, `team_points`, `team_affiliation_id`)
  VALUES (251199, 3, 1, 0, 0, 771.59, 771.59, 0, 32, 31, 34416, 12785, 322, 29164, 1, '2015-09-26 07:13:04', '2015-09-26 07:13:04', NULL, 0.0, 0.0, 0.0, 1431);

INSERT INTO `meeting_individual_results` (`id`, `rank`, `is_play_off`, `is_out_of_race`, `is_disqualified`, `standard_points`, `meeting_individual_points`, `minutes`, `seconds`, `hundreds`, `meeting_program_id`, `swimmer_id`, `team_id`, `badge_id`, `user_id`, `created_at`, `updated_at`, `disqualification_code_type_id`, `goggle_cup_points`, `reaction_time`, `team_points`, `team_affiliation_id`)
  VALUES (251200, 4, 1, 0, 0, 709.04, 709.04, 0, 35, 16, 34416, 12849, 603, 29246, 1, '2015-09-26 07:13:04', '2015-09-26 07:13:04', NULL, 0.0, 0.0, 0.0, 1414);

INSERT INTO `meeting_individual_results` (`id`, `rank`, `is_play_off`, `is_out_of_race`, `is_disqualified`, `standard_points`, `meeting_individual_points`, `minutes`, `seconds`, `hundreds`, `meeting_program_id`, `swimmer_id`, `team_id`, `badge_id`, `user_id`, `created_at`, `updated_at`, `disqualification_code_type_id`, `goggle_cup_points`, `reaction_time`, `team_points`, `team_affiliation_id`)
  VALUES (251201, 5, 1, 0, 0, 681.52, 681.52, 0, 36, 58, 34416, 12961, 508, 29211, 1, '2015-09-26 07:13:04', '2015-09-26 07:13:04', NULL, 0.0, 0.0, 0.0, 1416);

INSERT INTO `meeting_individual_results` (`id`, `rank`, `is_play_off`, `is_out_of_race`, `is_disqualified`, `standard_points`, `meeting_individual_points`, `minutes`, `seconds`, `hundreds`, `meeting_program_id`, `swimmer_id`, `team_id`, `badge_id`, `user_id`, `created_at`, `updated_at`, `disqualification_code_type_id`, `goggle_cup_points`, `reaction_time`, `team_points`, `team_affiliation_id`)
  VALUES (251202, 6, 1, 0, 0, 645.35, 645.35, 0, 38, 63, 34416, 12892, 800, 29247, 1, '2015-09-26 07:13:04', '2015-09-26 07:13:04', NULL, 0.0, 0.0, 0.0, 1434);

INSERT INTO `meeting_individual_results` (`id`, `rank`, `is_play_off`, `is_out_of_race`, `is_disqualified`, `standard_points`, `meeting_individual_points`, `minutes`, `seconds`, `hundreds`, `meeting_program_id`, `swimmer_id`, `team_id`, `badge_id`, `user_id`, `created_at`, `updated_at`, `disqualification_code_type_id`, `goggle_cup_points`, `reaction_time`, `team_points`, `team_affiliation_id`)
  VALUES (251203, 1, 1, 0, 0, 786.88, 786.88, 0, 32, 0, 34417, 9986, 371, 31762, 1, '2015-09-26 07:13:04', '2015-09-26 07:13:04', NULL, 0.0, 0.0, 0.0, 1427);

INSERT INTO `meeting_individual_results` (`id`, `rank`, `is_play_off`, `is_out_of_race`, `is_disqualified`, `standard_points`, `meeting_individual_points`, `minutes`, `seconds`, `hundreds`, `meeting_program_id`, `swimmer_id`, `team_id`, `badge_id`, `user_id`, `created_at`, `updated_at`, `disqualification_code_type_id`, `goggle_cup_points`, `reaction_time`, `team_points`, `team_affiliation_id`)
  VALUES (251204, 2, 1, 0, 0, 749.4, 749.4, 0, 33, 60, 34417, 12900, 335, 31777, 1, '2015-09-26 07:13:04', '2015-09-26 07:13:04', NULL, 0.0, 0.0, 0.0, 1429);

INSERT INTO `meeting_individual_results` (`id`, `rank`, `is_play_off`, `is_out_of_race`, `is_disqualified`, `standard_points`, `meeting_individual_points`, `minutes`, `seconds`, `hundreds`, `meeting_program_id`, `swimmer_id`, `team_id`, `badge_id`, `user_id`, `created_at`, `updated_at`, `disqualification_code_type_id`, `goggle_cup_points`, `reaction_time`, `team_points`, `team_affiliation_id`)
  VALUES (251205, 3, 1, 0, 0, 738.63, 738.63, 0, 34, 9, 34417, 12833, 322, 29165, 1, '2015-09-26 07:13:04', '2015-09-26 07:13:04', NULL, 0.0, 0.0, 0.0, 1431);

INSERT INTO `meeting_individual_results` (`id`, `rank`, `is_play_off`, `is_out_of_race`, `is_disqualified`, `standard_points`, `meeting_individual_points`, `minutes`, `seconds`, `hundreds`, `meeting_program_id`, `swimmer_id`, `team_id`, `badge_id`, `user_id`, `created_at`, `updated_at`, `disqualification_code_type_id`, `goggle_cup_points`, `reaction_time`, `team_points`, `team_affiliation_id`)
  VALUES (251206, 4, 1, 0, 0, 723.15, 723.15, 0, 34, 82, 34417, 12853, 817, 29166, 1, '2015-09-26 07:13:04', '2015-09-26 07:13:04', NULL, 0.0, 0.0, 0.0, 1525);

INSERT INTO `meeting_individual_results` (`id`, `rank`, `is_play_off`, `is_out_of_race`, `is_disqualified`, `standard_points`, `meeting_individual_points`, `minutes`, `seconds`, `hundreds`, `meeting_program_id`, `swimmer_id`, `team_id`, `badge_id`, `user_id`, `created_at`, `updated_at`, `disqualification_code_type_id`, `goggle_cup_points`, `reaction_time`, `team_points`, `team_affiliation_id`)
  VALUES (251207, 1, 1, 0, 0, 924.77, 924.77, 0, 27, 78, 34418, 13023, 505, 29251, 1, '2015-09-26 07:13:05', '2015-09-26 07:13:05', NULL, 0.0, 0.0, 0.0, 1415);

INSERT INTO `meeting_individual_results` (`id`, `rank`, `is_play_off`, `is_out_of_race`, `is_disqualified`, `standard_points`, `meeting_individual_points`, `minutes`, `seconds`, `hundreds`, `meeting_program_id`, `swimmer_id`, `team_id`, `badge_id`, `user_id`, `created_at`, `updated_at`, `disqualification_code_type_id`, `goggle_cup_points`, `reaction_time`, `team_points`, `team_affiliation_id`)
  VALUES (251208, 2, 1, 0, 0, 768.47, 768.47, 0, 33, 43, 34418, 20028, 322, 29009, 1, '2015-09-26 07:13:05', '2015-09-26 07:13:05', NULL, 0.0, 0.0, 0.0, 1431);

INSERT INTO `meeting_individual_results` (`id`, `rank`, `is_play_off`, `is_out_of_race`, `is_disqualified`, `standard_points`, `meeting_individual_points`, `minutes`, `seconds`, `hundreds`, `meeting_program_id`, `swimmer_id`, `team_id`, `badge_id`, `user_id`, `created_at`, `updated_at`, `disqualification_code_type_id`, `goggle_cup_points`, `reaction_time`, `team_points`, `team_affiliation_id`)
  VALUES (251209, 3, 1, 0, 0, 740.56, 740.56, 0, 34, 69, 34418, 13019, 604, 28951, 1, '2015-09-26 07:13:05', '2015-09-26 07:13:05', NULL, 0.0, 0.0, 0.0, 1417);

INSERT INTO `meeting_individual_results` (`id`, `rank`, `is_play_off`, `is_out_of_race`, `is_disqualified`, `standard_points`, `meeting_individual_points`, `minutes`, `seconds`, `hundreds`, `meeting_program_id`, `swimmer_id`, `team_id`, `badge_id`, `user_id`, `created_at`, `updated_at`, `disqualification_code_type_id`, `goggle_cup_points`, `reaction_time`, `team_points`, `team_affiliation_id`)
  VALUES (251210, 4, 1, 0, 0, 739.71, 739.71, 0, 34, 73, 34418, 12863, 512, 29106, 1, '2015-09-26 07:13:05', '2015-09-26 07:13:05', NULL, 0.0, 0.0, 0.0, 1423);

INSERT INTO `meeting_individual_results` (`id`, `rank`, `is_play_off`, `is_out_of_race`, `is_disqualified`, `standard_points`, `meeting_individual_points`, `minutes`, `seconds`, `hundreds`, `meeting_program_id`, `swimmer_id`, `team_id`, `badge_id`, `user_id`, `created_at`, `updated_at`, `disqualification_code_type_id`, `goggle_cup_points`, `reaction_time`, `team_points`, `team_affiliation_id`)
  VALUES (251211, 5, 1, 0, 0, 733.79, 733.79, 0, 35, 1, 34418, 12838, 505, 29254, 1, '2015-09-26 07:13:05', '2015-09-26 07:13:05', NULL, 0.0, 0.0, 0.0, 1415);

INSERT INTO `meeting_individual_results` (`id`, `rank`, `is_play_off`, `is_out_of_race`, `is_disqualified`, `standard_points`, `meeting_individual_points`, `minutes`, `seconds`, `hundreds`, `meeting_program_id`, `swimmer_id`, `team_id`, `badge_id`, `user_id`, `created_at`, `updated_at`, `disqualification_code_type_id`, `goggle_cup_points`, `reaction_time`, `team_points`, `team_affiliation_id`)
  VALUES (251212, 1, 1, 0, 0, 815.14, 815.14, 0, 32, 24, 34419, 10205, 335, 29117, 1, '2015-09-26 07:13:05', '2015-09-26 07:13:05', NULL, 0.0, 0.0, 0.0, 1429);

INSERT INTO `meeting_individual_results` (`id`, `rank`, `is_play_off`, `is_out_of_race`, `is_disqualified`, `standard_points`, `meeting_individual_points`, `minutes`, `seconds`, `hundreds`, `meeting_program_id`, `swimmer_id`, `team_id`, `badge_id`, `user_id`, `created_at`, `updated_at`, `disqualification_code_type_id`, `goggle_cup_points`, `reaction_time`, `team_points`, `team_affiliation_id`)
  VALUES (251213, 2, 1, 0, 0, 736.55, 736.55, 0, 35, 68, 34419, 12875, 508, 31778, 1, '2015-09-26 07:13:05', '2015-09-26 07:13:05', NULL, 0.0, 0.0, 0.0, 1416);

INSERT INTO `meeting_individual_results` (`id`, `rank`, `is_play_off`, `is_out_of_race`, `is_disqualified`, `standard_points`, `meeting_individual_points`, `minutes`, `seconds`, `hundreds`, `meeting_program_id`, `swimmer_id`, `team_id`, `badge_id`, `user_id`, `created_at`, `updated_at`, `disqualification_code_type_id`, `goggle_cup_points`, `reaction_time`, `team_points`, `team_affiliation_id`)
  VALUES (251214, 3, 1, 0, 0, 707.78, 707.78, 0, 37, 13, 34419, 13012, 508, 29215, 1, '2015-09-26 07:13:05', '2015-09-26 07:13:05', NULL, 0.0, 0.0, 0.0, 1416);

INSERT INTO `meeting_individual_results` (`id`, `rank`, `is_play_off`, `is_out_of_race`, `is_disqualified`, `standard_points`, `meeting_individual_points`, `minutes`, `seconds`, `hundreds`, `meeting_program_id`, `swimmer_id`, `team_id`, `badge_id`, `user_id`, `created_at`, `updated_at`, `disqualification_code_type_id`, `goggle_cup_points`, `reaction_time`, `team_points`, `team_affiliation_id`)
  VALUES (251215, 4, 1, 0, 0, 699.12, 699.12, 0, 37, 59, 34419, 16555, 800, 29124, 1, '2015-09-26 07:13:05', '2015-09-26 07:13:05', NULL, 0.0, 0.0, 0.0, 1434);

INSERT INTO `meeting_individual_results` (`id`, `rank`, `is_play_off`, `is_out_of_race`, `is_disqualified`, `standard_points`, `meeting_individual_points`, `minutes`, `seconds`, `hundreds`, `meeting_program_id`, `swimmer_id`, `team_id`, `badge_id`, `user_id`, `created_at`, `updated_at`, `disqualification_code_type_id`, `goggle_cup_points`, `reaction_time`, `team_points`, `team_affiliation_id`)
  VALUES (251216, 5, 1, 0, 0, 620.4, 620.4, 0, 42, 36, 34419, 18369, 604, 29265, 1, '2015-09-26 07:13:05', '2015-09-26 07:13:05', NULL, 0.0, 0.0, 0.0, 1417);

INSERT INTO `meeting_individual_results` (`id`, `rank`, `is_play_off`, `is_out_of_race`, `is_disqualified`, `standard_points`, `meeting_individual_points`, `minutes`, `seconds`, `hundreds`, `meeting_program_id`, `swimmer_id`, `team_id`, `badge_id`, `user_id`, `created_at`, `updated_at`, `disqualification_code_type_id`, `goggle_cup_points`, `reaction_time`, `team_points`, `team_affiliation_id`)
  VALUES (251217, 6, 1, 0, 0, 611.45, 611.45, 0, 42, 98, 34419, 20073, 600, 29266, 1, '2015-09-26 07:13:06', '2015-09-26 07:13:06', NULL, 0.0, 0.0, 0.0, 1425);

INSERT INTO `meeting_individual_results` (`id`, `rank`, `is_play_off`, `is_out_of_race`, `is_disqualified`, `standard_points`, `meeting_individual_points`, `minutes`, `seconds`, `hundreds`, `meeting_program_id`, `swimmer_id`, `team_id`, `badge_id`, `user_id`, `created_at`, `updated_at`, `disqualification_code_type_id`, `goggle_cup_points`, `reaction_time`, `team_points`, `team_affiliation_id`)
  VALUES (251218, 1, 1, 0, 0, 861.54, 861.54, 0, 31, 20, 34420, 12935, 607, 31772, 1, '2015-09-26 07:13:06', '2015-09-26 07:13:06', NULL, 0.0, 0.0, 0.0, 1428);

INSERT INTO `meeting_individual_results` (`id`, `rank`, `is_play_off`, `is_out_of_race`, `is_disqualified`, `standard_points`, `meeting_individual_points`, `minutes`, `seconds`, `hundreds`, `meeting_program_id`, `swimmer_id`, `team_id`, `badge_id`, `user_id`, `created_at`, `updated_at`, `disqualification_code_type_id`, `goggle_cup_points`, `reaction_time`, `team_points`, `team_affiliation_id`)
  VALUES (251219, 2, 1, 0, 0, 708.3, 708.3, 0, 37, 95, 34420, 20012, 371, 29270, 1, '2015-09-26 07:13:06', '2015-09-26 07:13:06', NULL, 0.0, 0.0, 0.0, 1427);

INSERT INTO `meeting_individual_results` (`id`, `rank`, `is_play_off`, `is_out_of_race`, `is_disqualified`, `standard_points`, `meeting_individual_points`, `minutes`, `seconds`, `hundreds`, `meeting_program_id`, `swimmer_id`, `team_id`, `badge_id`, `user_id`, `created_at`, `updated_at`, `disqualification_code_type_id`, `goggle_cup_points`, `reaction_time`, `team_points`, `team_affiliation_id`)
  VALUES (251220, 1, 1, 0, 0, 893.03, 893.03, 0, 30, 85, 34421, 13868, 607, 29174, 1, '2015-09-26 07:13:06', '2015-09-26 07:13:06', NULL, 0.0, 0.0, 0.0, 1428);

INSERT INTO `meeting_individual_results` (`id`, `rank`, `is_play_off`, `is_out_of_race`, `is_disqualified`, `standard_points`, `meeting_individual_points`, `minutes`, `seconds`, `hundreds`, `meeting_program_id`, `swimmer_id`, `team_id`, `badge_id`, `user_id`, `created_at`, `updated_at`, `disqualification_code_type_id`, `goggle_cup_points`, `reaction_time`, `team_points`, `team_affiliation_id`)
  VALUES (251221, 2, 1, 0, 0, 649.76, 649.76, 0, 42, 40, 34421, 13861, 512, 29275, 1, '2015-09-26 07:13:06', '2015-09-26 07:13:06', NULL, 0.0, 0.0, 0.0, 1423);

INSERT INTO `meeting_individual_results` (`id`, `rank`, `is_play_off`, `is_out_of_race`, `is_disqualified`, `standard_points`, `meeting_individual_points`, `minutes`, `seconds`, `hundreds`, `meeting_program_id`, `swimmer_id`, `team_id`, `badge_id`, `user_id`, `created_at`, `updated_at`, `disqualification_code_type_id`, `goggle_cup_points`, `reaction_time`, `team_points`, `team_affiliation_id`)
  VALUES (251222, 3, 1, 0, 0, 586.67, 586.67, 0, 46, 96, 34421, 20127, 512, 29277, 1, '2015-09-26 07:13:06', '2015-09-26 07:13:06', NULL, 0.0, 0.0, 0.0, 1423);

INSERT INTO `meeting_individual_results` (`id`, `rank`, `is_play_off`, `is_out_of_race`, `is_disqualified`, `standard_points`, `meeting_individual_points`, `minutes`, `seconds`, `hundreds`, `meeting_program_id`, `swimmer_id`, `team_id`, `badge_id`, `user_id`, `created_at`, `updated_at`, `disqualification_code_type_id`, `goggle_cup_points`, `reaction_time`, `team_points`, `team_affiliation_id`)
  VALUES (251223, 1, 1, 0, 0, 577.09, 577.09, 0, 51, 76, 34422, 12899, 603, 29279, 1, '2015-09-26 07:13:06', '2015-09-26 07:13:06', NULL, 0.0, 0.0, 0.0, 1414);

INSERT INTO `meeting_individual_results` (`id`, `rank`, `is_play_off`, `is_out_of_race`, `is_disqualified`, `standard_points`, `meeting_individual_points`, `minutes`, `seconds`, `hundreds`, `meeting_program_id`, `swimmer_id`, `team_id`, `badge_id`, `user_id`, `created_at`, `updated_at`, `disqualification_code_type_id`, `goggle_cup_points`, `reaction_time`, `team_points`, `team_affiliation_id`)
  VALUES (251224, 1, 1, 0, 0, 0.0, 0.0, 0, 31, 32, 34423, 20832, 604, 31743, 1, '2015-09-26 07:13:06', '2015-09-26 07:13:06', NULL, 0.0, 0.0, 0.0, 1417);

INSERT INTO `meeting_individual_results` (`id`, `rank`, `is_play_off`, `is_out_of_race`, `is_disqualified`, `standard_points`, `meeting_individual_points`, `minutes`, `seconds`, `hundreds`, `meeting_program_id`, `swimmer_id`, `team_id`, `badge_id`, `user_id`, `created_at`, `updated_at`, `disqualification_code_type_id`, `goggle_cup_points`, `reaction_time`, `team_points`, `team_affiliation_id`)
  VALUES (251225, 2, 1, 0, 0, 0.0, 0.0, 0, 32, 3, 34423, 20140, 604, 29032, 1, '2015-09-26 07:13:06', '2015-09-26 07:13:06', NULL, 0.0, 0.0, 0.0, 1417);

INSERT INTO `meeting_individual_results` (`id`, `rank`, `is_play_off`, `is_out_of_race`, `is_disqualified`, `standard_points`, `meeting_individual_points`, `minutes`, `seconds`, `hundreds`, `meeting_program_id`, `swimmer_id`, `team_id`, `badge_id`, `user_id`, `created_at`, `updated_at`, `disqualification_code_type_id`, `goggle_cup_points`, `reaction_time`, `team_points`, `team_affiliation_id`)
  VALUES (251226, 3, 1, 0, 0, 0.0, 0.0, 0, 32, 68, 34423, 20142, 335, 29143, 1, '2015-09-26 07:13:06', '2015-09-26 07:13:06', NULL, 0.0, 0.0, 0.0, 1429);

INSERT INTO `meeting_individual_results` (`id`, `rank`, `is_play_off`, `is_out_of_race`, `is_disqualified`, `standard_points`, `meeting_individual_points`, `minutes`, `seconds`, `hundreds`, `meeting_program_id`, `swimmer_id`, `team_id`, `badge_id`, `user_id`, `created_at`, `updated_at`, `disqualification_code_type_id`, `goggle_cup_points`, `reaction_time`, `team_points`, `team_affiliation_id`)
  VALUES (251227, 4, 1, 0, 0, 0.0, 0.0, 0, 33, 61, 34423, 13854, 322, 29142, 1, '2015-09-26 07:13:06', '2015-09-26 07:13:06', NULL, 0.0, 0.0, 0.0, 1431);

INSERT INTO `meeting_individual_results` (`id`, `rank`, `is_play_off`, `is_out_of_race`, `is_disqualified`, `standard_points`, `meeting_individual_points`, `minutes`, `seconds`, `hundreds`, `meeting_program_id`, `swimmer_id`, `team_id`, `badge_id`, `user_id`, `created_at`, `updated_at`, `disqualification_code_type_id`, `goggle_cup_points`, `reaction_time`, `team_points`, `team_affiliation_id`)
  VALUES (251228, 5, 1, 0, 0, 0.0, 0.0, 0, 34, 84, 34423, 20818, 600, 31767, 1, '2015-09-26 07:13:06', '2015-09-26 07:13:06', NULL, 0.0, 0.0, 0.0, 1425);

INSERT INTO `meeting_individual_results` (`id`, `rank`, `is_play_off`, `is_out_of_race`, `is_disqualified`, `standard_points`, `meeting_individual_points`, `minutes`, `seconds`, `hundreds`, `meeting_program_id`, `swimmer_id`, `team_id`, `badge_id`, `user_id`, `created_at`, `updated_at`, `disqualification_code_type_id`, `goggle_cup_points`, `reaction_time`, `team_points`, `team_affiliation_id`)
  VALUES (251229, 6, 1, 0, 0, 0.0, 0.0, 0, 36, 54, 34423, 20833, 371, 31779, 1, '2015-09-26 07:13:07', '2015-09-26 07:13:07', NULL, 0.0, 0.0, 0.0, 1427);

INSERT INTO `meeting_individual_results` (`id`, `rank`, `is_play_off`, `is_out_of_race`, `is_disqualified`, `standard_points`, `meeting_individual_points`, `minutes`, `seconds`, `hundreds`, `meeting_program_id`, `swimmer_id`, `team_id`, `badge_id`, `user_id`, `created_at`, `updated_at`, `disqualification_code_type_id`, `goggle_cup_points`, `reaction_time`, `team_points`, `team_affiliation_id`)
  VALUES (251230, 7, 1, 0, 0, 0.0, 0.0, 0, 39, 22, 34423, 12930, 600, 31766, 1, '2015-09-26 07:13:07', '2015-09-26 07:13:07', NULL, 0.0, 0.0, 0.0, 1425);

INSERT INTO `meeting_individual_results` (`id`, `rank`, `is_play_off`, `is_out_of_race`, `is_disqualified`, `standard_points`, `meeting_individual_points`, `minutes`, `seconds`, `hundreds`, `meeting_program_id`, `swimmer_id`, `team_id`, `badge_id`, `user_id`, `created_at`, `updated_at`, `disqualification_code_type_id`, `goggle_cup_points`, `reaction_time`, `team_points`, `team_affiliation_id`)
  VALUES (251231, 1, 1, 0, 0, 726.05, 726.05, 0, 45, 52, 34424, 13901, 600, 29176, 1, '2015-09-26 07:13:07', '2015-09-26 07:13:07', NULL, 0.0, 0.0, 0.0, 1425);

INSERT INTO `meeting_individual_results` (`id`, `rank`, `is_play_off`, `is_out_of_race`, `is_disqualified`, `standard_points`, `meeting_individual_points`, `minutes`, `seconds`, `hundreds`, `meeting_program_id`, `swimmer_id`, `team_id`, `badge_id`, `user_id`, `created_at`, `updated_at`, `disqualification_code_type_id`, `goggle_cup_points`, `reaction_time`, `team_points`, `team_affiliation_id`)
  VALUES (251232, 1, 1, 0, 0, 799.57, 799.57, 0, 41, 91, 34425, 13031, 322, 29229, 1, '2015-09-26 07:13:07', '2015-09-26 07:13:07', NULL, 0.0, 0.0, 0.0, 1431);

INSERT INTO `meeting_individual_results` (`id`, `rank`, `is_play_off`, `is_out_of_race`, `is_disqualified`, `standard_points`, `meeting_individual_points`, `minutes`, `seconds`, `hundreds`, `meeting_program_id`, `swimmer_id`, `team_id`, `badge_id`, `user_id`, `created_at`, `updated_at`, `disqualification_code_type_id`, `goggle_cup_points`, `reaction_time`, `team_points`, `team_affiliation_id`)
  VALUES (251233, 2, 1, 0, 0, 737.13, 737.13, 0, 45, 46, 34425, 12770, 800, 29282, 1, '2015-09-26 07:13:07', '2015-09-26 07:13:07', NULL, 0.0, 0.0, 0.0, 1434);

INSERT INTO `meeting_individual_results` (`id`, `rank`, `is_play_off`, `is_out_of_race`, `is_disqualified`, `standard_points`, `meeting_individual_points`, `minutes`, `seconds`, `hundreds`, `meeting_program_id`, `swimmer_id`, `team_id`, `badge_id`, `user_id`, `created_at`, `updated_at`, `disqualification_code_type_id`, `goggle_cup_points`, `reaction_time`, `team_points`, `team_affiliation_id`)
  VALUES (251234, 3, 1, 0, 0, 629.89, 629.89, 0, 53, 20, 34425, 20120, 600, 29283, 1, '2015-09-26 07:13:07', '2015-09-26 07:13:07', NULL, 0.0, 0.0, 0.0, 1425);

INSERT INTO `meeting_individual_results` (`id`, `rank`, `is_play_off`, `is_out_of_race`, `is_disqualified`, `standard_points`, `meeting_individual_points`, `minutes`, `seconds`, `hundreds`, `meeting_program_id`, `swimmer_id`, `team_id`, `badge_id`, `user_id`, `created_at`, `updated_at`, `disqualification_code_type_id`, `goggle_cup_points`, `reaction_time`, `team_points`, `team_affiliation_id`)
  VALUES (251235, 1, 1, 0, 0, 789.54, 789.54, 0, 42, 81, 34426, 9937, 514, 29284, 1, '2015-09-26 07:13:07', '2015-09-26 07:13:07', NULL, 0.0, 0.0, 0.0, 1426);

INSERT INTO `meeting_individual_results` (`id`, `rank`, `is_play_off`, `is_out_of_race`, `is_disqualified`, `standard_points`, `meeting_individual_points`, `minutes`, `seconds`, `hundreds`, `meeting_program_id`, `swimmer_id`, `team_id`, `badge_id`, `user_id`, `created_at`, `updated_at`, `disqualification_code_type_id`, `goggle_cup_points`, `reaction_time`, `team_points`, `team_affiliation_id`)
  VALUES (251236, 2, 1, 0, 0, 679.12, 679.12, 0, 49, 77, 34426, 12954, 371, 29177, 1, '2015-09-26 07:13:07', '2015-09-26 07:13:07', NULL, 0.0, 0.0, 0.0, 1427);

INSERT INTO `meeting_individual_results` (`id`, `rank`, `is_play_off`, `is_out_of_race`, `is_disqualified`, `standard_points`, `meeting_individual_points`, `minutes`, `seconds`, `hundreds`, `meeting_program_id`, `swimmer_id`, `team_id`, `badge_id`, `user_id`, `created_at`, `updated_at`, `disqualification_code_type_id`, `goggle_cup_points`, `reaction_time`, `team_points`, `team_affiliation_id`)
  VALUES (251237, 3, 1, 0, 0, 653.27, 653.27, 0, 51, 74, 34426, 16422, 514, 28981, 1, '2015-09-26 07:13:07', '2015-09-26 07:13:07', NULL, 0.0, 0.0, 0.0, 1426);

INSERT INTO `meeting_individual_results` (`id`, `rank`, `is_play_off`, `is_out_of_race`, `is_disqualified`, `standard_points`, `meeting_individual_points`, `minutes`, `seconds`, `hundreds`, `meeting_program_id`, `swimmer_id`, `team_id`, `badge_id`, `user_id`, `created_at`, `updated_at`, `disqualification_code_type_id`, `goggle_cup_points`, `reaction_time`, `team_points`, `team_affiliation_id`)
  VALUES (251238, 4, 1, 0, 0, 647.88, 647.88, 0, 52, 17, 34426, 20100, 371, 28980, 1, '2015-09-26 07:13:08', '2015-09-26 07:13:08', NULL, 0.0, 0.0, 0.0, 1427);

INSERT INTO `meeting_individual_results` (`id`, `rank`, `is_play_off`, `is_out_of_race`, `is_disqualified`, `standard_points`, `meeting_individual_points`, `minutes`, `seconds`, `hundreds`, `meeting_program_id`, `swimmer_id`, `team_id`, `badge_id`, `user_id`, `created_at`, `updated_at`, `disqualification_code_type_id`, `goggle_cup_points`, `reaction_time`, `team_points`, `team_affiliation_id`)
  VALUES (251239, 1, 1, 0, 0, 859.68, 859.68, 0, 39, 91, 34427, 9991, 508, 28982, 1, '2015-09-26 07:13:08', '2015-09-26 07:13:08', NULL, 0.0, 0.0, 0.0, 1416);

INSERT INTO `meeting_individual_results` (`id`, `rank`, `is_play_off`, `is_out_of_race`, `is_disqualified`, `standard_points`, `meeting_individual_points`, `minutes`, `seconds`, `hundreds`, `meeting_program_id`, `swimmer_id`, `team_id`, `badge_id`, `user_id`, `created_at`, `updated_at`, `disqualification_code_type_id`, `goggle_cup_points`, `reaction_time`, `team_points`, `team_affiliation_id`)
  VALUES (251240, 2, 1, 0, 0, 649.93, 649.93, 0, 52, 79, 34427, 10369, 335, 29286, 1, '2015-09-26 07:13:08', '2015-09-26 07:13:08', NULL, 0.0, 0.0, 0.0, 1429);

INSERT INTO `meeting_individual_results` (`id`, `rank`, `is_play_off`, `is_out_of_race`, `is_disqualified`, `standard_points`, `meeting_individual_points`, `minutes`, `seconds`, `hundreds`, `meeting_program_id`, `swimmer_id`, `team_id`, `badge_id`, `user_id`, `created_at`, `updated_at`, `disqualification_code_type_id`, `goggle_cup_points`, `reaction_time`, `team_points`, `team_affiliation_id`)
  VALUES (251241, 1, 1, 0, 0, 740.15, 740.15, 0, 47, 22, 34428, 13897, 371, 28986, 1, '2015-09-26 07:13:08', '2015-09-26 07:13:08', NULL, 0.0, 0.0, 0.0, 1427);

INSERT INTO `meeting_individual_results` (`id`, `rank`, `is_play_off`, `is_out_of_race`, `is_disqualified`, `standard_points`, `meeting_individual_points`, `minutes`, `seconds`, `hundreds`, `meeting_program_id`, `swimmer_id`, `team_id`, `badge_id`, `user_id`, `created_at`, `updated_at`, `disqualification_code_type_id`, `goggle_cup_points`, `reaction_time`, `team_points`, `team_affiliation_id`)
  VALUES (251242, 2, 1, 0, 0, 740.15, 740.15, 0, 47, 22, 34428, 15746, 202, 31780, 1, '2015-09-26 07:13:08', '2015-09-26 07:13:08', NULL, 0.0, 0.0, 0.0, 1018);

INSERT INTO `meeting_individual_results` (`id`, `rank`, `is_play_off`, `is_out_of_race`, `is_disqualified`, `standard_points`, `meeting_individual_points`, `minutes`, `seconds`, `hundreds`, `meeting_program_id`, `swimmer_id`, `team_id`, `badge_id`, `user_id`, `created_at`, `updated_at`, `disqualification_code_type_id`, `goggle_cup_points`, `reaction_time`, `team_points`, `team_affiliation_id`)
  VALUES (251243, 1, 1, 0, 0, 858.73, 858.73, 0, 45, 9, 34429, 9983, 84, 29179, 1, '2015-09-26 07:13:08', '2015-09-26 07:13:08', NULL, 0.0, 0.0, 0.0, 1233);

INSERT INTO `meeting_individual_results` (`id`, `rank`, `is_play_off`, `is_out_of_race`, `is_disqualified`, `standard_points`, `meeting_individual_points`, `minutes`, `seconds`, `hundreds`, `meeting_program_id`, `swimmer_id`, `team_id`, `badge_id`, `user_id`, `created_at`, `updated_at`, `disqualification_code_type_id`, `goggle_cup_points`, `reaction_time`, `team_points`, `team_affiliation_id`)
  VALUES (251244, 1, 1, 0, 0, 0.0, 0.0, 0, 53, 64, 34430, 20826, 600, 31781, 1, '2015-09-26 07:13:08', '2015-09-26 07:13:08', NULL, 0.0, 0.0, 0.0, 1425);

INSERT INTO `meeting_individual_results` (`id`, `rank`, `is_play_off`, `is_out_of_race`, `is_disqualified`, `standard_points`, `meeting_individual_points`, `minutes`, `seconds`, `hundreds`, `meeting_program_id`, `swimmer_id`, `team_id`, `badge_id`, `user_id`, `created_at`, `updated_at`, `disqualification_code_type_id`, `goggle_cup_points`, `reaction_time`, `team_points`, `team_affiliation_id`)
  VALUES (251245, 1, 1, 0, 0, 846.18, 846.18, 0, 33, 87, 34431, 9934, 508, 29159, 1, '2015-09-26 07:13:08', '2015-09-26 07:13:08', NULL, 0.0, 0.0, 0.0, 1416);

INSERT INTO `meeting_individual_results` (`id`, `rank`, `is_play_off`, `is_out_of_race`, `is_disqualified`, `standard_points`, `meeting_individual_points`, `minutes`, `seconds`, `hundreds`, `meeting_program_id`, `swimmer_id`, `team_id`, `badge_id`, `user_id`, `created_at`, `updated_at`, `disqualification_code_type_id`, `goggle_cup_points`, `reaction_time`, `team_points`, `team_affiliation_id`)
  VALUES (251246, 2, 1, 0, 0, 783.27, 783.27, 0, 36, 59, 34431, 20141, 800, 29292, 1, '2015-09-26 07:13:08', '2015-09-26 07:13:08', NULL, 0.0, 0.0, 0.0, 1434);

INSERT INTO `meeting_individual_results` (`id`, `rank`, `is_play_off`, `is_out_of_race`, `is_disqualified`, `standard_points`, `meeting_individual_points`, `minutes`, `seconds`, `hundreds`, `meeting_program_id`, `swimmer_id`, `team_id`, `badge_id`, `user_id`, `created_at`, `updated_at`, `disqualification_code_type_id`, `goggle_cup_points`, `reaction_time`, `team_points`, `team_affiliation_id`)
  VALUES (251247, 3, 1, 0, 0, 747.52, 747.52, 0, 38, 34, 34431, 12913, 607, 31752, 1, '2015-09-26 07:13:08', '2015-09-26 07:13:08', NULL, 0.0, 0.0, 0.0, 1428);

INSERT INTO `meeting_individual_results` (`id`, `rank`, `is_play_off`, `is_out_of_race`, `is_disqualified`, `standard_points`, `meeting_individual_points`, `minutes`, `seconds`, `hundreds`, `meeting_program_id`, `swimmer_id`, `team_id`, `badge_id`, `user_id`, `created_at`, `updated_at`, `disqualification_code_type_id`, `goggle_cup_points`, `reaction_time`, `team_points`, `team_affiliation_id`)
  VALUES (251248, 4, 1, 0, 0, 659.61, 659.61, 0, 43, 45, 34431, 12887, 608, 28994, 1, '2015-09-26 07:13:09', '2015-09-26 07:13:09', NULL, 0.0, 0.0, 0.0, 1430);

INSERT INTO `meeting_individual_results` (`id`, `rank`, `is_play_off`, `is_out_of_race`, `is_disqualified`, `standard_points`, `meeting_individual_points`, `minutes`, `seconds`, `hundreds`, `meeting_program_id`, `swimmer_id`, `team_id`, `badge_id`, `user_id`, `created_at`, `updated_at`, `disqualification_code_type_id`, `goggle_cup_points`, `reaction_time`, `team_points`, `team_affiliation_id`)
  VALUES (251249, 5, 1, 0, 0, 635.34, 635.34, 0, 45, 11, 34431, 20822, 371, 31782, 1, '2015-09-26 07:13:09', '2015-09-26 07:13:09', NULL, 0.0, 0.0, 0.0, 1427);

INSERT INTO `meeting_individual_results` (`id`, `rank`, `is_play_off`, `is_out_of_race`, `is_disqualified`, `standard_points`, `meeting_individual_points`, `minutes`, `seconds`, `hundreds`, `meeting_program_id`, `swimmer_id`, `team_id`, `badge_id`, `user_id`, `created_at`, `updated_at`, `disqualification_code_type_id`, `goggle_cup_points`, `reaction_time`, `team_points`, `team_affiliation_id`)
  VALUES (251250, 6, 1, 0, 1, 0.0, 0.0, 0, 0, 0, 34431, 12805, 817, 28989, 1, '2015-09-26 07:13:09', '2015-09-26 07:13:09', 1, 0.0, 0.0, 0.0, 1525);

INSERT INTO `meeting_individual_results` (`id`, `rank`, `is_play_off`, `is_out_of_race`, `is_disqualified`, `standard_points`, `meeting_individual_points`, `minutes`, `seconds`, `hundreds`, `meeting_program_id`, `swimmer_id`, `team_id`, `badge_id`, `user_id`, `created_at`, `updated_at`, `disqualification_code_type_id`, `goggle_cup_points`, `reaction_time`, `team_points`, `team_affiliation_id`)
  VALUES (251251, 1, 1, 0, 0, 737.84, 737.84, 0, 39, 48, 34432, 20087, 690, 29000, 1, '2015-09-26 07:13:09', '2015-09-26 07:13:09', NULL, 0.0, 0.0, 0.0, 1418);

INSERT INTO `meeting_individual_results` (`id`, `rank`, `is_play_off`, `is_out_of_race`, `is_disqualified`, `standard_points`, `meeting_individual_points`, `minutes`, `seconds`, `hundreds`, `meeting_program_id`, `swimmer_id`, `team_id`, `badge_id`, `user_id`, `created_at`, `updated_at`, `disqualification_code_type_id`, `goggle_cup_points`, `reaction_time`, `team_points`, `team_affiliation_id`)
  VALUES (251252, 2, 1, 0, 0, 710.14, 710.14, 0, 41, 2, 34432, 16610, 335, 29245, 1, '2015-09-26 07:13:09', '2015-09-26 07:13:09', NULL, 0.0, 0.0, 0.0, 1429);

INSERT INTO `meeting_individual_results` (`id`, `rank`, `is_play_off`, `is_out_of_race`, `is_disqualified`, `standard_points`, `meeting_individual_points`, `minutes`, `seconds`, `hundreds`, `meeting_program_id`, `swimmer_id`, `team_id`, `badge_id`, `user_id`, `created_at`, `updated_at`, `disqualification_code_type_id`, `goggle_cup_points`, `reaction_time`, `team_points`, `team_affiliation_id`)
  VALUES (251253, 1, 1, 0, 0, 766.98, 766.98, 0, 38, 28, 34433, 20831, 508, 31745, 1, '2015-09-26 07:13:09', '2015-09-26 07:13:09', NULL, 0.0, 0.0, 0.0, 1416);

INSERT INTO `meeting_individual_results` (`id`, `rank`, `is_play_off`, `is_out_of_race`, `is_disqualified`, `standard_points`, `meeting_individual_points`, `minutes`, `seconds`, `hundreds`, `meeting_program_id`, `swimmer_id`, `team_id`, `badge_id`, `user_id`, `created_at`, `updated_at`, `disqualification_code_type_id`, `goggle_cup_points`, `reaction_time`, `team_points`, `team_affiliation_id`)
  VALUES (251254, 2, 1, 0, 0, 731.44, 731.44, 0, 40, 14, 34433, 20056, 601, 29006, 1, '2015-09-26 07:13:09', '2015-09-26 07:13:09', NULL, 0.0, 0.0, 0.0, 1413);

INSERT INTO `meeting_individual_results` (`id`, `rank`, `is_play_off`, `is_out_of_race`, `is_disqualified`, `standard_points`, `meeting_individual_points`, `minutes`, `seconds`, `hundreds`, `meeting_program_id`, `swimmer_id`, `team_id`, `badge_id`, `user_id`, `created_at`, `updated_at`, `disqualification_code_type_id`, `goggle_cup_points`, `reaction_time`, `team_points`, `team_affiliation_id`)
  VALUES (251255, 3, 1, 0, 0, 660.81, 660.81, 0, 44, 43, 34433, 12816, 514, 31764, 1, '2015-09-26 07:13:09', '2015-09-26 07:13:09', NULL, 0.0, 0.0, 0.0, 1426);

INSERT INTO `meeting_individual_results` (`id`, `rank`, `is_play_off`, `is_out_of_race`, `is_disqualified`, `standard_points`, `meeting_individual_points`, `minutes`, `seconds`, `hundreds`, `meeting_program_id`, `swimmer_id`, `team_id`, `badge_id`, `user_id`, `created_at`, `updated_at`, `disqualification_code_type_id`, `goggle_cup_points`, `reaction_time`, `team_points`, `team_affiliation_id`)
  VALUES (251256, 1, 1, 0, 0, 750.89, 750.89, 0, 39, 54, 34434, 12963, 607, 29008, 1, '2015-09-26 07:13:09', '2015-09-26 07:13:09', NULL, 0.0, 0.0, 0.0, 1428);

INSERT INTO `meeting_individual_results` (`id`, `rank`, `is_play_off`, `is_out_of_race`, `is_disqualified`, `standard_points`, `meeting_individual_points`, `minutes`, `seconds`, `hundreds`, `meeting_program_id`, `swimmer_id`, `team_id`, `badge_id`, `user_id`, `created_at`, `updated_at`, `disqualification_code_type_id`, `goggle_cup_points`, `reaction_time`, `team_points`, `team_affiliation_id`)
  VALUES (251257, 2, 1, 0, 0, 741.88, 741.88, 0, 40, 2, 34434, 10024, 335, 29010, 1, '2015-09-26 07:13:09', '2015-09-26 07:13:09', NULL, 0.0, 0.0, 0.0, 1429);

INSERT INTO `meeting_individual_results` (`id`, `rank`, `is_play_off`, `is_out_of_race`, `is_disqualified`, `standard_points`, `meeting_individual_points`, `minutes`, `seconds`, `hundreds`, `meeting_program_id`, `swimmer_id`, `team_id`, `badge_id`, `user_id`, `created_at`, `updated_at`, `disqualification_code_type_id`, `goggle_cup_points`, `reaction_time`, `team_points`, `team_affiliation_id`)
  VALUES (251258, 3, 1, 0, 0, 730.02, 730.02, 0, 40, 67, 34434, 13898, 607, 29011, 1, '2015-09-26 07:13:10', '2015-09-26 07:13:10', NULL, 0.0, 0.0, 0.0, 1428);

INSERT INTO `meeting_individual_results` (`id`, `rank`, `is_play_off`, `is_out_of_race`, `is_disqualified`, `standard_points`, `meeting_individual_points`, `minutes`, `seconds`, `hundreds`, `meeting_program_id`, `swimmer_id`, `team_id`, `badge_id`, `user_id`, `created_at`, `updated_at`, `disqualification_code_type_id`, `goggle_cup_points`, `reaction_time`, `team_points`, `team_affiliation_id`)
  VALUES (251259, 4, 1, 0, 0, 692.56, 692.56, 0, 42, 87, 34434, 18027, 631, 29013, 1, '2015-09-26 07:13:10', '2015-09-26 07:13:10', NULL, 0.0, 0.0, 0.0, 1432);

INSERT INTO `meeting_individual_results` (`id`, `rank`, `is_play_off`, `is_out_of_race`, `is_disqualified`, `standard_points`, `meeting_individual_points`, `minutes`, `seconds`, `hundreds`, `meeting_program_id`, `swimmer_id`, `team_id`, `badge_id`, `user_id`, `created_at`, `updated_at`, `disqualification_code_type_id`, `goggle_cup_points`, `reaction_time`, `team_points`, `team_affiliation_id`)
  VALUES (251260, 5, 1, 0, 0, 687.11, 687.11, 0, 43, 21, 34434, 6788, 371, 31770, 1, '2015-09-26 07:13:10', '2015-09-26 07:13:10', NULL, 0.0, 0.0, 0.0, 1427);

INSERT INTO `meeting_individual_results` (`id`, `rank`, `is_play_off`, `is_out_of_race`, `is_disqualified`, `standard_points`, `meeting_individual_points`, `minutes`, `seconds`, `hundreds`, `meeting_program_id`, `swimmer_id`, `team_id`, `badge_id`, `user_id`, `created_at`, `updated_at`, `disqualification_code_type_id`, `goggle_cup_points`, `reaction_time`, `team_points`, `team_affiliation_id`)
  VALUES (251261, 6, 1, 0, 0, 601.38, 601.38, 0, 49, 37, 34434, 20075, 600, 29016, 1, '2015-09-26 07:13:10', '2015-09-26 07:13:10', NULL, 0.0, 0.0, 0.0, 1425);

INSERT INTO `meeting_individual_results` (`id`, `rank`, `is_play_off`, `is_out_of_race`, `is_disqualified`, `standard_points`, `meeting_individual_points`, `minutes`, `seconds`, `hundreds`, `meeting_program_id`, `swimmer_id`, `team_id`, `badge_id`, `user_id`, `created_at`, `updated_at`, `disqualification_code_type_id`, `goggle_cup_points`, `reaction_time`, `team_points`, `team_affiliation_id`)
  VALUES (251262, 7, 1, 0, 0, 533.42, 533.42, 0, 55, 66, 34434, 16375, 514, 31771, 1, '2015-09-26 07:13:10', '2015-09-26 07:13:10', NULL, 0.0, 0.0, 0.0, 1426);

INSERT INTO `meeting_individual_results` (`id`, `rank`, `is_play_off`, `is_out_of_race`, `is_disqualified`, `standard_points`, `meeting_individual_points`, `minutes`, `seconds`, `hundreds`, `meeting_program_id`, `swimmer_id`, `team_id`, `badge_id`, `user_id`, `created_at`, `updated_at`, `disqualification_code_type_id`, `goggle_cup_points`, `reaction_time`, `team_points`, `team_affiliation_id`)
  VALUES (251263, 1, 1, 0, 0, 790.53, 790.53, 0, 38, 24, 34435, 12854, 601, 29019, 1, '2015-09-26 07:13:10', '2015-09-26 07:13:10', NULL, 0.0, 0.0, 0.0, 1413);

INSERT INTO `meeting_individual_results` (`id`, `rank`, `is_play_off`, `is_out_of_race`, `is_disqualified`, `standard_points`, `meeting_individual_points`, `minutes`, `seconds`, `hundreds`, `meeting_program_id`, `swimmer_id`, `team_id`, `badge_id`, `user_id`, `created_at`, `updated_at`, `disqualification_code_type_id`, `goggle_cup_points`, `reaction_time`, `team_points`, `team_affiliation_id`)
  VALUES (251264, 2, 1, 0, 0, 745.5, 745.5, 0, 40, 55, 34435, 13030, 800, 29021, 1, '2015-09-26 07:13:10', '2015-09-26 07:13:10', NULL, 0.0, 0.0, 0.0, 1434);

INSERT INTO `meeting_individual_results` (`id`, `rank`, `is_play_off`, `is_out_of_race`, `is_disqualified`, `standard_points`, `meeting_individual_points`, `minutes`, `seconds`, `hundreds`, `meeting_program_id`, `swimmer_id`, `team_id`, `badge_id`, `user_id`, `created_at`, `updated_at`, `disqualification_code_type_id`, `goggle_cup_points`, `reaction_time`, `team_points`, `team_affiliation_id`)
  VALUES (251265, 1, 1, 0, 0, 792.63, 792.63, 0, 39, 64, 34436, 10771, 89, 29186, 1, '2015-09-26 07:13:10', '2015-09-26 07:13:10', NULL, 0.0, 0.0, 0.0, 965);

INSERT INTO `meeting_individual_results` (`id`, `rank`, `is_play_off`, `is_out_of_race`, `is_disqualified`, `standard_points`, `meeting_individual_points`, `minutes`, `seconds`, `hundreds`, `meeting_program_id`, `swimmer_id`, `team_id`, `badge_id`, `user_id`, `created_at`, `updated_at`, `disqualification_code_type_id`, `goggle_cup_points`, `reaction_time`, `team_points`, `team_affiliation_id`)
  VALUES (251266, 2, 1, 0, 0, 773.89, 773.89, 0, 40, 60, 34436, 12926, 371, 31749, 1, '2015-09-26 07:13:10', '2015-09-26 07:13:10', NULL, 0.0, 0.0, 0.0, 1427);

INSERT INTO `meeting_individual_results` (`id`, `rank`, `is_play_off`, `is_out_of_race`, `is_disqualified`, `standard_points`, `meeting_individual_points`, `minutes`, `seconds`, `hundreds`, `meeting_program_id`, `swimmer_id`, `team_id`, `badge_id`, `user_id`, `created_at`, `updated_at`, `disqualification_code_type_id`, `goggle_cup_points`, `reaction_time`, `team_points`, `team_affiliation_id`)
  VALUES (251267, 3, 1, 0, 0, 705.12, 705.12, 0, 44, 56, 34436, 20126, 803, 29027, 1, '2015-09-26 07:13:10', '2015-09-26 07:13:10', NULL, 0.0, 0.0, 0.0, 1437);

INSERT INTO `meeting_individual_results` (`id`, `rank`, `is_play_off`, `is_out_of_race`, `is_disqualified`, `standard_points`, `meeting_individual_points`, `minutes`, `seconds`, `hundreds`, `meeting_program_id`, `swimmer_id`, `team_id`, `badge_id`, `user_id`, `created_at`, `updated_at`, `disqualification_code_type_id`, `goggle_cup_points`, `reaction_time`, `team_points`, `team_affiliation_id`)
  VALUES (251268, 1, 1, 0, 0, 908.97, 908.97, 0, 37, 46, 34437, 19625, 202, 27346, 1, '2015-09-26 07:13:11', '2015-09-26 07:13:11', NULL, 0.0, 0.0, 0.0, 1018);

INSERT INTO `meeting_individual_results` (`id`, `rank`, `is_play_off`, `is_out_of_race`, `is_disqualified`, `standard_points`, `meeting_individual_points`, `minutes`, `seconds`, `hundreds`, `meeting_program_id`, `swimmer_id`, `team_id`, `badge_id`, `user_id`, `created_at`, `updated_at`, `disqualification_code_type_id`, `goggle_cup_points`, `reaction_time`, `team_points`, `team_affiliation_id`)
  VALUES (251269, 1, 1, 0, 0, 601.21, 601.21, 0, 59, 28, 34438, 9988, 514, 31750, 1, '2015-09-26 07:13:11', '2015-09-26 07:13:11', NULL, 0.0, 0.0, 0.0, 1426);

INSERT INTO `meeting_individual_results` (`id`, `rank`, `is_play_off`, `is_out_of_race`, `is_disqualified`, `standard_points`, `meeting_individual_points`, `minutes`, `seconds`, `hundreds`, `meeting_program_id`, `swimmer_id`, `team_id`, `badge_id`, `user_id`, `created_at`, `updated_at`, `disqualification_code_type_id`, `goggle_cup_points`, `reaction_time`, `team_points`, `team_affiliation_id`)
  VALUES (251270, 1, 1, 0, 1, 0.0, 0.0, 0, 0, 0, 34439, 13864, 715, 29312, 1, '2015-09-26 07:13:11', '2015-09-26 07:13:11', 1, 0.0, 0.0, 0.0, 1422);

INSERT INTO `meeting_individual_results` (`id`, `rank`, `is_play_off`, `is_out_of_race`, `is_disqualified`, `standard_points`, `meeting_individual_points`, `minutes`, `seconds`, `hundreds`, `meeting_program_id`, `swimmer_id`, `team_id`, `badge_id`, `user_id`, `created_at`, `updated_at`, `disqualification_code_type_id`, `goggle_cup_points`, `reaction_time`, `team_points`, `team_affiliation_id`)
  VALUES (251271, 1, 1, 0, 0, 730.0, 730.0, 0, 36, 37, 34440, 10177, 335, 29192, 1, '2015-09-26 07:13:11', '2015-09-26 07:13:11', NULL, 0.0, 0.0, 0.0, 1429);

INSERT INTO `meeting_individual_results` (`id`, `rank`, `is_play_off`, `is_out_of_race`, `is_disqualified`, `standard_points`, `meeting_individual_points`, `minutes`, `seconds`, `hundreds`, `meeting_program_id`, `swimmer_id`, `team_id`, `badge_id`, `user_id`, `created_at`, `updated_at`, `disqualification_code_type_id`, `goggle_cup_points`, `reaction_time`, `team_points`, `team_affiliation_id`)
  VALUES (251272, 2, 1, 0, 0, 716.6, 716.6, 0, 37, 5, 34440, 13901, 600, 29176, 1, '2015-09-26 07:13:11', '2015-09-26 07:13:11', NULL, 0.0, 0.0, 0.0, 1425);

INSERT INTO `meeting_individual_results` (`id`, `rank`, `is_play_off`, `is_out_of_race`, `is_disqualified`, `standard_points`, `meeting_individual_points`, `minutes`, `seconds`, `hundreds`, `meeting_program_id`, `swimmer_id`, `team_id`, `badge_id`, `user_id`, `created_at`, `updated_at`, `disqualification_code_type_id`, `goggle_cup_points`, `reaction_time`, `team_points`, `team_affiliation_id`)
  VALUES (251273, 1, 1, 0, 0, 816.38, 816.38, 0, 32, 35, 34441, 12768, 512, 29040, 1, '2015-09-26 07:13:11', '2015-09-26 07:13:11', NULL, 0.0, 0.0, 0.0, 1423);

INSERT INTO `meeting_individual_results` (`id`, `rank`, `is_play_off`, `is_out_of_race`, `is_disqualified`, `standard_points`, `meeting_individual_points`, `minutes`, `seconds`, `hundreds`, `meeting_program_id`, `swimmer_id`, `team_id`, `badge_id`, `user_id`, `created_at`, `updated_at`, `disqualification_code_type_id`, `goggle_cup_points`, `reaction_time`, `team_points`, `team_affiliation_id`)
  VALUES (251274, 2, 1, 0, 0, 816.38, 816.38, 0, 32, 35, 34441, 12770, 800, 29282, 1, '2015-09-26 07:13:11', '2015-09-26 07:13:11', NULL, 0.0, 0.0, 0.0, 1434);

INSERT INTO `meeting_individual_results` (`id`, `rank`, `is_play_off`, `is_out_of_race`, `is_disqualified`, `standard_points`, `meeting_individual_points`, `minutes`, `seconds`, `hundreds`, `meeting_program_id`, `swimmer_id`, `team_id`, `badge_id`, `user_id`, `created_at`, `updated_at`, `disqualification_code_type_id`, `goggle_cup_points`, `reaction_time`, `team_points`, `team_affiliation_id`)
  VALUES (251275, 3, 1, 0, 0, 712.44, 712.44, 0, 37, 7, 34441, 20062, 600, 29044, 1, '2015-09-26 07:13:11', '2015-09-26 07:13:11', NULL, 0.0, 0.0, 0.0, 1425);

INSERT INTO `meeting_individual_results` (`id`, `rank`, `is_play_off`, `is_out_of_race`, `is_disqualified`, `standard_points`, `meeting_individual_points`, `minutes`, `seconds`, `hundreds`, `meeting_program_id`, `swimmer_id`, `team_id`, `badge_id`, `user_id`, `created_at`, `updated_at`, `disqualification_code_type_id`, `goggle_cup_points`, `reaction_time`, `team_points`, `team_affiliation_id`)
  VALUES (251276, 4, 1, 0, 0, 705.58, 705.58, 0, 37, 43, 34441, 12795, 514, 31768, 1, '2015-09-26 07:13:11', '2015-09-26 07:13:11', NULL, 0.0, 0.0, 0.0, 1426);

INSERT INTO `meeting_individual_results` (`id`, `rank`, `is_play_off`, `is_out_of_race`, `is_disqualified`, `standard_points`, `meeting_individual_points`, `minutes`, `seconds`, `hundreds`, `meeting_program_id`, `swimmer_id`, `team_id`, `badge_id`, `user_id`, `created_at`, `updated_at`, `disqualification_code_type_id`, `goggle_cup_points`, `reaction_time`, `team_points`, `team_affiliation_id`)
  VALUES (251277, 5, 1, 0, 0, 646.67, 646.67, 0, 40, 84, 34441, 20120, 600, 29283, 1, '2015-09-26 07:13:11', '2015-09-26 07:13:11', NULL, 0.0, 0.0, 0.0, 1425);

INSERT INTO `meeting_individual_results` (`id`, `rank`, `is_play_off`, `is_out_of_race`, `is_disqualified`, `standard_points`, `meeting_individual_points`, `minutes`, `seconds`, `hundreds`, `meeting_program_id`, `swimmer_id`, `team_id`, `badge_id`, `user_id`, `created_at`, `updated_at`, `disqualification_code_type_id`, `goggle_cup_points`, `reaction_time`, `team_points`, `team_affiliation_id`)
  VALUES (251278, 6, 1, 0, 0, 614.04, 614.04, 0, 43, 1, 34441, 20154, 801, 29045, 1, '2015-09-26 07:13:11', '2015-09-26 07:13:11', NULL, 0.0, 0.0, 0.0, 1435);

INSERT INTO `meeting_individual_results` (`id`, `rank`, `is_play_off`, `is_out_of_race`, `is_disqualified`, `standard_points`, `meeting_individual_points`, `minutes`, `seconds`, `hundreds`, `meeting_program_id`, `swimmer_id`, `team_id`, `badge_id`, `user_id`, `created_at`, `updated_at`, `disqualification_code_type_id`, `goggle_cup_points`, `reaction_time`, `team_points`, `team_affiliation_id`)
  VALUES (251279, 1, 1, 0, 0, 907.77, 907.77, 0, 29, 49, 34442, 6208, 514, 29152, 1, '2015-09-26 07:13:12', '2015-09-26 07:13:12', NULL, 0.0, 0.0, 0.0, 1426);

INSERT INTO `meeting_individual_results` (`id`, `rank`, `is_play_off`, `is_out_of_race`, `is_disqualified`, `standard_points`, `meeting_individual_points`, `minutes`, `seconds`, `hundreds`, `meeting_program_id`, `swimmer_id`, `team_id`, `badge_id`, `user_id`, `created_at`, `updated_at`, `disqualification_code_type_id`, `goggle_cup_points`, `reaction_time`, `team_points`, `team_affiliation_id`)
  VALUES (251280, 2, 1, 0, 0, 804.87, 804.87, 0, 33, 26, 34442, 9937, 514, 29284, 1, '2015-09-26 07:13:12', '2015-09-26 07:13:12', NULL, 0.0, 0.0, 0.0, 1426);

INSERT INTO `meeting_individual_results` (`id`, `rank`, `is_play_off`, `is_out_of_race`, `is_disqualified`, `standard_points`, `meeting_individual_points`, `minutes`, `seconds`, `hundreds`, `meeting_program_id`, `swimmer_id`, `team_id`, `badge_id`, `user_id`, `created_at`, `updated_at`, `disqualification_code_type_id`, `goggle_cup_points`, `reaction_time`, `team_points`, `team_affiliation_id`)
  VALUES (251281, 1, 1, 0, 0, 847.44, 847.44, 0, 31, 79, 34443, 20817, 371, 31783, 1, '2015-09-26 07:13:12', '2015-09-26 07:13:12', NULL, 0.0, 0.0, 0.0, 1427);

INSERT INTO `meeting_individual_results` (`id`, `rank`, `is_play_off`, `is_out_of_race`, `is_disqualified`, `standard_points`, `meeting_individual_points`, `minutes`, `seconds`, `hundreds`, `meeting_program_id`, `swimmer_id`, `team_id`, `badge_id`, `user_id`, `created_at`, `updated_at`, `disqualification_code_type_id`, `goggle_cup_points`, `reaction_time`, `team_points`, `team_affiliation_id`)
  VALUES (251282, 2, 1, 0, 0, 735.26, 735.26, 0, 36, 64, 34443, 18010, 631, 29049, 1, '2015-09-26 07:13:12', '2015-09-26 07:13:12', NULL, 0.0, 0.0, 0.0, 1432);

INSERT INTO `meeting_individual_results` (`id`, `rank`, `is_play_off`, `is_out_of_race`, `is_disqualified`, `standard_points`, `meeting_individual_points`, `minutes`, `seconds`, `hundreds`, `meeting_program_id`, `swimmer_id`, `team_id`, `badge_id`, `user_id`, `created_at`, `updated_at`, `disqualification_code_type_id`, `goggle_cup_points`, `reaction_time`, `team_points`, `team_affiliation_id`)
  VALUES (251283, 3, 1, 0, 0, 701.93, 701.93, 0, 38, 38, 34443, 20093, 600, 29051, 1, '2015-09-26 07:13:12', '2015-09-26 07:13:12', NULL, 0.0, 0.0, 0.0, 1425);

INSERT INTO `meeting_individual_results` (`id`, `rank`, `is_play_off`, `is_out_of_race`, `is_disqualified`, `standard_points`, `meeting_individual_points`, `minutes`, `seconds`, `hundreds`, `meeting_program_id`, `swimmer_id`, `team_id`, `badge_id`, `user_id`, `created_at`, `updated_at`, `disqualification_code_type_id`, `goggle_cup_points`, `reaction_time`, `team_points`, `team_affiliation_id`)
  VALUES (251284, 4, 1, 0, 0, 658.84, 658.84, 0, 40, 89, 34443, 12799, 608, 29052, 1, '2015-09-26 07:13:12', '2015-09-26 07:13:12', NULL, 0.0, 0.0, 0.0, 1430);

INSERT INTO `meeting_individual_results` (`id`, `rank`, `is_play_off`, `is_out_of_race`, `is_disqualified`, `standard_points`, `meeting_individual_points`, `minutes`, `seconds`, `hundreds`, `meeting_program_id`, `swimmer_id`, `team_id`, `badge_id`, `user_id`, `created_at`, `updated_at`, `disqualification_code_type_id`, `goggle_cup_points`, `reaction_time`, `team_points`, `team_affiliation_id`)
  VALUES (251285, 5, 1, 0, 0, 653.72, 653.72, 0, 41, 21, 34443, 20065, 631, 28928, 1, '2015-09-26 07:13:12', '2015-09-26 07:13:12', NULL, 0.0, 0.0, 0.0, 1432);

INSERT INTO `meeting_individual_results` (`id`, `rank`, `is_play_off`, `is_out_of_race`, `is_disqualified`, `standard_points`, `meeting_individual_points`, `minutes`, `seconds`, `hundreds`, `meeting_program_id`, `swimmer_id`, `team_id`, `badge_id`, `user_id`, `created_at`, `updated_at`, `disqualification_code_type_id`, `goggle_cup_points`, `reaction_time`, `team_points`, `team_affiliation_id`)
  VALUES (251286, 6, 1, 0, 0, 602.55, 602.55, 0, 44, 71, 34443, 20125, 600, 29195, 1, '2015-09-26 07:13:12', '2015-09-26 07:13:12', NULL, 0.0, 0.0, 0.0, 1425);

INSERT INTO `meeting_individual_results` (`id`, `rank`, `is_play_off`, `is_out_of_race`, `is_disqualified`, `standard_points`, `meeting_individual_points`, `minutes`, `seconds`, `hundreds`, `meeting_program_id`, `swimmer_id`, `team_id`, `badge_id`, `user_id`, `created_at`, `updated_at`, `disqualification_code_type_id`, `goggle_cup_points`, `reaction_time`, `team_points`, `team_affiliation_id`)
  VALUES (251287, 7, 1, 0, 0, 498.43, 498.43, 0, 54, 5, 34443, 20158, 600, 29198, 1, '2015-09-26 07:13:12', '2015-09-26 07:13:12', NULL, 0.0, 0.0, 0.0, 1425);

INSERT INTO `meeting_individual_results` (`id`, `rank`, `is_play_off`, `is_out_of_race`, `is_disqualified`, `standard_points`, `meeting_individual_points`, `minutes`, `seconds`, `hundreds`, `meeting_program_id`, `swimmer_id`, `team_id`, `badge_id`, `user_id`, `created_at`, `updated_at`, `disqualification_code_type_id`, `goggle_cup_points`, `reaction_time`, `team_points`, `team_affiliation_id`)
  VALUES (251288, 1, 1, 0, 0, 819.61, 819.61, 0, 33, 65, 34444, 12783, 607, 29054, 1, '2015-09-26 07:13:12', '2015-09-26 07:13:12', NULL, 0.0, 0.0, 0.0, 1428);

INSERT INTO `meeting_individual_results` (`id`, `rank`, `is_play_off`, `is_out_of_race`, `is_disqualified`, `standard_points`, `meeting_individual_points`, `minutes`, `seconds`, `hundreds`, `meeting_program_id`, `swimmer_id`, `team_id`, `badge_id`, `user_id`, `created_at`, `updated_at`, `disqualification_code_type_id`, `goggle_cup_points`, `reaction_time`, `team_points`, `team_affiliation_id`)
  VALUES (251289, 2, 1, 0, 0, 786.43, 786.43, 0, 35, 7, 34444, 12771, 371, 31751, 1, '2015-09-26 07:13:13', '2015-09-26 07:13:13', NULL, 0.0, 0.0, 0.0, 1427);

INSERT INTO `meeting_individual_results` (`id`, `rank`, `is_play_off`, `is_out_of_race`, `is_disqualified`, `standard_points`, `meeting_individual_points`, `minutes`, `seconds`, `hundreds`, `meeting_program_id`, `swimmer_id`, `team_id`, `badge_id`, `user_id`, `created_at`, `updated_at`, `disqualification_code_type_id`, `goggle_cup_points`, `reaction_time`, `team_points`, `team_affiliation_id`)
  VALUES (251290, 3, 1, 0, 0, 756.45, 756.45, 0, 36, 46, 34444, 15746, 202, 31780, 1, '2015-09-26 07:13:13', '2015-09-26 07:13:13', NULL, 0.0, 0.0, 0.0, 1018);

INSERT INTO `meeting_individual_results` (`id`, `rank`, `is_play_off`, `is_out_of_race`, `is_disqualified`, `standard_points`, `meeting_individual_points`, `minutes`, `seconds`, `hundreds`, `meeting_program_id`, `swimmer_id`, `team_id`, `badge_id`, `user_id`, `created_at`, `updated_at`, `disqualification_code_type_id`, `goggle_cup_points`, `reaction_time`, `team_points`, `team_affiliation_id`)
  VALUES (251291, 4, 1, 0, 0, 743.2, 743.2, 0, 37, 11, 34444, 13811, 600, 28931, 1, '2015-09-26 07:13:13', '2015-09-26 07:13:13', NULL, 0.0, 0.0, 0.0, 1425);

INSERT INTO `meeting_individual_results` (`id`, `rank`, `is_play_off`, `is_out_of_race`, `is_disqualified`, `standard_points`, `meeting_individual_points`, `minutes`, `seconds`, `hundreds`, `meeting_program_id`, `swimmer_id`, `team_id`, `badge_id`, `user_id`, `created_at`, `updated_at`, `disqualification_code_type_id`, `goggle_cup_points`, `reaction_time`, `team_points`, `team_affiliation_id`)
  VALUES (251292, 5, 1, 0, 0, 665.86, 665.86, 0, 41, 42, 34444, 13806, 600, 31775, 1, '2015-09-26 07:13:13', '2015-09-26 07:13:13', NULL, 0.0, 0.0, 0.0, 1425);

INSERT INTO `meeting_individual_results` (`id`, `rank`, `is_play_off`, `is_out_of_race`, `is_disqualified`, `standard_points`, `meeting_individual_points`, `minutes`, `seconds`, `hundreds`, `meeting_program_id`, `swimmer_id`, `team_id`, `badge_id`, `user_id`, `created_at`, `updated_at`, `disqualification_code_type_id`, `goggle_cup_points`, `reaction_time`, `team_points`, `team_affiliation_id`)
  VALUES (251293, 1, 1, 0, 0, 528.89, 528.89, 1, 2, 13, 34445, 13823, 371, 31769, 1, '2015-09-26 07:13:13', '2015-09-26 07:13:13', NULL, 0.0, 0.0, 0.0, 1427);

INSERT INTO `meeting_individual_results` (`id`, `rank`, `is_play_off`, `is_out_of_race`, `is_disqualified`, `standard_points`, `meeting_individual_points`, `minutes`, `seconds`, `hundreds`, `meeting_program_id`, `swimmer_id`, `team_id`, `badge_id`, `user_id`, `created_at`, `updated_at`, `disqualification_code_type_id`, `goggle_cup_points`, `reaction_time`, `team_points`, `team_affiliation_id`)
  VALUES (251294, 1, 1, 0, 0, 0.0, 0.0, 0, 32, 26, 34446, 20828, 801, 31776, 1, '2015-09-26 07:13:13', '2015-09-26 07:13:13', NULL, 0.0, 0.0, 0.0, 1435);

INSERT INTO `meeting_individual_results` (`id`, `rank`, `is_play_off`, `is_out_of_race`, `is_disqualified`, `standard_points`, `meeting_individual_points`, `minutes`, `seconds`, `hundreds`, `meeting_program_id`, `swimmer_id`, `team_id`, `badge_id`, `user_id`, `created_at`, `updated_at`, `disqualification_code_type_id`, `goggle_cup_points`, `reaction_time`, `team_points`, `team_affiliation_id`)
  VALUES (251295, 2, 1, 0, 0, 0.0, 0.0, 0, 33, 37, 34446, 20137, 600, 29202, 1, '2015-09-26 07:13:13', '2015-09-26 07:13:13', NULL, 0.0, 0.0, 0.0, 1425);

INSERT INTO `meeting_individual_results` (`id`, `rank`, `is_play_off`, `is_out_of_race`, `is_disqualified`, `standard_points`, `meeting_individual_points`, `minutes`, `seconds`, `hundreds`, `meeting_program_id`, `swimmer_id`, `team_id`, `badge_id`, `user_id`, `created_at`, `updated_at`, `disqualification_code_type_id`, `goggle_cup_points`, `reaction_time`, `team_points`, `team_affiliation_id`)
  VALUES (251296, 3, 1, 0, 0, 0.0, 0.0, 0, 41, 69, 34446, 20826, 600, 31781, 1, '2015-09-26 07:13:13', '2015-09-26 07:13:13', NULL, 0.0, 0.0, 0.0, 1425);

INSERT INTO `meeting_individual_results` (`id`, `rank`, `is_play_off`, `is_out_of_race`, `is_disqualified`, `standard_points`, `meeting_individual_points`, `minutes`, `seconds`, `hundreds`, `meeting_program_id`, `swimmer_id`, `team_id`, `badge_id`, `user_id`, `created_at`, `updated_at`, `disqualification_code_type_id`, `goggle_cup_points`, `reaction_time`, `team_points`, `team_affiliation_id`)
  VALUES (251297, 1, 1, 0, 0, 897.92, 897.92, 0, 25, 96, 34447, 13885, 606, 29064, 1, '2015-09-26 07:13:14', '2015-09-26 07:13:14', NULL, 0.0, 0.0, 0.0, 1420);

INSERT INTO `meeting_individual_results` (`id`, `rank`, `is_play_off`, `is_out_of_race`, `is_disqualified`, `standard_points`, `meeting_individual_points`, `minutes`, `seconds`, `hundreds`, `meeting_program_id`, `swimmer_id`, `team_id`, `badge_id`, `user_id`, `created_at`, `updated_at`, `disqualification_code_type_id`, `goggle_cup_points`, `reaction_time`, `team_points`, `team_affiliation_id`)
  VALUES (251298, 2, 1, 0, 0, 768.29, 768.29, 0, 30, 34, 34447, 12820, 505, 29203, 1, '2015-09-26 07:13:14', '2015-09-26 07:13:14', NULL, 0.0, 0.0, 0.0, 1415);

INSERT INTO `meeting_individual_results` (`id`, `rank`, `is_play_off`, `is_out_of_race`, `is_disqualified`, `standard_points`, `meeting_individual_points`, `minutes`, `seconds`, `hundreds`, `meeting_program_id`, `swimmer_id`, `team_id`, `badge_id`, `user_id`, `created_at`, `updated_at`, `disqualification_code_type_id`, `goggle_cup_points`, `reaction_time`, `team_points`, `team_affiliation_id`)
  VALUES (251299, 3, 1, 0, 0, 757.31, 757.31, 0, 30, 78, 34447, 20147, 322, 29238, 1, '2015-09-26 07:13:14', '2015-09-26 07:13:14', NULL, 0.0, 0.0, 0.0, 1431);

INSERT INTO `meeting_individual_results` (`id`, `rank`, `is_play_off`, `is_out_of_race`, `is_disqualified`, `standard_points`, `meeting_individual_points`, `minutes`, `seconds`, `hundreds`, `meeting_program_id`, `swimmer_id`, `team_id`, `badge_id`, `user_id`, `created_at`, `updated_at`, `disqualification_code_type_id`, `goggle_cup_points`, `reaction_time`, `team_points`, `team_affiliation_id`)
  VALUES (251300, 4, 1, 0, 0, 757.06, 757.06, 0, 30, 79, 34447, 16373, 607, 29204, 1, '2015-09-26 07:13:14', '2015-09-26 07:13:14', NULL, 0.0, 0.0, 0.0, 1428);

INSERT INTO `meeting_individual_results` (`id`, `rank`, `is_play_off`, `is_out_of_race`, `is_disqualified`, `standard_points`, `meeting_individual_points`, `minutes`, `seconds`, `hundreds`, `meeting_program_id`, `swimmer_id`, `team_id`, `badge_id`, `user_id`, `created_at`, `updated_at`, `disqualification_code_type_id`, `goggle_cup_points`, `reaction_time`, `team_points`, `team_affiliation_id`)
  VALUES (251301, 5, 1, 0, 0, 739.3, 739.3, 0, 31, 53, 34447, 20824, 801, 31744, 1, '2015-09-26 07:13:14', '2015-09-26 07:13:14', NULL, 0.0, 0.0, 0.0, 1435);

INSERT INTO `meeting_individual_results` (`id`, `rank`, `is_play_off`, `is_out_of_race`, `is_disqualified`, `standard_points`, `meeting_individual_points`, `minutes`, `seconds`, `hundreds`, `meeting_program_id`, `swimmer_id`, `team_id`, `badge_id`, `user_id`, `created_at`, `updated_at`, `disqualification_code_type_id`, `goggle_cup_points`, `reaction_time`, `team_points`, `team_affiliation_id`)
  VALUES (251302, 6, 1, 0, 0, 709.59, 709.59, 0, 32, 85, 34447, 5647, 335, 28993, 1, '2015-09-26 07:13:14', '2015-09-26 07:13:14', NULL, 0.0, 0.0, 0.0, 1429);

INSERT INTO `meeting_individual_results` (`id`, `rank`, `is_play_off`, `is_out_of_race`, `is_disqualified`, `standard_points`, `meeting_individual_points`, `minutes`, `seconds`, `hundreds`, `meeting_program_id`, `swimmer_id`, `team_id`, `badge_id`, `user_id`, `created_at`, `updated_at`, `disqualification_code_type_id`, `goggle_cup_points`, `reaction_time`, `team_points`, `team_affiliation_id`)
  VALUES (251303, 7, 1, 0, 0, 707.01, 707.01, 0, 32, 97, 34447, 20102, 335, 29243, 1, '2015-09-26 07:13:14', '2015-09-26 07:13:14', NULL, 0.0, 0.0, 0.0, 1429);

INSERT INTO `meeting_individual_results` (`id`, `rank`, `is_play_off`, `is_out_of_race`, `is_disqualified`, `standard_points`, `meeting_individual_points`, `minutes`, `seconds`, `hundreds`, `meeting_program_id`, `swimmer_id`, `team_id`, `badge_id`, `user_id`, `created_at`, `updated_at`, `disqualification_code_type_id`, `goggle_cup_points`, `reaction_time`, `team_points`, `team_affiliation_id`)
  VALUES (251304, 8, 1, 0, 0, 683.98, 683.98, 0, 34, 8, 34447, 12887, 608, 28994, 1, '2015-09-26 07:13:14', '2015-09-26 07:13:14', NULL, 0.0, 0.0, 0.0, 1430);

INSERT INTO `meeting_individual_results` (`id`, `rank`, `is_play_off`, `is_out_of_race`, `is_disqualified`, `standard_points`, `meeting_individual_points`, `minutes`, `seconds`, `hundreds`, `meeting_program_id`, `swimmer_id`, `team_id`, `badge_id`, `user_id`, `created_at`, `updated_at`, `disqualification_code_type_id`, `goggle_cup_points`, `reaction_time`, `team_points`, `team_affiliation_id`)
  VALUES (251305, 9, 1, 0, 0, 680.39, 680.39, 0, 34, 26, 34447, 20822, 371, 31782, 1, '2015-09-26 07:13:14', '2015-09-26 07:13:14', NULL, 0.0, 0.0, 0.0, 1427);

INSERT INTO `meeting_individual_results` (`id`, `rank`, `is_play_off`, `is_out_of_race`, `is_disqualified`, `standard_points`, `meeting_individual_points`, `minutes`, `seconds`, `hundreds`, `meeting_program_id`, `swimmer_id`, `team_id`, `badge_id`, `user_id`, `created_at`, `updated_at`, `disqualification_code_type_id`, `goggle_cup_points`, `reaction_time`, `team_points`, `team_affiliation_id`)
  VALUES (251306, 10, 1, 0, 0, 662.4, 662.4, 0, 35, 19, 34447, 16786, 322, 29075, 1, '2015-09-26 07:13:14', '2015-09-26 07:13:14', NULL, 0.0, 0.0, 0.0, 1431);

INSERT INTO `meeting_individual_results` (`id`, `rank`, `is_play_off`, `is_out_of_race`, `is_disqualified`, `standard_points`, `meeting_individual_points`, `minutes`, `seconds`, `hundreds`, `meeting_program_id`, `swimmer_id`, `team_id`, `badge_id`, `user_id`, `created_at`, `updated_at`, `disqualification_code_type_id`, `goggle_cup_points`, `reaction_time`, `team_points`, `team_affiliation_id`)
  VALUES (251307, 1, 1, 0, 0, 827.3, 827.3, 0, 27, 91, 34448, 12830, 603, 31784, 1, '2015-09-26 07:13:14', '2015-09-26 07:13:14', NULL, 0.0, 0.0, 0.0, 1414);

INSERT INTO `meeting_individual_results` (`id`, `rank`, `is_play_off`, `is_out_of_race`, `is_disqualified`, `standard_points`, `meeting_individual_points`, `minutes`, `seconds`, `hundreds`, `meeting_program_id`, `swimmer_id`, `team_id`, `badge_id`, `user_id`, `created_at`, `updated_at`, `disqualification_code_type_id`, `goggle_cup_points`, `reaction_time`, `team_points`, `team_affiliation_id`)
  VALUES (251308, 2, 1, 0, 0, 813.31, 813.31, 0, 28, 39, 34448, 20829, 600, 31754, 1, '2015-09-26 07:13:15', '2015-09-26 07:13:15', NULL, 0.0, 0.0, 0.0, 1425);

INSERT INTO `meeting_individual_results` (`id`, `rank`, `is_play_off`, `is_out_of_race`, `is_disqualified`, `standard_points`, `meeting_individual_points`, `minutes`, `seconds`, `hundreds`, `meeting_program_id`, `swimmer_id`, `team_id`, `badge_id`, `user_id`, `created_at`, `updated_at`, `disqualification_code_type_id`, `goggle_cup_points`, `reaction_time`, `team_points`, `team_affiliation_id`)
  VALUES (251309, 3, 1, 0, 0, 805.37, 805.37, 0, 28, 67, 34448, 12898, 322, 29081, 1, '2015-09-26 07:13:15', '2015-09-26 07:13:15', NULL, 0.0, 0.0, 0.0, 1431);

INSERT INTO `meeting_individual_results` (`id`, `rank`, `is_play_off`, `is_out_of_race`, `is_disqualified`, `standard_points`, `meeting_individual_points`, `minutes`, `seconds`, `hundreds`, `meeting_program_id`, `swimmer_id`, `team_id`, `badge_id`, `user_id`, `created_at`, `updated_at`, `disqualification_code_type_id`, `goggle_cup_points`, `reaction_time`, `team_points`, `team_affiliation_id`)
  VALUES (251310, 4, 1, 0, 0, 791.84, 791.84, 0, 29, 16, 34448, 12787, 322, 31753, 1, '2015-09-26 07:13:15', '2015-09-26 07:13:15', NULL, 0.0, 0.0, 0.0, 1431);

INSERT INTO `meeting_individual_results` (`id`, `rank`, `is_play_off`, `is_out_of_race`, `is_disqualified`, `standard_points`, `meeting_individual_points`, `minutes`, `seconds`, `hundreds`, `meeting_program_id`, `swimmer_id`, `team_id`, `badge_id`, `user_id`, `created_at`, `updated_at`, `disqualification_code_type_id`, `goggle_cup_points`, `reaction_time`, `team_points`, `team_affiliation_id`)
  VALUES (251311, 5, 1, 0, 0, 761.29, 761.29, 0, 30, 33, 34448, 13891, 800, 29086, 1, '2015-09-26 07:13:15', '2015-09-26 07:13:15', NULL, 0.0, 0.0, 0.0, 1434);

INSERT INTO `meeting_individual_results` (`id`, `rank`, `is_play_off`, `is_out_of_race`, `is_disqualified`, `standard_points`, `meeting_individual_points`, `minutes`, `seconds`, `hundreds`, `meeting_program_id`, `swimmer_id`, `team_id`, `badge_id`, `user_id`, `created_at`, `updated_at`, `disqualification_code_type_id`, `goggle_cup_points`, `reaction_time`, `team_points`, `team_affiliation_id`)
  VALUES (251312, 6, 1, 0, 0, 755.32, 755.32, 0, 30, 57, 34448, 16610, 335, 29245, 1, '2015-09-26 07:13:15', '2015-09-26 07:13:15', NULL, 0.0, 0.0, 0.0, 1429);

INSERT INTO `meeting_individual_results` (`id`, `rank`, `is_play_off`, `is_out_of_race`, `is_disqualified`, `standard_points`, `meeting_individual_points`, `minutes`, `seconds`, `hundreds`, `meeting_program_id`, `swimmer_id`, `team_id`, `badge_id`, `user_id`, `created_at`, `updated_at`, `disqualification_code_type_id`, `goggle_cup_points`, `reaction_time`, `team_points`, `team_affiliation_id`)
  VALUES (251313, 7, 1, 0, 0, 753.1, 753.1, 0, 30, 66, 34448, 12785, 322, 29164, 1, '2015-09-26 07:13:15', '2015-09-26 07:13:15', NULL, 0.0, 0.0, 0.0, 1431);

INSERT INTO `meeting_individual_results` (`id`, `rank`, `is_play_off`, `is_out_of_race`, `is_disqualified`, `standard_points`, `meeting_individual_points`, `minutes`, `seconds`, `hundreds`, `meeting_program_id`, `swimmer_id`, `team_id`, `badge_id`, `user_id`, `created_at`, `updated_at`, `disqualification_code_type_id`, `goggle_cup_points`, `reaction_time`, `team_points`, `team_affiliation_id`)
  VALUES (251314, 8, 1, 0, 0, 752.61, 752.61, 0, 30, 68, 34448, 12847, 800, 29208, 1, '2015-09-26 07:13:15', '2015-09-26 07:13:15', NULL, 0.0, 0.0, 0.0, 1434);

INSERT INTO `meeting_individual_results` (`id`, `rank`, `is_play_off`, `is_out_of_race`, `is_disqualified`, `standard_points`, `meeting_individual_points`, `minutes`, `seconds`, `hundreds`, `meeting_program_id`, `swimmer_id`, `team_id`, `badge_id`, `user_id`, `created_at`, `updated_at`, `disqualification_code_type_id`, `goggle_cup_points`, `reaction_time`, `team_points`, `team_affiliation_id`)
  VALUES (251315, 9, 1, 0, 0, 692.98, 692.98, 0, 33, 32, 34448, 20144, 800, 29091, 1, '2015-09-26 07:13:15', '2015-09-26 07:13:15', NULL, 0.0, 0.0, 0.0, 1434);

INSERT INTO `meeting_individual_results` (`id`, `rank`, `is_play_off`, `is_out_of_race`, `is_disqualified`, `standard_points`, `meeting_individual_points`, `minutes`, `seconds`, `hundreds`, `meeting_program_id`, `swimmer_id`, `team_id`, `badge_id`, `user_id`, `created_at`, `updated_at`, `disqualification_code_type_id`, `goggle_cup_points`, `reaction_time`, `team_points`, `team_affiliation_id`)
  VALUES (251316, 10, 1, 0, 0, 680.52, 680.52, 0, 33, 93, 34448, 12892, 800, 29247, 1, '2015-09-26 07:13:15', '2015-09-26 07:13:15', NULL, 0.0, 0.0, 0.0, 1434);

INSERT INTO `meeting_individual_results` (`id`, `rank`, `is_play_off`, `is_out_of_race`, `is_disqualified`, `standard_points`, `meeting_individual_points`, `minutes`, `seconds`, `hundreds`, `meeting_program_id`, `swimmer_id`, `team_id`, `badge_id`, `user_id`, `created_at`, `updated_at`, `disqualification_code_type_id`, `goggle_cup_points`, `reaction_time`, `team_points`, `team_affiliation_id`)
  VALUES (251317, 11, 1, 0, 0, 621.7, 621.7, 0, 37, 14, 34448, 20068, 608, 29093, 1, '2015-09-26 07:13:15', '2015-09-26 07:13:15', NULL, 0.0, 0.0, 0.0, 1430);

INSERT INTO `meeting_individual_results` (`id`, `rank`, `is_play_off`, `is_out_of_race`, `is_disqualified`, `standard_points`, `meeting_individual_points`, `minutes`, `seconds`, `hundreds`, `meeting_program_id`, `swimmer_id`, `team_id`, `badge_id`, `user_id`, `created_at`, `updated_at`, `disqualification_code_type_id`, `goggle_cup_points`, `reaction_time`, `team_points`, `team_affiliation_id`)
  VALUES (251318, 12, 1, 0, 0, 620.37, 620.37, 0, 37, 22, 34448, 20063, 600, 29094, 1, '2015-09-26 07:13:16', '2015-09-26 07:13:16', NULL, 0.0, 0.0, 0.0, 1425);

INSERT INTO `meeting_individual_results` (`id`, `rank`, `is_play_off`, `is_out_of_race`, `is_disqualified`, `standard_points`, `meeting_individual_points`, `minutes`, `seconds`, `hundreds`, `meeting_program_id`, `swimmer_id`, `team_id`, `badge_id`, `user_id`, `created_at`, `updated_at`, `disqualification_code_type_id`, `goggle_cup_points`, `reaction_time`, `team_points`, `team_affiliation_id`)
  VALUES (251319, 13, 1, 0, 0, 605.24, 605.24, 0, 38, 15, 34448, 20131, 800, 29212, 1, '2015-09-26 07:13:16', '2015-09-26 07:13:16', NULL, 0.0, 0.0, 0.0, 1434);

INSERT INTO `meeting_individual_results` (`id`, `rank`, `is_play_off`, `is_out_of_race`, `is_disqualified`, `standard_points`, `meeting_individual_points`, `minutes`, `seconds`, `hundreds`, `meeting_program_id`, `swimmer_id`, `team_id`, `badge_id`, `user_id`, `created_at`, `updated_at`, `disqualification_code_type_id`, `goggle_cup_points`, `reaction_time`, `team_points`, `team_affiliation_id`)
  VALUES (251320, 1, 1, 0, 0, 803.63, 803.63, 0, 29, 23, 34449, 12900, 335, 31777, 1, '2015-09-26 07:13:16', '2015-09-26 07:13:16', NULL, 0.0, 0.0, 0.0, 1429);

INSERT INTO `meeting_individual_results` (`id`, `rank`, `is_play_off`, `is_out_of_race`, `is_disqualified`, `standard_points`, `meeting_individual_points`, `minutes`, `seconds`, `hundreds`, `meeting_program_id`, `swimmer_id`, `team_id`, `badge_id`, `user_id`, `created_at`, `updated_at`, `disqualification_code_type_id`, `goggle_cup_points`, `reaction_time`, `team_points`, `team_affiliation_id`)
  VALUES (251321, 2, 1, 0, 0, 724.11, 724.11, 0, 32, 44, 34449, 20036, 505, 29100, 1, '2015-09-26 07:13:16', '2015-09-26 07:13:16', NULL, 0.0, 0.0, 0.0, 1415);

INSERT INTO `meeting_individual_results` (`id`, `rank`, `is_play_off`, `is_out_of_race`, `is_disqualified`, `standard_points`, `meeting_individual_points`, `minutes`, `seconds`, `hundreds`, `meeting_program_id`, `swimmer_id`, `team_id`, `badge_id`, `user_id`, `created_at`, `updated_at`, `disqualification_code_type_id`, `goggle_cup_points`, `reaction_time`, `team_points`, `team_affiliation_id`)
  VALUES (251322, 3, 1, 0, 0, 719.67, 719.67, 0, 32, 64, 34449, 20056, 601, 29006, 1, '2015-09-26 07:13:16', '2015-09-26 07:13:16', NULL, 0.0, 0.0, 0.0, 1413);

INSERT INTO `meeting_individual_results` (`id`, `rank`, `is_play_off`, `is_out_of_race`, `is_disqualified`, `standard_points`, `meeting_individual_points`, `minutes`, `seconds`, `hundreds`, `meeting_program_id`, `swimmer_id`, `team_id`, `badge_id`, `user_id`, `created_at`, `updated_at`, `disqualification_code_type_id`, `goggle_cup_points`, `reaction_time`, `team_points`, `team_affiliation_id`)
  VALUES (251323, 4, 1, 0, 0, 677.14, 677.14, 0, 34, 69, 34449, 10263, 508, 29103, 1, '2015-09-26 07:13:16', '2015-09-26 07:13:16', NULL, 0.0, 0.0, 0.0, 1416);

INSERT INTO `meeting_individual_results` (`id`, `rank`, `is_play_off`, `is_out_of_race`, `is_disqualified`, `standard_points`, `meeting_individual_points`, `minutes`, `seconds`, `hundreds`, `meeting_program_id`, `swimmer_id`, `team_id`, `badge_id`, `user_id`, `created_at`, `updated_at`, `disqualification_code_type_id`, `goggle_cup_points`, `reaction_time`, `team_points`, `team_affiliation_id`)
  VALUES (251324, 5, 1, 0, 0, 646.93, 646.93, 0, 36, 31, 34449, 10138, 335, 31763, 1, '2015-09-26 07:13:16', '2015-09-26 07:13:16', NULL, 0.0, 0.0, 0.0, 1429);

INSERT INTO `meeting_individual_results` (`id`, `rank`, `is_play_off`, `is_out_of_race`, `is_disqualified`, `standard_points`, `meeting_individual_points`, `minutes`, `seconds`, `hundreds`, `meeting_program_id`, `swimmer_id`, `team_id`, `badge_id`, `user_id`, `created_at`, `updated_at`, `disqualification_code_type_id`, `goggle_cup_points`, `reaction_time`, `team_points`, `team_affiliation_id`)
  VALUES (251325, 6, 1, 0, 1, 0.0, 0.0, 0, 0, 0, 34449, 16780, 603, 29007, 1, '2015-09-26 07:13:16', '2015-09-26 07:13:16', 1, 0.0, 0.0, 0.0, 1414);

INSERT INTO `meeting_individual_results` (`id`, `rank`, `is_play_off`, `is_out_of_race`, `is_disqualified`, `standard_points`, `meeting_individual_points`, `minutes`, `seconds`, `hundreds`, `meeting_program_id`, `swimmer_id`, `team_id`, `badge_id`, `user_id`, `created_at`, `updated_at`, `disqualification_code_type_id`, `goggle_cup_points`, `reaction_time`, `team_points`, `team_affiliation_id`)
  VALUES (251326, 1, 1, 0, 0, 914.55, 914.55, 0, 26, 33, 34450, 13023, 505, 29251, 1, '2015-09-26 07:13:16', '2015-09-26 07:13:16', NULL, 0.0, 0.0, 0.0, 1415);

INSERT INTO `meeting_individual_results` (`id`, `rank`, `is_play_off`, `is_out_of_race`, `is_disqualified`, `standard_points`, `meeting_individual_points`, `minutes`, `seconds`, `hundreds`, `meeting_program_id`, `swimmer_id`, `team_id`, `badge_id`, `user_id`, `created_at`, `updated_at`, `disqualification_code_type_id`, `goggle_cup_points`, `reaction_time`, `team_points`, `team_affiliation_id`)
  VALUES (251327, 2, 1, 0, 0, 830.34, 830.34, 0, 29, 0, 34450, 12863, 512, 29106, 1, '2015-09-26 07:13:16', '2015-09-26 07:13:16', NULL, 0.0, 0.0, 0.0, 1423);

INSERT INTO `meeting_individual_results` (`id`, `rank`, `is_play_off`, `is_out_of_race`, `is_disqualified`, `standard_points`, `meeting_individual_points`, `minutes`, `seconds`, `hundreds`, `meeting_program_id`, `swimmer_id`, `team_id`, `badge_id`, `user_id`, `created_at`, `updated_at`, `disqualification_code_type_id`, `goggle_cup_points`, `reaction_time`, `team_points`, `team_affiliation_id`)
  VALUES (251328, 3, 1, 0, 0, 759.86, 759.86, 0, 31, 69, 34450, 20153, 600, 29111, 1, '2015-09-26 07:13:17', '2015-09-26 07:13:17', NULL, 0.0, 0.0, 0.0, 1425);

INSERT INTO `meeting_individual_results` (`id`, `rank`, `is_play_off`, `is_out_of_race`, `is_disqualified`, `standard_points`, `meeting_individual_points`, `minutes`, `seconds`, `hundreds`, `meeting_program_id`, `swimmer_id`, `team_id`, `badge_id`, `user_id`, `created_at`, `updated_at`, `disqualification_code_type_id`, `goggle_cup_points`, `reaction_time`, `team_points`, `team_affiliation_id`)
  VALUES (251329, 4, 1, 0, 0, 759.86, 759.86, 0, 31, 69, 34450, 12838, 505, 29254, 1, '2015-09-26 07:13:17', '2015-09-26 07:13:17', NULL, 0.0, 0.0, 0.0, 1415);

INSERT INTO `meeting_individual_results` (`id`, `rank`, `is_play_off`, `is_out_of_race`, `is_disqualified`, `standard_points`, `meeting_individual_points`, `minutes`, `seconds`, `hundreds`, `meeting_program_id`, `swimmer_id`, `team_id`, `badge_id`, `user_id`, `created_at`, `updated_at`, `disqualification_code_type_id`, `goggle_cup_points`, `reaction_time`, `team_points`, `team_affiliation_id`)
  VALUES (251330, 5, 1, 0, 0, 730.8, 730.8, 0, 32, 95, 34450, 10123, 335, 29113, 1, '2015-09-26 07:13:17', '2015-09-26 07:13:17', NULL, 0.0, 0.0, 0.0, 1429);

INSERT INTO `meeting_individual_results` (`id`, `rank`, `is_play_off`, `is_out_of_race`, `is_disqualified`, `standard_points`, `meeting_individual_points`, `minutes`, `seconds`, `hundreds`, `meeting_program_id`, `swimmer_id`, `team_id`, `badge_id`, `user_id`, `created_at`, `updated_at`, `disqualification_code_type_id`, `goggle_cup_points`, `reaction_time`, `team_points`, `team_affiliation_id`)
  VALUES (251331, 6, 1, 0, 0, 710.74, 710.74, 0, 33, 88, 34450, 20010, 800, 29259, 1, '2015-09-26 07:13:17', '2015-09-26 07:13:17', NULL, 0.0, 0.0, 0.0, 1434);

INSERT INTO `meeting_individual_results` (`id`, `rank`, `is_play_off`, `is_out_of_race`, `is_disqualified`, `standard_points`, `meeting_individual_points`, `minutes`, `seconds`, `hundreds`, `meeting_program_id`, `swimmer_id`, `team_id`, `badge_id`, `user_id`, `created_at`, `updated_at`, `disqualification_code_type_id`, `goggle_cup_points`, `reaction_time`, `team_points`, `team_affiliation_id`)
  VALUES (251332, 7, 1, 0, 0, 709.7, 709.7, 0, 33, 93, 34450, 12963, 607, 29008, 1, '2015-09-26 07:13:17', '2015-09-26 07:13:17', NULL, 0.0, 0.0, 0.0, 1428);

INSERT INTO `meeting_individual_results` (`id`, `rank`, `is_play_off`, `is_out_of_race`, `is_disqualified`, `standard_points`, `meeting_individual_points`, `minutes`, `seconds`, `hundreds`, `meeting_program_id`, `swimmer_id`, `team_id`, `badge_id`, `user_id`, `created_at`, `updated_at`, `disqualification_code_type_id`, `goggle_cup_points`, `reaction_time`, `team_points`, `team_affiliation_id`)
  VALUES (251333, 8, 1, 0, 0, 592.37, 592.37, 0, 40, 65, 34450, 20075, 600, 29016, 1, '2015-09-26 07:13:17', '2015-09-26 07:13:17', NULL, 0.0, 0.0, 0.0, 1425);

INSERT INTO `meeting_individual_results` (`id`, `rank`, `is_play_off`, `is_out_of_race`, `is_disqualified`, `standard_points`, `meeting_individual_points`, `minutes`, `seconds`, `hundreds`, `meeting_program_id`, `swimmer_id`, `team_id`, `badge_id`, `user_id`, `created_at`, `updated_at`, `disqualification_code_type_id`, `goggle_cup_points`, `reaction_time`, `team_points`, `team_affiliation_id`)
  VALUES (251334, 9, 1, 0, 1, 0.0, 0.0, 0, 0, 0, 34450, 20830, 801, 31756, 1, '2015-09-26 07:13:17', '2015-09-26 07:13:17', 1, 0.0, 0.0, 0.0, 1435);

INSERT INTO `meeting_individual_results` (`id`, `rank`, `is_play_off`, `is_out_of_race`, `is_disqualified`, `standard_points`, `meeting_individual_points`, `minutes`, `seconds`, `hundreds`, `meeting_program_id`, `swimmer_id`, `team_id`, `badge_id`, `user_id`, `created_at`, `updated_at`, `disqualification_code_type_id`, `goggle_cup_points`, `reaction_time`, `team_points`, `team_affiliation_id`)
  VALUES (251335, 1, 1, 0, 0, 905.17, 905.17, 0, 27, 10, 34451, 16603, 507, 30661, 1, '2015-09-26 07:13:17', '2015-09-26 07:13:17', NULL, 0.0, 0.0, 0.0, 1241);

INSERT INTO `meeting_individual_results` (`id`, `rank`, `is_play_off`, `is_out_of_race`, `is_disqualified`, `standard_points`, `meeting_individual_points`, `minutes`, `seconds`, `hundreds`, `meeting_program_id`, `swimmer_id`, `team_id`, `badge_id`, `user_id`, `created_at`, `updated_at`, `disqualification_code_type_id`, `goggle_cup_points`, `reaction_time`, `team_points`, `team_affiliation_id`)
  VALUES (251336, 2, 1, 0, 0, 852.62, 852.62, 0, 28, 77, 34451, 10205, 335, 29117, 1, '2015-09-26 07:13:17', '2015-09-26 07:13:17', NULL, 0.0, 0.0, 0.0, 1429);

INSERT INTO `meeting_individual_results` (`id`, `rank`, `is_play_off`, `is_out_of_race`, `is_disqualified`, `standard_points`, `meeting_individual_points`, `minutes`, `seconds`, `hundreds`, `meeting_program_id`, `swimmer_id`, `team_id`, `badge_id`, `user_id`, `created_at`, `updated_at`, `disqualification_code_type_id`, `goggle_cup_points`, `reaction_time`, `team_points`, `team_affiliation_id`)
  VALUES (251337, 3, 1, 0, 0, 796.95, 796.95, 0, 30, 78, 34451, 12875, 508, 31778, 1, '2015-09-26 07:13:17', '2015-09-26 07:13:17', NULL, 0.0, 0.0, 0.0, 1416);

INSERT INTO `meeting_individual_results` (`id`, `rank`, `is_play_off`, `is_out_of_race`, `is_disqualified`, `standard_points`, `meeting_individual_points`, `minutes`, `seconds`, `hundreds`, `meeting_program_id`, `swimmer_id`, `team_id`, `badge_id`, `user_id`, `created_at`, `updated_at`, `disqualification_code_type_id`, `goggle_cup_points`, `reaction_time`, `team_points`, `team_affiliation_id`)
  VALUES (251338, 4, 1, 0, 0, 763.7, 763.7, 0, 32, 12, 34451, 12797, 608, 29120, 1, '2015-09-26 07:13:18', '2015-09-26 07:13:18', NULL, 0.0, 0.0, 0.0, 1430);

INSERT INTO `meeting_individual_results` (`id`, `rank`, `is_play_off`, `is_out_of_race`, `is_disqualified`, `standard_points`, `meeting_individual_points`, `minutes`, `seconds`, `hundreds`, `meeting_program_id`, `swimmer_id`, `team_id`, `badge_id`, `user_id`, `created_at`, `updated_at`, `disqualification_code_type_id`, `goggle_cup_points`, `reaction_time`, `team_points`, `team_affiliation_id`)
  VALUES (251339, 5, 1, 0, 0, 740.19, 740.19, 0, 33, 14, 34451, 12934, 508, 28956, 1, '2015-09-26 07:13:18', '2015-09-26 07:13:18', NULL, 0.0, 0.0, 0.0, 1416);

INSERT INTO `meeting_individual_results` (`id`, `rank`, `is_play_off`, `is_out_of_race`, `is_disqualified`, `standard_points`, `meeting_individual_points`, `minutes`, `seconds`, `hundreds`, `meeting_program_id`, `swimmer_id`, `team_id`, `badge_id`, `user_id`, `created_at`, `updated_at`, `disqualification_code_type_id`, `goggle_cup_points`, `reaction_time`, `team_points`, `team_affiliation_id`)
  VALUES (251340, 6, 1, 0, 0, 677.25, 677.25, 0, 36, 22, 34451, 12839, 508, 31748, 1, '2015-09-26 07:13:18', '2015-09-26 07:13:18', NULL, 0.0, 0.0, 0.0, 1416);

INSERT INTO `meeting_individual_results` (`id`, `rank`, `is_play_off`, `is_out_of_race`, `is_disqualified`, `standard_points`, `meeting_individual_points`, `minutes`, `seconds`, `hundreds`, `meeting_program_id`, `swimmer_id`, `team_id`, `badge_id`, `user_id`, `created_at`, `updated_at`, `disqualification_code_type_id`, `goggle_cup_points`, `reaction_time`, `team_points`, `team_affiliation_id`)
  VALUES (251341, 7, 1, 0, 1, 0.0, 0.0, 0, 0, 0, 34451, 12813, 606, 29261, 1, '2015-09-26 07:13:18', '2015-09-26 07:13:18', 1, 0.0, 0.0, 0.0, 1420);

INSERT INTO `meeting_individual_results` (`id`, `rank`, `is_play_off`, `is_out_of_race`, `is_disqualified`, `standard_points`, `meeting_individual_points`, `minutes`, `seconds`, `hundreds`, `meeting_program_id`, `swimmer_id`, `team_id`, `badge_id`, `user_id`, `created_at`, `updated_at`, `disqualification_code_type_id`, `goggle_cup_points`, `reaction_time`, `team_points`, `team_affiliation_id`)
  VALUES (251342, 1, 1, 0, 0, 764.0, 764.0, 0, 32, 67, 34452, 20820, 818, 31757, 1, '2015-09-26 07:13:18', '2015-09-26 07:13:18', NULL, 0.0, 0.0, 0.0, 1526);

INSERT INTO `meeting_individual_results` (`id`, `rank`, `is_play_off`, `is_out_of_race`, `is_disqualified`, `standard_points`, `meeting_individual_points`, `minutes`, `seconds`, `hundreds`, `meeting_program_id`, `swimmer_id`, `team_id`, `badge_id`, `user_id`, `created_at`, `updated_at`, `disqualification_code_type_id`, `goggle_cup_points`, `reaction_time`, `team_points`, `team_affiliation_id`)
  VALUES (251343, 2, 1, 0, 0, 750.23, 750.23, 0, 33, 27, 34452, 10182, 511, 30679, 1, '2015-09-26 07:13:18', '2015-09-26 07:13:18', NULL, 0.0, 0.0, 0.0, 1421);

INSERT INTO `meeting_individual_results` (`id`, `rank`, `is_play_off`, `is_out_of_race`, `is_disqualified`, `standard_points`, `meeting_individual_points`, `minutes`, `seconds`, `hundreds`, `meeting_program_id`, `swimmer_id`, `team_id`, `badge_id`, `user_id`, `created_at`, `updated_at`, `disqualification_code_type_id`, `goggle_cup_points`, `reaction_time`, `team_points`, `team_affiliation_id`)
  VALUES (251344, 3, 1, 0, 0, 744.63, 744.63, 0, 33, 52, 34452, 20012, 371, 29270, 1, '2015-09-26 07:13:18', '2015-09-26 07:13:18', NULL, 0.0, 0.0, 0.0, 1427);

INSERT INTO `meeting_individual_results` (`id`, `rank`, `is_play_off`, `is_out_of_race`, `is_disqualified`, `standard_points`, `meeting_individual_points`, `minutes`, `seconds`, `hundreds`, `meeting_program_id`, `swimmer_id`, `team_id`, `badge_id`, `user_id`, `created_at`, `updated_at`, `disqualification_code_type_id`, `goggle_cup_points`, `reaction_time`, `team_points`, `team_affiliation_id`)
  VALUES (251345, 4, 1, 0, 1, 0.0, 0.0, 0, 0, 0, 34452, 13872, 322, 29131, 1, '2015-09-26 07:13:18', '2015-09-26 07:13:18', 1, 0.0, 0.0, 0.0, 1431);

INSERT INTO `meeting_individual_results` (`id`, `rank`, `is_play_off`, `is_out_of_race`, `is_disqualified`, `standard_points`, `meeting_individual_points`, `minutes`, `seconds`, `hundreds`, `meeting_program_id`, `swimmer_id`, `team_id`, `badge_id`, `user_id`, `created_at`, `updated_at`, `disqualification_code_type_id`, `goggle_cup_points`, `reaction_time`, `team_points`, `team_affiliation_id`)
  VALUES (251346, 1, 1, 0, 0, 818.33, 818.33, 0, 31, 54, 34453, 12794, 371, 31758, 1, '2015-09-26 07:13:18', '2015-09-26 07:13:18', NULL, 0.0, 0.0, 0.0, 1427);

INSERT INTO `meeting_individual_results` (`id`, `rank`, `is_play_off`, `is_out_of_race`, `is_disqualified`, `standard_points`, `meeting_individual_points`, `minutes`, `seconds`, `hundreds`, `meeting_program_id`, `swimmer_id`, `team_id`, `badge_id`, `user_id`, `created_at`, `updated_at`, `disqualification_code_type_id`, `goggle_cup_points`, `reaction_time`, `team_points`, `team_affiliation_id`)
  VALUES (251347, 2, 1, 0, 0, 769.76, 769.76, 0, 33, 53, 34453, 10328, 508, 29139, 1, '2015-09-26 07:13:18', '2015-09-26 07:13:18', NULL, 0.0, 0.0, 0.0, 1416);

INSERT INTO `meeting_individual_results` (`id`, `rank`, `is_play_off`, `is_out_of_race`, `is_disqualified`, `standard_points`, `meeting_individual_points`, `minutes`, `seconds`, `hundreds`, `meeting_program_id`, `swimmer_id`, `team_id`, `badge_id`, `user_id`, `created_at`, `updated_at`, `disqualification_code_type_id`, `goggle_cup_points`, `reaction_time`, `team_points`, `team_affiliation_id`)
  VALUES (251348, 3, 1, 0, 0, 666.41, 666.41, 0, 38, 73, 34453, 20825, 631, 31773, 1, '2015-09-26 07:13:18', '2015-09-26 07:13:18', NULL, 0.0, 0.0, 0.0, 1432);

INSERT INTO `meeting_individual_results` (`id`, `rank`, `is_play_off`, `is_out_of_race`, `is_disqualified`, `standard_points`, `meeting_individual_points`, `minutes`, `seconds`, `hundreds`, `meeting_program_id`, `swimmer_id`, `team_id`, `badge_id`, `user_id`, `created_at`, `updated_at`, `disqualification_code_type_id`, `goggle_cup_points`, `reaction_time`, `team_points`, `team_affiliation_id`)
  VALUES (251349, 1, 1, 0, 0, 868.39, 868.39, 0, 30, 62, 34454, 19625, 202, 27346, 1, '2015-09-26 07:13:19', '2015-09-26 07:13:19', NULL, 0.0, 0.0, 0.0, 1018);

INSERT INTO `meeting_individual_results` (`id`, `rank`, `is_play_off`, `is_out_of_race`, `is_disqualified`, `standard_points`, `meeting_individual_points`, `minutes`, `seconds`, `hundreds`, `meeting_program_id`, `swimmer_id`, `team_id`, `badge_id`, `user_id`, `created_at`, `updated_at`, `disqualification_code_type_id`, `goggle_cup_points`, `reaction_time`, `team_points`, `team_affiliation_id`)
  VALUES (251350, 2, 1, 0, 0, 689.93, 689.93, 0, 38, 54, 34454, 12942, 601, 29223, 1, '2015-09-26 07:13:19', '2015-09-26 07:13:19', NULL, 0.0, 0.0, 0.0, 1413);

INSERT INTO `meeting_individual_results` (`id`, `rank`, `is_play_off`, `is_out_of_race`, `is_disqualified`, `standard_points`, `meeting_individual_points`, `minutes`, `seconds`, `hundreds`, `meeting_program_id`, `swimmer_id`, `team_id`, `badge_id`, `user_id`, `created_at`, `updated_at`, `disqualification_code_type_id`, `goggle_cup_points`, `reaction_time`, `team_points`, `team_affiliation_id`)
  VALUES (251351, 1, 1, 0, 0, 0.0, 0.0, 0, 30, 60, 34455, 20105, 371, 29144, 1, '2015-09-26 07:13:19', '2015-09-26 07:13:19', NULL, 0.0, 0.0, 0.0, 1427);

INSERT INTO `meeting_individual_results` (`id`, `rank`, `is_play_off`, `is_out_of_race`, `is_disqualified`, `standard_points`, `meeting_individual_points`, `minutes`, `seconds`, `hundreds`, `meeting_program_id`, `swimmer_id`, `team_id`, `badge_id`, `user_id`, `created_at`, `updated_at`, `disqualification_code_type_id`, `goggle_cup_points`, `reaction_time`, `team_points`, `team_affiliation_id`)
  VALUES (251352, 2, 1, 0, 0, 0.0, 0.0, 0, 30, 64, 34455, 20821, 801, 31759, 1, '2015-09-26 07:13:19', '2015-09-26 07:13:19', NULL, 0.0, 0.0, 0.0, 1435);

INSERT INTO `meeting_individual_results` (`id`, `rank`, `is_play_off`, `is_out_of_race`, `is_disqualified`, `standard_points`, `meeting_individual_points`, `minutes`, `seconds`, `hundreds`, `meeting_program_id`, `swimmer_id`, `team_id`, `badge_id`, `user_id`, `created_at`, `updated_at`, `disqualification_code_type_id`, `goggle_cup_points`, `reaction_time`, `team_points`, `team_affiliation_id`)
  VALUES (251353, 3, 1, 0, 0, 0.0, 0.0, 0, 30, 92, 34455, 20146, 322, 29147, 1, '2015-09-26 07:13:19', '2015-09-26 07:13:19', NULL, 0.0, 0.0, 0.0, 1431);

INSERT INTO `meeting_individual_results` (`id`, `rank`, `is_play_off`, `is_out_of_race`, `is_disqualified`, `standard_points`, `meeting_individual_points`, `minutes`, `seconds`, `hundreds`, `meeting_program_id`, `swimmer_id`, `team_id`, `badge_id`, `user_id`, `created_at`, `updated_at`, `disqualification_code_type_id`, `goggle_cup_points`, `reaction_time`, `team_points`, `team_affiliation_id`)
  VALUES (251354, 4, 1, 0, 0, 0.0, 0.0, 0, 31, 61, 34455, 20106, 690, 29149, 1, '2015-09-26 07:13:19', '2015-09-26 07:13:19', NULL, 0.0, 0.0, 0.0, 1418);

INSERT INTO `meeting_individual_results` (`id`, `rank`, `is_play_off`, `is_out_of_race`, `is_disqualified`, `standard_points`, `meeting_individual_points`, `minutes`, `seconds`, `hundreds`, `meeting_program_id`, `swimmer_id`, `team_id`, `badge_id`, `user_id`, `created_at`, `updated_at`, `disqualification_code_type_id`, `goggle_cup_points`, `reaction_time`, `team_points`, `team_affiliation_id`)
  VALUES (251355, 5, 1, 0, 0, 0.0, 0.0, 0, 31, 68, 34455, 18002, 601, 31760, 1, '2015-09-26 07:13:19', '2015-09-26 07:13:19', NULL, 0.0, 0.0, 0.0, 1413);

INSERT INTO `meeting_individual_results` (`id`, `rank`, `is_play_off`, `is_out_of_race`, `is_disqualified`, `standard_points`, `meeting_individual_points`, `minutes`, `seconds`, `hundreds`, `meeting_program_id`, `swimmer_id`, `team_id`, `badge_id`, `user_id`, `created_at`, `updated_at`, `disqualification_code_type_id`, `goggle_cup_points`, `reaction_time`, `team_points`, `team_affiliation_id`)
  VALUES (251356, 6, 1, 0, 0, 0.0, 0.0, 0, 32, 97, 34455, 20819, 818, 31774, 1, '2015-09-26 07:13:19', '2015-09-26 07:13:19', NULL, 0.0, 0.0, 0.0, 1526);

INSERT INTO `meeting_individual_results` (`id`, `rank`, `is_play_off`, `is_out_of_race`, `is_disqualified`, `standard_points`, `meeting_individual_points`, `minutes`, `seconds`, `hundreds`, `meeting_program_id`, `swimmer_id`, `team_id`, `badge_id`, `user_id`, `created_at`, `updated_at`, `disqualification_code_type_id`, `goggle_cup_points`, `reaction_time`, `team_points`, `team_affiliation_id`)
  VALUES (251357, 7, 1, 0, 0, 0.0, 0.0, 0, 33, 22, 34455, 13021, 508, 29151, 1, '2015-09-26 07:13:19', '2015-09-26 07:13:19', NULL, 0.0, 0.0, 0.0, 1416);

INSERT INTO `meeting_relay_results` (`id`, `created_at`, `updated_at`, `rank`, `is_play_off`, `is_out_of_race`, `is_disqualified`, `standard_points`, `meeting_points`, `minutes`, `seconds`, `hundreds`, `team_id`, `user_id`, `meeting_program_id`, `disqualification_code_type_id`, `relay_header`, `reaction_time`, `entry_minutes`, `entry_seconds`, `entry_hundreds`, `team_affiliation_id`, `entry_time_type_id`)
  VALUES (11219, '2015-09-26 07:13:19', '2015-09-26 07:13:19', 1, 1, 0, 0, 906.96, 906.96, 2, 5, 75, 322, 1, 34456, NULL, 'ALTAIR NUOTO SSD', 0.0, NULL, NULL, NULL, 1431, NULL);

INSERT INTO `meeting_relay_results` (`id`, `created_at`, `updated_at`, `rank`, `is_play_off`, `is_out_of_race`, `is_disqualified`, `standard_points`, `meeting_points`, `minutes`, `seconds`, `hundreds`, `team_id`, `user_id`, `meeting_program_id`, `disqualification_code_type_id`, `relay_header`, `reaction_time`, `entry_minutes`, `entry_seconds`, `entry_hundreds`, `team_affiliation_id`, `entry_time_type_id`)
  VALUES (11220, '2015-09-26 07:13:20', '2015-09-26 07:13:20', 1, 1, 0, 0, 852.79, 852.79, 2, 11, 38, 514, 1, 34457, NULL, 'TEAM NUOTO SIRACUSA ASD', 0.0, NULL, NULL, NULL, 1426, NULL);

INSERT INTO `meeting_relay_results` (`id`, `created_at`, `updated_at`, `rank`, `is_play_off`, `is_out_of_race`, `is_disqualified`, `standard_points`, `meeting_points`, `minutes`, `seconds`, `hundreds`, `team_id`, `user_id`, `meeting_program_id`, `disqualification_code_type_id`, `relay_header`, `reaction_time`, `entry_minutes`, `entry_seconds`, `entry_hundreds`, `team_affiliation_id`, `entry_time_type_id`)
  VALUES (11221, '2015-09-26 07:13:20', '2015-09-26 07:13:20', 2, 1, 0, 0, 803.04, 803.04, 2, 19, 52, 371, 1, 34457, NULL, 'TENNIS CLUB MATCH BALL', 0.0, NULL, NULL, NULL, 1427, NULL);

INSERT INTO `meeting_relay_results` (`id`, `created_at`, `updated_at`, `rank`, `is_play_off`, `is_out_of_race`, `is_disqualified`, `standard_points`, `meeting_points`, `minutes`, `seconds`, `hundreds`, `team_id`, `user_id`, `meeting_program_id`, `disqualification_code_type_id`, `relay_header`, `reaction_time`, `entry_minutes`, `entry_seconds`, `entry_hundreds`, `team_affiliation_id`, `entry_time_type_id`)
  VALUES (11222, '2015-09-26 07:13:20', '2015-09-26 07:13:20', 3, 1, 0, 0, 730.71, 730.71, 2, 33, 33, 600, 1, 34457, NULL, 'SYNTHESIS NUOTO SSD', 0.0, NULL, NULL, NULL, 1425, NULL);

INSERT INTO `meeting_relay_results` (`id`, `created_at`, `updated_at`, `rank`, `is_play_off`, `is_out_of_race`, `is_disqualified`, `standard_points`, `meeting_points`, `minutes`, `seconds`, `hundreds`, `team_id`, `user_id`, `meeting_program_id`, `disqualification_code_type_id`, `relay_header`, `reaction_time`, `entry_minutes`, `entry_seconds`, `entry_hundreds`, `team_affiliation_id`, `entry_time_type_id`)
  VALUES (11223, '2015-09-26 07:13:20', '2015-09-26 07:13:20', 1, 1, 0, 0, 713.89, 713.89, 2, 40, 95, 371, 1, 34458, NULL, 'TENNIS CLUB MATCH BALL', 0.0, NULL, NULL, NULL, 1427, NULL);

INSERT INTO `meeting_relay_results` (`id`, `created_at`, `updated_at`, `rank`, `is_play_off`, `is_out_of_race`, `is_disqualified`, `standard_points`, `meeting_points`, `minutes`, `seconds`, `hundreds`, `team_id`, `user_id`, `meeting_program_id`, `disqualification_code_type_id`, `relay_header`, `reaction_time`, `entry_minutes`, `entry_seconds`, `entry_hundreds`, `team_affiliation_id`, `entry_time_type_id`)
  VALUES (11224, '2015-09-26 07:13:20', '2015-09-26 07:13:20', 2, 1, 0, 0, 699.71, 699.71, 2, 44, 21, 600, 1, 34458, NULL, 'SYNTHESIS NUOTO SSD', 0.0, NULL, NULL, NULL, 1425, NULL);

INSERT INTO `meeting_relay_results` (`id`, `created_at`, `updated_at`, `rank`, `is_play_off`, `is_out_of_race`, `is_disqualified`, `standard_points`, `meeting_points`, `minutes`, `seconds`, `hundreds`, `team_id`, `user_id`, `meeting_program_id`, `disqualification_code_type_id`, `relay_header`, `reaction_time`, `entry_minutes`, `entry_seconds`, `entry_hundreds`, `team_affiliation_id`, `entry_time_type_id`)
  VALUES (11225, '2015-09-26 07:13:20', '2015-09-26 07:13:20', 1, 1, 0, 0, 796.61, 796.61, 2, 0, 80, 800, 1, 34459, NULL, 'CITT DELLO SPORT SSD', 0.0, NULL, NULL, NULL, 1434, NULL);

INSERT INTO `meeting_relay_results` (`id`, `created_at`, `updated_at`, `rank`, `is_play_off`, `is_out_of_race`, `is_disqualified`, `standard_points`, `meeting_points`, `minutes`, `seconds`, `hundreds`, `team_id`, `user_id`, `meeting_program_id`, `disqualification_code_type_id`, `relay_header`, `reaction_time`, `entry_minutes`, `entry_seconds`, `entry_hundreds`, `team_affiliation_id`, `entry_time_type_id`)
  VALUES (11226, '2015-09-26 07:13:20', '2015-09-26 07:13:20', 2, 1, 0, 0, 771.69, 771.69, 2, 4, 70, 322, 1, 34459, NULL, 'ALTAIR NUOTO SSD', 0.0, NULL, NULL, NULL, 1431, NULL);

INSERT INTO `meeting_relay_results` (`id`, `created_at`, `updated_at`, `rank`, `is_play_off`, `is_out_of_race`, `is_disqualified`, `standard_points`, `meeting_points`, `minutes`, `seconds`, `hundreds`, `team_id`, `user_id`, `meeting_program_id`, `disqualification_code_type_id`, `relay_header`, `reaction_time`, `entry_minutes`, `entry_seconds`, `entry_hundreds`, `team_affiliation_id`, `entry_time_type_id`)
  VALUES (11227, '2015-09-26 07:13:20', '2015-09-26 07:13:20', 1, 1, 0, 0, 844.7, 844.7, 1, 53, 91, 322, 1, 34460, NULL, 'ALTAIR NUOTO SSD', 0.0, NULL, NULL, NULL, 1431, NULL);

INSERT INTO `meeting_relay_results` (`id`, `created_at`, `updated_at`, `rank`, `is_play_off`, `is_out_of_race`, `is_disqualified`, `standard_points`, `meeting_points`, `minutes`, `seconds`, `hundreds`, `team_id`, `user_id`, `meeting_program_id`, `disqualification_code_type_id`, `relay_header`, `reaction_time`, `entry_minutes`, `entry_seconds`, `entry_hundreds`, `team_affiliation_id`, `entry_time_type_id`)
  VALUES (11228, '2015-09-26 07:13:20', '2015-09-26 07:13:20', 2, 1, 0, 0, 770.62, 770.62, 2, 4, 86, 600, 1, 34460, NULL, 'SYNTHESIS NUOTO SSD', 0.0, NULL, NULL, NULL, 1425, NULL);

INSERT INTO `meeting_relay_results` (`id`, `created_at`, `updated_at`, `rank`, `is_play_off`, `is_out_of_race`, `is_disqualified`, `standard_points`, `meeting_points`, `minutes`, `seconds`, `hundreds`, `team_id`, `user_id`, `meeting_program_id`, `disqualification_code_type_id`, `relay_header`, `reaction_time`, `entry_minutes`, `entry_seconds`, `entry_hundreds`, `team_affiliation_id`, `entry_time_type_id`)
  VALUES (11229, '2015-09-26 07:13:20', '2015-09-26 07:13:20', 3, 1, 0, 0, 764.99, 764.99, 2, 5, 78, 371, 1, 34460, NULL, 'TENNIS CLUB MATCH BALL', 0.0, NULL, NULL, NULL, 1427, NULL);

INSERT INTO `meeting_relay_results` (`id`, `created_at`, `updated_at`, `rank`, `is_play_off`, `is_out_of_race`, `is_disqualified`, `standard_points`, `meeting_points`, `minutes`, `seconds`, `hundreds`, `team_id`, `user_id`, `meeting_program_id`, `disqualification_code_type_id`, `relay_header`, `reaction_time`, `entry_minutes`, `entry_seconds`, `entry_hundreds`, `team_affiliation_id`, `entry_time_type_id`)
  VALUES (11230, '2015-09-26 07:13:20', '2015-09-26 07:13:20', 4, 1, 0, 0, 732.1, 732.1, 2, 11, 43, 335, 1, 34460, NULL, 'ULYSSE ASD', 0.0, NULL, NULL, NULL, 1429, NULL);

INSERT INTO `meeting_relay_results` (`id`, `created_at`, `updated_at`, `rank`, `is_play_off`, `is_out_of_race`, `is_disqualified`, `standard_points`, `meeting_points`, `minutes`, `seconds`, `hundreds`, `team_id`, `user_id`, `meeting_program_id`, `disqualification_code_type_id`, `relay_header`, `reaction_time`, `entry_minutes`, `entry_seconds`, `entry_hundreds`, `team_affiliation_id`, `entry_time_type_id`)
  VALUES (11231, '2015-09-26 07:13:20', '2015-09-26 07:13:20', 5, 1, 0, 0, 717.52, 717.52, 2, 14, 10, 800, 1, 34460, NULL, 'CITT DELLO SPORT SSD', 0.0, NULL, NULL, NULL, 1434, NULL);

INSERT INTO `meeting_relay_results` (`id`, `created_at`, `updated_at`, `rank`, `is_play_off`, `is_out_of_race`, `is_disqualified`, `standard_points`, `meeting_points`, `minutes`, `seconds`, `hundreds`, `team_id`, `user_id`, `meeting_program_id`, `disqualification_code_type_id`, `relay_header`, `reaction_time`, `entry_minutes`, `entry_seconds`, `entry_hundreds`, `team_affiliation_id`, `entry_time_type_id`)
  VALUES (11232, '2015-09-26 07:13:20', '2015-09-26 07:13:20', 6, 1, 0, 0, 707.81, 707.81, 2, 15, 94, 508, 1, 34460, NULL, 'ETNA NUOTO ASD', 0.0, NULL, NULL, NULL, 1416, NULL);

INSERT INTO `meeting_relay_results` (`id`, `created_at`, `updated_at`, `rank`, `is_play_off`, `is_out_of_race`, `is_disqualified`, `standard_points`, `meeting_points`, `minutes`, `seconds`, `hundreds`, `team_id`, `user_id`, `meeting_program_id`, `disqualification_code_type_id`, `relay_header`, `reaction_time`, `entry_minutes`, `entry_seconds`, `entry_hundreds`, `team_affiliation_id`, `entry_time_type_id`)
  VALUES (11233, '2015-09-26 07:13:20', '2015-09-26 07:13:20', 1, 1, 0, 0, 793.72, 793.72, 2, 3, 86, 508, 1, 34461, NULL, 'ETNA NUOTO ASD - A', 0.0, NULL, NULL, NULL, 1416, NULL);

INSERT INTO `meeting_relay_results` (`id`, `created_at`, `updated_at`, `rank`, `is_play_off`, `is_out_of_race`, `is_disqualified`, `standard_points`, `meeting_points`, `minutes`, `seconds`, `hundreds`, `team_id`, `user_id`, `meeting_program_id`, `disqualification_code_type_id`, `relay_header`, `reaction_time`, `entry_minutes`, `entry_seconds`, `entry_hundreds`, `team_affiliation_id`, `entry_time_type_id`)
  VALUES (11234, '2015-09-26 07:13:21', '2015-09-26 07:13:21', 2, 1, 0, 0, 741.74, 741.74, 2, 12, 54, 335, 1, 34461, NULL, 'ULYSSE ASD', 0.0, NULL, NULL, NULL, 1429, NULL);

INSERT INTO `meeting_relay_results` (`id`, `created_at`, `updated_at`, `rank`, `is_play_off`, `is_out_of_race`, `is_disqualified`, `standard_points`, `meeting_points`, `minutes`, `seconds`, `hundreds`, `team_id`, `user_id`, `meeting_program_id`, `disqualification_code_type_id`, `relay_header`, `reaction_time`, `entry_minutes`, `entry_seconds`, `entry_hundreds`, `team_affiliation_id`, `entry_time_type_id`)
  VALUES (11235, '2015-09-26 07:13:21', '2015-09-26 07:13:21', 3, 1, 0, 0, 716.44, 716.44, 2, 17, 22, 508, 1, 34461, NULL, 'ETNA NUOTO ASD - B', 0.0, NULL, NULL, NULL, 1416, NULL);

INSERT INTO `meeting_relay_results` (`id`, `created_at`, `updated_at`, `rank`, `is_play_off`, `is_out_of_race`, `is_disqualified`, `standard_points`, `meeting_points`, `minutes`, `seconds`, `hundreds`, `team_id`, `user_id`, `meeting_program_id`, `disqualification_code_type_id`, `relay_header`, `reaction_time`, `entry_minutes`, `entry_seconds`, `entry_hundreds`, `team_affiliation_id`, `entry_time_type_id`)
  VALUES (11236, '2015-09-26 07:13:21', '2015-09-26 07:13:21', 4, 1, 0, 0, 712.8, 712.8, 2, 17, 92, 371, 1, 34461, NULL, 'TENNIS CLUB MATCH BALL', 0.0, NULL, NULL, NULL, 1427, NULL);

INSERT INTO `meeting_relay_results` (`id`, `created_at`, `updated_at`, `rank`, `is_play_off`, `is_out_of_race`, `is_disqualified`, `standard_points`, `meeting_points`, `minutes`, `seconds`, `hundreds`, `team_id`, `user_id`, `meeting_program_id`, `disqualification_code_type_id`, `relay_header`, `reaction_time`, `entry_minutes`, `entry_seconds`, `entry_hundreds`, `team_affiliation_id`, `entry_time_type_id`)
  VALUES (11237, '2015-09-26 07:13:21', '2015-09-26 07:13:21', 5, 1, 0, 0, 676.0, 676.0, 2, 25, 43, 800, 1, 34461, NULL, 'CITT DELLO SPORT SSD', 0.0, NULL, NULL, NULL, 1434, NULL);

INSERT INTO `meeting_relay_results` (`id`, `created_at`, `updated_at`, `rank`, `is_play_off`, `is_out_of_race`, `is_disqualified`, `standard_points`, `meeting_points`, `minutes`, `seconds`, `hundreds`, `team_id`, `user_id`, `meeting_program_id`, `disqualification_code_type_id`, `relay_header`, `reaction_time`, `entry_minutes`, `entry_seconds`, `entry_hundreds`, `team_affiliation_id`, `entry_time_type_id`)
  VALUES (11238, '2015-09-26 07:13:21', '2015-09-26 07:13:21', 1, 1, 0, 0, 785.62, 785.62, 2, 12, 10, 371, 1, 34462, NULL, 'TENNIS CLUB MATCH BALL', 0.0, NULL, NULL, NULL, 1427, NULL);

INSERT INTO `meeting_team_scores` (`id`, `sum_individual_points`, `sum_relay_points`, `team_id`, `meeting_id`, `created_at`, `updated_at`, `rank`, `user_id`, `sum_team_points`, `meeting_individual_points`, `meeting_relay_points`, `meeting_team_points`, `season_individual_points`, `season_relay_points`, `season_team_points`, `season_id`, `team_affiliation_id`)
  VALUES (8449, 34586.17, 0.0, 371, 14329, '2015-09-26 07:13:21', '2015-09-26 07:13:21', 0, 1, 0.0, 0.0, 0.0, 0.0, 0.0, 0.0, 0.0, 142, 1427);

INSERT INTO `meeting_team_scores` (`id`, `sum_individual_points`, `sum_relay_points`, `team_id`, `meeting_id`, `created_at`, `updated_at`, `rank`, `user_id`, `sum_team_points`, `meeting_individual_points`, `meeting_relay_points`, `meeting_team_points`, `season_individual_points`, `season_relay_points`, `season_team_points`, `season_id`, `team_affiliation_id`)
  VALUES (8450, 25497.75, 0.0, 800, 14329, '2015-09-26 07:13:21', '2015-09-26 07:13:21', 0, 1, 0.0, 0.0, 0.0, 0.0, 0.0, 0.0, 0.0, 142, 1434);

INSERT INTO `meeting_team_scores` (`id`, `sum_individual_points`, `sum_relay_points`, `team_id`, `meeting_id`, `created_at`, `updated_at`, `rank`, `user_id`, `sum_team_points`, `meeting_individual_points`, `meeting_relay_points`, `meeting_team_points`, `season_individual_points`, `season_relay_points`, `season_team_points`, `season_id`, `team_affiliation_id`)
  VALUES (8451, 24593.19, 0.0, 322, 14329, '2015-09-26 07:13:21', '2015-09-26 07:13:21', 0, 1, 0.0, 0.0, 0.0, 0.0, 0.0, 0.0, 0.0, 142, 1431);

INSERT INTO `meeting_team_scores` (`id`, `sum_individual_points`, `sum_relay_points`, `team_id`, `meeting_id`, `created_at`, `updated_at`, `rank`, `user_id`, `sum_team_points`, `meeting_individual_points`, `meeting_relay_points`, `meeting_team_points`, `season_individual_points`, `season_relay_points`, `season_team_points`, `season_id`, `team_affiliation_id`)
  VALUES (8452, 22840.91, 0.0, 600, 14329, '2015-09-26 07:13:21', '2015-09-26 07:13:21', 0, 1, 0.0, 0.0, 0.0, 0.0, 0.0, 0.0, 0.0, 142, 1425);

INSERT INTO `meeting_team_scores` (`id`, `sum_individual_points`, `sum_relay_points`, `team_id`, `meeting_id`, `created_at`, `updated_at`, `rank`, `user_id`, `sum_team_points`, `meeting_individual_points`, `meeting_relay_points`, `meeting_team_points`, `season_individual_points`, `season_relay_points`, `season_team_points`, `season_id`, `team_affiliation_id`)
  VALUES (8453, 22748.05, 0.0, 508, 14329, '2015-09-26 07:13:21', '2015-09-26 07:13:21', 0, 1, 0.0, 0.0, 0.0, 0.0, 0.0, 0.0, 0.0, 142, 1416);

INSERT INTO `meeting_team_scores` (`id`, `sum_individual_points`, `sum_relay_points`, `team_id`, `meeting_id`, `created_at`, `updated_at`, `rank`, `user_id`, `sum_team_points`, `meeting_individual_points`, `meeting_relay_points`, `meeting_team_points`, `season_individual_points`, `season_relay_points`, `season_team_points`, `season_id`, `team_affiliation_id`)
  VALUES (8454, 18564.89, 0.0, 335, 14329, '2015-09-26 07:13:21', '2015-09-26 07:13:21', 0, 1, 0.0, 0.0, 0.0, 0.0, 0.0, 0.0, 0.0, 142, 1429);

INSERT INTO `meeting_team_scores` (`id`, `sum_individual_points`, `sum_relay_points`, `team_id`, `meeting_id`, `created_at`, `updated_at`, `rank`, `user_id`, `sum_team_points`, `meeting_individual_points`, `meeting_relay_points`, `meeting_team_points`, `season_individual_points`, `season_relay_points`, `season_team_points`, `season_id`, `team_affiliation_id`)
  VALUES (8455, 14557.94, 0.0, 607, 14329, '2015-09-26 07:13:21', '2015-09-26 07:13:21', 0, 1, 0.0, 0.0, 0.0, 0.0, 0.0, 0.0, 0.0, 142, 1428);

INSERT INTO `meeting_team_scores` (`id`, `sum_individual_points`, `sum_relay_points`, `team_id`, `meeting_id`, `created_at`, `updated_at`, `rank`, `user_id`, `sum_team_points`, `meeting_individual_points`, `meeting_relay_points`, `meeting_team_points`, `season_individual_points`, `season_relay_points`, `season_team_points`, `season_id`, `team_affiliation_id`)
  VALUES (8456, 13301.58, 0.0, 514, 14329, '2015-09-26 07:13:21', '2015-09-26 07:13:21', 0, 1, 0.0, 0.0, 0.0, 0.0, 0.0, 0.0, 0.0, 142, 1426);

INSERT INTO `meeting_team_scores` (`id`, `sum_individual_points`, `sum_relay_points`, `team_id`, `meeting_id`, `created_at`, `updated_at`, `rank`, `user_id`, `sum_team_points`, `meeting_individual_points`, `meeting_relay_points`, `meeting_team_points`, `season_individual_points`, `season_relay_points`, `season_team_points`, `season_id`, `team_affiliation_id`)
  VALUES (8457, 8689.13, 0.0, 512, 14329, '2015-09-26 07:13:21', '2015-09-26 07:13:21', 0, 1, 0.0, 0.0, 0.0, 0.0, 0.0, 0.0, 0.0, 142, 1423);

INSERT INTO `meeting_team_scores` (`id`, `sum_individual_points`, `sum_relay_points`, `team_id`, `meeting_id`, `created_at`, `updated_at`, `rank`, `user_id`, `sum_team_points`, `meeting_individual_points`, `meeting_relay_points`, `meeting_team_points`, `season_individual_points`, `season_relay_points`, `season_team_points`, `season_id`, `team_affiliation_id`)
  VALUES (8458, 7513.27, 0.0, 801, 14329, '2015-09-26 07:13:21', '2015-09-26 07:13:21', 0, 1, 0.0, 0.0, 0.0, 0.0, 0.0, 0.0, 0.0, 142, 1435);

INSERT INTO `meeting_team_scores` (`id`, `sum_individual_points`, `sum_relay_points`, `team_id`, `meeting_id`, `created_at`, `updated_at`, `rank`, `user_id`, `sum_team_points`, `meeting_individual_points`, `meeting_relay_points`, `meeting_team_points`, `season_individual_points`, `season_relay_points`, `season_team_points`, `season_id`, `team_affiliation_id`)
  VALUES (8459, 6735.25, 0.0, 604, 14329, '2015-09-26 07:13:22', '2015-09-26 07:13:22', 0, 1, 0.0, 0.0, 0.0, 0.0, 0.0, 0.0, 0.0, 142, 1417);

INSERT INTO `meeting_team_scores` (`id`, `sum_individual_points`, `sum_relay_points`, `team_id`, `meeting_id`, `created_at`, `updated_at`, `rank`, `user_id`, `sum_team_points`, `meeting_individual_points`, `meeting_relay_points`, `meeting_team_points`, `season_individual_points`, `season_relay_points`, `season_team_points`, `season_id`, `team_affiliation_id`)
  VALUES (8460, 6653.98, 0.0, 631, 14329, '2015-09-26 07:13:22', '2015-09-26 07:13:22', 0, 1, 0.0, 0.0, 0.0, 0.0, 0.0, 0.0, 0.0, 142, 1432);

INSERT INTO `meeting_team_scores` (`id`, `sum_individual_points`, `sum_relay_points`, `team_id`, `meeting_id`, `created_at`, `updated_at`, `rank`, `user_id`, `sum_team_points`, `meeting_individual_points`, `meeting_relay_points`, `meeting_team_points`, `season_individual_points`, `season_relay_points`, `season_team_points`, `season_id`, `team_affiliation_id`)
  VALUES (8461, 6239.36, 0.0, 505, 14329, '2015-09-26 07:13:22', '2015-09-26 07:13:22', 0, 1, 0.0, 0.0, 0.0, 0.0, 0.0, 0.0, 0.0, 142, 1415);

INSERT INTO `meeting_team_scores` (`id`, `sum_individual_points`, `sum_relay_points`, `team_id`, `meeting_id`, `created_at`, `updated_at`, `rank`, `user_id`, `sum_team_points`, `meeting_individual_points`, `meeting_relay_points`, `meeting_team_points`, `season_individual_points`, `season_relay_points`, `season_team_points`, `season_id`, `team_affiliation_id`)
  VALUES (8462, 5439.23, 0.0, 603, 14329, '2015-09-26 07:13:22', '2015-09-26 07:13:22', 0, 1, 0.0, 0.0, 0.0, 0.0, 0.0, 0.0, 0.0, 142, 1414);

INSERT INTO `meeting_team_scores` (`id`, `sum_individual_points`, `sum_relay_points`, `team_id`, `meeting_id`, `created_at`, `updated_at`, `rank`, `user_id`, `sum_team_points`, `meeting_individual_points`, `meeting_relay_points`, `meeting_team_points`, `season_individual_points`, `season_relay_points`, `season_team_points`, `season_id`, `team_affiliation_id`)
  VALUES (8463, 5365.36, 0.0, 608, 14329, '2015-09-26 07:13:22', '2015-09-26 07:13:22', 0, 1, 0.0, 0.0, 0.0, 0.0, 0.0, 0.0, 0.0, 142, 1430);

INSERT INTO `meeting_team_scores` (`id`, `sum_individual_points`, `sum_relay_points`, `team_id`, `meeting_id`, `created_at`, `updated_at`, `rank`, `user_id`, `sum_team_points`, `meeting_individual_points`, `meeting_relay_points`, `meeting_team_points`, `season_individual_points`, `season_relay_points`, `season_team_points`, `season_id`, `team_affiliation_id`)
  VALUES (8464, 4405.47, 0.0, 601, 14329, '2015-09-26 07:13:22', '2015-09-26 07:13:22', 0, 1, 0.0, 0.0, 0.0, 0.0, 0.0, 0.0, 0.0, 142, 1413);

INSERT INTO `meeting_team_scores` (`id`, `sum_individual_points`, `sum_relay_points`, `team_id`, `meeting_id`, `created_at`, `updated_at`, `rank`, `user_id`, `sum_team_points`, `meeting_individual_points`, `meeting_relay_points`, `meeting_team_points`, `season_individual_points`, `season_relay_points`, `season_team_points`, `season_id`, `team_affiliation_id`)
  VALUES (8465, 4313.58, 0.0, 690, 14329, '2015-09-26 07:13:22', '2015-09-26 07:13:22', 0, 1, 0.0, 0.0, 0.0, 0.0, 0.0, 0.0, 0.0, 142, 1418);

INSERT INTO `meeting_team_scores` (`id`, `sum_individual_points`, `sum_relay_points`, `team_id`, `meeting_id`, `created_at`, `updated_at`, `rank`, `user_id`, `sum_team_points`, `meeting_individual_points`, `meeting_relay_points`, `meeting_team_points`, `season_individual_points`, `season_relay_points`, `season_team_points`, `season_id`, `team_affiliation_id`)
  VALUES (8466, 3414.21, 0.0, 817, 14329, '2015-09-26 07:13:22', '2015-09-26 07:13:22', 0, 1, 0.0, 0.0, 0.0, 0.0, 0.0, 0.0, 0.0, 142, 1525);

INSERT INTO `meeting_team_scores` (`id`, `sum_individual_points`, `sum_relay_points`, `team_id`, `meeting_id`, `created_at`, `updated_at`, `rank`, `user_id`, `sum_team_points`, `meeting_individual_points`, `meeting_relay_points`, `meeting_team_points`, `season_individual_points`, `season_relay_points`, `season_team_points`, `season_id`, `team_affiliation_id`)
  VALUES (8467, 3273.96, 0.0, 202, 14329, '2015-09-26 07:13:22', '2015-09-26 07:13:22', 0, 1, 0.0, 0.0, 0.0, 0.0, 0.0, 0.0, 0.0, 142, 1018);

INSERT INTO `meeting_team_scores` (`id`, `sum_individual_points`, `sum_relay_points`, `team_id`, `meeting_id`, `created_at`, `updated_at`, `rank`, `user_id`, `sum_team_points`, `meeting_individual_points`, `meeting_relay_points`, `meeting_team_points`, `season_individual_points`, `season_relay_points`, `season_team_points`, `season_id`, `team_affiliation_id`)
  VALUES (8468, 2729.19, 0.0, 507, 14329, '2015-09-26 07:13:22', '2015-09-26 07:13:22', 0, 1, 0.0, 0.0, 0.0, 0.0, 0.0, 0.0, 0.0, 142, 1241);

INSERT INTO `meeting_team_scores` (`id`, `sum_individual_points`, `sum_relay_points`, `team_id`, `meeting_id`, `created_at`, `updated_at`, `rank`, `user_id`, `sum_team_points`, `meeting_individual_points`, `meeting_relay_points`, `meeting_team_points`, `season_individual_points`, `season_relay_points`, `season_team_points`, `season_id`, `team_affiliation_id`)
  VALUES (8469, 2646.46, 0.0, 606, 14329, '2015-09-26 07:13:22', '2015-09-26 07:13:22', 0, 1, 0.0, 0.0, 0.0, 0.0, 0.0, 0.0, 0.0, 142, 1420);

INSERT INTO `meeting_team_scores` (`id`, `sum_individual_points`, `sum_relay_points`, `team_id`, `meeting_id`, `created_at`, `updated_at`, `rank`, `user_id`, `sum_team_points`, `meeting_individual_points`, `meeting_relay_points`, `meeting_team_points`, `season_individual_points`, `season_relay_points`, `season_team_points`, `season_id`, `team_affiliation_id`)
  VALUES (8470, 1628.87, 0.0, 84, 14329, '2015-09-26 07:13:22', '2015-09-26 07:13:22', 0, 1, 0.0, 0.0, 0.0, 0.0, 0.0, 0.0, 0.0, 142, 1233);

INSERT INTO `meeting_team_scores` (`id`, `sum_individual_points`, `sum_relay_points`, `team_id`, `meeting_id`, `created_at`, `updated_at`, `rank`, `user_id`, `sum_team_points`, `meeting_individual_points`, `meeting_relay_points`, `meeting_team_points`, `season_individual_points`, `season_relay_points`, `season_team_points`, `season_id`, `team_affiliation_id`)
  VALUES (8471, 1489.97, 0.0, 818, 14329, '2015-09-26 07:13:22', '2015-09-26 07:13:22', 0, 1, 0.0, 0.0, 0.0, 0.0, 0.0, 0.0, 0.0, 142, 1526);

INSERT INTO `meeting_team_scores` (`id`, `sum_individual_points`, `sum_relay_points`, `team_id`, `meeting_id`, `created_at`, `updated_at`, `rank`, `user_id`, `sum_team_points`, `meeting_individual_points`, `meeting_relay_points`, `meeting_team_points`, `season_individual_points`, `season_relay_points`, `season_team_points`, `season_id`, `team_affiliation_id`)
  VALUES (8472, 1424.06, 0.0, 511, 14329, '2015-09-26 07:13:22', '2015-09-26 07:13:22', 0, 1, 0.0, 0.0, 0.0, 0.0, 0.0, 0.0, 0.0, 142, 1421);

INSERT INTO `meeting_team_scores` (`id`, `sum_individual_points`, `sum_relay_points`, `team_id`, `meeting_id`, `created_at`, `updated_at`, `rank`, `user_id`, `sum_team_points`, `meeting_individual_points`, `meeting_relay_points`, `meeting_team_points`, `season_individual_points`, `season_relay_points`, `season_team_points`, `season_id`, `team_affiliation_id`)
  VALUES (8473, 1388.17, 0.0, 203, 14329, '2015-09-26 07:13:22', '2015-09-26 07:13:22', 0, 1, 0.0, 0.0, 0.0, 0.0, 0.0, 0.0, 0.0, 142, 1085);

INSERT INTO `meeting_team_scores` (`id`, `sum_individual_points`, `sum_relay_points`, `team_id`, `meeting_id`, `created_at`, `updated_at`, `rank`, `user_id`, `sum_team_points`, `meeting_individual_points`, `meeting_relay_points`, `meeting_team_points`, `season_individual_points`, `season_relay_points`, `season_team_points`, `season_id`, `team_affiliation_id`)
  VALUES (8474, 1374.32, 0.0, 803, 14329, '2015-09-26 07:13:22', '2015-09-26 07:13:22', 0, 1, 0.0, 0.0, 0.0, 0.0, 0.0, 0.0, 0.0, 142, 1437);

INSERT INTO `meeting_team_scores` (`id`, `sum_individual_points`, `sum_relay_points`, `team_id`, `meeting_id`, `created_at`, `updated_at`, `rank`, `user_id`, `sum_team_points`, `meeting_individual_points`, `meeting_relay_points`, `meeting_team_points`, `season_individual_points`, `season_relay_points`, `season_team_points`, `season_id`, `team_affiliation_id`)
  VALUES (8475, 885.03, 0.0, 506, 14329, '2015-09-26 07:13:22', '2015-09-26 07:13:22', 0, 1, 0.0, 0.0, 0.0, 0.0, 0.0, 0.0, 0.0, 142, 1524);

INSERT INTO `meeting_team_scores` (`id`, `sum_individual_points`, `sum_relay_points`, `team_id`, `meeting_id`, `created_at`, `updated_at`, `rank`, `user_id`, `sum_team_points`, `meeting_individual_points`, `meeting_relay_points`, `meeting_team_points`, `season_individual_points`, `season_relay_points`, `season_team_points`, `season_id`, `team_affiliation_id`)
  VALUES (8476, 792.63, 0.0, 89, 14329, '2015-09-26 07:13:22', '2015-09-26 07:13:22', 0, 1, 0.0, 0.0, 0.0, 0.0, 0.0, 0.0, 0.0, 142, 965);

INSERT INTO `meeting_team_scores` (`id`, `sum_individual_points`, `sum_relay_points`, `team_id`, `meeting_id`, `created_at`, `updated_at`, `rank`, `user_id`, `sum_team_points`, `meeting_individual_points`, `meeting_relay_points`, `meeting_team_points`, `season_individual_points`, `season_relay_points`, `season_team_points`, `season_id`, `team_affiliation_id`)
  VALUES (8477, 0.0, 0.0, 715, 14329, '2015-09-26 07:13:23', '2015-09-26 07:13:23', 0, 1, 0.0, 0.0, 0.0, 0.0, 0.0, 0.0, 0.0, 142, 1422);


-- Meeting 14329
-- 'Results acquired' flag setting:
UPDATE meetings SET are_results_acquired = '1' WHERE id = 14329;

-- --- BeginTimeCalculator: compute_for_all( 14329 )
-- ----------------------------------------------------
-- Using RESULTS to compute heat length.

-- Event #1, M.Prg: 34335, tot. athletes: 4
-- Tot. progr. duration: 158 (sec), Heat durations: [15882] (hds)
-- Session begin time: 2015-05-17 08:30:00 +0200, Computed begin time: 2015-05-17 08:32:00 +0200
UPDATE meeting_programs SET begin_time = '2015-05-17 08:32' WHERE id = 34335;

-- Event #1, M.Prg: 34456, tot. athletes: 0
-- Tot. progr. duration: 0 (sec), Heat durations: [] (hds)
-- Session begin time: 2015-05-17 08:30:00 +0200, Computed begin time: 2015-05-17 08:34:38 +0200
UPDATE meeting_programs SET begin_time = '2015-05-17 08:34' WHERE id = 34456;

-- Event #2, M.Prg: 34336, tot. athletes: 1
-- Tot. progr. duration: 162 (sec), Heat durations: [16294] (hds)
-- Session begin time: 2015-05-17 08:30:00 +0200, Computed begin time: 2015-05-17 08:34:38 +0200
UPDATE meeting_programs SET begin_time = '2015-05-17 08:34' WHERE id = 34336;

-- Event #2, M.Prg: 34457, tot. athletes: 0
-- Tot. progr. duration: 0 (sec), Heat durations: [] (hds)
-- Session begin time: 2015-05-17 08:30:00 +0200, Computed begin time: 2015-05-17 08:37:20 +0200
UPDATE meeting_programs SET begin_time = '2015-05-17 08:37' WHERE id = 34457;

-- Event #3, M.Prg: 34337, tot. athletes: 3
-- Tot. progr. duration: 170 (sec), Heat durations: [17049] (hds)
-- Session begin time: 2015-05-17 08:30:00 +0200, Computed begin time: 2015-05-17 08:37:20 +0200
UPDATE meeting_programs SET begin_time = '2015-05-17 08:37' WHERE id = 34337;

-- Event #3, M.Prg: 34458, tot. athletes: 0
-- Tot. progr. duration: 0 (sec), Heat durations: [] (hds)
-- Session begin time: 2015-05-17 08:30:00 +0200, Computed begin time: 2015-05-17 08:40:10 +0200
UPDATE meeting_programs SET begin_time = '2015-05-17 08:40' WHERE id = 34458;

-- Event #4, M.Prg: 34459, tot. athletes: 0
-- Tot. progr. duration: 0 (sec), Heat durations: [] (hds)
-- Session begin time: 2015-05-17 08:30:00 +0200, Computed begin time: 2015-05-17 08:40:10 +0200
UPDATE meeting_programs SET begin_time = '2015-05-17 08:40' WHERE id = 34459;

-- Event #4, M.Prg: 34338, tot. athletes: 2
-- Tot. progr. duration: 171 (sec), Heat durations: [17186] (hds)
-- Session begin time: 2015-05-17 08:30:00 +0200, Computed begin time: 2015-05-17 08:40:10 +0200
UPDATE meeting_programs SET begin_time = '2015-05-17 08:40' WHERE id = 34338;

-- Event #5, M.Prg: 34339, tot. athletes: 1
-- Tot. progr. duration: 153 (sec), Heat durations: [15363] (hds)
-- Session begin time: 2015-05-17 08:30:00 +0200, Computed begin time: 2015-05-17 08:43:01 +0200
UPDATE meeting_programs SET begin_time = '2015-05-17 08:43' WHERE id = 34339;

-- Event #5, M.Prg: 34460, tot. athletes: 0
-- Tot. progr. duration: 0 (sec), Heat durations: [] (hds)
-- Session begin time: 2015-05-17 08:30:00 +0200, Computed begin time: 2015-05-17 08:45:34 +0200
UPDATE meeting_programs SET begin_time = '2015-05-17 08:45' WHERE id = 34460;

-- Event #6, M.Prg: 34340, tot. athletes: 3
-- Tot. progr. duration: 194 (sec), Heat durations: [19460] (hds)
-- Session begin time: 2015-05-17 08:30:00 +0200, Computed begin time: 2015-05-17 08:45:34 +0200
UPDATE meeting_programs SET begin_time = '2015-05-17 08:45' WHERE id = 34340;

-- Event #6, M.Prg: 34461, tot. athletes: 0
-- Tot. progr. duration: 0 (sec), Heat durations: [] (hds)
-- Session begin time: 2015-05-17 08:30:00 +0200, Computed begin time: 2015-05-17 08:48:48 +0200
UPDATE meeting_programs SET begin_time = '2015-05-17 08:48' WHERE id = 34461;

-- Event #7, M.Prg: 34341, tot. athletes: 1
-- Tot. progr. duration: 177 (sec), Heat durations: [17734] (hds)
-- Session begin time: 2015-05-17 08:30:00 +0200, Computed begin time: 2015-05-17 08:48:48 +0200
UPDATE meeting_programs SET begin_time = '2015-05-17 08:48' WHERE id = 34341;

-- Event #7, M.Prg: 34462, tot. athletes: 0
-- Tot. progr. duration: 0 (sec), Heat durations: [] (hds)
-- Session begin time: 2015-05-17 08:30:00 +0200, Computed begin time: 2015-05-17 08:51:45 +0200
UPDATE meeting_programs SET begin_time = '2015-05-17 08:51' WHERE id = 34462;

-- Event #8, M.Prg: 34342, tot. athletes: 1
-- Tot. progr. duration: 152 (sec), Heat durations: [15211] (hds)
-- Session begin time: 2015-05-17 08:30:00 +0200, Computed begin time: 2015-05-17 08:51:45 +0200
UPDATE meeting_programs SET begin_time = '2015-05-17 08:51' WHERE id = 34342;

-- Event #9, M.Prg: 34343, tot. athletes: 4
-- Tot. progr. duration: 165 (sec), Heat durations: [16582] (hds)
-- Session begin time: 2015-05-17 08:30:00 +0200, Computed begin time: 2015-05-17 08:54:17 +0200
UPDATE meeting_programs SET begin_time = '2015-05-17 08:54' WHERE id = 34343;

-- Event #10, M.Prg: 34344, tot. athletes: 2
-- Tot. progr. duration: 145 (sec), Heat durations: [14568] (hds)
-- Session begin time: 2015-05-17 08:30:00 +0200, Computed begin time: 2015-05-17 08:57:02 +0200
UPDATE meeting_programs SET begin_time = '2015-05-17 08:57' WHERE id = 34344;

-- Event #11, M.Prg: 34345, tot. athletes: 2
-- Tot. progr. duration: 142 (sec), Heat durations: [14296] (hds)
-- Session begin time: 2015-05-17 08:30:00 +0200, Computed begin time: 2015-05-17 08:59:27 +0200
UPDATE meeting_programs SET begin_time = '2015-05-17 08:59' WHERE id = 34345;

-- Event #12, M.Prg: 34346, tot. athletes: 3
-- Tot. progr. duration: 163 (sec), Heat durations: [16343] (hds)
-- Session begin time: 2015-05-17 08:30:00 +0200, Computed begin time: 2015-05-17 09:01:49 +0200
UPDATE meeting_programs SET begin_time = '2015-05-17 09:01' WHERE id = 34346;

-- Event #13, M.Prg: 34347, tot. athletes: 2
-- Tot. progr. duration: 156 (sec), Heat durations: [15601] (hds)
-- Session begin time: 2015-05-17 08:30:00 +0200, Computed begin time: 2015-05-17 09:04:32 +0200
UPDATE meeting_programs SET begin_time = '2015-05-17 09:04' WHERE id = 34347;

-- Event #14, M.Prg: 34348, tot. athletes: 3
-- Tot. progr. duration: 171 (sec), Heat durations: [17131] (hds)
-- Session begin time: 2015-05-17 08:30:00 +0200, Computed begin time: 2015-05-17 09:07:08 +0200
UPDATE meeting_programs SET begin_time = '2015-05-17 09:07' WHERE id = 34348;

-- Event #15, M.Prg: 34349, tot. athletes: 2
-- Tot. progr. duration: 144 (sec), Heat durations: [14457] (hds)
-- Session begin time: 2015-05-17 08:30:00 +0200, Computed begin time: 2015-05-17 09:09:59 +0200
UPDATE meeting_programs SET begin_time = '2015-05-17 09:09' WHERE id = 34349;

-- Event #16, M.Prg: 34350, tot. athletes: 1
-- Tot. progr. duration: 152 (sec), Heat durations: [15285] (hds)
-- Session begin time: 2015-05-17 08:30:00 +0200, Computed begin time: 2015-05-17 09:12:23 +0200
UPDATE meeting_programs SET begin_time = '2015-05-17 09:12' WHERE id = 34350;

-- Event #17, M.Prg: 34351, tot. athletes: 1
-- Tot. progr. duration: 157 (sec), Heat durations: [15754] (hds)
-- Session begin time: 2015-05-17 08:30:00 +0200, Computed begin time: 2015-05-17 09:14:55 +0200
UPDATE meeting_programs SET begin_time = '2015-05-17 09:14' WHERE id = 34351;

-- Event #18, M.Prg: 34352, tot. athletes: 3
-- Tot. progr. duration: 176 (sec), Heat durations: [17679] (hds)
-- Session begin time: 2015-05-17 08:30:00 +0200, Computed begin time: 2015-05-17 09:17:32 +0200
UPDATE meeting_programs SET begin_time = '2015-05-17 09:17' WHERE id = 34352;

-- Event #19, M.Prg: 34353, tot. athletes: 1
-- Tot. progr. duration: 178 (sec), Heat durations: [17813] (hds)
-- Session begin time: 2015-05-17 08:30:00 +0200, Computed begin time: 2015-05-17 09:20:28 +0200
UPDATE meeting_programs SET begin_time = '2015-05-17 09:20' WHERE id = 34353;

-- Event #20, M.Prg: 34354, tot. athletes: 1
-- Tot. progr. duration: 166 (sec), Heat durations: [16625] (hds)
-- Session begin time: 2015-05-17 08:30:00 +0200, Computed begin time: 2015-05-17 09:23:26 +0200
UPDATE meeting_programs SET begin_time = '2015-05-17 09:23' WHERE id = 34354;

-- Event #21, M.Prg: 34355, tot. athletes: 1
-- Tot. progr. duration: 184 (sec), Heat durations: [18446] (hds)
-- Session begin time: 2015-05-17 08:30:00 +0200, Computed begin time: 2015-05-17 09:26:12 +0200
UPDATE meeting_programs SET begin_time = '2015-05-17 09:26' WHERE id = 34355;

-- Event #22, M.Prg: 34356, tot. athletes: 1
-- Tot. progr. duration: 182 (sec), Heat durations: [18245] (hds)
-- Session begin time: 2015-05-17 08:30:00 +0200, Computed begin time: 2015-05-17 09:29:16 +0200
UPDATE meeting_programs SET begin_time = '2015-05-17 09:29' WHERE id = 34356;

-- Event #23, M.Prg: 34357, tot. athletes: 3
-- Tot. progr. duration: 158 (sec), Heat durations: [15810] (hds)
-- Session begin time: 2015-05-17 08:30:00 +0200, Computed begin time: 2015-05-17 09:32:18 +0200
UPDATE meeting_programs SET begin_time = '2015-05-17 09:32' WHERE id = 34357;

-- Event #24, M.Prg: 34358, tot. athletes: 4
-- Tot. progr. duration: 171 (sec), Heat durations: [17147] (hds)
-- Session begin time: 2015-05-17 08:30:00 +0200, Computed begin time: 2015-05-17 09:34:56 +0200
UPDATE meeting_programs SET begin_time = '2015-05-17 09:34' WHERE id = 34358;

-- Event #25, M.Prg: 34359, tot. athletes: 5
-- Tot. progr. duration: 164 (sec), Heat durations: [16473] (hds)
-- Session begin time: 2015-05-17 08:30:00 +0200, Computed begin time: 2015-05-17 09:37:47 +0200
UPDATE meeting_programs SET begin_time = '2015-05-17 09:37' WHERE id = 34359;

-- Event #26, M.Prg: 34360, tot. athletes: 6
-- Tot. progr. duration: 171 (sec), Heat durations: [17151] (hds)
-- Session begin time: 2015-05-17 08:30:00 +0200, Computed begin time: 2015-05-17 09:40:31 +0200
UPDATE meeting_programs SET begin_time = '2015-05-17 09:40' WHERE id = 34360;

-- Event #27, M.Prg: 34361, tot. athletes: 4
-- Tot. progr. duration: 160 (sec), Heat durations: [16043] (hds)
-- Session begin time: 2015-05-17 08:30:00 +0200, Computed begin time: 2015-05-17 09:43:22 +0200
UPDATE meeting_programs SET begin_time = '2015-05-17 09:43' WHERE id = 34361;

-- Event #28, M.Prg: 34362, tot. athletes: 1
-- Tot. progr. duration: 163 (sec), Heat durations: [16343] (hds)
-- Session begin time: 2015-05-17 08:30:00 +0200, Computed begin time: 2015-05-17 09:46:02 +0200
UPDATE meeting_programs SET begin_time = '2015-05-17 09:46' WHERE id = 34362;

-- Event #29, M.Prg: 34363, tot. athletes: 1
-- Tot. progr. duration: 195 (sec), Heat durations: [19543] (hds)
-- Session begin time: 2015-05-17 08:30:00 +0200, Computed begin time: 2015-05-17 09:48:45 +0200
UPDATE meeting_programs SET begin_time = '2015-05-17 09:48' WHERE id = 34363;

-- Event #30, M.Prg: 34364, tot. athletes: 1
-- Tot. progr. duration: 142 (sec), Heat durations: [14221] (hds)
-- Session begin time: 2015-05-17 08:30:00 +0200, Computed begin time: 2015-05-17 09:52:00 +0200
UPDATE meeting_programs SET begin_time = '2015-05-17 09:52' WHERE id = 34364;

-- Event #31, M.Prg: 34365, tot. athletes: 4
-- Tot. progr. duration: 147 (sec), Heat durations: [14785] (hds)
-- Session begin time: 2015-05-17 08:30:00 +0200, Computed begin time: 2015-05-17 09:54:22 +0200
UPDATE meeting_programs SET begin_time = '2015-05-17 09:54' WHERE id = 34365;

-- Event #32, M.Prg: 34366, tot. athletes: 4
-- Tot. progr. duration: 151 (sec), Heat durations: [15147] (hds)
-- Session begin time: 2015-05-17 08:30:00 +0200, Computed begin time: 2015-05-17 09:56:49 +0200
UPDATE meeting_programs SET begin_time = '2015-05-17 09:56' WHERE id = 34366;

-- Event #33, M.Prg: 34367, tot. athletes: 3
-- Tot. progr. duration: 151 (sec), Heat durations: [15121] (hds)
-- Session begin time: 2015-05-17 08:30:00 +0200, Computed begin time: 2015-05-17 09:59:20 +0200
UPDATE meeting_programs SET begin_time = '2015-05-17 09:59' WHERE id = 34367;

-- Event #34, M.Prg: 34368, tot. athletes: 2
-- Tot. progr. duration: 150 (sec), Heat durations: [15078] (hds)
-- Session begin time: 2015-05-17 08:30:00 +0200, Computed begin time: 2015-05-17 10:01:51 +0200
UPDATE meeting_programs SET begin_time = '2015-05-17 10:01' WHERE id = 34368;

-- Event #35, M.Prg: 34369, tot. athletes: 1
-- Tot. progr. duration: 141 (sec), Heat durations: [14102] (hds)
-- Session begin time: 2015-05-17 08:30:00 +0200, Computed begin time: 2015-05-17 10:04:21 +0200
UPDATE meeting_programs SET begin_time = '2015-05-17 10:04' WHERE id = 34369;

-- Event #36, M.Prg: 34370, tot. athletes: 5
-- Tot. progr. duration: 139 (sec), Heat durations: [13980] (hds)
-- Session begin time: 2015-05-17 08:30:00 +0200, Computed begin time: 2015-05-17 10:06:42 +0200
UPDATE meeting_programs SET begin_time = '2015-05-17 10:06' WHERE id = 34370;

-- Event #37, M.Prg: 34371, tot. athletes: 11
-- Tot. progr. duration: 273 (sec), Heat durations: [14919, 12444] (hds)
-- Session begin time: 2015-05-17 08:30:00 +0200, Computed begin time: 2015-05-17 10:09:01 +0200
UPDATE meeting_programs SET begin_time = '2015-05-17 10:09' WHERE id = 34371;

-- Event #38, M.Prg: 34372, tot. athletes: 3
-- Tot. progr. duration: 144 (sec), Heat durations: [14435] (hds)
-- Session begin time: 2015-05-17 08:30:00 +0200, Computed begin time: 2015-05-17 10:13:34 +0200
UPDATE meeting_programs SET begin_time = '2015-05-17 10:13' WHERE id = 34372;

-- Event #39, M.Prg: 34373, tot. athletes: 6
-- Tot. progr. duration: 134 (sec), Heat durations: [13480] (hds)
-- Session begin time: 2015-05-17 08:30:00 +0200, Computed begin time: 2015-05-17 10:15:58 +0200
UPDATE meeting_programs SET begin_time = '2015-05-17 10:15' WHERE id = 34373;

-- Event #40, M.Prg: 34374, tot. athletes: 5
-- Tot. progr. duration: 141 (sec), Heat durations: [14113] (hds)
-- Session begin time: 2015-05-17 08:30:00 +0200, Computed begin time: 2015-05-17 10:18:12 +0200
UPDATE meeting_programs SET begin_time = '2015-05-17 10:18' WHERE id = 34374;

-- Event #41, M.Prg: 34375, tot. athletes: 5
-- Tot. progr. duration: 149 (sec), Heat durations: [14939] (hds)
-- Session begin time: 2015-05-17 08:30:00 +0200, Computed begin time: 2015-05-17 10:20:33 +0200
UPDATE meeting_programs SET begin_time = '2015-05-17 10:20' WHERE id = 34375;

-- Event #42, M.Prg: 34376, tot. athletes: 1
-- Tot. progr. duration: 129 (sec), Heat durations: [12956] (hds)
-- Session begin time: 2015-05-17 08:30:00 +0200, Computed begin time: 2015-05-17 10:23:02 +0200
UPDATE meeting_programs SET begin_time = '2015-05-17 10:23' WHERE id = 34376;

-- Event #43, M.Prg: 34377, tot. athletes: 7
-- Tot. progr. duration: 133 (sec), Heat durations: [13373] (hds)
-- Session begin time: 2015-05-17 08:30:00 +0200, Computed begin time: 2015-05-17 10:25:11 +0200
UPDATE meeting_programs SET begin_time = '2015-05-17 10:25' WHERE id = 34377;

-- Event #44, M.Prg: 34378, tot. athletes: 2
-- Tot. progr. duration: 1575 (sec), Heat durations: [157530] (hds)
-- Session begin time: 2015-05-17 08:30:00 +0200, Computed begin time: 2015-05-17 10:27:24 +0200
UPDATE meeting_programs SET begin_time = '2015-05-17 10:27' WHERE id = 34378;

-- Event #45, M.Prg: 34379, tot. athletes: 3
-- Tot. progr. duration: 1584 (sec), Heat durations: [158424] (hds)
-- Session begin time: 2015-05-17 08:30:00 +0200, Computed begin time: 2015-05-17 10:53:39 +0200
UPDATE meeting_programs SET begin_time = '2015-05-17 10:53' WHERE id = 34379;

-- Event #46, M.Prg: 34380, tot. athletes: 1
-- Tot. progr. duration: 1698 (sec), Heat durations: [169859] (hds)
-- Session begin time: 2015-05-17 08:30:00 +0200, Computed begin time: 2015-05-17 11:20:03 +0200
UPDATE meeting_programs SET begin_time = '2015-05-17 11:20' WHERE id = 34380;

-- Event #47, M.Prg: 34381, tot. athletes: 1
-- Tot. progr. duration: 1266 (sec), Heat durations: [126628] (hds)
-- Session begin time: 2015-05-17 08:30:00 +0200, Computed begin time: 2015-05-17 11:48:21 +0200
UPDATE meeting_programs SET begin_time = '2015-05-17 11:48' WHERE id = 34381;

-- Event #48, M.Prg: 34382, tot. athletes: 2
-- Tot. progr. duration: 1492 (sec), Heat durations: [149256] (hds)
-- Session begin time: 2015-05-17 08:30:00 +0200, Computed begin time: 2015-05-17 12:09:27 +0200
UPDATE meeting_programs SET begin_time = '2015-05-17 12:09' WHERE id = 34382;

-- Event #49, M.Prg: 34383, tot. athletes: 7
-- Tot. progr. duration: 1523 (sec), Heat durations: [152375] (hds)
-- Session begin time: 2015-05-17 08:30:00 +0200, Computed begin time: 2015-05-17 12:34:19 +0200
UPDATE meeting_programs SET begin_time = '2015-05-17 12:34' WHERE id = 34383;

-- Event #50, M.Prg: 34384, tot. athletes: 4
-- Tot. progr. duration: 1769 (sec), Heat durations: [176903] (hds)
-- Session begin time: 2015-05-17 08:30:00 +0200, Computed begin time: 2015-05-17 12:59:42 +0200
UPDATE meeting_programs SET begin_time = '2015-05-17 12:59' WHERE id = 34384;

-- Event #51, M.Prg: 34385, tot. athletes: 5
-- Tot. progr. duration: 1518 (sec), Heat durations: [151817] (hds)
-- Session begin time: 2015-05-17 08:30:00 +0200, Computed begin time: 2015-05-17 13:29:11 +0200
UPDATE meeting_programs SET begin_time = '2015-05-17 13:29' WHERE id = 34385;

-- Event #52, M.Prg: 34386, tot. athletes: 2
-- Tot. progr. duration: 1617 (sec), Heat durations: [161728] (hds)
-- Session begin time: 2015-05-17 08:30:00 +0200, Computed begin time: 2015-05-17 13:54:29 +0200
UPDATE meeting_programs SET begin_time = '2015-05-17 13:54' WHERE id = 34386;

-- Event #53, M.Prg: 34387, tot. athletes: 3
-- Tot. progr. duration: 1633 (sec), Heat durations: [163369] (hds)
-- Session begin time: 2015-05-17 08:30:00 +0200, Computed begin time: 2015-05-17 14:21:26 +0200
UPDATE meeting_programs SET begin_time = '2015-05-17 14:21' WHERE id = 34387;

-- Event #54, M.Prg: 34388, tot. athletes: 3
-- Tot. progr. duration: 1770 (sec), Heat durations: [177068] (hds)
-- Session begin time: 2015-05-17 08:30:00 +0200, Computed begin time: 2015-05-17 14:48:39 +0200
UPDATE meeting_programs SET begin_time = '2015-05-17 14:48' WHERE id = 34388;

-- Event #55, M.Prg: 34389, tot. athletes: 1
-- Tot. progr. duration: 2118 (sec), Heat durations: [211878] (hds)
-- Session begin time: 2015-05-17 08:30:00 +0200, Computed begin time: 2015-05-17 15:18:09 +0200
UPDATE meeting_programs SET begin_time = '2015-05-17 15:18' WHERE id = 34389;

-- Event #56, M.Prg: 34390, tot. athletes: 3
-- Tot. progr. duration: 1542 (sec), Heat durations: [154296] (hds)
-- Session begin time: 2015-05-17 08:30:00 +0200, Computed begin time: 2015-05-17 15:53:27 +0200
UPDATE meeting_programs SET begin_time = '2015-05-17 15:53' WHERE id = 34390;

-- Event #57, M.Prg: 34391, tot. athletes: 5
-- Tot. progr. duration: 107 (sec), Heat durations: [10798] (hds)
-- Session begin time: 2015-05-17 08:30:00 +0200, Computed begin time: 2015-05-17 16:19:09 +0200
UPDATE meeting_programs SET begin_time = '2015-05-17 16:19' WHERE id = 34391;

-- Event #58, M.Prg: 34392, tot. athletes: 1
-- Tot. progr. duration: 106 (sec), Heat durations: [10602] (hds)
-- Session begin time: 2015-05-17 08:30:00 +0200, Computed begin time: 2015-05-17 16:20:56 +0200
UPDATE meeting_programs SET begin_time = '2015-05-17 16:20' WHERE id = 34392;

-- Event #59, M.Prg: 34393, tot. athletes: 1
-- Tot. progr. duration: 93 (sec), Heat durations: [9303] (hds)
-- Session begin time: 2015-05-17 08:30:00 +0200, Computed begin time: 2015-05-17 16:22:42 +0200
UPDATE meeting_programs SET begin_time = '2015-05-17 16:22' WHERE id = 34393;

-- Event #60, M.Prg: 34394, tot. athletes: 1
-- Tot. progr. duration: 130 (sec), Heat durations: [13059] (hds)
-- Session begin time: 2015-05-17 08:30:00 +0200, Computed begin time: 2015-05-17 16:24:15 +0200
UPDATE meeting_programs SET begin_time = '2015-05-17 16:24' WHERE id = 34394;

-- Event #61, M.Prg: 34395, tot. athletes: 3
-- Tot. progr. duration: 102 (sec), Heat durations: [10272] (hds)
-- Session begin time: 2015-05-17 08:30:00 +0200, Computed begin time: 2015-05-17 16:26:25 +0200
UPDATE meeting_programs SET begin_time = '2015-05-17 16:26' WHERE id = 34395;

-- Event #62, M.Prg: 34396, tot. athletes: 2
-- Tot. progr. duration: 109 (sec), Heat durations: [10911] (hds)
-- Session begin time: 2015-05-17 08:30:00 +0200, Computed begin time: 2015-05-17 16:28:07 +0200
UPDATE meeting_programs SET begin_time = '2015-05-17 16:28' WHERE id = 34396;

-- Event #63, M.Prg: 34397, tot. athletes: 1
-- Tot. progr. duration: 106 (sec), Heat durations: [10642] (hds)
-- Session begin time: 2015-05-17 08:30:00 +0200, Computed begin time: 2015-05-17 16:29:56 +0200
UPDATE meeting_programs SET begin_time = '2015-05-17 16:29' WHERE id = 34397;

-- Event #64, M.Prg: 34398, tot. athletes: 1
-- Tot. progr. duration: 141 (sec), Heat durations: [14127] (hds)
-- Session begin time: 2015-05-17 08:30:00 +0200, Computed begin time: 2015-05-17 16:31:42 +0200
UPDATE meeting_programs SET begin_time = '2015-05-17 16:31' WHERE id = 34398;

-- Event #65, M.Prg: 34399, tot. athletes: 1
-- Tot. progr. duration: 98 (sec), Heat durations: [9841] (hds)
-- Session begin time: 2015-05-17 08:30:00 +0200, Computed begin time: 2015-05-17 16:34:03 +0200
UPDATE meeting_programs SET begin_time = '2015-05-17 16:34' WHERE id = 34399;

-- Event #66, M.Prg: 34400, tot. athletes: 4
-- Tot. progr. duration: 104 (sec), Heat durations: [10474] (hds)
-- Session begin time: 2015-05-17 08:30:00 +0200, Computed begin time: 2015-05-17 16:35:41 +0200
UPDATE meeting_programs SET begin_time = '2015-05-17 16:35' WHERE id = 34400;

-- Event #67, M.Prg: 34401, tot. athletes: 6
-- Tot. progr. duration: 107 (sec), Heat durations: [10719] (hds)
-- Session begin time: 2015-05-17 08:30:00 +0200, Computed begin time: 2015-05-17 16:37:25 +0200
UPDATE meeting_programs SET begin_time = '2015-05-17 16:37' WHERE id = 34401;

-- Event #68, M.Prg: 34402, tot. athletes: 2
-- Tot. progr. duration: 99 (sec), Heat durations: [9926] (hds)
-- Session begin time: 2015-05-17 08:30:00 +0200, Computed begin time: 2015-05-17 16:39:12 +0200
UPDATE meeting_programs SET begin_time = '2015-05-17 16:39' WHERE id = 34402;

-- Event #69, M.Prg: 34403, tot. athletes: 2
-- Tot. progr. duration: 119 (sec), Heat durations: [11939] (hds)
-- Session begin time: 2015-05-17 08:30:00 +0200, Computed begin time: 2015-05-17 16:40:51 +0200
UPDATE meeting_programs SET begin_time = '2015-05-17 16:40' WHERE id = 34403;

-- Event #70, M.Prg: 34404, tot. athletes: 4
-- Tot. progr. duration: 107 (sec), Heat durations: [10715] (hds)
-- Session begin time: 2015-05-17 08:30:00 +0200, Computed begin time: 2015-05-17 16:42:50 +0200
UPDATE meeting_programs SET begin_time = '2015-05-17 16:42' WHERE id = 34404;

-- Event #71, M.Prg: 34405, tot. athletes: 1
-- Tot. progr. duration: 96 (sec), Heat durations: [9635] (hds)
-- Session begin time: 2015-05-17 08:30:00 +0200, Computed begin time: 2015-05-17 16:44:37 +0200
UPDATE meeting_programs SET begin_time = '2015-05-17 16:44' WHERE id = 34405;

-- Event #72, M.Prg: 34406, tot. athletes: 4
-- Tot. progr. duration: 110 (sec), Heat durations: [11006] (hds)
-- Session begin time: 2015-05-17 08:30:00 +0200, Computed begin time: 2015-05-17 16:46:13 +0200
UPDATE meeting_programs SET begin_time = '2015-05-17 16:46' WHERE id = 34406;

-- Event #73, M.Prg: 34407, tot. athletes: 1
-- Tot. progr. duration: 107 (sec), Heat durations: [10734] (hds)
-- Session begin time: 2015-05-17 08:30:00 +0200, Computed begin time: 2015-05-17 16:48:03 +0200
UPDATE meeting_programs SET begin_time = '2015-05-17 16:48' WHERE id = 34407;

-- Event #74, M.Prg: 34408, tot. athletes: 3
-- Tot. progr. duration: 106 (sec), Heat durations: [10600] (hds)
-- Session begin time: 2015-05-17 08:30:00 +0200, Computed begin time: 2015-05-17 16:49:50 +0200
UPDATE meeting_programs SET begin_time = '2015-05-17 16:49' WHERE id = 34408;

-- Event #75, M.Prg: 34409, tot. athletes: 3
-- Tot. progr. duration: 94 (sec), Heat durations: [9479] (hds)
-- Session begin time: 2015-05-17 08:30:00 +0200, Computed begin time: 2015-05-17 16:51:36 +0200
UPDATE meeting_programs SET begin_time = '2015-05-17 16:51' WHERE id = 34409;

-- Event #76, M.Prg: 34410, tot. athletes: 1
-- Tot. progr. duration: 94 (sec), Heat durations: [9419] (hds)
-- Session begin time: 2015-05-17 08:30:00 +0200, Computed begin time: 2015-05-17 16:53:10 +0200
UPDATE meeting_programs SET begin_time = '2015-05-17 16:53' WHERE id = 34410;

-- Event #77, M.Prg: 34411, tot. athletes: 1
-- Tot. progr. duration: 99 (sec), Heat durations: [9990] (hds)
-- Session begin time: 2015-05-17 08:30:00 +0200, Computed begin time: 2015-05-17 16:54:44 +0200
UPDATE meeting_programs SET begin_time = '2015-05-17 16:54' WHERE id = 34411;

-- Event #78, M.Prg: 34412, tot. athletes: 2
-- Tot. progr. duration: 114 (sec), Heat durations: [11417] (hds)
-- Session begin time: 2015-05-17 08:30:00 +0200, Computed begin time: 2015-05-17 16:56:23 +0200
UPDATE meeting_programs SET begin_time = '2015-05-17 16:56' WHERE id = 34412;

-- Event #79, M.Prg: 34413, tot. athletes: 1
-- Tot. progr. duration: 116 (sec), Heat durations: [11603] (hds)
-- Session begin time: 2015-05-17 08:30:00 +0200, Computed begin time: 2015-05-17 16:58:17 +0200
UPDATE meeting_programs SET begin_time = '2015-05-17 16:58' WHERE id = 34413;

-- Event #80, M.Prg: 34414, tot. athletes: 1
-- Tot. progr. duration: 96 (sec), Heat durations: [9671] (hds)
-- Session begin time: 2015-05-17 08:30:00 +0200, Computed begin time: 2015-05-17 17:00:13 +0200
UPDATE meeting_programs SET begin_time = '2015-05-17 17:00' WHERE id = 34414;

-- Event #81, M.Prg: 34415, tot. athletes: 1
-- Tot. progr. duration: 92 (sec), Heat durations: [9290] (hds)
-- Session begin time: 2015-05-17 08:30:00 +0200, Computed begin time: 2015-05-17 17:01:49 +0200
UPDATE meeting_programs SET begin_time = '2015-05-17 17:01' WHERE id = 34415;

-- Event #82, M.Prg: 34416, tot. athletes: 6
-- Tot. progr. duration: 98 (sec), Heat durations: [9863] (hds)
-- Session begin time: 2015-05-17 08:30:00 +0200, Computed begin time: 2015-05-17 17:03:21 +0200
UPDATE meeting_programs SET begin_time = '2015-05-17 17:03' WHERE id = 34416;

-- Event #83, M.Prg: 34417, tot. athletes: 4
-- Tot. progr. duration: 94 (sec), Heat durations: [9482] (hds)
-- Session begin time: 2015-05-17 08:30:00 +0200, Computed begin time: 2015-05-17 17:04:59 +0200
UPDATE meeting_programs SET begin_time = '2015-05-17 17:04' WHERE id = 34417;

-- Event #84, M.Prg: 34418, tot. athletes: 5
-- Tot. progr. duration: 95 (sec), Heat durations: [9501] (hds)
-- Session begin time: 2015-05-17 08:30:00 +0200, Computed begin time: 2015-05-17 17:06:33 +0200
UPDATE meeting_programs SET begin_time = '2015-05-17 17:06' WHERE id = 34418;

-- Event #85, M.Prg: 34419, tot. athletes: 6
-- Tot. progr. duration: 102 (sec), Heat durations: [10298] (hds)
-- Session begin time: 2015-05-17 08:30:00 +0200, Computed begin time: 2015-05-17 17:08:08 +0200
UPDATE meeting_programs SET begin_time = '2015-05-17 17:08' WHERE id = 34419;

-- Event #86, M.Prg: 34420, tot. athletes: 2
-- Tot. progr. duration: 97 (sec), Heat durations: [9795] (hds)
-- Session begin time: 2015-05-17 08:30:00 +0200, Computed begin time: 2015-05-17 17:09:50 +0200
UPDATE meeting_programs SET begin_time = '2015-05-17 17:09' WHERE id = 34420;

-- Event #87, M.Prg: 34421, tot. athletes: 3
-- Tot. progr. duration: 106 (sec), Heat durations: [10696] (hds)
-- Session begin time: 2015-05-17 08:30:00 +0200, Computed begin time: 2015-05-17 17:11:27 +0200
UPDATE meeting_programs SET begin_time = '2015-05-17 17:11' WHERE id = 34421;

-- Event #88, M.Prg: 34422, tot. athletes: 1
-- Tot. progr. duration: 111 (sec), Heat durations: [11176] (hds)
-- Session begin time: 2015-05-17 08:30:00 +0200, Computed begin time: 2015-05-17 17:13:13 +0200
UPDATE meeting_programs SET begin_time = '2015-05-17 17:13' WHERE id = 34422;

-- Event #89, M.Prg: 34423, tot. athletes: 7
-- Tot. progr. duration: 99 (sec), Heat durations: [9922] (hds)
-- Session begin time: 2015-05-17 08:30:00 +0200, Computed begin time: 2015-05-17 17:15:04 +0200
UPDATE meeting_programs SET begin_time = '2015-05-17 17:15' WHERE id = 34423;

-- Event #90, M.Prg: 34424, tot. athletes: 1
-- Tot. progr. duration: 105 (sec), Heat durations: [10552] (hds)
-- Session begin time: 2015-05-17 08:30:00 +0200, Computed begin time: 2015-05-17 17:16:43 +0200
UPDATE meeting_programs SET begin_time = '2015-05-17 17:16' WHERE id = 34424;

-- Event #91, M.Prg: 34425, tot. athletes: 3
-- Tot. progr. duration: 113 (sec), Heat durations: [11320] (hds)
-- Session begin time: 2015-05-17 08:30:00 +0200, Computed begin time: 2015-05-17 17:18:28 +0200
UPDATE meeting_programs SET begin_time = '2015-05-17 17:18' WHERE id = 34425;

-- Event #92, M.Prg: 34426, tot. athletes: 4
-- Tot. progr. duration: 112 (sec), Heat durations: [11217] (hds)
-- Session begin time: 2015-05-17 08:30:00 +0200, Computed begin time: 2015-05-17 17:20:21 +0200
UPDATE meeting_programs SET begin_time = '2015-05-17 17:20' WHERE id = 34426;

-- Event #93, M.Prg: 34427, tot. athletes: 2
-- Tot. progr. duration: 112 (sec), Heat durations: [11279] (hds)
-- Session begin time: 2015-05-17 08:30:00 +0200, Computed begin time: 2015-05-17 17:22:13 +0200
UPDATE meeting_programs SET begin_time = '2015-05-17 17:22' WHERE id = 34427;

-- Event #94, M.Prg: 34428, tot. athletes: 2
-- Tot. progr. duration: 107 (sec), Heat durations: [10722] (hds)
-- Session begin time: 2015-05-17 08:30:00 +0200, Computed begin time: 2015-05-17 17:24:05 +0200
UPDATE meeting_programs SET begin_time = '2015-05-17 17:24' WHERE id = 34428;

-- Event #95, M.Prg: 34429, tot. athletes: 1
-- Tot. progr. duration: 105 (sec), Heat durations: [10509] (hds)
-- Session begin time: 2015-05-17 08:30:00 +0200, Computed begin time: 2015-05-17 17:25:52 +0200
UPDATE meeting_programs SET begin_time = '2015-05-17 17:25' WHERE id = 34429;

-- Event #96, M.Prg: 34430, tot. athletes: 1
-- Tot. progr. duration: 113 (sec), Heat durations: [11364] (hds)
-- Session begin time: 2015-05-17 08:30:00 +0200, Computed begin time: 2015-05-17 17:27:37 +0200
UPDATE meeting_programs SET begin_time = '2015-05-17 17:27' WHERE id = 34430;

-- Event #97, M.Prg: 34431, tot. athletes: 6
-- Tot. progr. duration: 105 (sec), Heat durations: [10511] (hds)
-- Session begin time: 2015-05-17 08:30:00 +0200, Computed begin time: 2015-05-17 17:29:30 +0200
UPDATE meeting_programs SET begin_time = '2015-05-17 17:29' WHERE id = 34431;

-- Event #98, M.Prg: 34432, tot. athletes: 2
-- Tot. progr. duration: 101 (sec), Heat durations: [10102] (hds)
-- Session begin time: 2015-05-17 08:30:00 +0200, Computed begin time: 2015-05-17 17:31:15 +0200
UPDATE meeting_programs SET begin_time = '2015-05-17 17:31' WHERE id = 34432;

-- Event #99, M.Prg: 34433, tot. athletes: 3
-- Tot. progr. duration: 104 (sec), Heat durations: [10443] (hds)
-- Session begin time: 2015-05-17 08:30:00 +0200, Computed begin time: 2015-05-17 17:32:56 +0200
UPDATE meeting_programs SET begin_time = '2015-05-17 17:32' WHERE id = 34433;

-- Event #100, M.Prg: 34434, tot. athletes: 7
-- Tot. progr. duration: 115 (sec), Heat durations: [11566] (hds)
-- Session begin time: 2015-05-17 08:30:00 +0200, Computed begin time: 2015-05-17 17:34:40 +0200
UPDATE meeting_programs SET begin_time = '2015-05-17 17:34' WHERE id = 34434;

-- Event #101, M.Prg: 34435, tot. athletes: 2
-- Tot. progr. duration: 100 (sec), Heat durations: [10055] (hds)
-- Session begin time: 2015-05-17 08:30:00 +0200, Computed begin time: 2015-05-17 17:36:35 +0200
UPDATE meeting_programs SET begin_time = '2015-05-17 17:36' WHERE id = 34435;

-- Event #102, M.Prg: 34436, tot. athletes: 3
-- Tot. progr. duration: 104 (sec), Heat durations: [10456] (hds)
-- Session begin time: 2015-05-17 08:30:00 +0200, Computed begin time: 2015-05-17 17:38:15 +0200
UPDATE meeting_programs SET begin_time = '2015-05-17 17:38' WHERE id = 34436;

-- Event #103, M.Prg: 34437, tot. athletes: 1
-- Tot. progr. duration: 97 (sec), Heat durations: [9746] (hds)
-- Session begin time: 2015-05-17 08:30:00 +0200, Computed begin time: 2015-05-17 17:39:59 +0200
UPDATE meeting_programs SET begin_time = '2015-05-17 17:39' WHERE id = 34437;

-- Event #104, M.Prg: 34438, tot. athletes: 1
-- Tot. progr. duration: 119 (sec), Heat durations: [11928] (hds)
-- Session begin time: 2015-05-17 08:30:00 +0200, Computed begin time: 2015-05-17 17:41:36 +0200
UPDATE meeting_programs SET begin_time = '2015-05-17 17:41' WHERE id = 34438;

-- Event #105, M.Prg: 34439, tot. athletes: 1
-- Tot. progr. duration: 60 (sec), Heat durations: [6000] (hds)
-- Session begin time: 2015-05-17 08:30:00 +0200, Computed begin time: 2015-05-17 17:43:35 +0200
UPDATE meeting_programs SET begin_time = '2015-05-17 17:43' WHERE id = 34439;

-- Event #106, M.Prg: 34440, tot. athletes: 2
-- Tot. progr. duration: 97 (sec), Heat durations: [9705] (hds)
-- Session begin time: 2015-05-17 08:30:00 +0200, Computed begin time: 2015-05-17 17:44:35 +0200
UPDATE meeting_programs SET begin_time = '2015-05-17 17:44' WHERE id = 34440;

-- Event #107, M.Prg: 34441, tot. athletes: 6
-- Tot. progr. duration: 103 (sec), Heat durations: [10301] (hds)
-- Session begin time: 2015-05-17 08:30:00 +0200, Computed begin time: 2015-05-17 17:46:12 +0200
UPDATE meeting_programs SET begin_time = '2015-05-17 17:46' WHERE id = 34441;

-- Event #108, M.Prg: 34442, tot. athletes: 2
-- Tot. progr. duration: 93 (sec), Heat durations: [9326] (hds)
-- Session begin time: 2015-05-17 08:30:00 +0200, Computed begin time: 2015-05-17 17:47:55 +0200
UPDATE meeting_programs SET begin_time = '2015-05-17 17:47' WHERE id = 34442;

-- Event #109, M.Prg: 34443, tot. athletes: 7
-- Tot. progr. duration: 114 (sec), Heat durations: [11405] (hds)
-- Session begin time: 2015-05-17 08:30:00 +0200, Computed begin time: 2015-05-17 17:49:28 +0200
UPDATE meeting_programs SET begin_time = '2015-05-17 17:49' WHERE id = 34443;

-- Event #110, M.Prg: 34444, tot. athletes: 5
-- Tot. progr. duration: 101 (sec), Heat durations: [10142] (hds)
-- Session begin time: 2015-05-17 08:30:00 +0200, Computed begin time: 2015-05-17 17:51:22 +0200
UPDATE meeting_programs SET begin_time = '2015-05-17 17:51' WHERE id = 34444;

-- Event #111, M.Prg: 34445, tot. athletes: 1
-- Tot. progr. duration: 122 (sec), Heat durations: [12213] (hds)
-- Session begin time: 2015-05-17 08:30:00 +0200, Computed begin time: 2015-05-17 17:53:03 +0200
UPDATE meeting_programs SET begin_time = '2015-05-17 17:53' WHERE id = 34445;

-- Event #112, M.Prg: 34446, tot. athletes: 3
-- Tot. progr. duration: 101 (sec), Heat durations: [10169] (hds)
-- Session begin time: 2015-05-17 08:30:00 +0200, Computed begin time: 2015-05-17 17:55:05 +0200
UPDATE meeting_programs SET begin_time = '2015-05-17 17:55' WHERE id = 34446;

-- Event #113, M.Prg: 34447, tot. athletes: 10
-- Tot. progr. duration: 185 (sec), Heat durations: [9519, 9034] (hds)
-- Session begin time: 2015-05-17 08:30:00 +0200, Computed begin time: 2015-05-17 17:56:46 +0200
UPDATE meeting_programs SET begin_time = '2015-05-17 17:56' WHERE id = 34447;

-- Event #114, M.Prg: 34448, tot. athletes: 13
-- Tot. progr. duration: 188 (sec), Heat durations: [9815, 9033] (hds)
-- Session begin time: 2015-05-17 08:30:00 +0200, Computed begin time: 2015-05-17 17:59:51 +0200
UPDATE meeting_programs SET begin_time = '2015-05-17 17:59' WHERE id = 34448;

-- Event #115, M.Prg: 34449, tot. athletes: 6
-- Tot. progr. duration: 96 (sec), Heat durations: [9631] (hds)
-- Session begin time: 2015-05-17 08:30:00 +0200, Computed begin time: 2015-05-17 18:02:59 +0200
UPDATE meeting_programs SET begin_time = '2015-05-17 18:02' WHERE id = 34449;

-- Event #116, M.Prg: 34450, tot. athletes: 9
-- Tot. progr. duration: 160 (sec), Heat durations: [10065, 6000] (hds)
-- Session begin time: 2015-05-17 08:30:00 +0200, Computed begin time: 2015-05-17 18:04:35 +0200
UPDATE meeting_programs SET begin_time = '2015-05-17 18:04' WHERE id = 34450;

-- Event #117, M.Prg: 34451, tot. athletes: 7
-- Tot. progr. duration: 96 (sec), Heat durations: [9622] (hds)
-- Session begin time: 2015-05-17 08:30:00 +0200, Computed begin time: 2015-05-17 18:07:15 +0200
UPDATE meeting_programs SET begin_time = '2015-05-17 18:07' WHERE id = 34451;

-- Event #118, M.Prg: 34452, tot. athletes: 4
-- Tot. progr. duration: 93 (sec), Heat durations: [9352] (hds)
-- Session begin time: 2015-05-17 08:30:00 +0200, Computed begin time: 2015-05-17 18:08:51 +0200
UPDATE meeting_programs SET begin_time = '2015-05-17 18:08' WHERE id = 34452;

-- Event #119, M.Prg: 34453, tot. athletes: 3
-- Tot. progr. duration: 98 (sec), Heat durations: [9873] (hds)
-- Session begin time: 2015-05-17 08:30:00 +0200, Computed begin time: 2015-05-17 18:10:24 +0200
UPDATE meeting_programs SET begin_time = '2015-05-17 18:10' WHERE id = 34453;

-- Event #120, M.Prg: 34454, tot. athletes: 2
-- Tot. progr. duration: 98 (sec), Heat durations: [9854] (hds)
-- Session begin time: 2015-05-17 08:30:00 +0200, Computed begin time: 2015-05-17 18:12:02 +0200
UPDATE meeting_programs SET begin_time = '2015-05-17 18:12' WHERE id = 34454;

-- Event #121, M.Prg: 34455, tot. athletes: 7
-- Tot. progr. duration: 93 (sec), Heat durations: [9322] (hds)
-- Session begin time: 2015-05-17 08:30:00 +0200, Computed begin time: 2015-05-17 18:13:40 +0200
UPDATE meeting_programs SET begin_time = '2015-05-17 18:13' WHERE id = 34455;


-- Last completed phase code: 30
