-- *** SQL Diff file for ris20140525pietralcina.txt ***
-- Timestamp: 201503011343
INSERT INTO `meeting_events` (`id`, `created_at`, `updated_at`, `event_order`, `begin_time`, `is_out_of_race`, `is_autofilled`, `notes`, `meeting_session_id`, `event_type_id`, `heat_type_id`, `user_id`, `has_separate_gender_start_list`, `has_separate_category_start_list`)
  VALUES (3369, '2015-03-01 13:46:57', '2015-03-01 13:46:57', 1, '2000-01-01 08:02:00', 0, 1, NULL, 526, 22, 3, 1, 1, 0);

INSERT INTO `meeting_programs` (`id`, `event_order`, `category_type_id`, `gender_type_id`, `user_id`, `created_at`, `updated_at`, `is_autofilled`, `is_out_of_race`, `begin_time`, `meeting_event_id`, `pool_type_id`, `time_standard_id`)
  VALUES (25453, 1, 695, 2, 1, '2015-03-01 13:46:57', '2015-03-01 13:46:57', 1, 0, '2000-01-01 08:02:00', 3369, 1, 2790);

INSERT INTO `meeting_programs` (`id`, `event_order`, `category_type_id`, `gender_type_id`, `user_id`, `created_at`, `updated_at`, `is_autofilled`, `is_out_of_race`, `begin_time`, `meeting_event_id`, `pool_type_id`, `time_standard_id`)
  VALUES (25454, 2, 696, 2, 1, '2015-03-01 13:46:57', '2015-03-01 13:46:57', 1, 0, '2000-01-01 08:04:00', 3369, 1, 2808);

INSERT INTO `meeting_programs` (`id`, `event_order`, `category_type_id`, `gender_type_id`, `user_id`, `created_at`, `updated_at`, `is_autofilled`, `is_out_of_race`, `begin_time`, `meeting_event_id`, `pool_type_id`, `time_standard_id`)
  VALUES (25455, 3, 697, 2, 1, '2015-03-01 13:46:58', '2015-03-01 13:46:58', 1, 0, '2000-01-01 08:06:00', 3369, 1, 2826);

INSERT INTO `meeting_programs` (`id`, `event_order`, `category_type_id`, `gender_type_id`, `user_id`, `created_at`, `updated_at`, `is_autofilled`, `is_out_of_race`, `begin_time`, `meeting_event_id`, `pool_type_id`, `time_standard_id`)
  VALUES (25456, 4, 701, 2, 1, '2015-03-01 13:46:58', '2015-03-01 13:46:58', 1, 0, '2000-01-01 08:08:00', 3369, 1, 2898);

INSERT INTO `meeting_programs` (`id`, `event_order`, `category_type_id`, `gender_type_id`, `user_id`, `created_at`, `updated_at`, `is_autofilled`, `is_out_of_race`, `begin_time`, `meeting_event_id`, `pool_type_id`, `time_standard_id`)
  VALUES (25457, 5, 702, 2, 1, '2015-03-01 13:46:58', '2015-03-01 13:46:58', 1, 0, '2000-01-01 08:10:00', 3369, 1, 2916);

INSERT INTO `meeting_programs` (`id`, `event_order`, `category_type_id`, `gender_type_id`, `user_id`, `created_at`, `updated_at`, `is_autofilled`, `is_out_of_race`, `begin_time`, `meeting_event_id`, `pool_type_id`, `time_standard_id`)
  VALUES (25458, 6, 693, 2, 1, '2015-03-01 13:46:58', '2015-03-01 13:46:58', 1, 0, '2000-01-01 08:12:00', 3369, 1, NULL);

INSERT INTO `meeting_programs` (`id`, `event_order`, `category_type_id`, `gender_type_id`, `user_id`, `created_at`, `updated_at`, `is_autofilled`, `is_out_of_race`, `begin_time`, `meeting_event_id`, `pool_type_id`, `time_standard_id`)
  VALUES (25459, 7, 695, 1, 1, '2015-03-01 13:46:58', '2015-03-01 13:46:58', 1, 0, '2000-01-01 08:14:00', 3369, 1, 2266);

INSERT INTO `meeting_programs` (`id`, `event_order`, `category_type_id`, `gender_type_id`, `user_id`, `created_at`, `updated_at`, `is_autofilled`, `is_out_of_race`, `begin_time`, `meeting_event_id`, `pool_type_id`, `time_standard_id`)
  VALUES (25460, 8, 696, 1, 1, '2015-03-01 13:46:58', '2015-03-01 13:46:58', 1, 0, '2000-01-01 08:16:00', 3369, 1, 2284);

INSERT INTO `meeting_programs` (`id`, `event_order`, `category_type_id`, `gender_type_id`, `user_id`, `created_at`, `updated_at`, `is_autofilled`, `is_out_of_race`, `begin_time`, `meeting_event_id`, `pool_type_id`, `time_standard_id`)
  VALUES (25461, 9, 697, 1, 1, '2015-03-01 13:46:58', '2015-03-01 13:46:58', 1, 0, '2000-01-01 08:18:00', 3369, 1, 2302);

INSERT INTO `meeting_programs` (`id`, `event_order`, `category_type_id`, `gender_type_id`, `user_id`, `created_at`, `updated_at`, `is_autofilled`, `is_out_of_race`, `begin_time`, `meeting_event_id`, `pool_type_id`, `time_standard_id`)
  VALUES (25462, 10, 698, 1, 1, '2015-03-01 13:46:58', '2015-03-01 13:46:58', 1, 0, '2000-01-01 08:20:00', 3369, 1, 2320);

INSERT INTO `meeting_programs` (`id`, `event_order`, `category_type_id`, `gender_type_id`, `user_id`, `created_at`, `updated_at`, `is_autofilled`, `is_out_of_race`, `begin_time`, `meeting_event_id`, `pool_type_id`, `time_standard_id`)
  VALUES (25463, 11, 699, 1, 1, '2015-03-01 13:46:58', '2015-03-01 13:46:58', 1, 0, '2000-01-01 08:22:00', 3369, 1, 2338);

INSERT INTO `meeting_programs` (`id`, `event_order`, `category_type_id`, `gender_type_id`, `user_id`, `created_at`, `updated_at`, `is_autofilled`, `is_out_of_race`, `begin_time`, `meeting_event_id`, `pool_type_id`, `time_standard_id`)
  VALUES (25464, 12, 701, 1, 1, '2015-03-01 13:46:58', '2015-03-01 13:46:58', 1, 0, '2000-01-01 08:24:00', 3369, 1, 2374);

INSERT INTO `meeting_programs` (`id`, `event_order`, `category_type_id`, `gender_type_id`, `user_id`, `created_at`, `updated_at`, `is_autofilled`, `is_out_of_race`, `begin_time`, `meeting_event_id`, `pool_type_id`, `time_standard_id`)
  VALUES (25465, 13, 703, 1, 1, '2015-03-01 13:46:58', '2015-03-01 13:46:58', 1, 0, '2000-01-01 08:26:00', 3369, 1, 2410);

INSERT INTO `meeting_programs` (`id`, `event_order`, `category_type_id`, `gender_type_id`, `user_id`, `created_at`, `updated_at`, `is_autofilled`, `is_out_of_race`, `begin_time`, `meeting_event_id`, `pool_type_id`, `time_standard_id`)
  VALUES (25466, 14, 693, 1, 1, '2015-03-01 13:46:58', '2015-03-01 13:46:58', 1, 0, '2000-01-01 08:28:00', 3369, 1, NULL);

INSERT INTO `meeting_events` (`id`, `created_at`, `updated_at`, `event_order`, `begin_time`, `is_out_of_race`, `is_autofilled`, `notes`, `meeting_session_id`, `event_type_id`, `heat_type_id`, `user_id`, `has_separate_gender_start_list`, `has_separate_category_start_list`)
  VALUES (3370, '2015-03-01 13:46:58', '2015-03-01 13:46:58', 2, '2000-01-01 08:30:00', 0, 1, NULL, 526, 20, 3, 1, 1, 0);

INSERT INTO `meeting_programs` (`id`, `event_order`, `category_type_id`, `gender_type_id`, `user_id`, `created_at`, `updated_at`, `is_autofilled`, `is_out_of_race`, `begin_time`, `meeting_event_id`, `pool_type_id`, `time_standard_id`)
  VALUES (25467, 15, 694, 2, 1, '2015-03-01 13:46:58', '2015-03-01 13:46:58', 1, 0, '2000-01-01 08:30:00', 3370, 1, 2767);

INSERT INTO `meeting_programs` (`id`, `event_order`, `category_type_id`, `gender_type_id`, `user_id`, `created_at`, `updated_at`, `is_autofilled`, `is_out_of_race`, `begin_time`, `meeting_event_id`, `pool_type_id`, `time_standard_id`)
  VALUES (25468, 16, 696, 2, 1, '2015-03-01 13:46:59', '2015-03-01 13:46:59', 1, 0, '2000-01-01 08:32:00', 3370, 1, 2803);

INSERT INTO `meeting_programs` (`id`, `event_order`, `category_type_id`, `gender_type_id`, `user_id`, `created_at`, `updated_at`, `is_autofilled`, `is_out_of_race`, `begin_time`, `meeting_event_id`, `pool_type_id`, `time_standard_id`)
  VALUES (25469, 17, 698, 2, 1, '2015-03-01 13:46:59', '2015-03-01 13:46:59', 1, 0, '2000-01-01 08:34:00', 3370, 1, 2839);

INSERT INTO `meeting_programs` (`id`, `event_order`, `category_type_id`, `gender_type_id`, `user_id`, `created_at`, `updated_at`, `is_autofilled`, `is_out_of_race`, `begin_time`, `meeting_event_id`, `pool_type_id`, `time_standard_id`)
  VALUES (25470, 18, 694, 1, 1, '2015-03-01 13:46:59', '2015-03-01 13:46:59', 1, 0, '2000-01-01 08:36:00', 3370, 1, 2243);

INSERT INTO `meeting_programs` (`id`, `event_order`, `category_type_id`, `gender_type_id`, `user_id`, `created_at`, `updated_at`, `is_autofilled`, `is_out_of_race`, `begin_time`, `meeting_event_id`, `pool_type_id`, `time_standard_id`)
  VALUES (25471, 19, 695, 1, 1, '2015-03-01 13:46:59', '2015-03-01 13:46:59', 1, 0, '2000-01-01 08:38:00', 3370, 1, 2261);

INSERT INTO `meeting_programs` (`id`, `event_order`, `category_type_id`, `gender_type_id`, `user_id`, `created_at`, `updated_at`, `is_autofilled`, `is_out_of_race`, `begin_time`, `meeting_event_id`, `pool_type_id`, `time_standard_id`)
  VALUES (25472, 20, 696, 1, 1, '2015-03-01 13:46:59', '2015-03-01 13:46:59', 1, 0, '2000-01-01 08:40:00', 3370, 1, 2279);

INSERT INTO `meeting_programs` (`id`, `event_order`, `category_type_id`, `gender_type_id`, `user_id`, `created_at`, `updated_at`, `is_autofilled`, `is_out_of_race`, `begin_time`, `meeting_event_id`, `pool_type_id`, `time_standard_id`)
  VALUES (25473, 21, 697, 1, 1, '2015-03-01 13:46:59', '2015-03-01 13:46:59', 1, 0, '2000-01-01 08:42:00', 3370, 1, 2297);

INSERT INTO `meeting_programs` (`id`, `event_order`, `category_type_id`, `gender_type_id`, `user_id`, `created_at`, `updated_at`, `is_autofilled`, `is_out_of_race`, `begin_time`, `meeting_event_id`, `pool_type_id`, `time_standard_id`)
  VALUES (25474, 22, 698, 1, 1, '2015-03-01 13:46:59', '2015-03-01 13:46:59', 1, 0, '2000-01-01 08:44:00', 3370, 1, 2315);

INSERT INTO `meeting_programs` (`id`, `event_order`, `category_type_id`, `gender_type_id`, `user_id`, `created_at`, `updated_at`, `is_autofilled`, `is_out_of_race`, `begin_time`, `meeting_event_id`, `pool_type_id`, `time_standard_id`)
  VALUES (25475, 23, 699, 1, 1, '2015-03-01 13:46:59', '2015-03-01 13:46:59', 1, 0, '2000-01-01 08:46:00', 3370, 1, 2333);

INSERT INTO `meeting_programs` (`id`, `event_order`, `category_type_id`, `gender_type_id`, `user_id`, `created_at`, `updated_at`, `is_autofilled`, `is_out_of_race`, `begin_time`, `meeting_event_id`, `pool_type_id`, `time_standard_id`)
  VALUES (25476, 24, 700, 1, 1, '2015-03-01 13:46:59', '2015-03-01 13:46:59', 1, 0, '2000-01-01 08:48:00', 3370, 1, 2351);

INSERT INTO `meeting_programs` (`id`, `event_order`, `category_type_id`, `gender_type_id`, `user_id`, `created_at`, `updated_at`, `is_autofilled`, `is_out_of_race`, `begin_time`, `meeting_event_id`, `pool_type_id`, `time_standard_id`)
  VALUES (25477, 25, 701, 1, 1, '2015-03-01 13:46:59', '2015-03-01 13:46:59', 1, 0, '2000-01-01 08:50:00', 3370, 1, 2369);

INSERT INTO `meeting_programs` (`id`, `event_order`, `category_type_id`, `gender_type_id`, `user_id`, `created_at`, `updated_at`, `is_autofilled`, `is_out_of_race`, `begin_time`, `meeting_event_id`, `pool_type_id`, `time_standard_id`)
  VALUES (25478, 26, 702, 1, 1, '2015-03-01 13:46:59', '2015-03-01 13:46:59', 1, 0, '2000-01-01 08:52:00', 3370, 1, 2387);

INSERT INTO `meeting_programs` (`id`, `event_order`, `category_type_id`, `gender_type_id`, `user_id`, `created_at`, `updated_at`, `is_autofilled`, `is_out_of_race`, `begin_time`, `meeting_event_id`, `pool_type_id`, `time_standard_id`)
  VALUES (25479, 27, 703, 1, 1, '2015-03-01 13:46:59', '2015-03-01 13:46:59', 1, 0, '2000-01-01 08:54:00', 3370, 1, 2405);

INSERT INTO `meeting_programs` (`id`, `event_order`, `category_type_id`, `gender_type_id`, `user_id`, `created_at`, `updated_at`, `is_autofilled`, `is_out_of_race`, `begin_time`, `meeting_event_id`, `pool_type_id`, `time_standard_id`)
  VALUES (25480, 28, 693, 1, 1, '2015-03-01 13:47:00', '2015-03-01 13:47:00', 1, 0, '2000-01-01 08:56:00', 3370, 1, NULL);

INSERT INTO `meeting_events` (`id`, `created_at`, `updated_at`, `event_order`, `begin_time`, `is_out_of_race`, `is_autofilled`, `notes`, `meeting_session_id`, `event_type_id`, `heat_type_id`, `user_id`, `has_separate_gender_start_list`, `has_separate_category_start_list`)
  VALUES (3371, '2015-03-01 13:47:00', '2015-03-01 13:47:00', 3, '2000-01-01 08:58:00', 0, 1, NULL, 526, 3, 3, 1, 1, 0);

INSERT INTO `meeting_programs` (`id`, `event_order`, `category_type_id`, `gender_type_id`, `user_id`, `created_at`, `updated_at`, `is_autofilled`, `is_out_of_race`, `begin_time`, `meeting_event_id`, `pool_type_id`, `time_standard_id`)
  VALUES (25481, 29, 694, 2, 1, '2015-03-01 13:47:00', '2015-03-01 13:47:00', 1, 0, '2000-01-01 08:58:00', 3371, 1, 2758);

INSERT INTO `meeting_programs` (`id`, `event_order`, `category_type_id`, `gender_type_id`, `user_id`, `created_at`, `updated_at`, `is_autofilled`, `is_out_of_race`, `begin_time`, `meeting_event_id`, `pool_type_id`, `time_standard_id`)
  VALUES (25482, 30, 695, 2, 1, '2015-03-01 13:47:00', '2015-03-01 13:47:00', 1, 0, '2000-01-01 09:00:00', 3371, 1, 2776);

INSERT INTO `meeting_programs` (`id`, `event_order`, `category_type_id`, `gender_type_id`, `user_id`, `created_at`, `updated_at`, `is_autofilled`, `is_out_of_race`, `begin_time`, `meeting_event_id`, `pool_type_id`, `time_standard_id`)
  VALUES (25483, 31, 696, 2, 1, '2015-03-01 13:47:00', '2015-03-01 13:47:00', 1, 0, '2000-01-01 09:02:00', 3371, 1, 2794);

INSERT INTO `meeting_programs` (`id`, `event_order`, `category_type_id`, `gender_type_id`, `user_id`, `created_at`, `updated_at`, `is_autofilled`, `is_out_of_race`, `begin_time`, `meeting_event_id`, `pool_type_id`, `time_standard_id`)
  VALUES (25484, 32, 697, 2, 1, '2015-03-01 13:47:00', '2015-03-01 13:47:00', 1, 0, '2000-01-01 09:04:00', 3371, 1, 2812);

INSERT INTO `meeting_programs` (`id`, `event_order`, `category_type_id`, `gender_type_id`, `user_id`, `created_at`, `updated_at`, `is_autofilled`, `is_out_of_race`, `begin_time`, `meeting_event_id`, `pool_type_id`, `time_standard_id`)
  VALUES (25485, 33, 698, 2, 1, '2015-03-01 13:47:00', '2015-03-01 13:47:00', 1, 0, '2000-01-01 09:06:00', 3371, 1, 2830);

INSERT INTO `meeting_programs` (`id`, `event_order`, `category_type_id`, `gender_type_id`, `user_id`, `created_at`, `updated_at`, `is_autofilled`, `is_out_of_race`, `begin_time`, `meeting_event_id`, `pool_type_id`, `time_standard_id`)
  VALUES (25486, 34, 693, 2, 1, '2015-03-01 13:47:00', '2015-03-01 13:47:00', 1, 0, '2000-01-01 09:08:00', 3371, 1, NULL);

INSERT INTO `meeting_programs` (`id`, `event_order`, `category_type_id`, `gender_type_id`, `user_id`, `created_at`, `updated_at`, `is_autofilled`, `is_out_of_race`, `begin_time`, `meeting_event_id`, `pool_type_id`, `time_standard_id`)
  VALUES (25487, 35, 694, 1, 1, '2015-03-01 13:47:00', '2015-03-01 13:47:00', 1, 0, '2000-01-01 09:10:00', 3371, 1, 2234);

INSERT INTO `meeting_programs` (`id`, `event_order`, `category_type_id`, `gender_type_id`, `user_id`, `created_at`, `updated_at`, `is_autofilled`, `is_out_of_race`, `begin_time`, `meeting_event_id`, `pool_type_id`, `time_standard_id`)
  VALUES (25488, 36, 695, 1, 1, '2015-03-01 13:47:00', '2015-03-01 13:47:00', 1, 0, '2000-01-01 09:12:00', 3371, 1, 2252);

INSERT INTO `meeting_programs` (`id`, `event_order`, `category_type_id`, `gender_type_id`, `user_id`, `created_at`, `updated_at`, `is_autofilled`, `is_out_of_race`, `begin_time`, `meeting_event_id`, `pool_type_id`, `time_standard_id`)
  VALUES (25489, 37, 696, 1, 1, '2015-03-01 13:47:00', '2015-03-01 13:47:00', 1, 0, '2000-01-01 09:14:00', 3371, 1, 2270);

INSERT INTO `meeting_programs` (`id`, `event_order`, `category_type_id`, `gender_type_id`, `user_id`, `created_at`, `updated_at`, `is_autofilled`, `is_out_of_race`, `begin_time`, `meeting_event_id`, `pool_type_id`, `time_standard_id`)
  VALUES (25490, 38, 697, 1, 1, '2015-03-01 13:47:00', '2015-03-01 13:47:00', 1, 0, '2000-01-01 09:16:00', 3371, 1, 2288);

INSERT INTO `meeting_programs` (`id`, `event_order`, `category_type_id`, `gender_type_id`, `user_id`, `created_at`, `updated_at`, `is_autofilled`, `is_out_of_race`, `begin_time`, `meeting_event_id`, `pool_type_id`, `time_standard_id`)
  VALUES (25491, 39, 698, 1, 1, '2015-03-01 13:47:00', '2015-03-01 13:47:00', 1, 0, '2000-01-01 09:18:00', 3371, 1, 2306);

INSERT INTO `meeting_programs` (`id`, `event_order`, `category_type_id`, `gender_type_id`, `user_id`, `created_at`, `updated_at`, `is_autofilled`, `is_out_of_race`, `begin_time`, `meeting_event_id`, `pool_type_id`, `time_standard_id`)
  VALUES (25492, 40, 699, 1, 1, '2015-03-01 13:47:00', '2015-03-01 13:47:00', 1, 0, '2000-01-01 09:20:00', 3371, 1, 2324);

INSERT INTO `meeting_programs` (`id`, `event_order`, `category_type_id`, `gender_type_id`, `user_id`, `created_at`, `updated_at`, `is_autofilled`, `is_out_of_race`, `begin_time`, `meeting_event_id`, `pool_type_id`, `time_standard_id`)
  VALUES (25493, 41, 701, 1, 1, '2015-03-01 13:47:01', '2015-03-01 13:47:01', 1, 0, '2000-01-01 09:22:00', 3371, 1, 2360);

INSERT INTO `meeting_programs` (`id`, `event_order`, `category_type_id`, `gender_type_id`, `user_id`, `created_at`, `updated_at`, `is_autofilled`, `is_out_of_race`, `begin_time`, `meeting_event_id`, `pool_type_id`, `time_standard_id`)
  VALUES (25494, 42, 702, 1, 1, '2015-03-01 13:47:01', '2015-03-01 13:47:01', 1, 0, '2000-01-01 09:24:00', 3371, 1, 2378);

INSERT INTO `meeting_programs` (`id`, `event_order`, `category_type_id`, `gender_type_id`, `user_id`, `created_at`, `updated_at`, `is_autofilled`, `is_out_of_race`, `begin_time`, `meeting_event_id`, `pool_type_id`, `time_standard_id`)
  VALUES (25495, 43, 704, 1, 1, '2015-03-01 13:47:01', '2015-03-01 13:47:01', 1, 0, '2000-01-01 09:26:00', 3371, 1, 2414);

INSERT INTO `meeting_programs` (`id`, `event_order`, `category_type_id`, `gender_type_id`, `user_id`, `created_at`, `updated_at`, `is_autofilled`, `is_out_of_race`, `begin_time`, `meeting_event_id`, `pool_type_id`, `time_standard_id`)
  VALUES (25496, 44, 693, 1, 1, '2015-03-01 13:47:01', '2015-03-01 13:47:01', 1, 0, '2000-01-01 09:28:00', 3371, 1, NULL);

INSERT INTO `meeting_events` (`id`, `created_at`, `updated_at`, `event_order`, `begin_time`, `is_out_of_race`, `is_autofilled`, `notes`, `meeting_session_id`, `event_type_id`, `heat_type_id`, `user_id`, `has_separate_gender_start_list`, `has_separate_category_start_list`)
  VALUES (3372, '2015-03-01 13:47:01', '2015-03-01 13:47:01', 4, '2000-01-01 09:30:00', 0, 1, NULL, 526, 21, 3, 1, 1, 0);

INSERT INTO `meeting_programs` (`id`, `event_order`, `category_type_id`, `gender_type_id`, `user_id`, `created_at`, `updated_at`, `is_autofilled`, `is_out_of_race`, `begin_time`, `meeting_event_id`, `pool_type_id`, `time_standard_id`)
  VALUES (25497, 45, 694, 2, 1, '2015-03-01 13:47:01', '2015-03-01 13:47:01', 1, 0, '2000-01-01 09:30:00', 3372, 1, 2768);

INSERT INTO `meeting_programs` (`id`, `event_order`, `category_type_id`, `gender_type_id`, `user_id`, `created_at`, `updated_at`, `is_autofilled`, `is_out_of_race`, `begin_time`, `meeting_event_id`, `pool_type_id`, `time_standard_id`)
  VALUES (25498, 46, 695, 2, 1, '2015-03-01 13:47:01', '2015-03-01 13:47:01', 1, 0, '2000-01-01 09:32:00', 3372, 1, 2786);

INSERT INTO `meeting_programs` (`id`, `event_order`, `category_type_id`, `gender_type_id`, `user_id`, `created_at`, `updated_at`, `is_autofilled`, `is_out_of_race`, `begin_time`, `meeting_event_id`, `pool_type_id`, `time_standard_id`)
  VALUES (25499, 47, 696, 2, 1, '2015-03-01 13:47:01', '2015-03-01 13:47:01', 1, 0, '2000-01-01 09:34:00', 3372, 1, 2804);

INSERT INTO `meeting_programs` (`id`, `event_order`, `category_type_id`, `gender_type_id`, `user_id`, `created_at`, `updated_at`, `is_autofilled`, `is_out_of_race`, `begin_time`, `meeting_event_id`, `pool_type_id`, `time_standard_id`)
  VALUES (25500, 48, 697, 2, 1, '2015-03-01 13:47:01', '2015-03-01 13:47:01', 1, 0, '2000-01-01 09:36:00', 3372, 1, 2822);

INSERT INTO `meeting_programs` (`id`, `event_order`, `category_type_id`, `gender_type_id`, `user_id`, `created_at`, `updated_at`, `is_autofilled`, `is_out_of_race`, `begin_time`, `meeting_event_id`, `pool_type_id`, `time_standard_id`)
  VALUES (25501, 49, 699, 2, 1, '2015-03-01 13:47:01', '2015-03-01 13:47:01', 1, 0, '2000-01-01 09:38:00', 3372, 1, 2858);

INSERT INTO `meeting_programs` (`id`, `event_order`, `category_type_id`, `gender_type_id`, `user_id`, `created_at`, `updated_at`, `is_autofilled`, `is_out_of_race`, `begin_time`, `meeting_event_id`, `pool_type_id`, `time_standard_id`)
  VALUES (25502, 50, 694, 1, 1, '2015-03-01 13:47:01', '2015-03-01 13:47:01', 1, 0, '2000-01-01 09:40:00', 3372, 1, 2244);

INSERT INTO `meeting_programs` (`id`, `event_order`, `category_type_id`, `gender_type_id`, `user_id`, `created_at`, `updated_at`, `is_autofilled`, `is_out_of_race`, `begin_time`, `meeting_event_id`, `pool_type_id`, `time_standard_id`)
  VALUES (25503, 51, 696, 1, 1, '2015-03-01 13:47:01', '2015-03-01 13:47:01', 1, 0, '2000-01-01 09:42:00', 3372, 1, 2280);

INSERT INTO `meeting_programs` (`id`, `event_order`, `category_type_id`, `gender_type_id`, `user_id`, `created_at`, `updated_at`, `is_autofilled`, `is_out_of_race`, `begin_time`, `meeting_event_id`, `pool_type_id`, `time_standard_id`)
  VALUES (25504, 52, 697, 1, 1, '2015-03-01 13:47:01', '2015-03-01 13:47:01', 1, 0, '2000-01-01 09:44:00', 3372, 1, 2298);

INSERT INTO `meeting_programs` (`id`, `event_order`, `category_type_id`, `gender_type_id`, `user_id`, `created_at`, `updated_at`, `is_autofilled`, `is_out_of_race`, `begin_time`, `meeting_event_id`, `pool_type_id`, `time_standard_id`)
  VALUES (25505, 53, 698, 1, 1, '2015-03-01 13:47:02', '2015-03-01 13:47:02', 1, 0, '2000-01-01 09:46:00', 3372, 1, 2316);

INSERT INTO `meeting_programs` (`id`, `event_order`, `category_type_id`, `gender_type_id`, `user_id`, `created_at`, `updated_at`, `is_autofilled`, `is_out_of_race`, `begin_time`, `meeting_event_id`, `pool_type_id`, `time_standard_id`)
  VALUES (25506, 54, 699, 1, 1, '2015-03-01 13:47:02', '2015-03-01 13:47:02', 1, 0, '2000-01-01 09:48:00', 3372, 1, 2334);

INSERT INTO `meeting_programs` (`id`, `event_order`, `category_type_id`, `gender_type_id`, `user_id`, `created_at`, `updated_at`, `is_autofilled`, `is_out_of_race`, `begin_time`, `meeting_event_id`, `pool_type_id`, `time_standard_id`)
  VALUES (25507, 55, 701, 1, 1, '2015-03-01 13:47:02', '2015-03-01 13:47:02', 1, 0, '2000-01-01 09:50:00', 3372, 1, 2370);

INSERT INTO `meeting_programs` (`id`, `event_order`, `category_type_id`, `gender_type_id`, `user_id`, `created_at`, `updated_at`, `is_autofilled`, `is_out_of_race`, `begin_time`, `meeting_event_id`, `pool_type_id`, `time_standard_id`)
  VALUES (25508, 56, 703, 1, 1, '2015-03-01 13:47:02', '2015-03-01 13:47:02', 1, 0, '2000-01-01 09:52:00', 3372, 1, 2406);

INSERT INTO `meeting_programs` (`id`, `event_order`, `category_type_id`, `gender_type_id`, `user_id`, `created_at`, `updated_at`, `is_autofilled`, `is_out_of_race`, `begin_time`, `meeting_event_id`, `pool_type_id`, `time_standard_id`)
  VALUES (25509, 57, 693, 1, 1, '2015-03-01 13:47:02', '2015-03-01 13:47:02', 1, 0, '2000-01-01 09:54:00', 3372, 1, NULL);

INSERT INTO `meeting_events` (`id`, `created_at`, `updated_at`, `event_order`, `begin_time`, `is_out_of_race`, `is_autofilled`, `notes`, `meeting_session_id`, `event_type_id`, `heat_type_id`, `user_id`, `has_separate_gender_start_list`, `has_separate_category_start_list`)
  VALUES (3373, '2015-03-01 13:47:02', '2015-03-01 13:47:02', 5, '2000-01-01 09:56:00', 0, 1, NULL, 526, 15, 3, 1, 1, 0);

INSERT INTO `meeting_programs` (`id`, `event_order`, `category_type_id`, `gender_type_id`, `user_id`, `created_at`, `updated_at`, `is_autofilled`, `is_out_of_race`, `begin_time`, `meeting_event_id`, `pool_type_id`, `time_standard_id`)
  VALUES (25510, 58, 694, 2, 1, '2015-03-01 13:47:02', '2015-03-01 13:47:02', 1, 0, '2000-01-01 09:56:00', 3373, 1, 2763);

INSERT INTO `meeting_programs` (`id`, `event_order`, `category_type_id`, `gender_type_id`, `user_id`, `created_at`, `updated_at`, `is_autofilled`, `is_out_of_race`, `begin_time`, `meeting_event_id`, `pool_type_id`, `time_standard_id`)
  VALUES (25511, 59, 695, 2, 1, '2015-03-01 13:47:02', '2015-03-01 13:47:02', 1, 0, '2000-01-01 09:58:00', 3373, 1, 2781);

INSERT INTO `meeting_programs` (`id`, `event_order`, `category_type_id`, `gender_type_id`, `user_id`, `created_at`, `updated_at`, `is_autofilled`, `is_out_of_race`, `begin_time`, `meeting_event_id`, `pool_type_id`, `time_standard_id`)
  VALUES (25512, 60, 696, 2, 1, '2015-03-01 13:47:02', '2015-03-01 13:47:02', 1, 0, '2000-01-01 10:00:00', 3373, 1, 2799);

INSERT INTO `meeting_programs` (`id`, `event_order`, `category_type_id`, `gender_type_id`, `user_id`, `created_at`, `updated_at`, `is_autofilled`, `is_out_of_race`, `begin_time`, `meeting_event_id`, `pool_type_id`, `time_standard_id`)
  VALUES (25513, 61, 697, 2, 1, '2015-03-01 13:47:02', '2015-03-01 13:47:02', 1, 0, '2000-01-01 10:02:00', 3373, 1, 2817);

INSERT INTO `meeting_programs` (`id`, `event_order`, `category_type_id`, `gender_type_id`, `user_id`, `created_at`, `updated_at`, `is_autofilled`, `is_out_of_race`, `begin_time`, `meeting_event_id`, `pool_type_id`, `time_standard_id`)
  VALUES (25514, 62, 700, 2, 1, '2015-03-01 13:47:02', '2015-03-01 13:47:02', 1, 0, '2000-01-01 10:04:00', 3373, 1, 2871);

INSERT INTO `meeting_programs` (`id`, `event_order`, `category_type_id`, `gender_type_id`, `user_id`, `created_at`, `updated_at`, `is_autofilled`, `is_out_of_race`, `begin_time`, `meeting_event_id`, `pool_type_id`, `time_standard_id`)
  VALUES (25515, 63, 703, 2, 1, '2015-03-01 13:47:02', '2015-03-01 13:47:02', 1, 0, '2000-01-01 10:06:00', 3373, 1, 2925);

INSERT INTO `meeting_programs` (`id`, `event_order`, `category_type_id`, `gender_type_id`, `user_id`, `created_at`, `updated_at`, `is_autofilled`, `is_out_of_race`, `begin_time`, `meeting_event_id`, `pool_type_id`, `time_standard_id`)
  VALUES (25516, 64, 694, 1, 1, '2015-03-01 13:47:02', '2015-03-01 13:47:02', 1, 0, '2000-01-01 10:08:00', 3373, 1, 2239);

INSERT INTO `meeting_programs` (`id`, `event_order`, `category_type_id`, `gender_type_id`, `user_id`, `created_at`, `updated_at`, `is_autofilled`, `is_out_of_race`, `begin_time`, `meeting_event_id`, `pool_type_id`, `time_standard_id`)
  VALUES (25517, 65, 695, 1, 1, '2015-03-01 13:47:03', '2015-03-01 13:47:03', 1, 0, '2000-01-01 10:10:00', 3373, 1, 2257);

INSERT INTO `meeting_programs` (`id`, `event_order`, `category_type_id`, `gender_type_id`, `user_id`, `created_at`, `updated_at`, `is_autofilled`, `is_out_of_race`, `begin_time`, `meeting_event_id`, `pool_type_id`, `time_standard_id`)
  VALUES (25518, 66, 696, 1, 1, '2015-03-01 13:47:03', '2015-03-01 13:47:03', 1, 0, '2000-01-01 10:12:00', 3373, 1, 2275);

INSERT INTO `meeting_programs` (`id`, `event_order`, `category_type_id`, `gender_type_id`, `user_id`, `created_at`, `updated_at`, `is_autofilled`, `is_out_of_race`, `begin_time`, `meeting_event_id`, `pool_type_id`, `time_standard_id`)
  VALUES (25519, 67, 697, 1, 1, '2015-03-01 13:47:03', '2015-03-01 13:47:03', 1, 0, '2000-01-01 10:14:00', 3373, 1, 2293);

INSERT INTO `meeting_programs` (`id`, `event_order`, `category_type_id`, `gender_type_id`, `user_id`, `created_at`, `updated_at`, `is_autofilled`, `is_out_of_race`, `begin_time`, `meeting_event_id`, `pool_type_id`, `time_standard_id`)
  VALUES (25520, 68, 698, 1, 1, '2015-03-01 13:47:03', '2015-03-01 13:47:03', 1, 0, '2000-01-01 10:16:00', 3373, 1, 2311);

INSERT INTO `meeting_programs` (`id`, `event_order`, `category_type_id`, `gender_type_id`, `user_id`, `created_at`, `updated_at`, `is_autofilled`, `is_out_of_race`, `begin_time`, `meeting_event_id`, `pool_type_id`, `time_standard_id`)
  VALUES (25521, 69, 699, 1, 1, '2015-03-01 13:47:03', '2015-03-01 13:47:03', 1, 0, '2000-01-01 10:18:00', 3373, 1, 2329);

INSERT INTO `meeting_programs` (`id`, `event_order`, `category_type_id`, `gender_type_id`, `user_id`, `created_at`, `updated_at`, `is_autofilled`, `is_out_of_race`, `begin_time`, `meeting_event_id`, `pool_type_id`, `time_standard_id`)
  VALUES (25522, 70, 701, 1, 1, '2015-03-01 13:47:03', '2015-03-01 13:47:03', 1, 0, '2000-01-01 10:20:00', 3373, 1, 2365);

INSERT INTO `meeting_programs` (`id`, `event_order`, `category_type_id`, `gender_type_id`, `user_id`, `created_at`, `updated_at`, `is_autofilled`, `is_out_of_race`, `begin_time`, `meeting_event_id`, `pool_type_id`, `time_standard_id`)
  VALUES (25523, 71, 703, 1, 1, '2015-03-01 13:47:03', '2015-03-01 13:47:03', 1, 0, '2000-01-01 10:22:00', 3373, 1, 2401);

INSERT INTO `meeting_programs` (`id`, `event_order`, `category_type_id`, `gender_type_id`, `user_id`, `created_at`, `updated_at`, `is_autofilled`, `is_out_of_race`, `begin_time`, `meeting_event_id`, `pool_type_id`, `time_standard_id`)
  VALUES (25524, 72, 704, 1, 1, '2015-03-01 13:47:03', '2015-03-01 13:47:03', 1, 0, '2000-01-01 10:24:00', 3373, 1, 2419);

INSERT INTO `meeting_events` (`id`, `created_at`, `updated_at`, `event_order`, `begin_time`, `is_out_of_race`, `is_autofilled`, `notes`, `meeting_session_id`, `event_type_id`, `heat_type_id`, `user_id`, `has_separate_gender_start_list`, `has_separate_category_start_list`)
  VALUES (3374, '2015-03-01 13:47:03', '2015-03-01 13:47:03', 6, '2000-01-01 10:26:00', 0, 1, NULL, 526, 11, 3, 1, 1, 0);

INSERT INTO `meeting_programs` (`id`, `event_order`, `category_type_id`, `gender_type_id`, `user_id`, `created_at`, `updated_at`, `is_autofilled`, `is_out_of_race`, `begin_time`, `meeting_event_id`, `pool_type_id`, `time_standard_id`)
  VALUES (25525, 73, 694, 2, 1, '2015-03-01 13:47:03', '2015-03-01 13:47:03', 1, 0, '2000-01-01 10:26:00', 3374, 1, 2769);

INSERT INTO `meeting_programs` (`id`, `event_order`, `category_type_id`, `gender_type_id`, `user_id`, `created_at`, `updated_at`, `is_autofilled`, `is_out_of_race`, `begin_time`, `meeting_event_id`, `pool_type_id`, `time_standard_id`)
  VALUES (25526, 74, 696, 2, 1, '2015-03-01 13:47:03', '2015-03-01 13:47:03', 1, 0, '2000-01-01 10:28:00', 3374, 1, 2805);

INSERT INTO `meeting_programs` (`id`, `event_order`, `category_type_id`, `gender_type_id`, `user_id`, `created_at`, `updated_at`, `is_autofilled`, `is_out_of_race`, `begin_time`, `meeting_event_id`, `pool_type_id`, `time_standard_id`)
  VALUES (25527, 75, 702, 2, 1, '2015-03-01 13:47:03', '2015-03-01 13:47:03', 1, 0, '2000-01-01 10:30:00', 3374, 1, 2913);

INSERT INTO `meeting_programs` (`id`, `event_order`, `category_type_id`, `gender_type_id`, `user_id`, `created_at`, `updated_at`, `is_autofilled`, `is_out_of_race`, `begin_time`, `meeting_event_id`, `pool_type_id`, `time_standard_id`)
  VALUES (25528, 76, 693, 2, 1, '2015-03-01 13:47:03', '2015-03-01 13:47:03', 1, 0, '2000-01-01 10:32:00', 3374, 1, NULL);

INSERT INTO `meeting_programs` (`id`, `event_order`, `category_type_id`, `gender_type_id`, `user_id`, `created_at`, `updated_at`, `is_autofilled`, `is_out_of_race`, `begin_time`, `meeting_event_id`, `pool_type_id`, `time_standard_id`)
  VALUES (25529, 77, 694, 1, 1, '2015-03-01 13:47:04', '2015-03-01 13:47:04', 1, 0, '2000-01-01 10:34:00', 3374, 1, 2245);

INSERT INTO `meeting_programs` (`id`, `event_order`, `category_type_id`, `gender_type_id`, `user_id`, `created_at`, `updated_at`, `is_autofilled`, `is_out_of_race`, `begin_time`, `meeting_event_id`, `pool_type_id`, `time_standard_id`)
  VALUES (25530, 78, 695, 1, 1, '2015-03-01 13:47:04', '2015-03-01 13:47:04', 1, 0, '2000-01-01 10:36:00', 3374, 1, 2263);

INSERT INTO `meeting_programs` (`id`, `event_order`, `category_type_id`, `gender_type_id`, `user_id`, `created_at`, `updated_at`, `is_autofilled`, `is_out_of_race`, `begin_time`, `meeting_event_id`, `pool_type_id`, `time_standard_id`)
  VALUES (25531, 79, 696, 1, 1, '2015-03-01 13:47:04', '2015-03-01 13:47:04', 1, 0, '2000-01-01 10:38:00', 3374, 1, 2281);

INSERT INTO `meeting_programs` (`id`, `event_order`, `category_type_id`, `gender_type_id`, `user_id`, `created_at`, `updated_at`, `is_autofilled`, `is_out_of_race`, `begin_time`, `meeting_event_id`, `pool_type_id`, `time_standard_id`)
  VALUES (25532, 80, 697, 1, 1, '2015-03-01 13:47:04', '2015-03-01 13:47:04', 1, 0, '2000-01-01 10:40:00', 3374, 1, 2299);

INSERT INTO `meeting_programs` (`id`, `event_order`, `category_type_id`, `gender_type_id`, `user_id`, `created_at`, `updated_at`, `is_autofilled`, `is_out_of_race`, `begin_time`, `meeting_event_id`, `pool_type_id`, `time_standard_id`)
  VALUES (25533, 81, 698, 1, 1, '2015-03-01 13:47:04', '2015-03-01 13:47:04', 1, 0, '2000-01-01 10:42:00', 3374, 1, 2317);

INSERT INTO `meeting_programs` (`id`, `event_order`, `category_type_id`, `gender_type_id`, `user_id`, `created_at`, `updated_at`, `is_autofilled`, `is_out_of_race`, `begin_time`, `meeting_event_id`, `pool_type_id`, `time_standard_id`)
  VALUES (25534, 82, 699, 1, 1, '2015-03-01 13:47:04', '2015-03-01 13:47:04', 1, 0, '2000-01-01 10:44:00', 3374, 1, 2335);

INSERT INTO `meeting_programs` (`id`, `event_order`, `category_type_id`, `gender_type_id`, `user_id`, `created_at`, `updated_at`, `is_autofilled`, `is_out_of_race`, `begin_time`, `meeting_event_id`, `pool_type_id`, `time_standard_id`)
  VALUES (25535, 83, 700, 1, 1, '2015-03-01 13:47:04', '2015-03-01 13:47:04', 1, 0, '2000-01-01 10:46:00', 3374, 1, 2353);

INSERT INTO `meeting_programs` (`id`, `event_order`, `category_type_id`, `gender_type_id`, `user_id`, `created_at`, `updated_at`, `is_autofilled`, `is_out_of_race`, `begin_time`, `meeting_event_id`, `pool_type_id`, `time_standard_id`)
  VALUES (25536, 84, 701, 1, 1, '2015-03-01 13:47:04', '2015-03-01 13:47:04', 1, 0, '2000-01-01 10:48:00', 3374, 1, 2371);

INSERT INTO `meeting_programs` (`id`, `event_order`, `category_type_id`, `gender_type_id`, `user_id`, `created_at`, `updated_at`, `is_autofilled`, `is_out_of_race`, `begin_time`, `meeting_event_id`, `pool_type_id`, `time_standard_id`)
  VALUES (25537, 85, 702, 1, 1, '2015-03-01 13:47:04', '2015-03-01 13:47:04', 1, 0, '2000-01-01 10:50:00', 3374, 1, 2389);

INSERT INTO `meeting_programs` (`id`, `event_order`, `category_type_id`, `gender_type_id`, `user_id`, `created_at`, `updated_at`, `is_autofilled`, `is_out_of_race`, `begin_time`, `meeting_event_id`, `pool_type_id`, `time_standard_id`)
  VALUES (25538, 86, 693, 1, 1, '2015-03-01 13:47:04', '2015-03-01 13:47:04', 1, 0, '2000-01-01 10:52:00', 3374, 1, NULL);

INSERT INTO `meeting_events` (`id`, `created_at`, `updated_at`, `event_order`, `begin_time`, `is_out_of_race`, `is_autofilled`, `notes`, `meeting_session_id`, `event_type_id`, `heat_type_id`, `user_id`, `has_separate_gender_start_list`, `has_separate_category_start_list`)
  VALUES (3375, '2015-03-01 13:47:04', '2015-03-01 13:47:04', 7, '2000-01-01 10:54:00', 0, 1, NULL, 526, 19, 3, 1, 1, 0);

INSERT INTO `meeting_programs` (`id`, `event_order`, `category_type_id`, `gender_type_id`, `user_id`, `created_at`, `updated_at`, `is_autofilled`, `is_out_of_race`, `begin_time`, `meeting_event_id`, `pool_type_id`, `time_standard_id`)
  VALUES (25539, 87, 694, 2, 1, '2015-03-01 13:47:04', '2015-03-01 13:47:04', 1, 0, '2000-01-01 10:54:00', 3375, 1, 2766);

INSERT INTO `meeting_programs` (`id`, `event_order`, `category_type_id`, `gender_type_id`, `user_id`, `created_at`, `updated_at`, `is_autofilled`, `is_out_of_race`, `begin_time`, `meeting_event_id`, `pool_type_id`, `time_standard_id`)
  VALUES (25540, 88, 695, 2, 1, '2015-03-01 13:47:04', '2015-03-01 13:47:04', 1, 0, '2000-01-01 10:56:00', 3375, 1, 2784);

INSERT INTO `meeting_programs` (`id`, `event_order`, `category_type_id`, `gender_type_id`, `user_id`, `created_at`, `updated_at`, `is_autofilled`, `is_out_of_race`, `begin_time`, `meeting_event_id`, `pool_type_id`, `time_standard_id`)
  VALUES (25541, 89, 697, 2, 1, '2015-03-01 13:47:05', '2015-03-01 13:47:05', 1, 0, '2000-01-01 10:58:00', 3375, 1, 2820);

INSERT INTO `meeting_programs` (`id`, `event_order`, `category_type_id`, `gender_type_id`, `user_id`, `created_at`, `updated_at`, `is_autofilled`, `is_out_of_race`, `begin_time`, `meeting_event_id`, `pool_type_id`, `time_standard_id`)
  VALUES (25542, 90, 698, 2, 1, '2015-03-01 13:47:05', '2015-03-01 13:47:05', 1, 0, '2000-01-01 11:00:00', 3375, 1, 2838);

INSERT INTO `meeting_programs` (`id`, `event_order`, `category_type_id`, `gender_type_id`, `user_id`, `created_at`, `updated_at`, `is_autofilled`, `is_out_of_race`, `begin_time`, `meeting_event_id`, `pool_type_id`, `time_standard_id`)
  VALUES (25543, 91, 701, 2, 1, '2015-03-01 13:47:05', '2015-03-01 13:47:05', 1, 0, '2000-01-01 11:02:00', 3375, 1, 2892);

INSERT INTO `meeting_programs` (`id`, `event_order`, `category_type_id`, `gender_type_id`, `user_id`, `created_at`, `updated_at`, `is_autofilled`, `is_out_of_race`, `begin_time`, `meeting_event_id`, `pool_type_id`, `time_standard_id`)
  VALUES (25544, 92, 694, 1, 1, '2015-03-01 13:47:05', '2015-03-01 13:47:05', 1, 0, '2000-01-01 11:04:00', 3375, 1, 2242);

INSERT INTO `meeting_programs` (`id`, `event_order`, `category_type_id`, `gender_type_id`, `user_id`, `created_at`, `updated_at`, `is_autofilled`, `is_out_of_race`, `begin_time`, `meeting_event_id`, `pool_type_id`, `time_standard_id`)
  VALUES (25545, 93, 695, 1, 1, '2015-03-01 13:47:05', '2015-03-01 13:47:05', 1, 0, '2000-01-01 11:06:00', 3375, 1, 2260);

INSERT INTO `meeting_programs` (`id`, `event_order`, `category_type_id`, `gender_type_id`, `user_id`, `created_at`, `updated_at`, `is_autofilled`, `is_out_of_race`, `begin_time`, `meeting_event_id`, `pool_type_id`, `time_standard_id`)
  VALUES (25546, 94, 696, 1, 1, '2015-03-01 13:47:05', '2015-03-01 13:47:05', 1, 0, '2000-01-01 11:08:00', 3375, 1, 2278);

INSERT INTO `meeting_programs` (`id`, `event_order`, `category_type_id`, `gender_type_id`, `user_id`, `created_at`, `updated_at`, `is_autofilled`, `is_out_of_race`, `begin_time`, `meeting_event_id`, `pool_type_id`, `time_standard_id`)
  VALUES (25547, 95, 697, 1, 1, '2015-03-01 13:47:05', '2015-03-01 13:47:05', 1, 0, '2000-01-01 11:10:00', 3375, 1, 2296);

INSERT INTO `meeting_programs` (`id`, `event_order`, `category_type_id`, `gender_type_id`, `user_id`, `created_at`, `updated_at`, `is_autofilled`, `is_out_of_race`, `begin_time`, `meeting_event_id`, `pool_type_id`, `time_standard_id`)
  VALUES (25548, 96, 698, 1, 1, '2015-03-01 13:47:05', '2015-03-01 13:47:05', 1, 0, '2000-01-01 11:12:00', 3375, 1, 2314);

INSERT INTO `meeting_programs` (`id`, `event_order`, `category_type_id`, `gender_type_id`, `user_id`, `created_at`, `updated_at`, `is_autofilled`, `is_out_of_race`, `begin_time`, `meeting_event_id`, `pool_type_id`, `time_standard_id`)
  VALUES (25549, 97, 699, 1, 1, '2015-03-01 13:47:05', '2015-03-01 13:47:05', 1, 0, '2000-01-01 11:14:00', 3375, 1, 2332);

INSERT INTO `meeting_programs` (`id`, `event_order`, `category_type_id`, `gender_type_id`, `user_id`, `created_at`, `updated_at`, `is_autofilled`, `is_out_of_race`, `begin_time`, `meeting_event_id`, `pool_type_id`, `time_standard_id`)
  VALUES (25550, 98, 700, 1, 1, '2015-03-01 13:47:05', '2015-03-01 13:47:05', 1, 0, '2000-01-01 11:16:00', 3375, 1, 2350);

INSERT INTO `meeting_programs` (`id`, `event_order`, `category_type_id`, `gender_type_id`, `user_id`, `created_at`, `updated_at`, `is_autofilled`, `is_out_of_race`, `begin_time`, `meeting_event_id`, `pool_type_id`, `time_standard_id`)
  VALUES (25551, 99, 701, 1, 1, '2015-03-01 13:47:05', '2015-03-01 13:47:05', 1, 0, '2000-01-01 11:18:00', 3375, 1, 2368);

INSERT INTO `meeting_programs` (`id`, `event_order`, `category_type_id`, `gender_type_id`, `user_id`, `created_at`, `updated_at`, `is_autofilled`, `is_out_of_race`, `begin_time`, `meeting_event_id`, `pool_type_id`, `time_standard_id`)
  VALUES (25552, 100, 702, 1, 1, '2015-03-01 13:47:05', '2015-03-01 13:47:05', 1, 0, '2000-01-01 11:20:00', 3375, 1, 2386);

INSERT INTO `meeting_programs` (`id`, `event_order`, `category_type_id`, `gender_type_id`, `user_id`, `created_at`, `updated_at`, `is_autofilled`, `is_out_of_race`, `begin_time`, `meeting_event_id`, `pool_type_id`, `time_standard_id`)
  VALUES (25553, 101, 703, 1, 1, '2015-03-01 13:47:05', '2015-03-01 13:47:05', 1, 0, '2000-01-01 11:22:00', 3375, 1, 2404);

INSERT INTO `meeting_programs` (`id`, `event_order`, `category_type_id`, `gender_type_id`, `user_id`, `created_at`, `updated_at`, `is_autofilled`, `is_out_of_race`, `begin_time`, `meeting_event_id`, `pool_type_id`, `time_standard_id`)
  VALUES (25554, 102, 704, 1, 1, '2015-03-01 13:47:06', '2015-03-01 13:47:06', 1, 0, '2000-01-01 11:24:00', 3375, 1, 2422);

INSERT INTO `meeting_events` (`id`, `created_at`, `updated_at`, `event_order`, `begin_time`, `is_out_of_race`, `is_autofilled`, `notes`, `meeting_session_id`, `event_type_id`, `heat_type_id`, `user_id`, `has_separate_gender_start_list`, `has_separate_category_start_list`)
  VALUES (3376, '2015-03-01 13:47:06', '2015-03-01 13:47:06', 8, '2000-01-01 11:26:00', 0, 1, NULL, 526, 2, 3, 1, 1, 0);

INSERT INTO `meeting_programs` (`id`, `event_order`, `category_type_id`, `gender_type_id`, `user_id`, `created_at`, `updated_at`, `is_autofilled`, `is_out_of_race`, `begin_time`, `meeting_event_id`, `pool_type_id`, `time_standard_id`)
  VALUES (25555, 103, 694, 2, 1, '2015-03-01 13:47:06', '2015-03-01 13:47:06', 1, 0, '2000-01-01 11:26:00', 3376, 1, 2757);

INSERT INTO `meeting_programs` (`id`, `event_order`, `category_type_id`, `gender_type_id`, `user_id`, `created_at`, `updated_at`, `is_autofilled`, `is_out_of_race`, `begin_time`, `meeting_event_id`, `pool_type_id`, `time_standard_id`)
  VALUES (25556, 104, 695, 2, 1, '2015-03-01 13:47:06', '2015-03-01 13:47:06', 1, 0, '2000-01-01 11:28:00', 3376, 1, 2775);

INSERT INTO `meeting_programs` (`id`, `event_order`, `category_type_id`, `gender_type_id`, `user_id`, `created_at`, `updated_at`, `is_autofilled`, `is_out_of_race`, `begin_time`, `meeting_event_id`, `pool_type_id`, `time_standard_id`)
  VALUES (25557, 105, 696, 2, 1, '2015-03-01 13:47:06', '2015-03-01 13:47:06', 1, 0, '2000-01-01 11:30:00', 3376, 1, 2793);

INSERT INTO `meeting_programs` (`id`, `event_order`, `category_type_id`, `gender_type_id`, `user_id`, `created_at`, `updated_at`, `is_autofilled`, `is_out_of_race`, `begin_time`, `meeting_event_id`, `pool_type_id`, `time_standard_id`)
  VALUES (25558, 106, 697, 2, 1, '2015-03-01 13:47:06', '2015-03-01 13:47:06', 1, 0, '2000-01-01 11:32:00', 3376, 1, 2811);

INSERT INTO `meeting_programs` (`id`, `event_order`, `category_type_id`, `gender_type_id`, `user_id`, `created_at`, `updated_at`, `is_autofilled`, `is_out_of_race`, `begin_time`, `meeting_event_id`, `pool_type_id`, `time_standard_id`)
  VALUES (25559, 107, 698, 2, 1, '2015-03-01 13:47:06', '2015-03-01 13:47:06', 1, 0, '2000-01-01 11:34:00', 3376, 1, 2829);

INSERT INTO `meeting_programs` (`id`, `event_order`, `category_type_id`, `gender_type_id`, `user_id`, `created_at`, `updated_at`, `is_autofilled`, `is_out_of_race`, `begin_time`, `meeting_event_id`, `pool_type_id`, `time_standard_id`)
  VALUES (25560, 108, 699, 2, 1, '2015-03-01 13:47:06', '2015-03-01 13:47:06', 1, 0, '2000-01-01 11:36:00', 3376, 1, 2847);

INSERT INTO `meeting_programs` (`id`, `event_order`, `category_type_id`, `gender_type_id`, `user_id`, `created_at`, `updated_at`, `is_autofilled`, `is_out_of_race`, `begin_time`, `meeting_event_id`, `pool_type_id`, `time_standard_id`)
  VALUES (25561, 109, 700, 2, 1, '2015-03-01 13:47:06', '2015-03-01 13:47:06', 1, 0, '2000-01-01 11:38:00', 3376, 1, 2865);

INSERT INTO `meeting_programs` (`id`, `event_order`, `category_type_id`, `gender_type_id`, `user_id`, `created_at`, `updated_at`, `is_autofilled`, `is_out_of_race`, `begin_time`, `meeting_event_id`, `pool_type_id`, `time_standard_id`)
  VALUES (25562, 110, 702, 2, 1, '2015-03-01 13:47:06', '2015-03-01 13:47:06', 1, 0, '2000-01-01 11:40:00', 3376, 1, 2901);

INSERT INTO `meeting_programs` (`id`, `event_order`, `category_type_id`, `gender_type_id`, `user_id`, `created_at`, `updated_at`, `is_autofilled`, `is_out_of_race`, `begin_time`, `meeting_event_id`, `pool_type_id`, `time_standard_id`)
  VALUES (25563, 111, 703, 2, 1, '2015-03-01 13:47:06', '2015-03-01 13:47:06', 1, 0, '2000-01-01 11:42:00', 3376, 1, 2919);

INSERT INTO `meeting_programs` (`id`, `event_order`, `category_type_id`, `gender_type_id`, `user_id`, `created_at`, `updated_at`, `is_autofilled`, `is_out_of_race`, `begin_time`, `meeting_event_id`, `pool_type_id`, `time_standard_id`)
  VALUES (25564, 112, 693, 2, 1, '2015-03-01 13:47:06', '2015-03-01 13:47:06', 1, 0, '2000-01-01 11:44:00', 3376, 1, NULL);

INSERT INTO `meeting_programs` (`id`, `event_order`, `category_type_id`, `gender_type_id`, `user_id`, `created_at`, `updated_at`, `is_autofilled`, `is_out_of_race`, `begin_time`, `meeting_event_id`, `pool_type_id`, `time_standard_id`)
  VALUES (25565, 113, 694, 1, 1, '2015-03-01 13:47:06', '2015-03-01 13:47:06', 1, 0, '2000-01-01 11:46:00', 3376, 1, 2233);

INSERT INTO `meeting_programs` (`id`, `event_order`, `category_type_id`, `gender_type_id`, `user_id`, `created_at`, `updated_at`, `is_autofilled`, `is_out_of_race`, `begin_time`, `meeting_event_id`, `pool_type_id`, `time_standard_id`)
  VALUES (25566, 114, 695, 1, 1, '2015-03-01 13:47:07', '2015-03-01 13:47:07', 1, 0, '2000-01-01 11:48:00', 3376, 1, 2251);

INSERT INTO `meeting_programs` (`id`, `event_order`, `category_type_id`, `gender_type_id`, `user_id`, `created_at`, `updated_at`, `is_autofilled`, `is_out_of_race`, `begin_time`, `meeting_event_id`, `pool_type_id`, `time_standard_id`)
  VALUES (25567, 115, 696, 1, 1, '2015-03-01 13:47:07', '2015-03-01 13:47:07', 1, 0, '2000-01-01 11:50:00', 3376, 1, 2269);

INSERT INTO `meeting_programs` (`id`, `event_order`, `category_type_id`, `gender_type_id`, `user_id`, `created_at`, `updated_at`, `is_autofilled`, `is_out_of_race`, `begin_time`, `meeting_event_id`, `pool_type_id`, `time_standard_id`)
  VALUES (25568, 116, 697, 1, 1, '2015-03-01 13:47:07', '2015-03-01 13:47:07', 1, 0, '2000-01-01 11:52:00', 3376, 1, 2287);

INSERT INTO `meeting_programs` (`id`, `event_order`, `category_type_id`, `gender_type_id`, `user_id`, `created_at`, `updated_at`, `is_autofilled`, `is_out_of_race`, `begin_time`, `meeting_event_id`, `pool_type_id`, `time_standard_id`)
  VALUES (25569, 117, 698, 1, 1, '2015-03-01 13:47:07', '2015-03-01 13:47:07', 1, 0, '2000-01-01 11:54:00', 3376, 1, 2305);

INSERT INTO `meeting_programs` (`id`, `event_order`, `category_type_id`, `gender_type_id`, `user_id`, `created_at`, `updated_at`, `is_autofilled`, `is_out_of_race`, `begin_time`, `meeting_event_id`, `pool_type_id`, `time_standard_id`)
  VALUES (25570, 118, 699, 1, 1, '2015-03-01 13:47:07', '2015-03-01 13:47:07', 1, 0, '2000-01-01 11:56:00', 3376, 1, 2323);

INSERT INTO `meeting_programs` (`id`, `event_order`, `category_type_id`, `gender_type_id`, `user_id`, `created_at`, `updated_at`, `is_autofilled`, `is_out_of_race`, `begin_time`, `meeting_event_id`, `pool_type_id`, `time_standard_id`)
  VALUES (25571, 119, 700, 1, 1, '2015-03-01 13:47:07', '2015-03-01 13:47:07', 1, 0, '2000-01-01 11:58:00', 3376, 1, 2341);

INSERT INTO `meeting_programs` (`id`, `event_order`, `category_type_id`, `gender_type_id`, `user_id`, `created_at`, `updated_at`, `is_autofilled`, `is_out_of_race`, `begin_time`, `meeting_event_id`, `pool_type_id`, `time_standard_id`)
  VALUES (25572, 120, 701, 1, 1, '2015-03-01 13:47:07', '2015-03-01 13:47:07', 1, 0, '2000-01-01 12:00:00', 3376, 1, 2359);

INSERT INTO `meeting_programs` (`id`, `event_order`, `category_type_id`, `gender_type_id`, `user_id`, `created_at`, `updated_at`, `is_autofilled`, `is_out_of_race`, `begin_time`, `meeting_event_id`, `pool_type_id`, `time_standard_id`)
  VALUES (25573, 121, 702, 1, 1, '2015-03-01 13:47:07', '2015-03-01 13:47:07', 1, 0, '2000-01-01 12:02:00', 3376, 1, 2377);

INSERT INTO `meeting_programs` (`id`, `event_order`, `category_type_id`, `gender_type_id`, `user_id`, `created_at`, `updated_at`, `is_autofilled`, `is_out_of_race`, `begin_time`, `meeting_event_id`, `pool_type_id`, `time_standard_id`)
  VALUES (25574, 122, 703, 1, 1, '2015-03-01 13:47:07', '2015-03-01 13:47:07', 1, 0, '2000-01-01 12:04:00', 3376, 1, 2395);

INSERT INTO `meeting_programs` (`id`, `event_order`, `category_type_id`, `gender_type_id`, `user_id`, `created_at`, `updated_at`, `is_autofilled`, `is_out_of_race`, `begin_time`, `meeting_event_id`, `pool_type_id`, `time_standard_id`)
  VALUES (25575, 123, 704, 1, 1, '2015-03-01 13:47:07', '2015-03-01 13:47:07', 1, 0, '2000-01-01 12:06:00', 3376, 1, 2413);

INSERT INTO `meeting_programs` (`id`, `event_order`, `category_type_id`, `gender_type_id`, `user_id`, `created_at`, `updated_at`, `is_autofilled`, `is_out_of_race`, `begin_time`, `meeting_event_id`, `pool_type_id`, `time_standard_id`)
  VALUES (25576, 124, 693, 1, 1, '2015-03-01 13:47:07', '2015-03-01 13:47:07', 1, 0, '2000-01-01 12:08:00', 3376, 1, NULL);

INSERT INTO `swimmers` (`id`, `last_name`, `first_name`, `year_of_birth`, `phone_mobile`, `phone_number`, `e_mail`, `nickname`, `associated_user_id`, `gender_type_id`, `user_id`, `created_at`, `updated_at`, `complete_name`, `is_year_guessed`)
  VALUES (18289, 'ANTELMI', 'FRANCESCO', 1950, NULL, NULL, NULL, '', NULL, 1, 1, '2015-03-01 13:47:07', '2015-03-01 13:47:07', 'ANTELMI FRANCESCO', 0);

INSERT INTO `swimmers` (`id`, `last_name`, `first_name`, `year_of_birth`, `phone_mobile`, `phone_number`, `e_mail`, `nickname`, `associated_user_id`, `gender_type_id`, `user_id`, `created_at`, `updated_at`, `complete_name`, `is_year_guessed`)
  VALUES (18290, 'CAPECE MINUTOLO', 'GIANMARCO', 1979, NULL, NULL, NULL, '', NULL, 1, 1, '2015-03-01 13:47:07', '2015-03-01 13:47:07', 'CAPECE MINUTOLO GIANMARCO', 0);

INSERT INTO `swimmers` (`id`, `last_name`, `first_name`, `year_of_birth`, `phone_mobile`, `phone_number`, `e_mail`, `nickname`, `associated_user_id`, `gender_type_id`, `user_id`, `created_at`, `updated_at`, `complete_name`, `is_year_guessed`)
  VALUES (18291, 'CARCAVALE', 'LUCA', 1986, NULL, NULL, NULL, '', NULL, 1, 1, '2015-03-01 13:47:07', '2015-03-01 13:47:07', 'CARCAVALE LUCA', 0);

INSERT INTO `swimmers` (`id`, `last_name`, `first_name`, `year_of_birth`, `phone_mobile`, `phone_number`, `e_mail`, `nickname`, `associated_user_id`, `gender_type_id`, `user_id`, `created_at`, `updated_at`, `complete_name`, `is_year_guessed`)
  VALUES (18292, 'CIERVO', 'LAURA', 1992, NULL, NULL, NULL, '', NULL, 2, 1, '2015-03-01 13:47:07', '2015-03-01 13:47:07', 'CIERVO LAURA', 0);

INSERT INTO `swimmers` (`id`, `last_name`, `first_name`, `year_of_birth`, `phone_mobile`, `phone_number`, `e_mail`, `nickname`, `associated_user_id`, `gender_type_id`, `user_id`, `created_at`, `updated_at`, `complete_name`, `is_year_guessed`)
  VALUES (18293, 'ESPOSITO', 'GIOVANNI', 1961, NULL, NULL, NULL, '', NULL, 1, 1, '2015-03-01 13:47:07', '2015-03-01 13:47:07', 'ESPOSITO GIOVANNI', 0);

INSERT INTO `swimmers` (`id`, `last_name`, `first_name`, `year_of_birth`, `phone_mobile`, `phone_number`, `e_mail`, `nickname`, `associated_user_id`, `gender_type_id`, `user_id`, `created_at`, `updated_at`, `complete_name`, `is_year_guessed`)
  VALUES (18294, 'IORIO', 'LUIGI', 1980, NULL, NULL, NULL, '', NULL, 1, 1, '2015-03-01 13:47:08', '2015-03-01 13:47:08', 'IORIO LUIGI', 0);

INSERT INTO `swimmers` (`id`, `last_name`, `first_name`, `year_of_birth`, `phone_mobile`, `phone_number`, `e_mail`, `nickname`, `associated_user_id`, `gender_type_id`, `user_id`, `created_at`, `updated_at`, `complete_name`, `is_year_guessed`)
  VALUES (18295, 'MANFERLOTTI', 'PAOLO', 1961, NULL, NULL, NULL, '', NULL, 1, 1, '2015-03-01 13:47:08', '2015-03-01 13:47:08', 'MANFERLOTTI PAOLO', 0);

INSERT INTO `swimmers` (`id`, `last_name`, `first_name`, `year_of_birth`, `phone_mobile`, `phone_number`, `e_mail`, `nickname`, `associated_user_id`, `gender_type_id`, `user_id`, `created_at`, `updated_at`, `complete_name`, `is_year_guessed`)
  VALUES (18296, 'PALUMBO', 'OSCAR', 1968, NULL, NULL, NULL, '', NULL, 1, 1, '2015-03-01 13:47:08', '2015-03-01 13:47:08', 'PALUMBO OSCAR', 0);

INSERT INTO `swimmers` (`id`, `last_name`, `first_name`, `year_of_birth`, `phone_mobile`, `phone_number`, `e_mail`, `nickname`, `associated_user_id`, `gender_type_id`, `user_id`, `created_at`, `updated_at`, `complete_name`, `is_year_guessed`)
  VALUES (18297, 'PETRICCIUOLI', 'RAFFAELE', 1953, NULL, NULL, NULL, '', NULL, 1, 1, '2015-03-01 13:47:08', '2015-03-01 13:47:08', 'PETRICCIUOLI RAFFAELE', 0);

INSERT INTO `swimmers` (`id`, `last_name`, `first_name`, `year_of_birth`, `phone_mobile`, `phone_number`, `e_mail`, `nickname`, `associated_user_id`, `gender_type_id`, `user_id`, `created_at`, `updated_at`, `complete_name`, `is_year_guessed`)
  VALUES (18298, 'ROMANO', 'GENNARO', 1984, NULL, NULL, NULL, '', NULL, 1, 1, '2015-03-01 13:47:08', '2015-03-01 13:47:08', 'ROMANO GENNARO', 0);

INSERT INTO `swimmers` (`id`, `last_name`, `first_name`, `year_of_birth`, `phone_mobile`, `phone_number`, `e_mail`, `nickname`, `associated_user_id`, `gender_type_id`, `user_id`, `created_at`, `updated_at`, `complete_name`, `is_year_guessed`)
  VALUES (18299, 'RUSSO', 'CONCETTA', 1973, NULL, NULL, NULL, '', NULL, 2, 1, '2015-03-01 13:47:08', '2015-03-01 13:47:08', 'RUSSO CONCETTA', 0);

INSERT INTO `swimmers` (`id`, `last_name`, `first_name`, `year_of_birth`, `phone_mobile`, `phone_number`, `e_mail`, `nickname`, `associated_user_id`, `gender_type_id`, `user_id`, `created_at`, `updated_at`, `complete_name`, `is_year_guessed`)
  VALUES (18300, 'FERRONE', 'FABIO', 1977, NULL, NULL, NULL, '', NULL, 1, 1, '2015-03-01 13:47:08', '2015-03-01 13:47:08', 'FERRONE FABIO', 0);

INSERT INTO `swimmers` (`id`, `last_name`, `first_name`, `year_of_birth`, `phone_mobile`, `phone_number`, `e_mail`, `nickname`, `associated_user_id`, `gender_type_id`, `user_id`, `created_at`, `updated_at`, `complete_name`, `is_year_guessed`)
  VALUES (18301, 'MIGLIACCIO', 'ROMEO', 1986, NULL, NULL, NULL, '', NULL, 1, 1, '2015-03-01 13:47:08', '2015-03-01 13:47:08', 'MIGLIACCIO ROMEO', 0);

INSERT INTO `badges` (`id`, `number`, `season_id`, `swimmer_id`, `team_id`, `category_type_id`, `user_id`, `created_at`, `updated_at`, `entry_time_type_id`, `team_affiliation_id`)
  VALUES (22092, '?', 132, 18290, 188, 696, 1, '2015-03-01 13:47:08', '2015-03-01 13:47:08', 5, 383);

INSERT INTO `badges` (`id`, `number`, `season_id`, `swimmer_id`, `team_id`, `category_type_id`, `user_id`, `created_at`, `updated_at`, `entry_time_type_id`, `team_affiliation_id`)
  VALUES (22093, '?', 132, 18296, 188, 698, 1, '2015-03-01 13:47:08', '2015-03-01 13:47:08', 5, 383);

INSERT INTO `badges` (`id`, `number`, `season_id`, `swimmer_id`, `team_id`, `category_type_id`, `user_id`, `created_at`, `updated_at`, `entry_time_type_id`, `team_affiliation_id`)
  VALUES (22094, '?', 132, 18295, 188, 699, 1, '2015-03-01 13:47:08', '2015-03-01 13:47:08', 5, 383);

INSERT INTO `badges` (`id`, `number`, `season_id`, `swimmer_id`, `team_id`, `category_type_id`, `user_id`, `created_at`, `updated_at`, `entry_time_type_id`, `team_affiliation_id`)
  VALUES (22095, '?', 132, 18291, 188, 694, 1, '2015-03-01 13:47:08', '2015-03-01 13:47:08', 5, 383);

INSERT INTO `badges` (`id`, `number`, `season_id`, `swimmer_id`, `team_id`, `category_type_id`, `user_id`, `created_at`, `updated_at`, `entry_time_type_id`, `team_affiliation_id`)
  VALUES (22096, '?', 132, 18298, 188, 695, 1, '2015-03-01 13:47:08', '2015-03-01 13:47:08', 5, 383);

INSERT INTO `badges` (`id`, `number`, `season_id`, `swimmer_id`, `team_id`, `category_type_id`, `user_id`, `created_at`, `updated_at`, `entry_time_type_id`, `team_affiliation_id`)
  VALUES (22097, '?', 132, 18293, 188, 699, 1, '2015-03-01 13:47:08', '2015-03-01 13:47:08', 5, 383);

INSERT INTO `badges` (`id`, `number`, `season_id`, `swimmer_id`, `team_id`, `category_type_id`, `user_id`, `created_at`, `updated_at`, `entry_time_type_id`, `team_affiliation_id`)
  VALUES (22098, '?', 132, 18292, 188, 693, 1, '2015-03-01 13:47:08', '2015-03-01 13:47:08', 5, 383);

INSERT INTO `badges` (`id`, `number`, `season_id`, `swimmer_id`, `team_id`, `category_type_id`, `user_id`, `created_at`, `updated_at`, `entry_time_type_id`, `team_affiliation_id`)
  VALUES (22099, '?', 132, 18301, 188, 694, 1, '2015-03-01 13:47:08', '2015-03-01 13:47:08', 5, 383);

INSERT INTO `badges` (`id`, `number`, `season_id`, `swimmer_id`, `team_id`, `category_type_id`, `user_id`, `created_at`, `updated_at`, `entry_time_type_id`, `team_affiliation_id`)
  VALUES (22100, '?', 132, 18299, 188, 697, 1, '2015-03-01 13:47:08', '2015-03-01 13:47:08', 5, 383);

INSERT INTO `badges` (`id`, `number`, `season_id`, `swimmer_id`, `team_id`, `category_type_id`, `user_id`, `created_at`, `updated_at`, `entry_time_type_id`, `team_affiliation_id`)
  VALUES (22101, '?', 132, 18294, 188, 695, 1, '2015-03-01 13:47:08', '2015-03-01 13:47:08', 5, 383);

INSERT INTO `badges` (`id`, `number`, `season_id`, `swimmer_id`, `team_id`, `category_type_id`, `user_id`, `created_at`, `updated_at`, `entry_time_type_id`, `team_affiliation_id`)
  VALUES (22102, '?', 132, 18300, 188, 696, 1, '2015-03-01 13:47:08', '2015-03-01 13:47:08', 5, 383);

INSERT INTO `badges` (`id`, `number`, `season_id`, `swimmer_id`, `team_id`, `category_type_id`, `user_id`, `created_at`, `updated_at`, `entry_time_type_id`, `team_affiliation_id`)
  VALUES (22103, '?', 132, 18297, 188, 701, 1, '2015-03-01 13:47:08', '2015-03-01 13:47:08', 5, 383);

INSERT INTO `badges` (`id`, `number`, `season_id`, `swimmer_id`, `team_id`, `category_type_id`, `user_id`, `created_at`, `updated_at`, `entry_time_type_id`, `team_affiliation_id`)
  VALUES (22104, '?', 132, 18289, 188, 701, 1, '2015-03-01 13:47:08', '2015-03-01 13:47:08', 5, 383);

INSERT INTO `meeting_individual_results` (`id`, `rank`, `is_play_off`, `is_out_of_race`, `is_disqualified`, `standard_points`, `meeting_individual_points`, `minutes`, `seconds`, `hundreds`, `meeting_program_id`, `swimmer_id`, `team_id`, `badge_id`, `user_id`, `created_at`, `updated_at`, `disqualification_code_type_id`, `goggle_cup_points`, `reaction_time`, `team_points`, `team_affiliation_id`)
  VALUES (209088, 1, 1, 0, 0, 592.25, 592.25, 1, 48, 84, 25453, 3354, 194, 6575, 1, '2015-03-01 13:47:08', '2015-03-01 13:47:08', NULL, 0.0, 0.0, 0.0, 389);

INSERT INTO `meeting_individual_results` (`id`, `rank`, `is_play_off`, `is_out_of_race`, `is_disqualified`, `standard_points`, `meeting_individual_points`, `minutes`, `seconds`, `hundreds`, `meeting_program_id`, `swimmer_id`, `team_id`, `badge_id`, `user_id`, `created_at`, `updated_at`, `disqualification_code_type_id`, `goggle_cup_points`, `reaction_time`, `team_points`, `team_affiliation_id`)
  VALUES (209089, 1, 1, 0, 0, 805.59, 805.59, 1, 22, 30, 25454, 14858, 188, 18677, 1, '2015-03-01 13:47:09', '2015-03-01 13:47:09', NULL, 0.0, 0.0, 0.0, 383);

INSERT INTO `meeting_individual_results` (`id`, `rank`, `is_play_off`, `is_out_of_race`, `is_disqualified`, `standard_points`, `meeting_individual_points`, `minutes`, `seconds`, `hundreds`, `meeting_program_id`, `swimmer_id`, `team_id`, `badge_id`, `user_id`, `created_at`, `updated_at`, `disqualification_code_type_id`, `goggle_cup_points`, `reaction_time`, `team_points`, `team_affiliation_id`)
  VALUES (209090, 2, 1, 0, 0, 646.58, 646.58, 1, 42, 54, 25454, 12468, 185, 16235, 1, '2015-03-01 13:47:09', '2015-03-01 13:47:09', NULL, 0.0, 0.0, 0.0, 380);

INSERT INTO `meeting_individual_results` (`id`, `rank`, `is_play_off`, `is_out_of_race`, `is_disqualified`, `standard_points`, `meeting_individual_points`, `minutes`, `seconds`, `hundreds`, `meeting_program_id`, `swimmer_id`, `team_id`, `badge_id`, `user_id`, `created_at`, `updated_at`, `disqualification_code_type_id`, `goggle_cup_points`, `reaction_time`, `team_points`, `team_affiliation_id`)
  VALUES (209091, 1, 1, 0, 0, 684.23, 684.23, 1, 38, 33, 25455, 14931, 188, 18879, 1, '2015-03-01 13:47:09', '2015-03-01 13:47:09', NULL, 0.0, 0.0, 0.0, 383);

INSERT INTO `meeting_individual_results` (`id`, `rank`, `is_play_off`, `is_out_of_race`, `is_disqualified`, `standard_points`, `meeting_individual_points`, `minutes`, `seconds`, `hundreds`, `meeting_program_id`, `swimmer_id`, `team_id`, `badge_id`, `user_id`, `created_at`, `updated_at`, `disqualification_code_type_id`, `goggle_cup_points`, `reaction_time`, `team_points`, `team_affiliation_id`)
  VALUES (209092, 1, 1, 0, 0, 523.54, 523.54, 2, 33, 76, 25456, 14925, 188, 18681, 1, '2015-03-01 13:47:09', '2015-03-01 13:47:09', NULL, 0.0, 0.0, 0.0, 383);

INSERT INTO `meeting_individual_results` (`id`, `rank`, `is_play_off`, `is_out_of_race`, `is_disqualified`, `standard_points`, `meeting_individual_points`, `minutes`, `seconds`, `hundreds`, `meeting_program_id`, `swimmer_id`, `team_id`, `badge_id`, `user_id`, `created_at`, `updated_at`, `disqualification_code_type_id`, `goggle_cup_points`, `reaction_time`, `team_points`, `team_affiliation_id`)
  VALUES (209093, 1, 1, 0, 0, 717.7, 717.7, 1, 58, 10, 25457, 3290, 194, 6511, 1, '2015-03-01 13:47:09', '2015-03-01 13:47:09', NULL, 0.0, 0.0, 0.0, 389);

INSERT INTO `meeting_individual_results` (`id`, `rank`, `is_play_off`, `is_out_of_race`, `is_disqualified`, `standard_points`, `meeting_individual_points`, `minutes`, `seconds`, `hundreds`, `meeting_program_id`, `swimmer_id`, `team_id`, `badge_id`, `user_id`, `created_at`, `updated_at`, `disqualification_code_type_id`, `goggle_cup_points`, `reaction_time`, `team_points`, `team_affiliation_id`)
  VALUES (209094, 1, 1, 0, 0, 0.0, 0.0, 1, 16, 52, 25458, 3291, 194, 6512, 1, '2015-03-01 13:47:09', '2015-03-01 13:47:09', NULL, 0.0, 0.0, 0.0, 389);

INSERT INTO `meeting_individual_results` (`id`, `rank`, `is_play_off`, `is_out_of_race`, `is_disqualified`, `standard_points`, `meeting_individual_points`, `minutes`, `seconds`, `hundreds`, `meeting_program_id`, `swimmer_id`, `team_id`, `badge_id`, `user_id`, `created_at`, `updated_at`, `disqualification_code_type_id`, `goggle_cup_points`, `reaction_time`, `team_points`, `team_affiliation_id`)
  VALUES (209095, 2, 1, 0, 0, 0.0, 0.0, 1, 25, 59, 25458, 9076, 194, 12938, 1, '2015-03-01 13:47:09', '2015-03-01 13:47:09', NULL, 0.0, 0.0, 0.0, 389);

INSERT INTO `meeting_individual_results` (`id`, `rank`, `is_play_off`, `is_out_of_race`, `is_disqualified`, `standard_points`, `meeting_individual_points`, `minutes`, `seconds`, `hundreds`, `meeting_program_id`, `swimmer_id`, `team_id`, `badge_id`, `user_id`, `created_at`, `updated_at`, `disqualification_code_type_id`, `goggle_cup_points`, `reaction_time`, `team_points`, `team_affiliation_id`)
  VALUES (209096, 1, 1, 0, 0, 704.86, 704.86, 1, 20, 20, 25459, 14391, 213, 18287, 1, '2015-03-01 13:47:09', '2015-03-01 13:47:09', NULL, 0.0, 0.0, 0.0, 408);

INSERT INTO `meeting_individual_results` (`id`, `rank`, `is_play_off`, `is_out_of_race`, `is_disqualified`, `standard_points`, `meeting_individual_points`, `minutes`, `seconds`, `hundreds`, `meeting_program_id`, `swimmer_id`, `team_id`, `badge_id`, `user_id`, `created_at`, `updated_at`, `disqualification_code_type_id`, `goggle_cup_points`, `reaction_time`, `team_points`, `team_affiliation_id`)
  VALUES (209097, 1, 1, 0, 0, 627.52, 627.52, 1, 31, 87, 25460, 11618, 490, 15344, 1, '2015-03-01 13:47:09', '2015-03-01 13:47:09', NULL, 0.0, 0.0, 0.0, 710);

INSERT INTO `meeting_individual_results` (`id`, `rank`, `is_play_off`, `is_out_of_race`, `is_disqualified`, `standard_points`, `meeting_individual_points`, `minutes`, `seconds`, `hundreds`, `meeting_program_id`, `swimmer_id`, `team_id`, `badge_id`, `user_id`, `created_at`, `updated_at`, `disqualification_code_type_id`, `goggle_cup_points`, `reaction_time`, `team_points`, `team_affiliation_id`)
  VALUES (209098, 1, 1, 0, 0, 819.53, 819.53, 1, 12, 20, 25461, 3309, 195, 6530, 1, '2015-03-01 13:47:09', '2015-03-01 13:47:09', NULL, 0.0, 0.0, 0.0, 390);

INSERT INTO `meeting_individual_results` (`id`, `rank`, `is_play_off`, `is_out_of_race`, `is_disqualified`, `standard_points`, `meeting_individual_points`, `minutes`, `seconds`, `hundreds`, `meeting_program_id`, `swimmer_id`, `team_id`, `badge_id`, `user_id`, `created_at`, `updated_at`, `disqualification_code_type_id`, `goggle_cup_points`, `reaction_time`, `team_points`, `team_affiliation_id`)
  VALUES (209099, 2, 1, 0, 0, 751.17, 751.17, 1, 18, 77, 25461, 12472, 185, 16196, 1, '2015-03-01 13:47:10', '2015-03-01 13:47:10', NULL, 0.0, 0.0, 0.0, 380);

INSERT INTO `meeting_individual_results` (`id`, `rank`, `is_play_off`, `is_out_of_race`, `is_disqualified`, `standard_points`, `meeting_individual_points`, `minutes`, `seconds`, `hundreds`, `meeting_program_id`, `swimmer_id`, `team_id`, `badge_id`, `user_id`, `created_at`, `updated_at`, `disqualification_code_type_id`, `goggle_cup_points`, `reaction_time`, `team_points`, `team_affiliation_id`)
  VALUES (209100, 3, 1, 0, 0, 715.56, 715.56, 1, 22, 69, 25461, 14905, 188, 18842, 1, '2015-03-01 13:47:10', '2015-03-01 13:47:10', NULL, 0.0, 0.0, 0.0, 383);

INSERT INTO `meeting_individual_results` (`id`, `rank`, `is_play_off`, `is_out_of_race`, `is_disqualified`, `standard_points`, `meeting_individual_points`, `minutes`, `seconds`, `hundreds`, `meeting_program_id`, `swimmer_id`, `team_id`, `badge_id`, `user_id`, `created_at`, `updated_at`, `disqualification_code_type_id`, `goggle_cup_points`, `reaction_time`, `team_points`, `team_affiliation_id`)
  VALUES (209101, 4, 1, 0, 0, 631.28, 631.28, 1, 33, 73, 25461, 13711, 624, 17430, 1, '2015-03-01 13:47:10', '2015-03-01 13:47:10', NULL, 0.0, 0.0, 0.0, 844);

INSERT INTO `meeting_individual_results` (`id`, `rank`, `is_play_off`, `is_out_of_race`, `is_disqualified`, `standard_points`, `meeting_individual_points`, `minutes`, `seconds`, `hundreds`, `meeting_program_id`, `swimmer_id`, `team_id`, `badge_id`, `user_id`, `created_at`, `updated_at`, `disqualification_code_type_id`, `goggle_cup_points`, `reaction_time`, `team_points`, `team_affiliation_id`)
  VALUES (209102, 1, 1, 0, 0, 786.77, 786.77, 1, 16, 82, 25462, 3375, 195, 6596, 1, '2015-03-01 13:47:10', '2015-03-01 13:47:10', NULL, 0.0, 0.0, 0.0, 390);

INSERT INTO `meeting_individual_results` (`id`, `rank`, `is_play_off`, `is_out_of_race`, `is_disqualified`, `standard_points`, `meeting_individual_points`, `minutes`, `seconds`, `hundreds`, `meeting_program_id`, `swimmer_id`, `team_id`, `badge_id`, `user_id`, `created_at`, `updated_at`, `disqualification_code_type_id`, `goggle_cup_points`, `reaction_time`, `team_points`, `team_affiliation_id`)
  VALUES (209103, 1, 1, 0, 0, 614.12, 614.12, 1, 41, 87, 25463, 13688, 188, 17391, 1, '2015-03-01 13:47:10', '2015-03-01 13:47:10', NULL, 0.0, 0.0, 0.0, 383);

INSERT INTO `meeting_individual_results` (`id`, `rank`, `is_play_off`, `is_out_of_race`, `is_disqualified`, `standard_points`, `meeting_individual_points`, `minutes`, `seconds`, `hundreds`, `meeting_program_id`, `swimmer_id`, `team_id`, `badge_id`, `user_id`, `created_at`, `updated_at`, `disqualification_code_type_id`, `goggle_cup_points`, `reaction_time`, `team_points`, `team_affiliation_id`)
  VALUES (209104, 1, 1, 0, 0, 740.21, 740.21, 1, 31, 38, 25464, 2019, 89, 5205, 1, '2015-03-01 13:47:10', '2015-03-01 13:47:10', NULL, 0.0, 0.0, 0.0, 282);

INSERT INTO `meeting_individual_results` (`id`, `rank`, `is_play_off`, `is_out_of_race`, `is_disqualified`, `standard_points`, `meeting_individual_points`, `minutes`, `seconds`, `hundreds`, `meeting_program_id`, `swimmer_id`, `team_id`, `badge_id`, `user_id`, `created_at`, `updated_at`, `disqualification_code_type_id`, `goggle_cup_points`, `reaction_time`, `team_points`, `team_affiliation_id`)
  VALUES (209105, 2, 1, 0, 0, 564.47, 564.47, 1, 59, 83, 25464, 3339, 194, 6560, 1, '2015-03-01 13:47:10', '2015-03-01 13:47:10', NULL, 0.0, 0.0, 0.0, 389);

INSERT INTO `meeting_individual_results` (`id`, `rank`, `is_play_off`, `is_out_of_race`, `is_disqualified`, `standard_points`, `meeting_individual_points`, `minutes`, `seconds`, `hundreds`, `meeting_program_id`, `swimmer_id`, `team_id`, `badge_id`, `user_id`, `created_at`, `updated_at`, `disqualification_code_type_id`, `goggle_cup_points`, `reaction_time`, `team_points`, `team_affiliation_id`)
  VALUES (209106, 1, 1, 0, 0, 570.58, 570.58, 2, 14, 81, 25465, 15063, 188, 18667, 1, '2015-03-01 13:47:10', '2015-03-01 13:47:10', NULL, 0.0, 0.0, 0.0, 383);

INSERT INTO `meeting_individual_results` (`id`, `rank`, `is_play_off`, `is_out_of_race`, `is_disqualified`, `standard_points`, `meeting_individual_points`, `minutes`, `seconds`, `hundreds`, `meeting_program_id`, `swimmer_id`, `team_id`, `badge_id`, `user_id`, `created_at`, `updated_at`, `disqualification_code_type_id`, `goggle_cup_points`, `reaction_time`, `team_points`, `team_affiliation_id`)
  VALUES (209107, 1, 1, 0, 0, 0.0, 0.0, 1, 19, 44, 25466, 3388, 194, 6609, 1, '2015-03-01 13:47:10', '2015-03-01 13:47:10', NULL, 0.0, 0.0, 0.0, 389);

INSERT INTO `meeting_individual_results` (`id`, `rank`, `is_play_off`, `is_out_of_race`, `is_disqualified`, `standard_points`, `meeting_individual_points`, `minutes`, `seconds`, `hundreds`, `meeting_program_id`, `swimmer_id`, `team_id`, `badge_id`, `user_id`, `created_at`, `updated_at`, `disqualification_code_type_id`, `goggle_cup_points`, `reaction_time`, `team_points`, `team_affiliation_id`)
  VALUES (209108, 2, 1, 0, 0, 0.0, 0.0, 1, 33, 56, 25466, 11552, 490, 15336, 1, '2015-03-01 13:47:10', '2015-03-01 13:47:10', NULL, 0.0, 0.0, 0.0, 710);

INSERT INTO `meeting_individual_results` (`id`, `rank`, `is_play_off`, `is_out_of_race`, `is_disqualified`, `standard_points`, `meeting_individual_points`, `minutes`, `seconds`, `hundreds`, `meeting_program_id`, `swimmer_id`, `team_id`, `badge_id`, `user_id`, `created_at`, `updated_at`, `disqualification_code_type_id`, `goggle_cup_points`, `reaction_time`, `team_points`, `team_affiliation_id`)
  VALUES (209109, 2, 1, 0, 1, 0.0, 0.0, 0, 0, 0, 25466, 3389, 194, 6610, 1, '2015-03-01 13:47:11', '2015-03-01 13:47:11', 1, 0.0, 0.0, 0.0, 389);

INSERT INTO `meeting_individual_results` (`id`, `rank`, `is_play_off`, `is_out_of_race`, `is_disqualified`, `standard_points`, `meeting_individual_points`, `minutes`, `seconds`, `hundreds`, `meeting_program_id`, `swimmer_id`, `team_id`, `badge_id`, `user_id`, `created_at`, `updated_at`, `disqualification_code_type_id`, `goggle_cup_points`, `reaction_time`, `team_points`, `team_affiliation_id`)
  VALUES (209110, 1, 1, 0, 0, 812.24, 812.24, 1, 26, 92, 25467, 3284, 194, 6505, 1, '2015-03-01 13:47:11', '2015-03-01 13:47:11', NULL, 0.0, 0.0, 0.0, 389);

INSERT INTO `meeting_individual_results` (`id`, `rank`, `is_play_off`, `is_out_of_race`, `is_disqualified`, `standard_points`, `meeting_individual_points`, `minutes`, `seconds`, `hundreds`, `meeting_program_id`, `swimmer_id`, `team_id`, `badge_id`, `user_id`, `created_at`, `updated_at`, `disqualification_code_type_id`, `goggle_cup_points`, `reaction_time`, `team_points`, `team_affiliation_id`)
  VALUES (209111, 1, 1, 0, 0, 593.58, 593.58, 2, 1, 77, 25468, 3287, 188, 6508, 1, '2015-03-01 13:47:11', '2015-03-01 13:47:11', NULL, 0.0, 0.0, 0.0, 383);

INSERT INTO `meeting_individual_results` (`id`, `rank`, `is_play_off`, `is_out_of_race`, `is_disqualified`, `standard_points`, `meeting_individual_points`, `minutes`, `seconds`, `hundreds`, `meeting_program_id`, `swimmer_id`, `team_id`, `badge_id`, `user_id`, `created_at`, `updated_at`, `disqualification_code_type_id`, `goggle_cup_points`, `reaction_time`, `team_points`, `team_affiliation_id`)
  VALUES (209112, 1, 1, 0, 0, 617.37, 617.37, 2, 4, 9, 25469, 13272, 564, 16979, 1, '2015-03-01 13:47:11', '2015-03-01 13:47:11', NULL, 0.0, 0.0, 0.0, 784);

INSERT INTO `meeting_individual_results` (`id`, `rank`, `is_play_off`, `is_out_of_race`, `is_disqualified`, `standard_points`, `meeting_individual_points`, `minutes`, `seconds`, `hundreds`, `meeting_program_id`, `swimmer_id`, `team_id`, `badge_id`, `user_id`, `created_at`, `updated_at`, `disqualification_code_type_id`, `goggle_cup_points`, `reaction_time`, `team_points`, `team_affiliation_id`)
  VALUES (209113, 1, 1, 0, 0, 809.9, 809.9, 1, 16, 54, 25470, 12422, 185, 16176, 1, '2015-03-01 13:47:11', '2015-03-01 13:47:11', NULL, 0.0, 0.0, 0.0, 380);

INSERT INTO `meeting_individual_results` (`id`, `rank`, `is_play_off`, `is_out_of_race`, `is_disqualified`, `standard_points`, `meeting_individual_points`, `minutes`, `seconds`, `hundreds`, `meeting_program_id`, `swimmer_id`, `team_id`, `badge_id`, `user_id`, `created_at`, `updated_at`, `disqualification_code_type_id`, `goggle_cup_points`, `reaction_time`, `team_points`, `team_affiliation_id`)
  VALUES (209114, 1, 1, 0, 0, 628.21, 628.21, 1, 38, 20, 25471, 13564, 188, 17373, 1, '2015-03-01 13:47:11', '2015-03-01 13:47:11', NULL, 0.0, 0.0, 0.0, 383);

INSERT INTO `meeting_individual_results` (`id`, `rank`, `is_play_off`, `is_out_of_race`, `is_disqualified`, `standard_points`, `meeting_individual_points`, `minutes`, `seconds`, `hundreds`, `meeting_program_id`, `swimmer_id`, `team_id`, `badge_id`, `user_id`, `created_at`, `updated_at`, `disqualification_code_type_id`, `goggle_cup_points`, `reaction_time`, `team_points`, `team_affiliation_id`)
  VALUES (209115, 2, 1, 0, 0, 570.46, 570.46, 1, 48, 14, 25471, 17164, 185, 20971, 1, '2015-03-01 13:47:11', '2015-03-01 13:47:11', NULL, 0.0, 0.0, 0.0, 380);

INSERT INTO `meeting_individual_results` (`id`, `rank`, `is_play_off`, `is_out_of_race`, `is_disqualified`, `standard_points`, `meeting_individual_points`, `minutes`, `seconds`, `hundreds`, `meeting_program_id`, `swimmer_id`, `team_id`, `badge_id`, `user_id`, `created_at`, `updated_at`, `disqualification_code_type_id`, `goggle_cup_points`, `reaction_time`, `team_points`, `team_affiliation_id`)
  VALUES (209116, 3, 1, 0, 0, 554.47, 554.47, 1, 51, 26, 25471, 17935, 490, 21756, 1, '2015-03-01 13:47:11', '2015-03-01 13:47:11', NULL, 0.0, 0.0, 0.0, 710);

INSERT INTO `meeting_individual_results` (`id`, `rank`, `is_play_off`, `is_out_of_race`, `is_disqualified`, `standard_points`, `meeting_individual_points`, `minutes`, `seconds`, `hundreds`, `meeting_program_id`, `swimmer_id`, `team_id`, `badge_id`, `user_id`, `created_at`, `updated_at`, `disqualification_code_type_id`, `goggle_cup_points`, `reaction_time`, `team_points`, `team_affiliation_id`)
  VALUES (209117, 1, 1, 0, 0, 698.18, 698.18, 1, 30, 32, 25472, 11556, 190, 15312, 1, '2015-03-01 13:47:11', '2015-03-01 13:47:11', NULL, 0.0, 0.0, 0.0, 385);

INSERT INTO `meeting_individual_results` (`id`, `rank`, `is_play_off`, `is_out_of_race`, `is_disqualified`, `standard_points`, `meeting_individual_points`, `minutes`, `seconds`, `hundreds`, `meeting_program_id`, `swimmer_id`, `team_id`, `badge_id`, `user_id`, `created_at`, `updated_at`, `disqualification_code_type_id`, `goggle_cup_points`, `reaction_time`, `team_points`, `team_affiliation_id`)
  VALUES (209118, 2, 1, 0, 0, 676.32, 676.32, 1, 33, 24, 25472, 18290, 188, 22092, 1, '2015-03-01 13:47:11', '2015-03-01 13:47:11', NULL, 0.0, 0.0, 0.0, 383);

INSERT INTO `meeting_individual_results` (`id`, `rank`, `is_play_off`, `is_out_of_race`, `is_disqualified`, `standard_points`, `meeting_individual_points`, `minutes`, `seconds`, `hundreds`, `meeting_program_id`, `swimmer_id`, `team_id`, `badge_id`, `user_id`, `created_at`, `updated_at`, `disqualification_code_type_id`, `goggle_cup_points`, `reaction_time`, `team_points`, `team_affiliation_id`)
  VALUES (209119, 3, 1, 0, 0, 673.36, 673.36, 1, 33, 65, 25472, 8132, 439, 11779, 1, '2015-03-01 13:47:12', '2015-03-01 13:47:12', NULL, 0.0, 0.0, 0.0, 659);

INSERT INTO `meeting_individual_results` (`id`, `rank`, `is_play_off`, `is_out_of_race`, `is_disqualified`, `standard_points`, `meeting_individual_points`, `minutes`, `seconds`, `hundreds`, `meeting_program_id`, `swimmer_id`, `team_id`, `badge_id`, `user_id`, `created_at`, `updated_at`, `disqualification_code_type_id`, `goggle_cup_points`, `reaction_time`, `team_points`, `team_affiliation_id`)
  VALUES (209120, 4, 1, 0, 0, 636.58, 636.58, 1, 39, 6, 25472, 14928, 188, 18862, 1, '2015-03-01 13:47:12', '2015-03-01 13:47:12', NULL, 0.0, 0.0, 0.0, 383);

INSERT INTO `meeting_individual_results` (`id`, `rank`, `is_play_off`, `is_out_of_race`, `is_disqualified`, `standard_points`, `meeting_individual_points`, `minutes`, `seconds`, `hundreds`, `meeting_program_id`, `swimmer_id`, `team_id`, `badge_id`, `user_id`, `created_at`, `updated_at`, `disqualification_code_type_id`, `goggle_cup_points`, `reaction_time`, `team_points`, `team_affiliation_id`)
  VALUES (209121, 5, 1, 0, 0, 605.71, 605.71, 1, 44, 11, 25472, 9306, 194, 12863, 1, '2015-03-01 13:47:12', '2015-03-01 13:47:12', NULL, 0.0, 0.0, 0.0, 389);

INSERT INTO `meeting_individual_results` (`id`, `rank`, `is_play_off`, `is_out_of_race`, `is_disqualified`, `standard_points`, `meeting_individual_points`, `minutes`, `seconds`, `hundreds`, `meeting_program_id`, `swimmer_id`, `team_id`, `badge_id`, `user_id`, `created_at`, `updated_at`, `disqualification_code_type_id`, `goggle_cup_points`, `reaction_time`, `team_points`, `team_affiliation_id`)
  VALUES (209122, 1, 1, 0, 0, 652.98, 652.98, 1, 37, 92, 25473, 15086, 188, 18865, 1, '2015-03-01 13:47:12', '2015-03-01 13:47:12', NULL, 0.0, 0.0, 0.0, 383);

INSERT INTO `meeting_individual_results` (`id`, `rank`, `is_play_off`, `is_out_of_race`, `is_disqualified`, `standard_points`, `meeting_individual_points`, `minutes`, `seconds`, `hundreds`, `meeting_program_id`, `swimmer_id`, `team_id`, `badge_id`, `user_id`, `created_at`, `updated_at`, `disqualification_code_type_id`, `goggle_cup_points`, `reaction_time`, `team_points`, `team_affiliation_id`)
  VALUES (209123, 2, 1, 0, 0, 625.21, 625.21, 1, 42, 27, 25473, 13715, 624, 17429, 1, '2015-03-01 13:47:12', '2015-03-01 13:47:12', NULL, 0.0, 0.0, 0.0, 844);

INSERT INTO `meeting_individual_results` (`id`, `rank`, `is_play_off`, `is_out_of_race`, `is_disqualified`, `standard_points`, `meeting_individual_points`, `minutes`, `seconds`, `hundreds`, `meeting_program_id`, `swimmer_id`, `team_id`, `badge_id`, `user_id`, `created_at`, `updated_at`, `disqualification_code_type_id`, `goggle_cup_points`, `reaction_time`, `team_points`, `team_affiliation_id`)
  VALUES (209124, 3, 1, 0, 0, 582.07, 582.07, 1, 49, 85, 25473, 9222, 490, 13130, 1, '2015-03-01 13:47:12', '2015-03-01 13:47:12', NULL, 0.0, 0.0, 0.0, 710);

INSERT INTO `meeting_individual_results` (`id`, `rank`, `is_play_off`, `is_out_of_race`, `is_disqualified`, `standard_points`, `meeting_individual_points`, `minutes`, `seconds`, `hundreds`, `meeting_program_id`, `swimmer_id`, `team_id`, `badge_id`, `user_id`, `created_at`, `updated_at`, `disqualification_code_type_id`, `goggle_cup_points`, `reaction_time`, `team_points`, `team_affiliation_id`)
  VALUES (209125, 1, 1, 0, 0, 775.07, 775.07, 1, 25, 36, 25474, 3376, 194, 6597, 1, '2015-03-01 13:47:12', '2015-03-01 13:47:12', NULL, 0.0, 0.0, 0.0, 389);

INSERT INTO `meeting_individual_results` (`id`, `rank`, `is_play_off`, `is_out_of_race`, `is_disqualified`, `standard_points`, `meeting_individual_points`, `minutes`, `seconds`, `hundreds`, `meeting_program_id`, `swimmer_id`, `team_id`, `badge_id`, `user_id`, `created_at`, `updated_at`, `disqualification_code_type_id`, `goggle_cup_points`, `reaction_time`, `team_points`, `team_affiliation_id`)
  VALUES (209126, 2, 1, 0, 0, 639.6, 639.6, 1, 43, 44, 25474, 9182, 194, 12970, 1, '2015-03-01 13:47:12', '2015-03-01 13:47:12', NULL, 0.0, 0.0, 0.0, 389);

INSERT INTO `meeting_individual_results` (`id`, `rank`, `is_play_off`, `is_out_of_race`, `is_disqualified`, `standard_points`, `meeting_individual_points`, `minutes`, `seconds`, `hundreds`, `meeting_program_id`, `swimmer_id`, `team_id`, `badge_id`, `user_id`, `created_at`, `updated_at`, `disqualification_code_type_id`, `goggle_cup_points`, `reaction_time`, `team_points`, `team_affiliation_id`)
  VALUES (209127, 1, 1, 0, 0, 728.65, 728.65, 1, 35, 8, 25475, 12212, 578, 15609, 1, '2015-03-01 13:47:12', '2015-03-01 13:47:12', NULL, 0.0, 0.0, 0.0, 798);

INSERT INTO `meeting_individual_results` (`id`, `rank`, `is_play_off`, `is_out_of_race`, `is_disqualified`, `standard_points`, `meeting_individual_points`, `minutes`, `seconds`, `hundreds`, `meeting_program_id`, `swimmer_id`, `team_id`, `badge_id`, `user_id`, `created_at`, `updated_at`, `disqualification_code_type_id`, `goggle_cup_points`, `reaction_time`, `team_points`, `team_affiliation_id`)
  VALUES (209128, 2, 1, 0, 0, 726.36, 726.36, 1, 35, 38, 25475, 13547, 188, 17536, 1, '2015-03-01 13:47:12', '2015-03-01 13:47:12', NULL, 0.0, 0.0, 0.0, 383);

INSERT INTO `meeting_individual_results` (`id`, `rank`, `is_play_off`, `is_out_of_race`, `is_disqualified`, `standard_points`, `meeting_individual_points`, `minutes`, `seconds`, `hundreds`, `meeting_program_id`, `swimmer_id`, `team_id`, `badge_id`, `user_id`, `created_at`, `updated_at`, `disqualification_code_type_id`, `goggle_cup_points`, `reaction_time`, `team_points`, `team_affiliation_id`)
  VALUES (209129, 1, 1, 0, 0, 733.24, 733.24, 1, 38, 3, 25476, 9136, 491, 12899, 1, '2015-03-01 13:47:13', '2015-03-01 13:47:13', NULL, 0.0, 0.0, 0.0, 711);

INSERT INTO `meeting_individual_results` (`id`, `rank`, `is_play_off`, `is_out_of_race`, `is_disqualified`, `standard_points`, `meeting_individual_points`, `minutes`, `seconds`, `hundreds`, `meeting_program_id`, `swimmer_id`, `team_id`, `badge_id`, `user_id`, `created_at`, `updated_at`, `disqualification_code_type_id`, `goggle_cup_points`, `reaction_time`, `team_points`, `team_affiliation_id`)
  VALUES (209130, 2, 1, 0, 0, 639.22, 639.22, 1, 52, 45, 25476, 13680, 624, 17471, 1, '2015-03-01 13:47:13', '2015-03-01 13:47:13', NULL, 0.0, 0.0, 0.0, 844);

INSERT INTO `meeting_individual_results` (`id`, `rank`, `is_play_off`, `is_out_of_race`, `is_disqualified`, `standard_points`, `meeting_individual_points`, `minutes`, `seconds`, `hundreds`, `meeting_program_id`, `swimmer_id`, `team_id`, `badge_id`, `user_id`, `created_at`, `updated_at`, `disqualification_code_type_id`, `goggle_cup_points`, `reaction_time`, `team_points`, `team_affiliation_id`)
  VALUES (209131, 1, 1, 0, 0, 654.78, 654.78, 1, 53, 84, 25477, 11567, 188, 15351, 1, '2015-03-01 13:47:13', '2015-03-01 13:47:13', NULL, 0.0, 0.0, 0.0, 383);

INSERT INTO `meeting_individual_results` (`id`, `rank`, `is_play_off`, `is_out_of_race`, `is_disqualified`, `standard_points`, `meeting_individual_points`, `minutes`, `seconds`, `hundreds`, `meeting_program_id`, `swimmer_id`, `team_id`, `badge_id`, `user_id`, `created_at`, `updated_at`, `disqualification_code_type_id`, `goggle_cup_points`, `reaction_time`, `team_points`, `team_affiliation_id`)
  VALUES (209132, 2, 1, 0, 0, 483.37, 483.37, 2, 34, 21, 25477, 9373, 490, 13146, 1, '2015-03-01 13:47:13', '2015-03-01 13:47:13', NULL, 0.0, 0.0, 0.0, 710);

INSERT INTO `meeting_individual_results` (`id`, `rank`, `is_play_off`, `is_out_of_race`, `is_disqualified`, `standard_points`, `meeting_individual_points`, `minutes`, `seconds`, `hundreds`, `meeting_program_id`, `swimmer_id`, `team_id`, `badge_id`, `user_id`, `created_at`, `updated_at`, `disqualification_code_type_id`, `goggle_cup_points`, `reaction_time`, `team_points`, `team_affiliation_id`)
  VALUES (209133, 1, 1, 0, 0, 679.61, 679.61, 1, 56, 64, 25478, 3341, 194, 6562, 1, '2015-03-01 13:47:13', '2015-03-01 13:47:13', NULL, 0.0, 0.0, 0.0, 389);

INSERT INTO `meeting_individual_results` (`id`, `rank`, `is_play_off`, `is_out_of_race`, `is_disqualified`, `standard_points`, `meeting_individual_points`, `minutes`, `seconds`, `hundreds`, `meeting_program_id`, `swimmer_id`, `team_id`, `badge_id`, `user_id`, `created_at`, `updated_at`, `disqualification_code_type_id`, `goggle_cup_points`, `reaction_time`, `team_points`, `team_affiliation_id`)
  VALUES (209134, 2, 1, 0, 0, 547.44, 547.44, 2, 24, 80, 25478, 3342, 194, 6563, 1, '2015-03-01 13:47:13', '2015-03-01 13:47:13', NULL, 0.0, 0.0, 0.0, 389);

INSERT INTO `meeting_individual_results` (`id`, `rank`, `is_play_off`, `is_out_of_race`, `is_disqualified`, `standard_points`, `meeting_individual_points`, `minutes`, `seconds`, `hundreds`, `meeting_program_id`, `swimmer_id`, `team_id`, `badge_id`, `user_id`, `created_at`, `updated_at`, `disqualification_code_type_id`, `goggle_cup_points`, `reaction_time`, `team_points`, `team_affiliation_id`)
  VALUES (209135, 3, 1, 0, 0, 536.3, 536.3, 2, 27, 81, 25478, 9108, 188, 12906, 1, '2015-03-01 13:47:13', '2015-03-01 13:47:13', NULL, 0.0, 0.0, 0.0, 383);

INSERT INTO `meeting_individual_results` (`id`, `rank`, `is_play_off`, `is_out_of_race`, `is_disqualified`, `standard_points`, `meeting_individual_points`, `minutes`, `seconds`, `hundreds`, `meeting_program_id`, `swimmer_id`, `team_id`, `badge_id`, `user_id`, `created_at`, `updated_at`, `disqualification_code_type_id`, `goggle_cup_points`, `reaction_time`, `team_points`, `team_affiliation_id`)
  VALUES (209136, 1, 1, 0, 0, 545.8, 545.8, 2, 35, 24, 25479, 11592, 194, 15373, 1, '2015-03-01 13:47:13', '2015-03-01 13:47:13', NULL, 0.0, 0.0, 0.0, 389);

INSERT INTO `meeting_individual_results` (`id`, `rank`, `is_play_off`, `is_out_of_race`, `is_disqualified`, `standard_points`, `meeting_individual_points`, `minutes`, `seconds`, `hundreds`, `meeting_program_id`, `swimmer_id`, `team_id`, `badge_id`, `user_id`, `created_at`, `updated_at`, `disqualification_code_type_id`, `goggle_cup_points`, `reaction_time`, `team_points`, `team_affiliation_id`)
  VALUES (209137, 1, 1, 0, 0, 0.0, 0.0, 1, 24, 32, 25480, 9165, 491, 12952, 1, '2015-03-01 13:47:13', '2015-03-01 13:47:13', NULL, 0.0, 0.0, 0.0, 711);

INSERT INTO `meeting_individual_results` (`id`, `rank`, `is_play_off`, `is_out_of_race`, `is_disqualified`, `standard_points`, `meeting_individual_points`, `minutes`, `seconds`, `hundreds`, `meeting_program_id`, `swimmer_id`, `team_id`, `badge_id`, `user_id`, `created_at`, `updated_at`, `disqualification_code_type_id`, `goggle_cup_points`, `reaction_time`, `team_points`, `team_affiliation_id`)
  VALUES (209138, 1, 1, 0, 0, 717.89, 717.89, 1, 18, 87, 25481, 9390, 490, 12803, 1, '2015-03-01 13:47:14', '2015-03-01 13:47:14', NULL, 0.0, 0.0, 0.0, 710);

INSERT INTO `meeting_individual_results` (`id`, `rank`, `is_play_off`, `is_out_of_race`, `is_disqualified`, `standard_points`, `meeting_individual_points`, `minutes`, `seconds`, `hundreds`, `meeting_program_id`, `swimmer_id`, `team_id`, `badge_id`, `user_id`, `created_at`, `updated_at`, `disqualification_code_type_id`, `goggle_cup_points`, `reaction_time`, `team_points`, `team_affiliation_id`)
  VALUES (209139, 2, 1, 0, 0, 612.24, 612.24, 1, 32, 48, 25481, 11580, 194, 15355, 1, '2015-03-01 13:47:14', '2015-03-01 13:47:14', NULL, 0.0, 0.0, 0.0, 389);

INSERT INTO `meeting_individual_results` (`id`, `rank`, `is_play_off`, `is_out_of_race`, `is_disqualified`, `standard_points`, `meeting_individual_points`, `minutes`, `seconds`, `hundreds`, `meeting_program_id`, `swimmer_id`, `team_id`, `badge_id`, `user_id`, `created_at`, `updated_at`, `disqualification_code_type_id`, `goggle_cup_points`, `reaction_time`, `team_points`, `team_affiliation_id`)
  VALUES (209140, 3, 1, 0, 0, 610.39, 610.39, 1, 32, 76, 25481, 13684, 624, 17409, 1, '2015-03-01 13:47:14', '2015-03-01 13:47:14', NULL, 0.0, 0.0, 0.0, 844);

INSERT INTO `meeting_individual_results` (`id`, `rank`, `is_play_off`, `is_out_of_race`, `is_disqualified`, `standard_points`, `meeting_individual_points`, `minutes`, `seconds`, `hundreds`, `meeting_program_id`, `swimmer_id`, `team_id`, `badge_id`, `user_id`, `created_at`, `updated_at`, `disqualification_code_type_id`, `goggle_cup_points`, `reaction_time`, `team_points`, `team_affiliation_id`)
  VALUES (209141, 4, 1, 0, 0, 346.0, 346.0, 2, 43, 64, 25481, 9381, 194, 12806, 1, '2015-03-01 13:47:14', '2015-03-01 13:47:14', NULL, 0.0, 0.0, 0.0, 389);

INSERT INTO `meeting_individual_results` (`id`, `rank`, `is_play_off`, `is_out_of_race`, `is_disqualified`, `standard_points`, `meeting_individual_points`, `minutes`, `seconds`, `hundreds`, `meeting_program_id`, `swimmer_id`, `team_id`, `badge_id`, `user_id`, `created_at`, `updated_at`, `disqualification_code_type_id`, `goggle_cup_points`, `reaction_time`, `team_points`, `team_affiliation_id`)
  VALUES (209142, 1, 1, 0, 0, 615.54, 615.54, 1, 31, 79, 25482, 11615, 490, 15338, 1, '2015-03-01 13:47:14', '2015-03-01 13:47:14', NULL, 0.0, 0.0, 0.0, 710);

INSERT INTO `meeting_individual_results` (`id`, `rank`, `is_play_off`, `is_out_of_race`, `is_disqualified`, `standard_points`, `meeting_individual_points`, `minutes`, `seconds`, `hundreds`, `meeting_program_id`, `swimmer_id`, `team_id`, `badge_id`, `user_id`, `created_at`, `updated_at`, `disqualification_code_type_id`, `goggle_cup_points`, `reaction_time`, `team_points`, `team_affiliation_id`)
  VALUES (209143, 2, 1, 0, 0, 484.85, 484.85, 1, 56, 53, 25482, 14973, 188, 18878, 1, '2015-03-01 13:47:14', '2015-03-01 13:47:14', NULL, 0.0, 0.0, 0.0, 383);

INSERT INTO `meeting_individual_results` (`id`, `rank`, `is_play_off`, `is_out_of_race`, `is_disqualified`, `standard_points`, `meeting_individual_points`, `minutes`, `seconds`, `hundreds`, `meeting_program_id`, `swimmer_id`, `team_id`, `badge_id`, `user_id`, `created_at`, `updated_at`, `disqualification_code_type_id`, `goggle_cup_points`, `reaction_time`, `team_points`, `team_affiliation_id`)
  VALUES (209144, 1, 1, 0, 0, 870.08, 870.08, 1, 6, 81, 25483, 9235, 494, 12954, 1, '2015-03-01 13:47:14', '2015-03-01 13:47:14', NULL, 0.0, 0.0, 0.0, 714);

INSERT INTO `meeting_individual_results` (`id`, `rank`, `is_play_off`, `is_out_of_race`, `is_disqualified`, `standard_points`, `meeting_individual_points`, `minutes`, `seconds`, `hundreds`, `meeting_program_id`, `swimmer_id`, `team_id`, `badge_id`, `user_id`, `created_at`, `updated_at`, `disqualification_code_type_id`, `goggle_cup_points`, `reaction_time`, `team_points`, `team_affiliation_id`)
  VALUES (209145, 2, 1, 0, 0, 429.99, 429.99, 2, 15, 19, 25483, 14850, 188, 18806, 1, '2015-03-01 13:47:14', '2015-03-01 13:47:14', NULL, 0.0, 0.0, 0.0, 383);

INSERT INTO `meeting_individual_results` (`id`, `rank`, `is_play_off`, `is_out_of_race`, `is_disqualified`, `standard_points`, `meeting_individual_points`, `minutes`, `seconds`, `hundreds`, `meeting_program_id`, `swimmer_id`, `team_id`, `badge_id`, `user_id`, `created_at`, `updated_at`, `disqualification_code_type_id`, `goggle_cup_points`, `reaction_time`, `team_points`, `team_affiliation_id`)
  VALUES (209146, 1, 1, 0, 0, 826.7, 826.7, 1, 11, 61, 25484, 3433, 195, 6654, 1, '2015-03-01 13:47:14', '2015-03-01 13:47:14', NULL, 0.0, 0.0, 0.0, 390);

INSERT INTO `meeting_individual_results` (`id`, `rank`, `is_play_off`, `is_out_of_race`, `is_disqualified`, `standard_points`, `meeting_individual_points`, `minutes`, `seconds`, `hundreds`, `meeting_program_id`, `swimmer_id`, `team_id`, `badge_id`, `user_id`, `created_at`, `updated_at`, `disqualification_code_type_id`, `goggle_cup_points`, `reaction_time`, `team_points`, `team_affiliation_id`)
  VALUES (209147, 1, 1, 0, 0, 660.21, 660.21, 1, 31, 44, 25485, 12451, 185, 16203, 1, '2015-03-01 13:47:14', '2015-03-01 13:47:14', NULL, 0.0, 0.0, 0.0, 380);

INSERT INTO `meeting_individual_results` (`id`, `rank`, `is_play_off`, `is_out_of_race`, `is_disqualified`, `standard_points`, `meeting_individual_points`, `minutes`, `seconds`, `hundreds`, `meeting_program_id`, `swimmer_id`, `team_id`, `badge_id`, `user_id`, `created_at`, `updated_at`, `disqualification_code_type_id`, `goggle_cup_points`, `reaction_time`, `team_points`, `team_affiliation_id`)
  VALUES (209148, 1, 1, 0, 0, 0.0, 0.0, 1, 14, 9, 25486, 9076, 194, 12938, 1, '2015-03-01 13:47:15', '2015-03-01 13:47:15', NULL, 0.0, 0.0, 0.0, 389);

INSERT INTO `meeting_individual_results` (`id`, `rank`, `is_play_off`, `is_out_of_race`, `is_disqualified`, `standard_points`, `meeting_individual_points`, `minutes`, `seconds`, `hundreds`, `meeting_program_id`, `swimmer_id`, `team_id`, `badge_id`, `user_id`, `created_at`, `updated_at`, `disqualification_code_type_id`, `goggle_cup_points`, `reaction_time`, `team_points`, `team_affiliation_id`)
  VALUES (209149, 2, 1, 0, 0, 0.0, 0.0, 1, 18, 41, 25486, 3361, 194, 6582, 1, '2015-03-01 13:47:15', '2015-03-01 13:47:15', NULL, 0.0, 0.0, 0.0, 389);

INSERT INTO `meeting_individual_results` (`id`, `rank`, `is_play_off`, `is_out_of_race`, `is_disqualified`, `standard_points`, `meeting_individual_points`, `minutes`, `seconds`, `hundreds`, `meeting_program_id`, `swimmer_id`, `team_id`, `badge_id`, `user_id`, `created_at`, `updated_at`, `disqualification_code_type_id`, `goggle_cup_points`, `reaction_time`, `team_points`, `team_affiliation_id`)
  VALUES (209150, 1, 1, 0, 0, 746.78, 746.78, 1, 6, 82, 25487, 3298, 194, 6519, 1, '2015-03-01 13:47:15', '2015-03-01 13:47:15', NULL, 0.0, 0.0, 0.0, 389);

INSERT INTO `meeting_individual_results` (`id`, `rank`, `is_play_off`, `is_out_of_race`, `is_disqualified`, `standard_points`, `meeting_individual_points`, `minutes`, `seconds`, `hundreds`, `meeting_program_id`, `swimmer_id`, `team_id`, `badge_id`, `user_id`, `created_at`, `updated_at`, `disqualification_code_type_id`, `goggle_cup_points`, `reaction_time`, `team_points`, `team_affiliation_id`)
  VALUES (209151, 2, 1, 0, 0, 682.25, 682.25, 1, 13, 14, 25487, 9301, 490, 12841, 1, '2015-03-01 13:47:15', '2015-03-01 13:47:15', NULL, 0.0, 0.0, 0.0, 710);

INSERT INTO `meeting_individual_results` (`id`, `rank`, `is_play_off`, `is_out_of_race`, `is_disqualified`, `standard_points`, `meeting_individual_points`, `minutes`, `seconds`, `hundreds`, `meeting_program_id`, `swimmer_id`, `team_id`, `badge_id`, `user_id`, `created_at`, `updated_at`, `disqualification_code_type_id`, `goggle_cup_points`, `reaction_time`, `team_points`, `team_affiliation_id`)
  VALUES (209152, 1, 1, 0, 0, 827.83, 827.83, 1, 0, 58, 25488, 9250, 194, 12849, 1, '2015-03-01 13:47:15', '2015-03-01 13:47:15', NULL, 0.0, 0.0, 0.0, 389);

INSERT INTO `meeting_individual_results` (`id`, `rank`, `is_play_off`, `is_out_of_race`, `is_disqualified`, `standard_points`, `meeting_individual_points`, `minutes`, `seconds`, `hundreds`, `meeting_program_id`, `swimmer_id`, `team_id`, `badge_id`, `user_id`, `created_at`, `updated_at`, `disqualification_code_type_id`, `goggle_cup_points`, `reaction_time`, `team_points`, `team_affiliation_id`)
  VALUES (209153, 2, 1, 0, 0, 775.84, 775.84, 1, 4, 64, 25488, 13731, 490, 17550, 1, '2015-03-01 13:47:15', '2015-03-01 13:47:15', NULL, 0.0, 0.0, 0.0, 710);

INSERT INTO `meeting_individual_results` (`id`, `rank`, `is_play_off`, `is_out_of_race`, `is_disqualified`, `standard_points`, `meeting_individual_points`, `minutes`, `seconds`, `hundreds`, `meeting_program_id`, `swimmer_id`, `team_id`, `badge_id`, `user_id`, `created_at`, `updated_at`, `disqualification_code_type_id`, `goggle_cup_points`, `reaction_time`, `team_points`, `team_affiliation_id`)
  VALUES (209154, 3, 1, 0, 0, 666.62, 666.62, 1, 15, 23, 25488, 15068, 194, 18887, 1, '2015-03-01 13:47:15', '2015-03-01 13:47:15', NULL, 0.0, 0.0, 0.0, 389);

INSERT INTO `meeting_individual_results` (`id`, `rank`, `is_play_off`, `is_out_of_race`, `is_disqualified`, `standard_points`, `meeting_individual_points`, `minutes`, `seconds`, `hundreds`, `meeting_program_id`, `swimmer_id`, `team_id`, `badge_id`, `user_id`, `created_at`, `updated_at`, `disqualification_code_type_id`, `goggle_cup_points`, `reaction_time`, `team_points`, `team_affiliation_id`)
  VALUES (209155, 4, 1, 0, 0, 618.3, 618.3, 1, 21, 11, 25488, 16992, 624, 20767, 1, '2015-03-01 13:47:15', '2015-03-01 13:47:15', NULL, 0.0, 0.0, 0.0, 844);

INSERT INTO `meeting_individual_results` (`id`, `rank`, `is_play_off`, `is_out_of_race`, `is_disqualified`, `standard_points`, `meeting_individual_points`, `minutes`, `seconds`, `hundreds`, `meeting_program_id`, `swimmer_id`, `team_id`, `badge_id`, `user_id`, `created_at`, `updated_at`, `disqualification_code_type_id`, `goggle_cup_points`, `reaction_time`, `team_points`, `team_affiliation_id`)
  VALUES (209156, 1, 1, 0, 0, 817.76, 817.76, 1, 2, 39, 25489, 15037, 188, 18835, 1, '2015-03-01 13:47:15', '2015-03-01 13:47:15', NULL, 0.0, 0.0, 0.0, 383);

INSERT INTO `meeting_individual_results` (`id`, `rank`, `is_play_off`, `is_out_of_race`, `is_disqualified`, `standard_points`, `meeting_individual_points`, `minutes`, `seconds`, `hundreds`, `meeting_program_id`, `swimmer_id`, `team_id`, `badge_id`, `user_id`, `created_at`, `updated_at`, `disqualification_code_type_id`, `goggle_cup_points`, `reaction_time`, `team_points`, `team_affiliation_id`)
  VALUES (209157, 2, 1, 0, 0, 665.45, 665.45, 1, 16, 67, 25489, 11618, 490, 15344, 1, '2015-03-01 13:47:15', '2015-03-01 13:47:15', NULL, 0.0, 0.0, 0.0, 710);

INSERT INTO `meeting_individual_results` (`id`, `rank`, `is_play_off`, `is_out_of_race`, `is_disqualified`, `standard_points`, `meeting_individual_points`, `minutes`, `seconds`, `hundreds`, `meeting_program_id`, `swimmer_id`, `team_id`, `badge_id`, `user_id`, `created_at`, `updated_at`, `disqualification_code_type_id`, `goggle_cup_points`, `reaction_time`, `team_points`, `team_affiliation_id`)
  VALUES (209158, 3, 1, 0, 0, 595.68, 595.68, 1, 25, 65, 25489, 13574, 490, 17343, 1, '2015-03-01 13:47:16', '2015-03-01 13:47:16', NULL, 0.0, 0.0, 0.0, 710);

INSERT INTO `meeting_individual_results` (`id`, `rank`, `is_play_off`, `is_out_of_race`, `is_disqualified`, `standard_points`, `meeting_individual_points`, `minutes`, `seconds`, `hundreds`, `meeting_program_id`, `swimmer_id`, `team_id`, `badge_id`, `user_id`, `created_at`, `updated_at`, `disqualification_code_type_id`, `goggle_cup_points`, `reaction_time`, `team_points`, `team_affiliation_id`)
  VALUES (209159, 1, 1, 0, 0, 681.33, 681.33, 1, 16, 16, 25490, 9375, 490, 12873, 1, '2015-03-01 13:47:16', '2015-03-01 13:47:16', NULL, 0.0, 0.0, 0.0, 710);

INSERT INTO `meeting_individual_results` (`id`, `rank`, `is_play_off`, `is_out_of_race`, `is_disqualified`, `standard_points`, `meeting_individual_points`, `minutes`, `seconds`, `hundreds`, `meeting_program_id`, `swimmer_id`, `team_id`, `badge_id`, `user_id`, `created_at`, `updated_at`, `disqualification_code_type_id`, `goggle_cup_points`, `reaction_time`, `team_points`, `team_affiliation_id`)
  VALUES (209160, 2, 1, 0, 0, 676.97, 676.97, 1, 16, 65, 25490, 14983, 188, 18867, 1, '2015-03-01 13:47:16', '2015-03-01 13:47:16', NULL, 0.0, 0.0, 0.0, 383);

INSERT INTO `meeting_individual_results` (`id`, `rank`, `is_play_off`, `is_out_of_race`, `is_disqualified`, `standard_points`, `meeting_individual_points`, `minutes`, `seconds`, `hundreds`, `meeting_program_id`, `swimmer_id`, `team_id`, `badge_id`, `user_id`, `created_at`, `updated_at`, `disqualification_code_type_id`, `goggle_cup_points`, `reaction_time`, `team_points`, `team_affiliation_id`)
  VALUES (209161, 1, 1, 0, 0, 783.03, 783.03, 1, 7, 89, 25491, 18296, 188, 22093, 1, '2015-03-01 13:47:16', '2015-03-01 13:47:16', NULL, 0.0, 0.0, 0.0, 383);

INSERT INTO `meeting_individual_results` (`id`, `rank`, `is_play_off`, `is_out_of_race`, `is_disqualified`, `standard_points`, `meeting_individual_points`, `minutes`, `seconds`, `hundreds`, `meeting_program_id`, `swimmer_id`, `team_id`, `badge_id`, `user_id`, `created_at`, `updated_at`, `disqualification_code_type_id`, `goggle_cup_points`, `reaction_time`, `team_points`, `team_affiliation_id`)
  VALUES (209162, 2, 1, 0, 0, 592.31, 592.31, 1, 29, 75, 25491, 12469, 185, 16213, 1, '2015-03-01 13:47:16', '2015-03-01 13:47:16', NULL, 0.0, 0.0, 0.0, 380);

INSERT INTO `meeting_individual_results` (`id`, `rank`, `is_play_off`, `is_out_of_race`, `is_disqualified`, `standard_points`, `meeting_individual_points`, `minutes`, `seconds`, `hundreds`, `meeting_program_id`, `swimmer_id`, `team_id`, `badge_id`, `user_id`, `created_at`, `updated_at`, `disqualification_code_type_id`, `goggle_cup_points`, `reaction_time`, `team_points`, `team_affiliation_id`)
  VALUES (209163, 3, 1, 0, 0, 562.42, 562.42, 1, 34, 52, 25491, 11607, 490, 15364, 1, '2015-03-01 13:47:16', '2015-03-01 13:47:16', NULL, 0.0, 0.0, 0.0, 710);

INSERT INTO `meeting_individual_results` (`id`, `rank`, `is_play_off`, `is_out_of_race`, `is_disqualified`, `standard_points`, `meeting_individual_points`, `minutes`, `seconds`, `hundreds`, `meeting_program_id`, `swimmer_id`, `team_id`, `badge_id`, `user_id`, `created_at`, `updated_at`, `disqualification_code_type_id`, `goggle_cup_points`, `reaction_time`, `team_points`, `team_affiliation_id`)
  VALUES (209164, 1, 1, 0, 0, 697.49, 697.49, 1, 18, 61, 25492, 18295, 188, 22094, 1, '2015-03-01 13:47:16', '2015-03-01 13:47:16', NULL, 0.0, 0.0, 0.0, 383);

INSERT INTO `meeting_individual_results` (`id`, `rank`, `is_play_off`, `is_out_of_race`, `is_disqualified`, `standard_points`, `meeting_individual_points`, `minutes`, `seconds`, `hundreds`, `meeting_program_id`, `swimmer_id`, `team_id`, `badge_id`, `user_id`, `created_at`, `updated_at`, `disqualification_code_type_id`, `goggle_cup_points`, `reaction_time`, `team_points`, `team_affiliation_id`)
  VALUES (209165, 1, 1, 0, 0, 685.75, 685.75, 1, 26, 65, 25493, 3339, 194, 6560, 1, '2015-03-01 13:47:16', '2015-03-01 13:47:16', NULL, 0.0, 0.0, 0.0, 389);

INSERT INTO `meeting_individual_results` (`id`, `rank`, `is_play_off`, `is_out_of_race`, `is_disqualified`, `standard_points`, `meeting_individual_points`, `minutes`, `seconds`, `hundreds`, `meeting_program_id`, `swimmer_id`, `team_id`, `badge_id`, `user_id`, `created_at`, `updated_at`, `disqualification_code_type_id`, `goggle_cup_points`, `reaction_time`, `team_points`, `team_affiliation_id`)
  VALUES (209166, 2, 1, 0, 0, 494.1, 494.1, 2, 0, 26, 25493, 9380, 194, 12979, 1, '2015-03-01 13:47:16', '2015-03-01 13:47:16', NULL, 0.0, 0.0, 0.0, 389);

INSERT INTO `meeting_individual_results` (`id`, `rank`, `is_play_off`, `is_out_of_race`, `is_disqualified`, `standard_points`, `meeting_individual_points`, `minutes`, `seconds`, `hundreds`, `meeting_program_id`, `swimmer_id`, `team_id`, `badge_id`, `user_id`, `created_at`, `updated_at`, `disqualification_code_type_id`, `goggle_cup_points`, `reaction_time`, `team_points`, `team_affiliation_id`)
  VALUES (209167, 3, 1, 0, 0, 415.32, 415.32, 2, 23, 7, 25493, 9195, 185, 12904, 1, '2015-03-01 13:47:17', '2015-03-01 13:47:17', NULL, 0.0, 0.0, 0.0, 380);

INSERT INTO `meeting_individual_results` (`id`, `rank`, `is_play_off`, `is_out_of_race`, `is_disqualified`, `standard_points`, `meeting_individual_points`, `minutes`, `seconds`, `hundreds`, `meeting_program_id`, `swimmer_id`, `team_id`, `badge_id`, `user_id`, `created_at`, `updated_at`, `disqualification_code_type_id`, `goggle_cup_points`, `reaction_time`, `team_points`, `team_affiliation_id`)
  VALUES (209168, 1, 1, 0, 0, 738.92, 738.92, 1, 23, 4, 25494, 16997, 195, 20772, 1, '2015-03-01 13:47:17', '2015-03-01 13:47:17', NULL, 0.0, 0.0, 0.0, 390);

INSERT INTO `meeting_individual_results` (`id`, `rank`, `is_play_off`, `is_out_of_race`, `is_disqualified`, `standard_points`, `meeting_individual_points`, `minutes`, `seconds`, `hundreds`, `meeting_program_id`, `swimmer_id`, `team_id`, `badge_id`, `user_id`, `created_at`, `updated_at`, `disqualification_code_type_id`, `goggle_cup_points`, `reaction_time`, `team_points`, `team_affiliation_id`)
  VALUES (209169, 2, 1, 0, 0, 600.27, 600.27, 1, 42, 22, 25494, 14901, 188, 18824, 1, '2015-03-01 13:47:17', '2015-03-01 13:47:17', NULL, 0.0, 0.0, 0.0, 383);

INSERT INTO `meeting_individual_results` (`id`, `rank`, `is_play_off`, `is_out_of_race`, `is_disqualified`, `standard_points`, `meeting_individual_points`, `minutes`, `seconds`, `hundreds`, `meeting_program_id`, `swimmer_id`, `team_id`, `badge_id`, `user_id`, `created_at`, `updated_at`, `disqualification_code_type_id`, `goggle_cup_points`, `reaction_time`, `team_points`, `team_affiliation_id`)
  VALUES (209170, 1, 1, 0, 0, 724.99, 724.99, 1, 38, 36, 25495, 3385, 194, 6606, 1, '2015-03-01 13:47:17', '2015-03-01 13:47:17', NULL, 0.0, 0.0, 0.0, 389);

INSERT INTO `meeting_individual_results` (`id`, `rank`, `is_play_off`, `is_out_of_race`, `is_disqualified`, `standard_points`, `meeting_individual_points`, `minutes`, `seconds`, `hundreds`, `meeting_program_id`, `swimmer_id`, `team_id`, `badge_id`, `user_id`, `created_at`, `updated_at`, `disqualification_code_type_id`, `goggle_cup_points`, `reaction_time`, `team_points`, `team_affiliation_id`)
  VALUES (209171, 1, 1, 0, 0, 0.0, 0.0, 1, 4, 34, 25496, 3388, 194, 6609, 1, '2015-03-01 13:47:17', '2015-03-01 13:47:17', NULL, 0.0, 0.0, 0.0, 389);

INSERT INTO `meeting_individual_results` (`id`, `rank`, `is_play_off`, `is_out_of_race`, `is_disqualified`, `standard_points`, `meeting_individual_points`, `minutes`, `seconds`, `hundreds`, `meeting_program_id`, `swimmer_id`, `team_id`, `badge_id`, `user_id`, `created_at`, `updated_at`, `disqualification_code_type_id`, `goggle_cup_points`, `reaction_time`, `team_points`, `team_affiliation_id`)
  VALUES (209172, 2, 1, 0, 0, 0.0, 0.0, 1, 5, 4, 25496, 3389, 194, 6610, 1, '2015-03-01 13:47:17', '2015-03-01 13:47:17', NULL, 0.0, 0.0, 0.0, 389);

INSERT INTO `meeting_individual_results` (`id`, `rank`, `is_play_off`, `is_out_of_race`, `is_disqualified`, `standard_points`, `meeting_individual_points`, `minutes`, `seconds`, `hundreds`, `meeting_program_id`, `swimmer_id`, `team_id`, `badge_id`, `user_id`, `created_at`, `updated_at`, `disqualification_code_type_id`, `goggle_cup_points`, `reaction_time`, `team_points`, `team_affiliation_id`)
  VALUES (209173, 3, 1, 0, 0, 0.0, 0.0, 1, 16, 84, 25496, 11616, 490, 15349, 1, '2015-03-01 13:47:17', '2015-03-01 13:47:17', NULL, 0.0, 0.0, 0.0, 710);

INSERT INTO `meeting_individual_results` (`id`, `rank`, `is_play_off`, `is_out_of_race`, `is_disqualified`, `standard_points`, `meeting_individual_points`, `minutes`, `seconds`, `hundreds`, `meeting_program_id`, `swimmer_id`, `team_id`, `badge_id`, `user_id`, `created_at`, `updated_at`, `disqualification_code_type_id`, `goggle_cup_points`, `reaction_time`, `team_points`, `team_affiliation_id`)
  VALUES (209174, 4, 1, 0, 0, 0.0, 0.0, 1, 22, 57, 25496, 11552, 490, 15336, 1, '2015-03-01 13:47:17', '2015-03-01 13:47:17', NULL, 0.0, 0.0, 0.0, 710);

INSERT INTO `meeting_individual_results` (`id`, `rank`, `is_play_off`, `is_out_of_race`, `is_disqualified`, `standard_points`, `meeting_individual_points`, `minutes`, `seconds`, `hundreds`, `meeting_program_id`, `swimmer_id`, `team_id`, `badge_id`, `user_id`, `created_at`, `updated_at`, `disqualification_code_type_id`, `goggle_cup_points`, `reaction_time`, `team_points`, `team_affiliation_id`)
  VALUES (209175, 1, 1, 0, 0, 668.97, 668.97, 3, 50, 19, 25497, 11589, 194, 15308, 1, '2015-03-01 13:47:17', '2015-03-01 13:47:17', NULL, 0.0, 0.0, 0.0, 389);

INSERT INTO `meeting_individual_results` (`id`, `rank`, `is_play_off`, `is_out_of_race`, `is_disqualified`, `standard_points`, `meeting_individual_points`, `minutes`, `seconds`, `hundreds`, `meeting_program_id`, `swimmer_id`, `team_id`, `badge_id`, `user_id`, `created_at`, `updated_at`, `disqualification_code_type_id`, `goggle_cup_points`, `reaction_time`, `team_points`, `team_affiliation_id`)
  VALUES (209176, 1, 1, 0, 0, 623.75, 623.75, 4, 11, 75, 25498, 3354, 194, 6575, 1, '2015-03-01 13:47:18', '2015-03-01 13:47:18', NULL, 0.0, 0.0, 0.0, 389);

INSERT INTO `meeting_individual_results` (`id`, `rank`, `is_play_off`, `is_out_of_race`, `is_disqualified`, `standard_points`, `meeting_individual_points`, `minutes`, `seconds`, `hundreds`, `meeting_program_id`, `swimmer_id`, `team_id`, `badge_id`, `user_id`, `created_at`, `updated_at`, `disqualification_code_type_id`, `goggle_cup_points`, `reaction_time`, `team_points`, `team_affiliation_id`)
  VALUES (209177, 1, 1, 0, 0, 693.84, 693.84, 3, 50, 40, 25499, 9244, 194, 12812, 1, '2015-03-01 13:47:18', '2015-03-01 13:47:18', NULL, 0.0, 0.0, 0.0, 389);

INSERT INTO `meeting_individual_results` (`id`, `rank`, `is_play_off`, `is_out_of_race`, `is_disqualified`, `standard_points`, `meeting_individual_points`, `minutes`, `seconds`, `hundreds`, `meeting_program_id`, `swimmer_id`, `team_id`, `badge_id`, `user_id`, `created_at`, `updated_at`, `disqualification_code_type_id`, `goggle_cup_points`, `reaction_time`, `team_points`, `team_affiliation_id`)
  VALUES (209178, 1, 1, 0, 0, 696.05, 696.05, 3, 53, 43, 25500, 9299, 194, 12816, 1, '2015-03-01 13:47:18', '2015-03-01 13:47:18', NULL, 0.0, 0.0, 0.0, 389);

INSERT INTO `meeting_individual_results` (`id`, `rank`, `is_play_off`, `is_out_of_race`, `is_disqualified`, `standard_points`, `meeting_individual_points`, `minutes`, `seconds`, `hundreds`, `meeting_program_id`, `swimmer_id`, `team_id`, `badge_id`, `user_id`, `created_at`, `updated_at`, `disqualification_code_type_id`, `goggle_cup_points`, `reaction_time`, `team_points`, `team_affiliation_id`)
  VALUES (209179, 1, 1, 0, 0, 626.06, 626.06, 4, 39, 99, 25501, 15080, 188, 18680, 1, '2015-03-01 13:47:18', '2015-03-01 13:47:18', NULL, 0.0, 0.0, 0.0, 383);

INSERT INTO `meeting_individual_results` (`id`, `rank`, `is_play_off`, `is_out_of_race`, `is_disqualified`, `standard_points`, `meeting_individual_points`, `minutes`, `seconds`, `hundreds`, `meeting_program_id`, `swimmer_id`, `team_id`, `badge_id`, `user_id`, `created_at`, `updated_at`, `disqualification_code_type_id`, `goggle_cup_points`, `reaction_time`, `team_points`, `team_affiliation_id`)
  VALUES (209180, 1, 1, 0, 0, 902.16, 902.16, 2, 33, 51, 25502, 3365, 187, 6586, 1, '2015-03-01 13:47:18', '2015-03-01 13:47:18', NULL, 0.0, 0.0, 0.0, 382);

INSERT INTO `meeting_individual_results` (`id`, `rank`, `is_play_off`, `is_out_of_race`, `is_disqualified`, `standard_points`, `meeting_individual_points`, `minutes`, `seconds`, `hundreds`, `meeting_program_id`, `swimmer_id`, `team_id`, `badge_id`, `user_id`, `created_at`, `updated_at`, `disqualification_code_type_id`, `goggle_cup_points`, `reaction_time`, `team_points`, `team_affiliation_id`)
  VALUES (209181, 2, 1, 0, 0, 698.25, 698.25, 3, 18, 34, 25502, 3296, 194, 6517, 1, '2015-03-01 13:47:18', '2015-03-01 13:47:18', NULL, 0.0, 0.0, 0.0, 389);

INSERT INTO `meeting_individual_results` (`id`, `rank`, `is_play_off`, `is_out_of_race`, `is_disqualified`, `standard_points`, `meeting_individual_points`, `minutes`, `seconds`, `hundreds`, `meeting_program_id`, `swimmer_id`, `team_id`, `badge_id`, `user_id`, `created_at`, `updated_at`, `disqualification_code_type_id`, `goggle_cup_points`, `reaction_time`, `team_points`, `team_affiliation_id`)
  VALUES (209182, 3, 1, 0, 0, 669.23, 669.23, 3, 26, 94, 25502, 9321, 490, 13102, 1, '2015-03-01 13:47:18', '2015-03-01 13:47:18', NULL, 0.0, 0.0, 0.0, 710);

INSERT INTO `meeting_individual_results` (`id`, `rank`, `is_play_off`, `is_out_of_race`, `is_disqualified`, `standard_points`, `meeting_individual_points`, `minutes`, `seconds`, `hundreds`, `meeting_program_id`, `swimmer_id`, `team_id`, `badge_id`, `user_id`, `created_at`, `updated_at`, `disqualification_code_type_id`, `goggle_cup_points`, `reaction_time`, `team_points`, `team_affiliation_id`)
  VALUES (209183, 1, 1, 0, 0, 702.07, 702.07, 3, 18, 74, 25503, 11556, 190, 15312, 1, '2015-03-01 13:47:18', '2015-03-01 13:47:18', NULL, 0.0, 0.0, 0.0, 385);

INSERT INTO `meeting_individual_results` (`id`, `rank`, `is_play_off`, `is_out_of_race`, `is_disqualified`, `standard_points`, `meeting_individual_points`, `minutes`, `seconds`, `hundreds`, `meeting_program_id`, `swimmer_id`, `team_id`, `badge_id`, `user_id`, `created_at`, `updated_at`, `disqualification_code_type_id`, `goggle_cup_points`, `reaction_time`, `team_points`, `team_affiliation_id`)
  VALUES (209184, 2, 1, 0, 0, 695.08, 695.08, 3, 20, 74, 25503, 8132, 439, 11779, 1, '2015-03-01 13:47:18', '2015-03-01 13:47:18', NULL, 0.0, 0.0, 0.0, 659);

INSERT INTO `meeting_individual_results` (`id`, `rank`, `is_play_off`, `is_out_of_race`, `is_disqualified`, `standard_points`, `meeting_individual_points`, `minutes`, `seconds`, `hundreds`, `meeting_program_id`, `swimmer_id`, `team_id`, `badge_id`, `user_id`, `created_at`, `updated_at`, `disqualification_code_type_id`, `goggle_cup_points`, `reaction_time`, `team_points`, `team_affiliation_id`)
  VALUES (209185, 3, 1, 0, 0, 683.1, 683.1, 3, 24, 26, 25503, 3307, 194, 6528, 1, '2015-03-01 13:47:19', '2015-03-01 13:47:19', NULL, 0.0, 0.0, 0.0, 389);

INSERT INTO `meeting_individual_results` (`id`, `rank`, `is_play_off`, `is_out_of_race`, `is_disqualified`, `standard_points`, `meeting_individual_points`, `minutes`, `seconds`, `hundreds`, `meeting_program_id`, `swimmer_id`, `team_id`, `badge_id`, `user_id`, `created_at`, `updated_at`, `disqualification_code_type_id`, `goggle_cup_points`, `reaction_time`, `team_points`, `team_affiliation_id`)
  VALUES (209186, 4, 1, 0, 0, 649.7, 649.7, 3, 34, 76, 25503, 9306, 194, 12863, 1, '2015-03-01 13:47:19', '2015-03-01 13:47:19', NULL, 0.0, 0.0, 0.0, 389);

INSERT INTO `meeting_individual_results` (`id`, `rank`, `is_play_off`, `is_out_of_race`, `is_disqualified`, `standard_points`, `meeting_individual_points`, `minutes`, `seconds`, `hundreds`, `meeting_program_id`, `swimmer_id`, `team_id`, `badge_id`, `user_id`, `created_at`, `updated_at`, `disqualification_code_type_id`, `goggle_cup_points`, `reaction_time`, `team_points`, `team_affiliation_id`)
  VALUES (209187, 1, 1, 0, 0, 753.16, 753.16, 3, 8, 6, 25504, 12472, 185, 16196, 1, '2015-03-01 13:47:19', '2015-03-01 13:47:19', NULL, 0.0, 0.0, 0.0, 380);

INSERT INTO `meeting_individual_results` (`id`, `rank`, `is_play_off`, `is_out_of_race`, `is_disqualified`, `standard_points`, `meeting_individual_points`, `minutes`, `seconds`, `hundreds`, `meeting_program_id`, `swimmer_id`, `team_id`, `badge_id`, `user_id`, `created_at`, `updated_at`, `disqualification_code_type_id`, `goggle_cup_points`, `reaction_time`, `team_points`, `team_affiliation_id`)
  VALUES (209188, 2, 1, 0, 0, 646.46, 646.46, 3, 39, 10, 25504, 15086, 188, 18865, 1, '2015-03-01 13:47:19', '2015-03-01 13:47:19', NULL, 0.0, 0.0, 0.0, 383);

INSERT INTO `meeting_individual_results` (`id`, `rank`, `is_play_off`, `is_out_of_race`, `is_disqualified`, `standard_points`, `meeting_individual_points`, `minutes`, `seconds`, `hundreds`, `meeting_program_id`, `swimmer_id`, `team_id`, `badge_id`, `user_id`, `created_at`, `updated_at`, `disqualification_code_type_id`, `goggle_cup_points`, `reaction_time`, `team_points`, `team_affiliation_id`)
  VALUES (209189, 1, 1, 0, 0, 780.42, 780.42, 3, 8, 77, 25505, 3376, 194, 6597, 1, '2015-03-01 13:47:19', '2015-03-01 13:47:19', NULL, 0.0, 0.0, 0.0, 389);

INSERT INTO `meeting_individual_results` (`id`, `rank`, `is_play_off`, `is_out_of_race`, `is_disqualified`, `standard_points`, `meeting_individual_points`, `minutes`, `seconds`, `hundreds`, `meeting_program_id`, `swimmer_id`, `team_id`, `badge_id`, `user_id`, `created_at`, `updated_at`, `disqualification_code_type_id`, `goggle_cup_points`, `reaction_time`, `team_points`, `team_affiliation_id`)
  VALUES (209190, 2, 1, 0, 0, 637.28, 637.28, 3, 51, 17, 25505, 9182, 194, 12970, 1, '2015-03-01 13:47:19', '2015-03-01 13:47:19', NULL, 0.0, 0.0, 0.0, 389);

INSERT INTO `meeting_individual_results` (`id`, `rank`, `is_play_off`, `is_out_of_race`, `is_disqualified`, `standard_points`, `meeting_individual_points`, `minutes`, `seconds`, `hundreds`, `meeting_program_id`, `swimmer_id`, `team_id`, `badge_id`, `user_id`, `created_at`, `updated_at`, `disqualification_code_type_id`, `goggle_cup_points`, `reaction_time`, `team_points`, `team_affiliation_id`)
  VALUES (209191, 3, 1, 0, 0, 549.5, 549.5, 4, 28, 10, 25505, 3324, 190, 6545, 1, '2015-03-01 13:47:19', '2015-03-01 13:47:19', NULL, 0.0, 0.0, 0.0, 385);

INSERT INTO `meeting_individual_results` (`id`, `rank`, `is_play_off`, `is_out_of_race`, `is_disqualified`, `standard_points`, `meeting_individual_points`, `minutes`, `seconds`, `hundreds`, `meeting_program_id`, `swimmer_id`, `team_id`, `badge_id`, `user_id`, `created_at`, `updated_at`, `disqualification_code_type_id`, `goggle_cup_points`, `reaction_time`, `team_points`, `team_affiliation_id`)
  VALUES (209192, 4, 1, 0, 0, 525.54, 525.54, 4, 40, 32, 25505, 3319, 188, 6540, 1, '2015-03-01 13:47:19', '2015-03-01 13:47:19', NULL, 0.0, 0.0, 0.0, 383);

INSERT INTO `meeting_individual_results` (`id`, `rank`, `is_play_off`, `is_out_of_race`, `is_disqualified`, `standard_points`, `meeting_individual_points`, `minutes`, `seconds`, `hundreds`, `meeting_program_id`, `swimmer_id`, `team_id`, `badge_id`, `user_id`, `created_at`, `updated_at`, `disqualification_code_type_id`, `goggle_cup_points`, `reaction_time`, `team_points`, `team_affiliation_id`)
  VALUES (209193, 1, 1, 0, 0, 668.97, 668.97, 3, 50, 43, 25506, 13688, 188, 17391, 1, '2015-03-01 13:47:19', '2015-03-01 13:47:19', NULL, 0.0, 0.0, 0.0, 383);

INSERT INTO `meeting_individual_results` (`id`, `rank`, `is_play_off`, `is_out_of_race`, `is_disqualified`, `standard_points`, `meeting_individual_points`, `minutes`, `seconds`, `hundreds`, `meeting_program_id`, `swimmer_id`, `team_id`, `badge_id`, `user_id`, `created_at`, `updated_at`, `disqualification_code_type_id`, `goggle_cup_points`, `reaction_time`, `team_points`, `team_affiliation_id`)
  VALUES (209194, 2, 1, 0, 0, 495.15, 495.15, 5, 11, 32, 25506, 9257, 490, 13139, 1, '2015-03-01 13:47:20', '2015-03-01 13:47:20', NULL, 0.0, 0.0, 0.0, 710);

INSERT INTO `meeting_individual_results` (`id`, `rank`, `is_play_off`, `is_out_of_race`, `is_disqualified`, `standard_points`, `meeting_individual_points`, `minutes`, `seconds`, `hundreds`, `meeting_program_id`, `swimmer_id`, `team_id`, `badge_id`, `user_id`, `created_at`, `updated_at`, `disqualification_code_type_id`, `goggle_cup_points`, `reaction_time`, `team_points`, `team_affiliation_id`)
  VALUES (209195, 1, 1, 0, 0, 627.02, 627.02, 4, 24, 33, 25507, 11567, 188, 15351, 1, '2015-03-01 13:47:20', '2015-03-01 13:47:20', NULL, 0.0, 0.0, 0.0, 383);

INSERT INTO `meeting_individual_results` (`id`, `rank`, `is_play_off`, `is_out_of_race`, `is_disqualified`, `standard_points`, `meeting_individual_points`, `minutes`, `seconds`, `hundreds`, `meeting_program_id`, `swimmer_id`, `team_id`, `badge_id`, `user_id`, `created_at`, `updated_at`, `disqualification_code_type_id`, `goggle_cup_points`, `reaction_time`, `team_points`, `team_affiliation_id`)
  VALUES (209196, 1, 1, 0, 0, 601.06, 601.06, 5, 13, 23, 25508, 3344, 188, 6565, 1, '2015-03-01 13:47:20', '2015-03-01 13:47:20', NULL, 0.0, 0.0, 0.0, 383);

INSERT INTO `meeting_individual_results` (`id`, `rank`, `is_play_off`, `is_out_of_race`, `is_disqualified`, `standard_points`, `meeting_individual_points`, `minutes`, `seconds`, `hundreds`, `meeting_program_id`, `swimmer_id`, `team_id`, `badge_id`, `user_id`, `created_at`, `updated_at`, `disqualification_code_type_id`, `goggle_cup_points`, `reaction_time`, `team_points`, `team_affiliation_id`)
  VALUES (209197, 1, 1, 0, 0, 0.0, 0.0, 3, 3, 59, 25509, 9165, 491, 12952, 1, '2015-03-01 13:47:20', '2015-03-01 13:47:20', NULL, 0.0, 0.0, 0.0, 711);

INSERT INTO `meeting_individual_results` (`id`, `rank`, `is_play_off`, `is_out_of_race`, `is_disqualified`, `standard_points`, `meeting_individual_points`, `minutes`, `seconds`, `hundreds`, `meeting_program_id`, `swimmer_id`, `team_id`, `badge_id`, `user_id`, `created_at`, `updated_at`, `disqualification_code_type_id`, `goggle_cup_points`, `reaction_time`, `team_points`, `team_affiliation_id`)
  VALUES (209198, 2, 1, 0, 0, 0.0, 0.0, 3, 50, 98, 25509, 3392, 194, 6613, 1, '2015-03-01 13:47:20', '2015-03-01 13:47:20', NULL, 0.0, 0.0, 0.0, 389);

INSERT INTO `meeting_individual_results` (`id`, `rank`, `is_play_off`, `is_out_of_race`, `is_disqualified`, `standard_points`, `meeting_individual_points`, `minutes`, `seconds`, `hundreds`, `meeting_program_id`, `swimmer_id`, `team_id`, `badge_id`, `user_id`, `created_at`, `updated_at`, `disqualification_code_type_id`, `goggle_cup_points`, `reaction_time`, `team_points`, `team_affiliation_id`)
  VALUES (209199, 1, 1, 0, 0, 876.59, 876.59, 0, 33, 87, 25510, 12080, 477, 15632, 1, '2015-03-01 13:47:20', '2015-03-01 13:47:20', NULL, 0.0, 0.0, 0.0, 697);

INSERT INTO `meeting_individual_results` (`id`, `rank`, `is_play_off`, `is_out_of_race`, `is_disqualified`, `standard_points`, `meeting_individual_points`, `minutes`, `seconds`, `hundreds`, `meeting_program_id`, `swimmer_id`, `team_id`, `badge_id`, `user_id`, `created_at`, `updated_at`, `disqualification_code_type_id`, `goggle_cup_points`, `reaction_time`, `team_points`, `team_affiliation_id`)
  VALUES (209200, 2, 1, 0, 0, 822.44, 822.44, 0, 36, 10, 25510, 3284, 194, 6505, 1, '2015-03-01 13:47:20', '2015-03-01 13:47:20', NULL, 0.0, 0.0, 0.0, 389);

INSERT INTO `meeting_individual_results` (`id`, `rank`, `is_play_off`, `is_out_of_race`, `is_disqualified`, `standard_points`, `meeting_individual_points`, `minutes`, `seconds`, `hundreds`, `meeting_program_id`, `swimmer_id`, `team_id`, `badge_id`, `user_id`, `created_at`, `updated_at`, `disqualification_code_type_id`, `goggle_cup_points`, `reaction_time`, `team_points`, `team_affiliation_id`)
  VALUES (209201, 3, 1, 0, 0, 402.19, 402.19, 1, 13, 82, 25510, 9381, 194, 12806, 1, '2015-03-01 13:47:20', '2015-03-01 13:47:20', NULL, 0.0, 0.0, 0.0, 389);

INSERT INTO `meeting_individual_results` (`id`, `rank`, `is_play_off`, `is_out_of_race`, `is_disqualified`, `standard_points`, `meeting_individual_points`, `minutes`, `seconds`, `hundreds`, `meeting_program_id`, `swimmer_id`, `team_id`, `badge_id`, `user_id`, `created_at`, `updated_at`, `disqualification_code_type_id`, `goggle_cup_points`, `reaction_time`, `team_points`, `team_affiliation_id`)
  VALUES (209202, 1, 1, 0, 0, 534.23, 534.23, 0, 55, 22, 25511, 13756, 188, 17501, 1, '2015-03-01 13:47:20', '2015-03-01 13:47:20', NULL, 0.0, 0.0, 0.0, 383);

INSERT INTO `meeting_individual_results` (`id`, `rank`, `is_play_off`, `is_out_of_race`, `is_disqualified`, `standard_points`, `meeting_individual_points`, `minutes`, `seconds`, `hundreds`, `meeting_program_id`, `swimmer_id`, `team_id`, `badge_id`, `user_id`, `created_at`, `updated_at`, `disqualification_code_type_id`, `goggle_cup_points`, `reaction_time`, `team_points`, `team_affiliation_id`)
  VALUES (209203, 1, 1, 0, 0, 854.48, 854.48, 0, 35, 46, 25512, 9235, 494, 12954, 1, '2015-03-01 13:47:21', '2015-03-01 13:47:21', NULL, 0.0, 0.0, 0.0, 714);

INSERT INTO `meeting_individual_results` (`id`, `rank`, `is_play_off`, `is_out_of_race`, `is_disqualified`, `standard_points`, `meeting_individual_points`, `minutes`, `seconds`, `hundreds`, `meeting_program_id`, `swimmer_id`, `team_id`, `badge_id`, `user_id`, `created_at`, `updated_at`, `disqualification_code_type_id`, `goggle_cup_points`, `reaction_time`, `team_points`, `team_affiliation_id`)
  VALUES (209204, 2, 1, 0, 0, 737.41, 737.41, 0, 41, 9, 25512, 14858, 188, 18677, 1, '2015-03-01 13:47:21', '2015-03-01 13:47:21', NULL, 0.0, 0.0, 0.0, 383);

INSERT INTO `meeting_individual_results` (`id`, `rank`, `is_play_off`, `is_out_of_race`, `is_disqualified`, `standard_points`, `meeting_individual_points`, `minutes`, `seconds`, `hundreds`, `meeting_program_id`, `swimmer_id`, `team_id`, `badge_id`, `user_id`, `created_at`, `updated_at`, `disqualification_code_type_id`, `goggle_cup_points`, `reaction_time`, `team_points`, `team_affiliation_id`)
  VALUES (209205, 3, 1, 0, 0, 596.46, 596.46, 0, 50, 80, 25512, 9142, 183, 12813, 1, '2015-03-01 13:47:21', '2015-03-01 13:47:21', NULL, 0.0, 0.0, 0.0, 378);

INSERT INTO `meeting_individual_results` (`id`, `rank`, `is_play_off`, `is_out_of_race`, `is_disqualified`, `standard_points`, `meeting_individual_points`, `minutes`, `seconds`, `hundreds`, `meeting_program_id`, `swimmer_id`, `team_id`, `badge_id`, `user_id`, `created_at`, `updated_at`, `disqualification_code_type_id`, `goggle_cup_points`, `reaction_time`, `team_points`, `team_affiliation_id`)
  VALUES (209206, 4, 1, 0, 0, 434.28, 434.28, 1, 9, 77, 25512, 14850, 188, 18806, 1, '2015-03-01 13:47:21', '2015-03-01 13:47:21', NULL, 0.0, 0.0, 0.0, 383);

INSERT INTO `meeting_individual_results` (`id`, `rank`, `is_play_off`, `is_out_of_race`, `is_disqualified`, `standard_points`, `meeting_individual_points`, `minutes`, `seconds`, `hundreds`, `meeting_program_id`, `swimmer_id`, `team_id`, `badge_id`, `user_id`, `created_at`, `updated_at`, `disqualification_code_type_id`, `goggle_cup_points`, `reaction_time`, `team_points`, `team_affiliation_id`)
  VALUES (209207, 1, 1, 0, 0, 622.02, 622.02, 0, 49, 50, 25513, 14931, 188, 18879, 1, '2015-03-01 13:47:21', '2015-03-01 13:47:21', NULL, 0.0, 0.0, 0.0, 383);

INSERT INTO `meeting_individual_results` (`id`, `rank`, `is_play_off`, `is_out_of_race`, `is_disqualified`, `standard_points`, `meeting_individual_points`, `minutes`, `seconds`, `hundreds`, `meeting_program_id`, `swimmer_id`, `team_id`, `badge_id`, `user_id`, `created_at`, `updated_at`, `disqualification_code_type_id`, `goggle_cup_points`, `reaction_time`, `team_points`, `team_affiliation_id`)
  VALUES (209208, 1, 1, 0, 0, 468.5, 468.5, 1, 15, 24, 25514, 12404, 185, 16175, 1, '2015-03-01 13:47:21', '2015-03-01 13:47:21', NULL, 0.0, 0.0, 0.0, 380);

INSERT INTO `meeting_individual_results` (`id`, `rank`, `is_play_off`, `is_out_of_race`, `is_disqualified`, `standard_points`, `meeting_individual_points`, `minutes`, `seconds`, `hundreds`, `meeting_program_id`, `swimmer_id`, `team_id`, `badge_id`, `user_id`, `created_at`, `updated_at`, `disqualification_code_type_id`, `goggle_cup_points`, `reaction_time`, `team_points`, `team_affiliation_id`)
  VALUES (209209, 1, 1, 0, 0, 338.83, 338.83, 2, 2, 57, 25515, 16935, 194, 20761, 1, '2015-03-01 13:47:21', '2015-03-01 13:47:21', NULL, 0.0, 0.0, 0.0, 389);

INSERT INTO `meeting_individual_results` (`id`, `rank`, `is_play_off`, `is_out_of_race`, `is_disqualified`, `standard_points`, `meeting_individual_points`, `minutes`, `seconds`, `hundreds`, `meeting_program_id`, `swimmer_id`, `team_id`, `badge_id`, `user_id`, `created_at`, `updated_at`, `disqualification_code_type_id`, `goggle_cup_points`, `reaction_time`, `team_points`, `team_affiliation_id`)
  VALUES (209210, 1, 1, 0, 0, 731.98, 731.98, 0, 34, 55, 25516, 9314, 487, 13009, 1, '2015-03-01 13:47:21', '2015-03-01 13:47:21', NULL, 0.0, 0.0, 0.0, 707);

INSERT INTO `meeting_individual_results` (`id`, `rank`, `is_play_off`, `is_out_of_race`, `is_disqualified`, `standard_points`, `meeting_individual_points`, `minutes`, `seconds`, `hundreds`, `meeting_program_id`, `swimmer_id`, `team_id`, `badge_id`, `user_id`, `created_at`, `updated_at`, `disqualification_code_type_id`, `goggle_cup_points`, `reaction_time`, `team_points`, `team_affiliation_id`)
  VALUES (209211, 2, 1, 0, 0, 651.13, 651.13, 0, 38, 84, 25516, 9301, 490, 12841, 1, '2015-03-01 13:47:21', '2015-03-01 13:47:21', NULL, 0.0, 0.0, 0.0, 710);

INSERT INTO `meeting_individual_results` (`id`, `rank`, `is_play_off`, `is_out_of_race`, `is_disqualified`, `standard_points`, `meeting_individual_points`, `minutes`, `seconds`, `hundreds`, `meeting_program_id`, `swimmer_id`, `team_id`, `badge_id`, `user_id`, `created_at`, `updated_at`, `disqualification_code_type_id`, `goggle_cup_points`, `reaction_time`, `team_points`, `team_affiliation_id`)
  VALUES (209212, 3, 1, 0, 0, 599.29, 599.29, 0, 42, 20, 25516, 18291, 188, 22095, 1, '2015-03-01 13:47:21', '2015-03-01 13:47:21', NULL, 0.0, 0.0, 0.0, 383);

INSERT INTO `meeting_individual_results` (`id`, `rank`, `is_play_off`, `is_out_of_race`, `is_disqualified`, `standard_points`, `meeting_individual_points`, `minutes`, `seconds`, `hundreds`, `meeting_program_id`, `swimmer_id`, `team_id`, `badge_id`, `user_id`, `created_at`, `updated_at`, `disqualification_code_type_id`, `goggle_cup_points`, `reaction_time`, `team_points`, `team_affiliation_id`)
  VALUES (209213, 1, 1, 0, 0, 469.71, 469.71, 0, 54, 63, 25517, 18298, 188, 22096, 1, '2015-03-01 13:47:22', '2015-03-01 13:47:22', NULL, 0.0, 0.0, 0.0, 383);

INSERT INTO `meeting_individual_results` (`id`, `rank`, `is_play_off`, `is_out_of_race`, `is_disqualified`, `standard_points`, `meeting_individual_points`, `minutes`, `seconds`, `hundreds`, `meeting_program_id`, `swimmer_id`, `team_id`, `badge_id`, `user_id`, `created_at`, `updated_at`, `disqualification_code_type_id`, `goggle_cup_points`, `reaction_time`, `team_points`, `team_affiliation_id`)
  VALUES (209214, 1, 1, 0, 0, 624.41, 624.41, 0, 42, 44, 25518, 13574, 490, 17343, 1, '2015-03-01 13:47:22', '2015-03-01 13:47:22', NULL, 0.0, 0.0, 0.0, 710);

INSERT INTO `meeting_individual_results` (`id`, `rank`, `is_play_off`, `is_out_of_race`, `is_disqualified`, `standard_points`, `meeting_individual_points`, `minutes`, `seconds`, `hundreds`, `meeting_program_id`, `swimmer_id`, `team_id`, `badge_id`, `user_id`, `created_at`, `updated_at`, `disqualification_code_type_id`, `goggle_cup_points`, `reaction_time`, `team_points`, `team_affiliation_id`)
  VALUES (209215, 1, 1, 0, 0, 624.83, 624.83, 0, 42, 94, 25519, 14905, 188, 18842, 1, '2015-03-01 13:47:22', '2015-03-01 13:47:22', NULL, 0.0, 0.0, 0.0, 383);

INSERT INTO `meeting_individual_results` (`id`, `rank`, `is_play_off`, `is_out_of_race`, `is_disqualified`, `standard_points`, `meeting_individual_points`, `minutes`, `seconds`, `hundreds`, `meeting_program_id`, `swimmer_id`, `team_id`, `badge_id`, `user_id`, `created_at`, `updated_at`, `disqualification_code_type_id`, `goggle_cup_points`, `reaction_time`, `team_points`, `team_affiliation_id`)
  VALUES (209216, 2, 1, 0, 0, 263.69, 263.69, 1, 41, 75, 25519, 11576, 188, 15362, 1, '2015-03-01 13:47:22', '2015-03-01 13:47:22', NULL, 0.0, 0.0, 0.0, 383);

INSERT INTO `meeting_individual_results` (`id`, `rank`, `is_play_off`, `is_out_of_race`, `is_disqualified`, `standard_points`, `meeting_individual_points`, `minutes`, `seconds`, `hundreds`, `meeting_program_id`, `swimmer_id`, `team_id`, `badge_id`, `user_id`, `created_at`, `updated_at`, `disqualification_code_type_id`, `goggle_cup_points`, `reaction_time`, `team_points`, `team_affiliation_id`)
  VALUES (209217, 1, 1, 0, 0, 730.55, 730.55, 0, 37, 67, 25520, 18296, 188, 22093, 1, '2015-03-01 13:47:22', '2015-03-01 13:47:22', NULL, 0.0, 0.0, 0.0, 383);

INSERT INTO `meeting_individual_results` (`id`, `rank`, `is_play_off`, `is_out_of_race`, `is_disqualified`, `standard_points`, `meeting_individual_points`, `minutes`, `seconds`, `hundreds`, `meeting_program_id`, `swimmer_id`, `team_id`, `badge_id`, `user_id`, `created_at`, `updated_at`, `disqualification_code_type_id`, `goggle_cup_points`, `reaction_time`, `team_points`, `team_affiliation_id`)
  VALUES (209218, 2, 1, 0, 0, 508.88, 508.88, 0, 54, 8, 25520, 11607, 490, 15364, 1, '2015-03-01 13:47:22', '2015-03-01 13:47:22', NULL, 0.0, 0.0, 0.0, 710);

INSERT INTO `meeting_individual_results` (`id`, `rank`, `is_play_off`, `is_out_of_race`, `is_disqualified`, `standard_points`, `meeting_individual_points`, `minutes`, `seconds`, `hundreds`, `meeting_program_id`, `swimmer_id`, `team_id`, `badge_id`, `user_id`, `created_at`, `updated_at`, `disqualification_code_type_id`, `goggle_cup_points`, `reaction_time`, `team_points`, `team_affiliation_id`)
  VALUES (209219, 1, 1, 0, 0, 904.78, 904.78, 0, 31, 61, 25521, 3377, 195, 6598, 1, '2015-03-01 13:47:22', '2015-03-01 13:47:22', NULL, 0.0, 0.0, 0.0, 390);

INSERT INTO `meeting_individual_results` (`id`, `rank`, `is_play_off`, `is_out_of_race`, `is_disqualified`, `standard_points`, `meeting_individual_points`, `minutes`, `seconds`, `hundreds`, `meeting_program_id`, `swimmer_id`, `team_id`, `badge_id`, `user_id`, `created_at`, `updated_at`, `disqualification_code_type_id`, `goggle_cup_points`, `reaction_time`, `team_points`, `team_affiliation_id`)
  VALUES (209220, 2, 1, 0, 0, 528.94, 528.94, 0, 54, 7, 25521, 18293, 188, 22097, 1, '2015-03-01 13:47:22', '2015-03-01 13:47:22', NULL, 0.0, 0.0, 0.0, 383);

INSERT INTO `meeting_individual_results` (`id`, `rank`, `is_play_off`, `is_out_of_race`, `is_disqualified`, `standard_points`, `meeting_individual_points`, `minutes`, `seconds`, `hundreds`, `meeting_program_id`, `swimmer_id`, `team_id`, `badge_id`, `user_id`, `created_at`, `updated_at`, `disqualification_code_type_id`, `goggle_cup_points`, `reaction_time`, `team_points`, `team_affiliation_id`)
  VALUES (209221, 1, 1, 0, 0, 584.53, 584.53, 0, 53, 77, 25522, 9380, 194, 12979, 1, '2015-03-01 13:47:22', '2015-03-01 13:47:22', NULL, 0.0, 0.0, 0.0, 389);

INSERT INTO `meeting_individual_results` (`id`, `rank`, `is_play_off`, `is_out_of_race`, `is_disqualified`, `standard_points`, `meeting_individual_points`, `minutes`, `seconds`, `hundreds`, `meeting_program_id`, `swimmer_id`, `team_id`, `badge_id`, `user_id`, `created_at`, `updated_at`, `disqualification_code_type_id`, `goggle_cup_points`, `reaction_time`, `team_points`, `team_affiliation_id`)
  VALUES (209222, 2, 1, 0, 0, 431.43, 431.43, 1, 12, 85, 25522, 9395, 187, 12980, 1, '2015-03-01 13:47:23', '2015-03-01 13:47:23', NULL, 0.0, 0.0, 0.0, 382);

INSERT INTO `meeting_individual_results` (`id`, `rank`, `is_play_off`, `is_out_of_race`, `is_disqualified`, `standard_points`, `meeting_individual_points`, `minutes`, `seconds`, `hundreds`, `meeting_program_id`, `swimmer_id`, `team_id`, `badge_id`, `user_id`, `created_at`, `updated_at`, `disqualification_code_type_id`, `goggle_cup_points`, `reaction_time`, `team_points`, `team_affiliation_id`)
  VALUES (209223, 1, 1, 0, 0, 571.73, 571.73, 1, 1, 97, 25523, 11592, 194, 15373, 1, '2015-03-01 13:47:23', '2015-03-01 13:47:23', NULL, 0.0, 0.0, 0.0, 389);

INSERT INTO `meeting_individual_results` (`id`, `rank`, `is_play_off`, `is_out_of_race`, `is_disqualified`, `standard_points`, `meeting_individual_points`, `minutes`, `seconds`, `hundreds`, `meeting_program_id`, `swimmer_id`, `team_id`, `badge_id`, `user_id`, `created_at`, `updated_at`, `disqualification_code_type_id`, `goggle_cup_points`, `reaction_time`, `team_points`, `team_affiliation_id`)
  VALUES (209224, 1, 1, 0, 0, 483.84, 483.84, 1, 18, 29, 25524, 10781, 188, 14380, 1, '2015-03-01 13:47:23', '2015-03-01 13:47:23', NULL, 0.0, 0.0, 0.0, 383);

INSERT INTO `meeting_individual_results` (`id`, `rank`, `is_play_off`, `is_out_of_race`, `is_disqualified`, `standard_points`, `meeting_individual_points`, `minutes`, `seconds`, `hundreds`, `meeting_program_id`, `swimmer_id`, `team_id`, `badge_id`, `user_id`, `created_at`, `updated_at`, `disqualification_code_type_id`, `goggle_cup_points`, `reaction_time`, `team_points`, `team_affiliation_id`)
  VALUES (209225, 1, 1, 0, 0, 737.63, 737.63, 0, 38, 0, 25525, 3353, 187, 6574, 1, '2015-03-01 13:47:23', '2015-03-01 13:47:23', NULL, 0.0, 0.0, 0.0, 382);

INSERT INTO `meeting_individual_results` (`id`, `rank`, `is_play_off`, `is_out_of_race`, `is_disqualified`, `standard_points`, `meeting_individual_points`, `minutes`, `seconds`, `hundreds`, `meeting_program_id`, `swimmer_id`, `team_id`, `badge_id`, `user_id`, `created_at`, `updated_at`, `disqualification_code_type_id`, `goggle_cup_points`, `reaction_time`, `team_points`, `team_affiliation_id`)
  VALUES (209226, 2, 1, 0, 0, 715.05, 715.05, 0, 39, 20, 25525, 3352, 194, 6573, 1, '2015-03-01 13:47:23', '2015-03-01 13:47:23', NULL, 0.0, 0.0, 0.0, 389);

INSERT INTO `meeting_individual_results` (`id`, `rank`, `is_play_off`, `is_out_of_race`, `is_disqualified`, `standard_points`, `meeting_individual_points`, `minutes`, `seconds`, `hundreds`, `meeting_program_id`, `swimmer_id`, `team_id`, `badge_id`, `user_id`, `created_at`, `updated_at`, `disqualification_code_type_id`, `goggle_cup_points`, `reaction_time`, `team_points`, `team_affiliation_id`)
  VALUES (209227, 1, 1, 0, 0, 625.03, 625.03, 0, 45, 87, 25526, 9244, 194, 12812, 1, '2015-03-01 13:47:23', '2015-03-01 13:47:23', NULL, 0.0, 0.0, 0.0, 389);

INSERT INTO `meeting_individual_results` (`id`, `rank`, `is_play_off`, `is_out_of_race`, `is_disqualified`, `standard_points`, `meeting_individual_points`, `minutes`, `seconds`, `hundreds`, `meeting_program_id`, `swimmer_id`, `team_id`, `badge_id`, `user_id`, `created_at`, `updated_at`, `disqualification_code_type_id`, `goggle_cup_points`, `reaction_time`, `team_points`, `team_affiliation_id`)
  VALUES (209228, 1, 1, 0, 0, 620.08, 620.08, 0, 59, 96, 25527, 13595, 188, 17351, 1, '2015-03-01 13:47:23', '2015-03-01 13:47:23', NULL, 0.0, 0.0, 0.0, 383);

INSERT INTO `meeting_individual_results` (`id`, `rank`, `is_play_off`, `is_out_of_race`, `is_disqualified`, `standard_points`, `meeting_individual_points`, `minutes`, `seconds`, `hundreds`, `meeting_program_id`, `swimmer_id`, `team_id`, `badge_id`, `user_id`, `created_at`, `updated_at`, `disqualification_code_type_id`, `goggle_cup_points`, `reaction_time`, `team_points`, `team_affiliation_id`)
  VALUES (209229, 1, 1, 0, 0, 0.0, 0.0, 0, 42, 2, 25528, 18292, 188, 22098, 1, '2015-03-01 13:47:23', '2015-03-01 13:47:23', NULL, 0.0, 0.0, 0.0, 383);

INSERT INTO `meeting_individual_results` (`id`, `rank`, `is_play_off`, `is_out_of_race`, `is_disqualified`, `standard_points`, `meeting_individual_points`, `minutes`, `seconds`, `hundreds`, `meeting_program_id`, `swimmer_id`, `team_id`, `badge_id`, `user_id`, `created_at`, `updated_at`, `disqualification_code_type_id`, `goggle_cup_points`, `reaction_time`, `team_points`, `team_affiliation_id`)
  VALUES (209230, 1, 1, 0, 0, 856.44, 856.44, 0, 28, 28, 25529, 12422, 185, 16176, 1, '2015-03-01 13:47:23', '2015-03-01 13:47:23', NULL, 0.0, 0.0, 0.0, 380);

INSERT INTO `meeting_individual_results` (`id`, `rank`, `is_play_off`, `is_out_of_race`, `is_disqualified`, `standard_points`, `meeting_individual_points`, `minutes`, `seconds`, `hundreds`, `meeting_program_id`, `swimmer_id`, `team_id`, `badge_id`, `user_id`, `created_at`, `updated_at`, `disqualification_code_type_id`, `goggle_cup_points`, `reaction_time`, `team_points`, `team_affiliation_id`)
  VALUES (209231, 2, 1, 0, 0, 809.76, 809.76, 0, 29, 91, 25529, 3365, 187, 6586, 1, '2015-03-01 13:47:24', '2015-03-01 13:47:24', NULL, 0.0, 0.0, 0.0, 382);

INSERT INTO `meeting_individual_results` (`id`, `rank`, `is_play_off`, `is_out_of_race`, `is_disqualified`, `standard_points`, `meeting_individual_points`, `minutes`, `seconds`, `hundreds`, `meeting_program_id`, `swimmer_id`, `team_id`, `badge_id`, `user_id`, `created_at`, `updated_at`, `disqualification_code_type_id`, `goggle_cup_points`, `reaction_time`, `team_points`, `team_affiliation_id`)
  VALUES (209232, 3, 1, 0, 0, 698.59, 698.59, 0, 34, 67, 25529, 3296, 194, 6517, 1, '2015-03-01 13:47:24', '2015-03-01 13:47:24', NULL, 0.0, 0.0, 0.0, 389);

INSERT INTO `meeting_individual_results` (`id`, `rank`, `is_play_off`, `is_out_of_race`, `is_disqualified`, `standard_points`, `meeting_individual_points`, `minutes`, `seconds`, `hundreds`, `meeting_program_id`, `swimmer_id`, `team_id`, `badge_id`, `user_id`, `created_at`, `updated_at`, `disqualification_code_type_id`, `goggle_cup_points`, `reaction_time`, `team_points`, `team_affiliation_id`)
  VALUES (209233, 4, 1, 0, 0, 559.35, 559.35, 0, 43, 30, 25529, 18301, 188, 22099, 1, '2015-03-01 13:47:24', '2015-03-01 13:47:24', NULL, 0.0, 0.0, 0.0, 383);

INSERT INTO `meeting_individual_results` (`id`, `rank`, `is_play_off`, `is_out_of_race`, `is_disqualified`, `standard_points`, `meeting_individual_points`, `minutes`, `seconds`, `hundreds`, `meeting_program_id`, `swimmer_id`, `team_id`, `badge_id`, `user_id`, `created_at`, `updated_at`, `disqualification_code_type_id`, `goggle_cup_points`, `reaction_time`, `team_points`, `team_affiliation_id`)
  VALUES (209234, 1, 1, 0, 0, 727.57, 727.57, 0, 33, 55, 25530, 13731, 490, 17550, 1, '2015-03-01 13:47:24', '2015-03-01 13:47:24', NULL, 0.0, 0.0, 0.0, 710);

INSERT INTO `meeting_individual_results` (`id`, `rank`, `is_play_off`, `is_out_of_race`, `is_disqualified`, `standard_points`, `meeting_individual_points`, `minutes`, `seconds`, `hundreds`, `meeting_program_id`, `swimmer_id`, `team_id`, `badge_id`, `user_id`, `created_at`, `updated_at`, `disqualification_code_type_id`, `goggle_cup_points`, `reaction_time`, `team_points`, `team_affiliation_id`)
  VALUES (209235, 2, 1, 0, 0, 715.21, 715.21, 0, 34, 13, 25530, 16979, 490, 20786, 1, '2015-03-01 13:47:24', '2015-03-01 13:47:24', NULL, 0.0, 0.0, 0.0, 710);

INSERT INTO `meeting_individual_results` (`id`, `rank`, `is_play_off`, `is_out_of_race`, `is_disqualified`, `standard_points`, `meeting_individual_points`, `minutes`, `seconds`, `hundreds`, `meeting_program_id`, `swimmer_id`, `team_id`, `badge_id`, `user_id`, `created_at`, `updated_at`, `disqualification_code_type_id`, `goggle_cup_points`, `reaction_time`, `team_points`, `team_affiliation_id`)
  VALUES (209236, 3, 1, 0, 0, 637.67, 637.67, 0, 38, 28, 25530, 17958, 194, 21739, 1, '2015-03-01 13:47:24', '2015-03-01 13:47:24', NULL, 0.0, 0.0, 0.0, 389);

INSERT INTO `meeting_individual_results` (`id`, `rank`, `is_play_off`, `is_out_of_race`, `is_disqualified`, `standard_points`, `meeting_individual_points`, `minutes`, `seconds`, `hundreds`, `meeting_program_id`, `swimmer_id`, `team_id`, `badge_id`, `user_id`, `created_at`, `updated_at`, `disqualification_code_type_id`, `goggle_cup_points`, `reaction_time`, `team_points`, `team_affiliation_id`)
  VALUES (209237, 4, 1, 0, 0, 590.76, 590.76, 0, 41, 32, 25530, 3371, 194, 6592, 1, '2015-03-01 13:47:24', '2015-03-01 13:47:24', NULL, 0.0, 0.0, 0.0, 389);

INSERT INTO `meeting_individual_results` (`id`, `rank`, `is_play_off`, `is_out_of_race`, `is_disqualified`, `standard_points`, `meeting_individual_points`, `minutes`, `seconds`, `hundreds`, `meeting_program_id`, `swimmer_id`, `team_id`, `badge_id`, `user_id`, `created_at`, `updated_at`, `disqualification_code_type_id`, `goggle_cup_points`, `reaction_time`, `team_points`, `team_affiliation_id`)
  VALUES (209238, 5, 1, 0, 0, 589.76, 589.76, 0, 41, 39, 25530, 15099, 194, 18888, 1, '2015-03-01 13:47:24', '2015-03-01 13:47:24', NULL, 0.0, 0.0, 0.0, 389);

INSERT INTO `meeting_individual_results` (`id`, `rank`, `is_play_off`, `is_out_of_race`, `is_disqualified`, `standard_points`, `meeting_individual_points`, `minutes`, `seconds`, `hundreds`, `meeting_program_id`, `swimmer_id`, `team_id`, `badge_id`, `user_id`, `created_at`, `updated_at`, `disqualification_code_type_id`, `goggle_cup_points`, `reaction_time`, `team_points`, `team_affiliation_id`)
  VALUES (209239, 1, 1, 0, 0, 767.57, 767.57, 0, 32, 1, 25531, 3308, 185, 6529, 1, '2015-03-01 13:47:24', '2015-03-01 13:47:24', NULL, 0.0, 0.0, 0.0, 380);

INSERT INTO `meeting_individual_results` (`id`, `rank`, `is_play_off`, `is_out_of_race`, `is_disqualified`, `standard_points`, `meeting_individual_points`, `minutes`, `seconds`, `hundreds`, `meeting_program_id`, `swimmer_id`, `team_id`, `badge_id`, `user_id`, `created_at`, `updated_at`, `disqualification_code_type_id`, `goggle_cup_points`, `reaction_time`, `team_points`, `team_affiliation_id`)
  VALUES (209240, 2, 1, 0, 0, 763.99, 763.99, 0, 32, 16, 25531, 15037, 188, 18835, 1, '2015-03-01 13:47:25', '2015-03-01 13:47:25', NULL, 0.0, 0.0, 0.0, 383);

INSERT INTO `meeting_individual_results` (`id`, `rank`, `is_play_off`, `is_out_of_race`, `is_disqualified`, `standard_points`, `meeting_individual_points`, `minutes`, `seconds`, `hundreds`, `meeting_program_id`, `swimmer_id`, `team_id`, `badge_id`, `user_id`, `created_at`, `updated_at`, `disqualification_code_type_id`, `goggle_cup_points`, `reaction_time`, `team_points`, `team_affiliation_id`)
  VALUES (209241, 1, 1, 0, 0, 797.36, 797.36, 0, 31, 83, 25532, 3309, 195, 6530, 1, '2015-03-01 13:47:25', '2015-03-01 13:47:25', NULL, 0.0, 0.0, 0.0, 390);

INSERT INTO `meeting_individual_results` (`id`, `rank`, `is_play_off`, `is_out_of_race`, `is_disqualified`, `standard_points`, `meeting_individual_points`, `minutes`, `seconds`, `hundreds`, `meeting_program_id`, `swimmer_id`, `team_id`, `badge_id`, `user_id`, `created_at`, `updated_at`, `disqualification_code_type_id`, `goggle_cup_points`, `reaction_time`, `team_points`, `team_affiliation_id`)
  VALUES (209242, 1, 1, 0, 0, 731.01, 731.01, 0, 35, 54, 25533, 17157, 194, 20969, 1, '2015-03-01 13:47:25', '2015-03-01 13:47:25', NULL, 0.0, 0.0, 0.0, 389);

INSERT INTO `meeting_individual_results` (`id`, `rank`, `is_play_off`, `is_out_of_race`, `is_disqualified`, `standard_points`, `meeting_individual_points`, `minutes`, `seconds`, `hundreds`, `meeting_program_id`, `swimmer_id`, `team_id`, `badge_id`, `user_id`, `created_at`, `updated_at`, `disqualification_code_type_id`, `goggle_cup_points`, `reaction_time`, `team_points`, `team_affiliation_id`)
  VALUES (209243, 2, 1, 0, 0, 641.01, 641.01, 0, 40, 53, 25533, 11614, 188, 15332, 1, '2015-03-01 13:47:25', '2015-03-01 13:47:25', NULL, 0.0, 0.0, 0.0, 383);

INSERT INTO `meeting_individual_results` (`id`, `rank`, `is_play_off`, `is_out_of_race`, `is_disqualified`, `standard_points`, `meeting_individual_points`, `minutes`, `seconds`, `hundreds`, `meeting_program_id`, `swimmer_id`, `team_id`, `badge_id`, `user_id`, `created_at`, `updated_at`, `disqualification_code_type_id`, `goggle_cup_points`, `reaction_time`, `team_points`, `team_affiliation_id`)
  VALUES (209244, 1, 1, 0, 0, 766.29, 766.29, 0, 34, 83, 25534, 3330, 185, 6551, 1, '2015-03-01 13:47:25', '2015-03-01 13:47:25', NULL, 0.0, 0.0, 0.0, 380);

INSERT INTO `meeting_individual_results` (`id`, `rank`, `is_play_off`, `is_out_of_race`, `is_disqualified`, `standard_points`, `meeting_individual_points`, `minutes`, `seconds`, `hundreds`, `meeting_program_id`, `swimmer_id`, `team_id`, `badge_id`, `user_id`, `created_at`, `updated_at`, `disqualification_code_type_id`, `goggle_cup_points`, `reaction_time`, `team_points`, `team_affiliation_id`)
  VALUES (209245, 1, 1, 0, 0, 747.84, 747.84, 0, 37, 8, 25535, 3332, 194, 6553, 1, '2015-03-01 13:47:25', '2015-03-01 13:47:25', NULL, 0.0, 0.0, 0.0, 389);

INSERT INTO `meeting_individual_results` (`id`, `rank`, `is_play_off`, `is_out_of_race`, `is_disqualified`, `standard_points`, `meeting_individual_points`, `minutes`, `seconds`, `hundreds`, `meeting_program_id`, `swimmer_id`, `team_id`, `badge_id`, `user_id`, `created_at`, `updated_at`, `disqualification_code_type_id`, `goggle_cup_points`, `reaction_time`, `team_points`, `team_affiliation_id`)
  VALUES (209246, 2, 1, 0, 0, 690.66, 690.66, 0, 40, 15, 25535, 9136, 491, 12899, 1, '2015-03-01 13:47:25', '2015-03-01 13:47:25', NULL, 0.0, 0.0, 0.0, 711);

INSERT INTO `meeting_individual_results` (`id`, `rank`, `is_play_off`, `is_out_of_race`, `is_disqualified`, `standard_points`, `meeting_individual_points`, `minutes`, `seconds`, `hundreds`, `meeting_program_id`, `swimmer_id`, `team_id`, `badge_id`, `user_id`, `created_at`, `updated_at`, `disqualification_code_type_id`, `goggle_cup_points`, `reaction_time`, `team_points`, `team_affiliation_id`)
  VALUES (209247, 3, 1, 0, 0, 680.82, 680.82, 0, 40, 73, 25535, 3334, 188, 6555, 1, '2015-03-01 13:47:25', '2015-03-01 13:47:25', NULL, 0.0, 0.0, 0.0, 383);

INSERT INTO `meeting_individual_results` (`id`, `rank`, `is_play_off`, `is_out_of_race`, `is_disqualified`, `standard_points`, `meeting_individual_points`, `minutes`, `seconds`, `hundreds`, `meeting_program_id`, `swimmer_id`, `team_id`, `badge_id`, `user_id`, `created_at`, `updated_at`, `disqualification_code_type_id`, `goggle_cup_points`, `reaction_time`, `team_points`, `team_affiliation_id`)
  VALUES (209248, 1, 1, 0, 0, 591.47, 591.47, 0, 48, 76, 25536, 14996, 194, 18754, 1, '2015-03-01 13:47:25', '2015-03-01 13:47:25', NULL, 0.0, 0.0, 0.0, 389);

INSERT INTO `meeting_individual_results` (`id`, `rank`, `is_play_off`, `is_out_of_race`, `is_disqualified`, `standard_points`, `meeting_individual_points`, `minutes`, `seconds`, `hundreds`, `meeting_program_id`, `swimmer_id`, `team_id`, `badge_id`, `user_id`, `created_at`, `updated_at`, `disqualification_code_type_id`, `goggle_cup_points`, `reaction_time`, `team_points`, `team_affiliation_id`)
  VALUES (209249, 1, 1, 0, 0, 715.86, 715.86, 0, 41, 74, 25537, 3340, 188, 6561, 1, '2015-03-01 13:47:25', '2015-03-01 13:47:25', NULL, 0.0, 0.0, 0.0, 383);

INSERT INTO `meeting_individual_results` (`id`, `rank`, `is_play_off`, `is_out_of_race`, `is_disqualified`, `standard_points`, `meeting_individual_points`, `minutes`, `seconds`, `hundreds`, `meeting_program_id`, `swimmer_id`, `team_id`, `badge_id`, `user_id`, `created_at`, `updated_at`, `disqualification_code_type_id`, `goggle_cup_points`, `reaction_time`, `team_points`, `team_affiliation_id`)
  VALUES (209250, 1, 1, 0, 0, 0.0, 0.0, 0, 34, 59, 25538, 9402, 194, 13076, 1, '2015-03-01 13:47:26', '2015-03-01 13:47:26', NULL, 0.0, 0.0, 0.0, 389);

INSERT INTO `meeting_individual_results` (`id`, `rank`, `is_play_off`, `is_out_of_race`, `is_disqualified`, `standard_points`, `meeting_individual_points`, `minutes`, `seconds`, `hundreds`, `meeting_program_id`, `swimmer_id`, `team_id`, `badge_id`, `user_id`, `created_at`, `updated_at`, `disqualification_code_type_id`, `goggle_cup_points`, `reaction_time`, `team_points`, `team_affiliation_id`)
  VALUES (209251, 2, 1, 0, 0, 0.0, 0.0, 0, 43, 16, 25538, 3392, 194, 6613, 1, '2015-03-01 13:47:26', '2015-03-01 13:47:26', NULL, 0.0, 0.0, 0.0, 389);

INSERT INTO `meeting_individual_results` (`id`, `rank`, `is_play_off`, `is_out_of_race`, `is_disqualified`, `standard_points`, `meeting_individual_points`, `minutes`, `seconds`, `hundreds`, `meeting_program_id`, `swimmer_id`, `team_id`, `badge_id`, `user_id`, `created_at`, `updated_at`, `disqualification_code_type_id`, `goggle_cup_points`, `reaction_time`, `team_points`, `team_affiliation_id`)
  VALUES (209252, 1, 1, 0, 0, 892.71, 892.71, 0, 36, 35, 25539, 12080, 477, 15632, 1, '2015-03-01 13:47:26', '2015-03-01 13:47:26', NULL, 0.0, 0.0, 0.0, 697);

INSERT INTO `meeting_individual_results` (`id`, `rank`, `is_play_off`, `is_out_of_race`, `is_disqualified`, `standard_points`, `meeting_individual_points`, `minutes`, `seconds`, `hundreds`, `meeting_program_id`, `swimmer_id`, `team_id`, `badge_id`, `user_id`, `created_at`, `updated_at`, `disqualification_code_type_id`, `goggle_cup_points`, `reaction_time`, `team_points`, `team_affiliation_id`)
  VALUES (209253, 2, 1, 0, 0, 623.92, 623.92, 0, 52, 1, 25539, 13684, 624, 17409, 1, '2015-03-01 13:47:26', '2015-03-01 13:47:26', NULL, 0.0, 0.0, 0.0, 844);

INSERT INTO `meeting_individual_results` (`id`, `rank`, `is_play_off`, `is_out_of_race`, `is_disqualified`, `standard_points`, `meeting_individual_points`, `minutes`, `seconds`, `hundreds`, `meeting_program_id`, `swimmer_id`, `team_id`, `badge_id`, `user_id`, `created_at`, `updated_at`, `disqualification_code_type_id`, `goggle_cup_points`, `reaction_time`, `team_points`, `team_affiliation_id`)
  VALUES (209254, 1, 1, 0, 0, 545.61, 545.61, 0, 59, 97, 25540, 14973, 188, 18878, 1, '2015-03-01 13:47:26', '2015-03-01 13:47:26', NULL, 0.0, 0.0, 0.0, 383);

INSERT INTO `meeting_individual_results` (`id`, `rank`, `is_play_off`, `is_out_of_race`, `is_disqualified`, `standard_points`, `meeting_individual_points`, `minutes`, `seconds`, `hundreds`, `meeting_program_id`, `swimmer_id`, `team_id`, `badge_id`, `user_id`, `created_at`, `updated_at`, `disqualification_code_type_id`, `goggle_cup_points`, `reaction_time`, `team_points`, `team_affiliation_id`)
  VALUES (209255, 1, 1, 0, 0, 774.07, 774.07, 0, 43, 73, 25541, 3433, 195, 6654, 1, '2015-03-01 13:47:26', '2015-03-01 13:47:26', NULL, 0.0, 0.0, 0.0, 390);

INSERT INTO `meeting_individual_results` (`id`, `rank`, `is_play_off`, `is_out_of_race`, `is_disqualified`, `standard_points`, `meeting_individual_points`, `minutes`, `seconds`, `hundreds`, `meeting_program_id`, `swimmer_id`, `team_id`, `badge_id`, `user_id`, `created_at`, `updated_at`, `disqualification_code_type_id`, `goggle_cup_points`, `reaction_time`, `team_points`, `team_affiliation_id`)
  VALUES (209256, 2, 1, 0, 0, 599.33, 599.33, 0, 56, 48, 25541, 18299, 188, 22100, 1, '2015-03-01 13:47:26', '2015-03-01 13:47:26', NULL, 0.0, 0.0, 0.0, 383);

INSERT INTO `meeting_individual_results` (`id`, `rank`, `is_play_off`, `is_out_of_race`, `is_disqualified`, `standard_points`, `meeting_individual_points`, `minutes`, `seconds`, `hundreds`, `meeting_program_id`, `swimmer_id`, `team_id`, `badge_id`, `user_id`, `created_at`, `updated_at`, `disqualification_code_type_id`, `goggle_cup_points`, `reaction_time`, `team_points`, `team_affiliation_id`)
  VALUES (209257, 1, 1, 0, 0, 590.16, 590.16, 0, 58, 34, 25542, 13272, 564, 16979, 1, '2015-03-01 13:47:26', '2015-03-01 13:47:26', NULL, 0.0, 0.0, 0.0, 784);

INSERT INTO `meeting_individual_results` (`id`, `rank`, `is_play_off`, `is_out_of_race`, `is_disqualified`, `standard_points`, `meeting_individual_points`, `minutes`, `seconds`, `hundreds`, `meeting_program_id`, `swimmer_id`, `team_id`, `badge_id`, `user_id`, `created_at`, `updated_at`, `disqualification_code_type_id`, `goggle_cup_points`, `reaction_time`, `team_points`, `team_affiliation_id`)
  VALUES (209258, 2, 1, 0, 0, 480.87, 480.87, 1, 11, 60, 25542, 14924, 188, 18809, 1, '2015-03-01 13:47:26', '2015-03-01 13:47:26', NULL, 0.0, 0.0, 0.0, 383);

INSERT INTO `meeting_individual_results` (`id`, `rank`, `is_play_off`, `is_out_of_race`, `is_disqualified`, `standard_points`, `meeting_individual_points`, `minutes`, `seconds`, `hundreds`, `meeting_program_id`, `swimmer_id`, `team_id`, `badge_id`, `user_id`, `created_at`, `updated_at`, `disqualification_code_type_id`, `goggle_cup_points`, `reaction_time`, `team_points`, `team_affiliation_id`)
  VALUES (209259, 1, 1, 0, 0, 591.28, 591.28, 1, 8, 9, 25543, 14925, 188, 18681, 1, '2015-03-01 13:47:26', '2015-03-01 13:47:26', NULL, 0.0, 0.0, 0.0, 383);

INSERT INTO `meeting_individual_results` (`id`, `rank`, `is_play_off`, `is_out_of_race`, `is_disqualified`, `standard_points`, `meeting_individual_points`, `minutes`, `seconds`, `hundreds`, `meeting_program_id`, `swimmer_id`, `team_id`, `badge_id`, `user_id`, `created_at`, `updated_at`, `disqualification_code_type_id`, `goggle_cup_points`, `reaction_time`, `team_points`, `team_affiliation_id`)
  VALUES (209260, 1, 1, 0, 0, 724.92, 724.92, 0, 38, 97, 25544, 12456, 185, 16192, 1, '2015-03-01 13:47:26', '2015-03-01 13:47:26', NULL, 0.0, 0.0, 0.0, 380);

INSERT INTO `meeting_individual_results` (`id`, `rank`, `is_play_off`, `is_out_of_race`, `is_disqualified`, `standard_points`, `meeting_individual_points`, `minutes`, `seconds`, `hundreds`, `meeting_program_id`, `swimmer_id`, `team_id`, `badge_id`, `user_id`, `created_at`, `updated_at`, `disqualification_code_type_id`, `goggle_cup_points`, `reaction_time`, `team_points`, `team_affiliation_id`)
  VALUES (209261, 2, 1, 0, 0, 698.05, 698.05, 0, 40, 47, 25544, 18291, 188, 22095, 1, '2015-03-01 13:47:27', '2015-03-01 13:47:27', NULL, 0.0, 0.0, 0.0, 383);

INSERT INTO `meeting_individual_results` (`id`, `rank`, `is_play_off`, `is_out_of_race`, `is_disqualified`, `standard_points`, `meeting_individual_points`, `minutes`, `seconds`, `hundreds`, `meeting_program_id`, `swimmer_id`, `team_id`, `badge_id`, `user_id`, `created_at`, `updated_at`, `disqualification_code_type_id`, `goggle_cup_points`, `reaction_time`, `team_points`, `team_affiliation_id`)
  VALUES (209262, 3, 1, 0, 0, 636.4, 636.4, 0, 44, 39, 25544, 9321, 490, 13102, 1, '2015-03-01 13:47:27', '2015-03-01 13:47:27', NULL, 0.0, 0.0, 0.0, 710);

INSERT INTO `meeting_individual_results` (`id`, `rank`, `is_play_off`, `is_out_of_race`, `is_disqualified`, `standard_points`, `meeting_individual_points`, `minutes`, `seconds`, `hundreds`, `meeting_program_id`, `swimmer_id`, `team_id`, `badge_id`, `user_id`, `created_at`, `updated_at`, `disqualification_code_type_id`, `goggle_cup_points`, `reaction_time`, `team_points`, `team_affiliation_id`)
  VALUES (209263, 1, 1, 0, 0, 678.68, 678.68, 0, 41, 33, 25545, 13614, 624, 17341, 1, '2015-03-01 13:47:27', '2015-03-01 13:47:27', NULL, 0.0, 0.0, 0.0, 844);

INSERT INTO `meeting_individual_results` (`id`, `rank`, `is_play_off`, `is_out_of_race`, `is_disqualified`, `standard_points`, `meeting_individual_points`, `minutes`, `seconds`, `hundreds`, `meeting_program_id`, `swimmer_id`, `team_id`, `badge_id`, `user_id`, `created_at`, `updated_at`, `disqualification_code_type_id`, `goggle_cup_points`, `reaction_time`, `team_points`, `team_affiliation_id`)
  VALUES (209264, 2, 1, 0, 0, 586.57, 586.57, 0, 47, 82, 25545, 18294, 188, 22101, 1, '2015-03-01 13:47:27', '2015-03-01 13:47:27', NULL, 0.0, 0.0, 0.0, 383);

INSERT INTO `meeting_individual_results` (`id`, `rank`, `is_play_off`, `is_out_of_race`, `is_disqualified`, `standard_points`, `meeting_individual_points`, `minutes`, `seconds`, `hundreds`, `meeting_program_id`, `swimmer_id`, `team_id`, `badge_id`, `user_id`, `created_at`, `updated_at`, `disqualification_code_type_id`, `goggle_cup_points`, `reaction_time`, `team_points`, `team_affiliation_id`)
  VALUES (209265, 3, 1, 0, 1, 0.0, 0.0, 0, 0, 0, 25545, 17155, 185, 20972, 1, '2015-03-01 13:47:27', '2015-03-01 13:47:27', 1, 0.0, 0.0, 0.0, 380);

INSERT INTO `meeting_individual_results` (`id`, `rank`, `is_play_off`, `is_out_of_race`, `is_disqualified`, `standard_points`, `meeting_individual_points`, `minutes`, `seconds`, `hundreds`, `meeting_program_id`, `swimmer_id`, `team_id`, `badge_id`, `user_id`, `created_at`, `updated_at`, `disqualification_code_type_id`, `goggle_cup_points`, `reaction_time`, `team_points`, `team_affiliation_id`)
  VALUES (209266, 1, 1, 0, 0, 668.06, 668.06, 0, 43, 11, 25546, 18300, 188, 22102, 1, '2015-03-01 13:47:27', '2015-03-01 13:47:27', NULL, 0.0, 0.0, 0.0, 383);

INSERT INTO `meeting_individual_results` (`id`, `rank`, `is_play_off`, `is_out_of_race`, `is_disqualified`, `standard_points`, `meeting_individual_points`, `minutes`, `seconds`, `hundreds`, `meeting_program_id`, `swimmer_id`, `team_id`, `badge_id`, `user_id`, `created_at`, `updated_at`, `disqualification_code_type_id`, `goggle_cup_points`, `reaction_time`, `team_points`, `team_affiliation_id`)
  VALUES (209267, 1, 1, 0, 0, 607.78, 607.78, 0, 47, 83, 25547, 13711, 624, 17430, 1, '2015-03-01 13:47:27', '2015-03-01 13:47:27', NULL, 0.0, 0.0, 0.0, 844);

INSERT INTO `meeting_individual_results` (`id`, `rank`, `is_play_off`, `is_out_of_race`, `is_disqualified`, `standard_points`, `meeting_individual_points`, `minutes`, `seconds`, `hundreds`, `meeting_program_id`, `swimmer_id`, `team_id`, `badge_id`, `user_id`, `created_at`, `updated_at`, `disqualification_code_type_id`, `goggle_cup_points`, `reaction_time`, `team_points`, `team_affiliation_id`)
  VALUES (209268, 2, 1, 0, 0, 573.6, 573.6, 0, 50, 68, 25547, 9222, 490, 13130, 1, '2015-03-01 13:47:27', '2015-03-01 13:47:27', NULL, 0.0, 0.0, 0.0, 710);

INSERT INTO `meeting_individual_results` (`id`, `rank`, `is_play_off`, `is_out_of_race`, `is_disqualified`, `standard_points`, `meeting_individual_points`, `minutes`, `seconds`, `hundreds`, `meeting_program_id`, `swimmer_id`, `team_id`, `badge_id`, `user_id`, `created_at`, `updated_at`, `disqualification_code_type_id`, `goggle_cup_points`, `reaction_time`, `team_points`, `team_affiliation_id`)
  VALUES (209269, 1, 1, 0, 0, 857.43, 857.43, 0, 35, 21, 25548, 3375, 195, 6596, 1, '2015-03-01 13:47:27', '2015-03-01 13:47:27', NULL, 0.0, 0.0, 0.0, 390);

INSERT INTO `meeting_individual_results` (`id`, `rank`, `is_play_off`, `is_out_of_race`, `is_disqualified`, `standard_points`, `meeting_individual_points`, `minutes`, `seconds`, `hundreds`, `meeting_program_id`, `swimmer_id`, `team_id`, `badge_id`, `user_id`, `created_at`, `updated_at`, `disqualification_code_type_id`, `goggle_cup_points`, `reaction_time`, `team_points`, `team_affiliation_id`)
  VALUES (209270, 2, 1, 0, 0, 655.16, 655.16, 0, 46, 8, 25548, 15087, 188, 18869, 1, '2015-03-01 13:47:27', '2015-03-01 13:47:27', NULL, 0.0, 0.0, 0.0, 383);

INSERT INTO `meeting_individual_results` (`id`, `rank`, `is_play_off`, `is_out_of_race`, `is_disqualified`, `standard_points`, `meeting_individual_points`, `minutes`, `seconds`, `hundreds`, `meeting_program_id`, `swimmer_id`, `team_id`, `badge_id`, `user_id`, `created_at`, `updated_at`, `disqualification_code_type_id`, `goggle_cup_points`, `reaction_time`, `team_points`, `team_affiliation_id`)
  VALUES (209271, 3, 1, 0, 0, 490.58, 490.58, 1, 1, 54, 25548, 3319, 188, 6540, 1, '2015-03-01 13:47:28', '2015-03-01 13:47:28', NULL, 0.0, 0.0, 0.0, 383);

INSERT INTO `meeting_individual_results` (`id`, `rank`, `is_play_off`, `is_out_of_race`, `is_disqualified`, `standard_points`, `meeting_individual_points`, `minutes`, `seconds`, `hundreds`, `meeting_program_id`, `swimmer_id`, `team_id`, `badge_id`, `user_id`, `created_at`, `updated_at`, `disqualification_code_type_id`, `goggle_cup_points`, `reaction_time`, `team_points`, `team_affiliation_id`)
  VALUES (209272, 1, 1, 0, 0, 749.88, 749.88, 0, 41, 54, 25549, 12212, 578, 15609, 1, '2015-03-01 13:47:28', '2015-03-01 13:47:28', NULL, 0.0, 0.0, 0.0, 798);

INSERT INTO `meeting_individual_results` (`id`, `rank`, `is_play_off`, `is_out_of_race`, `is_disqualified`, `standard_points`, `meeting_individual_points`, `minutes`, `seconds`, `hundreds`, `meeting_program_id`, `swimmer_id`, `team_id`, `badge_id`, `user_id`, `created_at`, `updated_at`, `disqualification_code_type_id`, `goggle_cup_points`, `reaction_time`, `team_points`, `team_affiliation_id`)
  VALUES (209273, 2, 1, 0, 0, 547.93, 547.93, 0, 56, 85, 25549, 18293, 188, 22097, 1, '2015-03-01 13:47:28', '2015-03-01 13:47:28', NULL, 0.0, 0.0, 0.0, 383);

INSERT INTO `meeting_individual_results` (`id`, `rank`, `is_play_off`, `is_out_of_race`, `is_disqualified`, `standard_points`, `meeting_individual_points`, `minutes`, `seconds`, `hundreds`, `meeting_program_id`, `swimmer_id`, `team_id`, `badge_id`, `user_id`, `created_at`, `updated_at`, `disqualification_code_type_id`, `goggle_cup_points`, `reaction_time`, `team_points`, `team_affiliation_id`)
  VALUES (209274, 3, 1, 0, 0, 539.3, 539.3, 0, 57, 76, 25549, 14957, 188, 18752, 1, '2015-03-01 13:47:28', '2015-03-01 13:47:28', NULL, 0.0, 0.0, 0.0, 383);

INSERT INTO `meeting_individual_results` (`id`, `rank`, `is_play_off`, `is_out_of_race`, `is_disqualified`, `standard_points`, `meeting_individual_points`, `minutes`, `seconds`, `hundreds`, `meeting_program_id`, `swimmer_id`, `team_id`, `badge_id`, `user_id`, `created_at`, `updated_at`, `disqualification_code_type_id`, `goggle_cup_points`, `reaction_time`, `team_points`, `team_affiliation_id`)
  VALUES (209275, 4, 1, 0, 0, 513.94, 513.94, 1, 0, 61, 25549, 9257, 490, 13139, 1, '2015-03-01 13:47:28', '2015-03-01 13:47:28', NULL, 0.0, 0.0, 0.0, 710);

INSERT INTO `meeting_individual_results` (`id`, `rank`, `is_play_off`, `is_out_of_race`, `is_disqualified`, `standard_points`, `meeting_individual_points`, `minutes`, `seconds`, `hundreds`, `meeting_program_id`, `swimmer_id`, `team_id`, `badge_id`, `user_id`, `created_at`, `updated_at`, `disqualification_code_type_id`, `goggle_cup_points`, `reaction_time`, `team_points`, `team_affiliation_id`)
  VALUES (209276, 1, 1, 0, 0, 659.96, 659.96, 0, 49, 20, 25550, 13680, 624, 17471, 1, '2015-03-01 13:47:28', '2015-03-01 13:47:28', NULL, 0.0, 0.0, 0.0, 844);

INSERT INTO `meeting_individual_results` (`id`, `rank`, `is_play_off`, `is_out_of_race`, `is_disqualified`, `standard_points`, `meeting_individual_points`, `minutes`, `seconds`, `hundreds`, `meeting_program_id`, `swimmer_id`, `team_id`, `badge_id`, `user_id`, `created_at`, `updated_at`, `disqualification_code_type_id`, `goggle_cup_points`, `reaction_time`, `team_points`, `team_affiliation_id`)
  VALUES (209277, 1, 1, 0, 0, 776.67, 776.67, 0, 43, 12, 25551, 2019, 89, 5205, 1, '2015-03-01 13:47:28', '2015-03-01 13:47:28', NULL, 0.0, 0.0, 0.0, 282);

INSERT INTO `meeting_individual_results` (`id`, `rank`, `is_play_off`, `is_out_of_race`, `is_disqualified`, `standard_points`, `meeting_individual_points`, `minutes`, `seconds`, `hundreds`, `meeting_program_id`, `swimmer_id`, `team_id`, `badge_id`, `user_id`, `created_at`, `updated_at`, `disqualification_code_type_id`, `goggle_cup_points`, `reaction_time`, `team_points`, `team_affiliation_id`)
  VALUES (209278, 2, 1, 0, 0, 613.82, 613.82, 0, 54, 56, 25551, 18297, 188, 22103, 1, '2015-03-01 13:47:28', '2015-03-01 13:47:28', NULL, 0.0, 0.0, 0.0, 383);

INSERT INTO `meeting_individual_results` (`id`, `rank`, `is_play_off`, `is_out_of_race`, `is_disqualified`, `standard_points`, `meeting_individual_points`, `minutes`, `seconds`, `hundreds`, `meeting_program_id`, `swimmer_id`, `team_id`, `badge_id`, `user_id`, `created_at`, `updated_at`, `disqualification_code_type_id`, `goggle_cup_points`, `reaction_time`, `team_points`, `team_affiliation_id`)
  VALUES (209279, 3, 1, 0, 0, 518.34, 518.34, 1, 4, 61, 25551, 18289, 188, 22104, 1, '2015-03-01 13:47:28', '2015-03-01 13:47:28', NULL, 0.0, 0.0, 0.0, 383);

INSERT INTO `meeting_individual_results` (`id`, `rank`, `is_play_off`, `is_out_of_race`, `is_disqualified`, `standard_points`, `meeting_individual_points`, `minutes`, `seconds`, `hundreds`, `meeting_program_id`, `swimmer_id`, `team_id`, `badge_id`, `user_id`, `created_at`, `updated_at`, `disqualification_code_type_id`, `goggle_cup_points`, `reaction_time`, `team_points`, `team_affiliation_id`)
  VALUES (209280, 4, 1, 0, 0, 491.85, 491.85, 1, 8, 9, 25551, 9373, 490, 13146, 1, '2015-03-01 13:47:29', '2015-03-01 13:47:29', NULL, 0.0, 0.0, 0.0, 710);

INSERT INTO `meeting_individual_results` (`id`, `rank`, `is_play_off`, `is_out_of_race`, `is_disqualified`, `standard_points`, `meeting_individual_points`, `minutes`, `seconds`, `hundreds`, `meeting_program_id`, `swimmer_id`, `team_id`, `badge_id`, `user_id`, `created_at`, `updated_at`, `disqualification_code_type_id`, `goggle_cup_points`, `reaction_time`, `team_points`, `team_affiliation_id`)
  VALUES (209281, 5, 1, 0, 1, 0.0, 0.0, 0, 0, 0, 25551, 9395, 187, 12980, 1, '2015-03-01 13:47:29', '2015-03-01 13:47:29', 1, 0.0, 0.0, 0.0, 382);

INSERT INTO `meeting_individual_results` (`id`, `rank`, `is_play_off`, `is_out_of_race`, `is_disqualified`, `standard_points`, `meeting_individual_points`, `minutes`, `seconds`, `hundreds`, `meeting_program_id`, `swimmer_id`, `team_id`, `badge_id`, `user_id`, `created_at`, `updated_at`, `disqualification_code_type_id`, `goggle_cup_points`, `reaction_time`, `team_points`, `team_affiliation_id`)
  VALUES (209282, 1, 1, 0, 0, 724.69, 724.69, 0, 48, 20, 25552, 3340, 188, 6561, 1, '2015-03-01 13:47:29', '2015-03-01 13:47:29', NULL, 0.0, 0.0, 0.0, 383);

INSERT INTO `meeting_individual_results` (`id`, `rank`, `is_play_off`, `is_out_of_race`, `is_disqualified`, `standard_points`, `meeting_individual_points`, `minutes`, `seconds`, `hundreds`, `meeting_program_id`, `swimmer_id`, `team_id`, `badge_id`, `user_id`, `created_at`, `updated_at`, `disqualification_code_type_id`, `goggle_cup_points`, `reaction_time`, `team_points`, `team_affiliation_id`)
  VALUES (209283, 1, 1, 0, 0, 637.27, 637.27, 0, 59, 19, 25553, 15063, 188, 18667, 1, '2015-03-01 13:47:29', '2015-03-01 13:47:29', NULL, 0.0, 0.0, 0.0, 383);

INSERT INTO `meeting_individual_results` (`id`, `rank`, `is_play_off`, `is_out_of_race`, `is_disqualified`, `standard_points`, `meeting_individual_points`, `minutes`, `seconds`, `hundreds`, `meeting_program_id`, `swimmer_id`, `team_id`, `badge_id`, `user_id`, `created_at`, `updated_at`, `disqualification_code_type_id`, `goggle_cup_points`, `reaction_time`, `team_points`, `team_affiliation_id`)
  VALUES (209284, 1, 1, 0, 0, 347.35, 347.35, 1, 55, 33, 25554, 10781, 188, 14380, 1, '2015-03-01 13:47:29', '2015-03-01 13:47:29', NULL, 0.0, 0.0, 0.0, 383);

INSERT INTO `meeting_individual_results` (`id`, `rank`, `is_play_off`, `is_out_of_race`, `is_disqualified`, `standard_points`, `meeting_individual_points`, `minutes`, `seconds`, `hundreds`, `meeting_program_id`, `swimmer_id`, `team_id`, `badge_id`, `user_id`, `created_at`, `updated_at`, `disqualification_code_type_id`, `goggle_cup_points`, `reaction_time`, `team_points`, `team_affiliation_id`)
  VALUES (209285, 1, 1, 0, 0, 759.26, 759.26, 0, 34, 27, 25555, 3353, 187, 6574, 1, '2015-03-01 13:47:29', '2015-03-01 13:47:29', NULL, 0.0, 0.0, 0.0, 382);

INSERT INTO `meeting_individual_results` (`id`, `rank`, `is_play_off`, `is_out_of_race`, `is_disqualified`, `standard_points`, `meeting_individual_points`, `minutes`, `seconds`, `hundreds`, `meeting_program_id`, `swimmer_id`, `team_id`, `badge_id`, `user_id`, `created_at`, `updated_at`, `disqualification_code_type_id`, `goggle_cup_points`, `reaction_time`, `team_points`, `team_affiliation_id`)
  VALUES (209286, 2, 1, 0, 0, 754.64, 754.64, 0, 34, 48, 25555, 3352, 194, 6573, 1, '2015-03-01 13:47:29', '2015-03-01 13:47:29', NULL, 0.0, 0.0, 0.0, 389);

INSERT INTO `meeting_individual_results` (`id`, `rank`, `is_play_off`, `is_out_of_race`, `is_disqualified`, `standard_points`, `meeting_individual_points`, `minutes`, `seconds`, `hundreds`, `meeting_program_id`, `swimmer_id`, `team_id`, `badge_id`, `user_id`, `created_at`, `updated_at`, `disqualification_code_type_id`, `goggle_cup_points`, `reaction_time`, `team_points`, `team_affiliation_id`)
  VALUES (209287, 3, 1, 0, 0, 717.99, 717.99, 0, 36, 24, 25555, 9390, 490, 12803, 1, '2015-03-01 13:47:29', '2015-03-01 13:47:29', NULL, 0.0, 0.0, 0.0, 710);

INSERT INTO `meeting_individual_results` (`id`, `rank`, `is_play_off`, `is_out_of_race`, `is_disqualified`, `standard_points`, `meeting_individual_points`, `minutes`, `seconds`, `hundreds`, `meeting_program_id`, `swimmer_id`, `team_id`, `badge_id`, `user_id`, `created_at`, `updated_at`, `disqualification_code_type_id`, `goggle_cup_points`, `reaction_time`, `team_points`, `team_affiliation_id`)
  VALUES (209288, 4, 1, 0, 0, 659.74, 659.74, 0, 39, 44, 25555, 11580, 194, 15355, 1, '2015-03-01 13:47:29', '2015-03-01 13:47:29', NULL, 0.0, 0.0, 0.0, 389);

INSERT INTO `meeting_individual_results` (`id`, `rank`, `is_play_off`, `is_out_of_race`, `is_disqualified`, `standard_points`, `meeting_individual_points`, `minutes`, `seconds`, `hundreds`, `meeting_program_id`, `swimmer_id`, `team_id`, `badge_id`, `user_id`, `created_at`, `updated_at`, `disqualification_code_type_id`, `goggle_cup_points`, `reaction_time`, `team_points`, `team_affiliation_id`)
  VALUES (209289, 5, 1, 0, 0, 606.67, 606.67, 0, 42, 89, 25555, 11589, 194, 15308, 1, '2015-03-01 13:47:29', '2015-03-01 13:47:29', NULL, 0.0, 0.0, 0.0, 389);

INSERT INTO `meeting_individual_results` (`id`, `rank`, `is_play_off`, `is_out_of_race`, `is_disqualified`, `standard_points`, `meeting_individual_points`, `minutes`, `seconds`, `hundreds`, `meeting_program_id`, `swimmer_id`, `team_id`, `badge_id`, `user_id`, `created_at`, `updated_at`, `disqualification_code_type_id`, `goggle_cup_points`, `reaction_time`, `team_points`, `team_affiliation_id`)
  VALUES (209290, 1, 1, 0, 0, 646.35, 646.35, 0, 40, 4, 25556, 11615, 490, 15338, 1, '2015-03-01 13:47:30', '2015-03-01 13:47:30', NULL, 0.0, 0.0, 0.0, 710);

INSERT INTO `meeting_individual_results` (`id`, `rank`, `is_play_off`, `is_out_of_race`, `is_disqualified`, `standard_points`, `meeting_individual_points`, `minutes`, `seconds`, `hundreds`, `meeting_program_id`, `swimmer_id`, `team_id`, `badge_id`, `user_id`, `created_at`, `updated_at`, `disqualification_code_type_id`, `goggle_cup_points`, `reaction_time`, `team_points`, `team_affiliation_id`)
  VALUES (209291, 2, 1, 0, 0, 537.15, 537.15, 0, 48, 18, 25556, 13756, 188, 17501, 1, '2015-03-01 13:47:30', '2015-03-01 13:47:30', NULL, 0.0, 0.0, 0.0, 383);

INSERT INTO `meeting_individual_results` (`id`, `rank`, `is_play_off`, `is_out_of_race`, `is_disqualified`, `standard_points`, `meeting_individual_points`, `minutes`, `seconds`, `hundreds`, `meeting_program_id`, `swimmer_id`, `team_id`, `badge_id`, `user_id`, `created_at`, `updated_at`, `disqualification_code_type_id`, `goggle_cup_points`, `reaction_time`, `team_points`, `team_affiliation_id`)
  VALUES (209292, 1, 1, 0, 0, 707.3, 707.3, 0, 37, 24, 25557, 12468, 185, 16235, 1, '2015-03-01 13:47:30', '2015-03-01 13:47:30', NULL, 0.0, 0.0, 0.0, 380);

INSERT INTO `meeting_individual_results` (`id`, `rank`, `is_play_off`, `is_out_of_race`, `is_disqualified`, `standard_points`, `meeting_individual_points`, `minutes`, `seconds`, `hundreds`, `meeting_program_id`, `swimmer_id`, `team_id`, `badge_id`, `user_id`, `created_at`, `updated_at`, `disqualification_code_type_id`, `goggle_cup_points`, `reaction_time`, `team_points`, `team_affiliation_id`)
  VALUES (209293, 2, 1, 0, 0, 690.43, 690.43, 0, 38, 15, 25557, 9142, 183, 12813, 1, '2015-03-01 13:47:30', '2015-03-01 13:47:30', NULL, 0.0, 0.0, 0.0, 378);

INSERT INTO `meeting_individual_results` (`id`, `rank`, `is_play_off`, `is_out_of_race`, `is_disqualified`, `standard_points`, `meeting_individual_points`, `minutes`, `seconds`, `hundreds`, `meeting_program_id`, `swimmer_id`, `team_id`, `badge_id`, `user_id`, `created_at`, `updated_at`, `disqualification_code_type_id`, `goggle_cup_points`, `reaction_time`, `team_points`, `team_affiliation_id`)
  VALUES (209294, 3, 1, 0, 0, 584.04, 584.04, 0, 45, 10, 25557, 3287, 188, 6508, 1, '2015-03-01 13:47:30', '2015-03-01 13:47:30', NULL, 0.0, 0.0, 0.0, 383);

INSERT INTO `meeting_individual_results` (`id`, `rank`, `is_play_off`, `is_out_of_race`, `is_disqualified`, `standard_points`, `meeting_individual_points`, `minutes`, `seconds`, `hundreds`, `meeting_program_id`, `swimmer_id`, `team_id`, `badge_id`, `user_id`, `created_at`, `updated_at`, `disqualification_code_type_id`, `goggle_cup_points`, `reaction_time`, `team_points`, `team_affiliation_id`)
  VALUES (209295, 1, 1, 0, 0, 724.57, 724.57, 0, 36, 96, 25558, 9299, 194, 12816, 1, '2015-03-01 13:47:30', '2015-03-01 13:47:30', NULL, 0.0, 0.0, 0.0, 389);

INSERT INTO `meeting_individual_results` (`id`, `rank`, `is_play_off`, `is_out_of_race`, `is_disqualified`, `standard_points`, `meeting_individual_points`, `minutes`, `seconds`, `hundreds`, `meeting_program_id`, `swimmer_id`, `team_id`, `badge_id`, `user_id`, `created_at`, `updated_at`, `disqualification_code_type_id`, `goggle_cup_points`, `reaction_time`, `team_points`, `team_affiliation_id`)
  VALUES (209296, 2, 1, 0, 0, 543.76, 543.76, 0, 49, 25, 25558, 18299, 188, 22100, 1, '2015-03-01 13:47:30', '2015-03-01 13:47:30', NULL, 0.0, 0.0, 0.0, 383);

INSERT INTO `meeting_individual_results` (`id`, `rank`, `is_play_off`, `is_out_of_race`, `is_disqualified`, `standard_points`, `meeting_individual_points`, `minutes`, `seconds`, `hundreds`, `meeting_program_id`, `swimmer_id`, `team_id`, `badge_id`, `user_id`, `created_at`, `updated_at`, `disqualification_code_type_id`, `goggle_cup_points`, `reaction_time`, `team_points`, `team_affiliation_id`)
  VALUES (209297, 1, 1, 0, 0, 676.6, 676.6, 0, 40, 26, 25559, 12451, 185, 16203, 1, '2015-03-01 13:47:30', '2015-03-01 13:47:30', NULL, 0.0, 0.0, 0.0, 380);

INSERT INTO `meeting_individual_results` (`id`, `rank`, `is_play_off`, `is_out_of_race`, `is_disqualified`, `standard_points`, `meeting_individual_points`, `minutes`, `seconds`, `hundreds`, `meeting_program_id`, `swimmer_id`, `team_id`, `badge_id`, `user_id`, `created_at`, `updated_at`, `disqualification_code_type_id`, `goggle_cup_points`, `reaction_time`, `team_points`, `team_affiliation_id`)
  VALUES (209298, 2, 1, 0, 0, 522.64, 522.64, 0, 52, 12, 25559, 14924, 188, 18809, 1, '2015-03-01 13:47:30', '2015-03-01 13:47:30', NULL, 0.0, 0.0, 0.0, 383);

INSERT INTO `meeting_individual_results` (`id`, `rank`, `is_play_off`, `is_out_of_race`, `is_disqualified`, `standard_points`, `meeting_individual_points`, `minutes`, `seconds`, `hundreds`, `meeting_program_id`, `swimmer_id`, `team_id`, `badge_id`, `user_id`, `created_at`, `updated_at`, `disqualification_code_type_id`, `goggle_cup_points`, `reaction_time`, `team_points`, `team_affiliation_id`)
  VALUES (209299, 1, 1, 0, 0, 549.73, 549.73, 0, 51, 48, 25560, 15080, 188, 18680, 1, '2015-03-01 13:47:30', '2015-03-01 13:47:30', NULL, 0.0, 0.0, 0.0, 383);

INSERT INTO `meeting_individual_results` (`id`, `rank`, `is_play_off`, `is_out_of_race`, `is_disqualified`, `standard_points`, `meeting_individual_points`, `minutes`, `seconds`, `hundreds`, `meeting_program_id`, `swimmer_id`, `team_id`, `badge_id`, `user_id`, `created_at`, `updated_at`, `disqualification_code_type_id`, `goggle_cup_points`, `reaction_time`, `team_points`, `team_affiliation_id`)
  VALUES (209300, 1, 1, 0, 0, 396.78, 396.78, 1, 13, 97, 25561, 12404, 185, 16175, 1, '2015-03-01 13:47:31', '2015-03-01 13:47:31', NULL, 0.0, 0.0, 0.0, 380);

INSERT INTO `meeting_individual_results` (`id`, `rank`, `is_play_off`, `is_out_of_race`, `is_disqualified`, `standard_points`, `meeting_individual_points`, `minutes`, `seconds`, `hundreds`, `meeting_program_id`, `swimmer_id`, `team_id`, `badge_id`, `user_id`, `created_at`, `updated_at`, `disqualification_code_type_id`, `goggle_cup_points`, `reaction_time`, `team_points`, `team_affiliation_id`)
  VALUES (209301, 1, 1, 0, 0, 722.51, 722.51, 0, 45, 1, 25562, 3290, 194, 6511, 1, '2015-03-01 13:47:31', '2015-03-01 13:47:31', NULL, 0.0, 0.0, 0.0, 389);

INSERT INTO `meeting_individual_results` (`id`, `rank`, `is_play_off`, `is_out_of_race`, `is_disqualified`, `standard_points`, `meeting_individual_points`, `minutes`, `seconds`, `hundreds`, `meeting_program_id`, `swimmer_id`, `team_id`, `badge_id`, `user_id`, `created_at`, `updated_at`, `disqualification_code_type_id`, `goggle_cup_points`, `reaction_time`, `team_points`, `team_affiliation_id`)
  VALUES (209302, 2, 1, 0, 0, 673.01, 673.01, 0, 48, 32, 25562, 13595, 188, 17351, 1, '2015-03-01 13:47:31', '2015-03-01 13:47:31', NULL, 0.0, 0.0, 0.0, 383);

INSERT INTO `meeting_individual_results` (`id`, `rank`, `is_play_off`, `is_out_of_race`, `is_disqualified`, `standard_points`, `meeting_individual_points`, `minutes`, `seconds`, `hundreds`, `meeting_program_id`, `swimmer_id`, `team_id`, `badge_id`, `user_id`, `created_at`, `updated_at`, `disqualification_code_type_id`, `goggle_cup_points`, `reaction_time`, `team_points`, `team_affiliation_id`)
  VALUES (209303, 1, 1, 0, 0, 295.38, 295.38, 1, 58, 83, 25563, 16935, 194, 20761, 1, '2015-03-01 13:47:31', '2015-03-01 13:47:31', NULL, 0.0, 0.0, 0.0, 389);

INSERT INTO `meeting_individual_results` (`id`, `rank`, `is_play_off`, `is_out_of_race`, `is_disqualified`, `standard_points`, `meeting_individual_points`, `minutes`, `seconds`, `hundreds`, `meeting_program_id`, `swimmer_id`, `team_id`, `badge_id`, `user_id`, `created_at`, `updated_at`, `disqualification_code_type_id`, `goggle_cup_points`, `reaction_time`, `team_points`, `team_affiliation_id`)
  VALUES (209304, 1, 1, 0, 0, 0.0, 0.0, 0, 30, 43, 25564, 3291, 194, 6512, 1, '2015-03-01 13:47:31', '2015-03-01 13:47:31', NULL, 0.0, 0.0, 0.0, 389);

INSERT INTO `meeting_individual_results` (`id`, `rank`, `is_play_off`, `is_out_of_race`, `is_disqualified`, `standard_points`, `meeting_individual_points`, `minutes`, `seconds`, `hundreds`, `meeting_program_id`, `swimmer_id`, `team_id`, `badge_id`, `user_id`, `created_at`, `updated_at`, `disqualification_code_type_id`, `goggle_cup_points`, `reaction_time`, `team_points`, `team_affiliation_id`)
  VALUES (209305, 2, 1, 0, 0, 0.0, 0.0, 0, 34, 1, 25564, 3361, 194, 6582, 1, '2015-03-01 13:47:31', '2015-03-01 13:47:31', NULL, 0.0, 0.0, 0.0, 389);

INSERT INTO `meeting_individual_results` (`id`, `rank`, `is_play_off`, `is_out_of_race`, `is_disqualified`, `standard_points`, `meeting_individual_points`, `minutes`, `seconds`, `hundreds`, `meeting_program_id`, `swimmer_id`, `team_id`, `badge_id`, `user_id`, `created_at`, `updated_at`, `disqualification_code_type_id`, `goggle_cup_points`, `reaction_time`, `team_points`, `team_affiliation_id`)
  VALUES (209306, 3, 1, 0, 0, 0.0, 0.0, 0, 37, 12, 25564, 18292, 188, 22098, 1, '2015-03-01 13:47:31', '2015-03-01 13:47:31', NULL, 0.0, 0.0, 0.0, 383);

INSERT INTO `meeting_individual_results` (`id`, `rank`, `is_play_off`, `is_out_of_race`, `is_disqualified`, `standard_points`, `meeting_individual_points`, `minutes`, `seconds`, `hundreds`, `meeting_program_id`, `swimmer_id`, `team_id`, `badge_id`, `user_id`, `created_at`, `updated_at`, `disqualification_code_type_id`, `goggle_cup_points`, `reaction_time`, `team_points`, `team_affiliation_id`)
  VALUES (209307, 1, 1, 0, 0, 795.27, 795.27, 0, 28, 33, 25565, 9314, 487, 13009, 1, '2015-03-01 13:47:31', '2015-03-01 13:47:31', NULL, 0.0, 0.0, 0.0, 707);

INSERT INTO `meeting_individual_results` (`id`, `rank`, `is_play_off`, `is_out_of_race`, `is_disqualified`, `standard_points`, `meeting_individual_points`, `minutes`, `seconds`, `hundreds`, `meeting_program_id`, `swimmer_id`, `team_id`, `badge_id`, `user_id`, `created_at`, `updated_at`, `disqualification_code_type_id`, `goggle_cup_points`, `reaction_time`, `team_points`, `team_affiliation_id`)
  VALUES (209308, 2, 1, 0, 0, 753.26, 753.26, 0, 29, 91, 25565, 3298, 194, 6519, 1, '2015-03-01 13:47:31', '2015-03-01 13:47:31', NULL, 0.0, 0.0, 0.0, 389);

INSERT INTO `meeting_individual_results` (`id`, `rank`, `is_play_off`, `is_out_of_race`, `is_disqualified`, `standard_points`, `meeting_individual_points`, `minutes`, `seconds`, `hundreds`, `meeting_program_id`, `swimmer_id`, `team_id`, `badge_id`, `user_id`, `created_at`, `updated_at`, `disqualification_code_type_id`, `goggle_cup_points`, `reaction_time`, `team_points`, `team_affiliation_id`)
  VALUES (209309, 3, 1, 0, 0, 711.62, 711.62, 0, 31, 66, 25565, 12456, 185, 16192, 1, '2015-03-01 13:47:31', '2015-03-01 13:47:31', NULL, 0.0, 0.0, 0.0, 380);

INSERT INTO `meeting_individual_results` (`id`, `rank`, `is_play_off`, `is_out_of_race`, `is_disqualified`, `standard_points`, `meeting_individual_points`, `minutes`, `seconds`, `hundreds`, `meeting_program_id`, `swimmer_id`, `team_id`, `badge_id`, `user_id`, `created_at`, `updated_at`, `disqualification_code_type_id`, `goggle_cup_points`, `reaction_time`, `team_points`, `team_affiliation_id`)
  VALUES (209310, 4, 1, 0, 0, 621.52, 621.52, 0, 36, 25, 25565, 18301, 188, 22099, 1, '2015-03-01 13:47:32', '2015-03-01 13:47:32', NULL, 0.0, 0.0, 0.0, 383);

INSERT INTO `meeting_individual_results` (`id`, `rank`, `is_play_off`, `is_out_of_race`, `is_disqualified`, `standard_points`, `meeting_individual_points`, `minutes`, `seconds`, `hundreds`, `meeting_program_id`, `swimmer_id`, `team_id`, `badge_id`, `user_id`, `created_at`, `updated_at`, `disqualification_code_type_id`, `goggle_cup_points`, `reaction_time`, `team_points`, `team_affiliation_id`)
  VALUES (209311, 1, 1, 0, 0, 846.62, 846.62, 0, 26, 60, 25566, 9250, 194, 12849, 1, '2015-03-01 13:47:32', '2015-03-01 13:47:32', NULL, 0.0, 0.0, 0.0, 389);

INSERT INTO `meeting_individual_results` (`id`, `rank`, `is_play_off`, `is_out_of_race`, `is_disqualified`, `standard_points`, `meeting_individual_points`, `minutes`, `seconds`, `hundreds`, `meeting_program_id`, `swimmer_id`, `team_id`, `badge_id`, `user_id`, `created_at`, `updated_at`, `disqualification_code_type_id`, `goggle_cup_points`, `reaction_time`, `team_points`, `team_affiliation_id`)
  VALUES (209312, 2, 1, 0, 0, 754.44, 754.44, 0, 29, 85, 25566, 14391, 213, 18287, 1, '2015-03-01 13:47:32', '2015-03-01 13:47:32', NULL, 0.0, 0.0, 0.0, 408);

INSERT INTO `meeting_individual_results` (`id`, `rank`, `is_play_off`, `is_out_of_race`, `is_disqualified`, `standard_points`, `meeting_individual_points`, `minutes`, `seconds`, `hundreds`, `meeting_program_id`, `swimmer_id`, `team_id`, `badge_id`, `user_id`, `created_at`, `updated_at`, `disqualification_code_type_id`, `goggle_cup_points`, `reaction_time`, `team_points`, `team_affiliation_id`)
  VALUES (209313, 3, 1, 0, 0, 722.03, 722.03, 0, 31, 19, 25566, 16979, 490, 20786, 1, '2015-03-01 13:47:32', '2015-03-01 13:47:32', NULL, 0.0, 0.0, 0.0, 710);

INSERT INTO `meeting_individual_results` (`id`, `rank`, `is_play_off`, `is_out_of_race`, `is_disqualified`, `standard_points`, `meeting_individual_points`, `minutes`, `seconds`, `hundreds`, `meeting_program_id`, `swimmer_id`, `team_id`, `badge_id`, `user_id`, `created_at`, `updated_at`, `disqualification_code_type_id`, `goggle_cup_points`, `reaction_time`, `team_points`, `team_affiliation_id`)
  VALUES (209314, 4, 1, 0, 0, 697.43, 697.43, 0, 32, 29, 25566, 3371, 194, 6592, 1, '2015-03-01 13:47:32', '2015-03-01 13:47:32', NULL, 0.0, 0.0, 0.0, 389);

INSERT INTO `meeting_individual_results` (`id`, `rank`, `is_play_off`, `is_out_of_race`, `is_disqualified`, `standard_points`, `meeting_individual_points`, `minutes`, `seconds`, `hundreds`, `meeting_program_id`, `swimmer_id`, `team_id`, `badge_id`, `user_id`, `created_at`, `updated_at`, `disqualification_code_type_id`, `goggle_cup_points`, `reaction_time`, `team_points`, `team_affiliation_id`)
  VALUES (209315, 5, 1, 0, 0, 688.9, 688.9, 0, 32, 69, 25566, 15068, 194, 18887, 1, '2015-03-01 13:47:32', '2015-03-01 13:47:32', NULL, 0.0, 0.0, 0.0, 389);

INSERT INTO `meeting_individual_results` (`id`, `rank`, `is_play_off`, `is_out_of_race`, `is_disqualified`, `standard_points`, `meeting_individual_points`, `minutes`, `seconds`, `hundreds`, `meeting_program_id`, `swimmer_id`, `team_id`, `badge_id`, `user_id`, `created_at`, `updated_at`, `disqualification_code_type_id`, `goggle_cup_points`, `reaction_time`, `team_points`, `team_affiliation_id`)
  VALUES (209316, 6, 1, 0, 0, 683.87, 683.87, 0, 32, 93, 25566, 13614, 624, 17341, 1, '2015-03-01 13:47:32', '2015-03-01 13:47:32', NULL, 0.0, 0.0, 0.0, 844);

INSERT INTO `meeting_individual_results` (`id`, `rank`, `is_play_off`, `is_out_of_race`, `is_disqualified`, `standard_points`, `meeting_individual_points`, `minutes`, `seconds`, `hundreds`, `meeting_program_id`, `swimmer_id`, `team_id`, `badge_id`, `user_id`, `created_at`, `updated_at`, `disqualification_code_type_id`, `goggle_cup_points`, `reaction_time`, `team_points`, `team_affiliation_id`)
  VALUES (209317, 7, 1, 0, 0, 668.05, 668.05, 0, 33, 71, 25566, 15099, 194, 18888, 1, '2015-03-01 13:47:32', '2015-03-01 13:47:32', NULL, 0.0, 0.0, 0.0, 389);

INSERT INTO `meeting_individual_results` (`id`, `rank`, `is_play_off`, `is_out_of_race`, `is_disqualified`, `standard_points`, `meeting_individual_points`, `minutes`, `seconds`, `hundreds`, `meeting_program_id`, `swimmer_id`, `team_id`, `badge_id`, `user_id`, `created_at`, `updated_at`, `disqualification_code_type_id`, `goggle_cup_points`, `reaction_time`, `team_points`, `team_affiliation_id`)
  VALUES (209318, 8, 1, 0, 0, 663.33, 663.33, 0, 33, 95, 25566, 17155, 185, 20972, 1, '2015-03-01 13:47:32', '2015-03-01 13:47:32', NULL, 0.0, 0.0, 0.0, 380);

INSERT INTO `meeting_individual_results` (`id`, `rank`, `is_play_off`, `is_out_of_race`, `is_disqualified`, `standard_points`, `meeting_individual_points`, `minutes`, `seconds`, `hundreds`, `meeting_program_id`, `swimmer_id`, `team_id`, `badge_id`, `user_id`, `created_at`, `updated_at`, `disqualification_code_type_id`, `goggle_cup_points`, `reaction_time`, `team_points`, `team_affiliation_id`)
  VALUES (209319, 9, 1, 0, 0, 658.67, 658.67, 0, 34, 19, 25566, 17958, 194, 21739, 1, '2015-03-01 13:47:32', '2015-03-01 13:47:32', NULL, 0.0, 0.0, 0.0, 389);

INSERT INTO `meeting_individual_results` (`id`, `rank`, `is_play_off`, `is_out_of_race`, `is_disqualified`, `standard_points`, `meeting_individual_points`, `minutes`, `seconds`, `hundreds`, `meeting_program_id`, `swimmer_id`, `team_id`, `badge_id`, `user_id`, `created_at`, `updated_at`, `disqualification_code_type_id`, `goggle_cup_points`, `reaction_time`, `team_points`, `team_affiliation_id`)
  VALUES (209320, 10, 1, 0, 0, 630.81, 630.81, 0, 35, 70, 25566, 13564, 188, 17373, 1, '2015-03-01 13:47:33', '2015-03-01 13:47:33', NULL, 0.0, 0.0, 0.0, 383);

INSERT INTO `meeting_individual_results` (`id`, `rank`, `is_play_off`, `is_out_of_race`, `is_disqualified`, `standard_points`, `meeting_individual_points`, `minutes`, `seconds`, `hundreds`, `meeting_program_id`, `swimmer_id`, `team_id`, `badge_id`, `user_id`, `created_at`, `updated_at`, `disqualification_code_type_id`, `goggle_cup_points`, `reaction_time`, `team_points`, `team_affiliation_id`)
  VALUES (209321, 11, 1, 0, 0, 615.47, 615.47, 0, 36, 59, 25566, 17935, 490, 21756, 1, '2015-03-01 13:47:33', '2015-03-01 13:47:33', NULL, 0.0, 0.0, 0.0, 710);

INSERT INTO `meeting_individual_results` (`id`, `rank`, `is_play_off`, `is_out_of_race`, `is_disqualified`, `standard_points`, `meeting_individual_points`, `minutes`, `seconds`, `hundreds`, `meeting_program_id`, `swimmer_id`, `team_id`, `badge_id`, `user_id`, `created_at`, `updated_at`, `disqualification_code_type_id`, `goggle_cup_points`, `reaction_time`, `team_points`, `team_affiliation_id`)
  VALUES (209322, 12, 1, 0, 0, 610.3, 610.3, 0, 36, 90, 25566, 16992, 624, 20767, 1, '2015-03-01 13:47:33', '2015-03-01 13:47:33', NULL, 0.0, 0.0, 0.0, 844);

INSERT INTO `meeting_individual_results` (`id`, `rank`, `is_play_off`, `is_out_of_race`, `is_disqualified`, `standard_points`, `meeting_individual_points`, `minutes`, `seconds`, `hundreds`, `meeting_program_id`, `swimmer_id`, `team_id`, `badge_id`, `user_id`, `created_at`, `updated_at`, `disqualification_code_type_id`, `goggle_cup_points`, `reaction_time`, `team_points`, `team_affiliation_id`)
  VALUES (209323, 13, 1, 0, 0, 597.51, 597.51, 0, 37, 69, 25566, 17164, 185, 20971, 1, '2015-03-01 13:47:33', '2015-03-01 13:47:33', NULL, 0.0, 0.0, 0.0, 380);

INSERT INTO `meeting_individual_results` (`id`, `rank`, `is_play_off`, `is_out_of_race`, `is_disqualified`, `standard_points`, `meeting_individual_points`, `minutes`, `seconds`, `hundreds`, `meeting_program_id`, `swimmer_id`, `team_id`, `badge_id`, `user_id`, `created_at`, `updated_at`, `disqualification_code_type_id`, `goggle_cup_points`, `reaction_time`, `team_points`, `team_affiliation_id`)
  VALUES (209324, 14, 1, 0, 0, 586.61, 586.61, 0, 38, 39, 25566, 18294, 188, 22101, 1, '2015-03-01 13:47:33', '2015-03-01 13:47:33', NULL, 0.0, 0.0, 0.0, 383);

INSERT INTO `meeting_individual_results` (`id`, `rank`, `is_play_off`, `is_out_of_race`, `is_disqualified`, `standard_points`, `meeting_individual_points`, `minutes`, `seconds`, `hundreds`, `meeting_program_id`, `swimmer_id`, `team_id`, `badge_id`, `user_id`, `created_at`, `updated_at`, `disqualification_code_type_id`, `goggle_cup_points`, `reaction_time`, `team_points`, `team_affiliation_id`)
  VALUES (209325, 15, 1, 0, 0, 459.78, 459.78, 0, 48, 98, 25566, 18298, 188, 22096, 1, '2015-03-01 13:47:33', '2015-03-01 13:47:33', NULL, 0.0, 0.0, 0.0, 383);

INSERT INTO `meeting_individual_results` (`id`, `rank`, `is_play_off`, `is_out_of_race`, `is_disqualified`, `standard_points`, `meeting_individual_points`, `minutes`, `seconds`, `hundreds`, `meeting_program_id`, `swimmer_id`, `team_id`, `badge_id`, `user_id`, `created_at`, `updated_at`, `disqualification_code_type_id`, `goggle_cup_points`, `reaction_time`, `team_points`, `team_affiliation_id`)
  VALUES (209326, 1, 1, 0, 0, 780.65, 780.65, 0, 29, 36, 25567, 3308, 185, 6529, 1, '2015-03-01 13:47:33', '2015-03-01 13:47:33', NULL, 0.0, 0.0, 0.0, 380);

INSERT INTO `meeting_individual_results` (`id`, `rank`, `is_play_off`, `is_out_of_race`, `is_disqualified`, `standard_points`, `meeting_individual_points`, `minutes`, `seconds`, `hundreds`, `meeting_program_id`, `swimmer_id`, `team_id`, `badge_id`, `user_id`, `created_at`, `updated_at`, `disqualification_code_type_id`, `goggle_cup_points`, `reaction_time`, `team_points`, `team_affiliation_id`)
  VALUES (209327, 2, 1, 0, 0, 680.72, 680.72, 0, 33, 67, 25567, 3307, 194, 6528, 1, '2015-03-01 13:47:33', '2015-03-01 13:47:33', NULL, 0.0, 0.0, 0.0, 389);

INSERT INTO `meeting_individual_results` (`id`, `rank`, `is_play_off`, `is_out_of_race`, `is_disqualified`, `standard_points`, `meeting_individual_points`, `minutes`, `seconds`, `hundreds`, `meeting_program_id`, `swimmer_id`, `team_id`, `badge_id`, `user_id`, `created_at`, `updated_at`, `disqualification_code_type_id`, `goggle_cup_points`, `reaction_time`, `team_points`, `team_affiliation_id`)
  VALUES (209328, 3, 1, 0, 0, 658.43, 658.43, 0, 34, 81, 25567, 18290, 188, 22092, 1, '2015-03-01 13:47:33', '2015-03-01 13:47:33', NULL, 0.0, 0.0, 0.0, 383);

INSERT INTO `meeting_individual_results` (`id`, `rank`, `is_play_off`, `is_out_of_race`, `is_disqualified`, `standard_points`, `meeting_individual_points`, `minutes`, `seconds`, `hundreds`, `meeting_program_id`, `swimmer_id`, `team_id`, `badge_id`, `user_id`, `created_at`, `updated_at`, `disqualification_code_type_id`, `goggle_cup_points`, `reaction_time`, `team_points`, `team_affiliation_id`)
  VALUES (209329, 4, 1, 0, 0, 639.33, 639.33, 0, 35, 85, 25567, 14928, 188, 18862, 1, '2015-03-01 13:47:34', '2015-03-01 13:47:34', NULL, 0.0, 0.0, 0.0, 383);

INSERT INTO `meeting_individual_results` (`id`, `rank`, `is_play_off`, `is_out_of_race`, `is_disqualified`, `standard_points`, `meeting_individual_points`, `minutes`, `seconds`, `hundreds`, `meeting_program_id`, `swimmer_id`, `team_id`, `badge_id`, `user_id`, `created_at`, `updated_at`, `disqualification_code_type_id`, `goggle_cup_points`, `reaction_time`, `team_points`, `team_affiliation_id`)
  VALUES (209330, 5, 1, 0, 0, 624.35, 624.35, 0, 36, 71, 25567, 18300, 188, 22102, 1, '2015-03-01 13:47:34', '2015-03-01 13:47:34', NULL, 0.0, 0.0, 0.0, 383);

INSERT INTO `meeting_individual_results` (`id`, `rank`, `is_play_off`, `is_out_of_race`, `is_disqualified`, `standard_points`, `meeting_individual_points`, `minutes`, `seconds`, `hundreds`, `meeting_program_id`, `swimmer_id`, `team_id`, `badge_id`, `user_id`, `created_at`, `updated_at`, `disqualification_code_type_id`, `goggle_cup_points`, `reaction_time`, `team_points`, `team_affiliation_id`)
  VALUES (209331, 6, 1, 0, 0, 589.96, 589.96, 0, 38, 85, 25567, 17139, 185, 20955, 1, '2015-03-01 13:47:34', '2015-03-01 13:47:34', NULL, 0.0, 0.0, 0.0, 380);

INSERT INTO `meeting_individual_results` (`id`, `rank`, `is_play_off`, `is_out_of_race`, `is_disqualified`, `standard_points`, `meeting_individual_points`, `minutes`, `seconds`, `hundreds`, `meeting_program_id`, `swimmer_id`, `team_id`, `badge_id`, `user_id`, `created_at`, `updated_at`, `disqualification_code_type_id`, `goggle_cup_points`, `reaction_time`, `team_points`, `team_affiliation_id`)
  VALUES (209332, 1, 1, 0, 0, 715.58, 715.58, 0, 33, 5, 25568, 9375, 490, 12873, 1, '2015-03-01 13:47:34', '2015-03-01 13:47:34', NULL, 0.0, 0.0, 0.0, 710);

INSERT INTO `meeting_individual_results` (`id`, `rank`, `is_play_off`, `is_out_of_race`, `is_disqualified`, `standard_points`, `meeting_individual_points`, `minutes`, `seconds`, `hundreds`, `meeting_program_id`, `swimmer_id`, `team_id`, `badge_id`, `user_id`, `created_at`, `updated_at`, `disqualification_code_type_id`, `goggle_cup_points`, `reaction_time`, `team_points`, `team_affiliation_id`)
  VALUES (209333, 2, 1, 0, 0, 699.5, 699.5, 0, 33, 81, 25568, 14983, 188, 18867, 1, '2015-03-01 13:47:34', '2015-03-01 13:47:34', NULL, 0.0, 0.0, 0.0, 383);

INSERT INTO `meeting_individual_results` (`id`, `rank`, `is_play_off`, `is_out_of_race`, `is_disqualified`, `standard_points`, `meeting_individual_points`, `minutes`, `seconds`, `hundreds`, `meeting_program_id`, `swimmer_id`, `team_id`, `badge_id`, `user_id`, `created_at`, `updated_at`, `disqualification_code_type_id`, `goggle_cup_points`, `reaction_time`, `team_points`, `team_affiliation_id`)
  VALUES (209334, 3, 1, 0, 0, 672.83, 672.83, 0, 35, 15, 25568, 13715, 624, 17429, 1, '2015-03-01 13:47:34', '2015-03-01 13:47:34', NULL, 0.0, 0.0, 0.0, 844);

INSERT INTO `meeting_individual_results` (`id`, `rank`, `is_play_off`, `is_out_of_race`, `is_disqualified`, `standard_points`, `meeting_individual_points`, `minutes`, `seconds`, `hundreds`, `meeting_program_id`, `swimmer_id`, `team_id`, `badge_id`, `user_id`, `created_at`, `updated_at`, `disqualification_code_type_id`, `goggle_cup_points`, `reaction_time`, `team_points`, `team_affiliation_id`)
  VALUES (209335, 4, 1, 0, 0, 214.3, 214.3, 1, 50, 36, 25568, 11576, 188, 15362, 1, '2015-03-01 13:47:34', '2015-03-01 13:47:34', NULL, 0.0, 0.0, 0.0, 383);

INSERT INTO `meeting_individual_results` (`id`, `rank`, `is_play_off`, `is_out_of_race`, `is_disqualified`, `standard_points`, `meeting_individual_points`, `minutes`, `seconds`, `hundreds`, `meeting_program_id`, `swimmer_id`, `team_id`, `badge_id`, `user_id`, `created_at`, `updated_at`, `disqualification_code_type_id`, `goggle_cup_points`, `reaction_time`, `team_points`, `team_affiliation_id`)
  VALUES (209336, 1, 1, 0, 0, 745.96, 745.96, 0, 32, 20, 25569, 17157, 194, 20969, 1, '2015-03-01 13:47:34', '2015-03-01 13:47:34', NULL, 0.0, 0.0, 0.0, 389);

INSERT INTO `meeting_individual_results` (`id`, `rank`, `is_play_off`, `is_out_of_race`, `is_disqualified`, `standard_points`, `meeting_individual_points`, `minutes`, `seconds`, `hundreds`, `meeting_program_id`, `swimmer_id`, `team_id`, `badge_id`, `user_id`, `created_at`, `updated_at`, `disqualification_code_type_id`, `goggle_cup_points`, `reaction_time`, `team_points`, `team_affiliation_id`)
  VALUES (209337, 2, 1, 0, 0, 703.57, 703.57, 0, 34, 14, 25569, 11614, 188, 15332, 1, '2015-03-01 13:47:34', '2015-03-01 13:47:34', NULL, 0.0, 0.0, 0.0, 383);

INSERT INTO `meeting_individual_results` (`id`, `rank`, `is_play_off`, `is_out_of_race`, `is_disqualified`, `standard_points`, `meeting_individual_points`, `minutes`, `seconds`, `hundreds`, `meeting_program_id`, `swimmer_id`, `team_id`, `badge_id`, `user_id`, `created_at`, `updated_at`, `disqualification_code_type_id`, `goggle_cup_points`, `reaction_time`, `team_points`, `team_affiliation_id`)
  VALUES (209338, 3, 1, 0, 0, 664.27, 664.27, 0, 36, 16, 25569, 3324, 190, 6545, 1, '2015-03-01 13:47:34', '2015-03-01 13:47:34', NULL, 0.0, 0.0, 0.0, 385);

INSERT INTO `meeting_individual_results` (`id`, `rank`, `is_play_off`, `is_out_of_race`, `is_disqualified`, `standard_points`, `meeting_individual_points`, `minutes`, `seconds`, `hundreds`, `meeting_program_id`, `swimmer_id`, `team_id`, `badge_id`, `user_id`, `created_at`, `updated_at`, `disqualification_code_type_id`, `goggle_cup_points`, `reaction_time`, `team_points`, `team_affiliation_id`)
  VALUES (209339, 4, 1, 0, 0, 636.46, 636.46, 0, 37, 74, 25569, 15087, 188, 18869, 1, '2015-03-01 13:47:35', '2015-03-01 13:47:35', NULL, 0.0, 0.0, 0.0, 383);

INSERT INTO `meeting_individual_results` (`id`, `rank`, `is_play_off`, `is_out_of_race`, `is_disqualified`, `standard_points`, `meeting_individual_points`, `minutes`, `seconds`, `hundreds`, `meeting_program_id`, `swimmer_id`, `team_id`, `badge_id`, `user_id`, `created_at`, `updated_at`, `disqualification_code_type_id`, `goggle_cup_points`, `reaction_time`, `team_points`, `team_affiliation_id`)
  VALUES (209340, 5, 1, 0, 0, 615.58, 615.58, 0, 39, 2, 25569, 12469, 185, 16213, 1, '2015-03-01 13:47:35', '2015-03-01 13:47:35', NULL, 0.0, 0.0, 0.0, 380);

INSERT INTO `meeting_individual_results` (`id`, `rank`, `is_play_off`, `is_out_of_race`, `is_disqualified`, `standard_points`, `meeting_individual_points`, `minutes`, `seconds`, `hundreds`, `meeting_program_id`, `swimmer_id`, `team_id`, `badge_id`, `user_id`, `created_at`, `updated_at`, `disqualification_code_type_id`, `goggle_cup_points`, `reaction_time`, `team_points`, `team_affiliation_id`)
  VALUES (209341, 1, 1, 0, 0, 913.33, 913.33, 0, 27, 0, 25570, 3377, 195, 6598, 1, '2015-03-01 13:47:35', '2015-03-01 13:47:35', NULL, 0.0, 0.0, 0.0, 390);

INSERT INTO `meeting_individual_results` (`id`, `rank`, `is_play_off`, `is_out_of_race`, `is_disqualified`, `standard_points`, `meeting_individual_points`, `minutes`, `seconds`, `hundreds`, `meeting_program_id`, `swimmer_id`, `team_id`, `badge_id`, `user_id`, `created_at`, `updated_at`, `disqualification_code_type_id`, `goggle_cup_points`, `reaction_time`, `team_points`, `team_affiliation_id`)
  VALUES (209342, 2, 1, 0, 0, 807.73, 807.73, 0, 30, 53, 25570, 3330, 185, 6551, 1, '2015-03-01 13:47:35', '2015-03-01 13:47:35', NULL, 0.0, 0.0, 0.0, 380);

INSERT INTO `meeting_individual_results` (`id`, `rank`, `is_play_off`, `is_out_of_race`, `is_disqualified`, `standard_points`, `meeting_individual_points`, `minutes`, `seconds`, `hundreds`, `meeting_program_id`, `swimmer_id`, `team_id`, `badge_id`, `user_id`, `created_at`, `updated_at`, `disqualification_code_type_id`, `goggle_cup_points`, `reaction_time`, `team_points`, `team_affiliation_id`)
  VALUES (209343, 3, 1, 0, 0, 738.32, 738.32, 0, 33, 40, 25570, 13547, 188, 17536, 1, '2015-03-01 13:47:35', '2015-03-01 13:47:35', NULL, 0.0, 0.0, 0.0, 383);

INSERT INTO `meeting_individual_results` (`id`, `rank`, `is_play_off`, `is_out_of_race`, `is_disqualified`, `standard_points`, `meeting_individual_points`, `minutes`, `seconds`, `hundreds`, `meeting_program_id`, `swimmer_id`, `team_id`, `badge_id`, `user_id`, `created_at`, `updated_at`, `disqualification_code_type_id`, `goggle_cup_points`, `reaction_time`, `team_points`, `team_affiliation_id`)
  VALUES (209344, 4, 1, 0, 0, 685.38, 685.38, 0, 35, 98, 25570, 18295, 188, 22094, 1, '2015-03-01 13:47:35', '2015-03-01 13:47:35', NULL, 0.0, 0.0, 0.0, 383);

INSERT INTO `meeting_individual_results` (`id`, `rank`, `is_play_off`, `is_out_of_race`, `is_disqualified`, `standard_points`, `meeting_individual_points`, `minutes`, `seconds`, `hundreds`, `meeting_program_id`, `swimmer_id`, `team_id`, `badge_id`, `user_id`, `created_at`, `updated_at`, `disqualification_code_type_id`, `goggle_cup_points`, `reaction_time`, `team_points`, `team_affiliation_id`)
  VALUES (209345, 5, 1, 0, 0, 658.83, 658.83, 0, 37, 43, 25570, 14957, 188, 18752, 1, '2015-03-01 13:47:35', '2015-03-01 13:47:35', NULL, 0.0, 0.0, 0.0, 383);

INSERT INTO `meeting_individual_results` (`id`, `rank`, `is_play_off`, `is_out_of_race`, `is_disqualified`, `standard_points`, `meeting_individual_points`, `minutes`, `seconds`, `hundreds`, `meeting_program_id`, `swimmer_id`, `team_id`, `badge_id`, `user_id`, `created_at`, `updated_at`, `disqualification_code_type_id`, `goggle_cup_points`, `reaction_time`, `team_points`, `team_affiliation_id`)
  VALUES (209346, 1, 1, 0, 0, 775.21, 775.21, 0, 32, 83, 25571, 3332, 194, 6553, 1, '2015-03-01 13:47:35', '2015-03-01 13:47:35', NULL, 0.0, 0.0, 0.0, 389);

INSERT INTO `meeting_individual_results` (`id`, `rank`, `is_play_off`, `is_out_of_race`, `is_disqualified`, `standard_points`, `meeting_individual_points`, `minutes`, `seconds`, `hundreds`, `meeting_program_id`, `swimmer_id`, `team_id`, `badge_id`, `user_id`, `created_at`, `updated_at`, `disqualification_code_type_id`, `goggle_cup_points`, `reaction_time`, `team_points`, `team_affiliation_id`)
  VALUES (209347, 2, 1, 0, 0, 705.96, 705.96, 0, 36, 5, 25571, 3334, 188, 6555, 1, '2015-03-01 13:47:35', '2015-03-01 13:47:35', NULL, 0.0, 0.0, 0.0, 383);

INSERT INTO `meeting_individual_results` (`id`, `rank`, `is_play_off`, `is_out_of_race`, `is_disqualified`, `standard_points`, `meeting_individual_points`, `minutes`, `seconds`, `hundreds`, `meeting_program_id`, `swimmer_id`, `team_id`, `badge_id`, `user_id`, `created_at`, `updated_at`, `disqualification_code_type_id`, `goggle_cup_points`, `reaction_time`, `team_points`, `team_affiliation_id`)
  VALUES (209348, 1, 1, 0, 0, 707.45, 707.45, 0, 37, 19, 25572, 14996, 194, 18754, 1, '2015-03-01 13:47:36', '2015-03-01 13:47:36', NULL, 0.0, 0.0, 0.0, 389);

INSERT INTO `meeting_individual_results` (`id`, `rank`, `is_play_off`, `is_out_of_race`, `is_disqualified`, `standard_points`, `meeting_individual_points`, `minutes`, `seconds`, `hundreds`, `meeting_program_id`, `swimmer_id`, `team_id`, `badge_id`, `user_id`, `created_at`, `updated_at`, `disqualification_code_type_id`, `goggle_cup_points`, `reaction_time`, `team_points`, `team_affiliation_id`)
  VALUES (209349, 2, 1, 0, 0, 578.75, 578.75, 0, 45, 46, 25572, 18297, 188, 22103, 1, '2015-03-01 13:47:36', '2015-03-01 13:47:36', NULL, 0.0, 0.0, 0.0, 383);

INSERT INTO `meeting_individual_results` (`id`, `rank`, `is_play_off`, `is_out_of_race`, `is_disqualified`, `standard_points`, `meeting_individual_points`, `minutes`, `seconds`, `hundreds`, `meeting_program_id`, `swimmer_id`, `team_id`, `badge_id`, `user_id`, `created_at`, `updated_at`, `disqualification_code_type_id`, `goggle_cup_points`, `reaction_time`, `team_points`, `team_affiliation_id`)
  VALUES (209350, 3, 1, 0, 0, 556.12, 556.12, 0, 47, 31, 25572, 18289, 188, 22104, 1, '2015-03-01 13:47:36', '2015-03-01 13:47:36', NULL, 0.0, 0.0, 0.0, 383);

INSERT INTO `meeting_individual_results` (`id`, `rank`, `is_play_off`, `is_out_of_race`, `is_disqualified`, `standard_points`, `meeting_individual_points`, `minutes`, `seconds`, `hundreds`, `meeting_program_id`, `swimmer_id`, `team_id`, `badge_id`, `user_id`, `created_at`, `updated_at`, `disqualification_code_type_id`, `goggle_cup_points`, `reaction_time`, `team_points`, `team_affiliation_id`)
  VALUES (209351, 4, 1, 0, 0, 417.62, 417.62, 1, 3, 0, 25572, 9195, 185, 12904, 1, '2015-03-01 13:47:36', '2015-03-01 13:47:36', NULL, 0.0, 0.0, 0.0, 380);

INSERT INTO `meeting_individual_results` (`id`, `rank`, `is_play_off`, `is_out_of_race`, `is_disqualified`, `standard_points`, `meeting_individual_points`, `minutes`, `seconds`, `hundreds`, `meeting_program_id`, `swimmer_id`, `team_id`, `badge_id`, `user_id`, `created_at`, `updated_at`, `disqualification_code_type_id`, `goggle_cup_points`, `reaction_time`, `team_points`, `team_affiliation_id`)
  VALUES (209352, 1, 1, 0, 0, 737.64, 737.64, 0, 36, 82, 25573, 16997, 195, 20772, 1, '2015-03-01 13:47:36', '2015-03-01 13:47:36', NULL, 0.0, 0.0, 0.0, 390);

INSERT INTO `meeting_individual_results` (`id`, `rank`, `is_play_off`, `is_out_of_race`, `is_disqualified`, `standard_points`, `meeting_individual_points`, `minutes`, `seconds`, `hundreds`, `meeting_program_id`, `swimmer_id`, `team_id`, `badge_id`, `user_id`, `created_at`, `updated_at`, `disqualification_code_type_id`, `goggle_cup_points`, `reaction_time`, `team_points`, `team_affiliation_id`)
  VALUES (209353, 2, 1, 0, 0, 687.94, 687.94, 0, 39, 48, 25573, 3341, 194, 6562, 1, '2015-03-01 13:47:36', '2015-03-01 13:47:36', NULL, 0.0, 0.0, 0.0, 389);

INSERT INTO `meeting_individual_results` (`id`, `rank`, `is_play_off`, `is_out_of_race`, `is_disqualified`, `standard_points`, `meeting_individual_points`, `minutes`, `seconds`, `hundreds`, `meeting_program_id`, `swimmer_id`, `team_id`, `badge_id`, `user_id`, `created_at`, `updated_at`, `disqualification_code_type_id`, `goggle_cup_points`, `reaction_time`, `team_points`, `team_affiliation_id`)
  VALUES (209354, 3, 1, 0, 0, 659.38, 659.38, 0, 41, 19, 25573, 14901, 188, 18824, 1, '2015-03-01 13:47:36', '2015-03-01 13:47:36', NULL, 0.0, 0.0, 0.0, 383);

INSERT INTO `meeting_individual_results` (`id`, `rank`, `is_play_off`, `is_out_of_race`, `is_disqualified`, `standard_points`, `meeting_individual_points`, `minutes`, `seconds`, `hundreds`, `meeting_program_id`, `swimmer_id`, `team_id`, `badge_id`, `user_id`, `created_at`, `updated_at`, `disqualification_code_type_id`, `goggle_cup_points`, `reaction_time`, `team_points`, `team_affiliation_id`)
  VALUES (209355, 4, 1, 0, 0, 623.79, 623.79, 0, 43, 54, 25573, 3342, 194, 6563, 1, '2015-03-01 13:47:36', '2015-03-01 13:47:36', NULL, 0.0, 0.0, 0.0, 389);

INSERT INTO `meeting_individual_results` (`id`, `rank`, `is_play_off`, `is_out_of_race`, `is_disqualified`, `standard_points`, `meeting_individual_points`, `minutes`, `seconds`, `hundreds`, `meeting_program_id`, `swimmer_id`, `team_id`, `badge_id`, `user_id`, `created_at`, `updated_at`, `disqualification_code_type_id`, `goggle_cup_points`, `reaction_time`, `team_points`, `team_affiliation_id`)
  VALUES (209356, 5, 1, 0, 0, 548.69, 548.69, 0, 49, 50, 25573, 9108, 188, 12906, 1, '2015-03-01 13:47:36', '2015-03-01 13:47:36', NULL, 0.0, 0.0, 0.0, 383);

INSERT INTO `meeting_individual_results` (`id`, `rank`, `is_play_off`, `is_out_of_race`, `is_disqualified`, `standard_points`, `meeting_individual_points`, `minutes`, `seconds`, `hundreds`, `meeting_program_id`, `swimmer_id`, `team_id`, `badge_id`, `user_id`, `created_at`, `updated_at`, `disqualification_code_type_id`, `goggle_cup_points`, `reaction_time`, `team_points`, `team_affiliation_id`)
  VALUES (209357, 1, 1, 0, 0, 654.09, 654.09, 0, 44, 0, 25574, 3344, 188, 6565, 1, '2015-03-01 13:47:37', '2015-03-01 13:47:37', NULL, 0.0, 0.0, 0.0, 383);

INSERT INTO `meeting_individual_results` (`id`, `rank`, `is_play_off`, `is_out_of_race`, `is_disqualified`, `standard_points`, `meeting_individual_points`, `minutes`, `seconds`, `hundreds`, `meeting_program_id`, `swimmer_id`, `team_id`, `badge_id`, `user_id`, `created_at`, `updated_at`, `disqualification_code_type_id`, `goggle_cup_points`, `reaction_time`, `team_points`, `team_affiliation_id`)
  VALUES (209358, 1, 1, 0, 0, 738.07, 738.07, 0, 42, 53, 25575, 3385, 194, 6606, 1, '2015-03-01 13:47:37', '2015-03-01 13:47:37', NULL, 0.0, 0.0, 0.0, 389);

INSERT INTO `meeting_individual_results` (`id`, `rank`, `is_play_off`, `is_out_of_race`, `is_disqualified`, `standard_points`, `meeting_individual_points`, `minutes`, `seconds`, `hundreds`, `meeting_program_id`, `swimmer_id`, `team_id`, `badge_id`, `user_id`, `created_at`, `updated_at`, `disqualification_code_type_id`, `goggle_cup_points`, `reaction_time`, `team_points`, `team_affiliation_id`)
  VALUES (209359, 1, 1, 0, 0, 0.0, 0.0, 0, 30, 92, 25576, 9402, 194, 13076, 1, '2015-03-01 13:47:37', '2015-03-01 13:47:37', NULL, 0.0, 0.0, 0.0, 389);

INSERT INTO `meeting_individual_results` (`id`, `rank`, `is_play_off`, `is_out_of_race`, `is_disqualified`, `standard_points`, `meeting_individual_points`, `minutes`, `seconds`, `hundreds`, `meeting_program_id`, `swimmer_id`, `team_id`, `badge_id`, `user_id`, `created_at`, `updated_at`, `disqualification_code_type_id`, `goggle_cup_points`, `reaction_time`, `team_points`, `team_affiliation_id`)
  VALUES (209360, 2, 1, 0, 0, 0.0, 0.0, 0, 32, 91, 25576, 11616, 490, 15349, 1, '2015-03-01 13:47:37', '2015-03-01 13:47:37', NULL, 0.0, 0.0, 0.0, 710);

INSERT INTO `meeting_team_scores` (`id`, `sum_individual_points`, `sum_relay_points`, `team_id`, `meeting_id`, `created_at`, `updated_at`, `rank`, `user_id`, `sum_team_points`, `meeting_individual_points`, `meeting_relay_points`, `meeting_team_points`, `season_individual_points`, `season_relay_points`, `season_team_points`, `season_id`, `team_affiliation_id`)
  VALUES (5822, 52128.82, 0.0, 188, 13323, '2015-03-01 13:47:37', '2015-03-01 13:47:37', 0, 1, 0.0, 0.0, 0.0, 0.0, 0.0, 0.0, 0.0, 132, 383);

INSERT INTO `meeting_team_scores` (`id`, `sum_individual_points`, `sum_relay_points`, `team_id`, `meeting_id`, `created_at`, `updated_at`, `rank`, `user_id`, `sum_team_points`, `meeting_individual_points`, `meeting_relay_points`, `meeting_team_points`, `season_individual_points`, `season_relay_points`, `season_team_points`, `season_id`, `team_affiliation_id`)
  VALUES (5823, 39398.04, 0.0, 194, 13323, '2015-03-01 13:47:37', '2015-03-01 13:47:37', 0, 1, 0.0, 0.0, 0.0, 0.0, 0.0, 0.0, 0.0, 132, 389);

INSERT INTO `meeting_team_scores` (`id`, `sum_individual_points`, `sum_relay_points`, `team_id`, `meeting_id`, `created_at`, `updated_at`, `rank`, `user_id`, `sum_team_points`, `meeting_individual_points`, `meeting_relay_points`, `meeting_team_points`, `season_individual_points`, `season_relay_points`, `season_team_points`, `season_id`, `team_affiliation_id`)
  VALUES (5824, 17568.62, 0.0, 490, 13323, '2015-03-01 13:47:37', '2015-03-01 13:47:37', 0, 1, 0.0, 0.0, 0.0, 0.0, 0.0, 0.0, 0.0, 132, 710);

INSERT INTO `meeting_team_scores` (`id`, `sum_individual_points`, `sum_relay_points`, `team_id`, `meeting_id`, `created_at`, `updated_at`, `rank`, `user_id`, `sum_team_points`, `meeting_individual_points`, `meeting_relay_points`, `meeting_team_points`, `season_individual_points`, `season_relay_points`, `season_team_points`, `season_id`, `team_affiliation_id`)
  VALUES (5825, 15747.51, 0.0, 185, 13323, '2015-03-01 13:47:37', '2015-03-01 13:47:37', 0, 1, 0.0, 0.0, 0.0, 0.0, 0.0, 0.0, 0.0, 132, 380);

INSERT INTO `meeting_team_scores` (`id`, `sum_individual_points`, `sum_relay_points`, `team_id`, `meeting_id`, `created_at`, `updated_at`, `rank`, `user_id`, `sum_team_points`, `meeting_individual_points`, `meeting_relay_points`, `meeting_team_points`, `season_individual_points`, `season_relay_points`, `season_team_points`, `season_id`, `team_affiliation_id`)
  VALUES (5826, 8156.53, 0.0, 195, 13323, '2015-03-01 13:47:37', '2015-03-01 13:47:37', 0, 1, 0.0, 0.0, 0.0, 0.0, 0.0, 0.0, 0.0, 132, 390);

INSERT INTO `meeting_team_scores` (`id`, `sum_individual_points`, `sum_relay_points`, `team_id`, `meeting_id`, `created_at`, `updated_at`, `rank`, `user_id`, `sum_team_points`, `meeting_individual_points`, `meeting_relay_points`, `meeting_team_points`, `season_individual_points`, `season_relay_points`, `season_team_points`, `season_id`, `team_affiliation_id`)
  VALUES (5827, 7661.74, 0.0, 624, 13323, '2015-03-01 13:47:37', '2015-03-01 13:47:37', 0, 1, 0.0, 0.0, 0.0, 0.0, 0.0, 0.0, 0.0, 132, 844);

INSERT INTO `meeting_team_scores` (`id`, `sum_individual_points`, `sum_relay_points`, `team_id`, `meeting_id`, `created_at`, `updated_at`, `rank`, `user_id`, `sum_team_points`, `meeting_individual_points`, `meeting_relay_points`, `meeting_team_points`, `season_individual_points`, `season_relay_points`, `season_team_points`, `season_id`, `team_affiliation_id`)
  VALUES (5828, 3640.24, 0.0, 187, 13323, '2015-03-01 13:47:37', '2015-03-01 13:47:37', 0, 1, 0.0, 0.0, 0.0, 0.0, 0.0, 0.0, 0.0, 132, 382);

INSERT INTO `meeting_team_scores` (`id`, `sum_individual_points`, `sum_relay_points`, `team_id`, `meeting_id`, `created_at`, `updated_at`, `rank`, `user_id`, `sum_team_points`, `meeting_individual_points`, `meeting_relay_points`, `meeting_team_points`, `season_individual_points`, `season_relay_points`, `season_team_points`, `season_id`, `team_affiliation_id`)
  VALUES (5829, 2614.02, 0.0, 190, 13323, '2015-03-01 13:47:37', '2015-03-01 13:47:37', 0, 1, 0.0, 0.0, 0.0, 0.0, 0.0, 0.0, 0.0, 132, 385);

INSERT INTO `meeting_team_scores` (`id`, `sum_individual_points`, `sum_relay_points`, `team_id`, `meeting_id`, `created_at`, `updated_at`, `rank`, `user_id`, `sum_team_points`, `meeting_individual_points`, `meeting_relay_points`, `meeting_team_points`, `season_individual_points`, `season_relay_points`, `season_team_points`, `season_id`, `team_affiliation_id`)
  VALUES (5830, 1769.3, 0.0, 477, 13323, '2015-03-01 13:47:37', '2015-03-01 13:47:37', 0, 1, 0.0, 0.0, 0.0, 0.0, 0.0, 0.0, 0.0, 132, 697);

INSERT INTO `meeting_team_scores` (`id`, `sum_individual_points`, `sum_relay_points`, `team_id`, `meeting_id`, `created_at`, `updated_at`, `rank`, `user_id`, `sum_team_points`, `meeting_individual_points`, `meeting_relay_points`, `meeting_team_points`, `season_individual_points`, `season_relay_points`, `season_team_points`, `season_id`, `team_affiliation_id`)
  VALUES (5831, 1724.56, 0.0, 494, 13323, '2015-03-01 13:47:37', '2015-03-01 13:47:37', 0, 1, 0.0, 0.0, 0.0, 0.0, 0.0, 0.0, 0.0, 132, 714);

INSERT INTO `meeting_team_scores` (`id`, `sum_individual_points`, `sum_relay_points`, `team_id`, `meeting_id`, `created_at`, `updated_at`, `rank`, `user_id`, `sum_team_points`, `meeting_individual_points`, `meeting_relay_points`, `meeting_team_points`, `season_individual_points`, `season_relay_points`, `season_team_points`, `season_id`, `team_affiliation_id`)
  VALUES (5832, 1527.25, 0.0, 487, 13323, '2015-03-01 13:47:37', '2015-03-01 13:47:37', 0, 1, 0.0, 0.0, 0.0, 0.0, 0.0, 0.0, 0.0, 132, 707);

INSERT INTO `meeting_team_scores` (`id`, `sum_individual_points`, `sum_relay_points`, `team_id`, `meeting_id`, `created_at`, `updated_at`, `rank`, `user_id`, `sum_team_points`, `meeting_individual_points`, `meeting_relay_points`, `meeting_team_points`, `season_individual_points`, `season_relay_points`, `season_team_points`, `season_id`, `team_affiliation_id`)
  VALUES (5833, 1516.88, 0.0, 89, 13323, '2015-03-01 13:47:37', '2015-03-01 13:47:37', 0, 1, 0.0, 0.0, 0.0, 0.0, 0.0, 0.0, 0.0, 132, 282);

INSERT INTO `meeting_team_scores` (`id`, `sum_individual_points`, `sum_relay_points`, `team_id`, `meeting_id`, `created_at`, `updated_at`, `rank`, `user_id`, `sum_team_points`, `meeting_individual_points`, `meeting_relay_points`, `meeting_team_points`, `season_individual_points`, `season_relay_points`, `season_team_points`, `season_id`, `team_affiliation_id`)
  VALUES (5834, 1478.53, 0.0, 578, 13323, '2015-03-01 13:47:38', '2015-03-01 13:47:38', 0, 1, 0.0, 0.0, 0.0, 0.0, 0.0, 0.0, 0.0, 132, 798);

INSERT INTO `meeting_team_scores` (`id`, `sum_individual_points`, `sum_relay_points`, `team_id`, `meeting_id`, `created_at`, `updated_at`, `rank`, `user_id`, `sum_team_points`, `meeting_individual_points`, `meeting_relay_points`, `meeting_team_points`, `season_individual_points`, `season_relay_points`, `season_team_points`, `season_id`, `team_affiliation_id`)
  VALUES (5835, 1459.3, 0.0, 213, 13323, '2015-03-01 13:47:38', '2015-03-01 13:47:38', 0, 1, 0.0, 0.0, 0.0, 0.0, 0.0, 0.0, 0.0, 132, 408);

INSERT INTO `meeting_team_scores` (`id`, `sum_individual_points`, `sum_relay_points`, `team_id`, `meeting_id`, `created_at`, `updated_at`, `rank`, `user_id`, `sum_team_points`, `meeting_individual_points`, `meeting_relay_points`, `meeting_team_points`, `season_individual_points`, `season_relay_points`, `season_team_points`, `season_id`, `team_affiliation_id`)
  VALUES (5836, 1423.9, 0.0, 491, 13323, '2015-03-01 13:47:38', '2015-03-01 13:47:38', 0, 1, 0.0, 0.0, 0.0, 0.0, 0.0, 0.0, 0.0, 132, 711);

INSERT INTO `meeting_team_scores` (`id`, `sum_individual_points`, `sum_relay_points`, `team_id`, `meeting_id`, `created_at`, `updated_at`, `rank`, `user_id`, `sum_team_points`, `meeting_individual_points`, `meeting_relay_points`, `meeting_team_points`, `season_individual_points`, `season_relay_points`, `season_team_points`, `season_id`, `team_affiliation_id`)
  VALUES (5837, 1368.44, 0.0, 439, 13323, '2015-03-01 13:47:38', '2015-03-01 13:47:38', 0, 1, 0.0, 0.0, 0.0, 0.0, 0.0, 0.0, 0.0, 132, 659);

INSERT INTO `meeting_team_scores` (`id`, `sum_individual_points`, `sum_relay_points`, `team_id`, `meeting_id`, `created_at`, `updated_at`, `rank`, `user_id`, `sum_team_points`, `meeting_individual_points`, `meeting_relay_points`, `meeting_team_points`, `season_individual_points`, `season_relay_points`, `season_team_points`, `season_id`, `team_affiliation_id`)
  VALUES (5838, 1286.89, 0.0, 183, 13323, '2015-03-01 13:47:38', '2015-03-01 13:47:38', 0, 1, 0.0, 0.0, 0.0, 0.0, 0.0, 0.0, 0.0, 132, 378);

INSERT INTO `meeting_team_scores` (`id`, `sum_individual_points`, `sum_relay_points`, `team_id`, `meeting_id`, `created_at`, `updated_at`, `rank`, `user_id`, `sum_team_points`, `meeting_individual_points`, `meeting_relay_points`, `meeting_team_points`, `season_individual_points`, `season_relay_points`, `season_team_points`, `season_id`, `team_affiliation_id`)
  VALUES (5839, 1207.53, 0.0, 564, 13323, '2015-03-01 13:47:38', '2015-03-01 13:47:38', 0, 1, 0.0, 0.0, 0.0, 0.0, 0.0, 0.0, 0.0, 132, 784);


-- Meeting 13323
-- 'Results acquired' flag setting:
UPDATE meetings SET are_results_acquired = '1' WHERE id = 13323;

-- --- BeginTimeCalculator: compute_for_all( 13323 )
-- ----------------------------------------------------
-- Using RESULTS to compute heat length.

-- Event #1, M.Prg: 25453, tot. athletes: 1
-- Tot. progr. duration: 168 (sec), Heat durations: [16884] (hds)
-- Session begin time: 2014-05-25 08:30:00 +0200, Computed begin time: 2014-05-25 08:32:00 +0200
UPDATE meeting_programs SET begin_time = '2014-05-25 08:32' WHERE id = 25453;

-- Event #2, M.Prg: 25454, tot. athletes: 2
-- Tot. progr. duration: 162 (sec), Heat durations: [16254] (hds)
-- Session begin time: 2014-05-25 08:30:00 +0200, Computed begin time: 2014-05-25 08:34:48 +0200
UPDATE meeting_programs SET begin_time = '2014-05-25 08:34' WHERE id = 25454;

-- Event #3, M.Prg: 25455, tot. athletes: 1
-- Tot. progr. duration: 158 (sec), Heat durations: [15833] (hds)
-- Session begin time: 2014-05-25 08:30:00 +0200, Computed begin time: 2014-05-25 08:37:30 +0200
UPDATE meeting_programs SET begin_time = '2014-05-25 08:37' WHERE id = 25455;

-- Event #4, M.Prg: 25456, tot. athletes: 1
-- Tot. progr. duration: 213 (sec), Heat durations: [21376] (hds)
-- Session begin time: 2014-05-25 08:30:00 +0200, Computed begin time: 2014-05-25 08:40:08 +0200
UPDATE meeting_programs SET begin_time = '2014-05-25 08:40' WHERE id = 25456;

-- Event #5, M.Prg: 25457, tot. athletes: 1
-- Tot. progr. duration: 178 (sec), Heat durations: [17810] (hds)
-- Session begin time: 2014-05-25 08:30:00 +0200, Computed begin time: 2014-05-25 08:43:41 +0200
UPDATE meeting_programs SET begin_time = '2014-05-25 08:43' WHERE id = 25457;

-- Event #6, M.Prg: 25458, tot. athletes: 2
-- Tot. progr. duration: 145 (sec), Heat durations: [14559] (hds)
-- Session begin time: 2014-05-25 08:30:00 +0200, Computed begin time: 2014-05-25 08:46:39 +0200
UPDATE meeting_programs SET begin_time = '2014-05-25 08:46' WHERE id = 25458;

-- Event #7, M.Prg: 25459, tot. athletes: 1
-- Tot. progr. duration: 140 (sec), Heat durations: [14020] (hds)
-- Session begin time: 2014-05-25 08:30:00 +0200, Computed begin time: 2014-05-25 08:49:04 +0200
UPDATE meeting_programs SET begin_time = '2014-05-25 08:49' WHERE id = 25459;

-- Event #8, M.Prg: 25460, tot. athletes: 1
-- Tot. progr. duration: 151 (sec), Heat durations: [15187] (hds)
-- Session begin time: 2014-05-25 08:30:00 +0200, Computed begin time: 2014-05-25 08:51:24 +0200
UPDATE meeting_programs SET begin_time = '2014-05-25 08:51' WHERE id = 25460;

-- Event #9, M.Prg: 25461, tot. athletes: 4
-- Tot. progr. duration: 153 (sec), Heat durations: [15373] (hds)
-- Session begin time: 2014-05-25 08:30:00 +0200, Computed begin time: 2014-05-25 08:53:55 +0200
UPDATE meeting_programs SET begin_time = '2014-05-25 08:53' WHERE id = 25461;

-- Event #10, M.Prg: 25462, tot. athletes: 1
-- Tot. progr. duration: 136 (sec), Heat durations: [13682] (hds)
-- Session begin time: 2014-05-25 08:30:00 +0200, Computed begin time: 2014-05-25 08:56:28 +0200
UPDATE meeting_programs SET begin_time = '2014-05-25 08:56' WHERE id = 25462;

-- Event #11, M.Prg: 25463, tot. athletes: 1
-- Tot. progr. duration: 161 (sec), Heat durations: [16187] (hds)
-- Session begin time: 2014-05-25 08:30:00 +0200, Computed begin time: 2014-05-25 08:58:44 +0200
UPDATE meeting_programs SET begin_time = '2014-05-25 08:58' WHERE id = 25463;

-- Event #12, M.Prg: 25464, tot. athletes: 2
-- Tot. progr. duration: 179 (sec), Heat durations: [17983] (hds)
-- Session begin time: 2014-05-25 08:30:00 +0200, Computed begin time: 2014-05-25 09:01:25 +0200
UPDATE meeting_programs SET begin_time = '2014-05-25 09:01' WHERE id = 25464;

-- Event #13, M.Prg: 25465, tot. athletes: 1
-- Tot. progr. duration: 194 (sec), Heat durations: [19481] (hds)
-- Session begin time: 2014-05-25 08:30:00 +0200, Computed begin time: 2014-05-25 09:04:24 +0200
UPDATE meeting_programs SET begin_time = '2014-05-25 09:04' WHERE id = 25465;

-- Event #14, M.Prg: 25466, tot. athletes: 3
-- Tot. progr. duration: 153 (sec), Heat durations: [15356] (hds)
-- Session begin time: 2014-05-25 08:30:00 +0200, Computed begin time: 2014-05-25 09:07:38 +0200
UPDATE meeting_programs SET begin_time = '2014-05-25 09:07' WHERE id = 25466;

-- Event #15, M.Prg: 25467, tot. athletes: 1
-- Tot. progr. duration: 146 (sec), Heat durations: [14692] (hds)
-- Session begin time: 2014-05-25 08:30:00 +0200, Computed begin time: 2014-05-25 09:10:11 +0200
UPDATE meeting_programs SET begin_time = '2014-05-25 09:10' WHERE id = 25467;

-- Event #16, M.Prg: 25468, tot. athletes: 1
-- Tot. progr. duration: 181 (sec), Heat durations: [18177] (hds)
-- Session begin time: 2014-05-25 08:30:00 +0200, Computed begin time: 2014-05-25 09:12:37 +0200
UPDATE meeting_programs SET begin_time = '2014-05-25 09:12' WHERE id = 25468;

-- Event #17, M.Prg: 25469, tot. athletes: 1
-- Tot. progr. duration: 184 (sec), Heat durations: [18409] (hds)
-- Session begin time: 2014-05-25 08:30:00 +0200, Computed begin time: 2014-05-25 09:15:38 +0200
UPDATE meeting_programs SET begin_time = '2014-05-25 09:15' WHERE id = 25469;

-- Event #18, M.Prg: 25470, tot. athletes: 1
-- Tot. progr. duration: 136 (sec), Heat durations: [13654] (hds)
-- Session begin time: 2014-05-25 08:30:00 +0200, Computed begin time: 2014-05-25 09:18:42 +0200
UPDATE meeting_programs SET begin_time = '2014-05-25 09:18' WHERE id = 25470;

-- Event #19, M.Prg: 25471, tot. athletes: 3
-- Tot. progr. duration: 171 (sec), Heat durations: [17126] (hds)
-- Session begin time: 2014-05-25 08:30:00 +0200, Computed begin time: 2014-05-25 09:20:58 +0200
UPDATE meeting_programs SET begin_time = '2014-05-25 09:20' WHERE id = 25471;

-- Event #20, M.Prg: 25472, tot. athletes: 5
-- Tot. progr. duration: 164 (sec), Heat durations: [16411] (hds)
-- Session begin time: 2014-05-25 08:30:00 +0200, Computed begin time: 2014-05-25 09:23:49 +0200
UPDATE meeting_programs SET begin_time = '2014-05-25 09:23' WHERE id = 25472;

-- Event #21, M.Prg: 25473, tot. athletes: 3
-- Tot. progr. duration: 169 (sec), Heat durations: [16985] (hds)
-- Session begin time: 2014-05-25 08:30:00 +0200, Computed begin time: 2014-05-25 09:26:33 +0200
UPDATE meeting_programs SET begin_time = '2014-05-25 09:26' WHERE id = 25473;

-- Event #22, M.Prg: 25474, tot. athletes: 2
-- Tot. progr. duration: 163 (sec), Heat durations: [16344] (hds)
-- Session begin time: 2014-05-25 08:30:00 +0200, Computed begin time: 2014-05-25 09:29:22 +0200
UPDATE meeting_programs SET begin_time = '2014-05-25 09:29' WHERE id = 25474;

-- Event #23, M.Prg: 25475, tot. athletes: 2
-- Tot. progr. duration: 155 (sec), Heat durations: [15538] (hds)
-- Session begin time: 2014-05-25 08:30:00 +0200, Computed begin time: 2014-05-25 09:32:05 +0200
UPDATE meeting_programs SET begin_time = '2014-05-25 09:32' WHERE id = 25475;

-- Event #24, M.Prg: 25476, tot. athletes: 2
-- Tot. progr. duration: 172 (sec), Heat durations: [17245] (hds)
-- Session begin time: 2014-05-25 08:30:00 +0200, Computed begin time: 2014-05-25 09:34:40 +0200
UPDATE meeting_programs SET begin_time = '2014-05-25 09:34' WHERE id = 25476;

-- Event #25, M.Prg: 25477, tot. athletes: 2
-- Tot. progr. duration: 214 (sec), Heat durations: [21421] (hds)
-- Session begin time: 2014-05-25 08:30:00 +0200, Computed begin time: 2014-05-25 09:37:32 +0200
UPDATE meeting_programs SET begin_time = '2014-05-25 09:37' WHERE id = 25477;

-- Event #26, M.Prg: 25478, tot. athletes: 3
-- Tot. progr. duration: 207 (sec), Heat durations: [20781] (hds)
-- Session begin time: 2014-05-25 08:30:00 +0200, Computed begin time: 2014-05-25 09:41:06 +0200
UPDATE meeting_programs SET begin_time = '2014-05-25 09:41' WHERE id = 25478;

-- Event #27, M.Prg: 25479, tot. athletes: 1
-- Tot. progr. duration: 215 (sec), Heat durations: [21524] (hds)
-- Session begin time: 2014-05-25 08:30:00 +0200, Computed begin time: 2014-05-25 09:44:33 +0200
UPDATE meeting_programs SET begin_time = '2014-05-25 09:44' WHERE id = 25479;

-- Event #28, M.Prg: 25480, tot. athletes: 1
-- Tot. progr. duration: 144 (sec), Heat durations: [14432] (hds)
-- Session begin time: 2014-05-25 08:30:00 +0200, Computed begin time: 2014-05-25 09:48:08 +0200
UPDATE meeting_programs SET begin_time = '2014-05-25 09:48' WHERE id = 25480;

-- Event #29, M.Prg: 25481, tot. athletes: 4
-- Tot. progr. duration: 223 (sec), Heat durations: [22364] (hds)
-- Session begin time: 2014-05-25 08:30:00 +0200, Computed begin time: 2014-05-25 09:50:32 +0200
UPDATE meeting_programs SET begin_time = '2014-05-25 09:50' WHERE id = 25481;

-- Event #30, M.Prg: 25482, tot. athletes: 2
-- Tot. progr. duration: 176 (sec), Heat durations: [17653] (hds)
-- Session begin time: 2014-05-25 08:30:00 +0200, Computed begin time: 2014-05-25 09:54:15 +0200
UPDATE meeting_programs SET begin_time = '2014-05-25 09:54' WHERE id = 25482;

-- Event #31, M.Prg: 25483, tot. athletes: 2
-- Tot. progr. duration: 195 (sec), Heat durations: [19519] (hds)
-- Session begin time: 2014-05-25 08:30:00 +0200, Computed begin time: 2014-05-25 09:57:11 +0200
UPDATE meeting_programs SET begin_time = '2014-05-25 09:57' WHERE id = 25483;

-- Event #32, M.Prg: 25484, tot. athletes: 1
-- Tot. progr. duration: 131 (sec), Heat durations: [13161] (hds)
-- Session begin time: 2014-05-25 08:30:00 +0200, Computed begin time: 2014-05-25 10:00:26 +0200
UPDATE meeting_programs SET begin_time = '2014-05-25 10:00' WHERE id = 25484;

-- Event #33, M.Prg: 25485, tot. athletes: 1
-- Tot. progr. duration: 151 (sec), Heat durations: [15144] (hds)
-- Session begin time: 2014-05-25 08:30:00 +0200, Computed begin time: 2014-05-25 10:02:37 +0200
UPDATE meeting_programs SET begin_time = '2014-05-25 10:02' WHERE id = 25485;

-- Event #34, M.Prg: 25486, tot. athletes: 2
-- Tot. progr. duration: 138 (sec), Heat durations: [13841] (hds)
-- Session begin time: 2014-05-25 08:30:00 +0200, Computed begin time: 2014-05-25 10:05:08 +0200
UPDATE meeting_programs SET begin_time = '2014-05-25 10:05' WHERE id = 25486;

-- Event #35, M.Prg: 25487, tot. athletes: 2
-- Tot. progr. duration: 133 (sec), Heat durations: [13314] (hds)
-- Session begin time: 2014-05-25 08:30:00 +0200, Computed begin time: 2014-05-25 10:07:26 +0200
UPDATE meeting_programs SET begin_time = '2014-05-25 10:07' WHERE id = 25487;

-- Event #36, M.Prg: 25488, tot. athletes: 4
-- Tot. progr. duration: 141 (sec), Heat durations: [14111] (hds)
-- Session begin time: 2014-05-25 08:30:00 +0200, Computed begin time: 2014-05-25 10:09:39 +0200
UPDATE meeting_programs SET begin_time = '2014-05-25 10:09' WHERE id = 25488;

-- Event #37, M.Prg: 25489, tot. athletes: 3
-- Tot. progr. duration: 145 (sec), Heat durations: [14565] (hds)
-- Session begin time: 2014-05-25 08:30:00 +0200, Computed begin time: 2014-05-25 10:12:00 +0200
UPDATE meeting_programs SET begin_time = '2014-05-25 10:12' WHERE id = 25489;

-- Event #38, M.Prg: 25490, tot. athletes: 2
-- Tot. progr. duration: 136 (sec), Heat durations: [13665] (hds)
-- Session begin time: 2014-05-25 08:30:00 +0200, Computed begin time: 2014-05-25 10:14:25 +0200
UPDATE meeting_programs SET begin_time = '2014-05-25 10:14' WHERE id = 25490;

-- Event #39, M.Prg: 25491, tot. athletes: 3
-- Tot. progr. duration: 154 (sec), Heat durations: [15452] (hds)
-- Session begin time: 2014-05-25 08:30:00 +0200, Computed begin time: 2014-05-25 10:16:41 +0200
UPDATE meeting_programs SET begin_time = '2014-05-25 10:16' WHERE id = 25491;

-- Event #40, M.Prg: 25492, tot. athletes: 1
-- Tot. progr. duration: 138 (sec), Heat durations: [13861] (hds)
-- Session begin time: 2014-05-25 08:30:00 +0200, Computed begin time: 2014-05-25 10:19:15 +0200
UPDATE meeting_programs SET begin_time = '2014-05-25 10:19' WHERE id = 25492;

-- Event #41, M.Prg: 25493, tot. athletes: 3
-- Tot. progr. duration: 203 (sec), Heat durations: [20307] (hds)
-- Session begin time: 2014-05-25 08:30:00 +0200, Computed begin time: 2014-05-25 10:21:33 +0200
UPDATE meeting_programs SET begin_time = '2014-05-25 10:21' WHERE id = 25493;

-- Event #42, M.Prg: 25494, tot. athletes: 2
-- Tot. progr. duration: 162 (sec), Heat durations: [16222] (hds)
-- Session begin time: 2014-05-25 08:30:00 +0200, Computed begin time: 2014-05-25 10:24:56 +0200
UPDATE meeting_programs SET begin_time = '2014-05-25 10:24' WHERE id = 25494;

-- Event #43, M.Prg: 25495, tot. athletes: 1
-- Tot. progr. duration: 158 (sec), Heat durations: [15836] (hds)
-- Session begin time: 2014-05-25 08:30:00 +0200, Computed begin time: 2014-05-25 10:27:38 +0200
UPDATE meeting_programs SET begin_time = '2014-05-25 10:27' WHERE id = 25495;

-- Event #44, M.Prg: 25496, tot. athletes: 4
-- Tot. progr. duration: 142 (sec), Heat durations: [14257] (hds)
-- Session begin time: 2014-05-25 08:30:00 +0200, Computed begin time: 2014-05-25 10:30:16 +0200
UPDATE meeting_programs SET begin_time = '2014-05-25 10:30' WHERE id = 25496;

-- Event #45, M.Prg: 25497, tot. athletes: 1
-- Tot. progr. duration: 290 (sec), Heat durations: [29019] (hds)
-- Session begin time: 2014-05-25 08:30:00 +0200, Computed begin time: 2014-05-25 10:32:38 +0200
UPDATE meeting_programs SET begin_time = '2014-05-25 10:32' WHERE id = 25497;

-- Event #46, M.Prg: 25498, tot. athletes: 1
-- Tot. progr. duration: 311 (sec), Heat durations: [31175] (hds)
-- Session begin time: 2014-05-25 08:30:00 +0200, Computed begin time: 2014-05-25 10:37:28 +0200
UPDATE meeting_programs SET begin_time = '2014-05-25 10:37' WHERE id = 25498;

-- Event #47, M.Prg: 25499, tot. athletes: 1
-- Tot. progr. duration: 290 (sec), Heat durations: [29040] (hds)
-- Session begin time: 2014-05-25 08:30:00 +0200, Computed begin time: 2014-05-25 10:42:39 +0200
UPDATE meeting_programs SET begin_time = '2014-05-25 10:42' WHERE id = 25499;

-- Event #48, M.Prg: 25500, tot. athletes: 1
-- Tot. progr. duration: 293 (sec), Heat durations: [29343] (hds)
-- Session begin time: 2014-05-25 08:30:00 +0200, Computed begin time: 2014-05-25 10:47:29 +0200
UPDATE meeting_programs SET begin_time = '2014-05-25 10:47' WHERE id = 25500;

-- Event #49, M.Prg: 25501, tot. athletes: 1
-- Tot. progr. duration: 339 (sec), Heat durations: [33999] (hds)
-- Session begin time: 2014-05-25 08:30:00 +0200, Computed begin time: 2014-05-25 10:52:22 +0200
UPDATE meeting_programs SET begin_time = '2014-05-25 10:52' WHERE id = 25501;

-- Event #50, M.Prg: 25502, tot. athletes: 3
-- Tot. progr. duration: 266 (sec), Heat durations: [26694] (hds)
-- Session begin time: 2014-05-25 08:30:00 +0200, Computed begin time: 2014-05-25 10:58:01 +0200
UPDATE meeting_programs SET begin_time = '2014-05-25 10:58' WHERE id = 25502;

-- Event #51, M.Prg: 25503, tot. athletes: 4
-- Tot. progr. duration: 274 (sec), Heat durations: [27476] (hds)
-- Session begin time: 2014-05-25 08:30:00 +0200, Computed begin time: 2014-05-25 11:02:27 +0200
UPDATE meeting_programs SET begin_time = '2014-05-25 11:02' WHERE id = 25503;

-- Event #52, M.Prg: 25504, tot. athletes: 2
-- Tot. progr. duration: 279 (sec), Heat durations: [27910] (hds)
-- Session begin time: 2014-05-25 08:30:00 +0200, Computed begin time: 2014-05-25 11:07:01 +0200
UPDATE meeting_programs SET begin_time = '2014-05-25 11:07' WHERE id = 25504;

-- Event #53, M.Prg: 25505, tot. athletes: 4
-- Tot. progr. duration: 340 (sec), Heat durations: [34032] (hds)
-- Session begin time: 2014-05-25 08:30:00 +0200, Computed begin time: 2014-05-25 11:11:40 +0200
UPDATE meeting_programs SET begin_time = '2014-05-25 11:11' WHERE id = 25505;

-- Event #54, M.Prg: 25506, tot. athletes: 2
-- Tot. progr. duration: 371 (sec), Heat durations: [37132] (hds)
-- Session begin time: 2014-05-25 08:30:00 +0200, Computed begin time: 2014-05-25 11:17:20 +0200
UPDATE meeting_programs SET begin_time = '2014-05-25 11:17' WHERE id = 25506;

-- Event #55, M.Prg: 25507, tot. athletes: 1
-- Tot. progr. duration: 324 (sec), Heat durations: [32433] (hds)
-- Session begin time: 2014-05-25 08:30:00 +0200, Computed begin time: 2014-05-25 11:23:31 +0200
UPDATE meeting_programs SET begin_time = '2014-05-25 11:23' WHERE id = 25507;

-- Event #56, M.Prg: 25508, tot. athletes: 1
-- Tot. progr. duration: 373 (sec), Heat durations: [37323] (hds)
-- Session begin time: 2014-05-25 08:30:00 +0200, Computed begin time: 2014-05-25 11:28:55 +0200
UPDATE meeting_programs SET begin_time = '2014-05-25 11:28' WHERE id = 25508;

-- Event #57, M.Prg: 25509, tot. athletes: 2
-- Tot. progr. duration: 290 (sec), Heat durations: [29098] (hds)
-- Session begin time: 2014-05-25 08:30:00 +0200, Computed begin time: 2014-05-25 11:35:08 +0200
UPDATE meeting_programs SET begin_time = '2014-05-25 11:35' WHERE id = 25509;

-- Event #58, M.Prg: 25510, tot. athletes: 3
-- Tot. progr. duration: 133 (sec), Heat durations: [13382] (hds)
-- Session begin time: 2014-05-25 08:30:00 +0200, Computed begin time: 2014-05-25 11:39:58 +0200
UPDATE meeting_programs SET begin_time = '2014-05-25 11:39' WHERE id = 25510;

-- Event #59, M.Prg: 25511, tot. athletes: 1
-- Tot. progr. duration: 115 (sec), Heat durations: [11522] (hds)
-- Session begin time: 2014-05-25 08:30:00 +0200, Computed begin time: 2014-05-25 11:42:11 +0200
UPDATE meeting_programs SET begin_time = '2014-05-25 11:42' WHERE id = 25511;

-- Event #60, M.Prg: 25512, tot. athletes: 4
-- Tot. progr. duration: 129 (sec), Heat durations: [12977] (hds)
-- Session begin time: 2014-05-25 08:30:00 +0200, Computed begin time: 2014-05-25 11:44:06 +0200
UPDATE meeting_programs SET begin_time = '2014-05-25 11:44' WHERE id = 25512;

-- Event #61, M.Prg: 25513, tot. athletes: 1
-- Tot. progr. duration: 109 (sec), Heat durations: [10950] (hds)
-- Session begin time: 2014-05-25 08:30:00 +0200, Computed begin time: 2014-05-25 11:46:15 +0200
UPDATE meeting_programs SET begin_time = '2014-05-25 11:46' WHERE id = 25513;

-- Event #62, M.Prg: 25514, tot. athletes: 1
-- Tot. progr. duration: 135 (sec), Heat durations: [13524] (hds)
-- Session begin time: 2014-05-25 08:30:00 +0200, Computed begin time: 2014-05-25 11:48:04 +0200
UPDATE meeting_programs SET begin_time = '2014-05-25 11:48' WHERE id = 25514;

-- Event #63, M.Prg: 25515, tot. athletes: 1
-- Tot. progr. duration: 182 (sec), Heat durations: [18257] (hds)
-- Session begin time: 2014-05-25 08:30:00 +0200, Computed begin time: 2014-05-25 11:50:19 +0200
UPDATE meeting_programs SET begin_time = '2014-05-25 11:50' WHERE id = 25515;

-- Event #64, M.Prg: 25516, tot. athletes: 3
-- Tot. progr. duration: 102 (sec), Heat durations: [10220] (hds)
-- Session begin time: 2014-05-25 08:30:00 +0200, Computed begin time: 2014-05-25 11:53:21 +0200
UPDATE meeting_programs SET begin_time = '2014-05-25 11:53' WHERE id = 25516;

-- Event #65, M.Prg: 25517, tot. athletes: 1
-- Tot. progr. duration: 114 (sec), Heat durations: [11463] (hds)
-- Session begin time: 2014-05-25 08:30:00 +0200, Computed begin time: 2014-05-25 11:55:03 +0200
UPDATE meeting_programs SET begin_time = '2014-05-25 11:55' WHERE id = 25517;

-- Event #66, M.Prg: 25518, tot. athletes: 1
-- Tot. progr. duration: 102 (sec), Heat durations: [10244] (hds)
-- Session begin time: 2014-05-25 08:30:00 +0200, Computed begin time: 2014-05-25 11:56:57 +0200
UPDATE meeting_programs SET begin_time = '2014-05-25 11:56' WHERE id = 25518;

-- Event #67, M.Prg: 25519, tot. athletes: 2
-- Tot. progr. duration: 161 (sec), Heat durations: [16175] (hds)
-- Session begin time: 2014-05-25 08:30:00 +0200, Computed begin time: 2014-05-25 11:58:39 +0200
UPDATE meeting_programs SET begin_time = '2014-05-25 11:58' WHERE id = 25519;

-- Event #68, M.Prg: 25520, tot. athletes: 2
-- Tot. progr. duration: 114 (sec), Heat durations: [11408] (hds)
-- Session begin time: 2014-05-25 08:30:00 +0200, Computed begin time: 2014-05-25 12:01:20 +0200
UPDATE meeting_programs SET begin_time = '2014-05-25 12:01' WHERE id = 25520;

-- Event #69, M.Prg: 25521, tot. athletes: 2
-- Tot. progr. duration: 114 (sec), Heat durations: [11407] (hds)
-- Session begin time: 2014-05-25 08:30:00 +0200, Computed begin time: 2014-05-25 12:03:14 +0200
UPDATE meeting_programs SET begin_time = '2014-05-25 12:03' WHERE id = 25521;

-- Event #70, M.Prg: 25522, tot. athletes: 2
-- Tot. progr. duration: 132 (sec), Heat durations: [13285] (hds)
-- Session begin time: 2014-05-25 08:30:00 +0200, Computed begin time: 2014-05-25 12:05:08 +0200
UPDATE meeting_programs SET begin_time = '2014-05-25 12:05' WHERE id = 25522;

-- Event #71, M.Prg: 25523, tot. athletes: 1
-- Tot. progr. duration: 121 (sec), Heat durations: [12197] (hds)
-- Session begin time: 2014-05-25 08:30:00 +0200, Computed begin time: 2014-05-25 12:07:20 +0200
UPDATE meeting_programs SET begin_time = '2014-05-25 12:07' WHERE id = 25523;

-- Event #72, M.Prg: 25524, tot. athletes: 1
-- Tot. progr. duration: 138 (sec), Heat durations: [13829] (hds)
-- Session begin time: 2014-05-25 08:30:00 +0200, Computed begin time: 2014-05-25 12:09:21 +0200
UPDATE meeting_programs SET begin_time = '2014-05-25 12:09' WHERE id = 25524;

-- Event #73, M.Prg: 25525, tot. athletes: 2
-- Tot. progr. duration: 99 (sec), Heat durations: [9920] (hds)
-- Session begin time: 2014-05-25 08:30:00 +0200, Computed begin time: 2014-05-25 12:11:39 +0200
UPDATE meeting_programs SET begin_time = '2014-05-25 12:11' WHERE id = 25525;

-- Event #74, M.Prg: 25526, tot. athletes: 1
-- Tot. progr. duration: 105 (sec), Heat durations: [10587] (hds)
-- Session begin time: 2014-05-25 08:30:00 +0200, Computed begin time: 2014-05-25 12:13:18 +0200
UPDATE meeting_programs SET begin_time = '2014-05-25 12:13' WHERE id = 25526;

-- Event #75, M.Prg: 25527, tot. athletes: 1
-- Tot. progr. duration: 119 (sec), Heat durations: [11996] (hds)
-- Session begin time: 2014-05-25 08:30:00 +0200, Computed begin time: 2014-05-25 12:15:03 +0200
UPDATE meeting_programs SET begin_time = '2014-05-25 12:15' WHERE id = 25527;

-- Event #76, M.Prg: 25528, tot. athletes: 1
-- Tot. progr. duration: 102 (sec), Heat durations: [10202] (hds)
-- Session begin time: 2014-05-25 08:30:00 +0200, Computed begin time: 2014-05-25 12:17:02 +0200
UPDATE meeting_programs SET begin_time = '2014-05-25 12:17' WHERE id = 25528;

-- Event #77, M.Prg: 25529, tot. athletes: 4
-- Tot. progr. duration: 103 (sec), Heat durations: [10330] (hds)
-- Session begin time: 2014-05-25 08:30:00 +0200, Computed begin time: 2014-05-25 12:18:44 +0200
UPDATE meeting_programs SET begin_time = '2014-05-25 12:18' WHERE id = 25529;

-- Event #78, M.Prg: 25530, tot. athletes: 5
-- Tot. progr. duration: 101 (sec), Heat durations: [10139] (hds)
-- Session begin time: 2014-05-25 08:30:00 +0200, Computed begin time: 2014-05-25 12:20:27 +0200
UPDATE meeting_programs SET begin_time = '2014-05-25 12:20' WHERE id = 25530;

-- Event #79, M.Prg: 25531, tot. athletes: 2
-- Tot. progr. duration: 92 (sec), Heat durations: [9216] (hds)
-- Session begin time: 2014-05-25 08:30:00 +0200, Computed begin time: 2014-05-25 12:22:08 +0200
UPDATE meeting_programs SET begin_time = '2014-05-25 12:22' WHERE id = 25531;

-- Event #80, M.Prg: 25532, tot. athletes: 1
-- Tot. progr. duration: 91 (sec), Heat durations: [9183] (hds)
-- Session begin time: 2014-05-25 08:30:00 +0200, Computed begin time: 2014-05-25 12:23:40 +0200
UPDATE meeting_programs SET begin_time = '2014-05-25 12:23' WHERE id = 25532;

-- Event #81, M.Prg: 25533, tot. athletes: 2
-- Tot. progr. duration: 100 (sec), Heat durations: [10053] (hds)
-- Session begin time: 2014-05-25 08:30:00 +0200, Computed begin time: 2014-05-25 12:25:11 +0200
UPDATE meeting_programs SET begin_time = '2014-05-25 12:25' WHERE id = 25533;

-- Event #82, M.Prg: 25534, tot. athletes: 1
-- Tot. progr. duration: 94 (sec), Heat durations: [9483] (hds)
-- Session begin time: 2014-05-25 08:30:00 +0200, Computed begin time: 2014-05-25 12:26:51 +0200
UPDATE meeting_programs SET begin_time = '2014-05-25 12:26' WHERE id = 25534;

-- Event #83, M.Prg: 25535, tot. athletes: 3
-- Tot. progr. duration: 100 (sec), Heat durations: [10073] (hds)
-- Session begin time: 2014-05-25 08:30:00 +0200, Computed begin time: 2014-05-25 12:28:25 +0200
UPDATE meeting_programs SET begin_time = '2014-05-25 12:28' WHERE id = 25535;

-- Event #84, M.Prg: 25536, tot. athletes: 1
-- Tot. progr. duration: 108 (sec), Heat durations: [10876] (hds)
-- Session begin time: 2014-05-25 08:30:00 +0200, Computed begin time: 2014-05-25 12:30:05 +0200
UPDATE meeting_programs SET begin_time = '2014-05-25 12:30' WHERE id = 25536;

-- Event #85, M.Prg: 25537, tot. athletes: 1
-- Tot. progr. duration: 101 (sec), Heat durations: [10174] (hds)
-- Session begin time: 2014-05-25 08:30:00 +0200, Computed begin time: 2014-05-25 12:31:53 +0200
UPDATE meeting_programs SET begin_time = '2014-05-25 12:31' WHERE id = 25537;

-- Event #86, M.Prg: 25538, tot. athletes: 2
-- Tot. progr. duration: 103 (sec), Heat durations: [10316] (hds)
-- Session begin time: 2014-05-25 08:30:00 +0200, Computed begin time: 2014-05-25 12:33:34 +0200
UPDATE meeting_programs SET begin_time = '2014-05-25 12:33' WHERE id = 25538;

-- Event #87, M.Prg: 25539, tot. athletes: 2
-- Tot. progr. duration: 112 (sec), Heat durations: [11201] (hds)
-- Session begin time: 2014-05-25 08:30:00 +0200, Computed begin time: 2014-05-25 12:35:17 +0200
UPDATE meeting_programs SET begin_time = '2014-05-25 12:35' WHERE id = 25539;

-- Event #88, M.Prg: 25540, tot. athletes: 1
-- Tot. progr. duration: 119 (sec), Heat durations: [11997] (hds)
-- Session begin time: 2014-05-25 08:30:00 +0200, Computed begin time: 2014-05-25 12:37:09 +0200
UPDATE meeting_programs SET begin_time = '2014-05-25 12:37' WHERE id = 25540;

-- Event #89, M.Prg: 25541, tot. athletes: 2
-- Tot. progr. duration: 116 (sec), Heat durations: [11648] (hds)
-- Session begin time: 2014-05-25 08:30:00 +0200, Computed begin time: 2014-05-25 12:39:08 +0200
UPDATE meeting_programs SET begin_time = '2014-05-25 12:39' WHERE id = 25541;

-- Event #90, M.Prg: 25542, tot. athletes: 2
-- Tot. progr. duration: 131 (sec), Heat durations: [13160] (hds)
-- Session begin time: 2014-05-25 08:30:00 +0200, Computed begin time: 2014-05-25 12:41:04 +0200
UPDATE meeting_programs SET begin_time = '2014-05-25 12:41' WHERE id = 25542;

-- Event #91, M.Prg: 25543, tot. athletes: 1
-- Tot. progr. duration: 128 (sec), Heat durations: [12809] (hds)
-- Session begin time: 2014-05-25 08:30:00 +0200, Computed begin time: 2014-05-25 12:43:15 +0200
UPDATE meeting_programs SET begin_time = '2014-05-25 12:43' WHERE id = 25543;

-- Event #92, M.Prg: 25544, tot. athletes: 3
-- Tot. progr. duration: 104 (sec), Heat durations: [10439] (hds)
-- Session begin time: 2014-05-25 08:30:00 +0200, Computed begin time: 2014-05-25 12:45:23 +0200
UPDATE meeting_programs SET begin_time = '2014-05-25 12:45' WHERE id = 25544;

-- Event #93, M.Prg: 25545, tot. athletes: 3
-- Tot. progr. duration: 107 (sec), Heat durations: [10782] (hds)
-- Session begin time: 2014-05-25 08:30:00 +0200, Computed begin time: 2014-05-25 12:47:07 +0200
UPDATE meeting_programs SET begin_time = '2014-05-25 12:47' WHERE id = 25545;

-- Event #94, M.Prg: 25546, tot. athletes: 1
-- Tot. progr. duration: 103 (sec), Heat durations: [10311] (hds)
-- Session begin time: 2014-05-25 08:30:00 +0200, Computed begin time: 2014-05-25 12:48:54 +0200
UPDATE meeting_programs SET begin_time = '2014-05-25 12:48' WHERE id = 25546;

-- Event #95, M.Prg: 25547, tot. athletes: 2
-- Tot. progr. duration: 110 (sec), Heat durations: [11068] (hds)
-- Session begin time: 2014-05-25 08:30:00 +0200, Computed begin time: 2014-05-25 12:50:37 +0200
UPDATE meeting_programs SET begin_time = '2014-05-25 12:50' WHERE id = 25547;

-- Event #96, M.Prg: 25548, tot. athletes: 3
-- Tot. progr. duration: 121 (sec), Heat durations: [12154] (hds)
-- Session begin time: 2014-05-25 08:30:00 +0200, Computed begin time: 2014-05-25 12:52:27 +0200
UPDATE meeting_programs SET begin_time = '2014-05-25 12:52' WHERE id = 25548;

-- Event #97, M.Prg: 25549, tot. athletes: 4
-- Tot. progr. duration: 120 (sec), Heat durations: [12061] (hds)
-- Session begin time: 2014-05-25 08:30:00 +0200, Computed begin time: 2014-05-25 12:54:28 +0200
UPDATE meeting_programs SET begin_time = '2014-05-25 12:54' WHERE id = 25549;

-- Event #98, M.Prg: 25550, tot. athletes: 1
-- Tot. progr. duration: 109 (sec), Heat durations: [10920] (hds)
-- Session begin time: 2014-05-25 08:30:00 +0200, Computed begin time: 2014-05-25 12:56:28 +0200
UPDATE meeting_programs SET begin_time = '2014-05-25 12:56' WHERE id = 25550;

-- Event #99, M.Prg: 25551, tot. athletes: 5
-- Tot. progr. duration: 128 (sec), Heat durations: [12809] (hds)
-- Session begin time: 2014-05-25 08:30:00 +0200, Computed begin time: 2014-05-25 12:58:17 +0200
UPDATE meeting_programs SET begin_time = '2014-05-25 12:58' WHERE id = 25551;

-- Event #100, M.Prg: 25552, tot. athletes: 1
-- Tot. progr. duration: 108 (sec), Heat durations: [10820] (hds)
-- Session begin time: 2014-05-25 08:30:00 +0200, Computed begin time: 2014-05-25 13:00:25 +0200
UPDATE meeting_programs SET begin_time = '2014-05-25 13:00' WHERE id = 25552;

-- Event #101, M.Prg: 25553, tot. athletes: 1
-- Tot. progr. duration: 119 (sec), Heat durations: [11919] (hds)
-- Session begin time: 2014-05-25 08:30:00 +0200, Computed begin time: 2014-05-25 13:02:13 +0200
UPDATE meeting_programs SET begin_time = '2014-05-25 13:02' WHERE id = 25553;

-- Event #102, M.Prg: 25554, tot. athletes: 1
-- Tot. progr. duration: 175 (sec), Heat durations: [17533] (hds)
-- Session begin time: 2014-05-25 08:30:00 +0200, Computed begin time: 2014-05-25 13:04:12 +0200
UPDATE meeting_programs SET begin_time = '2014-05-25 13:04' WHERE id = 25554;

-- Event #103, M.Prg: 25555, tot. athletes: 5
-- Tot. progr. duration: 102 (sec), Heat durations: [10289] (hds)
-- Session begin time: 2014-05-25 08:30:00 +0200, Computed begin time: 2014-05-25 13:07:07 +0200
UPDATE meeting_programs SET begin_time = '2014-05-25 13:07' WHERE id = 25555;

-- Event #104, M.Prg: 25556, tot. athletes: 2
-- Tot. progr. duration: 108 (sec), Heat durations: [10818] (hds)
-- Session begin time: 2014-05-25 08:30:00 +0200, Computed begin time: 2014-05-25 13:08:49 +0200
UPDATE meeting_programs SET begin_time = '2014-05-25 13:08' WHERE id = 25556;

-- Event #105, M.Prg: 25557, tot. athletes: 3
-- Tot. progr. duration: 105 (sec), Heat durations: [10510] (hds)
-- Session begin time: 2014-05-25 08:30:00 +0200, Computed begin time: 2014-05-25 13:10:37 +0200
UPDATE meeting_programs SET begin_time = '2014-05-25 13:10' WHERE id = 25557;

-- Event #106, M.Prg: 25558, tot. athletes: 2
-- Tot. progr. duration: 109 (sec), Heat durations: [10925] (hds)
-- Session begin time: 2014-05-25 08:30:00 +0200, Computed begin time: 2014-05-25 13:12:22 +0200
UPDATE meeting_programs SET begin_time = '2014-05-25 13:12' WHERE id = 25558;

-- Event #107, M.Prg: 25559, tot. athletes: 2
-- Tot. progr. duration: 112 (sec), Heat durations: [11212] (hds)
-- Session begin time: 2014-05-25 08:30:00 +0200, Computed begin time: 2014-05-25 13:14:11 +0200
UPDATE meeting_programs SET begin_time = '2014-05-25 13:14' WHERE id = 25559;

-- Event #108, M.Prg: 25560, tot. athletes: 1
-- Tot. progr. duration: 111 (sec), Heat durations: [11148] (hds)
-- Session begin time: 2014-05-25 08:30:00 +0200, Computed begin time: 2014-05-25 13:16:03 +0200
UPDATE meeting_programs SET begin_time = '2014-05-25 13:16' WHERE id = 25560;

-- Event #109, M.Prg: 25561, tot. athletes: 1
-- Tot. progr. duration: 133 (sec), Heat durations: [13397] (hds)
-- Session begin time: 2014-05-25 08:30:00 +0200, Computed begin time: 2014-05-25 13:17:54 +0200
UPDATE meeting_programs SET begin_time = '2014-05-25 13:17' WHERE id = 25561;

-- Event #110, M.Prg: 25562, tot. athletes: 2
-- Tot. progr. duration: 108 (sec), Heat durations: [10832] (hds)
-- Session begin time: 2014-05-25 08:30:00 +0200, Computed begin time: 2014-05-25 13:20:07 +0200
UPDATE meeting_programs SET begin_time = '2014-05-25 13:20' WHERE id = 25562;

-- Event #111, M.Prg: 25563, tot. athletes: 1
-- Tot. progr. duration: 178 (sec), Heat durations: [17883] (hds)
-- Session begin time: 2014-05-25 08:30:00 +0200, Computed begin time: 2014-05-25 13:21:55 +0200
UPDATE meeting_programs SET begin_time = '2014-05-25 13:21' WHERE id = 25563;

-- Event #112, M.Prg: 25564, tot. athletes: 3
-- Tot. progr. duration: 97 (sec), Heat durations: [9712] (hds)
-- Session begin time: 2014-05-25 08:30:00 +0200, Computed begin time: 2014-05-25 13:24:53 +0200
UPDATE meeting_programs SET begin_time = '2014-05-25 13:24' WHERE id = 25564;

-- Event #113, M.Prg: 25565, tot. athletes: 4
-- Tot. progr. duration: 96 (sec), Heat durations: [9625] (hds)
-- Session begin time: 2014-05-25 08:30:00 +0200, Computed begin time: 2014-05-25 13:26:30 +0200
UPDATE meeting_programs SET begin_time = '2014-05-25 13:26' WHERE id = 25565;

-- Event #114, M.Prg: 25566, tot. athletes: 15
-- Tot. progr. duration: 294 (sec), Heat durations: [10898, 9419, 9119] (hds)
-- Session begin time: 2014-05-25 08:30:00 +0200, Computed begin time: 2014-05-25 13:28:06 +0200
UPDATE meeting_programs SET begin_time = '2014-05-25 13:28' WHERE id = 25566;

-- Event #115, M.Prg: 25567, tot. athletes: 6
-- Tot. progr. duration: 98 (sec), Heat durations: [9885] (hds)
-- Session begin time: 2014-05-25 08:30:00 +0200, Computed begin time: 2014-05-25 13:33:00 +0200
UPDATE meeting_programs SET begin_time = '2014-05-25 13:33' WHERE id = 25567;

-- Event #116, M.Prg: 25568, tot. athletes: 4
-- Tot. progr. duration: 170 (sec), Heat durations: [17036] (hds)
-- Session begin time: 2014-05-25 08:30:00 +0200, Computed begin time: 2014-05-25 13:34:38 +0200
UPDATE meeting_programs SET begin_time = '2014-05-25 13:34' WHERE id = 25568;

-- Event #117, M.Prg: 25569, tot. athletes: 5
-- Tot. progr. duration: 99 (sec), Heat durations: [9902] (hds)
-- Session begin time: 2014-05-25 08:30:00 +0200, Computed begin time: 2014-05-25 13:37:28 +0200
UPDATE meeting_programs SET begin_time = '2014-05-25 13:37' WHERE id = 25569;

-- Event #118, M.Prg: 25570, tot. athletes: 5
-- Tot. progr. duration: 97 (sec), Heat durations: [9743] (hds)
-- Session begin time: 2014-05-25 08:30:00 +0200, Computed begin time: 2014-05-25 13:39:07 +0200
UPDATE meeting_programs SET begin_time = '2014-05-25 13:39' WHERE id = 25570;

-- Event #119, M.Prg: 25571, tot. athletes: 2
-- Tot. progr. duration: 96 (sec), Heat durations: [9605] (hds)
-- Session begin time: 2014-05-25 08:30:00 +0200, Computed begin time: 2014-05-25 13:40:44 +0200
UPDATE meeting_programs SET begin_time = '2014-05-25 13:40' WHERE id = 25571;

-- Event #120, M.Prg: 25572, tot. athletes: 4
-- Tot. progr. duration: 123 (sec), Heat durations: [12300] (hds)
-- Session begin time: 2014-05-25 08:30:00 +0200, Computed begin time: 2014-05-25 13:42:20 +0200
UPDATE meeting_programs SET begin_time = '2014-05-25 13:42' WHERE id = 25572;

-- Event #121, M.Prg: 25573, tot. athletes: 5
-- Tot. progr. duration: 109 (sec), Heat durations: [10950] (hds)
-- Session begin time: 2014-05-25 08:30:00 +0200, Computed begin time: 2014-05-25 13:44:23 +0200
UPDATE meeting_programs SET begin_time = '2014-05-25 13:44' WHERE id = 25573;

-- Event #122, M.Prg: 25574, tot. athletes: 1
-- Tot. progr. duration: 104 (sec), Heat durations: [10400] (hds)
-- Session begin time: 2014-05-25 08:30:00 +0200, Computed begin time: 2014-05-25 13:46:12 +0200
UPDATE meeting_programs SET begin_time = '2014-05-25 13:46' WHERE id = 25574;

-- Event #123, M.Prg: 25575, tot. athletes: 1
-- Tot. progr. duration: 102 (sec), Heat durations: [10253] (hds)
-- Session begin time: 2014-05-25 08:30:00 +0200, Computed begin time: 2014-05-25 13:47:56 +0200
UPDATE meeting_programs SET begin_time = '2014-05-25 13:47' WHERE id = 25575;

-- Event #124, M.Prg: 25576, tot. athletes: 2
-- Tot. progr. duration: 92 (sec), Heat durations: [9291] (hds)
-- Session begin time: 2014-05-25 08:30:00 +0200, Computed begin time: 2014-05-25 13:49:38 +0200
UPDATE meeting_programs SET begin_time = '2014-05-25 13:49' WHERE id = 25576;


-- Last completed phase code: 30
