-- *** SQL Diff file for ris20150606trentonuotatoritrentini.txt ***
-- Timestamp: 201509121116
INSERT INTO `meeting_events` (`id`, `created_at`, `updated_at`, `event_order`, `begin_time`, `is_out_of_race`, `is_autofilled`, `notes`, `meeting_session_id`, `event_type_id`, `heat_type_id`, `user_id`, `has_separate_gender_start_list`, `has_separate_category_start_list`)
  VALUES (3577, '2015-09-12 11:34:56', '2015-09-12 11:34:56', 1, '2000-01-01 08:02:00', 0, 1, NULL, 730, 16, 3, 1, 1, 0);

INSERT INTO `meeting_programs` (`id`, `event_order`, `category_type_id`, `gender_type_id`, `user_id`, `created_at`, `updated_at`, `is_autofilled`, `is_out_of_race`, `begin_time`, `meeting_event_id`, `pool_type_id`, `time_standard_id`)
  VALUES (31474, 1, 836, 2, 1, '2015-09-12 11:34:56', '2015-09-12 11:34:56', 1, 0, '2000-01-01 08:02:00', 3577, 2, 4091);

INSERT INTO `meeting_programs` (`id`, `event_order`, `category_type_id`, `gender_type_id`, `user_id`, `created_at`, `updated_at`, `is_autofilled`, `is_out_of_race`, `begin_time`, `meeting_event_id`, `pool_type_id`, `time_standard_id`)
  VALUES (31475, 2, 837, 2, 1, '2015-09-12 11:34:57', '2015-09-12 11:34:57', 1, 0, '2000-01-01 08:04:00', 3577, 2, 4108);

INSERT INTO `meeting_programs` (`id`, `event_order`, `category_type_id`, `gender_type_id`, `user_id`, `created_at`, `updated_at`, `is_autofilled`, `is_out_of_race`, `begin_time`, `meeting_event_id`, `pool_type_id`, `time_standard_id`)
  VALUES (31476, 3, 839, 2, 1, '2015-09-12 11:34:57', '2015-09-12 11:34:57', 1, 0, '2000-01-01 08:06:00', 3577, 2, 4142);

INSERT INTO `meeting_programs` (`id`, `event_order`, `category_type_id`, `gender_type_id`, `user_id`, `created_at`, `updated_at`, `is_autofilled`, `is_out_of_race`, `begin_time`, `meeting_event_id`, `pool_type_id`, `time_standard_id`)
  VALUES (31477, 4, 842, 2, 1, '2015-09-12 11:34:57', '2015-09-12 11:34:57', 1, 0, '2000-01-01 08:08:00', 3577, 2, 4193);

INSERT INTO `meeting_programs` (`id`, `event_order`, `category_type_id`, `gender_type_id`, `user_id`, `created_at`, `updated_at`, `is_autofilled`, `is_out_of_race`, `begin_time`, `meeting_event_id`, `pool_type_id`, `time_standard_id`)
  VALUES (31478, 5, 845, 2, 1, '2015-09-12 11:34:57', '2015-09-12 11:34:57', 1, 0, '2000-01-01 08:10:00', 3577, 2, 4244);

INSERT INTO `meeting_programs` (`id`, `event_order`, `category_type_id`, `gender_type_id`, `user_id`, `created_at`, `updated_at`, `is_autofilled`, `is_out_of_race`, `begin_time`, `meeting_event_id`, `pool_type_id`, `time_standard_id`)
  VALUES (31479, 6, 834, 1, 1, '2015-09-12 11:34:57', '2015-09-12 11:34:57', 1, 0, '2000-01-01 08:12:00', 3577, 2, 3540);

INSERT INTO `meeting_programs` (`id`, `event_order`, `category_type_id`, `gender_type_id`, `user_id`, `created_at`, `updated_at`, `is_autofilled`, `is_out_of_race`, `begin_time`, `meeting_event_id`, `pool_type_id`, `time_standard_id`)
  VALUES (31480, 7, 835, 1, 1, '2015-09-12 11:34:57', '2015-09-12 11:34:57', 1, 0, '2000-01-01 08:14:00', 3577, 2, 3557);

INSERT INTO `meeting_programs` (`id`, `event_order`, `category_type_id`, `gender_type_id`, `user_id`, `created_at`, `updated_at`, `is_autofilled`, `is_out_of_race`, `begin_time`, `meeting_event_id`, `pool_type_id`, `time_standard_id`)
  VALUES (31481, 8, 836, 1, 1, '2015-09-12 11:34:57', '2015-09-12 11:34:57', 1, 0, '2000-01-01 08:16:00', 3577, 2, 3574);

INSERT INTO `meeting_programs` (`id`, `event_order`, `category_type_id`, `gender_type_id`, `user_id`, `created_at`, `updated_at`, `is_autofilled`, `is_out_of_race`, `begin_time`, `meeting_event_id`, `pool_type_id`, `time_standard_id`)
  VALUES (31482, 9, 840, 1, 1, '2015-09-12 11:34:57', '2015-09-12 11:34:57', 1, 0, '2000-01-01 08:18:00', 3577, 2, 3642);

INSERT INTO `meeting_programs` (`id`, `event_order`, `category_type_id`, `gender_type_id`, `user_id`, `created_at`, `updated_at`, `is_autofilled`, `is_out_of_race`, `begin_time`, `meeting_event_id`, `pool_type_id`, `time_standard_id`)
  VALUES (31483, 10, 841, 1, 1, '2015-09-12 11:34:57', '2015-09-12 11:34:57', 1, 0, '2000-01-01 08:20:00', 3577, 2, 3659);

INSERT INTO `meeting_events` (`id`, `created_at`, `updated_at`, `event_order`, `begin_time`, `is_out_of_race`, `is_autofilled`, `notes`, `meeting_session_id`, `event_type_id`, `heat_type_id`, `user_id`, `has_separate_gender_start_list`, `has_separate_category_start_list`)
  VALUES (3578, '2015-09-12 11:34:57', '2015-09-12 11:34:57', 2, '2000-01-01 08:22:00', 0, 1, NULL, 730, 3, 3, 1, 1, 0);

INSERT INTO `meeting_programs` (`id`, `event_order`, `category_type_id`, `gender_type_id`, `user_id`, `created_at`, `updated_at`, `is_autofilled`, `is_out_of_race`, `begin_time`, `meeting_event_id`, `pool_type_id`, `time_standard_id`)
  VALUES (31484, 11, 834, 2, 1, '2015-09-12 11:34:57', '2015-09-12 11:34:57', 1, 0, '2000-01-01 08:22:00', 3578, 2, 4051);

INSERT INTO `meeting_programs` (`id`, `event_order`, `category_type_id`, `gender_type_id`, `user_id`, `created_at`, `updated_at`, `is_autofilled`, `is_out_of_race`, `begin_time`, `meeting_event_id`, `pool_type_id`, `time_standard_id`)
  VALUES (31485, 12, 835, 2, 1, '2015-09-12 11:34:58', '2015-09-12 11:34:58', 1, 0, '2000-01-01 08:24:00', 3578, 2, 4068);

INSERT INTO `meeting_programs` (`id`, `event_order`, `category_type_id`, `gender_type_id`, `user_id`, `created_at`, `updated_at`, `is_autofilled`, `is_out_of_race`, `begin_time`, `meeting_event_id`, `pool_type_id`, `time_standard_id`)
  VALUES (31486, 13, 836, 2, 1, '2015-09-12 11:34:58', '2015-09-12 11:34:58', 1, 0, '2000-01-01 08:26:00', 3578, 2, 4085);

INSERT INTO `meeting_programs` (`id`, `event_order`, `category_type_id`, `gender_type_id`, `user_id`, `created_at`, `updated_at`, `is_autofilled`, `is_out_of_race`, `begin_time`, `meeting_event_id`, `pool_type_id`, `time_standard_id`)
  VALUES (31487, 14, 837, 2, 1, '2015-09-12 11:34:58', '2015-09-12 11:34:58', 1, 0, '2000-01-01 08:28:00', 3578, 2, 4102);

INSERT INTO `meeting_programs` (`id`, `event_order`, `category_type_id`, `gender_type_id`, `user_id`, `created_at`, `updated_at`, `is_autofilled`, `is_out_of_race`, `begin_time`, `meeting_event_id`, `pool_type_id`, `time_standard_id`)
  VALUES (31488, 15, 838, 2, 1, '2015-09-12 11:34:58', '2015-09-12 11:34:58', 1, 0, '2000-01-01 08:30:00', 3578, 2, 4119);

INSERT INTO `meeting_programs` (`id`, `event_order`, `category_type_id`, `gender_type_id`, `user_id`, `created_at`, `updated_at`, `is_autofilled`, `is_out_of_race`, `begin_time`, `meeting_event_id`, `pool_type_id`, `time_standard_id`)
  VALUES (31489, 16, 839, 2, 1, '2015-09-12 11:34:58', '2015-09-12 11:34:58', 1, 0, '2000-01-01 08:32:00', 3578, 2, 4136);

INSERT INTO `meeting_programs` (`id`, `event_order`, `category_type_id`, `gender_type_id`, `user_id`, `created_at`, `updated_at`, `is_autofilled`, `is_out_of_race`, `begin_time`, `meeting_event_id`, `pool_type_id`, `time_standard_id`)
  VALUES (31490, 17, 840, 2, 1, '2015-09-12 11:34:58', '2015-09-12 11:34:58', 1, 0, '2000-01-01 08:34:00', 3578, 2, 4153);

INSERT INTO `meeting_programs` (`id`, `event_order`, `category_type_id`, `gender_type_id`, `user_id`, `created_at`, `updated_at`, `is_autofilled`, `is_out_of_race`, `begin_time`, `meeting_event_id`, `pool_type_id`, `time_standard_id`)
  VALUES (31491, 18, 841, 2, 1, '2015-09-12 11:34:58', '2015-09-12 11:34:58', 1, 0, '2000-01-01 08:36:00', 3578, 2, 4170);

INSERT INTO `meeting_programs` (`id`, `event_order`, `category_type_id`, `gender_type_id`, `user_id`, `created_at`, `updated_at`, `is_autofilled`, `is_out_of_race`, `begin_time`, `meeting_event_id`, `pool_type_id`, `time_standard_id`)
  VALUES (31492, 19, 842, 2, 1, '2015-09-12 11:34:58', '2015-09-12 11:34:58', 1, 0, '2000-01-01 08:38:00', 3578, 2, 4187);

INSERT INTO `meeting_programs` (`id`, `event_order`, `category_type_id`, `gender_type_id`, `user_id`, `created_at`, `updated_at`, `is_autofilled`, `is_out_of_race`, `begin_time`, `meeting_event_id`, `pool_type_id`, `time_standard_id`)
  VALUES (31493, 20, 833, 2, 1, '2015-09-12 11:34:59', '2015-09-12 11:34:59', 1, 0, '2000-01-01 08:40:00', 3578, 2, NULL);

INSERT INTO `meeting_programs` (`id`, `event_order`, `category_type_id`, `gender_type_id`, `user_id`, `created_at`, `updated_at`, `is_autofilled`, `is_out_of_race`, `begin_time`, `meeting_event_id`, `pool_type_id`, `time_standard_id`)
  VALUES (31494, 21, 834, 1, 1, '2015-09-12 11:34:59', '2015-09-12 11:34:59', 1, 0, '2000-01-01 08:42:00', 3578, 2, 3534);

INSERT INTO `meeting_programs` (`id`, `event_order`, `category_type_id`, `gender_type_id`, `user_id`, `created_at`, `updated_at`, `is_autofilled`, `is_out_of_race`, `begin_time`, `meeting_event_id`, `pool_type_id`, `time_standard_id`)
  VALUES (31495, 22, 835, 1, 1, '2015-09-12 11:34:59', '2015-09-12 11:34:59', 1, 0, '2000-01-01 08:44:00', 3578, 2, 3551);

INSERT INTO `meeting_programs` (`id`, `event_order`, `category_type_id`, `gender_type_id`, `user_id`, `created_at`, `updated_at`, `is_autofilled`, `is_out_of_race`, `begin_time`, `meeting_event_id`, `pool_type_id`, `time_standard_id`)
  VALUES (31496, 23, 836, 1, 1, '2015-09-12 11:34:59', '2015-09-12 11:34:59', 1, 0, '2000-01-01 08:46:00', 3578, 2, 3568);

INSERT INTO `meeting_programs` (`id`, `event_order`, `category_type_id`, `gender_type_id`, `user_id`, `created_at`, `updated_at`, `is_autofilled`, `is_out_of_race`, `begin_time`, `meeting_event_id`, `pool_type_id`, `time_standard_id`)
  VALUES (31497, 24, 837, 1, 1, '2015-09-12 11:34:59', '2015-09-12 11:34:59', 1, 0, '2000-01-01 08:48:00', 3578, 2, 3585);

INSERT INTO `meeting_programs` (`id`, `event_order`, `category_type_id`, `gender_type_id`, `user_id`, `created_at`, `updated_at`, `is_autofilled`, `is_out_of_race`, `begin_time`, `meeting_event_id`, `pool_type_id`, `time_standard_id`)
  VALUES (31498, 25, 838, 1, 1, '2015-09-12 11:34:59', '2015-09-12 11:34:59', 1, 0, '2000-01-01 08:50:00', 3578, 2, 3602);

INSERT INTO `meeting_programs` (`id`, `event_order`, `category_type_id`, `gender_type_id`, `user_id`, `created_at`, `updated_at`, `is_autofilled`, `is_out_of_race`, `begin_time`, `meeting_event_id`, `pool_type_id`, `time_standard_id`)
  VALUES (31499, 26, 839, 1, 1, '2015-09-12 11:34:59', '2015-09-12 11:34:59', 1, 0, '2000-01-01 08:52:00', 3578, 2, 3619);

INSERT INTO `meeting_programs` (`id`, `event_order`, `category_type_id`, `gender_type_id`, `user_id`, `created_at`, `updated_at`, `is_autofilled`, `is_out_of_race`, `begin_time`, `meeting_event_id`, `pool_type_id`, `time_standard_id`)
  VALUES (31500, 27, 840, 1, 1, '2015-09-12 11:34:59', '2015-09-12 11:34:59', 1, 0, '2000-01-01 08:54:00', 3578, 2, 3636);

INSERT INTO `meeting_programs` (`id`, `event_order`, `category_type_id`, `gender_type_id`, `user_id`, `created_at`, `updated_at`, `is_autofilled`, `is_out_of_race`, `begin_time`, `meeting_event_id`, `pool_type_id`, `time_standard_id`)
  VALUES (31501, 28, 841, 1, 1, '2015-09-12 11:34:59', '2015-09-12 11:34:59', 1, 0, '2000-01-01 08:56:00', 3578, 2, 3653);

INSERT INTO `meeting_programs` (`id`, `event_order`, `category_type_id`, `gender_type_id`, `user_id`, `created_at`, `updated_at`, `is_autofilled`, `is_out_of_race`, `begin_time`, `meeting_event_id`, `pool_type_id`, `time_standard_id`)
  VALUES (31502, 29, 842, 1, 1, '2015-09-12 11:34:59', '2015-09-12 11:34:59', 1, 0, '2000-01-01 08:58:00', 3578, 2, 3670);

INSERT INTO `meeting_programs` (`id`, `event_order`, `category_type_id`, `gender_type_id`, `user_id`, `created_at`, `updated_at`, `is_autofilled`, `is_out_of_race`, `begin_time`, `meeting_event_id`, `pool_type_id`, `time_standard_id`)
  VALUES (31503, 30, 844, 1, 1, '2015-09-12 11:35:00', '2015-09-12 11:35:00', 1, 0, '2000-01-01 09:00:00', 3578, 2, 3704);

INSERT INTO `meeting_events` (`id`, `created_at`, `updated_at`, `event_order`, `begin_time`, `is_out_of_race`, `is_autofilled`, `notes`, `meeting_session_id`, `event_type_id`, `heat_type_id`, `user_id`, `has_separate_gender_start_list`, `has_separate_category_start_list`)
  VALUES (3579, '2015-09-12 11:35:00', '2015-09-12 11:35:00', 3, '2000-01-01 09:02:00', 0, 1, NULL, 730, 23, 3, 1, 1, 0);

INSERT INTO `meeting_programs` (`id`, `event_order`, `category_type_id`, `gender_type_id`, `user_id`, `created_at`, `updated_at`, `is_autofilled`, `is_out_of_race`, `begin_time`, `meeting_event_id`, `pool_type_id`, `time_standard_id`)
  VALUES (31504, 31, 835, 2, 1, '2015-09-12 11:35:00', '2015-09-12 11:35:00', 1, 0, '2000-01-01 09:02:00', 3579, 2, 4082);

INSERT INTO `meeting_programs` (`id`, `event_order`, `category_type_id`, `gender_type_id`, `user_id`, `created_at`, `updated_at`, `is_autofilled`, `is_out_of_race`, `begin_time`, `meeting_event_id`, `pool_type_id`, `time_standard_id`)
  VALUES (31505, 32, 833, 2, 1, '2015-09-12 11:35:00', '2015-09-12 11:35:00', 1, 0, '2000-01-01 09:04:00', 3579, 2, NULL);

INSERT INTO `meeting_programs` (`id`, `event_order`, `category_type_id`, `gender_type_id`, `user_id`, `created_at`, `updated_at`, `is_autofilled`, `is_out_of_race`, `begin_time`, `meeting_event_id`, `pool_type_id`, `time_standard_id`)
  VALUES (31506, 33, 834, 1, 1, '2015-09-12 11:35:00', '2015-09-12 11:35:00', 1, 0, '2000-01-01 09:06:00', 3579, 2, 3548);

INSERT INTO `meeting_programs` (`id`, `event_order`, `category_type_id`, `gender_type_id`, `user_id`, `created_at`, `updated_at`, `is_autofilled`, `is_out_of_race`, `begin_time`, `meeting_event_id`, `pool_type_id`, `time_standard_id`)
  VALUES (31507, 34, 835, 1, 1, '2015-09-12 11:35:00', '2015-09-12 11:35:00', 1, 0, '2000-01-01 09:08:00', 3579, 2, 3565);

INSERT INTO `meeting_programs` (`id`, `event_order`, `category_type_id`, `gender_type_id`, `user_id`, `created_at`, `updated_at`, `is_autofilled`, `is_out_of_race`, `begin_time`, `meeting_event_id`, `pool_type_id`, `time_standard_id`)
  VALUES (31508, 35, 836, 1, 1, '2015-09-12 11:35:00', '2015-09-12 11:35:00', 1, 0, '2000-01-01 09:10:00', 3579, 2, 3582);

INSERT INTO `meeting_programs` (`id`, `event_order`, `category_type_id`, `gender_type_id`, `user_id`, `created_at`, `updated_at`, `is_autofilled`, `is_out_of_race`, `begin_time`, `meeting_event_id`, `pool_type_id`, `time_standard_id`)
  VALUES (31509, 36, 837, 1, 1, '2015-09-12 11:35:00', '2015-09-12 11:35:00', 1, 0, '2000-01-01 09:12:00', 3579, 2, 3599);

INSERT INTO `meeting_programs` (`id`, `event_order`, `category_type_id`, `gender_type_id`, `user_id`, `created_at`, `updated_at`, `is_autofilled`, `is_out_of_race`, `begin_time`, `meeting_event_id`, `pool_type_id`, `time_standard_id`)
  VALUES (31510, 37, 839, 1, 1, '2015-09-12 11:35:00', '2015-09-12 11:35:00', 1, 0, '2000-01-01 09:14:00', 3579, 2, 3633);

INSERT INTO `meeting_programs` (`id`, `event_order`, `category_type_id`, `gender_type_id`, `user_id`, `created_at`, `updated_at`, `is_autofilled`, `is_out_of_race`, `begin_time`, `meeting_event_id`, `pool_type_id`, `time_standard_id`)
  VALUES (31511, 38, 833, 1, 1, '2015-09-12 11:35:00', '2015-09-12 11:35:00', 1, 0, '2000-01-01 09:16:00', 3579, 2, NULL);

INSERT INTO `meeting_events` (`id`, `created_at`, `updated_at`, `event_order`, `begin_time`, `is_out_of_race`, `is_autofilled`, `notes`, `meeting_session_id`, `event_type_id`, `heat_type_id`, `user_id`, `has_separate_gender_start_list`, `has_separate_category_start_list`)
  VALUES (3580, '2015-09-12 11:35:00', '2015-09-12 11:35:00', 4, '2000-01-01 09:18:00', 0, 1, NULL, 730, 21, 3, 1, 1, 0);

INSERT INTO `meeting_programs` (`id`, `event_order`, `category_type_id`, `gender_type_id`, `user_id`, `created_at`, `updated_at`, `is_autofilled`, `is_out_of_race`, `begin_time`, `meeting_event_id`, `pool_type_id`, `time_standard_id`)
  VALUES (31512, 39, 836, 2, 1, '2015-09-12 11:35:00', '2015-09-12 11:35:00', 1, 0, '2000-01-01 09:18:00', 3580, 2, 4095);

INSERT INTO `meeting_programs` (`id`, `event_order`, `category_type_id`, `gender_type_id`, `user_id`, `created_at`, `updated_at`, `is_autofilled`, `is_out_of_race`, `begin_time`, `meeting_event_id`, `pool_type_id`, `time_standard_id`)
  VALUES (31513, 40, 838, 2, 1, '2015-09-12 11:35:00', '2015-09-12 11:35:00', 1, 0, '2000-01-01 09:20:00', 3580, 2, 4129);

INSERT INTO `meeting_programs` (`id`, `event_order`, `category_type_id`, `gender_type_id`, `user_id`, `created_at`, `updated_at`, `is_autofilled`, `is_out_of_race`, `begin_time`, `meeting_event_id`, `pool_type_id`, `time_standard_id`)
  VALUES (31514, 41, 834, 1, 1, '2015-09-12 11:35:01', '2015-09-12 11:35:01', 1, 0, '2000-01-01 09:22:00', 3580, 2, 3544);

INSERT INTO `meeting_programs` (`id`, `event_order`, `category_type_id`, `gender_type_id`, `user_id`, `created_at`, `updated_at`, `is_autofilled`, `is_out_of_race`, `begin_time`, `meeting_event_id`, `pool_type_id`, `time_standard_id`)
  VALUES (31515, 42, 835, 1, 1, '2015-09-12 11:35:01', '2015-09-12 11:35:01', 1, 0, '2000-01-01 09:24:00', 3580, 2, 3561);

INSERT INTO `meeting_programs` (`id`, `event_order`, `category_type_id`, `gender_type_id`, `user_id`, `created_at`, `updated_at`, `is_autofilled`, `is_out_of_race`, `begin_time`, `meeting_event_id`, `pool_type_id`, `time_standard_id`)
  VALUES (31516, 43, 836, 1, 1, '2015-09-12 11:35:01', '2015-09-12 11:35:01', 1, 0, '2000-01-01 09:26:00', 3580, 2, 3578);

INSERT INTO `meeting_programs` (`id`, `event_order`, `category_type_id`, `gender_type_id`, `user_id`, `created_at`, `updated_at`, `is_autofilled`, `is_out_of_race`, `begin_time`, `meeting_event_id`, `pool_type_id`, `time_standard_id`)
  VALUES (31517, 44, 837, 1, 1, '2015-09-12 11:35:01', '2015-09-12 11:35:01', 1, 0, '2000-01-01 09:28:00', 3580, 2, 3595);

INSERT INTO `meeting_programs` (`id`, `event_order`, `category_type_id`, `gender_type_id`, `user_id`, `created_at`, `updated_at`, `is_autofilled`, `is_out_of_race`, `begin_time`, `meeting_event_id`, `pool_type_id`, `time_standard_id`)
  VALUES (31518, 45, 838, 1, 1, '2015-09-12 11:35:01', '2015-09-12 11:35:01', 1, 0, '2000-01-01 09:30:00', 3580, 2, 3612);

INSERT INTO `meeting_programs` (`id`, `event_order`, `category_type_id`, `gender_type_id`, `user_id`, `created_at`, `updated_at`, `is_autofilled`, `is_out_of_race`, `begin_time`, `meeting_event_id`, `pool_type_id`, `time_standard_id`)
  VALUES (31519, 46, 839, 1, 1, '2015-09-12 11:35:01', '2015-09-12 11:35:01', 1, 0, '2000-01-01 09:32:00', 3580, 2, 3629);

INSERT INTO `meeting_programs` (`id`, `event_order`, `category_type_id`, `gender_type_id`, `user_id`, `created_at`, `updated_at`, `is_autofilled`, `is_out_of_race`, `begin_time`, `meeting_event_id`, `pool_type_id`, `time_standard_id`)
  VALUES (31520, 47, 840, 1, 1, '2015-09-12 11:35:01', '2015-09-12 11:35:01', 1, 0, '2000-01-01 09:34:00', 3580, 2, 3646);

INSERT INTO `meeting_programs` (`id`, `event_order`, `category_type_id`, `gender_type_id`, `user_id`, `created_at`, `updated_at`, `is_autofilled`, `is_out_of_race`, `begin_time`, `meeting_event_id`, `pool_type_id`, `time_standard_id`)
  VALUES (31521, 48, 841, 1, 1, '2015-09-12 11:35:01', '2015-09-12 11:35:01', 1, 0, '2000-01-01 09:36:00', 3580, 2, 3663);

INSERT INTO `meeting_programs` (`id`, `event_order`, `category_type_id`, `gender_type_id`, `user_id`, `created_at`, `updated_at`, `is_autofilled`, `is_out_of_race`, `begin_time`, `meeting_event_id`, `pool_type_id`, `time_standard_id`)
  VALUES (31522, 49, 842, 1, 1, '2015-09-12 11:35:01', '2015-09-12 11:35:01', 1, 0, '2000-01-01 09:38:00', 3580, 2, 3680);

INSERT INTO `meeting_programs` (`id`, `event_order`, `category_type_id`, `gender_type_id`, `user_id`, `created_at`, `updated_at`, `is_autofilled`, `is_out_of_race`, `begin_time`, `meeting_event_id`, `pool_type_id`, `time_standard_id`)
  VALUES (31523, 50, 833, 1, 1, '2015-09-12 11:35:01', '2015-09-12 11:35:01', 1, 0, '2000-01-01 09:40:00', 3580, 2, NULL);

INSERT INTO `meeting_events` (`id`, `created_at`, `updated_at`, `event_order`, `begin_time`, `is_out_of_race`, `is_autofilled`, `notes`, `meeting_session_id`, `event_type_id`, `heat_type_id`, `user_id`, `has_separate_gender_start_list`, `has_separate_category_start_list`)
  VALUES (3581, '2015-09-12 11:35:01', '2015-09-12 11:35:01', 5, '2000-01-01 09:42:00', 0, 1, NULL, 730, 15, 3, 1, 1, 0);

INSERT INTO `meeting_programs` (`id`, `event_order`, `category_type_id`, `gender_type_id`, `user_id`, `created_at`, `updated_at`, `is_autofilled`, `is_out_of_race`, `begin_time`, `meeting_event_id`, `pool_type_id`, `time_standard_id`)
  VALUES (31524, 51, 835, 2, 1, '2015-09-12 11:35:01', '2015-09-12 11:35:01', 1, 0, '2000-01-01 09:42:00', 3581, 2, 4073);

INSERT INTO `meeting_programs` (`id`, `event_order`, `category_type_id`, `gender_type_id`, `user_id`, `created_at`, `updated_at`, `is_autofilled`, `is_out_of_race`, `begin_time`, `meeting_event_id`, `pool_type_id`, `time_standard_id`)
  VALUES (31525, 52, 836, 2, 1, '2015-09-12 11:35:02', '2015-09-12 11:35:02', 1, 0, '2000-01-01 09:44:00', 3581, 2, 4090);

INSERT INTO `meeting_programs` (`id`, `event_order`, `category_type_id`, `gender_type_id`, `user_id`, `created_at`, `updated_at`, `is_autofilled`, `is_out_of_race`, `begin_time`, `meeting_event_id`, `pool_type_id`, `time_standard_id`)
  VALUES (31526, 53, 837, 2, 1, '2015-09-12 11:35:02', '2015-09-12 11:35:02', 1, 0, '2000-01-01 09:46:00', 3581, 2, 4107);

INSERT INTO `meeting_programs` (`id`, `event_order`, `category_type_id`, `gender_type_id`, `user_id`, `created_at`, `updated_at`, `is_autofilled`, `is_out_of_race`, `begin_time`, `meeting_event_id`, `pool_type_id`, `time_standard_id`)
  VALUES (31527, 54, 839, 2, 1, '2015-09-12 11:35:02', '2015-09-12 11:35:02', 1, 0, '2000-01-01 09:48:00', 3581, 2, 4141);

INSERT INTO `meeting_programs` (`id`, `event_order`, `category_type_id`, `gender_type_id`, `user_id`, `created_at`, `updated_at`, `is_autofilled`, `is_out_of_race`, `begin_time`, `meeting_event_id`, `pool_type_id`, `time_standard_id`)
  VALUES (31528, 55, 841, 2, 1, '2015-09-12 11:35:02', '2015-09-12 11:35:02', 1, 0, '2000-01-01 09:50:00', 3581, 2, 4175);

INSERT INTO `meeting_programs` (`id`, `event_order`, `category_type_id`, `gender_type_id`, `user_id`, `created_at`, `updated_at`, `is_autofilled`, `is_out_of_race`, `begin_time`, `meeting_event_id`, `pool_type_id`, `time_standard_id`)
  VALUES (31529, 56, 845, 2, 1, '2015-09-12 11:35:02', '2015-09-12 11:35:02', 1, 0, '2000-01-01 09:52:00', 3581, 2, 4243);

INSERT INTO `meeting_programs` (`id`, `event_order`, `category_type_id`, `gender_type_id`, `user_id`, `created_at`, `updated_at`, `is_autofilled`, `is_out_of_race`, `begin_time`, `meeting_event_id`, `pool_type_id`, `time_standard_id`)
  VALUES (31530, 57, 833, 2, 1, '2015-09-12 11:35:02', '2015-09-12 11:35:02', 1, 0, '2000-01-01 09:54:00', 3581, 2, NULL);

INSERT INTO `meeting_programs` (`id`, `event_order`, `category_type_id`, `gender_type_id`, `user_id`, `created_at`, `updated_at`, `is_autofilled`, `is_out_of_race`, `begin_time`, `meeting_event_id`, `pool_type_id`, `time_standard_id`)
  VALUES (31531, 58, 834, 1, 1, '2015-09-12 11:35:02', '2015-09-12 11:35:02', 1, 0, '2000-01-01 09:56:00', 3581, 2, 3539);

INSERT INTO `meeting_programs` (`id`, `event_order`, `category_type_id`, `gender_type_id`, `user_id`, `created_at`, `updated_at`, `is_autofilled`, `is_out_of_race`, `begin_time`, `meeting_event_id`, `pool_type_id`, `time_standard_id`)
  VALUES (31532, 59, 836, 1, 1, '2015-09-12 11:35:02', '2015-09-12 11:35:02', 1, 0, '2000-01-01 09:58:00', 3581, 2, 3573);

INSERT INTO `meeting_programs` (`id`, `event_order`, `category_type_id`, `gender_type_id`, `user_id`, `created_at`, `updated_at`, `is_autofilled`, `is_out_of_race`, `begin_time`, `meeting_event_id`, `pool_type_id`, `time_standard_id`)
  VALUES (31533, 60, 837, 1, 1, '2015-09-12 11:35:02', '2015-09-12 11:35:02', 1, 0, '2000-01-01 10:00:00', 3581, 2, 3590);

INSERT INTO `meeting_programs` (`id`, `event_order`, `category_type_id`, `gender_type_id`, `user_id`, `created_at`, `updated_at`, `is_autofilled`, `is_out_of_race`, `begin_time`, `meeting_event_id`, `pool_type_id`, `time_standard_id`)
  VALUES (31534, 61, 838, 1, 1, '2015-09-12 11:35:02', '2015-09-12 11:35:02', 1, 0, '2000-01-01 10:02:00', 3581, 2, 3607);

INSERT INTO `meeting_programs` (`id`, `event_order`, `category_type_id`, `gender_type_id`, `user_id`, `created_at`, `updated_at`, `is_autofilled`, `is_out_of_race`, `begin_time`, `meeting_event_id`, `pool_type_id`, `time_standard_id`)
  VALUES (31535, 62, 839, 1, 1, '2015-09-12 11:35:03', '2015-09-12 11:35:03', 1, 0, '2000-01-01 10:04:00', 3581, 2, 3624);

INSERT INTO `meeting_programs` (`id`, `event_order`, `category_type_id`, `gender_type_id`, `user_id`, `created_at`, `updated_at`, `is_autofilled`, `is_out_of_race`, `begin_time`, `meeting_event_id`, `pool_type_id`, `time_standard_id`)
  VALUES (31536, 63, 840, 1, 1, '2015-09-12 11:35:03', '2015-09-12 11:35:03', 1, 0, '2000-01-01 10:06:00', 3581, 2, 3641);

INSERT INTO `meeting_programs` (`id`, `event_order`, `category_type_id`, `gender_type_id`, `user_id`, `created_at`, `updated_at`, `is_autofilled`, `is_out_of_race`, `begin_time`, `meeting_event_id`, `pool_type_id`, `time_standard_id`)
  VALUES (31537, 64, 841, 1, 1, '2015-09-12 11:35:03', '2015-09-12 11:35:03', 1, 0, '2000-01-01 10:08:00', 3581, 2, 3658);

INSERT INTO `meeting_programs` (`id`, `event_order`, `category_type_id`, `gender_type_id`, `user_id`, `created_at`, `updated_at`, `is_autofilled`, `is_out_of_race`, `begin_time`, `meeting_event_id`, `pool_type_id`, `time_standard_id`)
  VALUES (31538, 65, 843, 1, 1, '2015-09-12 11:35:03', '2015-09-12 11:35:03', 1, 0, '2000-01-01 10:10:00', 3581, 2, 3692);

INSERT INTO `meeting_programs` (`id`, `event_order`, `category_type_id`, `gender_type_id`, `user_id`, `created_at`, `updated_at`, `is_autofilled`, `is_out_of_race`, `begin_time`, `meeting_event_id`, `pool_type_id`, `time_standard_id`)
  VALUES (31539, 66, 844, 1, 1, '2015-09-12 11:35:03', '2015-09-12 11:35:03', 1, 0, '2000-01-01 10:12:00', 3581, 2, 3709);

INSERT INTO `meeting_events` (`id`, `created_at`, `updated_at`, `event_order`, `begin_time`, `is_out_of_race`, `is_autofilled`, `notes`, `meeting_session_id`, `event_type_id`, `heat_type_id`, `user_id`, `has_separate_gender_start_list`, `has_separate_category_start_list`)
  VALUES (3582, '2015-09-12 11:35:03', '2015-09-12 11:35:03', 6, '2000-01-01 10:14:00', 0, 1, NULL, 730, 11, 3, 1, 1, 0);

INSERT INTO `meeting_programs` (`id`, `event_order`, `category_type_id`, `gender_type_id`, `user_id`, `created_at`, `updated_at`, `is_autofilled`, `is_out_of_race`, `begin_time`, `meeting_event_id`, `pool_type_id`, `time_standard_id`)
  VALUES (31540, 67, 835, 2, 1, '2015-09-12 11:35:03', '2015-09-12 11:35:03', 1, 0, '2000-01-01 10:14:00', 3582, 2, 4079);

INSERT INTO `meeting_programs` (`id`, `event_order`, `category_type_id`, `gender_type_id`, `user_id`, `created_at`, `updated_at`, `is_autofilled`, `is_out_of_race`, `begin_time`, `meeting_event_id`, `pool_type_id`, `time_standard_id`)
  VALUES (31541, 68, 836, 2, 1, '2015-09-12 11:35:03', '2015-09-12 11:35:03', 1, 0, '2000-01-01 10:16:00', 3582, 2, 4096);

INSERT INTO `meeting_programs` (`id`, `event_order`, `category_type_id`, `gender_type_id`, `user_id`, `created_at`, `updated_at`, `is_autofilled`, `is_out_of_race`, `begin_time`, `meeting_event_id`, `pool_type_id`, `time_standard_id`)
  VALUES (31542, 69, 837, 2, 1, '2015-09-12 11:35:03', '2015-09-12 11:35:03', 1, 0, '2000-01-01 10:18:00', 3582, 2, 4113);

INSERT INTO `meeting_programs` (`id`, `event_order`, `category_type_id`, `gender_type_id`, `user_id`, `created_at`, `updated_at`, `is_autofilled`, `is_out_of_race`, `begin_time`, `meeting_event_id`, `pool_type_id`, `time_standard_id`)
  VALUES (31543, 70, 841, 2, 1, '2015-09-12 11:35:03', '2015-09-12 11:35:03', 1, 0, '2000-01-01 10:20:00', 3582, 2, 4181);

INSERT INTO `meeting_programs` (`id`, `event_order`, `category_type_id`, `gender_type_id`, `user_id`, `created_at`, `updated_at`, `is_autofilled`, `is_out_of_race`, `begin_time`, `meeting_event_id`, `pool_type_id`, `time_standard_id`)
  VALUES (31544, 71, 833, 2, 1, '2015-09-12 11:35:03', '2015-09-12 11:35:03', 1, 0, '2000-01-01 10:22:00', 3582, 2, NULL);

INSERT INTO `meeting_programs` (`id`, `event_order`, `category_type_id`, `gender_type_id`, `user_id`, `created_at`, `updated_at`, `is_autofilled`, `is_out_of_race`, `begin_time`, `meeting_event_id`, `pool_type_id`, `time_standard_id`)
  VALUES (31545, 72, 834, 1, 1, '2015-09-12 11:35:04', '2015-09-12 11:35:04', 1, 0, '2000-01-01 10:24:00', 3582, 2, 3545);

INSERT INTO `meeting_programs` (`id`, `event_order`, `category_type_id`, `gender_type_id`, `user_id`, `created_at`, `updated_at`, `is_autofilled`, `is_out_of_race`, `begin_time`, `meeting_event_id`, `pool_type_id`, `time_standard_id`)
  VALUES (31546, 73, 835, 1, 1, '2015-09-12 11:35:04', '2015-09-12 11:35:04', 1, 0, '2000-01-01 10:26:00', 3582, 2, 3562);

INSERT INTO `meeting_programs` (`id`, `event_order`, `category_type_id`, `gender_type_id`, `user_id`, `created_at`, `updated_at`, `is_autofilled`, `is_out_of_race`, `begin_time`, `meeting_event_id`, `pool_type_id`, `time_standard_id`)
  VALUES (31547, 74, 836, 1, 1, '2015-09-12 11:35:04', '2015-09-12 11:35:04', 1, 0, '2000-01-01 10:28:00', 3582, 2, 3579);

INSERT INTO `meeting_programs` (`id`, `event_order`, `category_type_id`, `gender_type_id`, `user_id`, `created_at`, `updated_at`, `is_autofilled`, `is_out_of_race`, `begin_time`, `meeting_event_id`, `pool_type_id`, `time_standard_id`)
  VALUES (31548, 75, 837, 1, 1, '2015-09-12 11:35:04', '2015-09-12 11:35:04', 1, 0, '2000-01-01 10:30:00', 3582, 2, 3596);

INSERT INTO `meeting_programs` (`id`, `event_order`, `category_type_id`, `gender_type_id`, `user_id`, `created_at`, `updated_at`, `is_autofilled`, `is_out_of_race`, `begin_time`, `meeting_event_id`, `pool_type_id`, `time_standard_id`)
  VALUES (31549, 76, 838, 1, 1, '2015-09-12 11:35:04', '2015-09-12 11:35:04', 1, 0, '2000-01-01 10:32:00', 3582, 2, 3613);

INSERT INTO `meeting_programs` (`id`, `event_order`, `category_type_id`, `gender_type_id`, `user_id`, `created_at`, `updated_at`, `is_autofilled`, `is_out_of_race`, `begin_time`, `meeting_event_id`, `pool_type_id`, `time_standard_id`)
  VALUES (31550, 77, 839, 1, 1, '2015-09-12 11:35:04', '2015-09-12 11:35:04', 1, 0, '2000-01-01 10:34:00', 3582, 2, 3630);

INSERT INTO `meeting_programs` (`id`, `event_order`, `category_type_id`, `gender_type_id`, `user_id`, `created_at`, `updated_at`, `is_autofilled`, `is_out_of_race`, `begin_time`, `meeting_event_id`, `pool_type_id`, `time_standard_id`)
  VALUES (31551, 78, 840, 1, 1, '2015-09-12 11:35:04', '2015-09-12 11:35:04', 1, 0, '2000-01-01 10:36:00', 3582, 2, 3647);

INSERT INTO `meeting_programs` (`id`, `event_order`, `category_type_id`, `gender_type_id`, `user_id`, `created_at`, `updated_at`, `is_autofilled`, `is_out_of_race`, `begin_time`, `meeting_event_id`, `pool_type_id`, `time_standard_id`)
  VALUES (31552, 79, 841, 1, 1, '2015-09-12 11:35:04', '2015-09-12 11:35:04', 1, 0, '2000-01-01 10:38:00', 3582, 2, 3664);

INSERT INTO `meeting_programs` (`id`, `event_order`, `category_type_id`, `gender_type_id`, `user_id`, `created_at`, `updated_at`, `is_autofilled`, `is_out_of_race`, `begin_time`, `meeting_event_id`, `pool_type_id`, `time_standard_id`)
  VALUES (31553, 80, 833, 1, 1, '2015-09-12 11:35:04', '2015-09-12 11:35:04', 1, 0, '2000-01-01 10:40:00', 3582, 2, NULL);

INSERT INTO `meeting_events` (`id`, `created_at`, `updated_at`, `event_order`, `begin_time`, `is_out_of_race`, `is_autofilled`, `notes`, `meeting_session_id`, `event_type_id`, `heat_type_id`, `user_id`, `has_separate_gender_start_list`, `has_separate_category_start_list`)
  VALUES (3583, '2015-09-12 11:35:04', '2015-09-12 11:35:04', 7, '2000-01-01 10:42:00', 0, 1, NULL, 730, 19, 3, 1, 1, 0);

INSERT INTO `meeting_programs` (`id`, `event_order`, `category_type_id`, `gender_type_id`, `user_id`, `created_at`, `updated_at`, `is_autofilled`, `is_out_of_race`, `begin_time`, `meeting_event_id`, `pool_type_id`, `time_standard_id`)
  VALUES (31554, 81, 834, 2, 1, '2015-09-12 11:35:04', '2015-09-12 11:35:04', 1, 0, '2000-01-01 10:42:00', 3583, 2, 4059);

INSERT INTO `meeting_programs` (`id`, `event_order`, `category_type_id`, `gender_type_id`, `user_id`, `created_at`, `updated_at`, `is_autofilled`, `is_out_of_race`, `begin_time`, `meeting_event_id`, `pool_type_id`, `time_standard_id`)
  VALUES (31555, 82, 836, 2, 1, '2015-09-12 11:35:04', '2015-09-12 11:35:04', 1, 0, '2000-01-01 10:44:00', 3583, 2, 4093);

INSERT INTO `meeting_programs` (`id`, `event_order`, `category_type_id`, `gender_type_id`, `user_id`, `created_at`, `updated_at`, `is_autofilled`, `is_out_of_race`, `begin_time`, `meeting_event_id`, `pool_type_id`, `time_standard_id`)
  VALUES (31556, 83, 837, 2, 1, '2015-09-12 11:35:05', '2015-09-12 11:35:05', 1, 0, '2000-01-01 10:46:00', 3583, 2, 4110);

INSERT INTO `meeting_programs` (`id`, `event_order`, `category_type_id`, `gender_type_id`, `user_id`, `created_at`, `updated_at`, `is_autofilled`, `is_out_of_race`, `begin_time`, `meeting_event_id`, `pool_type_id`, `time_standard_id`)
  VALUES (31557, 84, 838, 2, 1, '2015-09-12 11:35:05', '2015-09-12 11:35:05', 1, 0, '2000-01-01 10:48:00', 3583, 2, 4127);

INSERT INTO `meeting_programs` (`id`, `event_order`, `category_type_id`, `gender_type_id`, `user_id`, `created_at`, `updated_at`, `is_autofilled`, `is_out_of_race`, `begin_time`, `meeting_event_id`, `pool_type_id`, `time_standard_id`)
  VALUES (31558, 85, 839, 2, 1, '2015-09-12 11:35:05', '2015-09-12 11:35:05', 1, 0, '2000-01-01 10:50:00', 3583, 2, 4144);

INSERT INTO `meeting_programs` (`id`, `event_order`, `category_type_id`, `gender_type_id`, `user_id`, `created_at`, `updated_at`, `is_autofilled`, `is_out_of_race`, `begin_time`, `meeting_event_id`, `pool_type_id`, `time_standard_id`)
  VALUES (31559, 86, 840, 2, 1, '2015-09-12 11:35:05', '2015-09-12 11:35:05', 1, 0, '2000-01-01 10:52:00', 3583, 2, 4161);

INSERT INTO `meeting_programs` (`id`, `event_order`, `category_type_id`, `gender_type_id`, `user_id`, `created_at`, `updated_at`, `is_autofilled`, `is_out_of_race`, `begin_time`, `meeting_event_id`, `pool_type_id`, `time_standard_id`)
  VALUES (31560, 87, 841, 2, 1, '2015-09-12 11:35:05', '2015-09-12 11:35:05', 1, 0, '2000-01-01 10:54:00', 3583, 2, 4178);

INSERT INTO `meeting_programs` (`id`, `event_order`, `category_type_id`, `gender_type_id`, `user_id`, `created_at`, `updated_at`, `is_autofilled`, `is_out_of_race`, `begin_time`, `meeting_event_id`, `pool_type_id`, `time_standard_id`)
  VALUES (31561, 88, 834, 1, 1, '2015-09-12 11:35:05', '2015-09-12 11:35:05', 1, 0, '2000-01-01 10:56:00', 3583, 2, 3542);

INSERT INTO `meeting_programs` (`id`, `event_order`, `category_type_id`, `gender_type_id`, `user_id`, `created_at`, `updated_at`, `is_autofilled`, `is_out_of_race`, `begin_time`, `meeting_event_id`, `pool_type_id`, `time_standard_id`)
  VALUES (31562, 89, 835, 1, 1, '2015-09-12 11:35:05', '2015-09-12 11:35:05', 1, 0, '2000-01-01 10:58:00', 3583, 2, 3559);

INSERT INTO `meeting_programs` (`id`, `event_order`, `category_type_id`, `gender_type_id`, `user_id`, `created_at`, `updated_at`, `is_autofilled`, `is_out_of_race`, `begin_time`, `meeting_event_id`, `pool_type_id`, `time_standard_id`)
  VALUES (31563, 90, 836, 1, 1, '2015-09-12 11:35:05', '2015-09-12 11:35:05', 1, 0, '2000-01-01 11:00:00', 3583, 2, 3576);

INSERT INTO `meeting_programs` (`id`, `event_order`, `category_type_id`, `gender_type_id`, `user_id`, `created_at`, `updated_at`, `is_autofilled`, `is_out_of_race`, `begin_time`, `meeting_event_id`, `pool_type_id`, `time_standard_id`)
  VALUES (31564, 91, 837, 1, 1, '2015-09-12 11:35:05', '2015-09-12 11:35:05', 1, 0, '2000-01-01 11:02:00', 3583, 2, 3593);

INSERT INTO `meeting_programs` (`id`, `event_order`, `category_type_id`, `gender_type_id`, `user_id`, `created_at`, `updated_at`, `is_autofilled`, `is_out_of_race`, `begin_time`, `meeting_event_id`, `pool_type_id`, `time_standard_id`)
  VALUES (31565, 92, 838, 1, 1, '2015-09-12 11:35:05', '2015-09-12 11:35:05', 1, 0, '2000-01-01 11:04:00', 3583, 2, 3610);

INSERT INTO `meeting_programs` (`id`, `event_order`, `category_type_id`, `gender_type_id`, `user_id`, `created_at`, `updated_at`, `is_autofilled`, `is_out_of_race`, `begin_time`, `meeting_event_id`, `pool_type_id`, `time_standard_id`)
  VALUES (31566, 93, 839, 1, 1, '2015-09-12 11:35:05', '2015-09-12 11:35:05', 1, 0, '2000-01-01 11:06:00', 3583, 2, 3627);

INSERT INTO `meeting_programs` (`id`, `event_order`, `category_type_id`, `gender_type_id`, `user_id`, `created_at`, `updated_at`, `is_autofilled`, `is_out_of_race`, `begin_time`, `meeting_event_id`, `pool_type_id`, `time_standard_id`)
  VALUES (31567, 94, 840, 1, 1, '2015-09-12 11:35:05', '2015-09-12 11:35:05', 1, 0, '2000-01-01 11:08:00', 3583, 2, 3644);

INSERT INTO `meeting_programs` (`id`, `event_order`, `category_type_id`, `gender_type_id`, `user_id`, `created_at`, `updated_at`, `is_autofilled`, `is_out_of_race`, `begin_time`, `meeting_event_id`, `pool_type_id`, `time_standard_id`)
  VALUES (31568, 95, 841, 1, 1, '2015-09-12 11:35:06', '2015-09-12 11:35:06', 1, 0, '2000-01-01 11:10:00', 3583, 2, 3661);

INSERT INTO `meeting_programs` (`id`, `event_order`, `category_type_id`, `gender_type_id`, `user_id`, `created_at`, `updated_at`, `is_autofilled`, `is_out_of_race`, `begin_time`, `meeting_event_id`, `pool_type_id`, `time_standard_id`)
  VALUES (31569, 96, 842, 1, 1, '2015-09-12 11:35:06', '2015-09-12 11:35:06', 1, 0, '2000-01-01 11:12:00', 3583, 2, 3678);

INSERT INTO `meeting_programs` (`id`, `event_order`, `category_type_id`, `gender_type_id`, `user_id`, `created_at`, `updated_at`, `is_autofilled`, `is_out_of_race`, `begin_time`, `meeting_event_id`, `pool_type_id`, `time_standard_id`)
  VALUES (31570, 97, 843, 1, 1, '2015-09-12 11:35:06', '2015-09-12 11:35:06', 1, 0, '2000-01-01 11:14:00', 3583, 2, 3695);

INSERT INTO `meeting_events` (`id`, `created_at`, `updated_at`, `event_order`, `begin_time`, `is_out_of_race`, `is_autofilled`, `notes`, `meeting_session_id`, `event_type_id`, `heat_type_id`, `user_id`, `has_separate_gender_start_list`, `has_separate_category_start_list`)
  VALUES (3584, '2015-09-12 11:35:06', '2015-09-12 11:35:06', 8, '2000-01-01 11:16:00', 0, 1, NULL, 730, 2, 3, 1, 1, 0);

INSERT INTO `meeting_programs` (`id`, `event_order`, `category_type_id`, `gender_type_id`, `user_id`, `created_at`, `updated_at`, `is_autofilled`, `is_out_of_race`, `begin_time`, `meeting_event_id`, `pool_type_id`, `time_standard_id`)
  VALUES (31571, 98, 834, 2, 1, '2015-09-12 11:35:06', '2015-09-12 11:35:06', 1, 0, '2000-01-01 11:16:00', 3584, 2, 4050);

INSERT INTO `meeting_programs` (`id`, `event_order`, `category_type_id`, `gender_type_id`, `user_id`, `created_at`, `updated_at`, `is_autofilled`, `is_out_of_race`, `begin_time`, `meeting_event_id`, `pool_type_id`, `time_standard_id`)
  VALUES (31572, 99, 835, 2, 1, '2015-09-12 11:35:06', '2015-09-12 11:35:06', 1, 0, '2000-01-01 11:18:00', 3584, 2, 4067);

INSERT INTO `meeting_programs` (`id`, `event_order`, `category_type_id`, `gender_type_id`, `user_id`, `created_at`, `updated_at`, `is_autofilled`, `is_out_of_race`, `begin_time`, `meeting_event_id`, `pool_type_id`, `time_standard_id`)
  VALUES (31573, 100, 836, 2, 1, '2015-09-12 11:35:06', '2015-09-12 11:35:06', 1, 0, '2000-01-01 11:20:00', 3584, 2, 4084);

INSERT INTO `meeting_programs` (`id`, `event_order`, `category_type_id`, `gender_type_id`, `user_id`, `created_at`, `updated_at`, `is_autofilled`, `is_out_of_race`, `begin_time`, `meeting_event_id`, `pool_type_id`, `time_standard_id`)
  VALUES (31574, 101, 837, 2, 1, '2015-09-12 11:35:06', '2015-09-12 11:35:06', 1, 0, '2000-01-01 11:22:00', 3584, 2, 4101);

INSERT INTO `meeting_programs` (`id`, `event_order`, `category_type_id`, `gender_type_id`, `user_id`, `created_at`, `updated_at`, `is_autofilled`, `is_out_of_race`, `begin_time`, `meeting_event_id`, `pool_type_id`, `time_standard_id`)
  VALUES (31575, 102, 839, 2, 1, '2015-09-12 11:35:06', '2015-09-12 11:35:06', 1, 0, '2000-01-01 11:24:00', 3584, 2, 4135);

INSERT INTO `meeting_programs` (`id`, `event_order`, `category_type_id`, `gender_type_id`, `user_id`, `created_at`, `updated_at`, `is_autofilled`, `is_out_of_race`, `begin_time`, `meeting_event_id`, `pool_type_id`, `time_standard_id`)
  VALUES (31576, 103, 841, 2, 1, '2015-09-12 11:35:06', '2015-09-12 11:35:06', 1, 0, '2000-01-01 11:26:00', 3584, 2, 4169);

INSERT INTO `meeting_programs` (`id`, `event_order`, `category_type_id`, `gender_type_id`, `user_id`, `created_at`, `updated_at`, `is_autofilled`, `is_out_of_race`, `begin_time`, `meeting_event_id`, `pool_type_id`, `time_standard_id`)
  VALUES (31577, 104, 833, 2, 1, '2015-09-12 11:35:06', '2015-09-12 11:35:06', 1, 0, '2000-01-01 11:28:00', 3584, 2, NULL);

INSERT INTO `meeting_programs` (`id`, `event_order`, `category_type_id`, `gender_type_id`, `user_id`, `created_at`, `updated_at`, `is_autofilled`, `is_out_of_race`, `begin_time`, `meeting_event_id`, `pool_type_id`, `time_standard_id`)
  VALUES (31578, 105, 834, 1, 1, '2015-09-12 11:35:07', '2015-09-12 11:35:07', 1, 0, '2000-01-01 11:30:00', 3584, 2, 3533);

INSERT INTO `meeting_programs` (`id`, `event_order`, `category_type_id`, `gender_type_id`, `user_id`, `created_at`, `updated_at`, `is_autofilled`, `is_out_of_race`, `begin_time`, `meeting_event_id`, `pool_type_id`, `time_standard_id`)
  VALUES (31579, 106, 835, 1, 1, '2015-09-12 11:35:07', '2015-09-12 11:35:07', 1, 0, '2000-01-01 11:32:00', 3584, 2, 3550);

INSERT INTO `meeting_programs` (`id`, `event_order`, `category_type_id`, `gender_type_id`, `user_id`, `created_at`, `updated_at`, `is_autofilled`, `is_out_of_race`, `begin_time`, `meeting_event_id`, `pool_type_id`, `time_standard_id`)
  VALUES (31580, 107, 836, 1, 1, '2015-09-12 11:35:07', '2015-09-12 11:35:07', 1, 0, '2000-01-01 11:34:00', 3584, 2, 3567);

INSERT INTO `meeting_programs` (`id`, `event_order`, `category_type_id`, `gender_type_id`, `user_id`, `created_at`, `updated_at`, `is_autofilled`, `is_out_of_race`, `begin_time`, `meeting_event_id`, `pool_type_id`, `time_standard_id`)
  VALUES (31581, 108, 837, 1, 1, '2015-09-12 11:35:07', '2015-09-12 11:35:07', 1, 0, '2000-01-01 11:36:00', 3584, 2, 3584);

INSERT INTO `meeting_programs` (`id`, `event_order`, `category_type_id`, `gender_type_id`, `user_id`, `created_at`, `updated_at`, `is_autofilled`, `is_out_of_race`, `begin_time`, `meeting_event_id`, `pool_type_id`, `time_standard_id`)
  VALUES (31582, 109, 838, 1, 1, '2015-09-12 11:35:07', '2015-09-12 11:35:07', 1, 0, '2000-01-01 11:38:00', 3584, 2, 3601);

INSERT INTO `meeting_programs` (`id`, `event_order`, `category_type_id`, `gender_type_id`, `user_id`, `created_at`, `updated_at`, `is_autofilled`, `is_out_of_race`, `begin_time`, `meeting_event_id`, `pool_type_id`, `time_standard_id`)
  VALUES (31583, 110, 839, 1, 1, '2015-09-12 11:35:07', '2015-09-12 11:35:07', 1, 0, '2000-01-01 11:40:00', 3584, 2, 3618);

INSERT INTO `meeting_programs` (`id`, `event_order`, `category_type_id`, `gender_type_id`, `user_id`, `created_at`, `updated_at`, `is_autofilled`, `is_out_of_race`, `begin_time`, `meeting_event_id`, `pool_type_id`, `time_standard_id`)
  VALUES (31584, 111, 840, 1, 1, '2015-09-12 11:35:07', '2015-09-12 11:35:07', 1, 0, '2000-01-01 11:42:00', 3584, 2, 3635);

INSERT INTO `meeting_programs` (`id`, `event_order`, `category_type_id`, `gender_type_id`, `user_id`, `created_at`, `updated_at`, `is_autofilled`, `is_out_of_race`, `begin_time`, `meeting_event_id`, `pool_type_id`, `time_standard_id`)
  VALUES (31585, 112, 841, 1, 1, '2015-09-12 11:35:07', '2015-09-12 11:35:07', 1, 0, '2000-01-01 11:44:00', 3584, 2, 3652);

INSERT INTO `meeting_programs` (`id`, `event_order`, `category_type_id`, `gender_type_id`, `user_id`, `created_at`, `updated_at`, `is_autofilled`, `is_out_of_race`, `begin_time`, `meeting_event_id`, `pool_type_id`, `time_standard_id`)
  VALUES (31586, 113, 833, 1, 1, '2015-09-12 11:35:07', '2015-09-12 11:35:07', 1, 0, '2000-01-01 11:46:00', 3584, 2, NULL);

INSERT INTO `swimmers` (`id`, `last_name`, `first_name`, `year_of_birth`, `phone_mobile`, `phone_number`, `e_mail`, `nickname`, `associated_user_id`, `gender_type_id`, `user_id`, `created_at`, `updated_at`, `complete_name`, `is_year_guessed`)
  VALUES (19762, 'BIFFI', 'FRANCESCO', 1980, NULL, NULL, NULL, '', NULL, 1, 1, '2015-09-12 11:35:07', '2015-09-12 11:35:07', 'BIFFI FRANCESCO', 0);

INSERT INTO `swimmers` (`id`, `last_name`, `first_name`, `year_of_birth`, `phone_mobile`, `phone_number`, `e_mail`, `nickname`, `associated_user_id`, `gender_type_id`, `user_id`, `created_at`, `updated_at`, `complete_name`, `is_year_guessed`)
  VALUES (19763, 'BONAPACE', 'STEFANO', 1961, NULL, NULL, NULL, '', NULL, 1, 1, '2015-09-12 11:35:07', '2015-09-12 11:35:07', 'BONAPACE STEFANO', 0);

INSERT INTO `swimmers` (`id`, `last_name`, `first_name`, `year_of_birth`, `phone_mobile`, `phone_number`, `e_mail`, `nickname`, `associated_user_id`, `gender_type_id`, `user_id`, `created_at`, `updated_at`, `complete_name`, `is_year_guessed`)
  VALUES (19764, 'BRUSCHETTI', 'CHIARA', 1991, NULL, NULL, NULL, '', NULL, 2, 1, '2015-09-12 11:35:07', '2015-09-12 11:35:07', 'BRUSCHETTI CHIARA', 0);

INSERT INTO `swimmers` (`id`, `last_name`, `first_name`, `year_of_birth`, `phone_mobile`, `phone_number`, `e_mail`, `nickname`, `associated_user_id`, `gender_type_id`, `user_id`, `created_at`, `updated_at`, `complete_name`, `is_year_guessed`)
  VALUES (19765, 'CRISTELOTTI', 'CRISTIAN', 1983, NULL, NULL, NULL, '', NULL, 1, 1, '2015-09-12 11:35:07', '2015-09-12 11:35:07', 'CRISTELOTTI CRISTIAN', 0);

INSERT INTO `swimmers` (`id`, `last_name`, `first_name`, `year_of_birth`, `phone_mobile`, `phone_number`, `e_mail`, `nickname`, `associated_user_id`, `gender_type_id`, `user_id`, `created_at`, `updated_at`, `complete_name`, `is_year_guessed`)
  VALUES (19766, 'DANIELI', 'NERIO', 1962, NULL, NULL, NULL, '', NULL, 1, 1, '2015-09-12 11:35:08', '2015-09-12 11:35:08', 'DANIELI NERIO', 0);

INSERT INTO `swimmers` (`id`, `last_name`, `first_name`, `year_of_birth`, `phone_mobile`, `phone_number`, `e_mail`, `nickname`, `associated_user_id`, `gender_type_id`, `user_id`, `created_at`, `updated_at`, `complete_name`, `is_year_guessed`)
  VALUES (19767, 'FAZZI', 'RACHEL', 1995, NULL, NULL, NULL, '', NULL, 2, 1, '2015-09-12 11:35:08', '2015-09-12 11:35:08', 'FAZZI RACHEL', 0);

INSERT INTO `swimmers` (`id`, `last_name`, `first_name`, `year_of_birth`, `phone_mobile`, `phone_number`, `e_mail`, `nickname`, `associated_user_id`, `gender_type_id`, `user_id`, `created_at`, `updated_at`, `complete_name`, `is_year_guessed`)
  VALUES (19768, 'GHIELMI', 'ANDREA', 1972, NULL, NULL, NULL, '', NULL, 1, 1, '2015-09-12 11:35:08', '2015-09-12 11:35:08', 'GHIELMI ANDREA', 0);

INSERT INTO `swimmers` (`id`, `last_name`, `first_name`, `year_of_birth`, `phone_mobile`, `phone_number`, `e_mail`, `nickname`, `associated_user_id`, `gender_type_id`, `user_id`, `created_at`, `updated_at`, `complete_name`, `is_year_guessed`)
  VALUES (19769, 'GRENDELE', 'ALBERTO', 1990, NULL, NULL, NULL, '', NULL, 1, 1, '2015-09-12 11:35:08', '2015-09-12 11:35:08', 'GRENDELE ALBERTO', 0);

INSERT INTO `swimmers` (`id`, `last_name`, `first_name`, `year_of_birth`, `phone_mobile`, `phone_number`, `e_mail`, `nickname`, `associated_user_id`, `gender_type_id`, `user_id`, `created_at`, `updated_at`, `complete_name`, `is_year_guessed`)
  VALUES (19770, 'IACOMONI', 'PATRIZIO', 1970, NULL, NULL, NULL, '', NULL, 1, 1, '2015-09-12 11:35:08', '2015-09-12 11:35:08', 'IACOMONI PATRIZIO', 0);

INSERT INTO `swimmers` (`id`, `last_name`, `first_name`, `year_of_birth`, `phone_mobile`, `phone_number`, `e_mail`, `nickname`, `associated_user_id`, `gender_type_id`, `user_id`, `created_at`, `updated_at`, `complete_name`, `is_year_guessed`)
  VALUES (19771, 'MENEGHELLO', 'MARCO', 1973, NULL, NULL, NULL, '', NULL, 1, 1, '2015-09-12 11:35:08', '2015-09-12 11:35:08', 'MENEGHELLO MARCO', 0);

INSERT INTO `swimmers` (`id`, `last_name`, `first_name`, `year_of_birth`, `phone_mobile`, `phone_number`, `e_mail`, `nickname`, `associated_user_id`, `gender_type_id`, `user_id`, `created_at`, `updated_at`, `complete_name`, `is_year_guessed`)
  VALUES (19772, 'MICHELETTI', 'MARCO', 1967, NULL, NULL, NULL, '', NULL, 1, 1, '2015-09-12 11:35:08', '2015-09-12 11:35:08', 'MICHELETTI MARCO', 0);

INSERT INTO `swimmers` (`id`, `last_name`, `first_name`, `year_of_birth`, `phone_mobile`, `phone_number`, `e_mail`, `nickname`, `associated_user_id`, `gender_type_id`, `user_id`, `created_at`, `updated_at`, `complete_name`, `is_year_guessed`)
  VALUES (19773, 'NICHELATTI', 'ROBERTO', 1963, NULL, NULL, NULL, '', NULL, 1, 1, '2015-09-12 11:35:08', '2015-09-12 11:35:08', 'NICHELATTI ROBERTO', 0);

INSERT INTO `swimmers` (`id`, `last_name`, `first_name`, `year_of_birth`, `phone_mobile`, `phone_number`, `e_mail`, `nickname`, `associated_user_id`, `gender_type_id`, `user_id`, `created_at`, `updated_at`, `complete_name`, `is_year_guessed`)
  VALUES (19774, 'SACCARDO', 'JADER', 1975, NULL, NULL, NULL, '', NULL, 1, 1, '2015-09-12 11:35:08', '2015-09-12 11:35:08', 'SACCARDO JADER', 0);

INSERT INTO `swimmers` (`id`, `last_name`, `first_name`, `year_of_birth`, `phone_mobile`, `phone_number`, `e_mail`, `nickname`, `associated_user_id`, `gender_type_id`, `user_id`, `created_at`, `updated_at`, `complete_name`, `is_year_guessed`)
  VALUES (19775, 'SCOZ', 'MANUELA', 1957, NULL, NULL, NULL, '', NULL, 2, 1, '2015-09-12 11:35:08', '2015-09-12 11:35:08', 'SCOZ MANUELA', 0);

INSERT INTO `swimmers` (`id`, `last_name`, `first_name`, `year_of_birth`, `phone_mobile`, `phone_number`, `e_mail`, `nickname`, `associated_user_id`, `gender_type_id`, `user_id`, `created_at`, `updated_at`, `complete_name`, `is_year_guessed`)
  VALUES (19776, 'SIGNORELLO', 'DIEGO', 1965, NULL, NULL, NULL, '', NULL, 1, 1, '2015-09-12 11:35:08', '2015-09-12 11:35:08', 'SIGNORELLO DIEGO', 0);

INSERT INTO `swimmers` (`id`, `last_name`, `first_name`, `year_of_birth`, `phone_mobile`, `phone_number`, `e_mail`, `nickname`, `associated_user_id`, `gender_type_id`, `user_id`, `created_at`, `updated_at`, `complete_name`, `is_year_guessed`)
  VALUES (19777, 'URCIUOLI', 'ALESSANDRO', 1973, NULL, NULL, NULL, '', NULL, 1, 1, '2015-09-12 11:35:08', '2015-09-12 11:35:08', 'URCIUOLI ALESSANDRO', 0);

INSERT INTO `swimmers` (`id`, `last_name`, `first_name`, `year_of_birth`, `phone_mobile`, `phone_number`, `e_mail`, `nickname`, `associated_user_id`, `gender_type_id`, `user_id`, `created_at`, `updated_at`, `complete_name`, `is_year_guessed`)
  VALUES (19778, 'VALLA', 'LORENZO', 1959, NULL, NULL, NULL, '', NULL, 1, 1, '2015-09-12 11:35:08', '2015-09-12 11:35:08', 'VALLA LORENZO', 0);

INSERT INTO `swimmers` (`id`, `last_name`, `first_name`, `year_of_birth`, `phone_mobile`, `phone_number`, `e_mail`, `nickname`, `associated_user_id`, `gender_type_id`, `user_id`, `created_at`, `updated_at`, `complete_name`, `is_year_guessed`)
  VALUES (19779, 'LAZZERI', 'MASSIMO', 1965, NULL, NULL, NULL, '', NULL, 1, 1, '2015-09-12 11:35:08', '2015-09-12 11:35:08', 'LAZZERI MASSIMO', 0);

INSERT INTO `badges` (`id`, `number`, `season_id`, `swimmer_id`, `team_id`, `category_type_id`, `user_id`, `created_at`, `updated_at`, `entry_time_type_id`, `team_affiliation_id`)
  VALUES (27841, '?', 142, 11347, 456, 837, 1, '2015-09-12 11:35:08', '2015-09-12 11:35:08', 5, 1349);

INSERT INTO `badges` (`id`, `number`, `season_id`, `swimmer_id`, `team_id`, `category_type_id`, `user_id`, `created_at`, `updated_at`, `entry_time_type_id`, `team_affiliation_id`)
  VALUES (27842, '?', 142, 8446, 102, 845, 1, '2015-09-12 11:35:08', '2015-09-12 11:35:08', 5, 996);

INSERT INTO `badges` (`id`, `number`, `season_id`, `swimmer_id`, `team_id`, `category_type_id`, `user_id`, `created_at`, `updated_at`, `entry_time_type_id`, `team_affiliation_id`)
  VALUES (27843, '?', 142, 11321, 557, 834, 1, '2015-09-12 11:35:08', '2015-09-12 11:35:08', 5, 1346);

INSERT INTO `badges` (`id`, `number`, `season_id`, `swimmer_id`, `team_id`, `category_type_id`, `user_id`, `created_at`, `updated_at`, `entry_time_type_id`, `team_affiliation_id`)
  VALUES (27844, '?', 142, 11306, 557, 834, 1, '2015-09-12 11:35:08', '2015-09-12 11:35:08', 5, 1346);

INSERT INTO `badges` (`id`, `number`, `season_id`, `swimmer_id`, `team_id`, `category_type_id`, `user_id`, `created_at`, `updated_at`, `entry_time_type_id`, `team_affiliation_id`)
  VALUES (27845, '?', 142, 3636, 102, 835, 1, '2015-09-12 11:35:08', '2015-09-12 11:35:08', 5, 996);

INSERT INTO `badges` (`id`, `number`, `season_id`, `swimmer_id`, `team_id`, `category_type_id`, `user_id`, `created_at`, `updated_at`, `entry_time_type_id`, `team_affiliation_id`)
  VALUES (27846, '?', 142, 6222, 74, 836, 1, '2015-09-12 11:35:08', '2015-09-12 11:35:08', 5, 988);

INSERT INTO `badges` (`id`, `number`, `season_id`, `swimmer_id`, `team_id`, `category_type_id`, `user_id`, `created_at`, `updated_at`, `entry_time_type_id`, `team_affiliation_id`)
  VALUES (27847, '?', 142, 12624, 518, 836, 1, '2015-09-12 11:35:08', '2015-09-12 11:35:08', 5, 1350);

INSERT INTO `badges` (`id`, `number`, `season_id`, `swimmer_id`, `team_id`, `category_type_id`, `user_id`, `created_at`, `updated_at`, `entry_time_type_id`, `team_affiliation_id`)
  VALUES (27848, '?', 142, 8549, 466, 840, 1, '2015-09-12 11:35:08', '2015-09-12 11:35:08', 5, 1252);

INSERT INTO `badges` (`id`, `number`, `season_id`, `swimmer_id`, `team_id`, `category_type_id`, `user_id`, `created_at`, `updated_at`, `entry_time_type_id`, `team_affiliation_id`)
  VALUES (27849, '?', 142, 12682, 557, 834, 1, '2015-09-12 11:35:09', '2015-09-12 11:35:09', 5, 1346);

INSERT INTO `badges` (`id`, `number`, `season_id`, `swimmer_id`, `team_id`, `category_type_id`, `user_id`, `created_at`, `updated_at`, `entry_time_type_id`, `team_affiliation_id`)
  VALUES (27850, '?', 142, 12672, 557, 836, 1, '2015-09-12 11:35:09', '2015-09-12 11:35:09', 5, 1346);

INSERT INTO `badges` (`id`, `number`, `season_id`, `swimmer_id`, `team_id`, `category_type_id`, `user_id`, `created_at`, `updated_at`, `entry_time_type_id`, `team_affiliation_id`)
  VALUES (27851, '?', 142, 14131, 518, 839, 1, '2015-09-12 11:35:09', '2015-09-12 11:35:09', 5, 1350);

INSERT INTO `badges` (`id`, `number`, `season_id`, `swimmer_id`, `team_id`, `category_type_id`, `user_id`, `created_at`, `updated_at`, `entry_time_type_id`, `team_affiliation_id`)
  VALUES (27852, '?', 142, 19775, 364, 840, 1, '2015-09-12 11:35:09', '2015-09-12 11:35:09', 5, 1159);

INSERT INTO `badges` (`id`, `number`, `season_id`, `swimmer_id`, `team_id`, `category_type_id`, `user_id`, `created_at`, `updated_at`, `entry_time_type_id`, `team_affiliation_id`)
  VALUES (27853, '?', 142, 11337, 518, 834, 1, '2015-09-12 11:35:09', '2015-09-12 11:35:09', 5, 1350);

INSERT INTO `badges` (`id`, `number`, `season_id`, `swimmer_id`, `team_id`, `category_type_id`, `user_id`, `created_at`, `updated_at`, `entry_time_type_id`, `team_affiliation_id`)
  VALUES (27854, '?', 142, 19769, 518, 834, 1, '2015-09-12 11:35:09', '2015-09-12 11:35:09', 5, 1350);

INSERT INTO `badges` (`id`, `number`, `season_id`, `swimmer_id`, `team_id`, `category_type_id`, `user_id`, `created_at`, `updated_at`, `entry_time_type_id`, `team_affiliation_id`)
  VALUES (27855, '?', 142, 8498, 364, 834, 1, '2015-09-12 11:35:09', '2015-09-12 11:35:09', 5, 1159);

INSERT INTO `badges` (`id`, `number`, `season_id`, `swimmer_id`, `team_id`, `category_type_id`, `user_id`, `created_at`, `updated_at`, `entry_time_type_id`, `team_affiliation_id`)
  VALUES (27856, '?', 142, 19765, 102, 835, 1, '2015-09-12 11:35:09', '2015-09-12 11:35:09', 5, 996);

INSERT INTO `badges` (`id`, `number`, `season_id`, `swimmer_id`, `team_id`, `category_type_id`, `user_id`, `created_at`, `updated_at`, `entry_time_type_id`, `team_affiliation_id`)
  VALUES (27857, '?', 142, 17641, 557, 835, 1, '2015-09-12 11:35:09', '2015-09-12 11:35:09', 5, 1346);

INSERT INTO `badges` (`id`, `number`, `season_id`, `swimmer_id`, `team_id`, `category_type_id`, `user_id`, `created_at`, `updated_at`, `entry_time_type_id`, `team_affiliation_id`)
  VALUES (27858, '?', 142, 12671, 364, 835, 1, '2015-09-12 11:35:09', '2015-09-12 11:35:09', 5, 1159);

INSERT INTO `badges` (`id`, `number`, `season_id`, `swimmer_id`, `team_id`, `category_type_id`, `user_id`, `created_at`, `updated_at`, `entry_time_type_id`, `team_affiliation_id`)
  VALUES (27859, '?', 142, 8673, 456, 835, 1, '2015-09-12 11:35:09', '2015-09-12 11:35:09', 5, 1349);

INSERT INTO `badges` (`id`, `number`, `season_id`, `swimmer_id`, `team_id`, `category_type_id`, `user_id`, `created_at`, `updated_at`, `entry_time_type_id`, `team_affiliation_id`)
  VALUES (27860, '?', 142, 14832, 557, 835, 1, '2015-09-12 11:35:09', '2015-09-12 11:35:09', 5, 1346);

INSERT INTO `badges` (`id`, `number`, `season_id`, `swimmer_id`, `team_id`, `category_type_id`, `user_id`, `created_at`, `updated_at`, `entry_time_type_id`, `team_affiliation_id`)
  VALUES (27861, '?', 142, 17055, 364, 835, 1, '2015-09-12 11:35:09', '2015-09-12 11:35:09', 5, 1159);

INSERT INTO `badges` (`id`, `number`, `season_id`, `swimmer_id`, `team_id`, `category_type_id`, `user_id`, `created_at`, `updated_at`, `entry_time_type_id`, `team_affiliation_id`)
  VALUES (27862, '?', 142, 11353, 449, 836, 1, '2015-09-12 11:35:09', '2015-09-12 11:35:09', 5, 1192);

INSERT INTO `badges` (`id`, `number`, `season_id`, `swimmer_id`, `team_id`, `category_type_id`, `user_id`, `created_at`, `updated_at`, `entry_time_type_id`, `team_affiliation_id`)
  VALUES (27863, '?', 142, 2364, 74, 836, 1, '2015-09-12 11:35:09', '2015-09-12 11:35:09', 5, 988);

INSERT INTO `badges` (`id`, `number`, `season_id`, `swimmer_id`, `team_id`, `category_type_id`, `user_id`, `created_at`, `updated_at`, `entry_time_type_id`, `team_affiliation_id`)
  VALUES (27864, '?', 142, 19762, 102, 836, 1, '2015-09-12 11:35:09', '2015-09-12 11:35:09', 5, 996);

INSERT INTO `badges` (`id`, `number`, `season_id`, `swimmer_id`, `team_id`, `category_type_id`, `user_id`, `created_at`, `updated_at`, `entry_time_type_id`, `team_affiliation_id`)
  VALUES (27865, '?', 142, 11357, 518, 836, 1, '2015-09-12 11:35:09', '2015-09-12 11:35:09', 5, 1350);

INSERT INTO `badges` (`id`, `number`, `season_id`, `swimmer_id`, `team_id`, `category_type_id`, `user_id`, `created_at`, `updated_at`, `entry_time_type_id`, `team_affiliation_id`)
  VALUES (27866, '?', 142, 11318, 557, 836, 1, '2015-09-12 11:35:09', '2015-09-12 11:35:09', 5, 1346);

INSERT INTO `badges` (`id`, `number`, `season_id`, `swimmer_id`, `team_id`, `category_type_id`, `user_id`, `created_at`, `updated_at`, `entry_time_type_id`, `team_affiliation_id`)
  VALUES (27867, '?', 142, 8583, 364, 837, 1, '2015-09-12 11:35:10', '2015-09-12 11:35:10', 5, 1159);

INSERT INTO `badges` (`id`, `number`, `season_id`, `swimmer_id`, `team_id`, `category_type_id`, `user_id`, `created_at`, `updated_at`, `entry_time_type_id`, `team_affiliation_id`)
  VALUES (27868, '?', 142, 19771, 518, 837, 1, '2015-09-12 11:35:10', '2015-09-12 11:35:10', 5, 1350);

INSERT INTO `badges` (`id`, `number`, `season_id`, `swimmer_id`, `team_id`, `category_type_id`, `user_id`, `created_at`, `updated_at`, `entry_time_type_id`, `team_affiliation_id`)
  VALUES (27869, '?', 142, 8517, 456, 837, 1, '2015-09-12 11:35:10', '2015-09-12 11:35:10', 5, 1349);

INSERT INTO `badges` (`id`, `number`, `season_id`, `swimmer_id`, `team_id`, `category_type_id`, `user_id`, `created_at`, `updated_at`, `entry_time_type_id`, `team_affiliation_id`)
  VALUES (27870, '?', 142, 19777, 102, 837, 1, '2015-09-12 11:35:10', '2015-09-12 11:35:10', 5, 996);

INSERT INTO `badges` (`id`, `number`, `season_id`, `swimmer_id`, `team_id`, `category_type_id`, `user_id`, `created_at`, `updated_at`, `entry_time_type_id`, `team_affiliation_id`)
  VALUES (27871, '?', 142, 19768, 102, 837, 1, '2015-09-12 11:35:10', '2015-09-12 11:35:10', 5, 996);

INSERT INTO `badges` (`id`, `number`, `season_id`, `swimmer_id`, `team_id`, `category_type_id`, `user_id`, `created_at`, `updated_at`, `entry_time_type_id`, `team_affiliation_id`)
  VALUES (27872, '?', 142, 19770, 466, 838, 1, '2015-09-12 11:35:10', '2015-09-12 11:35:10', 5, 1252);

INSERT INTO `badges` (`id`, `number`, `season_id`, `swimmer_id`, `team_id`, `category_type_id`, `user_id`, `created_at`, `updated_at`, `entry_time_type_id`, `team_affiliation_id`)
  VALUES (27873, '?', 142, 8577, 450, 839, 1, '2015-09-12 11:35:10', '2015-09-12 11:35:10', 5, 1345);

INSERT INTO `badges` (`id`, `number`, `season_id`, `swimmer_id`, `team_id`, `category_type_id`, `user_id`, `created_at`, `updated_at`, `entry_time_type_id`, `team_affiliation_id`)
  VALUES (27874, '?', 142, 19773, 364, 839, 1, '2015-09-12 11:35:10', '2015-09-12 11:35:10', 5, 1159);

INSERT INTO `badges` (`id`, `number`, `season_id`, `swimmer_id`, `team_id`, `category_type_id`, `user_id`, `created_at`, `updated_at`, `entry_time_type_id`, `team_affiliation_id`)
  VALUES (27875, '?', 142, 19776, 467, 839, 1, '2015-09-12 11:35:10', '2015-09-12 11:35:10', 5, 1275);

INSERT INTO `badges` (`id`, `number`, `season_id`, `swimmer_id`, `team_id`, `category_type_id`, `user_id`, `created_at`, `updated_at`, `entry_time_type_id`, `team_affiliation_id`)
  VALUES (27876, '?', 142, 19779, 364, 839, 1, '2015-09-12 11:35:10', '2015-09-12 11:35:10', 5, 1159);

INSERT INTO `badges` (`id`, `number`, `season_id`, `swimmer_id`, `team_id`, `category_type_id`, `user_id`, `created_at`, `updated_at`, `entry_time_type_id`, `team_affiliation_id`)
  VALUES (27877, '?', 142, 11320, 518, 839, 1, '2015-09-12 11:35:10', '2015-09-12 11:35:10', 5, 1350);

INSERT INTO `badges` (`id`, `number`, `season_id`, `swimmer_id`, `team_id`, `category_type_id`, `user_id`, `created_at`, `updated_at`, `entry_time_type_id`, `team_affiliation_id`)
  VALUES (27878, '?', 142, 8630, 466, 840, 1, '2015-09-12 11:35:10', '2015-09-12 11:35:10', 5, 1252);

INSERT INTO `badges` (`id`, `number`, `season_id`, `swimmer_id`, `team_id`, `category_type_id`, `user_id`, `created_at`, `updated_at`, `entry_time_type_id`, `team_affiliation_id`)
  VALUES (27879, '?', 142, 8531, 466, 842, 1, '2015-09-12 11:35:10', '2015-09-12 11:35:10', 5, 1252);

INSERT INTO `badges` (`id`, `number`, `season_id`, `swimmer_id`, `team_id`, `category_type_id`, `user_id`, `created_at`, `updated_at`, `entry_time_type_id`, `team_affiliation_id`)
  VALUES (27880, '?', 142, 1096, 557, 834, 1, '2015-09-12 11:35:10', '2015-09-12 11:35:10', 5, 1346);

INSERT INTO `badges` (`id`, `number`, `season_id`, `swimmer_id`, `team_id`, `category_type_id`, `user_id`, `created_at`, `updated_at`, `entry_time_type_id`, `team_affiliation_id`)
  VALUES (27881, '?', 142, 11329, 557, 839, 1, '2015-09-12 11:35:10', '2015-09-12 11:35:10', 5, 1346);

INSERT INTO `badges` (`id`, `number`, `season_id`, `swimmer_id`, `team_id`, `category_type_id`, `user_id`, `created_at`, `updated_at`, `entry_time_type_id`, `team_affiliation_id`)
  VALUES (27882, '?', 142, 8671, 102, 838, 1, '2015-09-12 11:35:10', '2015-09-12 11:35:10', 5, 996);

INSERT INTO `badges` (`id`, `number`, `season_id`, `swimmer_id`, `team_id`, `category_type_id`, `user_id`, `created_at`, `updated_at`, `entry_time_type_id`, `team_affiliation_id`)
  VALUES (27883, '?', 142, 14834, 557, 837, 1, '2015-09-12 11:35:11', '2015-09-12 11:35:11', 5, 1346);

INSERT INTO `badges` (`id`, `number`, `season_id`, `swimmer_id`, `team_id`, `category_type_id`, `user_id`, `created_at`, `updated_at`, `entry_time_type_id`, `team_affiliation_id`)
  VALUES (27884, '?', 142, 11315, 557, 838, 1, '2015-09-12 11:35:11', '2015-09-12 11:35:11', 5, 1346);

INSERT INTO `badges` (`id`, `number`, `season_id`, `swimmer_id`, `team_id`, `category_type_id`, `user_id`, `created_at`, `updated_at`, `entry_time_type_id`, `team_affiliation_id`)
  VALUES (27885, '?', 142, 12645, 364, 835, 1, '2015-09-12 11:35:11', '2015-09-12 11:35:11', 5, 1159);

INSERT INTO `badges` (`id`, `number`, `season_id`, `swimmer_id`, `team_id`, `category_type_id`, `user_id`, `created_at`, `updated_at`, `entry_time_type_id`, `team_affiliation_id`)
  VALUES (27886, '?', 142, 8587, 456, 837, 1, '2015-09-12 11:35:11', '2015-09-12 11:35:11', 5, 1349);

INSERT INTO `badges` (`id`, `number`, `season_id`, `swimmer_id`, `team_id`, `category_type_id`, `user_id`, `created_at`, `updated_at`, `entry_time_type_id`, `team_affiliation_id`)
  VALUES (27887, '?', 142, 7500, 451, 839, 1, '2015-09-12 11:35:11', '2015-09-12 11:35:11', 5, 1347);

INSERT INTO `badges` (`id`, `number`, `season_id`, `swimmer_id`, `team_id`, `category_type_id`, `user_id`, `created_at`, `updated_at`, `entry_time_type_id`, `team_affiliation_id`)
  VALUES (27888, '?', 142, 19764, 557, 833, 1, '2015-09-12 11:35:11', '2015-09-12 11:35:11', 5, 1346);

INSERT INTO `badges` (`id`, `number`, `season_id`, `swimmer_id`, `team_id`, `category_type_id`, `user_id`, `created_at`, `updated_at`, `entry_time_type_id`, `team_affiliation_id`)
  VALUES (27889, '?', 142, 12667, 364, 837, 1, '2015-09-12 11:35:11', '2015-09-12 11:35:11', 5, 1159);

INSERT INTO `badges` (`id`, `number`, `season_id`, `swimmer_id`, `team_id`, `category_type_id`, `user_id`, `created_at`, `updated_at`, `entry_time_type_id`, `team_affiliation_id`)
  VALUES (27890, '?', 142, 12644, 364, 837, 1, '2015-09-12 11:35:11', '2015-09-12 11:35:11', 5, 1159);

INSERT INTO `badges` (`id`, `number`, `season_id`, `swimmer_id`, `team_id`, `category_type_id`, `user_id`, `created_at`, `updated_at`, `entry_time_type_id`, `team_affiliation_id`)
  VALUES (27891, '?', 142, 8479, 364, 838, 1, '2015-09-12 11:35:11', '2015-09-12 11:35:11', 5, 1159);

INSERT INTO `badges` (`id`, `number`, `season_id`, `swimmer_id`, `team_id`, `category_type_id`, `user_id`, `created_at`, `updated_at`, `entry_time_type_id`, `team_affiliation_id`)
  VALUES (27892, '?', 142, 19763, 364, 839, 1, '2015-09-12 11:35:11', '2015-09-12 11:35:11', 5, 1159);

INSERT INTO `badges` (`id`, `number`, `season_id`, `swimmer_id`, `team_id`, `category_type_id`, `user_id`, `created_at`, `updated_at`, `entry_time_type_id`, `team_affiliation_id`)
  VALUES (27893, '?', 142, 19766, 364, 839, 1, '2015-09-12 11:35:11', '2015-09-12 11:35:11', 5, 1159);

INSERT INTO `badges` (`id`, `number`, `season_id`, `swimmer_id`, `team_id`, `category_type_id`, `user_id`, `created_at`, `updated_at`, `entry_time_type_id`, `team_affiliation_id`)
  VALUES (27894, '?', 142, 8482, 364, 841, 1, '2015-09-12 11:35:11', '2015-09-12 11:35:11', 5, 1159);

INSERT INTO `badges` (`id`, `number`, `season_id`, `swimmer_id`, `team_id`, `category_type_id`, `user_id`, `created_at`, `updated_at`, `entry_time_type_id`, `team_affiliation_id`)
  VALUES (27895, '?', 142, 11354, 450, 843, 1, '2015-09-12 11:35:11', '2015-09-12 11:35:11', 5, 1345);

INSERT INTO `badges` (`id`, `number`, `season_id`, `swimmer_id`, `team_id`, `category_type_id`, `user_id`, `created_at`, `updated_at`, `entry_time_type_id`, `team_affiliation_id`)
  VALUES (27896, '?', 142, 12629, 595, 836, 1, '2015-09-12 11:35:11', '2015-09-12 11:35:11', 5, 1348);

INSERT INTO `badges` (`id`, `number`, `season_id`, `swimmer_id`, `team_id`, `category_type_id`, `user_id`, `created_at`, `updated_at`, `entry_time_type_id`, `team_affiliation_id`)
  VALUES (27897, '?', 142, 19767, 102, 833, 1, '2015-09-12 11:35:11', '2015-09-12 11:35:11', 5, 996);

INSERT INTO `badges` (`id`, `number`, `season_id`, `swimmer_id`, `team_id`, `category_type_id`, `user_id`, `created_at`, `updated_at`, `entry_time_type_id`, `team_affiliation_id`)
  VALUES (27898, '?', 142, 8688, 364, 834, 1, '2015-09-12 11:35:11', '2015-09-12 11:35:11', 5, 1159);

INSERT INTO `badges` (`id`, `number`, `season_id`, `swimmer_id`, `team_id`, `category_type_id`, `user_id`, `created_at`, `updated_at`, `entry_time_type_id`, `team_affiliation_id`)
  VALUES (27899, '?', 142, 17053, 364, 837, 1, '2015-09-12 11:35:11', '2015-09-12 11:35:11', 5, 1159);

INSERT INTO `badges` (`id`, `number`, `season_id`, `swimmer_id`, `team_id`, `category_type_id`, `user_id`, `created_at`, `updated_at`, `entry_time_type_id`, `team_affiliation_id`)
  VALUES (27900, '?', 142, 8668, 466, 837, 1, '2015-09-12 11:35:12', '2015-09-12 11:35:12', 5, 1252);

INSERT INTO `badges` (`id`, `number`, `season_id`, `swimmer_id`, `team_id`, `category_type_id`, `user_id`, `created_at`, `updated_at`, `entry_time_type_id`, `team_affiliation_id`)
  VALUES (27901, '?', 142, 11335, 102, 838, 1, '2015-09-12 11:35:12', '2015-09-12 11:35:12', 5, 996);

INSERT INTO `badges` (`id`, `number`, `season_id`, `swimmer_id`, `team_id`, `category_type_id`, `user_id`, `created_at`, `updated_at`, `entry_time_type_id`, `team_affiliation_id`)
  VALUES (27902, '?', 142, 14847, 102, 839, 1, '2015-09-12 11:35:12', '2015-09-12 11:35:12', 5, 996);

INSERT INTO `badges` (`id`, `number`, `season_id`, `swimmer_id`, `team_id`, `category_type_id`, `user_id`, `created_at`, `updated_at`, `entry_time_type_id`, `team_affiliation_id`)
  VALUES (27903, '?', 142, 14842, 557, 834, 1, '2015-09-12 11:35:12', '2015-09-12 11:35:12', 5, 1346);

INSERT INTO `badges` (`id`, `number`, `season_id`, `swimmer_id`, `team_id`, `category_type_id`, `user_id`, `created_at`, `updated_at`, `entry_time_type_id`, `team_affiliation_id`)
  VALUES (27904, '?', 142, 8664, 456, 836, 1, '2015-09-12 11:35:12', '2015-09-12 11:35:12', 5, 1349);

INSERT INTO `badges` (`id`, `number`, `season_id`, `swimmer_id`, `team_id`, `category_type_id`, `user_id`, `created_at`, `updated_at`, `entry_time_type_id`, `team_affiliation_id`)
  VALUES (27905, '?', 142, 8527, 364, 839, 1, '2015-09-12 11:35:12', '2015-09-12 11:35:12', 5, 1159);

INSERT INTO `badges` (`id`, `number`, `season_id`, `swimmer_id`, `team_id`, `category_type_id`, `user_id`, `created_at`, `updated_at`, `entry_time_type_id`, `team_affiliation_id`)
  VALUES (27906, '?', 142, 17059, 518, 836, 1, '2015-09-12 11:35:12', '2015-09-12 11:35:12', 5, 1350);

INSERT INTO `badges` (`id`, `number`, `season_id`, `swimmer_id`, `team_id`, `category_type_id`, `user_id`, `created_at`, `updated_at`, `entry_time_type_id`, `team_affiliation_id`)
  VALUES (27907, '?', 142, 8430, 347, 836, 1, '2015-09-12 11:35:12', '2015-09-12 11:35:12', 5, 1194);

INSERT INTO `badges` (`id`, `number`, `season_id`, `swimmer_id`, `team_id`, `category_type_id`, `user_id`, `created_at`, `updated_at`, `entry_time_type_id`, `team_affiliation_id`)
  VALUES (27908, '?', 142, 12636, 364, 837, 1, '2015-09-12 11:35:12', '2015-09-12 11:35:12', 5, 1159);

INSERT INTO `badges` (`id`, `number`, `season_id`, `swimmer_id`, `team_id`, `category_type_id`, `user_id`, `created_at`, `updated_at`, `entry_time_type_id`, `team_affiliation_id`)
  VALUES (27909, '?', 142, 2374, 102, 837, 1, '2015-09-12 11:35:12', '2015-09-12 11:35:12', 5, 996);

INSERT INTO `badges` (`id`, `number`, `season_id`, `swimmer_id`, `team_id`, `category_type_id`, `user_id`, `created_at`, `updated_at`, `entry_time_type_id`, `team_affiliation_id`)
  VALUES (27910, '?', 142, 14833, 557, 837, 1, '2015-09-12 11:35:12', '2015-09-12 11:35:12', 5, 1346);

INSERT INTO `badges` (`id`, `number`, `season_id`, `swimmer_id`, `team_id`, `category_type_id`, `user_id`, `created_at`, `updated_at`, `entry_time_type_id`, `team_affiliation_id`)
  VALUES (27911, '?', 142, 8429, 451, 838, 1, '2015-09-12 11:35:12', '2015-09-12 11:35:12', 5, 1347);

INSERT INTO `badges` (`id`, `number`, `season_id`, `swimmer_id`, `team_id`, `category_type_id`, `user_id`, `created_at`, `updated_at`, `entry_time_type_id`, `team_affiliation_id`)
  VALUES (27912, '?', 142, 19772, 102, 838, 1, '2015-09-12 11:35:12', '2015-09-12 11:35:12', 5, 996);

INSERT INTO `badges` (`id`, `number`, `season_id`, `swimmer_id`, `team_id`, `category_type_id`, `user_id`, `created_at`, `updated_at`, `entry_time_type_id`, `team_affiliation_id`)
  VALUES (27913, '?', 142, 8661, 456, 839, 1, '2015-09-12 11:35:12', '2015-09-12 11:35:12', 5, 1349);

INSERT INTO `badges` (`id`, `number`, `season_id`, `swimmer_id`, `team_id`, `category_type_id`, `user_id`, `created_at`, `updated_at`, `entry_time_type_id`, `team_affiliation_id`)
  VALUES (27914, '?', 142, 6494, 713, 841, 1, '2015-09-12 11:35:12', '2015-09-12 11:35:12', 5, 1185);

INSERT INTO `badges` (`id`, `number`, `season_id`, `swimmer_id`, `team_id`, `category_type_id`, `user_id`, `created_at`, `updated_at`, `entry_time_type_id`, `team_affiliation_id`)
  VALUES (27915, '?', 142, 19774, 364, 837, 1, '2015-09-12 11:35:12', '2015-09-12 11:35:12', 5, 1159);

INSERT INTO `badges` (`id`, `number`, `season_id`, `swimmer_id`, `team_id`, `category_type_id`, `user_id`, `created_at`, `updated_at`, `entry_time_type_id`, `team_affiliation_id`)
  VALUES (27916, '?', 142, 12613, 364, 839, 1, '2015-09-12 11:35:12', '2015-09-12 11:35:12', 5, 1159);

INSERT INTO `badges` (`id`, `number`, `season_id`, `swimmer_id`, `team_id`, `category_type_id`, `user_id`, `created_at`, `updated_at`, `entry_time_type_id`, `team_affiliation_id`)
  VALUES (27917, '?', 142, 19778, 102, 840, 1, '2015-09-12 11:35:12', '2015-09-12 11:35:12', 5, 996);

INSERT INTO `meeting_individual_results` (`id`, `rank`, `is_play_off`, `is_out_of_race`, `is_disqualified`, `standard_points`, `meeting_individual_points`, `minutes`, `seconds`, `hundreds`, `meeting_program_id`, `swimmer_id`, `team_id`, `badge_id`, `user_id`, `created_at`, `updated_at`, `disqualification_code_type_id`, `goggle_cup_points`, `reaction_time`, `team_points`, `team_affiliation_id`)
  VALUES (238051, 1, 1, 0, 0, 842.7, 842.7, 1, 19, 15, 31474, 5029, 74, 24483, 1, '2015-09-12 11:35:13', '2015-09-12 11:35:13', NULL, 0.0, 0.0, 0.0, 988);

INSERT INTO `meeting_individual_results` (`id`, `rank`, `is_play_off`, `is_out_of_race`, `is_disqualified`, `standard_points`, `meeting_individual_points`, `minutes`, `seconds`, `hundreds`, `meeting_program_id`, `swimmer_id`, `team_id`, `badge_id`, `user_id`, `created_at`, `updated_at`, `disqualification_code_type_id`, `goggle_cup_points`, `reaction_time`, `team_points`, `team_affiliation_id`)
  VALUES (238052, 1, 1, 0, 0, 697.63, 697.63, 1, 37, 76, 31475, 11347, 456, 27841, 1, '2015-09-12 11:35:13', '2015-09-12 11:35:13', NULL, 0.0, 0.0, 0.0, 1349);

INSERT INTO `meeting_individual_results` (`id`, `rank`, `is_play_off`, `is_out_of_race`, `is_disqualified`, `standard_points`, `meeting_individual_points`, `minutes`, `seconds`, `hundreds`, `meeting_program_id`, `swimmer_id`, `team_id`, `badge_id`, `user_id`, `created_at`, `updated_at`, `disqualification_code_type_id`, `goggle_cup_points`, `reaction_time`, `team_points`, `team_affiliation_id`)
  VALUES (238053, 1, 1, 0, 0, 598.06, 598.06, 2, 3, 95, 31476, 18788, 71, 24542, 1, '2015-09-12 11:35:13', '2015-09-12 11:35:13', NULL, 0.0, 0.0, 0.0, 1009);

INSERT INTO `meeting_individual_results` (`id`, `rank`, `is_play_off`, `is_out_of_race`, `is_disqualified`, `standard_points`, `meeting_individual_points`, `minutes`, `seconds`, `hundreds`, `meeting_program_id`, `swimmer_id`, `team_id`, `badge_id`, `user_id`, `created_at`, `updated_at`, `disqualification_code_type_id`, `goggle_cup_points`, `reaction_time`, `team_points`, `team_affiliation_id`)
  VALUES (238054, 1, 1, 0, 0, 613.82, 613.82, 2, 19, 65, 31477, 7783, 102, 24224, 1, '2015-09-12 11:35:13', '2015-09-12 11:35:13', NULL, 0.0, 0.0, 0.0, 996);

INSERT INTO `meeting_individual_results` (`id`, `rank`, `is_play_off`, `is_out_of_race`, `is_disqualified`, `standard_points`, `meeting_individual_points`, `minutes`, `seconds`, `hundreds`, `meeting_program_id`, `swimmer_id`, `team_id`, `badge_id`, `user_id`, `created_at`, `updated_at`, `disqualification_code_type_id`, `goggle_cup_points`, `reaction_time`, `team_points`, `team_affiliation_id`)
  VALUES (238055, 1, 1, 0, 0, 515.43, 515.43, 3, 41, 0, 31478, 8446, 102, 27842, 1, '2015-09-12 11:35:13', '2015-09-12 11:35:13', NULL, 0.0, 0.0, 0.0, 996);

INSERT INTO `meeting_individual_results` (`id`, `rank`, `is_play_off`, `is_out_of_race`, `is_disqualified`, `standard_points`, `meeting_individual_points`, `minutes`, `seconds`, `hundreds`, `meeting_program_id`, `swimmer_id`, `team_id`, `badge_id`, `user_id`, `created_at`, `updated_at`, `disqualification_code_type_id`, `goggle_cup_points`, `reaction_time`, `team_points`, `team_affiliation_id`)
  VALUES (238056, 1, 1, 0, 0, 795.17, 795.17, 1, 12, 45, 31479, 11321, 557, 27843, 1, '2015-09-12 11:35:13', '2015-09-12 11:35:13', NULL, 0.0, 0.0, 0.0, 1346);

INSERT INTO `meeting_individual_results` (`id`, `rank`, `is_play_off`, `is_out_of_race`, `is_disqualified`, `standard_points`, `meeting_individual_points`, `minutes`, `seconds`, `hundreds`, `meeting_program_id`, `swimmer_id`, `team_id`, `badge_id`, `user_id`, `created_at`, `updated_at`, `disqualification_code_type_id`, `goggle_cup_points`, `reaction_time`, `team_points`, `team_affiliation_id`)
  VALUES (238057, 2, 1, 0, 0, 672.31, 672.31, 1, 25, 69, 31479, 11306, 557, 27844, 1, '2015-09-12 11:35:13', '2015-09-12 11:35:13', NULL, 0.0, 0.0, 0.0, 1346);

INSERT INTO `meeting_individual_results` (`id`, `rank`, `is_play_off`, `is_out_of_race`, `is_disqualified`, `standard_points`, `meeting_individual_points`, `minutes`, `seconds`, `hundreds`, `meeting_program_id`, `swimmer_id`, `team_id`, `badge_id`, `user_id`, `created_at`, `updated_at`, `disqualification_code_type_id`, `goggle_cup_points`, `reaction_time`, `team_points`, `team_affiliation_id`)
  VALUES (238058, 3, 1, 0, 0, 667.63, 667.63, 1, 26, 29, 31479, 2208, 71, 24256, 1, '2015-09-12 11:35:13', '2015-09-12 11:35:13', NULL, 0.0, 0.0, 0.0, 1009);

INSERT INTO `meeting_individual_results` (`id`, `rank`, `is_play_off`, `is_out_of_race`, `is_disqualified`, `standard_points`, `meeting_individual_points`, `minutes`, `seconds`, `hundreds`, `meeting_program_id`, `swimmer_id`, `team_id`, `badge_id`, `user_id`, `created_at`, `updated_at`, `disqualification_code_type_id`, `goggle_cup_points`, `reaction_time`, `team_points`, `team_affiliation_id`)
  VALUES (238059, 4, 1, 0, 0, 536.01, 536.01, 1, 47, 48, 31479, 8426, 466, 26392, 1, '2015-09-12 11:35:13', '2015-09-12 11:35:13', NULL, 0.0, 0.0, 0.0, 1252);

INSERT INTO `meeting_individual_results` (`id`, `rank`, `is_play_off`, `is_out_of_race`, `is_disqualified`, `standard_points`, `meeting_individual_points`, `minutes`, `seconds`, `hundreds`, `meeting_program_id`, `swimmer_id`, `team_id`, `badge_id`, `user_id`, `created_at`, `updated_at`, `disqualification_code_type_id`, `goggle_cup_points`, `reaction_time`, `team_points`, `team_affiliation_id`)
  VALUES (238060, 1, 1, 0, 0, 645.29, 645.29, 1, 30, 58, 31480, 3636, 102, 27845, 1, '2015-09-12 11:35:14', '2015-09-12 11:35:14', NULL, 0.0, 0.0, 0.0, 996);

INSERT INTO `meeting_individual_results` (`id`, `rank`, `is_play_off`, `is_out_of_race`, `is_disqualified`, `standard_points`, `meeting_individual_points`, `minutes`, `seconds`, `hundreds`, `meeting_program_id`, `swimmer_id`, `team_id`, `badge_id`, `user_id`, `created_at`, `updated_at`, `disqualification_code_type_id`, `goggle_cup_points`, `reaction_time`, `team_points`, `team_affiliation_id`)
  VALUES (238061, 1, 1, 0, 0, 986.01, 986.01, 1, 0, 75, 31481, 18849, 74, 24404, 1, '2015-09-12 11:35:14', '2015-09-12 11:35:14', NULL, 0.0, 0.0, 0.0, 988);

INSERT INTO `meeting_individual_results` (`id`, `rank`, `is_play_off`, `is_out_of_race`, `is_disqualified`, `standard_points`, `meeting_individual_points`, `minutes`, `seconds`, `hundreds`, `meeting_program_id`, `swimmer_id`, `team_id`, `badge_id`, `user_id`, `created_at`, `updated_at`, `disqualification_code_type_id`, `goggle_cup_points`, `reaction_time`, `team_points`, `team_affiliation_id`)
  VALUES (238062, 2, 1, 0, 0, 958.09, 958.09, 1, 2, 52, 31481, 6222, 74, 27846, 1, '2015-09-12 11:35:14', '2015-09-12 11:35:14', NULL, 0.0, 0.0, 0.0, 988);

INSERT INTO `meeting_individual_results` (`id`, `rank`, `is_play_off`, `is_out_of_race`, `is_disqualified`, `standard_points`, `meeting_individual_points`, `minutes`, `seconds`, `hundreds`, `meeting_program_id`, `swimmer_id`, `team_id`, `badge_id`, `user_id`, `created_at`, `updated_at`, `disqualification_code_type_id`, `goggle_cup_points`, `reaction_time`, `team_points`, `team_affiliation_id`)
  VALUES (238063, 3, 1, 0, 0, 849.89, 849.89, 1, 10, 48, 31481, 12624, 518, 27847, 1, '2015-09-12 11:35:14', '2015-09-12 11:35:14', NULL, 0.0, 0.0, 0.0, 1350);

INSERT INTO `meeting_individual_results` (`id`, `rank`, `is_play_off`, `is_out_of_race`, `is_disqualified`, `standard_points`, `meeting_individual_points`, `minutes`, `seconds`, `hundreds`, `meeting_program_id`, `swimmer_id`, `team_id`, `badge_id`, `user_id`, `created_at`, `updated_at`, `disqualification_code_type_id`, `goggle_cup_points`, `reaction_time`, `team_points`, `team_affiliation_id`)
  VALUES (238064, 1, 1, 0, 0, 693.35, 693.35, 1, 37, 70, 31482, 8549, 466, 27848, 1, '2015-09-12 11:35:14', '2015-09-12 11:35:14', NULL, 0.0, 0.0, 0.0, 1252);

INSERT INTO `meeting_individual_results` (`id`, `rank`, `is_play_off`, `is_out_of_race`, `is_disqualified`, `standard_points`, `meeting_individual_points`, `minutes`, `seconds`, `hundreds`, `meeting_program_id`, `swimmer_id`, `team_id`, `badge_id`, `user_id`, `created_at`, `updated_at`, `disqualification_code_type_id`, `goggle_cup_points`, `reaction_time`, `team_points`, `team_affiliation_id`)
  VALUES (238065, 1, 1, 0, 0, 696.29, 696.29, 1, 42, 86, 31483, 2336, 71, 22597, 1, '2015-09-12 11:35:14', '2015-09-12 11:35:14', NULL, 0.0, 0.0, 0.0, 1009);

INSERT INTO `meeting_individual_results` (`id`, `rank`, `is_play_off`, `is_out_of_race`, `is_disqualified`, `standard_points`, `meeting_individual_points`, `minutes`, `seconds`, `hundreds`, `meeting_program_id`, `swimmer_id`, `team_id`, `badge_id`, `user_id`, `created_at`, `updated_at`, `disqualification_code_type_id`, `goggle_cup_points`, `reaction_time`, `team_points`, `team_affiliation_id`)
  VALUES (238066, 1, 1, 0, 0, 759.63, 759.63, 1, 16, 84, 31484, 12682, 557, 27849, 1, '2015-09-12 11:35:14', '2015-09-12 11:35:14', NULL, 0.0, 0.0, 0.0, 1346);

INSERT INTO `meeting_individual_results` (`id`, `rank`, `is_play_off`, `is_out_of_race`, `is_disqualified`, `standard_points`, `meeting_individual_points`, `minutes`, `seconds`, `hundreds`, `meeting_program_id`, `swimmer_id`, `team_id`, `badge_id`, `user_id`, `created_at`, `updated_at`, `disqualification_code_type_id`, `goggle_cup_points`, `reaction_time`, `team_points`, `team_affiliation_id`)
  VALUES (238067, 1, 1, 0, 0, 898.31, 898.31, 1, 4, 41, 31485, 6439, 74, 25558, 1, '2015-09-12 11:35:14', '2015-09-12 11:35:14', NULL, 0.0, 0.0, 0.0, 988);

INSERT INTO `meeting_individual_results` (`id`, `rank`, `is_play_off`, `is_out_of_race`, `is_disqualified`, `standard_points`, `meeting_individual_points`, `minutes`, `seconds`, `hundreds`, `meeting_program_id`, `swimmer_id`, `team_id`, `badge_id`, `user_id`, `created_at`, `updated_at`, `disqualification_code_type_id`, `goggle_cup_points`, `reaction_time`, `team_points`, `team_affiliation_id`)
  VALUES (238068, 2, 1, 0, 0, 824.8, 824.8, 1, 10, 15, 31485, 8515, 466, 26400, 1, '2015-09-12 11:35:14', '2015-09-12 11:35:14', NULL, 0.0, 0.0, 0.0, 1252);

INSERT INTO `meeting_individual_results` (`id`, `rank`, `is_play_off`, `is_out_of_race`, `is_disqualified`, `standard_points`, `meeting_individual_points`, `minutes`, `seconds`, `hundreds`, `meeting_program_id`, `swimmer_id`, `team_id`, `badge_id`, `user_id`, `created_at`, `updated_at`, `disqualification_code_type_id`, `goggle_cup_points`, `reaction_time`, `team_points`, `team_affiliation_id`)
  VALUES (238069, 3, 1, 0, 0, 820.83, 820.83, 1, 10, 49, 31485, 5983, 154, 24195, 1, '2015-09-12 11:35:14', '2015-09-12 11:35:14', NULL, 0.0, 0.0, 0.0, 1130);

INSERT INTO `meeting_individual_results` (`id`, `rank`, `is_play_off`, `is_out_of_race`, `is_disqualified`, `standard_points`, `meeting_individual_points`, `minutes`, `seconds`, `hundreds`, `meeting_program_id`, `swimmer_id`, `team_id`, `badge_id`, `user_id`, `created_at`, `updated_at`, `disqualification_code_type_id`, `goggle_cup_points`, `reaction_time`, `team_points`, `team_affiliation_id`)
  VALUES (238070, 4, 1, 0, 0, 699.89, 699.89, 1, 22, 67, 31485, 19335, 466, 26402, 1, '2015-09-12 11:35:15', '2015-09-12 11:35:15', NULL, 0.0, 0.0, 0.0, 1252);

INSERT INTO `meeting_individual_results` (`id`, `rank`, `is_play_off`, `is_out_of_race`, `is_disqualified`, `standard_points`, `meeting_individual_points`, `minutes`, `seconds`, `hundreds`, `meeting_program_id`, `swimmer_id`, `team_id`, `badge_id`, `user_id`, `created_at`, `updated_at`, `disqualification_code_type_id`, `goggle_cup_points`, `reaction_time`, `team_points`, `team_affiliation_id`)
  VALUES (238071, 1, 1, 0, 0, 911.48, 911.48, 1, 4, 96, 31486, 5029, 74, 24483, 1, '2015-09-12 11:35:15', '2015-09-12 11:35:15', NULL, 0.0, 0.0, 0.0, 988);

INSERT INTO `meeting_individual_results` (`id`, `rank`, `is_play_off`, `is_out_of_race`, `is_disqualified`, `standard_points`, `meeting_individual_points`, `minutes`, `seconds`, `hundreds`, `meeting_program_id`, `swimmer_id`, `team_id`, `badge_id`, `user_id`, `created_at`, `updated_at`, `disqualification_code_type_id`, `goggle_cup_points`, `reaction_time`, `team_points`, `team_affiliation_id`)
  VALUES (238072, 2, 1, 0, 0, 768.46, 768.46, 1, 17, 5, 31486, 2402, 59, 26996, 1, '2015-09-12 11:35:15', '2015-09-12 11:35:15', NULL, 0.0, 0.0, 0.0, 975);

INSERT INTO `meeting_individual_results` (`id`, `rank`, `is_play_off`, `is_out_of_race`, `is_disqualified`, `standard_points`, `meeting_individual_points`, `minutes`, `seconds`, `hundreds`, `meeting_program_id`, `swimmer_id`, `team_id`, `badge_id`, `user_id`, `created_at`, `updated_at`, `disqualification_code_type_id`, `goggle_cup_points`, `reaction_time`, `team_points`, `team_affiliation_id`)
  VALUES (238073, 3, 1, 0, 0, 737.45, 737.45, 1, 20, 29, 31486, 12672, 557, 27850, 1, '2015-09-12 11:35:15', '2015-09-12 11:35:15', NULL, 0.0, 0.0, 0.0, 1346);

INSERT INTO `meeting_individual_results` (`id`, `rank`, `is_play_off`, `is_out_of_race`, `is_disqualified`, `standard_points`, `meeting_individual_points`, `minutes`, `seconds`, `hundreds`, `meeting_program_id`, `swimmer_id`, `team_id`, `badge_id`, `user_id`, `created_at`, `updated_at`, `disqualification_code_type_id`, `goggle_cup_points`, `reaction_time`, `team_points`, `team_affiliation_id`)
  VALUES (238074, 1, 1, 0, 0, 604.21, 604.21, 1, 39, 27, 31487, 6492, 71, 24626, 1, '2015-09-12 11:35:15', '2015-09-12 11:35:15', NULL, 0.0, 0.0, 0.0, 1009);

INSERT INTO `meeting_individual_results` (`id`, `rank`, `is_play_off`, `is_out_of_race`, `is_disqualified`, `standard_points`, `meeting_individual_points`, `minutes`, `seconds`, `hundreds`, `meeting_program_id`, `swimmer_id`, `team_id`, `badge_id`, `user_id`, `created_at`, `updated_at`, `disqualification_code_type_id`, `goggle_cup_points`, `reaction_time`, `team_points`, `team_affiliation_id`)
  VALUES (238075, 1, 1, 0, 0, 757.71, 757.71, 1, 20, 40, 31488, 5377, 71, 22795, 1, '2015-09-12 11:35:15', '2015-09-12 11:35:15', NULL, 0.0, 0.0, 0.0, 1009);

INSERT INTO `meeting_individual_results` (`id`, `rank`, `is_play_off`, `is_out_of_race`, `is_disqualified`, `standard_points`, `meeting_individual_points`, `minutes`, `seconds`, `hundreds`, `meeting_program_id`, `swimmer_id`, `team_id`, `badge_id`, `user_id`, `created_at`, `updated_at`, `disqualification_code_type_id`, `goggle_cup_points`, `reaction_time`, `team_points`, `team_affiliation_id`)
  VALUES (238076, 1, 1, 0, 0, 703.98, 703.98, 1, 29, 79, 31489, 14131, 518, 27851, 1, '2015-09-12 11:35:15', '2015-09-12 11:35:15', NULL, 0.0, 0.0, 0.0, 1350);

INSERT INTO `meeting_individual_results` (`id`, `rank`, `is_play_off`, `is_out_of_race`, `is_disqualified`, `standard_points`, `meeting_individual_points`, `minutes`, `seconds`, `hundreds`, `meeting_program_id`, `swimmer_id`, `team_id`, `badge_id`, `user_id`, `created_at`, `updated_at`, `disqualification_code_type_id`, `goggle_cup_points`, `reaction_time`, `team_points`, `team_affiliation_id`)
  VALUES (238077, 1, 1, 0, 0, 605.01, 605.01, 1, 49, 47, 31490, 19775, 364, 27852, 1, '2015-09-12 11:35:15', '2015-09-12 11:35:15', NULL, 0.0, 0.0, 0.0, 1159);

INSERT INTO `meeting_individual_results` (`id`, `rank`, `is_play_off`, `is_out_of_race`, `is_disqualified`, `standard_points`, `meeting_individual_points`, `minutes`, `seconds`, `hundreds`, `meeting_program_id`, `swimmer_id`, `team_id`, `badge_id`, `user_id`, `created_at`, `updated_at`, `disqualification_code_type_id`, `goggle_cup_points`, `reaction_time`, `team_points`, `team_affiliation_id`)
  VALUES (238078, 1, 1, 0, 0, 857.99, 857.99, 1, 20, 49, 31491, 6730, 364, 26037, 1, '2015-09-12 11:35:15', '2015-09-12 11:35:15', NULL, 0.0, 0.0, 0.0, 1159);

INSERT INTO `meeting_individual_results` (`id`, `rank`, `is_play_off`, `is_out_of_race`, `is_disqualified`, `standard_points`, `meeting_individual_points`, `minutes`, `seconds`, `hundreds`, `meeting_program_id`, `swimmer_id`, `team_id`, `badge_id`, `user_id`, `created_at`, `updated_at`, `disqualification_code_type_id`, `goggle_cup_points`, `reaction_time`, `team_points`, `team_affiliation_id`)
  VALUES (238079, 1, 1, 0, 0, 650.62, 650.62, 1, 53, 60, 31492, 7783, 102, 24224, 1, '2015-09-12 11:35:15', '2015-09-12 11:35:15', NULL, 0.0, 0.0, 0.0, 996);

INSERT INTO `meeting_individual_results` (`id`, `rank`, `is_play_off`, `is_out_of_race`, `is_disqualified`, `standard_points`, `meeting_individual_points`, `minutes`, `seconds`, `hundreds`, `meeting_program_id`, `swimmer_id`, `team_id`, `badge_id`, `user_id`, `created_at`, `updated_at`, `disqualification_code_type_id`, `goggle_cup_points`, `reaction_time`, `team_points`, `team_affiliation_id`)
  VALUES (238080, 1, 1, 0, 0, 0.0, 0.0, 1, 13, 15, 31493, 19261, 364, 26106, 1, '2015-09-12 11:35:15', '2015-09-12 11:35:15', NULL, 0.0, 0.0, 0.0, 1159);

INSERT INTO `meeting_individual_results` (`id`, `rank`, `is_play_off`, `is_out_of_race`, `is_disqualified`, `standard_points`, `meeting_individual_points`, `minutes`, `seconds`, `hundreds`, `meeting_program_id`, `swimmer_id`, `team_id`, `badge_id`, `user_id`, `created_at`, `updated_at`, `disqualification_code_type_id`, `goggle_cup_points`, `reaction_time`, `team_points`, `team_affiliation_id`)
  VALUES (238081, 2, 1, 0, 0, 0.0, 0.0, 1, 17, 9, 31493, 19270, 71, 26183, 1, '2015-09-12 11:35:16', '2015-09-12 11:35:16', NULL, 0.0, 0.0, 0.0, 1009);

INSERT INTO `meeting_individual_results` (`id`, `rank`, `is_play_off`, `is_out_of_race`, `is_disqualified`, `standard_points`, `meeting_individual_points`, `minutes`, `seconds`, `hundreds`, `meeting_program_id`, `swimmer_id`, `team_id`, `badge_id`, `user_id`, `created_at`, `updated_at`, `disqualification_code_type_id`, `goggle_cup_points`, `reaction_time`, `team_points`, `team_affiliation_id`)
  VALUES (238082, 1, 1, 0, 0, 876.43, 876.43, 0, 58, 59, 31494, 11337, 518, 27853, 1, '2015-09-12 11:35:16', '2015-09-12 11:35:16', NULL, 0.0, 0.0, 0.0, 1350);

INSERT INTO `meeting_individual_results` (`id`, `rank`, `is_play_off`, `is_out_of_race`, `is_disqualified`, `standard_points`, `meeting_individual_points`, `minutes`, `seconds`, `hundreds`, `meeting_program_id`, `swimmer_id`, `team_id`, `badge_id`, `user_id`, `created_at`, `updated_at`, `disqualification_code_type_id`, `goggle_cup_points`, `reaction_time`, `team_points`, `team_affiliation_id`)
  VALUES (238083, 2, 1, 0, 0, 824.5, 824.5, 1, 2, 28, 31494, 19769, 518, 27854, 1, '2015-09-12 11:35:16', '2015-09-12 11:35:16', NULL, 0.0, 0.0, 0.0, 1350);

INSERT INTO `meeting_individual_results` (`id`, `rank`, `is_play_off`, `is_out_of_race`, `is_disqualified`, `standard_points`, `meeting_individual_points`, `minutes`, `seconds`, `hundreds`, `meeting_program_id`, `swimmer_id`, `team_id`, `badge_id`, `user_id`, `created_at`, `updated_at`, `disqualification_code_type_id`, `goggle_cup_points`, `reaction_time`, `team_points`, `team_affiliation_id`)
  VALUES (238084, 3, 1, 0, 0, 817.02, 817.02, 1, 2, 85, 31494, 8498, 364, 27855, 1, '2015-09-12 11:35:16', '2015-09-12 11:35:16', NULL, 0.0, 0.0, 0.0, 1159);

INSERT INTO `meeting_individual_results` (`id`, `rank`, `is_play_off`, `is_out_of_race`, `is_disqualified`, `standard_points`, `meeting_individual_points`, `minutes`, `seconds`, `hundreds`, `meeting_program_id`, `swimmer_id`, `team_id`, `badge_id`, `user_id`, `created_at`, `updated_at`, `disqualification_code_type_id`, `goggle_cup_points`, `reaction_time`, `team_points`, `team_affiliation_id`)
  VALUES (238085, 4, 1, 0, 0, 718.99, 718.99, 1, 11, 42, 31494, 7750, 71, 24253, 1, '2015-09-12 11:35:16', '2015-09-12 11:35:16', NULL, 0.0, 0.0, 0.0, 1009);

INSERT INTO `meeting_individual_results` (`id`, `rank`, `is_play_off`, `is_out_of_race`, `is_disqualified`, `standard_points`, `meeting_individual_points`, `minutes`, `seconds`, `hundreds`, `meeting_program_id`, `swimmer_id`, `team_id`, `badge_id`, `user_id`, `created_at`, `updated_at`, `disqualification_code_type_id`, `goggle_cup_points`, `reaction_time`, `team_points`, `team_affiliation_id`)
  VALUES (238086, 5, 1, 0, 0, 691.21, 691.21, 1, 14, 29, 31494, 2357, 74, 22705, 1, '2015-09-12 11:35:16', '2015-09-12 11:35:16', NULL, 0.0, 0.0, 0.0, 988);

INSERT INTO `meeting_individual_results` (`id`, `rank`, `is_play_off`, `is_out_of_race`, `is_disqualified`, `standard_points`, `meeting_individual_points`, `minutes`, `seconds`, `hundreds`, `meeting_program_id`, `swimmer_id`, `team_id`, `badge_id`, `user_id`, `created_at`, `updated_at`, `disqualification_code_type_id`, `goggle_cup_points`, `reaction_time`, `team_points`, `team_affiliation_id`)
  VALUES (238087, 1, 1, 0, 0, 836.82, 836.82, 1, 1, 59, 31495, 18858, 71, 24266, 1, '2015-09-12 11:35:16', '2015-09-12 11:35:16', NULL, 0.0, 0.0, 0.0, 1009);

INSERT INTO `meeting_individual_results` (`id`, `rank`, `is_play_off`, `is_out_of_race`, `is_disqualified`, `standard_points`, `meeting_individual_points`, `minutes`, `seconds`, `hundreds`, `meeting_program_id`, `swimmer_id`, `team_id`, `badge_id`, `user_id`, `created_at`, `updated_at`, `disqualification_code_type_id`, `goggle_cup_points`, `reaction_time`, `team_points`, `team_affiliation_id`)
  VALUES (238088, 2, 1, 0, 0, 777.61, 777.61, 1, 6, 28, 31495, 12627, 364, 26945, 1, '2015-09-12 11:35:16', '2015-09-12 11:35:16', NULL, 0.0, 0.0, 0.0, 1159);

INSERT INTO `meeting_individual_results` (`id`, `rank`, `is_play_off`, `is_out_of_race`, `is_disqualified`, `standard_points`, `meeting_individual_points`, `minutes`, `seconds`, `hundreds`, `meeting_program_id`, `swimmer_id`, `team_id`, `badge_id`, `user_id`, `created_at`, `updated_at`, `disqualification_code_type_id`, `goggle_cup_points`, `reaction_time`, `team_points`, `team_affiliation_id`)
  VALUES (238089, 3, 1, 0, 0, 774.92, 774.92, 1, 6, 51, 31495, 19765, 102, 27856, 1, '2015-09-12 11:35:16', '2015-09-12 11:35:16', NULL, 0.0, 0.0, 0.0, 996);

INSERT INTO `meeting_individual_results` (`id`, `rank`, `is_play_off`, `is_out_of_race`, `is_disqualified`, `standard_points`, `meeting_individual_points`, `minutes`, `seconds`, `hundreds`, `meeting_program_id`, `swimmer_id`, `team_id`, `badge_id`, `user_id`, `created_at`, `updated_at`, `disqualification_code_type_id`, `goggle_cup_points`, `reaction_time`, `team_points`, `team_affiliation_id`)
  VALUES (238090, 4, 1, 0, 0, 771.67, 771.67, 1, 6, 79, 31495, 17641, 557, 27857, 1, '2015-09-12 11:35:17', '2015-09-12 11:35:17', NULL, 0.0, 0.0, 0.0, 1346);

INSERT INTO `meeting_individual_results` (`id`, `rank`, `is_play_off`, `is_out_of_race`, `is_disqualified`, `standard_points`, `meeting_individual_points`, `minutes`, `seconds`, `hundreds`, `meeting_program_id`, `swimmer_id`, `team_id`, `badge_id`, `user_id`, `created_at`, `updated_at`, `disqualification_code_type_id`, `goggle_cup_points`, `reaction_time`, `team_points`, `team_affiliation_id`)
  VALUES (238091, 5, 1, 0, 0, 751.09, 751.09, 1, 8, 62, 31495, 12671, 364, 27858, 1, '2015-09-12 11:35:17', '2015-09-12 11:35:17', NULL, 0.0, 0.0, 0.0, 1159);

INSERT INTO `meeting_individual_results` (`id`, `rank`, `is_play_off`, `is_out_of_race`, `is_disqualified`, `standard_points`, `meeting_individual_points`, `minutes`, `seconds`, `hundreds`, `meeting_program_id`, `swimmer_id`, `team_id`, `badge_id`, `user_id`, `created_at`, `updated_at`, `disqualification_code_type_id`, `goggle_cup_points`, `reaction_time`, `team_points`, `team_affiliation_id`)
  VALUES (238092, 6, 1, 0, 0, 748.37, 748.37, 1, 8, 87, 31495, 8673, 456, 27859, 1, '2015-09-12 11:35:17', '2015-09-12 11:35:17', NULL, 0.0, 0.0, 0.0, 1349);

INSERT INTO `meeting_individual_results` (`id`, `rank`, `is_play_off`, `is_out_of_race`, `is_disqualified`, `standard_points`, `meeting_individual_points`, `minutes`, `seconds`, `hundreds`, `meeting_program_id`, `swimmer_id`, `team_id`, `badge_id`, `user_id`, `created_at`, `updated_at`, `disqualification_code_type_id`, `goggle_cup_points`, `reaction_time`, `team_points`, `team_affiliation_id`)
  VALUES (238093, 7, 1, 0, 0, 718.63, 718.63, 1, 11, 72, 31495, 14832, 557, 27860, 1, '2015-09-12 11:35:17', '2015-09-12 11:35:17', NULL, 0.0, 0.0, 0.0, 1346);

INSERT INTO `meeting_individual_results` (`id`, `rank`, `is_play_off`, `is_out_of_race`, `is_disqualified`, `standard_points`, `meeting_individual_points`, `minutes`, `seconds`, `hundreds`, `meeting_program_id`, `swimmer_id`, `team_id`, `badge_id`, `user_id`, `created_at`, `updated_at`, `disqualification_code_type_id`, `goggle_cup_points`, `reaction_time`, `team_points`, `team_affiliation_id`)
  VALUES (238094, 8, 1, 0, 0, 715.93, 715.93, 1, 11, 99, 31495, 17055, 364, 27861, 1, '2015-09-12 11:35:17', '2015-09-12 11:35:17', NULL, 0.0, 0.0, 0.0, 1159);

INSERT INTO `meeting_individual_results` (`id`, `rank`, `is_play_off`, `is_out_of_race`, `is_disqualified`, `standard_points`, `meeting_individual_points`, `minutes`, `seconds`, `hundreds`, `meeting_program_id`, `swimmer_id`, `team_id`, `badge_id`, `user_id`, `created_at`, `updated_at`, `disqualification_code_type_id`, `goggle_cup_points`, `reaction_time`, `team_points`, `team_affiliation_id`)
  VALUES (238095, 9, 1, 0, 0, 630.84, 630.84, 1, 21, 70, 31495, 3636, 102, 27845, 1, '2015-09-12 11:35:17', '2015-09-12 11:35:17', NULL, 0.0, 0.0, 0.0, 996);

INSERT INTO `meeting_individual_results` (`id`, `rank`, `is_play_off`, `is_out_of_race`, `is_disqualified`, `standard_points`, `meeting_individual_points`, `minutes`, `seconds`, `hundreds`, `meeting_program_id`, `swimmer_id`, `team_id`, `badge_id`, `user_id`, `created_at`, `updated_at`, `disqualification_code_type_id`, `goggle_cup_points`, `reaction_time`, `team_points`, `team_affiliation_id`)
  VALUES (238096, 1, 1, 0, 0, 896.93, 896.93, 0, 58, 31, 31496, 11353, 449, 27862, 1, '2015-09-12 11:35:17', '2015-09-12 11:35:17', NULL, 0.0, 0.0, 0.0, 1192);

INSERT INTO `meeting_individual_results` (`id`, `rank`, `is_play_off`, `is_out_of_race`, `is_disqualified`, `standard_points`, `meeting_individual_points`, `minutes`, `seconds`, `hundreds`, `meeting_program_id`, `swimmer_id`, `team_id`, `badge_id`, `user_id`, `created_at`, `updated_at`, `disqualification_code_type_id`, `goggle_cup_points`, `reaction_time`, `team_points`, `team_affiliation_id`)
  VALUES (238097, 2, 1, 0, 0, 783.87, 783.87, 1, 6, 72, 31496, 2364, 74, 27863, 1, '2015-09-12 11:35:17', '2015-09-12 11:35:17', NULL, 0.0, 0.0, 0.0, 988);

INSERT INTO `meeting_individual_results` (`id`, `rank`, `is_play_off`, `is_out_of_race`, `is_disqualified`, `standard_points`, `meeting_individual_points`, `minutes`, `seconds`, `hundreds`, `meeting_program_id`, `swimmer_id`, `team_id`, `badge_id`, `user_id`, `created_at`, `updated_at`, `disqualification_code_type_id`, `goggle_cup_points`, `reaction_time`, `team_points`, `team_affiliation_id`)
  VALUES (238098, 3, 1, 0, 0, 738.8, 738.8, 1, 10, 79, 31496, 19762, 102, 27864, 1, '2015-09-12 11:35:17', '2015-09-12 11:35:17', NULL, 0.0, 0.0, 0.0, 996);

INSERT INTO `meeting_individual_results` (`id`, `rank`, `is_play_off`, `is_out_of_race`, `is_disqualified`, `standard_points`, `meeting_individual_points`, `minutes`, `seconds`, `hundreds`, `meeting_program_id`, `swimmer_id`, `team_id`, `badge_id`, `user_id`, `created_at`, `updated_at`, `disqualification_code_type_id`, `goggle_cup_points`, `reaction_time`, `team_points`, `team_affiliation_id`)
  VALUES (238099, 4, 1, 0, 0, 727.6, 727.6, 1, 11, 88, 31496, 8510, 102, 25636, 1, '2015-09-12 11:35:17', '2015-09-12 11:35:17', NULL, 0.0, 0.0, 0.0, 996);

INSERT INTO `meeting_individual_results` (`id`, `rank`, `is_play_off`, `is_out_of_race`, `is_disqualified`, `standard_points`, `meeting_individual_points`, `minutes`, `seconds`, `hundreds`, `meeting_program_id`, `swimmer_id`, `team_id`, `badge_id`, `user_id`, `created_at`, `updated_at`, `disqualification_code_type_id`, `goggle_cup_points`, `reaction_time`, `team_points`, `team_affiliation_id`)
  VALUES (238100, 5, 1, 0, 0, 726.79, 726.79, 1, 11, 96, 31496, 11357, 518, 27865, 1, '2015-09-12 11:35:17', '2015-09-12 11:35:17', NULL, 0.0, 0.0, 0.0, 1350);

INSERT INTO `meeting_individual_results` (`id`, `rank`, `is_play_off`, `is_out_of_race`, `is_disqualified`, `standard_points`, `meeting_individual_points`, `minutes`, `seconds`, `hundreds`, `meeting_program_id`, `swimmer_id`, `team_id`, `badge_id`, `user_id`, `created_at`, `updated_at`, `disqualification_code_type_id`, `goggle_cup_points`, `reaction_time`, `team_points`, `team_affiliation_id`)
  VALUES (238101, 6, 1, 0, 0, 725.68, 725.68, 1, 12, 7, 31496, 11318, 557, 27866, 1, '2015-09-12 11:35:18', '2015-09-12 11:35:18', NULL, 0.0, 0.0, 0.0, 1346);

INSERT INTO `meeting_individual_results` (`id`, `rank`, `is_play_off`, `is_out_of_race`, `is_disqualified`, `standard_points`, `meeting_individual_points`, `minutes`, `seconds`, `hundreds`, `meeting_program_id`, `swimmer_id`, `team_id`, `badge_id`, `user_id`, `created_at`, `updated_at`, `disqualification_code_type_id`, `goggle_cup_points`, `reaction_time`, `team_points`, `team_affiliation_id`)
  VALUES (238102, 7, 1, 0, 0, 646.16, 646.16, 1, 20, 94, 31496, 5620, 257, 23102, 1, '2015-09-12 11:35:18', '2015-09-12 11:35:18', NULL, 0.0, 0.0, 0.0, 1042);

INSERT INTO `meeting_individual_results` (`id`, `rank`, `is_play_off`, `is_out_of_race`, `is_disqualified`, `standard_points`, `meeting_individual_points`, `minutes`, `seconds`, `hundreds`, `meeting_program_id`, `swimmer_id`, `team_id`, `badge_id`, `user_id`, `created_at`, `updated_at`, `disqualification_code_type_id`, `goggle_cup_points`, `reaction_time`, `team_points`, `team_affiliation_id`)
  VALUES (238103, 8, 1, 0, 0, 642.27, 642.27, 1, 21, 43, 31496, 2431, 71, 22772, 1, '2015-09-12 11:35:18', '2015-09-12 11:35:18', NULL, 0.0, 0.0, 0.0, 1009);

INSERT INTO `meeting_individual_results` (`id`, `rank`, `is_play_off`, `is_out_of_race`, `is_disqualified`, `standard_points`, `meeting_individual_points`, `minutes`, `seconds`, `hundreds`, `meeting_program_id`, `swimmer_id`, `team_id`, `badge_id`, `user_id`, `created_at`, `updated_at`, `disqualification_code_type_id`, `goggle_cup_points`, `reaction_time`, `team_points`, `team_affiliation_id`)
  VALUES (238104, 1, 1, 0, 0, 849.26, 849.26, 1, 2, 49, 31497, 2103, 72, 22800, 1, '2015-09-12 11:35:18', '2015-09-12 11:35:18', NULL, 0.0, 0.0, 0.0, 984);

INSERT INTO `meeting_individual_results` (`id`, `rank`, `is_play_off`, `is_out_of_race`, `is_disqualified`, `standard_points`, `meeting_individual_points`, `minutes`, `seconds`, `hundreds`, `meeting_program_id`, `swimmer_id`, `team_id`, `badge_id`, `user_id`, `created_at`, `updated_at`, `disqualification_code_type_id`, `goggle_cup_points`, `reaction_time`, `team_points`, `team_affiliation_id`)
  VALUES (238105, 2, 1, 0, 0, 799.97, 799.97, 1, 6, 34, 31497, 8583, 364, 27867, 1, '2015-09-12 11:35:18', '2015-09-12 11:35:18', NULL, 0.0, 0.0, 0.0, 1159);

INSERT INTO `meeting_individual_results` (`id`, `rank`, `is_play_off`, `is_out_of_race`, `is_disqualified`, `standard_points`, `meeting_individual_points`, `minutes`, `seconds`, `hundreds`, `meeting_program_id`, `swimmer_id`, `team_id`, `badge_id`, `user_id`, `created_at`, `updated_at`, `disqualification_code_type_id`, `goggle_cup_points`, `reaction_time`, `team_points`, `team_affiliation_id`)
  VALUES (238106, 3, 1, 0, 0, 785.87, 785.87, 1, 7, 53, 31497, 3269, 154, 24312, 1, '2015-09-12 11:35:18', '2015-09-12 11:35:18', NULL, 0.0, 0.0, 0.0, 1130);

INSERT INTO `meeting_individual_results` (`id`, `rank`, `is_play_off`, `is_out_of_race`, `is_disqualified`, `standard_points`, `meeting_individual_points`, `minutes`, `seconds`, `hundreds`, `meeting_program_id`, `swimmer_id`, `team_id`, `badge_id`, `user_id`, `created_at`, `updated_at`, `disqualification_code_type_id`, `goggle_cup_points`, `reaction_time`, `team_points`, `team_affiliation_id`)
  VALUES (238107, 4, 1, 0, 0, 785.41, 785.41, 1, 7, 57, 31497, 19771, 518, 27868, 1, '2015-09-12 11:35:18', '2015-09-12 11:35:18', NULL, 0.0, 0.0, 0.0, 1350);

INSERT INTO `meeting_individual_results` (`id`, `rank`, `is_play_off`, `is_out_of_race`, `is_disqualified`, `standard_points`, `meeting_individual_points`, `minutes`, `seconds`, `hundreds`, `meeting_program_id`, `swimmer_id`, `team_id`, `badge_id`, `user_id`, `created_at`, `updated_at`, `disqualification_code_type_id`, `goggle_cup_points`, `reaction_time`, `team_points`, `team_affiliation_id`)
  VALUES (238108, 5, 1, 0, 0, 745.37, 745.37, 1, 11, 20, 31497, 6174, 71, 24321, 1, '2015-09-12 11:35:18', '2015-09-12 11:35:18', NULL, 0.0, 0.0, 0.0, 1009);

INSERT INTO `meeting_individual_results` (`id`, `rank`, `is_play_off`, `is_out_of_race`, `is_disqualified`, `standard_points`, `meeting_individual_points`, `minutes`, `seconds`, `hundreds`, `meeting_program_id`, `swimmer_id`, `team_id`, `badge_id`, `user_id`, `created_at`, `updated_at`, `disqualification_code_type_id`, `goggle_cup_points`, `reaction_time`, `team_points`, `team_affiliation_id`)
  VALUES (238109, 6, 1, 0, 0, 726.79, 726.79, 1, 13, 2, 31497, 8517, 456, 27869, 1, '2015-09-12 11:35:18', '2015-09-12 11:35:18', NULL, 0.0, 0.0, 0.0, 1349);

INSERT INTO `meeting_individual_results` (`id`, `rank`, `is_play_off`, `is_out_of_race`, `is_disqualified`, `standard_points`, `meeting_individual_points`, `minutes`, `seconds`, `hundreds`, `meeting_program_id`, `swimmer_id`, `team_id`, `badge_id`, `user_id`, `created_at`, `updated_at`, `disqualification_code_type_id`, `goggle_cup_points`, `reaction_time`, `team_points`, `team_affiliation_id`)
  VALUES (238110, 7, 1, 0, 0, 698.01, 698.01, 1, 16, 3, 31497, 19777, 102, 27870, 1, '2015-09-12 11:35:18', '2015-09-12 11:35:18', NULL, 0.0, 0.0, 0.0, 996);

INSERT INTO `meeting_individual_results` (`id`, `rank`, `is_play_off`, `is_out_of_race`, `is_disqualified`, `standard_points`, `meeting_individual_points`, `minutes`, `seconds`, `hundreds`, `meeting_program_id`, `swimmer_id`, `team_id`, `badge_id`, `user_id`, `created_at`, `updated_at`, `disqualification_code_type_id`, `goggle_cup_points`, `reaction_time`, `team_points`, `team_affiliation_id`)
  VALUES (238111, 8, 1, 0, 0, 650.13, 650.13, 1, 21, 63, 31497, 19768, 102, 27871, 1, '2015-09-12 11:35:19', '2015-09-12 11:35:19', NULL, 0.0, 0.0, 0.0, 996);

INSERT INTO `meeting_individual_results` (`id`, `rank`, `is_play_off`, `is_out_of_race`, `is_disqualified`, `standard_points`, `meeting_individual_points`, `minutes`, `seconds`, `hundreds`, `meeting_program_id`, `swimmer_id`, `team_id`, `badge_id`, `user_id`, `created_at`, `updated_at`, `disqualification_code_type_id`, `goggle_cup_points`, `reaction_time`, `team_points`, `team_affiliation_id`)
  VALUES (238112, 9, 1, 0, 0, 626.86, 626.86, 1, 24, 66, 31497, 6372, 59, 22522, 1, '2015-09-12 11:35:19', '2015-09-12 11:35:19', NULL, 0.0, 0.0, 0.0, 975);

INSERT INTO `meeting_individual_results` (`id`, `rank`, `is_play_off`, `is_out_of_race`, `is_disqualified`, `standard_points`, `meeting_individual_points`, `minutes`, `seconds`, `hundreds`, `meeting_program_id`, `swimmer_id`, `team_id`, `badge_id`, `user_id`, `created_at`, `updated_at`, `disqualification_code_type_id`, `goggle_cup_points`, `reaction_time`, `team_points`, `team_affiliation_id`)
  VALUES (238113, 10, 1, 0, 0, 592.03, 592.03, 1, 29, 64, 31497, 6307, 71, 26020, 1, '2015-09-12 11:35:19', '2015-09-12 11:35:19', NULL, 0.0, 0.0, 0.0, 1009);

INSERT INTO `meeting_individual_results` (`id`, `rank`, `is_play_off`, `is_out_of_race`, `is_disqualified`, `standard_points`, `meeting_individual_points`, `minutes`, `seconds`, `hundreds`, `meeting_program_id`, `swimmer_id`, `team_id`, `badge_id`, `user_id`, `created_at`, `updated_at`, `disqualification_code_type_id`, `goggle_cup_points`, `reaction_time`, `team_points`, `team_affiliation_id`)
  VALUES (238114, 1, 1, 0, 0, 861.44, 861.44, 1, 3, 22, 31498, 12673, 364, 24608, 1, '2015-09-12 11:35:19', '2015-09-12 11:35:19', NULL, 0.0, 0.0, 0.0, 1159);

INSERT INTO `meeting_individual_results` (`id`, `rank`, `is_play_off`, `is_out_of_race`, `is_disqualified`, `standard_points`, `meeting_individual_points`, `minutes`, `seconds`, `hundreds`, `meeting_program_id`, `swimmer_id`, `team_id`, `badge_id`, `user_id`, `created_at`, `updated_at`, `disqualification_code_type_id`, `goggle_cup_points`, `reaction_time`, `team_points`, `team_affiliation_id`)
  VALUES (238115, 2, 1, 0, 0, 712.92, 712.92, 1, 16, 39, 31498, 2446, 71, 22786, 1, '2015-09-12 11:35:19', '2015-09-12 11:35:19', NULL, 0.0, 0.0, 0.0, 1009);

INSERT INTO `meeting_individual_results` (`id`, `rank`, `is_play_off`, `is_out_of_race`, `is_disqualified`, `standard_points`, `meeting_individual_points`, `minutes`, `seconds`, `hundreds`, `meeting_program_id`, `swimmer_id`, `team_id`, `badge_id`, `user_id`, `created_at`, `updated_at`, `disqualification_code_type_id`, `goggle_cup_points`, `reaction_time`, `team_points`, `team_affiliation_id`)
  VALUES (238116, 3, 1, 0, 0, 682.11, 682.11, 1, 19, 84, 31498, 19770, 466, 27872, 1, '2015-09-12 11:35:19', '2015-09-12 11:35:19', NULL, 0.0, 0.0, 0.0, 1252);

INSERT INTO `meeting_individual_results` (`id`, `rank`, `is_play_off`, `is_out_of_race`, `is_disqualified`, `standard_points`, `meeting_individual_points`, `minutes`, `seconds`, `hundreds`, `meeting_program_id`, `swimmer_id`, `team_id`, `badge_id`, `user_id`, `created_at`, `updated_at`, `disqualification_code_type_id`, `goggle_cup_points`, `reaction_time`, `team_points`, `team_affiliation_id`)
  VALUES (238117, 1, 1, 0, 0, 944.56, 944.56, 0, 58, 62, 31499, 6154, 89, 22392, 1, '2015-09-12 11:35:19', '2015-09-12 11:35:19', NULL, 0.0, 0.0, 0.0, 965);

INSERT INTO `meeting_individual_results` (`id`, `rank`, `is_play_off`, `is_out_of_race`, `is_disqualified`, `standard_points`, `meeting_individual_points`, `minutes`, `seconds`, `hundreds`, `meeting_program_id`, `swimmer_id`, `team_id`, `badge_id`, `user_id`, `created_at`, `updated_at`, `disqualification_code_type_id`, `goggle_cup_points`, `reaction_time`, `team_points`, `team_affiliation_id`)
  VALUES (238118, 2, 1, 0, 0, 907.41, 907.41, 1, 1, 2, 31499, 2144, 74, 22536, 1, '2015-09-12 11:35:19', '2015-09-12 11:35:19', NULL, 0.0, 0.0, 0.0, 988);

INSERT INTO `meeting_individual_results` (`id`, `rank`, `is_play_off`, `is_out_of_race`, `is_disqualified`, `standard_points`, `meeting_individual_points`, `minutes`, `seconds`, `hundreds`, `meeting_program_id`, `swimmer_id`, `team_id`, `badge_id`, `user_id`, `created_at`, `updated_at`, `disqualification_code_type_id`, `goggle_cup_points`, `reaction_time`, `team_points`, `team_affiliation_id`)
  VALUES (238119, 3, 1, 0, 0, 860.05, 860.05, 1, 4, 38, 31499, 2146, 74, 22397, 1, '2015-09-12 11:35:19', '2015-09-12 11:35:19', NULL, 0.0, 0.0, 0.0, 988);

INSERT INTO `meeting_individual_results` (`id`, `rank`, `is_play_off`, `is_out_of_race`, `is_disqualified`, `standard_points`, `meeting_individual_points`, `minutes`, `seconds`, `hundreds`, `meeting_program_id`, `swimmer_id`, `team_id`, `badge_id`, `user_id`, `created_at`, `updated_at`, `disqualification_code_type_id`, `goggle_cup_points`, `reaction_time`, `team_points`, `team_affiliation_id`)
  VALUES (238120, 4, 1, 0, 0, 788.52, 788.52, 1, 10, 22, 31499, 8577, 450, 27873, 1, '2015-09-12 11:35:20', '2015-09-12 11:35:20', NULL, 0.0, 0.0, 0.0, 1345);

INSERT INTO `meeting_individual_results` (`id`, `rank`, `is_play_off`, `is_out_of_race`, `is_disqualified`, `standard_points`, `meeting_individual_points`, `minutes`, `seconds`, `hundreds`, `meeting_program_id`, `swimmer_id`, `team_id`, `badge_id`, `user_id`, `created_at`, `updated_at`, `disqualification_code_type_id`, `goggle_cup_points`, `reaction_time`, `team_points`, `team_affiliation_id`)
  VALUES (238121, 5, 1, 0, 0, 755.39, 755.39, 1, 13, 30, 31499, 19773, 364, 27874, 1, '2015-09-12 11:35:20', '2015-09-12 11:35:20', NULL, 0.0, 0.0, 0.0, 1159);

INSERT INTO `meeting_individual_results` (`id`, `rank`, `is_play_off`, `is_out_of_race`, `is_disqualified`, `standard_points`, `meeting_individual_points`, `minutes`, `seconds`, `hundreds`, `meeting_program_id`, `swimmer_id`, `team_id`, `badge_id`, `user_id`, `created_at`, `updated_at`, `disqualification_code_type_id`, `goggle_cup_points`, `reaction_time`, `team_points`, `team_affiliation_id`)
  VALUES (238122, 6, 1, 0, 0, 723.51, 723.51, 1, 16, 53, 31499, 6055, 257, 25329, 1, '2015-09-12 11:35:20', '2015-09-12 11:35:20', NULL, 0.0, 0.0, 0.0, 1042);

INSERT INTO `meeting_individual_results` (`id`, `rank`, `is_play_off`, `is_out_of_race`, `is_disqualified`, `standard_points`, `meeting_individual_points`, `minutes`, `seconds`, `hundreds`, `meeting_program_id`, `swimmer_id`, `team_id`, `badge_id`, `user_id`, `created_at`, `updated_at`, `disqualification_code_type_id`, `goggle_cup_points`, `reaction_time`, `team_points`, `team_affiliation_id`)
  VALUES (238123, 7, 1, 0, 0, 721.34, 721.34, 1, 16, 76, 31499, 19776, 467, 27875, 1, '2015-09-12 11:35:20', '2015-09-12 11:35:20', NULL, 0.0, 0.0, 0.0, 1275);

INSERT INTO `meeting_individual_results` (`id`, `rank`, `is_play_off`, `is_out_of_race`, `is_disqualified`, `standard_points`, `meeting_individual_points`, `minutes`, `seconds`, `hundreds`, `meeting_program_id`, `swimmer_id`, `team_id`, `badge_id`, `user_id`, `created_at`, `updated_at`, `disqualification_code_type_id`, `goggle_cup_points`, `reaction_time`, `team_points`, `team_affiliation_id`)
  VALUES (238124, 8, 1, 0, 0, 662.88, 662.88, 1, 23, 53, 31499, 5594, 71, 24354, 1, '2015-09-12 11:35:20', '2015-09-12 11:35:20', NULL, 0.0, 0.0, 0.0, 1009);

INSERT INTO `meeting_individual_results` (`id`, `rank`, `is_play_off`, `is_out_of_race`, `is_disqualified`, `standard_points`, `meeting_individual_points`, `minutes`, `seconds`, `hundreds`, `meeting_program_id`, `swimmer_id`, `team_id`, `badge_id`, `user_id`, `created_at`, `updated_at`, `disqualification_code_type_id`, `goggle_cup_points`, `reaction_time`, `team_points`, `team_affiliation_id`)
  VALUES (238125, 9, 1, 0, 0, 640.19, 640.19, 1, 26, 49, 31499, 19779, 364, 27876, 1, '2015-09-12 11:35:20', '2015-09-12 11:35:20', NULL, 0.0, 0.0, 0.0, 1159);

INSERT INTO `meeting_individual_results` (`id`, `rank`, `is_play_off`, `is_out_of_race`, `is_disqualified`, `standard_points`, `meeting_individual_points`, `minutes`, `seconds`, `hundreds`, `meeting_program_id`, `swimmer_id`, `team_id`, `badge_id`, `user_id`, `created_at`, `updated_at`, `disqualification_code_type_id`, `goggle_cup_points`, `reaction_time`, `team_points`, `team_affiliation_id`)
  VALUES (238126, 10, 1, 0, 0, 637.02, 637.02, 1, 26, 92, 31499, 11320, 518, 27877, 1, '2015-09-12 11:35:20', '2015-09-12 11:35:20', NULL, 0.0, 0.0, 0.0, 1350);

INSERT INTO `meeting_individual_results` (`id`, `rank`, `is_play_off`, `is_out_of_race`, `is_disqualified`, `standard_points`, `meeting_individual_points`, `minutes`, `seconds`, `hundreds`, `meeting_program_id`, `swimmer_id`, `team_id`, `badge_id`, `user_id`, `created_at`, `updated_at`, `disqualification_code_type_id`, `goggle_cup_points`, `reaction_time`, `team_points`, `team_affiliation_id`)
  VALUES (238127, 1, 1, 0, 0, 690.97, 690.97, 1, 23, 68, 31500, 4952, 71, 22737, 1, '2015-09-12 11:35:20', '2015-09-12 11:35:20', NULL, 0.0, 0.0, 0.0, 1009);

INSERT INTO `meeting_individual_results` (`id`, `rank`, `is_play_off`, `is_out_of_race`, `is_disqualified`, `standard_points`, `meeting_individual_points`, `minutes`, `seconds`, `hundreds`, `meeting_program_id`, `swimmer_id`, `team_id`, `badge_id`, `user_id`, `created_at`, `updated_at`, `disqualification_code_type_id`, `goggle_cup_points`, `reaction_time`, `team_points`, `team_affiliation_id`)
  VALUES (238128, 2, 1, 0, 0, 667.98, 667.98, 1, 26, 56, 31500, 8630, 466, 27878, 1, '2015-09-12 11:35:20', '2015-09-12 11:35:20', NULL, 0.0, 0.0, 0.0, 1252);

INSERT INTO `meeting_individual_results` (`id`, `rank`, `is_play_off`, `is_out_of_race`, `is_disqualified`, `standard_points`, `meeting_individual_points`, `minutes`, `seconds`, `hundreds`, `meeting_program_id`, `swimmer_id`, `team_id`, `badge_id`, `user_id`, `created_at`, `updated_at`, `disqualification_code_type_id`, `goggle_cup_points`, `reaction_time`, `team_points`, `team_affiliation_id`)
  VALUES (238129, 1, 1, 0, 1, 0.0, 0.0, 0, 0, 0, 31501, 6395, 71, 22804, 1, '2015-09-12 11:35:20', '2015-09-12 11:35:20', 1, 0.0, 0.0, 0.0, 1009);

INSERT INTO `meeting_individual_results` (`id`, `rank`, `is_play_off`, `is_out_of_race`, `is_disqualified`, `standard_points`, `meeting_individual_points`, `minutes`, `seconds`, `hundreds`, `meeting_program_id`, `swimmer_id`, `team_id`, `badge_id`, `user_id`, `created_at`, `updated_at`, `disqualification_code_type_id`, `goggle_cup_points`, `reaction_time`, `team_points`, `team_affiliation_id`)
  VALUES (238130, 1, 1, 0, 0, 584.38, 584.38, 1, 46, 78, 31502, 8531, 466, 27879, 1, '2015-09-12 11:35:20', '2015-09-12 11:35:20', NULL, 0.0, 0.0, 0.0, 1252);

INSERT INTO `meeting_individual_results` (`id`, `rank`, `is_play_off`, `is_out_of_race`, `is_disqualified`, `standard_points`, `meeting_individual_points`, `minutes`, `seconds`, `hundreds`, `meeting_program_id`, `swimmer_id`, `team_id`, `badge_id`, `user_id`, `created_at`, `updated_at`, `disqualification_code_type_id`, `goggle_cup_points`, `reaction_time`, `team_points`, `team_affiliation_id`)
  VALUES (238131, 1, 1, 0, 0, 695.73, 695.73, 1, 43, 56, 31503, 17542, 70, 22561, 1, '2015-09-12 11:35:21', '2015-09-12 11:35:21', NULL, 0.0, 0.0, 0.0, 962);

INSERT INTO `meeting_individual_results` (`id`, `rank`, `is_play_off`, `is_out_of_race`, `is_disqualified`, `standard_points`, `meeting_individual_points`, `minutes`, `seconds`, `hundreds`, `meeting_program_id`, `swimmer_id`, `team_id`, `badge_id`, `user_id`, `created_at`, `updated_at`, `disqualification_code_type_id`, `goggle_cup_points`, `reaction_time`, `team_points`, `team_affiliation_id`)
  VALUES (238132, 1, 1, 0, 0, 753.76, 753.76, 3, 11, 7, 31504, 8515, 466, 26400, 1, '2015-09-12 11:35:21', '2015-09-12 11:35:21', NULL, 0.0, 0.0, 0.0, 1252);

INSERT INTO `meeting_individual_results` (`id`, `rank`, `is_play_off`, `is_out_of_race`, `is_disqualified`, `standard_points`, `meeting_individual_points`, `minutes`, `seconds`, `hundreds`, `meeting_program_id`, `swimmer_id`, `team_id`, `badge_id`, `user_id`, `created_at`, `updated_at`, `disqualification_code_type_id`, `goggle_cup_points`, `reaction_time`, `team_points`, `team_affiliation_id`)
  VALUES (238133, 1, 1, 0, 0, 0.0, 0.0, 2, 53, 0, 31505, 19261, 364, 26106, 1, '2015-09-12 11:35:21', '2015-09-12 11:35:21', NULL, 0.0, 0.0, 0.0, 1159);

INSERT INTO `meeting_individual_results` (`id`, `rank`, `is_play_off`, `is_out_of_race`, `is_disqualified`, `standard_points`, `meeting_individual_points`, `minutes`, `seconds`, `hundreds`, `meeting_program_id`, `swimmer_id`, `team_id`, `badge_id`, `user_id`, `created_at`, `updated_at`, `disqualification_code_type_id`, `goggle_cup_points`, `reaction_time`, `team_points`, `team_affiliation_id`)
  VALUES (238134, 1, 1, 0, 0, 853.85, 853.85, 2, 30, 12, 31506, 1096, 557, 27880, 1, '2015-09-12 11:35:21', '2015-09-12 11:35:21', NULL, 0.0, 0.0, 0.0, 1346);

INSERT INTO `meeting_individual_results` (`id`, `rank`, `is_play_off`, `is_out_of_race`, `is_disqualified`, `standard_points`, `meeting_individual_points`, `minutes`, `seconds`, `hundreds`, `meeting_program_id`, `swimmer_id`, `team_id`, `badge_id`, `user_id`, `created_at`, `updated_at`, `disqualification_code_type_id`, `goggle_cup_points`, `reaction_time`, `team_points`, `team_affiliation_id`)
  VALUES (238135, 1, 1, 0, 0, 733.51, 733.51, 2, 54, 79, 31507, 8673, 456, 27859, 1, '2015-09-12 11:35:21', '2015-09-12 11:35:21', NULL, 0.0, 0.0, 0.0, 1349);

INSERT INTO `meeting_individual_results` (`id`, `rank`, `is_play_off`, `is_out_of_race`, `is_disqualified`, `standard_points`, `meeting_individual_points`, `minutes`, `seconds`, `hundreds`, `meeting_program_id`, `swimmer_id`, `team_id`, `badge_id`, `user_id`, `created_at`, `updated_at`, `disqualification_code_type_id`, `goggle_cup_points`, `reaction_time`, `team_points`, `team_affiliation_id`)
  VALUES (238136, 2, 1, 0, 0, 623.95, 623.95, 3, 25, 48, 31507, 14844, 364, 26147, 1, '2015-09-12 11:35:21', '2015-09-12 11:35:21', NULL, 0.0, 0.0, 0.0, 1159);

INSERT INTO `meeting_individual_results` (`id`, `rank`, `is_play_off`, `is_out_of_race`, `is_disqualified`, `standard_points`, `meeting_individual_points`, `minutes`, `seconds`, `hundreds`, `meeting_program_id`, `swimmer_id`, `team_id`, `badge_id`, `user_id`, `created_at`, `updated_at`, `disqualification_code_type_id`, `goggle_cup_points`, `reaction_time`, `team_points`, `team_affiliation_id`)
  VALUES (238137, 1, 1, 0, 0, 887.56, 887.56, 2, 29, 77, 31508, 12624, 518, 27847, 1, '2015-09-12 11:35:21', '2015-09-12 11:35:21', NULL, 0.0, 0.0, 0.0, 1350);

INSERT INTO `meeting_individual_results` (`id`, `rank`, `is_play_off`, `is_out_of_race`, `is_disqualified`, `standard_points`, `meeting_individual_points`, `minutes`, `seconds`, `hundreds`, `meeting_program_id`, `swimmer_id`, `team_id`, `badge_id`, `user_id`, `created_at`, `updated_at`, `disqualification_code_type_id`, `goggle_cup_points`, `reaction_time`, `team_points`, `team_affiliation_id`)
  VALUES (238138, 1, 1, 0, 0, 766.06, 766.06, 2, 55, 77, 31509, 3269, 154, 24312, 1, '2015-09-12 11:35:21', '2015-09-12 11:35:21', NULL, 0.0, 0.0, 0.0, 1130);

INSERT INTO `meeting_individual_results` (`id`, `rank`, `is_play_off`, `is_out_of_race`, `is_disqualified`, `standard_points`, `meeting_individual_points`, `minutes`, `seconds`, `hundreds`, `meeting_program_id`, `swimmer_id`, `team_id`, `badge_id`, `user_id`, `created_at`, `updated_at`, `disqualification_code_type_id`, `goggle_cup_points`, `reaction_time`, `team_points`, `team_affiliation_id`)
  VALUES (238139, 2, 1, 0, 0, 739.35, 739.35, 3, 2, 12, 31509, 6464, 59, 22588, 1, '2015-09-12 11:35:21', '2015-09-12 11:35:21', NULL, 0.0, 0.0, 0.0, 975);

INSERT INTO `meeting_individual_results` (`id`, `rank`, `is_play_off`, `is_out_of_race`, `is_disqualified`, `standard_points`, `meeting_individual_points`, `minutes`, `seconds`, `hundreds`, `meeting_program_id`, `swimmer_id`, `team_id`, `badge_id`, `user_id`, `created_at`, `updated_at`, `disqualification_code_type_id`, `goggle_cup_points`, `reaction_time`, `team_points`, `team_affiliation_id`)
  VALUES (238140, 1, 1, 0, 0, 723.83, 723.83, 3, 15, 68, 31510, 11329, 557, 27881, 1, '2015-09-12 11:35:21', '2015-09-12 11:35:21', NULL, 0.0, 0.0, 0.0, 1346);

INSERT INTO `meeting_individual_results` (`id`, `rank`, `is_play_off`, `is_out_of_race`, `is_disqualified`, `standard_points`, `meeting_individual_points`, `minutes`, `seconds`, `hundreds`, `meeting_program_id`, `swimmer_id`, `team_id`, `badge_id`, `user_id`, `created_at`, `updated_at`, `disqualification_code_type_id`, `goggle_cup_points`, `reaction_time`, `team_points`, `team_affiliation_id`)
  VALUES (238141, 1, 1, 0, 0, 0.0, 0.0, 3, 35, 66, 31511, 2032, 49, 22565, 1, '2015-09-12 11:35:22', '2015-09-12 11:35:22', NULL, 0.0, 0.0, 0.0, 979);

INSERT INTO `meeting_individual_results` (`id`, `rank`, `is_play_off`, `is_out_of_race`, `is_disqualified`, `standard_points`, `meeting_individual_points`, `minutes`, `seconds`, `hundreds`, `meeting_program_id`, `swimmer_id`, `team_id`, `badge_id`, `user_id`, `created_at`, `updated_at`, `disqualification_code_type_id`, `goggle_cup_points`, `reaction_time`, `team_points`, `team_affiliation_id`)
  VALUES (238142, 1, 1, 0, 0, 769.45, 769.45, 3, 33, 62, 31512, 8475, 364, 26063, 1, '2015-09-12 11:35:22', '2015-09-12 11:35:22', NULL, 0.0, 0.0, 0.0, 1159);

INSERT INTO `meeting_individual_results` (`id`, `rank`, `is_play_off`, `is_out_of_race`, `is_disqualified`, `standard_points`, `meeting_individual_points`, `minutes`, `seconds`, `hundreds`, `meeting_program_id`, `swimmer_id`, `team_id`, `badge_id`, `user_id`, `created_at`, `updated_at`, `disqualification_code_type_id`, `goggle_cup_points`, `reaction_time`, `team_points`, `team_affiliation_id`)
  VALUES (238143, 1, 1, 0, 0, 835.03, 835.03, 3, 26, 10, 31513, 8671, 102, 27882, 1, '2015-09-12 11:35:22', '2015-09-12 11:35:22', NULL, 0.0, 0.0, 0.0, 996);

INSERT INTO `meeting_individual_results` (`id`, `rank`, `is_play_off`, `is_out_of_race`, `is_disqualified`, `standard_points`, `meeting_individual_points`, `minutes`, `seconds`, `hundreds`, `meeting_program_id`, `swimmer_id`, `team_id`, `badge_id`, `user_id`, `created_at`, `updated_at`, `disqualification_code_type_id`, `goggle_cup_points`, `reaction_time`, `team_points`, `team_affiliation_id`)
  VALUES (238144, 1, 1, 0, 0, 931.08, 931.08, 2, 31, 33, 31514, 8493, 364, 26068, 1, '2015-09-12 11:35:22', '2015-09-12 11:35:22', NULL, 0.0, 0.0, 0.0, 1159);

INSERT INTO `meeting_individual_results` (`id`, `rank`, `is_play_off`, `is_out_of_race`, `is_disqualified`, `standard_points`, `meeting_individual_points`, `minutes`, `seconds`, `hundreds`, `meeting_program_id`, `swimmer_id`, `team_id`, `badge_id`, `user_id`, `created_at`, `updated_at`, `disqualification_code_type_id`, `goggle_cup_points`, `reaction_time`, `team_points`, `team_affiliation_id`)
  VALUES (238145, 2, 1, 0, 0, 859.67, 859.67, 2, 43, 90, 31514, 6525, 59, 22707, 1, '2015-09-12 11:35:22', '2015-09-12 11:35:22', NULL, 0.0, 0.0, 0.0, 975);

INSERT INTO `meeting_individual_results` (`id`, `rank`, `is_play_off`, `is_out_of_race`, `is_disqualified`, `standard_points`, `meeting_individual_points`, `minutes`, `seconds`, `hundreds`, `meeting_program_id`, `swimmer_id`, `team_id`, `badge_id`, `user_id`, `created_at`, `updated_at`, `disqualification_code_type_id`, `goggle_cup_points`, `reaction_time`, `team_points`, `team_affiliation_id`)
  VALUES (238146, 1, 1, 0, 0, 785.82, 785.82, 3, 0, 22, 31515, 12671, 364, 27858, 1, '2015-09-12 11:35:22', '2015-09-12 11:35:22', NULL, 0.0, 0.0, 0.0, 1159);

INSERT INTO `meeting_individual_results` (`id`, `rank`, `is_play_off`, `is_out_of_race`, `is_disqualified`, `standard_points`, `meeting_individual_points`, `minutes`, `seconds`, `hundreds`, `meeting_program_id`, `swimmer_id`, `team_id`, `badge_id`, `user_id`, `created_at`, `updated_at`, `disqualification_code_type_id`, `goggle_cup_points`, `reaction_time`, `team_points`, `team_affiliation_id`)
  VALUES (238147, 2, 1, 0, 0, 641.37, 641.37, 3, 40, 81, 31515, 14844, 364, 26147, 1, '2015-09-12 11:35:22', '2015-09-12 11:35:22', NULL, 0.0, 0.0, 0.0, 1159);

INSERT INTO `meeting_individual_results` (`id`, `rank`, `is_play_off`, `is_out_of_race`, `is_disqualified`, `standard_points`, `meeting_individual_points`, `minutes`, `seconds`, `hundreds`, `meeting_program_id`, `swimmer_id`, `team_id`, `badge_id`, `user_id`, `created_at`, `updated_at`, `disqualification_code_type_id`, `goggle_cup_points`, `reaction_time`, `team_points`, `team_affiliation_id`)
  VALUES (238148, 1, 1, 0, 0, 823.23, 823.23, 2, 55, 54, 31516, 1947, 59, 22575, 1, '2015-09-12 11:35:22', '2015-09-12 11:35:22', NULL, 0.0, 0.0, 0.0, 975);

INSERT INTO `meeting_individual_results` (`id`, `rank`, `is_play_off`, `is_out_of_race`, `is_disqualified`, `standard_points`, `meeting_individual_points`, `minutes`, `seconds`, `hundreds`, `meeting_program_id`, `swimmer_id`, `team_id`, `badge_id`, `user_id`, `created_at`, `updated_at`, `disqualification_code_type_id`, `goggle_cup_points`, `reaction_time`, `team_points`, `team_affiliation_id`)
  VALUES (238149, 2, 1, 0, 1, 0.0, 0.0, 0, 0, 0, 31516, 2428, 71, 23531, 1, '2015-09-12 11:35:22', '2015-09-12 11:35:22', 1, 0.0, 0.0, 0.0, 1009);

INSERT INTO `meeting_individual_results` (`id`, `rank`, `is_play_off`, `is_out_of_race`, `is_disqualified`, `standard_points`, `meeting_individual_points`, `minutes`, `seconds`, `hundreds`, `meeting_program_id`, `swimmer_id`, `team_id`, `badge_id`, `user_id`, `created_at`, `updated_at`, `disqualification_code_type_id`, `goggle_cup_points`, `reaction_time`, `team_points`, `team_affiliation_id`)
  VALUES (238150, 1, 1, 0, 0, 811.76, 811.76, 3, 1, 58, 31517, 4345, 270, 26691, 1, '2015-09-12 11:35:22', '2015-09-12 11:35:22', NULL, 0.0, 0.0, 0.0, 987);

INSERT INTO `meeting_individual_results` (`id`, `rank`, `is_play_off`, `is_out_of_race`, `is_disqualified`, `standard_points`, `meeting_individual_points`, `minutes`, `seconds`, `hundreds`, `meeting_program_id`, `swimmer_id`, `team_id`, `badge_id`, `user_id`, `created_at`, `updated_at`, `disqualification_code_type_id`, `goggle_cup_points`, `reaction_time`, `team_points`, `team_affiliation_id`)
  VALUES (238151, 2, 1, 0, 0, 713.01, 713.01, 3, 26, 73, 31517, 12643, 102, 25644, 1, '2015-09-12 11:35:22', '2015-09-12 11:35:22', NULL, 0.0, 0.0, 0.0, 996);

INSERT INTO `meeting_individual_results` (`id`, `rank`, `is_play_off`, `is_out_of_race`, `is_disqualified`, `standard_points`, `meeting_individual_points`, `minutes`, `seconds`, `hundreds`, `meeting_program_id`, `swimmer_id`, `team_id`, `badge_id`, `user_id`, `created_at`, `updated_at`, `disqualification_code_type_id`, `goggle_cup_points`, `reaction_time`, `team_points`, `team_affiliation_id`)
  VALUES (238152, 3, 1, 0, 0, 665.52, 665.52, 3, 41, 48, 31517, 14834, 557, 27883, 1, '2015-09-12 11:35:23', '2015-09-12 11:35:23', NULL, 0.0, 0.0, 0.0, 1346);

INSERT INTO `meeting_individual_results` (`id`, `rank`, `is_play_off`, `is_out_of_race`, `is_disqualified`, `standard_points`, `meeting_individual_points`, `minutes`, `seconds`, `hundreds`, `meeting_program_id`, `swimmer_id`, `team_id`, `badge_id`, `user_id`, `created_at`, `updated_at`, `disqualification_code_type_id`, `goggle_cup_points`, `reaction_time`, `team_points`, `team_affiliation_id`)
  VALUES (238153, 4, 1, 0, 1, 0.0, 0.0, 0, 0, 0, 31517, 18278, 202, 27748, 1, '2015-09-12 11:35:23', '2015-09-12 11:35:23', 1, 0.0, 0.0, 0.0, 1018);

INSERT INTO `meeting_individual_results` (`id`, `rank`, `is_play_off`, `is_out_of_race`, `is_disqualified`, `standard_points`, `meeting_individual_points`, `minutes`, `seconds`, `hundreds`, `meeting_program_id`, `swimmer_id`, `team_id`, `badge_id`, `user_id`, `created_at`, `updated_at`, `disqualification_code_type_id`, `goggle_cup_points`, `reaction_time`, `team_points`, `team_affiliation_id`)
  VALUES (238154, 1, 1, 0, 0, 763.41, 763.41, 3, 20, 18, 31518, 11315, 557, 27884, 1, '2015-09-12 11:35:23', '2015-09-12 11:35:23', NULL, 0.0, 0.0, 0.0, 1346);

INSERT INTO `meeting_individual_results` (`id`, `rank`, `is_play_off`, `is_out_of_race`, `is_disqualified`, `standard_points`, `meeting_individual_points`, `minutes`, `seconds`, `hundreds`, `meeting_program_id`, `swimmer_id`, `team_id`, `badge_id`, `user_id`, `created_at`, `updated_at`, `disqualification_code_type_id`, `goggle_cup_points`, `reaction_time`, `team_points`, `team_affiliation_id`)
  VALUES (238155, 2, 1, 0, 0, 707.63, 707.63, 3, 35, 96, 31518, 8681, 364, 26284, 1, '2015-09-12 11:35:23', '2015-09-12 11:35:23', NULL, 0.0, 0.0, 0.0, 1159);

INSERT INTO `meeting_individual_results` (`id`, `rank`, `is_play_off`, `is_out_of_race`, `is_disqualified`, `standard_points`, `meeting_individual_points`, `minutes`, `seconds`, `hundreds`, `meeting_program_id`, `swimmer_id`, `team_id`, `badge_id`, `user_id`, `created_at`, `updated_at`, `disqualification_code_type_id`, `goggle_cup_points`, `reaction_time`, `team_points`, `team_affiliation_id`)
  VALUES (238156, 1, 1, 0, 0, 745.21, 745.21, 3, 32, 61, 31519, 14835, 102, 25722, 1, '2015-09-12 11:35:23', '2015-09-12 11:35:23', NULL, 0.0, 0.0, 0.0, 996);

INSERT INTO `meeting_individual_results` (`id`, `rank`, `is_play_off`, `is_out_of_race`, `is_disqualified`, `standard_points`, `meeting_individual_points`, `minutes`, `seconds`, `hundreds`, `meeting_program_id`, `swimmer_id`, `team_id`, `badge_id`, `user_id`, `created_at`, `updated_at`, `disqualification_code_type_id`, `goggle_cup_points`, `reaction_time`, `team_points`, `team_affiliation_id`)
  VALUES (238157, 1, 1, 0, 0, 692.19, 692.19, 3, 56, 25, 31520, 11342, 364, 26084, 1, '2015-09-12 11:35:23', '2015-09-12 11:35:23', NULL, 0.0, 0.0, 0.0, 1159);

INSERT INTO `meeting_individual_results` (`id`, `rank`, `is_play_off`, `is_out_of_race`, `is_disqualified`, `standard_points`, `meeting_individual_points`, `minutes`, `seconds`, `hundreds`, `meeting_program_id`, `swimmer_id`, `team_id`, `badge_id`, `user_id`, `created_at`, `updated_at`, `disqualification_code_type_id`, `goggle_cup_points`, `reaction_time`, `team_points`, `team_affiliation_id`)
  VALUES (238158, 1, 1, 0, 0, 839.16, 839.16, 3, 23, 68, 31521, 2392, 71, 22739, 1, '2015-09-12 11:35:23', '2015-09-12 11:35:23', NULL, 0.0, 0.0, 0.0, 1009);

INSERT INTO `meeting_individual_results` (`id`, `rank`, `is_play_off`, `is_out_of_race`, `is_disqualified`, `standard_points`, `meeting_individual_points`, `minutes`, `seconds`, `hundreds`, `meeting_program_id`, `swimmer_id`, `team_id`, `badge_id`, `user_id`, `created_at`, `updated_at`, `disqualification_code_type_id`, `goggle_cup_points`, `reaction_time`, `team_points`, `team_affiliation_id`)
  VALUES (238159, 1, 1, 0, 0, 819.3, 819.3, 3, 43, 91, 31522, 11313, 467, 26935, 1, '2015-09-12 11:35:23', '2015-09-12 11:35:23', NULL, 0.0, 0.0, 0.0, 1275);

INSERT INTO `meeting_individual_results` (`id`, `rank`, `is_play_off`, `is_out_of_race`, `is_disqualified`, `standard_points`, `meeting_individual_points`, `minutes`, `seconds`, `hundreds`, `meeting_program_id`, `swimmer_id`, `team_id`, `badge_id`, `user_id`, `created_at`, `updated_at`, `disqualification_code_type_id`, `goggle_cup_points`, `reaction_time`, `team_points`, `team_affiliation_id`)
  VALUES (238160, 1, 1, 0, 0, 0.0, 0.0, 3, 36, 31, 31523, 19129, 49, 25978, 1, '2015-09-12 11:35:23', '2015-09-12 11:35:23', NULL, 0.0, 0.0, 0.0, 979);

INSERT INTO `meeting_individual_results` (`id`, `rank`, `is_play_off`, `is_out_of_race`, `is_disqualified`, `standard_points`, `meeting_individual_points`, `minutes`, `seconds`, `hundreds`, `meeting_program_id`, `swimmer_id`, `team_id`, `badge_id`, `user_id`, `created_at`, `updated_at`, `disqualification_code_type_id`, `goggle_cup_points`, `reaction_time`, `team_points`, `team_affiliation_id`)
  VALUES (238161, 1, 1, 0, 0, 619.71, 619.71, 0, 48, 70, 31524, 12645, 364, 27885, 1, '2015-09-12 11:35:23', '2015-09-12 11:35:23', NULL, 0.0, 0.0, 0.0, 1159);

INSERT INTO `meeting_individual_results` (`id`, `rank`, `is_play_off`, `is_out_of_race`, `is_disqualified`, `standard_points`, `meeting_individual_points`, `minutes`, `seconds`, `hundreds`, `meeting_program_id`, `swimmer_id`, `team_id`, `badge_id`, `user_id`, `created_at`, `updated_at`, `disqualification_code_type_id`, `goggle_cup_points`, `reaction_time`, `team_points`, `team_affiliation_id`)
  VALUES (238162, 1, 1, 0, 0, 686.65, 686.65, 0, 45, 38, 31525, 8475, 364, 26063, 1, '2015-09-12 11:35:23', '2015-09-12 11:35:23', NULL, 0.0, 0.0, 0.0, 1159);

INSERT INTO `meeting_individual_results` (`id`, `rank`, `is_play_off`, `is_out_of_race`, `is_disqualified`, `standard_points`, `meeting_individual_points`, `minutes`, `seconds`, `hundreds`, `meeting_program_id`, `swimmer_id`, `team_id`, `badge_id`, `user_id`, `created_at`, `updated_at`, `disqualification_code_type_id`, `goggle_cup_points`, `reaction_time`, `team_points`, `team_affiliation_id`)
  VALUES (238163, 1, 1, 0, 0, 863.13, 863.13, 0, 36, 75, 31526, 8587, 456, 27886, 1, '2015-09-12 11:35:24', '2015-09-12 11:35:24', NULL, 0.0, 0.0, 0.0, 1349);

INSERT INTO `meeting_individual_results` (`id`, `rank`, `is_play_off`, `is_out_of_race`, `is_disqualified`, `standard_points`, `meeting_individual_points`, `minutes`, `seconds`, `hundreds`, `meeting_program_id`, `swimmer_id`, `team_id`, `badge_id`, `user_id`, `created_at`, `updated_at`, `disqualification_code_type_id`, `goggle_cup_points`, `reaction_time`, `team_points`, `team_affiliation_id`)
  VALUES (238164, 2, 1, 0, 0, 646.56, 646.56, 0, 49, 6, 31526, 8666, 466, 26451, 1, '2015-09-12 11:35:24', '2015-09-12 11:35:24', NULL, 0.0, 0.0, 0.0, 1252);

INSERT INTO `meeting_individual_results` (`id`, `rank`, `is_play_off`, `is_out_of_race`, `is_disqualified`, `standard_points`, `meeting_individual_points`, `minutes`, `seconds`, `hundreds`, `meeting_program_id`, `swimmer_id`, `team_id`, `badge_id`, `user_id`, `created_at`, `updated_at`, `disqualification_code_type_id`, `goggle_cup_points`, `reaction_time`, `team_points`, `team_affiliation_id`)
  VALUES (238165, 3, 1, 0, 0, 611.88, 611.88, 0, 51, 84, 31526, 8596, 466, 26452, 1, '2015-09-12 11:35:24', '2015-09-12 11:35:24', NULL, 0.0, 0.0, 0.0, 1252);

INSERT INTO `meeting_individual_results` (`id`, `rank`, `is_play_off`, `is_out_of_race`, `is_disqualified`, `standard_points`, `meeting_individual_points`, `minutes`, `seconds`, `hundreds`, `meeting_program_id`, `swimmer_id`, `team_id`, `badge_id`, `user_id`, `created_at`, `updated_at`, `disqualification_code_type_id`, `goggle_cup_points`, `reaction_time`, `team_points`, `team_affiliation_id`)
  VALUES (238166, 1, 1, 0, 0, 725.91, 725.91, 0, 46, 8, 31527, 7500, 451, 27887, 1, '2015-09-12 11:35:24', '2015-09-12 11:35:24', NULL, 0.0, 0.0, 0.0, 1347);

INSERT INTO `meeting_individual_results` (`id`, `rank`, `is_play_off`, `is_out_of_race`, `is_disqualified`, `standard_points`, `meeting_individual_points`, `minutes`, `seconds`, `hundreds`, `meeting_program_id`, `swimmer_id`, `team_id`, `badge_id`, `user_id`, `created_at`, `updated_at`, `disqualification_code_type_id`, `goggle_cup_points`, `reaction_time`, `team_points`, `team_affiliation_id`)
  VALUES (238167, 2, 1, 0, 0, 708.24, 708.24, 0, 47, 23, 31527, 14131, 518, 27851, 1, '2015-09-12 11:35:24', '2015-09-12 11:35:24', NULL, 0.0, 0.0, 0.0, 1350);

INSERT INTO `meeting_individual_results` (`id`, `rank`, `is_play_off`, `is_out_of_race`, `is_disqualified`, `standard_points`, `meeting_individual_points`, `minutes`, `seconds`, `hundreds`, `meeting_program_id`, `swimmer_id`, `team_id`, `badge_id`, `user_id`, `created_at`, `updated_at`, `disqualification_code_type_id`, `goggle_cup_points`, `reaction_time`, `team_points`, `team_affiliation_id`)
  VALUES (238168, 1, 1, 0, 0, 445.33, 445.33, 1, 22, 95, 31528, 17975, 478, 26574, 1, '2015-09-12 11:35:24', '2015-09-12 11:35:24', NULL, 0.0, 0.0, 0.0, 1257);

INSERT INTO `meeting_individual_results` (`id`, `rank`, `is_play_off`, `is_out_of_race`, `is_disqualified`, `standard_points`, `meeting_individual_points`, `minutes`, `seconds`, `hundreds`, `meeting_program_id`, `swimmer_id`, `team_id`, `badge_id`, `user_id`, `created_at`, `updated_at`, `disqualification_code_type_id`, `goggle_cup_points`, `reaction_time`, `team_points`, `team_affiliation_id`)
  VALUES (238169, 1, 1, 0, 0, 491.41, 491.41, 1, 42, 50, 31529, 8446, 102, 27842, 1, '2015-09-12 11:35:24', '2015-09-12 11:35:24', NULL, 0.0, 0.0, 0.0, 996);

INSERT INTO `meeting_individual_results` (`id`, `rank`, `is_play_off`, `is_out_of_race`, `is_disqualified`, `standard_points`, `meeting_individual_points`, `minutes`, `seconds`, `hundreds`, `meeting_program_id`, `swimmer_id`, `team_id`, `badge_id`, `user_id`, `created_at`, `updated_at`, `disqualification_code_type_id`, `goggle_cup_points`, `reaction_time`, `team_points`, `team_affiliation_id`)
  VALUES (238170, 1, 1, 0, 0, 0.0, 0.0, 0, 34, 85, 31530, 19764, 557, 27888, 1, '2015-09-12 11:35:24', '2015-09-12 11:35:24', NULL, 0.0, 0.0, 0.0, 1346);

INSERT INTO `meeting_individual_results` (`id`, `rank`, `is_play_off`, `is_out_of_race`, `is_disqualified`, `standard_points`, `meeting_individual_points`, `minutes`, `seconds`, `hundreds`, `meeting_program_id`, `swimmer_id`, `team_id`, `badge_id`, `user_id`, `created_at`, `updated_at`, `disqualification_code_type_id`, `goggle_cup_points`, `reaction_time`, `team_points`, `team_affiliation_id`)
  VALUES (238171, 1, 1, 0, 0, 658.77, 658.77, 0, 40, 50, 31531, 2208, 71, 24256, 1, '2015-09-12 11:35:24', '2015-09-12 11:35:24', NULL, 0.0, 0.0, 0.0, 1009);

INSERT INTO `meeting_individual_results` (`id`, `rank`, `is_play_off`, `is_out_of_race`, `is_disqualified`, `standard_points`, `meeting_individual_points`, `minutes`, `seconds`, `hundreds`, `meeting_program_id`, `swimmer_id`, `team_id`, `badge_id`, `user_id`, `created_at`, `updated_at`, `disqualification_code_type_id`, `goggle_cup_points`, `reaction_time`, `team_points`, `team_affiliation_id`)
  VALUES (238172, 1, 1, 0, 0, 950.42, 950.42, 0, 28, 84, 31532, 18849, 74, 24404, 1, '2015-09-12 11:35:24', '2015-09-12 11:35:24', NULL, 0.0, 0.0, 0.0, 988);

INSERT INTO `meeting_individual_results` (`id`, `rank`, `is_play_off`, `is_out_of_race`, `is_disqualified`, `standard_points`, `meeting_individual_points`, `minutes`, `seconds`, `hundreds`, `meeting_program_id`, `swimmer_id`, `team_id`, `badge_id`, `user_id`, `created_at`, `updated_at`, `disqualification_code_type_id`, `goggle_cup_points`, `reaction_time`, `team_points`, `team_affiliation_id`)
  VALUES (238173, 2, 1, 0, 0, 939.66, 939.66, 0, 29, 17, 31532, 6222, 74, 27846, 1, '2015-09-12 11:35:24', '2015-09-12 11:35:24', NULL, 0.0, 0.0, 0.0, 988);

INSERT INTO `meeting_individual_results` (`id`, `rank`, `is_play_off`, `is_out_of_race`, `is_disqualified`, `standard_points`, `meeting_individual_points`, `minutes`, `seconds`, `hundreds`, `meeting_program_id`, `swimmer_id`, `team_id`, `badge_id`, `user_id`, `created_at`, `updated_at`, `disqualification_code_type_id`, `goggle_cup_points`, `reaction_time`, `team_points`, `team_affiliation_id`)
  VALUES (238174, 3, 1, 0, 0, 654.96, 654.96, 0, 41, 85, 31532, 6428, 71, 24635, 1, '2015-09-12 11:35:25', '2015-09-12 11:35:25', NULL, 0.0, 0.0, 0.0, 1009);

INSERT INTO `meeting_individual_results` (`id`, `rank`, `is_play_off`, `is_out_of_race`, `is_disqualified`, `standard_points`, `meeting_individual_points`, `minutes`, `seconds`, `hundreds`, `meeting_program_id`, `swimmer_id`, `team_id`, `badge_id`, `user_id`, `created_at`, `updated_at`, `disqualification_code_type_id`, `goggle_cup_points`, `reaction_time`, `team_points`, `team_affiliation_id`)
  VALUES (238175, 1, 1, 0, 0, 809.15, 809.15, 0, 34, 53, 31533, 12667, 364, 27889, 1, '2015-09-12 11:35:25', '2015-09-12 11:35:25', NULL, 0.0, 0.0, 0.0, 1159);

INSERT INTO `meeting_individual_results` (`id`, `rank`, `is_play_off`, `is_out_of_race`, `is_disqualified`, `standard_points`, `meeting_individual_points`, `minutes`, `seconds`, `hundreds`, `meeting_program_id`, `swimmer_id`, `team_id`, `badge_id`, `user_id`, `created_at`, `updated_at`, `disqualification_code_type_id`, `goggle_cup_points`, `reaction_time`, `team_points`, `team_affiliation_id`)
  VALUES (238176, 2, 1, 0, 0, 658.65, 658.65, 0, 42, 42, 31533, 12644, 364, 27890, 1, '2015-09-12 11:35:25', '2015-09-12 11:35:25', NULL, 0.0, 0.0, 0.0, 1159);

INSERT INTO `meeting_individual_results` (`id`, `rank`, `is_play_off`, `is_out_of_race`, `is_disqualified`, `standard_points`, `meeting_individual_points`, `minutes`, `seconds`, `hundreds`, `meeting_program_id`, `swimmer_id`, `team_id`, `badge_id`, `user_id`, `created_at`, `updated_at`, `disqualification_code_type_id`, `goggle_cup_points`, `reaction_time`, `team_points`, `team_affiliation_id`)
  VALUES (238177, 1, 1, 0, 0, 464.57, 464.57, 1, 1, 67, 31534, 8479, 364, 27891, 1, '2015-09-12 11:35:25', '2015-09-12 11:35:25', NULL, 0.0, 0.0, 0.0, 1159);

INSERT INTO `meeting_individual_results` (`id`, `rank`, `is_play_off`, `is_out_of_race`, `is_disqualified`, `standard_points`, `meeting_individual_points`, `minutes`, `seconds`, `hundreds`, `meeting_program_id`, `swimmer_id`, `team_id`, `badge_id`, `user_id`, `created_at`, `updated_at`, `disqualification_code_type_id`, `goggle_cup_points`, `reaction_time`, `team_points`, `team_affiliation_id`)
  VALUES (238178, 1, 1, 0, 0, 836.13, 836.13, 0, 35, 15, 31535, 19763, 364, 27892, 1, '2015-09-12 11:35:25', '2015-09-12 11:35:25', NULL, 0.0, 0.0, 0.0, 1159);

INSERT INTO `meeting_individual_results` (`id`, `rank`, `is_play_off`, `is_out_of_race`, `is_disqualified`, `standard_points`, `meeting_individual_points`, `minutes`, `seconds`, `hundreds`, `meeting_program_id`, `swimmer_id`, `team_id`, `badge_id`, `user_id`, `created_at`, `updated_at`, `disqualification_code_type_id`, `goggle_cup_points`, `reaction_time`, `team_points`, `team_affiliation_id`)
  VALUES (238179, 2, 1, 0, 0, 827.42, 827.42, 0, 35, 52, 31535, 19766, 364, 27893, 1, '2015-09-12 11:35:25', '2015-09-12 11:35:25', NULL, 0.0, 0.0, 0.0, 1159);

INSERT INTO `meeting_individual_results` (`id`, `rank`, `is_play_off`, `is_out_of_race`, `is_disqualified`, `standard_points`, `meeting_individual_points`, `minutes`, `seconds`, `hundreds`, `meeting_program_id`, `swimmer_id`, `team_id`, `badge_id`, `user_id`, `created_at`, `updated_at`, `disqualification_code_type_id`, `goggle_cup_points`, `reaction_time`, `team_points`, `team_affiliation_id`)
  VALUES (238180, 3, 1, 0, 0, 774.03, 774.03, 0, 37, 97, 31535, 8577, 450, 27873, 1, '2015-09-12 11:35:25', '2015-09-12 11:35:25', NULL, 0.0, 0.0, 0.0, 1345);

INSERT INTO `meeting_individual_results` (`id`, `rank`, `is_play_off`, `is_out_of_race`, `is_disqualified`, `standard_points`, `meeting_individual_points`, `minutes`, `seconds`, `hundreds`, `meeting_program_id`, `swimmer_id`, `team_id`, `badge_id`, `user_id`, `created_at`, `updated_at`, `disqualification_code_type_id`, `goggle_cup_points`, `reaction_time`, `team_points`, `team_affiliation_id`)
  VALUES (238181, 4, 1, 0, 0, 636.28, 636.28, 0, 46, 19, 31535, 6055, 257, 25329, 1, '2015-09-12 11:35:25', '2015-09-12 11:35:25', NULL, 0.0, 0.0, 0.0, 1042);

INSERT INTO `meeting_individual_results` (`id`, `rank`, `is_play_off`, `is_out_of_race`, `is_disqualified`, `standard_points`, `meeting_individual_points`, `minutes`, `seconds`, `hundreds`, `meeting_program_id`, `swimmer_id`, `team_id`, `badge_id`, `user_id`, `created_at`, `updated_at`, `disqualification_code_type_id`, `goggle_cup_points`, `reaction_time`, `team_points`, `team_affiliation_id`)
  VALUES (238182, 1, 1, 0, 0, 593.1, 593.1, 0, 51, 61, 31536, 18804, 71, 24576, 1, '2015-09-12 11:35:25', '2015-09-12 11:35:25', NULL, 0.0, 0.0, 0.0, 1009);

INSERT INTO `meeting_individual_results` (`id`, `rank`, `is_play_off`, `is_out_of_race`, `is_disqualified`, `standard_points`, `meeting_individual_points`, `minutes`, `seconds`, `hundreds`, `meeting_program_id`, `swimmer_id`, `team_id`, `badge_id`, `user_id`, `created_at`, `updated_at`, `disqualification_code_type_id`, `goggle_cup_points`, `reaction_time`, `team_points`, `team_affiliation_id`)
  VALUES (238183, 1, 1, 0, 0, 841.22, 841.22, 0, 38, 48, 31537, 8482, 364, 27894, 1, '2015-09-12 11:35:25', '2015-09-12 11:35:25', NULL, 0.0, 0.0, 0.0, 1159);

INSERT INTO `meeting_individual_results` (`id`, `rank`, `is_play_off`, `is_out_of_race`, `is_disqualified`, `standard_points`, `meeting_individual_points`, `minutes`, `seconds`, `hundreds`, `meeting_program_id`, `swimmer_id`, `team_id`, `badge_id`, `user_id`, `created_at`, `updated_at`, `disqualification_code_type_id`, `goggle_cup_points`, `reaction_time`, `team_points`, `team_affiliation_id`)
  VALUES (238184, 2, 1, 0, 0, 599.56, 599.56, 0, 53, 99, 31537, 2205, 112, 22415, 1, '2015-09-12 11:35:26', '2015-09-12 11:35:26', NULL, 0.0, 0.0, 0.0, 982);

INSERT INTO `meeting_individual_results` (`id`, `rank`, `is_play_off`, `is_out_of_race`, `is_disqualified`, `standard_points`, `meeting_individual_points`, `minutes`, `seconds`, `hundreds`, `meeting_program_id`, `swimmer_id`, `team_id`, `badge_id`, `user_id`, `created_at`, `updated_at`, `disqualification_code_type_id`, `goggle_cup_points`, `reaction_time`, `team_points`, `team_affiliation_id`)
  VALUES (238185, 1, 1, 0, 0, 600.17, 600.17, 1, 0, 5, 31538, 11354, 450, 27895, 1, '2015-09-12 11:35:26', '2015-09-12 11:35:26', NULL, 0.0, 0.0, 0.0, 1345);

INSERT INTO `meeting_individual_results` (`id`, `rank`, `is_play_off`, `is_out_of_race`, `is_disqualified`, `standard_points`, `meeting_individual_points`, `minutes`, `seconds`, `hundreds`, `meeting_program_id`, `swimmer_id`, `team_id`, `badge_id`, `user_id`, `created_at`, `updated_at`, `disqualification_code_type_id`, `goggle_cup_points`, `reaction_time`, `team_points`, `team_affiliation_id`)
  VALUES (238186, 1, 1, 0, 0, 624.07, 624.07, 1, 1, 58, 31539, 17542, 70, 22561, 1, '2015-09-12 11:35:26', '2015-09-12 11:35:26', NULL, 0.0, 0.0, 0.0, 962);

INSERT INTO `meeting_individual_results` (`id`, `rank`, `is_play_off`, `is_out_of_race`, `is_disqualified`, `standard_points`, `meeting_individual_points`, `minutes`, `seconds`, `hundreds`, `meeting_program_id`, `swimmer_id`, `team_id`, `badge_id`, `user_id`, `created_at`, `updated_at`, `disqualification_code_type_id`, `goggle_cup_points`, `reaction_time`, `team_points`, `team_affiliation_id`)
  VALUES (238187, 1, 1, 0, 0, 891.3, 891.3, 0, 31, 74, 31540, 6439, 74, 25558, 1, '2015-09-12 11:35:26', '2015-09-12 11:35:26', NULL, 0.0, 0.0, 0.0, 988);

INSERT INTO `meeting_individual_results` (`id`, `rank`, `is_play_off`, `is_out_of_race`, `is_disqualified`, `standard_points`, `meeting_individual_points`, `minutes`, `seconds`, `hundreds`, `meeting_program_id`, `swimmer_id`, `team_id`, `badge_id`, `user_id`, `created_at`, `updated_at`, `disqualification_code_type_id`, `goggle_cup_points`, `reaction_time`, `team_points`, `team_affiliation_id`)
  VALUES (238188, 1, 1, 0, 0, 791.76, 791.76, 0, 36, 16, 31541, 12629, 595, 27896, 1, '2015-09-12 11:35:26', '2015-09-12 11:35:26', NULL, 0.0, 0.0, 0.0, 1348);

INSERT INTO `meeting_individual_results` (`id`, `rank`, `is_play_off`, `is_out_of_race`, `is_disqualified`, `standard_points`, `meeting_individual_points`, `minutes`, `seconds`, `hundreds`, `meeting_program_id`, `swimmer_id`, `team_id`, `badge_id`, `user_id`, `created_at`, `updated_at`, `disqualification_code_type_id`, `goggle_cup_points`, `reaction_time`, `team_points`, `team_affiliation_id`)
  VALUES (238189, 1, 1, 0, 0, 708.18, 708.18, 0, 41, 19, 31542, 11347, 456, 27841, 1, '2015-09-12 11:35:26', '2015-09-12 11:35:26', NULL, 0.0, 0.0, 0.0, 1349);

INSERT INTO `meeting_individual_results` (`id`, `rank`, `is_play_off`, `is_out_of_race`, `is_disqualified`, `standard_points`, `meeting_individual_points`, `minutes`, `seconds`, `hundreds`, `meeting_program_id`, `swimmer_id`, `team_id`, `badge_id`, `user_id`, `created_at`, `updated_at`, `disqualification_code_type_id`, `goggle_cup_points`, `reaction_time`, `team_points`, `team_affiliation_id`)
  VALUES (238190, 1, 1, 0, 0, 828.06, 828.06, 0, 41, 6, 31543, 6730, 364, 26037, 1, '2015-09-12 11:35:26', '2015-09-12 11:35:26', NULL, 0.0, 0.0, 0.0, 1159);

INSERT INTO `meeting_individual_results` (`id`, `rank`, `is_play_off`, `is_out_of_race`, `is_disqualified`, `standard_points`, `meeting_individual_points`, `minutes`, `seconds`, `hundreds`, `meeting_program_id`, `swimmer_id`, `team_id`, `badge_id`, `user_id`, `created_at`, `updated_at`, `disqualification_code_type_id`, `goggle_cup_points`, `reaction_time`, `team_points`, `team_affiliation_id`)
  VALUES (238191, 1, 1, 0, 0, 0.0, 0.0, 0, 36, 40, 31544, 19767, 102, 27897, 1, '2015-09-12 11:35:26', '2015-09-12 11:35:26', NULL, 0.0, 0.0, 0.0, 996);

INSERT INTO `meeting_individual_results` (`id`, `rank`, `is_play_off`, `is_out_of_race`, `is_disqualified`, `standard_points`, `meeting_individual_points`, `minutes`, `seconds`, `hundreds`, `meeting_program_id`, `swimmer_id`, `team_id`, `badge_id`, `user_id`, `created_at`, `updated_at`, `disqualification_code_type_id`, `goggle_cup_points`, `reaction_time`, `team_points`, `team_affiliation_id`)
  VALUES (238192, 1, 1, 0, 0, 833.84, 833.84, 0, 29, 55, 31545, 1096, 557, 27880, 1, '2015-09-12 11:35:26', '2015-09-12 11:35:26', NULL, 0.0, 0.0, 0.0, 1346);

INSERT INTO `meeting_individual_results` (`id`, `rank`, `is_play_off`, `is_out_of_race`, `is_disqualified`, `standard_points`, `meeting_individual_points`, `minutes`, `seconds`, `hundreds`, `meeting_program_id`, `swimmer_id`, `team_id`, `badge_id`, `user_id`, `created_at`, `updated_at`, `disqualification_code_type_id`, `goggle_cup_points`, `reaction_time`, `team_points`, `team_affiliation_id`)
  VALUES (238193, 2, 1, 0, 0, 799.22, 799.22, 0, 30, 83, 31545, 8498, 364, 27855, 1, '2015-09-12 11:35:26', '2015-09-12 11:35:26', NULL, 0.0, 0.0, 0.0, 1159);

INSERT INTO `meeting_individual_results` (`id`, `rank`, `is_play_off`, `is_out_of_race`, `is_disqualified`, `standard_points`, `meeting_individual_points`, `minutes`, `seconds`, `hundreds`, `meeting_program_id`, `swimmer_id`, `team_id`, `badge_id`, `user_id`, `created_at`, `updated_at`, `disqualification_code_type_id`, `goggle_cup_points`, `reaction_time`, `team_points`, `team_affiliation_id`)
  VALUES (238194, 3, 1, 0, 0, 798.96, 798.96, 0, 30, 84, 31545, 11306, 557, 27844, 1, '2015-09-12 11:35:26', '2015-09-12 11:35:26', NULL, 0.0, 0.0, 0.0, 1346);

INSERT INTO `meeting_individual_results` (`id`, `rank`, `is_play_off`, `is_out_of_race`, `is_disqualified`, `standard_points`, `meeting_individual_points`, `minutes`, `seconds`, `hundreds`, `meeting_program_id`, `swimmer_id`, `team_id`, `badge_id`, `user_id`, `created_at`, `updated_at`, `disqualification_code_type_id`, `goggle_cup_points`, `reaction_time`, `team_points`, `team_affiliation_id`)
  VALUES (238195, 4, 1, 0, 0, 747.8, 747.8, 0, 32, 95, 31545, 8688, 364, 27898, 1, '2015-09-12 11:35:27', '2015-09-12 11:35:27', NULL, 0.0, 0.0, 0.0, 1159);

INSERT INTO `meeting_individual_results` (`id`, `rank`, `is_play_off`, `is_out_of_race`, `is_disqualified`, `standard_points`, `meeting_individual_points`, `minutes`, `seconds`, `hundreds`, `meeting_program_id`, `swimmer_id`, `team_id`, `badge_id`, `user_id`, `created_at`, `updated_at`, `disqualification_code_type_id`, `goggle_cup_points`, `reaction_time`, `team_points`, `team_affiliation_id`)
  VALUES (238196, 5, 1, 0, 0, 542.85, 542.85, 0, 45, 39, 31545, 8426, 466, 26392, 1, '2015-09-12 11:35:27', '2015-09-12 11:35:27', NULL, 0.0, 0.0, 0.0, 1252);

INSERT INTO `meeting_individual_results` (`id`, `rank`, `is_play_off`, `is_out_of_race`, `is_disqualified`, `standard_points`, `meeting_individual_points`, `minutes`, `seconds`, `hundreds`, `meeting_program_id`, `swimmer_id`, `team_id`, `badge_id`, `user_id`, `created_at`, `updated_at`, `disqualification_code_type_id`, `goggle_cup_points`, `reaction_time`, `team_points`, `team_affiliation_id`)
  VALUES (238197, 1, 1, 0, 0, 805.23, 805.23, 0, 30, 96, 31546, 18858, 71, 24266, 1, '2015-09-12 11:35:27', '2015-09-12 11:35:27', NULL, 0.0, 0.0, 0.0, 1009);

INSERT INTO `meeting_individual_results` (`id`, `rank`, `is_play_off`, `is_out_of_race`, `is_disqualified`, `standard_points`, `meeting_individual_points`, `minutes`, `seconds`, `hundreds`, `meeting_program_id`, `swimmer_id`, `team_id`, `badge_id`, `user_id`, `created_at`, `updated_at`, `disqualification_code_type_id`, `goggle_cup_points`, `reaction_time`, `team_points`, `team_affiliation_id`)
  VALUES (238198, 2, 1, 0, 0, 736.48, 736.48, 0, 33, 85, 31546, 17641, 557, 27857, 1, '2015-09-12 11:35:27', '2015-09-12 11:35:27', NULL, 0.0, 0.0, 0.0, 1346);

INSERT INTO `meeting_individual_results` (`id`, `rank`, `is_play_off`, `is_out_of_race`, `is_disqualified`, `standard_points`, `meeting_individual_points`, `minutes`, `seconds`, `hundreds`, `meeting_program_id`, `swimmer_id`, `team_id`, `badge_id`, `user_id`, `created_at`, `updated_at`, `disqualification_code_type_id`, `goggle_cup_points`, `reaction_time`, `team_points`, `team_affiliation_id`)
  VALUES (238199, 1, 1, 0, 0, 727.33, 727.33, 0, 34, 62, 31547, 11318, 557, 27866, 1, '2015-09-12 11:35:27', '2015-09-12 11:35:27', NULL, 0.0, 0.0, 0.0, 1346);

INSERT INTO `meeting_individual_results` (`id`, `rank`, `is_play_off`, `is_out_of_race`, `is_disqualified`, `standard_points`, `meeting_individual_points`, `minutes`, `seconds`, `hundreds`, `meeting_program_id`, `swimmer_id`, `team_id`, `badge_id`, `user_id`, `created_at`, `updated_at`, `disqualification_code_type_id`, `goggle_cup_points`, `reaction_time`, `team_points`, `team_affiliation_id`)
  VALUES (238200, 1, 1, 0, 0, 857.48, 857.48, 0, 29, 96, 31548, 12615, 364, 26041, 1, '2015-09-12 11:35:27', '2015-09-12 11:35:27', NULL, 0.0, 0.0, 0.0, 1159);

INSERT INTO `meeting_individual_results` (`id`, `rank`, `is_play_off`, `is_out_of_race`, `is_disqualified`, `standard_points`, `meeting_individual_points`, `minutes`, `seconds`, `hundreds`, `meeting_program_id`, `swimmer_id`, `team_id`, `badge_id`, `user_id`, `created_at`, `updated_at`, `disqualification_code_type_id`, `goggle_cup_points`, `reaction_time`, `team_points`, `team_affiliation_id`)
  VALUES (238201, 2, 1, 0, 0, 801.06, 801.06, 0, 32, 7, 31548, 2379, 74, 24311, 1, '2015-09-12 11:35:27', '2015-09-12 11:35:27', NULL, 0.0, 0.0, 0.0, 988);

INSERT INTO `meeting_individual_results` (`id`, `rank`, `is_play_off`, `is_out_of_race`, `is_disqualified`, `standard_points`, `meeting_individual_points`, `minutes`, `seconds`, `hundreds`, `meeting_program_id`, `swimmer_id`, `team_id`, `badge_id`, `user_id`, `created_at`, `updated_at`, `disqualification_code_type_id`, `goggle_cup_points`, `reaction_time`, `team_points`, `team_affiliation_id`)
  VALUES (238202, 3, 1, 0, 0, 771.24, 771.24, 0, 33, 31, 31548, 17053, 364, 27899, 1, '2015-09-12 11:35:27', '2015-09-12 11:35:27', NULL, 0.0, 0.0, 0.0, 1159);

INSERT INTO `meeting_individual_results` (`id`, `rank`, `is_play_off`, `is_out_of_race`, `is_disqualified`, `standard_points`, `meeting_individual_points`, `minutes`, `seconds`, `hundreds`, `meeting_program_id`, `swimmer_id`, `team_id`, `badge_id`, `user_id`, `created_at`, `updated_at`, `disqualification_code_type_id`, `goggle_cup_points`, `reaction_time`, `team_points`, `team_affiliation_id`)
  VALUES (238203, 4, 1, 0, 0, 738.86, 738.86, 0, 34, 77, 31548, 6464, 59, 22588, 1, '2015-09-12 11:35:27', '2015-09-12 11:35:27', NULL, 0.0, 0.0, 0.0, 975);

INSERT INTO `meeting_individual_results` (`id`, `rank`, `is_play_off`, `is_out_of_race`, `is_disqualified`, `standard_points`, `meeting_individual_points`, `minutes`, `seconds`, `hundreds`, `meeting_program_id`, `swimmer_id`, `team_id`, `badge_id`, `user_id`, `created_at`, `updated_at`, `disqualification_code_type_id`, `goggle_cup_points`, `reaction_time`, `team_points`, `team_affiliation_id`)
  VALUES (238204, 5, 1, 0, 0, 651.04, 651.04, 0, 39, 46, 31548, 19768, 102, 27871, 1, '2015-09-12 11:35:28', '2015-09-12 11:35:28', NULL, 0.0, 0.0, 0.0, 996);

INSERT INTO `meeting_individual_results` (`id`, `rank`, `is_play_off`, `is_out_of_race`, `is_disqualified`, `standard_points`, `meeting_individual_points`, `minutes`, `seconds`, `hundreds`, `meeting_program_id`, `swimmer_id`, `team_id`, `badge_id`, `user_id`, `created_at`, `updated_at`, `disqualification_code_type_id`, `goggle_cup_points`, `reaction_time`, `team_points`, `team_affiliation_id`)
  VALUES (238205, 6, 1, 0, 0, 635.58, 635.58, 0, 40, 42, 31548, 8668, 466, 27900, 1, '2015-09-12 11:35:28', '2015-09-12 11:35:28', NULL, 0.0, 0.0, 0.0, 1252);

INSERT INTO `meeting_individual_results` (`id`, `rank`, `is_play_off`, `is_out_of_race`, `is_disqualified`, `standard_points`, `meeting_individual_points`, `minutes`, `seconds`, `hundreds`, `meeting_program_id`, `swimmer_id`, `team_id`, `badge_id`, `user_id`, `created_at`, `updated_at`, `disqualification_code_type_id`, `goggle_cup_points`, `reaction_time`, `team_points`, `team_affiliation_id`)
  VALUES (238206, 7, 1, 0, 0, 557.99, 557.99, 0, 46, 4, 31548, 17632, 71, 24325, 1, '2015-09-12 11:35:28', '2015-09-12 11:35:28', NULL, 0.0, 0.0, 0.0, 1009);

INSERT INTO `meeting_individual_results` (`id`, `rank`, `is_play_off`, `is_out_of_race`, `is_disqualified`, `standard_points`, `meeting_individual_points`, `minutes`, `seconds`, `hundreds`, `meeting_program_id`, `swimmer_id`, `team_id`, `badge_id`, `user_id`, `created_at`, `updated_at`, `disqualification_code_type_id`, `goggle_cup_points`, `reaction_time`, `team_points`, `team_affiliation_id`)
  VALUES (238207, 1, 1, 0, 0, 667.01, 667.01, 0, 39, 40, 31549, 11335, 102, 27901, 1, '2015-09-12 11:35:28', '2015-09-12 11:35:28', NULL, 0.0, 0.0, 0.0, 996);

INSERT INTO `meeting_individual_results` (`id`, `rank`, `is_play_off`, `is_out_of_race`, `is_disqualified`, `standard_points`, `meeting_individual_points`, `minutes`, `seconds`, `hundreds`, `meeting_program_id`, `swimmer_id`, `team_id`, `badge_id`, `user_id`, `created_at`, `updated_at`, `disqualification_code_type_id`, `goggle_cup_points`, `reaction_time`, `team_points`, `team_affiliation_id`)
  VALUES (238208, 1, 1, 0, 0, 906.58, 906.58, 0, 29, 65, 31550, 2145, 74, 22393, 1, '2015-09-12 11:35:28', '2015-09-12 11:35:28', NULL, 0.0, 0.0, 0.0, 988);

INSERT INTO `meeting_individual_results` (`id`, `rank`, `is_play_off`, `is_out_of_race`, `is_disqualified`, `standard_points`, `meeting_individual_points`, `minutes`, `seconds`, `hundreds`, `meeting_program_id`, `swimmer_id`, `team_id`, `badge_id`, `user_id`, `created_at`, `updated_at`, `disqualification_code_type_id`, `goggle_cup_points`, `reaction_time`, `team_points`, `team_affiliation_id`)
  VALUES (238209, 2, 1, 0, 0, 843.96, 843.96, 0, 31, 85, 31550, 2146, 74, 22397, 1, '2015-09-12 11:35:28', '2015-09-12 11:35:28', NULL, 0.0, 0.0, 0.0, 988);

INSERT INTO `meeting_individual_results` (`id`, `rank`, `is_play_off`, `is_out_of_race`, `is_disqualified`, `standard_points`, `meeting_individual_points`, `minutes`, `seconds`, `hundreds`, `meeting_program_id`, `swimmer_id`, `team_id`, `badge_id`, `user_id`, `created_at`, `updated_at`, `disqualification_code_type_id`, `goggle_cup_points`, `reaction_time`, `team_points`, `team_affiliation_id`)
  VALUES (238210, 3, 1, 0, 0, 807.69, 807.69, 0, 33, 28, 31550, 1986, 59, 25659, 1, '2015-09-12 11:35:28', '2015-09-12 11:35:28', NULL, 0.0, 0.0, 0.0, 975);

INSERT INTO `meeting_individual_results` (`id`, `rank`, `is_play_off`, `is_out_of_race`, `is_disqualified`, `standard_points`, `meeting_individual_points`, `minutes`, `seconds`, `hundreds`, `meeting_program_id`, `swimmer_id`, `team_id`, `badge_id`, `user_id`, `created_at`, `updated_at`, `disqualification_code_type_id`, `goggle_cup_points`, `reaction_time`, `team_points`, `team_affiliation_id`)
  VALUES (238211, 4, 1, 0, 0, 714.32, 714.32, 0, 37, 63, 31550, 14847, 102, 27902, 1, '2015-09-12 11:35:28', '2015-09-12 11:35:28', NULL, 0.0, 0.0, 0.0, 996);

INSERT INTO `meeting_individual_results` (`id`, `rank`, `is_play_off`, `is_out_of_race`, `is_disqualified`, `standard_points`, `meeting_individual_points`, `minutes`, `seconds`, `hundreds`, `meeting_program_id`, `swimmer_id`, `team_id`, `badge_id`, `user_id`, `created_at`, `updated_at`, `disqualification_code_type_id`, `goggle_cup_points`, `reaction_time`, `team_points`, `team_affiliation_id`)
  VALUES (238212, 1, 1, 0, 0, 610.59, 610.59, 0, 45, 12, 31551, 4952, 71, 22737, 1, '2015-09-12 11:35:28', '2015-09-12 11:35:28', NULL, 0.0, 0.0, 0.0, 1009);

INSERT INTO `meeting_individual_results` (`id`, `rank`, `is_play_off`, `is_out_of_race`, `is_disqualified`, `standard_points`, `meeting_individual_points`, `minutes`, `seconds`, `hundreds`, `meeting_program_id`, `swimmer_id`, `team_id`, `badge_id`, `user_id`, `created_at`, `updated_at`, `disqualification_code_type_id`, `goggle_cup_points`, `reaction_time`, `team_points`, `team_affiliation_id`)
  VALUES (238213, 1, 1, 0, 0, 709.19, 709.19, 0, 40, 68, 31552, 2392, 71, 22739, 1, '2015-09-12 11:35:28', '2015-09-12 11:35:28', NULL, 0.0, 0.0, 0.0, 1009);

INSERT INTO `meeting_individual_results` (`id`, `rank`, `is_play_off`, `is_out_of_race`, `is_disqualified`, `standard_points`, `meeting_individual_points`, `minutes`, `seconds`, `hundreds`, `meeting_program_id`, `swimmer_id`, `team_id`, `badge_id`, `user_id`, `created_at`, `updated_at`, `disqualification_code_type_id`, `goggle_cup_points`, `reaction_time`, `team_points`, `team_affiliation_id`)
  VALUES (238214, 1, 1, 0, 0, 0.0, 0.0, 0, 42, 89, 31553, 19129, 49, 25978, 1, '2015-09-12 11:35:28', '2015-09-12 11:35:28', NULL, 0.0, 0.0, 0.0, 979);

INSERT INTO `meeting_individual_results` (`id`, `rank`, `is_play_off`, `is_out_of_race`, `is_disqualified`, `standard_points`, `meeting_individual_points`, `minutes`, `seconds`, `hundreds`, `meeting_program_id`, `swimmer_id`, `team_id`, `badge_id`, `user_id`, `created_at`, `updated_at`, `disqualification_code_type_id`, `goggle_cup_points`, `reaction_time`, `team_points`, `team_affiliation_id`)
  VALUES (238215, 1, 1, 0, 0, 772.92, 772.92, 0, 42, 76, 31554, 14842, 557, 27903, 1, '2015-09-12 11:35:29', '2015-09-12 11:35:29', NULL, 0.0, 0.0, 0.0, 1346);

INSERT INTO `meeting_individual_results` (`id`, `rank`, `is_play_off`, `is_out_of_race`, `is_disqualified`, `standard_points`, `meeting_individual_points`, `minutes`, `seconds`, `hundreds`, `meeting_program_id`, `swimmer_id`, `team_id`, `badge_id`, `user_id`, `created_at`, `updated_at`, `disqualification_code_type_id`, `goggle_cup_points`, `reaction_time`, `team_points`, `team_affiliation_id`)
  VALUES (238216, 1, 1, 0, 0, 836.22, 836.22, 0, 40, 42, 31555, 12629, 595, 27896, 1, '2015-09-12 11:35:29', '2015-09-12 11:35:29', NULL, 0.0, 0.0, 0.0, 1348);

INSERT INTO `meeting_individual_results` (`id`, `rank`, `is_play_off`, `is_out_of_race`, `is_disqualified`, `standard_points`, `meeting_individual_points`, `minutes`, `seconds`, `hundreds`, `meeting_program_id`, `swimmer_id`, `team_id`, `badge_id`, `user_id`, `created_at`, `updated_at`, `disqualification_code_type_id`, `goggle_cup_points`, `reaction_time`, `team_points`, `team_affiliation_id`)
  VALUES (238217, 2, 1, 0, 0, 810.75, 810.75, 0, 41, 69, 31555, 8664, 456, 27904, 1, '2015-09-12 11:35:29', '2015-09-12 11:35:29', NULL, 0.0, 0.0, 0.0, 1349);

INSERT INTO `meeting_individual_results` (`id`, `rank`, `is_play_off`, `is_out_of_race`, `is_disqualified`, `standard_points`, `meeting_individual_points`, `minutes`, `seconds`, `hundreds`, `meeting_program_id`, `swimmer_id`, `team_id`, `badge_id`, `user_id`, `created_at`, `updated_at`, `disqualification_code_type_id`, `goggle_cup_points`, `reaction_time`, `team_points`, `team_affiliation_id`)
  VALUES (238218, 1, 1, 0, 0, 660.32, 660.32, 0, 51, 96, 31556, 8596, 466, 26452, 1, '2015-09-12 11:35:29', '2015-09-12 11:35:29', NULL, 0.0, 0.0, 0.0, 1252);

INSERT INTO `meeting_individual_results` (`id`, `rank`, `is_play_off`, `is_out_of_race`, `is_disqualified`, `standard_points`, `meeting_individual_points`, `minutes`, `seconds`, `hundreds`, `meeting_program_id`, `swimmer_id`, `team_id`, `badge_id`, `user_id`, `created_at`, `updated_at`, `disqualification_code_type_id`, `goggle_cup_points`, `reaction_time`, `team_points`, `team_affiliation_id`)
  VALUES (238219, 1, 1, 0, 0, 860.63, 860.63, 0, 40, 61, 31557, 8671, 102, 27882, 1, '2015-09-12 11:35:29', '2015-09-12 11:35:29', NULL, 0.0, 0.0, 0.0, 996);

INSERT INTO `meeting_individual_results` (`id`, `rank`, `is_play_off`, `is_out_of_race`, `is_disqualified`, `standard_points`, `meeting_individual_points`, `minutes`, `seconds`, `hundreds`, `meeting_program_id`, `swimmer_id`, `team_id`, `badge_id`, `user_id`, `created_at`, `updated_at`, `disqualification_code_type_id`, `goggle_cup_points`, `reaction_time`, `team_points`, `team_affiliation_id`)
  VALUES (238220, 1, 1, 0, 0, 804.98, 804.98, 0, 45, 74, 31558, 8527, 364, 27905, 1, '2015-09-12 11:35:29', '2015-09-12 11:35:29', NULL, 0.0, 0.0, 0.0, 1159);

INSERT INTO `meeting_individual_results` (`id`, `rank`, `is_play_off`, `is_out_of_race`, `is_disqualified`, `standard_points`, `meeting_individual_points`, `minutes`, `seconds`, `hundreds`, `meeting_program_id`, `swimmer_id`, `team_id`, `badge_id`, `user_id`, `created_at`, `updated_at`, `disqualification_code_type_id`, `goggle_cup_points`, `reaction_time`, `team_points`, `team_affiliation_id`)
  VALUES (238221, 1, 1, 0, 0, 643.3, 643.3, 1, 0, 19, 31559, 19775, 364, 27852, 1, '2015-09-12 11:35:29', '2015-09-12 11:35:29', NULL, 0.0, 0.0, 0.0, 1159);

INSERT INTO `meeting_individual_results` (`id`, `rank`, `is_play_off`, `is_out_of_race`, `is_disqualified`, `standard_points`, `meeting_individual_points`, `minutes`, `seconds`, `hundreds`, `meeting_program_id`, `swimmer_id`, `team_id`, `badge_id`, `user_id`, `created_at`, `updated_at`, `disqualification_code_type_id`, `goggle_cup_points`, `reaction_time`, `team_points`, `team_affiliation_id`)
  VALUES (238222, 1, 1, 0, 0, 810.94, 810.94, 0, 49, 93, 31560, 8474, 364, 26998, 1, '2015-09-12 11:35:29', '2015-09-12 11:35:29', NULL, 0.0, 0.0, 0.0, 1159);

INSERT INTO `meeting_individual_results` (`id`, `rank`, `is_play_off`, `is_out_of_race`, `is_disqualified`, `standard_points`, `meeting_individual_points`, `minutes`, `seconds`, `hundreds`, `meeting_program_id`, `swimmer_id`, `team_id`, `badge_id`, `user_id`, `created_at`, `updated_at`, `disqualification_code_type_id`, `goggle_cup_points`, `reaction_time`, `team_points`, `team_affiliation_id`)
  VALUES (238223, 1, 1, 0, 0, 897.31, 897.31, 0, 31, 94, 31561, 8493, 364, 26068, 1, '2015-09-12 11:35:29', '2015-09-12 11:35:29', NULL, 0.0, 0.0, 0.0, 1159);

INSERT INTO `meeting_individual_results` (`id`, `rank`, `is_play_off`, `is_out_of_race`, `is_disqualified`, `standard_points`, `meeting_individual_points`, `minutes`, `seconds`, `hundreds`, `meeting_program_id`, `swimmer_id`, `team_id`, `badge_id`, `user_id`, `created_at`, `updated_at`, `disqualification_code_type_id`, `goggle_cup_points`, `reaction_time`, `team_points`, `team_affiliation_id`)
  VALUES (238224, 2, 1, 0, 0, 895.35, 895.35, 0, 32, 1, 31561, 11321, 557, 27843, 1, '2015-09-12 11:35:29', '2015-09-12 11:35:29', NULL, 0.0, 0.0, 0.0, 1346);

INSERT INTO `meeting_individual_results` (`id`, `rank`, `is_play_off`, `is_out_of_race`, `is_disqualified`, `standard_points`, `meeting_individual_points`, `minutes`, `seconds`, `hundreds`, `meeting_program_id`, `swimmer_id`, `team_id`, `badge_id`, `user_id`, `created_at`, `updated_at`, `disqualification_code_type_id`, `goggle_cup_points`, `reaction_time`, `team_points`, `team_affiliation_id`)
  VALUES (238225, 3, 1, 0, 0, 876.45, 876.45, 0, 32, 70, 31561, 2357, 74, 22705, 1, '2015-09-12 11:35:30', '2015-09-12 11:35:30', NULL, 0.0, 0.0, 0.0, 988);

INSERT INTO `meeting_individual_results` (`id`, `rank`, `is_play_off`, `is_out_of_race`, `is_disqualified`, `standard_points`, `meeting_individual_points`, `minutes`, `seconds`, `hundreds`, `meeting_program_id`, `swimmer_id`, `team_id`, `badge_id`, `user_id`, `created_at`, `updated_at`, `disqualification_code_type_id`, `goggle_cup_points`, `reaction_time`, `team_points`, `team_affiliation_id`)
  VALUES (238226, 4, 1, 0, 0, 823.09, 823.09, 0, 34, 82, 31561, 6525, 59, 22707, 1, '2015-09-12 11:35:30', '2015-09-12 11:35:30', NULL, 0.0, 0.0, 0.0, 975);

INSERT INTO `meeting_individual_results` (`id`, `rank`, `is_play_off`, `is_out_of_race`, `is_disqualified`, `standard_points`, `meeting_individual_points`, `minutes`, `seconds`, `hundreds`, `meeting_program_id`, `swimmer_id`, `team_id`, `badge_id`, `user_id`, `created_at`, `updated_at`, `disqualification_code_type_id`, `goggle_cup_points`, `reaction_time`, `team_points`, `team_affiliation_id`)
  VALUES (238227, 1, 1, 0, 0, 725.17, 725.17, 0, 40, 17, 31562, 17055, 364, 27861, 1, '2015-09-12 11:35:30', '2015-09-12 11:35:30', NULL, 0.0, 0.0, 0.0, 1159);

INSERT INTO `meeting_individual_results` (`id`, `rank`, `is_play_off`, `is_out_of_race`, `is_disqualified`, `standard_points`, `meeting_individual_points`, `minutes`, `seconds`, `hundreds`, `meeting_program_id`, `swimmer_id`, `team_id`, `badge_id`, `user_id`, `created_at`, `updated_at`, `disqualification_code_type_id`, `goggle_cup_points`, `reaction_time`, `team_points`, `team_affiliation_id`)
  VALUES (238228, 2, 1, 0, 0, 649.35, 649.35, 0, 44, 86, 31562, 8633, 466, 26464, 1, '2015-09-12 11:35:30', '2015-09-12 11:35:30', NULL, 0.0, 0.0, 0.0, 1252);

INSERT INTO `meeting_individual_results` (`id`, `rank`, `is_play_off`, `is_out_of_race`, `is_disqualified`, `standard_points`, `meeting_individual_points`, `minutes`, `seconds`, `hundreds`, `meeting_program_id`, `swimmer_id`, `team_id`, `badge_id`, `user_id`, `created_at`, `updated_at`, `disqualification_code_type_id`, `goggle_cup_points`, `reaction_time`, `team_points`, `team_affiliation_id`)
  VALUES (238229, 1, 1, 0, 0, 916.35, 916.35, 0, 32, 4, 31563, 17059, 518, 27906, 1, '2015-09-12 11:35:30', '2015-09-12 11:35:30', NULL, 0.0, 0.0, 0.0, 1350);

INSERT INTO `meeting_individual_results` (`id`, `rank`, `is_play_off`, `is_out_of_race`, `is_disqualified`, `standard_points`, `meeting_individual_points`, `minutes`, `seconds`, `hundreds`, `meeting_program_id`, `swimmer_id`, `team_id`, `badge_id`, `user_id`, `created_at`, `updated_at`, `disqualification_code_type_id`, `goggle_cup_points`, `reaction_time`, `team_points`, `team_affiliation_id`)
  VALUES (238230, 2, 1, 0, 0, 818.51, 818.51, 0, 35, 87, 31563, 1947, 59, 22575, 1, '2015-09-12 11:35:30', '2015-09-12 11:35:30', NULL, 0.0, 0.0, 0.0, 975);

INSERT INTO `meeting_individual_results` (`id`, `rank`, `is_play_off`, `is_out_of_race`, `is_disqualified`, `standard_points`, `meeting_individual_points`, `minutes`, `seconds`, `hundreds`, `meeting_program_id`, `swimmer_id`, `team_id`, `badge_id`, `user_id`, `created_at`, `updated_at`, `disqualification_code_type_id`, `goggle_cup_points`, `reaction_time`, `team_points`, `team_affiliation_id`)
  VALUES (238231, 3, 1, 0, 0, 699.38, 699.38, 0, 41, 98, 31563, 5620, 257, 23102, 1, '2015-09-12 11:35:30', '2015-09-12 11:35:30', NULL, 0.0, 0.0, 0.0, 1042);

INSERT INTO `meeting_individual_results` (`id`, `rank`, `is_play_off`, `is_out_of_race`, `is_disqualified`, `standard_points`, `meeting_individual_points`, `minutes`, `seconds`, `hundreds`, `meeting_program_id`, `swimmer_id`, `team_id`, `badge_id`, `user_id`, `created_at`, `updated_at`, `disqualification_code_type_id`, `goggle_cup_points`, `reaction_time`, `team_points`, `team_affiliation_id`)
  VALUES (238232, 4, 1, 0, 0, 658.89, 658.89, 0, 44, 56, 31563, 15213, 347, 25964, 1, '2015-09-12 11:35:30', '2015-09-12 11:35:30', NULL, 0.0, 0.0, 0.0, 1194);

INSERT INTO `meeting_individual_results` (`id`, `rank`, `is_play_off`, `is_out_of_race`, `is_disqualified`, `standard_points`, `meeting_individual_points`, `minutes`, `seconds`, `hundreds`, `meeting_program_id`, `swimmer_id`, `team_id`, `badge_id`, `user_id`, `created_at`, `updated_at`, `disqualification_code_type_id`, `goggle_cup_points`, `reaction_time`, `team_points`, `team_affiliation_id`)
  VALUES (238233, 5, 1, 0, 0, 648.27, 648.27, 0, 45, 29, 31563, 2431, 71, 22772, 1, '2015-09-12 11:35:30', '2015-09-12 11:35:30', NULL, 0.0, 0.0, 0.0, 1009);

INSERT INTO `meeting_individual_results` (`id`, `rank`, `is_play_off`, `is_out_of_race`, `is_disqualified`, `standard_points`, `meeting_individual_points`, `minutes`, `seconds`, `hundreds`, `meeting_program_id`, `swimmer_id`, `team_id`, `badge_id`, `user_id`, `created_at`, `updated_at`, `disqualification_code_type_id`, `goggle_cup_points`, `reaction_time`, `team_points`, `team_affiliation_id`)
  VALUES (238234, 6, 1, 0, 0, 613.97, 613.97, 0, 47, 82, 31563, 8430, 347, 27907, 1, '2015-09-12 11:35:30', '2015-09-12 11:35:30', NULL, 0.0, 0.0, 0.0, 1194);

INSERT INTO `meeting_individual_results` (`id`, `rank`, `is_play_off`, `is_out_of_race`, `is_disqualified`, `standard_points`, `meeting_individual_points`, `minutes`, `seconds`, `hundreds`, `meeting_program_id`, `swimmer_id`, `team_id`, `badge_id`, `user_id`, `created_at`, `updated_at`, `disqualification_code_type_id`, `goggle_cup_points`, `reaction_time`, `team_points`, `team_affiliation_id`)
  VALUES (238235, 1, 1, 0, 0, 866.61, 866.61, 0, 34, 26, 31564, 12636, 364, 27908, 1, '2015-09-12 11:35:31', '2015-09-12 11:35:31', NULL, 0.0, 0.0, 0.0, 1159);

INSERT INTO `meeting_individual_results` (`id`, `rank`, `is_play_off`, `is_out_of_race`, `is_disqualified`, `standard_points`, `meeting_individual_points`, `minutes`, `seconds`, `hundreds`, `meeting_program_id`, `swimmer_id`, `team_id`, `badge_id`, `user_id`, `created_at`, `updated_at`, `disqualification_code_type_id`, `goggle_cup_points`, `reaction_time`, `team_points`, `team_affiliation_id`)
  VALUES (238236, 2, 1, 0, 0, 850.72, 850.72, 0, 34, 90, 31564, 4345, 270, 26691, 1, '2015-09-12 11:35:31', '2015-09-12 11:35:31', NULL, 0.0, 0.0, 0.0, 987);

INSERT INTO `meeting_individual_results` (`id`, `rank`, `is_play_off`, `is_out_of_race`, `is_disqualified`, `standard_points`, `meeting_individual_points`, `minutes`, `seconds`, `hundreds`, `meeting_program_id`, `swimmer_id`, `team_id`, `badge_id`, `user_id`, `created_at`, `updated_at`, `disqualification_code_type_id`, `goggle_cup_points`, `reaction_time`, `team_points`, `team_affiliation_id`)
  VALUES (238237, 3, 1, 0, 0, 849.74, 849.74, 0, 34, 94, 31564, 12615, 364, 26041, 1, '2015-09-12 11:35:31', '2015-09-12 11:35:31', NULL, 0.0, 0.0, 0.0, 1159);

INSERT INTO `meeting_individual_results` (`id`, `rank`, `is_play_off`, `is_out_of_race`, `is_disqualified`, `standard_points`, `meeting_individual_points`, `minutes`, `seconds`, `hundreds`, `meeting_program_id`, `swimmer_id`, `team_id`, `badge_id`, `user_id`, `created_at`, `updated_at`, `disqualification_code_type_id`, `goggle_cup_points`, `reaction_time`, `team_points`, `team_affiliation_id`)
  VALUES (238238, 4, 1, 0, 0, 776.01, 776.01, 0, 38, 26, 31564, 2374, 102, 27909, 1, '2015-09-12 11:35:31', '2015-09-12 11:35:31', NULL, 0.0, 0.0, 0.0, 996);

INSERT INTO `meeting_individual_results` (`id`, `rank`, `is_play_off`, `is_out_of_race`, `is_disqualified`, `standard_points`, `meeting_individual_points`, `minutes`, `seconds`, `hundreds`, `meeting_program_id`, `swimmer_id`, `team_id`, `badge_id`, `user_id`, `created_at`, `updated_at`, `disqualification_code_type_id`, `goggle_cup_points`, `reaction_time`, `team_points`, `team_affiliation_id`)
  VALUES (238239, 5, 1, 0, 0, 760.5, 760.5, 0, 39, 4, 31564, 8517, 456, 27869, 1, '2015-09-12 11:35:31', '2015-09-12 11:35:31', NULL, 0.0, 0.0, 0.0, 1349);

INSERT INTO `meeting_individual_results` (`id`, `rank`, `is_play_off`, `is_out_of_race`, `is_disqualified`, `standard_points`, `meeting_individual_points`, `minutes`, `seconds`, `hundreds`, `meeting_program_id`, `swimmer_id`, `team_id`, `badge_id`, `user_id`, `created_at`, `updated_at`, `disqualification_code_type_id`, `goggle_cup_points`, `reaction_time`, `team_points`, `team_affiliation_id`)
  VALUES (238240, 6, 1, 0, 0, 752.03, 752.03, 0, 39, 48, 31564, 17053, 364, 27899, 1, '2015-09-12 11:35:31', '2015-09-12 11:35:31', NULL, 0.0, 0.0, 0.0, 1159);

INSERT INTO `meeting_individual_results` (`id`, `rank`, `is_play_off`, `is_out_of_race`, `is_disqualified`, `standard_points`, `meeting_individual_points`, `minutes`, `seconds`, `hundreds`, `meeting_program_id`, `swimmer_id`, `team_id`, `badge_id`, `user_id`, `created_at`, `updated_at`, `disqualification_code_type_id`, `goggle_cup_points`, `reaction_time`, `team_points`, `team_affiliation_id`)
  VALUES (238241, 7, 1, 0, 0, 722.03, 722.03, 0, 41, 12, 31564, 14833, 557, 27910, 1, '2015-09-12 11:35:31', '2015-09-12 11:35:31', NULL, 0.0, 0.0, 0.0, 1346);

INSERT INTO `meeting_individual_results` (`id`, `rank`, `is_play_off`, `is_out_of_race`, `is_disqualified`, `standard_points`, `meeting_individual_points`, `minutes`, `seconds`, `hundreds`, `meeting_program_id`, `swimmer_id`, `team_id`, `badge_id`, `user_id`, `created_at`, `updated_at`, `disqualification_code_type_id`, `goggle_cup_points`, `reaction_time`, `team_points`, `team_affiliation_id`)
  VALUES (238242, 8, 1, 0, 0, 686.95, 686.95, 0, 43, 22, 31564, 19777, 102, 27870, 1, '2015-09-12 11:35:31', '2015-09-12 11:35:31', NULL, 0.0, 0.0, 0.0, 996);

INSERT INTO `meeting_individual_results` (`id`, `rank`, `is_play_off`, `is_out_of_race`, `is_disqualified`, `standard_points`, `meeting_individual_points`, `minutes`, `seconds`, `hundreds`, `meeting_program_id`, `swimmer_id`, `team_id`, `badge_id`, `user_id`, `created_at`, `updated_at`, `disqualification_code_type_id`, `goggle_cup_points`, `reaction_time`, `team_points`, `team_affiliation_id`)
  VALUES (238243, 9, 1, 0, 0, 669.15, 669.15, 0, 44, 37, 31564, 14834, 557, 27883, 1, '2015-09-12 11:35:31', '2015-09-12 11:35:31', NULL, 0.0, 0.0, 0.0, 1346);

INSERT INTO `meeting_individual_results` (`id`, `rank`, `is_play_off`, `is_out_of_race`, `is_disqualified`, `standard_points`, `meeting_individual_points`, `minutes`, `seconds`, `hundreds`, `meeting_program_id`, `swimmer_id`, `team_id`, `badge_id`, `user_id`, `created_at`, `updated_at`, `disqualification_code_type_id`, `goggle_cup_points`, `reaction_time`, `team_points`, `team_affiliation_id`)
  VALUES (238244, 10, 1, 0, 0, 655.7, 655.7, 0, 45, 28, 31564, 5814, 257, 24809, 1, '2015-09-12 11:35:31', '2015-09-12 11:35:31', NULL, 0.0, 0.0, 0.0, 1042);

INSERT INTO `meeting_individual_results` (`id`, `rank`, `is_play_off`, `is_out_of_race`, `is_disqualified`, `standard_points`, `meeting_individual_points`, `minutes`, `seconds`, `hundreds`, `meeting_program_id`, `swimmer_id`, `team_id`, `badge_id`, `user_id`, `created_at`, `updated_at`, `disqualification_code_type_id`, `goggle_cup_points`, `reaction_time`, `team_points`, `team_affiliation_id`)
  VALUES (238245, 11, 1, 0, 0, 592.61, 592.61, 0, 50, 10, 31564, 16285, 71, 24642, 1, '2015-09-12 11:35:31', '2015-09-12 11:35:31', NULL, 0.0, 0.0, 0.0, 1009);

INSERT INTO `meeting_individual_results` (`id`, `rank`, `is_play_off`, `is_out_of_race`, `is_disqualified`, `standard_points`, `meeting_individual_points`, `minutes`, `seconds`, `hundreds`, `meeting_program_id`, `swimmer_id`, `team_id`, `badge_id`, `user_id`, `created_at`, `updated_at`, `disqualification_code_type_id`, `goggle_cup_points`, `reaction_time`, `team_points`, `team_affiliation_id`)
  VALUES (238246, 1, 1, 0, 0, 780.73, 780.73, 0, 38, 72, 31565, 11315, 557, 27884, 1, '2015-09-12 11:35:32', '2015-09-12 11:35:32', NULL, 0.0, 0.0, 0.0, 1346);

INSERT INTO `meeting_individual_results` (`id`, `rank`, `is_play_off`, `is_out_of_race`, `is_disqualified`, `standard_points`, `meeting_individual_points`, `minutes`, `seconds`, `hundreds`, `meeting_program_id`, `swimmer_id`, `team_id`, `badge_id`, `user_id`, `created_at`, `updated_at`, `disqualification_code_type_id`, `goggle_cup_points`, `reaction_time`, `team_points`, `team_affiliation_id`)
  VALUES (238247, 2, 1, 0, 0, 739.48, 739.48, 0, 40, 88, 31565, 8429, 451, 27911, 1, '2015-09-12 11:35:32', '2015-09-12 11:35:32', NULL, 0.0, 0.0, 0.0, 1347);

INSERT INTO `meeting_individual_results` (`id`, `rank`, `is_play_off`, `is_out_of_race`, `is_disqualified`, `standard_points`, `meeting_individual_points`, `minutes`, `seconds`, `hundreds`, `meeting_program_id`, `swimmer_id`, `team_id`, `badge_id`, `user_id`, `created_at`, `updated_at`, `disqualification_code_type_id`, `goggle_cup_points`, `reaction_time`, `team_points`, `team_affiliation_id`)
  VALUES (238248, 3, 1, 0, 0, 681.47, 681.47, 0, 44, 36, 31565, 2446, 71, 22786, 1, '2015-09-12 11:35:32', '2015-09-12 11:35:32', NULL, 0.0, 0.0, 0.0, 1009);

INSERT INTO `meeting_individual_results` (`id`, `rank`, `is_play_off`, `is_out_of_race`, `is_disqualified`, `standard_points`, `meeting_individual_points`, `minutes`, `seconds`, `hundreds`, `meeting_program_id`, `swimmer_id`, `team_id`, `badge_id`, `user_id`, `created_at`, `updated_at`, `disqualification_code_type_id`, `goggle_cup_points`, `reaction_time`, `team_points`, `team_affiliation_id`)
  VALUES (238249, 4, 1, 0, 0, 630.05, 630.05, 0, 47, 98, 31565, 19772, 102, 27912, 1, '2015-09-12 11:35:32', '2015-09-12 11:35:32', NULL, 0.0, 0.0, 0.0, 996);

INSERT INTO `meeting_individual_results` (`id`, `rank`, `is_play_off`, `is_out_of_race`, `is_disqualified`, `standard_points`, `meeting_individual_points`, `minutes`, `seconds`, `hundreds`, `meeting_program_id`, `swimmer_id`, `team_id`, `badge_id`, `user_id`, `created_at`, `updated_at`, `disqualification_code_type_id`, `goggle_cup_points`, `reaction_time`, `team_points`, `team_affiliation_id`)
  VALUES (238250, 1, 1, 0, 0, 863.42, 863.42, 0, 36, 39, 31566, 2145, 74, 22393, 1, '2015-09-12 11:35:32', '2015-09-12 11:35:32', NULL, 0.0, 0.0, 0.0, 988);

INSERT INTO `meeting_individual_results` (`id`, `rank`, `is_play_off`, `is_out_of_race`, `is_disqualified`, `standard_points`, `meeting_individual_points`, `minutes`, `seconds`, `hundreds`, `meeting_program_id`, `swimmer_id`, `team_id`, `badge_id`, `user_id`, `created_at`, `updated_at`, `disqualification_code_type_id`, `goggle_cup_points`, `reaction_time`, `team_points`, `team_affiliation_id`)
  VALUES (238251, 2, 1, 0, 0, 847.36, 847.36, 0, 37, 8, 31566, 1986, 59, 25659, 1, '2015-09-12 11:35:32', '2015-09-12 11:35:32', NULL, 0.0, 0.0, 0.0, 975);

INSERT INTO `meeting_individual_results` (`id`, `rank`, `is_play_off`, `is_out_of_race`, `is_disqualified`, `standard_points`, `meeting_individual_points`, `minutes`, `seconds`, `hundreds`, `meeting_program_id`, `swimmer_id`, `team_id`, `badge_id`, `user_id`, `created_at`, `updated_at`, `disqualification_code_type_id`, `goggle_cup_points`, `reaction_time`, `team_points`, `team_affiliation_id`)
  VALUES (238252, 3, 1, 0, 0, 807.3, 807.3, 0, 38, 92, 31566, 19766, 364, 27893, 1, '2015-09-12 11:35:32', '2015-09-12 11:35:32', NULL, 0.0, 0.0, 0.0, 1159);

INSERT INTO `meeting_individual_results` (`id`, `rank`, `is_play_off`, `is_out_of_race`, `is_disqualified`, `standard_points`, `meeting_individual_points`, `minutes`, `seconds`, `hundreds`, `meeting_program_id`, `swimmer_id`, `team_id`, `badge_id`, `user_id`, `created_at`, `updated_at`, `disqualification_code_type_id`, `goggle_cup_points`, `reaction_time`, `team_points`, `team_affiliation_id`)
  VALUES (238253, 4, 1, 0, 0, 767.65, 767.65, 0, 40, 93, 31566, 14835, 102, 25722, 1, '2015-09-12 11:35:32', '2015-09-12 11:35:32', NULL, 0.0, 0.0, 0.0, 996);

INSERT INTO `meeting_individual_results` (`id`, `rank`, `is_play_off`, `is_out_of_race`, `is_disqualified`, `standard_points`, `meeting_individual_points`, `minutes`, `seconds`, `hundreds`, `meeting_program_id`, `swimmer_id`, `team_id`, `badge_id`, `user_id`, `created_at`, `updated_at`, `disqualification_code_type_id`, `goggle_cup_points`, `reaction_time`, `team_points`, `team_affiliation_id`)
  VALUES (238254, 5, 1, 0, 0, 751.85, 751.85, 0, 41, 79, 31566, 8661, 456, 27913, 1, '2015-09-12 11:35:32', '2015-09-12 11:35:32', NULL, 0.0, 0.0, 0.0, 1349);

INSERT INTO `meeting_individual_results` (`id`, `rank`, `is_play_off`, `is_out_of_race`, `is_disqualified`, `standard_points`, `meeting_individual_points`, `minutes`, `seconds`, `hundreds`, `meeting_program_id`, `swimmer_id`, `team_id`, `badge_id`, `user_id`, `created_at`, `updated_at`, `disqualification_code_type_id`, `goggle_cup_points`, `reaction_time`, `team_points`, `team_affiliation_id`)
  VALUES (238255, 6, 1, 0, 0, 745.61, 745.61, 0, 42, 14, 31566, 14847, 102, 27902, 1, '2015-09-12 11:35:32', '2015-09-12 11:35:32', NULL, 0.0, 0.0, 0.0, 996);

INSERT INTO `meeting_individual_results` (`id`, `rank`, `is_play_off`, `is_out_of_race`, `is_disqualified`, `standard_points`, `meeting_individual_points`, `minutes`, `seconds`, `hundreds`, `meeting_program_id`, `swimmer_id`, `team_id`, `badge_id`, `user_id`, `created_at`, `updated_at`, `disqualification_code_type_id`, `goggle_cup_points`, `reaction_time`, `team_points`, `team_affiliation_id`)
  VALUES (238256, 7, 1, 0, 0, 638.36, 638.36, 0, 49, 22, 31566, 18803, 71, 24175, 1, '2015-09-12 11:35:33', '2015-09-12 11:35:33', NULL, 0.0, 0.0, 0.0, 1009);

INSERT INTO `meeting_individual_results` (`id`, `rank`, `is_play_off`, `is_out_of_race`, `is_disqualified`, `standard_points`, `meeting_individual_points`, `minutes`, `seconds`, `hundreds`, `meeting_program_id`, `swimmer_id`, `team_id`, `badge_id`, `user_id`, `created_at`, `updated_at`, `disqualification_code_type_id`, `goggle_cup_points`, `reaction_time`, `team_points`, `team_affiliation_id`)
  VALUES (238257, 1, 1, 0, 0, 657.03, 657.03, 0, 49, 80, 31567, 11342, 364, 26084, 1, '2015-09-12 11:35:33', '2015-09-12 11:35:33', NULL, 0.0, 0.0, 0.0, 1159);

INSERT INTO `meeting_individual_results` (`id`, `rank`, `is_play_off`, `is_out_of_race`, `is_disqualified`, `standard_points`, `meeting_individual_points`, `minutes`, `seconds`, `hundreds`, `meeting_program_id`, `swimmer_id`, `team_id`, `badge_id`, `user_id`, `created_at`, `updated_at`, `disqualification_code_type_id`, `goggle_cup_points`, `reaction_time`, `team_points`, `team_affiliation_id`)
  VALUES (238258, 1, 1, 0, 0, 740.22, 740.22, 0, 46, 0, 31568, 2336, 71, 22597, 1, '2015-09-12 11:35:33', '2015-09-12 11:35:33', NULL, 0.0, 0.0, 0.0, 1009);

INSERT INTO `meeting_individual_results` (`id`, `rank`, `is_play_off`, `is_out_of_race`, `is_disqualified`, `standard_points`, `meeting_individual_points`, `minutes`, `seconds`, `hundreds`, `meeting_program_id`, `swimmer_id`, `team_id`, `badge_id`, `user_id`, `created_at`, `updated_at`, `disqualification_code_type_id`, `goggle_cup_points`, `reaction_time`, `team_points`, `team_affiliation_id`)
  VALUES (238259, 2, 1, 0, 0, 701.92, 701.92, 0, 48, 51, 31568, 6494, 713, 27914, 1, '2015-09-12 11:35:33', '2015-09-12 11:35:33', NULL, 0.0, 0.0, 0.0, 1185);

INSERT INTO `meeting_individual_results` (`id`, `rank`, `is_play_off`, `is_out_of_race`, `is_disqualified`, `standard_points`, `meeting_individual_points`, `minutes`, `seconds`, `hundreds`, `meeting_program_id`, `swimmer_id`, `team_id`, `badge_id`, `user_id`, `created_at`, `updated_at`, `disqualification_code_type_id`, `goggle_cup_points`, `reaction_time`, `team_points`, `team_affiliation_id`)
  VALUES (238260, 3, 1, 0, 0, 557.83, 557.83, 1, 1, 4, 31568, 2205, 112, 22415, 1, '2015-09-12 11:35:33', '2015-09-12 11:35:33', NULL, 0.0, 0.0, 0.0, 982);

INSERT INTO `meeting_individual_results` (`id`, `rank`, `is_play_off`, `is_out_of_race`, `is_disqualified`, `standard_points`, `meeting_individual_points`, `minutes`, `seconds`, `hundreds`, `meeting_program_id`, `swimmer_id`, `team_id`, `badge_id`, `user_id`, `created_at`, `updated_at`, `disqualification_code_type_id`, `goggle_cup_points`, `reaction_time`, `team_points`, `team_affiliation_id`)
  VALUES (238261, 1, 1, 0, 0, 866.52, 866.52, 0, 41, 13, 31569, 11313, 467, 26935, 1, '2015-09-12 11:35:33', '2015-09-12 11:35:33', NULL, 0.0, 0.0, 0.0, 1275);

INSERT INTO `meeting_individual_results` (`id`, `rank`, `is_play_off`, `is_out_of_race`, `is_disqualified`, `standard_points`, `meeting_individual_points`, `minutes`, `seconds`, `hundreds`, `meeting_program_id`, `swimmer_id`, `team_id`, `badge_id`, `user_id`, `created_at`, `updated_at`, `disqualification_code_type_id`, `goggle_cup_points`, `reaction_time`, `team_points`, `team_affiliation_id`)
  VALUES (238262, 2, 1, 0, 0, 608.81, 608.81, 0, 58, 54, 31569, 8531, 466, 27879, 1, '2015-09-12 11:35:33', '2015-09-12 11:35:33', NULL, 0.0, 0.0, 0.0, 1252);

INSERT INTO `meeting_individual_results` (`id`, `rank`, `is_play_off`, `is_out_of_race`, `is_disqualified`, `standard_points`, `meeting_individual_points`, `minutes`, `seconds`, `hundreds`, `meeting_program_id`, `swimmer_id`, `team_id`, `badge_id`, `user_id`, `created_at`, `updated_at`, `disqualification_code_type_id`, `goggle_cup_points`, `reaction_time`, `team_points`, `team_affiliation_id`)
  VALUES (238263, 1, 1, 0, 0, 663.92, 663.92, 0, 57, 13, 31570, 11354, 450, 27895, 1, '2015-09-12 11:35:33', '2015-09-12 11:35:33', NULL, 0.0, 0.0, 0.0, 1345);

INSERT INTO `meeting_individual_results` (`id`, `rank`, `is_play_off`, `is_out_of_race`, `is_disqualified`, `standard_points`, `meeting_individual_points`, `minutes`, `seconds`, `hundreds`, `meeting_program_id`, `swimmer_id`, `team_id`, `badge_id`, `user_id`, `created_at`, `updated_at`, `disqualification_code_type_id`, `goggle_cup_points`, `reaction_time`, `team_points`, `team_affiliation_id`)
  VALUES (238264, 1, 1, 0, 0, 855.07, 855.07, 0, 31, 5, 31571, 14842, 557, 27903, 1, '2015-09-12 11:35:33', '2015-09-12 11:35:33', NULL, 0.0, 0.0, 0.0, 1346);

INSERT INTO `meeting_individual_results` (`id`, `rank`, `is_play_off`, `is_out_of_race`, `is_disqualified`, `standard_points`, `meeting_individual_points`, `minutes`, `seconds`, `hundreds`, `meeting_program_id`, `swimmer_id`, `team_id`, `badge_id`, `user_id`, `created_at`, `updated_at`, `disqualification_code_type_id`, `goggle_cup_points`, `reaction_time`, `team_points`, `team_affiliation_id`)
  VALUES (238265, 2, 1, 0, 0, 774.05, 774.05, 0, 34, 30, 31571, 12682, 557, 27849, 1, '2015-09-12 11:35:33', '2015-09-12 11:35:33', NULL, 0.0, 0.0, 0.0, 1346);

INSERT INTO `meeting_individual_results` (`id`, `rank`, `is_play_off`, `is_out_of_race`, `is_disqualified`, `standard_points`, `meeting_individual_points`, `minutes`, `seconds`, `hundreds`, `meeting_program_id`, `swimmer_id`, `team_id`, `badge_id`, `user_id`, `created_at`, `updated_at`, `disqualification_code_type_id`, `goggle_cup_points`, `reaction_time`, `team_points`, `team_affiliation_id`)
  VALUES (238266, 1, 1, 0, 0, 834.44, 834.44, 0, 31, 65, 31572, 5983, 154, 24195, 1, '2015-09-12 11:35:34', '2015-09-12 11:35:34', NULL, 0.0, 0.0, 0.0, 1130);

INSERT INTO `meeting_individual_results` (`id`, `rank`, `is_play_off`, `is_out_of_race`, `is_disqualified`, `standard_points`, `meeting_individual_points`, `minutes`, `seconds`, `hundreds`, `meeting_program_id`, `swimmer_id`, `team_id`, `badge_id`, `user_id`, `created_at`, `updated_at`, `disqualification_code_type_id`, `goggle_cup_points`, `reaction_time`, `team_points`, `team_affiliation_id`)
  VALUES (238267, 2, 1, 0, 0, 740.19, 740.19, 0, 35, 68, 31572, 12645, 364, 27885, 1, '2015-09-12 11:35:34', '2015-09-12 11:35:34', NULL, 0.0, 0.0, 0.0, 1159);

INSERT INTO `meeting_individual_results` (`id`, `rank`, `is_play_off`, `is_out_of_race`, `is_disqualified`, `standard_points`, `meeting_individual_points`, `minutes`, `seconds`, `hundreds`, `meeting_program_id`, `swimmer_id`, `team_id`, `badge_id`, `user_id`, `created_at`, `updated_at`, `disqualification_code_type_id`, `goggle_cup_points`, `reaction_time`, `team_points`, `team_affiliation_id`)
  VALUES (238268, 3, 1, 0, 0, 712.05, 712.05, 0, 37, 9, 31572, 19335, 466, 26402, 1, '2015-09-12 11:35:34', '2015-09-12 11:35:34', NULL, 0.0, 0.0, 0.0, 1252);

INSERT INTO `meeting_individual_results` (`id`, `rank`, `is_play_off`, `is_out_of_race`, `is_disqualified`, `standard_points`, `meeting_individual_points`, `minutes`, `seconds`, `hundreds`, `meeting_program_id`, `swimmer_id`, `team_id`, `badge_id`, `user_id`, `created_at`, `updated_at`, `disqualification_code_type_id`, `goggle_cup_points`, `reaction_time`, `team_points`, `team_affiliation_id`)
  VALUES (238269, 1, 1, 0, 0, 808.03, 808.03, 0, 33, 13, 31573, 8664, 456, 27904, 1, '2015-09-12 11:35:34', '2015-09-12 11:35:34', NULL, 0.0, 0.0, 0.0, 1349);

INSERT INTO `meeting_individual_results` (`id`, `rank`, `is_play_off`, `is_out_of_race`, `is_disqualified`, `standard_points`, `meeting_individual_points`, `minutes`, `seconds`, `hundreds`, `meeting_program_id`, `swimmer_id`, `team_id`, `badge_id`, `user_id`, `created_at`, `updated_at`, `disqualification_code_type_id`, `goggle_cup_points`, `reaction_time`, `team_points`, `team_affiliation_id`)
  VALUES (238270, 2, 1, 0, 0, 745.27, 745.27, 0, 35, 92, 31573, 12672, 557, 27850, 1, '2015-09-12 11:35:34', '2015-09-12 11:35:34', NULL, 0.0, 0.0, 0.0, 1346);

INSERT INTO `meeting_individual_results` (`id`, `rank`, `is_play_off`, `is_out_of_race`, `is_disqualified`, `standard_points`, `meeting_individual_points`, `minutes`, `seconds`, `hundreds`, `meeting_program_id`, `swimmer_id`, `team_id`, `badge_id`, `user_id`, `created_at`, `updated_at`, `disqualification_code_type_id`, `goggle_cup_points`, `reaction_time`, `team_points`, `team_affiliation_id`)
  VALUES (238271, 1, 1, 0, 0, 875.53, 875.53, 0, 30, 77, 31574, 8587, 456, 27886, 1, '2015-09-12 11:35:34', '2015-09-12 11:35:34', NULL, 0.0, 0.0, 0.0, 1349);

INSERT INTO `meeting_individual_results` (`id`, `rank`, `is_play_off`, `is_out_of_race`, `is_disqualified`, `standard_points`, `meeting_individual_points`, `minutes`, `seconds`, `hundreds`, `meeting_program_id`, `swimmer_id`, `team_id`, `badge_id`, `user_id`, `created_at`, `updated_at`, `disqualification_code_type_id`, `goggle_cup_points`, `reaction_time`, `team_points`, `team_affiliation_id`)
  VALUES (238272, 2, 1, 0, 0, 678.76, 678.76, 0, 39, 69, 31574, 8666, 466, 26451, 1, '2015-09-12 11:35:34', '2015-09-12 11:35:34', NULL, 0.0, 0.0, 0.0, 1252);

INSERT INTO `meeting_individual_results` (`id`, `rank`, `is_play_off`, `is_out_of_race`, `is_disqualified`, `standard_points`, `meeting_individual_points`, `minutes`, `seconds`, `hundreds`, `meeting_program_id`, `swimmer_id`, `team_id`, `badge_id`, `user_id`, `created_at`, `updated_at`, `disqualification_code_type_id`, `goggle_cup_points`, `reaction_time`, `team_points`, `team_affiliation_id`)
  VALUES (238273, 3, 1, 0, 0, 607.17, 607.17, 0, 44, 37, 31574, 6492, 71, 24626, 1, '2015-09-12 11:35:34', '2015-09-12 11:35:34', NULL, 0.0, 0.0, 0.0, 1009);

INSERT INTO `meeting_individual_results` (`id`, `rank`, `is_play_off`, `is_out_of_race`, `is_disqualified`, `standard_points`, `meeting_individual_points`, `minutes`, `seconds`, `hundreds`, `meeting_program_id`, `swimmer_id`, `team_id`, `badge_id`, `user_id`, `created_at`, `updated_at`, `disqualification_code_type_id`, `goggle_cup_points`, `reaction_time`, `team_points`, `team_affiliation_id`)
  VALUES (238274, 1, 1, 0, 0, 774.97, 774.97, 0, 36, 84, 31575, 7500, 451, 27887, 1, '2015-09-12 11:35:34', '2015-09-12 11:35:34', NULL, 0.0, 0.0, 0.0, 1347);

INSERT INTO `meeting_individual_results` (`id`, `rank`, `is_play_off`, `is_out_of_race`, `is_disqualified`, `standard_points`, `meeting_individual_points`, `minutes`, `seconds`, `hundreds`, `meeting_program_id`, `swimmer_id`, `team_id`, `badge_id`, `user_id`, `created_at`, `updated_at`, `disqualification_code_type_id`, `goggle_cup_points`, `reaction_time`, `team_points`, `team_affiliation_id`)
  VALUES (238275, 2, 1, 0, 0, 749.93, 749.93, 0, 38, 7, 31575, 8527, 364, 27905, 1, '2015-09-12 11:35:34', '2015-09-12 11:35:34', NULL, 0.0, 0.0, 0.0, 1159);

INSERT INTO `meeting_individual_results` (`id`, `rank`, `is_play_off`, `is_out_of_race`, `is_disqualified`, `standard_points`, `meeting_individual_points`, `minutes`, `seconds`, `hundreds`, `meeting_program_id`, `swimmer_id`, `team_id`, `badge_id`, `user_id`, `created_at`, `updated_at`, `disqualification_code_type_id`, `goggle_cup_points`, `reaction_time`, `team_points`, `team_affiliation_id`)
  VALUES (238276, 3, 1, 0, 0, 619.31, 619.31, 0, 46, 10, 31575, 18788, 71, 24542, 1, '2015-09-12 11:35:35', '2015-09-12 11:35:35', NULL, 0.0, 0.0, 0.0, 1009);

INSERT INTO `meeting_individual_results` (`id`, `rank`, `is_play_off`, `is_out_of_race`, `is_disqualified`, `standard_points`, `meeting_individual_points`, `minutes`, `seconds`, `hundreds`, `meeting_program_id`, `swimmer_id`, `team_id`, `badge_id`, `user_id`, `created_at`, `updated_at`, `disqualification_code_type_id`, `goggle_cup_points`, `reaction_time`, `team_points`, `team_affiliation_id`)
  VALUES (238277, 1, 1, 0, 0, 775.77, 775.77, 0, 39, 87, 31576, 8474, 364, 26998, 1, '2015-09-12 11:35:35', '2015-09-12 11:35:35', NULL, 0.0, 0.0, 0.0, 1159);

INSERT INTO `meeting_individual_results` (`id`, `rank`, `is_play_off`, `is_out_of_race`, `is_disqualified`, `standard_points`, `meeting_individual_points`, `minutes`, `seconds`, `hundreds`, `meeting_program_id`, `swimmer_id`, `team_id`, `badge_id`, `user_id`, `created_at`, `updated_at`, `disqualification_code_type_id`, `goggle_cup_points`, `reaction_time`, `team_points`, `team_affiliation_id`)
  VALUES (238278, 1, 1, 0, 0, 0.0, 0.0, 0, 29, 78, 31577, 19764, 557, 27888, 1, '2015-09-12 11:35:35', '2015-09-12 11:35:35', NULL, 0.0, 0.0, 0.0, 1346);

INSERT INTO `meeting_individual_results` (`id`, `rank`, `is_play_off`, `is_out_of_race`, `is_disqualified`, `standard_points`, `meeting_individual_points`, `minutes`, `seconds`, `hundreds`, `meeting_program_id`, `swimmer_id`, `team_id`, `badge_id`, `user_id`, `created_at`, `updated_at`, `disqualification_code_type_id`, `goggle_cup_points`, `reaction_time`, `team_points`, `team_affiliation_id`)
  VALUES (238279, 2, 1, 0, 0, 0.0, 0.0, 0, 31, 53, 31577, 19767, 102, 27897, 1, '2015-09-12 11:35:35', '2015-09-12 11:35:35', NULL, 0.0, 0.0, 0.0, 996);

INSERT INTO `meeting_individual_results` (`id`, `rank`, `is_play_off`, `is_out_of_race`, `is_disqualified`, `standard_points`, `meeting_individual_points`, `minutes`, `seconds`, `hundreds`, `meeting_program_id`, `swimmer_id`, `team_id`, `badge_id`, `user_id`, `created_at`, `updated_at`, `disqualification_code_type_id`, `goggle_cup_points`, `reaction_time`, `team_points`, `team_affiliation_id`)
  VALUES (238280, 3, 1, 0, 0, 0.0, 0.0, 0, 34, 55, 31577, 19270, 71, 26183, 1, '2015-09-12 11:35:35', '2015-09-12 11:35:35', NULL, 0.0, 0.0, 0.0, 1009);

INSERT INTO `meeting_individual_results` (`id`, `rank`, `is_play_off`, `is_out_of_race`, `is_disqualified`, `standard_points`, `meeting_individual_points`, `minutes`, `seconds`, `hundreds`, `meeting_program_id`, `swimmer_id`, `team_id`, `badge_id`, `user_id`, `created_at`, `updated_at`, `disqualification_code_type_id`, `goggle_cup_points`, `reaction_time`, `team_points`, `team_affiliation_id`)
  VALUES (238281, 1, 1, 0, 0, 880.62, 880.62, 0, 26, 47, 31578, 11337, 518, 27853, 1, '2015-09-12 11:35:35', '2015-09-12 11:35:35', NULL, 0.0, 0.0, 0.0, 1350);

INSERT INTO `meeting_individual_results` (`id`, `rank`, `is_play_off`, `is_out_of_race`, `is_disqualified`, `standard_points`, `meeting_individual_points`, `minutes`, `seconds`, `hundreds`, `meeting_program_id`, `swimmer_id`, `team_id`, `badge_id`, `user_id`, `created_at`, `updated_at`, `disqualification_code_type_id`, `goggle_cup_points`, `reaction_time`, `team_points`, `team_affiliation_id`)
  VALUES (238282, 2, 1, 0, 0, 835.48, 835.48, 0, 27, 90, 31578, 19769, 518, 27854, 1, '2015-09-12 11:35:35', '2015-09-12 11:35:35', NULL, 0.0, 0.0, 0.0, 1350);

INSERT INTO `meeting_individual_results` (`id`, `rank`, `is_play_off`, `is_out_of_race`, `is_disqualified`, `standard_points`, `meeting_individual_points`, `minutes`, `seconds`, `hundreds`, `meeting_program_id`, `swimmer_id`, `team_id`, `badge_id`, `user_id`, `created_at`, `updated_at`, `disqualification_code_type_id`, `goggle_cup_points`, `reaction_time`, `team_points`, `team_affiliation_id`)
  VALUES (238283, 3, 1, 0, 0, 812.48, 812.48, 0, 28, 69, 31578, 8688, 364, 27898, 1, '2015-09-12 11:35:35', '2015-09-12 11:35:35', NULL, 0.0, 0.0, 0.0, 1159);

INSERT INTO `meeting_individual_results` (`id`, `rank`, `is_play_off`, `is_out_of_race`, `is_disqualified`, `standard_points`, `meeting_individual_points`, `minutes`, `seconds`, `hundreds`, `meeting_program_id`, `swimmer_id`, `team_id`, `badge_id`, `user_id`, `created_at`, `updated_at`, `disqualification_code_type_id`, `goggle_cup_points`, `reaction_time`, `team_points`, `team_affiliation_id`)
  VALUES (238284, 4, 1, 0, 0, 771.6, 771.6, 0, 30, 21, 31578, 8566, 364, 26942, 1, '2015-09-12 11:35:35', '2015-09-12 11:35:35', NULL, 0.0, 0.0, 0.0, 1159);

INSERT INTO `meeting_individual_results` (`id`, `rank`, `is_play_off`, `is_out_of_race`, `is_disqualified`, `standard_points`, `meeting_individual_points`, `minutes`, `seconds`, `hundreds`, `meeting_program_id`, `swimmer_id`, `team_id`, `badge_id`, `user_id`, `created_at`, `updated_at`, `disqualification_code_type_id`, `goggle_cup_points`, `reaction_time`, `team_points`, `team_affiliation_id`)
  VALUES (238285, 5, 1, 0, 0, 759.78, 759.78, 0, 30, 68, 31578, 7750, 71, 24253, 1, '2015-09-12 11:35:35', '2015-09-12 11:35:35', NULL, 0.0, 0.0, 0.0, 1009);

INSERT INTO `meeting_individual_results` (`id`, `rank`, `is_play_off`, `is_out_of_race`, `is_disqualified`, `standard_points`, `meeting_individual_points`, `minutes`, `seconds`, `hundreds`, `meeting_program_id`, `swimmer_id`, `team_id`, `badge_id`, `user_id`, `created_at`, `updated_at`, `disqualification_code_type_id`, `goggle_cup_points`, `reaction_time`, `team_points`, `team_affiliation_id`)
  VALUES (238286, 1, 1, 0, 0, 804.81, 804.81, 0, 28, 69, 31579, 12627, 364, 26945, 1, '2015-09-12 11:35:36', '2015-09-12 11:35:36', NULL, 0.0, 0.0, 0.0, 1159);

INSERT INTO `meeting_individual_results` (`id`, `rank`, `is_play_off`, `is_out_of_race`, `is_disqualified`, `standard_points`, `meeting_individual_points`, `minutes`, `seconds`, `hundreds`, `meeting_program_id`, `swimmer_id`, `team_id`, `badge_id`, `user_id`, `created_at`, `updated_at`, `disqualification_code_type_id`, `goggle_cup_points`, `reaction_time`, `team_points`, `team_affiliation_id`)
  VALUES (238287, 2, 1, 0, 0, 802.85, 802.85, 0, 28, 76, 31579, 19765, 102, 27856, 1, '2015-09-12 11:35:36', '2015-09-12 11:35:36', NULL, 0.0, 0.0, 0.0, 996);

INSERT INTO `meeting_individual_results` (`id`, `rank`, `is_play_off`, `is_out_of_race`, `is_disqualified`, `standard_points`, `meeting_individual_points`, `minutes`, `seconds`, `hundreds`, `meeting_program_id`, `swimmer_id`, `team_id`, `badge_id`, `user_id`, `created_at`, `updated_at`, `disqualification_code_type_id`, `goggle_cup_points`, `reaction_time`, `team_points`, `team_affiliation_id`)
  VALUES (238288, 3, 1, 0, 0, 614.42, 614.42, 0, 37, 58, 31579, 8633, 466, 26464, 1, '2015-09-12 11:35:36', '2015-09-12 11:35:36', NULL, 0.0, 0.0, 0.0, 1252);

INSERT INTO `meeting_individual_results` (`id`, `rank`, `is_play_off`, `is_out_of_race`, `is_disqualified`, `standard_points`, `meeting_individual_points`, `minutes`, `seconds`, `hundreds`, `meeting_program_id`, `swimmer_id`, `team_id`, `badge_id`, `user_id`, `created_at`, `updated_at`, `disqualification_code_type_id`, `goggle_cup_points`, `reaction_time`, `team_points`, `team_affiliation_id`)
  VALUES (238289, 1, 1, 0, 0, 907.65, 907.65, 0, 25, 88, 31580, 17059, 518, 27906, 1, '2015-09-12 11:35:36', '2015-09-12 11:35:36', NULL, 0.0, 0.0, 0.0, 1350);

INSERT INTO `meeting_individual_results` (`id`, `rank`, `is_play_off`, `is_out_of_race`, `is_disqualified`, `standard_points`, `meeting_individual_points`, `minutes`, `seconds`, `hundreds`, `meeting_program_id`, `swimmer_id`, `team_id`, `badge_id`, `user_id`, `created_at`, `updated_at`, `disqualification_code_type_id`, `goggle_cup_points`, `reaction_time`, `team_points`, `team_affiliation_id`)
  VALUES (238290, 2, 1, 0, 0, 800.89, 800.89, 0, 29, 33, 31580, 2364, 74, 27863, 1, '2015-09-12 11:35:36', '2015-09-12 11:35:36', NULL, 0.0, 0.0, 0.0, 988);

INSERT INTO `meeting_individual_results` (`id`, `rank`, `is_play_off`, `is_out_of_race`, `is_disqualified`, `standard_points`, `meeting_individual_points`, `minutes`, `seconds`, `hundreds`, `meeting_program_id`, `swimmer_id`, `team_id`, `badge_id`, `user_id`, `created_at`, `updated_at`, `disqualification_code_type_id`, `goggle_cup_points`, `reaction_time`, `team_points`, `team_affiliation_id`)
  VALUES (238291, 3, 1, 0, 0, 792.51, 792.51, 0, 29, 64, 31580, 15213, 347, 25964, 1, '2015-09-12 11:35:36', '2015-09-12 11:35:36', NULL, 0.0, 0.0, 0.0, 1194);

INSERT INTO `meeting_individual_results` (`id`, `rank`, `is_play_off`, `is_out_of_race`, `is_disqualified`, `standard_points`, `meeting_individual_points`, `minutes`, `seconds`, `hundreds`, `meeting_program_id`, `swimmer_id`, `team_id`, `badge_id`, `user_id`, `created_at`, `updated_at`, `disqualification_code_type_id`, `goggle_cup_points`, `reaction_time`, `team_points`, `team_affiliation_id`)
  VALUES (238292, 4, 1, 0, 0, 781.7, 781.7, 0, 30, 5, 31580, 8510, 102, 25636, 1, '2015-09-12 11:35:36', '2015-09-12 11:35:36', NULL, 0.0, 0.0, 0.0, 996);

INSERT INTO `meeting_individual_results` (`id`, `rank`, `is_play_off`, `is_out_of_race`, `is_disqualified`, `standard_points`, `meeting_individual_points`, `minutes`, `seconds`, `hundreds`, `meeting_program_id`, `swimmer_id`, `team_id`, `badge_id`, `user_id`, `created_at`, `updated_at`, `disqualification_code_type_id`, `goggle_cup_points`, `reaction_time`, `team_points`, `team_affiliation_id`)
  VALUES (238293, 5, 1, 0, 0, 755.55, 755.55, 0, 31, 9, 31580, 19762, 102, 27864, 1, '2015-09-12 11:35:36', '2015-09-12 11:35:36', NULL, 0.0, 0.0, 0.0, 996);

INSERT INTO `meeting_individual_results` (`id`, `rank`, `is_play_off`, `is_out_of_race`, `is_disqualified`, `standard_points`, `meeting_individual_points`, `minutes`, `seconds`, `hundreds`, `meeting_program_id`, `swimmer_id`, `team_id`, `badge_id`, `user_id`, `created_at`, `updated_at`, `disqualification_code_type_id`, `goggle_cup_points`, `reaction_time`, `team_points`, `team_affiliation_id`)
  VALUES (238294, 6, 1, 0, 0, 729.28, 729.28, 0, 32, 21, 31580, 11357, 518, 27865, 1, '2015-09-12 11:35:36', '2015-09-12 11:35:36', NULL, 0.0, 0.0, 0.0, 1350);

INSERT INTO `meeting_individual_results` (`id`, `rank`, `is_play_off`, `is_out_of_race`, `is_disqualified`, `standard_points`, `meeting_individual_points`, `minutes`, `seconds`, `hundreds`, `meeting_program_id`, `swimmer_id`, `team_id`, `badge_id`, `user_id`, `created_at`, `updated_at`, `disqualification_code_type_id`, `goggle_cup_points`, `reaction_time`, `team_points`, `team_affiliation_id`)
  VALUES (238295, 7, 1, 0, 0, 704.98, 704.98, 0, 33, 32, 31580, 8430, 347, 27907, 1, '2015-09-12 11:35:36', '2015-09-12 11:35:36', NULL, 0.0, 0.0, 0.0, 1194);

INSERT INTO `meeting_individual_results` (`id`, `rank`, `is_play_off`, `is_out_of_race`, `is_disqualified`, `standard_points`, `meeting_individual_points`, `minutes`, `seconds`, `hundreds`, `meeting_program_id`, `swimmer_id`, `team_id`, `badge_id`, `user_id`, `created_at`, `updated_at`, `disqualification_code_type_id`, `goggle_cup_points`, `reaction_time`, `team_points`, `team_affiliation_id`)
  VALUES (238296, 8, 1, 0, 0, 687.04, 687.04, 0, 34, 19, 31580, 2428, 71, 23531, 1, '2015-09-12 11:35:36', '2015-09-12 11:35:36', NULL, 0.0, 0.0, 0.0, 1009);

INSERT INTO `meeting_individual_results` (`id`, `rank`, `is_play_off`, `is_out_of_race`, `is_disqualified`, `standard_points`, `meeting_individual_points`, `minutes`, `seconds`, `hundreds`, `meeting_program_id`, `swimmer_id`, `team_id`, `badge_id`, `user_id`, `created_at`, `updated_at`, `disqualification_code_type_id`, `goggle_cup_points`, `reaction_time`, `team_points`, `team_affiliation_id`)
  VALUES (238297, 9, 1, 0, 0, 686.84, 686.84, 0, 34, 20, 31580, 6428, 71, 24635, 1, '2015-09-12 11:35:37', '2015-09-12 11:35:37', NULL, 0.0, 0.0, 0.0, 1009);

INSERT INTO `meeting_individual_results` (`id`, `rank`, `is_play_off`, `is_out_of_race`, `is_disqualified`, `standard_points`, `meeting_individual_points`, `minutes`, `seconds`, `hundreds`, `meeting_program_id`, `swimmer_id`, `team_id`, `badge_id`, `user_id`, `created_at`, `updated_at`, `disqualification_code_type_id`, `goggle_cup_points`, `reaction_time`, `team_points`, `team_affiliation_id`)
  VALUES (238298, 1, 1, 0, 0, 927.94, 927.94, 0, 25, 95, 31581, 12636, 364, 27908, 1, '2015-09-12 11:35:37', '2015-09-12 11:35:37', NULL, 0.0, 0.0, 0.0, 1159);

INSERT INTO `meeting_individual_results` (`id`, `rank`, `is_play_off`, `is_out_of_race`, `is_disqualified`, `standard_points`, `meeting_individual_points`, `minutes`, `seconds`, `hundreds`, `meeting_program_id`, `swimmer_id`, `team_id`, `badge_id`, `user_id`, `created_at`, `updated_at`, `disqualification_code_type_id`, `goggle_cup_points`, `reaction_time`, `team_points`, `team_affiliation_id`)
  VALUES (238299, 2, 1, 0, 0, 871.2, 871.2, 0, 27, 64, 31581, 2103, 72, 22800, 1, '2015-09-12 11:35:37', '2015-09-12 11:35:37', NULL, 0.0, 0.0, 0.0, 984);

INSERT INTO `meeting_individual_results` (`id`, `rank`, `is_play_off`, `is_out_of_race`, `is_disqualified`, `standard_points`, `meeting_individual_points`, `minutes`, `seconds`, `hundreds`, `meeting_program_id`, `swimmer_id`, `team_id`, `badge_id`, `user_id`, `created_at`, `updated_at`, `disqualification_code_type_id`, `goggle_cup_points`, `reaction_time`, `team_points`, `team_affiliation_id`)
  VALUES (238300, 3, 1, 0, 0, 857.24, 857.24, 0, 28, 9, 31581, 2379, 74, 24311, 1, '2015-09-12 11:35:37', '2015-09-12 11:35:37', NULL, 0.0, 0.0, 0.0, 988);

INSERT INTO `meeting_individual_results` (`id`, `rank`, `is_play_off`, `is_out_of_race`, `is_disqualified`, `standard_points`, `meeting_individual_points`, `minutes`, `seconds`, `hundreds`, `meeting_program_id`, `swimmer_id`, `team_id`, `badge_id`, `user_id`, `created_at`, `updated_at`, `disqualification_code_type_id`, `goggle_cup_points`, `reaction_time`, `team_points`, `team_affiliation_id`)
  VALUES (238301, 4, 1, 0, 0, 856.03, 856.03, 0, 28, 13, 31581, 12667, 364, 27889, 1, '2015-09-12 11:35:37', '2015-09-12 11:35:37', NULL, 0.0, 0.0, 0.0, 1159);

INSERT INTO `meeting_individual_results` (`id`, `rank`, `is_play_off`, `is_out_of_race`, `is_disqualified`, `standard_points`, `meeting_individual_points`, `minutes`, `seconds`, `hundreds`, `meeting_program_id`, `swimmer_id`, `team_id`, `badge_id`, `user_id`, `created_at`, `updated_at`, `disqualification_code_type_id`, `goggle_cup_points`, `reaction_time`, `team_points`, `team_affiliation_id`)
  VALUES (238302, 5, 1, 0, 0, 802.4, 802.4, 0, 30, 1, 31581, 19771, 518, 27868, 1, '2015-09-12 11:35:37', '2015-09-12 11:35:37', NULL, 0.0, 0.0, 0.0, 1350);

INSERT INTO `meeting_individual_results` (`id`, `rank`, `is_play_off`, `is_out_of_race`, `is_disqualified`, `standard_points`, `meeting_individual_points`, `minutes`, `seconds`, `hundreds`, `meeting_program_id`, `swimmer_id`, `team_id`, `badge_id`, `user_id`, `created_at`, `updated_at`, `disqualification_code_type_id`, `goggle_cup_points`, `reaction_time`, `team_points`, `team_affiliation_id`)
  VALUES (238303, 6, 1, 0, 0, 801.06, 801.06, 0, 30, 6, 31581, 8583, 364, 27867, 1, '2015-09-12 11:35:37', '2015-09-12 11:35:37', NULL, 0.0, 0.0, 0.0, 1159);

INSERT INTO `meeting_individual_results` (`id`, `rank`, `is_play_off`, `is_out_of_race`, `is_disqualified`, `standard_points`, `meeting_individual_points`, `minutes`, `seconds`, `hundreds`, `meeting_program_id`, `swimmer_id`, `team_id`, `badge_id`, `user_id`, `created_at`, `updated_at`, `disqualification_code_type_id`, `goggle_cup_points`, `reaction_time`, `team_points`, `team_affiliation_id`)
  VALUES (238304, 7, 1, 0, 0, 796.03, 796.03, 0, 30, 25, 31581, 2374, 102, 27909, 1, '2015-09-12 11:35:37', '2015-09-12 11:35:37', NULL, 0.0, 0.0, 0.0, 996);

INSERT INTO `meeting_individual_results` (`id`, `rank`, `is_play_off`, `is_out_of_race`, `is_disqualified`, `standard_points`, `meeting_individual_points`, `minutes`, `seconds`, `hundreds`, `meeting_program_id`, `swimmer_id`, `team_id`, `badge_id`, `user_id`, `created_at`, `updated_at`, `disqualification_code_type_id`, `goggle_cup_points`, `reaction_time`, `team_points`, `team_affiliation_id`)
  VALUES (238305, 8, 1, 0, 0, 783.34, 783.34, 0, 30, 74, 31581, 14833, 557, 27910, 1, '2015-09-12 11:35:37', '2015-09-12 11:35:37', NULL, 0.0, 0.0, 0.0, 1346);

INSERT INTO `meeting_individual_results` (`id`, `rank`, `is_play_off`, `is_out_of_race`, `is_disqualified`, `standard_points`, `meeting_individual_points`, `minutes`, `seconds`, `hundreds`, `meeting_program_id`, `swimmer_id`, `team_id`, `badge_id`, `user_id`, `created_at`, `updated_at`, `disqualification_code_type_id`, `goggle_cup_points`, `reaction_time`, `team_points`, `team_affiliation_id`)
  VALUES (238306, 9, 1, 0, 0, 783.09, 783.09, 0, 30, 75, 31581, 6174, 71, 24321, 1, '2015-09-12 11:35:37', '2015-09-12 11:35:37', NULL, 0.0, 0.0, 0.0, 1009);

INSERT INTO `meeting_individual_results` (`id`, `rank`, `is_play_off`, `is_out_of_race`, `is_disqualified`, `standard_points`, `meeting_individual_points`, `minutes`, `seconds`, `hundreds`, `meeting_program_id`, `swimmer_id`, `team_id`, `badge_id`, `user_id`, `created_at`, `updated_at`, `disqualification_code_type_id`, `goggle_cup_points`, `reaction_time`, `team_points`, `team_affiliation_id`)
  VALUES (238307, 10, 1, 0, 0, 753.68, 753.68, 0, 31, 95, 31581, 6322, 59, 25968, 1, '2015-09-12 11:35:37', '2015-09-12 11:35:37', NULL, 0.0, 0.0, 0.0, 975);

INSERT INTO `meeting_individual_results` (`id`, `rank`, `is_play_off`, `is_out_of_race`, `is_disqualified`, `standard_points`, `meeting_individual_points`, `minutes`, `seconds`, `hundreds`, `meeting_program_id`, `swimmer_id`, `team_id`, `badge_id`, `user_id`, `created_at`, `updated_at`, `disqualification_code_type_id`, `goggle_cup_points`, `reaction_time`, `team_points`, `team_affiliation_id`)
  VALUES (238308, 11, 1, 0, 0, 751.33, 751.33, 0, 32, 5, 31581, 12644, 364, 27890, 1, '2015-09-12 11:35:38', '2015-09-12 11:35:38', NULL, 0.0, 0.0, 0.0, 1159);

INSERT INTO `meeting_individual_results` (`id`, `rank`, `is_play_off`, `is_out_of_race`, `is_disqualified`, `standard_points`, `meeting_individual_points`, `minutes`, `seconds`, `hundreds`, `meeting_program_id`, `swimmer_id`, `team_id`, `badge_id`, `user_id`, `created_at`, `updated_at`, `disqualification_code_type_id`, `goggle_cup_points`, `reaction_time`, `team_points`, `team_affiliation_id`)
  VALUES (238309, 12, 1, 0, 0, 730.14, 730.14, 0, 32, 98, 31581, 19774, 364, 27915, 1, '2015-09-12 11:35:38', '2015-09-12 11:35:38', NULL, 0.0, 0.0, 0.0, 1159);

INSERT INTO `meeting_individual_results` (`id`, `rank`, `is_play_off`, `is_out_of_race`, `is_disqualified`, `standard_points`, `meeting_individual_points`, `minutes`, `seconds`, `hundreds`, `meeting_program_id`, `swimmer_id`, `team_id`, `badge_id`, `user_id`, `created_at`, `updated_at`, `disqualification_code_type_id`, `goggle_cup_points`, `reaction_time`, `team_points`, `team_affiliation_id`)
  VALUES (238310, 13, 1, 0, 0, 699.39, 699.39, 0, 34, 43, 31581, 5814, 257, 24809, 1, '2015-09-12 11:35:38', '2015-09-12 11:35:38', NULL, 0.0, 0.0, 0.0, 1042);

INSERT INTO `meeting_individual_results` (`id`, `rank`, `is_play_off`, `is_out_of_race`, `is_disqualified`, `standard_points`, `meeting_individual_points`, `minutes`, `seconds`, `hundreds`, `meeting_program_id`, `swimmer_id`, `team_id`, `badge_id`, `user_id`, `created_at`, `updated_at`, `disqualification_code_type_id`, `goggle_cup_points`, `reaction_time`, `team_points`, `team_affiliation_id`)
  VALUES (238311, 14, 1, 0, 0, 697.77, 697.77, 0, 34, 51, 31581, 6372, 59, 22522, 1, '2015-09-12 11:35:38', '2015-09-12 11:35:38', NULL, 0.0, 0.0, 0.0, 975);

INSERT INTO `meeting_individual_results` (`id`, `rank`, `is_play_off`, `is_out_of_race`, `is_disqualified`, `standard_points`, `meeting_individual_points`, `minutes`, `seconds`, `hundreds`, `meeting_program_id`, `swimmer_id`, `team_id`, `badge_id`, `user_id`, `created_at`, `updated_at`, `disqualification_code_type_id`, `goggle_cup_points`, `reaction_time`, `team_points`, `team_affiliation_id`)
  VALUES (238312, 15, 1, 0, 0, 693.35, 693.35, 0, 34, 73, 31581, 8668, 466, 27900, 1, '2015-09-12 11:35:38', '2015-09-12 11:35:38', NULL, 0.0, 0.0, 0.0, 1252);

INSERT INTO `meeting_individual_results` (`id`, `rank`, `is_play_off`, `is_out_of_race`, `is_disqualified`, `standard_points`, `meeting_individual_points`, `minutes`, `seconds`, `hundreds`, `meeting_program_id`, `swimmer_id`, `team_id`, `badge_id`, `user_id`, `created_at`, `updated_at`, `disqualification_code_type_id`, `goggle_cup_points`, `reaction_time`, `team_points`, `team_affiliation_id`)
  VALUES (238313, 16, 1, 0, 0, 672.81, 672.81, 0, 35, 79, 31581, 18278, 202, 27748, 1, '2015-09-12 11:35:38', '2015-09-12 11:35:38', NULL, 0.0, 0.0, 0.0, 1018);

INSERT INTO `meeting_individual_results` (`id`, `rank`, `is_play_off`, `is_out_of_race`, `is_disqualified`, `standard_points`, `meeting_individual_points`, `minutes`, `seconds`, `hundreds`, `meeting_program_id`, `swimmer_id`, `team_id`, `badge_id`, `user_id`, `created_at`, `updated_at`, `disqualification_code_type_id`, `goggle_cup_points`, `reaction_time`, `team_points`, `team_affiliation_id`)
  VALUES (238314, 17, 1, 0, 0, 602.9, 602.9, 0, 39, 94, 31581, 6307, 71, 26020, 1, '2015-09-12 11:35:38', '2015-09-12 11:35:38', NULL, 0.0, 0.0, 0.0, 1009);

INSERT INTO `meeting_individual_results` (`id`, `rank`, `is_play_off`, `is_out_of_race`, `is_disqualified`, `standard_points`, `meeting_individual_points`, `minutes`, `seconds`, `hundreds`, `meeting_program_id`, `swimmer_id`, `team_id`, `badge_id`, `user_id`, `created_at`, `updated_at`, `disqualification_code_type_id`, `goggle_cup_points`, `reaction_time`, `team_points`, `team_affiliation_id`)
  VALUES (238315, 18, 1, 0, 0, 586.6, 586.6, 0, 41, 5, 31581, 17632, 71, 24325, 1, '2015-09-12 11:35:38', '2015-09-12 11:35:38', NULL, 0.0, 0.0, 0.0, 1009);

INSERT INTO `meeting_individual_results` (`id`, `rank`, `is_play_off`, `is_out_of_race`, `is_disqualified`, `standard_points`, `meeting_individual_points`, `minutes`, `seconds`, `hundreds`, `meeting_program_id`, `swimmer_id`, `team_id`, `badge_id`, `user_id`, `created_at`, `updated_at`, `disqualification_code_type_id`, `goggle_cup_points`, `reaction_time`, `team_points`, `team_affiliation_id`)
  VALUES (238316, 19, 1, 0, 0, 583.33, 583.33, 0, 41, 28, 31581, 16285, 71, 24642, 1, '2015-09-12 11:35:38', '2015-09-12 11:35:38', NULL, 0.0, 0.0, 0.0, 1009);

INSERT INTO `meeting_individual_results` (`id`, `rank`, `is_play_off`, `is_out_of_race`, `is_disqualified`, `standard_points`, `meeting_individual_points`, `minutes`, `seconds`, `hundreds`, `meeting_program_id`, `swimmer_id`, `team_id`, `badge_id`, `user_id`, `created_at`, `updated_at`, `disqualification_code_type_id`, `goggle_cup_points`, `reaction_time`, `team_points`, `team_affiliation_id`)
  VALUES (238317, 1, 1, 0, 0, 857.69, 857.69, 0, 28, 60, 31582, 12673, 364, 24608, 1, '2015-09-12 11:35:38', '2015-09-12 11:35:38', NULL, 0.0, 0.0, 0.0, 1159);

INSERT INTO `meeting_individual_results` (`id`, `rank`, `is_play_off`, `is_out_of_race`, `is_disqualified`, `standard_points`, `meeting_individual_points`, `minutes`, `seconds`, `hundreds`, `meeting_program_id`, `swimmer_id`, `team_id`, `badge_id`, `user_id`, `created_at`, `updated_at`, `disqualification_code_type_id`, `goggle_cup_points`, `reaction_time`, `team_points`, `team_affiliation_id`)
  VALUES (238318, 2, 1, 0, 0, 762.99, 762.99, 0, 32, 15, 31582, 8429, 451, 27911, 1, '2015-09-12 11:35:39', '2015-09-12 11:35:39', NULL, 0.0, 0.0, 0.0, 1347);

INSERT INTO `meeting_individual_results` (`id`, `rank`, `is_play_off`, `is_out_of_race`, `is_disqualified`, `standard_points`, `meeting_individual_points`, `minutes`, `seconds`, `hundreds`, `meeting_program_id`, `swimmer_id`, `team_id`, `badge_id`, `user_id`, `created_at`, `updated_at`, `disqualification_code_type_id`, `goggle_cup_points`, `reaction_time`, `team_points`, `team_affiliation_id`)
  VALUES (238319, 3, 1, 0, 0, 735.53, 735.53, 0, 33, 35, 31582, 8681, 364, 26284, 1, '2015-09-12 11:35:39', '2015-09-12 11:35:39', NULL, 0.0, 0.0, 0.0, 1159);

INSERT INTO `meeting_individual_results` (`id`, `rank`, `is_play_off`, `is_out_of_race`, `is_disqualified`, `standard_points`, `meeting_individual_points`, `minutes`, `seconds`, `hundreds`, `meeting_program_id`, `swimmer_id`, `team_id`, `badge_id`, `user_id`, `created_at`, `updated_at`, `disqualification_code_type_id`, `goggle_cup_points`, `reaction_time`, `team_points`, `team_affiliation_id`)
  VALUES (238320, 4, 1, 0, 0, 727.46, 727.46, 0, 33, 72, 31582, 11335, 102, 27901, 1, '2015-09-12 11:35:39', '2015-09-12 11:35:39', NULL, 0.0, 0.0, 0.0, 996);

INSERT INTO `meeting_individual_results` (`id`, `rank`, `is_play_off`, `is_out_of_race`, `is_disqualified`, `standard_points`, `meeting_individual_points`, `minutes`, `seconds`, `hundreds`, `meeting_program_id`, `swimmer_id`, `team_id`, `badge_id`, `user_id`, `created_at`, `updated_at`, `disqualification_code_type_id`, `goggle_cup_points`, `reaction_time`, `team_points`, `team_affiliation_id`)
  VALUES (238321, 5, 1, 0, 0, 722.75, 722.75, 0, 33, 94, 31582, 19772, 102, 27912, 1, '2015-09-12 11:35:39', '2015-09-12 11:35:39', NULL, 0.0, 0.0, 0.0, 996);

INSERT INTO `meeting_individual_results` (`id`, `rank`, `is_play_off`, `is_out_of_race`, `is_disqualified`, `standard_points`, `meeting_individual_points`, `minutes`, `seconds`, `hundreds`, `meeting_program_id`, `swimmer_id`, `team_id`, `badge_id`, `user_id`, `created_at`, `updated_at`, `disqualification_code_type_id`, `goggle_cup_points`, `reaction_time`, `team_points`, `team_affiliation_id`)
  VALUES (238322, 6, 1, 0, 0, 699.26, 699.26, 0, 35, 8, 31582, 19770, 466, 27872, 1, '2015-09-12 11:35:39', '2015-09-12 11:35:39', NULL, 0.0, 0.0, 0.0, 1252);

INSERT INTO `meeting_individual_results` (`id`, `rank`, `is_play_off`, `is_out_of_race`, `is_disqualified`, `standard_points`, `meeting_individual_points`, `minutes`, `seconds`, `hundreds`, `meeting_program_id`, `swimmer_id`, `team_id`, `badge_id`, `user_id`, `created_at`, `updated_at`, `disqualification_code_type_id`, `goggle_cup_points`, `reaction_time`, `team_points`, `team_affiliation_id`)
  VALUES (238323, 7, 1, 0, 0, 476.4, 476.4, 0, 51, 49, 31582, 8479, 364, 27891, 1, '2015-09-12 11:35:39', '2015-09-12 11:35:39', NULL, 0.0, 0.0, 0.0, 1159);

INSERT INTO `meeting_individual_results` (`id`, `rank`, `is_play_off`, `is_out_of_race`, `is_disqualified`, `standard_points`, `meeting_individual_points`, `minutes`, `seconds`, `hundreds`, `meeting_program_id`, `swimmer_id`, `team_id`, `badge_id`, `user_id`, `created_at`, `updated_at`, `disqualification_code_type_id`, `goggle_cup_points`, `reaction_time`, `team_points`, `team_affiliation_id`)
  VALUES (238324, 1, 1, 0, 0, 928.57, 928.57, 0, 26, 88, 31583, 6154, 89, 22392, 1, '2015-09-12 11:35:39', '2015-09-12 11:35:39', NULL, 0.0, 0.0, 0.0, 965);

INSERT INTO `meeting_individual_results` (`id`, `rank`, `is_play_off`, `is_out_of_race`, `is_disqualified`, `standard_points`, `meeting_individual_points`, `minutes`, `seconds`, `hundreds`, `meeting_program_id`, `swimmer_id`, `team_id`, `badge_id`, `user_id`, `created_at`, `updated_at`, `disqualification_code_type_id`, `goggle_cup_points`, `reaction_time`, `team_points`, `team_affiliation_id`)
  VALUES (238325, 2, 1, 0, 0, 915.29, 915.29, 0, 27, 27, 31583, 2144, 74, 22536, 1, '2015-09-12 11:35:39', '2015-09-12 11:35:39', NULL, 0.0, 0.0, 0.0, 988);

INSERT INTO `meeting_individual_results` (`id`, `rank`, `is_play_off`, `is_out_of_race`, `is_disqualified`, `standard_points`, `meeting_individual_points`, `minutes`, `seconds`, `hundreds`, `meeting_program_id`, `swimmer_id`, `team_id`, `badge_id`, `user_id`, `created_at`, `updated_at`, `disqualification_code_type_id`, `goggle_cup_points`, `reaction_time`, `team_points`, `team_affiliation_id`)
  VALUES (238326, 3, 1, 0, 0, 784.41, 784.41, 0, 31, 82, 31583, 19763, 364, 27892, 1, '2015-09-12 11:35:39', '2015-09-12 11:35:39', NULL, 0.0, 0.0, 0.0, 1159);

INSERT INTO `meeting_individual_results` (`id`, `rank`, `is_play_off`, `is_out_of_race`, `is_disqualified`, `standard_points`, `meeting_individual_points`, `minutes`, `seconds`, `hundreds`, `meeting_program_id`, `swimmer_id`, `team_id`, `badge_id`, `user_id`, `created_at`, `updated_at`, `disqualification_code_type_id`, `goggle_cup_points`, `reaction_time`, `team_points`, `team_affiliation_id`)
  VALUES (238327, 4, 1, 0, 0, 781.71, 781.71, 0, 31, 93, 31583, 19773, 364, 27874, 1, '2015-09-12 11:35:39', '2015-09-12 11:35:39', NULL, 0.0, 0.0, 0.0, 1159);

INSERT INTO `meeting_individual_results` (`id`, `rank`, `is_play_off`, `is_out_of_race`, `is_disqualified`, `standard_points`, `meeting_individual_points`, `minutes`, `seconds`, `hundreds`, `meeting_program_id`, `swimmer_id`, `team_id`, `badge_id`, `user_id`, `created_at`, `updated_at`, `disqualification_code_type_id`, `goggle_cup_points`, `reaction_time`, `team_points`, `team_affiliation_id`)
  VALUES (238328, 5, 1, 0, 0, 763.54, 763.54, 0, 32, 69, 31583, 8661, 456, 27913, 1, '2015-09-12 11:35:39', '2015-09-12 11:35:39', NULL, 0.0, 0.0, 0.0, 1349);

INSERT INTO `meeting_individual_results` (`id`, `rank`, `is_play_off`, `is_out_of_race`, `is_disqualified`, `standard_points`, `meeting_individual_points`, `minutes`, `seconds`, `hundreds`, `meeting_program_id`, `swimmer_id`, `team_id`, `badge_id`, `user_id`, `created_at`, `updated_at`, `disqualification_code_type_id`, `goggle_cup_points`, `reaction_time`, `team_points`, `team_affiliation_id`)
  VALUES (238329, 6, 1, 0, 0, 761.9, 761.9, 0, 32, 76, 31583, 11329, 557, 27881, 1, '2015-09-12 11:35:40', '2015-09-12 11:35:40', NULL, 0.0, 0.0, 0.0, 1346);

INSERT INTO `meeting_individual_results` (`id`, `rank`, `is_play_off`, `is_out_of_race`, `is_disqualified`, `standard_points`, `meeting_individual_points`, `minutes`, `seconds`, `hundreds`, `meeting_program_id`, `swimmer_id`, `team_id`, `badge_id`, `user_id`, `created_at`, `updated_at`, `disqualification_code_type_id`, `goggle_cup_points`, `reaction_time`, `team_points`, `team_affiliation_id`)
  VALUES (238330, 7, 1, 0, 0, 731.32, 731.32, 0, 34, 13, 31583, 12613, 364, 27916, 1, '2015-09-12 11:35:40', '2015-09-12 11:35:40', NULL, 0.0, 0.0, 0.0, 1159);

INSERT INTO `meeting_individual_results` (`id`, `rank`, `is_play_off`, `is_out_of_race`, `is_disqualified`, `standard_points`, `meeting_individual_points`, `minutes`, `seconds`, `hundreds`, `meeting_program_id`, `swimmer_id`, `team_id`, `badge_id`, `user_id`, `created_at`, `updated_at`, `disqualification_code_type_id`, `goggle_cup_points`, `reaction_time`, `team_points`, `team_affiliation_id`)
  VALUES (238331, 8, 1, 0, 0, 722.01, 722.01, 0, 34, 57, 31583, 19776, 467, 27875, 1, '2015-09-12 11:35:40', '2015-09-12 11:35:40', NULL, 0.0, 0.0, 0.0, 1275);

INSERT INTO `meeting_individual_results` (`id`, `rank`, `is_play_off`, `is_out_of_race`, `is_disqualified`, `standard_points`, `meeting_individual_points`, `minutes`, `seconds`, `hundreds`, `meeting_program_id`, `swimmer_id`, `team_id`, `badge_id`, `user_id`, `created_at`, `updated_at`, `disqualification_code_type_id`, `goggle_cup_points`, `reaction_time`, `team_points`, `team_affiliation_id`)
  VALUES (238332, 9, 1, 0, 0, 686.66, 686.66, 0, 36, 35, 31583, 5594, 71, 24354, 1, '2015-09-12 11:35:40', '2015-09-12 11:35:40', NULL, 0.0, 0.0, 0.0, 1009);

INSERT INTO `meeting_individual_results` (`id`, `rank`, `is_play_off`, `is_out_of_race`, `is_disqualified`, `standard_points`, `meeting_individual_points`, `minutes`, `seconds`, `hundreds`, `meeting_program_id`, `swimmer_id`, `team_id`, `badge_id`, `user_id`, `created_at`, `updated_at`, `disqualification_code_type_id`, `goggle_cup_points`, `reaction_time`, `team_points`, `team_affiliation_id`)
  VALUES (238333, 10, 1, 0, 0, 657.36, 657.36, 0, 37, 97, 31583, 19779, 364, 27876, 1, '2015-09-12 11:35:40', '2015-09-12 11:35:40', NULL, 0.0, 0.0, 0.0, 1159);

INSERT INTO `meeting_individual_results` (`id`, `rank`, `is_play_off`, `is_out_of_race`, `is_disqualified`, `standard_points`, `meeting_individual_points`, `minutes`, `seconds`, `hundreds`, `meeting_program_id`, `swimmer_id`, `team_id`, `badge_id`, `user_id`, `created_at`, `updated_at`, `disqualification_code_type_id`, `goggle_cup_points`, `reaction_time`, `team_points`, `team_affiliation_id`)
  VALUES (238334, 11, 1, 0, 0, 626.51, 626.51, 0, 39, 84, 31583, 11320, 518, 27877, 1, '2015-09-12 11:35:40', '2015-09-12 11:35:40', NULL, 0.0, 0.0, 0.0, 1350);

INSERT INTO `meeting_individual_results` (`id`, `rank`, `is_play_off`, `is_out_of_race`, `is_disqualified`, `standard_points`, `meeting_individual_points`, `minutes`, `seconds`, `hundreds`, `meeting_program_id`, `swimmer_id`, `team_id`, `badge_id`, `user_id`, `created_at`, `updated_at`, `disqualification_code_type_id`, `goggle_cup_points`, `reaction_time`, `team_points`, `team_affiliation_id`)
  VALUES (238335, 12, 1, 0, 0, 626.35, 626.35, 0, 39, 85, 31583, 18803, 71, 24175, 1, '2015-09-12 11:35:40', '2015-09-12 11:35:40', NULL, 0.0, 0.0, 0.0, 1009);

INSERT INTO `meeting_individual_results` (`id`, `rank`, `is_play_off`, `is_out_of_race`, `is_disqualified`, `standard_points`, `meeting_individual_points`, `minutes`, `seconds`, `hundreds`, `meeting_program_id`, `swimmer_id`, `team_id`, `badge_id`, `user_id`, `created_at`, `updated_at`, `disqualification_code_type_id`, `goggle_cup_points`, `reaction_time`, `team_points`, `team_affiliation_id`)
  VALUES (238336, 1, 1, 0, 0, 731.78, 731.78, 0, 35, 27, 31584, 8549, 466, 27848, 1, '2015-09-12 11:35:40', '2015-09-12 11:35:40', NULL, 0.0, 0.0, 0.0, 1252);

INSERT INTO `meeting_individual_results` (`id`, `rank`, `is_play_off`, `is_out_of_race`, `is_disqualified`, `standard_points`, `meeting_individual_points`, `minutes`, `seconds`, `hundreds`, `meeting_program_id`, `swimmer_id`, `team_id`, `badge_id`, `user_id`, `created_at`, `updated_at`, `disqualification_code_type_id`, `goggle_cup_points`, `reaction_time`, `team_points`, `team_affiliation_id`)
  VALUES (238337, 2, 1, 0, 0, 671.61, 671.61, 0, 38, 43, 31584, 8630, 466, 27878, 1, '2015-09-12 11:35:40', '2015-09-12 11:35:40', NULL, 0.0, 0.0, 0.0, 1252);

INSERT INTO `meeting_individual_results` (`id`, `rank`, `is_play_off`, `is_out_of_race`, `is_disqualified`, `standard_points`, `meeting_individual_points`, `minutes`, `seconds`, `hundreds`, `meeting_program_id`, `swimmer_id`, `team_id`, `badge_id`, `user_id`, `created_at`, `updated_at`, `disqualification_code_type_id`, `goggle_cup_points`, `reaction_time`, `team_points`, `team_affiliation_id`)
  VALUES (238338, 3, 1, 0, 0, 650.45, 650.45, 0, 39, 68, 31584, 18804, 71, 24576, 1, '2015-09-12 11:35:40', '2015-09-12 11:35:40', NULL, 0.0, 0.0, 0.0, 1009);

INSERT INTO `meeting_individual_results` (`id`, `rank`, `is_play_off`, `is_out_of_race`, `is_disqualified`, `standard_points`, `meeting_individual_points`, `minutes`, `seconds`, `hundreds`, `meeting_program_id`, `swimmer_id`, `team_id`, `badge_id`, `user_id`, `created_at`, `updated_at`, `disqualification_code_type_id`, `goggle_cup_points`, `reaction_time`, `team_points`, `team_affiliation_id`)
  VALUES (238339, 4, 1, 0, 0, 631.51, 631.51, 0, 40, 87, 31584, 19778, 102, 27917, 1, '2015-09-12 11:35:41', '2015-09-12 11:35:41', NULL, 0.0, 0.0, 0.0, 996);

INSERT INTO `meeting_individual_results` (`id`, `rank`, `is_play_off`, `is_out_of_race`, `is_disqualified`, `standard_points`, `meeting_individual_points`, `minutes`, `seconds`, `hundreds`, `meeting_program_id`, `swimmer_id`, `team_id`, `badge_id`, `user_id`, `created_at`, `updated_at`, `disqualification_code_type_id`, `goggle_cup_points`, `reaction_time`, `team_points`, `team_affiliation_id`)
  VALUES (238340, 1, 1, 0, 0, 736.77, 736.77, 0, 36, 9, 31585, 6395, 71, 22804, 1, '2015-09-12 11:35:41', '2015-09-12 11:35:41', NULL, 0.0, 0.0, 0.0, 1009);

INSERT INTO `meeting_individual_results` (`id`, `rank`, `is_play_off`, `is_out_of_race`, `is_disqualified`, `standard_points`, `meeting_individual_points`, `minutes`, `seconds`, `hundreds`, `meeting_program_id`, `swimmer_id`, `team_id`, `badge_id`, `user_id`, `created_at`, `updated_at`, `disqualification_code_type_id`, `goggle_cup_points`, `reaction_time`, `team_points`, `team_affiliation_id`)
  VALUES (238341, 2, 1, 0, 0, 712.3, 712.3, 0, 37, 33, 31585, 6494, 713, 27914, 1, '2015-09-12 11:35:41', '2015-09-12 11:35:41', NULL, 0.0, 0.0, 0.0, 1185);

INSERT INTO `meeting_individual_results` (`id`, `rank`, `is_play_off`, `is_out_of_race`, `is_disqualified`, `standard_points`, `meeting_individual_points`, `minutes`, `seconds`, `hundreds`, `meeting_program_id`, `swimmer_id`, `team_id`, `badge_id`, `user_id`, `created_at`, `updated_at`, `disqualification_code_type_id`, `goggle_cup_points`, `reaction_time`, `team_points`, `team_affiliation_id`)
  VALUES (238342, 1, 1, 0, 0, 0.0, 0.0, 0, 31, 45, 31586, 2032, 49, 22565, 1, '2015-09-12 11:35:41', '2015-09-12 11:35:41', NULL, 0.0, 0.0, 0.0, 979);

INSERT INTO `meeting_team_scores` (`id`, `sum_individual_points`, `sum_relay_points`, `team_id`, `meeting_id`, `created_at`, `updated_at`, `rank`, `user_id`, `sum_team_points`, `meeting_individual_points`, `meeting_relay_points`, `meeting_team_points`, `season_individual_points`, `season_relay_points`, `season_team_points`, `season_id`, `team_affiliation_id`)
  VALUES (7826, 24528.36, 0.0, 364, 14342, '2015-09-12 11:35:41', '2015-09-12 11:35:41', 0, 1, 0.0, 0.0, 0.0, 0.0, 0.0, 0.0, 0.0, 142, 1159);

INSERT INTO `meeting_team_scores` (`id`, `sum_individual_points`, `sum_relay_points`, `team_id`, `meeting_id`, `created_at`, `updated_at`, `rank`, `user_id`, `sum_team_points`, `meeting_individual_points`, `meeting_relay_points`, `meeting_team_points`, `season_individual_points`, `season_relay_points`, `season_team_points`, `season_id`, `team_affiliation_id`)
  VALUES (7827, 19043.57, 0.0, 557, 14342, '2015-09-12 11:35:41', '2015-09-12 11:35:41', 0, 1, 0.0, 0.0, 0.0, 0.0, 0.0, 0.0, 0.0, 142, 1346);

INSERT INTO `meeting_team_scores` (`id`, `sum_individual_points`, `sum_relay_points`, `team_id`, `meeting_id`, `created_at`, `updated_at`, `rank`, `user_id`, `sum_team_points`, `meeting_individual_points`, `meeting_relay_points`, `meeting_team_points`, `season_individual_points`, `season_relay_points`, `season_team_points`, `season_id`, `team_affiliation_id`)
  VALUES (7828, 18609.55, 0.0, 102, 14342, '2015-09-12 11:35:41', '2015-09-12 11:35:41', 0, 1, 0.0, 0.0, 0.0, 0.0, 0.0, 0.0, 0.0, 142, 996);

INSERT INTO `meeting_team_scores` (`id`, `sum_individual_points`, `sum_relay_points`, `team_id`, `meeting_id`, `created_at`, `updated_at`, `rank`, `user_id`, `sum_team_points`, `meeting_individual_points`, `meeting_relay_points`, `meeting_team_points`, `season_individual_points`, `season_relay_points`, `season_team_points`, `season_id`, `team_affiliation_id`)
  VALUES (7829, 17692.55, 0.0, 71, 14342, '2015-09-12 11:35:41', '2015-09-12 11:35:41', 0, 1, 0.0, 0.0, 0.0, 0.0, 0.0, 0.0, 0.0, 142, 1009);

INSERT INTO `meeting_team_scores` (`id`, `sum_individual_points`, `sum_relay_points`, `team_id`, `meeting_id`, `created_at`, `updated_at`, `rank`, `user_id`, `sum_team_points`, `meeting_individual_points`, `meeting_relay_points`, `meeting_team_points`, `season_individual_points`, `season_relay_points`, `season_team_points`, `season_id`, `team_affiliation_id`)
  VALUES (7830, 17485.4, 0.0, 74, 14342, '2015-09-12 11:35:41', '2015-09-12 11:35:41', 0, 1, 0.0, 0.0, 0.0, 0.0, 0.0, 0.0, 0.0, 142, 988);

INSERT INTO `meeting_team_scores` (`id`, `sum_individual_points`, `sum_relay_points`, `team_id`, `meeting_id`, `created_at`, `updated_at`, `rank`, `user_id`, `sum_team_points`, `meeting_individual_points`, `meeting_relay_points`, `meeting_team_points`, `season_individual_points`, `season_relay_points`, `season_team_points`, `season_id`, `team_affiliation_id`)
  VALUES (7831, 14598.86, 0.0, 466, 14342, '2015-09-12 11:35:41', '2015-09-12 11:35:41', 0, 1, 0.0, 0.0, 0.0, 0.0, 0.0, 0.0, 0.0, 142, 1252);

INSERT INTO `meeting_team_scores` (`id`, `sum_individual_points`, `sum_relay_points`, `team_id`, `meeting_id`, `created_at`, `updated_at`, `rank`, `user_id`, `sum_team_points`, `meeting_individual_points`, `meeting_relay_points`, `meeting_team_points`, `season_individual_points`, `season_relay_points`, `season_team_points`, `season_id`, `team_affiliation_id`)
  VALUES (7832, 12698.11, 0.0, 518, 14342, '2015-09-12 11:35:41', '2015-09-12 11:35:41', 0, 1, 0.0, 0.0, 0.0, 0.0, 0.0, 0.0, 0.0, 142, 1350);

INSERT INTO `meeting_team_scores` (`id`, `sum_individual_points`, `sum_relay_points`, `team_id`, `meeting_id`, `created_at`, `updated_at`, `rank`, `user_id`, `sum_team_points`, `meeting_individual_points`, `meeting_relay_points`, `meeting_team_points`, `season_individual_points`, `season_relay_points`, `season_team_points`, `season_id`, `team_affiliation_id`)
  VALUES (7833, 9304.53, 0.0, 59, 14342, '2015-09-12 11:35:41', '2015-09-12 11:35:41', 0, 1, 0.0, 0.0, 0.0, 0.0, 0.0, 0.0, 0.0, 142, 975);

INSERT INTO `meeting_team_scores` (`id`, `sum_individual_points`, `sum_relay_points`, `team_id`, `meeting_id`, `created_at`, `updated_at`, `rank`, `user_id`, `sum_team_points`, `meeting_individual_points`, `meeting_relay_points`, `meeting_team_points`, `season_individual_points`, `season_relay_points`, `season_team_points`, `season_id`, `team_affiliation_id`)
  VALUES (7834, 9247.81, 0.0, 456, 14342, '2015-09-12 11:35:41', '2015-09-12 11:35:41', 0, 1, 0.0, 0.0, 0.0, 0.0, 0.0, 0.0, 0.0, 142, 1349);

INSERT INTO `meeting_team_scores` (`id`, `sum_individual_points`, `sum_relay_points`, `team_id`, `meeting_id`, `created_at`, `updated_at`, `rank`, `user_id`, `sum_team_points`, `meeting_individual_points`, `meeting_relay_points`, `meeting_team_points`, `season_individual_points`, `season_relay_points`, `season_team_points`, `season_id`, `team_affiliation_id`)
  VALUES (7835, 4060.42, 0.0, 257, 14342, '2015-09-12 11:35:41', '2015-09-12 11:35:41', 0, 1, 0.0, 0.0, 0.0, 0.0, 0.0, 0.0, 0.0, 142, 1042);

INSERT INTO `meeting_team_scores` (`id`, `sum_individual_points`, `sum_relay_points`, `team_id`, `meeting_id`, `created_at`, `updated_at`, `rank`, `user_id`, `sum_team_points`, `meeting_individual_points`, `meeting_relay_points`, `meeting_team_points`, `season_individual_points`, `season_relay_points`, `season_team_points`, `season_id`, `team_affiliation_id`)
  VALUES (7836, 3207.2, 0.0, 154, 14342, '2015-09-12 11:35:41', '2015-09-12 11:35:41', 0, 1, 0.0, 0.0, 0.0, 0.0, 0.0, 0.0, 0.0, 142, 1130);

INSERT INTO `meeting_team_scores` (`id`, `sum_individual_points`, `sum_relay_points`, `team_id`, `meeting_id`, `created_at`, `updated_at`, `rank`, `user_id`, `sum_team_points`, `meeting_individual_points`, `meeting_relay_points`, `meeting_team_points`, `season_individual_points`, `season_relay_points`, `season_team_points`, `season_id`, `team_affiliation_id`)
  VALUES (7837, 3129.17, 0.0, 467, 14342, '2015-09-12 11:35:42', '2015-09-12 11:35:42', 0, 1, 0.0, 0.0, 0.0, 0.0, 0.0, 0.0, 0.0, 142, 1275);

INSERT INTO `meeting_team_scores` (`id`, `sum_individual_points`, `sum_relay_points`, `team_id`, `meeting_id`, `created_at`, `updated_at`, `rank`, `user_id`, `sum_team_points`, `meeting_individual_points`, `meeting_relay_points`, `meeting_team_points`, `season_individual_points`, `season_relay_points`, `season_team_points`, `season_id`, `team_affiliation_id`)
  VALUES (7838, 3003.35, 0.0, 451, 14342, '2015-09-12 11:35:42', '2015-09-12 11:35:42', 0, 1, 0.0, 0.0, 0.0, 0.0, 0.0, 0.0, 0.0, 142, 1347);

INSERT INTO `meeting_team_scores` (`id`, `sum_individual_points`, `sum_relay_points`, `team_id`, `meeting_id`, `created_at`, `updated_at`, `rank`, `user_id`, `sum_team_points`, `meeting_individual_points`, `meeting_relay_points`, `meeting_team_points`, `season_individual_points`, `season_relay_points`, `season_team_points`, `season_id`, `team_affiliation_id`)
  VALUES (7839, 2826.64, 0.0, 450, 14342, '2015-09-12 11:35:42', '2015-09-12 11:35:42', 0, 1, 0.0, 0.0, 0.0, 0.0, 0.0, 0.0, 0.0, 142, 1345);

INSERT INTO `meeting_team_scores` (`id`, `sum_individual_points`, `sum_relay_points`, `team_id`, `meeting_id`, `created_at`, `updated_at`, `rank`, `user_id`, `sum_team_points`, `meeting_individual_points`, `meeting_relay_points`, `meeting_team_points`, `season_individual_points`, `season_relay_points`, `season_team_points`, `season_id`, `team_affiliation_id`)
  VALUES (7840, 2770.35, 0.0, 347, 14342, '2015-09-12 11:35:42', '2015-09-12 11:35:42', 0, 1, 0.0, 0.0, 0.0, 0.0, 0.0, 0.0, 0.0, 142, 1194);

INSERT INTO `meeting_team_scores` (`id`, `sum_individual_points`, `sum_relay_points`, `team_id`, `meeting_id`, `created_at`, `updated_at`, `rank`, `user_id`, `sum_team_points`, `meeting_individual_points`, `meeting_relay_points`, `meeting_team_points`, `season_individual_points`, `season_relay_points`, `season_team_points`, `season_id`, `team_affiliation_id`)
  VALUES (7841, 1873.13, 0.0, 89, 14342, '2015-09-12 11:35:42', '2015-09-12 11:35:42', 0, 1, 0.0, 0.0, 0.0, 0.0, 0.0, 0.0, 0.0, 142, 965);

INSERT INTO `meeting_team_scores` (`id`, `sum_individual_points`, `sum_relay_points`, `team_id`, `meeting_id`, `created_at`, `updated_at`, `rank`, `user_id`, `sum_team_points`, `meeting_individual_points`, `meeting_relay_points`, `meeting_team_points`, `season_individual_points`, `season_relay_points`, `season_team_points`, `season_id`, `team_affiliation_id`)
  VALUES (7842, 1720.46, 0.0, 72, 14342, '2015-09-12 11:35:42', '2015-09-12 11:35:42', 0, 1, 0.0, 0.0, 0.0, 0.0, 0.0, 0.0, 0.0, 142, 984);

INSERT INTO `meeting_team_scores` (`id`, `sum_individual_points`, `sum_relay_points`, `team_id`, `meeting_id`, `created_at`, `updated_at`, `rank`, `user_id`, `sum_team_points`, `meeting_individual_points`, `meeting_relay_points`, `meeting_team_points`, `season_individual_points`, `season_relay_points`, `season_team_points`, `season_id`, `team_affiliation_id`)
  VALUES (7843, 1662.48, 0.0, 270, 14342, '2015-09-12 11:35:42', '2015-09-12 11:35:42', 0, 1, 0.0, 0.0, 0.0, 0.0, 0.0, 0.0, 0.0, 142, 987);

INSERT INTO `meeting_team_scores` (`id`, `sum_individual_points`, `sum_relay_points`, `team_id`, `meeting_id`, `created_at`, `updated_at`, `rank`, `user_id`, `sum_team_points`, `meeting_individual_points`, `meeting_relay_points`, `meeting_team_points`, `season_individual_points`, `season_relay_points`, `season_team_points`, `season_id`, `team_affiliation_id`)
  VALUES (7844, 1627.98, 0.0, 595, 14342, '2015-09-12 11:35:42', '2015-09-12 11:35:42', 0, 1, 0.0, 0.0, 0.0, 0.0, 0.0, 0.0, 0.0, 142, 1348);

INSERT INTO `meeting_team_scores` (`id`, `sum_individual_points`, `sum_relay_points`, `team_id`, `meeting_id`, `created_at`, `updated_at`, `rank`, `user_id`, `sum_team_points`, `meeting_individual_points`, `meeting_relay_points`, `meeting_team_points`, `season_individual_points`, `season_relay_points`, `season_team_points`, `season_id`, `team_affiliation_id`)
  VALUES (7845, 1414.22, 0.0, 713, 14342, '2015-09-12 11:35:42', '2015-09-12 11:35:42', 0, 1, 0.0, 0.0, 0.0, 0.0, 0.0, 0.0, 0.0, 142, 1185);

INSERT INTO `meeting_team_scores` (`id`, `sum_individual_points`, `sum_relay_points`, `team_id`, `meeting_id`, `created_at`, `updated_at`, `rank`, `user_id`, `sum_team_points`, `meeting_individual_points`, `meeting_relay_points`, `meeting_team_points`, `season_individual_points`, `season_relay_points`, `season_team_points`, `season_id`, `team_affiliation_id`)
  VALUES (7846, 1319.8, 0.0, 70, 14342, '2015-09-12 11:35:42', '2015-09-12 11:35:42', 0, 1, 0.0, 0.0, 0.0, 0.0, 0.0, 0.0, 0.0, 142, 962);

INSERT INTO `meeting_team_scores` (`id`, `sum_individual_points`, `sum_relay_points`, `team_id`, `meeting_id`, `created_at`, `updated_at`, `rank`, `user_id`, `sum_team_points`, `meeting_individual_points`, `meeting_relay_points`, `meeting_team_points`, `season_individual_points`, `season_relay_points`, `season_team_points`, `season_id`, `team_affiliation_id`)
  VALUES (7847, 1157.39, 0.0, 112, 14342, '2015-09-12 11:35:42', '2015-09-12 11:35:42', 0, 1, 0.0, 0.0, 0.0, 0.0, 0.0, 0.0, 0.0, 142, 982);

INSERT INTO `meeting_team_scores` (`id`, `sum_individual_points`, `sum_relay_points`, `team_id`, `meeting_id`, `created_at`, `updated_at`, `rank`, `user_id`, `sum_team_points`, `meeting_individual_points`, `meeting_relay_points`, `meeting_team_points`, `season_individual_points`, `season_relay_points`, `season_team_points`, `season_id`, `team_affiliation_id`)
  VALUES (7848, 896.93, 0.0, 449, 14342, '2015-09-12 11:35:42', '2015-09-12 11:35:42', 0, 1, 0.0, 0.0, 0.0, 0.0, 0.0, 0.0, 0.0, 142, 1192);

INSERT INTO `meeting_team_scores` (`id`, `sum_individual_points`, `sum_relay_points`, `team_id`, `meeting_id`, `created_at`, `updated_at`, `rank`, `user_id`, `sum_team_points`, `meeting_individual_points`, `meeting_relay_points`, `meeting_team_points`, `season_individual_points`, `season_relay_points`, `season_team_points`, `season_id`, `team_affiliation_id`)
  VALUES (7849, 672.81, 0.0, 202, 14342, '2015-09-12 11:35:42', '2015-09-12 11:35:42', 0, 1, 0.0, 0.0, 0.0, 0.0, 0.0, 0.0, 0.0, 142, 1018);

INSERT INTO `meeting_team_scores` (`id`, `sum_individual_points`, `sum_relay_points`, `team_id`, `meeting_id`, `created_at`, `updated_at`, `rank`, `user_id`, `sum_team_points`, `meeting_individual_points`, `meeting_relay_points`, `meeting_team_points`, `season_individual_points`, `season_relay_points`, `season_team_points`, `season_id`, `team_affiliation_id`)
  VALUES (7850, 445.33, 0.0, 478, 14342, '2015-09-12 11:35:42', '2015-09-12 11:35:42', 0, 1, 0.0, 0.0, 0.0, 0.0, 0.0, 0.0, 0.0, 142, 1257);

INSERT INTO `meeting_team_scores` (`id`, `sum_individual_points`, `sum_relay_points`, `team_id`, `meeting_id`, `created_at`, `updated_at`, `rank`, `user_id`, `sum_team_points`, `meeting_individual_points`, `meeting_relay_points`, `meeting_team_points`, `season_individual_points`, `season_relay_points`, `season_team_points`, `season_id`, `team_affiliation_id`)
  VALUES (7851, 0.0, 0.0, 49, 14342, '2015-09-12 11:35:42', '2015-09-12 11:35:42', 0, 1, 0.0, 0.0, 0.0, 0.0, 0.0, 0.0, 0.0, 142, 979);


-- Meeting 14342
-- 'Results acquired' flag setting:
UPDATE meetings SET are_results_acquired = '1' WHERE id = 14342;

-- --- BeginTimeCalculator: compute_for_all( 14342 )
-- ----------------------------------------------------
-- Using RESULTS to compute heat length.

-- Event #1, M.Prg: 31474, tot. athletes: 1
-- Tot. progr. duration: 139 (sec), Heat durations: [13915] (hds)
-- Session begin time: 2015-06-06 08:30:00 +0200, Computed begin time: 2015-06-06 08:32:00 +0200
UPDATE meeting_programs SET begin_time = '2015-06-06 08:32' WHERE id = 31474;

-- Event #2, M.Prg: 31475, tot. athletes: 1
-- Tot. progr. duration: 157 (sec), Heat durations: [15776] (hds)
-- Session begin time: 2015-06-06 08:30:00 +0200, Computed begin time: 2015-06-06 08:34:19 +0200
UPDATE meeting_programs SET begin_time = '2015-06-06 08:34' WHERE id = 31475;

-- Event #3, M.Prg: 31476, tot. athletes: 1
-- Tot. progr. duration: 183 (sec), Heat durations: [18395] (hds)
-- Session begin time: 2015-06-06 08:30:00 +0200, Computed begin time: 2015-06-06 08:36:56 +0200
UPDATE meeting_programs SET begin_time = '2015-06-06 08:36' WHERE id = 31476;

-- Event #4, M.Prg: 31477, tot. athletes: 1
-- Tot. progr. duration: 199 (sec), Heat durations: [19965] (hds)
-- Session begin time: 2015-06-06 08:30:00 +0200, Computed begin time: 2015-06-06 08:39:59 +0200
UPDATE meeting_programs SET begin_time = '2015-06-06 08:39' WHERE id = 31477;

-- Event #5, M.Prg: 31478, tot. athletes: 1
-- Tot. progr. duration: 281 (sec), Heat durations: [28100] (hds)
-- Session begin time: 2015-06-06 08:30:00 +0200, Computed begin time: 2015-06-06 08:43:18 +0200
UPDATE meeting_programs SET begin_time = '2015-06-06 08:43' WHERE id = 31478;

-- Event #6, M.Prg: 31479, tot. athletes: 4
-- Tot. progr. duration: 167 (sec), Heat durations: [16748] (hds)
-- Session begin time: 2015-06-06 08:30:00 +0200, Computed begin time: 2015-06-06 08:47:59 +0200
UPDATE meeting_programs SET begin_time = '2015-06-06 08:47' WHERE id = 31479;

-- Event #7, M.Prg: 31480, tot. athletes: 1
-- Tot. progr. duration: 150 (sec), Heat durations: [15058] (hds)
-- Session begin time: 2015-06-06 08:30:00 +0200, Computed begin time: 2015-06-06 08:50:46 +0200
UPDATE meeting_programs SET begin_time = '2015-06-06 08:50' WHERE id = 31480;

-- Event #8, M.Prg: 31481, tot. athletes: 3
-- Tot. progr. duration: 130 (sec), Heat durations: [13048] (hds)
-- Session begin time: 2015-06-06 08:30:00 +0200, Computed begin time: 2015-06-06 08:53:16 +0200
UPDATE meeting_programs SET begin_time = '2015-06-06 08:53' WHERE id = 31481;

-- Event #9, M.Prg: 31482, tot. athletes: 1
-- Tot. progr. duration: 157 (sec), Heat durations: [15770] (hds)
-- Session begin time: 2015-06-06 08:30:00 +0200, Computed begin time: 2015-06-06 08:55:26 +0200
UPDATE meeting_programs SET begin_time = '2015-06-06 08:55' WHERE id = 31482;

-- Event #10, M.Prg: 31483, tot. athletes: 1
-- Tot. progr. duration: 162 (sec), Heat durations: [16286] (hds)
-- Session begin time: 2015-06-06 08:30:00 +0200, Computed begin time: 2015-06-06 08:58:03 +0200
UPDATE meeting_programs SET begin_time = '2015-06-06 08:58' WHERE id = 31483;

-- Event #11, M.Prg: 31484, tot. athletes: 1
-- Tot. progr. duration: 136 (sec), Heat durations: [13684] (hds)
-- Session begin time: 2015-06-06 08:30:00 +0200, Computed begin time: 2015-06-06 09:00:45 +0200
UPDATE meeting_programs SET begin_time = '2015-06-06 09:00' WHERE id = 31484;

-- Event #12, M.Prg: 31485, tot. athletes: 4
-- Tot. progr. duration: 142 (sec), Heat durations: [14267] (hds)
-- Session begin time: 2015-06-06 08:30:00 +0200, Computed begin time: 2015-06-06 09:03:01 +0200
UPDATE meeting_programs SET begin_time = '2015-06-06 09:03' WHERE id = 31485;

-- Event #13, M.Prg: 31486, tot. athletes: 3
-- Tot. progr. duration: 140 (sec), Heat durations: [14029] (hds)
-- Session begin time: 2015-06-06 08:30:00 +0200, Computed begin time: 2015-06-06 09:05:23 +0200
UPDATE meeting_programs SET begin_time = '2015-06-06 09:05' WHERE id = 31486;

-- Event #14, M.Prg: 31487, tot. athletes: 1
-- Tot. progr. duration: 159 (sec), Heat durations: [15927] (hds)
-- Session begin time: 2015-06-06 08:30:00 +0200, Computed begin time: 2015-06-06 09:07:43 +0200
UPDATE meeting_programs SET begin_time = '2015-06-06 09:07' WHERE id = 31487;

-- Event #15, M.Prg: 31488, tot. athletes: 1
-- Tot. progr. duration: 140 (sec), Heat durations: [14040] (hds)
-- Session begin time: 2015-06-06 08:30:00 +0200, Computed begin time: 2015-06-06 09:10:22 +0200
UPDATE meeting_programs SET begin_time = '2015-06-06 09:10' WHERE id = 31488;

-- Event #16, M.Prg: 31489, tot. athletes: 1
-- Tot. progr. duration: 149 (sec), Heat durations: [14979] (hds)
-- Session begin time: 2015-06-06 08:30:00 +0200, Computed begin time: 2015-06-06 09:12:42 +0200
UPDATE meeting_programs SET begin_time = '2015-06-06 09:12' WHERE id = 31489;

-- Event #17, M.Prg: 31490, tot. athletes: 1
-- Tot. progr. duration: 169 (sec), Heat durations: [16947] (hds)
-- Session begin time: 2015-06-06 08:30:00 +0200, Computed begin time: 2015-06-06 09:15:11 +0200
UPDATE meeting_programs SET begin_time = '2015-06-06 09:15' WHERE id = 31490;

-- Event #18, M.Prg: 31491, tot. athletes: 1
-- Tot. progr. duration: 140 (sec), Heat durations: [14049] (hds)
-- Session begin time: 2015-06-06 08:30:00 +0200, Computed begin time: 2015-06-06 09:18:00 +0200
UPDATE meeting_programs SET begin_time = '2015-06-06 09:18' WHERE id = 31491;

-- Event #19, M.Prg: 31492, tot. athletes: 1
-- Tot. progr. duration: 173 (sec), Heat durations: [17360] (hds)
-- Session begin time: 2015-06-06 08:30:00 +0200, Computed begin time: 2015-06-06 09:20:20 +0200
UPDATE meeting_programs SET begin_time = '2015-06-06 09:20' WHERE id = 31492;

-- Event #20, M.Prg: 31493, tot. athletes: 2
-- Tot. progr. duration: 137 (sec), Heat durations: [13709] (hds)
-- Session begin time: 2015-06-06 08:30:00 +0200, Computed begin time: 2015-06-06 09:23:13 +0200
UPDATE meeting_programs SET begin_time = '2015-06-06 09:23' WHERE id = 31493;

-- Event #21, M.Prg: 31494, tot. athletes: 5
-- Tot. progr. duration: 134 (sec), Heat durations: [13429] (hds)
-- Session begin time: 2015-06-06 08:30:00 +0200, Computed begin time: 2015-06-06 09:25:30 +0200
UPDATE meeting_programs SET begin_time = '2015-06-06 09:25' WHERE id = 31494;

-- Event #22, M.Prg: 31495, tot. athletes: 9
-- Tot. progr. duration: 263 (sec), Heat durations: [14170, 12159] (hds)
-- Session begin time: 2015-06-06 08:30:00 +0200, Computed begin time: 2015-06-06 09:27:44 +0200
UPDATE meeting_programs SET begin_time = '2015-06-06 09:27' WHERE id = 31495;

-- Event #23, M.Prg: 31496, tot. athletes: 8
-- Tot. progr. duration: 141 (sec), Heat durations: [14143] (hds)
-- Session begin time: 2015-06-06 08:30:00 +0200, Computed begin time: 2015-06-06 09:32:07 +0200
UPDATE meeting_programs SET begin_time = '2015-06-06 09:32' WHERE id = 31496;

-- Event #24, M.Prg: 31497, tot. athletes: 10
-- Tot. progr. duration: 275 (sec), Heat durations: [14964, 12634] (hds)
-- Session begin time: 2015-06-06 08:30:00 +0200, Computed begin time: 2015-06-06 09:34:28 +0200
UPDATE meeting_programs SET begin_time = '2015-06-06 09:34' WHERE id = 31497;

-- Event #25, M.Prg: 31498, tot. athletes: 3
-- Tot. progr. duration: 139 (sec), Heat durations: [13984] (hds)
-- Session begin time: 2015-06-06 08:30:00 +0200, Computed begin time: 2015-06-06 09:39:03 +0200
UPDATE meeting_programs SET begin_time = '2015-06-06 09:39' WHERE id = 31498;

-- Event #26, M.Prg: 31499, tot. athletes: 10
-- Tot. progr. duration: 267 (sec), Heat durations: [14692, 12102] (hds)
-- Session begin time: 2015-06-06 08:30:00 +0200, Computed begin time: 2015-06-06 09:41:22 +0200
UPDATE meeting_programs SET begin_time = '2015-06-06 09:41' WHERE id = 31499;

-- Event #27, M.Prg: 31500, tot. athletes: 2
-- Tot. progr. duration: 146 (sec), Heat durations: [14656] (hds)
-- Session begin time: 2015-06-06 08:30:00 +0200, Computed begin time: 2015-06-06 09:45:49 +0200
UPDATE meeting_programs SET begin_time = '2015-06-06 09:45' WHERE id = 31500;

-- Event #28, M.Prg: 31501, tot. athletes: 1
-- Tot. progr. duration: 60 (sec), Heat durations: [6000] (hds)
-- Session begin time: 2015-06-06 08:30:00 +0200, Computed begin time: 2015-06-06 09:48:15 +0200
UPDATE meeting_programs SET begin_time = '2015-06-06 09:48' WHERE id = 31501;

-- Event #29, M.Prg: 31502, tot. athletes: 1
-- Tot. progr. duration: 166 (sec), Heat durations: [16678] (hds)
-- Session begin time: 2015-06-06 08:30:00 +0200, Computed begin time: 2015-06-06 09:49:15 +0200
UPDATE meeting_programs SET begin_time = '2015-06-06 09:49' WHERE id = 31502;

-- Event #30, M.Prg: 31503, tot. athletes: 1
-- Tot. progr. duration: 163 (sec), Heat durations: [16356] (hds)
-- Session begin time: 2015-06-06 08:30:00 +0200, Computed begin time: 2015-06-06 09:52:01 +0200
UPDATE meeting_programs SET begin_time = '2015-06-06 09:52' WHERE id = 31503;

-- Event #31, M.Prg: 31504, tot. athletes: 1
-- Tot. progr. duration: 251 (sec), Heat durations: [25107] (hds)
-- Session begin time: 2015-06-06 08:30:00 +0200, Computed begin time: 2015-06-06 09:54:44 +0200
UPDATE meeting_programs SET begin_time = '2015-06-06 09:54' WHERE id = 31504;

-- Event #32, M.Prg: 31505, tot. athletes: 1
-- Tot. progr. duration: 233 (sec), Heat durations: [23300] (hds)
-- Session begin time: 2015-06-06 08:30:00 +0200, Computed begin time: 2015-06-06 09:58:55 +0200
UPDATE meeting_programs SET begin_time = '2015-06-06 09:58' WHERE id = 31505;

-- Event #33, M.Prg: 31506, tot. athletes: 1
-- Tot. progr. duration: 210 (sec), Heat durations: [21012] (hds)
-- Session begin time: 2015-06-06 08:30:00 +0200, Computed begin time: 2015-06-06 10:02:48 +0200
UPDATE meeting_programs SET begin_time = '2015-06-06 10:02' WHERE id = 31506;

-- Event #34, M.Prg: 31507, tot. athletes: 2
-- Tot. progr. duration: 265 (sec), Heat durations: [26548] (hds)
-- Session begin time: 2015-06-06 08:30:00 +0200, Computed begin time: 2015-06-06 10:06:18 +0200
UPDATE meeting_programs SET begin_time = '2015-06-06 10:06' WHERE id = 31507;

-- Event #35, M.Prg: 31508, tot. athletes: 1
-- Tot. progr. duration: 209 (sec), Heat durations: [20977] (hds)
-- Session begin time: 2015-06-06 08:30:00 +0200, Computed begin time: 2015-06-06 10:10:43 +0200
UPDATE meeting_programs SET begin_time = '2015-06-06 10:10' WHERE id = 31508;

-- Event #36, M.Prg: 31509, tot. athletes: 2
-- Tot. progr. duration: 242 (sec), Heat durations: [24212] (hds)
-- Session begin time: 2015-06-06 08:30:00 +0200, Computed begin time: 2015-06-06 10:14:12 +0200
UPDATE meeting_programs SET begin_time = '2015-06-06 10:14' WHERE id = 31509;

-- Event #37, M.Prg: 31510, tot. athletes: 1
-- Tot. progr. duration: 255 (sec), Heat durations: [25568] (hds)
-- Session begin time: 2015-06-06 08:30:00 +0200, Computed begin time: 2015-06-06 10:18:14 +0200
UPDATE meeting_programs SET begin_time = '2015-06-06 10:18' WHERE id = 31510;

-- Event #38, M.Prg: 31511, tot. athletes: 1
-- Tot. progr. duration: 275 (sec), Heat durations: [27566] (hds)
-- Session begin time: 2015-06-06 08:30:00 +0200, Computed begin time: 2015-06-06 10:22:29 +0200
UPDATE meeting_programs SET begin_time = '2015-06-06 10:22' WHERE id = 31511;

-- Event #39, M.Prg: 31512, tot. athletes: 1
-- Tot. progr. duration: 273 (sec), Heat durations: [27362] (hds)
-- Session begin time: 2015-06-06 08:30:00 +0200, Computed begin time: 2015-06-06 10:27:04 +0200
UPDATE meeting_programs SET begin_time = '2015-06-06 10:27' WHERE id = 31512;

-- Event #40, M.Prg: 31513, tot. athletes: 1
-- Tot. progr. duration: 266 (sec), Heat durations: [26610] (hds)
-- Session begin time: 2015-06-06 08:30:00 +0200, Computed begin time: 2015-06-06 10:31:37 +0200
UPDATE meeting_programs SET begin_time = '2015-06-06 10:31' WHERE id = 31513;

-- Event #41, M.Prg: 31514, tot. athletes: 2
-- Tot. progr. duration: 223 (sec), Heat durations: [22390] (hds)
-- Session begin time: 2015-06-06 08:30:00 +0200, Computed begin time: 2015-06-06 10:36:03 +0200
UPDATE meeting_programs SET begin_time = '2015-06-06 10:36' WHERE id = 31514;

-- Event #42, M.Prg: 31515, tot. athletes: 2
-- Tot. progr. duration: 280 (sec), Heat durations: [28081] (hds)
-- Session begin time: 2015-06-06 08:30:00 +0200, Computed begin time: 2015-06-06 10:39:46 +0200
UPDATE meeting_programs SET begin_time = '2015-06-06 10:39' WHERE id = 31515;

-- Event #43, M.Prg: 31516, tot. athletes: 2
-- Tot. progr. duration: 235 (sec), Heat durations: [23554] (hds)
-- Session begin time: 2015-06-06 08:30:00 +0200, Computed begin time: 2015-06-06 10:44:26 +0200
UPDATE meeting_programs SET begin_time = '2015-06-06 10:44' WHERE id = 31516;

-- Event #44, M.Prg: 31517, tot. athletes: 4
-- Tot. progr. duration: 281 (sec), Heat durations: [28148] (hds)
-- Session begin time: 2015-06-06 08:30:00 +0200, Computed begin time: 2015-06-06 10:48:21 +0200
UPDATE meeting_programs SET begin_time = '2015-06-06 10:48' WHERE id = 31517;

-- Event #45, M.Prg: 31518, tot. athletes: 2
-- Tot. progr. duration: 275 (sec), Heat durations: [27596] (hds)
-- Session begin time: 2015-06-06 08:30:00 +0200, Computed begin time: 2015-06-06 10:53:02 +0200
UPDATE meeting_programs SET begin_time = '2015-06-06 10:53' WHERE id = 31518;

-- Event #46, M.Prg: 31519, tot. athletes: 1
-- Tot. progr. duration: 272 (sec), Heat durations: [27261] (hds)
-- Session begin time: 2015-06-06 08:30:00 +0200, Computed begin time: 2015-06-06 10:57:37 +0200
UPDATE meeting_programs SET begin_time = '2015-06-06 10:57' WHERE id = 31519;

-- Event #47, M.Prg: 31520, tot. athletes: 1
-- Tot. progr. duration: 296 (sec), Heat durations: [29625] (hds)
-- Session begin time: 2015-06-06 08:30:00 +0200, Computed begin time: 2015-06-06 11:02:09 +0200
UPDATE meeting_programs SET begin_time = '2015-06-06 11:02' WHERE id = 31520;

-- Event #48, M.Prg: 31521, tot. athletes: 1
-- Tot. progr. duration: 263 (sec), Heat durations: [26368] (hds)
-- Session begin time: 2015-06-06 08:30:00 +0200, Computed begin time: 2015-06-06 11:07:05 +0200
UPDATE meeting_programs SET begin_time = '2015-06-06 11:07' WHERE id = 31521;

-- Event #49, M.Prg: 31522, tot. athletes: 1
-- Tot. progr. duration: 283 (sec), Heat durations: [28391] (hds)
-- Session begin time: 2015-06-06 08:30:00 +0200, Computed begin time: 2015-06-06 11:11:28 +0200
UPDATE meeting_programs SET begin_time = '2015-06-06 11:11' WHERE id = 31522;

-- Event #50, M.Prg: 31523, tot. athletes: 1
-- Tot. progr. duration: 276 (sec), Heat durations: [27631] (hds)
-- Session begin time: 2015-06-06 08:30:00 +0200, Computed begin time: 2015-06-06 11:16:11 +0200
UPDATE meeting_programs SET begin_time = '2015-06-06 11:16' WHERE id = 31523;

-- Event #51, M.Prg: 31524, tot. athletes: 1
-- Tot. progr. duration: 108 (sec), Heat durations: [10870] (hds)
-- Session begin time: 2015-06-06 08:30:00 +0200, Computed begin time: 2015-06-06 11:20:47 +0200
UPDATE meeting_programs SET begin_time = '2015-06-06 11:20' WHERE id = 31524;

-- Event #52, M.Prg: 31525, tot. athletes: 1
-- Tot. progr. duration: 105 (sec), Heat durations: [10538] (hds)
-- Session begin time: 2015-06-06 08:30:00 +0200, Computed begin time: 2015-06-06 11:22:35 +0200
UPDATE meeting_programs SET begin_time = '2015-06-06 11:22' WHERE id = 31525;

-- Event #53, M.Prg: 31526, tot. athletes: 3
-- Tot. progr. duration: 111 (sec), Heat durations: [11184] (hds)
-- Session begin time: 2015-06-06 08:30:00 +0200, Computed begin time: 2015-06-06 11:24:20 +0200
UPDATE meeting_programs SET begin_time = '2015-06-06 11:24' WHERE id = 31526;

-- Event #54, M.Prg: 31527, tot. athletes: 2
-- Tot. progr. duration: 107 (sec), Heat durations: [10723] (hds)
-- Session begin time: 2015-06-06 08:30:00 +0200, Computed begin time: 2015-06-06 11:26:11 +0200
UPDATE meeting_programs SET begin_time = '2015-06-06 11:26' WHERE id = 31527;

-- Event #55, M.Prg: 31528, tot. athletes: 1
-- Tot. progr. duration: 142 (sec), Heat durations: [14295] (hds)
-- Session begin time: 2015-06-06 08:30:00 +0200, Computed begin time: 2015-06-06 11:27:58 +0200
UPDATE meeting_programs SET begin_time = '2015-06-06 11:27' WHERE id = 31528;

-- Event #56, M.Prg: 31529, tot. athletes: 1
-- Tot. progr. duration: 162 (sec), Heat durations: [16250] (hds)
-- Session begin time: 2015-06-06 08:30:00 +0200, Computed begin time: 2015-06-06 11:30:20 +0200
UPDATE meeting_programs SET begin_time = '2015-06-06 11:30' WHERE id = 31529;

-- Event #57, M.Prg: 31530, tot. athletes: 1
-- Tot. progr. duration: 94 (sec), Heat durations: [9485] (hds)
-- Session begin time: 2015-06-06 08:30:00 +0200, Computed begin time: 2015-06-06 11:33:02 +0200
UPDATE meeting_programs SET begin_time = '2015-06-06 11:33' WHERE id = 31530;

-- Event #58, M.Prg: 31531, tot. athletes: 1
-- Tot. progr. duration: 100 (sec), Heat durations: [10050] (hds)
-- Session begin time: 2015-06-06 08:30:00 +0200, Computed begin time: 2015-06-06 11:34:36 +0200
UPDATE meeting_programs SET begin_time = '2015-06-06 11:34' WHERE id = 31531;

-- Event #59, M.Prg: 31532, tot. athletes: 3
-- Tot. progr. duration: 101 (sec), Heat durations: [10185] (hds)
-- Session begin time: 2015-06-06 08:30:00 +0200, Computed begin time: 2015-06-06 11:36:16 +0200
UPDATE meeting_programs SET begin_time = '2015-06-06 11:36' WHERE id = 31532;

-- Event #60, M.Prg: 31533, tot. athletes: 2
-- Tot. progr. duration: 102 (sec), Heat durations: [10242] (hds)
-- Session begin time: 2015-06-06 08:30:00 +0200, Computed begin time: 2015-06-06 11:37:57 +0200
UPDATE meeting_programs SET begin_time = '2015-06-06 11:37' WHERE id = 31533;

-- Event #61, M.Prg: 31534, tot. athletes: 1
-- Tot. progr. duration: 121 (sec), Heat durations: [12167] (hds)
-- Session begin time: 2015-06-06 08:30:00 +0200, Computed begin time: 2015-06-06 11:39:39 +0200
UPDATE meeting_programs SET begin_time = '2015-06-06 11:39' WHERE id = 31534;

-- Event #62, M.Prg: 31535, tot. athletes: 4
-- Tot. progr. duration: 106 (sec), Heat durations: [10619] (hds)
-- Session begin time: 2015-06-06 08:30:00 +0200, Computed begin time: 2015-06-06 11:41:40 +0200
UPDATE meeting_programs SET begin_time = '2015-06-06 11:41' WHERE id = 31535;

-- Event #63, M.Prg: 31536, tot. athletes: 1
-- Tot. progr. duration: 111 (sec), Heat durations: [11161] (hds)
-- Session begin time: 2015-06-06 08:30:00 +0200, Computed begin time: 2015-06-06 11:43:26 +0200
UPDATE meeting_programs SET begin_time = '2015-06-06 11:43' WHERE id = 31536;

-- Event #64, M.Prg: 31537, tot. athletes: 2
-- Tot. progr. duration: 113 (sec), Heat durations: [11399] (hds)
-- Session begin time: 2015-06-06 08:30:00 +0200, Computed begin time: 2015-06-06 11:45:17 +0200
UPDATE meeting_programs SET begin_time = '2015-06-06 11:45' WHERE id = 31537;

-- Event #65, M.Prg: 31538, tot. athletes: 1
-- Tot. progr. duration: 120 (sec), Heat durations: [12005] (hds)
-- Session begin time: 2015-06-06 08:30:00 +0200, Computed begin time: 2015-06-06 11:47:10 +0200
UPDATE meeting_programs SET begin_time = '2015-06-06 11:47' WHERE id = 31538;

-- Event #66, M.Prg: 31539, tot. athletes: 1
-- Tot. progr. duration: 121 (sec), Heat durations: [12158] (hds)
-- Session begin time: 2015-06-06 08:30:00 +0200, Computed begin time: 2015-06-06 11:49:10 +0200
UPDATE meeting_programs SET begin_time = '2015-06-06 11:49' WHERE id = 31539;

-- Event #67, M.Prg: 31540, tot. athletes: 1
-- Tot. progr. duration: 91 (sec), Heat durations: [9174] (hds)
-- Session begin time: 2015-06-06 08:30:00 +0200, Computed begin time: 2015-06-06 11:51:11 +0200
UPDATE meeting_programs SET begin_time = '2015-06-06 11:51' WHERE id = 31540;

-- Event #68, M.Prg: 31541, tot. athletes: 1
-- Tot. progr. duration: 96 (sec), Heat durations: [9616] (hds)
-- Session begin time: 2015-06-06 08:30:00 +0200, Computed begin time: 2015-06-06 11:52:42 +0200
UPDATE meeting_programs SET begin_time = '2015-06-06 11:52' WHERE id = 31541;

-- Event #69, M.Prg: 31542, tot. athletes: 1
-- Tot. progr. duration: 101 (sec), Heat durations: [10119] (hds)
-- Session begin time: 2015-06-06 08:30:00 +0200, Computed begin time: 2015-06-06 11:54:18 +0200
UPDATE meeting_programs SET begin_time = '2015-06-06 11:54' WHERE id = 31542;

-- Event #70, M.Prg: 31543, tot. athletes: 1
-- Tot. progr. duration: 101 (sec), Heat durations: [10106] (hds)
-- Session begin time: 2015-06-06 08:30:00 +0200, Computed begin time: 2015-06-06 11:55:59 +0200
UPDATE meeting_programs SET begin_time = '2015-06-06 11:55' WHERE id = 31543;

-- Event #71, M.Prg: 31544, tot. athletes: 1
-- Tot. progr. duration: 96 (sec), Heat durations: [9640] (hds)
-- Session begin time: 2015-06-06 08:30:00 +0200, Computed begin time: 2015-06-06 11:57:40 +0200
UPDATE meeting_programs SET begin_time = '2015-06-06 11:57' WHERE id = 31544;

-- Event #72, M.Prg: 31545, tot. athletes: 5
-- Tot. progr. duration: 105 (sec), Heat durations: [10539] (hds)
-- Session begin time: 2015-06-06 08:30:00 +0200, Computed begin time: 2015-06-06 11:59:16 +0200
UPDATE meeting_programs SET begin_time = '2015-06-06 11:59' WHERE id = 31545;

-- Event #73, M.Prg: 31546, tot. athletes: 2
-- Tot. progr. duration: 93 (sec), Heat durations: [9385] (hds)
-- Session begin time: 2015-06-06 08:30:00 +0200, Computed begin time: 2015-06-06 12:01:01 +0200
UPDATE meeting_programs SET begin_time = '2015-06-06 12:01' WHERE id = 31546;

-- Event #74, M.Prg: 31547, tot. athletes: 1
-- Tot. progr. duration: 94 (sec), Heat durations: [9462] (hds)
-- Session begin time: 2015-06-06 08:30:00 +0200, Computed begin time: 2015-06-06 12:02:34 +0200
UPDATE meeting_programs SET begin_time = '2015-06-06 12:02' WHERE id = 31547;

-- Event #75, M.Prg: 31548, tot. athletes: 7
-- Tot. progr. duration: 106 (sec), Heat durations: [10604] (hds)
-- Session begin time: 2015-06-06 08:30:00 +0200, Computed begin time: 2015-06-06 12:04:08 +0200
UPDATE meeting_programs SET begin_time = '2015-06-06 12:04' WHERE id = 31548;

-- Event #76, M.Prg: 31549, tot. athletes: 1
-- Tot. progr. duration: 99 (sec), Heat durations: [9940] (hds)
-- Session begin time: 2015-06-06 08:30:00 +0200, Computed begin time: 2015-06-06 12:05:54 +0200
UPDATE meeting_programs SET begin_time = '2015-06-06 12:05' WHERE id = 31549;

-- Event #77, M.Prg: 31550, tot. athletes: 4
-- Tot. progr. duration: 97 (sec), Heat durations: [9763] (hds)
-- Session begin time: 2015-06-06 08:30:00 +0200, Computed begin time: 2015-06-06 12:07:33 +0200
UPDATE meeting_programs SET begin_time = '2015-06-06 12:07' WHERE id = 31550;

-- Event #78, M.Prg: 31551, tot. athletes: 1
-- Tot. progr. duration: 105 (sec), Heat durations: [10512] (hds)
-- Session begin time: 2015-06-06 08:30:00 +0200, Computed begin time: 2015-06-06 12:09:10 +0200
UPDATE meeting_programs SET begin_time = '2015-06-06 12:09' WHERE id = 31551;

-- Event #79, M.Prg: 31552, tot. athletes: 1
-- Tot. progr. duration: 100 (sec), Heat durations: [10068] (hds)
-- Session begin time: 2015-06-06 08:30:00 +0200, Computed begin time: 2015-06-06 12:10:55 +0200
UPDATE meeting_programs SET begin_time = '2015-06-06 12:10' WHERE id = 31552;

-- Event #80, M.Prg: 31553, tot. athletes: 1
-- Tot. progr. duration: 102 (sec), Heat durations: [10289] (hds)
-- Session begin time: 2015-06-06 08:30:00 +0200, Computed begin time: 2015-06-06 12:12:35 +0200
UPDATE meeting_programs SET begin_time = '2015-06-06 12:12' WHERE id = 31553;

-- Event #81, M.Prg: 31554, tot. athletes: 1
-- Tot. progr. duration: 102 (sec), Heat durations: [10276] (hds)
-- Session begin time: 2015-06-06 08:30:00 +0200, Computed begin time: 2015-06-06 12:14:17 +0200
UPDATE meeting_programs SET begin_time = '2015-06-06 12:14' WHERE id = 31554;

-- Event #82, M.Prg: 31555, tot. athletes: 2
-- Tot. progr. duration: 101 (sec), Heat durations: [10169] (hds)
-- Session begin time: 2015-06-06 08:30:00 +0200, Computed begin time: 2015-06-06 12:15:59 +0200
UPDATE meeting_programs SET begin_time = '2015-06-06 12:15' WHERE id = 31555;

-- Event #83, M.Prg: 31556, tot. athletes: 1
-- Tot. progr. duration: 111 (sec), Heat durations: [11196] (hds)
-- Session begin time: 2015-06-06 08:30:00 +0200, Computed begin time: 2015-06-06 12:17:40 +0200
UPDATE meeting_programs SET begin_time = '2015-06-06 12:17' WHERE id = 31556;

-- Event #84, M.Prg: 31557, tot. athletes: 1
-- Tot. progr. duration: 100 (sec), Heat durations: [10061] (hds)
-- Session begin time: 2015-06-06 08:30:00 +0200, Computed begin time: 2015-06-06 12:19:31 +0200
UPDATE meeting_programs SET begin_time = '2015-06-06 12:19' WHERE id = 31557;

-- Event #85, M.Prg: 31558, tot. athletes: 1
-- Tot. progr. duration: 105 (sec), Heat durations: [10574] (hds)
-- Session begin time: 2015-06-06 08:30:00 +0200, Computed begin time: 2015-06-06 12:21:11 +0200
UPDATE meeting_programs SET begin_time = '2015-06-06 12:21' WHERE id = 31558;

-- Event #86, M.Prg: 31559, tot. athletes: 1
-- Tot. progr. duration: 120 (sec), Heat durations: [12019] (hds)
-- Session begin time: 2015-06-06 08:30:00 +0200, Computed begin time: 2015-06-06 12:22:56 +0200
UPDATE meeting_programs SET begin_time = '2015-06-06 12:22' WHERE id = 31559;

-- Event #87, M.Prg: 31560, tot. athletes: 1
-- Tot. progr. duration: 109 (sec), Heat durations: [10993] (hds)
-- Session begin time: 2015-06-06 08:30:00 +0200, Computed begin time: 2015-06-06 12:24:56 +0200
UPDATE meeting_programs SET begin_time = '2015-06-06 12:24' WHERE id = 31560;

-- Event #88, M.Prg: 31561, tot. athletes: 4
-- Tot. progr. duration: 94 (sec), Heat durations: [9482] (hds)
-- Session begin time: 2015-06-06 08:30:00 +0200, Computed begin time: 2015-06-06 12:26:45 +0200
UPDATE meeting_programs SET begin_time = '2015-06-06 12:26' WHERE id = 31561;

-- Event #89, M.Prg: 31562, tot. athletes: 2
-- Tot. progr. duration: 104 (sec), Heat durations: [10486] (hds)
-- Session begin time: 2015-06-06 08:30:00 +0200, Computed begin time: 2015-06-06 12:28:19 +0200
UPDATE meeting_programs SET begin_time = '2015-06-06 12:28' WHERE id = 31562;

-- Event #90, M.Prg: 31563, tot. athletes: 6
-- Tot. progr. duration: 107 (sec), Heat durations: [10782] (hds)
-- Session begin time: 2015-06-06 08:30:00 +0200, Computed begin time: 2015-06-06 12:30:03 +0200
UPDATE meeting_programs SET begin_time = '2015-06-06 12:30' WHERE id = 31563;

-- Event #91, M.Prg: 31564, tot. athletes: 11
-- Tot. progr. duration: 205 (sec), Heat durations: [11010, 9494] (hds)
-- Session begin time: 2015-06-06 08:30:00 +0200, Computed begin time: 2015-06-06 12:31:50 +0200
UPDATE meeting_programs SET begin_time = '2015-06-06 12:31' WHERE id = 31564;

-- Event #92, M.Prg: 31565, tot. athletes: 4
-- Tot. progr. duration: 107 (sec), Heat durations: [10798] (hds)
-- Session begin time: 2015-06-06 08:30:00 +0200, Computed begin time: 2015-06-06 12:35:15 +0200
UPDATE meeting_programs SET begin_time = '2015-06-06 12:35' WHERE id = 31565;

-- Event #93, M.Prg: 31566, tot. athletes: 7
-- Tot. progr. duration: 109 (sec), Heat durations: [10922] (hds)
-- Session begin time: 2015-06-06 08:30:00 +0200, Computed begin time: 2015-06-06 12:37:02 +0200
UPDATE meeting_programs SET begin_time = '2015-06-06 12:37' WHERE id = 31566;

-- Event #94, M.Prg: 31567, tot. athletes: 1
-- Tot. progr. duration: 109 (sec), Heat durations: [10980] (hds)
-- Session begin time: 2015-06-06 08:30:00 +0200, Computed begin time: 2015-06-06 12:38:51 +0200
UPDATE meeting_programs SET begin_time = '2015-06-06 12:38' WHERE id = 31567;

-- Event #95, M.Prg: 31568, tot. athletes: 3
-- Tot. progr. duration: 121 (sec), Heat durations: [12104] (hds)
-- Session begin time: 2015-06-06 08:30:00 +0200, Computed begin time: 2015-06-06 12:40:40 +0200
UPDATE meeting_programs SET begin_time = '2015-06-06 12:40' WHERE id = 31568;

-- Event #96, M.Prg: 31569, tot. athletes: 2
-- Tot. progr. duration: 118 (sec), Heat durations: [11854] (hds)
-- Session begin time: 2015-06-06 08:30:00 +0200, Computed begin time: 2015-06-06 12:42:41 +0200
UPDATE meeting_programs SET begin_time = '2015-06-06 12:42' WHERE id = 31569;

-- Event #97, M.Prg: 31570, tot. athletes: 1
-- Tot. progr. duration: 117 (sec), Heat durations: [11713] (hds)
-- Session begin time: 2015-06-06 08:30:00 +0200, Computed begin time: 2015-06-06 12:44:39 +0200
UPDATE meeting_programs SET begin_time = '2015-06-06 12:44' WHERE id = 31570;

-- Event #98, M.Prg: 31571, tot. athletes: 2
-- Tot. progr. duration: 94 (sec), Heat durations: [9430] (hds)
-- Session begin time: 2015-06-06 08:30:00 +0200, Computed begin time: 2015-06-06 12:46:36 +0200
UPDATE meeting_programs SET begin_time = '2015-06-06 12:46' WHERE id = 31571;

-- Event #99, M.Prg: 31572, tot. athletes: 3
-- Tot. progr. duration: 97 (sec), Heat durations: [9709] (hds)
-- Session begin time: 2015-06-06 08:30:00 +0200, Computed begin time: 2015-06-06 12:48:10 +0200
UPDATE meeting_programs SET begin_time = '2015-06-06 12:48' WHERE id = 31572;

-- Event #100, M.Prg: 31573, tot. athletes: 2
-- Tot. progr. duration: 95 (sec), Heat durations: [9592] (hds)
-- Session begin time: 2015-06-06 08:30:00 +0200, Computed begin time: 2015-06-06 12:49:47 +0200
UPDATE meeting_programs SET begin_time = '2015-06-06 12:49' WHERE id = 31573;

-- Event #101, M.Prg: 31574, tot. athletes: 3
-- Tot. progr. duration: 104 (sec), Heat durations: [10437] (hds)
-- Session begin time: 2015-06-06 08:30:00 +0200, Computed begin time: 2015-06-06 12:51:22 +0200
UPDATE meeting_programs SET begin_time = '2015-06-06 12:51' WHERE id = 31574;

-- Event #102, M.Prg: 31575, tot. athletes: 3
-- Tot. progr. duration: 106 (sec), Heat durations: [10610] (hds)
-- Session begin time: 2015-06-06 08:30:00 +0200, Computed begin time: 2015-06-06 12:53:06 +0200
UPDATE meeting_programs SET begin_time = '2015-06-06 12:53' WHERE id = 31575;

-- Event #103, M.Prg: 31576, tot. athletes: 1
-- Tot. progr. duration: 99 (sec), Heat durations: [9987] (hds)
-- Session begin time: 2015-06-06 08:30:00 +0200, Computed begin time: 2015-06-06 12:54:52 +0200
UPDATE meeting_programs SET begin_time = '2015-06-06 12:54' WHERE id = 31576;

-- Event #104, M.Prg: 31577, tot. athletes: 3
-- Tot. progr. duration: 94 (sec), Heat durations: [9455] (hds)
-- Session begin time: 2015-06-06 08:30:00 +0200, Computed begin time: 2015-06-06 12:56:31 +0200
UPDATE meeting_programs SET begin_time = '2015-06-06 12:56' WHERE id = 31577;

-- Event #105, M.Prg: 31578, tot. athletes: 5
-- Tot. progr. duration: 90 (sec), Heat durations: [9068] (hds)
-- Session begin time: 2015-06-06 08:30:00 +0200, Computed begin time: 2015-06-06 12:58:05 +0200
UPDATE meeting_programs SET begin_time = '2015-06-06 12:58' WHERE id = 31578;

-- Event #106, M.Prg: 31579, tot. athletes: 3
-- Tot. progr. duration: 97 (sec), Heat durations: [9758] (hds)
-- Session begin time: 2015-06-06 08:30:00 +0200, Computed begin time: 2015-06-06 12:59:35 +0200
UPDATE meeting_programs SET begin_time = '2015-06-06 12:59' WHERE id = 31579;

-- Event #107, M.Prg: 31580, tot. athletes: 9
-- Tot. progr. duration: 180 (sec), Heat durations: [9420, 8588] (hds)
-- Session begin time: 2015-06-06 08:30:00 +0200, Computed begin time: 2015-06-06 13:01:12 +0200
UPDATE meeting_programs SET begin_time = '2015-06-06 13:01' WHERE id = 31580;

-- Event #108, M.Prg: 31581, tot. athletes: 19
-- Tot. progr. duration: 281 (sec), Heat durations: [10128, 9205, 8809] (hds)
-- Session begin time: 2015-06-06 08:30:00 +0200, Computed begin time: 2015-06-06 13:04:12 +0200
UPDATE meeting_programs SET begin_time = '2015-06-06 13:04' WHERE id = 31581;

-- Event #109, M.Prg: 31582, tot. athletes: 7
-- Tot. progr. duration: 111 (sec), Heat durations: [11149] (hds)
-- Session begin time: 2015-06-06 08:30:00 +0200, Computed begin time: 2015-06-06 13:08:53 +0200
UPDATE meeting_programs SET begin_time = '2015-06-06 13:08' WHERE id = 31582;

-- Event #110, M.Prg: 31583, tot. athletes: 12
-- Tot. progr. duration: 191 (sec), Heat durations: [9985, 9193] (hds)
-- Session begin time: 2015-06-06 08:30:00 +0200, Computed begin time: 2015-06-06 13:10:44 +0200
UPDATE meeting_programs SET begin_time = '2015-06-06 13:10' WHERE id = 31583;

-- Event #111, M.Prg: 31584, tot. athletes: 4
-- Tot. progr. duration: 100 (sec), Heat durations: [10087] (hds)
-- Session begin time: 2015-06-06 08:30:00 +0200, Computed begin time: 2015-06-06 13:13:55 +0200
UPDATE meeting_programs SET begin_time = '2015-06-06 13:13' WHERE id = 31584;

-- Event #112, M.Prg: 31585, tot. athletes: 2
-- Tot. progr. duration: 97 (sec), Heat durations: [9733] (hds)
-- Session begin time: 2015-06-06 08:30:00 +0200, Computed begin time: 2015-06-06 13:15:35 +0200
UPDATE meeting_programs SET begin_time = '2015-06-06 13:15' WHERE id = 31585;

-- Event #113, M.Prg: 31586, tot. athletes: 1
-- Tot. progr. duration: 91 (sec), Heat durations: [9145] (hds)
-- Session begin time: 2015-06-06 08:30:00 +0200, Computed begin time: 2015-06-06 13:17:12 +0200
UPDATE meeting_programs SET begin_time = '2015-06-06 13:17' WHERE id = 31586;


-- Last completed phase code: 30
