-- *** SQL Diff file for ris20141109specliguria.txt ***
-- Timestamp: 201605250638
INSERT INTO `meeting_events` (`id`, `created_at`, `updated_at`, `event_order`, `begin_time`, `is_out_of_race`, `is_autofilled`, `notes`, `meeting_session_id`, `event_type_id`, `heat_type_id`, `user_id`, `has_separate_gender_start_list`, `has_separate_category_start_list`)
  VALUES (6395, '2016-05-25 06:39:30', '2016-05-25 06:39:30', 1, '2000-01-01 08:19:00', 0, 1, NULL, 866, 7, 3, 1, 1, 0);

INSERT INTO `meeting_programs` (`id`, `event_order`, `category_type_id`, `gender_type_id`, `user_id`, `created_at`, `updated_at`, `is_autofilled`, `is_out_of_race`, `begin_time`, `meeting_event_id`, `pool_type_id`, `time_standard_id`)
  VALUES (70063, 1, 834, 2, 1, '2016-05-25 06:39:30', '2016-05-25 06:39:30', 1, 0, '2000-01-01 08:19:00', 6395, 1, 3793);

INSERT INTO `meeting_programs` (`id`, `event_order`, `category_type_id`, `gender_type_id`, `user_id`, `created_at`, `updated_at`, `is_autofilled`, `is_out_of_race`, `begin_time`, `meeting_event_id`, `pool_type_id`, `time_standard_id`)
  VALUES (70064, 2, 835, 2, 1, '2016-05-25 06:39:30', '2016-05-25 06:39:30', 1, 0, '2000-01-01 08:21:00', 6395, 1, 3811);

INSERT INTO `meeting_programs` (`id`, `event_order`, `category_type_id`, `gender_type_id`, `user_id`, `created_at`, `updated_at`, `is_autofilled`, `is_out_of_race`, `begin_time`, `meeting_event_id`, `pool_type_id`, `time_standard_id`)
  VALUES (70065, 3, 836, 2, 1, '2016-05-25 06:39:30', '2016-05-25 06:39:30', 1, 0, '2000-01-01 08:23:00', 6395, 1, 3829);

INSERT INTO `meeting_programs` (`id`, `event_order`, `category_type_id`, `gender_type_id`, `user_id`, `created_at`, `updated_at`, `is_autofilled`, `is_out_of_race`, `begin_time`, `meeting_event_id`, `pool_type_id`, `time_standard_id`)
  VALUES (70066, 4, 837, 2, 1, '2016-05-25 06:39:30', '2016-05-25 06:39:30', 1, 0, '2000-01-01 08:25:00', 6395, 1, 3847);

INSERT INTO `meeting_programs` (`id`, `event_order`, `category_type_id`, `gender_type_id`, `user_id`, `created_at`, `updated_at`, `is_autofilled`, `is_out_of_race`, `begin_time`, `meeting_event_id`, `pool_type_id`, `time_standard_id`)
  VALUES (70067, 5, 838, 2, 1, '2016-05-25 06:39:30', '2016-05-25 06:39:30', 1, 0, '2000-01-01 08:27:00', 6395, 1, 3865);

INSERT INTO `meeting_programs` (`id`, `event_order`, `category_type_id`, `gender_type_id`, `user_id`, `created_at`, `updated_at`, `is_autofilled`, `is_out_of_race`, `begin_time`, `meeting_event_id`, `pool_type_id`, `time_standard_id`)
  VALUES (70068, 6, 839, 2, 1, '2016-05-25 06:39:30', '2016-05-25 06:39:30', 1, 0, '2000-01-01 08:29:00', 6395, 1, 3883);

INSERT INTO `meeting_programs` (`id`, `event_order`, `category_type_id`, `gender_type_id`, `user_id`, `created_at`, `updated_at`, `is_autofilled`, `is_out_of_race`, `begin_time`, `meeting_event_id`, `pool_type_id`, `time_standard_id`)
  VALUES (70069, 7, 842, 2, 1, '2016-05-25 06:39:31', '2016-05-25 06:39:31', 1, 0, '2000-01-01 08:31:00', 6395, 1, 3937);

INSERT INTO `meeting_programs` (`id`, `event_order`, `category_type_id`, `gender_type_id`, `user_id`, `created_at`, `updated_at`, `is_autofilled`, `is_out_of_race`, `begin_time`, `meeting_event_id`, `pool_type_id`, `time_standard_id`)
  VALUES (70070, 8, 834, 1, 1, '2016-05-25 06:39:31', '2016-05-25 06:39:31', 1, 0, '2000-01-01 08:33:00', 6395, 1, 3269);

INSERT INTO `meeting_programs` (`id`, `event_order`, `category_type_id`, `gender_type_id`, `user_id`, `created_at`, `updated_at`, `is_autofilled`, `is_out_of_race`, `begin_time`, `meeting_event_id`, `pool_type_id`, `time_standard_id`)
  VALUES (70071, 9, 835, 1, 1, '2016-05-25 06:39:31', '2016-05-25 06:39:31', 1, 0, '2000-01-01 08:35:00', 6395, 1, 3287);

INSERT INTO `meeting_programs` (`id`, `event_order`, `category_type_id`, `gender_type_id`, `user_id`, `created_at`, `updated_at`, `is_autofilled`, `is_out_of_race`, `begin_time`, `meeting_event_id`, `pool_type_id`, `time_standard_id`)
  VALUES (70072, 10, 836, 1, 1, '2016-05-25 06:39:31', '2016-05-25 06:39:31', 1, 0, '2000-01-01 08:37:00', 6395, 1, 3305);

INSERT INTO `meeting_programs` (`id`, `event_order`, `category_type_id`, `gender_type_id`, `user_id`, `created_at`, `updated_at`, `is_autofilled`, `is_out_of_race`, `begin_time`, `meeting_event_id`, `pool_type_id`, `time_standard_id`)
  VALUES (70073, 11, 837, 1, 1, '2016-05-25 06:39:31', '2016-05-25 06:39:31', 1, 0, '2000-01-01 08:39:00', 6395, 1, 3323);

INSERT INTO `meeting_programs` (`id`, `event_order`, `category_type_id`, `gender_type_id`, `user_id`, `created_at`, `updated_at`, `is_autofilled`, `is_out_of_race`, `begin_time`, `meeting_event_id`, `pool_type_id`, `time_standard_id`)
  VALUES (70074, 12, 838, 1, 1, '2016-05-25 06:39:31', '2016-05-25 06:39:31', 1, 0, '2000-01-01 08:41:00', 6395, 1, 3341);

INSERT INTO `meeting_programs` (`id`, `event_order`, `category_type_id`, `gender_type_id`, `user_id`, `created_at`, `updated_at`, `is_autofilled`, `is_out_of_race`, `begin_time`, `meeting_event_id`, `pool_type_id`, `time_standard_id`)
  VALUES (70075, 13, 839, 1, 1, '2016-05-25 06:39:31', '2016-05-25 06:39:31', 1, 0, '2000-01-01 08:43:00', 6395, 1, 3359);

INSERT INTO `meeting_programs` (`id`, `event_order`, `category_type_id`, `gender_type_id`, `user_id`, `created_at`, `updated_at`, `is_autofilled`, `is_out_of_race`, `begin_time`, `meeting_event_id`, `pool_type_id`, `time_standard_id`)
  VALUES (70076, 14, 840, 1, 1, '2016-05-25 06:39:31', '2016-05-25 06:39:31', 1, 0, '2000-01-01 08:45:00', 6395, 1, 3377);

INSERT INTO `meeting_programs` (`id`, `event_order`, `category_type_id`, `gender_type_id`, `user_id`, `created_at`, `updated_at`, `is_autofilled`, `is_out_of_race`, `begin_time`, `meeting_event_id`, `pool_type_id`, `time_standard_id`)
  VALUES (70077, 15, 841, 1, 1, '2016-05-25 06:39:31', '2016-05-25 06:39:31', 1, 0, '2000-01-01 08:47:00', 6395, 1, 3395);

INSERT INTO `meeting_programs` (`id`, `event_order`, `category_type_id`, `gender_type_id`, `user_id`, `created_at`, `updated_at`, `is_autofilled`, `is_out_of_race`, `begin_time`, `meeting_event_id`, `pool_type_id`, `time_standard_id`)
  VALUES (70078, 16, 842, 1, 1, '2016-05-25 06:39:31', '2016-05-25 06:39:31', 1, 0, '2000-01-01 08:49:00', 6395, 1, 3413);

INSERT INTO `meeting_programs` (`id`, `event_order`, `category_type_id`, `gender_type_id`, `user_id`, `created_at`, `updated_at`, `is_autofilled`, `is_out_of_race`, `begin_time`, `meeting_event_id`, `pool_type_id`, `time_standard_id`)
  VALUES (70079, 17, 843, 1, 1, '2016-05-25 06:39:31', '2016-05-25 06:39:31', 1, 0, '2000-01-01 08:51:00', 6395, 1, 3431);

INSERT INTO `meeting_programs` (`id`, `event_order`, `category_type_id`, `gender_type_id`, `user_id`, `created_at`, `updated_at`, `is_autofilled`, `is_out_of_race`, `begin_time`, `meeting_event_id`, `pool_type_id`, `time_standard_id`)
  VALUES (70080, 18, 844, 1, 1, '2016-05-25 06:39:31', '2016-05-25 06:39:31', 1, 0, '2000-01-01 08:53:00', 6395, 1, 3449);

INSERT INTO `meeting_events` (`id`, `created_at`, `updated_at`, `event_order`, `begin_time`, `is_out_of_race`, `is_autofilled`, `notes`, `meeting_session_id`, `event_type_id`, `heat_type_id`, `user_id`, `has_separate_gender_start_list`, `has_separate_category_start_list`)
  VALUES (6396, '2016-05-25 06:39:31', '2016-05-25 06:39:31', 2, '2000-01-01 08:55:00', 0, 1, NULL, 866, 6, 3, 1, 1, 0);

INSERT INTO `meeting_programs` (`id`, `event_order`, `category_type_id`, `gender_type_id`, `user_id`, `created_at`, `updated_at`, `is_autofilled`, `is_out_of_race`, `begin_time`, `meeting_event_id`, `pool_type_id`, `time_standard_id`)
  VALUES (70081, 19, 834, 2, 1, '2016-05-25 06:39:31', '2016-05-25 06:39:31', 1, 0, '2000-01-01 08:55:00', 6396, 1, 3792);

INSERT INTO `meeting_programs` (`id`, `event_order`, `category_type_id`, `gender_type_id`, `user_id`, `created_at`, `updated_at`, `is_autofilled`, `is_out_of_race`, `begin_time`, `meeting_event_id`, `pool_type_id`, `time_standard_id`)
  VALUES (70082, 20, 835, 2, 1, '2016-05-25 06:39:31', '2016-05-25 06:39:31', 1, 0, '2000-01-01 08:57:00', 6396, 1, 3810);

INSERT INTO `meeting_programs` (`id`, `event_order`, `category_type_id`, `gender_type_id`, `user_id`, `created_at`, `updated_at`, `is_autofilled`, `is_out_of_race`, `begin_time`, `meeting_event_id`, `pool_type_id`, `time_standard_id`)
  VALUES (70083, 21, 837, 2, 1, '2016-05-25 06:39:32', '2016-05-25 06:39:32', 1, 0, '2000-01-01 08:59:00', 6396, 1, 3846);

INSERT INTO `meeting_programs` (`id`, `event_order`, `category_type_id`, `gender_type_id`, `user_id`, `created_at`, `updated_at`, `is_autofilled`, `is_out_of_race`, `begin_time`, `meeting_event_id`, `pool_type_id`, `time_standard_id`)
  VALUES (70084, 22, 838, 2, 1, '2016-05-25 06:39:32', '2016-05-25 06:39:32', 1, 0, '2000-01-01 09:01:00', 6396, 1, 3864);

INSERT INTO `meeting_programs` (`id`, `event_order`, `category_type_id`, `gender_type_id`, `user_id`, `created_at`, `updated_at`, `is_autofilled`, `is_out_of_race`, `begin_time`, `meeting_event_id`, `pool_type_id`, `time_standard_id`)
  VALUES (70085, 23, 839, 2, 1, '2016-05-25 06:39:32', '2016-05-25 06:39:32', 1, 0, '2000-01-01 09:03:00', 6396, 1, 3882);

INSERT INTO `meeting_programs` (`id`, `event_order`, `category_type_id`, `gender_type_id`, `user_id`, `created_at`, `updated_at`, `is_autofilled`, `is_out_of_race`, `begin_time`, `meeting_event_id`, `pool_type_id`, `time_standard_id`)
  VALUES (70086, 24, 840, 2, 1, '2016-05-25 06:39:32', '2016-05-25 06:39:32', 1, 0, '2000-01-01 09:05:00', 6396, 1, 3900);

INSERT INTO `meeting_programs` (`id`, `event_order`, `category_type_id`, `gender_type_id`, `user_id`, `created_at`, `updated_at`, `is_autofilled`, `is_out_of_race`, `begin_time`, `meeting_event_id`, `pool_type_id`, `time_standard_id`)
  VALUES (70087, 25, 841, 2, 1, '2016-05-25 06:39:32', '2016-05-25 06:39:32', 1, 0, '2000-01-01 09:07:00', 6396, 1, 3918);

INSERT INTO `meeting_programs` (`id`, `event_order`, `category_type_id`, `gender_type_id`, `user_id`, `created_at`, `updated_at`, `is_autofilled`, `is_out_of_race`, `begin_time`, `meeting_event_id`, `pool_type_id`, `time_standard_id`)
  VALUES (70088, 26, 842, 2, 1, '2016-05-25 06:39:32', '2016-05-25 06:39:32', 1, 0, '2000-01-01 09:09:00', 6396, 1, 3936);

INSERT INTO `meeting_programs` (`id`, `event_order`, `category_type_id`, `gender_type_id`, `user_id`, `created_at`, `updated_at`, `is_autofilled`, `is_out_of_race`, `begin_time`, `meeting_event_id`, `pool_type_id`, `time_standard_id`)
  VALUES (70089, 27, 843, 2, 1, '2016-05-25 06:39:32', '2016-05-25 06:39:32', 1, 0, '2000-01-01 09:11:00', 6396, 1, 3954);

INSERT INTO `meeting_programs` (`id`, `event_order`, `category_type_id`, `gender_type_id`, `user_id`, `created_at`, `updated_at`, `is_autofilled`, `is_out_of_race`, `begin_time`, `meeting_event_id`, `pool_type_id`, `time_standard_id`)
  VALUES (70090, 28, 833, 2, 1, '2016-05-25 06:39:32', '2016-05-25 06:39:32', 1, 0, '2000-01-01 09:13:00', 6396, 1, NULL);

INSERT INTO `meeting_programs` (`id`, `event_order`, `category_type_id`, `gender_type_id`, `user_id`, `created_at`, `updated_at`, `is_autofilled`, `is_out_of_race`, `begin_time`, `meeting_event_id`, `pool_type_id`, `time_standard_id`)
  VALUES (70091, 29, 835, 1, 1, '2016-05-25 06:39:32', '2016-05-25 06:39:32', 1, 0, '2000-01-01 09:15:00', 6396, 1, 3286);

INSERT INTO `meeting_programs` (`id`, `event_order`, `category_type_id`, `gender_type_id`, `user_id`, `created_at`, `updated_at`, `is_autofilled`, `is_out_of_race`, `begin_time`, `meeting_event_id`, `pool_type_id`, `time_standard_id`)
  VALUES (70092, 30, 836, 1, 1, '2016-05-25 06:39:32', '2016-05-25 06:39:32', 1, 0, '2000-01-01 09:17:00', 6396, 1, 3304);

INSERT INTO `meeting_programs` (`id`, `event_order`, `category_type_id`, `gender_type_id`, `user_id`, `created_at`, `updated_at`, `is_autofilled`, `is_out_of_race`, `begin_time`, `meeting_event_id`, `pool_type_id`, `time_standard_id`)
  VALUES (70093, 31, 837, 1, 1, '2016-05-25 06:39:32', '2016-05-25 06:39:32', 1, 0, '2000-01-01 09:19:00', 6396, 1, 3322);

INSERT INTO `meeting_programs` (`id`, `event_order`, `category_type_id`, `gender_type_id`, `user_id`, `created_at`, `updated_at`, `is_autofilled`, `is_out_of_race`, `begin_time`, `meeting_event_id`, `pool_type_id`, `time_standard_id`)
  VALUES (70094, 32, 838, 1, 1, '2016-05-25 06:39:32', '2016-05-25 06:39:32', 1, 0, '2000-01-01 09:21:00', 6396, 1, 3340);

INSERT INTO `meeting_programs` (`id`, `event_order`, `category_type_id`, `gender_type_id`, `user_id`, `created_at`, `updated_at`, `is_autofilled`, `is_out_of_race`, `begin_time`, `meeting_event_id`, `pool_type_id`, `time_standard_id`)
  VALUES (70095, 33, 839, 1, 1, '2016-05-25 06:39:32', '2016-05-25 06:39:32', 1, 0, '2000-01-01 09:23:00', 6396, 1, 3358);

INSERT INTO `meeting_programs` (`id`, `event_order`, `category_type_id`, `gender_type_id`, `user_id`, `created_at`, `updated_at`, `is_autofilled`, `is_out_of_race`, `begin_time`, `meeting_event_id`, `pool_type_id`, `time_standard_id`)
  VALUES (70096, 34, 840, 1, 1, '2016-05-25 06:39:32', '2016-05-25 06:39:32', 1, 0, '2000-01-01 09:25:00', 6396, 1, 3376);

INSERT INTO `meeting_programs` (`id`, `event_order`, `category_type_id`, `gender_type_id`, `user_id`, `created_at`, `updated_at`, `is_autofilled`, `is_out_of_race`, `begin_time`, `meeting_event_id`, `pool_type_id`, `time_standard_id`)
  VALUES (70097, 35, 841, 1, 1, '2016-05-25 06:39:32', '2016-05-25 06:39:32', 1, 0, '2000-01-01 09:27:00', 6396, 1, 3394);

INSERT INTO `meeting_programs` (`id`, `event_order`, `category_type_id`, `gender_type_id`, `user_id`, `created_at`, `updated_at`, `is_autofilled`, `is_out_of_race`, `begin_time`, `meeting_event_id`, `pool_type_id`, `time_standard_id`)
  VALUES (70098, 36, 842, 1, 1, '2016-05-25 06:39:33', '2016-05-25 06:39:33', 1, 0, '2000-01-01 09:29:00', 6396, 1, 3412);

INSERT INTO `meeting_programs` (`id`, `event_order`, `category_type_id`, `gender_type_id`, `user_id`, `created_at`, `updated_at`, `is_autofilled`, `is_out_of_race`, `begin_time`, `meeting_event_id`, `pool_type_id`, `time_standard_id`)
  VALUES (70099, 37, 843, 1, 1, '2016-05-25 06:39:33', '2016-05-25 06:39:33', 1, 0, '2000-01-01 09:31:00', 6396, 1, 3430);

INSERT INTO `meeting_programs` (`id`, `event_order`, `category_type_id`, `gender_type_id`, `user_id`, `created_at`, `updated_at`, `is_autofilled`, `is_out_of_race`, `begin_time`, `meeting_event_id`, `pool_type_id`, `time_standard_id`)
  VALUES (70100, 38, 844, 1, 1, '2016-05-25 06:39:33', '2016-05-25 06:39:33', 1, 0, '2000-01-01 09:33:00', 6396, 1, 3448);

INSERT INTO `badges` (`id`, `number`, `season_id`, `swimmer_id`, `team_id`, `category_type_id`, `user_id`, `created_at`, `updated_at`, `entry_time_type_id`, `team_affiliation_id`, `final_rank`)
  VALUES (54636, '?', 142, 9497, 221, 835, 1, '2016-05-25 06:39:33', '2016-05-25 06:39:33', 5, 1179, NULL);

INSERT INTO `badges` (`id`, `number`, `season_id`, `swimmer_id`, `team_id`, `category_type_id`, `user_id`, `created_at`, `updated_at`, `entry_time_type_id`, `team_affiliation_id`, `final_rank`)
  VALUES (54637, '?', 142, 16862, 349, 839, 1, '2016-05-25 06:39:33', '2016-05-25 06:39:33', 5, 1293, NULL);

INSERT INTO `badges` (`id`, `number`, `season_id`, `swimmer_id`, `team_id`, `category_type_id`, `user_id`, `created_at`, `updated_at`, `entry_time_type_id`, `team_affiliation_id`, `final_rank`)
  VALUES (54638, '?', 142, 4743, 55, 837, 1, '2016-05-25 06:39:33', '2016-05-25 06:39:33', 5, 999, NULL);

INSERT INTO `badges` (`id`, `number`, `season_id`, `swimmer_id`, `team_id`, `category_type_id`, `user_id`, `created_at`, `updated_at`, `entry_time_type_id`, `team_affiliation_id`, `final_rank`)
  VALUES (54639, '?', 142, 4759, 78, 839, 1, '2016-05-25 06:39:33', '2016-05-25 06:39:33', 5, 1224, NULL);

INSERT INTO `meeting_individual_results` (`id`, `rank`, `is_play_off`, `is_out_of_race`, `is_disqualified`, `standard_points`, `meeting_individual_points`, `minutes`, `seconds`, `hundreds`, `meeting_program_id`, `swimmer_id`, `team_id`, `badge_id`, `user_id`, `created_at`, `updated_at`, `disqualification_code_type_id`, `goggle_cup_points`, `reaction_time`, `team_points`, `team_affiliation_id`, `is_personal_best`, `is_season_type_best`)
  VALUES (418294, 1, 1, 0, 0, 865.83, 865.83, 20, 3, 40, 70063, 3676, 749, 25427, 1, '2016-05-25 06:39:33', '2016-05-25 06:39:33', NULL, 0.0, 0.0, 0.0, 1222, 0, 0);

INSERT INTO `meeting_individual_results` (`id`, `rank`, `is_play_off`, `is_out_of_race`, `is_disqualified`, `standard_points`, `meeting_individual_points`, `minutes`, `seconds`, `hundreds`, `meeting_program_id`, `swimmer_id`, `team_id`, `badge_id`, `user_id`, `created_at`, `updated_at`, `disqualification_code_type_id`, `goggle_cup_points`, `reaction_time`, `team_points`, `team_affiliation_id`, `is_personal_best`, `is_season_type_best`)
  VALUES (418295, 1, 1, 0, 0, 689.57, 689.57, 25, 20, 70, 70064, 9497, 221, 54636, 1, '2016-05-25 06:39:33', '2016-05-25 06:39:33', NULL, 0.0, 0.0, 0.0, 1179, 0, 0);

INSERT INTO `meeting_individual_results` (`id`, `rank`, `is_play_off`, `is_out_of_race`, `is_disqualified`, `standard_points`, `meeting_individual_points`, `minutes`, `seconds`, `hundreds`, `meeting_program_id`, `swimmer_id`, `team_id`, `badge_id`, `user_id`, `created_at`, `updated_at`, `disqualification_code_type_id`, `goggle_cup_points`, `reaction_time`, `team_points`, `team_affiliation_id`, `is_personal_best`, `is_season_type_best`)
  VALUES (418296, 2, 1, 0, 0, 616.52, 616.52, 28, 20, 90, 70064, 9453, 382, 26673, 1, '2016-05-25 06:39:33', '2016-05-25 06:39:33', NULL, 0.0, 0.0, 0.0, 1249, 0, 0);

INSERT INTO `meeting_individual_results` (`id`, `rank`, `is_play_off`, `is_out_of_race`, `is_disqualified`, `standard_points`, `meeting_individual_points`, `minutes`, `seconds`, `hundreds`, `meeting_program_id`, `swimmer_id`, `team_id`, `badge_id`, `user_id`, `created_at`, `updated_at`, `disqualification_code_type_id`, `goggle_cup_points`, `reaction_time`, `team_points`, `team_affiliation_id`, `is_personal_best`, `is_season_type_best`)
  VALUES (418297, 1, 1, 0, 0, 690.85, 690.85, 25, 34, 60, 70065, 9452, 221, 52421, 1, '2016-05-25 06:39:33', '2016-05-25 06:39:33', NULL, 0.0, 0.0, 0.0, 1179, 0, 0);

INSERT INTO `meeting_individual_results` (`id`, `rank`, `is_play_off`, `is_out_of_race`, `is_disqualified`, `standard_points`, `meeting_individual_points`, `minutes`, `seconds`, `hundreds`, `meeting_program_id`, `swimmer_id`, `team_id`, `badge_id`, `user_id`, `created_at`, `updated_at`, `disqualification_code_type_id`, `goggle_cup_points`, `reaction_time`, `team_points`, `team_affiliation_id`, `is_personal_best`, `is_season_type_best`)
  VALUES (418298, 2, 1, 0, 0, 606.94, 606.94, 29, 6, 80, 70065, 9556, 394, 23755, 1, '2016-05-25 06:39:33', '2016-05-25 06:39:33', NULL, 0.0, 0.0, 0.0, 1086, 0, 0);

INSERT INTO `meeting_individual_results` (`id`, `rank`, `is_play_off`, `is_out_of_race`, `is_disqualified`, `standard_points`, `meeting_individual_points`, `minutes`, `seconds`, `hundreds`, `meeting_program_id`, `swimmer_id`, `team_id`, `badge_id`, `user_id`, `created_at`, `updated_at`, `disqualification_code_type_id`, `goggle_cup_points`, `reaction_time`, `team_points`, `team_affiliation_id`, `is_personal_best`, `is_season_type_best`)
  VALUES (418299, 1, 1, 0, 0, 734.12, 734.12, 24, 19, 20, 70066, 9550, 223, 26651, 1, '2016-05-25 06:39:33', '2016-05-25 06:39:33', NULL, 0.0, 0.0, 0.0, 1269, 0, 0);

INSERT INTO `meeting_individual_results` (`id`, `rank`, `is_play_off`, `is_out_of_race`, `is_disqualified`, `standard_points`, `meeting_individual_points`, `minutes`, `seconds`, `hundreds`, `meeting_program_id`, `swimmer_id`, `team_id`, `badge_id`, `user_id`, `created_at`, `updated_at`, `disqualification_code_type_id`, `goggle_cup_points`, `reaction_time`, `team_points`, `team_affiliation_id`, `is_personal_best`, `is_season_type_best`)
  VALUES (418300, 2, 1, 0, 0, 693.44, 693.44, 25, 44, 80, 70066, 3681, 223, 26835, 1, '2016-05-25 06:39:33', '2016-05-25 06:39:33', NULL, 0.0, 0.0, 0.0, 1269, 0, 0);

INSERT INTO `meeting_individual_results` (`id`, `rank`, `is_play_off`, `is_out_of_race`, `is_disqualified`, `standard_points`, `meeting_individual_points`, `minutes`, `seconds`, `hundreds`, `meeting_program_id`, `swimmer_id`, `team_id`, `badge_id`, `user_id`, `created_at`, `updated_at`, `disqualification_code_type_id`, `goggle_cup_points`, `reaction_time`, `team_points`, `team_affiliation_id`, `is_personal_best`, `is_season_type_best`)
  VALUES (418301, 3, 1, 0, 0, 647.94, 647.94, 27, 33, 30, 70066, 3680, 54, 26674, 1, '2016-05-25 06:39:34', '2016-05-25 06:39:34', NULL, 0.0, 0.0, 0.0, 995, 0, 0);

INSERT INTO `meeting_individual_results` (`id`, `rank`, `is_play_off`, `is_out_of_race`, `is_disqualified`, `standard_points`, `meeting_individual_points`, `minutes`, `seconds`, `hundreds`, `meeting_program_id`, `swimmer_id`, `team_id`, `badge_id`, `user_id`, `created_at`, `updated_at`, `disqualification_code_type_id`, `goggle_cup_points`, `reaction_time`, `team_points`, `team_affiliation_id`, `is_personal_best`, `is_season_type_best`)
  VALUES (418302, 4, 1, 0, 0, 647.86, 647.86, 27, 33, 50, 70066, 9456, 394, 25866, 1, '2016-05-25 06:39:34', '2016-05-25 06:39:34', NULL, 0.0, 0.0, 0.0, 1086, 0, 0);

INSERT INTO `meeting_individual_results` (`id`, `rank`, `is_play_off`, `is_out_of_race`, `is_disqualified`, `standard_points`, `meeting_individual_points`, `minutes`, `seconds`, `hundreds`, `meeting_program_id`, `swimmer_id`, `team_id`, `badge_id`, `user_id`, `created_at`, `updated_at`, `disqualification_code_type_id`, `goggle_cup_points`, `reaction_time`, `team_points`, `team_affiliation_id`, `is_personal_best`, `is_season_type_best`)
  VALUES (418303, 1, 1, 0, 0, 924.55, 924.55, 20, 4, 30, 70067, 3682, 78, 25560, 1, '2016-05-25 06:39:34', '2016-05-25 06:39:34', NULL, 0.0, 0.0, 0.0, 1224, 0, 0);

INSERT INTO `meeting_individual_results` (`id`, `rank`, `is_play_off`, `is_out_of_race`, `is_disqualified`, `standard_points`, `meeting_individual_points`, `minutes`, `seconds`, `hundreds`, `meeting_program_id`, `swimmer_id`, `team_id`, `badge_id`, `user_id`, `created_at`, `updated_at`, `disqualification_code_type_id`, `goggle_cup_points`, `reaction_time`, `team_points`, `team_affiliation_id`, `is_personal_best`, `is_season_type_best`)
  VALUES (418304, 2, 1, 0, 0, 847.76, 847.76, 21, 53, 40, 70067, 5682, 329, 48479, 1, '2016-05-25 06:39:34', '2016-05-25 06:39:34', NULL, 0.0, 0.0, 0.0, 1217, 0, 0);

INSERT INTO `meeting_individual_results` (`id`, `rank`, `is_play_off`, `is_out_of_race`, `is_disqualified`, `standard_points`, `meeting_individual_points`, `minutes`, `seconds`, `hundreds`, `meeting_program_id`, `swimmer_id`, `team_id`, `badge_id`, `user_id`, `created_at`, `updated_at`, `disqualification_code_type_id`, `goggle_cup_points`, `reaction_time`, `team_points`, `team_affiliation_id`, `is_personal_best`, `is_season_type_best`)
  VALUES (418305, 3, 1, 0, 0, 767.33, 767.33, 24, 11, 10, 70067, 3679, 54, 52433, 1, '2016-05-25 06:39:34', '2016-05-25 06:39:34', NULL, 0.0, 0.0, 0.0, 995, 0, 0);

INSERT INTO `meeting_individual_results` (`id`, `rank`, `is_play_off`, `is_out_of_race`, `is_disqualified`, `standard_points`, `meeting_individual_points`, `minutes`, `seconds`, `hundreds`, `meeting_program_id`, `swimmer_id`, `team_id`, `badge_id`, `user_id`, `created_at`, `updated_at`, `disqualification_code_type_id`, `goggle_cup_points`, `reaction_time`, `team_points`, `team_affiliation_id`, `is_personal_best`, `is_season_type_best`)
  VALUES (418306, 4, 1, 0, 0, 714.59, 714.59, 25, 58, 20, 70067, 1896, 53, 54012, 1, '2016-05-25 06:39:34', '2016-05-25 06:39:34', NULL, 0.0, 0.0, 0.0, 1206, 0, 0);

INSERT INTO `meeting_individual_results` (`id`, `rank`, `is_play_off`, `is_out_of_race`, `is_disqualified`, `standard_points`, `meeting_individual_points`, `minutes`, `seconds`, `hundreds`, `meeting_program_id`, `swimmer_id`, `team_id`, `badge_id`, `user_id`, `created_at`, `updated_at`, `disqualification_code_type_id`, `goggle_cup_points`, `reaction_time`, `team_points`, `team_affiliation_id`, `is_personal_best`, `is_season_type_best`)
  VALUES (418307, 1, 1, 0, 0, 908.81, 908.81, 20, 46, 70, 70068, 1901, 78, 25902, 1, '2016-05-25 06:39:34', '2016-05-25 06:39:34', NULL, 0.0, 0.0, 0.0, 1224, 0, 0);

INSERT INTO `meeting_individual_results` (`id`, `rank`, `is_play_off`, `is_out_of_race`, `is_disqualified`, `standard_points`, `meeting_individual_points`, `minutes`, `seconds`, `hundreds`, `meeting_program_id`, `swimmer_id`, `team_id`, `badge_id`, `user_id`, `created_at`, `updated_at`, `disqualification_code_type_id`, `goggle_cup_points`, `reaction_time`, `team_points`, `team_affiliation_id`, `is_personal_best`, `is_season_type_best`)
  VALUES (418308, 2, 1, 0, 0, 899.87, 899.87, 20, 59, 10, 70068, 3686, 78, 25528, 1, '2016-05-25 06:39:34', '2016-05-25 06:39:34', NULL, 0.0, 0.0, 0.0, 1224, 0, 0);

INSERT INTO `meeting_individual_results` (`id`, `rank`, `is_play_off`, `is_out_of_race`, `is_disqualified`, `standard_points`, `meeting_individual_points`, `minutes`, `seconds`, `hundreds`, `meeting_program_id`, `swimmer_id`, `team_id`, `badge_id`, `user_id`, `created_at`, `updated_at`, `disqualification_code_type_id`, `goggle_cup_points`, `reaction_time`, `team_points`, `team_affiliation_id`, `is_personal_best`, `is_season_type_best`)
  VALUES (418309, 1, 1, 0, 0, 794.41, 794.41, 29, 9, 50, 70069, 1918, 71, 26223, 1, '2016-05-25 06:39:34', '2016-05-25 06:39:34', NULL, 0.0, 0.0, 0.0, 1009, 0, 0);

INSERT INTO `meeting_individual_results` (`id`, `rank`, `is_play_off`, `is_out_of_race`, `is_disqualified`, `standard_points`, `meeting_individual_points`, `minutes`, `seconds`, `hundreds`, `meeting_program_id`, `swimmer_id`, `team_id`, `badge_id`, `user_id`, `created_at`, `updated_at`, `disqualification_code_type_id`, `goggle_cup_points`, `reaction_time`, `team_points`, `team_affiliation_id`, `is_personal_best`, `is_season_type_best`)
  VALUES (418310, 1, 1, 0, 0, 734.43, 734.43, 22, 5, 60, 70070, 4425, 112, 54581, 1, '2016-05-25 06:39:34', '2016-05-25 06:39:34', NULL, 0.0, 0.0, 0.0, 982, 0, 0);

INSERT INTO `meeting_individual_results` (`id`, `rank`, `is_play_off`, `is_out_of_race`, `is_disqualified`, `standard_points`, `meeting_individual_points`, `minutes`, `seconds`, `hundreds`, `meeting_program_id`, `swimmer_id`, `team_id`, `badge_id`, `user_id`, `created_at`, `updated_at`, `disqualification_code_type_id`, `goggle_cup_points`, `reaction_time`, `team_points`, `team_affiliation_id`, `is_personal_best`, `is_season_type_best`)
  VALUES (418311, 1, 1, 0, 0, 866.63, 866.63, 18, 45, 20, 70071, 1241, 224, 23727, 1, '2016-05-25 06:39:34', '2016-05-25 06:39:34', NULL, 0.0, 0.0, 0.0, 1103, 0, 0);

INSERT INTO `meeting_individual_results` (`id`, `rank`, `is_play_off`, `is_out_of_race`, `is_disqualified`, `standard_points`, `meeting_individual_points`, `minutes`, `seconds`, `hundreds`, `meeting_program_id`, `swimmer_id`, `team_id`, `badge_id`, `user_id`, `created_at`, `updated_at`, `disqualification_code_type_id`, `goggle_cup_points`, `reaction_time`, `team_points`, `team_affiliation_id`, `is_personal_best`, `is_season_type_best`)
  VALUES (418312, 1, 1, 0, 0, 785.3, 785.3, 20, 36, 70, 70072, 3693, 223, 26782, 1, '2016-05-25 06:39:35', '2016-05-25 06:39:35', NULL, 0.0, 0.0, 0.0, 1269, 0, 0);

INSERT INTO `meeting_individual_results` (`id`, `rank`, `is_play_off`, `is_out_of_race`, `is_disqualified`, `standard_points`, `meeting_individual_points`, `minutes`, `seconds`, `hundreds`, `meeting_program_id`, `swimmer_id`, `team_id`, `badge_id`, `user_id`, `created_at`, `updated_at`, `disqualification_code_type_id`, `goggle_cup_points`, `reaction_time`, `team_points`, `team_affiliation_id`, `is_personal_best`, `is_season_type_best`)
  VALUES (418313, 1, 1, 0, 0, 838.41, 838.41, 19, 41, 40, 70073, 4235, 275, 22358, 1, '2016-05-25 06:39:35', '2016-05-25 06:39:35', NULL, 0.0, 0.0, 0.0, 1001, 0, 0);

INSERT INTO `meeting_individual_results` (`id`, `rank`, `is_play_off`, `is_out_of_race`, `is_disqualified`, `standard_points`, `meeting_individual_points`, `minutes`, `seconds`, `hundreds`, `meeting_program_id`, `swimmer_id`, `team_id`, `badge_id`, `user_id`, `created_at`, `updated_at`, `disqualification_code_type_id`, `goggle_cup_points`, `reaction_time`, `team_points`, `team_affiliation_id`, `is_personal_best`, `is_season_type_best`)
  VALUES (418314, 2, 1, 0, 0, 808.24, 808.24, 20, 25, 50, 70073, 3696, 78, 50748, 1, '2016-05-25 06:39:35', '2016-05-25 06:39:35', NULL, 0.0, 0.0, 0.0, 1224, 0, 0);

INSERT INTO `meeting_individual_results` (`id`, `rank`, `is_play_off`, `is_out_of_race`, `is_disqualified`, `standard_points`, `meeting_individual_points`, `minutes`, `seconds`, `hundreds`, `meeting_program_id`, `swimmer_id`, `team_id`, `badge_id`, `user_id`, `created_at`, `updated_at`, `disqualification_code_type_id`, `goggle_cup_points`, `reaction_time`, `team_points`, `team_affiliation_id`, `is_personal_best`, `is_season_type_best`)
  VALUES (418315, 3, 1, 0, 0, 805.35, 805.35, 20, 29, 90, 70073, 3697, 223, 26660, 1, '2016-05-25 06:39:35', '2016-05-25 06:39:35', NULL, 0.0, 0.0, 0.0, 1269, 0, 0);

INSERT INTO `meeting_individual_results` (`id`, `rank`, `is_play_off`, `is_out_of_race`, `is_disqualified`, `standard_points`, `meeting_individual_points`, `minutes`, `seconds`, `hundreds`, `meeting_program_id`, `swimmer_id`, `team_id`, `badge_id`, `user_id`, `created_at`, `updated_at`, `disqualification_code_type_id`, `goggle_cup_points`, `reaction_time`, `team_points`, `team_affiliation_id`, `is_personal_best`, `is_season_type_best`)
  VALUES (418316, 4, 1, 0, 0, 788.18, 788.18, 20, 56, 70, 70073, 4707, 54, 26670, 1, '2016-05-25 06:39:35', '2016-05-25 06:39:35', NULL, 0.0, 0.0, 0.0, 995, 0, 0);

INSERT INTO `meeting_individual_results` (`id`, `rank`, `is_play_off`, `is_out_of_race`, `is_disqualified`, `standard_points`, `meeting_individual_points`, `minutes`, `seconds`, `hundreds`, `meeting_program_id`, `swimmer_id`, `team_id`, `badge_id`, `user_id`, `created_at`, `updated_at`, `disqualification_code_type_id`, `goggle_cup_points`, `reaction_time`, `team_points`, `team_affiliation_id`, `is_personal_best`, `is_season_type_best`)
  VALUES (418317, 1, 1, 0, 0, 890.91, 890.91, 18, 53, 30, 70074, 3732, 54, 26749, 1, '2016-05-25 06:39:35', '2016-05-25 06:39:35', NULL, 0.0, 0.0, 0.0, 995, 0, 0);

INSERT INTO `meeting_individual_results` (`id`, `rank`, `is_play_off`, `is_out_of_race`, `is_disqualified`, `standard_points`, `meeting_individual_points`, `minutes`, `seconds`, `hundreds`, `meeting_program_id`, `swimmer_id`, `team_id`, `badge_id`, `user_id`, `created_at`, `updated_at`, `disqualification_code_type_id`, `goggle_cup_points`, `reaction_time`, `team_points`, `team_affiliation_id`, `is_personal_best`, `is_season_type_best`)
  VALUES (418318, 2, 1, 0, 0, 847.76, 847.76, 19, 51, 0, 70074, 1988, 78, 50709, 1, '2016-05-25 06:39:35', '2016-05-25 06:39:35', NULL, 0.0, 0.0, 0.0, 1224, 0, 0);

INSERT INTO `meeting_individual_results` (`id`, `rank`, `is_play_off`, `is_out_of_race`, `is_disqualified`, `standard_points`, `meeting_individual_points`, `minutes`, `seconds`, `hundreds`, `meeting_program_id`, `swimmer_id`, `team_id`, `badge_id`, `user_id`, `created_at`, `updated_at`, `disqualification_code_type_id`, `goggle_cup_points`, `reaction_time`, `team_points`, `team_affiliation_id`, `is_personal_best`, `is_season_type_best`)
  VALUES (418319, 3, 1, 0, 0, 672.74, 672.74, 25, 0, 90, 70074, 3734, 130, 26794, 1, '2016-05-25 06:39:35', '2016-05-25 06:39:35', NULL, 0.0, 0.0, 0.0, 1055, 0, 0);

INSERT INTO `meeting_individual_results` (`id`, `rank`, `is_play_off`, `is_out_of_race`, `is_disqualified`, `standard_points`, `meeting_individual_points`, `minutes`, `seconds`, `hundreds`, `meeting_program_id`, `swimmer_id`, `team_id`, `badge_id`, `user_id`, `created_at`, `updated_at`, `disqualification_code_type_id`, `goggle_cup_points`, `reaction_time`, `team_points`, `team_affiliation_id`, `is_personal_best`, `is_season_type_best`)
  VALUES (418320, 4, 1, 0, 0, 622.98, 622.98, 27, 0, 80, 70074, 9450, 223, 52476, 1, '2016-05-25 06:39:35', '2016-05-25 06:39:35', NULL, 0.0, 0.0, 0.0, 1269, 0, 0);

INSERT INTO `meeting_individual_results` (`id`, `rank`, `is_play_off`, `is_out_of_race`, `is_disqualified`, `standard_points`, `meeting_individual_points`, `minutes`, `seconds`, `hundreds`, `meeting_program_id`, `swimmer_id`, `team_id`, `badge_id`, `user_id`, `created_at`, `updated_at`, `disqualification_code_type_id`, `goggle_cup_points`, `reaction_time`, `team_points`, `team_affiliation_id`, `is_personal_best`, `is_season_type_best`)
  VALUES (418321, 1, 1, 0, 0, 886.99, 886.99, 19, 29, 70, 70075, 5690, 329, 26503, 1, '2016-05-25 06:39:35', '2016-05-25 06:39:35', NULL, 0.0, 0.0, 0.0, 1217, 0, 0);

INSERT INTO `meeting_individual_results` (`id`, `rank`, `is_play_off`, `is_out_of_race`, `is_disqualified`, `standard_points`, `meeting_individual_points`, `minutes`, `seconds`, `hundreds`, `meeting_program_id`, `swimmer_id`, `team_id`, `badge_id`, `user_id`, `created_at`, `updated_at`, `disqualification_code_type_id`, `goggle_cup_points`, `reaction_time`, `team_points`, `team_affiliation_id`, `is_personal_best`, `is_season_type_best`)
  VALUES (418322, 2, 1, 0, 0, 831.35, 831.35, 20, 48, 0, 70075, 3706, 78, 26799, 1, '2016-05-25 06:39:35', '2016-05-25 06:39:35', NULL, 0.0, 0.0, 0.0, 1224, 0, 0);

INSERT INTO `meeting_individual_results` (`id`, `rank`, `is_play_off`, `is_out_of_race`, `is_disqualified`, `standard_points`, `meeting_individual_points`, `minutes`, `seconds`, `hundreds`, `meeting_program_id`, `swimmer_id`, `team_id`, `badge_id`, `user_id`, `created_at`, `updated_at`, `disqualification_code_type_id`, `goggle_cup_points`, `reaction_time`, `team_points`, `team_affiliation_id`, `is_personal_best`, `is_season_type_best`)
  VALUES (418323, 3, 1, 0, 0, 824.61, 824.61, 20, 58, 20, 70075, 4772, 223, 26757, 1, '2016-05-25 06:39:36', '2016-05-25 06:39:36', NULL, 0.0, 0.0, 0.0, 1269, 0, 0);

INSERT INTO `meeting_individual_results` (`id`, `rank`, `is_play_off`, `is_out_of_race`, `is_disqualified`, `standard_points`, `meeting_individual_points`, `minutes`, `seconds`, `hundreds`, `meeting_program_id`, `swimmer_id`, `team_id`, `badge_id`, `user_id`, `created_at`, `updated_at`, `disqualification_code_type_id`, `goggle_cup_points`, `reaction_time`, `team_points`, `team_affiliation_id`, `is_personal_best`, `is_season_type_best`)
  VALUES (418324, 4, 1, 0, 0, 807.29, 807.29, 21, 25, 20, 70075, 3707, 222, 26800, 1, '2016-05-25 06:39:36', '2016-05-25 06:39:36', NULL, 0.0, 0.0, 0.0, 1268, 0, 0);

INSERT INTO `meeting_individual_results` (`id`, `rank`, `is_play_off`, `is_out_of_race`, `is_disqualified`, `standard_points`, `meeting_individual_points`, `minutes`, `seconds`, `hundreds`, `meeting_program_id`, `swimmer_id`, `team_id`, `badge_id`, `user_id`, `created_at`, `updated_at`, `disqualification_code_type_id`, `goggle_cup_points`, `reaction_time`, `team_points`, `team_affiliation_id`, `is_personal_best`, `is_season_type_best`)
  VALUES (418325, 5, 1, 0, 0, 745.04, 745.04, 23, 12, 60, 70075, 2007, 54, 32086, 1, '2016-05-25 06:39:36', '2016-05-25 06:39:36', NULL, 0.0, 0.0, 0.0, 995, 0, 0);

INSERT INTO `meeting_individual_results` (`id`, `rank`, `is_play_off`, `is_out_of_race`, `is_disqualified`, `standard_points`, `meeting_individual_points`, `minutes`, `seconds`, `hundreds`, `meeting_program_id`, `swimmer_id`, `team_id`, `badge_id`, `user_id`, `created_at`, `updated_at`, `disqualification_code_type_id`, `goggle_cup_points`, `reaction_time`, `team_points`, `team_affiliation_id`, `is_personal_best`, `is_season_type_best`)
  VALUES (418326, 6, 1, 0, 0, 736.84, 736.84, 23, 28, 10, 70075, 3704, 223, 31318, 1, '2016-05-25 06:39:36', '2016-05-25 06:39:36', NULL, 0.0, 0.0, 0.0, 1269, 0, 0);

INSERT INTO `meeting_individual_results` (`id`, `rank`, `is_play_off`, `is_out_of_race`, `is_disqualified`, `standard_points`, `meeting_individual_points`, `minutes`, `seconds`, `hundreds`, `meeting_program_id`, `swimmer_id`, `team_id`, `badge_id`, `user_id`, `created_at`, `updated_at`, `disqualification_code_type_id`, `goggle_cup_points`, `reaction_time`, `team_points`, `team_affiliation_id`, `is_personal_best`, `is_season_type_best`)
  VALUES (418327, 7, 1, 0, 0, 709.92, 709.92, 24, 21, 50, 70075, 3712, 223, 48774, 1, '2016-05-25 06:39:36', '2016-05-25 06:39:36', NULL, 0.0, 0.0, 0.0, 1269, 0, 0);

INSERT INTO `meeting_individual_results` (`id`, `rank`, `is_play_off`, `is_out_of_race`, `is_disqualified`, `standard_points`, `meeting_individual_points`, `minutes`, `seconds`, `hundreds`, `meeting_program_id`, `swimmer_id`, `team_id`, `badge_id`, `user_id`, `created_at`, `updated_at`, `disqualification_code_type_id`, `goggle_cup_points`, `reaction_time`, `team_points`, `team_affiliation_id`, `is_personal_best`, `is_season_type_best`)
  VALUES (418328, 8, 1, 0, 0, 690.09, 690.09, 25, 3, 50, 70075, 9562, 498, 26849, 1, '2016-05-25 06:39:36', '2016-05-25 06:39:36', NULL, 0.0, 0.0, 0.0, 1205, 0, 0);

INSERT INTO `meeting_individual_results` (`id`, `rank`, `is_play_off`, `is_out_of_race`, `is_disqualified`, `standard_points`, `meeting_individual_points`, `minutes`, `seconds`, `hundreds`, `meeting_program_id`, `swimmer_id`, `team_id`, `badge_id`, `user_id`, `created_at`, `updated_at`, `disqualification_code_type_id`, `goggle_cup_points`, `reaction_time`, `team_points`, `team_affiliation_id`, `is_personal_best`, `is_season_type_best`)
  VALUES (418329, 9, 1, 0, 0, 687.67, 687.67, 25, 8, 80, 70075, 16862, 349, 54637, 1, '2016-05-25 06:39:36', '2016-05-25 06:39:36', NULL, 0.0, 0.0, 0.0, 1293, 0, 0);

INSERT INTO `meeting_individual_results` (`id`, `rank`, `is_play_off`, `is_out_of_race`, `is_disqualified`, `standard_points`, `meeting_individual_points`, `minutes`, `seconds`, `hundreds`, `meeting_program_id`, `swimmer_id`, `team_id`, `badge_id`, `user_id`, `created_at`, `updated_at`, `disqualification_code_type_id`, `goggle_cup_points`, `reaction_time`, `team_points`, `team_affiliation_id`, `is_personal_best`, `is_season_type_best`)
  VALUES (418330, 10, 1, 0, 0, 651.69, 651.69, 26, 32, 10, 70075, 4745, 221, 26758, 1, '2016-05-25 06:39:36', '2016-05-25 06:39:36', NULL, 0.0, 0.0, 0.0, 1179, 0, 0);

INSERT INTO `meeting_individual_results` (`id`, `rank`, `is_play_off`, `is_out_of_race`, `is_disqualified`, `standard_points`, `meeting_individual_points`, `minutes`, `seconds`, `hundreds`, `meeting_program_id`, `swimmer_id`, `team_id`, `badge_id`, `user_id`, `created_at`, `updated_at`, `disqualification_code_type_id`, `goggle_cup_points`, `reaction_time`, `team_points`, `team_affiliation_id`, `is_personal_best`, `is_season_type_best`)
  VALUES (418331, 1, 1, 0, 0, 916.85, 916.85, 19, 42, 20, 70076, 2015, 78, 26702, 1, '2016-05-25 06:39:36', '2016-05-25 06:39:36', NULL, 0.0, 0.0, 0.0, 1224, 0, 0);

INSERT INTO `meeting_individual_results` (`id`, `rank`, `is_play_off`, `is_out_of_race`, `is_disqualified`, `standard_points`, `meeting_individual_points`, `minutes`, `seconds`, `hundreds`, `meeting_program_id`, `swimmer_id`, `team_id`, `badge_id`, `user_id`, `created_at`, `updated_at`, `disqualification_code_type_id`, `goggle_cup_points`, `reaction_time`, `team_points`, `team_affiliation_id`, `is_personal_best`, `is_season_type_best`)
  VALUES (418332, 2, 1, 0, 0, 838.23, 838.23, 21, 33, 10, 70076, 2260, 79, 22639, 1, '2016-05-25 06:39:36', '2016-05-25 06:39:36', NULL, 0.0, 0.0, 0.0, 1017, 0, 0);

INSERT INTO `meeting_individual_results` (`id`, `rank`, `is_play_off`, `is_out_of_race`, `is_disqualified`, `standard_points`, `meeting_individual_points`, `minutes`, `seconds`, `hundreds`, `meeting_program_id`, `swimmer_id`, `team_id`, `badge_id`, `user_id`, `created_at`, `updated_at`, `disqualification_code_type_id`, `goggle_cup_points`, `reaction_time`, `team_points`, `team_affiliation_id`, `is_personal_best`, `is_season_type_best`)
  VALUES (418333, 3, 1, 0, 0, 664.14, 664.14, 27, 12, 10, 70076, 4750, 225, 26761, 1, '2016-05-25 06:39:36', '2016-05-25 06:39:36', NULL, 0.0, 0.0, 0.0, 1272, 0, 0);

INSERT INTO `meeting_individual_results` (`id`, `rank`, `is_play_off`, `is_out_of_race`, `is_disqualified`, `standard_points`, `meeting_individual_points`, `minutes`, `seconds`, `hundreds`, `meeting_program_id`, `swimmer_id`, `team_id`, `badge_id`, `user_id`, `created_at`, `updated_at`, `disqualification_code_type_id`, `goggle_cup_points`, `reaction_time`, `team_points`, `team_affiliation_id`, `is_personal_best`, `is_season_type_best`)
  VALUES (418334, 4, 1, 0, 0, 645.21, 645.21, 28, 0, 0, 70076, 3713, 219, 48486, 1, '2016-05-25 06:39:36', '2016-05-25 06:39:36', NULL, 0.0, 0.0, 0.0, 1226, 0, 0);

INSERT INTO `meeting_individual_results` (`id`, `rank`, `is_play_off`, `is_out_of_race`, `is_disqualified`, `standard_points`, `meeting_individual_points`, `minutes`, `seconds`, `hundreds`, `meeting_program_id`, `swimmer_id`, `team_id`, `badge_id`, `user_id`, `created_at`, `updated_at`, `disqualification_code_type_id`, `goggle_cup_points`, `reaction_time`, `team_points`, `team_affiliation_id`, `is_personal_best`, `is_season_type_best`)
  VALUES (418335, 5, 1, 0, 0, 620.64, 620.64, 29, 6, 50, 70076, 3740, 223, 26762, 1, '2016-05-25 06:39:37', '2016-05-25 06:39:37', NULL, 0.0, 0.0, 0.0, 1269, 0, 0);

INSERT INTO `meeting_individual_results` (`id`, `rank`, `is_play_off`, `is_out_of_race`, `is_disqualified`, `standard_points`, `meeting_individual_points`, `minutes`, `seconds`, `hundreds`, `meeting_program_id`, `swimmer_id`, `team_id`, `badge_id`, `user_id`, `created_at`, `updated_at`, `disqualification_code_type_id`, `goggle_cup_points`, `reaction_time`, `team_points`, `team_affiliation_id`, `is_personal_best`, `is_season_type_best`)
  VALUES (418336, 1, 1, 0, 0, 786.58, 786.58, 24, 2, 90, 70077, 3716, 223, 26852, 1, '2016-05-25 06:39:37', '2016-05-25 06:39:37', NULL, 0.0, 0.0, 0.0, 1269, 0, 0);

INSERT INTO `meeting_individual_results` (`id`, `rank`, `is_play_off`, `is_out_of_race`, `is_disqualified`, `standard_points`, `meeting_individual_points`, `minutes`, `seconds`, `hundreds`, `meeting_program_id`, `swimmer_id`, `team_id`, `badge_id`, `user_id`, `created_at`, `updated_at`, `disqualification_code_type_id`, `goggle_cup_points`, `reaction_time`, `team_points`, `team_affiliation_id`, `is_personal_best`, `is_season_type_best`)
  VALUES (418337, 2, 1, 0, 0, 737.95, 737.95, 25, 38, 0, 70077, 17734, 219, 48545, 1, '2016-05-25 06:39:37', '2016-05-25 06:39:37', NULL, 0.0, 0.0, 0.0, 1226, 0, 0);

INSERT INTO `meeting_individual_results` (`id`, `rank`, `is_play_off`, `is_out_of_race`, `is_disqualified`, `standard_points`, `meeting_individual_points`, `minutes`, `seconds`, `hundreds`, `meeting_program_id`, `swimmer_id`, `team_id`, `badge_id`, `user_id`, `created_at`, `updated_at`, `disqualification_code_type_id`, `goggle_cup_points`, `reaction_time`, `team_points`, `team_affiliation_id`, `is_personal_best`, `is_season_type_best`)
  VALUES (418338, 3, 1, 0, 0, 703.68, 703.68, 26, 52, 90, 70077, 2020, 54, 27305, 1, '2016-05-25 06:39:37', '2016-05-25 06:39:37', NULL, 0.0, 0.0, 0.0, 995, 0, 0);

INSERT INTO `meeting_individual_results` (`id`, `rank`, `is_play_off`, `is_out_of_race`, `is_disqualified`, `standard_points`, `meeting_individual_points`, `minutes`, `seconds`, `hundreds`, `meeting_program_id`, `swimmer_id`, `team_id`, `badge_id`, `user_id`, `created_at`, `updated_at`, `disqualification_code_type_id`, `goggle_cup_points`, `reaction_time`, `team_points`, `team_affiliation_id`, `is_personal_best`, `is_season_type_best`)
  VALUES (418339, 4, 1, 0, 0, 626.61, 626.61, 30, 11, 30, 70077, 2205, 112, 22415, 1, '2016-05-25 06:39:37', '2016-05-25 06:39:37', NULL, 0.0, 0.0, 0.0, 982, 0, 0);

INSERT INTO `meeting_individual_results` (`id`, `rank`, `is_play_off`, `is_out_of_race`, `is_disqualified`, `standard_points`, `meeting_individual_points`, `minutes`, `seconds`, `hundreds`, `meeting_program_id`, `swimmer_id`, `team_id`, `badge_id`, `user_id`, `created_at`, `updated_at`, `disqualification_code_type_id`, `goggle_cup_points`, `reaction_time`, `team_points`, `team_affiliation_id`, `is_personal_best`, `is_season_type_best`)
  VALUES (418340, 1, 1, 0, 0, 771.56, 771.56, 26, 3, 50, 70078, 3717, 223, 50721, 1, '2016-05-25 06:39:37', '2016-05-25 06:39:37', NULL, 0.0, 0.0, 0.0, 1269, 0, 0);

INSERT INTO `meeting_individual_results` (`id`, `rank`, `is_play_off`, `is_out_of_race`, `is_disqualified`, `standard_points`, `meeting_individual_points`, `minutes`, `seconds`, `hundreds`, `meeting_program_id`, `swimmer_id`, `team_id`, `badge_id`, `user_id`, `created_at`, `updated_at`, `disqualification_code_type_id`, `goggle_cup_points`, `reaction_time`, `team_points`, `team_affiliation_id`, `is_personal_best`, `is_season_type_best`)
  VALUES (418341, 2, 1, 0, 0, 767.54, 767.54, 26, 11, 70, 70078, 3741, 225, 31365, 1, '2016-05-25 06:39:37', '2016-05-25 06:39:37', NULL, 0.0, 0.0, 0.0, 1272, 0, 0);

INSERT INTO `meeting_individual_results` (`id`, `rank`, `is_play_off`, `is_out_of_race`, `is_disqualified`, `standard_points`, `meeting_individual_points`, `minutes`, `seconds`, `hundreds`, `meeting_program_id`, `swimmer_id`, `team_id`, `badge_id`, `user_id`, `created_at`, `updated_at`, `disqualification_code_type_id`, `goggle_cup_points`, `reaction_time`, `team_points`, `team_affiliation_id`, `is_personal_best`, `is_season_type_best`)
  VALUES (418342, 3, 1, 0, 0, 549.28, 549.28, 36, 36, 30, 70078, 3719, 62, 27234, 1, '2016-05-25 06:39:37', '2016-05-25 06:39:37', NULL, 0.0, 0.0, 0.0, 1037, 0, 0);

INSERT INTO `meeting_individual_results` (`id`, `rank`, `is_play_off`, `is_out_of_race`, `is_disqualified`, `standard_points`, `meeting_individual_points`, `minutes`, `seconds`, `hundreds`, `meeting_program_id`, `swimmer_id`, `team_id`, `badge_id`, `user_id`, `created_at`, `updated_at`, `disqualification_code_type_id`, `goggle_cup_points`, `reaction_time`, `team_points`, `team_affiliation_id`, `is_personal_best`, `is_season_type_best`)
  VALUES (418343, 1, 1, 0, 0, 965.22, 965.22, 22, 38, 30, 70079, 3720, 223, 26811, 1, '2016-05-25 06:39:37', '2016-05-25 06:39:37', NULL, 0.0, 0.0, 0.0, 1269, 0, 0);

INSERT INTO `meeting_individual_results` (`id`, `rank`, `is_play_off`, `is_out_of_race`, `is_disqualified`, `standard_points`, `meeting_individual_points`, `minutes`, `seconds`, `hundreds`, `meeting_program_id`, `swimmer_id`, `team_id`, `badge_id`, `user_id`, `created_at`, `updated_at`, `disqualification_code_type_id`, `goggle_cup_points`, `reaction_time`, `team_points`, `team_affiliation_id`, `is_personal_best`, `is_season_type_best`)
  VALUES (418344, 2, 1, 0, 0, 842.43, 842.43, 25, 56, 30, 70079, 4751, 279, 48832, 1, '2016-05-25 06:39:37', '2016-05-25 06:39:37', NULL, 0.0, 0.0, 0.0, 957, 0, 0);

INSERT INTO `meeting_individual_results` (`id`, `rank`, `is_play_off`, `is_out_of_race`, `is_disqualified`, `standard_points`, `meeting_individual_points`, `minutes`, `seconds`, `hundreds`, `meeting_program_id`, `swimmer_id`, `team_id`, `badge_id`, `user_id`, `created_at`, `updated_at`, `disqualification_code_type_id`, `goggle_cup_points`, `reaction_time`, `team_points`, `team_affiliation_id`, `is_personal_best`, `is_season_type_best`)
  VALUES (418345, 1, 1, 0, 0, 831.47, 831.47, 28, 26, 20, 70080, 3721, 225, 26767, 1, '2016-05-25 06:39:37', '2016-05-25 06:39:37', NULL, 0.0, 0.0, 0.0, 1272, 0, 0);

INSERT INTO `meeting_individual_results` (`id`, `rank`, `is_play_off`, `is_out_of_race`, `is_disqualified`, `standard_points`, `meeting_individual_points`, `minutes`, `seconds`, `hundreds`, `meeting_program_id`, `swimmer_id`, `team_id`, `badge_id`, `user_id`, `created_at`, `updated_at`, `disqualification_code_type_id`, `goggle_cup_points`, `reaction_time`, `team_points`, `team_affiliation_id`, `is_personal_best`, `is_season_type_best`)
  VALUES (418346, 2, 1, 0, 0, 754.73, 754.73, 31, 19, 70, 70080, 15910, 223, 50699, 1, '2016-05-25 06:39:37', '2016-05-25 06:39:37', NULL, 0.0, 0.0, 0.0, 1269, 0, 0);

INSERT INTO `meeting_individual_results` (`id`, `rank`, `is_play_off`, `is_out_of_race`, `is_disqualified`, `standard_points`, `meeting_individual_points`, `minutes`, `seconds`, `hundreds`, `meeting_program_id`, `swimmer_id`, `team_id`, `badge_id`, `user_id`, `created_at`, `updated_at`, `disqualification_code_type_id`, `goggle_cup_points`, `reaction_time`, `team_points`, `team_affiliation_id`, `is_personal_best`, `is_season_type_best`)
  VALUES (418347, 1, 1, 0, 0, 955.04, 955.04, 9, 32, 30, 70081, 12727, 222, 26824, 1, '2016-05-25 06:39:38', '2016-05-25 06:39:38', NULL, 0.0, 0.0, 0.0, 1268, 0, 0);

INSERT INTO `meeting_individual_results` (`id`, `rank`, `is_play_off`, `is_out_of_race`, `is_disqualified`, `standard_points`, `meeting_individual_points`, `minutes`, `seconds`, `hundreds`, `meeting_program_id`, `swimmer_id`, `team_id`, `badge_id`, `user_id`, `created_at`, `updated_at`, `disqualification_code_type_id`, `goggle_cup_points`, `reaction_time`, `team_points`, `team_affiliation_id`, `is_personal_best`, `is_season_type_best`)
  VALUES (418348, 2, 1, 0, 0, 861.72, 861.72, 10, 34, 30, 70081, 3723, 221, 31306, 1, '2016-05-25 06:39:38', '2016-05-25 06:39:38', NULL, 0.0, 0.0, 0.0, 1179, 0, 0);

INSERT INTO `meeting_individual_results` (`id`, `rank`, `is_play_off`, `is_out_of_race`, `is_disqualified`, `standard_points`, `meeting_individual_points`, `minutes`, `seconds`, `hundreds`, `meeting_program_id`, `swimmer_id`, `team_id`, `badge_id`, `user_id`, `created_at`, `updated_at`, `disqualification_code_type_id`, `goggle_cup_points`, `reaction_time`, `team_points`, `team_affiliation_id`, `is_personal_best`, `is_season_type_best`)
  VALUES (418349, 3, 1, 0, 0, 841.95, 841.95, 10, 49, 20, 70081, 3676, 749, 25427, 1, '2016-05-25 06:39:38', '2016-05-25 06:39:38', NULL, 0.0, 0.0, 0.0, 1222, 0, 0);

INSERT INTO `meeting_individual_results` (`id`, `rank`, `is_play_off`, `is_out_of_race`, `is_disqualified`, `standard_points`, `meeting_individual_points`, `minutes`, `seconds`, `hundreds`, `meeting_program_id`, `swimmer_id`, `team_id`, `badge_id`, `user_id`, `created_at`, `updated_at`, `disqualification_code_type_id`, `goggle_cup_points`, `reaction_time`, `team_points`, `team_affiliation_id`, `is_personal_best`, `is_season_type_best`)
  VALUES (418350, 4, 1, 0, 0, 802.17, 802.17, 11, 21, 40, 70081, 21862, 223, 50729, 1, '2016-05-25 06:39:38', '2016-05-25 06:39:38', NULL, 0.0, 0.0, 0.0, 1269, 0, 0);

INSERT INTO `meeting_individual_results` (`id`, `rank`, `is_play_off`, `is_out_of_race`, `is_disqualified`, `standard_points`, `meeting_individual_points`, `minutes`, `seconds`, `hundreds`, `meeting_program_id`, `swimmer_id`, `team_id`, `badge_id`, `user_id`, `created_at`, `updated_at`, `disqualification_code_type_id`, `goggle_cup_points`, `reaction_time`, `team_points`, `team_affiliation_id`, `is_personal_best`, `is_season_type_best`)
  VALUES (418351, 1, 1, 0, 0, 797.52, 797.52, 11, 25, 40, 70082, 26104, 279, 50690, 1, '2016-05-25 06:39:38', '2016-05-25 06:39:38', NULL, 0.0, 0.0, 0.0, 957, 0, 0);

INSERT INTO `meeting_individual_results` (`id`, `rank`, `is_play_off`, `is_out_of_race`, `is_disqualified`, `standard_points`, `meeting_individual_points`, `minutes`, `seconds`, `hundreds`, `meeting_program_id`, `swimmer_id`, `team_id`, `badge_id`, `user_id`, `created_at`, `updated_at`, `disqualification_code_type_id`, `goggle_cup_points`, `reaction_time`, `team_points`, `team_affiliation_id`, `is_personal_best`, `is_season_type_best`)
  VALUES (418352, 2, 1, 0, 0, 704.61, 704.61, 12, 55, 80, 70082, 9497, 221, 54636, 1, '2016-05-25 06:39:38', '2016-05-25 06:39:38', NULL, 0.0, 0.0, 0.0, 1179, 0, 0);

INSERT INTO `meeting_individual_results` (`id`, `rank`, `is_play_off`, `is_out_of_race`, `is_disqualified`, `standard_points`, `meeting_individual_points`, `minutes`, `seconds`, `hundreds`, `meeting_program_id`, `swimmer_id`, `team_id`, `badge_id`, `user_id`, `created_at`, `updated_at`, `disqualification_code_type_id`, `goggle_cup_points`, `reaction_time`, `team_points`, `team_affiliation_id`, `is_personal_best`, `is_season_type_best`)
  VALUES (418353, 3, 1, 0, 0, 648.84, 648.84, 14, 2, 50, 70082, 3724, 55, 26910, 1, '2016-05-25 06:39:38', '2016-05-25 06:39:38', NULL, 0.0, 0.0, 0.0, 999, 0, 0);

INSERT INTO `meeting_individual_results` (`id`, `rank`, `is_play_off`, `is_out_of_race`, `is_disqualified`, `standard_points`, `meeting_individual_points`, `minutes`, `seconds`, `hundreds`, `meeting_program_id`, `swimmer_id`, `team_id`, `badge_id`, `user_id`, `created_at`, `updated_at`, `disqualification_code_type_id`, `goggle_cup_points`, `reaction_time`, `team_points`, `team_affiliation_id`, `is_personal_best`, `is_season_type_best`)
  VALUES (418354, 4, 1, 0, 0, 613.12, 613.12, 14, 51, 60, 70082, 9453, 382, 26673, 1, '2016-05-25 06:39:38', '2016-05-25 06:39:38', NULL, 0.0, 0.0, 0.0, 1249, 0, 0);

INSERT INTO `meeting_individual_results` (`id`, `rank`, `is_play_off`, `is_out_of_race`, `is_disqualified`, `standard_points`, `meeting_individual_points`, `minutes`, `seconds`, `hundreds`, `meeting_program_id`, `swimmer_id`, `team_id`, `badge_id`, `user_id`, `created_at`, `updated_at`, `disqualification_code_type_id`, `goggle_cup_points`, `reaction_time`, `team_points`, `team_affiliation_id`, `is_personal_best`, `is_season_type_best`)
  VALUES (418355, 1, 1, 0, 0, 884.52, 884.52, 10, 36, 0, 70083, 6402, 54, 48431, 1, '2016-05-25 06:39:38', '2016-05-25 06:39:38', NULL, 0.0, 0.0, 0.0, 995, 0, 0);

INSERT INTO `meeting_individual_results` (`id`, `rank`, `is_play_off`, `is_out_of_race`, `is_disqualified`, `standard_points`, `meeting_individual_points`, `minutes`, `seconds`, `hundreds`, `meeting_program_id`, `swimmer_id`, `team_id`, `badge_id`, `user_id`, `created_at`, `updated_at`, `disqualification_code_type_id`, `goggle_cup_points`, `reaction_time`, `team_points`, `team_affiliation_id`, `is_personal_best`, `is_season_type_best`)
  VALUES (418356, 2, 1, 0, 0, 748.61, 748.61, 12, 31, 50, 70083, 9550, 223, 26651, 1, '2016-05-25 06:39:38', '2016-05-25 06:39:38', NULL, 0.0, 0.0, 0.0, 1269, 0, 0);

INSERT INTO `meeting_individual_results` (`id`, `rank`, `is_play_off`, `is_out_of_race`, `is_disqualified`, `standard_points`, `meeting_individual_points`, `minutes`, `seconds`, `hundreds`, `meeting_program_id`, `swimmer_id`, `team_id`, `badge_id`, `user_id`, `created_at`, `updated_at`, `disqualification_code_type_id`, `goggle_cup_points`, `reaction_time`, `team_points`, `team_affiliation_id`, `is_personal_best`, `is_season_type_best`)
  VALUES (418357, 3, 1, 0, 0, 738.78, 738.78, 12, 41, 50, 70083, 3725, 223, 26721, 1, '2016-05-25 06:39:38', '2016-05-25 06:39:38', NULL, 0.0, 0.0, 0.0, 1269, 0, 0);

INSERT INTO `meeting_individual_results` (`id`, `rank`, `is_play_off`, `is_out_of_race`, `is_disqualified`, `standard_points`, `meeting_individual_points`, `minutes`, `seconds`, `hundreds`, `meeting_program_id`, `swimmer_id`, `team_id`, `badge_id`, `user_id`, `created_at`, `updated_at`, `disqualification_code_type_id`, `goggle_cup_points`, `reaction_time`, `team_points`, `team_affiliation_id`, `is_personal_best`, `is_season_type_best`)
  VALUES (418358, 4, 1, 0, 0, 699.56, 699.56, 13, 24, 20, 70083, 17929, 223, 50722, 1, '2016-05-25 06:39:38', '2016-05-25 06:39:38', NULL, 0.0, 0.0, 0.0, 1269, 0, 0);

INSERT INTO `meeting_individual_results` (`id`, `rank`, `is_play_off`, `is_out_of_race`, `is_disqualified`, `standard_points`, `meeting_individual_points`, `minutes`, `seconds`, `hundreds`, `meeting_program_id`, `swimmer_id`, `team_id`, `badge_id`, `user_id`, `created_at`, `updated_at`, `disqualification_code_type_id`, `goggle_cup_points`, `reaction_time`, `team_points`, `team_affiliation_id`, `is_personal_best`, `is_season_type_best`)
  VALUES (418359, 5, 1, 0, 0, 690.3, 690.3, 13, 35, 0, 70083, 3681, 223, 26835, 1, '2016-05-25 06:39:39', '2016-05-25 06:39:39', NULL, 0.0, 0.0, 0.0, 1269, 0, 0);

INSERT INTO `meeting_individual_results` (`id`, `rank`, `is_play_off`, `is_out_of_race`, `is_disqualified`, `standard_points`, `meeting_individual_points`, `minutes`, `seconds`, `hundreds`, `meeting_program_id`, `swimmer_id`, `team_id`, `badge_id`, `user_id`, `created_at`, `updated_at`, `disqualification_code_type_id`, `goggle_cup_points`, `reaction_time`, `team_points`, `team_affiliation_id`, `is_personal_best`, `is_season_type_best`)
  VALUES (418360, 6, 1, 0, 0, 656.24, 656.24, 14, 17, 30, 70083, 3680, 54, 26674, 1, '2016-05-25 06:39:39', '2016-05-25 06:39:39', NULL, 0.0, 0.0, 0.0, 995, 0, 0);

INSERT INTO `meeting_individual_results` (`id`, `rank`, `is_play_off`, `is_out_of_race`, `is_disqualified`, `standard_points`, `meeting_individual_points`, `minutes`, `seconds`, `hundreds`, `meeting_program_id`, `swimmer_id`, `team_id`, `badge_id`, `user_id`, `created_at`, `updated_at`, `disqualification_code_type_id`, `goggle_cup_points`, `reaction_time`, `team_points`, `team_affiliation_id`, `is_personal_best`, `is_season_type_best`)
  VALUES (418361, 7, 1, 0, 0, 653.05, 653.05, 14, 21, 50, 70083, 9456, 394, 25866, 1, '2016-05-25 06:39:39', '2016-05-25 06:39:39', NULL, 0.0, 0.0, 0.0, 1086, 0, 0);

INSERT INTO `meeting_individual_results` (`id`, `rank`, `is_play_off`, `is_out_of_race`, `is_disqualified`, `standard_points`, `meeting_individual_points`, `minutes`, `seconds`, `hundreds`, `meeting_program_id`, `swimmer_id`, `team_id`, `badge_id`, `user_id`, `created_at`, `updated_at`, `disqualification_code_type_id`, `goggle_cup_points`, `reaction_time`, `team_points`, `team_affiliation_id`, `is_personal_best`, `is_season_type_best`)
  VALUES (418362, 1, 1, 0, 0, 929.8, 929.8, 10, 19, 20, 70084, 3683, 221, 26855, 1, '2016-05-25 06:39:39', '2016-05-25 06:39:39', NULL, 0.0, 0.0, 0.0, 1179, 0, 0);

INSERT INTO `meeting_individual_results` (`id`, `rank`, `is_play_off`, `is_out_of_race`, `is_disqualified`, `standard_points`, `meeting_individual_points`, `minutes`, `seconds`, `hundreds`, `meeting_program_id`, `swimmer_id`, `team_id`, `badge_id`, `user_id`, `created_at`, `updated_at`, `disqualification_code_type_id`, `goggle_cup_points`, `reaction_time`, `team_points`, `team_affiliation_id`, `is_personal_best`, `is_season_type_best`)
  VALUES (418363, 2, 1, 0, 0, 852.96, 852.96, 11, 15, 0, 70084, 5682, 329, 48479, 1, '2016-05-25 06:39:39', '2016-05-25 06:39:39', NULL, 0.0, 0.0, 0.0, 1217, 0, 0);

INSERT INTO `meeting_individual_results` (`id`, `rank`, `is_play_off`, `is_out_of_race`, `is_disqualified`, `standard_points`, `meeting_individual_points`, `minutes`, `seconds`, `hundreds`, `meeting_program_id`, `swimmer_id`, `team_id`, `badge_id`, `user_id`, `created_at`, `updated_at`, `disqualification_code_type_id`, `goggle_cup_points`, `reaction_time`, `team_points`, `team_affiliation_id`, `is_personal_best`, `is_season_type_best`)
  VALUES (418364, 3, 1, 0, 0, 733.75, 733.75, 13, 4, 70, 70084, 4753, 225, 31324, 1, '2016-05-25 06:39:39', '2016-05-25 06:39:39', NULL, 0.0, 0.0, 0.0, 1272, 0, 0);

INSERT INTO `meeting_individual_results` (`id`, `rank`, `is_play_off`, `is_out_of_race`, `is_disqualified`, `standard_points`, `meeting_individual_points`, `minutes`, `seconds`, `hundreds`, `meeting_program_id`, `swimmer_id`, `team_id`, `badge_id`, `user_id`, `created_at`, `updated_at`, `disqualification_code_type_id`, `goggle_cup_points`, `reaction_time`, `team_points`, `team_affiliation_id`, `is_personal_best`, `is_season_type_best`)
  VALUES (418365, 4, 1, 0, 0, 717.03, 717.03, 13, 23, 0, 70084, 1896, 53, 54012, 1, '2016-05-25 06:39:39', '2016-05-25 06:39:39', NULL, 0.0, 0.0, 0.0, 1206, 0, 0);

INSERT INTO `meeting_individual_results` (`id`, `rank`, `is_play_off`, `is_out_of_race`, `is_disqualified`, `standard_points`, `meeting_individual_points`, `minutes`, `seconds`, `hundreds`, `meeting_program_id`, `swimmer_id`, `team_id`, `badge_id`, `user_id`, `created_at`, `updated_at`, `disqualification_code_type_id`, `goggle_cup_points`, `reaction_time`, `team_points`, `team_affiliation_id`, `is_personal_best`, `is_season_type_best`)
  VALUES (418366, 5, 1, 0, 0, 583.15, 583.15, 16, 27, 40, 70084, 12730, 223, 31370, 1, '2016-05-25 06:39:39', '2016-05-25 06:39:39', NULL, 0.0, 0.0, 0.0, 1269, 0, 0);

INSERT INTO `meeting_individual_results` (`id`, `rank`, `is_play_off`, `is_out_of_race`, `is_disqualified`, `standard_points`, `meeting_individual_points`, `minutes`, `seconds`, `hundreds`, `meeting_program_id`, `swimmer_id`, `team_id`, `badge_id`, `user_id`, `created_at`, `updated_at`, `disqualification_code_type_id`, `goggle_cup_points`, `reaction_time`, `team_points`, `team_affiliation_id`, `is_personal_best`, `is_season_type_best`)
  VALUES (418367, 1, 1, 0, 0, 915.54, 915.54, 10, 41, 90, 70085, 1901, 78, 25902, 1, '2016-05-25 06:39:39', '2016-05-25 06:39:39', NULL, 0.0, 0.0, 0.0, 1224, 0, 0);

INSERT INTO `meeting_individual_results` (`id`, `rank`, `is_play_off`, `is_out_of_race`, `is_disqualified`, `standard_points`, `meeting_individual_points`, `minutes`, `seconds`, `hundreds`, `meeting_program_id`, `swimmer_id`, `team_id`, `badge_id`, `user_id`, `created_at`, `updated_at`, `disqualification_code_type_id`, `goggle_cup_points`, `reaction_time`, `team_points`, `team_affiliation_id`, `is_personal_best`, `is_season_type_best`)
  VALUES (418368, 2, 1, 0, 0, 901.92, 901.92, 10, 51, 60, 70085, 3686, 78, 25528, 1, '2016-05-25 06:39:39', '2016-05-25 06:39:39', NULL, 0.0, 0.0, 0.0, 1224, 0, 0);

INSERT INTO `meeting_individual_results` (`id`, `rank`, `is_play_off`, `is_out_of_race`, `is_disqualified`, `standard_points`, `meeting_individual_points`, `minutes`, `seconds`, `hundreds`, `meeting_program_id`, `swimmer_id`, `team_id`, `badge_id`, `user_id`, `created_at`, `updated_at`, `disqualification_code_type_id`, `goggle_cup_points`, `reaction_time`, `team_points`, `team_affiliation_id`, `is_personal_best`, `is_season_type_best`)
  VALUES (418369, 3, 1, 0, 0, 781.43, 781.43, 12, 32, 10, 70085, 5795, 329, 25411, 1, '2016-05-25 06:39:39', '2016-05-25 06:39:39', NULL, 0.0, 0.0, 0.0, 1217, 0, 0);

INSERT INTO `meeting_individual_results` (`id`, `rank`, `is_play_off`, `is_out_of_race`, `is_disqualified`, `standard_points`, `meeting_individual_points`, `minutes`, `seconds`, `hundreds`, `meeting_program_id`, `swimmer_id`, `team_id`, `badge_id`, `user_id`, `created_at`, `updated_at`, `disqualification_code_type_id`, `goggle_cup_points`, `reaction_time`, `team_points`, `team_affiliation_id`, `is_personal_best`, `is_season_type_best`)
  VALUES (418370, 4, 1, 0, 0, 689.83, 689.83, 14, 12, 0, 70085, 16006, 223, 50693, 1, '2016-05-25 06:39:40', '2016-05-25 06:39:40', NULL, 0.0, 0.0, 0.0, 1269, 0, 0);

INSERT INTO `meeting_individual_results` (`id`, `rank`, `is_play_off`, `is_out_of_race`, `is_disqualified`, `standard_points`, `meeting_individual_points`, `minutes`, `seconds`, `hundreds`, `meeting_program_id`, `swimmer_id`, `team_id`, `badge_id`, `user_id`, `created_at`, `updated_at`, `disqualification_code_type_id`, `goggle_cup_points`, `reaction_time`, `team_points`, `team_affiliation_id`, `is_personal_best`, `is_season_type_best`)
  VALUES (418371, 5, 1, 0, 0, 621.82, 621.82, 15, 45, 20, 70085, 3685, 223, 31350, 1, '2016-05-25 06:39:40', '2016-05-25 06:39:40', NULL, 0.0, 0.0, 0.0, 1269, 0, 0);

INSERT INTO `meeting_individual_results` (`id`, `rank`, `is_play_off`, `is_out_of_race`, `is_disqualified`, `standard_points`, `meeting_individual_points`, `minutes`, `seconds`, `hundreds`, `meeting_program_id`, `swimmer_id`, `team_id`, `badge_id`, `user_id`, `created_at`, `updated_at`, `disqualification_code_type_id`, `goggle_cup_points`, `reaction_time`, `team_points`, `team_affiliation_id`, `is_personal_best`, `is_season_type_best`)
  VALUES (418372, 1, 1, 0, 0, 843.6, 843.6, 12, 17, 90, 70086, 15320, 359, 24861, 1, '2016-05-25 06:39:40', '2016-05-25 06:39:40', NULL, 0.0, 0.0, 0.0, 1069, 0, 0);

INSERT INTO `meeting_individual_results` (`id`, `rank`, `is_play_off`, `is_out_of_race`, `is_disqualified`, `standard_points`, `meeting_individual_points`, `minutes`, `seconds`, `hundreds`, `meeting_program_id`, `swimmer_id`, `team_id`, `badge_id`, `user_id`, `created_at`, `updated_at`, `disqualification_code_type_id`, `goggle_cup_points`, `reaction_time`, `team_points`, `team_affiliation_id`, `is_personal_best`, `is_season_type_best`)
  VALUES (418373, 2, 1, 0, 0, 613.34, 613.34, 16, 55, 0, 70086, 3688, 221, 52415, 1, '2016-05-25 06:39:40', '2016-05-25 06:39:40', NULL, 0.0, 0.0, 0.0, 1179, 0, 0);

INSERT INTO `meeting_individual_results` (`id`, `rank`, `is_play_off`, `is_out_of_race`, `is_disqualified`, `standard_points`, `meeting_individual_points`, `minutes`, `seconds`, `hundreds`, `meeting_program_id`, `swimmer_id`, `team_id`, `badge_id`, `user_id`, `created_at`, `updated_at`, `disqualification_code_type_id`, `goggle_cup_points`, `reaction_time`, `team_points`, `team_affiliation_id`, `is_personal_best`, `is_season_type_best`)
  VALUES (418374, 1, 1, 0, 0, 889.22, 889.22, 12, 33, 90, 70087, 3726, 109, 26553, 1, '2016-05-25 06:39:40', '2016-05-25 06:39:40', NULL, 0.0, 0.0, 0.0, 1259, 0, 0);

INSERT INTO `meeting_individual_results` (`id`, `rank`, `is_play_off`, `is_out_of_race`, `is_disqualified`, `standard_points`, `meeting_individual_points`, `minutes`, `seconds`, `hundreds`, `meeting_program_id`, `swimmer_id`, `team_id`, `badge_id`, `user_id`, `created_at`, `updated_at`, `disqualification_code_type_id`, `goggle_cup_points`, `reaction_time`, `team_points`, `team_affiliation_id`, `is_personal_best`, `is_season_type_best`)
  VALUES (418375, 1, 1, 0, 0, 794.37, 794.37, 15, 16, 90, 70088, 1918, 71, 26223, 1, '2016-05-25 06:39:40', '2016-05-25 06:39:40', NULL, 0.0, 0.0, 0.0, 1009, 0, 0);

INSERT INTO `meeting_individual_results` (`id`, `rank`, `is_play_off`, `is_out_of_race`, `is_disqualified`, `standard_points`, `meeting_individual_points`, `minutes`, `seconds`, `hundreds`, `meeting_program_id`, `swimmer_id`, `team_id`, `badge_id`, `user_id`, `created_at`, `updated_at`, `disqualification_code_type_id`, `goggle_cup_points`, `reaction_time`, `team_points`, `team_affiliation_id`, `is_personal_best`, `is_season_type_best`)
  VALUES (418376, 1, 1, 0, 0, 884.88, 884.88, 14, 55, 30, 70089, 1921, 55, 22311, 1, '2016-05-25 06:39:40', '2016-05-25 06:39:40', NULL, 0.0, 0.0, 0.0, 999, 0, 0);

INSERT INTO `meeting_individual_results` (`id`, `rank`, `is_play_off`, `is_out_of_race`, `is_disqualified`, `standard_points`, `meeting_individual_points`, `minutes`, `seconds`, `hundreds`, `meeting_program_id`, `swimmer_id`, `team_id`, `badge_id`, `user_id`, `created_at`, `updated_at`, `disqualification_code_type_id`, `goggle_cup_points`, `reaction_time`, `team_points`, `team_affiliation_id`, `is_personal_best`, `is_season_type_best`)
  VALUES (418377, 1, 1, 0, 1, 0.0, 0.0, 0, 0, 0, 70090, 9802, 329, 50702, 1, '2016-05-25 06:39:40', '2016-05-25 06:39:40', 1, 0.0, 0.0, 0.0, 1217, 0, 0);

INSERT INTO `meeting_individual_results` (`id`, `rank`, `is_play_off`, `is_out_of_race`, `is_disqualified`, `standard_points`, `meeting_individual_points`, `minutes`, `seconds`, `hundreds`, `meeting_program_id`, `swimmer_id`, `team_id`, `badge_id`, `user_id`, `created_at`, `updated_at`, `disqualification_code_type_id`, `goggle_cup_points`, `reaction_time`, `team_points`, `team_affiliation_id`, `is_personal_best`, `is_season_type_best`)
  VALUES (418378, 1, 1, 0, 0, 885.72, 885.72, 9, 31, 40, 70091, 1241, 224, 23727, 1, '2016-05-25 06:39:40', '2016-05-25 06:39:40', NULL, 0.0, 0.0, 0.0, 1103, 0, 0);

INSERT INTO `meeting_individual_results` (`id`, `rank`, `is_play_off`, `is_out_of_race`, `is_disqualified`, `standard_points`, `meeting_individual_points`, `minutes`, `seconds`, `hundreds`, `meeting_program_id`, `swimmer_id`, `team_id`, `badge_id`, `user_id`, `created_at`, `updated_at`, `disqualification_code_type_id`, `goggle_cup_points`, `reaction_time`, `team_points`, `team_affiliation_id`, `is_personal_best`, `is_season_type_best`)
  VALUES (418379, 2, 1, 0, 0, 841.56, 841.56, 10, 1, 40, 70091, 17924, 16, 48510, 1, '2016-05-25 06:39:40', '2016-05-25 06:39:40', NULL, 0.0, 0.0, 0.0, 1087, 0, 0);

INSERT INTO `meeting_individual_results` (`id`, `rank`, `is_play_off`, `is_out_of_race`, `is_disqualified`, `standard_points`, `meeting_individual_points`, `minutes`, `seconds`, `hundreds`, `meeting_program_id`, `swimmer_id`, `team_id`, `badge_id`, `user_id`, `created_at`, `updated_at`, `disqualification_code_type_id`, `goggle_cup_points`, `reaction_time`, `team_points`, `team_affiliation_id`, `is_personal_best`, `is_season_type_best`)
  VALUES (418380, 3, 1, 0, 0, 834.07, 834.07, 10, 6, 80, 70091, 1240, 224, 24780, 1, '2016-05-25 06:39:40', '2016-05-25 06:39:40', NULL, 0.0, 0.0, 0.0, 1103, 0, 0);

INSERT INTO `meeting_individual_results` (`id`, `rank`, `is_play_off`, `is_out_of_race`, `is_disqualified`, `standard_points`, `meeting_individual_points`, `minutes`, `seconds`, `hundreds`, `meeting_program_id`, `swimmer_id`, `team_id`, `badge_id`, `user_id`, `created_at`, `updated_at`, `disqualification_code_type_id`, `goggle_cup_points`, `reaction_time`, `team_points`, `team_affiliation_id`, `is_personal_best`, `is_season_type_best`)
  VALUES (418381, 4, 1, 0, 0, 832.97, 832.97, 10, 7, 60, 70091, 1612, 224, 23728, 1, '2016-05-25 06:39:40', '2016-05-25 06:39:40', NULL, 0.0, 0.0, 0.0, 1103, 0, 0);

INSERT INTO `meeting_individual_results` (`id`, `rank`, `is_play_off`, `is_out_of_race`, `is_disqualified`, `standard_points`, `meeting_individual_points`, `minutes`, `seconds`, `hundreds`, `meeting_program_id`, `swimmer_id`, `team_id`, `badge_id`, `user_id`, `created_at`, `updated_at`, `disqualification_code_type_id`, `goggle_cup_points`, `reaction_time`, `team_points`, `team_affiliation_id`, `is_personal_best`, `is_season_type_best`)
  VALUES (418382, 5, 1, 0, 0, 786.03, 786.03, 10, 43, 90, 70091, 4756, 221, 31374, 1, '2016-05-25 06:39:41', '2016-05-25 06:39:41', NULL, 0.0, 0.0, 0.0, 1179, 0, 0);

INSERT INTO `meeting_individual_results` (`id`, `rank`, `is_play_off`, `is_out_of_race`, `is_disqualified`, `standard_points`, `meeting_individual_points`, `minutes`, `seconds`, `hundreds`, `meeting_program_id`, `swimmer_id`, `team_id`, `badge_id`, `user_id`, `created_at`, `updated_at`, `disqualification_code_type_id`, `goggle_cup_points`, `reaction_time`, `team_points`, `team_affiliation_id`, `is_personal_best`, `is_season_type_best`)
  VALUES (418383, 6, 1, 0, 0, 751.38, 751.38, 11, 13, 60, 70091, 9568, 223, 50719, 1, '2016-05-25 06:39:41', '2016-05-25 06:39:41', NULL, 0.0, 0.0, 0.0, 1269, 0, 0);

INSERT INTO `meeting_individual_results` (`id`, `rank`, `is_play_off`, `is_out_of_race`, `is_disqualified`, `standard_points`, `meeting_individual_points`, `minutes`, `seconds`, `hundreds`, `meeting_program_id`, `swimmer_id`, `team_id`, `badge_id`, `user_id`, `created_at`, `updated_at`, `disqualification_code_type_id`, `goggle_cup_points`, `reaction_time`, `team_points`, `team_affiliation_id`, `is_personal_best`, `is_season_type_best`)
  VALUES (418384, 7, 1, 0, 0, 738.66, 738.66, 11, 25, 20, 70091, 20703, 223, 31319, 1, '2016-05-25 06:39:41', '2016-05-25 06:39:41', NULL, 0.0, 0.0, 0.0, 1269, 0, 0);

INSERT INTO `meeting_individual_results` (`id`, `rank`, `is_play_off`, `is_out_of_race`, `is_disqualified`, `standard_points`, `meeting_individual_points`, `minutes`, `seconds`, `hundreds`, `meeting_program_id`, `swimmer_id`, `team_id`, `badge_id`, `user_id`, `created_at`, `updated_at`, `disqualification_code_type_id`, `goggle_cup_points`, `reaction_time`, `team_points`, `team_affiliation_id`, `is_personal_best`, `is_season_type_best`)
  VALUES (418385, 1, 1, 0, 0, 786.09, 786.09, 10, 47, 60, 70092, 3693, 223, 26782, 1, '2016-05-25 06:39:41', '2016-05-25 06:39:41', NULL, 0.0, 0.0, 0.0, 1269, 0, 0);

INSERT INTO `meeting_individual_results` (`id`, `rank`, `is_play_off`, `is_out_of_race`, `is_disqualified`, `standard_points`, `meeting_individual_points`, `minutes`, `seconds`, `hundreds`, `meeting_program_id`, `swimmer_id`, `team_id`, `badge_id`, `user_id`, `created_at`, `updated_at`, `disqualification_code_type_id`, `goggle_cup_points`, `reaction_time`, `team_points`, `team_affiliation_id`, `is_personal_best`, `is_season_type_best`)
  VALUES (418386, 2, 1, 0, 0, 750.63, 750.63, 11, 18, 20, 70092, 1303, 224, 23735, 1, '2016-05-25 06:39:41', '2016-05-25 06:39:41', NULL, 0.0, 0.0, 0.0, 1103, 0, 0);

INSERT INTO `meeting_individual_results` (`id`, `rank`, `is_play_off`, `is_out_of_race`, `is_disqualified`, `standard_points`, `meeting_individual_points`, `minutes`, `seconds`, `hundreds`, `meeting_program_id`, `swimmer_id`, `team_id`, `badge_id`, `user_id`, `created_at`, `updated_at`, `disqualification_code_type_id`, `goggle_cup_points`, `reaction_time`, `team_points`, `team_affiliation_id`, `is_personal_best`, `is_season_type_best`)
  VALUES (418387, 3, 1, 0, 0, 741.35, 741.35, 11, 26, 70, 70092, 4735, 221, 26740, 1, '2016-05-25 06:39:41', '2016-05-25 06:39:41', NULL, 0.0, 0.0, 0.0, 1179, 0, 0);

INSERT INTO `meeting_individual_results` (`id`, `rank`, `is_play_off`, `is_out_of_race`, `is_disqualified`, `standard_points`, `meeting_individual_points`, `minutes`, `seconds`, `hundreds`, `meeting_program_id`, `swimmer_id`, `team_id`, `badge_id`, `user_id`, `created_at`, `updated_at`, `disqualification_code_type_id`, `goggle_cup_points`, `reaction_time`, `team_points`, `team_affiliation_id`, `is_personal_best`, `is_season_type_best`)
  VALUES (418388, 1, 1, 0, 0, 905.81, 905.81, 9, 24, 0, 70093, 1961, 54, 22354, 1, '2016-05-25 06:39:41', '2016-05-25 06:39:41', NULL, 0.0, 0.0, 0.0, 995, 0, 0);

INSERT INTO `meeting_individual_results` (`id`, `rank`, `is_play_off`, `is_out_of_race`, `is_disqualified`, `standard_points`, `meeting_individual_points`, `minutes`, `seconds`, `hundreds`, `meeting_program_id`, `swimmer_id`, `team_id`, `badge_id`, `user_id`, `created_at`, `updated_at`, `disqualification_code_type_id`, `goggle_cup_points`, `reaction_time`, `team_points`, `team_affiliation_id`, `is_personal_best`, `is_season_type_best`)
  VALUES (418389, 2, 1, 0, 0, 836.02, 836.02, 10, 11, 10, 70093, 4235, 275, 22358, 1, '2016-05-25 06:39:41', '2016-05-25 06:39:41', NULL, 0.0, 0.0, 0.0, 1001, 0, 0);

INSERT INTO `meeting_individual_results` (`id`, `rank`, `is_play_off`, `is_out_of_race`, `is_disqualified`, `standard_points`, `meeting_individual_points`, `minutes`, `seconds`, `hundreds`, `meeting_program_id`, `swimmer_id`, `team_id`, `badge_id`, `user_id`, `created_at`, `updated_at`, `disqualification_code_type_id`, `goggle_cup_points`, `reaction_time`, `team_points`, `team_affiliation_id`, `is_personal_best`, `is_season_type_best`)
  VALUES (418390, 3, 1, 0, 0, 835.75, 835.75, 10, 11, 30, 70093, 17691, 78, 25641, 1, '2016-05-25 06:39:41', '2016-05-25 06:39:41', NULL, 0.0, 0.0, 0.0, 1224, 0, 0);

INSERT INTO `meeting_individual_results` (`id`, `rank`, `is_play_off`, `is_out_of_race`, `is_disqualified`, `standard_points`, `meeting_individual_points`, `minutes`, `seconds`, `hundreds`, `meeting_program_id`, `swimmer_id`, `team_id`, `badge_id`, `user_id`, `created_at`, `updated_at`, `disqualification_code_type_id`, `goggle_cup_points`, `reaction_time`, `team_points`, `team_affiliation_id`, `is_personal_best`, `is_season_type_best`)
  VALUES (418391, 4, 1, 0, 0, 806.34, 806.34, 10, 33, 60, 70093, 4707, 54, 26670, 1, '2016-05-25 06:39:41', '2016-05-25 06:39:41', NULL, 0.0, 0.0, 0.0, 995, 0, 0);

INSERT INTO `meeting_individual_results` (`id`, `rank`, `is_play_off`, `is_out_of_race`, `is_disqualified`, `standard_points`, `meeting_individual_points`, `minutes`, `seconds`, `hundreds`, `meeting_program_id`, `swimmer_id`, `team_id`, `badge_id`, `user_id`, `created_at`, `updated_at`, `disqualification_code_type_id`, `goggle_cup_points`, `reaction_time`, `team_points`, `team_affiliation_id`, `is_personal_best`, `is_season_type_best`)
  VALUES (418392, 5, 1, 0, 0, 804.06, 804.06, 10, 35, 40, 70093, 3696, 78, 50748, 1, '2016-05-25 06:39:41', '2016-05-25 06:39:41', NULL, 0.0, 0.0, 0.0, 1224, 0, 0);

INSERT INTO `meeting_individual_results` (`id`, `rank`, `is_play_off`, `is_out_of_race`, `is_disqualified`, `standard_points`, `meeting_individual_points`, `minutes`, `seconds`, `hundreds`, `meeting_program_id`, `swimmer_id`, `team_id`, `badge_id`, `user_id`, `created_at`, `updated_at`, `disqualification_code_type_id`, `goggle_cup_points`, `reaction_time`, `team_points`, `team_affiliation_id`, `is_personal_best`, `is_season_type_best`)
  VALUES (418393, 6, 1, 0, 0, 683.14, 683.14, 12, 27, 90, 70093, 4768, 225, 48794, 1, '2016-05-25 06:39:42', '2016-05-25 06:39:42', NULL, 0.0, 0.0, 0.0, 1272, 0, 0);

INSERT INTO `meeting_individual_results` (`id`, `rank`, `is_play_off`, `is_out_of_race`, `is_disqualified`, `standard_points`, `meeting_individual_points`, `minutes`, `seconds`, `hundreds`, `meeting_program_id`, `swimmer_id`, `team_id`, `badge_id`, `user_id`, `created_at`, `updated_at`, `disqualification_code_type_id`, `goggle_cup_points`, `reaction_time`, `team_points`, `team_affiliation_id`, `is_personal_best`, `is_season_type_best`)
  VALUES (418394, 7, 1, 0, 0, 615.66, 615.66, 13, 49, 90, 70093, 4743, 55, 54638, 1, '2016-05-25 06:39:42', '2016-05-25 06:39:42', NULL, 0.0, 0.0, 0.0, 999, 0, 0);

INSERT INTO `meeting_individual_results` (`id`, `rank`, `is_play_off`, `is_out_of_race`, `is_disqualified`, `standard_points`, `meeting_individual_points`, `minutes`, `seconds`, `hundreds`, `meeting_program_id`, `swimmer_id`, `team_id`, `badge_id`, `user_id`, `created_at`, `updated_at`, `disqualification_code_type_id`, `goggle_cup_points`, `reaction_time`, `team_points`, `team_affiliation_id`, `is_personal_best`, `is_season_type_best`)
  VALUES (418395, 1, 1, 0, 0, 890.54, 890.54, 9, 52, 60, 70094, 3732, 54, 26749, 1, '2016-05-25 06:39:42', '2016-05-25 06:39:42', NULL, 0.0, 0.0, 0.0, 995, 0, 0);

INSERT INTO `meeting_individual_results` (`id`, `rank`, `is_play_off`, `is_out_of_race`, `is_disqualified`, `standard_points`, `meeting_individual_points`, `minutes`, `seconds`, `hundreds`, `meeting_program_id`, `swimmer_id`, `team_id`, `badge_id`, `user_id`, `created_at`, `updated_at`, `disqualification_code_type_id`, `goggle_cup_points`, `reaction_time`, `team_points`, `team_affiliation_id`, `is_personal_best`, `is_season_type_best`)
  VALUES (418396, 2, 1, 0, 0, 871.57, 871.57, 10, 5, 50, 70094, 1988, 78, 50709, 1, '2016-05-25 06:39:42', '2016-05-25 06:39:42', NULL, 0.0, 0.0, 0.0, 1224, 0, 0);

INSERT INTO `meeting_individual_results` (`id`, `rank`, `is_play_off`, `is_out_of_race`, `is_disqualified`, `standard_points`, `meeting_individual_points`, `minutes`, `seconds`, `hundreds`, `meeting_program_id`, `swimmer_id`, `team_id`, `badge_id`, `user_id`, `created_at`, `updated_at`, `disqualification_code_type_id`, `goggle_cup_points`, `reaction_time`, `team_points`, `team_affiliation_id`, `is_personal_best`, `is_season_type_best`)
  VALUES (418397, 3, 1, 0, 0, 835.43, 835.43, 10, 31, 70, 70094, 1563, 74, 22525, 1, '2016-05-25 06:39:42', '2016-05-25 06:39:42', NULL, 0.0, 0.0, 0.0, 988, 0, 0);

INSERT INTO `meeting_individual_results` (`id`, `rank`, `is_play_off`, `is_out_of_race`, `is_disqualified`, `standard_points`, `meeting_individual_points`, `minutes`, `seconds`, `hundreds`, `meeting_program_id`, `swimmer_id`, `team_id`, `badge_id`, `user_id`, `created_at`, `updated_at`, `disqualification_code_type_id`, `goggle_cup_points`, `reaction_time`, `team_points`, `team_affiliation_id`, `is_personal_best`, `is_season_type_best`)
  VALUES (418398, 4, 1, 0, 0, 800.96, 800.96, 10, 58, 90, 70094, 9426, 394, 26791, 1, '2016-05-25 06:39:42', '2016-05-25 06:39:42', NULL, 0.0, 0.0, 0.0, 1086, 0, 0);

INSERT INTO `meeting_individual_results` (`id`, `rank`, `is_play_off`, `is_out_of_race`, `is_disqualified`, `standard_points`, `meeting_individual_points`, `minutes`, `seconds`, `hundreds`, `meeting_program_id`, `swimmer_id`, `team_id`, `badge_id`, `user_id`, `created_at`, `updated_at`, `disqualification_code_type_id`, `goggle_cup_points`, `reaction_time`, `team_points`, `team_affiliation_id`, `is_personal_best`, `is_season_type_best`)
  VALUES (418399, 5, 1, 0, 0, 692.34, 692.34, 12, 42, 30, 70094, 1976, 54, 22391, 1, '2016-05-25 06:39:42', '2016-05-25 06:39:42', NULL, 0.0, 0.0, 0.0, 995, 0, 0);

INSERT INTO `meeting_individual_results` (`id`, `rank`, `is_play_off`, `is_out_of_race`, `is_disqualified`, `standard_points`, `meeting_individual_points`, `minutes`, `seconds`, `hundreds`, `meeting_program_id`, `swimmer_id`, `team_id`, `badge_id`, `user_id`, `created_at`, `updated_at`, `disqualification_code_type_id`, `goggle_cup_points`, `reaction_time`, `team_points`, `team_affiliation_id`, `is_personal_best`, `is_season_type_best`)
  VALUES (418400, 6, 1, 0, 0, 648.3, 648.3, 13, 34, 10, 70094, 3734, 130, 26794, 1, '2016-05-25 06:39:42', '2016-05-25 06:39:42', NULL, 0.0, 0.0, 0.0, 1055, 0, 0);

INSERT INTO `meeting_individual_results` (`id`, `rank`, `is_play_off`, `is_out_of_race`, `is_disqualified`, `standard_points`, `meeting_individual_points`, `minutes`, `seconds`, `hundreds`, `meeting_program_id`, `swimmer_id`, `team_id`, `badge_id`, `user_id`, `created_at`, `updated_at`, `disqualification_code_type_id`, `goggle_cup_points`, `reaction_time`, `team_points`, `team_affiliation_id`, `is_personal_best`, `is_season_type_best`)
  VALUES (418401, 7, 1, 0, 0, 621.58, 621.58, 14, 9, 10, 70094, 9450, 223, 52476, 1, '2016-05-25 06:39:42', '2016-05-25 06:39:42', NULL, 0.0, 0.0, 0.0, 1269, 0, 0);

INSERT INTO `meeting_individual_results` (`id`, `rank`, `is_play_off`, `is_out_of_race`, `is_disqualified`, `standard_points`, `meeting_individual_points`, `minutes`, `seconds`, `hundreds`, `meeting_program_id`, `swimmer_id`, `team_id`, `badge_id`, `user_id`, `created_at`, `updated_at`, `disqualification_code_type_id`, `goggle_cup_points`, `reaction_time`, `team_points`, `team_affiliation_id`, `is_personal_best`, `is_season_type_best`)
  VALUES (418402, 1, 1, 0, 0, 907.56, 907.56, 9, 59, 40, 70095, 5690, 329, 26503, 1, '2016-05-25 06:39:42', '2016-05-25 06:39:42', NULL, 0.0, 0.0, 0.0, 1217, 0, 0);

INSERT INTO `meeting_individual_results` (`id`, `rank`, `is_play_off`, `is_out_of_race`, `is_disqualified`, `standard_points`, `meeting_individual_points`, `minutes`, `seconds`, `hundreds`, `meeting_program_id`, `swimmer_id`, `team_id`, `badge_id`, `user_id`, `created_at`, `updated_at`, `disqualification_code_type_id`, `goggle_cup_points`, `reaction_time`, `team_points`, `team_affiliation_id`, `is_personal_best`, `is_season_type_best`)
  VALUES (418403, 2, 1, 0, 0, 855.08, 855.08, 10, 36, 20, 70095, 4759, 78, 54639, 1, '2016-05-25 06:39:42', '2016-05-25 06:39:42', NULL, 0.0, 0.0, 0.0, 1224, 0, 0);

INSERT INTO `meeting_individual_results` (`id`, `rank`, `is_play_off`, `is_out_of_race`, `is_disqualified`, `standard_points`, `meeting_individual_points`, `minutes`, `seconds`, `hundreds`, `meeting_program_id`, `swimmer_id`, `team_id`, `badge_id`, `user_id`, `created_at`, `updated_at`, `disqualification_code_type_id`, `goggle_cup_points`, `reaction_time`, `team_points`, `team_affiliation_id`, `is_personal_best`, `is_season_type_best`)
  VALUES (418404, 3, 1, 0, 0, 843.41, 843.41, 10, 45, 0, 70095, 4772, 223, 26757, 1, '2016-05-25 06:39:42', '2016-05-25 06:39:42', NULL, 0.0, 0.0, 0.0, 1269, 0, 0);

INSERT INTO `meeting_individual_results` (`id`, `rank`, `is_play_off`, `is_out_of_race`, `is_disqualified`, `standard_points`, `meeting_individual_points`, `minutes`, `seconds`, `hundreds`, `meeting_program_id`, `swimmer_id`, `team_id`, `badge_id`, `user_id`, `created_at`, `updated_at`, `disqualification_code_type_id`, `goggle_cup_points`, `reaction_time`, `team_points`, `team_affiliation_id`, `is_personal_best`, `is_season_type_best`)
  VALUES (418405, 4, 1, 0, 0, 833.72, 833.72, 10, 52, 50, 70095, 3706, 78, 26799, 1, '2016-05-25 06:39:43', '2016-05-25 06:39:43', NULL, 0.0, 0.0, 0.0, 1224, 0, 0);

INSERT INTO `meeting_individual_results` (`id`, `rank`, `is_play_off`, `is_out_of_race`, `is_disqualified`, `standard_points`, `meeting_individual_points`, `minutes`, `seconds`, `hundreds`, `meeting_program_id`, `swimmer_id`, `team_id`, `badge_id`, `user_id`, `created_at`, `updated_at`, `disqualification_code_type_id`, `goggle_cup_points`, `reaction_time`, `team_points`, `team_affiliation_id`, `is_personal_best`, `is_season_type_best`)
  VALUES (418406, 5, 1, 0, 0, 774.73, 774.73, 11, 42, 20, 70095, 9771, 219, 26802, 1, '2016-05-25 06:39:43', '2016-05-25 06:39:43', NULL, 0.0, 0.0, 0.0, 1226, 0, 0);

INSERT INTO `meeting_individual_results` (`id`, `rank`, `is_play_off`, `is_out_of_race`, `is_disqualified`, `standard_points`, `meeting_individual_points`, `minutes`, `seconds`, `hundreds`, `meeting_program_id`, `swimmer_id`, `team_id`, `badge_id`, `user_id`, `created_at`, `updated_at`, `disqualification_code_type_id`, `goggle_cup_points`, `reaction_time`, `team_points`, `team_affiliation_id`, `is_personal_best`, `is_season_type_best`)
  VALUES (418407, 6, 1, 0, 0, 764.71, 764.71, 11, 51, 40, 70095, 2007, 54, 32086, 1, '2016-05-25 06:39:43', '2016-05-25 06:39:43', NULL, 0.0, 0.0, 0.0, 995, 0, 0);

INSERT INTO `meeting_individual_results` (`id`, `rank`, `is_play_off`, `is_out_of_race`, `is_disqualified`, `standard_points`, `meeting_individual_points`, `minutes`, `seconds`, `hundreds`, `meeting_program_id`, `swimmer_id`, `team_id`, `badge_id`, `user_id`, `created_at`, `updated_at`, `disqualification_code_type_id`, `goggle_cup_points`, `reaction_time`, `team_points`, `team_affiliation_id`, `is_personal_best`, `is_season_type_best`)
  VALUES (418408, 7, 1, 0, 0, 763.1, 763.1, 11, 52, 90, 70095, 3736, 78, 50713, 1, '2016-05-25 06:39:43', '2016-05-25 06:39:43', NULL, 0.0, 0.0, 0.0, 1224, 0, 0);

INSERT INTO `meeting_individual_results` (`id`, `rank`, `is_play_off`, `is_out_of_race`, `is_disqualified`, `standard_points`, `meeting_individual_points`, `minutes`, `seconds`, `hundreds`, `meeting_program_id`, `swimmer_id`, `team_id`, `badge_id`, `user_id`, `created_at`, `updated_at`, `disqualification_code_type_id`, `goggle_cup_points`, `reaction_time`, `team_points`, `team_affiliation_id`, `is_personal_best`, `is_season_type_best`)
  VALUES (418409, 8, 1, 0, 0, 742.59, 742.59, 12, 12, 60, 70095, 3704, 223, 31318, 1, '2016-05-25 06:39:43', '2016-05-25 06:39:43', NULL, 0.0, 0.0, 0.0, 1269, 0, 0);

INSERT INTO `meeting_individual_results` (`id`, `rank`, `is_play_off`, `is_out_of_race`, `is_disqualified`, `standard_points`, `meeting_individual_points`, `minutes`, `seconds`, `hundreds`, `meeting_program_id`, `swimmer_id`, `team_id`, `badge_id`, `user_id`, `created_at`, `updated_at`, `disqualification_code_type_id`, `goggle_cup_points`, `reaction_time`, `team_points`, `team_affiliation_id`, `is_personal_best`, `is_season_type_best`)
  VALUES (418410, 9, 1, 0, 0, 707.91, 707.91, 12, 48, 50, 70095, 3712, 223, 48774, 1, '2016-05-25 06:39:43', '2016-05-25 06:39:43', NULL, 0.0, 0.0, 0.0, 1269, 0, 0);

INSERT INTO `meeting_individual_results` (`id`, `rank`, `is_play_off`, `is_out_of_race`, `is_disqualified`, `standard_points`, `meeting_individual_points`, `minutes`, `seconds`, `hundreds`, `meeting_program_id`, `swimmer_id`, `team_id`, `badge_id`, `user_id`, `created_at`, `updated_at`, `disqualification_code_type_id`, `goggle_cup_points`, `reaction_time`, `team_points`, `team_affiliation_id`, `is_personal_best`, `is_season_type_best`)
  VALUES (418411, 10, 1, 0, 0, 677.17, 677.17, 13, 23, 40, 70095, 4745, 221, 26758, 1, '2016-05-25 06:39:43', '2016-05-25 06:39:43', NULL, 0.0, 0.0, 0.0, 1179, 0, 0);

INSERT INTO `meeting_individual_results` (`id`, `rank`, `is_play_off`, `is_out_of_race`, `is_disqualified`, `standard_points`, `meeting_individual_points`, `minutes`, `seconds`, `hundreds`, `meeting_program_id`, `swimmer_id`, `team_id`, `badge_id`, `user_id`, `created_at`, `updated_at`, `disqualification_code_type_id`, `goggle_cup_points`, `reaction_time`, `team_points`, `team_affiliation_id`, `is_personal_best`, `is_season_type_best`)
  VALUES (418412, 1, 1, 0, 0, 923.47, 923.47, 10, 7, 30, 70096, 2015, 78, 26702, 1, '2016-05-25 06:39:43', '2016-05-25 06:39:43', NULL, 0.0, 0.0, 0.0, 1224, 0, 0);

INSERT INTO `meeting_individual_results` (`id`, `rank`, `is_play_off`, `is_out_of_race`, `is_disqualified`, `standard_points`, `meeting_individual_points`, `minutes`, `seconds`, `hundreds`, `meeting_program_id`, `swimmer_id`, `team_id`, `badge_id`, `user_id`, `created_at`, `updated_at`, `disqualification_code_type_id`, `goggle_cup_points`, `reaction_time`, `team_points`, `team_affiliation_id`, `is_personal_best`, `is_season_type_best`)
  VALUES (418413, 2, 1, 0, 0, 819.35, 819.35, 11, 24, 50, 70096, 2260, 79, 22639, 1, '2016-05-25 06:39:43', '2016-05-25 06:39:43', NULL, 0.0, 0.0, 0.0, 1017, 0, 0);

INSERT INTO `meeting_individual_results` (`id`, `rank`, `is_play_off`, `is_out_of_race`, `is_disqualified`, `standard_points`, `meeting_individual_points`, `minutes`, `seconds`, `hundreds`, `meeting_program_id`, `swimmer_id`, `team_id`, `badge_id`, `user_id`, `created_at`, `updated_at`, `disqualification_code_type_id`, `goggle_cup_points`, `reaction_time`, `team_points`, `team_affiliation_id`, `is_personal_best`, `is_season_type_best`)
  VALUES (418414, 3, 1, 0, 0, 641.96, 641.96, 14, 33, 70, 70096, 3713, 219, 48486, 1, '2016-05-25 06:39:43', '2016-05-25 06:39:43', NULL, 0.0, 0.0, 0.0, 1226, 0, 0);

INSERT INTO `meeting_individual_results` (`id`, `rank`, `is_play_off`, `is_out_of_race`, `is_disqualified`, `standard_points`, `meeting_individual_points`, `minutes`, `seconds`, `hundreds`, `meeting_program_id`, `swimmer_id`, `team_id`, `badge_id`, `user_id`, `created_at`, `updated_at`, `disqualification_code_type_id`, `goggle_cup_points`, `reaction_time`, `team_points`, `team_affiliation_id`, `is_personal_best`, `is_season_type_best`)
  VALUES (418415, 4, 1, 0, 0, 640.13, 640.13, 14, 36, 20, 70096, 4750, 225, 26761, 1, '2016-05-25 06:39:43', '2016-05-25 06:39:43', NULL, 0.0, 0.0, 0.0, 1272, 0, 0);

INSERT INTO `meeting_individual_results` (`id`, `rank`, `is_play_off`, `is_out_of_race`, `is_disqualified`, `standard_points`, `meeting_individual_points`, `minutes`, `seconds`, `hundreds`, `meeting_program_id`, `swimmer_id`, `team_id`, `badge_id`, `user_id`, `created_at`, `updated_at`, `disqualification_code_type_id`, `goggle_cup_points`, `reaction_time`, `team_points`, `team_affiliation_id`, `is_personal_best`, `is_season_type_best`)
  VALUES (418416, 5, 1, 0, 0, 626.2, 626.2, 14, 55, 70, 70096, 19377, 359, 26857, 1, '2016-05-25 06:39:44', '2016-05-25 06:39:44', NULL, 0.0, 0.0, 0.0, 1069, 0, 0);

INSERT INTO `meeting_individual_results` (`id`, `rank`, `is_play_off`, `is_out_of_race`, `is_disqualified`, `standard_points`, `meeting_individual_points`, `minutes`, `seconds`, `hundreds`, `meeting_program_id`, `swimmer_id`, `team_id`, `badge_id`, `user_id`, `created_at`, `updated_at`, `disqualification_code_type_id`, `goggle_cup_points`, `reaction_time`, `team_points`, `team_affiliation_id`, `is_personal_best`, `is_season_type_best`)
  VALUES (418417, 6, 1, 0, 1, 0.0, 0.0, 0, 0, 0, 70096, 3739, 221, 31338, 1, '2016-05-25 06:39:44', '2016-05-25 06:39:44', 11, 0.0, 0.0, 0.0, 1179, 0, 0);

INSERT INTO `meeting_individual_results` (`id`, `rank`, `is_play_off`, `is_out_of_race`, `is_disqualified`, `standard_points`, `meeting_individual_points`, `minutes`, `seconds`, `hundreds`, `meeting_program_id`, `swimmer_id`, `team_id`, `badge_id`, `user_id`, `created_at`, `updated_at`, `disqualification_code_type_id`, `goggle_cup_points`, `reaction_time`, `team_points`, `team_affiliation_id`, `is_personal_best`, `is_season_type_best`)
  VALUES (418418, 1, 1, 0, 0, 806.08, 806.08, 12, 15, 30, 70097, 3716, 223, 26852, 1, '2016-05-25 06:39:44', '2016-05-25 06:39:44', NULL, 0.0, 0.0, 0.0, 1269, 0, 0);

INSERT INTO `meeting_individual_results` (`id`, `rank`, `is_play_off`, `is_out_of_race`, `is_disqualified`, `standard_points`, `meeting_individual_points`, `minutes`, `seconds`, `hundreds`, `meeting_program_id`, `swimmer_id`, `team_id`, `badge_id`, `user_id`, `created_at`, `updated_at`, `disqualification_code_type_id`, `goggle_cup_points`, `reaction_time`, `team_points`, `team_affiliation_id`, `is_personal_best`, `is_season_type_best`)
  VALUES (418419, 2, 1, 0, 0, 716.29, 716.29, 13, 47, 50, 70097, 2020, 54, 27305, 1, '2016-05-25 06:39:44', '2016-05-25 06:39:44', NULL, 0.0, 0.0, 0.0, 995, 0, 0);

INSERT INTO `meeting_individual_results` (`id`, `rank`, `is_play_off`, `is_out_of_race`, `is_disqualified`, `standard_points`, `meeting_individual_points`, `minutes`, `seconds`, `hundreds`, `meeting_program_id`, `swimmer_id`, `team_id`, `badge_id`, `user_id`, `created_at`, `updated_at`, `disqualification_code_type_id`, `goggle_cup_points`, `reaction_time`, `team_points`, `team_affiliation_id`, `is_personal_best`, `is_season_type_best`)
  VALUES (418420, 3, 1, 0, 0, 614.5, 614.5, 16, 4, 60, 70097, 2205, 112, 22415, 1, '2016-05-25 06:39:44', '2016-05-25 06:39:44', NULL, 0.0, 0.0, 0.0, 982, 0, 0);

INSERT INTO `meeting_individual_results` (`id`, `rank`, `is_play_off`, `is_out_of_race`, `is_disqualified`, `standard_points`, `meeting_individual_points`, `minutes`, `seconds`, `hundreds`, `meeting_program_id`, `swimmer_id`, `team_id`, `badge_id`, `user_id`, `created_at`, `updated_at`, `disqualification_code_type_id`, `goggle_cup_points`, `reaction_time`, `team_points`, `team_affiliation_id`, `is_personal_best`, `is_season_type_best`)
  VALUES (418421, 1, 1, 0, 0, 791.92, 791.92, 13, 17, 90, 70098, 3717, 223, 50721, 1, '2016-05-25 06:39:44', '2016-05-25 06:39:44', NULL, 0.0, 0.0, 0.0, 1269, 0, 0);

INSERT INTO `meeting_individual_results` (`id`, `rank`, `is_play_off`, `is_out_of_race`, `is_disqualified`, `standard_points`, `meeting_individual_points`, `minutes`, `seconds`, `hundreds`, `meeting_program_id`, `swimmer_id`, `team_id`, `badge_id`, `user_id`, `created_at`, `updated_at`, `disqualification_code_type_id`, `goggle_cup_points`, `reaction_time`, `team_points`, `team_affiliation_id`, `is_personal_best`, `is_season_type_best`)
  VALUES (418422, 2, 1, 0, 0, 776.45, 776.45, 13, 33, 80, 70098, 3741, 225, 31365, 1, '2016-05-25 06:39:44', '2016-05-25 06:39:44', NULL, 0.0, 0.0, 0.0, 1272, 0, 0);

INSERT INTO `meeting_individual_results` (`id`, `rank`, `is_play_off`, `is_out_of_race`, `is_disqualified`, `standard_points`, `meeting_individual_points`, `minutes`, `seconds`, `hundreds`, `meeting_program_id`, `swimmer_id`, `team_id`, `badge_id`, `user_id`, `created_at`, `updated_at`, `disqualification_code_type_id`, `goggle_cup_points`, `reaction_time`, `team_points`, `team_affiliation_id`, `is_personal_best`, `is_season_type_best`)
  VALUES (418423, 1, 1, 0, 0, 958.92, 958.92, 11, 51, 50, 70099, 3720, 223, 26811, 1, '2016-05-25 06:39:44', '2016-05-25 06:39:44', NULL, 0.0, 0.0, 0.0, 1269, 0, 0);

INSERT INTO `meeting_individual_results` (`id`, `rank`, `is_play_off`, `is_out_of_race`, `is_disqualified`, `standard_points`, `meeting_individual_points`, `minutes`, `seconds`, `hundreds`, `meeting_program_id`, `swimmer_id`, `team_id`, `badge_id`, `user_id`, `created_at`, `updated_at`, `disqualification_code_type_id`, `goggle_cup_points`, `reaction_time`, `team_points`, `team_affiliation_id`, `is_personal_best`, `is_season_type_best`)
  VALUES (418424, 2, 1, 0, 0, 860.82, 860.82, 13, 12, 60, 70099, 4751, 279, 48832, 1, '2016-05-25 06:39:44', '2016-05-25 06:39:44', NULL, 0.0, 0.0, 0.0, 957, 0, 0);

INSERT INTO `meeting_individual_results` (`id`, `rank`, `is_play_off`, `is_out_of_race`, `is_disqualified`, `standard_points`, `meeting_individual_points`, `minutes`, `seconds`, `hundreds`, `meeting_program_id`, `swimmer_id`, `team_id`, `badge_id`, `user_id`, `created_at`, `updated_at`, `disqualification_code_type_id`, `goggle_cup_points`, `reaction_time`, `team_points`, `team_affiliation_id`, `is_personal_best`, `is_season_type_best`)
  VALUES (418425, 1, 1, 0, 0, 752.41, 752.41, 16, 3, 70, 70100, 15910, 223, 50699, 1, '2016-05-25 06:39:44', '2016-05-25 06:39:44', NULL, 0.0, 0.0, 0.0, 1269, 0, 0);


-- Meeting 14235
-- 'Results acquired' flag setting:
UPDATE meetings SET are_results_acquired = '1' WHERE id = 14235;

-- --- BeginTimeCalculator: compute_for_all( 14235 )
-- ----------------------------------------------------
-- Using RESULTS to compute heat length.

-- Event #1, M.Prg: 70063, tot. athletes: 1
-- Tot. progr. duration: 1263 (sec), Heat durations: [126340] (hds)
-- Session begin time: 2014-11-09 08:30:00 +0100, Computed begin time: 2014-11-09 08:32:00 +0100
UPDATE meeting_programs SET begin_time = '2014-11-09 08:32' WHERE id = 70063;

-- Event #2, M.Prg: 70064, tot. athletes: 2
-- Tot. progr. duration: 1760 (sec), Heat durations: [176090] (hds)
-- Session begin time: 2014-11-09 08:30:00 +0100, Computed begin time: 2014-11-09 08:53:03 +0100
UPDATE meeting_programs SET begin_time = '2014-11-09 08:53' WHERE id = 70064;

-- Event #3, M.Prg: 70065, tot. athletes: 2
-- Tot. progr. duration: 1806 (sec), Heat durations: [180680] (hds)
-- Session begin time: 2014-11-09 08:30:00 +0100, Computed begin time: 2014-11-09 09:22:23 +0100
UPDATE meeting_programs SET begin_time = '2014-11-09 09:22' WHERE id = 70065;

-- Event #4, M.Prg: 70066, tot. athletes: 4
-- Tot. progr. duration: 1713 (sec), Heat durations: [171350] (hds)
-- Session begin time: 2014-11-09 08:30:00 +0100, Computed begin time: 2014-11-09 09:52:29 +0100
UPDATE meeting_programs SET begin_time = '2014-11-09 09:52' WHERE id = 70066;

-- Event #5, M.Prg: 70067, tot. athletes: 4
-- Tot. progr. duration: 1618 (sec), Heat durations: [161820] (hds)
-- Session begin time: 2014-11-09 08:30:00 +0100, Computed begin time: 2014-11-09 10:21:02 +0100
UPDATE meeting_programs SET begin_time = '2014-11-09 10:21' WHERE id = 70067;

-- Event #6, M.Prg: 70068, tot. athletes: 2
-- Tot. progr. duration: 1319 (sec), Heat durations: [131910] (hds)
-- Session begin time: 2014-11-09 08:30:00 +0100, Computed begin time: 2014-11-09 10:48:00 +0100
UPDATE meeting_programs SET begin_time = '2014-11-09 10:48' WHERE id = 70068;

-- Event #7, M.Prg: 70069, tot. athletes: 1
-- Tot. progr. duration: 1809 (sec), Heat durations: [180950] (hds)
-- Session begin time: 2014-11-09 08:30:00 +0100, Computed begin time: 2014-11-09 11:09:59 +0100
UPDATE meeting_programs SET begin_time = '2014-11-09 11:09' WHERE id = 70069;

-- Event #8, M.Prg: 70070, tot. athletes: 1
-- Tot. progr. duration: 1385 (sec), Heat durations: [138560] (hds)
-- Session begin time: 2014-11-09 08:30:00 +0100, Computed begin time: 2014-11-09 11:40:08 +0100
UPDATE meeting_programs SET begin_time = '2014-11-09 11:40' WHERE id = 70070;

-- Event #9, M.Prg: 70071, tot. athletes: 1
-- Tot. progr. duration: 1185 (sec), Heat durations: [118520] (hds)
-- Session begin time: 2014-11-09 08:30:00 +0100, Computed begin time: 2014-11-09 12:03:13 +0100
UPDATE meeting_programs SET begin_time = '2014-11-09 12:03' WHERE id = 70071;

-- Event #10, M.Prg: 70072, tot. athletes: 1
-- Tot. progr. duration: 1296 (sec), Heat durations: [129670] (hds)
-- Session begin time: 2014-11-09 08:30:00 +0100, Computed begin time: 2014-11-09 12:22:58 +0100
UPDATE meeting_programs SET begin_time = '2014-11-09 12:22' WHERE id = 70072;

-- Event #11, M.Prg: 70073, tot. athletes: 4
-- Tot. progr. duration: 1316 (sec), Heat durations: [131670] (hds)
-- Session begin time: 2014-11-09 08:30:00 +0100, Computed begin time: 2014-11-09 12:44:34 +0100
UPDATE meeting_programs SET begin_time = '2014-11-09 12:44' WHERE id = 70073;

-- Event #12, M.Prg: 70074, tot. athletes: 4
-- Tot. progr. duration: 1680 (sec), Heat durations: [168080] (hds)
-- Session begin time: 2014-11-09 08:30:00 +0100, Computed begin time: 2014-11-09 13:06:30 +0100
UPDATE meeting_programs SET begin_time = '2014-11-09 13:06' WHERE id = 70074;

-- Event #13, M.Prg: 70075, tot. athletes: 10
-- Tot. progr. duration: 2960 (sec), Heat durations: [165210, 130800] (hds)
-- Session begin time: 2014-11-09 08:30:00 +0100, Computed begin time: 2014-11-09 13:34:30 +0100
UPDATE meeting_programs SET begin_time = '2014-11-09 13:34' WHERE id = 70075;

-- Event #14, M.Prg: 70076, tot. athletes: 5
-- Tot. progr. duration: 1806 (sec), Heat durations: [180650] (hds)
-- Session begin time: 2014-11-09 08:30:00 +0100, Computed begin time: 2014-11-09 14:23:50 +0100
UPDATE meeting_programs SET begin_time = '2014-11-09 14:23' WHERE id = 70076;

-- Event #15, M.Prg: 70077, tot. athletes: 4
-- Tot. progr. duration: 1871 (sec), Heat durations: [187130] (hds)
-- Session begin time: 2014-11-09 08:30:00 +0100, Computed begin time: 2014-11-09 14:53:56 +0100
UPDATE meeting_programs SET begin_time = '2014-11-09 14:53' WHERE id = 70077;

-- Event #16, M.Prg: 70078, tot. athletes: 3
-- Tot. progr. duration: 2256 (sec), Heat durations: [225630] (hds)
-- Session begin time: 2014-11-09 08:30:00 +0100, Computed begin time: 2014-11-09 15:25:07 +0100
UPDATE meeting_programs SET begin_time = '2014-11-09 15:25' WHERE id = 70078;

-- Event #17, M.Prg: 70079, tot. athletes: 2
-- Tot. progr. duration: 1616 (sec), Heat durations: [161630] (hds)
-- Session begin time: 2014-11-09 08:30:00 +0100, Computed begin time: 2014-11-09 16:02:43 +0100
UPDATE meeting_programs SET begin_time = '2014-11-09 16:02' WHERE id = 70079;

-- Event #18, M.Prg: 70080, tot. athletes: 2
-- Tot. progr. duration: 1939 (sec), Heat durations: [193970] (hds)
-- Session begin time: 2014-11-09 08:30:00 +0100, Computed begin time: 2014-11-09 16:29:39 +0100
UPDATE meeting_programs SET begin_time = '2014-11-09 16:29' WHERE id = 70080;

-- Event #19, M.Prg: 70081, tot. athletes: 4
-- Tot. progr. duration: 741 (sec), Heat durations: [74140] (hds)
-- Session begin time: 2014-11-09 08:30:00 +0100, Computed begin time: 2014-11-09 17:01:58 +0100
UPDATE meeting_programs SET begin_time = '2014-11-09 17:01' WHERE id = 70081;

-- Event #20, M.Prg: 70082, tot. athletes: 4
-- Tot. progr. duration: 951 (sec), Heat durations: [95160] (hds)
-- Session begin time: 2014-11-09 08:30:00 +0100, Computed begin time: 2014-11-09 17:14:19 +0100
UPDATE meeting_programs SET begin_time = '2014-11-09 17:14' WHERE id = 70082;

-- Event #21, M.Prg: 70083, tot. athletes: 7
-- Tot. progr. duration: 921 (sec), Heat durations: [92150] (hds)
-- Session begin time: 2014-11-09 08:30:00 +0100, Computed begin time: 2014-11-09 17:30:10 +0100
UPDATE meeting_programs SET begin_time = '2014-11-09 17:30' WHERE id = 70083;

-- Event #22, M.Prg: 70084, tot. athletes: 5
-- Tot. progr. duration: 1047 (sec), Heat durations: [104740] (hds)
-- Session begin time: 2014-11-09 08:30:00 +0100, Computed begin time: 2014-11-09 17:45:31 +0100
UPDATE meeting_programs SET begin_time = '2014-11-09 17:45' WHERE id = 70084;

-- Event #23, M.Prg: 70085, tot. athletes: 5
-- Tot. progr. duration: 1005 (sec), Heat durations: [100520] (hds)
-- Session begin time: 2014-11-09 08:30:00 +0100, Computed begin time: 2014-11-09 18:02:58 +0100
UPDATE meeting_programs SET begin_time = '2014-11-09 18:02' WHERE id = 70085;

-- Event #24, M.Prg: 70086, tot. athletes: 2
-- Tot. progr. duration: 1075 (sec), Heat durations: [107500] (hds)
-- Session begin time: 2014-11-09 08:30:00 +0100, Computed begin time: 2014-11-09 18:19:43 +0100
UPDATE meeting_programs SET begin_time = '2014-11-09 18:19' WHERE id = 70086;

-- Event #25, M.Prg: 70087, tot. athletes: 1
-- Tot. progr. duration: 813 (sec), Heat durations: [81390] (hds)
-- Session begin time: 2014-11-09 08:30:00 +0100, Computed begin time: 2014-11-09 18:37:38 +0100
UPDATE meeting_programs SET begin_time = '2014-11-09 18:37' WHERE id = 70087;

-- Event #26, M.Prg: 70088, tot. athletes: 1
-- Tot. progr. duration: 976 (sec), Heat durations: [97690] (hds)
-- Session begin time: 2014-11-09 08:30:00 +0100, Computed begin time: 2014-11-09 18:51:11 +0100
UPDATE meeting_programs SET begin_time = '2014-11-09 18:51' WHERE id = 70088;

-- Event #27, M.Prg: 70089, tot. athletes: 1
-- Tot. progr. duration: 955 (sec), Heat durations: [95530] (hds)
-- Session begin time: 2014-11-09 08:30:00 +0100, Computed begin time: 2014-11-09 19:07:27 +0100
UPDATE meeting_programs SET begin_time = '2014-11-09 19:07' WHERE id = 70089;

-- Event #28, M.Prg: 70090, tot. athletes: 1
-- Tot. progr. duration: 60 (sec), Heat durations: [6000] (hds)
-- Session begin time: 2014-11-09 08:30:00 +0100, Computed begin time: 2014-11-09 19:23:22 +0100
UPDATE meeting_programs SET begin_time = '2014-11-09 19:23' WHERE id = 70090;

-- Event #29, M.Prg: 70091, tot. athletes: 7
-- Tot. progr. duration: 745 (sec), Heat durations: [74520] (hds)
-- Session begin time: 2014-11-09 08:30:00 +0100, Computed begin time: 2014-11-09 19:24:22 +0100
UPDATE meeting_programs SET begin_time = '2014-11-09 19:24' WHERE id = 70091;

-- Event #30, M.Prg: 70092, tot. athletes: 3
-- Tot. progr. duration: 746 (sec), Heat durations: [74670] (hds)
-- Session begin time: 2014-11-09 08:30:00 +0100, Computed begin time: 2014-11-09 19:36:47 +0100
UPDATE meeting_programs SET begin_time = '2014-11-09 19:36' WHERE id = 70092;

-- Event #31, M.Prg: 70093, tot. athletes: 7
-- Tot. progr. duration: 889 (sec), Heat durations: [88990] (hds)
-- Session begin time: 2014-11-09 08:30:00 +0100, Computed begin time: 2014-11-09 19:49:13 +0100
UPDATE meeting_programs SET begin_time = '2014-11-09 19:49' WHERE id = 70093;

-- Event #32, M.Prg: 70094, tot. athletes: 7
-- Tot. progr. duration: 909 (sec), Heat durations: [90910] (hds)
-- Session begin time: 2014-11-09 08:30:00 +0100, Computed begin time: 2014-11-09 20:04:02 +0100
UPDATE meeting_programs SET begin_time = '2014-11-09 20:04' WHERE id = 70094;

-- Event #33, M.Prg: 70095, tot. athletes: 10
-- Tot. progr. duration: 1559 (sec), Heat durations: [86340, 69620] (hds)
-- Session begin time: 2014-11-09 08:30:00 +0100, Computed begin time: 2014-11-09 20:19:11 +0100
UPDATE meeting_programs SET begin_time = '2014-11-09 20:19' WHERE id = 70095;

-- Event #34, M.Prg: 70096, tot. athletes: 6
-- Tot. progr. duration: 955 (sec), Heat durations: [95570] (hds)
-- Session begin time: 2014-11-09 08:30:00 +0100, Computed begin time: 2014-11-09 20:45:10 +0100
UPDATE meeting_programs SET begin_time = '2014-11-09 20:45' WHERE id = 70096;

-- Event #35, M.Prg: 70097, tot. athletes: 3
-- Tot. progr. duration: 1024 (sec), Heat durations: [102460] (hds)
-- Session begin time: 2014-11-09 08:30:00 +0100, Computed begin time: 2014-11-09 21:01:05 +0100
UPDATE meeting_programs SET begin_time = '2014-11-09 21:01' WHERE id = 70097;

-- Event #36, M.Prg: 70098, tot. athletes: 2
-- Tot. progr. duration: 873 (sec), Heat durations: [87380] (hds)
-- Session begin time: 2014-11-09 08:30:00 +0100, Computed begin time: 2014-11-09 21:18:09 +0100
UPDATE meeting_programs SET begin_time = '2014-11-09 21:18' WHERE id = 70098;

-- Event #37, M.Prg: 70099, tot. athletes: 2
-- Tot. progr. duration: 852 (sec), Heat durations: [85260] (hds)
-- Session begin time: 2014-11-09 08:30:00 +0100, Computed begin time: 2014-11-09 21:32:42 +0100
UPDATE meeting_programs SET begin_time = '2014-11-09 21:32' WHERE id = 70099;

-- Event #38, M.Prg: 70100, tot. athletes: 1
-- Tot. progr. duration: 1023 (sec), Heat durations: [102370] (hds)
-- Session begin time: 2014-11-09 08:30:00 +0100, Computed begin time: 2014-11-09 21:46:54 +0100
UPDATE meeting_programs SET begin_time = '2014-11-09 21:46' WHERE id = 70100;


-- Last completed phase code: 30
