-- *** SQL Diff file for ris20150530canosadipugliasottolestelle.txt ***
-- Timestamp: 201605160713
INSERT INTO `meeting_events` (`id`, `created_at`, `updated_at`, `event_order`, `begin_time`, `is_out_of_race`, `is_autofilled`, `notes`, `meeting_session_id`, `event_type_id`, `heat_type_id`, `user_id`, `has_separate_gender_start_list`, `has_separate_category_start_list`)
  VALUES (5491, '2016-05-16 07:15:55', '2016-05-16 07:15:55', 1, '2000-01-01 08:02:00', 0, 1, NULL, 728, 16, 3, 1, 1, 0);

INSERT INTO `meeting_programs` (`id`, `event_order`, `category_type_id`, `gender_type_id`, `user_id`, `created_at`, `updated_at`, `is_autofilled`, `is_out_of_race`, `begin_time`, `meeting_event_id`, `pool_type_id`, `time_standard_id`)
  VALUES (55104, 1, 837, 2, 1, '2016-05-16 07:15:55', '2016-05-16 07:15:55', 1, 0, '2000-01-01 08:02:00', 5491, 1, 3849);

INSERT INTO `meeting_programs` (`id`, `event_order`, `category_type_id`, `gender_type_id`, `user_id`, `created_at`, `updated_at`, `is_autofilled`, `is_out_of_race`, `begin_time`, `meeting_event_id`, `pool_type_id`, `time_standard_id`)
  VALUES (55105, 2, 838, 2, 1, '2016-05-16 07:15:56', '2016-05-16 07:15:56', 1, 0, '2000-01-01 08:04:00', 5491, 1, 3867);

INSERT INTO `meeting_programs` (`id`, `event_order`, `category_type_id`, `gender_type_id`, `user_id`, `created_at`, `updated_at`, `is_autofilled`, `is_out_of_race`, `begin_time`, `meeting_event_id`, `pool_type_id`, `time_standard_id`)
  VALUES (55106, 3, 834, 1, 1, '2016-05-16 07:15:56', '2016-05-16 07:15:56', 1, 0, '2000-01-01 08:06:00', 5491, 1, 3271);

INSERT INTO `meeting_programs` (`id`, `event_order`, `category_type_id`, `gender_type_id`, `user_id`, `created_at`, `updated_at`, `is_autofilled`, `is_out_of_race`, `begin_time`, `meeting_event_id`, `pool_type_id`, `time_standard_id`)
  VALUES (55107, 4, 835, 1, 1, '2016-05-16 07:15:56', '2016-05-16 07:15:56', 1, 0, '2000-01-01 08:08:00', 5491, 1, 3289);

INSERT INTO `meeting_programs` (`id`, `event_order`, `category_type_id`, `gender_type_id`, `user_id`, `created_at`, `updated_at`, `is_autofilled`, `is_out_of_race`, `begin_time`, `meeting_event_id`, `pool_type_id`, `time_standard_id`)
  VALUES (55108, 5, 836, 1, 1, '2016-05-16 07:15:56', '2016-05-16 07:15:56', 1, 0, '2000-01-01 08:10:00', 5491, 1, 3307);

INSERT INTO `meeting_programs` (`id`, `event_order`, `category_type_id`, `gender_type_id`, `user_id`, `created_at`, `updated_at`, `is_autofilled`, `is_out_of_race`, `begin_time`, `meeting_event_id`, `pool_type_id`, `time_standard_id`)
  VALUES (55109, 6, 837, 1, 1, '2016-05-16 07:15:56', '2016-05-16 07:15:56', 1, 0, '2000-01-01 08:12:00', 5491, 1, 3325);

INSERT INTO `meeting_programs` (`id`, `event_order`, `category_type_id`, `gender_type_id`, `user_id`, `created_at`, `updated_at`, `is_autofilled`, `is_out_of_race`, `begin_time`, `meeting_event_id`, `pool_type_id`, `time_standard_id`)
  VALUES (55110, 7, 838, 1, 1, '2016-05-16 07:15:56', '2016-05-16 07:15:56', 1, 0, '2000-01-01 08:14:00', 5491, 1, 3343);

INSERT INTO `meeting_programs` (`id`, `event_order`, `category_type_id`, `gender_type_id`, `user_id`, `created_at`, `updated_at`, `is_autofilled`, `is_out_of_race`, `begin_time`, `meeting_event_id`, `pool_type_id`, `time_standard_id`)
  VALUES (55111, 8, 839, 1, 1, '2016-05-16 07:15:56', '2016-05-16 07:15:56', 1, 0, '2000-01-01 08:16:00', 5491, 1, 3361);

INSERT INTO `meeting_programs` (`id`, `event_order`, `category_type_id`, `gender_type_id`, `user_id`, `created_at`, `updated_at`, `is_autofilled`, `is_out_of_race`, `begin_time`, `meeting_event_id`, `pool_type_id`, `time_standard_id`)
  VALUES (55112, 9, 840, 1, 1, '2016-05-16 07:15:56', '2016-05-16 07:15:56', 1, 0, '2000-01-01 08:18:00', 5491, 1, 3379);

INSERT INTO `meeting_programs` (`id`, `event_order`, `category_type_id`, `gender_type_id`, `user_id`, `created_at`, `updated_at`, `is_autofilled`, `is_out_of_race`, `begin_time`, `meeting_event_id`, `pool_type_id`, `time_standard_id`)
  VALUES (55113, 10, 843, 1, 1, '2016-05-16 07:15:56', '2016-05-16 07:15:56', 1, 0, '2000-01-01 08:20:00', 5491, 1, 3433);

INSERT INTO `meeting_events` (`id`, `created_at`, `updated_at`, `event_order`, `begin_time`, `is_out_of_race`, `is_autofilled`, `notes`, `meeting_session_id`, `event_type_id`, `heat_type_id`, `user_id`, `has_separate_gender_start_list`, `has_separate_category_start_list`)
  VALUES (5492, '2016-05-16 07:15:56', '2016-05-16 07:15:56', 2, '2000-01-01 08:22:00', 0, 1, NULL, 728, 22, 3, 1, 1, 0);

INSERT INTO `meeting_programs` (`id`, `event_order`, `category_type_id`, `gender_type_id`, `user_id`, `created_at`, `updated_at`, `is_autofilled`, `is_out_of_race`, `begin_time`, `meeting_event_id`, `pool_type_id`, `time_standard_id`)
  VALUES (55114, 11, 835, 2, 1, '2016-05-16 07:15:56', '2016-05-16 07:15:56', 1, 0, '2000-01-01 08:22:00', 5492, 1, 3821);

INSERT INTO `meeting_programs` (`id`, `event_order`, `category_type_id`, `gender_type_id`, `user_id`, `created_at`, `updated_at`, `is_autofilled`, `is_out_of_race`, `begin_time`, `meeting_event_id`, `pool_type_id`, `time_standard_id`)
  VALUES (55115, 12, 836, 2, 1, '2016-05-16 07:15:56', '2016-05-16 07:15:56', 1, 0, '2000-01-01 08:24:00', 5492, 1, 3839);

INSERT INTO `meeting_programs` (`id`, `event_order`, `category_type_id`, `gender_type_id`, `user_id`, `created_at`, `updated_at`, `is_autofilled`, `is_out_of_race`, `begin_time`, `meeting_event_id`, `pool_type_id`, `time_standard_id`)
  VALUES (55116, 13, 837, 2, 1, '2016-05-16 07:15:56', '2016-05-16 07:15:56', 1, 0, '2000-01-01 08:26:00', 5492, 1, 3857);

INSERT INTO `meeting_programs` (`id`, `event_order`, `category_type_id`, `gender_type_id`, `user_id`, `created_at`, `updated_at`, `is_autofilled`, `is_out_of_race`, `begin_time`, `meeting_event_id`, `pool_type_id`, `time_standard_id`)
  VALUES (55117, 14, 833, 2, 1, '2016-05-16 07:15:56', '2016-05-16 07:15:56', 1, 0, '2000-01-01 08:28:00', 5492, 1, NULL);

INSERT INTO `meeting_programs` (`id`, `event_order`, `category_type_id`, `gender_type_id`, `user_id`, `created_at`, `updated_at`, `is_autofilled`, `is_out_of_race`, `begin_time`, `meeting_event_id`, `pool_type_id`, `time_standard_id`)
  VALUES (55118, 15, 834, 1, 1, '2016-05-16 07:15:57', '2016-05-16 07:15:57', 1, 0, '2000-01-01 08:30:00', 5492, 1, 3279);

INSERT INTO `meeting_programs` (`id`, `event_order`, `category_type_id`, `gender_type_id`, `user_id`, `created_at`, `updated_at`, `is_autofilled`, `is_out_of_race`, `begin_time`, `meeting_event_id`, `pool_type_id`, `time_standard_id`)
  VALUES (55119, 16, 835, 1, 1, '2016-05-16 07:15:57', '2016-05-16 07:15:57', 1, 0, '2000-01-01 08:32:00', 5492, 1, 3297);

INSERT INTO `meeting_programs` (`id`, `event_order`, `category_type_id`, `gender_type_id`, `user_id`, `created_at`, `updated_at`, `is_autofilled`, `is_out_of_race`, `begin_time`, `meeting_event_id`, `pool_type_id`, `time_standard_id`)
  VALUES (55120, 17, 836, 1, 1, '2016-05-16 07:15:57', '2016-05-16 07:15:57', 1, 0, '2000-01-01 08:34:00', 5492, 1, 3315);

INSERT INTO `meeting_programs` (`id`, `event_order`, `category_type_id`, `gender_type_id`, `user_id`, `created_at`, `updated_at`, `is_autofilled`, `is_out_of_race`, `begin_time`, `meeting_event_id`, `pool_type_id`, `time_standard_id`)
  VALUES (55121, 18, 837, 1, 1, '2016-05-16 07:15:57', '2016-05-16 07:15:57', 1, 0, '2000-01-01 08:36:00', 5492, 1, 3333);

INSERT INTO `meeting_programs` (`id`, `event_order`, `category_type_id`, `gender_type_id`, `user_id`, `created_at`, `updated_at`, `is_autofilled`, `is_out_of_race`, `begin_time`, `meeting_event_id`, `pool_type_id`, `time_standard_id`)
  VALUES (55122, 19, 838, 1, 1, '2016-05-16 07:15:57', '2016-05-16 07:15:57', 1, 0, '2000-01-01 08:38:00', 5492, 1, 3351);

INSERT INTO `meeting_programs` (`id`, `event_order`, `category_type_id`, `gender_type_id`, `user_id`, `created_at`, `updated_at`, `is_autofilled`, `is_out_of_race`, `begin_time`, `meeting_event_id`, `pool_type_id`, `time_standard_id`)
  VALUES (55123, 20, 839, 1, 1, '2016-05-16 07:15:57', '2016-05-16 07:15:57', 1, 0, '2000-01-01 08:40:00', 5492, 1, 3369);

INSERT INTO `meeting_programs` (`id`, `event_order`, `category_type_id`, `gender_type_id`, `user_id`, `created_at`, `updated_at`, `is_autofilled`, `is_out_of_race`, `begin_time`, `meeting_event_id`, `pool_type_id`, `time_standard_id`)
  VALUES (55124, 21, 840, 1, 1, '2016-05-16 07:15:57', '2016-05-16 07:15:57', 1, 0, '2000-01-01 08:42:00', 5492, 1, 3387);

INSERT INTO `meeting_programs` (`id`, `event_order`, `category_type_id`, `gender_type_id`, `user_id`, `created_at`, `updated_at`, `is_autofilled`, `is_out_of_race`, `begin_time`, `meeting_event_id`, `pool_type_id`, `time_standard_id`)
  VALUES (55125, 22, 841, 1, 1, '2016-05-16 07:15:57', '2016-05-16 07:15:57', 1, 0, '2000-01-01 08:44:00', 5492, 1, 3405);

INSERT INTO `meeting_programs` (`id`, `event_order`, `category_type_id`, `gender_type_id`, `user_id`, `created_at`, `updated_at`, `is_autofilled`, `is_out_of_race`, `begin_time`, `meeting_event_id`, `pool_type_id`, `time_standard_id`)
  VALUES (55126, 23, 842, 1, 1, '2016-05-16 07:15:57', '2016-05-16 07:15:57', 1, 0, '2000-01-01 08:46:00', 5492, 1, 3423);

INSERT INTO `meeting_programs` (`id`, `event_order`, `category_type_id`, `gender_type_id`, `user_id`, `created_at`, `updated_at`, `is_autofilled`, `is_out_of_race`, `begin_time`, `meeting_event_id`, `pool_type_id`, `time_standard_id`)
  VALUES (55127, 24, 843, 1, 1, '2016-05-16 07:15:57', '2016-05-16 07:15:57', 1, 0, '2000-01-01 08:48:00', 5492, 1, 3441);

INSERT INTO `meeting_events` (`id`, `created_at`, `updated_at`, `event_order`, `begin_time`, `is_out_of_race`, `is_autofilled`, `notes`, `meeting_session_id`, `event_type_id`, `heat_type_id`, `user_id`, `has_separate_gender_start_list`, `has_separate_category_start_list`)
  VALUES (5493, '2016-05-16 07:15:57', '2016-05-16 07:15:57', 3, '2000-01-01 08:50:00', 0, 1, NULL, 728, 5, 3, 1, 1, 0);

INSERT INTO `meeting_programs` (`id`, `event_order`, `category_type_id`, `gender_type_id`, `user_id`, `created_at`, `updated_at`, `is_autofilled`, `is_out_of_race`, `begin_time`, `meeting_event_id`, `pool_type_id`, `time_standard_id`)
  VALUES (55128, 25, 835, 2, 1, '2016-05-16 07:15:57', '2016-05-16 07:15:57', 1, 0, '2000-01-01 08:50:00', 5493, 1, 3809);

INSERT INTO `meeting_programs` (`id`, `event_order`, `category_type_id`, `gender_type_id`, `user_id`, `created_at`, `updated_at`, `is_autofilled`, `is_out_of_race`, `begin_time`, `meeting_event_id`, `pool_type_id`, `time_standard_id`)
  VALUES (55129, 26, 837, 2, 1, '2016-05-16 07:15:57', '2016-05-16 07:15:57', 1, 0, '2000-01-01 08:52:00', 5493, 1, 3845);

INSERT INTO `meeting_programs` (`id`, `event_order`, `category_type_id`, `gender_type_id`, `user_id`, `created_at`, `updated_at`, `is_autofilled`, `is_out_of_race`, `begin_time`, `meeting_event_id`, `pool_type_id`, `time_standard_id`)
  VALUES (55130, 27, 833, 2, 1, '2016-05-16 07:15:58', '2016-05-16 07:15:58', 1, 0, '2000-01-01 08:54:00', 5493, 1, NULL);

INSERT INTO `meeting_programs` (`id`, `event_order`, `category_type_id`, `gender_type_id`, `user_id`, `created_at`, `updated_at`, `is_autofilled`, `is_out_of_race`, `begin_time`, `meeting_event_id`, `pool_type_id`, `time_standard_id`)
  VALUES (55131, 28, 835, 1, 1, '2016-05-16 07:15:58', '2016-05-16 07:15:58', 1, 0, '2000-01-01 08:56:00', 5493, 1, 3285);

INSERT INTO `meeting_programs` (`id`, `event_order`, `category_type_id`, `gender_type_id`, `user_id`, `created_at`, `updated_at`, `is_autofilled`, `is_out_of_race`, `begin_time`, `meeting_event_id`, `pool_type_id`, `time_standard_id`)
  VALUES (55132, 29, 836, 1, 1, '2016-05-16 07:15:58', '2016-05-16 07:15:58', 1, 0, '2000-01-01 08:58:00', 5493, 1, 3303);

INSERT INTO `meeting_programs` (`id`, `event_order`, `category_type_id`, `gender_type_id`, `user_id`, `created_at`, `updated_at`, `is_autofilled`, `is_out_of_race`, `begin_time`, `meeting_event_id`, `pool_type_id`, `time_standard_id`)
  VALUES (55133, 30, 837, 1, 1, '2016-05-16 07:15:58', '2016-05-16 07:15:58', 1, 0, '2000-01-01 09:00:00', 5493, 1, 3321);

INSERT INTO `meeting_programs` (`id`, `event_order`, `category_type_id`, `gender_type_id`, `user_id`, `created_at`, `updated_at`, `is_autofilled`, `is_out_of_race`, `begin_time`, `meeting_event_id`, `pool_type_id`, `time_standard_id`)
  VALUES (55134, 31, 838, 1, 1, '2016-05-16 07:15:58', '2016-05-16 07:15:58', 1, 0, '2000-01-01 09:02:00', 5493, 1, 3339);

INSERT INTO `meeting_programs` (`id`, `event_order`, `category_type_id`, `gender_type_id`, `user_id`, `created_at`, `updated_at`, `is_autofilled`, `is_out_of_race`, `begin_time`, `meeting_event_id`, `pool_type_id`, `time_standard_id`)
  VALUES (55135, 32, 840, 1, 1, '2016-05-16 07:15:58', '2016-05-16 07:15:58', 1, 0, '2000-01-01 09:04:00', 5493, 1, 3375);

INSERT INTO `meeting_programs` (`id`, `event_order`, `category_type_id`, `gender_type_id`, `user_id`, `created_at`, `updated_at`, `is_autofilled`, `is_out_of_race`, `begin_time`, `meeting_event_id`, `pool_type_id`, `time_standard_id`)
  VALUES (55136, 33, 833, 1, 1, '2016-05-16 07:15:58', '2016-05-16 07:15:58', 1, 0, '2000-01-01 09:06:00', 5493, 1, NULL);

INSERT INTO `meeting_events` (`id`, `created_at`, `updated_at`, `event_order`, `begin_time`, `is_out_of_race`, `is_autofilled`, `notes`, `meeting_session_id`, `event_type_id`, `heat_type_id`, `user_id`, `has_separate_gender_start_list`, `has_separate_category_start_list`)
  VALUES (5494, '2016-05-16 07:15:58', '2016-05-16 07:15:58', 4, '2000-01-01 09:08:00', 0, 1, NULL, 728, 11, 3, 1, 1, 0);

INSERT INTO `meeting_programs` (`id`, `event_order`, `category_type_id`, `gender_type_id`, `user_id`, `created_at`, `updated_at`, `is_autofilled`, `is_out_of_race`, `begin_time`, `meeting_event_id`, `pool_type_id`, `time_standard_id`)
  VALUES (55137, 34, 837, 2, 1, '2016-05-16 07:15:58', '2016-05-16 07:15:58', 1, 0, '2000-01-01 09:08:00', 5494, 1, 3854);

INSERT INTO `meeting_programs` (`id`, `event_order`, `category_type_id`, `gender_type_id`, `user_id`, `created_at`, `updated_at`, `is_autofilled`, `is_out_of_race`, `begin_time`, `meeting_event_id`, `pool_type_id`, `time_standard_id`)
  VALUES (55138, 35, 835, 1, 1, '2016-05-16 07:15:58', '2016-05-16 07:15:58', 1, 0, '2000-01-01 09:10:00', 5494, 1, 3294);

INSERT INTO `meeting_programs` (`id`, `event_order`, `category_type_id`, `gender_type_id`, `user_id`, `created_at`, `updated_at`, `is_autofilled`, `is_out_of_race`, `begin_time`, `meeting_event_id`, `pool_type_id`, `time_standard_id`)
  VALUES (55139, 36, 836, 1, 1, '2016-05-16 07:15:58', '2016-05-16 07:15:58', 1, 0, '2000-01-01 09:12:00', 5494, 1, 3312);

INSERT INTO `meeting_programs` (`id`, `event_order`, `category_type_id`, `gender_type_id`, `user_id`, `created_at`, `updated_at`, `is_autofilled`, `is_out_of_race`, `begin_time`, `meeting_event_id`, `pool_type_id`, `time_standard_id`)
  VALUES (55140, 37, 837, 1, 1, '2016-05-16 07:15:58', '2016-05-16 07:15:58', 1, 0, '2000-01-01 09:14:00', 5494, 1, 3330);

INSERT INTO `meeting_programs` (`id`, `event_order`, `category_type_id`, `gender_type_id`, `user_id`, `created_at`, `updated_at`, `is_autofilled`, `is_out_of_race`, `begin_time`, `meeting_event_id`, `pool_type_id`, `time_standard_id`)
  VALUES (55141, 38, 839, 1, 1, '2016-05-16 07:15:58', '2016-05-16 07:15:58', 1, 0, '2000-01-01 09:16:00', 5494, 1, 3366);

INSERT INTO `meeting_programs` (`id`, `event_order`, `category_type_id`, `gender_type_id`, `user_id`, `created_at`, `updated_at`, `is_autofilled`, `is_out_of_race`, `begin_time`, `meeting_event_id`, `pool_type_id`, `time_standard_id`)
  VALUES (55142, 39, 841, 1, 1, '2016-05-16 07:15:59', '2016-05-16 07:15:59', 1, 0, '2000-01-01 09:18:00', 5494, 1, 3402);

INSERT INTO `meeting_programs` (`id`, `event_order`, `category_type_id`, `gender_type_id`, `user_id`, `created_at`, `updated_at`, `is_autofilled`, `is_out_of_race`, `begin_time`, `meeting_event_id`, `pool_type_id`, `time_standard_id`)
  VALUES (55143, 40, 833, 1, 1, '2016-05-16 07:15:59', '2016-05-16 07:15:59', 1, 0, '2000-01-01 09:20:00', 5494, 1, NULL);

INSERT INTO `meeting_events` (`id`, `created_at`, `updated_at`, `event_order`, `begin_time`, `is_out_of_race`, `is_autofilled`, `notes`, `meeting_session_id`, `event_type_id`, `heat_type_id`, `user_id`, `has_separate_gender_start_list`, `has_separate_category_start_list`)
  VALUES (5495, '2016-05-16 07:15:59', '2016-05-16 07:15:59', 5, '2000-01-01 09:22:00', 0, 1, NULL, 728, 19, 3, 1, 1, 0);

INSERT INTO `meeting_programs` (`id`, `event_order`, `category_type_id`, `gender_type_id`, `user_id`, `created_at`, `updated_at`, `is_autofilled`, `is_out_of_race`, `begin_time`, `meeting_event_id`, `pool_type_id`, `time_standard_id`)
  VALUES (55144, 41, 835, 2, 1, '2016-05-16 07:15:59', '2016-05-16 07:15:59', 1, 0, '2000-01-01 09:22:00', 5495, 1, 3815);

INSERT INTO `meeting_programs` (`id`, `event_order`, `category_type_id`, `gender_type_id`, `user_id`, `created_at`, `updated_at`, `is_autofilled`, `is_out_of_race`, `begin_time`, `meeting_event_id`, `pool_type_id`, `time_standard_id`)
  VALUES (55145, 42, 836, 2, 1, '2016-05-16 07:15:59', '2016-05-16 07:15:59', 1, 0, '2000-01-01 09:24:00', 5495, 1, 3833);

INSERT INTO `meeting_programs` (`id`, `event_order`, `category_type_id`, `gender_type_id`, `user_id`, `created_at`, `updated_at`, `is_autofilled`, `is_out_of_race`, `begin_time`, `meeting_event_id`, `pool_type_id`, `time_standard_id`)
  VALUES (55146, 43, 837, 2, 1, '2016-05-16 07:15:59', '2016-05-16 07:15:59', 1, 0, '2000-01-01 09:26:00', 5495, 1, 3851);

INSERT INTO `meeting_programs` (`id`, `event_order`, `category_type_id`, `gender_type_id`, `user_id`, `created_at`, `updated_at`, `is_autofilled`, `is_out_of_race`, `begin_time`, `meeting_event_id`, `pool_type_id`, `time_standard_id`)
  VALUES (55147, 44, 833, 2, 1, '2016-05-16 07:15:59', '2016-05-16 07:15:59', 1, 0, '2000-01-01 09:28:00', 5495, 1, NULL);

INSERT INTO `meeting_programs` (`id`, `event_order`, `category_type_id`, `gender_type_id`, `user_id`, `created_at`, `updated_at`, `is_autofilled`, `is_out_of_race`, `begin_time`, `meeting_event_id`, `pool_type_id`, `time_standard_id`)
  VALUES (55148, 45, 835, 1, 1, '2016-05-16 07:15:59', '2016-05-16 07:15:59', 1, 0, '2000-01-01 09:30:00', 5495, 1, 3291);

INSERT INTO `meeting_programs` (`id`, `event_order`, `category_type_id`, `gender_type_id`, `user_id`, `created_at`, `updated_at`, `is_autofilled`, `is_out_of_race`, `begin_time`, `meeting_event_id`, `pool_type_id`, `time_standard_id`)
  VALUES (55149, 46, 836, 1, 1, '2016-05-16 07:15:59', '2016-05-16 07:15:59', 1, 0, '2000-01-01 09:32:00', 5495, 1, 3309);

INSERT INTO `meeting_programs` (`id`, `event_order`, `category_type_id`, `gender_type_id`, `user_id`, `created_at`, `updated_at`, `is_autofilled`, `is_out_of_race`, `begin_time`, `meeting_event_id`, `pool_type_id`, `time_standard_id`)
  VALUES (55150, 47, 837, 1, 1, '2016-05-16 07:15:59', '2016-05-16 07:15:59', 1, 0, '2000-01-01 09:34:00', 5495, 1, 3327);

INSERT INTO `meeting_programs` (`id`, `event_order`, `category_type_id`, `gender_type_id`, `user_id`, `created_at`, `updated_at`, `is_autofilled`, `is_out_of_race`, `begin_time`, `meeting_event_id`, `pool_type_id`, `time_standard_id`)
  VALUES (55151, 48, 838, 1, 1, '2016-05-16 07:15:59', '2016-05-16 07:15:59', 1, 0, '2000-01-01 09:36:00', 5495, 1, 3345);

INSERT INTO `meeting_programs` (`id`, `event_order`, `category_type_id`, `gender_type_id`, `user_id`, `created_at`, `updated_at`, `is_autofilled`, `is_out_of_race`, `begin_time`, `meeting_event_id`, `pool_type_id`, `time_standard_id`)
  VALUES (55152, 49, 839, 1, 1, '2016-05-16 07:15:59', '2016-05-16 07:15:59', 1, 0, '2000-01-01 09:38:00', 5495, 1, 3363);

INSERT INTO `meeting_programs` (`id`, `event_order`, `category_type_id`, `gender_type_id`, `user_id`, `created_at`, `updated_at`, `is_autofilled`, `is_out_of_race`, `begin_time`, `meeting_event_id`, `pool_type_id`, `time_standard_id`)
  VALUES (55153, 50, 840, 1, 1, '2016-05-16 07:15:59', '2016-05-16 07:15:59', 1, 0, '2000-01-01 09:40:00', 5495, 1, 3381);

INSERT INTO `meeting_programs` (`id`, `event_order`, `category_type_id`, `gender_type_id`, `user_id`, `created_at`, `updated_at`, `is_autofilled`, `is_out_of_race`, `begin_time`, `meeting_event_id`, `pool_type_id`, `time_standard_id`)
  VALUES (55154, 51, 841, 1, 1, '2016-05-16 07:15:59', '2016-05-16 07:15:59', 1, 0, '2000-01-01 09:42:00', 5495, 1, 3399);

INSERT INTO `meeting_programs` (`id`, `event_order`, `category_type_id`, `gender_type_id`, `user_id`, `created_at`, `updated_at`, `is_autofilled`, `is_out_of_race`, `begin_time`, `meeting_event_id`, `pool_type_id`, `time_standard_id`)
  VALUES (55155, 52, 842, 1, 1, '2016-05-16 07:15:59', '2016-05-16 07:15:59', 1, 0, '2000-01-01 09:44:00', 5495, 1, 3417);

INSERT INTO `meeting_programs` (`id`, `event_order`, `category_type_id`, `gender_type_id`, `user_id`, `created_at`, `updated_at`, `is_autofilled`, `is_out_of_race`, `begin_time`, `meeting_event_id`, `pool_type_id`, `time_standard_id`)
  VALUES (55156, 53, 833, 1, 1, '2016-05-16 07:15:59', '2016-05-16 07:15:59', 1, 0, '2000-01-01 09:46:00', 5495, 1, NULL);

INSERT INTO `meeting_events` (`id`, `created_at`, `updated_at`, `event_order`, `begin_time`, `is_out_of_race`, `is_autofilled`, `notes`, `meeting_session_id`, `event_type_id`, `heat_type_id`, `user_id`, `has_separate_gender_start_list`, `has_separate_category_start_list`)
  VALUES (5496, '2016-05-16 07:16:00', '2016-05-16 07:16:00', 6, '2000-01-01 09:48:00', 0, 1, NULL, 728, 2, 3, 1, 1, 0);

INSERT INTO `meeting_programs` (`id`, `event_order`, `category_type_id`, `gender_type_id`, `user_id`, `created_at`, `updated_at`, `is_autofilled`, `is_out_of_race`, `begin_time`, `meeting_event_id`, `pool_type_id`, `time_standard_id`)
  VALUES (55157, 54, 835, 2, 1, '2016-05-16 07:16:00', '2016-05-16 07:16:00', 1, 0, '2000-01-01 09:48:00', 5496, 1, 3806);

INSERT INTO `meeting_programs` (`id`, `event_order`, `category_type_id`, `gender_type_id`, `user_id`, `created_at`, `updated_at`, `is_autofilled`, `is_out_of_race`, `begin_time`, `meeting_event_id`, `pool_type_id`, `time_standard_id`)
  VALUES (55158, 55, 838, 2, 1, '2016-05-16 07:16:00', '2016-05-16 07:16:00', 1, 0, '2000-01-01 09:50:00', 5496, 1, 3860);

INSERT INTO `meeting_programs` (`id`, `event_order`, `category_type_id`, `gender_type_id`, `user_id`, `created_at`, `updated_at`, `is_autofilled`, `is_out_of_race`, `begin_time`, `meeting_event_id`, `pool_type_id`, `time_standard_id`)
  VALUES (55159, 56, 833, 2, 1, '2016-05-16 07:16:00', '2016-05-16 07:16:00', 1, 0, '2000-01-01 09:52:00', 5496, 1, NULL);

INSERT INTO `meeting_programs` (`id`, `event_order`, `category_type_id`, `gender_type_id`, `user_id`, `created_at`, `updated_at`, `is_autofilled`, `is_out_of_race`, `begin_time`, `meeting_event_id`, `pool_type_id`, `time_standard_id`)
  VALUES (55160, 57, 834, 1, 1, '2016-05-16 07:16:00', '2016-05-16 07:16:00', 1, 0, '2000-01-01 09:54:00', 5496, 1, 3264);

INSERT INTO `meeting_programs` (`id`, `event_order`, `category_type_id`, `gender_type_id`, `user_id`, `created_at`, `updated_at`, `is_autofilled`, `is_out_of_race`, `begin_time`, `meeting_event_id`, `pool_type_id`, `time_standard_id`)
  VALUES (55161, 58, 835, 1, 1, '2016-05-16 07:16:00', '2016-05-16 07:16:00', 1, 0, '2000-01-01 09:56:00', 5496, 1, 3282);

INSERT INTO `meeting_programs` (`id`, `event_order`, `category_type_id`, `gender_type_id`, `user_id`, `created_at`, `updated_at`, `is_autofilled`, `is_out_of_race`, `begin_time`, `meeting_event_id`, `pool_type_id`, `time_standard_id`)
  VALUES (55162, 59, 836, 1, 1, '2016-05-16 07:16:00', '2016-05-16 07:16:00', 1, 0, '2000-01-01 09:58:00', 5496, 1, 3300);

INSERT INTO `meeting_programs` (`id`, `event_order`, `category_type_id`, `gender_type_id`, `user_id`, `created_at`, `updated_at`, `is_autofilled`, `is_out_of_race`, `begin_time`, `meeting_event_id`, `pool_type_id`, `time_standard_id`)
  VALUES (55163, 60, 837, 1, 1, '2016-05-16 07:16:00', '2016-05-16 07:16:00', 1, 0, '2000-01-01 10:00:00', 5496, 1, 3318);

INSERT INTO `meeting_programs` (`id`, `event_order`, `category_type_id`, `gender_type_id`, `user_id`, `created_at`, `updated_at`, `is_autofilled`, `is_out_of_race`, `begin_time`, `meeting_event_id`, `pool_type_id`, `time_standard_id`)
  VALUES (55164, 61, 838, 1, 1, '2016-05-16 07:16:00', '2016-05-16 07:16:00', 1, 0, '2000-01-01 10:02:00', 5496, 1, 3336);

INSERT INTO `meeting_programs` (`id`, `event_order`, `category_type_id`, `gender_type_id`, `user_id`, `created_at`, `updated_at`, `is_autofilled`, `is_out_of_race`, `begin_time`, `meeting_event_id`, `pool_type_id`, `time_standard_id`)
  VALUES (55165, 62, 839, 1, 1, '2016-05-16 07:16:00', '2016-05-16 07:16:00', 1, 0, '2000-01-01 10:04:00', 5496, 1, 3354);

INSERT INTO `meeting_programs` (`id`, `event_order`, `category_type_id`, `gender_type_id`, `user_id`, `created_at`, `updated_at`, `is_autofilled`, `is_out_of_race`, `begin_time`, `meeting_event_id`, `pool_type_id`, `time_standard_id`)
  VALUES (55166, 63, 840, 1, 1, '2016-05-16 07:16:00', '2016-05-16 07:16:00', 1, 0, '2000-01-01 10:06:00', 5496, 1, 3372);

INSERT INTO `meeting_programs` (`id`, `event_order`, `category_type_id`, `gender_type_id`, `user_id`, `created_at`, `updated_at`, `is_autofilled`, `is_out_of_race`, `begin_time`, `meeting_event_id`, `pool_type_id`, `time_standard_id`)
  VALUES (55167, 64, 841, 1, 1, '2016-05-16 07:16:00', '2016-05-16 07:16:00', 1, 0, '2000-01-01 10:08:00', 5496, 1, 3390);

INSERT INTO `meeting_programs` (`id`, `event_order`, `category_type_id`, `gender_type_id`, `user_id`, `created_at`, `updated_at`, `is_autofilled`, `is_out_of_race`, `begin_time`, `meeting_event_id`, `pool_type_id`, `time_standard_id`)
  VALUES (55168, 65, 833, 1, 1, '2016-05-16 07:16:00', '2016-05-16 07:16:00', 1, 0, '2000-01-01 10:10:00', 5496, 1, NULL);

INSERT INTO `teams` (`id`, `name`, `editable_name`, `address`, `zip`, `phone_mobile`, `phone_number`, `fax_number`, `e_mail`, `contact_name`, `notes`, `name_variations`, `city_id`, `user_id`, `created_at`, `updated_at`, `home_page_url`)
  VALUES (947, 'C.F. FIN AVEZZANO', 'C.F. FIN AVEZZANO', NULL, NULL, NULL, NULL, NULL, NULL, NULL, NULL, 'C.F. FIN AVEZZANO', NULL, 1, '2016-05-16 07:16:00', '2016-05-16 07:16:00', NULL);

INSERT INTO `team_affiliations` (`id`, `number`, `name`, `must_calculate_goggle_cup`, `team_id`, `season_id`, `user_id`, `created_at`, `updated_at`, `is_autofilled`)
  VALUES (2226, NULL, 'C.F. FIN AVEZZANO', 0, 947, 142, 1, '2016-05-16 07:16:00', '2016-05-16 07:16:00', 1);

INSERT INTO `swimmers` (`id`, `last_name`, `first_name`, `year_of_birth`, `phone_mobile`, `phone_number`, `e_mail`, `nickname`, `associated_user_id`, `gender_type_id`, `user_id`, `created_at`, `updated_at`, `complete_name`, `is_year_guessed`)
  VALUES (25613, 'DI PALMA', 'RINO CRISTOFORO', 1984, NULL, NULL, NULL, '', NULL, 1, 1, '2016-05-16 07:16:00', '2016-05-16 07:16:00', 'DI PALMA RINO CRISTOFORO', 0);

INSERT INTO `swimmers` (`id`, `last_name`, `first_name`, `year_of_birth`, `phone_mobile`, `phone_number`, `e_mail`, `nickname`, `associated_user_id`, `gender_type_id`, `user_id`, `created_at`, `updated_at`, `complete_name`, `is_year_guessed`)
  VALUES (25614, 'IODICE', 'LUCA', 1988, NULL, NULL, NULL, '', NULL, 1, 1, '2016-05-16 07:16:00', '2016-05-16 07:16:00', 'IODICE LUCA', 0);

INSERT INTO `swimmers` (`id`, `last_name`, `first_name`, `year_of_birth`, `phone_mobile`, `phone_number`, `e_mail`, `nickname`, `associated_user_id`, `gender_type_id`, `user_id`, `created_at`, `updated_at`, `complete_name`, `is_year_guessed`)
  VALUES (25615, 'MANGIONE', 'ANDREA', 1992, NULL, NULL, NULL, '', NULL, 1, 1, '2016-05-16 07:16:00', '2016-05-16 07:16:00', 'MANGIONE ANDREA', 0);

INSERT INTO `swimmers` (`id`, `last_name`, `first_name`, `year_of_birth`, `phone_mobile`, `phone_number`, `e_mail`, `nickname`, `associated_user_id`, `gender_type_id`, `user_id`, `created_at`, `updated_at`, `complete_name`, `is_year_guessed`)
  VALUES (25616, 'MARGANI', 'DEBORAH', 1994, NULL, NULL, NULL, '', NULL, 2, 1, '2016-05-16 07:16:00', '2016-05-16 07:16:00', 'MARGANI DEBORAH', 0);

INSERT INTO `badges` (`id`, `number`, `season_id`, `swimmer_id`, `team_id`, `category_type_id`, `user_id`, `created_at`, `updated_at`, `entry_time_type_id`, `team_affiliation_id`, `final_rank`)
  VALUES (48112, '?', 142, 18313, 210, 837, 1, '2016-05-16 07:16:01', '2016-05-16 07:16:01', 5, 1218, NULL);

INSERT INTO `badges` (`id`, `number`, `season_id`, `swimmer_id`, `team_id`, `category_type_id`, `user_id`, `created_at`, `updated_at`, `entry_time_type_id`, `team_affiliation_id`, `final_rank`)
  VALUES (48113, '?', 142, 11946, 589, 836, 1, '2016-05-16 07:16:01', '2016-05-16 07:16:01', 5, 1458, NULL);

INSERT INTO `badges` (`id`, `number`, `season_id`, `swimmer_id`, `team_id`, `category_type_id`, `user_id`, `created_at`, `updated_at`, `entry_time_type_id`, `team_affiliation_id`, `final_rank`)
  VALUES (48114, '?', 142, 13245, 589, 837, 1, '2016-05-16 07:16:01', '2016-05-16 07:16:01', 5, 1458, NULL);

INSERT INTO `badges` (`id`, `number`, `season_id`, `swimmer_id`, `team_id`, `category_type_id`, `user_id`, `created_at`, `updated_at`, `entry_time_type_id`, `team_affiliation_id`, `final_rank`)
  VALUES (48115, '?', 142, 21131, 947, 833, 1, '2016-05-16 07:16:01', '2016-05-16 07:16:01', 5, 2226, NULL);

INSERT INTO `badges` (`id`, `number`, `season_id`, `swimmer_id`, `team_id`, `category_type_id`, `user_id`, `created_at`, `updated_at`, `entry_time_type_id`, `team_affiliation_id`, `final_rank`)
  VALUES (48116, '?', 142, 13283, 589, 835, 1, '2016-05-16 07:16:01', '2016-05-16 07:16:01', 5, 1458, NULL);

INSERT INTO `badges` (`id`, `number`, `season_id`, `swimmer_id`, `team_id`, `category_type_id`, `user_id`, `created_at`, `updated_at`, `entry_time_type_id`, `team_affiliation_id`, `final_rank`)
  VALUES (48117, '?', 142, 17212, 578, 836, 1, '2016-05-16 07:16:01', '2016-05-16 07:16:01', 5, 1498, NULL);

INSERT INTO `badges` (`id`, `number`, `season_id`, `swimmer_id`, `team_id`, `category_type_id`, `user_id`, `created_at`, `updated_at`, `entry_time_type_id`, `team_affiliation_id`, `final_rank`)
  VALUES (48118, '?', 142, 15530, 589, 837, 1, '2016-05-16 07:16:01', '2016-05-16 07:16:01', 5, 1458, NULL);

INSERT INTO `badges` (`id`, `number`, `season_id`, `swimmer_id`, `team_id`, `category_type_id`, `user_id`, `created_at`, `updated_at`, `entry_time_type_id`, `team_affiliation_id`, `final_rank`)
  VALUES (48119, '?', 142, 25616, 947, 833, 1, '2016-05-16 07:16:01', '2016-05-16 07:16:01', 5, 2226, NULL);

INSERT INTO `badges` (`id`, `number`, `season_id`, `swimmer_id`, `team_id`, `category_type_id`, `user_id`, `created_at`, `updated_at`, `entry_time_type_id`, `team_affiliation_id`, `final_rank`)
  VALUES (48120, '?', 142, 25613, 589, 835, 1, '2016-05-16 07:16:01', '2016-05-16 07:16:01', 5, 1458, NULL);

INSERT INTO `badges` (`id`, `number`, `season_id`, `swimmer_id`, `team_id`, `category_type_id`, `user_id`, `created_at`, `updated_at`, `entry_time_type_id`, `team_affiliation_id`, `final_rank`)
  VALUES (48121, '?', 142, 25615, 571, 833, 1, '2016-05-16 07:16:01', '2016-05-16 07:16:01', 5, 1503, NULL);

INSERT INTO `badges` (`id`, `number`, `season_id`, `swimmer_id`, `team_id`, `category_type_id`, `user_id`, `created_at`, `updated_at`, `entry_time_type_id`, `team_affiliation_id`, `final_rank`)
  VALUES (48122, '?', 142, 11950, 589, 837, 1, '2016-05-16 07:16:01', '2016-05-16 07:16:01', 5, 1458, NULL);

INSERT INTO `badges` (`id`, `number`, `season_id`, `swimmer_id`, `team_id`, `category_type_id`, `user_id`, `created_at`, `updated_at`, `entry_time_type_id`, `team_affiliation_id`, `final_rank`)
  VALUES (48123, '?', 142, 15370, 582, 838, 1, '2016-05-16 07:16:01', '2016-05-16 07:16:01', 5, 1266, NULL);

INSERT INTO `badges` (`id`, `number`, `season_id`, `swimmer_id`, `team_id`, `category_type_id`, `user_id`, `created_at`, `updated_at`, `entry_time_type_id`, `team_affiliation_id`, `final_rank`)
  VALUES (48124, '?', 142, 17868, 669, 833, 1, '2016-05-16 07:16:01', '2016-05-16 07:16:01', 5, 1499, NULL);

INSERT INTO `badges` (`id`, `number`, `season_id`, `swimmer_id`, `team_id`, `category_type_id`, `user_id`, `created_at`, `updated_at`, `entry_time_type_id`, `team_affiliation_id`, `final_rank`)
  VALUES (48125, '?', 142, 23922, 669, 834, 1, '2016-05-16 07:16:01', '2016-05-16 07:16:01', 5, 1499, NULL);

INSERT INTO `badges` (`id`, `number`, `season_id`, `swimmer_id`, `team_id`, `category_type_id`, `user_id`, `created_at`, `updated_at`, `entry_time_type_id`, `team_affiliation_id`, `final_rank`)
  VALUES (48126, '?', 142, 25614, 669, 834, 1, '2016-05-16 07:16:01', '2016-05-16 07:16:01', 5, 1499, NULL);

INSERT INTO `badges` (`id`, `number`, `season_id`, `swimmer_id`, `team_id`, `category_type_id`, `user_id`, `created_at`, `updated_at`, `entry_time_type_id`, `team_affiliation_id`, `final_rank`)
  VALUES (48127, '?', 142, 18316, 571, 839, 1, '2016-05-16 07:16:01', '2016-05-16 07:16:01', 5, 1503, NULL);

INSERT INTO `meeting_individual_results` (`id`, `rank`, `is_play_off`, `is_out_of_race`, `is_disqualified`, `standard_points`, `meeting_individual_points`, `minutes`, `seconds`, `hundreds`, `meeting_program_id`, `swimmer_id`, `team_id`, `badge_id`, `user_id`, `created_at`, `updated_at`, `disqualification_code_type_id`, `goggle_cup_points`, `reaction_time`, `team_points`, `team_affiliation_id`, `is_personal_best`, `is_season_type_best`)
  VALUES (346320, 1, 1, 0, 0, 584.18, 584.18, 1, 53, 15, 55104, 18313, 210, 48112, 1, '2016-05-16 07:16:01', '2016-05-16 07:16:01', NULL, 0.0, 0.0, 0.0, 1218, 0, 0);

INSERT INTO `meeting_individual_results` (`id`, `rank`, `is_play_off`, `is_out_of_race`, `is_disqualified`, `standard_points`, `meeting_individual_points`, `minutes`, `seconds`, `hundreds`, `meeting_program_id`, `swimmer_id`, `team_id`, `badge_id`, `user_id`, `created_at`, `updated_at`, `disqualification_code_type_id`, `goggle_cup_points`, `reaction_time`, `team_points`, `team_affiliation_id`, `is_personal_best`, `is_season_type_best`)
  VALUES (346321, 1, 1, 0, 0, 845.86, 845.86, 1, 20, 77, 55105, 2961, 54, 29755, 1, '2016-05-16 07:16:01', '2016-05-16 07:16:01', NULL, 0.0, 0.0, 0.0, 995, 0, 0);

INSERT INTO `meeting_individual_results` (`id`, `rank`, `is_play_off`, `is_out_of_race`, `is_disqualified`, `standard_points`, `meeting_individual_points`, `minutes`, `seconds`, `hundreds`, `meeting_program_id`, `swimmer_id`, `team_id`, `badge_id`, `user_id`, `created_at`, `updated_at`, `disqualification_code_type_id`, `goggle_cup_points`, `reaction_time`, `team_points`, `team_affiliation_id`, `is_personal_best`, `is_season_type_best`)
  VALUES (346322, 1, 1, 0, 0, 726.42, 726.42, 1, 16, 3, 55106, 9314, 487, 31643, 1, '2016-05-16 07:16:02', '2016-05-16 07:16:02', NULL, 0.0, 0.0, 0.0, 1511, 0, 0);

INSERT INTO `meeting_individual_results` (`id`, `rank`, `is_play_off`, `is_out_of_race`, `is_disqualified`, `standard_points`, `meeting_individual_points`, `minutes`, `seconds`, `hundreds`, `meeting_program_id`, `swimmer_id`, `team_id`, `badge_id`, `user_id`, `created_at`, `updated_at`, `disqualification_code_type_id`, `goggle_cup_points`, `reaction_time`, `team_points`, `team_affiliation_id`, `is_personal_best`, `is_season_type_best`)
  VALUES (346323, 1, 1, 0, 0, 627.97, 627.97, 1, 29, 8, 55107, 18311, 210, 30907, 1, '2016-05-16 07:16:02', '2016-05-16 07:16:02', NULL, 0.0, 0.0, 0.0, 1218, 0, 0);

INSERT INTO `meeting_individual_results` (`id`, `rank`, `is_play_off`, `is_out_of_race`, `is_disqualified`, `standard_points`, `meeting_individual_points`, `minutes`, `seconds`, `hundreds`, `meeting_program_id`, `swimmer_id`, `team_id`, `badge_id`, `user_id`, `created_at`, `updated_at`, `disqualification_code_type_id`, `goggle_cup_points`, `reaction_time`, `team_points`, `team_affiliation_id`, `is_personal_best`, `is_season_type_best`)
  VALUES (346324, 2, 1, 0, 0, 457.4, 457.4, 2, 2, 30, 55107, 13280, 578, 30954, 1, '2016-05-16 07:16:02', '2016-05-16 07:16:02', NULL, 0.0, 0.0, 0.0, 1498, 0, 0);

INSERT INTO `meeting_individual_results` (`id`, `rank`, `is_play_off`, `is_out_of_race`, `is_disqualified`, `standard_points`, `meeting_individual_points`, `minutes`, `seconds`, `hundreds`, `meeting_program_id`, `swimmer_id`, `team_id`, `badge_id`, `user_id`, `created_at`, `updated_at`, `disqualification_code_type_id`, `goggle_cup_points`, `reaction_time`, `team_points`, `team_affiliation_id`, `is_personal_best`, `is_season_type_best`)
  VALUES (346325, 1, 1, 0, 0, 633.74, 633.74, 1, 30, 29, 55108, 11946, 589, 48113, 1, '2016-05-16 07:16:02', '2016-05-16 07:16:02', NULL, 0.0, 0.0, 0.0, 1458, 0, 0);

INSERT INTO `meeting_individual_results` (`id`, `rank`, `is_play_off`, `is_out_of_race`, `is_disqualified`, `standard_points`, `meeting_individual_points`, `minutes`, `seconds`, `hundreds`, `meeting_program_id`, `swimmer_id`, `team_id`, `badge_id`, `user_id`, `created_at`, `updated_at`, `disqualification_code_type_id`, `goggle_cup_points`, `reaction_time`, `team_points`, `team_affiliation_id`, `is_personal_best`, `is_season_type_best`)
  VALUES (346326, 1, 1, 0, 0, 582.96, 582.96, 1, 39, 51, 55109, 13245, 589, 48114, 1, '2016-05-16 07:16:02', '2016-05-16 07:16:02', NULL, 0.0, 0.0, 0.0, 1458, 0, 0);

INSERT INTO `meeting_individual_results` (`id`, `rank`, `is_play_off`, `is_out_of_race`, `is_disqualified`, `standard_points`, `meeting_individual_points`, `minutes`, `seconds`, `hundreds`, `meeting_program_id`, `swimmer_id`, `team_id`, `badge_id`, `user_id`, `created_at`, `updated_at`, `disqualification_code_type_id`, `goggle_cup_points`, `reaction_time`, `team_points`, `team_affiliation_id`, `is_personal_best`, `is_season_type_best`)
  VALUES (346327, 2, 1, 0, 1, 0.0, 0.0, 0, 0, 0, 55109, 12141, 571, 31159, 1, '2016-05-16 07:16:02', '2016-05-16 07:16:02', 1, 0.0, 0.0, 0.0, 1503, 0, 0);

INSERT INTO `meeting_individual_results` (`id`, `rank`, `is_play_off`, `is_out_of_race`, `is_disqualified`, `standard_points`, `meeting_individual_points`, `minutes`, `seconds`, `hundreds`, `meeting_program_id`, `swimmer_id`, `team_id`, `badge_id`, `user_id`, `created_at`, `updated_at`, `disqualification_code_type_id`, `goggle_cup_points`, `reaction_time`, `team_points`, `team_affiliation_id`, `is_personal_best`, `is_season_type_best`)
  VALUES (346328, 2, 1, 0, 1, 0.0, 0.0, 0, 0, 0, 55109, 12219, 571, 30849, 1, '2016-05-16 07:16:02', '2016-05-16 07:16:02', 1, 0.0, 0.0, 0.0, 1503, 0, 0);

INSERT INTO `meeting_individual_results` (`id`, `rank`, `is_play_off`, `is_out_of_race`, `is_disqualified`, `standard_points`, `meeting_individual_points`, `minutes`, `seconds`, `hundreds`, `meeting_program_id`, `swimmer_id`, `team_id`, `badge_id`, `user_id`, `created_at`, `updated_at`, `disqualification_code_type_id`, `goggle_cup_points`, `reaction_time`, `team_points`, `team_affiliation_id`, `is_personal_best`, `is_season_type_best`)
  VALUES (346329, 1, 1, 0, 0, 796.9, 796.9, 1, 14, 15, 55110, 10717, 212, 32107, 1, '2016-05-16 07:16:02', '2016-05-16 07:16:02', NULL, 0.0, 0.0, 0.0, 1250, 0, 0);

INSERT INTO `meeting_individual_results` (`id`, `rank`, `is_play_off`, `is_out_of_race`, `is_disqualified`, `standard_points`, `meeting_individual_points`, `minutes`, `seconds`, `hundreds`, `meeting_program_id`, `swimmer_id`, `team_id`, `badge_id`, `user_id`, `created_at`, `updated_at`, `disqualification_code_type_id`, `goggle_cup_points`, `reaction_time`, `team_points`, `team_affiliation_id`, `is_personal_best`, `is_season_type_best`)
  VALUES (346330, 2, 1, 0, 0, 674.77, 674.77, 1, 27, 57, 55110, 18312, 573, 31122, 1, '2016-05-16 07:16:02', '2016-05-16 07:16:02', NULL, 0.0, 0.0, 0.0, 1461, 0, 0);

INSERT INTO `meeting_individual_results` (`id`, `rank`, `is_play_off`, `is_out_of_race`, `is_disqualified`, `standard_points`, `meeting_individual_points`, `minutes`, `seconds`, `hundreds`, `meeting_program_id`, `swimmer_id`, `team_id`, `badge_id`, `user_id`, `created_at`, `updated_at`, `disqualification_code_type_id`, `goggle_cup_points`, `reaction_time`, `team_points`, `team_affiliation_id`, `is_personal_best`, `is_season_type_best`)
  VALUES (346331, 3, 1, 0, 0, 629.09, 629.09, 1, 33, 93, 55110, 3424, 208, 29741, 1, '2016-05-16 07:16:02', '2016-05-16 07:16:02', NULL, 0.0, 0.0, 0.0, 1457, 0, 0);

INSERT INTO `meeting_individual_results` (`id`, `rank`, `is_play_off`, `is_out_of_race`, `is_disqualified`, `standard_points`, `meeting_individual_points`, `minutes`, `seconds`, `hundreds`, `meeting_program_id`, `swimmer_id`, `team_id`, `badge_id`, `user_id`, `created_at`, `updated_at`, `disqualification_code_type_id`, `goggle_cup_points`, `reaction_time`, `team_points`, `team_affiliation_id`, `is_personal_best`, `is_season_type_best`)
  VALUES (346332, 4, 1, 0, 0, 574.92, 574.92, 1, 42, 78, 55110, 19796, 564, 27937, 1, '2016-05-16 07:16:03', '2016-05-16 07:16:03', NULL, 0.0, 0.0, 0.0, 1356, 0, 0);

INSERT INTO `meeting_individual_results` (`id`, `rank`, `is_play_off`, `is_out_of_race`, `is_disqualified`, `standard_points`, `meeting_individual_points`, `minutes`, `seconds`, `hundreds`, `meeting_program_id`, `swimmer_id`, `team_id`, `badge_id`, `user_id`, `created_at`, `updated_at`, `disqualification_code_type_id`, `goggle_cup_points`, `reaction_time`, `team_points`, `team_affiliation_id`, `is_personal_best`, `is_season_type_best`)
  VALUES (346333, 5, 1, 0, 0, 566.32, 566.32, 1, 44, 34, 55110, 3419, 208, 29527, 1, '2016-05-16 07:16:03', '2016-05-16 07:16:03', NULL, 0.0, 0.0, 0.0, 1457, 0, 0);

INSERT INTO `meeting_individual_results` (`id`, `rank`, `is_play_off`, `is_out_of_race`, `is_disqualified`, `standard_points`, `meeting_individual_points`, `minutes`, `seconds`, `hundreds`, `meeting_program_id`, `swimmer_id`, `team_id`, `badge_id`, `user_id`, `created_at`, `updated_at`, `disqualification_code_type_id`, `goggle_cup_points`, `reaction_time`, `team_points`, `team_affiliation_id`, `is_personal_best`, `is_season_type_best`)
  VALUES (346334, 1, 1, 0, 0, 569.25, 569.25, 1, 48, 9, 55111, 15567, 582, 29820, 1, '2016-05-16 07:16:03', '2016-05-16 07:16:03', NULL, 0.0, 0.0, 0.0, 1266, 0, 0);

INSERT INTO `meeting_individual_results` (`id`, `rank`, `is_play_off`, `is_out_of_race`, `is_disqualified`, `standard_points`, `meeting_individual_points`, `minutes`, `seconds`, `hundreds`, `meeting_program_id`, `swimmer_id`, `team_id`, `badge_id`, `user_id`, `created_at`, `updated_at`, `disqualification_code_type_id`, `goggle_cup_points`, `reaction_time`, `team_points`, `team_affiliation_id`, `is_personal_best`, `is_season_type_best`)
  VALUES (346335, 1, 1, 0, 1, 0.0, 0.0, 0, 0, 0, 55112, 3602, 527, 23064, 1, '2016-05-16 07:16:03', '2016-05-16 07:16:03', 1, 0.0, 0.0, 0.0, 1040, 0, 0);

INSERT INTO `meeting_individual_results` (`id`, `rank`, `is_play_off`, `is_out_of_race`, `is_disqualified`, `standard_points`, `meeting_individual_points`, `minutes`, `seconds`, `hundreds`, `meeting_program_id`, `swimmer_id`, `team_id`, `badge_id`, `user_id`, `created_at`, `updated_at`, `disqualification_code_type_id`, `goggle_cup_points`, `reaction_time`, `team_points`, `team_affiliation_id`, `is_personal_best`, `is_season_type_best`)
  VALUES (346336, 1, 1, 0, 0, 587.73, 587.73, 2, 11, 54, 55113, 3344, 188, 22421, 1, '2016-05-16 07:16:03', '2016-05-16 07:16:03', NULL, 0.0, 0.0, 0.0, 983, 0, 0);

INSERT INTO `meeting_individual_results` (`id`, `rank`, `is_play_off`, `is_out_of_race`, `is_disqualified`, `standard_points`, `meeting_individual_points`, `minutes`, `seconds`, `hundreds`, `meeting_program_id`, `swimmer_id`, `team_id`, `badge_id`, `user_id`, `created_at`, `updated_at`, `disqualification_code_type_id`, `goggle_cup_points`, `reaction_time`, `team_points`, `team_affiliation_id`, `is_personal_best`, `is_season_type_best`)
  VALUES (346337, 1, 1, 0, 0, 603.13, 603.13, 1, 46, 71, 55114, 17182, 572, 29545, 1, '2016-05-16 07:16:03', '2016-05-16 07:16:03', NULL, 0.0, 0.0, 0.0, 1445, 0, 0);

INSERT INTO `meeting_individual_results` (`id`, `rank`, `is_play_off`, `is_out_of_race`, `is_disqualified`, `standard_points`, `meeting_individual_points`, `minutes`, `seconds`, `hundreds`, `meeting_program_id`, `swimmer_id`, `team_id`, `badge_id`, `user_id`, `created_at`, `updated_at`, `disqualification_code_type_id`, `goggle_cup_points`, `reaction_time`, `team_points`, `team_affiliation_id`, `is_personal_best`, `is_season_type_best`)
  VALUES (346338, 1, 1, 0, 0, 652.15, 652.15, 1, 41, 48, 55115, 12213, 571, 31801, 1, '2016-05-16 07:16:03', '2016-05-16 07:16:03', NULL, 0.0, 0.0, 0.0, 1503, 0, 0);

INSERT INTO `meeting_individual_results` (`id`, `rank`, `is_play_off`, `is_out_of_race`, `is_disqualified`, `standard_points`, `meeting_individual_points`, `minutes`, `seconds`, `hundreds`, `meeting_program_id`, `swimmer_id`, `team_id`, `badge_id`, `user_id`, `created_at`, `updated_at`, `disqualification_code_type_id`, `goggle_cup_points`, `reaction_time`, `team_points`, `team_affiliation_id`, `is_personal_best`, `is_season_type_best`)
  VALUES (346339, 2, 1, 0, 0, 621.23, 621.23, 1, 46, 53, 55115, 11619, 564, 29753, 1, '2016-05-16 07:16:03', '2016-05-16 07:16:03', NULL, 0.0, 0.0, 0.0, 1356, 0, 0);

INSERT INTO `meeting_individual_results` (`id`, `rank`, `is_play_off`, `is_out_of_race`, `is_disqualified`, `standard_points`, `meeting_individual_points`, `minutes`, `seconds`, `hundreds`, `meeting_program_id`, `swimmer_id`, `team_id`, `badge_id`, `user_id`, `created_at`, `updated_at`, `disqualification_code_type_id`, `goggle_cup_points`, `reaction_time`, `team_points`, `team_affiliation_id`, `is_personal_best`, `is_season_type_best`)
  VALUES (346340, 1, 1, 0, 0, 790.44, 790.44, 1, 24, 75, 55116, 5080, 365, 23506, 1, '2016-05-16 07:16:03', '2016-05-16 07:16:03', NULL, 0.0, 0.0, 0.0, 1100, 0, 0);

INSERT INTO `meeting_individual_results` (`id`, `rank`, `is_play_off`, `is_out_of_race`, `is_disqualified`, `standard_points`, `meeting_individual_points`, `minutes`, `seconds`, `hundreds`, `meeting_program_id`, `swimmer_id`, `team_id`, `badge_id`, `user_id`, `created_at`, `updated_at`, `disqualification_code_type_id`, `goggle_cup_points`, `reaction_time`, `team_points`, `team_affiliation_id`, `is_personal_best`, `is_season_type_best`)
  VALUES (346341, 1, 1, 0, 0, 0.0, 0.0, 1, 18, 23, 55117, 21131, 947, 48115, 1, '2016-05-16 07:16:03', '2016-05-16 07:16:03', NULL, 0.0, 0.0, 0.0, 2226, 0, 0);

INSERT INTO `meeting_individual_results` (`id`, `rank`, `is_play_off`, `is_out_of_race`, `is_disqualified`, `standard_points`, `meeting_individual_points`, `minutes`, `seconds`, `hundreds`, `meeting_program_id`, `swimmer_id`, `team_id`, `badge_id`, `user_id`, `created_at`, `updated_at`, `disqualification_code_type_id`, `goggle_cup_points`, `reaction_time`, `team_points`, `team_affiliation_id`, `is_personal_best`, `is_season_type_best`)
  VALUES (346342, 1, 1, 0, 0, 736.16, 736.16, 1, 15, 69, 55118, 10715, 372, 23463, 1, '2016-05-16 07:16:03', '2016-05-16 07:16:03', NULL, 0.0, 0.0, 0.0, 1071, 0, 0);

INSERT INTO `meeting_individual_results` (`id`, `rank`, `is_play_off`, `is_out_of_race`, `is_disqualified`, `standard_points`, `meeting_individual_points`, `minutes`, `seconds`, `hundreds`, `meeting_program_id`, `swimmer_id`, `team_id`, `badge_id`, `user_id`, `created_at`, `updated_at`, `disqualification_code_type_id`, `goggle_cup_points`, `reaction_time`, `team_points`, `team_affiliation_id`, `is_personal_best`, `is_season_type_best`)
  VALUES (346343, 2, 1, 0, 0, 694.68, 694.68, 1, 20, 21, 55118, 12133, 571, 30833, 1, '2016-05-16 07:16:04', '2016-05-16 07:16:04', NULL, 0.0, 0.0, 0.0, 1503, 0, 0);

INSERT INTO `meeting_individual_results` (`id`, `rank`, `is_play_off`, `is_out_of_race`, `is_disqualified`, `standard_points`, `meeting_individual_points`, `minutes`, `seconds`, `hundreds`, `meeting_program_id`, `swimmer_id`, `team_id`, `badge_id`, `user_id`, `created_at`, `updated_at`, `disqualification_code_type_id`, `goggle_cup_points`, `reaction_time`, `team_points`, `team_affiliation_id`, `is_personal_best`, `is_season_type_best`)
  VALUES (346344, 1, 1, 0, 1, 0.0, 0.0, 0, 0, 0, 55119, 13283, 589, 48116, 1, '2016-05-16 07:16:04', '2016-05-16 07:16:04', 1, 0.0, 0.0, 0.0, 1458, 0, 0);

INSERT INTO `meeting_individual_results` (`id`, `rank`, `is_play_off`, `is_out_of_race`, `is_disqualified`, `standard_points`, `meeting_individual_points`, `minutes`, `seconds`, `hundreds`, `meeting_program_id`, `swimmer_id`, `team_id`, `badge_id`, `user_id`, `created_at`, `updated_at`, `disqualification_code_type_id`, `goggle_cup_points`, `reaction_time`, `team_points`, `team_affiliation_id`, `is_personal_best`, `is_season_type_best`)
  VALUES (346345, 1, 1, 0, 0, 589.13, 589.13, 1, 37, 55, 55120, 15581, 564, 27935, 1, '2016-05-16 07:16:04', '2016-05-16 07:16:04', NULL, 0.0, 0.0, 0.0, 1356, 0, 0);

INSERT INTO `meeting_individual_results` (`id`, `rank`, `is_play_off`, `is_out_of_race`, `is_disqualified`, `standard_points`, `meeting_individual_points`, `minutes`, `seconds`, `hundreds`, `meeting_program_id`, `swimmer_id`, `team_id`, `badge_id`, `user_id`, `created_at`, `updated_at`, `disqualification_code_type_id`, `goggle_cup_points`, `reaction_time`, `team_points`, `team_affiliation_id`, `is_personal_best`, `is_season_type_best`)
  VALUES (346346, 2, 1, 0, 0, 572.7, 572.7, 1, 40, 35, 55120, 17212, 578, 48117, 1, '2016-05-16 07:16:04', '2016-05-16 07:16:04', NULL, 0.0, 0.0, 0.0, 1498, 0, 0);

INSERT INTO `meeting_individual_results` (`id`, `rank`, `is_play_off`, `is_out_of_race`, `is_disqualified`, `standard_points`, `meeting_individual_points`, `minutes`, `seconds`, `hundreds`, `meeting_program_id`, `swimmer_id`, `team_id`, `badge_id`, `user_id`, `created_at`, `updated_at`, `disqualification_code_type_id`, `goggle_cup_points`, `reaction_time`, `team_points`, `team_affiliation_id`, `is_personal_best`, `is_season_type_best`)
  VALUES (346347, 1, 1, 0, 0, 642.77, 642.77, 1, 31, 65, 55121, 15530, 589, 48118, 1, '2016-05-16 07:16:04', '2016-05-16 07:16:04', NULL, 0.0, 0.0, 0.0, 1458, 0, 0);

INSERT INTO `meeting_individual_results` (`id`, `rank`, `is_play_off`, `is_out_of_race`, `is_disqualified`, `standard_points`, `meeting_individual_points`, `minutes`, `seconds`, `hundreds`, `meeting_program_id`, `swimmer_id`, `team_id`, `badge_id`, `user_id`, `created_at`, `updated_at`, `disqualification_code_type_id`, `goggle_cup_points`, `reaction_time`, `team_points`, `team_affiliation_id`, `is_personal_best`, `is_season_type_best`)
  VALUES (346348, 2, 1, 0, 1, 0.0, 0.0, 0, 0, 0, 55121, 12219, 571, 30849, 1, '2016-05-16 07:16:04', '2016-05-16 07:16:04', 1, 0.0, 0.0, 0.0, 1503, 0, 0);

INSERT INTO `meeting_individual_results` (`id`, `rank`, `is_play_off`, `is_out_of_race`, `is_disqualified`, `standard_points`, `meeting_individual_points`, `minutes`, `seconds`, `hundreds`, `meeting_program_id`, `swimmer_id`, `team_id`, `badge_id`, `user_id`, `created_at`, `updated_at`, `disqualification_code_type_id`, `goggle_cup_points`, `reaction_time`, `team_points`, `team_affiliation_id`, `is_personal_best`, `is_season_type_best`)
  VALUES (346349, 1, 1, 0, 0, 757.63, 757.63, 1, 19, 67, 55122, 18312, 573, 31122, 1, '2016-05-16 07:16:04', '2016-05-16 07:16:04', NULL, 0.0, 0.0, 0.0, 1461, 0, 0);

INSERT INTO `meeting_individual_results` (`id`, `rank`, `is_play_off`, `is_out_of_race`, `is_disqualified`, `standard_points`, `meeting_individual_points`, `minutes`, `seconds`, `hundreds`, `meeting_program_id`, `swimmer_id`, `team_id`, `badge_id`, `user_id`, `created_at`, `updated_at`, `disqualification_code_type_id`, `goggle_cup_points`, `reaction_time`, `team_points`, `team_affiliation_id`, `is_personal_best`, `is_season_type_best`)
  VALUES (346350, 2, 1, 0, 0, 671.79, 671.79, 1, 29, 85, 55122, 10686, 372, 23546, 1, '2016-05-16 07:16:04', '2016-05-16 07:16:04', NULL, 0.0, 0.0, 0.0, 1071, 0, 0);

INSERT INTO `meeting_individual_results` (`id`, `rank`, `is_play_off`, `is_out_of_race`, `is_disqualified`, `standard_points`, `meeting_individual_points`, `minutes`, `seconds`, `hundreds`, `meeting_program_id`, `swimmer_id`, `team_id`, `badge_id`, `user_id`, `created_at`, `updated_at`, `disqualification_code_type_id`, `goggle_cup_points`, `reaction_time`, `team_points`, `team_affiliation_id`, `is_personal_best`, `is_season_type_best`)
  VALUES (346351, 3, 1, 0, 0, 642.4, 642.4, 1, 33, 96, 55122, 19796, 564, 27937, 1, '2016-05-16 07:16:04', '2016-05-16 07:16:04', NULL, 0.0, 0.0, 0.0, 1356, 0, 0);

INSERT INTO `meeting_individual_results` (`id`, `rank`, `is_play_off`, `is_out_of_race`, `is_disqualified`, `standard_points`, `meeting_individual_points`, `minutes`, `seconds`, `hundreds`, `meeting_program_id`, `swimmer_id`, `team_id`, `badge_id`, `user_id`, `created_at`, `updated_at`, `disqualification_code_type_id`, `goggle_cup_points`, `reaction_time`, `team_points`, `team_affiliation_id`, `is_personal_best`, `is_season_type_best`)
  VALUES (346352, 4, 1, 0, 0, 622.08, 622.08, 1, 37, 3, 55122, 3419, 208, 29527, 1, '2016-05-16 07:16:04', '2016-05-16 07:16:04', NULL, 0.0, 0.0, 0.0, 1457, 0, 0);

INSERT INTO `meeting_individual_results` (`id`, `rank`, `is_play_off`, `is_out_of_race`, `is_disqualified`, `standard_points`, `meeting_individual_points`, `minutes`, `seconds`, `hundreds`, `meeting_program_id`, `swimmer_id`, `team_id`, `badge_id`, `user_id`, `created_at`, `updated_at`, `disqualification_code_type_id`, `goggle_cup_points`, `reaction_time`, `team_points`, `team_affiliation_id`, `is_personal_best`, `is_season_type_best`)
  VALUES (346353, 1, 1, 0, 0, 952.5, 952.5, 1, 5, 26, 55123, 12823, 507, 29707, 1, '2016-05-16 07:16:04', '2016-05-16 07:16:04', NULL, 0.0, 0.0, 0.0, 1241, 0, 0);

INSERT INTO `meeting_individual_results` (`id`, `rank`, `is_play_off`, `is_out_of_race`, `is_disqualified`, `standard_points`, `meeting_individual_points`, `minutes`, `seconds`, `hundreds`, `meeting_program_id`, `swimmer_id`, `team_id`, `badge_id`, `user_id`, `created_at`, `updated_at`, `disqualification_code_type_id`, `goggle_cup_points`, `reaction_time`, `team_points`, `team_affiliation_id`, `is_personal_best`, `is_season_type_best`)
  VALUES (346354, 1, 1, 0, 0, 654.41, 654.41, 1, 40, 9, 55124, 3334, 188, 22409, 1, '2016-05-16 07:16:05', '2016-05-16 07:16:05', NULL, 0.0, 0.0, 0.0, 983, 0, 0);

INSERT INTO `meeting_individual_results` (`id`, `rank`, `is_play_off`, `is_out_of_race`, `is_disqualified`, `standard_points`, `meeting_individual_points`, `minutes`, `seconds`, `hundreds`, `meeting_program_id`, `swimmer_id`, `team_id`, `badge_id`, `user_id`, `created_at`, `updated_at`, `disqualification_code_type_id`, `goggle_cup_points`, `reaction_time`, `team_points`, `team_affiliation_id`, `is_personal_best`, `is_season_type_best`)
  VALUES (346355, 1, 1, 0, 0, 774.71, 774.71, 1, 27, 31, 55125, 15734, 678, 29717, 1, '2016-05-16 07:16:05', '2016-05-16 07:16:05', NULL, 0.0, 0.0, 0.0, 1176, 0, 0);

INSERT INTO `meeting_individual_results` (`id`, `rank`, `is_play_off`, `is_out_of_race`, `is_disqualified`, `standard_points`, `meeting_individual_points`, `minutes`, `seconds`, `hundreds`, `meeting_program_id`, `swimmer_id`, `team_id`, `badge_id`, `user_id`, `created_at`, `updated_at`, `disqualification_code_type_id`, `goggle_cup_points`, `reaction_time`, `team_points`, `team_affiliation_id`, `is_personal_best`, `is_season_type_best`)
  VALUES (346356, 2, 1, 0, 0, 662.49, 662.49, 1, 42, 10, 55125, 12021, 572, 29842, 1, '2016-05-16 07:16:05', '2016-05-16 07:16:05', NULL, 0.0, 0.0, 0.0, 1445, 0, 0);

INSERT INTO `meeting_individual_results` (`id`, `rank`, `is_play_off`, `is_out_of_race`, `is_disqualified`, `standard_points`, `meeting_individual_points`, `minutes`, `seconds`, `hundreds`, `meeting_program_id`, `swimmer_id`, `team_id`, `badge_id`, `user_id`, `created_at`, `updated_at`, `disqualification_code_type_id`, `goggle_cup_points`, `reaction_time`, `team_points`, `team_affiliation_id`, `is_personal_best`, `is_season_type_best`)
  VALUES (346357, 3, 1, 0, 0, 512.08, 512.08, 2, 12, 9, 55125, 12144, 571, 31170, 1, '2016-05-16 07:16:05', '2016-05-16 07:16:05', NULL, 0.0, 0.0, 0.0, 1503, 0, 0);

INSERT INTO `meeting_individual_results` (`id`, `rank`, `is_play_off`, `is_out_of_race`, `is_disqualified`, `standard_points`, `meeting_individual_points`, `minutes`, `seconds`, `hundreds`, `meeting_program_id`, `swimmer_id`, `team_id`, `badge_id`, `user_id`, `created_at`, `updated_at`, `disqualification_code_type_id`, `goggle_cup_points`, `reaction_time`, `team_points`, `team_affiliation_id`, `is_personal_best`, `is_season_type_best`)
  VALUES (346358, 1, 1, 0, 0, 492.62, 492.62, 2, 27, 5, 55126, 12321, 583, 29530, 1, '2016-05-16 07:16:05', '2016-05-16 07:16:05', NULL, 0.0, 0.0, 0.0, 1453, 0, 0);

INSERT INTO `meeting_individual_results` (`id`, `rank`, `is_play_off`, `is_out_of_race`, `is_disqualified`, `standard_points`, `meeting_individual_points`, `minutes`, `seconds`, `hundreds`, `meeting_program_id`, `swimmer_id`, `team_id`, `badge_id`, `user_id`, `created_at`, `updated_at`, `disqualification_code_type_id`, `goggle_cup_points`, `reaction_time`, `team_points`, `team_affiliation_id`, `is_personal_best`, `is_season_type_best`)
  VALUES (346359, 1, 1, 0, 0, 589.75, 589.75, 2, 9, 53, 55127, 3344, 188, 22421, 1, '2016-05-16 07:16:05', '2016-05-16 07:16:05', NULL, 0.0, 0.0, 0.0, 983, 0, 0);

INSERT INTO `meeting_individual_results` (`id`, `rank`, `is_play_off`, `is_out_of_race`, `is_disqualified`, `standard_points`, `meeting_individual_points`, `minutes`, `seconds`, `hundreds`, `meeting_program_id`, `swimmer_id`, `team_id`, `badge_id`, `user_id`, `created_at`, `updated_at`, `disqualification_code_type_id`, `goggle_cup_points`, `reaction_time`, `team_points`, `team_affiliation_id`, `is_personal_best`, `is_season_type_best`)
  VALUES (346360, 1, 1, 0, 0, 612.56, 612.56, 7, 9, 54, 55128, 17182, 572, 29545, 1, '2016-05-16 07:16:05', '2016-05-16 07:16:05', NULL, 0.0, 0.0, 0.0, 1445, 0, 0);

INSERT INTO `meeting_individual_results` (`id`, `rank`, `is_play_off`, `is_out_of_race`, `is_disqualified`, `standard_points`, `meeting_individual_points`, `minutes`, `seconds`, `hundreds`, `meeting_program_id`, `swimmer_id`, `team_id`, `badge_id`, `user_id`, `created_at`, `updated_at`, `disqualification_code_type_id`, `goggle_cup_points`, `reaction_time`, `team_points`, `team_affiliation_id`, `is_personal_best`, `is_season_type_best`)
  VALUES (346361, 1, 1, 0, 0, 644.73, 644.73, 7, 0, 22, 55129, 3288, 490, 27989, 1, '2016-05-16 07:16:05', '2016-05-16 07:16:05', NULL, 0.0, 0.0, 0.0, 1355, 0, 0);

INSERT INTO `meeting_individual_results` (`id`, `rank`, `is_play_off`, `is_out_of_race`, `is_disqualified`, `standard_points`, `meeting_individual_points`, `minutes`, `seconds`, `hundreds`, `meeting_program_id`, `swimmer_id`, `team_id`, `badge_id`, `user_id`, `created_at`, `updated_at`, `disqualification_code_type_id`, `goggle_cup_points`, `reaction_time`, `team_points`, `team_affiliation_id`, `is_personal_best`, `is_season_type_best`)
  VALUES (346362, 1, 1, 0, 0, 0.0, 0.0, 5, 55, 43, 55130, 25616, 947, 48119, 1, '2016-05-16 07:16:05', '2016-05-16 07:16:05', NULL, 0.0, 0.0, 0.0, 2226, 0, 0);

INSERT INTO `meeting_individual_results` (`id`, `rank`, `is_play_off`, `is_out_of_race`, `is_disqualified`, `standard_points`, `meeting_individual_points`, `minutes`, `seconds`, `hundreds`, `meeting_program_id`, `swimmer_id`, `team_id`, `badge_id`, `user_id`, `created_at`, `updated_at`, `disqualification_code_type_id`, `goggle_cup_points`, `reaction_time`, `team_points`, `team_affiliation_id`, `is_personal_best`, `is_season_type_best`)
  VALUES (346363, 1, 1, 0, 0, 787.72, 787.72, 5, 6, 24, 55131, 11574, 564, 27980, 1, '2016-05-16 07:16:05', '2016-05-16 07:16:05', NULL, 0.0, 0.0, 0.0, 1356, 0, 0);

INSERT INTO `meeting_individual_results` (`id`, `rank`, `is_play_off`, `is_out_of_race`, `is_disqualified`, `standard_points`, `meeting_individual_points`, `minutes`, `seconds`, `hundreds`, `meeting_program_id`, `swimmer_id`, `team_id`, `badge_id`, `user_id`, `created_at`, `updated_at`, `disqualification_code_type_id`, `goggle_cup_points`, `reaction_time`, `team_points`, `team_affiliation_id`, `is_personal_best`, `is_season_type_best`)
  VALUES (346364, 2, 1, 0, 0, 670.87, 670.87, 5, 59, 58, 55131, 18311, 210, 30907, 1, '2016-05-16 07:16:05', '2016-05-16 07:16:05', NULL, 0.0, 0.0, 0.0, 1218, 0, 0);

INSERT INTO `meeting_individual_results` (`id`, `rank`, `is_play_off`, `is_out_of_race`, `is_disqualified`, `standard_points`, `meeting_individual_points`, `minutes`, `seconds`, `hundreds`, `meeting_program_id`, `swimmer_id`, `team_id`, `badge_id`, `user_id`, `created_at`, `updated_at`, `disqualification_code_type_id`, `goggle_cup_points`, `reaction_time`, `team_points`, `team_affiliation_id`, `is_personal_best`, `is_season_type_best`)
  VALUES (346365, 3, 1, 0, 0, 636.26, 636.26, 6, 19, 14, 55131, 12074, 572, 29673, 1, '2016-05-16 07:16:05', '2016-05-16 07:16:05', NULL, 0.0, 0.0, 0.0, 1445, 0, 0);

INSERT INTO `meeting_individual_results` (`id`, `rank`, `is_play_off`, `is_out_of_race`, `is_disqualified`, `standard_points`, `meeting_individual_points`, `minutes`, `seconds`, `hundreds`, `meeting_program_id`, `swimmer_id`, `team_id`, `badge_id`, `user_id`, `created_at`, `updated_at`, `disqualification_code_type_id`, `goggle_cup_points`, `reaction_time`, `team_points`, `team_affiliation_id`, `is_personal_best`, `is_season_type_best`)
  VALUES (346366, 4, 1, 0, 0, 454.83, 454.83, 8, 50, 37, 55131, 13280, 578, 30954, 1, '2016-05-16 07:16:05', '2016-05-16 07:16:05', NULL, 0.0, 0.0, 0.0, 1498, 0, 0);

INSERT INTO `meeting_individual_results` (`id`, `rank`, `is_play_off`, `is_out_of_race`, `is_disqualified`, `standard_points`, `meeting_individual_points`, `minutes`, `seconds`, `hundreds`, `meeting_program_id`, `swimmer_id`, `team_id`, `badge_id`, `user_id`, `created_at`, `updated_at`, `disqualification_code_type_id`, `goggle_cup_points`, `reaction_time`, `team_points`, `team_affiliation_id`, `is_personal_best`, `is_season_type_best`)
  VALUES (346367, 1, 1, 0, 0, 684.77, 684.77, 5, 54, 53, 55132, 12029, 563, 29772, 1, '2016-05-16 07:16:06', '2016-05-16 07:16:06', NULL, 0.0, 0.0, 0.0, 1444, 0, 0);

INSERT INTO `meeting_individual_results` (`id`, `rank`, `is_play_off`, `is_out_of_race`, `is_disqualified`, `standard_points`, `meeting_individual_points`, `minutes`, `seconds`, `hundreds`, `meeting_program_id`, `swimmer_id`, `team_id`, `badge_id`, `user_id`, `created_at`, `updated_at`, `disqualification_code_type_id`, `goggle_cup_points`, `reaction_time`, `team_points`, `team_affiliation_id`, `is_personal_best`, `is_season_type_best`)
  VALUES (346368, 2, 1, 0, 0, 632.33, 632.33, 6, 23, 93, 55132, 11885, 578, 31020, 1, '2016-05-16 07:16:06', '2016-05-16 07:16:06', NULL, 0.0, 0.0, 0.0, 1498, 0, 0);

INSERT INTO `meeting_individual_results` (`id`, `rank`, `is_play_off`, `is_out_of_race`, `is_disqualified`, `standard_points`, `meeting_individual_points`, `minutes`, `seconds`, `hundreds`, `meeting_program_id`, `swimmer_id`, `team_id`, `badge_id`, `user_id`, `created_at`, `updated_at`, `disqualification_code_type_id`, `goggle_cup_points`, `reaction_time`, `team_points`, `team_affiliation_id`, `is_personal_best`, `is_season_type_best`)
  VALUES (346369, 3, 1, 0, 0, 564.54, 564.54, 7, 10, 3, 55132, 19812, 564, 27960, 1, '2016-05-16 07:16:06', '2016-05-16 07:16:06', NULL, 0.0, 0.0, 0.0, 1356, 0, 0);

INSERT INTO `meeting_individual_results` (`id`, `rank`, `is_play_off`, `is_out_of_race`, `is_disqualified`, `standard_points`, `meeting_individual_points`, `minutes`, `seconds`, `hundreds`, `meeting_program_id`, `swimmer_id`, `team_id`, `badge_id`, `user_id`, `created_at`, `updated_at`, `disqualification_code_type_id`, `goggle_cup_points`, `reaction_time`, `team_points`, `team_affiliation_id`, `is_personal_best`, `is_season_type_best`)
  VALUES (346370, 1, 1, 0, 0, 785.32, 785.32, 5, 12, 9, 55133, 12169, 582, 30961, 1, '2016-05-16 07:16:06', '2016-05-16 07:16:06', NULL, 0.0, 0.0, 0.0, 1266, 0, 0);

INSERT INTO `meeting_individual_results` (`id`, `rank`, `is_play_off`, `is_out_of_race`, `is_disqualified`, `standard_points`, `meeting_individual_points`, `minutes`, `seconds`, `hundreds`, `meeting_program_id`, `swimmer_id`, `team_id`, `badge_id`, `user_id`, `created_at`, `updated_at`, `disqualification_code_type_id`, `goggle_cup_points`, `reaction_time`, `team_points`, `team_affiliation_id`, `is_personal_best`, `is_season_type_best`)
  VALUES (346371, 2, 1, 0, 0, 725.66, 725.66, 5, 37, 75, 55133, 11746, 208, 29696, 1, '2016-05-16 07:16:06', '2016-05-16 07:16:06', NULL, 0.0, 0.0, 0.0, 1457, 0, 0);

INSERT INTO `meeting_individual_results` (`id`, `rank`, `is_play_off`, `is_out_of_race`, `is_disqualified`, `standard_points`, `meeting_individual_points`, `minutes`, `seconds`, `hundreds`, `meeting_program_id`, `swimmer_id`, `team_id`, `badge_id`, `user_id`, `created_at`, `updated_at`, `disqualification_code_type_id`, `goggle_cup_points`, `reaction_time`, `team_points`, `team_affiliation_id`, `is_personal_best`, `is_season_type_best`)
  VALUES (346372, 1, 1, 0, 0, 824.01, 824.01, 5, 5, 93, 55134, 10717, 212, 32107, 1, '2016-05-16 07:16:06', '2016-05-16 07:16:06', NULL, 0.0, 0.0, 0.0, 1250, 0, 0);

INSERT INTO `meeting_individual_results` (`id`, `rank`, `is_play_off`, `is_out_of_race`, `is_disqualified`, `standard_points`, `meeting_individual_points`, `minutes`, `seconds`, `hundreds`, `meeting_program_id`, `swimmer_id`, `team_id`, `badge_id`, `user_id`, `created_at`, `updated_at`, `disqualification_code_type_id`, `goggle_cup_points`, `reaction_time`, `team_points`, `team_affiliation_id`, `is_personal_best`, `is_season_type_best`)
  VALUES (346373, 2, 1, 0, 0, 732.46, 732.46, 5, 44, 17, 55134, 3424, 208, 29741, 1, '2016-05-16 07:16:06', '2016-05-16 07:16:06', NULL, 0.0, 0.0, 0.0, 1457, 0, 0);

INSERT INTO `meeting_individual_results` (`id`, `rank`, `is_play_off`, `is_out_of_race`, `is_disqualified`, `standard_points`, `meeting_individual_points`, `minutes`, `seconds`, `hundreds`, `meeting_program_id`, `swimmer_id`, `team_id`, `badge_id`, `user_id`, `created_at`, `updated_at`, `disqualification_code_type_id`, `goggle_cup_points`, `reaction_time`, `team_points`, `team_affiliation_id`, `is_personal_best`, `is_season_type_best`)
  VALUES (346374, 3, 1, 0, 0, 706.73, 706.73, 5, 56, 70, 55134, 12032, 563, 29815, 1, '2016-05-16 07:16:06', '2016-05-16 07:16:06', NULL, 0.0, 0.0, 0.0, 1444, 0, 0);

INSERT INTO `meeting_individual_results` (`id`, `rank`, `is_play_off`, `is_out_of_race`, `is_disqualified`, `standard_points`, `meeting_individual_points`, `minutes`, `seconds`, `hundreds`, `meeting_program_id`, `swimmer_id`, `team_id`, `badge_id`, `user_id`, `created_at`, `updated_at`, `disqualification_code_type_id`, `goggle_cup_points`, `reaction_time`, `team_points`, `team_affiliation_id`, `is_personal_best`, `is_season_type_best`)
  VALUES (346375, 1, 1, 0, 0, 680.74, 680.74, 6, 38, 8, 55135, 3334, 188, 22409, 1, '2016-05-16 07:16:06', '2016-05-16 07:16:06', NULL, 0.0, 0.0, 0.0, 983, 0, 0);

INSERT INTO `meeting_individual_results` (`id`, `rank`, `is_play_off`, `is_out_of_race`, `is_disqualified`, `standard_points`, `meeting_individual_points`, `minutes`, `seconds`, `hundreds`, `meeting_program_id`, `swimmer_id`, `team_id`, `badge_id`, `user_id`, `created_at`, `updated_at`, `disqualification_code_type_id`, `goggle_cup_points`, `reaction_time`, `team_points`, `team_affiliation_id`, `is_personal_best`, `is_season_type_best`)
  VALUES (346376, 2, 1, 0, 0, 621.12, 621.12, 7, 16, 29, 55135, 3602, 527, 23064, 1, '2016-05-16 07:16:06', '2016-05-16 07:16:06', NULL, 0.0, 0.0, 0.0, 1040, 0, 0);

INSERT INTO `meeting_individual_results` (`id`, `rank`, `is_play_off`, `is_out_of_race`, `is_disqualified`, `standard_points`, `meeting_individual_points`, `minutes`, `seconds`, `hundreds`, `meeting_program_id`, `swimmer_id`, `team_id`, `badge_id`, `user_id`, `created_at`, `updated_at`, `disqualification_code_type_id`, `goggle_cup_points`, `reaction_time`, `team_points`, `team_affiliation_id`, `is_personal_best`, `is_season_type_best`)
  VALUES (346377, 3, 1, 0, 0, 618.12, 618.12, 7, 18, 41, 55135, 15457, 669, 31210, 1, '2016-05-16 07:16:06', '2016-05-16 07:16:06', NULL, 0.0, 0.0, 0.0, 1499, 0, 0);

INSERT INTO `meeting_individual_results` (`id`, `rank`, `is_play_off`, `is_out_of_race`, `is_disqualified`, `standard_points`, `meeting_individual_points`, `minutes`, `seconds`, `hundreds`, `meeting_program_id`, `swimmer_id`, `team_id`, `badge_id`, `user_id`, `created_at`, `updated_at`, `disqualification_code_type_id`, `goggle_cup_points`, `reaction_time`, `team_points`, `team_affiliation_id`, `is_personal_best`, `is_season_type_best`)
  VALUES (346378, 1, 1, 0, 0, 0.0, 0.0, 5, 4, 0, 55136, 20248, 208, 29533, 1, '2016-05-16 07:16:07', '2016-05-16 07:16:07', NULL, 0.0, 0.0, 0.0, 1457, 0, 0);

INSERT INTO `meeting_individual_results` (`id`, `rank`, `is_play_off`, `is_out_of_race`, `is_disqualified`, `standard_points`, `meeting_individual_points`, `minutes`, `seconds`, `hundreds`, `meeting_program_id`, `swimmer_id`, `team_id`, `badge_id`, `user_id`, `created_at`, `updated_at`, `disqualification_code_type_id`, `goggle_cup_points`, `reaction_time`, `team_points`, `team_affiliation_id`, `is_personal_best`, `is_season_type_best`)
  VALUES (346379, 1, 1, 0, 0, 497.17, 497.17, 0, 58, 29, 55137, 20657, 571, 31140, 1, '2016-05-16 07:16:07', '2016-05-16 07:16:07', NULL, 0.0, 0.0, 0.0, 1503, 0, 0);

INSERT INTO `meeting_individual_results` (`id`, `rank`, `is_play_off`, `is_out_of_race`, `is_disqualified`, `standard_points`, `meeting_individual_points`, `minutes`, `seconds`, `hundreds`, `meeting_program_id`, `swimmer_id`, `team_id`, `badge_id`, `user_id`, `created_at`, `updated_at`, `disqualification_code_type_id`, `goggle_cup_points`, `reaction_time`, `team_points`, `team_affiliation_id`, `is_personal_best`, `is_season_type_best`)
  VALUES (346380, 1, 1, 0, 0, 565.83, 565.83, 0, 43, 14, 55138, 12074, 572, 29673, 1, '2016-05-16 07:16:07', '2016-05-16 07:16:07', NULL, 0.0, 0.0, 0.0, 1445, 0, 0);

INSERT INTO `meeting_individual_results` (`id`, `rank`, `is_play_off`, `is_out_of_race`, `is_disqualified`, `standard_points`, `meeting_individual_points`, `minutes`, `seconds`, `hundreds`, `meeting_program_id`, `swimmer_id`, `team_id`, `badge_id`, `user_id`, `created_at`, `updated_at`, `disqualification_code_type_id`, `goggle_cup_points`, `reaction_time`, `team_points`, `team_affiliation_id`, `is_personal_best`, `is_season_type_best`)
  VALUES (346381, 2, 1, 0, 0, 530.65, 530.65, 0, 46, 0, 55138, 25613, 589, 48120, 1, '2016-05-16 07:16:07', '2016-05-16 07:16:07', NULL, 0.0, 0.0, 0.0, 1458, 0, 0);

INSERT INTO `meeting_individual_results` (`id`, `rank`, `is_play_off`, `is_out_of_race`, `is_disqualified`, `standard_points`, `meeting_individual_points`, `minutes`, `seconds`, `hundreds`, `meeting_program_id`, `swimmer_id`, `team_id`, `badge_id`, `user_id`, `created_at`, `updated_at`, `disqualification_code_type_id`, `goggle_cup_points`, `reaction_time`, `team_points`, `team_affiliation_id`, `is_personal_best`, `is_season_type_best`)
  VALUES (346382, 1, 1, 0, 0, 694.07, 694.07, 0, 35, 40, 55139, 11608, 563, 29596, 1, '2016-05-16 07:16:07', '2016-05-16 07:16:07', NULL, 0.0, 0.0, 0.0, 1444, 0, 0);

INSERT INTO `meeting_individual_results` (`id`, `rank`, `is_play_off`, `is_out_of_race`, `is_disqualified`, `standard_points`, `meeting_individual_points`, `minutes`, `seconds`, `hundreds`, `meeting_program_id`, `swimmer_id`, `team_id`, `badge_id`, `user_id`, `created_at`, `updated_at`, `disqualification_code_type_id`, `goggle_cup_points`, `reaction_time`, `team_points`, `team_affiliation_id`, `is_personal_best`, `is_season_type_best`)
  VALUES (346383, 1, 1, 0, 0, 768.25, 768.25, 0, 33, 1, 55140, 12398, 589, 29694, 1, '2016-05-16 07:16:07', '2016-05-16 07:16:07', NULL, 0.0, 0.0, 0.0, 1458, 0, 0);

INSERT INTO `meeting_individual_results` (`id`, `rank`, `is_play_off`, `is_out_of_race`, `is_disqualified`, `standard_points`, `meeting_individual_points`, `minutes`, `seconds`, `hundreds`, `meeting_program_id`, `swimmer_id`, `team_id`, `badge_id`, `user_id`, `created_at`, `updated_at`, `disqualification_code_type_id`, `goggle_cup_points`, `reaction_time`, `team_points`, `team_affiliation_id`, `is_personal_best`, `is_season_type_best`)
  VALUES (346384, 2, 1, 0, 1, 0.0, 0.0, 0, 0, 0, 55140, 11746, 208, 29696, 1, '2016-05-16 07:16:07', '2016-05-16 07:16:07', 1, 0.0, 0.0, 0.0, 1457, 0, 0);

INSERT INTO `meeting_individual_results` (`id`, `rank`, `is_play_off`, `is_out_of_race`, `is_disqualified`, `standard_points`, `meeting_individual_points`, `minutes`, `seconds`, `hundreds`, `meeting_program_id`, `swimmer_id`, `team_id`, `badge_id`, `user_id`, `created_at`, `updated_at`, `disqualification_code_type_id`, `goggle_cup_points`, `reaction_time`, `team_points`, `team_affiliation_id`, `is_personal_best`, `is_season_type_best`)
  VALUES (346385, 1, 1, 0, 0, 784.09, 784.09, 0, 33, 95, 55141, 11886, 579, 29710, 1, '2016-05-16 07:16:07', '2016-05-16 07:16:07', NULL, 0.0, 0.0, 0.0, 1449, 0, 0);

INSERT INTO `meeting_individual_results` (`id`, `rank`, `is_play_off`, `is_out_of_race`, `is_disqualified`, `standard_points`, `meeting_individual_points`, `minutes`, `seconds`, `hundreds`, `meeting_program_id`, `swimmer_id`, `team_id`, `badge_id`, `user_id`, `created_at`, `updated_at`, `disqualification_code_type_id`, `goggle_cup_points`, `reaction_time`, `team_points`, `team_affiliation_id`, `is_personal_best`, `is_season_type_best`)
  VALUES (346386, 1, 1, 0, 0, 789.31, 789.31, 0, 36, 31, 55142, 12111, 582, 29823, 1, '2016-05-16 07:16:07', '2016-05-16 07:16:07', NULL, 0.0, 0.0, 0.0, 1266, 0, 0);

INSERT INTO `meeting_individual_results` (`id`, `rank`, `is_play_off`, `is_out_of_race`, `is_disqualified`, `standard_points`, `meeting_individual_points`, `minutes`, `seconds`, `hundreds`, `meeting_program_id`, `swimmer_id`, `team_id`, `badge_id`, `user_id`, `created_at`, `updated_at`, `disqualification_code_type_id`, `goggle_cup_points`, `reaction_time`, `team_points`, `team_affiliation_id`, `is_personal_best`, `is_season_type_best`)
  VALUES (346387, 2, 1, 0, 1, 0.0, 0.0, 0, 0, 0, 55142, 18315, 183, 27923, 1, '2016-05-16 07:16:07', '2016-05-16 07:16:07', 1, 0.0, 0.0, 0.0, 1353, 0, 0);

INSERT INTO `meeting_individual_results` (`id`, `rank`, `is_play_off`, `is_out_of_race`, `is_disqualified`, `standard_points`, `meeting_individual_points`, `minutes`, `seconds`, `hundreds`, `meeting_program_id`, `swimmer_id`, `team_id`, `badge_id`, `user_id`, `created_at`, `updated_at`, `disqualification_code_type_id`, `goggle_cup_points`, `reaction_time`, `team_points`, `team_affiliation_id`, `is_personal_best`, `is_season_type_best`)
  VALUES (346388, 1, 1, 0, 0, 0.0, 0.0, 0, 29, 95, 55143, 20317, 564, 29630, 1, '2016-05-16 07:16:07', '2016-05-16 07:16:07', NULL, 0.0, 0.0, 0.0, 1356, 0, 0);

INSERT INTO `meeting_individual_results` (`id`, `rank`, `is_play_off`, `is_out_of_race`, `is_disqualified`, `standard_points`, `meeting_individual_points`, `minutes`, `seconds`, `hundreds`, `meeting_program_id`, `swimmer_id`, `team_id`, `badge_id`, `user_id`, `created_at`, `updated_at`, `disqualification_code_type_id`, `goggle_cup_points`, `reaction_time`, `team_points`, `team_affiliation_id`, `is_personal_best`, `is_season_type_best`)
  VALUES (346389, 2, 1, 0, 0, 0.0, 0.0, 0, 34, 66, 55143, 20248, 208, 29533, 1, '2016-05-16 07:16:07', '2016-05-16 07:16:07', NULL, 0.0, 0.0, 0.0, 1457, 0, 0);

INSERT INTO `meeting_individual_results` (`id`, `rank`, `is_play_off`, `is_out_of_race`, `is_disqualified`, `standard_points`, `meeting_individual_points`, `minutes`, `seconds`, `hundreds`, `meeting_program_id`, `swimmer_id`, `team_id`, `badge_id`, `user_id`, `created_at`, `updated_at`, `disqualification_code_type_id`, `goggle_cup_points`, `reaction_time`, `team_points`, `team_affiliation_id`, `is_personal_best`, `is_season_type_best`)
  VALUES (346390, 3, 1, 0, 0, 0.0, 0.0, 0, 39, 53, 55143, 25615, 571, 48121, 1, '2016-05-16 07:16:08', '2016-05-16 07:16:08', NULL, 0.0, 0.0, 0.0, 1503, 0, 0);

INSERT INTO `meeting_individual_results` (`id`, `rank`, `is_play_off`, `is_out_of_race`, `is_disqualified`, `standard_points`, `meeting_individual_points`, `minutes`, `seconds`, `hundreds`, `meeting_program_id`, `swimmer_id`, `team_id`, `badge_id`, `user_id`, `created_at`, `updated_at`, `disqualification_code_type_id`, `goggle_cup_points`, `reaction_time`, `team_points`, `team_affiliation_id`, `is_personal_best`, `is_season_type_best`)
  VALUES (346391, 1, 1, 0, 0, 671.83, 671.83, 0, 48, 45, 55144, 20849, 571, 31811, 1, '2016-05-16 07:16:08', '2016-05-16 07:16:08', NULL, 0.0, 0.0, 0.0, 1503, 0, 0);

INSERT INTO `meeting_individual_results` (`id`, `rank`, `is_play_off`, `is_out_of_race`, `is_disqualified`, `standard_points`, `meeting_individual_points`, `minutes`, `seconds`, `hundreds`, `meeting_program_id`, `swimmer_id`, `team_id`, `badge_id`, `user_id`, `created_at`, `updated_at`, `disqualification_code_type_id`, `goggle_cup_points`, `reaction_time`, `team_points`, `team_affiliation_id`, `is_personal_best`, `is_season_type_best`)
  VALUES (346392, 1, 1, 0, 0, 616.6, 616.6, 0, 53, 60, 55145, 11619, 564, 29753, 1, '2016-05-16 07:16:08', '2016-05-16 07:16:08', NULL, 0.0, 0.0, 0.0, 1356, 0, 0);

INSERT INTO `meeting_individual_results` (`id`, `rank`, `is_play_off`, `is_out_of_race`, `is_disqualified`, `standard_points`, `meeting_individual_points`, `minutes`, `seconds`, `hundreds`, `meeting_program_id`, `swimmer_id`, `team_id`, `badge_id`, `user_id`, `created_at`, `updated_at`, `disqualification_code_type_id`, `goggle_cup_points`, `reaction_time`, `team_points`, `team_affiliation_id`, `is_personal_best`, `is_season_type_best`)
  VALUES (346393, 2, 1, 0, 0, 606.31, 606.31, 0, 54, 51, 55145, 12213, 571, 31801, 1, '2016-05-16 07:16:08', '2016-05-16 07:16:08', NULL, 0.0, 0.0, 0.0, 1503, 0, 0);

INSERT INTO `meeting_individual_results` (`id`, `rank`, `is_play_off`, `is_out_of_race`, `is_disqualified`, `standard_points`, `meeting_individual_points`, `minutes`, `seconds`, `hundreds`, `meeting_program_id`, `swimmer_id`, `team_id`, `badge_id`, `user_id`, `created_at`, `updated_at`, `disqualification_code_type_id`, `goggle_cup_points`, `reaction_time`, `team_points`, `team_affiliation_id`, `is_personal_best`, `is_season_type_best`)
  VALUES (346394, 1, 1, 0, 0, 804.72, 804.72, 0, 41, 99, 55146, 5080, 365, 23506, 1, '2016-05-16 07:16:08', '2016-05-16 07:16:08', NULL, 0.0, 0.0, 0.0, 1100, 0, 0);

INSERT INTO `meeting_individual_results` (`id`, `rank`, `is_play_off`, `is_out_of_race`, `is_disqualified`, `standard_points`, `meeting_individual_points`, `minutes`, `seconds`, `hundreds`, `meeting_program_id`, `swimmer_id`, `team_id`, `badge_id`, `user_id`, `created_at`, `updated_at`, `disqualification_code_type_id`, `goggle_cup_points`, `reaction_time`, `team_points`, `team_affiliation_id`, `is_personal_best`, `is_season_type_best`)
  VALUES (346395, 2, 1, 0, 0, 638.63, 638.63, 0, 52, 91, 55146, 18313, 210, 48112, 1, '2016-05-16 07:16:08', '2016-05-16 07:16:08', NULL, 0.0, 0.0, 0.0, 1218, 0, 0);

INSERT INTO `meeting_individual_results` (`id`, `rank`, `is_play_off`, `is_out_of_race`, `is_disqualified`, `standard_points`, `meeting_individual_points`, `minutes`, `seconds`, `hundreds`, `meeting_program_id`, `swimmer_id`, `team_id`, `badge_id`, `user_id`, `created_at`, `updated_at`, `disqualification_code_type_id`, `goggle_cup_points`, `reaction_time`, `team_points`, `team_affiliation_id`, `is_personal_best`, `is_season_type_best`)
  VALUES (346396, 3, 1, 0, 0, 606.64, 606.64, 0, 55, 70, 55146, 3288, 490, 27989, 1, '2016-05-16 07:16:08', '2016-05-16 07:16:08', NULL, 0.0, 0.0, 0.0, 1355, 0, 0);

INSERT INTO `meeting_individual_results` (`id`, `rank`, `is_play_off`, `is_out_of_race`, `is_disqualified`, `standard_points`, `meeting_individual_points`, `minutes`, `seconds`, `hundreds`, `meeting_program_id`, `swimmer_id`, `team_id`, `badge_id`, `user_id`, `created_at`, `updated_at`, `disqualification_code_type_id`, `goggle_cup_points`, `reaction_time`, `team_points`, `team_affiliation_id`, `is_personal_best`, `is_season_type_best`)
  VALUES (346397, 4, 1, 0, 0, 531.46, 531.46, 1, 3, 58, 55146, 20657, 571, 31140, 1, '2016-05-16 07:16:08', '2016-05-16 07:16:08', NULL, 0.0, 0.0, 0.0, 1503, 0, 0);

INSERT INTO `meeting_individual_results` (`id`, `rank`, `is_play_off`, `is_out_of_race`, `is_disqualified`, `standard_points`, `meeting_individual_points`, `minutes`, `seconds`, `hundreds`, `meeting_program_id`, `swimmer_id`, `team_id`, `badge_id`, `user_id`, `created_at`, `updated_at`, `disqualification_code_type_id`, `goggle_cup_points`, `reaction_time`, `team_points`, `team_affiliation_id`, `is_personal_best`, `is_season_type_best`)
  VALUES (346398, 1, 1, 0, 0, 0.0, 0.0, 0, 40, 26, 55147, 21131, 947, 48115, 1, '2016-05-16 07:16:08', '2016-05-16 07:16:08', NULL, 0.0, 0.0, 0.0, 2226, 0, 0);

INSERT INTO `meeting_individual_results` (`id`, `rank`, `is_play_off`, `is_out_of_race`, `is_disqualified`, `standard_points`, `meeting_individual_points`, `minutes`, `seconds`, `hundreds`, `meeting_program_id`, `swimmer_id`, `team_id`, `badge_id`, `user_id`, `created_at`, `updated_at`, `disqualification_code_type_id`, `goggle_cup_points`, `reaction_time`, `team_points`, `team_affiliation_id`, `is_personal_best`, `is_season_type_best`)
  VALUES (346399, 2, 1, 0, 0, 0.0, 0.0, 0, 40, 65, 55147, 20625, 571, 30994, 1, '2016-05-16 07:16:08', '2016-05-16 07:16:08', NULL, 0.0, 0.0, 0.0, 1503, 0, 0);

INSERT INTO `meeting_individual_results` (`id`, `rank`, `is_play_off`, `is_out_of_race`, `is_disqualified`, `standard_points`, `meeting_individual_points`, `minutes`, `seconds`, `hundreds`, `meeting_program_id`, `swimmer_id`, `team_id`, `badge_id`, `user_id`, `created_at`, `updated_at`, `disqualification_code_type_id`, `goggle_cup_points`, `reaction_time`, `team_points`, `team_affiliation_id`, `is_personal_best`, `is_season_type_best`)
  VALUES (346400, 1, 1, 0, 0, 854.66, 854.66, 0, 32, 82, 55148, 12152, 372, 29668, 1, '2016-05-16 07:16:08', '2016-05-16 07:16:08', NULL, 0.0, 0.0, 0.0, 1071, 0, 0);

INSERT INTO `meeting_individual_results` (`id`, `rank`, `is_play_off`, `is_out_of_race`, `is_disqualified`, `standard_points`, `meeting_individual_points`, `minutes`, `seconds`, `hundreds`, `meeting_program_id`, `swimmer_id`, `team_id`, `badge_id`, `user_id`, `created_at`, `updated_at`, `disqualification_code_type_id`, `goggle_cup_points`, `reaction_time`, `team_points`, `team_affiliation_id`, `is_personal_best`, `is_season_type_best`)
  VALUES (346401, 2, 1, 0, 0, 626.12, 626.12, 0, 44, 80, 55148, 25613, 589, 48120, 1, '2016-05-16 07:16:09', '2016-05-16 07:16:09', NULL, 0.0, 0.0, 0.0, 1458, 0, 0);

INSERT INTO `meeting_individual_results` (`id`, `rank`, `is_play_off`, `is_out_of_race`, `is_disqualified`, `standard_points`, `meeting_individual_points`, `minutes`, `seconds`, `hundreds`, `meeting_program_id`, `swimmer_id`, `team_id`, `badge_id`, `user_id`, `created_at`, `updated_at`, `disqualification_code_type_id`, `goggle_cup_points`, `reaction_time`, `team_points`, `team_affiliation_id`, `is_personal_best`, `is_season_type_best`)
  VALUES (346402, 1, 1, 0, 0, 834.35, 834.35, 0, 34, 47, 55149, 13206, 584, 31187, 1, '2016-05-16 07:16:09', '2016-05-16 07:16:09', NULL, 0.0, 0.0, 0.0, 1462, 0, 0);

INSERT INTO `meeting_individual_results` (`id`, `rank`, `is_play_off`, `is_out_of_race`, `is_disqualified`, `standard_points`, `meeting_individual_points`, `minutes`, `seconds`, `hundreds`, `meeting_program_id`, `swimmer_id`, `team_id`, `badge_id`, `user_id`, `created_at`, `updated_at`, `disqualification_code_type_id`, `goggle_cup_points`, `reaction_time`, `team_points`, `team_affiliation_id`, `is_personal_best`, `is_season_type_best`)
  VALUES (346403, 2, 1, 0, 0, 723.89, 723.89, 0, 39, 73, 55149, 11939, 584, 30957, 1, '2016-05-16 07:16:09', '2016-05-16 07:16:09', NULL, 0.0, 0.0, 0.0, 1462, 0, 0);

INSERT INTO `meeting_individual_results` (`id`, `rank`, `is_play_off`, `is_out_of_race`, `is_disqualified`, `standard_points`, `meeting_individual_points`, `minutes`, `seconds`, `hundreds`, `meeting_program_id`, `swimmer_id`, `team_id`, `badge_id`, `user_id`, `created_at`, `updated_at`, `disqualification_code_type_id`, `goggle_cup_points`, `reaction_time`, `team_points`, `team_affiliation_id`, `is_personal_best`, `is_season_type_best`)
  VALUES (346404, 3, 1, 0, 0, 693.18, 693.18, 0, 41, 49, 55149, 20847, 584, 31798, 1, '2016-05-16 07:16:09', '2016-05-16 07:16:09', NULL, 0.0, 0.0, 0.0, 1462, 0, 0);

INSERT INTO `meeting_individual_results` (`id`, `rank`, `is_play_off`, `is_out_of_race`, `is_disqualified`, `standard_points`, `meeting_individual_points`, `minutes`, `seconds`, `hundreds`, `meeting_program_id`, `swimmer_id`, `team_id`, `badge_id`, `user_id`, `created_at`, `updated_at`, `disqualification_code_type_id`, `goggle_cup_points`, `reaction_time`, `team_points`, `team_affiliation_id`, `is_personal_best`, `is_season_type_best`)
  VALUES (346405, 4, 1, 0, 0, 609.06, 609.06, 0, 47, 22, 55149, 19812, 564, 27960, 1, '2016-05-16 07:16:09', '2016-05-16 07:16:09', NULL, 0.0, 0.0, 0.0, 1356, 0, 0);

INSERT INTO `meeting_individual_results` (`id`, `rank`, `is_play_off`, `is_out_of_race`, `is_disqualified`, `standard_points`, `meeting_individual_points`, `minutes`, `seconds`, `hundreds`, `meeting_program_id`, `swimmer_id`, `team_id`, `badge_id`, `user_id`, `created_at`, `updated_at`, `disqualification_code_type_id`, `goggle_cup_points`, `reaction_time`, `team_points`, `team_affiliation_id`, `is_personal_best`, `is_season_type_best`)
  VALUES (346406, 5, 1, 0, 0, 600.67, 600.67, 0, 47, 88, 55149, 17212, 578, 48117, 1, '2016-05-16 07:16:09', '2016-05-16 07:16:09', NULL, 0.0, 0.0, 0.0, 1498, 0, 0);

INSERT INTO `meeting_individual_results` (`id`, `rank`, `is_play_off`, `is_out_of_race`, `is_disqualified`, `standard_points`, `meeting_individual_points`, `minutes`, `seconds`, `hundreds`, `meeting_program_id`, `swimmer_id`, `team_id`, `badge_id`, `user_id`, `created_at`, `updated_at`, `disqualification_code_type_id`, `goggle_cup_points`, `reaction_time`, `team_points`, `team_affiliation_id`, `is_personal_best`, `is_season_type_best`)
  VALUES (346407, 6, 1, 0, 0, 591.28, 591.28, 0, 48, 64, 55149, 20271, 564, 29691, 1, '2016-05-16 07:16:09', '2016-05-16 07:16:09', NULL, 0.0, 0.0, 0.0, 1356, 0, 0);

INSERT INTO `meeting_individual_results` (`id`, `rank`, `is_play_off`, `is_out_of_race`, `is_disqualified`, `standard_points`, `meeting_individual_points`, `minutes`, `seconds`, `hundreds`, `meeting_program_id`, `swimmer_id`, `team_id`, `badge_id`, `user_id`, `created_at`, `updated_at`, `disqualification_code_type_id`, `goggle_cup_points`, `reaction_time`, `team_points`, `team_affiliation_id`, `is_personal_best`, `is_season_type_best`)
  VALUES (346408, 1, 1, 0, 0, 668.89, 668.89, 0, 43, 40, 55150, 11950, 589, 48122, 1, '2016-05-16 07:16:09', '2016-05-16 07:16:09', NULL, 0.0, 0.0, 0.0, 1458, 0, 0);

INSERT INTO `meeting_individual_results` (`id`, `rank`, `is_play_off`, `is_out_of_race`, `is_disqualified`, `standard_points`, `meeting_individual_points`, `minutes`, `seconds`, `hundreds`, `meeting_program_id`, `swimmer_id`, `team_id`, `badge_id`, `user_id`, `created_at`, `updated_at`, `disqualification_code_type_id`, `goggle_cup_points`, `reaction_time`, `team_points`, `team_affiliation_id`, `is_personal_best`, `is_season_type_best`)
  VALUES (346409, 2, 1, 0, 0, 665.06, 665.06, 0, 43, 65, 55150, 15530, 589, 48118, 1, '2016-05-16 07:16:09', '2016-05-16 07:16:09', NULL, 0.0, 0.0, 0.0, 1458, 0, 0);

INSERT INTO `meeting_individual_results` (`id`, `rank`, `is_play_off`, `is_out_of_race`, `is_disqualified`, `standard_points`, `meeting_individual_points`, `minutes`, `seconds`, `hundreds`, `meeting_program_id`, `swimmer_id`, `team_id`, `badge_id`, `user_id`, `created_at`, `updated_at`, `disqualification_code_type_id`, `goggle_cup_points`, `reaction_time`, `team_points`, `team_affiliation_id`, `is_personal_best`, `is_season_type_best`)
  VALUES (346410, 3, 1, 0, 0, 554.43, 554.43, 0, 52, 36, 55150, 12141, 571, 31159, 1, '2016-05-16 07:16:09', '2016-05-16 07:16:09', NULL, 0.0, 0.0, 0.0, 1503, 0, 0);

INSERT INTO `meeting_individual_results` (`id`, `rank`, `is_play_off`, `is_out_of_race`, `is_disqualified`, `standard_points`, `meeting_individual_points`, `minutes`, `seconds`, `hundreds`, `meeting_program_id`, `swimmer_id`, `team_id`, `badge_id`, `user_id`, `created_at`, `updated_at`, `disqualification_code_type_id`, `goggle_cup_points`, `reaction_time`, `team_points`, `team_affiliation_id`, `is_personal_best`, `is_season_type_best`)
  VALUES (346411, 1, 1, 0, 0, 822.7, 822.7, 0, 36, 38, 55151, 15370, 582, 48123, 1, '2016-05-16 07:16:10', '2016-05-16 07:16:10', NULL, 0.0, 0.0, 0.0, 1266, 0, 0);

INSERT INTO `meeting_individual_results` (`id`, `rank`, `is_play_off`, `is_out_of_race`, `is_disqualified`, `standard_points`, `meeting_individual_points`, `minutes`, `seconds`, `hundreds`, `meeting_program_id`, `swimmer_id`, `team_id`, `badge_id`, `user_id`, `created_at`, `updated_at`, `disqualification_code_type_id`, `goggle_cup_points`, `reaction_time`, `team_points`, `team_affiliation_id`, `is_personal_best`, `is_season_type_best`)
  VALUES (346412, 2, 1, 0, 0, 814.87, 814.87, 0, 36, 73, 55151, 12032, 563, 29815, 1, '2016-05-16 07:16:10', '2016-05-16 07:16:10', NULL, 0.0, 0.0, 0.0, 1444, 0, 0);

INSERT INTO `meeting_individual_results` (`id`, `rank`, `is_play_off`, `is_out_of_race`, `is_disqualified`, `standard_points`, `meeting_individual_points`, `minutes`, `seconds`, `hundreds`, `meeting_program_id`, `swimmer_id`, `team_id`, `badge_id`, `user_id`, `created_at`, `updated_at`, `disqualification_code_type_id`, `goggle_cup_points`, `reaction_time`, `team_points`, `team_affiliation_id`, `is_personal_best`, `is_season_type_best`)
  VALUES (346413, 3, 1, 0, 0, 718.78, 718.78, 0, 41, 64, 55151, 10686, 372, 23546, 1, '2016-05-16 07:16:10', '2016-05-16 07:16:10', NULL, 0.0, 0.0, 0.0, 1071, 0, 0);

INSERT INTO `meeting_individual_results` (`id`, `rank`, `is_play_off`, `is_out_of_race`, `is_disqualified`, `standard_points`, `meeting_individual_points`, `minutes`, `seconds`, `hundreds`, `meeting_program_id`, `swimmer_id`, `team_id`, `badge_id`, `user_id`, `created_at`, `updated_at`, `disqualification_code_type_id`, `goggle_cup_points`, `reaction_time`, `team_points`, `team_affiliation_id`, `is_personal_best`, `is_season_type_best`)
  VALUES (346414, 1, 1, 0, 0, 939.81, 939.81, 0, 33, 6, 55152, 12823, 507, 29707, 1, '2016-05-16 07:16:10', '2016-05-16 07:16:10', NULL, 0.0, 0.0, 0.0, 1241, 0, 0);

INSERT INTO `meeting_individual_results` (`id`, `rank`, `is_play_off`, `is_out_of_race`, `is_disqualified`, `standard_points`, `meeting_individual_points`, `minutes`, `seconds`, `hundreds`, `meeting_program_id`, `swimmer_id`, `team_id`, `badge_id`, `user_id`, `created_at`, `updated_at`, `disqualification_code_type_id`, `goggle_cup_points`, `reaction_time`, `team_points`, `team_affiliation_id`, `is_personal_best`, `is_season_type_best`)
  VALUES (346415, 1, 1, 0, 0, 875.71, 875.71, 0, 36, 85, 55153, 11888, 579, 31052, 1, '2016-05-16 07:16:10', '2016-05-16 07:16:10', NULL, 0.0, 0.0, 0.0, 1449, 0, 0);

INSERT INTO `meeting_individual_results` (`id`, `rank`, `is_play_off`, `is_out_of_race`, `is_disqualified`, `standard_points`, `meeting_individual_points`, `minutes`, `seconds`, `hundreds`, `meeting_program_id`, `swimmer_id`, `team_id`, `badge_id`, `user_id`, `created_at`, `updated_at`, `disqualification_code_type_id`, `goggle_cup_points`, `reaction_time`, `team_points`, `team_affiliation_id`, `is_personal_best`, `is_season_type_best`)
  VALUES (346416, 2, 1, 0, 0, 670.2, 670.2, 0, 48, 15, 55153, 20264, 573, 29624, 1, '2016-05-16 07:16:10', '2016-05-16 07:16:10', NULL, 0.0, 0.0, 0.0, 1461, 0, 0);

INSERT INTO `meeting_individual_results` (`id`, `rank`, `is_play_off`, `is_out_of_race`, `is_disqualified`, `standard_points`, `meeting_individual_points`, `minutes`, `seconds`, `hundreds`, `meeting_program_id`, `swimmer_id`, `team_id`, `badge_id`, `user_id`, `created_at`, `updated_at`, `disqualification_code_type_id`, `goggle_cup_points`, `reaction_time`, `team_points`, `team_affiliation_id`, `is_personal_best`, `is_season_type_best`)
  VALUES (346417, 1, 1, 0, 0, 862.48, 862.48, 0, 38, 83, 55154, 12111, 582, 29823, 1, '2016-05-16 07:16:10', '2016-05-16 07:16:10', NULL, 0.0, 0.0, 0.0, 1266, 0, 0);

INSERT INTO `meeting_individual_results` (`id`, `rank`, `is_play_off`, `is_out_of_race`, `is_disqualified`, `standard_points`, `meeting_individual_points`, `minutes`, `seconds`, `hundreds`, `meeting_program_id`, `swimmer_id`, `team_id`, `badge_id`, `user_id`, `created_at`, `updated_at`, `disqualification_code_type_id`, `goggle_cup_points`, `reaction_time`, `team_points`, `team_affiliation_id`, `is_personal_best`, `is_season_type_best`)
  VALUES (346418, 2, 1, 0, 0, 683.19, 683.19, 0, 49, 2, 55154, 12021, 572, 29842, 1, '2016-05-16 07:16:10', '2016-05-16 07:16:10', NULL, 0.0, 0.0, 0.0, 1445, 0, 0);

INSERT INTO `meeting_individual_results` (`id`, `rank`, `is_play_off`, `is_out_of_race`, `is_disqualified`, `standard_points`, `meeting_individual_points`, `minutes`, `seconds`, `hundreds`, `meeting_program_id`, `swimmer_id`, `team_id`, `badge_id`, `user_id`, `created_at`, `updated_at`, `disqualification_code_type_id`, `goggle_cup_points`, `reaction_time`, `team_points`, `team_affiliation_id`, `is_personal_best`, `is_season_type_best`)
  VALUES (346419, 3, 1, 0, 0, 640.22, 640.22, 0, 52, 31, 55154, 13287, 584, 30972, 1, '2016-05-16 07:16:10', '2016-05-16 07:16:10', NULL, 0.0, 0.0, 0.0, 1462, 0, 0);

INSERT INTO `meeting_individual_results` (`id`, `rank`, `is_play_off`, `is_out_of_race`, `is_disqualified`, `standard_points`, `meeting_individual_points`, `minutes`, `seconds`, `hundreds`, `meeting_program_id`, `swimmer_id`, `team_id`, `badge_id`, `user_id`, `created_at`, `updated_at`, `disqualification_code_type_id`, `goggle_cup_points`, `reaction_time`, `team_points`, `team_affiliation_id`, `is_personal_best`, `is_season_type_best`)
  VALUES (346420, 4, 1, 0, 0, 627.98, 627.98, 0, 53, 33, 55154, 12144, 571, 31170, 1, '2016-05-16 07:16:10', '2016-05-16 07:16:10', NULL, 0.0, 0.0, 0.0, 1503, 0, 0);

INSERT INTO `meeting_individual_results` (`id`, `rank`, `is_play_off`, `is_out_of_race`, `is_disqualified`, `standard_points`, `meeting_individual_points`, `minutes`, `seconds`, `hundreds`, `meeting_program_id`, `swimmer_id`, `team_id`, `badge_id`, `user_id`, `created_at`, `updated_at`, `disqualification_code_type_id`, `goggle_cup_points`, `reaction_time`, `team_points`, `team_affiliation_id`, `is_personal_best`, `is_season_type_best`)
  VALUES (346421, 1, 1, 0, 0, 575.92, 575.92, 1, 0, 39, 55155, 12321, 583, 29530, 1, '2016-05-16 07:16:10', '2016-05-16 07:16:10', NULL, 0.0, 0.0, 0.0, 1453, 0, 0);

INSERT INTO `meeting_individual_results` (`id`, `rank`, `is_play_off`, `is_out_of_race`, `is_disqualified`, `standard_points`, `meeting_individual_points`, `minutes`, `seconds`, `hundreds`, `meeting_program_id`, `swimmer_id`, `team_id`, `badge_id`, `user_id`, `created_at`, `updated_at`, `disqualification_code_type_id`, `goggle_cup_points`, `reaction_time`, `team_points`, `team_affiliation_id`, `is_personal_best`, `is_season_type_best`)
  VALUES (346422, 1, 1, 0, 0, 0.0, 0.0, 0, 49, 49, 55156, 17868, 669, 48124, 1, '2016-05-16 07:16:10', '2016-05-16 07:16:10', NULL, 0.0, 0.0, 0.0, 1499, 0, 0);

INSERT INTO `meeting_individual_results` (`id`, `rank`, `is_play_off`, `is_out_of_race`, `is_disqualified`, `standard_points`, `meeting_individual_points`, `minutes`, `seconds`, `hundreds`, `meeting_program_id`, `swimmer_id`, `team_id`, `badge_id`, `user_id`, `created_at`, `updated_at`, `disqualification_code_type_id`, `goggle_cup_points`, `reaction_time`, `team_points`, `team_affiliation_id`, `is_personal_best`, `is_season_type_best`)
  VALUES (346423, 1, 1, 0, 0, 510.76, 510.76, 0, 50, 63, 55157, 20849, 571, 31811, 1, '2016-05-16 07:16:10', '2016-05-16 07:16:10', NULL, 0.0, 0.0, 0.0, 1503, 0, 0);

INSERT INTO `meeting_individual_results` (`id`, `rank`, `is_play_off`, `is_out_of_race`, `is_disqualified`, `standard_points`, `meeting_individual_points`, `minutes`, `seconds`, `hundreds`, `meeting_program_id`, `swimmer_id`, `team_id`, `badge_id`, `user_id`, `created_at`, `updated_at`, `disqualification_code_type_id`, `goggle_cup_points`, `reaction_time`, `team_points`, `team_affiliation_id`, `is_personal_best`, `is_season_type_best`)
  VALUES (346424, 1, 1, 0, 1, 0.0, 0.0, 0, 0, 0, 55158, 2961, 54, 29755, 1, '2016-05-16 07:16:11', '2016-05-16 07:16:11', 1, 0.0, 0.0, 0.0, 995, 0, 0);

INSERT INTO `meeting_individual_results` (`id`, `rank`, `is_play_off`, `is_out_of_race`, `is_disqualified`, `standard_points`, `meeting_individual_points`, `minutes`, `seconds`, `hundreds`, `meeting_program_id`, `swimmer_id`, `team_id`, `badge_id`, `user_id`, `created_at`, `updated_at`, `disqualification_code_type_id`, `goggle_cup_points`, `reaction_time`, `team_points`, `team_affiliation_id`, `is_personal_best`, `is_season_type_best`)
  VALUES (346425, 1, 1, 0, 0, 0.0, 0.0, 0, 31, 47, 55159, 20625, 571, 30994, 1, '2016-05-16 07:16:11', '2016-05-16 07:16:11', NULL, 0.0, 0.0, 0.0, 1503, 0, 0);

INSERT INTO `meeting_individual_results` (`id`, `rank`, `is_play_off`, `is_out_of_race`, `is_disqualified`, `standard_points`, `meeting_individual_points`, `minutes`, `seconds`, `hundreds`, `meeting_program_id`, `swimmer_id`, `team_id`, `badge_id`, `user_id`, `created_at`, `updated_at`, `disqualification_code_type_id`, `goggle_cup_points`, `reaction_time`, `team_points`, `team_affiliation_id`, `is_personal_best`, `is_season_type_best`)
  VALUES (346426, 2, 1, 0, 0, 0.0, 0.0, 0, 32, 81, 55159, 25616, 947, 48119, 1, '2016-05-16 07:16:11', '2016-05-16 07:16:11', NULL, 0.0, 0.0, 0.0, 2226, 0, 0);

INSERT INTO `meeting_individual_results` (`id`, `rank`, `is_play_off`, `is_out_of_race`, `is_disqualified`, `standard_points`, `meeting_individual_points`, `minutes`, `seconds`, `hundreds`, `meeting_program_id`, `swimmer_id`, `team_id`, `badge_id`, `user_id`, `created_at`, `updated_at`, `disqualification_code_type_id`, `goggle_cup_points`, `reaction_time`, `team_points`, `team_affiliation_id`, `is_personal_best`, `is_season_type_best`)
  VALUES (346427, 1, 1, 0, 0, 797.51, 797.51, 0, 28, 15, 55160, 10715, 372, 23463, 1, '2016-05-16 07:16:11', '2016-05-16 07:16:11', NULL, 0.0, 0.0, 0.0, 1071, 0, 0);

INSERT INTO `meeting_individual_results` (`id`, `rank`, `is_play_off`, `is_out_of_race`, `is_disqualified`, `standard_points`, `meeting_individual_points`, `minutes`, `seconds`, `hundreds`, `meeting_program_id`, `swimmer_id`, `team_id`, `badge_id`, `user_id`, `created_at`, `updated_at`, `disqualification_code_type_id`, `goggle_cup_points`, `reaction_time`, `team_points`, `team_affiliation_id`, `is_personal_best`, `is_season_type_best`)
  VALUES (346428, 2, 1, 0, 0, 755.64, 755.64, 0, 29, 71, 55160, 9314, 487, 31643, 1, '2016-05-16 07:16:11', '2016-05-16 07:16:11', NULL, 0.0, 0.0, 0.0, 1511, 0, 0);

INSERT INTO `meeting_individual_results` (`id`, `rank`, `is_play_off`, `is_out_of_race`, `is_disqualified`, `standard_points`, `meeting_individual_points`, `minutes`, `seconds`, `hundreds`, `meeting_program_id`, `swimmer_id`, `team_id`, `badge_id`, `user_id`, `created_at`, `updated_at`, `disqualification_code_type_id`, `goggle_cup_points`, `reaction_time`, `team_points`, `team_affiliation_id`, `is_personal_best`, `is_season_type_best`)
  VALUES (346429, 3, 1, 0, 0, 699.59, 699.59, 0, 32, 9, 55160, 23922, 669, 48125, 1, '2016-05-16 07:16:11', '2016-05-16 07:16:11', NULL, 0.0, 0.0, 0.0, 1499, 0, 0);

INSERT INTO `meeting_individual_results` (`id`, `rank`, `is_play_off`, `is_out_of_race`, `is_disqualified`, `standard_points`, `meeting_individual_points`, `minutes`, `seconds`, `hundreds`, `meeting_program_id`, `swimmer_id`, `team_id`, `badge_id`, `user_id`, `created_at`, `updated_at`, `disqualification_code_type_id`, `goggle_cup_points`, `reaction_time`, `team_points`, `team_affiliation_id`, `is_personal_best`, `is_season_type_best`)
  VALUES (346430, 4, 1, 0, 0, 697.86, 697.86, 0, 32, 17, 55160, 12133, 571, 30833, 1, '2016-05-16 07:16:11', '2016-05-16 07:16:11', NULL, 0.0, 0.0, 0.0, 1503, 0, 0);

INSERT INTO `meeting_individual_results` (`id`, `rank`, `is_play_off`, `is_out_of_race`, `is_disqualified`, `standard_points`, `meeting_individual_points`, `minutes`, `seconds`, `hundreds`, `meeting_program_id`, `swimmer_id`, `team_id`, `badge_id`, `user_id`, `created_at`, `updated_at`, `disqualification_code_type_id`, `goggle_cup_points`, `reaction_time`, `team_points`, `team_affiliation_id`, `is_personal_best`, `is_season_type_best`)
  VALUES (346431, 5, 1, 0, 0, 690.77, 690.77, 0, 32, 50, 55160, 25614, 669, 48126, 1, '2016-05-16 07:16:11', '2016-05-16 07:16:11', NULL, 0.0, 0.0, 0.0, 1499, 0, 0);

INSERT INTO `meeting_individual_results` (`id`, `rank`, `is_play_off`, `is_out_of_race`, `is_disqualified`, `standard_points`, `meeting_individual_points`, `minutes`, `seconds`, `hundreds`, `meeting_program_id`, `swimmer_id`, `team_id`, `badge_id`, `user_id`, `created_at`, `updated_at`, `disqualification_code_type_id`, `goggle_cup_points`, `reaction_time`, `team_points`, `team_affiliation_id`, `is_personal_best`, `is_season_type_best`)
  VALUES (346432, 1, 1, 0, 0, 821.47, 821.47, 0, 27, 39, 55161, 12152, 372, 29668, 1, '2016-05-16 07:16:11', '2016-05-16 07:16:11', NULL, 0.0, 0.0, 0.0, 1071, 0, 0);

INSERT INTO `meeting_individual_results` (`id`, `rank`, `is_play_off`, `is_out_of_race`, `is_disqualified`, `standard_points`, `meeting_individual_points`, `minutes`, `seconds`, `hundreds`, `meeting_program_id`, `swimmer_id`, `team_id`, `badge_id`, `user_id`, `created_at`, `updated_at`, `disqualification_code_type_id`, `goggle_cup_points`, `reaction_time`, `team_points`, `team_affiliation_id`, `is_personal_best`, `is_season_type_best`)
  VALUES (346433, 2, 1, 0, 0, 783.7, 783.7, 0, 28, 71, 55161, 11574, 564, 27980, 1, '2016-05-16 07:16:11', '2016-05-16 07:16:11', NULL, 0.0, 0.0, 0.0, 1356, 0, 0);

INSERT INTO `meeting_individual_results` (`id`, `rank`, `is_play_off`, `is_out_of_race`, `is_disqualified`, `standard_points`, `meeting_individual_points`, `minutes`, `seconds`, `hundreds`, `meeting_program_id`, `swimmer_id`, `team_id`, `badge_id`, `user_id`, `created_at`, `updated_at`, `disqualification_code_type_id`, `goggle_cup_points`, `reaction_time`, `team_points`, `team_affiliation_id`, `is_personal_best`, `is_season_type_best`)
  VALUES (346434, 3, 1, 0, 0, 783.15, 783.15, 0, 28, 73, 55161, 13283, 589, 48116, 1, '2016-05-16 07:16:12', '2016-05-16 07:16:12', NULL, 0.0, 0.0, 0.0, 1458, 0, 0);

INSERT INTO `meeting_individual_results` (`id`, `rank`, `is_play_off`, `is_out_of_race`, `is_disqualified`, `standard_points`, `meeting_individual_points`, `minutes`, `seconds`, `hundreds`, `meeting_program_id`, `swimmer_id`, `team_id`, `badge_id`, `user_id`, `created_at`, `updated_at`, `disqualification_code_type_id`, `goggle_cup_points`, `reaction_time`, `team_points`, `team_affiliation_id`, `is_personal_best`, `is_season_type_best`)
  VALUES (346435, 1, 1, 0, 0, 739.59, 739.59, 0, 30, 99, 55162, 11939, 584, 30957, 1, '2016-05-16 07:16:12', '2016-05-16 07:16:12', NULL, 0.0, 0.0, 0.0, 1462, 0, 0);

INSERT INTO `meeting_individual_results` (`id`, `rank`, `is_play_off`, `is_out_of_race`, `is_disqualified`, `standard_points`, `meeting_individual_points`, `minutes`, `seconds`, `hundreds`, `meeting_program_id`, `swimmer_id`, `team_id`, `badge_id`, `user_id`, `created_at`, `updated_at`, `disqualification_code_type_id`, `goggle_cup_points`, `reaction_time`, `team_points`, `team_affiliation_id`, `is_personal_best`, `is_season_type_best`)
  VALUES (346436, 2, 1, 0, 0, 724.17, 724.17, 0, 31, 65, 55162, 11608, 563, 29596, 1, '2016-05-16 07:16:12', '2016-05-16 07:16:12', NULL, 0.0, 0.0, 0.0, 1444, 0, 0);

INSERT INTO `meeting_individual_results` (`id`, `rank`, `is_play_off`, `is_out_of_race`, `is_disqualified`, `standard_points`, `meeting_individual_points`, `minutes`, `seconds`, `hundreds`, `meeting_program_id`, `swimmer_id`, `team_id`, `badge_id`, `user_id`, `created_at`, `updated_at`, `disqualification_code_type_id`, `goggle_cup_points`, `reaction_time`, `team_points`, `team_affiliation_id`, `is_personal_best`, `is_season_type_best`)
  VALUES (346437, 3, 1, 0, 0, 717.82, 717.82, 0, 31, 93, 55162, 13206, 584, 31187, 1, '2016-05-16 07:16:12', '2016-05-16 07:16:12', NULL, 0.0, 0.0, 0.0, 1462, 0, 0);

INSERT INTO `meeting_individual_results` (`id`, `rank`, `is_play_off`, `is_out_of_race`, `is_disqualified`, `standard_points`, `meeting_individual_points`, `minutes`, `seconds`, `hundreds`, `meeting_program_id`, `swimmer_id`, `team_id`, `badge_id`, `user_id`, `created_at`, `updated_at`, `disqualification_code_type_id`, `goggle_cup_points`, `reaction_time`, `team_points`, `team_affiliation_id`, `is_personal_best`, `is_season_type_best`)
  VALUES (346438, 4, 1, 0, 0, 699.85, 699.85, 0, 32, 75, 55162, 12029, 563, 29772, 1, '2016-05-16 07:16:12', '2016-05-16 07:16:12', NULL, 0.0, 0.0, 0.0, 1444, 0, 0);

INSERT INTO `meeting_individual_results` (`id`, `rank`, `is_play_off`, `is_out_of_race`, `is_disqualified`, `standard_points`, `meeting_individual_points`, `minutes`, `seconds`, `hundreds`, `meeting_program_id`, `swimmer_id`, `team_id`, `badge_id`, `user_id`, `created_at`, `updated_at`, `disqualification_code_type_id`, `goggle_cup_points`, `reaction_time`, `team_points`, `team_affiliation_id`, `is_personal_best`, `is_season_type_best`)
  VALUES (346439, 5, 1, 0, 0, 683.36, 683.36, 0, 33, 54, 55162, 11946, 589, 48113, 1, '2016-05-16 07:16:12', '2016-05-16 07:16:12', NULL, 0.0, 0.0, 0.0, 1458, 0, 0);

INSERT INTO `meeting_individual_results` (`id`, `rank`, `is_play_off`, `is_out_of_race`, `is_disqualified`, `standard_points`, `meeting_individual_points`, `minutes`, `seconds`, `hundreds`, `meeting_program_id`, `swimmer_id`, `team_id`, `badge_id`, `user_id`, `created_at`, `updated_at`, `disqualification_code_type_id`, `goggle_cup_points`, `reaction_time`, `team_points`, `team_affiliation_id`, `is_personal_best`, `is_season_type_best`)
  VALUES (346440, 6, 1, 0, 0, 672.54, 672.54, 0, 34, 8, 55162, 11885, 578, 31020, 1, '2016-05-16 07:16:12', '2016-05-16 07:16:12', NULL, 0.0, 0.0, 0.0, 1498, 0, 0);

INSERT INTO `meeting_individual_results` (`id`, `rank`, `is_play_off`, `is_out_of_race`, `is_disqualified`, `standard_points`, `meeting_individual_points`, `minutes`, `seconds`, `hundreds`, `meeting_program_id`, `swimmer_id`, `team_id`, `badge_id`, `user_id`, `created_at`, `updated_at`, `disqualification_code_type_id`, `goggle_cup_points`, `reaction_time`, `team_points`, `team_affiliation_id`, `is_personal_best`, `is_season_type_best`)
  VALUES (346441, 7, 1, 0, 0, 650.03, 650.03, 0, 35, 26, 55162, 20847, 584, 31798, 1, '2016-05-16 07:16:12', '2016-05-16 07:16:12', NULL, 0.0, 0.0, 0.0, 1462, 0, 0);

INSERT INTO `meeting_individual_results` (`id`, `rank`, `is_play_off`, `is_out_of_race`, `is_disqualified`, `standard_points`, `meeting_individual_points`, `minutes`, `seconds`, `hundreds`, `meeting_program_id`, `swimmer_id`, `team_id`, `badge_id`, `user_id`, `created_at`, `updated_at`, `disqualification_code_type_id`, `goggle_cup_points`, `reaction_time`, `team_points`, `team_affiliation_id`, `is_personal_best`, `is_season_type_best`)
  VALUES (346442, 8, 1, 0, 0, 643.64, 643.64, 0, 35, 61, 55162, 15581, 564, 27935, 1, '2016-05-16 07:16:12', '2016-05-16 07:16:12', NULL, 0.0, 0.0, 0.0, 1356, 0, 0);

INSERT INTO `meeting_individual_results` (`id`, `rank`, `is_play_off`, `is_out_of_race`, `is_disqualified`, `standard_points`, `meeting_individual_points`, `minutes`, `seconds`, `hundreds`, `meeting_program_id`, `swimmer_id`, `team_id`, `badge_id`, `user_id`, `created_at`, `updated_at`, `disqualification_code_type_id`, `goggle_cup_points`, `reaction_time`, `team_points`, `team_affiliation_id`, `is_personal_best`, `is_season_type_best`)
  VALUES (346443, 9, 1, 0, 0, 563.84, 563.84, 0, 40, 65, 55162, 20271, 564, 29691, 1, '2016-05-16 07:16:12', '2016-05-16 07:16:12', NULL, 0.0, 0.0, 0.0, 1356, 0, 0);

INSERT INTO `meeting_individual_results` (`id`, `rank`, `is_play_off`, `is_out_of_race`, `is_disqualified`, `standard_points`, `meeting_individual_points`, `minutes`, `seconds`, `hundreds`, `meeting_program_id`, `swimmer_id`, `team_id`, `badge_id`, `user_id`, `created_at`, `updated_at`, `disqualification_code_type_id`, `goggle_cup_points`, `reaction_time`, `team_points`, `team_affiliation_id`, `is_personal_best`, `is_season_type_best`)
  VALUES (346444, 1, 1, 0, 0, 758.89, 758.89, 0, 30, 94, 55163, 12169, 582, 30961, 1, '2016-05-16 07:16:13', '2016-05-16 07:16:13', NULL, 0.0, 0.0, 0.0, 1266, 0, 0);

INSERT INTO `meeting_individual_results` (`id`, `rank`, `is_play_off`, `is_out_of_race`, `is_disqualified`, `standard_points`, `meeting_individual_points`, `minutes`, `seconds`, `hundreds`, `meeting_program_id`, `swimmer_id`, `team_id`, `badge_id`, `user_id`, `created_at`, `updated_at`, `disqualification_code_type_id`, `goggle_cup_points`, `reaction_time`, `team_points`, `team_affiliation_id`, `is_personal_best`, `is_season_type_best`)
  VALUES (346445, 2, 1, 0, 0, 754.01, 754.01, 0, 31, 14, 55163, 12398, 589, 29694, 1, '2016-05-16 07:16:13', '2016-05-16 07:16:13', NULL, 0.0, 0.0, 0.0, 1458, 0, 0);

INSERT INTO `meeting_individual_results` (`id`, `rank`, `is_play_off`, `is_out_of_race`, `is_disqualified`, `standard_points`, `meeting_individual_points`, `minutes`, `seconds`, `hundreds`, `meeting_program_id`, `swimmer_id`, `team_id`, `badge_id`, `user_id`, `created_at`, `updated_at`, `disqualification_code_type_id`, `goggle_cup_points`, `reaction_time`, `team_points`, `team_affiliation_id`, `is_personal_best`, `is_season_type_best`)
  VALUES (346446, 3, 1, 0, 0, 728.74, 728.74, 0, 32, 22, 55163, 11950, 589, 48122, 1, '2016-05-16 07:16:13', '2016-05-16 07:16:13', NULL, 0.0, 0.0, 0.0, 1458, 0, 0);

INSERT INTO `meeting_individual_results` (`id`, `rank`, `is_play_off`, `is_out_of_race`, `is_disqualified`, `standard_points`, `meeting_individual_points`, `minutes`, `seconds`, `hundreds`, `meeting_program_id`, `swimmer_id`, `team_id`, `badge_id`, `user_id`, `created_at`, `updated_at`, `disqualification_code_type_id`, `goggle_cup_points`, `reaction_time`, `team_points`, `team_affiliation_id`, `is_personal_best`, `is_season_type_best`)
  VALUES (346447, 4, 1, 0, 0, 624.97, 624.97, 0, 37, 57, 55163, 13245, 589, 48114, 1, '2016-05-16 07:16:13', '2016-05-16 07:16:13', NULL, 0.0, 0.0, 0.0, 1458, 0, 0);

INSERT INTO `meeting_individual_results` (`id`, `rank`, `is_play_off`, `is_out_of_race`, `is_disqualified`, `standard_points`, `meeting_individual_points`, `minutes`, `seconds`, `hundreds`, `meeting_program_id`, `swimmer_id`, `team_id`, `badge_id`, `user_id`, `created_at`, `updated_at`, `disqualification_code_type_id`, `goggle_cup_points`, `reaction_time`, `team_points`, `team_affiliation_id`, `is_personal_best`, `is_season_type_best`)
  VALUES (346448, 1, 1, 0, 0, 800.94, 800.94, 0, 29, 94, 55164, 15370, 582, 48123, 1, '2016-05-16 07:16:13', '2016-05-16 07:16:13', NULL, 0.0, 0.0, 0.0, 1266, 0, 0);

INSERT INTO `meeting_individual_results` (`id`, `rank`, `is_play_off`, `is_out_of_race`, `is_disqualified`, `standard_points`, `meeting_individual_points`, `minutes`, `seconds`, `hundreds`, `meeting_program_id`, `swimmer_id`, `team_id`, `badge_id`, `user_id`, `created_at`, `updated_at`, `disqualification_code_type_id`, `goggle_cup_points`, `reaction_time`, `team_points`, `team_affiliation_id`, `is_personal_best`, `is_season_type_best`)
  VALUES (346449, 1, 1, 0, 0, 785.1, 785.1, 0, 31, 41, 55165, 11886, 579, 29710, 1, '2016-05-16 07:16:13', '2016-05-16 07:16:13', NULL, 0.0, 0.0, 0.0, 1449, 0, 0);

INSERT INTO `meeting_individual_results` (`id`, `rank`, `is_play_off`, `is_out_of_race`, `is_disqualified`, `standard_points`, `meeting_individual_points`, `minutes`, `seconds`, `hundreds`, `meeting_program_id`, `swimmer_id`, `team_id`, `badge_id`, `user_id`, `created_at`, `updated_at`, `disqualification_code_type_id`, `goggle_cup_points`, `reaction_time`, `team_points`, `team_affiliation_id`, `is_personal_best`, `is_season_type_best`)
  VALUES (346450, 2, 1, 0, 0, 717.49, 717.49, 0, 34, 37, 55165, 18316, 571, 48127, 1, '2016-05-16 07:16:13', '2016-05-16 07:16:13', NULL, 0.0, 0.0, 0.0, 1503, 0, 0);

INSERT INTO `meeting_individual_results` (`id`, `rank`, `is_play_off`, `is_out_of_race`, `is_disqualified`, `standard_points`, `meeting_individual_points`, `minutes`, `seconds`, `hundreds`, `meeting_program_id`, `swimmer_id`, `team_id`, `badge_id`, `user_id`, `created_at`, `updated_at`, `disqualification_code_type_id`, `goggle_cup_points`, `reaction_time`, `team_points`, `team_affiliation_id`, `is_personal_best`, `is_season_type_best`)
  VALUES (346451, 3, 1, 0, 0, 696.61, 696.61, 0, 35, 40, 55165, 15567, 582, 29820, 1, '2016-05-16 07:16:13', '2016-05-16 07:16:13', NULL, 0.0, 0.0, 0.0, 1266, 0, 0);

INSERT INTO `meeting_individual_results` (`id`, `rank`, `is_play_off`, `is_out_of_race`, `is_disqualified`, `standard_points`, `meeting_individual_points`, `minutes`, `seconds`, `hundreds`, `meeting_program_id`, `swimmer_id`, `team_id`, `badge_id`, `user_id`, `created_at`, `updated_at`, `disqualification_code_type_id`, `goggle_cup_points`, `reaction_time`, `team_points`, `team_affiliation_id`, `is_personal_best`, `is_season_type_best`)
  VALUES (346452, 1, 1, 0, 0, 832.29, 832.29, 0, 30, 41, 55166, 11888, 579, 31052, 1, '2016-05-16 07:16:13', '2016-05-16 07:16:13', NULL, 0.0, 0.0, 0.0, 1449, 0, 0);

INSERT INTO `meeting_individual_results` (`id`, `rank`, `is_play_off`, `is_out_of_race`, `is_disqualified`, `standard_points`, `meeting_individual_points`, `minutes`, `seconds`, `hundreds`, `meeting_program_id`, `swimmer_id`, `team_id`, `badge_id`, `user_id`, `created_at`, `updated_at`, `disqualification_code_type_id`, `goggle_cup_points`, `reaction_time`, `team_points`, `team_affiliation_id`, `is_personal_best`, `is_season_type_best`)
  VALUES (346453, 2, 1, 0, 0, 529.5, 529.5, 0, 47, 80, 55166, 20264, 573, 29624, 1, '2016-05-16 07:16:13', '2016-05-16 07:16:13', NULL, 0.0, 0.0, 0.0, 1461, 0, 0);

INSERT INTO `meeting_individual_results` (`id`, `rank`, `is_play_off`, `is_out_of_race`, `is_disqualified`, `standard_points`, `meeting_individual_points`, `minutes`, `seconds`, `hundreds`, `meeting_program_id`, `swimmer_id`, `team_id`, `badge_id`, `user_id`, `created_at`, `updated_at`, `disqualification_code_type_id`, `goggle_cup_points`, `reaction_time`, `team_points`, `team_affiliation_id`, `is_personal_best`, `is_season_type_best`)
  VALUES (346454, 1, 1, 0, 0, 763.07, 763.07, 0, 34, 23, 55167, 15734, 678, 29717, 1, '2016-05-16 07:16:13', '2016-05-16 07:16:13', NULL, 0.0, 0.0, 0.0, 1176, 0, 0);

INSERT INTO `meeting_individual_results` (`id`, `rank`, `is_play_off`, `is_out_of_race`, `is_disqualified`, `standard_points`, `meeting_individual_points`, `minutes`, `seconds`, `hundreds`, `meeting_program_id`, `swimmer_id`, `team_id`, `badge_id`, `user_id`, `created_at`, `updated_at`, `disqualification_code_type_id`, `goggle_cup_points`, `reaction_time`, `team_points`, `team_affiliation_id`, `is_personal_best`, `is_season_type_best`)
  VALUES (346455, 2, 1, 0, 0, 746.07, 746.07, 0, 35, 1, 55167, 18315, 183, 27923, 1, '2016-05-16 07:16:13', '2016-05-16 07:16:13', NULL, 0.0, 0.0, 0.0, 1353, 0, 0);

INSERT INTO `meeting_individual_results` (`id`, `rank`, `is_play_off`, `is_out_of_race`, `is_disqualified`, `standard_points`, `meeting_individual_points`, `minutes`, `seconds`, `hundreds`, `meeting_program_id`, `swimmer_id`, `team_id`, `badge_id`, `user_id`, `created_at`, `updated_at`, `disqualification_code_type_id`, `goggle_cup_points`, `reaction_time`, `team_points`, `team_affiliation_id`, `is_personal_best`, `is_season_type_best`)
  VALUES (346456, 3, 1, 0, 0, 526.72, 526.72, 0, 49, 59, 55167, 13287, 584, 30972, 1, '2016-05-16 07:16:13', '2016-05-16 07:16:13', NULL, 0.0, 0.0, 0.0, 1462, 0, 0);

INSERT INTO `meeting_individual_results` (`id`, `rank`, `is_play_off`, `is_out_of_race`, `is_disqualified`, `standard_points`, `meeting_individual_points`, `minutes`, `seconds`, `hundreds`, `meeting_program_id`, `swimmer_id`, `team_id`, `badge_id`, `user_id`, `created_at`, `updated_at`, `disqualification_code_type_id`, `goggle_cup_points`, `reaction_time`, `team_points`, `team_affiliation_id`, `is_personal_best`, `is_season_type_best`)
  VALUES (346457, 4, 1, 0, 0, 414.14, 414.14, 1, 3, 7, 55167, 19803, 183, 27973, 1, '2016-05-16 07:16:14', '2016-05-16 07:16:14', NULL, 0.0, 0.0, 0.0, 1353, 0, 0);

INSERT INTO `meeting_individual_results` (`id`, `rank`, `is_play_off`, `is_out_of_race`, `is_disqualified`, `standard_points`, `meeting_individual_points`, `minutes`, `seconds`, `hundreds`, `meeting_program_id`, `swimmer_id`, `team_id`, `badge_id`, `user_id`, `created_at`, `updated_at`, `disqualification_code_type_id`, `goggle_cup_points`, `reaction_time`, `team_points`, `team_affiliation_id`, `is_personal_best`, `is_season_type_best`)
  VALUES (346458, 1, 1, 0, 0, 0.0, 0.0, 0, 27, 7, 55168, 20317, 564, 29630, 1, '2016-05-16 07:16:14', '2016-05-16 07:16:14', NULL, 0.0, 0.0, 0.0, 1356, 0, 0);

INSERT INTO `meeting_individual_results` (`id`, `rank`, `is_play_off`, `is_out_of_race`, `is_disqualified`, `standard_points`, `meeting_individual_points`, `minutes`, `seconds`, `hundreds`, `meeting_program_id`, `swimmer_id`, `team_id`, `badge_id`, `user_id`, `created_at`, `updated_at`, `disqualification_code_type_id`, `goggle_cup_points`, `reaction_time`, `team_points`, `team_affiliation_id`, `is_personal_best`, `is_season_type_best`)
  VALUES (346459, 2, 1, 0, 0, 0.0, 0.0, 0, 31, 17, 55168, 20580, 669, 31064, 1, '2016-05-16 07:16:14', '2016-05-16 07:16:14', NULL, 0.0, 0.0, 0.0, 1499, 0, 0);

INSERT INTO `meeting_individual_results` (`id`, `rank`, `is_play_off`, `is_out_of_race`, `is_disqualified`, `standard_points`, `meeting_individual_points`, `minutes`, `seconds`, `hundreds`, `meeting_program_id`, `swimmer_id`, `team_id`, `badge_id`, `user_id`, `created_at`, `updated_at`, `disqualification_code_type_id`, `goggle_cup_points`, `reaction_time`, `team_points`, `team_affiliation_id`, `is_personal_best`, `is_season_type_best`)
  VALUES (346460, 3, 1, 0, 0, 0.0, 0.0, 0, 34, 63, 55168, 25615, 571, 48121, 1, '2016-05-16 07:16:14', '2016-05-16 07:16:14', NULL, 0.0, 0.0, 0.0, 1503, 0, 0);

INSERT INTO `meeting_individual_results` (`id`, `rank`, `is_play_off`, `is_out_of_race`, `is_disqualified`, `standard_points`, `meeting_individual_points`, `minutes`, `seconds`, `hundreds`, `meeting_program_id`, `swimmer_id`, `team_id`, `badge_id`, `user_id`, `created_at`, `updated_at`, `disqualification_code_type_id`, `goggle_cup_points`, `reaction_time`, `team_points`, `team_affiliation_id`, `is_personal_best`, `is_season_type_best`)
  VALUES (346461, 4, 1, 0, 0, 0.0, 0.0, 0, 35, 4, 55168, 20591, 571, 31065, 1, '2016-05-16 07:16:14', '2016-05-16 07:16:14', NULL, 0.0, 0.0, 0.0, 1503, 0, 0);

INSERT INTO `meeting_individual_results` (`id`, `rank`, `is_play_off`, `is_out_of_race`, `is_disqualified`, `standard_points`, `meeting_individual_points`, `minutes`, `seconds`, `hundreds`, `meeting_program_id`, `swimmer_id`, `team_id`, `badge_id`, `user_id`, `created_at`, `updated_at`, `disqualification_code_type_id`, `goggle_cup_points`, `reaction_time`, `team_points`, `team_affiliation_id`, `is_personal_best`, `is_season_type_best`)
  VALUES (346462, 5, 1, 0, 0, 0.0, 0.0, 0, 35, 82, 55168, 17868, 669, 48124, 1, '2016-05-16 07:16:14', '2016-05-16 07:16:14', NULL, 0.0, 0.0, 0.0, 1499, 0, 0);

INSERT INTO `meeting_team_scores` (`id`, `sum_individual_points`, `sum_relay_points`, `team_id`, `meeting_id`, `created_at`, `updated_at`, `rank`, `user_id`, `sum_team_points`, `meeting_individual_points`, `meeting_relay_points`, `meeting_team_points`, `season_individual_points`, `season_relay_points`, `season_team_points`, `season_id`, `team_affiliation_id`)
  VALUES (13291, 8692.67, 0.0, 589, 14338, '2016-05-16 07:16:14', '2016-05-16 07:16:14', 0, 1, 0.0, 0.0, 0.0, 0.0, 0.0, 0.0, 0.0, 142, 1458);

INSERT INTO `meeting_team_scores` (`id`, `sum_individual_points`, `sum_relay_points`, `team_id`, `meeting_id`, `created_at`, `updated_at`, `rank`, `user_id`, `sum_team_points`, `meeting_individual_points`, `meeting_relay_points`, `meeting_team_points`, `season_individual_points`, `season_relay_points`, `season_team_points`, `season_id`, `team_affiliation_id`)
  VALUES (13292, 7274.2, 0.0, 571, 14338, '2016-05-16 07:16:14', '2016-05-16 07:16:14', 0, 1, 0.0, 0.0, 0.0, 0.0, 0.0, 0.0, 0.0, 142, 1503);

INSERT INTO `meeting_team_scores` (`id`, `sum_individual_points`, `sum_relay_points`, `team_id`, `meeting_id`, `created_at`, `updated_at`, `rank`, `user_id`, `sum_team_points`, `meeting_individual_points`, `meeting_relay_points`, `meeting_team_points`, `season_individual_points`, `season_relay_points`, `season_team_points`, `season_id`, `team_affiliation_id`)
  VALUES (13293, 7024.22, 0.0, 564, 14338, '2016-05-16 07:16:14', '2016-05-16 07:16:14', 0, 1, 0.0, 0.0, 0.0, 0.0, 0.0, 0.0, 0.0, 142, 1356);

INSERT INTO `meeting_team_scores` (`id`, `sum_individual_points`, `sum_relay_points`, `team_id`, `meeting_id`, `created_at`, `updated_at`, `rank`, `user_id`, `sum_team_points`, `meeting_individual_points`, `meeting_relay_points`, `meeting_team_points`, `season_individual_points`, `season_relay_points`, `season_team_points`, `season_id`, `team_affiliation_id`)
  VALUES (13294, 6085.5, 0.0, 582, 14338, '2016-05-16 07:16:14', '2016-05-16 07:16:14', 0, 1, 0.0, 0.0, 0.0, 0.0, 0.0, 0.0, 0.0, 142, 1266);

INSERT INTO `meeting_team_scores` (`id`, `sum_individual_points`, `sum_relay_points`, `team_id`, `meeting_id`, `created_at`, `updated_at`, `rank`, `user_id`, `sum_team_points`, `meeting_individual_points`, `meeting_relay_points`, `meeting_team_points`, `season_individual_points`, `season_relay_points`, `season_team_points`, `season_id`, `team_affiliation_id`)
  VALUES (13295, 5525.8, 0.0, 584, 14338, '2016-05-16 07:16:14', '2016-05-16 07:16:14', 0, 1, 0.0, 0.0, 0.0, 0.0, 0.0, 0.0, 0.0, 142, 1462);

INSERT INTO `meeting_team_scores` (`id`, `sum_individual_points`, `sum_relay_points`, `team_id`, `meeting_id`, `created_at`, `updated_at`, `rank`, `user_id`, `sum_team_points`, `meeting_individual_points`, `meeting_relay_points`, `meeting_team_points`, `season_individual_points`, `season_relay_points`, `season_team_points`, `season_id`, `team_affiliation_id`)
  VALUES (13296, 4600.37, 0.0, 372, 14338, '2016-05-16 07:16:14', '2016-05-16 07:16:14', 0, 1, 0.0, 0.0, 0.0, 0.0, 0.0, 0.0, 0.0, 142, 1071);

INSERT INTO `meeting_team_scores` (`id`, `sum_individual_points`, `sum_relay_points`, `team_id`, `meeting_id`, `created_at`, `updated_at`, `rank`, `user_id`, `sum_team_points`, `meeting_individual_points`, `meeting_relay_points`, `meeting_team_points`, `season_individual_points`, `season_relay_points`, `season_team_points`, `season_id`, `team_affiliation_id`)
  VALUES (13297, 4324.46, 0.0, 563, 14338, '2016-05-16 07:16:14', '2016-05-16 07:16:14', 0, 1, 0.0, 0.0, 0.0, 0.0, 0.0, 0.0, 0.0, 142, 1444);

INSERT INTO `meeting_team_scores` (`id`, `sum_individual_points`, `sum_relay_points`, `team_id`, `meeting_id`, `created_at`, `updated_at`, `rank`, `user_id`, `sum_team_points`, `meeting_individual_points`, `meeting_relay_points`, `meeting_team_points`, `season_individual_points`, `season_relay_points`, `season_team_points`, `season_id`, `team_affiliation_id`)
  VALUES (13298, 3763.46, 0.0, 572, 14338, '2016-05-16 07:16:14', '2016-05-16 07:16:14', 0, 1, 0.0, 0.0, 0.0, 0.0, 0.0, 0.0, 0.0, 142, 1445);

INSERT INTO `meeting_team_scores` (`id`, `sum_individual_points`, `sum_relay_points`, `team_id`, `meeting_id`, `created_at`, `updated_at`, `rank`, `user_id`, `sum_team_points`, `meeting_individual_points`, `meeting_relay_points`, `meeting_team_points`, `season_individual_points`, `season_relay_points`, `season_team_points`, `season_id`, `team_affiliation_id`)
  VALUES (13299, 3390.47, 0.0, 578, 14338, '2016-05-16 07:16:14', '2016-05-16 07:16:14', 0, 1, 0.0, 0.0, 0.0, 0.0, 0.0, 0.0, 0.0, 142, 1498);

INSERT INTO `meeting_team_scores` (`id`, `sum_individual_points`, `sum_relay_points`, `team_id`, `meeting_id`, `created_at`, `updated_at`, `rank`, `user_id`, `sum_team_points`, `meeting_individual_points`, `meeting_relay_points`, `meeting_team_points`, `season_individual_points`, `season_relay_points`, `season_team_points`, `season_id`, `team_affiliation_id`)
  VALUES (13300, 3277.19, 0.0, 579, 14338, '2016-05-16 07:16:15', '2016-05-16 07:16:15', 0, 1, 0.0, 0.0, 0.0, 0.0, 0.0, 0.0, 0.0, 142, 1449);

INSERT INTO `meeting_team_scores` (`id`, `sum_individual_points`, `sum_relay_points`, `team_id`, `meeting_id`, `created_at`, `updated_at`, `rank`, `user_id`, `sum_team_points`, `meeting_individual_points`, `meeting_relay_points`, `meeting_team_points`, `season_individual_points`, `season_relay_points`, `season_team_points`, `season_id`, `team_affiliation_id`)
  VALUES (13301, 3275.61, 0.0, 208, 14338, '2016-05-16 07:16:15', '2016-05-16 07:16:15', 0, 1, 0.0, 0.0, 0.0, 0.0, 0.0, 0.0, 0.0, 142, 1457);

INSERT INTO `meeting_team_scores` (`id`, `sum_individual_points`, `sum_relay_points`, `team_id`, `meeting_id`, `created_at`, `updated_at`, `rank`, `user_id`, `sum_team_points`, `meeting_individual_points`, `meeting_relay_points`, `meeting_team_points`, `season_individual_points`, `season_relay_points`, `season_team_points`, `season_id`, `team_affiliation_id`)
  VALUES (13302, 2632.1, 0.0, 573, 14338, '2016-05-16 07:16:15', '2016-05-16 07:16:15', 0, 1, 0.0, 0.0, 0.0, 0.0, 0.0, 0.0, 0.0, 142, 1461);

INSERT INTO `meeting_team_scores` (`id`, `sum_individual_points`, `sum_relay_points`, `team_id`, `meeting_id`, `created_at`, `updated_at`, `rank`, `user_id`, `sum_team_points`, `meeting_individual_points`, `meeting_relay_points`, `meeting_team_points`, `season_individual_points`, `season_relay_points`, `season_team_points`, `season_id`, `team_affiliation_id`)
  VALUES (13303, 2521.65, 0.0, 210, 14338, '2016-05-16 07:16:15', '2016-05-16 07:16:15', 0, 1, 0.0, 0.0, 0.0, 0.0, 0.0, 0.0, 0.0, 142, 1218);

INSERT INTO `meeting_team_scores` (`id`, `sum_individual_points`, `sum_relay_points`, `team_id`, `meeting_id`, `created_at`, `updated_at`, `rank`, `user_id`, `sum_team_points`, `meeting_individual_points`, `meeting_relay_points`, `meeting_team_points`, `season_individual_points`, `season_relay_points`, `season_team_points`, `season_id`, `team_affiliation_id`)
  VALUES (13304, 2512.63, 0.0, 188, 14338, '2016-05-16 07:16:15', '2016-05-16 07:16:15', 0, 1, 0.0, 0.0, 0.0, 0.0, 0.0, 0.0, 0.0, 142, 983);

INSERT INTO `meeting_team_scores` (`id`, `sum_individual_points`, `sum_relay_points`, `team_id`, `meeting_id`, `created_at`, `updated_at`, `rank`, `user_id`, `sum_team_points`, `meeting_individual_points`, `meeting_relay_points`, `meeting_team_points`, `season_individual_points`, `season_relay_points`, `season_team_points`, `season_id`, `team_affiliation_id`)
  VALUES (13305, 2008.48, 0.0, 669, 14338, '2016-05-16 07:16:15', '2016-05-16 07:16:15', 0, 1, 0.0, 0.0, 0.0, 0.0, 0.0, 0.0, 0.0, 142, 1499);

INSERT INTO `meeting_team_scores` (`id`, `sum_individual_points`, `sum_relay_points`, `team_id`, `meeting_id`, `created_at`, `updated_at`, `rank`, `user_id`, `sum_team_points`, `meeting_individual_points`, `meeting_relay_points`, `meeting_team_points`, `season_individual_points`, `season_relay_points`, `season_team_points`, `season_id`, `team_affiliation_id`)
  VALUES (13306, 1892.31, 0.0, 507, 14338, '2016-05-16 07:16:15', '2016-05-16 07:16:15', 0, 1, 0.0, 0.0, 0.0, 0.0, 0.0, 0.0, 0.0, 142, 1241);

INSERT INTO `meeting_team_scores` (`id`, `sum_individual_points`, `sum_relay_points`, `team_id`, `meeting_id`, `created_at`, `updated_at`, `rank`, `user_id`, `sum_team_points`, `meeting_individual_points`, `meeting_relay_points`, `meeting_team_points`, `season_individual_points`, `season_relay_points`, `season_team_points`, `season_id`, `team_affiliation_id`)
  VALUES (13307, 1620.91, 0.0, 212, 14338, '2016-05-16 07:16:15', '2016-05-16 07:16:15', 0, 1, 0.0, 0.0, 0.0, 0.0, 0.0, 0.0, 0.0, 142, 1250);

INSERT INTO `meeting_team_scores` (`id`, `sum_individual_points`, `sum_relay_points`, `team_id`, `meeting_id`, `created_at`, `updated_at`, `rank`, `user_id`, `sum_team_points`, `meeting_individual_points`, `meeting_relay_points`, `meeting_team_points`, `season_individual_points`, `season_relay_points`, `season_team_points`, `season_id`, `team_affiliation_id`)
  VALUES (13308, 1595.16, 0.0, 365, 14338, '2016-05-16 07:16:15', '2016-05-16 07:16:15', 0, 1, 0.0, 0.0, 0.0, 0.0, 0.0, 0.0, 0.0, 142, 1100);

INSERT INTO `meeting_team_scores` (`id`, `sum_individual_points`, `sum_relay_points`, `team_id`, `meeting_id`, `created_at`, `updated_at`, `rank`, `user_id`, `sum_team_points`, `meeting_individual_points`, `meeting_relay_points`, `meeting_team_points`, `season_individual_points`, `season_relay_points`, `season_team_points`, `season_id`, `team_affiliation_id`)
  VALUES (13309, 1537.78, 0.0, 678, 14338, '2016-05-16 07:16:15', '2016-05-16 07:16:15', 0, 1, 0.0, 0.0, 0.0, 0.0, 0.0, 0.0, 0.0, 142, 1176);

INSERT INTO `meeting_team_scores` (`id`, `sum_individual_points`, `sum_relay_points`, `team_id`, `meeting_id`, `created_at`, `updated_at`, `rank`, `user_id`, `sum_team_points`, `meeting_individual_points`, `meeting_relay_points`, `meeting_team_points`, `season_individual_points`, `season_relay_points`, `season_team_points`, `season_id`, `team_affiliation_id`)
  VALUES (13310, 1482.06, 0.0, 487, 14338, '2016-05-16 07:16:15', '2016-05-16 07:16:15', 0, 1, 0.0, 0.0, 0.0, 0.0, 0.0, 0.0, 0.0, 142, 1511);

INSERT INTO `meeting_team_scores` (`id`, `sum_individual_points`, `sum_relay_points`, `team_id`, `meeting_id`, `created_at`, `updated_at`, `rank`, `user_id`, `sum_team_points`, `meeting_individual_points`, `meeting_relay_points`, `meeting_team_points`, `season_individual_points`, `season_relay_points`, `season_team_points`, `season_id`, `team_affiliation_id`)
  VALUES (13311, 1251.37, 0.0, 490, 14338, '2016-05-16 07:16:15', '2016-05-16 07:16:15', 0, 1, 0.0, 0.0, 0.0, 0.0, 0.0, 0.0, 0.0, 142, 1355);

INSERT INTO `meeting_team_scores` (`id`, `sum_individual_points`, `sum_relay_points`, `team_id`, `meeting_id`, `created_at`, `updated_at`, `rank`, `user_id`, `sum_team_points`, `meeting_individual_points`, `meeting_relay_points`, `meeting_team_points`, `season_individual_points`, `season_relay_points`, `season_team_points`, `season_id`, `team_affiliation_id`)
  VALUES (13312, 1160.21, 0.0, 183, 14338, '2016-05-16 07:16:15', '2016-05-16 07:16:15', 0, 1, 0.0, 0.0, 0.0, 0.0, 0.0, 0.0, 0.0, 142, 1353);

INSERT INTO `meeting_team_scores` (`id`, `sum_individual_points`, `sum_relay_points`, `team_id`, `meeting_id`, `created_at`, `updated_at`, `rank`, `user_id`, `sum_team_points`, `meeting_individual_points`, `meeting_relay_points`, `meeting_team_points`, `season_individual_points`, `season_relay_points`, `season_team_points`, `season_id`, `team_affiliation_id`)
  VALUES (13313, 1068.54, 0.0, 583, 14338, '2016-05-16 07:16:15', '2016-05-16 07:16:15', 0, 1, 0.0, 0.0, 0.0, 0.0, 0.0, 0.0, 0.0, 142, 1453);

INSERT INTO `meeting_team_scores` (`id`, `sum_individual_points`, `sum_relay_points`, `team_id`, `meeting_id`, `created_at`, `updated_at`, `rank`, `user_id`, `sum_team_points`, `meeting_individual_points`, `meeting_relay_points`, `meeting_team_points`, `season_individual_points`, `season_relay_points`, `season_team_points`, `season_id`, `team_affiliation_id`)
  VALUES (13314, 845.86, 0.0, 54, 14338, '2016-05-16 07:16:15', '2016-05-16 07:16:15', 0, 1, 0.0, 0.0, 0.0, 0.0, 0.0, 0.0, 0.0, 142, 995);

INSERT INTO `meeting_team_scores` (`id`, `sum_individual_points`, `sum_relay_points`, `team_id`, `meeting_id`, `created_at`, `updated_at`, `rank`, `user_id`, `sum_team_points`, `meeting_individual_points`, `meeting_relay_points`, `meeting_team_points`, `season_individual_points`, `season_relay_points`, `season_team_points`, `season_id`, `team_affiliation_id`)
  VALUES (13315, 621.12, 0.0, 527, 14338, '2016-05-16 07:16:15', '2016-05-16 07:16:15', 0, 1, 0.0, 0.0, 0.0, 0.0, 0.0, 0.0, 0.0, 142, 1040);

INSERT INTO `meeting_team_scores` (`id`, `sum_individual_points`, `sum_relay_points`, `team_id`, `meeting_id`, `created_at`, `updated_at`, `rank`, `user_id`, `sum_team_points`, `meeting_individual_points`, `meeting_relay_points`, `meeting_team_points`, `season_individual_points`, `season_relay_points`, `season_team_points`, `season_id`, `team_affiliation_id`)
  VALUES (13316, 0.0, 0.0, 947, 14338, '2016-05-16 07:16:15', '2016-05-16 07:16:15', 0, 1, 0.0, 0.0, 0.0, 0.0, 0.0, 0.0, 0.0, 142, 2226);


-- Meeting 14338
-- 'Results acquired' flag setting:
UPDATE meetings SET are_results_acquired = '1' WHERE id = 14338;

-- --- BeginTimeCalculator: compute_for_all( 14338 )
-- ----------------------------------------------------
-- Using RESULTS to compute heat length.

-- Event #1, M.Prg: 55104, tot. athletes: 1
-- Tot. progr. duration: 173 (sec), Heat durations: [17315] (hds)
-- Session begin time: 2015-05-30 08:30:00 +0200, Computed begin time: 2015-05-30 08:32:00 +0200
UPDATE meeting_programs SET begin_time = '2015-05-30 08:32' WHERE id = 55104;

-- Event #2, M.Prg: 55105, tot. athletes: 1
-- Tot. progr. duration: 140 (sec), Heat durations: [14077] (hds)
-- Session begin time: 2015-05-30 08:30:00 +0200, Computed begin time: 2015-05-30 08:34:53 +0200
UPDATE meeting_programs SET begin_time = '2015-05-30 08:34' WHERE id = 55105;

-- Event #3, M.Prg: 55106, tot. athletes: 1
-- Tot. progr. duration: 136 (sec), Heat durations: [13603] (hds)
-- Session begin time: 2015-05-30 08:30:00 +0200, Computed begin time: 2015-05-30 08:37:13 +0200
UPDATE meeting_programs SET begin_time = '2015-05-30 08:37' WHERE id = 55106;

-- Event #4, M.Prg: 55107, tot. athletes: 2
-- Tot. progr. duration: 182 (sec), Heat durations: [18230] (hds)
-- Session begin time: 2015-05-30 08:30:00 +0200, Computed begin time: 2015-05-30 08:39:29 +0200
UPDATE meeting_programs SET begin_time = '2015-05-30 08:39' WHERE id = 55107;

-- Event #5, M.Prg: 55108, tot. athletes: 1
-- Tot. progr. duration: 150 (sec), Heat durations: [15029] (hds)
-- Session begin time: 2015-05-30 08:30:00 +0200, Computed begin time: 2015-05-30 08:42:31 +0200
UPDATE meeting_programs SET begin_time = '2015-05-30 08:42' WHERE id = 55108;

-- Event #6, M.Prg: 55109, tot. athletes: 3
-- Tot. progr. duration: 159 (sec), Heat durations: [15951] (hds)
-- Session begin time: 2015-05-30 08:30:00 +0200, Computed begin time: 2015-05-30 08:45:01 +0200
UPDATE meeting_programs SET begin_time = '2015-05-30 08:45' WHERE id = 55109;

-- Event #7, M.Prg: 55110, tot. athletes: 5
-- Tot. progr. duration: 164 (sec), Heat durations: [16434] (hds)
-- Session begin time: 2015-05-30 08:30:00 +0200, Computed begin time: 2015-05-30 08:47:40 +0200
UPDATE meeting_programs SET begin_time = '2015-05-30 08:47' WHERE id = 55110;

-- Event #8, M.Prg: 55111, tot. athletes: 1
-- Tot. progr. duration: 168 (sec), Heat durations: [16809] (hds)
-- Session begin time: 2015-05-30 08:30:00 +0200, Computed begin time: 2015-05-30 08:50:24 +0200
UPDATE meeting_programs SET begin_time = '2015-05-30 08:50' WHERE id = 55111;

-- Event #9, M.Prg: 55112, tot. athletes: 1
-- Tot. progr. duration: 60 (sec), Heat durations: [6000] (hds)
-- Session begin time: 2015-05-30 08:30:00 +0200, Computed begin time: 2015-05-30 08:53:12 +0200
UPDATE meeting_programs SET begin_time = '2015-05-30 08:53' WHERE id = 55112;

-- Event #10, M.Prg: 55113, tot. athletes: 1
-- Tot. progr. duration: 191 (sec), Heat durations: [19154] (hds)
-- Session begin time: 2015-05-30 08:30:00 +0200, Computed begin time: 2015-05-30 08:54:12 +0200
UPDATE meeting_programs SET begin_time = '2015-05-30 08:54' WHERE id = 55113;

-- Event #11, M.Prg: 55114, tot. athletes: 1
-- Tot. progr. duration: 166 (sec), Heat durations: [16671] (hds)
-- Session begin time: 2015-05-30 08:30:00 +0200, Computed begin time: 2015-05-30 08:57:23 +0200
UPDATE meeting_programs SET begin_time = '2015-05-30 08:57' WHERE id = 55114;

-- Event #12, M.Prg: 55115, tot. athletes: 2
-- Tot. progr. duration: 166 (sec), Heat durations: [16653] (hds)
-- Session begin time: 2015-05-30 08:30:00 +0200, Computed begin time: 2015-05-30 09:00:09 +0200
UPDATE meeting_programs SET begin_time = '2015-05-30 09:00' WHERE id = 55115;

-- Event #13, M.Prg: 55116, tot. athletes: 1
-- Tot. progr. duration: 144 (sec), Heat durations: [14475] (hds)
-- Session begin time: 2015-05-30 08:30:00 +0200, Computed begin time: 2015-05-30 09:02:55 +0200
UPDATE meeting_programs SET begin_time = '2015-05-30 09:02' WHERE id = 55116;

-- Event #14, M.Prg: 55117, tot. athletes: 1
-- Tot. progr. duration: 138 (sec), Heat durations: [13823] (hds)
-- Session begin time: 2015-05-30 08:30:00 +0200, Computed begin time: 2015-05-30 09:05:19 +0200
UPDATE meeting_programs SET begin_time = '2015-05-30 09:05' WHERE id = 55117;

-- Event #15, M.Prg: 55118, tot. athletes: 2
-- Tot. progr. duration: 140 (sec), Heat durations: [14021] (hds)
-- Session begin time: 2015-05-30 08:30:00 +0200, Computed begin time: 2015-05-30 09:07:37 +0200
UPDATE meeting_programs SET begin_time = '2015-05-30 09:07' WHERE id = 55118;

-- Event #16, M.Prg: 55119, tot. athletes: 1
-- Tot. progr. duration: 60 (sec), Heat durations: [6000] (hds)
-- Session begin time: 2015-05-30 08:30:00 +0200, Computed begin time: 2015-05-30 09:09:57 +0200
UPDATE meeting_programs SET begin_time = '2015-05-30 09:09' WHERE id = 55119;

-- Event #17, M.Prg: 55120, tot. athletes: 2
-- Tot. progr. duration: 160 (sec), Heat durations: [16035] (hds)
-- Session begin time: 2015-05-30 08:30:00 +0200, Computed begin time: 2015-05-30 09:10:57 +0200
UPDATE meeting_programs SET begin_time = '2015-05-30 09:10' WHERE id = 55120;

-- Event #18, M.Prg: 55121, tot. athletes: 2
-- Tot. progr. duration: 151 (sec), Heat durations: [15165] (hds)
-- Session begin time: 2015-05-30 08:30:00 +0200, Computed begin time: 2015-05-30 09:13:37 +0200
UPDATE meeting_programs SET begin_time = '2015-05-30 09:13' WHERE id = 55121;

-- Event #19, M.Prg: 55122, tot. athletes: 4
-- Tot. progr. duration: 157 (sec), Heat durations: [15703] (hds)
-- Session begin time: 2015-05-30 08:30:00 +0200, Computed begin time: 2015-05-30 09:16:08 +0200
UPDATE meeting_programs SET begin_time = '2015-05-30 09:16' WHERE id = 55122;

-- Event #20, M.Prg: 55123, tot. athletes: 1
-- Tot. progr. duration: 125 (sec), Heat durations: [12526] (hds)
-- Session begin time: 2015-05-30 08:30:00 +0200, Computed begin time: 2015-05-30 09:18:45 +0200
UPDATE meeting_programs SET begin_time = '2015-05-30 09:18' WHERE id = 55123;

-- Event #21, M.Prg: 55124, tot. athletes: 1
-- Tot. progr. duration: 160 (sec), Heat durations: [16009] (hds)
-- Session begin time: 2015-05-30 08:30:00 +0200, Computed begin time: 2015-05-30 09:20:50 +0200
UPDATE meeting_programs SET begin_time = '2015-05-30 09:20' WHERE id = 55124;

-- Event #22, M.Prg: 55125, tot. athletes: 3
-- Tot. progr. duration: 192 (sec), Heat durations: [19209] (hds)
-- Session begin time: 2015-05-30 08:30:00 +0200, Computed begin time: 2015-05-30 09:23:30 +0200
UPDATE meeting_programs SET begin_time = '2015-05-30 09:23' WHERE id = 55125;

-- Event #23, M.Prg: 55126, tot. athletes: 1
-- Tot. progr. duration: 207 (sec), Heat durations: [20705] (hds)
-- Session begin time: 2015-05-30 08:30:00 +0200, Computed begin time: 2015-05-30 09:26:42 +0200
UPDATE meeting_programs SET begin_time = '2015-05-30 09:26' WHERE id = 55126;

-- Event #24, M.Prg: 55127, tot. athletes: 1
-- Tot. progr. duration: 189 (sec), Heat durations: [18953] (hds)
-- Session begin time: 2015-05-30 08:30:00 +0200, Computed begin time: 2015-05-30 09:30:09 +0200
UPDATE meeting_programs SET begin_time = '2015-05-30 09:30' WHERE id = 55127;

-- Event #25, M.Prg: 55128, tot. athletes: 1
-- Tot. progr. duration: 489 (sec), Heat durations: [48954] (hds)
-- Session begin time: 2015-05-30 08:30:00 +0200, Computed begin time: 2015-05-30 09:33:18 +0200
UPDATE meeting_programs SET begin_time = '2015-05-30 09:33' WHERE id = 55128;

-- Event #26, M.Prg: 55129, tot. athletes: 1
-- Tot. progr. duration: 480 (sec), Heat durations: [48022] (hds)
-- Session begin time: 2015-05-30 08:30:00 +0200, Computed begin time: 2015-05-30 09:41:27 +0200
UPDATE meeting_programs SET begin_time = '2015-05-30 09:41' WHERE id = 55129;

-- Event #27, M.Prg: 55130, tot. athletes: 1
-- Tot. progr. duration: 415 (sec), Heat durations: [41543] (hds)
-- Session begin time: 2015-05-30 08:30:00 +0200, Computed begin time: 2015-05-30 09:49:27 +0200
UPDATE meeting_programs SET begin_time = '2015-05-30 09:49' WHERE id = 55130;

-- Event #28, M.Prg: 55131, tot. athletes: 4
-- Tot. progr. duration: 590 (sec), Heat durations: [59037] (hds)
-- Session begin time: 2015-05-30 08:30:00 +0200, Computed begin time: 2015-05-30 09:56:22 +0200
UPDATE meeting_programs SET begin_time = '2015-05-30 09:56' WHERE id = 55131;

-- Event #29, M.Prg: 55132, tot. athletes: 3
-- Tot. progr. duration: 490 (sec), Heat durations: [49003] (hds)
-- Session begin time: 2015-05-30 08:30:00 +0200, Computed begin time: 2015-05-30 10:06:12 +0200
UPDATE meeting_programs SET begin_time = '2015-05-30 10:06' WHERE id = 55132;

-- Event #30, M.Prg: 55133, tot. athletes: 2
-- Tot. progr. duration: 397 (sec), Heat durations: [39775] (hds)
-- Session begin time: 2015-05-30 08:30:00 +0200, Computed begin time: 2015-05-30 10:14:22 +0200
UPDATE meeting_programs SET begin_time = '2015-05-30 10:14' WHERE id = 55133;

-- Event #31, M.Prg: 55134, tot. athletes: 3
-- Tot. progr. duration: 416 (sec), Heat durations: [41670] (hds)
-- Session begin time: 2015-05-30 08:30:00 +0200, Computed begin time: 2015-05-30 10:20:59 +0200
UPDATE meeting_programs SET begin_time = '2015-05-30 10:20' WHERE id = 55134;

-- Event #32, M.Prg: 55135, tot. athletes: 3
-- Tot. progr. duration: 498 (sec), Heat durations: [49841] (hds)
-- Session begin time: 2015-05-30 08:30:00 +0200, Computed begin time: 2015-05-30 10:27:55 +0200
UPDATE meeting_programs SET begin_time = '2015-05-30 10:27' WHERE id = 55135;

-- Event #33, M.Prg: 55136, tot. athletes: 1
-- Tot. progr. duration: 364 (sec), Heat durations: [36400] (hds)
-- Session begin time: 2015-05-30 08:30:00 +0200, Computed begin time: 2015-05-30 10:36:13 +0200
UPDATE meeting_programs SET begin_time = '2015-05-30 10:36' WHERE id = 55136;

-- Event #34, M.Prg: 55137, tot. athletes: 1
-- Tot. progr. duration: 118 (sec), Heat durations: [11829] (hds)
-- Session begin time: 2015-05-30 08:30:00 +0200, Computed begin time: 2015-05-30 10:42:17 +0200
UPDATE meeting_programs SET begin_time = '2015-05-30 10:42' WHERE id = 55137;

-- Event #35, M.Prg: 55138, tot. athletes: 2
-- Tot. progr. duration: 106 (sec), Heat durations: [10600] (hds)
-- Session begin time: 2015-05-30 08:30:00 +0200, Computed begin time: 2015-05-30 10:44:15 +0200
UPDATE meeting_programs SET begin_time = '2015-05-30 10:44' WHERE id = 55138;

-- Event #36, M.Prg: 55139, tot. athletes: 1
-- Tot. progr. duration: 95 (sec), Heat durations: [9540] (hds)
-- Session begin time: 2015-05-30 08:30:00 +0200, Computed begin time: 2015-05-30 10:46:01 +0200
UPDATE meeting_programs SET begin_time = '2015-05-30 10:46' WHERE id = 55139;

-- Event #37, M.Prg: 55140, tot. athletes: 2
-- Tot. progr. duration: 93 (sec), Heat durations: [9301] (hds)
-- Session begin time: 2015-05-30 08:30:00 +0200, Computed begin time: 2015-05-30 10:47:36 +0200
UPDATE meeting_programs SET begin_time = '2015-05-30 10:47' WHERE id = 55140;

-- Event #38, M.Prg: 55141, tot. athletes: 1
-- Tot. progr. duration: 93 (sec), Heat durations: [9395] (hds)
-- Session begin time: 2015-05-30 08:30:00 +0200, Computed begin time: 2015-05-30 10:49:09 +0200
UPDATE meeting_programs SET begin_time = '2015-05-30 10:49' WHERE id = 55141;

-- Event #39, M.Prg: 55142, tot. athletes: 2
-- Tot. progr. duration: 96 (sec), Heat durations: [9631] (hds)
-- Session begin time: 2015-05-30 08:30:00 +0200, Computed begin time: 2015-05-30 10:50:42 +0200
UPDATE meeting_programs SET begin_time = '2015-05-30 10:50' WHERE id = 55142;

-- Event #40, M.Prg: 55143, tot. athletes: 3
-- Tot. progr. duration: 99 (sec), Heat durations: [9953] (hds)
-- Session begin time: 2015-05-30 08:30:00 +0200, Computed begin time: 2015-05-30 10:52:18 +0200
UPDATE meeting_programs SET begin_time = '2015-05-30 10:52' WHERE id = 55143;

-- Event #41, M.Prg: 55144, tot. athletes: 1
-- Tot. progr. duration: 108 (sec), Heat durations: [10845] (hds)
-- Session begin time: 2015-05-30 08:30:00 +0200, Computed begin time: 2015-05-30 10:53:57 +0200
UPDATE meeting_programs SET begin_time = '2015-05-30 10:53' WHERE id = 55144;

-- Event #42, M.Prg: 55145, tot. athletes: 2
-- Tot. progr. duration: 114 (sec), Heat durations: [11451] (hds)
-- Session begin time: 2015-05-30 08:30:00 +0200, Computed begin time: 2015-05-30 10:55:45 +0200
UPDATE meeting_programs SET begin_time = '2015-05-30 10:55' WHERE id = 55145;

-- Event #43, M.Prg: 55146, tot. athletes: 4
-- Tot. progr. duration: 123 (sec), Heat durations: [12358] (hds)
-- Session begin time: 2015-05-30 08:30:00 +0200, Computed begin time: 2015-05-30 10:57:39 +0200
UPDATE meeting_programs SET begin_time = '2015-05-30 10:57' WHERE id = 55146;

-- Event #44, M.Prg: 55147, tot. athletes: 2
-- Tot. progr. duration: 100 (sec), Heat durations: [10065] (hds)
-- Session begin time: 2015-05-30 08:30:00 +0200, Computed begin time: 2015-05-30 10:59:42 +0200
UPDATE meeting_programs SET begin_time = '2015-05-30 10:59' WHERE id = 55147;

-- Event #45, M.Prg: 55148, tot. athletes: 2
-- Tot. progr. duration: 104 (sec), Heat durations: [10480] (hds)
-- Session begin time: 2015-05-30 08:30:00 +0200, Computed begin time: 2015-05-30 11:01:22 +0200
UPDATE meeting_programs SET begin_time = '2015-05-30 11:01' WHERE id = 55148;

-- Event #46, M.Prg: 55149, tot. athletes: 6
-- Tot. progr. duration: 203 (sec), Heat durations: [10864, 9447] (hds)
-- Session begin time: 2015-05-30 08:30:00 +0200, Computed begin time: 2015-05-30 11:03:06 +0200
UPDATE meeting_programs SET begin_time = '2015-05-30 11:03' WHERE id = 55149;

-- Event #47, M.Prg: 55150, tot. athletes: 3
-- Tot. progr. duration: 112 (sec), Heat durations: [11236] (hds)
-- Session begin time: 2015-05-30 08:30:00 +0200, Computed begin time: 2015-05-30 11:06:29 +0200
UPDATE meeting_programs SET begin_time = '2015-05-30 11:06' WHERE id = 55150;

-- Event #48, M.Prg: 55151, tot. athletes: 3
-- Tot. progr. duration: 101 (sec), Heat durations: [10164] (hds)
-- Session begin time: 2015-05-30 08:30:00 +0200, Computed begin time: 2015-05-30 11:08:21 +0200
UPDATE meeting_programs SET begin_time = '2015-05-30 11:08' WHERE id = 55151;

-- Event #49, M.Prg: 55152, tot. athletes: 1
-- Tot. progr. duration: 93 (sec), Heat durations: [9306] (hds)
-- Session begin time: 2015-05-30 08:30:00 +0200, Computed begin time: 2015-05-30 11:10:02 +0200
UPDATE meeting_programs SET begin_time = '2015-05-30 11:10' WHERE id = 55152;

-- Event #50, M.Prg: 55153, tot. athletes: 2
-- Tot. progr. duration: 108 (sec), Heat durations: [10815] (hds)
-- Session begin time: 2015-05-30 08:30:00 +0200, Computed begin time: 2015-05-30 11:11:35 +0200
UPDATE meeting_programs SET begin_time = '2015-05-30 11:11' WHERE id = 55153;

-- Event #51, M.Prg: 55154, tot. athletes: 4
-- Tot. progr. duration: 113 (sec), Heat durations: [11333] (hds)
-- Session begin time: 2015-05-30 08:30:00 +0200, Computed begin time: 2015-05-30 11:13:23 +0200
UPDATE meeting_programs SET begin_time = '2015-05-30 11:13' WHERE id = 55154;

-- Event #52, M.Prg: 55155, tot. athletes: 1
-- Tot. progr. duration: 120 (sec), Heat durations: [12039] (hds)
-- Session begin time: 2015-05-30 08:30:00 +0200, Computed begin time: 2015-05-30 11:15:16 +0200
UPDATE meeting_programs SET begin_time = '2015-05-30 11:15' WHERE id = 55155;

-- Event #53, M.Prg: 55156, tot. athletes: 1
-- Tot. progr. duration: 109 (sec), Heat durations: [10949] (hds)
-- Session begin time: 2015-05-30 08:30:00 +0200, Computed begin time: 2015-05-30 11:17:16 +0200
UPDATE meeting_programs SET begin_time = '2015-05-30 11:17' WHERE id = 55156;

-- Event #54, M.Prg: 55157, tot. athletes: 1
-- Tot. progr. duration: 110 (sec), Heat durations: [11063] (hds)
-- Session begin time: 2015-05-30 08:30:00 +0200, Computed begin time: 2015-05-30 11:19:05 +0200
UPDATE meeting_programs SET begin_time = '2015-05-30 11:19' WHERE id = 55157;

-- Event #55, M.Prg: 55158, tot. athletes: 1
-- Tot. progr. duration: 60 (sec), Heat durations: [6000] (hds)
-- Session begin time: 2015-05-30 08:30:00 +0200, Computed begin time: 2015-05-30 11:20:55 +0200
UPDATE meeting_programs SET begin_time = '2015-05-30 11:20' WHERE id = 55158;

-- Event #56, M.Prg: 55159, tot. athletes: 2
-- Tot. progr. duration: 92 (sec), Heat durations: [9281] (hds)
-- Session begin time: 2015-05-30 08:30:00 +0200, Computed begin time: 2015-05-30 11:21:55 +0200
UPDATE meeting_programs SET begin_time = '2015-05-30 11:21' WHERE id = 55159;

-- Event #57, M.Prg: 55160, tot. athletes: 5
-- Tot. progr. duration: 92 (sec), Heat durations: [9250] (hds)
-- Session begin time: 2015-05-30 08:30:00 +0200, Computed begin time: 2015-05-30 11:23:27 +0200
UPDATE meeting_programs SET begin_time = '2015-05-30 11:23' WHERE id = 55160;

-- Event #58, M.Prg: 55161, tot. athletes: 3
-- Tot. progr. duration: 88 (sec), Heat durations: [8873] (hds)
-- Session begin time: 2015-05-30 08:30:00 +0200, Computed begin time: 2015-05-30 11:24:59 +0200
UPDATE meeting_programs SET begin_time = '2015-05-30 11:24' WHERE id = 55161;

-- Event #59, M.Prg: 55162, tot. athletes: 9
-- Tot. progr. duration: 193 (sec), Heat durations: [10065, 9275] (hds)
-- Session begin time: 2015-05-30 08:30:00 +0200, Computed begin time: 2015-05-30 11:26:27 +0200
UPDATE meeting_programs SET begin_time = '2015-05-30 11:26' WHERE id = 55162;

-- Event #60, M.Prg: 55163, tot. athletes: 4
-- Tot. progr. duration: 97 (sec), Heat durations: [9757] (hds)
-- Session begin time: 2015-05-30 08:30:00 +0200, Computed begin time: 2015-05-30 11:29:40 +0200
UPDATE meeting_programs SET begin_time = '2015-05-30 11:29' WHERE id = 55163;

-- Event #61, M.Prg: 55164, tot. athletes: 1
-- Tot. progr. duration: 89 (sec), Heat durations: [8994] (hds)
-- Session begin time: 2015-05-30 08:30:00 +0200, Computed begin time: 2015-05-30 11:31:17 +0200
UPDATE meeting_programs SET begin_time = '2015-05-30 11:31' WHERE id = 55164;

-- Event #62, M.Prg: 55165, tot. athletes: 3
-- Tot. progr. duration: 95 (sec), Heat durations: [9540] (hds)
-- Session begin time: 2015-05-30 08:30:00 +0200, Computed begin time: 2015-05-30 11:32:46 +0200
UPDATE meeting_programs SET begin_time = '2015-05-30 11:32' WHERE id = 55165;

-- Event #63, M.Prg: 55166, tot. athletes: 2
-- Tot. progr. duration: 107 (sec), Heat durations: [10780] (hds)
-- Session begin time: 2015-05-30 08:30:00 +0200, Computed begin time: 2015-05-30 11:34:21 +0200
UPDATE meeting_programs SET begin_time = '2015-05-30 11:34' WHERE id = 55166;

-- Event #64, M.Prg: 55167, tot. athletes: 4
-- Tot. progr. duration: 123 (sec), Heat durations: [12307] (hds)
-- Session begin time: 2015-05-30 08:30:00 +0200, Computed begin time: 2015-05-30 11:36:08 +0200
UPDATE meeting_programs SET begin_time = '2015-05-30 11:36' WHERE id = 55167;

-- Event #65, M.Prg: 55168, tot. athletes: 5
-- Tot. progr. duration: 95 (sec), Heat durations: [9582] (hds)
-- Session begin time: 2015-05-30 08:30:00 +0200, Computed begin time: 2015-05-30 11:38:11 +0200
UPDATE meeting_programs SET begin_time = '2015-05-30 11:38' WHERE id = 55168;


-- Last completed phase code: 30
