-- *** SQL Diff file for ris20160220regabruzzo.txt ***
-- Timestamp: 201604130701
INSERT INTO `meeting_events` (`id`, `created_at`, `updated_at`, `event_order`, `begin_time`, `is_out_of_race`, `is_autofilled`, `notes`, `meeting_session_id`, `event_type_id`, `heat_type_id`, `user_id`, `has_separate_gender_start_list`, `has_separate_category_start_list`)
  VALUES (5195, '2016-04-13 07:03:35', '2016-04-13 07:03:35', 1, '2000-01-01 08:02:00', 0, 1, NULL, 1116, 16, 3, 1, 1, 0);

INSERT INTO `meeting_programs` (`id`, `event_order`, `category_type_id`, `gender_type_id`, `user_id`, `created_at`, `updated_at`, `is_autofilled`, `is_out_of_race`, `begin_time`, `meeting_event_id`, `pool_type_id`, `time_standard_id`)
  VALUES (49039, 1, 908, 2, 1, '2016-04-13 07:03:35', '2016-04-13 07:03:35', 1, 0, '2000-01-01 08:02:00', 5195, 1, 4509);

INSERT INTO `meeting_programs` (`id`, `event_order`, `category_type_id`, `gender_type_id`, `user_id`, `created_at`, `updated_at`, `is_autofilled`, `is_out_of_race`, `begin_time`, `meeting_event_id`, `pool_type_id`, `time_standard_id`)
  VALUES (49040, 2, 914, 2, 1, '2016-04-13 07:03:35', '2016-04-13 07:03:35', 1, 0, '2000-01-01 08:04:00', 5195, 1, 4617);

INSERT INTO `meeting_programs` (`id`, `event_order`, `category_type_id`, `gender_type_id`, `user_id`, `created_at`, `updated_at`, `is_autofilled`, `is_out_of_race`, `begin_time`, `meeting_event_id`, `pool_type_id`, `time_standard_id`)
  VALUES (49041, 3, 911, 1, 1, '2016-04-13 07:03:35', '2016-04-13 07:03:35', 1, 0, '2000-01-01 08:06:00', 5195, 1, 5092);

INSERT INTO `meeting_programs` (`id`, `event_order`, `category_type_id`, `gender_type_id`, `user_id`, `created_at`, `updated_at`, `is_autofilled`, `is_out_of_race`, `begin_time`, `meeting_event_id`, `pool_type_id`, `time_standard_id`)
  VALUES (49042, 4, 914, 1, 1, '2016-04-13 07:03:35', '2016-04-13 07:03:35', 1, 0, '2000-01-01 08:08:00', 5195, 1, 5146);

INSERT INTO `meeting_programs` (`id`, `event_order`, `category_type_id`, `gender_type_id`, `user_id`, `created_at`, `updated_at`, `is_autofilled`, `is_out_of_race`, `begin_time`, `meeting_event_id`, `pool_type_id`, `time_standard_id`)
  VALUES (49043, 5, 918, 1, 1, '2016-04-13 07:03:35', '2016-04-13 07:03:35', 1, 0, '2000-01-01 08:10:00', 5195, 1, 5218);

INSERT INTO `meeting_events` (`id`, `created_at`, `updated_at`, `event_order`, `begin_time`, `is_out_of_race`, `is_autofilled`, `notes`, `meeting_session_id`, `event_type_id`, `heat_type_id`, `user_id`, `has_separate_gender_start_list`, `has_separate_category_start_list`)
  VALUES (5196, '2016-04-13 07:03:35', '2016-04-13 07:03:35', 2, '2000-01-01 08:12:00', 0, 1, NULL, 1116, 12, 3, 1, 1, 0);

INSERT INTO `meeting_programs` (`id`, `event_order`, `category_type_id`, `gender_type_id`, `user_id`, `created_at`, `updated_at`, `is_autofilled`, `is_out_of_race`, `begin_time`, `meeting_event_id`, `pool_type_id`, `time_standard_id`)
  VALUES (49044, 6, 909, 2, 1, '2016-04-13 07:03:35', '2016-04-13 07:03:35', 1, 0, '2000-01-01 08:12:00', 5196, 1, 4528);

INSERT INTO `meeting_programs` (`id`, `event_order`, `category_type_id`, `gender_type_id`, `user_id`, `created_at`, `updated_at`, `is_autofilled`, `is_out_of_race`, `begin_time`, `meeting_event_id`, `pool_type_id`, `time_standard_id`)
  VALUES (49045, 7, 910, 2, 1, '2016-04-13 07:03:35', '2016-04-13 07:03:35', 1, 0, '2000-01-01 08:14:00', 5196, 1, 4546);

INSERT INTO `meeting_programs` (`id`, `event_order`, `category_type_id`, `gender_type_id`, `user_id`, `created_at`, `updated_at`, `is_autofilled`, `is_out_of_race`, `begin_time`, `meeting_event_id`, `pool_type_id`, `time_standard_id`)
  VALUES (49046, 8, 909, 1, 1, '2016-04-13 07:03:36', '2016-04-13 07:03:36', 1, 0, '2000-01-01 08:16:00', 5196, 1, 5057);

INSERT INTO `meeting_programs` (`id`, `event_order`, `category_type_id`, `gender_type_id`, `user_id`, `created_at`, `updated_at`, `is_autofilled`, `is_out_of_race`, `begin_time`, `meeting_event_id`, `pool_type_id`, `time_standard_id`)
  VALUES (49047, 9, 911, 1, 1, '2016-04-13 07:03:36', '2016-04-13 07:03:36', 1, 0, '2000-01-01 08:18:00', 5196, 1, 5093);

INSERT INTO `meeting_programs` (`id`, `event_order`, `category_type_id`, `gender_type_id`, `user_id`, `created_at`, `updated_at`, `is_autofilled`, `is_out_of_race`, `begin_time`, `meeting_event_id`, `pool_type_id`, `time_standard_id`)
  VALUES (49048, 10, 912, 1, 1, '2016-04-13 07:03:36', '2016-04-13 07:03:36', 1, 0, '2000-01-01 08:20:00', 5196, 1, 5111);

INSERT INTO `meeting_programs` (`id`, `event_order`, `category_type_id`, `gender_type_id`, `user_id`, `created_at`, `updated_at`, `is_autofilled`, `is_out_of_race`, `begin_time`, `meeting_event_id`, `pool_type_id`, `time_standard_id`)
  VALUES (49049, 11, 913, 1, 1, '2016-04-13 07:03:36', '2016-04-13 07:03:36', 1, 0, '2000-01-01 08:22:00', 5196, 1, 5129);

INSERT INTO `meeting_programs` (`id`, `event_order`, `category_type_id`, `gender_type_id`, `user_id`, `created_at`, `updated_at`, `is_autofilled`, `is_out_of_race`, `begin_time`, `meeting_event_id`, `pool_type_id`, `time_standard_id`)
  VALUES (49050, 12, 917, 1, 1, '2016-04-13 07:03:36', '2016-04-13 07:03:36', 1, 0, '2000-01-01 08:24:00', 5196, 1, 5201);

INSERT INTO `meeting_events` (`id`, `created_at`, `updated_at`, `event_order`, `begin_time`, `is_out_of_race`, `is_autofilled`, `notes`, `meeting_session_id`, `event_type_id`, `heat_type_id`, `user_id`, `has_separate_gender_start_list`, `has_separate_category_start_list`)
  VALUES (5197, '2016-04-13 07:03:36', '2016-04-13 07:03:36', 3, '2000-01-01 08:26:00', 0, 1, NULL, 1116, 22, 3, 1, 1, 0);

INSERT INTO `meeting_programs` (`id`, `event_order`, `category_type_id`, `gender_type_id`, `user_id`, `created_at`, `updated_at`, `is_autofilled`, `is_out_of_race`, `begin_time`, `meeting_event_id`, `pool_type_id`, `time_standard_id`)
  VALUES (49051, 13, 911, 2, 1, '2016-04-13 07:03:36', '2016-04-13 07:03:36', 1, 0, '2000-01-01 08:26:00', 5197, 1, 4565);

INSERT INTO `meeting_programs` (`id`, `event_order`, `category_type_id`, `gender_type_id`, `user_id`, `created_at`, `updated_at`, `is_autofilled`, `is_out_of_race`, `begin_time`, `meeting_event_id`, `pool_type_id`, `time_standard_id`)
  VALUES (49052, 14, 909, 1, 1, '2016-04-13 07:03:36', '2016-04-13 07:03:36', 1, 0, '2000-01-01 08:28:00', 5197, 1, 5058);

INSERT INTO `meeting_programs` (`id`, `event_order`, `category_type_id`, `gender_type_id`, `user_id`, `created_at`, `updated_at`, `is_autofilled`, `is_out_of_race`, `begin_time`, `meeting_event_id`, `pool_type_id`, `time_standard_id`)
  VALUES (49053, 15, 910, 1, 1, '2016-04-13 07:03:36', '2016-04-13 07:03:36', 1, 0, '2000-01-01 08:30:00', 5197, 1, 5076);

INSERT INTO `meeting_programs` (`id`, `event_order`, `category_type_id`, `gender_type_id`, `user_id`, `created_at`, `updated_at`, `is_autofilled`, `is_out_of_race`, `begin_time`, `meeting_event_id`, `pool_type_id`, `time_standard_id`)
  VALUES (49054, 16, 911, 1, 1, '2016-04-13 07:03:36', '2016-04-13 07:03:36', 1, 0, '2000-01-01 08:32:00', 5197, 1, 5094);

INSERT INTO `meeting_programs` (`id`, `event_order`, `category_type_id`, `gender_type_id`, `user_id`, `created_at`, `updated_at`, `is_autofilled`, `is_out_of_race`, `begin_time`, `meeting_event_id`, `pool_type_id`, `time_standard_id`)
  VALUES (49055, 17, 913, 1, 1, '2016-04-13 07:03:36', '2016-04-13 07:03:36', 1, 0, '2000-01-01 08:34:00', 5197, 1, 5130);

INSERT INTO `meeting_programs` (`id`, `event_order`, `category_type_id`, `gender_type_id`, `user_id`, `created_at`, `updated_at`, `is_autofilled`, `is_out_of_race`, `begin_time`, `meeting_event_id`, `pool_type_id`, `time_standard_id`)
  VALUES (49056, 18, 914, 1, 1, '2016-04-13 07:03:36', '2016-04-13 07:03:36', 1, 0, '2000-01-01 08:36:00', 5197, 1, 5148);

INSERT INTO `meeting_events` (`id`, `created_at`, `updated_at`, `event_order`, `begin_time`, `is_out_of_race`, `is_autofilled`, `notes`, `meeting_session_id`, `event_type_id`, `heat_type_id`, `user_id`, `has_separate_gender_start_list`, `has_separate_category_start_list`)
  VALUES (5198, '2016-04-13 07:03:36', '2016-04-13 07:03:36', 4, '2000-01-01 08:38:00', 0, 1, NULL, 1116, 20, 3, 1, 1, 0);

INSERT INTO `meeting_programs` (`id`, `event_order`, `category_type_id`, `gender_type_id`, `user_id`, `created_at`, `updated_at`, `is_autofilled`, `is_out_of_race`, `begin_time`, `meeting_event_id`, `pool_type_id`, `time_standard_id`)
  VALUES (49057, 19, 909, 2, 1, '2016-04-13 07:03:36', '2016-04-13 07:03:36', 1, 0, '2000-01-01 08:38:00', 5198, 1, 4530);

INSERT INTO `meeting_programs` (`id`, `event_order`, `category_type_id`, `gender_type_id`, `user_id`, `created_at`, `updated_at`, `is_autofilled`, `is_out_of_race`, `begin_time`, `meeting_event_id`, `pool_type_id`, `time_standard_id`)
  VALUES (49058, 20, 910, 2, 1, '2016-04-13 07:03:36', '2016-04-13 07:03:36', 1, 0, '2000-01-01 08:40:00', 5198, 1, 4548);

INSERT INTO `meeting_programs` (`id`, `event_order`, `category_type_id`, `gender_type_id`, `user_id`, `created_at`, `updated_at`, `is_autofilled`, `is_out_of_race`, `begin_time`, `meeting_event_id`, `pool_type_id`, `time_standard_id`)
  VALUES (49059, 21, 912, 2, 1, '2016-04-13 07:03:36', '2016-04-13 07:03:36', 1, 0, '2000-01-01 08:42:00', 5198, 1, 4584);

INSERT INTO `meeting_programs` (`id`, `event_order`, `category_type_id`, `gender_type_id`, `user_id`, `created_at`, `updated_at`, `is_autofilled`, `is_out_of_race`, `begin_time`, `meeting_event_id`, `pool_type_id`, `time_standard_id`)
  VALUES (49060, 22, 913, 2, 1, '2016-04-13 07:03:36', '2016-04-13 07:03:36', 1, 0, '2000-01-01 08:44:00', 5198, 1, 4602);

INSERT INTO `meeting_programs` (`id`, `event_order`, `category_type_id`, `gender_type_id`, `user_id`, `created_at`, `updated_at`, `is_autofilled`, `is_out_of_race`, `begin_time`, `meeting_event_id`, `pool_type_id`, `time_standard_id`)
  VALUES (49061, 23, 910, 1, 1, '2016-04-13 07:03:37', '2016-04-13 07:03:37', 1, 0, '2000-01-01 08:46:00', 5198, 1, 5077);

INSERT INTO `meeting_programs` (`id`, `event_order`, `category_type_id`, `gender_type_id`, `user_id`, `created_at`, `updated_at`, `is_autofilled`, `is_out_of_race`, `begin_time`, `meeting_event_id`, `pool_type_id`, `time_standard_id`)
  VALUES (49062, 24, 911, 1, 1, '2016-04-13 07:03:37', '2016-04-13 07:03:37', 1, 0, '2000-01-01 08:48:00', 5198, 1, 5095);

INSERT INTO `meeting_programs` (`id`, `event_order`, `category_type_id`, `gender_type_id`, `user_id`, `created_at`, `updated_at`, `is_autofilled`, `is_out_of_race`, `begin_time`, `meeting_event_id`, `pool_type_id`, `time_standard_id`)
  VALUES (49063, 25, 912, 1, 1, '2016-04-13 07:03:37', '2016-04-13 07:03:37', 1, 0, '2000-01-01 08:50:00', 5198, 1, 5113);

INSERT INTO `meeting_programs` (`id`, `event_order`, `category_type_id`, `gender_type_id`, `user_id`, `created_at`, `updated_at`, `is_autofilled`, `is_out_of_race`, `begin_time`, `meeting_event_id`, `pool_type_id`, `time_standard_id`)
  VALUES (49064, 26, 913, 1, 1, '2016-04-13 07:03:37', '2016-04-13 07:03:37', 1, 0, '2000-01-01 08:52:00', 5198, 1, 5131);

INSERT INTO `meeting_programs` (`id`, `event_order`, `category_type_id`, `gender_type_id`, `user_id`, `created_at`, `updated_at`, `is_autofilled`, `is_out_of_race`, `begin_time`, `meeting_event_id`, `pool_type_id`, `time_standard_id`)
  VALUES (49065, 27, 914, 1, 1, '2016-04-13 07:03:37', '2016-04-13 07:03:37', 1, 0, '2000-01-01 08:54:00', 5198, 1, 5149);

INSERT INTO `meeting_programs` (`id`, `event_order`, `category_type_id`, `gender_type_id`, `user_id`, `created_at`, `updated_at`, `is_autofilled`, `is_out_of_race`, `begin_time`, `meeting_event_id`, `pool_type_id`, `time_standard_id`)
  VALUES (49066, 28, 916, 1, 1, '2016-04-13 07:03:37', '2016-04-13 07:03:37', 1, 0, '2000-01-01 08:56:00', 5198, 1, 5185);

INSERT INTO `meeting_programs` (`id`, `event_order`, `category_type_id`, `gender_type_id`, `user_id`, `created_at`, `updated_at`, `is_autofilled`, `is_out_of_race`, `begin_time`, `meeting_event_id`, `pool_type_id`, `time_standard_id`)
  VALUES (49067, 29, 924, 1, 1, '2016-04-13 07:03:37', '2016-04-13 07:03:37', 1, 0, '2000-01-01 08:58:00', 5198, 1, NULL);

INSERT INTO `meeting_events` (`id`, `created_at`, `updated_at`, `event_order`, `begin_time`, `is_out_of_race`, `is_autofilled`, `notes`, `meeting_session_id`, `event_type_id`, `heat_type_id`, `user_id`, `has_separate_gender_start_list`, `has_separate_category_start_list`)
  VALUES (5199, '2016-04-13 07:03:37', '2016-04-13 07:03:37', 5, '2000-01-01 09:00:00', 0, 1, NULL, 1116, 3, 3, 1, 1, 0);

INSERT INTO `meeting_programs` (`id`, `event_order`, `category_type_id`, `gender_type_id`, `user_id`, `created_at`, `updated_at`, `is_autofilled`, `is_out_of_race`, `begin_time`, `meeting_event_id`, `pool_type_id`, `time_standard_id`)
  VALUES (49068, 30, 908, 2, 1, '2016-04-13 07:03:37', '2016-04-13 07:03:37', 1, 0, '2000-01-01 09:00:00', 5199, 1, 4513);

INSERT INTO `meeting_programs` (`id`, `event_order`, `category_type_id`, `gender_type_id`, `user_id`, `created_at`, `updated_at`, `is_autofilled`, `is_out_of_race`, `begin_time`, `meeting_event_id`, `pool_type_id`, `time_standard_id`)
  VALUES (49069, 31, 910, 2, 1, '2016-04-13 07:03:37', '2016-04-13 07:03:37', 1, 0, '2000-01-01 09:02:00', 5199, 1, 4549);

INSERT INTO `meeting_programs` (`id`, `event_order`, `category_type_id`, `gender_type_id`, `user_id`, `created_at`, `updated_at`, `is_autofilled`, `is_out_of_race`, `begin_time`, `meeting_event_id`, `pool_type_id`, `time_standard_id`)
  VALUES (49070, 32, 911, 2, 1, '2016-04-13 07:03:37', '2016-04-13 07:03:37', 1, 0, '2000-01-01 09:04:00', 5199, 1, 4567);

INSERT INTO `meeting_programs` (`id`, `event_order`, `category_type_id`, `gender_type_id`, `user_id`, `created_at`, `updated_at`, `is_autofilled`, `is_out_of_race`, `begin_time`, `meeting_event_id`, `pool_type_id`, `time_standard_id`)
  VALUES (49071, 33, 913, 2, 1, '2016-04-13 07:03:37', '2016-04-13 07:03:37', 1, 0, '2000-01-01 09:06:00', 5199, 1, 4603);

INSERT INTO `meeting_programs` (`id`, `event_order`, `category_type_id`, `gender_type_id`, `user_id`, `created_at`, `updated_at`, `is_autofilled`, `is_out_of_race`, `begin_time`, `meeting_event_id`, `pool_type_id`, `time_standard_id`)
  VALUES (49072, 34, 917, 2, 1, '2016-04-13 07:03:37', '2016-04-13 07:03:37', 1, 0, '2000-01-01 09:08:00', 5199, 1, 4675);

INSERT INTO `meeting_programs` (`id`, `event_order`, `category_type_id`, `gender_type_id`, `user_id`, `created_at`, `updated_at`, `is_autofilled`, `is_out_of_race`, `begin_time`, `meeting_event_id`, `pool_type_id`, `time_standard_id`)
  VALUES (49073, 35, 908, 1, 1, '2016-04-13 07:03:37', '2016-04-13 07:03:37', 1, 0, '2000-01-01 09:10:00', 5199, 1, 5042);

INSERT INTO `meeting_programs` (`id`, `event_order`, `category_type_id`, `gender_type_id`, `user_id`, `created_at`, `updated_at`, `is_autofilled`, `is_out_of_race`, `begin_time`, `meeting_event_id`, `pool_type_id`, `time_standard_id`)
  VALUES (49074, 36, 909, 1, 1, '2016-04-13 07:03:37', '2016-04-13 07:03:37', 1, 0, '2000-01-01 09:12:00', 5199, 1, 5060);

INSERT INTO `meeting_programs` (`id`, `event_order`, `category_type_id`, `gender_type_id`, `user_id`, `created_at`, `updated_at`, `is_autofilled`, `is_out_of_race`, `begin_time`, `meeting_event_id`, `pool_type_id`, `time_standard_id`)
  VALUES (49075, 37, 910, 1, 1, '2016-04-13 07:03:37', '2016-04-13 07:03:37', 1, 0, '2000-01-01 09:14:00', 5199, 1, 5078);

INSERT INTO `meeting_programs` (`id`, `event_order`, `category_type_id`, `gender_type_id`, `user_id`, `created_at`, `updated_at`, `is_autofilled`, `is_out_of_race`, `begin_time`, `meeting_event_id`, `pool_type_id`, `time_standard_id`)
  VALUES (49076, 38, 911, 1, 1, '2016-04-13 07:03:37', '2016-04-13 07:03:37', 1, 0, '2000-01-01 09:16:00', 5199, 1, 5096);

INSERT INTO `meeting_programs` (`id`, `event_order`, `category_type_id`, `gender_type_id`, `user_id`, `created_at`, `updated_at`, `is_autofilled`, `is_out_of_race`, `begin_time`, `meeting_event_id`, `pool_type_id`, `time_standard_id`)
  VALUES (49077, 39, 912, 1, 1, '2016-04-13 07:03:38', '2016-04-13 07:03:38', 1, 0, '2000-01-01 09:18:00', 5199, 1, 5114);

INSERT INTO `meeting_programs` (`id`, `event_order`, `category_type_id`, `gender_type_id`, `user_id`, `created_at`, `updated_at`, `is_autofilled`, `is_out_of_race`, `begin_time`, `meeting_event_id`, `pool_type_id`, `time_standard_id`)
  VALUES (49078, 40, 913, 1, 1, '2016-04-13 07:03:38', '2016-04-13 07:03:38', 1, 0, '2000-01-01 09:20:00', 5199, 1, 5132);

INSERT INTO `meeting_programs` (`id`, `event_order`, `category_type_id`, `gender_type_id`, `user_id`, `created_at`, `updated_at`, `is_autofilled`, `is_out_of_race`, `begin_time`, `meeting_event_id`, `pool_type_id`, `time_standard_id`)
  VALUES (49079, 41, 914, 1, 1, '2016-04-13 07:03:38', '2016-04-13 07:03:38', 1, 0, '2000-01-01 09:22:00', 5199, 1, 5150);

INSERT INTO `meeting_programs` (`id`, `event_order`, `category_type_id`, `gender_type_id`, `user_id`, `created_at`, `updated_at`, `is_autofilled`, `is_out_of_race`, `begin_time`, `meeting_event_id`, `pool_type_id`, `time_standard_id`)
  VALUES (49080, 42, 916, 1, 1, '2016-04-13 07:03:38', '2016-04-13 07:03:38', 1, 0, '2000-01-01 09:24:00', 5199, 1, 5186);

INSERT INTO `meeting_programs` (`id`, `event_order`, `category_type_id`, `gender_type_id`, `user_id`, `created_at`, `updated_at`, `is_autofilled`, `is_out_of_race`, `begin_time`, `meeting_event_id`, `pool_type_id`, `time_standard_id`)
  VALUES (49081, 43, 924, 1, 1, '2016-04-13 07:03:38', '2016-04-13 07:03:38', 1, 0, '2000-01-01 09:26:00', 5199, 1, NULL);

INSERT INTO `meeting_events` (`id`, `created_at`, `updated_at`, `event_order`, `begin_time`, `is_out_of_race`, `is_autofilled`, `notes`, `meeting_session_id`, `event_type_id`, `heat_type_id`, `user_id`, `has_separate_gender_start_list`, `has_separate_category_start_list`)
  VALUES (5200, '2016-04-13 07:03:38', '2016-04-13 07:03:38', 6, '2000-01-01 09:28:00', 0, 1, NULL, 1116, 7, 3, 1, 1, 0);

INSERT INTO `meeting_programs` (`id`, `event_order`, `category_type_id`, `gender_type_id`, `user_id`, `created_at`, `updated_at`, `is_autofilled`, `is_out_of_race`, `begin_time`, `meeting_event_id`, `pool_type_id`, `time_standard_id`)
  VALUES (49082, 44, 909, 2, 1, '2016-04-13 07:03:38', '2016-04-13 07:03:38', 1, 0, '2000-01-01 09:28:00', 5200, 1, 4532);

INSERT INTO `meeting_programs` (`id`, `event_order`, `category_type_id`, `gender_type_id`, `user_id`, `created_at`, `updated_at`, `is_autofilled`, `is_out_of_race`, `begin_time`, `meeting_event_id`, `pool_type_id`, `time_standard_id`)
  VALUES (49083, 45, 910, 2, 1, '2016-04-13 07:03:38', '2016-04-13 07:03:38', 1, 0, '2000-01-01 09:30:00', 5200, 1, 4550);

INSERT INTO `meeting_programs` (`id`, `event_order`, `category_type_id`, `gender_type_id`, `user_id`, `created_at`, `updated_at`, `is_autofilled`, `is_out_of_race`, `begin_time`, `meeting_event_id`, `pool_type_id`, `time_standard_id`)
  VALUES (49084, 46, 912, 2, 1, '2016-04-13 07:03:38', '2016-04-13 07:03:38', 1, 0, '2000-01-01 09:32:00', 5200, 1, 4586);

INSERT INTO `meeting_programs` (`id`, `event_order`, `category_type_id`, `gender_type_id`, `user_id`, `created_at`, `updated_at`, `is_autofilled`, `is_out_of_race`, `begin_time`, `meeting_event_id`, `pool_type_id`, `time_standard_id`)
  VALUES (49085, 47, 913, 2, 1, '2016-04-13 07:03:38', '2016-04-13 07:03:38', 1, 0, '2000-01-01 09:34:00', 5200, 1, 4604);

INSERT INTO `meeting_programs` (`id`, `event_order`, `category_type_id`, `gender_type_id`, `user_id`, `created_at`, `updated_at`, `is_autofilled`, `is_out_of_race`, `begin_time`, `meeting_event_id`, `pool_type_id`, `time_standard_id`)
  VALUES (49086, 48, 908, 1, 1, '2016-04-13 07:03:38', '2016-04-13 07:03:38', 1, 0, '2000-01-01 09:36:00', 5200, 1, 5043);

INSERT INTO `meeting_programs` (`id`, `event_order`, `category_type_id`, `gender_type_id`, `user_id`, `created_at`, `updated_at`, `is_autofilled`, `is_out_of_race`, `begin_time`, `meeting_event_id`, `pool_type_id`, `time_standard_id`)
  VALUES (49087, 49, 909, 1, 1, '2016-04-13 07:03:38', '2016-04-13 07:03:38', 1, 0, '2000-01-01 09:38:00', 5200, 1, 5061);

INSERT INTO `meeting_programs` (`id`, `event_order`, `category_type_id`, `gender_type_id`, `user_id`, `created_at`, `updated_at`, `is_autofilled`, `is_out_of_race`, `begin_time`, `meeting_event_id`, `pool_type_id`, `time_standard_id`)
  VALUES (49088, 50, 910, 1, 1, '2016-04-13 07:03:38', '2016-04-13 07:03:38', 1, 0, '2000-01-01 09:40:00', 5200, 1, 5079);

INSERT INTO `meeting_programs` (`id`, `event_order`, `category_type_id`, `gender_type_id`, `user_id`, `created_at`, `updated_at`, `is_autofilled`, `is_out_of_race`, `begin_time`, `meeting_event_id`, `pool_type_id`, `time_standard_id`)
  VALUES (49089, 51, 911, 1, 1, '2016-04-13 07:03:38', '2016-04-13 07:03:38', 1, 0, '2000-01-01 09:42:00', 5200, 1, 5097);

INSERT INTO `meeting_programs` (`id`, `event_order`, `category_type_id`, `gender_type_id`, `user_id`, `created_at`, `updated_at`, `is_autofilled`, `is_out_of_race`, `begin_time`, `meeting_event_id`, `pool_type_id`, `time_standard_id`)
  VALUES (49090, 52, 912, 1, 1, '2016-04-13 07:03:38', '2016-04-13 07:03:38', 1, 0, '2000-01-01 09:44:00', 5200, 1, 5115);

INSERT INTO `meeting_programs` (`id`, `event_order`, `category_type_id`, `gender_type_id`, `user_id`, `created_at`, `updated_at`, `is_autofilled`, `is_out_of_race`, `begin_time`, `meeting_event_id`, `pool_type_id`, `time_standard_id`)
  VALUES (49091, 53, 913, 1, 1, '2016-04-13 07:03:38', '2016-04-13 07:03:38', 1, 0, '2000-01-01 09:46:00', 5200, 1, 5133);

INSERT INTO `meeting_programs` (`id`, `event_order`, `category_type_id`, `gender_type_id`, `user_id`, `created_at`, `updated_at`, `is_autofilled`, `is_out_of_race`, `begin_time`, `meeting_event_id`, `pool_type_id`, `time_standard_id`)
  VALUES (49092, 54, 915, 1, 1, '2016-04-13 07:03:39', '2016-04-13 07:03:39', 1, 0, '2000-01-01 09:48:00', 5200, 1, 5169);

INSERT INTO `meeting_events` (`id`, `created_at`, `updated_at`, `event_order`, `begin_time`, `is_out_of_race`, `is_autofilled`, `notes`, `meeting_session_id`, `event_type_id`, `heat_type_id`, `user_id`, `has_separate_gender_start_list`, `has_separate_category_start_list`)
  VALUES (5201, '2016-04-13 07:03:39', '2016-04-13 07:03:39', 7, '2000-01-01 09:50:00', 0, 1, NULL, 1116, 17, 3, 1, 1, 0);

INSERT INTO `meeting_programs` (`id`, `event_order`, `category_type_id`, `gender_type_id`, `user_id`, `created_at`, `updated_at`, `is_autofilled`, `is_out_of_race`, `begin_time`, `meeting_event_id`, `pool_type_id`, `time_standard_id`)
  VALUES (49093, 55, 910, 2, 1, '2016-04-13 07:03:39', '2016-04-13 07:03:39', 1, 0, '2000-01-01 09:50:00', 5201, 1, 4551);

INSERT INTO `meeting_programs` (`id`, `event_order`, `category_type_id`, `gender_type_id`, `user_id`, `created_at`, `updated_at`, `is_autofilled`, `is_out_of_race`, `begin_time`, `meeting_event_id`, `pool_type_id`, `time_standard_id`)
  VALUES (49094, 56, 911, 2, 1, '2016-04-13 07:03:39', '2016-04-13 07:03:39', 1, 0, '2000-01-01 09:52:00', 5201, 1, 4569);

INSERT INTO `meeting_programs` (`id`, `event_order`, `category_type_id`, `gender_type_id`, `user_id`, `created_at`, `updated_at`, `is_autofilled`, `is_out_of_race`, `begin_time`, `meeting_event_id`, `pool_type_id`, `time_standard_id`)
  VALUES (49095, 57, 912, 2, 1, '2016-04-13 07:03:39', '2016-04-13 07:03:39', 1, 0, '2000-01-01 09:54:00', 5201, 1, 4587);

INSERT INTO `meeting_programs` (`id`, `event_order`, `category_type_id`, `gender_type_id`, `user_id`, `created_at`, `updated_at`, `is_autofilled`, `is_out_of_race`, `begin_time`, `meeting_event_id`, `pool_type_id`, `time_standard_id`)
  VALUES (49096, 58, 917, 2, 1, '2016-04-13 07:03:39', '2016-04-13 07:03:39', 1, 0, '2000-01-01 09:56:00', 5201, 1, 4677);

INSERT INTO `meeting_programs` (`id`, `event_order`, `category_type_id`, `gender_type_id`, `user_id`, `created_at`, `updated_at`, `is_autofilled`, `is_out_of_race`, `begin_time`, `meeting_event_id`, `pool_type_id`, `time_standard_id`)
  VALUES (49097, 59, 914, 1, 1, '2016-04-13 07:03:39', '2016-04-13 07:03:39', 1, 0, '2000-01-01 09:58:00', 5201, 1, 5152);

INSERT INTO `meeting_events` (`id`, `created_at`, `updated_at`, `event_order`, `begin_time`, `is_out_of_race`, `is_autofilled`, `notes`, `meeting_session_id`, `event_type_id`, `heat_type_id`, `user_id`, `has_separate_gender_start_list`, `has_separate_category_start_list`)
  VALUES (5202, '2016-04-13 07:03:39', '2016-04-13 07:03:39', 8, '2000-01-01 10:00:00', 0, 1, NULL, 1116, 13, 3, 1, 1, 0);

INSERT INTO `meeting_programs` (`id`, `event_order`, `category_type_id`, `gender_type_id`, `user_id`, `created_at`, `updated_at`, `is_autofilled`, `is_out_of_race`, `begin_time`, `meeting_event_id`, `pool_type_id`, `time_standard_id`)
  VALUES (49098, 60, 910, 2, 1, '2016-04-13 07:03:39', '2016-04-13 07:03:39', 1, 0, '2000-01-01 10:00:00', 5202, 1, 4552);

INSERT INTO `meeting_programs` (`id`, `event_order`, `category_type_id`, `gender_type_id`, `user_id`, `created_at`, `updated_at`, `is_autofilled`, `is_out_of_race`, `begin_time`, `meeting_event_id`, `pool_type_id`, `time_standard_id`)
  VALUES (49099, 61, 911, 2, 1, '2016-04-13 07:03:39', '2016-04-13 07:03:39', 1, 0, '2000-01-01 10:02:00', 5202, 1, 4570);

INSERT INTO `meeting_programs` (`id`, `event_order`, `category_type_id`, `gender_type_id`, `user_id`, `created_at`, `updated_at`, `is_autofilled`, `is_out_of_race`, `begin_time`, `meeting_event_id`, `pool_type_id`, `time_standard_id`)
  VALUES (49100, 62, 911, 1, 1, '2016-04-13 07:03:39', '2016-04-13 07:03:39', 1, 0, '2000-01-01 10:04:00', 5202, 1, 5099);

INSERT INTO `meeting_programs` (`id`, `event_order`, `category_type_id`, `gender_type_id`, `user_id`, `created_at`, `updated_at`, `is_autofilled`, `is_out_of_race`, `begin_time`, `meeting_event_id`, `pool_type_id`, `time_standard_id`)
  VALUES (49101, 63, 913, 1, 1, '2016-04-13 07:03:39', '2016-04-13 07:03:39', 1, 0, '2000-01-01 10:06:00', 5202, 1, 5135);

INSERT INTO `meeting_programs` (`id`, `event_order`, `category_type_id`, `gender_type_id`, `user_id`, `created_at`, `updated_at`, `is_autofilled`, `is_out_of_race`, `begin_time`, `meeting_event_id`, `pool_type_id`, `time_standard_id`)
  VALUES (49102, 64, 914, 1, 1, '2016-04-13 07:03:39', '2016-04-13 07:03:39', 1, 0, '2000-01-01 10:08:00', 5202, 1, 5153);

INSERT INTO `meeting_programs` (`id`, `event_order`, `category_type_id`, `gender_type_id`, `user_id`, `created_at`, `updated_at`, `is_autofilled`, `is_out_of_race`, `begin_time`, `meeting_event_id`, `pool_type_id`, `time_standard_id`)
  VALUES (49103, 65, 915, 1, 1, '2016-04-13 07:03:39', '2016-04-13 07:03:39', 1, 0, '2000-01-01 10:10:00', 5202, 1, 5171);

INSERT INTO `meeting_events` (`id`, `created_at`, `updated_at`, `event_order`, `begin_time`, `is_out_of_race`, `is_autofilled`, `notes`, `meeting_session_id`, `event_type_id`, `heat_type_id`, `user_id`, `has_separate_gender_start_list`, `has_separate_category_start_list`)
  VALUES (5203, '2016-04-13 07:03:39', '2016-04-13 07:03:39', 9, '2000-01-01 10:12:00', 0, 1, NULL, 1116, 23, 3, 1, 1, 0);

INSERT INTO `meeting_programs` (`id`, `event_order`, `category_type_id`, `gender_type_id`, `user_id`, `created_at`, `updated_at`, `is_autofilled`, `is_out_of_race`, `begin_time`, `meeting_event_id`, `pool_type_id`, `time_standard_id`)
  VALUES (49104, 66, 909, 2, 1, '2016-04-13 07:03:39', '2016-04-13 07:03:39', 1, 0, '2000-01-01 10:12:00', 5203, 1, 4535);

INSERT INTO `meeting_programs` (`id`, `event_order`, `category_type_id`, `gender_type_id`, `user_id`, `created_at`, `updated_at`, `is_autofilled`, `is_out_of_race`, `begin_time`, `meeting_event_id`, `pool_type_id`, `time_standard_id`)
  VALUES (49105, 67, 911, 2, 1, '2016-04-13 07:03:39', '2016-04-13 07:03:39', 1, 0, '2000-01-01 10:14:00', 5203, 1, 4571);

INSERT INTO `meeting_programs` (`id`, `event_order`, `category_type_id`, `gender_type_id`, `user_id`, `created_at`, `updated_at`, `is_autofilled`, `is_out_of_race`, `begin_time`, `meeting_event_id`, `pool_type_id`, `time_standard_id`)
  VALUES (49106, 68, 913, 1, 1, '2016-04-13 07:03:39', '2016-04-13 07:03:39', 1, 0, '2000-01-01 10:16:00', 5203, 1, 5136);

INSERT INTO `meeting_programs` (`id`, `event_order`, `category_type_id`, `gender_type_id`, `user_id`, `created_at`, `updated_at`, `is_autofilled`, `is_out_of_race`, `begin_time`, `meeting_event_id`, `pool_type_id`, `time_standard_id`)
  VALUES (49107, 69, 914, 1, 1, '2016-04-13 07:03:39', '2016-04-13 07:03:39', 1, 0, '2000-01-01 10:18:00', 5203, 1, 5154);

INSERT INTO `meeting_programs` (`id`, `event_order`, `category_type_id`, `gender_type_id`, `user_id`, `created_at`, `updated_at`, `is_autofilled`, `is_out_of_race`, `begin_time`, `meeting_event_id`, `pool_type_id`, `time_standard_id`)
  VALUES (49108, 70, 915, 1, 1, '2016-04-13 07:03:40', '2016-04-13 07:03:40', 1, 0, '2000-01-01 10:20:00', 5203, 1, 5172);

INSERT INTO `meeting_events` (`id`, `created_at`, `updated_at`, `event_order`, `begin_time`, `is_out_of_race`, `is_autofilled`, `notes`, `meeting_session_id`, `event_type_id`, `heat_type_id`, `user_id`, `has_separate_gender_start_list`, `has_separate_category_start_list`)
  VALUES (5204, '2016-04-13 07:03:40', '2016-04-13 07:03:40', 10, '2000-01-01 10:22:00', 0, 1, NULL, 1116, 21, 3, 1, 1, 0);

INSERT INTO `meeting_programs` (`id`, `event_order`, `category_type_id`, `gender_type_id`, `user_id`, `created_at`, `updated_at`, `is_autofilled`, `is_out_of_race`, `begin_time`, `meeting_event_id`, `pool_type_id`, `time_standard_id`)
  VALUES (49109, 71, 910, 1, 1, '2016-04-13 07:03:40', '2016-04-13 07:03:40', 1, 0, '2000-01-01 10:22:00', 5204, 1, 5083);

INSERT INTO `meeting_programs` (`id`, `event_order`, `category_type_id`, `gender_type_id`, `user_id`, `created_at`, `updated_at`, `is_autofilled`, `is_out_of_race`, `begin_time`, `meeting_event_id`, `pool_type_id`, `time_standard_id`)
  VALUES (49110, 72, 911, 1, 1, '2016-04-13 07:03:40', '2016-04-13 07:03:40', 1, 0, '2000-01-01 10:24:00', 5204, 1, 5101);

INSERT INTO `meeting_programs` (`id`, `event_order`, `category_type_id`, `gender_type_id`, `user_id`, `created_at`, `updated_at`, `is_autofilled`, `is_out_of_race`, `begin_time`, `meeting_event_id`, `pool_type_id`, `time_standard_id`)
  VALUES (49111, 73, 913, 1, 1, '2016-04-13 07:03:40', '2016-04-13 07:03:40', 1, 0, '2000-01-01 10:26:00', 5204, 1, 5137);

INSERT INTO `meeting_programs` (`id`, `event_order`, `category_type_id`, `gender_type_id`, `user_id`, `created_at`, `updated_at`, `is_autofilled`, `is_out_of_race`, `begin_time`, `meeting_event_id`, `pool_type_id`, `time_standard_id`)
  VALUES (49112, 74, 914, 1, 1, '2016-04-13 07:03:40', '2016-04-13 07:03:40', 1, 0, '2000-01-01 10:28:00', 5204, 1, 5155);

INSERT INTO `meeting_events` (`id`, `created_at`, `updated_at`, `event_order`, `begin_time`, `is_out_of_race`, `is_autofilled`, `notes`, `meeting_session_id`, `event_type_id`, `heat_type_id`, `user_id`, `has_separate_gender_start_list`, `has_separate_category_start_list`)
  VALUES (5205, '2016-04-13 07:03:40', '2016-04-13 07:03:40', 11, '2000-01-01 10:30:00', 0, 1, NULL, 1116, 4, 3, 1, 1, 0);

INSERT INTO `meeting_programs` (`id`, `event_order`, `category_type_id`, `gender_type_id`, `user_id`, `created_at`, `updated_at`, `is_autofilled`, `is_out_of_race`, `begin_time`, `meeting_event_id`, `pool_type_id`, `time_standard_id`)
  VALUES (49113, 75, 908, 2, 1, '2016-04-13 07:03:40', '2016-04-13 07:03:40', 1, 0, '2000-01-01 10:30:00', 5205, 1, 4519);

INSERT INTO `meeting_programs` (`id`, `event_order`, `category_type_id`, `gender_type_id`, `user_id`, `created_at`, `updated_at`, `is_autofilled`, `is_out_of_race`, `begin_time`, `meeting_event_id`, `pool_type_id`, `time_standard_id`)
  VALUES (49114, 76, 909, 2, 1, '2016-04-13 07:03:40', '2016-04-13 07:03:40', 1, 0, '2000-01-01 10:32:00', 5205, 1, 4537);

INSERT INTO `meeting_programs` (`id`, `event_order`, `category_type_id`, `gender_type_id`, `user_id`, `created_at`, `updated_at`, `is_autofilled`, `is_out_of_race`, `begin_time`, `meeting_event_id`, `pool_type_id`, `time_standard_id`)
  VALUES (49115, 77, 911, 2, 1, '2016-04-13 07:03:40', '2016-04-13 07:03:40', 1, 0, '2000-01-01 10:34:00', 5205, 1, 4573);

INSERT INTO `meeting_programs` (`id`, `event_order`, `category_type_id`, `gender_type_id`, `user_id`, `created_at`, `updated_at`, `is_autofilled`, `is_out_of_race`, `begin_time`, `meeting_event_id`, `pool_type_id`, `time_standard_id`)
  VALUES (49116, 78, 908, 1, 1, '2016-04-13 07:03:40', '2016-04-13 07:03:40', 1, 0, '2000-01-01 10:36:00', 5205, 1, 5048);

INSERT INTO `meeting_programs` (`id`, `event_order`, `category_type_id`, `gender_type_id`, `user_id`, `created_at`, `updated_at`, `is_autofilled`, `is_out_of_race`, `begin_time`, `meeting_event_id`, `pool_type_id`, `time_standard_id`)
  VALUES (49117, 79, 909, 1, 1, '2016-04-13 07:03:40', '2016-04-13 07:03:40', 1, 0, '2000-01-01 10:38:00', 5205, 1, 5066);

INSERT INTO `meeting_programs` (`id`, `event_order`, `category_type_id`, `gender_type_id`, `user_id`, `created_at`, `updated_at`, `is_autofilled`, `is_out_of_race`, `begin_time`, `meeting_event_id`, `pool_type_id`, `time_standard_id`)
  VALUES (49118, 80, 911, 1, 1, '2016-04-13 07:03:40', '2016-04-13 07:03:40', 1, 0, '2000-01-01 10:40:00', 5205, 1, 5102);

INSERT INTO `meeting_programs` (`id`, `event_order`, `category_type_id`, `gender_type_id`, `user_id`, `created_at`, `updated_at`, `is_autofilled`, `is_out_of_race`, `begin_time`, `meeting_event_id`, `pool_type_id`, `time_standard_id`)
  VALUES (49119, 81, 912, 1, 1, '2016-04-13 07:03:40', '2016-04-13 07:03:40', 1, 0, '2000-01-01 10:42:00', 5205, 1, 5120);

INSERT INTO `meeting_programs` (`id`, `event_order`, `category_type_id`, `gender_type_id`, `user_id`, `created_at`, `updated_at`, `is_autofilled`, `is_out_of_race`, `begin_time`, `meeting_event_id`, `pool_type_id`, `time_standard_id`)
  VALUES (49120, 82, 913, 1, 1, '2016-04-13 07:03:40', '2016-04-13 07:03:40', 1, 0, '2000-01-01 10:44:00', 5205, 1, 5138);

INSERT INTO `meeting_programs` (`id`, `event_order`, `category_type_id`, `gender_type_id`, `user_id`, `created_at`, `updated_at`, `is_autofilled`, `is_out_of_race`, `begin_time`, `meeting_event_id`, `pool_type_id`, `time_standard_id`)
  VALUES (49121, 83, 914, 1, 1, '2016-04-13 07:03:40', '2016-04-13 07:03:40', 1, 0, '2000-01-01 10:46:00', 5205, 1, 5156);

INSERT INTO `meeting_programs` (`id`, `event_order`, `category_type_id`, `gender_type_id`, `user_id`, `created_at`, `updated_at`, `is_autofilled`, `is_out_of_race`, `begin_time`, `meeting_event_id`, `pool_type_id`, `time_standard_id`)
  VALUES (49122, 84, 915, 1, 1, '2016-04-13 07:03:40', '2016-04-13 07:03:40', 1, 0, '2000-01-01 10:48:00', 5205, 1, 5174);

INSERT INTO `meeting_events` (`id`, `created_at`, `updated_at`, `event_order`, `begin_time`, `is_out_of_race`, `is_autofilled`, `notes`, `meeting_session_id`, `event_type_id`, `heat_type_id`, `user_id`, `has_separate_gender_start_list`, `has_separate_category_start_list`)
  VALUES (5206, '2016-04-13 07:03:40', '2016-04-13 07:03:40', 12, '2000-01-01 10:50:00', 0, 1, NULL, 1116, 24, 3, 1, 1, 0);

INSERT INTO `meeting_programs` (`id`, `event_order`, `category_type_id`, `gender_type_id`, `user_id`, `created_at`, `updated_at`, `is_autofilled`, `is_out_of_race`, `begin_time`, `meeting_event_id`, `pool_type_id`, `time_standard_id`)
  VALUES (49123, 85, 913, 2, 1, '2016-04-13 07:03:41', '2016-04-13 07:03:41', 1, 0, '2000-01-01 10:50:00', 5206, 1, 4610);

INSERT INTO `meeting_programs` (`id`, `event_order`, `category_type_id`, `gender_type_id`, `user_id`, `created_at`, `updated_at`, `is_autofilled`, `is_out_of_race`, `begin_time`, `meeting_event_id`, `pool_type_id`, `time_standard_id`)
  VALUES (49124, 86, 909, 1, 1, '2016-04-13 07:03:41', '2016-04-13 07:03:41', 1, 0, '2000-01-01 10:52:00', 5206, 1, 5067);

INSERT INTO `meeting_programs` (`id`, `event_order`, `category_type_id`, `gender_type_id`, `user_id`, `created_at`, `updated_at`, `is_autofilled`, `is_out_of_race`, `begin_time`, `meeting_event_id`, `pool_type_id`, `time_standard_id`)
  VALUES (49125, 87, 913, 1, 1, '2016-04-13 07:03:41', '2016-04-13 07:03:41', 1, 0, '2000-01-01 10:54:00', 5206, 1, 5139);

INSERT INTO `meeting_programs` (`id`, `event_order`, `category_type_id`, `gender_type_id`, `user_id`, `created_at`, `updated_at`, `is_autofilled`, `is_out_of_race`, `begin_time`, `meeting_event_id`, `pool_type_id`, `time_standard_id`)
  VALUES (49126, 88, 914, 1, 1, '2016-04-13 07:03:41', '2016-04-13 07:03:41', 1, 0, '2000-01-01 10:56:00', 5206, 1, 5157);

INSERT INTO `meeting_events` (`id`, `created_at`, `updated_at`, `event_order`, `begin_time`, `is_out_of_race`, `is_autofilled`, `notes`, `meeting_session_id`, `event_type_id`, `heat_type_id`, `user_id`, `has_separate_gender_start_list`, `has_separate_category_start_list`)
  VALUES (5207, '2016-04-13 07:03:41', '2016-04-13 07:03:41', 13, '2000-01-01 10:58:00', 0, 1, NULL, 1116, 5, 3, 1, 1, 0);

INSERT INTO `meeting_programs` (`id`, `event_order`, `category_type_id`, `gender_type_id`, `user_id`, `created_at`, `updated_at`, `is_autofilled`, `is_out_of_race`, `begin_time`, `meeting_event_id`, `pool_type_id`, `time_standard_id`)
  VALUES (49127, 89, 908, 2, 1, '2016-04-13 07:03:41', '2016-04-13 07:03:41', 1, 0, '2000-01-01 10:58:00', 5207, 1, 4521);

INSERT INTO `meeting_programs` (`id`, `event_order`, `category_type_id`, `gender_type_id`, `user_id`, `created_at`, `updated_at`, `is_autofilled`, `is_out_of_race`, `begin_time`, `meeting_event_id`, `pool_type_id`, `time_standard_id`)
  VALUES (49128, 90, 909, 2, 1, '2016-04-13 07:03:41', '2016-04-13 07:03:41', 1, 0, '2000-01-01 11:00:00', 5207, 1, 4539);

INSERT INTO `meeting_programs` (`id`, `event_order`, `category_type_id`, `gender_type_id`, `user_id`, `created_at`, `updated_at`, `is_autofilled`, `is_out_of_race`, `begin_time`, `meeting_event_id`, `pool_type_id`, `time_standard_id`)
  VALUES (49129, 91, 911, 2, 1, '2016-04-13 07:03:41', '2016-04-13 07:03:41', 1, 0, '2000-01-01 11:02:00', 5207, 1, 4575);

INSERT INTO `meeting_programs` (`id`, `event_order`, `category_type_id`, `gender_type_id`, `user_id`, `created_at`, `updated_at`, `is_autofilled`, `is_out_of_race`, `begin_time`, `meeting_event_id`, `pool_type_id`, `time_standard_id`)
  VALUES (49130, 92, 912, 2, 1, '2016-04-13 07:03:41', '2016-04-13 07:03:41', 1, 0, '2000-01-01 11:04:00', 5207, 1, 4593);

INSERT INTO `meeting_programs` (`id`, `event_order`, `category_type_id`, `gender_type_id`, `user_id`, `created_at`, `updated_at`, `is_autofilled`, `is_out_of_race`, `begin_time`, `meeting_event_id`, `pool_type_id`, `time_standard_id`)
  VALUES (49131, 93, 918, 2, 1, '2016-04-13 07:03:41', '2016-04-13 07:03:41', 1, 0, '2000-01-01 11:06:00', 5207, 1, 4701);

INSERT INTO `meeting_programs` (`id`, `event_order`, `category_type_id`, `gender_type_id`, `user_id`, `created_at`, `updated_at`, `is_autofilled`, `is_out_of_race`, `begin_time`, `meeting_event_id`, `pool_type_id`, `time_standard_id`)
  VALUES (49132, 94, 911, 1, 1, '2016-04-13 07:03:41', '2016-04-13 07:03:41', 1, 0, '2000-01-01 11:08:00', 5207, 1, 5104);

INSERT INTO `meeting_programs` (`id`, `event_order`, `category_type_id`, `gender_type_id`, `user_id`, `created_at`, `updated_at`, `is_autofilled`, `is_out_of_race`, `begin_time`, `meeting_event_id`, `pool_type_id`, `time_standard_id`)
  VALUES (49133, 95, 912, 1, 1, '2016-04-13 07:03:41', '2016-04-13 07:03:41', 1, 0, '2000-01-01 11:10:00', 5207, 1, 5122);

INSERT INTO `meeting_programs` (`id`, `event_order`, `category_type_id`, `gender_type_id`, `user_id`, `created_at`, `updated_at`, `is_autofilled`, `is_out_of_race`, `begin_time`, `meeting_event_id`, `pool_type_id`, `time_standard_id`)
  VALUES (49134, 96, 913, 1, 1, '2016-04-13 07:03:41', '2016-04-13 07:03:41', 1, 0, '2000-01-01 11:12:00', 5207, 1, 5140);

INSERT INTO `meeting_programs` (`id`, `event_order`, `category_type_id`, `gender_type_id`, `user_id`, `created_at`, `updated_at`, `is_autofilled`, `is_out_of_race`, `begin_time`, `meeting_event_id`, `pool_type_id`, `time_standard_id`)
  VALUES (49135, 97, 915, 1, 1, '2016-04-13 07:03:41', '2016-04-13 07:03:41', 1, 0, '2000-01-01 11:14:00', 5207, 1, 5176);

INSERT INTO `meeting_programs` (`id`, `event_order`, `category_type_id`, `gender_type_id`, `user_id`, `created_at`, `updated_at`, `is_autofilled`, `is_out_of_race`, `begin_time`, `meeting_event_id`, `pool_type_id`, `time_standard_id`)
  VALUES (49136, 98, 917, 1, 1, '2016-04-13 07:03:41', '2016-04-13 07:03:41', 1, 0, '2000-01-01 11:16:00', 5207, 1, 5212);

INSERT INTO `meeting_events` (`id`, `created_at`, `updated_at`, `event_order`, `begin_time`, `is_out_of_race`, `is_autofilled`, `notes`, `meeting_session_id`, `event_type_id`, `heat_type_id`, `user_id`, `has_separate_gender_start_list`, `has_separate_category_start_list`)
  VALUES (5208, '2016-04-13 07:03:41', '2016-04-13 07:03:41', 14, '2000-01-01 11:18:00', 0, 1, NULL, 1116, 15, 3, 1, 1, 0);

INSERT INTO `meeting_programs` (`id`, `event_order`, `category_type_id`, `gender_type_id`, `user_id`, `created_at`, `updated_at`, `is_autofilled`, `is_out_of_race`, `begin_time`, `meeting_event_id`, `pool_type_id`, `time_standard_id`)
  VALUES (49137, 99, 908, 2, 1, '2016-04-13 07:03:41', '2016-04-13 07:03:41', 1, 0, '2000-01-01 11:18:00', 5208, 1, 4522);

INSERT INTO `meeting_programs` (`id`, `event_order`, `category_type_id`, `gender_type_id`, `user_id`, `created_at`, `updated_at`, `is_autofilled`, `is_out_of_race`, `begin_time`, `meeting_event_id`, `pool_type_id`, `time_standard_id`)
  VALUES (49138, 100, 910, 2, 1, '2016-04-13 07:03:42', '2016-04-13 07:03:42', 1, 0, '2000-01-01 11:20:00', 5208, 1, 4558);

INSERT INTO `meeting_programs` (`id`, `event_order`, `category_type_id`, `gender_type_id`, `user_id`, `created_at`, `updated_at`, `is_autofilled`, `is_out_of_race`, `begin_time`, `meeting_event_id`, `pool_type_id`, `time_standard_id`)
  VALUES (49139, 101, 912, 2, 1, '2016-04-13 07:03:42', '2016-04-13 07:03:42', 1, 0, '2000-01-01 11:22:00', 5208, 1, 4594);

INSERT INTO `meeting_programs` (`id`, `event_order`, `category_type_id`, `gender_type_id`, `user_id`, `created_at`, `updated_at`, `is_autofilled`, `is_out_of_race`, `begin_time`, `meeting_event_id`, `pool_type_id`, `time_standard_id`)
  VALUES (49140, 102, 914, 2, 1, '2016-04-13 07:03:42', '2016-04-13 07:03:42', 1, 0, '2000-01-01 11:24:00', 5208, 1, 4630);

INSERT INTO `meeting_programs` (`id`, `event_order`, `category_type_id`, `gender_type_id`, `user_id`, `created_at`, `updated_at`, `is_autofilled`, `is_out_of_race`, `begin_time`, `meeting_event_id`, `pool_type_id`, `time_standard_id`)
  VALUES (49141, 103, 908, 1, 1, '2016-04-13 07:03:42', '2016-04-13 07:03:42', 1, 0, '2000-01-01 11:26:00', 5208, 1, 5051);

INSERT INTO `meeting_programs` (`id`, `event_order`, `category_type_id`, `gender_type_id`, `user_id`, `created_at`, `updated_at`, `is_autofilled`, `is_out_of_race`, `begin_time`, `meeting_event_id`, `pool_type_id`, `time_standard_id`)
  VALUES (49142, 104, 911, 1, 1, '2016-04-13 07:03:42', '2016-04-13 07:03:42', 1, 0, '2000-01-01 11:28:00', 5208, 1, 5105);

INSERT INTO `meeting_programs` (`id`, `event_order`, `category_type_id`, `gender_type_id`, `user_id`, `created_at`, `updated_at`, `is_autofilled`, `is_out_of_race`, `begin_time`, `meeting_event_id`, `pool_type_id`, `time_standard_id`)
  VALUES (49143, 105, 912, 1, 1, '2016-04-13 07:03:42', '2016-04-13 07:03:42', 1, 0, '2000-01-01 11:30:00', 5208, 1, 5123);

INSERT INTO `meeting_programs` (`id`, `event_order`, `category_type_id`, `gender_type_id`, `user_id`, `created_at`, `updated_at`, `is_autofilled`, `is_out_of_race`, `begin_time`, `meeting_event_id`, `pool_type_id`, `time_standard_id`)
  VALUES (49144, 106, 914, 1, 1, '2016-04-13 07:03:42', '2016-04-13 07:03:42', 1, 0, '2000-01-01 11:32:00', 5208, 1, 5159);

INSERT INTO `meeting_programs` (`id`, `event_order`, `category_type_id`, `gender_type_id`, `user_id`, `created_at`, `updated_at`, `is_autofilled`, `is_out_of_race`, `begin_time`, `meeting_event_id`, `pool_type_id`, `time_standard_id`)
  VALUES (49145, 107, 918, 1, 1, '2016-04-13 07:03:42', '2016-04-13 07:03:42', 1, 0, '2000-01-01 11:34:00', 5208, 1, 5231);

INSERT INTO `meeting_events` (`id`, `created_at`, `updated_at`, `event_order`, `begin_time`, `is_out_of_race`, `is_autofilled`, `notes`, `meeting_session_id`, `event_type_id`, `heat_type_id`, `user_id`, `has_separate_gender_start_list`, `has_separate_category_start_list`)
  VALUES (5209, '2016-04-13 07:03:42', '2016-04-13 07:03:42', 15, '2000-01-01 11:36:00', 0, 1, NULL, 1116, 11, 3, 1, 1, 0);

INSERT INTO `meeting_programs` (`id`, `event_order`, `category_type_id`, `gender_type_id`, `user_id`, `created_at`, `updated_at`, `is_autofilled`, `is_out_of_race`, `begin_time`, `meeting_event_id`, `pool_type_id`, `time_standard_id`)
  VALUES (49146, 108, 908, 2, 1, '2016-04-13 07:03:42', '2016-04-13 07:03:42', 1, 0, '2000-01-01 11:36:00', 5209, 1, 4523);

INSERT INTO `meeting_programs` (`id`, `event_order`, `category_type_id`, `gender_type_id`, `user_id`, `created_at`, `updated_at`, `is_autofilled`, `is_out_of_race`, `begin_time`, `meeting_event_id`, `pool_type_id`, `time_standard_id`)
  VALUES (49147, 109, 909, 2, 1, '2016-04-13 07:03:42', '2016-04-13 07:03:42', 1, 0, '2000-01-01 11:38:00', 5209, 1, 4541);

INSERT INTO `meeting_programs` (`id`, `event_order`, `category_type_id`, `gender_type_id`, `user_id`, `created_at`, `updated_at`, `is_autofilled`, `is_out_of_race`, `begin_time`, `meeting_event_id`, `pool_type_id`, `time_standard_id`)
  VALUES (49148, 110, 911, 2, 1, '2016-04-13 07:03:42', '2016-04-13 07:03:42', 1, 0, '2000-01-01 11:40:00', 5209, 1, 4577);

INSERT INTO `meeting_programs` (`id`, `event_order`, `category_type_id`, `gender_type_id`, `user_id`, `created_at`, `updated_at`, `is_autofilled`, `is_out_of_race`, `begin_time`, `meeting_event_id`, `pool_type_id`, `time_standard_id`)
  VALUES (49149, 111, 908, 1, 1, '2016-04-13 07:03:42', '2016-04-13 07:03:42', 1, 0, '2000-01-01 11:42:00', 5209, 1, 5052);

INSERT INTO `meeting_programs` (`id`, `event_order`, `category_type_id`, `gender_type_id`, `user_id`, `created_at`, `updated_at`, `is_autofilled`, `is_out_of_race`, `begin_time`, `meeting_event_id`, `pool_type_id`, `time_standard_id`)
  VALUES (49150, 112, 909, 1, 1, '2016-04-13 07:03:42', '2016-04-13 07:03:42', 1, 0, '2000-01-01 11:44:00', 5209, 1, 5070);

INSERT INTO `meeting_programs` (`id`, `event_order`, `category_type_id`, `gender_type_id`, `user_id`, `created_at`, `updated_at`, `is_autofilled`, `is_out_of_race`, `begin_time`, `meeting_event_id`, `pool_type_id`, `time_standard_id`)
  VALUES (49151, 113, 910, 1, 1, '2016-04-13 07:03:42', '2016-04-13 07:03:42', 1, 0, '2000-01-01 11:46:00', 5209, 1, 5088);

INSERT INTO `meeting_programs` (`id`, `event_order`, `category_type_id`, `gender_type_id`, `user_id`, `created_at`, `updated_at`, `is_autofilled`, `is_out_of_race`, `begin_time`, `meeting_event_id`, `pool_type_id`, `time_standard_id`)
  VALUES (49152, 114, 911, 1, 1, '2016-04-13 07:03:42', '2016-04-13 07:03:42', 1, 0, '2000-01-01 11:48:00', 5209, 1, 5106);

INSERT INTO `meeting_programs` (`id`, `event_order`, `category_type_id`, `gender_type_id`, `user_id`, `created_at`, `updated_at`, `is_autofilled`, `is_out_of_race`, `begin_time`, `meeting_event_id`, `pool_type_id`, `time_standard_id`)
  VALUES (49153, 115, 912, 1, 1, '2016-04-13 07:03:42', '2016-04-13 07:03:42', 1, 0, '2000-01-01 11:50:00', 5209, 1, 5124);

INSERT INTO `meeting_programs` (`id`, `event_order`, `category_type_id`, `gender_type_id`, `user_id`, `created_at`, `updated_at`, `is_autofilled`, `is_out_of_race`, `begin_time`, `meeting_event_id`, `pool_type_id`, `time_standard_id`)
  VALUES (49154, 116, 913, 1, 1, '2016-04-13 07:03:43', '2016-04-13 07:03:43', 1, 0, '2000-01-01 11:52:00', 5209, 1, 5142);

INSERT INTO `meeting_programs` (`id`, `event_order`, `category_type_id`, `gender_type_id`, `user_id`, `created_at`, `updated_at`, `is_autofilled`, `is_out_of_race`, `begin_time`, `meeting_event_id`, `pool_type_id`, `time_standard_id`)
  VALUES (49155, 117, 915, 1, 1, '2016-04-13 07:03:43', '2016-04-13 07:03:43', 1, 0, '2000-01-01 11:54:00', 5209, 1, 5178);

INSERT INTO `meeting_programs` (`id`, `event_order`, `category_type_id`, `gender_type_id`, `user_id`, `created_at`, `updated_at`, `is_autofilled`, `is_out_of_race`, `begin_time`, `meeting_event_id`, `pool_type_id`, `time_standard_id`)
  VALUES (49156, 118, 917, 1, 1, '2016-04-13 07:03:43', '2016-04-13 07:03:43', 1, 0, '2000-01-01 11:56:00', 5209, 1, 5214);

INSERT INTO `meeting_events` (`id`, `created_at`, `updated_at`, `event_order`, `begin_time`, `is_out_of_race`, `is_autofilled`, `notes`, `meeting_session_id`, `event_type_id`, `heat_type_id`, `user_id`, `has_separate_gender_start_list`, `has_separate_category_start_list`)
  VALUES (5210, '2016-04-13 07:03:43', '2016-04-13 07:03:43', 16, '2000-01-01 11:58:00', 0, 1, NULL, 1116, 19, 3, 1, 1, 0);

INSERT INTO `meeting_programs` (`id`, `event_order`, `category_type_id`, `gender_type_id`, `user_id`, `created_at`, `updated_at`, `is_autofilled`, `is_out_of_race`, `begin_time`, `meeting_event_id`, `pool_type_id`, `time_standard_id`)
  VALUES (49157, 119, 908, 2, 1, '2016-04-13 07:03:43', '2016-04-13 07:03:43', 1, 0, '2000-01-01 11:58:00', 5210, 1, 4524);

INSERT INTO `meeting_programs` (`id`, `event_order`, `category_type_id`, `gender_type_id`, `user_id`, `created_at`, `updated_at`, `is_autofilled`, `is_out_of_race`, `begin_time`, `meeting_event_id`, `pool_type_id`, `time_standard_id`)
  VALUES (49158, 120, 909, 2, 1, '2016-04-13 07:03:43', '2016-04-13 07:03:43', 1, 0, '2000-01-01 12:00:00', 5210, 1, 4542);

INSERT INTO `meeting_programs` (`id`, `event_order`, `category_type_id`, `gender_type_id`, `user_id`, `created_at`, `updated_at`, `is_autofilled`, `is_out_of_race`, `begin_time`, `meeting_event_id`, `pool_type_id`, `time_standard_id`)
  VALUES (49159, 121, 911, 2, 1, '2016-04-13 07:03:43', '2016-04-13 07:03:43', 1, 0, '2000-01-01 12:02:00', 5210, 1, 4578);

INSERT INTO `meeting_programs` (`id`, `event_order`, `category_type_id`, `gender_type_id`, `user_id`, `created_at`, `updated_at`, `is_autofilled`, `is_out_of_race`, `begin_time`, `meeting_event_id`, `pool_type_id`, `time_standard_id`)
  VALUES (49160, 122, 913, 2, 1, '2016-04-13 07:03:43', '2016-04-13 07:03:43', 1, 0, '2000-01-01 12:04:00', 5210, 1, 4614);

INSERT INTO `meeting_programs` (`id`, `event_order`, `category_type_id`, `gender_type_id`, `user_id`, `created_at`, `updated_at`, `is_autofilled`, `is_out_of_race`, `begin_time`, `meeting_event_id`, `pool_type_id`, `time_standard_id`)
  VALUES (49161, 123, 918, 2, 1, '2016-04-13 07:03:43', '2016-04-13 07:03:43', 1, 0, '2000-01-01 12:06:00', 5210, 1, 4704);

INSERT INTO `meeting_programs` (`id`, `event_order`, `category_type_id`, `gender_type_id`, `user_id`, `created_at`, `updated_at`, `is_autofilled`, `is_out_of_race`, `begin_time`, `meeting_event_id`, `pool_type_id`, `time_standard_id`)
  VALUES (49162, 124, 909, 1, 1, '2016-04-13 07:03:43', '2016-04-13 07:03:43', 1, 0, '2000-01-01 12:08:00', 5210, 1, 5071);

INSERT INTO `meeting_programs` (`id`, `event_order`, `category_type_id`, `gender_type_id`, `user_id`, `created_at`, `updated_at`, `is_autofilled`, `is_out_of_race`, `begin_time`, `meeting_event_id`, `pool_type_id`, `time_standard_id`)
  VALUES (49163, 125, 910, 1, 1, '2016-04-13 07:03:43', '2016-04-13 07:03:43', 1, 0, '2000-01-01 12:10:00', 5210, 1, 5089);

INSERT INTO `meeting_programs` (`id`, `event_order`, `category_type_id`, `gender_type_id`, `user_id`, `created_at`, `updated_at`, `is_autofilled`, `is_out_of_race`, `begin_time`, `meeting_event_id`, `pool_type_id`, `time_standard_id`)
  VALUES (49164, 126, 912, 1, 1, '2016-04-13 07:03:43', '2016-04-13 07:03:43', 1, 0, '2000-01-01 12:12:00', 5210, 1, 5125);

INSERT INTO `meeting_programs` (`id`, `event_order`, `category_type_id`, `gender_type_id`, `user_id`, `created_at`, `updated_at`, `is_autofilled`, `is_out_of_race`, `begin_time`, `meeting_event_id`, `pool_type_id`, `time_standard_id`)
  VALUES (49165, 127, 913, 1, 1, '2016-04-13 07:03:43', '2016-04-13 07:03:43', 1, 0, '2000-01-01 12:14:00', 5210, 1, 5143);

INSERT INTO `meeting_programs` (`id`, `event_order`, `category_type_id`, `gender_type_id`, `user_id`, `created_at`, `updated_at`, `is_autofilled`, `is_out_of_race`, `begin_time`, `meeting_event_id`, `pool_type_id`, `time_standard_id`)
  VALUES (49166, 128, 914, 1, 1, '2016-04-13 07:03:43', '2016-04-13 07:03:43', 1, 0, '2000-01-01 12:16:00', 5210, 1, 5161);

INSERT INTO `meeting_programs` (`id`, `event_order`, `category_type_id`, `gender_type_id`, `user_id`, `created_at`, `updated_at`, `is_autofilled`, `is_out_of_race`, `begin_time`, `meeting_event_id`, `pool_type_id`, `time_standard_id`)
  VALUES (49167, 129, 916, 1, 1, '2016-04-13 07:03:43', '2016-04-13 07:03:43', 1, 0, '2000-01-01 12:18:00', 5210, 1, 5197);

INSERT INTO `meeting_programs` (`id`, `event_order`, `category_type_id`, `gender_type_id`, `user_id`, `created_at`, `updated_at`, `is_autofilled`, `is_out_of_race`, `begin_time`, `meeting_event_id`, `pool_type_id`, `time_standard_id`)
  VALUES (49168, 130, 924, 1, 1, '2016-04-13 07:03:43', '2016-04-13 07:03:43', 1, 0, '2000-01-01 12:20:00', 5210, 1, NULL);

INSERT INTO `meeting_events` (`id`, `created_at`, `updated_at`, `event_order`, `begin_time`, `is_out_of_race`, `is_autofilled`, `notes`, `meeting_session_id`, `event_type_id`, `heat_type_id`, `user_id`, `has_separate_gender_start_list`, `has_separate_category_start_list`)
  VALUES (5211, '2016-04-13 07:03:44', '2016-04-13 07:03:44', 17, '2000-01-01 12:22:00', 0, 1, NULL, 1116, 2, 3, 1, 1, 0);

INSERT INTO `meeting_programs` (`id`, `event_order`, `category_type_id`, `gender_type_id`, `user_id`, `created_at`, `updated_at`, `is_autofilled`, `is_out_of_race`, `begin_time`, `meeting_event_id`, `pool_type_id`, `time_standard_id`)
  VALUES (49169, 131, 908, 2, 1, '2016-04-13 07:03:44', '2016-04-13 07:03:44', 1, 0, '2000-01-01 12:22:00', 5211, 1, 4525);

INSERT INTO `meeting_programs` (`id`, `event_order`, `category_type_id`, `gender_type_id`, `user_id`, `created_at`, `updated_at`, `is_autofilled`, `is_out_of_race`, `begin_time`, `meeting_event_id`, `pool_type_id`, `time_standard_id`)
  VALUES (49170, 132, 909, 2, 1, '2016-04-13 07:03:44', '2016-04-13 07:03:44', 1, 0, '2000-01-01 12:24:00', 5211, 1, 4543);

INSERT INTO `meeting_programs` (`id`, `event_order`, `category_type_id`, `gender_type_id`, `user_id`, `created_at`, `updated_at`, `is_autofilled`, `is_out_of_race`, `begin_time`, `meeting_event_id`, `pool_type_id`, `time_standard_id`)
  VALUES (49171, 133, 910, 2, 1, '2016-04-13 07:03:44', '2016-04-13 07:03:44', 1, 0, '2000-01-01 12:26:00', 5211, 1, 4561);

INSERT INTO `meeting_programs` (`id`, `event_order`, `category_type_id`, `gender_type_id`, `user_id`, `created_at`, `updated_at`, `is_autofilled`, `is_out_of_race`, `begin_time`, `meeting_event_id`, `pool_type_id`, `time_standard_id`)
  VALUES (49172, 134, 911, 2, 1, '2016-04-13 07:03:44', '2016-04-13 07:03:44', 1, 0, '2000-01-01 12:28:00', 5211, 1, 4579);

INSERT INTO `meeting_programs` (`id`, `event_order`, `category_type_id`, `gender_type_id`, `user_id`, `created_at`, `updated_at`, `is_autofilled`, `is_out_of_race`, `begin_time`, `meeting_event_id`, `pool_type_id`, `time_standard_id`)
  VALUES (49173, 135, 913, 2, 1, '2016-04-13 07:03:44', '2016-04-13 07:03:44', 1, 0, '2000-01-01 12:30:00', 5211, 1, 4615);

INSERT INTO `meeting_programs` (`id`, `event_order`, `category_type_id`, `gender_type_id`, `user_id`, `created_at`, `updated_at`, `is_autofilled`, `is_out_of_race`, `begin_time`, `meeting_event_id`, `pool_type_id`, `time_standard_id`)
  VALUES (49174, 136, 908, 1, 1, '2016-04-13 07:03:44', '2016-04-13 07:03:44', 1, 0, '2000-01-01 12:32:00', 5211, 1, 5054);

INSERT INTO `meeting_programs` (`id`, `event_order`, `category_type_id`, `gender_type_id`, `user_id`, `created_at`, `updated_at`, `is_autofilled`, `is_out_of_race`, `begin_time`, `meeting_event_id`, `pool_type_id`, `time_standard_id`)
  VALUES (49175, 137, 909, 1, 1, '2016-04-13 07:03:44', '2016-04-13 07:03:44', 1, 0, '2000-01-01 12:34:00', 5211, 1, 5072);

INSERT INTO `meeting_programs` (`id`, `event_order`, `category_type_id`, `gender_type_id`, `user_id`, `created_at`, `updated_at`, `is_autofilled`, `is_out_of_race`, `begin_time`, `meeting_event_id`, `pool_type_id`, `time_standard_id`)
  VALUES (49176, 138, 910, 1, 1, '2016-04-13 07:03:44', '2016-04-13 07:03:44', 1, 0, '2000-01-01 12:36:00', 5211, 1, 5090);

INSERT INTO `meeting_programs` (`id`, `event_order`, `category_type_id`, `gender_type_id`, `user_id`, `created_at`, `updated_at`, `is_autofilled`, `is_out_of_race`, `begin_time`, `meeting_event_id`, `pool_type_id`, `time_standard_id`)
  VALUES (49177, 139, 911, 1, 1, '2016-04-13 07:03:44', '2016-04-13 07:03:44', 1, 0, '2000-01-01 12:38:00', 5211, 1, 5108);

INSERT INTO `meeting_programs` (`id`, `event_order`, `category_type_id`, `gender_type_id`, `user_id`, `created_at`, `updated_at`, `is_autofilled`, `is_out_of_race`, `begin_time`, `meeting_event_id`, `pool_type_id`, `time_standard_id`)
  VALUES (49178, 140, 912, 1, 1, '2016-04-13 07:03:44', '2016-04-13 07:03:44', 1, 0, '2000-01-01 12:40:00', 5211, 1, 5126);

INSERT INTO `meeting_programs` (`id`, `event_order`, `category_type_id`, `gender_type_id`, `user_id`, `created_at`, `updated_at`, `is_autofilled`, `is_out_of_race`, `begin_time`, `meeting_event_id`, `pool_type_id`, `time_standard_id`)
  VALUES (49179, 141, 913, 1, 1, '2016-04-13 07:03:44', '2016-04-13 07:03:44', 1, 0, '2000-01-01 12:42:00', 5211, 1, 5144);

INSERT INTO `meeting_programs` (`id`, `event_order`, `category_type_id`, `gender_type_id`, `user_id`, `created_at`, `updated_at`, `is_autofilled`, `is_out_of_race`, `begin_time`, `meeting_event_id`, `pool_type_id`, `time_standard_id`)
  VALUES (49180, 142, 914, 1, 1, '2016-04-13 07:03:44', '2016-04-13 07:03:44', 1, 0, '2000-01-01 12:44:00', 5211, 1, 5162);

INSERT INTO `meeting_programs` (`id`, `event_order`, `category_type_id`, `gender_type_id`, `user_id`, `created_at`, `updated_at`, `is_autofilled`, `is_out_of_race`, `begin_time`, `meeting_event_id`, `pool_type_id`, `time_standard_id`)
  VALUES (49181, 143, 917, 1, 1, '2016-04-13 07:03:44', '2016-04-13 07:03:44', 1, 0, '2000-01-01 12:46:00', 5211, 1, 5216);

INSERT INTO `meeting_programs` (`id`, `event_order`, `category_type_id`, `gender_type_id`, `user_id`, `created_at`, `updated_at`, `is_autofilled`, `is_out_of_race`, `begin_time`, `meeting_event_id`, `pool_type_id`, `time_standard_id`)
  VALUES (49182, 144, 924, 1, 1, '2016-04-13 07:03:44', '2016-04-13 07:03:44', 1, 0, '2000-01-01 12:48:00', 5211, 1, NULL);

INSERT INTO `meeting_events` (`id`, `created_at`, `updated_at`, `event_order`, `begin_time`, `is_out_of_race`, `is_autofilled`, `notes`, `meeting_session_id`, `event_type_id`, `heat_type_id`, `user_id`, `has_separate_gender_start_list`, `has_separate_category_start_list`)
  VALUES (5212, '2016-04-13 07:03:44', '2016-04-13 07:03:44', 18, '2000-01-01 12:50:00', 0, 1, NULL, 1116, 6, 3, 1, 1, 0);

INSERT INTO `meeting_programs` (`id`, `event_order`, `category_type_id`, `gender_type_id`, `user_id`, `created_at`, `updated_at`, `is_autofilled`, `is_out_of_race`, `begin_time`, `meeting_event_id`, `pool_type_id`, `time_standard_id`)
  VALUES (49183, 145, 909, 2, 1, '2016-04-13 07:03:44', '2016-04-13 07:03:44', 1, 0, '2000-01-01 12:50:00', 5212, 1, 4544);

INSERT INTO `meeting_programs` (`id`, `event_order`, `category_type_id`, `gender_type_id`, `user_id`, `created_at`, `updated_at`, `is_autofilled`, `is_out_of_race`, `begin_time`, `meeting_event_id`, `pool_type_id`, `time_standard_id`)
  VALUES (49184, 146, 910, 2, 1, '2016-04-13 07:03:45', '2016-04-13 07:03:45', 1, 0, '2000-01-01 12:52:00', 5212, 1, 4562);

INSERT INTO `meeting_programs` (`id`, `event_order`, `category_type_id`, `gender_type_id`, `user_id`, `created_at`, `updated_at`, `is_autofilled`, `is_out_of_race`, `begin_time`, `meeting_event_id`, `pool_type_id`, `time_standard_id`)
  VALUES (49185, 147, 911, 2, 1, '2016-04-13 07:03:45', '2016-04-13 07:03:45', 1, 0, '2000-01-01 12:54:00', 5212, 1, 4580);

INSERT INTO `meeting_programs` (`id`, `event_order`, `category_type_id`, `gender_type_id`, `user_id`, `created_at`, `updated_at`, `is_autofilled`, `is_out_of_race`, `begin_time`, `meeting_event_id`, `pool_type_id`, `time_standard_id`)
  VALUES (49186, 148, 912, 2, 1, '2016-04-13 07:03:45', '2016-04-13 07:03:45', 1, 0, '2000-01-01 12:56:00', 5212, 1, 4598);

INSERT INTO `meeting_programs` (`id`, `event_order`, `category_type_id`, `gender_type_id`, `user_id`, `created_at`, `updated_at`, `is_autofilled`, `is_out_of_race`, `begin_time`, `meeting_event_id`, `pool_type_id`, `time_standard_id`)
  VALUES (49187, 149, 913, 2, 1, '2016-04-13 07:03:45', '2016-04-13 07:03:45', 1, 0, '2000-01-01 12:58:00', 5212, 1, 4616);

INSERT INTO `meeting_programs` (`id`, `event_order`, `category_type_id`, `gender_type_id`, `user_id`, `created_at`, `updated_at`, `is_autofilled`, `is_out_of_race`, `begin_time`, `meeting_event_id`, `pool_type_id`, `time_standard_id`)
  VALUES (49188, 150, 910, 1, 1, '2016-04-13 07:03:45', '2016-04-13 07:03:45', 1, 0, '2000-01-01 13:00:00', 5212, 1, 5091);

INSERT INTO `meeting_programs` (`id`, `event_order`, `category_type_id`, `gender_type_id`, `user_id`, `created_at`, `updated_at`, `is_autofilled`, `is_out_of_race`, `begin_time`, `meeting_event_id`, `pool_type_id`, `time_standard_id`)
  VALUES (49189, 151, 911, 1, 1, '2016-04-13 07:03:45', '2016-04-13 07:03:45', 1, 0, '2000-01-01 13:02:00', 5212, 1, 5109);

INSERT INTO `meeting_programs` (`id`, `event_order`, `category_type_id`, `gender_type_id`, `user_id`, `created_at`, `updated_at`, `is_autofilled`, `is_out_of_race`, `begin_time`, `meeting_event_id`, `pool_type_id`, `time_standard_id`)
  VALUES (49190, 152, 912, 1, 1, '2016-04-13 07:03:45', '2016-04-13 07:03:45', 1, 0, '2000-01-01 13:04:00', 5212, 1, 5127);

INSERT INTO `meeting_programs` (`id`, `event_order`, `category_type_id`, `gender_type_id`, `user_id`, `created_at`, `updated_at`, `is_autofilled`, `is_out_of_race`, `begin_time`, `meeting_event_id`, `pool_type_id`, `time_standard_id`)
  VALUES (49191, 153, 913, 1, 1, '2016-04-13 07:03:45', '2016-04-13 07:03:45', 1, 0, '2000-01-01 13:06:00', 5212, 1, 5145);

INSERT INTO `meeting_programs` (`id`, `event_order`, `category_type_id`, `gender_type_id`, `user_id`, `created_at`, `updated_at`, `is_autofilled`, `is_out_of_race`, `begin_time`, `meeting_event_id`, `pool_type_id`, `time_standard_id`)
  VALUES (49192, 154, 914, 1, 1, '2016-04-13 07:03:45', '2016-04-13 07:03:45', 1, 0, '2000-01-01 13:08:00', 5212, 1, 5163);

INSERT INTO `meeting_events` (`id`, `created_at`, `updated_at`, `event_order`, `begin_time`, `is_out_of_race`, `is_autofilled`, `notes`, `meeting_session_id`, `event_type_id`, `heat_type_id`, `user_id`, `has_separate_gender_start_list`, `has_separate_category_start_list`)
  VALUES (5213, '2016-04-13 07:03:45', '2016-04-13 07:03:45', 19, '2000-01-01 13:17:50', 0, 1, NULL, 1116, 33, 3, 1, 1, 0);

INSERT INTO `meeting_programs` (`id`, `event_order`, `category_type_id`, `gender_type_id`, `user_id`, `created_at`, `updated_at`, `is_autofilled`, `is_out_of_race`, `begin_time`, `meeting_event_id`, `pool_type_id`, `time_standard_id`)
  VALUES (49193, 1, 926, 3, 1, '2016-04-13 07:03:45', '2016-04-13 07:03:45', 1, 0, '2000-01-01 13:17:50', 5213, 1, 5571);

INSERT INTO `meeting_programs` (`id`, `event_order`, `category_type_id`, `gender_type_id`, `user_id`, `created_at`, `updated_at`, `is_autofilled`, `is_out_of_race`, `begin_time`, `meeting_event_id`, `pool_type_id`, `time_standard_id`)
  VALUES (49194, 2, 927, 3, 1, '2016-04-13 07:03:45', '2016-04-13 07:03:45', 1, 0, '2000-01-01 13:26:50', 5213, 1, 5572);

INSERT INTO `meeting_programs` (`id`, `event_order`, `category_type_id`, `gender_type_id`, `user_id`, `created_at`, `updated_at`, `is_autofilled`, `is_out_of_race`, `begin_time`, `meeting_event_id`, `pool_type_id`, `time_standard_id`)
  VALUES (49195, 3, 928, 3, 1, '2016-04-13 07:03:45', '2016-04-13 07:03:45', 1, 0, '2000-01-01 13:35:00', 5213, 1, 5573);

INSERT INTO `meeting_events` (`id`, `created_at`, `updated_at`, `event_order`, `begin_time`, `is_out_of_race`, `is_autofilled`, `notes`, `meeting_session_id`, `event_type_id`, `heat_type_id`, `user_id`, `has_separate_gender_start_list`, `has_separate_category_start_list`)
  VALUES (5214, '2016-04-13 07:03:45', '2016-04-13 07:03:45', 20, '2000-01-01 13:43:10', 0, 1, NULL, 1116, 32, 3, 1, 1, 0);

INSERT INTO `meeting_programs` (`id`, `event_order`, `category_type_id`, `gender_type_id`, `user_id`, `created_at`, `updated_at`, `is_autofilled`, `is_out_of_race`, `begin_time`, `meeting_event_id`, `pool_type_id`, `time_standard_id`)
  VALUES (49196, 4, 927, 3, 1, '2016-04-13 07:03:45', '2016-04-13 07:03:45', 1, 0, '2000-01-01 13:43:10', 5214, 1, 5621);

INSERT INTO `meeting_programs` (`id`, `event_order`, `category_type_id`, `gender_type_id`, `user_id`, `created_at`, `updated_at`, `is_autofilled`, `is_out_of_race`, `begin_time`, `meeting_event_id`, `pool_type_id`, `time_standard_id`)
  VALUES (49197, 5, 928, 3, 1, '2016-04-13 07:03:45', '2016-04-13 07:03:45', 1, 0, '2000-01-01 13:34:50', 5214, 1, 5622);

INSERT INTO `meeting_events` (`id`, `created_at`, `updated_at`, `event_order`, `begin_time`, `is_out_of_race`, `is_autofilled`, `notes`, `meeting_session_id`, `event_type_id`, `heat_type_id`, `user_id`, `has_separate_gender_start_list`, `has_separate_category_start_list`)
  VALUES (5215, '2016-04-13 07:03:45', '2016-04-13 07:03:45', 21, '2000-01-01 13:25:40', 0, 1, NULL, 1116, 26, 3, 1, 1, 0);

INSERT INTO `meeting_programs` (`id`, `event_order`, `category_type_id`, `gender_type_id`, `user_id`, `created_at`, `updated_at`, `is_autofilled`, `is_out_of_race`, `begin_time`, `meeting_event_id`, `pool_type_id`, `time_standard_id`)
  VALUES (49198, 6, 927, 2, 1, '2016-04-13 07:03:45', '2016-04-13 07:03:45', 1, 0, '2000-01-01 13:25:40', 5215, 1, 5614);

INSERT INTO `meeting_programs` (`id`, `event_order`, `category_type_id`, `gender_type_id`, `user_id`, `created_at`, `updated_at`, `is_autofilled`, `is_out_of_race`, `begin_time`, `meeting_event_id`, `pool_type_id`, `time_standard_id`)
  VALUES (49199, 7, 927, 1, 1, '2016-04-13 07:03:45', '2016-04-13 07:03:45', 1, 0, '2000-01-01 13:34:10', 5215, 1, 5617);

INSERT INTO `meeting_programs` (`id`, `event_order`, `category_type_id`, `gender_type_id`, `user_id`, `created_at`, `updated_at`, `is_autofilled`, `is_out_of_race`, `begin_time`, `meeting_event_id`, `pool_type_id`, `time_standard_id`)
  VALUES (49200, 8, 928, 1, 1, '2016-04-13 07:03:46', '2016-04-13 07:03:46', 1, 0, '2000-01-01 13:25:30', 5215, 1, 5618);

INSERT INTO `meeting_programs` (`id`, `event_order`, `category_type_id`, `gender_type_id`, `user_id`, `created_at`, `updated_at`, `is_autofilled`, `is_out_of_race`, `begin_time`, `meeting_event_id`, `pool_type_id`, `time_standard_id`)
  VALUES (49201, 9, 929, 1, 1, '2016-04-13 07:03:46', '2016-04-13 07:03:46', 1, 0, '2000-01-01 13:16:20', 5215, 1, 5619);

INSERT INTO `meeting_programs` (`id`, `event_order`, `category_type_id`, `gender_type_id`, `user_id`, `created_at`, `updated_at`, `is_autofilled`, `is_out_of_race`, `begin_time`, `meeting_event_id`, `pool_type_id`, `time_standard_id`)
  VALUES (49202, 10, 930, 1, 1, '2016-04-13 07:03:46', '2016-04-13 07:03:46', 1, 0, '2000-01-01 13:25:10', 5215, 1, 5628);

INSERT INTO `meeting_events` (`id`, `created_at`, `updated_at`, `event_order`, `begin_time`, `is_out_of_race`, `is_autofilled`, `notes`, `meeting_session_id`, `event_type_id`, `heat_type_id`, `user_id`, `has_separate_gender_start_list`, `has_separate_category_start_list`)
  VALUES (5216, '2016-04-13 07:03:46', '2016-04-13 07:03:46', 22, '2000-01-01 13:16:10', 0, 1, NULL, 1116, 25, 3, 1, 1, 0);

INSERT INTO `meeting_programs` (`id`, `event_order`, `category_type_id`, `gender_type_id`, `user_id`, `created_at`, `updated_at`, `is_autofilled`, `is_out_of_race`, `begin_time`, `meeting_event_id`, `pool_type_id`, `time_standard_id`)
  VALUES (49203, 11, 927, 2, 1, '2016-04-13 07:03:46', '2016-04-13 07:03:46', 1, 0, '2000-01-01 13:16:10', 5216, 1, 5605);

INSERT INTO `meeting_programs` (`id`, `event_order`, `category_type_id`, `gender_type_id`, `user_id`, `created_at`, `updated_at`, `is_autofilled`, `is_out_of_race`, `begin_time`, `meeting_event_id`, `pool_type_id`, `time_standard_id`)
  VALUES (49204, 12, 929, 2, 1, '2016-04-13 07:03:46', '2016-04-13 07:03:46', 1, 0, '2000-01-01 13:07:00', 5216, 1, 5607);

INSERT INTO `meeting_programs` (`id`, `event_order`, `category_type_id`, `gender_type_id`, `user_id`, `created_at`, `updated_at`, `is_autofilled`, `is_out_of_race`, `begin_time`, `meeting_event_id`, `pool_type_id`, `time_standard_id`)
  VALUES (49205, 13, 926, 1, 1, '2016-04-13 07:03:46', '2016-04-13 07:03:46', 1, 0, '2000-01-01 13:16:10', 5216, 1, 5608);

INSERT INTO `meeting_programs` (`id`, `event_order`, `category_type_id`, `gender_type_id`, `user_id`, `created_at`, `updated_at`, `is_autofilled`, `is_out_of_race`, `begin_time`, `meeting_event_id`, `pool_type_id`, `time_standard_id`)
  VALUES (49206, 14, 927, 1, 1, '2016-04-13 07:03:46', '2016-04-13 07:03:46', 1, 0, '2000-01-01 13:06:50', 5216, 1, 5609);

INSERT INTO `meeting_programs` (`id`, `event_order`, `category_type_id`, `gender_type_id`, `user_id`, `created_at`, `updated_at`, `is_autofilled`, `is_out_of_race`, `begin_time`, `meeting_event_id`, `pool_type_id`, `time_standard_id`)
  VALUES (49207, 15, 928, 1, 1, '2016-04-13 07:03:46', '2016-04-13 07:03:46', 1, 0, '2000-01-01 12:56:40', 5216, 1, 5610);

INSERT INTO `meeting_programs` (`id`, `event_order`, `category_type_id`, `gender_type_id`, `user_id`, `created_at`, `updated_at`, `is_autofilled`, `is_out_of_race`, `begin_time`, `meeting_event_id`, `pool_type_id`, `time_standard_id`)
  VALUES (49208, 16, 929, 1, 1, '2016-04-13 07:03:46', '2016-04-13 07:03:46', 1, 0, '2000-01-01 13:06:10', 5216, 1, 5611);

INSERT INTO `meeting_programs` (`id`, `event_order`, `category_type_id`, `gender_type_id`, `user_id`, `created_at`, `updated_at`, `is_autofilled`, `is_out_of_race`, `begin_time`, `meeting_event_id`, `pool_type_id`, `time_standard_id`)
  VALUES (49209, 17, 930, 1, 1, '2016-04-13 07:03:46', '2016-04-13 07:03:46', 1, 0, '2000-01-01 12:56:30', 5216, 1, 5612);

INSERT INTO `swimmers` (`id`, `last_name`, `first_name`, `year_of_birth`, `phone_mobile`, `phone_number`, `e_mail`, `nickname`, `associated_user_id`, `gender_type_id`, `user_id`, `created_at`, `updated_at`, `complete_name`, `is_year_guessed`)
  VALUES (24927, 'D`ANDREA', 'ATTILIO', 1980, NULL, NULL, NULL, '', NULL, 1, 1, '2016-04-13 07:03:46', '2016-04-13 07:03:46', 'D`ANDREA ATTILIO', 0);

INSERT INTO `swimmers` (`id`, `last_name`, `first_name`, `year_of_birth`, `phone_mobile`, `phone_number`, `e_mail`, `nickname`, `associated_user_id`, `gender_type_id`, `user_id`, `created_at`, `updated_at`, `complete_name`, `is_year_guessed`)
  VALUES (24928, 'MANARA', 'MASSIMO', 1972, NULL, NULL, NULL, '', NULL, 1, 1, '2016-04-13 07:03:46', '2016-04-13 07:03:46', 'MANARA MASSIMO', 0);

INSERT INTO `swimmers` (`id`, `last_name`, `first_name`, `year_of_birth`, `phone_mobile`, `phone_number`, `e_mail`, `nickname`, `associated_user_id`, `gender_type_id`, `user_id`, `created_at`, `updated_at`, `complete_name`, `is_year_guessed`)
  VALUES (24929, 'SCOTUCCI', 'ELVIRA', 1980, NULL, NULL, NULL, '', NULL, 2, 1, '2016-04-13 07:03:46', '2016-04-13 07:03:46', 'SCOTUCCI ELVIRA', 0);

INSERT INTO `swimmers` (`id`, `last_name`, `first_name`, `year_of_birth`, `phone_mobile`, `phone_number`, `e_mail`, `nickname`, `associated_user_id`, `gender_type_id`, `user_id`, `created_at`, `updated_at`, `complete_name`, `is_year_guessed`)
  VALUES (24930, NULL, NULL, 1963, NULL, NULL, NULL, '', NULL, 1, 1, '2016-04-13 07:03:46', '2016-04-13 07:03:46', 'CIAVARELLI MACOZZI LUDOVICO', 0);

INSERT INTO `badges` (`id`, `number`, `season_id`, `swimmer_id`, `team_id`, `category_type_id`, `user_id`, `created_at`, `updated_at`, `entry_time_type_id`, `team_affiliation_id`, `final_rank`)
  VALUES (46817, '?', 152, 3085, 54, 914, 1, '2016-04-13 07:03:46', '2016-04-13 07:03:46', 5, 1572, NULL);

INSERT INTO `badges` (`id`, `number`, `season_id`, `swimmer_id`, `team_id`, `category_type_id`, `user_id`, `created_at`, `updated_at`, `entry_time_type_id`, `team_affiliation_id`, `final_rank`)
  VALUES (46818, '?', 152, 12411, 920, 909, 1, '2016-04-13 07:03:46', '2016-04-13 07:03:46', 5, 2116, NULL);

INSERT INTO `badges` (`id`, `number`, `season_id`, `swimmer_id`, `team_id`, `category_type_id`, `user_id`, `created_at`, `updated_at`, `entry_time_type_id`, `team_affiliation_id`, `final_rank`)
  VALUES (46819, '?', 152, 3669, 192, 912, 1, '2016-04-13 07:03:46', '2016-04-13 07:03:46', 5, 1803, NULL);

INSERT INTO `badges` (`id`, `number`, `season_id`, `swimmer_id`, `team_id`, `category_type_id`, `user_id`, `created_at`, `updated_at`, `entry_time_type_id`, `team_affiliation_id`, `final_rank`)
  VALUES (46820, '?', 152, 24930, 920, 913, 1, '2016-04-13 07:03:46', '2016-04-13 07:03:46', 5, 2116, NULL);

INSERT INTO `badges` (`id`, `number`, `season_id`, `swimmer_id`, `team_id`, `category_type_id`, `user_id`, `created_at`, `updated_at`, `entry_time_type_id`, `team_affiliation_id`, `final_rank`)
  VALUES (46821, '?', 152, 6878, 757, 909, 1, '2016-04-13 07:03:46', '2016-04-13 07:03:46', 5, 1667, NULL);

INSERT INTO `badges` (`id`, `number`, `season_id`, `swimmer_id`, `team_id`, `category_type_id`, `user_id`, `created_at`, `updated_at`, `entry_time_type_id`, `team_affiliation_id`, `final_rank`)
  VALUES (46822, '?', 152, 24927, 841, 910, 1, '2016-04-13 07:03:46', '2016-04-13 07:03:46', 5, 1816, NULL);

INSERT INTO `badges` (`id`, `number`, `season_id`, `swimmer_id`, `team_id`, `category_type_id`, `user_id`, `created_at`, `updated_at`, `entry_time_type_id`, `team_affiliation_id`, `final_rank`)
  VALUES (46823, '?', 152, 3835, 201, 909, 1, '2016-04-13 07:03:46', '2016-04-13 07:03:46', 5, 1717, NULL);

INSERT INTO `badges` (`id`, `number`, `season_id`, `swimmer_id`, `team_id`, `category_type_id`, `user_id`, `created_at`, `updated_at`, `entry_time_type_id`, `team_affiliation_id`, `final_rank`)
  VALUES (46824, '?', 152, 12426, 920, 911, 1, '2016-04-13 07:03:47', '2016-04-13 07:03:47', 5, 2116, NULL);

INSERT INTO `badges` (`id`, `number`, `season_id`, `swimmer_id`, `team_id`, `category_type_id`, `user_id`, `created_at`, `updated_at`, `entry_time_type_id`, `team_affiliation_id`, `final_rank`)
  VALUES (46825, '?', 152, 24928, 757, 911, 1, '2016-04-13 07:03:47', '2016-04-13 07:03:47', 5, 1667, NULL);

INSERT INTO `badges` (`id`, `number`, `season_id`, `swimmer_id`, `team_id`, `category_type_id`, `user_id`, `created_at`, `updated_at`, `entry_time_type_id`, `team_affiliation_id`, `final_rank`)
  VALUES (46826, '?', 152, 24929, 757, 910, 1, '2016-04-13 07:03:47', '2016-04-13 07:03:47', 5, 1667, NULL);

INSERT INTO `badges` (`id`, `number`, `season_id`, `swimmer_id`, `team_id`, `category_type_id`, `user_id`, `created_at`, `updated_at`, `entry_time_type_id`, `team_affiliation_id`, `final_rank`)
  VALUES (46827, '?', 152, 6969, 757, 910, 1, '2016-04-13 07:03:47', '2016-04-13 07:03:47', 5, 1667, NULL);

INSERT INTO `meeting_individual_results` (`id`, `rank`, `is_play_off`, `is_out_of_race`, `is_disqualified`, `standard_points`, `meeting_individual_points`, `minutes`, `seconds`, `hundreds`, `meeting_program_id`, `swimmer_id`, `team_id`, `badge_id`, `user_id`, `created_at`, `updated_at`, `disqualification_code_type_id`, `goggle_cup_points`, `reaction_time`, `team_points`, `team_affiliation_id`, `is_personal_best`, `is_season_type_best`)
  VALUES (319441, 1, 1, 0, 0, 923.88, 923.88, 1, 7, 92, 49039, 3393, 119, 35269, 1, '2016-04-13 07:03:47', '2016-04-13 07:03:47', NULL, 0.0, 0.0, 0.0, 1790, 0, 0);

INSERT INTO `meeting_individual_results` (`id`, `rank`, `is_play_off`, `is_out_of_race`, `is_disqualified`, `standard_points`, `meeting_individual_points`, `minutes`, `seconds`, `hundreds`, `meeting_program_id`, `swimmer_id`, `team_id`, `badge_id`, `user_id`, `created_at`, `updated_at`, `disqualification_code_type_id`, `goggle_cup_points`, `reaction_time`, `team_points`, `team_affiliation_id`, `is_personal_best`, `is_season_type_best`)
  VALUES (319442, 1, 1, 0, 0, 899.38, 899.38, 1, 24, 97, 49040, 3085, 54, 46817, 1, '2016-04-13 07:03:47', '2016-04-13 07:03:47', NULL, 0.0, 0.0, 0.0, 1572, 0, 0);

INSERT INTO `meeting_individual_results` (`id`, `rank`, `is_play_off`, `is_out_of_race`, `is_disqualified`, `standard_points`, `meeting_individual_points`, `minutes`, `seconds`, `hundreds`, `meeting_program_id`, `swimmer_id`, `team_id`, `badge_id`, `user_id`, `created_at`, `updated_at`, `disqualification_code_type_id`, `goggle_cup_points`, `reaction_time`, `team_points`, `team_affiliation_id`, `is_personal_best`, `is_season_type_best`)
  VALUES (319443, 1, 1, 0, 0, 713.58, 713.58, 1, 21, 14, 49041, 2478, 115, 33642, 1, '2016-04-13 07:03:47', '2016-04-13 07:03:47', NULL, 0.0, 0.0, 0.0, 1598, 0, 0);

INSERT INTO `meeting_individual_results` (`id`, `rank`, `is_play_off`, `is_out_of_race`, `is_disqualified`, `standard_points`, `meeting_individual_points`, `minutes`, `seconds`, `hundreds`, `meeting_program_id`, `swimmer_id`, `team_id`, `badge_id`, `user_id`, `created_at`, `updated_at`, `disqualification_code_type_id`, `goggle_cup_points`, `reaction_time`, `team_points`, `team_affiliation_id`, `is_personal_best`, `is_season_type_best`)
  VALUES (319444, 1, 1, 0, 0, 483.3, 483.3, 2, 14, 41, 49042, 3602, 527, 34247, 1, '2016-04-13 07:03:47', '2016-04-13 07:03:47', NULL, 0.0, 0.0, 0.0, 1718, 0, 0);

INSERT INTO `meeting_individual_results` (`id`, `rank`, `is_play_off`, `is_out_of_race`, `is_disqualified`, `standard_points`, `meeting_individual_points`, `minutes`, `seconds`, `hundreds`, `meeting_program_id`, `swimmer_id`, `team_id`, `badge_id`, `user_id`, `created_at`, `updated_at`, `disqualification_code_type_id`, `goggle_cup_points`, `reaction_time`, `team_points`, `team_affiliation_id`, `is_personal_best`, `is_season_type_best`)
  VALUES (319445, 1, 1, 0, 0, 450.2, 450.2, 3, 5, 43, 49043, 21453, 837, 35538, 1, '2016-04-13 07:03:47', '2016-04-13 07:03:47', NULL, 0.0, 0.0, 0.0, 1757, 0, 0);

INSERT INTO `meeting_individual_results` (`id`, `rank`, `is_play_off`, `is_out_of_race`, `is_disqualified`, `standard_points`, `meeting_individual_points`, `minutes`, `seconds`, `hundreds`, `meeting_program_id`, `swimmer_id`, `team_id`, `badge_id`, `user_id`, `created_at`, `updated_at`, `disqualification_code_type_id`, `goggle_cup_points`, `reaction_time`, `team_points`, `team_affiliation_id`, `is_personal_best`, `is_season_type_best`)
  VALUES (319446, 1, 1, 0, 0, 681.94, 681.94, 1, 30, 58, 49044, 8212, 844, 35331, 1, '2016-04-13 07:03:47', '2016-04-13 07:03:47', NULL, 0.0, 0.0, 0.0, 1819, 0, 0);

INSERT INTO `meeting_individual_results` (`id`, `rank`, `is_play_off`, `is_out_of_race`, `is_disqualified`, `standard_points`, `meeting_individual_points`, `minutes`, `seconds`, `hundreds`, `meeting_program_id`, `swimmer_id`, `team_id`, `badge_id`, `user_id`, `created_at`, `updated_at`, `disqualification_code_type_id`, `goggle_cup_points`, `reaction_time`, `team_points`, `team_affiliation_id`, `is_personal_best`, `is_season_type_best`)
  VALUES (319447, 1, 1, 0, 0, 709.77, 709.77, 1, 29, 86, 49045, 3398, 213, 36033, 1, '2016-04-13 07:03:47', '2016-04-13 07:03:47', NULL, 0.0, 0.0, 0.0, 1737, 0, 0);

INSERT INTO `meeting_individual_results` (`id`, `rank`, `is_play_off`, `is_out_of_race`, `is_disqualified`, `standard_points`, `meeting_individual_points`, `minutes`, `seconds`, `hundreds`, `meeting_program_id`, `swimmer_id`, `team_id`, `badge_id`, `user_id`, `created_at`, `updated_at`, `disqualification_code_type_id`, `goggle_cup_points`, `reaction_time`, `team_points`, `team_affiliation_id`, `is_personal_best`, `is_season_type_best`)
  VALUES (319448, 2, 1, 0, 0, 649.09, 649.09, 1, 38, 26, 49045, 8213, 211, 36031, 1, '2016-04-13 07:03:47', '2016-04-13 07:03:47', NULL, 0.0, 0.0, 0.0, 1845, 0, 0);

INSERT INTO `meeting_individual_results` (`id`, `rank`, `is_play_off`, `is_out_of_race`, `is_disqualified`, `standard_points`, `meeting_individual_points`, `minutes`, `seconds`, `hundreds`, `meeting_program_id`, `swimmer_id`, `team_id`, `badge_id`, `user_id`, `created_at`, `updated_at`, `disqualification_code_type_id`, `goggle_cup_points`, `reaction_time`, `team_points`, `team_affiliation_id`, `is_personal_best`, `is_season_type_best`)
  VALUES (319449, 1, 1, 0, 0, 849.95, 849.95, 1, 3, 91, 49046, 21458, 841, 35317, 1, '2016-04-13 07:03:47', '2016-04-13 07:03:47', NULL, 0.0, 0.0, 0.0, 1816, 0, 0);

INSERT INTO `meeting_individual_results` (`id`, `rank`, `is_play_off`, `is_out_of_race`, `is_disqualified`, `standard_points`, `meeting_individual_points`, `minutes`, `seconds`, `hundreds`, `meeting_program_id`, `swimmer_id`, `team_id`, `badge_id`, `user_id`, `created_at`, `updated_at`, `disqualification_code_type_id`, `goggle_cup_points`, `reaction_time`, `team_points`, `team_affiliation_id`, `is_personal_best`, `is_season_type_best`)
  VALUES (319450, 1, 1, 0, 0, 768.85, 768.85, 1, 13, 7, 49047, 12430, 920, 43559, 1, '2016-04-13 07:03:47', '2016-04-13 07:03:47', NULL, 0.0, 0.0, 0.0, 2116, 0, 0);

INSERT INTO `meeting_individual_results` (`id`, `rank`, `is_play_off`, `is_out_of_race`, `is_disqualified`, `standard_points`, `meeting_individual_points`, `minutes`, `seconds`, `hundreds`, `meeting_program_id`, `swimmer_id`, `team_id`, `badge_id`, `user_id`, `created_at`, `updated_at`, `disqualification_code_type_id`, `goggle_cup_points`, `reaction_time`, `team_points`, `team_affiliation_id`, `is_personal_best`, `is_season_type_best`)
  VALUES (319451, 1, 1, 0, 0, 772.99, 772.99, 1, 14, 80, 49048, 15674, 920, 43588, 1, '2016-04-13 07:03:47', '2016-04-13 07:03:47', NULL, 0.0, 0.0, 0.0, 2116, 0, 0);

INSERT INTO `meeting_individual_results` (`id`, `rank`, `is_play_off`, `is_out_of_race`, `is_disqualified`, `standard_points`, `meeting_individual_points`, `minutes`, `seconds`, `hundreds`, `meeting_program_id`, `swimmer_id`, `team_id`, `badge_id`, `user_id`, `created_at`, `updated_at`, `disqualification_code_type_id`, `goggle_cup_points`, `reaction_time`, `team_points`, `team_affiliation_id`, `is_personal_best`, `is_season_type_best`)
  VALUES (319452, 1, 1, 0, 0, 930.27, 930.27, 1, 3, 96, 49049, 2573, 116, 40151, 1, '2016-04-13 07:03:48', '2016-04-13 07:03:48', NULL, 0.0, 0.0, 0.0, 1540, 0, 0);

INSERT INTO `meeting_individual_results` (`id`, `rank`, `is_play_off`, `is_out_of_race`, `is_disqualified`, `standard_points`, `meeting_individual_points`, `minutes`, `seconds`, `hundreds`, `meeting_program_id`, `swimmer_id`, `team_id`, `badge_id`, `user_id`, `created_at`, `updated_at`, `disqualification_code_type_id`, `goggle_cup_points`, `reaction_time`, `team_points`, `team_affiliation_id`, `is_personal_best`, `is_season_type_best`)
  VALUES (319453, 2, 1, 0, 0, 651.77, 651.77, 1, 31, 29, 49049, 12464, 845, 35497, 1, '2016-04-13 07:03:48', '2016-04-13 07:03:48', NULL, 0.0, 0.0, 0.0, 1820, 0, 0);

INSERT INTO `meeting_individual_results` (`id`, `rank`, `is_play_off`, `is_out_of_race`, `is_disqualified`, `standard_points`, `meeting_individual_points`, `minutes`, `seconds`, `hundreds`, `meeting_program_id`, `swimmer_id`, `team_id`, `badge_id`, `user_id`, `created_at`, `updated_at`, `disqualification_code_type_id`, `goggle_cup_points`, `reaction_time`, `team_points`, `team_affiliation_id`, `is_personal_best`, `is_season_type_best`)
  VALUES (319454, 1, 1, 0, 0, 523.16, 523.16, 2, 25, 48, 49050, 3344, 837, 35323, 1, '2016-04-13 07:03:48', '2016-04-13 07:03:48', NULL, 0.0, 0.0, 0.0, 1757, 0, 0);

INSERT INTO `meeting_individual_results` (`id`, `rank`, `is_play_off`, `is_out_of_race`, `is_disqualified`, `standard_points`, `meeting_individual_points`, `minutes`, `seconds`, `hundreds`, `meeting_program_id`, `swimmer_id`, `team_id`, `badge_id`, `user_id`, `created_at`, `updated_at`, `disqualification_code_type_id`, `goggle_cup_points`, `reaction_time`, `team_points`, `team_affiliation_id`, `is_personal_best`, `is_season_type_best`)
  VALUES (319455, 1, 1, 0, 0, 817.48, 817.48, 1, 21, 80, 49051, 21480, 841, 35273, 1, '2016-04-13 07:03:48', '2016-04-13 07:03:48', NULL, 0.0, 0.0, 0.0, 1816, 0, 0);

INSERT INTO `meeting_individual_results` (`id`, `rank`, `is_play_off`, `is_out_of_race`, `is_disqualified`, `standard_points`, `meeting_individual_points`, `minutes`, `seconds`, `hundreds`, `meeting_program_id`, `swimmer_id`, `team_id`, `badge_id`, `user_id`, `created_at`, `updated_at`, `disqualification_code_type_id`, `goggle_cup_points`, `reaction_time`, `team_points`, `team_affiliation_id`, `is_personal_best`, `is_season_type_best`)
  VALUES (319456, 2, 1, 0, 0, 690.02, 690.02, 1, 36, 91, 49051, 8293, 837, 46131, 1, '2016-04-13 07:03:48', '2016-04-13 07:03:48', NULL, 0.0, 0.0, 0.0, 1757, 0, 0);

INSERT INTO `meeting_individual_results` (`id`, `rank`, `is_play_off`, `is_out_of_race`, `is_disqualified`, `standard_points`, `meeting_individual_points`, `minutes`, `seconds`, `hundreds`, `meeting_program_id`, `swimmer_id`, `team_id`, `badge_id`, `user_id`, `created_at`, `updated_at`, `disqualification_code_type_id`, `goggle_cup_points`, `reaction_time`, `team_points`, `team_affiliation_id`, `is_personal_best`, `is_season_type_best`)
  VALUES (319457, 1, 1, 0, 0, 814.07, 814.07, 1, 8, 79, 49052, 6990, 757, 38160, 1, '2016-04-13 07:03:48', '2016-04-13 07:03:48', NULL, 0.0, 0.0, 0.0, 1667, 0, 0);

INSERT INTO `meeting_individual_results` (`id`, `rank`, `is_play_off`, `is_out_of_race`, `is_disqualified`, `standard_points`, `meeting_individual_points`, `minutes`, `seconds`, `hundreds`, `meeting_program_id`, `swimmer_id`, `team_id`, `badge_id`, `user_id`, `created_at`, `updated_at`, `disqualification_code_type_id`, `goggle_cup_points`, `reaction_time`, `team_points`, `team_affiliation_id`, `is_personal_best`, `is_season_type_best`)
  VALUES (319458, 2, 1, 0, 0, 741.62, 741.62, 1, 15, 51, 49052, 3658, 119, 35581, 1, '2016-04-13 07:03:48', '2016-04-13 07:03:48', NULL, 0.0, 0.0, 0.0, 1790, 0, 0);

INSERT INTO `meeting_individual_results` (`id`, `rank`, `is_play_off`, `is_out_of_race`, `is_disqualified`, `standard_points`, `meeting_individual_points`, `minutes`, `seconds`, `hundreds`, `meeting_program_id`, `swimmer_id`, `team_id`, `badge_id`, `user_id`, `created_at`, `updated_at`, `disqualification_code_type_id`, `goggle_cup_points`, `reaction_time`, `team_points`, `team_affiliation_id`, `is_personal_best`, `is_season_type_best`)
  VALUES (319459, 1, 1, 0, 0, 636.19, 636.19, 1, 30, 13, 49053, 12441, 920, 43569, 1, '2016-04-13 07:03:48', '2016-04-13 07:03:48', NULL, 0.0, 0.0, 0.0, 2116, 0, 0);

INSERT INTO `meeting_individual_results` (`id`, `rank`, `is_play_off`, `is_out_of_race`, `is_disqualified`, `standard_points`, `meeting_individual_points`, `minutes`, `seconds`, `hundreds`, `meeting_program_id`, `swimmer_id`, `team_id`, `badge_id`, `user_id`, `created_at`, `updated_at`, `disqualification_code_type_id`, `goggle_cup_points`, `reaction_time`, `team_points`, `team_affiliation_id`, `is_personal_best`, `is_season_type_best`)
  VALUES (319460, 1, 1, 0, 0, 855.41, 855.41, 1, 8, 61, 49054, 2521, 116, 35453, 1, '2016-04-13 07:03:48', '2016-04-13 07:03:48', NULL, 0.0, 0.0, 0.0, 1540, 0, 0);

INSERT INTO `meeting_individual_results` (`id`, `rank`, `is_play_off`, `is_out_of_race`, `is_disqualified`, `standard_points`, `meeting_individual_points`, `minutes`, `seconds`, `hundreds`, `meeting_program_id`, `swimmer_id`, `team_id`, `badge_id`, `user_id`, `created_at`, `updated_at`, `disqualification_code_type_id`, `goggle_cup_points`, `reaction_time`, `team_points`, `team_affiliation_id`, `is_personal_best`, `is_season_type_best`)
  VALUES (319461, 2, 1, 0, 0, 662.27, 662.27, 1, 28, 62, 49054, 3665, 119, 43560, 1, '2016-04-13 07:03:48', '2016-04-13 07:03:48', NULL, 0.0, 0.0, 0.0, 1790, 0, 0);

INSERT INTO `meeting_individual_results` (`id`, `rank`, `is_play_off`, `is_out_of_race`, `is_disqualified`, `standard_points`, `meeting_individual_points`, `minutes`, `seconds`, `hundreds`, `meeting_program_id`, `swimmer_id`, `team_id`, `badge_id`, `user_id`, `created_at`, `updated_at`, `disqualification_code_type_id`, `goggle_cup_points`, `reaction_time`, `team_points`, `team_affiliation_id`, `is_personal_best`, `is_season_type_best`)
  VALUES (319462, 1, 1, 0, 0, 709.26, 709.26, 1, 27, 33, 49055, 23825, 920, 43591, 1, '2016-04-13 07:03:48', '2016-04-13 07:03:48', NULL, 0.0, 0.0, 0.0, 2116, 0, 0);

INSERT INTO `meeting_individual_results` (`id`, `rank`, `is_play_off`, `is_out_of_race`, `is_disqualified`, `standard_points`, `meeting_individual_points`, `minutes`, `seconds`, `hundreds`, `meeting_program_id`, `swimmer_id`, `team_id`, `badge_id`, `user_id`, `created_at`, `updated_at`, `disqualification_code_type_id`, `goggle_cup_points`, `reaction_time`, `team_points`, `team_affiliation_id`, `is_personal_best`, `is_season_type_best`)
  VALUES (319463, 1, 1, 0, 0, 685.14, 685.14, 1, 34, 74, 49056, 3333, 837, 44116, 1, '2016-04-13 07:03:48', '2016-04-13 07:03:48', NULL, 0.0, 0.0, 0.0, 1757, 0, 0);

INSERT INTO `meeting_individual_results` (`id`, `rank`, `is_play_off`, `is_out_of_race`, `is_disqualified`, `standard_points`, `meeting_individual_points`, `minutes`, `seconds`, `hundreds`, `meeting_program_id`, `swimmer_id`, `team_id`, `badge_id`, `user_id`, `created_at`, `updated_at`, `disqualification_code_type_id`, `goggle_cup_points`, `reaction_time`, `team_points`, `team_affiliation_id`, `is_personal_best`, `is_season_type_best`)
  VALUES (319464, 1, 1, 0, 0, 843.18, 843.18, 1, 24, 62, 49057, 12411, 920, 46818, 1, '2016-04-13 07:03:49', '2016-04-13 07:03:49', NULL, 0.0, 0.0, 0.0, 2116, 0, 0);

INSERT INTO `meeting_individual_results` (`id`, `rank`, `is_play_off`, `is_out_of_race`, `is_disqualified`, `standard_points`, `meeting_individual_points`, `minutes`, `seconds`, `hundreds`, `meeting_program_id`, `swimmer_id`, `team_id`, `badge_id`, `user_id`, `created_at`, `updated_at`, `disqualification_code_type_id`, `goggle_cup_points`, `reaction_time`, `team_points`, `team_affiliation_id`, `is_personal_best`, `is_season_type_best`)
  VALUES (319465, 1, 1, 0, 0, 723.64, 723.64, 1, 39, 69, 49058, 3398, 213, 36033, 1, '2016-04-13 07:03:49', '2016-04-13 07:03:49', NULL, 0.0, 0.0, 0.0, 1737, 0, 0);

INSERT INTO `meeting_individual_results` (`id`, `rank`, `is_play_off`, `is_out_of_race`, `is_disqualified`, `standard_points`, `meeting_individual_points`, `minutes`, `seconds`, `hundreds`, `meeting_program_id`, `swimmer_id`, `team_id`, `badge_id`, `user_id`, `created_at`, `updated_at`, `disqualification_code_type_id`, `goggle_cup_points`, `reaction_time`, `team_points`, `team_affiliation_id`, `is_personal_best`, `is_season_type_best`)
  VALUES (319466, 1, 1, 0, 0, 817.37, 817.37, 1, 32, 21, 49059, 5080, 920, 43581, 1, '2016-04-13 07:03:49', '2016-04-13 07:03:49', NULL, 0.0, 0.0, 0.0, 2116, 0, 0);

INSERT INTO `meeting_individual_results` (`id`, `rank`, `is_play_off`, `is_out_of_race`, `is_disqualified`, `standard_points`, `meeting_individual_points`, `minutes`, `seconds`, `hundreds`, `meeting_program_id`, `swimmer_id`, `team_id`, `badge_id`, `user_id`, `created_at`, `updated_at`, `disqualification_code_type_id`, `goggle_cup_points`, `reaction_time`, `team_points`, `team_affiliation_id`, `is_personal_best`, `is_season_type_best`)
  VALUES (319467, 1, 1, 0, 0, 709.27, 709.27, 1, 51, 58, 49060, 23819, 381, 43605, 1, '2016-04-13 07:03:49', '2016-04-13 07:03:49', NULL, 0.0, 0.0, 0.0, 2115, 0, 0);

INSERT INTO `meeting_individual_results` (`id`, `rank`, `is_play_off`, `is_out_of_race`, `is_disqualified`, `standard_points`, `meeting_individual_points`, `minutes`, `seconds`, `hundreds`, `meeting_program_id`, `swimmer_id`, `team_id`, `badge_id`, `user_id`, `created_at`, `updated_at`, `disqualification_code_type_id`, `goggle_cup_points`, `reaction_time`, `team_points`, `team_affiliation_id`, `is_personal_best`, `is_season_type_best`)
  VALUES (319468, 1, 1, 0, 0, 659.02, 659.02, 1, 35, 8, 49061, 3413, 213, 34364, 1, '2016-04-13 07:03:49', '2016-04-13 07:03:49', NULL, 0.0, 0.0, 0.0, 1737, 0, 0);

INSERT INTO `meeting_individual_results` (`id`, `rank`, `is_play_off`, `is_out_of_race`, `is_disqualified`, `standard_points`, `meeting_individual_points`, `minutes`, `seconds`, `hundreds`, `meeting_program_id`, `swimmer_id`, `team_id`, `badge_id`, `user_id`, `created_at`, `updated_at`, `disqualification_code_type_id`, `goggle_cup_points`, `reaction_time`, `team_points`, `team_affiliation_id`, `is_personal_best`, `is_season_type_best`)
  VALUES (319469, 1, 1, 0, 0, 699.12, 699.12, 1, 31, 0, 49062, 13530, 798, 41011, 1, '2016-04-13 07:03:49', '2016-04-13 07:03:49', NULL, 0.0, 0.0, 0.0, 1999, 0, 0);

INSERT INTO `meeting_individual_results` (`id`, `rank`, `is_play_off`, `is_out_of_race`, `is_disqualified`, `standard_points`, `meeting_individual_points`, `minutes`, `seconds`, `hundreds`, `meeting_program_id`, `swimmer_id`, `team_id`, `badge_id`, `user_id`, `created_at`, `updated_at`, `disqualification_code_type_id`, `goggle_cup_points`, `reaction_time`, `team_points`, `team_affiliation_id`, `is_personal_best`, `is_season_type_best`)
  VALUES (319470, 1, 1, 0, 0, 672.73, 672.73, 1, 36, 68, 49063, 3669, 192, 46819, 1, '2016-04-13 07:03:49', '2016-04-13 07:03:49', NULL, 0.0, 0.0, 0.0, 1803, 0, 0);

INSERT INTO `meeting_individual_results` (`id`, `rank`, `is_play_off`, `is_out_of_race`, `is_disqualified`, `standard_points`, `meeting_individual_points`, `minutes`, `seconds`, `hundreds`, `meeting_program_id`, `swimmer_id`, `team_id`, `badge_id`, `user_id`, `created_at`, `updated_at`, `disqualification_code_type_id`, `goggle_cup_points`, `reaction_time`, `team_points`, `team_affiliation_id`, `is_personal_best`, `is_season_type_best`)
  VALUES (319471, 2, 1, 0, 0, 654.46, 654.46, 1, 39, 38, 49063, 12408, 845, 35476, 1, '2016-04-13 07:03:49', '2016-04-13 07:03:49', NULL, 0.0, 0.0, 0.0, 1820, 0, 0);

INSERT INTO `meeting_individual_results` (`id`, `rank`, `is_play_off`, `is_out_of_race`, `is_disqualified`, `standard_points`, `meeting_individual_points`, `minutes`, `seconds`, `hundreds`, `meeting_program_id`, `swimmer_id`, `team_id`, `badge_id`, `user_id`, `created_at`, `updated_at`, `disqualification_code_type_id`, `goggle_cup_points`, `reaction_time`, `team_points`, `team_affiliation_id`, `is_personal_best`, `is_season_type_best`)
  VALUES (319472, 1, 1, 0, 0, 642.39, 642.39, 1, 47, 63, 49064, 24930, 920, 46820, 1, '2016-04-13 07:03:49', '2016-04-13 07:03:49', NULL, 0.0, 0.0, 0.0, 2116, 0, 0);

INSERT INTO `meeting_individual_results` (`id`, `rank`, `is_play_off`, `is_out_of_race`, `is_disqualified`, `standard_points`, `meeting_individual_points`, `minutes`, `seconds`, `hundreds`, `meeting_program_id`, `swimmer_id`, `team_id`, `badge_id`, `user_id`, `created_at`, `updated_at`, `disqualification_code_type_id`, `goggle_cup_points`, `reaction_time`, `team_points`, `team_affiliation_id`, `is_personal_best`, `is_season_type_best`)
  VALUES (319473, 1, 1, 0, 0, 879.11, 879.11, 1, 21, 48, 49065, 21546, 428, 36092, 1, '2016-04-13 07:03:49', '2016-04-13 07:03:49', NULL, 0.0, 0.0, 0.0, 1786, 0, 0);

INSERT INTO `meeting_individual_results` (`id`, `rank`, `is_play_off`, `is_out_of_race`, `is_disqualified`, `standard_points`, `meeting_individual_points`, `minutes`, `seconds`, `hundreds`, `meeting_program_id`, `swimmer_id`, `team_id`, `badge_id`, `user_id`, `created_at`, `updated_at`, `disqualification_code_type_id`, `goggle_cup_points`, `reaction_time`, `team_points`, `team_affiliation_id`, `is_personal_best`, `is_season_type_best`)
  VALUES (319474, 1, 1, 0, 0, 659.92, 659.92, 1, 59, 9, 49066, 3532, 119, 35403, 1, '2016-04-13 07:03:49', '2016-04-13 07:03:49', NULL, 0.0, 0.0, 0.0, 1790, 0, 0);

INSERT INTO `meeting_individual_results` (`id`, `rank`, `is_play_off`, `is_out_of_race`, `is_disqualified`, `standard_points`, `meeting_individual_points`, `minutes`, `seconds`, `hundreds`, `meeting_program_id`, `swimmer_id`, `team_id`, `badge_id`, `user_id`, `created_at`, `updated_at`, `disqualification_code_type_id`, `goggle_cup_points`, `reaction_time`, `team_points`, `team_affiliation_id`, `is_personal_best`, `is_season_type_best`)
  VALUES (319475, 1, 1, 0, 0, 0.0, 0.0, 1, 14, 94, 49067, 21444, 845, 35512, 1, '2016-04-13 07:03:49', '2016-04-13 07:03:49', NULL, 0.0, 0.0, 0.0, 1820, 0, 0);

INSERT INTO `meeting_individual_results` (`id`, `rank`, `is_play_off`, `is_out_of_race`, `is_disqualified`, `standard_points`, `meeting_individual_points`, `minutes`, `seconds`, `hundreds`, `meeting_program_id`, `swimmer_id`, `team_id`, `badge_id`, `user_id`, `created_at`, `updated_at`, `disqualification_code_type_id`, `goggle_cup_points`, `reaction_time`, `team_points`, `team_affiliation_id`, `is_personal_best`, `is_season_type_best`)
  VALUES (319476, 1, 1, 0, 0, 820.73, 820.73, 1, 8, 50, 49068, 21448, 841, 35324, 1, '2016-04-13 07:03:49', '2016-04-13 07:03:49', NULL, 0.0, 0.0, 0.0, 1816, 0, 0);

INSERT INTO `meeting_individual_results` (`id`, `rank`, `is_play_off`, `is_out_of_race`, `is_disqualified`, `standard_points`, `meeting_individual_points`, `minutes`, `seconds`, `hundreds`, `meeting_program_id`, `swimmer_id`, `team_id`, `badge_id`, `user_id`, `created_at`, `updated_at`, `disqualification_code_type_id`, `goggle_cup_points`, `reaction_time`, `team_points`, `team_affiliation_id`, `is_personal_best`, `is_season_type_best`)
  VALUES (319477, 2, 1, 0, 0, 716.54, 716.54, 1, 18, 46, 49068, 19312, 757, 35407, 1, '2016-04-13 07:03:50', '2016-04-13 07:03:50', NULL, 0.0, 0.0, 0.0, 1667, 0, 0);

INSERT INTO `meeting_individual_results` (`id`, `rank`, `is_play_off`, `is_out_of_race`, `is_disqualified`, `standard_points`, `meeting_individual_points`, `minutes`, `seconds`, `hundreds`, `meeting_program_id`, `swimmer_id`, `team_id`, `badge_id`, `user_id`, `created_at`, `updated_at`, `disqualification_code_type_id`, `goggle_cup_points`, `reaction_time`, `team_points`, `team_affiliation_id`, `is_personal_best`, `is_season_type_best`)
  VALUES (319478, 3, 1, 0, 0, 696.57, 696.57, 1, 20, 71, 49068, 21447, 841, 35541, 1, '2016-04-13 07:03:50', '2016-04-13 07:03:50', NULL, 0.0, 0.0, 0.0, 1816, 0, 0);

INSERT INTO `meeting_individual_results` (`id`, `rank`, `is_play_off`, `is_out_of_race`, `is_disqualified`, `standard_points`, `meeting_individual_points`, `minutes`, `seconds`, `hundreds`, `meeting_program_id`, `swimmer_id`, `team_id`, `badge_id`, `user_id`, `created_at`, `updated_at`, `disqualification_code_type_id`, `goggle_cup_points`, `reaction_time`, `team_points`, `team_affiliation_id`, `is_personal_best`, `is_season_type_best`)
  VALUES (319479, 1, 1, 0, 0, 829.21, 829.21, 1, 9, 91, 49069, 17441, 249, 36110, 1, '2016-04-13 07:03:50', '2016-04-13 07:03:50', NULL, 0.0, 0.0, 0.0, 1651, 0, 0);

INSERT INTO `meeting_individual_results` (`id`, `rank`, `is_play_off`, `is_out_of_race`, `is_disqualified`, `standard_points`, `meeting_individual_points`, `minutes`, `seconds`, `hundreds`, `meeting_program_id`, `swimmer_id`, `team_id`, `badge_id`, `user_id`, `created_at`, `updated_at`, `disqualification_code_type_id`, `goggle_cup_points`, `reaction_time`, `team_points`, `team_affiliation_id`, `is_personal_best`, `is_season_type_best`)
  VALUES (319480, 1, 1, 0, 0, 807.79, 807.79, 1, 12, 94, 49070, 2578, 829, 33535, 1, '2016-04-13 07:03:50', '2016-04-13 07:03:50', NULL, 0.0, 0.0, 0.0, 1672, 0, 0);

INSERT INTO `meeting_individual_results` (`id`, `rank`, `is_play_off`, `is_out_of_race`, `is_disqualified`, `standard_points`, `meeting_individual_points`, `minutes`, `seconds`, `hundreds`, `meeting_program_id`, `swimmer_id`, `team_id`, `badge_id`, `user_id`, `created_at`, `updated_at`, `disqualification_code_type_id`, `goggle_cup_points`, `reaction_time`, `team_points`, `team_affiliation_id`, `is_personal_best`, `is_season_type_best`)
  VALUES (319481, 1, 1, 0, 0, 645.51, 645.51, 1, 36, 11, 49071, 21443, 841, 35421, 1, '2016-04-13 07:03:50', '2016-04-13 07:03:50', NULL, 0.0, 0.0, 0.0, 1816, 0, 0);

INSERT INTO `meeting_individual_results` (`id`, `rank`, `is_play_off`, `is_out_of_race`, `is_disqualified`, `standard_points`, `meeting_individual_points`, `minutes`, `seconds`, `hundreds`, `meeting_program_id`, `swimmer_id`, `team_id`, `badge_id`, `user_id`, `created_at`, `updated_at`, `disqualification_code_type_id`, `goggle_cup_points`, `reaction_time`, `team_points`, `team_affiliation_id`, `is_personal_best`, `is_season_type_best`)
  VALUES (319482, 1, 1, 0, 0, 1163.45, 1163.45, 1, 7, 36, 49072, 10939, 526, 35348, 1, '2016-04-13 07:03:50', '2016-04-13 07:03:50', NULL, 0.0, 0.0, 0.0, 1795, 0, 0);

INSERT INTO `meeting_individual_results` (`id`, `rank`, `is_play_off`, `is_out_of_race`, `is_disqualified`, `standard_points`, `meeting_individual_points`, `minutes`, `seconds`, `hundreds`, `meeting_program_id`, `swimmer_id`, `team_id`, `badge_id`, `user_id`, `created_at`, `updated_at`, `disqualification_code_type_id`, `goggle_cup_points`, `reaction_time`, `team_points`, `team_affiliation_id`, `is_personal_best`, `is_season_type_best`)
  VALUES (319483, 1, 1, 0, 0, 774.57, 774.57, 1, 3, 70, 49073, 22630, 428, 40078, 1, '2016-04-13 07:03:50', '2016-04-13 07:03:50', NULL, 0.0, 0.0, 0.0, 1786, 0, 0);

INSERT INTO `meeting_individual_results` (`id`, `rank`, `is_play_off`, `is_out_of_race`, `is_disqualified`, `standard_points`, `meeting_individual_points`, `minutes`, `seconds`, `hundreds`, `meeting_program_id`, `swimmer_id`, `team_id`, `badge_id`, `user_id`, `created_at`, `updated_at`, `disqualification_code_type_id`, `goggle_cup_points`, `reaction_time`, `team_points`, `team_affiliation_id`, `is_personal_best`, `is_season_type_best`)
  VALUES (319484, 2, 1, 0, 0, 751.1, 751.1, 1, 5, 69, 49073, 23816, 841, 43564, 1, '2016-04-13 07:03:50', '2016-04-13 07:03:50', NULL, 0.0, 0.0, 0.0, 1816, 0, 0);

INSERT INTO `meeting_individual_results` (`id`, `rank`, `is_play_off`, `is_out_of_race`, `is_disqualified`, `standard_points`, `meeting_individual_points`, `minutes`, `seconds`, `hundreds`, `meeting_program_id`, `swimmer_id`, `team_id`, `badge_id`, `user_id`, `created_at`, `updated_at`, `disqualification_code_type_id`, `goggle_cup_points`, `reaction_time`, `team_points`, `team_affiliation_id`, `is_personal_best`, `is_season_type_best`)
  VALUES (319485, 1, 1, 0, 0, 796.48, 796.48, 1, 2, 50, 49074, 21469, 119, 35435, 1, '2016-04-13 07:03:50', '2016-04-13 07:03:50', NULL, 0.0, 0.0, 0.0, 1790, 0, 0);

INSERT INTO `meeting_individual_results` (`id`, `rank`, `is_play_off`, `is_out_of_race`, `is_disqualified`, `standard_points`, `meeting_individual_points`, `minutes`, `seconds`, `hundreds`, `meeting_program_id`, `swimmer_id`, `team_id`, `badge_id`, `user_id`, `created_at`, `updated_at`, `disqualification_code_type_id`, `goggle_cup_points`, `reaction_time`, `team_points`, `team_affiliation_id`, `is_personal_best`, `is_season_type_best`)
  VALUES (319486, 2, 1, 0, 0, 756.53, 756.53, 1, 5, 80, 49074, 21437, 841, 35550, 1, '2016-04-13 07:03:50', '2016-04-13 07:03:50', NULL, 0.0, 0.0, 0.0, 1816, 0, 0);

INSERT INTO `meeting_individual_results` (`id`, `rank`, `is_play_off`, `is_out_of_race`, `is_disqualified`, `standard_points`, `meeting_individual_points`, `minutes`, `seconds`, `hundreds`, `meeting_program_id`, `swimmer_id`, `team_id`, `badge_id`, `user_id`, `created_at`, `updated_at`, `disqualification_code_type_id`, `goggle_cup_points`, `reaction_time`, `team_points`, `team_affiliation_id`, `is_personal_best`, `is_season_type_best`)
  VALUES (319487, 3, 1, 0, 0, 732.71, 732.71, 1, 7, 94, 49074, 22013, 757, 38161, 1, '2016-04-13 07:03:50', '2016-04-13 07:03:50', NULL, 0.0, 0.0, 0.0, 1667, 0, 0);

INSERT INTO `meeting_individual_results` (`id`, `rank`, `is_play_off`, `is_out_of_race`, `is_disqualified`, `standard_points`, `meeting_individual_points`, `minutes`, `seconds`, `hundreds`, `meeting_program_id`, `swimmer_id`, `team_id`, `badge_id`, `user_id`, `created_at`, `updated_at`, `disqualification_code_type_id`, `goggle_cup_points`, `reaction_time`, `team_points`, `team_affiliation_id`, `is_personal_best`, `is_season_type_best`)
  VALUES (319488, 4, 1, 0, 0, 730.34, 730.34, 1, 8, 16, 49074, 6878, 757, 46821, 1, '2016-04-13 07:03:50', '2016-04-13 07:03:50', NULL, 0.0, 0.0, 0.0, 1667, 0, 0);

INSERT INTO `meeting_individual_results` (`id`, `rank`, `is_play_off`, `is_out_of_race`, `is_disqualified`, `standard_points`, `meeting_individual_points`, `minutes`, `seconds`, `hundreds`, `meeting_program_id`, `swimmer_id`, `team_id`, `badge_id`, `user_id`, `created_at`, `updated_at`, `disqualification_code_type_id`, `goggle_cup_points`, `reaction_time`, `team_points`, `team_affiliation_id`, `is_personal_best`, `is_season_type_best`)
  VALUES (319489, 5, 1, 0, 0, 635.6, 635.6, 1, 18, 32, 49074, 15650, 757, 38164, 1, '2016-04-13 07:03:50', '2016-04-13 07:03:50', NULL, 0.0, 0.0, 0.0, 1667, 0, 0);

INSERT INTO `meeting_individual_results` (`id`, `rank`, `is_play_off`, `is_out_of_race`, `is_disqualified`, `standard_points`, `meeting_individual_points`, `minutes`, `seconds`, `hundreds`, `meeting_program_id`, `swimmer_id`, `team_id`, `badge_id`, `user_id`, `created_at`, `updated_at`, `disqualification_code_type_id`, `goggle_cup_points`, `reaction_time`, `team_points`, `team_affiliation_id`, `is_personal_best`, `is_season_type_best`)
  VALUES (319490, 1, 1, 0, 0, 680.74, 680.74, 1, 14, 86, 49075, 24927, 841, 46822, 1, '2016-04-13 07:03:50', '2016-04-13 07:03:50', NULL, 0.0, 0.0, 0.0, 1816, 0, 0);

INSERT INTO `meeting_individual_results` (`id`, `rank`, `is_play_off`, `is_out_of_race`, `is_disqualified`, `standard_points`, `meeting_individual_points`, `minutes`, `seconds`, `hundreds`, `meeting_program_id`, `swimmer_id`, `team_id`, `badge_id`, `user_id`, `created_at`, `updated_at`, `disqualification_code_type_id`, `goggle_cup_points`, `reaction_time`, `team_points`, `team_affiliation_id`, `is_personal_best`, `is_season_type_best`)
  VALUES (319491, 1, 1, 0, 0, 718.33, 718.33, 1, 12, 14, 49076, 21471, 841, 35462, 1, '2016-04-13 07:03:51', '2016-04-13 07:03:51', NULL, 0.0, 0.0, 0.0, 1816, 0, 0);

INSERT INTO `meeting_individual_results` (`id`, `rank`, `is_play_off`, `is_out_of_race`, `is_disqualified`, `standard_points`, `meeting_individual_points`, `minutes`, `seconds`, `hundreds`, `meeting_program_id`, `swimmer_id`, `team_id`, `badge_id`, `user_id`, `created_at`, `updated_at`, `disqualification_code_type_id`, `goggle_cup_points`, `reaction_time`, `team_points`, `team_affiliation_id`, `is_personal_best`, `is_season_type_best`)
  VALUES (319492, 2, 1, 0, 0, 688.09, 688.09, 1, 15, 31, 49076, 21483, 841, 35587, 1, '2016-04-13 07:03:51', '2016-04-13 07:03:51', NULL, 0.0, 0.0, 0.0, 1816, 0, 0);

INSERT INTO `meeting_individual_results` (`id`, `rank`, `is_play_off`, `is_out_of_race`, `is_disqualified`, `standard_points`, `meeting_individual_points`, `minutes`, `seconds`, `hundreds`, `meeting_program_id`, `swimmer_id`, `team_id`, `badge_id`, `user_id`, `created_at`, `updated_at`, `disqualification_code_type_id`, `goggle_cup_points`, `reaction_time`, `team_points`, `team_affiliation_id`, `is_personal_best`, `is_season_type_best`)
  VALUES (319493, 1, 1, 0, 0, 883.5, 883.5, 1, 0, 0, 49077, 3628, 116, 40562, 1, '2016-04-13 07:03:51', '2016-04-13 07:03:51', NULL, 0.0, 0.0, 0.0, 1540, 0, 0);

INSERT INTO `meeting_individual_results` (`id`, `rank`, `is_play_off`, `is_out_of_race`, `is_disqualified`, `standard_points`, `meeting_individual_points`, `minutes`, `seconds`, `hundreds`, `meeting_program_id`, `swimmer_id`, `team_id`, `badge_id`, `user_id`, `created_at`, `updated_at`, `disqualification_code_type_id`, `goggle_cup_points`, `reaction_time`, `team_points`, `team_affiliation_id`, `is_personal_best`, `is_season_type_best`)
  VALUES (319494, 2, 1, 0, 0, 804.28, 804.28, 1, 5, 91, 49077, 7002, 845, 35470, 1, '2016-04-13 07:03:51', '2016-04-13 07:03:51', NULL, 0.0, 0.0, 0.0, 1820, 0, 0);

INSERT INTO `meeting_individual_results` (`id`, `rank`, `is_play_off`, `is_out_of_race`, `is_disqualified`, `standard_points`, `meeting_individual_points`, `minutes`, `seconds`, `hundreds`, `meeting_program_id`, `swimmer_id`, `team_id`, `badge_id`, `user_id`, `created_at`, `updated_at`, `disqualification_code_type_id`, `goggle_cup_points`, `reaction_time`, `team_points`, `team_affiliation_id`, `is_personal_best`, `is_season_type_best`)
  VALUES (319495, 3, 1, 0, 0, 622.84, 622.84, 1, 25, 11, 49077, 6931, 757, 33156, 1, '2016-04-13 07:03:51', '2016-04-13 07:03:51', NULL, 0.0, 0.0, 0.0, 1667, 0, 0);

INSERT INTO `meeting_individual_results` (`id`, `rank`, `is_play_off`, `is_out_of_race`, `is_disqualified`, `standard_points`, `meeting_individual_points`, `minutes`, `seconds`, `hundreds`, `meeting_program_id`, `swimmer_id`, `team_id`, `badge_id`, `user_id`, `created_at`, `updated_at`, `disqualification_code_type_id`, `goggle_cup_points`, `reaction_time`, `team_points`, `team_affiliation_id`, `is_personal_best`, `is_season_type_best`)
  VALUES (319496, 1, 1, 0, 0, 668.18, 668.18, 1, 21, 76, 49078, 15649, 845, 43592, 1, '2016-04-13 07:03:51', '2016-04-13 07:03:51', NULL, 0.0, 0.0, 0.0, 1820, 0, 0);

INSERT INTO `meeting_individual_results` (`id`, `rank`, `is_play_off`, `is_out_of_race`, `is_disqualified`, `standard_points`, `meeting_individual_points`, `minutes`, `seconds`, `hundreds`, `meeting_program_id`, `swimmer_id`, `team_id`, `badge_id`, `user_id`, `created_at`, `updated_at`, `disqualification_code_type_id`, `goggle_cup_points`, `reaction_time`, `team_points`, `team_affiliation_id`, `is_personal_best`, `is_season_type_best`)
  VALUES (319497, 2, 1, 0, 0, 583.72, 583.72, 1, 33, 59, 49078, 21438, 192, 35535, 1, '2016-04-13 07:03:51', '2016-04-13 07:03:51', NULL, 0.0, 0.0, 0.0, 1803, 0, 0);

INSERT INTO `meeting_individual_results` (`id`, `rank`, `is_play_off`, `is_out_of_race`, `is_disqualified`, `standard_points`, `meeting_individual_points`, `minutes`, `seconds`, `hundreds`, `meeting_program_id`, `swimmer_id`, `team_id`, `badge_id`, `user_id`, `created_at`, `updated_at`, `disqualification_code_type_id`, `goggle_cup_points`, `reaction_time`, `team_points`, `team_affiliation_id`, `is_personal_best`, `is_season_type_best`)
  VALUES (319498, 1, 1, 0, 0, 807.13, 807.13, 1, 10, 15, 49079, 10709, 920, 45258, 1, '2016-04-13 07:03:51', '2016-04-13 07:03:51', NULL, 0.0, 0.0, 0.0, 2116, 0, 0);

INSERT INTO `meeting_individual_results` (`id`, `rank`, `is_play_off`, `is_out_of_race`, `is_disqualified`, `standard_points`, `meeting_individual_points`, `minutes`, `seconds`, `hundreds`, `meeting_program_id`, `swimmer_id`, `team_id`, `badge_id`, `user_id`, `created_at`, `updated_at`, `disqualification_code_type_id`, `goggle_cup_points`, `reaction_time`, `team_points`, `team_affiliation_id`, `is_personal_best`, `is_season_type_best`)
  VALUES (319499, 2, 1, 0, 0, 696.95, 696.95, 1, 21, 24, 49079, 23827, 119, 43576, 1, '2016-04-13 07:03:51', '2016-04-13 07:03:51', NULL, 0.0, 0.0, 0.0, 1790, 0, 0);

INSERT INTO `meeting_individual_results` (`id`, `rank`, `is_play_off`, `is_out_of_race`, `is_disqualified`, `standard_points`, `meeting_individual_points`, `minutes`, `seconds`, `hundreds`, `meeting_program_id`, `swimmer_id`, `team_id`, `badge_id`, `user_id`, `created_at`, `updated_at`, `disqualification_code_type_id`, `goggle_cup_points`, `reaction_time`, `team_points`, `team_affiliation_id`, `is_personal_best`, `is_season_type_best`)
  VALUES (319500, 1, 1, 0, 0, 773.51, 773.51, 1, 18, 81, 49080, 24184, 837, 44904, 1, '2016-04-13 07:03:51', '2016-04-13 07:03:51', NULL, 0.0, 0.0, 0.0, 1757, 0, 0);

INSERT INTO `meeting_individual_results` (`id`, `rank`, `is_play_off`, `is_out_of_race`, `is_disqualified`, `standard_points`, `meeting_individual_points`, `minutes`, `seconds`, `hundreds`, `meeting_program_id`, `swimmer_id`, `team_id`, `badge_id`, `user_id`, `created_at`, `updated_at`, `disqualification_code_type_id`, `goggle_cup_points`, `reaction_time`, `team_points`, `team_affiliation_id`, `is_personal_best`, `is_season_type_best`)
  VALUES (319501, 1, 1, 0, 0, 0.0, 0.0, 1, 13, 50, 49081, 23828, 845, 43595, 1, '2016-04-13 07:03:51', '2016-04-13 07:03:51', NULL, 0.0, 0.0, 0.0, 1820, 0, 0);

INSERT INTO `meeting_individual_results` (`id`, `rank`, `is_play_off`, `is_out_of_race`, `is_disqualified`, `standard_points`, `meeting_individual_points`, `minutes`, `seconds`, `hundreds`, `meeting_program_id`, `swimmer_id`, `team_id`, `badge_id`, `user_id`, `created_at`, `updated_at`, `disqualification_code_type_id`, `goggle_cup_points`, `reaction_time`, `team_points`, `team_affiliation_id`, `is_personal_best`, `is_season_type_best`)
  VALUES (319502, 1, 1, 0, 0, 759.15, 759.15, 23, 1, 50, 49082, 3835, 201, 46823, 1, '2016-04-13 07:03:51', '2016-04-13 07:03:51', NULL, 0.0, 0.0, 0.0, 1717, 0, 0);

INSERT INTO `meeting_individual_results` (`id`, `rank`, `is_play_off`, `is_out_of_race`, `is_disqualified`, `standard_points`, `meeting_individual_points`, `minutes`, `seconds`, `hundreds`, `meeting_program_id`, `swimmer_id`, `team_id`, `badge_id`, `user_id`, `created_at`, `updated_at`, `disqualification_code_type_id`, `goggle_cup_points`, `reaction_time`, `team_points`, `team_affiliation_id`, `is_personal_best`, `is_season_type_best`)
  VALUES (319503, 2, 1, 0, 0, 746.97, 746.97, 23, 24, 2, 49082, 8212, 844, 35331, 1, '2016-04-13 07:03:51', '2016-04-13 07:03:51', NULL, 0.0, 0.0, 0.0, 1819, 0, 0);

INSERT INTO `meeting_individual_results` (`id`, `rank`, `is_play_off`, `is_out_of_race`, `is_disqualified`, `standard_points`, `meeting_individual_points`, `minutes`, `seconds`, `hundreds`, `meeting_program_id`, `swimmer_id`, `team_id`, `badge_id`, `user_id`, `created_at`, `updated_at`, `disqualification_code_type_id`, `goggle_cup_points`, `reaction_time`, `team_points`, `team_affiliation_id`, `is_personal_best`, `is_season_type_best`)
  VALUES (319504, 1, 1, 0, 0, 785.57, 785.57, 22, 21, 84, 49083, 3355, 844, 40892, 1, '2016-04-13 07:03:51', '2016-04-13 07:03:51', NULL, 0.0, 0.0, 0.0, 1819, 0, 0);

INSERT INTO `meeting_individual_results` (`id`, `rank`, `is_play_off`, `is_out_of_race`, `is_disqualified`, `standard_points`, `meeting_individual_points`, `minutes`, `seconds`, `hundreds`, `meeting_program_id`, `swimmer_id`, `team_id`, `badge_id`, `user_id`, `created_at`, `updated_at`, `disqualification_code_type_id`, `goggle_cup_points`, `reaction_time`, `team_points`, `team_affiliation_id`, `is_personal_best`, `is_season_type_best`)
  VALUES (319505, 1, 1, 0, 0, 800.12, 800.12, 23, 11, 39, 49084, 5080, 920, 43581, 1, '2016-04-13 07:03:52', '2016-04-13 07:03:52', NULL, 0.0, 0.0, 0.0, 2116, 0, 0);

INSERT INTO `meeting_individual_results` (`id`, `rank`, `is_play_off`, `is_out_of_race`, `is_disqualified`, `standard_points`, `meeting_individual_points`, `minutes`, `seconds`, `hundreds`, `meeting_program_id`, `swimmer_id`, `team_id`, `badge_id`, `user_id`, `created_at`, `updated_at`, `disqualification_code_type_id`, `goggle_cup_points`, `reaction_time`, `team_points`, `team_affiliation_id`, `is_personal_best`, `is_season_type_best`)
  VALUES (319506, 2, 1, 0, 0, 720.32, 720.32, 25, 45, 53, 49084, 3844, 201, 36041, 1, '2016-04-13 07:03:52', '2016-04-13 07:03:52', NULL, 0.0, 0.0, 0.0, 1717, 0, 0);

INSERT INTO `meeting_individual_results` (`id`, `rank`, `is_play_off`, `is_out_of_race`, `is_disqualified`, `standard_points`, `meeting_individual_points`, `minutes`, `seconds`, `hundreds`, `meeting_program_id`, `swimmer_id`, `team_id`, `badge_id`, `user_id`, `created_at`, `updated_at`, `disqualification_code_type_id`, `goggle_cup_points`, `reaction_time`, `team_points`, `team_affiliation_id`, `is_personal_best`, `is_season_type_best`)
  VALUES (319507, 1, 1, 0, 0, 904.94, 904.94, 20, 52, 24, 49085, 2961, 54, 43625, 1, '2016-04-13 07:03:52', '2016-04-13 07:03:52', NULL, 0.0, 0.0, 0.0, 1572, 0, 0);

INSERT INTO `meeting_individual_results` (`id`, `rank`, `is_play_off`, `is_out_of_race`, `is_disqualified`, `standard_points`, `meeting_individual_points`, `minutes`, `seconds`, `hundreds`, `meeting_program_id`, `swimmer_id`, `team_id`, `badge_id`, `user_id`, `created_at`, `updated_at`, `disqualification_code_type_id`, `goggle_cup_points`, `reaction_time`, `team_points`, `team_affiliation_id`, `is_personal_best`, `is_season_type_best`)
  VALUES (319508, 2, 1, 0, 0, 801.55, 801.55, 23, 33, 76, 49085, 3845, 201, 36043, 1, '2016-04-13 07:03:52', '2016-04-13 07:03:52', NULL, 0.0, 0.0, 0.0, 1717, 0, 0);

INSERT INTO `meeting_individual_results` (`id`, `rank`, `is_play_off`, `is_out_of_race`, `is_disqualified`, `standard_points`, `meeting_individual_points`, `minutes`, `seconds`, `hundreds`, `meeting_program_id`, `swimmer_id`, `team_id`, `badge_id`, `user_id`, `created_at`, `updated_at`, `disqualification_code_type_id`, `goggle_cup_points`, `reaction_time`, `team_points`, `team_affiliation_id`, `is_personal_best`, `is_season_type_best`)
  VALUES (319509, 1, 1, 0, 0, 700.62, 700.62, 22, 58, 97, 49086, 12407, 115, 33472, 1, '2016-04-13 07:03:52', '2016-04-13 07:03:52', NULL, 0.0, 0.0, 0.0, 1598, 0, 0);

INSERT INTO `meeting_individual_results` (`id`, `rank`, `is_play_off`, `is_out_of_race`, `is_disqualified`, `standard_points`, `meeting_individual_points`, `minutes`, `seconds`, `hundreds`, `meeting_program_id`, `swimmer_id`, `team_id`, `badge_id`, `user_id`, `created_at`, `updated_at`, `disqualification_code_type_id`, `goggle_cup_points`, `reaction_time`, `team_points`, `team_affiliation_id`, `is_personal_best`, `is_season_type_best`)
  VALUES (319510, 1, 1, 0, 0, 801.08, 801.08, 20, 14, 25, 49087, 2582, 115, 32800, 1, '2016-04-13 07:03:52', '2016-04-13 07:03:52', NULL, 0.0, 0.0, 0.0, 1598, 0, 0);

INSERT INTO `meeting_individual_results` (`id`, `rank`, `is_play_off`, `is_out_of_race`, `is_disqualified`, `standard_points`, `meeting_individual_points`, `minutes`, `seconds`, `hundreds`, `meeting_program_id`, `swimmer_id`, `team_id`, `badge_id`, `user_id`, `created_at`, `updated_at`, `disqualification_code_type_id`, `goggle_cup_points`, `reaction_time`, `team_points`, `team_affiliation_id`, `is_personal_best`, `is_season_type_best`)
  VALUES (319511, 1, 1, 0, 0, 742.36, 742.36, 21, 48, 44, 49088, 10699, 844, 40636, 1, '2016-04-13 07:03:52', '2016-04-13 07:03:52', NULL, 0.0, 0.0, 0.0, 1819, 0, 0);

INSERT INTO `meeting_individual_results` (`id`, `rank`, `is_play_off`, `is_out_of_race`, `is_disqualified`, `standard_points`, `meeting_individual_points`, `minutes`, `seconds`, `hundreds`, `meeting_program_id`, `swimmer_id`, `team_id`, `badge_id`, `user_id`, `created_at`, `updated_at`, `disqualification_code_type_id`, `goggle_cup_points`, `reaction_time`, `team_points`, `team_affiliation_id`, `is_personal_best`, `is_season_type_best`)
  VALUES (319512, 1, 1, 0, 0, 869.55, 869.55, 18, 54, 63, 49089, 6873, 54, 33381, 1, '2016-04-13 07:03:52', '2016-04-13 07:03:52', NULL, 0.0, 0.0, 0.0, 1572, 0, 0);

INSERT INTO `meeting_individual_results` (`id`, `rank`, `is_play_off`, `is_out_of_race`, `is_disqualified`, `standard_points`, `meeting_individual_points`, `minutes`, `seconds`, `hundreds`, `meeting_program_id`, `swimmer_id`, `team_id`, `badge_id`, `user_id`, `created_at`, `updated_at`, `disqualification_code_type_id`, `goggle_cup_points`, `reaction_time`, `team_points`, `team_affiliation_id`, `is_personal_best`, `is_season_type_best`)
  VALUES (319513, 2, 1, 0, 0, 724.54, 724.54, 22, 41, 72, 49089, 23839, 920, 43626, 1, '2016-04-13 07:03:52', '2016-04-13 07:03:52', NULL, 0.0, 0.0, 0.0, 2116, 0, 0);

INSERT INTO `meeting_individual_results` (`id`, `rank`, `is_play_off`, `is_out_of_race`, `is_disqualified`, `standard_points`, `meeting_individual_points`, `minutes`, `seconds`, `hundreds`, `meeting_program_id`, `swimmer_id`, `team_id`, `badge_id`, `user_id`, `created_at`, `updated_at`, `disqualification_code_type_id`, `goggle_cup_points`, `reaction_time`, `team_points`, `team_affiliation_id`, `is_personal_best`, `is_season_type_best`)
  VALUES (319514, 3, 1, 0, 1, 0.0, 0.0, 0, 0, 0, 49089, 2478, 115, 33642, 1, '2016-04-13 07:03:52', '2016-04-13 07:03:52', 11, 0.0, 0.0, 0.0, 1598, 0, 0);

INSERT INTO `meeting_individual_results` (`id`, `rank`, `is_play_off`, `is_out_of_race`, `is_disqualified`, `standard_points`, `meeting_individual_points`, `minutes`, `seconds`, `hundreds`, `meeting_program_id`, `swimmer_id`, `team_id`, `badge_id`, `user_id`, `created_at`, `updated_at`, `disqualification_code_type_id`, `goggle_cup_points`, `reaction_time`, `team_points`, `team_affiliation_id`, `is_personal_best`, `is_season_type_best`)
  VALUES (319515, 1, 1, 0, 0, 751.5, 751.5, 22, 21, 32, 49090, 15664, 115, 36376, 1, '2016-04-13 07:03:52', '2016-04-13 07:03:52', NULL, 0.0, 0.0, 0.0, 1598, 0, 0);

INSERT INTO `meeting_individual_results` (`id`, `rank`, `is_play_off`, `is_out_of_race`, `is_disqualified`, `standard_points`, `meeting_individual_points`, `minutes`, `seconds`, `hundreds`, `meeting_program_id`, `swimmer_id`, `team_id`, `badge_id`, `user_id`, `created_at`, `updated_at`, `disqualification_code_type_id`, `goggle_cup_points`, `reaction_time`, `team_points`, `team_affiliation_id`, `is_personal_best`, `is_season_type_best`)
  VALUES (319516, 1, 1, 0, 0, 839.48, 839.48, 20, 36, 11, 49091, 20342, 798, 40716, 1, '2016-04-13 07:03:52', '2016-04-13 07:03:52', NULL, 0.0, 0.0, 0.0, 1999, 0, 0);

INSERT INTO `meeting_individual_results` (`id`, `rank`, `is_play_off`, `is_out_of_race`, `is_disqualified`, `standard_points`, `meeting_individual_points`, `minutes`, `seconds`, `hundreds`, `meeting_program_id`, `swimmer_id`, `team_id`, `badge_id`, `user_id`, `created_at`, `updated_at`, `disqualification_code_type_id`, `goggle_cup_points`, `reaction_time`, `team_points`, `team_affiliation_id`, `is_personal_best`, `is_season_type_best`)
  VALUES (319517, 1, 1, 0, 0, 889.83, 889.83, 21, 15, 65, 49092, 12425, 920, 43594, 1, '2016-04-13 07:03:53', '2016-04-13 07:03:53', NULL, 0.0, 0.0, 0.0, 2116, 0, 0);

INSERT INTO `meeting_individual_results` (`id`, `rank`, `is_play_off`, `is_out_of_race`, `is_disqualified`, `standard_points`, `meeting_individual_points`, `minutes`, `seconds`, `hundreds`, `meeting_program_id`, `swimmer_id`, `team_id`, `badge_id`, `user_id`, `created_at`, `updated_at`, `disqualification_code_type_id`, `goggle_cup_points`, `reaction_time`, `team_points`, `team_affiliation_id`, `is_personal_best`, `is_season_type_best`)
  VALUES (319518, 1, 1, 0, 0, 776.79, 776.79, 3, 0, 23, 49093, 8213, 211, 36031, 1, '2016-04-13 07:03:53', '2016-04-13 07:03:53', NULL, 0.0, 0.0, 0.0, 1845, 0, 0);

INSERT INTO `meeting_individual_results` (`id`, `rank`, `is_play_off`, `is_out_of_race`, `is_disqualified`, `standard_points`, `meeting_individual_points`, `minutes`, `seconds`, `hundreds`, `meeting_program_id`, `swimmer_id`, `team_id`, `badge_id`, `user_id`, `created_at`, `updated_at`, `disqualification_code_type_id`, `goggle_cup_points`, `reaction_time`, `team_points`, `team_affiliation_id`, `is_personal_best`, `is_season_type_best`)
  VALUES (319519, 1, 1, 0, 0, 717.75, 717.75, 3, 19, 79, 49094, 12419, 920, 43577, 1, '2016-04-13 07:03:53', '2016-04-13 07:03:53', NULL, 0.0, 0.0, 0.0, 2116, 0, 0);

INSERT INTO `meeting_individual_results` (`id`, `rank`, `is_play_off`, `is_out_of_race`, `is_disqualified`, `standard_points`, `meeting_individual_points`, `minutes`, `seconds`, `hundreds`, `meeting_program_id`, `swimmer_id`, `team_id`, `badge_id`, `user_id`, `created_at`, `updated_at`, `disqualification_code_type_id`, `goggle_cup_points`, `reaction_time`, `team_points`, `team_affiliation_id`, `is_personal_best`, `is_season_type_best`)
  VALUES (319520, 1, 1, 0, 0, 696.82, 696.82, 3, 33, 37, 49095, 3405, 213, 36123, 1, '2016-04-13 07:03:53', '2016-04-13 07:03:53', NULL, 0.0, 0.0, 0.0, 1737, 0, 0);

INSERT INTO `meeting_individual_results` (`id`, `rank`, `is_play_off`, `is_out_of_race`, `is_disqualified`, `standard_points`, `meeting_individual_points`, `minutes`, `seconds`, `hundreds`, `meeting_program_id`, `swimmer_id`, `team_id`, `badge_id`, `user_id`, `created_at`, `updated_at`, `disqualification_code_type_id`, `goggle_cup_points`, `reaction_time`, `team_points`, `team_affiliation_id`, `is_personal_best`, `is_season_type_best`)
  VALUES (319521, 1, 1, 0, 0, 626.07, 626.07, 5, 16, 66, 49096, 10939, 526, 35348, 1, '2016-04-13 07:03:53', '2016-04-13 07:03:53', NULL, 0.0, 0.0, 0.0, 1795, 0, 0);

INSERT INTO `meeting_individual_results` (`id`, `rank`, `is_play_off`, `is_out_of_race`, `is_disqualified`, `standard_points`, `meeting_individual_points`, `minutes`, `seconds`, `hundreds`, `meeting_program_id`, `swimmer_id`, `team_id`, `badge_id`, `user_id`, `created_at`, `updated_at`, `disqualification_code_type_id`, `goggle_cup_points`, `reaction_time`, `team_points`, `team_affiliation_id`, `is_personal_best`, `is_season_type_best`)
  VALUES (319522, 1, 1, 0, 0, 938.5, 938.5, 2, 31, 55, 49097, 21546, 428, 36092, 1, '2016-04-13 07:03:53', '2016-04-13 07:03:53', NULL, 0.0, 0.0, 0.0, 1786, 0, 0);

INSERT INTO `meeting_individual_results` (`id`, `rank`, `is_play_off`, `is_out_of_race`, `is_disqualified`, `standard_points`, `meeting_individual_points`, `minutes`, `seconds`, `hundreds`, `meeting_program_id`, `swimmer_id`, `team_id`, `badge_id`, `user_id`, `created_at`, `updated_at`, `disqualification_code_type_id`, `goggle_cup_points`, `reaction_time`, `team_points`, `team_affiliation_id`, `is_personal_best`, `is_season_type_best`)
  VALUES (319523, 1, 1, 0, 0, 745.75, 745.75, 3, 12, 25, 49098, 17441, 249, 36110, 1, '2016-04-13 07:03:53', '2016-04-13 07:03:53', NULL, 0.0, 0.0, 0.0, 1651, 0, 0);

INSERT INTO `meeting_individual_results` (`id`, `rank`, `is_play_off`, `is_out_of_race`, `is_disqualified`, `standard_points`, `meeting_individual_points`, `minutes`, `seconds`, `hundreds`, `meeting_program_id`, `swimmer_id`, `team_id`, `badge_id`, `user_id`, `created_at`, `updated_at`, `disqualification_code_type_id`, `goggle_cup_points`, `reaction_time`, `team_points`, `team_affiliation_id`, `is_personal_best`, `is_season_type_best`)
  VALUES (319524, 1, 1, 0, 0, 819.96, 819.96, 2, 58, 13, 49099, 10850, 920, 43555, 1, '2016-04-13 07:03:53', '2016-04-13 07:03:53', NULL, 0.0, 0.0, 0.0, 2116, 0, 0);

INSERT INTO `meeting_individual_results` (`id`, `rank`, `is_play_off`, `is_out_of_race`, `is_disqualified`, `standard_points`, `meeting_individual_points`, `minutes`, `seconds`, `hundreds`, `meeting_program_id`, `swimmer_id`, `team_id`, `badge_id`, `user_id`, `created_at`, `updated_at`, `disqualification_code_type_id`, `goggle_cup_points`, `reaction_time`, `team_points`, `team_affiliation_id`, `is_personal_best`, `is_season_type_best`)
  VALUES (319525, 2, 1, 0, 0, 562.37, 562.37, 4, 19, 72, 49099, 8292, 211, 36037, 1, '2016-04-13 07:03:53', '2016-04-13 07:03:53', NULL, 0.0, 0.0, 0.0, 1845, 0, 0);

INSERT INTO `meeting_individual_results` (`id`, `rank`, `is_play_off`, `is_out_of_race`, `is_disqualified`, `standard_points`, `meeting_individual_points`, `minutes`, `seconds`, `hundreds`, `meeting_program_id`, `swimmer_id`, `team_id`, `badge_id`, `user_id`, `created_at`, `updated_at`, `disqualification_code_type_id`, `goggle_cup_points`, `reaction_time`, `team_points`, `team_affiliation_id`, `is_personal_best`, `is_season_type_best`)
  VALUES (319526, 1, 1, 0, 0, 752.61, 752.61, 2, 48, 28, 49100, 23814, 920, 43570, 1, '2016-04-13 07:03:53', '2016-04-13 07:03:53', NULL, 0.0, 0.0, 0.0, 2116, 0, 0);

INSERT INTO `meeting_individual_results` (`id`, `rank`, `is_play_off`, `is_out_of_race`, `is_disqualified`, `standard_points`, `meeting_individual_points`, `minutes`, `seconds`, `hundreds`, `meeting_program_id`, `swimmer_id`, `team_id`, `badge_id`, `user_id`, `created_at`, `updated_at`, `disqualification_code_type_id`, `goggle_cup_points`, `reaction_time`, `team_points`, `team_affiliation_id`, `is_personal_best`, `is_season_type_best`)
  VALUES (319527, 1, 1, 0, 0, 665.64, 665.64, 3, 24, 21, 49101, 3610, 211, 36088, 1, '2016-04-13 07:03:53', '2016-04-13 07:03:53', NULL, 0.0, 0.0, 0.0, 1845, 0, 0);

INSERT INTO `meeting_individual_results` (`id`, `rank`, `is_play_off`, `is_out_of_race`, `is_disqualified`, `standard_points`, `meeting_individual_points`, `minutes`, `seconds`, `hundreds`, `meeting_program_id`, `swimmer_id`, `team_id`, `badge_id`, `user_id`, `created_at`, `updated_at`, `disqualification_code_type_id`, `goggle_cup_points`, `reaction_time`, `team_points`, `team_affiliation_id`, `is_personal_best`, `is_season_type_best`)
  VALUES (319528, 1, 1, 0, 0, 744.59, 744.59, 3, 13, 18, 49102, 8320, 428, 36094, 1, '2016-04-13 07:03:53', '2016-04-13 07:03:53', NULL, 0.0, 0.0, 0.0, 1786, 0, 0);

INSERT INTO `meeting_individual_results` (`id`, `rank`, `is_play_off`, `is_out_of_race`, `is_disqualified`, `standard_points`, `meeting_individual_points`, `minutes`, `seconds`, `hundreds`, `meeting_program_id`, `swimmer_id`, `team_id`, `badge_id`, `user_id`, `created_at`, `updated_at`, `disqualification_code_type_id`, `goggle_cup_points`, `reaction_time`, `team_points`, `team_affiliation_id`, `is_personal_best`, `is_season_type_best`)
  VALUES (319529, 1, 1, 0, 0, 947.56, 947.56, 2, 42, 84, 49103, 3449, 89, 36171, 1, '2016-04-13 07:03:53', '2016-04-13 07:03:53', NULL, 0.0, 0.0, 0.0, 1543, 0, 0);

INSERT INTO `meeting_individual_results` (`id`, `rank`, `is_play_off`, `is_out_of_race`, `is_disqualified`, `standard_points`, `meeting_individual_points`, `minutes`, `seconds`, `hundreds`, `meeting_program_id`, `swimmer_id`, `team_id`, `badge_id`, `user_id`, `created_at`, `updated_at`, `disqualification_code_type_id`, `goggle_cup_points`, `reaction_time`, `team_points`, `team_affiliation_id`, `is_personal_best`, `is_season_type_best`)
  VALUES (319530, 1, 1, 0, 0, 811.52, 811.52, 2, 53, 55, 49104, 15677, 920, 43554, 1, '2016-04-13 07:03:53', '2016-04-13 07:03:53', NULL, 0.0, 0.0, 0.0, 2116, 0, 0);

INSERT INTO `meeting_individual_results` (`id`, `rank`, `is_play_off`, `is_out_of_race`, `is_disqualified`, `standard_points`, `meeting_individual_points`, `minutes`, `seconds`, `hundreds`, `meeting_program_id`, `swimmer_id`, `team_id`, `badge_id`, `user_id`, `created_at`, `updated_at`, `disqualification_code_type_id`, `goggle_cup_points`, `reaction_time`, `team_points`, `team_affiliation_id`, `is_personal_best`, `is_season_type_best`)
  VALUES (319531, 1, 1, 0, 0, 780.6, 780.6, 3, 6, 5, 49105, 12426, 920, 46824, 1, '2016-04-13 07:03:54', '2016-04-13 07:03:54', NULL, 0.0, 0.0, 0.0, 2116, 0, 0);

INSERT INTO `meeting_individual_results` (`id`, `rank`, `is_play_off`, `is_out_of_race`, `is_disqualified`, `standard_points`, `meeting_individual_points`, `minutes`, `seconds`, `hundreds`, `meeting_program_id`, `swimmer_id`, `team_id`, `badge_id`, `user_id`, `created_at`, `updated_at`, `disqualification_code_type_id`, `goggle_cup_points`, `reaction_time`, `team_points`, `team_affiliation_id`, `is_personal_best`, `is_season_type_best`)
  VALUES (319532, 1, 1, 0, 0, 902.24, 902.24, 2, 31, 18, 49106, 12455, 920, 43562, 1, '2016-04-13 07:03:54', '2016-04-13 07:03:54', NULL, 0.0, 0.0, 0.0, 2116, 0, 0);

INSERT INTO `meeting_individual_results` (`id`, `rank`, `is_play_off`, `is_out_of_race`, `is_disqualified`, `standard_points`, `meeting_individual_points`, `minutes`, `seconds`, `hundreds`, `meeting_program_id`, `swimmer_id`, `team_id`, `badge_id`, `user_id`, `created_at`, `updated_at`, `disqualification_code_type_id`, `goggle_cup_points`, `reaction_time`, `team_points`, `team_affiliation_id`, `is_personal_best`, `is_season_type_best`)
  VALUES (319533, 1, 1, 0, 0, 746.74, 746.74, 3, 11, 58, 49107, 3601, 844, 40748, 1, '2016-04-13 07:03:54', '2016-04-13 07:03:54', NULL, 0.0, 0.0, 0.0, 1819, 0, 0);

INSERT INTO `meeting_individual_results` (`id`, `rank`, `is_play_off`, `is_out_of_race`, `is_disqualified`, `standard_points`, `meeting_individual_points`, `minutes`, `seconds`, `hundreds`, `meeting_program_id`, `swimmer_id`, `team_id`, `badge_id`, `user_id`, `created_at`, `updated_at`, `disqualification_code_type_id`, `goggle_cup_points`, `reaction_time`, `team_points`, `team_affiliation_id`, `is_personal_best`, `is_season_type_best`)
  VALUES (319534, 1, 1, 0, 0, 610.91, 610.91, 4, 5, 39, 49108, 3647, 119, 35401, 1, '2016-04-13 07:03:54', '2016-04-13 07:03:54', NULL, 0.0, 0.0, 0.0, 1790, 0, 0);

INSERT INTO `meeting_individual_results` (`id`, `rank`, `is_play_off`, `is_out_of_race`, `is_disqualified`, `standard_points`, `meeting_individual_points`, `minutes`, `seconds`, `hundreds`, `meeting_program_id`, `swimmer_id`, `team_id`, `badge_id`, `user_id`, `created_at`, `updated_at`, `disqualification_code_type_id`, `goggle_cup_points`, `reaction_time`, `team_points`, `team_affiliation_id`, `is_personal_best`, `is_season_type_best`)
  VALUES (319535, 1, 1, 0, 0, 759.06, 759.06, 3, 2, 37, 49109, 12441, 920, 43569, 1, '2016-04-13 07:03:54', '2016-04-13 07:03:54', NULL, 0.0, 0.0, 0.0, 2116, 0, 0);

INSERT INTO `meeting_individual_results` (`id`, `rank`, `is_play_off`, `is_out_of_race`, `is_disqualified`, `standard_points`, `meeting_individual_points`, `minutes`, `seconds`, `hundreds`, `meeting_program_id`, `swimmer_id`, `team_id`, `badge_id`, `user_id`, `created_at`, `updated_at`, `disqualification_code_type_id`, `goggle_cup_points`, `reaction_time`, `team_points`, `team_affiliation_id`, `is_personal_best`, `is_season_type_best`)
  VALUES (319536, 2, 1, 0, 0, 660.48, 660.48, 3, 29, 59, 49109, 3413, 213, 34364, 1, '2016-04-13 07:03:54', '2016-04-13 07:03:54', NULL, 0.0, 0.0, 0.0, 1737, 0, 0);

INSERT INTO `meeting_individual_results` (`id`, `rank`, `is_play_off`, `is_out_of_race`, `is_disqualified`, `standard_points`, `meeting_individual_points`, `minutes`, `seconds`, `hundreds`, `meeting_program_id`, `swimmer_id`, `team_id`, `badge_id`, `user_id`, `created_at`, `updated_at`, `disqualification_code_type_id`, `goggle_cup_points`, `reaction_time`, `team_points`, `team_affiliation_id`, `is_personal_best`, `is_season_type_best`)
  VALUES (319537, 1, 1, 0, 0, 697.42, 697.42, 3, 23, 9, 49110, 13530, 798, 41011, 1, '2016-04-13 07:03:54', '2016-04-13 07:03:54', NULL, 0.0, 0.0, 0.0, 1999, 0, 0);

INSERT INTO `meeting_individual_results` (`id`, `rank`, `is_play_off`, `is_out_of_race`, `is_disqualified`, `standard_points`, `meeting_individual_points`, `minutes`, `seconds`, `hundreds`, `meeting_program_id`, `swimmer_id`, `team_id`, `badge_id`, `user_id`, `created_at`, `updated_at`, `disqualification_code_type_id`, `goggle_cup_points`, `reaction_time`, `team_points`, `team_affiliation_id`, `is_personal_best`, `is_season_type_best`)
  VALUES (319538, 1, 1, 0, 0, 775.17, 775.17, 3, 17, 79, 49111, 12433, 119, 35398, 1, '2016-04-13 07:03:54', '2016-04-13 07:03:54', NULL, 0.0, 0.0, 0.0, 1790, 0, 0);

INSERT INTO `meeting_individual_results` (`id`, `rank`, `is_play_off`, `is_out_of_race`, `is_disqualified`, `standard_points`, `meeting_individual_points`, `minutes`, `seconds`, `hundreds`, `meeting_program_id`, `swimmer_id`, `team_id`, `badge_id`, `user_id`, `created_at`, `updated_at`, `disqualification_code_type_id`, `goggle_cup_points`, `reaction_time`, `team_points`, `team_affiliation_id`, `is_personal_best`, `is_season_type_best`)
  VALUES (319539, 1, 1, 0, 0, 768.28, 768.28, 3, 26, 54, 49112, 3924, 189, 43179, 1, '2016-04-13 07:03:54', '2016-04-13 07:03:54', NULL, 0.0, 0.0, 0.0, 1799, 0, 0);

INSERT INTO `meeting_individual_results` (`id`, `rank`, `is_play_off`, `is_out_of_race`, `is_disqualified`, `standard_points`, `meeting_individual_points`, `minutes`, `seconds`, `hundreds`, `meeting_program_id`, `swimmer_id`, `team_id`, `badge_id`, `user_id`, `created_at`, `updated_at`, `disqualification_code_type_id`, `goggle_cup_points`, `reaction_time`, `team_points`, `team_affiliation_id`, `is_personal_best`, `is_season_type_best`)
  VALUES (319540, 2, 1, 0, 0, 615.75, 615.75, 4, 17, 70, 49112, 3334, 837, 34532, 1, '2016-04-13 07:03:54', '2016-04-13 07:03:54', NULL, 0.0, 0.0, 0.0, 1757, 0, 0);

INSERT INTO `meeting_individual_results` (`id`, `rank`, `is_play_off`, `is_out_of_race`, `is_disqualified`, `standard_points`, `meeting_individual_points`, `minutes`, `seconds`, `hundreds`, `meeting_program_id`, `swimmer_id`, `team_id`, `badge_id`, `user_id`, `created_at`, `updated_at`, `disqualification_code_type_id`, `goggle_cup_points`, `reaction_time`, `team_points`, `team_affiliation_id`, `is_personal_best`, `is_season_type_best`)
  VALUES (319541, 1, 1, 0, 0, 814.11, 814.11, 2, 33, 5, 49113, 21482, 841, 35326, 1, '2016-04-13 07:03:54', '2016-04-13 07:03:54', NULL, 0.0, 0.0, 0.0, 1816, 0, 0);

INSERT INTO `meeting_individual_results` (`id`, `rank`, `is_play_off`, `is_out_of_race`, `is_disqualified`, `standard_points`, `meeting_individual_points`, `minutes`, `seconds`, `hundreds`, `meeting_program_id`, `swimmer_id`, `team_id`, `badge_id`, `user_id`, `created_at`, `updated_at`, `disqualification_code_type_id`, `goggle_cup_points`, `reaction_time`, `team_points`, `team_affiliation_id`, `is_personal_best`, `is_season_type_best`)
  VALUES (319542, 1, 1, 0, 0, 750.1, 750.1, 2, 47, 59, 49114, 3450, 119, 43579, 1, '2016-04-13 07:03:54', '2016-04-13 07:03:54', NULL, 0.0, 0.0, 0.0, 1790, 0, 0);

INSERT INTO `meeting_individual_results` (`id`, `rank`, `is_play_off`, `is_out_of_race`, `is_disqualified`, `standard_points`, `meeting_individual_points`, `minutes`, `seconds`, `hundreds`, `meeting_program_id`, `swimmer_id`, `team_id`, `badge_id`, `user_id`, `created_at`, `updated_at`, `disqualification_code_type_id`, `goggle_cup_points`, `reaction_time`, `team_points`, `team_affiliation_id`, `is_personal_best`, `is_season_type_best`)
  VALUES (319543, 1, 1, 0, 0, 807.47, 807.47, 2, 39, 20, 49115, 21480, 841, 35273, 1, '2016-04-13 07:03:54', '2016-04-13 07:03:54', NULL, 0.0, 0.0, 0.0, 1816, 0, 0);

INSERT INTO `meeting_individual_results` (`id`, `rank`, `is_play_off`, `is_out_of_race`, `is_disqualified`, `standard_points`, `meeting_individual_points`, `minutes`, `seconds`, `hundreds`, `meeting_program_id`, `swimmer_id`, `team_id`, `badge_id`, `user_id`, `created_at`, `updated_at`, `disqualification_code_type_id`, `goggle_cup_points`, `reaction_time`, `team_points`, `team_affiliation_id`, `is_personal_best`, `is_season_type_best`)
  VALUES (319544, 1, 1, 0, 0, 869.81, 869.81, 2, 6, 43, 49116, 21479, 841, 35283, 1, '2016-04-13 07:03:55', '2016-04-13 07:03:55', NULL, 0.0, 0.0, 0.0, 1816, 0, 0);

INSERT INTO `meeting_individual_results` (`id`, `rank`, `is_play_off`, `is_out_of_race`, `is_disqualified`, `standard_points`, `meeting_individual_points`, `minutes`, `seconds`, `hundreds`, `meeting_program_id`, `swimmer_id`, `team_id`, `badge_id`, `user_id`, `created_at`, `updated_at`, `disqualification_code_type_id`, `goggle_cup_points`, `reaction_time`, `team_points`, `team_affiliation_id`, `is_personal_best`, `is_season_type_best`)
  VALUES (319545, 1, 1, 0, 0, 868.7, 868.7, 2, 6, 20, 49117, 6854, 757, 33050, 1, '2016-04-13 07:03:55', '2016-04-13 07:03:55', NULL, 0.0, 0.0, 0.0, 1667, 0, 0);

INSERT INTO `meeting_individual_results` (`id`, `rank`, `is_play_off`, `is_out_of_race`, `is_disqualified`, `standard_points`, `meeting_individual_points`, `minutes`, `seconds`, `hundreds`, `meeting_program_id`, `swimmer_id`, `team_id`, `badge_id`, `user_id`, `created_at`, `updated_at`, `disqualification_code_type_id`, `goggle_cup_points`, `reaction_time`, `team_points`, `team_affiliation_id`, `is_personal_best`, `is_season_type_best`)
  VALUES (319546, 1, 1, 0, 0, 905.11, 905.11, 2, 6, 88, 49118, 10612, 443, 40555, 1, '2016-04-13 07:03:55', '2016-04-13 07:03:55', NULL, 0.0, 0.0, 0.0, 1806, 0, 0);

INSERT INTO `meeting_individual_results` (`id`, `rank`, `is_play_off`, `is_out_of_race`, `is_disqualified`, `standard_points`, `meeting_individual_points`, `minutes`, `seconds`, `hundreds`, `meeting_program_id`, `swimmer_id`, `team_id`, `badge_id`, `user_id`, `created_at`, `updated_at`, `disqualification_code_type_id`, `goggle_cup_points`, `reaction_time`, `team_points`, `team_affiliation_id`, `is_personal_best`, `is_season_type_best`)
  VALUES (319547, 2, 1, 0, 0, 773.28, 773.28, 2, 28, 51, 49118, 3909, 213, 36137, 1, '2016-04-13 07:03:55', '2016-04-13 07:03:55', NULL, 0.0, 0.0, 0.0, 1737, 0, 0);

INSERT INTO `meeting_individual_results` (`id`, `rank`, `is_play_off`, `is_out_of_race`, `is_disqualified`, `standard_points`, `meeting_individual_points`, `minutes`, `seconds`, `hundreds`, `meeting_program_id`, `swimmer_id`, `team_id`, `badge_id`, `user_id`, `created_at`, `updated_at`, `disqualification_code_type_id`, `goggle_cup_points`, `reaction_time`, `team_points`, `team_affiliation_id`, `is_personal_best`, `is_season_type_best`)
  VALUES (319548, 3, 1, 0, 0, 761.94, 761.94, 2, 30, 72, 49118, 12466, 845, 35459, 1, '2016-04-13 07:03:55', '2016-04-13 07:03:55', NULL, 0.0, 0.0, 0.0, 1820, 0, 0);

INSERT INTO `meeting_individual_results` (`id`, `rank`, `is_play_off`, `is_out_of_race`, `is_disqualified`, `standard_points`, `meeting_individual_points`, `minutes`, `seconds`, `hundreds`, `meeting_program_id`, `swimmer_id`, `team_id`, `badge_id`, `user_id`, `created_at`, `updated_at`, `disqualification_code_type_id`, `goggle_cup_points`, `reaction_time`, `team_points`, `team_affiliation_id`, `is_personal_best`, `is_season_type_best`)
  VALUES (319549, 4, 1, 0, 0, 711.66, 711.66, 2, 41, 37, 49118, 17943, 192, 35466, 1, '2016-04-13 07:03:55', '2016-04-13 07:03:55', NULL, 0.0, 0.0, 0.0, 1803, 0, 0);

INSERT INTO `meeting_individual_results` (`id`, `rank`, `is_play_off`, `is_out_of_race`, `is_disqualified`, `standard_points`, `meeting_individual_points`, `minutes`, `seconds`, `hundreds`, `meeting_program_id`, `swimmer_id`, `team_id`, `badge_id`, `user_id`, `created_at`, `updated_at`, `disqualification_code_type_id`, `goggle_cup_points`, `reaction_time`, `team_points`, `team_affiliation_id`, `is_personal_best`, `is_season_type_best`)
  VALUES (319550, 5, 1, 0, 0, 576.27, 576.27, 3, 19, 28, 49118, 6948, 757, 33130, 1, '2016-04-13 07:03:55', '2016-04-13 07:03:55', NULL, 0.0, 0.0, 0.0, 1667, 0, 0);

INSERT INTO `meeting_individual_results` (`id`, `rank`, `is_play_off`, `is_out_of_race`, `is_disqualified`, `standard_points`, `meeting_individual_points`, `minutes`, `seconds`, `hundreds`, `meeting_program_id`, `swimmer_id`, `team_id`, `badge_id`, `user_id`, `created_at`, `updated_at`, `disqualification_code_type_id`, `goggle_cup_points`, `reaction_time`, `team_points`, `team_affiliation_id`, `is_personal_best`, `is_season_type_best`)
  VALUES (319551, 1, 1, 0, 0, 887.13, 887.13, 2, 11, 48, 49119, 3490, 206, 35297, 1, '2016-04-13 07:03:55', '2016-04-13 07:03:55', NULL, 0.0, 0.0, 0.0, 1625, 0, 0);

INSERT INTO `meeting_individual_results` (`id`, `rank`, `is_play_off`, `is_out_of_race`, `is_disqualified`, `standard_points`, `meeting_individual_points`, `minutes`, `seconds`, `hundreds`, `meeting_program_id`, `swimmer_id`, `team_id`, `badge_id`, `user_id`, `created_at`, `updated_at`, `disqualification_code_type_id`, `goggle_cup_points`, `reaction_time`, `team_points`, `team_affiliation_id`, `is_personal_best`, `is_season_type_best`)
  VALUES (319552, 2, 1, 0, 0, 734.51, 734.51, 2, 38, 80, 49119, 15664, 115, 36376, 1, '2016-04-13 07:03:55', '2016-04-13 07:03:55', NULL, 0.0, 0.0, 0.0, 1598, 0, 0);

INSERT INTO `meeting_individual_results` (`id`, `rank`, `is_play_off`, `is_out_of_race`, `is_disqualified`, `standard_points`, `meeting_individual_points`, `minutes`, `seconds`, `hundreds`, `meeting_program_id`, `swimmer_id`, `team_id`, `badge_id`, `user_id`, `created_at`, `updated_at`, `disqualification_code_type_id`, `goggle_cup_points`, `reaction_time`, `team_points`, `team_affiliation_id`, `is_personal_best`, `is_season_type_best`)
  VALUES (319553, 3, 1, 0, 0, 732.94, 732.94, 2, 39, 14, 49119, 15675, 845, 35474, 1, '2016-04-13 07:03:55', '2016-04-13 07:03:55', NULL, 0.0, 0.0, 0.0, 1820, 0, 0);

INSERT INTO `meeting_individual_results` (`id`, `rank`, `is_play_off`, `is_out_of_race`, `is_disqualified`, `standard_points`, `meeting_individual_points`, `minutes`, `seconds`, `hundreds`, `meeting_program_id`, `swimmer_id`, `team_id`, `badge_id`, `user_id`, `created_at`, `updated_at`, `disqualification_code_type_id`, `goggle_cup_points`, `reaction_time`, `team_points`, `team_affiliation_id`, `is_personal_best`, `is_season_type_best`)
  VALUES (319554, 1, 1, 0, 0, 838.2, 838.2, 2, 23, 57, 49120, 8309, 89, 40715, 1, '2016-04-13 07:03:55', '2016-04-13 07:03:55', NULL, 0.0, 0.0, 0.0, 1543, 0, 0);

INSERT INTO `meeting_individual_results` (`id`, `rank`, `is_play_off`, `is_out_of_race`, `is_disqualified`, `standard_points`, `meeting_individual_points`, `minutes`, `seconds`, `hundreds`, `meeting_program_id`, `swimmer_id`, `team_id`, `badge_id`, `user_id`, `created_at`, `updated_at`, `disqualification_code_type_id`, `goggle_cup_points`, `reaction_time`, `team_points`, `team_affiliation_id`, `is_personal_best`, `is_season_type_best`)
  VALUES (319555, 2, 1, 0, 0, 817.14, 817.14, 2, 27, 27, 49120, 2589, 829, 33593, 1, '2016-04-13 07:03:55', '2016-04-13 07:03:55', NULL, 0.0, 0.0, 0.0, 1672, 0, 0);

INSERT INTO `meeting_individual_results` (`id`, `rank`, `is_play_off`, `is_out_of_race`, `is_disqualified`, `standard_points`, `meeting_individual_points`, `minutes`, `seconds`, `hundreds`, `meeting_program_id`, `swimmer_id`, `team_id`, `badge_id`, `user_id`, `created_at`, `updated_at`, `disqualification_code_type_id`, `goggle_cup_points`, `reaction_time`, `team_points`, `team_affiliation_id`, `is_personal_best`, `is_season_type_best`)
  VALUES (319556, 1, 1, 0, 0, 820.13, 820.13, 2, 32, 67, 49121, 15684, 920, 43598, 1, '2016-04-13 07:03:55', '2016-04-13 07:03:55', NULL, 0.0, 0.0, 0.0, 2116, 0, 0);

INSERT INTO `meeting_individual_results` (`id`, `rank`, `is_play_off`, `is_out_of_race`, `is_disqualified`, `standard_points`, `meeting_individual_points`, `minutes`, `seconds`, `hundreds`, `meeting_program_id`, `swimmer_id`, `team_id`, `badge_id`, `user_id`, `created_at`, `updated_at`, `disqualification_code_type_id`, `goggle_cup_points`, `reaction_time`, `team_points`, `team_affiliation_id`, `is_personal_best`, `is_season_type_best`)
  VALUES (319557, 1, 1, 0, 0, 847.27, 847.27, 2, 35, 4, 49122, 12425, 920, 43594, 1, '2016-04-13 07:03:55', '2016-04-13 07:03:55', NULL, 0.0, 0.0, 0.0, 2116, 0, 0);

INSERT INTO `meeting_individual_results` (`id`, `rank`, `is_play_off`, `is_out_of_race`, `is_disqualified`, `standard_points`, `meeting_individual_points`, `minutes`, `seconds`, `hundreds`, `meeting_program_id`, `swimmer_id`, `team_id`, `badge_id`, `user_id`, `created_at`, `updated_at`, `disqualification_code_type_id`, `goggle_cup_points`, `reaction_time`, `team_points`, `team_affiliation_id`, `is_personal_best`, `is_season_type_best`)
  VALUES (319558, 2, 1, 0, 0, 783.16, 783.16, 2, 47, 73, 49122, 2019, 89, 33300, 1, '2016-04-13 07:03:56', '2016-04-13 07:03:56', NULL, 0.0, 0.0, 0.0, 1543, 0, 0);

INSERT INTO `meeting_individual_results` (`id`, `rank`, `is_play_off`, `is_out_of_race`, `is_disqualified`, `standard_points`, `meeting_individual_points`, `minutes`, `seconds`, `hundreds`, `meeting_program_id`, `swimmer_id`, `team_id`, `badge_id`, `user_id`, `created_at`, `updated_at`, `disqualification_code_type_id`, `goggle_cup_points`, `reaction_time`, `team_points`, `team_affiliation_id`, `is_personal_best`, `is_season_type_best`)
  VALUES (319559, 1, 1, 0, 0, 772.99, 772.99, 7, 10, 42, 49123, 3849, 89, 36044, 1, '2016-04-13 07:03:56', '2016-04-13 07:03:56', NULL, 0.0, 0.0, 0.0, 1543, 0, 0);

INSERT INTO `meeting_individual_results` (`id`, `rank`, `is_play_off`, `is_out_of_race`, `is_disqualified`, `standard_points`, `meeting_individual_points`, `minutes`, `seconds`, `hundreds`, `meeting_program_id`, `swimmer_id`, `team_id`, `badge_id`, `user_id`, `created_at`, `updated_at`, `disqualification_code_type_id`, `goggle_cup_points`, `reaction_time`, `team_points`, `team_affiliation_id`, `is_personal_best`, `is_season_type_best`)
  VALUES (319560, 1, 1, 0, 0, 774.81, 774.81, 5, 47, 0, 49124, 2582, 115, 32800, 1, '2016-04-13 07:03:56', '2016-04-13 07:03:56', NULL, 0.0, 0.0, 0.0, 1598, 0, 0);

INSERT INTO `meeting_individual_results` (`id`, `rank`, `is_play_off`, `is_out_of_race`, `is_disqualified`, `standard_points`, `meeting_individual_points`, `minutes`, `seconds`, `hundreds`, `meeting_program_id`, `swimmer_id`, `team_id`, `badge_id`, `user_id`, `created_at`, `updated_at`, `disqualification_code_type_id`, `goggle_cup_points`, `reaction_time`, `team_points`, `team_affiliation_id`, `is_personal_best`, `is_season_type_best`)
  VALUES (319561, 1, 1, 0, 0, 713.32, 713.32, 6, 51, 75, 49125, 3610, 211, 36088, 1, '2016-04-13 07:03:56', '2016-04-13 07:03:56', NULL, 0.0, 0.0, 0.0, 1845, 0, 0);

INSERT INTO `meeting_individual_results` (`id`, `rank`, `is_play_off`, `is_out_of_race`, `is_disqualified`, `standard_points`, `meeting_individual_points`, `minutes`, `seconds`, `hundreds`, `meeting_program_id`, `swimmer_id`, `team_id`, `badge_id`, `user_id`, `created_at`, `updated_at`, `disqualification_code_type_id`, `goggle_cup_points`, `reaction_time`, `team_points`, `team_affiliation_id`, `is_personal_best`, `is_season_type_best`)
  VALUES (319562, 1, 1, 0, 0, 768.99, 768.99, 6, 43, 84, 49126, 13169, 789, 35322, 1, '2016-04-13 07:03:56', '2016-04-13 07:03:56', NULL, 0.0, 0.0, 0.0, 1794, 0, 0);

INSERT INTO `meeting_individual_results` (`id`, `rank`, `is_play_off`, `is_out_of_race`, `is_disqualified`, `standard_points`, `meeting_individual_points`, `minutes`, `seconds`, `hundreds`, `meeting_program_id`, `swimmer_id`, `team_id`, `badge_id`, `user_id`, `created_at`, `updated_at`, `disqualification_code_type_id`, `goggle_cup_points`, `reaction_time`, `team_points`, `team_affiliation_id`, `is_personal_best`, `is_season_type_best`)
  VALUES (319563, 1, 1, 0, 0, 802.57, 802.57, 5, 28, 17, 49127, 21482, 841, 35326, 1, '2016-04-13 07:03:56', '2016-04-13 07:03:56', NULL, 0.0, 0.0, 0.0, 1816, 0, 0);

INSERT INTO `meeting_individual_results` (`id`, `rank`, `is_play_off`, `is_out_of_race`, `is_disqualified`, `standard_points`, `meeting_individual_points`, `minutes`, `seconds`, `hundreds`, `meeting_program_id`, `swimmer_id`, `team_id`, `badge_id`, `user_id`, `created_at`, `updated_at`, `disqualification_code_type_id`, `goggle_cup_points`, `reaction_time`, `team_points`, `team_affiliation_id`, `is_personal_best`, `is_season_type_best`)
  VALUES (319564, 1, 1, 0, 0, 785.95, 785.95, 5, 34, 78, 49128, 3542, 119, 43563, 1, '2016-04-13 07:03:56', '2016-04-13 07:03:56', NULL, 0.0, 0.0, 0.0, 1790, 0, 0);

INSERT INTO `meeting_individual_results` (`id`, `rank`, `is_play_off`, `is_out_of_race`, `is_disqualified`, `standard_points`, `meeting_individual_points`, `minutes`, `seconds`, `hundreds`, `meeting_program_id`, `swimmer_id`, `team_id`, `badge_id`, `user_id`, `created_at`, `updated_at`, `disqualification_code_type_id`, `goggle_cup_points`, `reaction_time`, `team_points`, `team_affiliation_id`, `is_personal_best`, `is_season_type_best`)
  VALUES (319565, 1, 1, 0, 0, 867.9, 867.9, 5, 11, 74, 49129, 10850, 920, 43555, 1, '2016-04-13 07:03:56', '2016-04-13 07:03:56', NULL, 0.0, 0.0, 0.0, 2116, 0, 0);

INSERT INTO `meeting_individual_results` (`id`, `rank`, `is_play_off`, `is_out_of_race`, `is_disqualified`, `standard_points`, `meeting_individual_points`, `minutes`, `seconds`, `hundreds`, `meeting_program_id`, `swimmer_id`, `team_id`, `badge_id`, `user_id`, `created_at`, `updated_at`, `disqualification_code_type_id`, `goggle_cup_points`, `reaction_time`, `team_points`, `team_affiliation_id`, `is_personal_best`, `is_season_type_best`)
  VALUES (319566, 1, 1, 0, 0, 670.17, 670.17, 6, 57, 25, 49130, 4889, 920, 43582, 1, '2016-04-13 07:03:56', '2016-04-13 07:03:56', NULL, 0.0, 0.0, 0.0, 2116, 0, 0);

INSERT INTO `meeting_individual_results` (`id`, `rank`, `is_play_off`, `is_out_of_race`, `is_disqualified`, `standard_points`, `meeting_individual_points`, `minutes`, `seconds`, `hundreds`, `meeting_program_id`, `swimmer_id`, `team_id`, `badge_id`, `user_id`, `created_at`, `updated_at`, `disqualification_code_type_id`, `goggle_cup_points`, `reaction_time`, `team_points`, `team_affiliation_id`, `is_personal_best`, `is_season_type_best`)
  VALUES (319567, 1, 1, 0, 0, 720.59, 720.59, 9, 28, 98, 49131, 23835, 920, 43557, 1, '2016-04-13 07:03:56', '2016-04-13 07:03:56', NULL, 0.0, 0.0, 0.0, 2116, 0, 0);

INSERT INTO `meeting_individual_results` (`id`, `rank`, `is_play_off`, `is_out_of_race`, `is_disqualified`, `standard_points`, `meeting_individual_points`, `minutes`, `seconds`, `hundreds`, `meeting_program_id`, `swimmer_id`, `team_id`, `badge_id`, `user_id`, `created_at`, `updated_at`, `disqualification_code_type_id`, `goggle_cup_points`, `reaction_time`, `team_points`, `team_affiliation_id`, `is_personal_best`, `is_season_type_best`)
  VALUES (319568, 1, 1, 0, 0, 782.32, 782.32, 5, 12, 80, 49132, 23814, 920, 43570, 1, '2016-04-13 07:03:56', '2016-04-13 07:03:56', NULL, 0.0, 0.0, 0.0, 2116, 0, 0);

INSERT INTO `meeting_individual_results` (`id`, `rank`, `is_play_off`, `is_out_of_race`, `is_disqualified`, `standard_points`, `meeting_individual_points`, `minutes`, `seconds`, `hundreds`, `meeting_program_id`, `swimmer_id`, `team_id`, `badge_id`, `user_id`, `created_at`, `updated_at`, `disqualification_code_type_id`, `goggle_cup_points`, `reaction_time`, `team_points`, `team_affiliation_id`, `is_personal_best`, `is_season_type_best`)
  VALUES (319569, 2, 1, 0, 0, 736.08, 736.08, 5, 32, 45, 49132, 3909, 213, 36137, 1, '2016-04-13 07:03:56', '2016-04-13 07:03:56', NULL, 0.0, 0.0, 0.0, 1737, 0, 0);

INSERT INTO `meeting_individual_results` (`id`, `rank`, `is_play_off`, `is_out_of_race`, `is_disqualified`, `standard_points`, `meeting_individual_points`, `minutes`, `seconds`, `hundreds`, `meeting_program_id`, `swimmer_id`, `team_id`, `badge_id`, `user_id`, `created_at`, `updated_at`, `disqualification_code_type_id`, `goggle_cup_points`, `reaction_time`, `team_points`, `team_affiliation_id`, `is_personal_best`, `is_season_type_best`)
  VALUES (319570, 3, 1, 0, 0, 666.28, 666.28, 6, 7, 28, 49132, 24928, 757, 46825, 1, '2016-04-13 07:03:56', '2016-04-13 07:03:56', NULL, 0.0, 0.0, 0.0, 1667, 0, 0);

INSERT INTO `meeting_individual_results` (`id`, `rank`, `is_play_off`, `is_out_of_race`, `is_disqualified`, `standard_points`, `meeting_individual_points`, `minutes`, `seconds`, `hundreds`, `meeting_program_id`, `swimmer_id`, `team_id`, `badge_id`, `user_id`, `created_at`, `updated_at`, `disqualification_code_type_id`, `goggle_cup_points`, `reaction_time`, `team_points`, `team_affiliation_id`, `is_personal_best`, `is_season_type_best`)
  VALUES (319571, 1, 1, 0, 0, 789.34, 789.34, 5, 18, 29, 49133, 15674, 920, 43588, 1, '2016-04-13 07:03:57', '2016-04-13 07:03:57', NULL, 0.0, 0.0, 0.0, 2116, 0, 0);

INSERT INTO `meeting_individual_results` (`id`, `rank`, `is_play_off`, `is_out_of_race`, `is_disqualified`, `standard_points`, `meeting_individual_points`, `minutes`, `seconds`, `hundreds`, `meeting_program_id`, `swimmer_id`, `team_id`, `badge_id`, `user_id`, `created_at`, `updated_at`, `disqualification_code_type_id`, `goggle_cup_points`, `reaction_time`, `team_points`, `team_affiliation_id`, `is_personal_best`, `is_season_type_best`)
  VALUES (319572, 1, 1, 0, 0, 638.93, 638.93, 6, 44, 82, 49134, 24930, 920, 46820, 1, '2016-04-13 07:03:57', '2016-04-13 07:03:57', NULL, 0.0, 0.0, 0.0, 2116, 0, 0);

INSERT INTO `meeting_individual_results` (`id`, `rank`, `is_play_off`, `is_out_of_race`, `is_disqualified`, `standard_points`, `meeting_individual_points`, `minutes`, `seconds`, `hundreds`, `meeting_program_id`, `swimmer_id`, `team_id`, `badge_id`, `user_id`, `created_at`, `updated_at`, `disqualification_code_type_id`, `goggle_cup_points`, `reaction_time`, `team_points`, `team_affiliation_id`, `is_personal_best`, `is_season_type_best`)
  VALUES (319573, 1, 1, 0, 0, 722.17, 722.17, 6, 33, 12, 49135, 8005, 201, 36104, 1, '2016-04-13 07:03:57', '2016-04-13 07:03:57', NULL, 0.0, 0.0, 0.0, 1717, 0, 0);

INSERT INTO `meeting_individual_results` (`id`, `rank`, `is_play_off`, `is_out_of_race`, `is_disqualified`, `standard_points`, `meeting_individual_points`, `minutes`, `seconds`, `hundreds`, `meeting_program_id`, `swimmer_id`, `team_id`, `badge_id`, `user_id`, `created_at`, `updated_at`, `disqualification_code_type_id`, `goggle_cup_points`, `reaction_time`, `team_points`, `team_affiliation_id`, `is_personal_best`, `is_season_type_best`)
  VALUES (319574, 1, 1, 0, 0, 720.57, 720.57, 7, 24, 69, 49136, 3340, 837, 35510, 1, '2016-04-13 07:03:57', '2016-04-13 07:03:57', NULL, 0.0, 0.0, 0.0, 1757, 0, 0);

INSERT INTO `meeting_individual_results` (`id`, `rank`, `is_play_off`, `is_out_of_race`, `is_disqualified`, `standard_points`, `meeting_individual_points`, `minutes`, `seconds`, `hundreds`, `meeting_program_id`, `swimmer_id`, `team_id`, `badge_id`, `user_id`, `created_at`, `updated_at`, `disqualification_code_type_id`, `goggle_cup_points`, `reaction_time`, `team_points`, `team_affiliation_id`, `is_personal_best`, `is_season_type_best`)
  VALUES (319575, 1, 1, 0, 0, 917.42, 917.42, 0, 31, 97, 49137, 3393, 119, 35269, 1, '2016-04-13 07:03:57', '2016-04-13 07:03:57', NULL, 0.0, 0.0, 0.0, 1790, 0, 0);

INSERT INTO `meeting_individual_results` (`id`, `rank`, `is_play_off`, `is_out_of_race`, `is_disqualified`, `standard_points`, `meeting_individual_points`, `minutes`, `seconds`, `hundreds`, `meeting_program_id`, `swimmer_id`, `team_id`, `badge_id`, `user_id`, `created_at`, `updated_at`, `disqualification_code_type_id`, `goggle_cup_points`, `reaction_time`, `team_points`, `team_affiliation_id`, `is_personal_best`, `is_season_type_best`)
  VALUES (319576, 1, 1, 0, 0, 589.67, 589.67, 0, 50, 74, 49138, 23831, 757, 43597, 1, '2016-04-13 07:03:57', '2016-04-13 07:03:57', NULL, 0.0, 0.0, 0.0, 1667, 0, 0);

INSERT INTO `meeting_individual_results` (`id`, `rank`, `is_play_off`, `is_out_of_race`, `is_disqualified`, `standard_points`, `meeting_individual_points`, `minutes`, `seconds`, `hundreds`, `meeting_program_id`, `swimmer_id`, `team_id`, `badge_id`, `user_id`, `created_at`, `updated_at`, `disqualification_code_type_id`, `goggle_cup_points`, `reaction_time`, `team_points`, `team_affiliation_id`, `is_personal_best`, `is_season_type_best`)
  VALUES (319577, 2, 1, 0, 0, 555.1, 555.1, 0, 53, 90, 49138, 24929, 757, 46826, 1, '2016-04-13 07:03:57', '2016-04-13 07:03:57', NULL, 0.0, 0.0, 0.0, 1667, 0, 0);

INSERT INTO `meeting_individual_results` (`id`, `rank`, `is_play_off`, `is_out_of_race`, `is_disqualified`, `standard_points`, `meeting_individual_points`, `minutes`, `seconds`, `hundreds`, `meeting_program_id`, `swimmer_id`, `team_id`, `badge_id`, `user_id`, `created_at`, `updated_at`, `disqualification_code_type_id`, `goggle_cup_points`, `reaction_time`, `team_points`, `team_affiliation_id`, `is_personal_best`, `is_season_type_best`)
  VALUES (319578, 1, 1, 0, 0, 674.32, 674.32, 0, 46, 15, 49139, 3405, 213, 36123, 1, '2016-04-13 07:03:57', '2016-04-13 07:03:57', NULL, 0.0, 0.0, 0.0, 1737, 0, 0);

INSERT INTO `meeting_individual_results` (`id`, `rank`, `is_play_off`, `is_out_of_race`, `is_disqualified`, `standard_points`, `meeting_individual_points`, `minutes`, `seconds`, `hundreds`, `meeting_program_id`, `swimmer_id`, `team_id`, `badge_id`, `user_id`, `created_at`, `updated_at`, `disqualification_code_type_id`, `goggle_cup_points`, `reaction_time`, `team_points`, `team_affiliation_id`, `is_personal_best`, `is_season_type_best`)
  VALUES (319579, 2, 1, 0, 0, 618.44, 618.44, 0, 50, 32, 49139, 4889, 920, 43582, 1, '2016-04-13 07:03:57', '2016-04-13 07:03:57', NULL, 0.0, 0.0, 0.0, 2116, 0, 0);

INSERT INTO `meeting_individual_results` (`id`, `rank`, `is_play_off`, `is_out_of_race`, `is_disqualified`, `standard_points`, `meeting_individual_points`, `minutes`, `seconds`, `hundreds`, `meeting_program_id`, `swimmer_id`, `team_id`, `badge_id`, `user_id`, `created_at`, `updated_at`, `disqualification_code_type_id`, `goggle_cup_points`, `reaction_time`, `team_points`, `team_affiliation_id`, `is_personal_best`, `is_season_type_best`)
  VALUES (319580, 1, 1, 0, 0, 905.43, 905.43, 0, 38, 49, 49140, 3085, 54, 46817, 1, '2016-04-13 07:03:57', '2016-04-13 07:03:57', NULL, 0.0, 0.0, 0.0, 1572, 0, 0);

INSERT INTO `meeting_individual_results` (`id`, `rank`, `is_play_off`, `is_out_of_race`, `is_disqualified`, `standard_points`, `meeting_individual_points`, `minutes`, `seconds`, `hundreds`, `meeting_program_id`, `swimmer_id`, `team_id`, `badge_id`, `user_id`, `created_at`, `updated_at`, `disqualification_code_type_id`, `goggle_cup_points`, `reaction_time`, `team_points`, `team_affiliation_id`, `is_personal_best`, `is_season_type_best`)
  VALUES (319581, 1, 1, 0, 0, 836.5, 836.5, 0, 29, 97, 49141, 21479, 841, 35283, 1, '2016-04-13 07:03:57', '2016-04-13 07:03:57', NULL, 0.0, 0.0, 0.0, 1816, 0, 0);

INSERT INTO `meeting_individual_results` (`id`, `rank`, `is_play_off`, `is_out_of_race`, `is_disqualified`, `standard_points`, `meeting_individual_points`, `minutes`, `seconds`, `hundreds`, `meeting_program_id`, `swimmer_id`, `team_id`, `badge_id`, `user_id`, `created_at`, `updated_at`, `disqualification_code_type_id`, `goggle_cup_points`, `reaction_time`, `team_points`, `team_affiliation_id`, `is_personal_best`, `is_season_type_best`)
  VALUES (319582, 1, 1, 0, 0, 924.03, 924.03, 0, 28, 96, 49142, 10612, 443, 40555, 1, '2016-04-13 07:03:57', '2016-04-13 07:03:57', NULL, 0.0, 0.0, 0.0, 1806, 0, 0);

INSERT INTO `meeting_individual_results` (`id`, `rank`, `is_play_off`, `is_out_of_race`, `is_disqualified`, `standard_points`, `meeting_individual_points`, `minutes`, `seconds`, `hundreds`, `meeting_program_id`, `swimmer_id`, `team_id`, `badge_id`, `user_id`, `created_at`, `updated_at`, `disqualification_code_type_id`, `goggle_cup_points`, `reaction_time`, `team_points`, `team_affiliation_id`, `is_personal_best`, `is_season_type_best`)
  VALUES (319583, 2, 1, 0, 0, 807.48, 807.48, 0, 33, 14, 49142, 17158, 443, 39933, 1, '2016-04-13 07:03:57', '2016-04-13 07:03:57', NULL, 0.0, 0.0, 0.0, 1806, 0, 0);

INSERT INTO `meeting_individual_results` (`id`, `rank`, `is_play_off`, `is_out_of_race`, `is_disqualified`, `standard_points`, `meeting_individual_points`, `minutes`, `seconds`, `hundreds`, `meeting_program_id`, `swimmer_id`, `team_id`, `badge_id`, `user_id`, `created_at`, `updated_at`, `disqualification_code_type_id`, `goggle_cup_points`, `reaction_time`, `team_points`, `team_affiliation_id`, `is_personal_best`, `is_season_type_best`)
  VALUES (319584, 3, 1, 0, 0, 663.53, 663.53, 0, 40, 33, 49142, 24928, 757, 46825, 1, '2016-04-13 07:03:58', '2016-04-13 07:03:58', NULL, 0.0, 0.0, 0.0, 1667, 0, 0);

INSERT INTO `meeting_individual_results` (`id`, `rank`, `is_play_off`, `is_out_of_race`, `is_disqualified`, `standard_points`, `meeting_individual_points`, `minutes`, `seconds`, `hundreds`, `meeting_program_id`, `swimmer_id`, `team_id`, `badge_id`, `user_id`, `created_at`, `updated_at`, `disqualification_code_type_id`, `goggle_cup_points`, `reaction_time`, `team_points`, `team_affiliation_id`, `is_personal_best`, `is_season_type_best`)
  VALUES (319585, 1, 1, 0, 0, 764.44, 764.44, 0, 35, 83, 49143, 12406, 920, 43561, 1, '2016-04-13 07:03:58', '2016-04-13 07:03:58', NULL, 0.0, 0.0, 0.0, 2116, 0, 0);

INSERT INTO `meeting_individual_results` (`id`, `rank`, `is_play_off`, `is_out_of_race`, `is_disqualified`, `standard_points`, `meeting_individual_points`, `minutes`, `seconds`, `hundreds`, `meeting_program_id`, `swimmer_id`, `team_id`, `badge_id`, `user_id`, `created_at`, `updated_at`, `disqualification_code_type_id`, `goggle_cup_points`, `reaction_time`, `team_points`, `team_affiliation_id`, `is_personal_best`, `is_season_type_best`)
  VALUES (319586, 2, 1, 0, 0, 611.38, 611.38, 0, 44, 80, 49143, 6931, 757, 33156, 1, '2016-04-13 07:03:58', '2016-04-13 07:03:58', NULL, 0.0, 0.0, 0.0, 1667, 0, 0);

INSERT INTO `meeting_individual_results` (`id`, `rank`, `is_play_off`, `is_out_of_race`, `is_disqualified`, `standard_points`, `meeting_individual_points`, `minutes`, `seconds`, `hundreds`, `meeting_program_id`, `swimmer_id`, `team_id`, `badge_id`, `user_id`, `created_at`, `updated_at`, `disqualification_code_type_id`, `goggle_cup_points`, `reaction_time`, `team_points`, `team_affiliation_id`, `is_personal_best`, `is_season_type_best`)
  VALUES (319587, 1, 1, 0, 0, 883.8, 883.8, 0, 33, 65, 49144, 15684, 920, 43598, 1, '2016-04-13 07:03:58', '2016-04-13 07:03:58', NULL, 0.0, 0.0, 0.0, 2116, 0, 0);

INSERT INTO `meeting_individual_results` (`id`, `rank`, `is_play_off`, `is_out_of_race`, `is_disqualified`, `standard_points`, `meeting_individual_points`, `minutes`, `seconds`, `hundreds`, `meeting_program_id`, `swimmer_id`, `team_id`, `badge_id`, `user_id`, `created_at`, `updated_at`, `disqualification_code_type_id`, `goggle_cup_points`, `reaction_time`, `team_points`, `team_affiliation_id`, `is_personal_best`, `is_season_type_best`)
  VALUES (319588, 2, 1, 0, 0, 677.91, 677.91, 0, 43, 87, 49144, 3333, 837, 44116, 1, '2016-04-13 07:03:58', '2016-04-13 07:03:58', NULL, 0.0, 0.0, 0.0, 1757, 0, 0);

INSERT INTO `meeting_individual_results` (`id`, `rank`, `is_play_off`, `is_out_of_race`, `is_disqualified`, `standard_points`, `meeting_individual_points`, `minutes`, `seconds`, `hundreds`, `meeting_program_id`, `swimmer_id`, `team_id`, `badge_id`, `user_id`, `created_at`, `updated_at`, `disqualification_code_type_id`, `goggle_cup_points`, `reaction_time`, `team_points`, `team_affiliation_id`, `is_personal_best`, `is_season_type_best`)
  VALUES (319589, 3, 1, 0, 0, 612.69, 612.69, 0, 48, 54, 49144, 3334, 837, 34532, 1, '2016-04-13 07:03:58', '2016-04-13 07:03:58', NULL, 0.0, 0.0, 0.0, 1757, 0, 0);

INSERT INTO `meeting_individual_results` (`id`, `rank`, `is_play_off`, `is_out_of_race`, `is_disqualified`, `standard_points`, `meeting_individual_points`, `minutes`, `seconds`, `hundreds`, `meeting_program_id`, `swimmer_id`, `team_id`, `badge_id`, `user_id`, `created_at`, `updated_at`, `disqualification_code_type_id`, `goggle_cup_points`, `reaction_time`, `team_points`, `team_affiliation_id`, `is_personal_best`, `is_season_type_best`)
  VALUES (319590, 4, 1, 0, 0, 528.9, 528.9, 0, 56, 23, 49144, 3602, 527, 34247, 1, '2016-04-13 07:03:58', '2016-04-13 07:03:58', NULL, 0.0, 0.0, 0.0, 1718, 0, 0);

INSERT INTO `meeting_individual_results` (`id`, `rank`, `is_play_off`, `is_out_of_race`, `is_disqualified`, `standard_points`, `meeting_individual_points`, `minutes`, `seconds`, `hundreds`, `meeting_program_id`, `swimmer_id`, `team_id`, `badge_id`, `user_id`, `created_at`, `updated_at`, `disqualification_code_type_id`, `goggle_cup_points`, `reaction_time`, `team_points`, `team_affiliation_id`, `is_personal_best`, `is_season_type_best`)
  VALUES (319591, 1, 1, 0, 0, 439.97, 439.97, 1, 25, 12, 49145, 21453, 837, 35538, 1, '2016-04-13 07:03:58', '2016-04-13 07:03:58', NULL, 0.0, 0.0, 0.0, 1757, 0, 0);

INSERT INTO `meeting_individual_results` (`id`, `rank`, `is_play_off`, `is_out_of_race`, `is_disqualified`, `standard_points`, `meeting_individual_points`, `minutes`, `seconds`, `hundreds`, `meeting_program_id`, `swimmer_id`, `team_id`, `badge_id`, `user_id`, `created_at`, `updated_at`, `disqualification_code_type_id`, `goggle_cup_points`, `reaction_time`, `team_points`, `team_affiliation_id`, `is_personal_best`, `is_season_type_best`)
  VALUES (319592, 1, 1, 0, 0, 856.88, 856.88, 0, 32, 14, 49146, 21490, 841, 35540, 1, '2016-04-13 07:03:58', '2016-04-13 07:03:58', NULL, 0.0, 0.0, 0.0, 1816, 0, 0);

INSERT INTO `meeting_individual_results` (`id`, `rank`, `is_play_off`, `is_out_of_race`, `is_disqualified`, `standard_points`, `meeting_individual_points`, `minutes`, `seconds`, `hundreds`, `meeting_program_id`, `swimmer_id`, `team_id`, `badge_id`, `user_id`, `created_at`, `updated_at`, `disqualification_code_type_id`, `goggle_cup_points`, `reaction_time`, `team_points`, `team_affiliation_id`, `is_personal_best`, `is_season_type_best`)
  VALUES (319593, 1, 1, 0, 0, 762.09, 762.09, 0, 36, 61, 49147, 15677, 920, 43554, 1, '2016-04-13 07:03:58', '2016-04-13 07:03:58', NULL, 0.0, 0.0, 0.0, 2116, 0, 0);

INSERT INTO `meeting_individual_results` (`id`, `rank`, `is_play_off`, `is_out_of_race`, `is_disqualified`, `standard_points`, `meeting_individual_points`, `minutes`, `seconds`, `hundreds`, `meeting_program_id`, `swimmer_id`, `team_id`, `badge_id`, `user_id`, `created_at`, `updated_at`, `disqualification_code_type_id`, `goggle_cup_points`, `reaction_time`, `team_points`, `team_affiliation_id`, `is_personal_best`, `is_season_type_best`)
  VALUES (319594, 1, 1, 0, 0, 716.62, 716.62, 0, 40, 44, 49148, 8293, 837, 46131, 1, '2016-04-13 07:03:58', '2016-04-13 07:03:58', NULL, 0.0, 0.0, 0.0, 1757, 0, 0);

INSERT INTO `meeting_individual_results` (`id`, `rank`, `is_play_off`, `is_out_of_race`, `is_disqualified`, `standard_points`, `meeting_individual_points`, `minutes`, `seconds`, `hundreds`, `meeting_program_id`, `swimmer_id`, `team_id`, `badge_id`, `user_id`, `created_at`, `updated_at`, `disqualification_code_type_id`, `goggle_cup_points`, `reaction_time`, `team_points`, `team_affiliation_id`, `is_personal_best`, `is_season_type_best`)
  VALUES (319595, 1, 1, 0, 0, 756.39, 756.39, 0, 31, 69, 49149, 23830, 920, 43565, 1, '2016-04-13 07:03:58', '2016-04-13 07:03:58', NULL, 0.0, 0.0, 0.0, 2116, 0, 0);

INSERT INTO `meeting_individual_results` (`id`, `rank`, `is_play_off`, `is_out_of_race`, `is_disqualified`, `standard_points`, `meeting_individual_points`, `minutes`, `seconds`, `hundreds`, `meeting_program_id`, `swimmer_id`, `team_id`, `badge_id`, `user_id`, `created_at`, `updated_at`, `disqualification_code_type_id`, `goggle_cup_points`, `reaction_time`, `team_points`, `team_affiliation_id`, `is_personal_best`, `is_season_type_best`)
  VALUES (319596, 1, 1, 0, 0, 875.72, 875.72, 0, 27, 84, 49150, 21456, 841, 35548, 1, '2016-04-13 07:03:58', '2016-04-13 07:03:58', NULL, 0.0, 0.0, 0.0, 1816, 0, 0);

INSERT INTO `meeting_individual_results` (`id`, `rank`, `is_play_off`, `is_out_of_race`, `is_disqualified`, `standard_points`, `meeting_individual_points`, `minutes`, `seconds`, `hundreds`, `meeting_program_id`, `swimmer_id`, `team_id`, `badge_id`, `user_id`, `created_at`, `updated_at`, `disqualification_code_type_id`, `goggle_cup_points`, `reaction_time`, `team_points`, `team_affiliation_id`, `is_personal_best`, `is_season_type_best`)
  VALUES (319597, 2, 1, 0, 0, 848.0, 848.0, 0, 28, 75, 49150, 21458, 841, 35317, 1, '2016-04-13 07:03:59', '2016-04-13 07:03:59', NULL, 0.0, 0.0, 0.0, 1816, 0, 0);

INSERT INTO `meeting_individual_results` (`id`, `rank`, `is_play_off`, `is_out_of_race`, `is_disqualified`, `standard_points`, `meeting_individual_points`, `minutes`, `seconds`, `hundreds`, `meeting_program_id`, `swimmer_id`, `team_id`, `badge_id`, `user_id`, `created_at`, `updated_at`, `disqualification_code_type_id`, `goggle_cup_points`, `reaction_time`, `team_points`, `team_affiliation_id`, `is_personal_best`, `is_season_type_best`)
  VALUES (319598, 1, 1, 0, 0, 766.3, 766.3, 0, 32, 5, 49151, 3566, 119, 35444, 1, '2016-04-13 07:03:59', '2016-04-13 07:03:59', NULL, 0.0, 0.0, 0.0, 1790, 0, 0);

INSERT INTO `meeting_individual_results` (`id`, `rank`, `is_play_off`, `is_out_of_race`, `is_disqualified`, `standard_points`, `meeting_individual_points`, `minutes`, `seconds`, `hundreds`, `meeting_program_id`, `swimmer_id`, `team_id`, `badge_id`, `user_id`, `created_at`, `updated_at`, `disqualification_code_type_id`, `goggle_cup_points`, `reaction_time`, `team_points`, `team_affiliation_id`, `is_personal_best`, `is_season_type_best`)
  VALUES (319599, 1, 1, 0, 0, 826.83, 826.83, 0, 30, 49, 49152, 17158, 443, 39933, 1, '2016-04-13 07:03:59', '2016-04-13 07:03:59', NULL, 0.0, 0.0, 0.0, 1806, 0, 0);

INSERT INTO `meeting_individual_results` (`id`, `rank`, `is_play_off`, `is_out_of_race`, `is_disqualified`, `standard_points`, `meeting_individual_points`, `minutes`, `seconds`, `hundreds`, `meeting_program_id`, `swimmer_id`, `team_id`, `badge_id`, `user_id`, `created_at`, `updated_at`, `disqualification_code_type_id`, `goggle_cup_points`, `reaction_time`, `team_points`, `team_affiliation_id`, `is_personal_best`, `is_season_type_best`)
  VALUES (319600, 2, 1, 0, 0, 647.91, 647.91, 0, 38, 91, 49152, 23839, 920, 43626, 1, '2016-04-13 07:03:59', '2016-04-13 07:03:59', NULL, 0.0, 0.0, 0.0, 2116, 0, 0);

INSERT INTO `meeting_individual_results` (`id`, `rank`, `is_play_off`, `is_out_of_race`, `is_disqualified`, `standard_points`, `meeting_individual_points`, `minutes`, `seconds`, `hundreds`, `meeting_program_id`, `swimmer_id`, `team_id`, `badge_id`, `user_id`, `created_at`, `updated_at`, `disqualification_code_type_id`, `goggle_cup_points`, `reaction_time`, `team_points`, `team_affiliation_id`, `is_personal_best`, `is_season_type_best`)
  VALUES (319601, 3, 1, 0, 0, 552.25, 552.25, 0, 45, 65, 49152, 6948, 757, 33130, 1, '2016-04-13 07:03:59', '2016-04-13 07:03:59', NULL, 0.0, 0.0, 0.0, 1667, 0, 0);

INSERT INTO `meeting_individual_results` (`id`, `rank`, `is_play_off`, `is_out_of_race`, `is_disqualified`, `standard_points`, `meeting_individual_points`, `minutes`, `seconds`, `hundreds`, `meeting_program_id`, `swimmer_id`, `team_id`, `badge_id`, `user_id`, `created_at`, `updated_at`, `disqualification_code_type_id`, `goggle_cup_points`, `reaction_time`, `team_points`, `team_affiliation_id`, `is_personal_best`, `is_season_type_best`)
  VALUES (319602, 1, 1, 0, 0, 763.35, 763.35, 0, 33, 89, 49153, 10615, 920, 43589, 1, '2016-04-13 07:03:59', '2016-04-13 07:03:59', NULL, 0.0, 0.0, 0.0, 2116, 0, 0);

INSERT INTO `meeting_individual_results` (`id`, `rank`, `is_play_off`, `is_out_of_race`, `is_disqualified`, `standard_points`, `meeting_individual_points`, `minutes`, `seconds`, `hundreds`, `meeting_program_id`, `swimmer_id`, `team_id`, `badge_id`, `user_id`, `created_at`, `updated_at`, `disqualification_code_type_id`, `goggle_cup_points`, `reaction_time`, `team_points`, `team_affiliation_id`, `is_personal_best`, `is_season_type_best`)
  VALUES (319603, 2, 1, 0, 0, 649.51, 649.51, 0, 39, 83, 49153, 6876, 757, 33148, 1, '2016-04-13 07:03:59', '2016-04-13 07:03:59', NULL, 0.0, 0.0, 0.0, 1667, 0, 0);

INSERT INTO `meeting_individual_results` (`id`, `rank`, `is_play_off`, `is_out_of_race`, `is_disqualified`, `standard_points`, `meeting_individual_points`, `minutes`, `seconds`, `hundreds`, `meeting_program_id`, `swimmer_id`, `team_id`, `badge_id`, `user_id`, `created_at`, `updated_at`, `disqualification_code_type_id`, `goggle_cup_points`, `reaction_time`, `team_points`, `team_affiliation_id`, `is_personal_best`, `is_season_type_best`)
  VALUES (319604, 1, 1, 0, 0, 870.86, 870.86, 0, 30, 51, 49154, 12462, 920, 43574, 1, '2016-04-13 07:03:59', '2016-04-13 07:03:59', NULL, 0.0, 0.0, 0.0, 2116, 0, 0);

INSERT INTO `meeting_individual_results` (`id`, `rank`, `is_play_off`, `is_out_of_race`, `is_disqualified`, `standard_points`, `meeting_individual_points`, `minutes`, `seconds`, `hundreds`, `meeting_program_id`, `swimmer_id`, `team_id`, `badge_id`, `user_id`, `created_at`, `updated_at`, `disqualification_code_type_id`, `goggle_cup_points`, `reaction_time`, `team_points`, `team_affiliation_id`, `is_personal_best`, `is_season_type_best`)
  VALUES (319605, 2, 1, 0, 0, 707.03, 707.03, 0, 37, 58, 49154, 12464, 845, 35497, 1, '2016-04-13 07:03:59', '2016-04-13 07:03:59', NULL, 0.0, 0.0, 0.0, 1820, 0, 0);

INSERT INTO `meeting_individual_results` (`id`, `rank`, `is_play_off`, `is_out_of_race`, `is_disqualified`, `standard_points`, `meeting_individual_points`, `minutes`, `seconds`, `hundreds`, `meeting_program_id`, `swimmer_id`, `team_id`, `badge_id`, `user_id`, `created_at`, `updated_at`, `disqualification_code_type_id`, `goggle_cup_points`, `reaction_time`, `team_points`, `team_affiliation_id`, `is_personal_best`, `is_season_type_best`)
  VALUES (319606, 1, 1, 0, 0, 611.36, 611.36, 0, 46, 65, 49155, 3647, 119, 35401, 1, '2016-04-13 07:03:59', '2016-04-13 07:03:59', NULL, 0.0, 0.0, 0.0, 1790, 0, 0);

INSERT INTO `meeting_individual_results` (`id`, `rank`, `is_play_off`, `is_out_of_race`, `is_disqualified`, `standard_points`, `meeting_individual_points`, `minutes`, `seconds`, `hundreds`, `meeting_program_id`, `swimmer_id`, `team_id`, `badge_id`, `user_id`, `created_at`, `updated_at`, `disqualification_code_type_id`, `goggle_cup_points`, `reaction_time`, `team_points`, `team_affiliation_id`, `is_personal_best`, `is_season_type_best`)
  VALUES (319607, 1, 1, 0, 0, 487.43, 487.43, 1, 5, 63, 49156, 3344, 837, 35323, 1, '2016-04-13 07:03:59', '2016-04-13 07:03:59', NULL, 0.0, 0.0, 0.0, 1757, 0, 0);

INSERT INTO `meeting_individual_results` (`id`, `rank`, `is_play_off`, `is_out_of_race`, `is_disqualified`, `standard_points`, `meeting_individual_points`, `minutes`, `seconds`, `hundreds`, `meeting_program_id`, `swimmer_id`, `team_id`, `badge_id`, `user_id`, `created_at`, `updated_at`, `disqualification_code_type_id`, `goggle_cup_points`, `reaction_time`, `team_points`, `team_affiliation_id`, `is_personal_best`, `is_season_type_best`)
  VALUES (319608, 1, 1, 0, 0, 708.36, 708.36, 0, 45, 57, 49157, 19312, 757, 35407, 1, '2016-04-13 07:03:59', '2016-04-13 07:03:59', NULL, 0.0, 0.0, 0.0, 1667, 0, 0);

INSERT INTO `meeting_individual_results` (`id`, `rank`, `is_play_off`, `is_out_of_race`, `is_disqualified`, `standard_points`, `meeting_individual_points`, `minutes`, `seconds`, `hundreds`, `meeting_program_id`, `swimmer_id`, `team_id`, `badge_id`, `user_id`, `created_at`, `updated_at`, `disqualification_code_type_id`, `goggle_cup_points`, `reaction_time`, `team_points`, `team_affiliation_id`, `is_personal_best`, `is_season_type_best`)
  VALUES (319609, 1, 1, 0, 0, 788.3, 788.3, 0, 41, 19, 49158, 3450, 119, 43579, 1, '2016-04-13 07:03:59', '2016-04-13 07:03:59', NULL, 0.0, 0.0, 0.0, 1790, 0, 0);

INSERT INTO `meeting_individual_results` (`id`, `rank`, `is_play_off`, `is_out_of_race`, `is_disqualified`, `standard_points`, `meeting_individual_points`, `minutes`, `seconds`, `hundreds`, `meeting_program_id`, `swimmer_id`, `team_id`, `badge_id`, `user_id`, `created_at`, `updated_at`, `disqualification_code_type_id`, `goggle_cup_points`, `reaction_time`, `team_points`, `team_affiliation_id`, `is_personal_best`, `is_season_type_best`)
  VALUES (319610, 2, 1, 0, 0, 758.11, 758.11, 0, 42, 83, 49158, 3542, 119, 43563, 1, '2016-04-13 07:03:59', '2016-04-13 07:03:59', NULL, 0.0, 0.0, 0.0, 1790, 0, 0);

INSERT INTO `meeting_individual_results` (`id`, `rank`, `is_play_off`, `is_out_of_race`, `is_disqualified`, `standard_points`, `meeting_individual_points`, `minutes`, `seconds`, `hundreds`, `meeting_program_id`, `swimmer_id`, `team_id`, `badge_id`, `user_id`, `created_at`, `updated_at`, `disqualification_code_type_id`, `goggle_cup_points`, `reaction_time`, `team_points`, `team_affiliation_id`, `is_personal_best`, `is_season_type_best`)
  VALUES (319611, 3, 1, 0, 0, 719.32, 719.32, 0, 45, 14, 49158, 23817, 757, 43603, 1, '2016-04-13 07:04:00', '2016-04-13 07:04:00', NULL, 0.0, 0.0, 0.0, 1667, 0, 0);

INSERT INTO `meeting_individual_results` (`id`, `rank`, `is_play_off`, `is_out_of_race`, `is_disqualified`, `standard_points`, `meeting_individual_points`, `minutes`, `seconds`, `hundreds`, `meeting_program_id`, `swimmer_id`, `team_id`, `badge_id`, `user_id`, `created_at`, `updated_at`, `disqualification_code_type_id`, `goggle_cup_points`, `reaction_time`, `team_points`, `team_affiliation_id`, `is_personal_best`, `is_season_type_best`)
  VALUES (319612, 1, 1, 0, 0, 788.77, 788.77, 0, 42, 75, 49159, 12419, 920, 43577, 1, '2016-04-13 07:04:00', '2016-04-13 07:04:00', NULL, 0.0, 0.0, 0.0, 2116, 0, 0);

INSERT INTO `meeting_individual_results` (`id`, `rank`, `is_play_off`, `is_out_of_race`, `is_disqualified`, `standard_points`, `meeting_individual_points`, `minutes`, `seconds`, `hundreds`, `meeting_program_id`, `swimmer_id`, `team_id`, `badge_id`, `user_id`, `created_at`, `updated_at`, `disqualification_code_type_id`, `goggle_cup_points`, `reaction_time`, `team_points`, `team_affiliation_id`, `is_personal_best`, `is_season_type_best`)
  VALUES (319613, 2, 1, 0, 0, 777.5, 777.5, 0, 43, 37, 49159, 2578, 829, 33535, 1, '2016-04-13 07:04:00', '2016-04-13 07:04:00', NULL, 0.0, 0.0, 0.0, 1672, 0, 0);

INSERT INTO `meeting_individual_results` (`id`, `rank`, `is_play_off`, `is_out_of_race`, `is_disqualified`, `standard_points`, `meeting_individual_points`, `minutes`, `seconds`, `hundreds`, `meeting_program_id`, `swimmer_id`, `team_id`, `badge_id`, `user_id`, `created_at`, `updated_at`, `disqualification_code_type_id`, `goggle_cup_points`, `reaction_time`, `team_points`, `team_affiliation_id`, `is_personal_best`, `is_season_type_best`)
  VALUES (319614, 1, 1, 0, 0, 725.36, 725.36, 0, 49, 52, 49160, 23819, 381, 43605, 1, '2016-04-13 07:04:00', '2016-04-13 07:04:00', NULL, 0.0, 0.0, 0.0, 2115, 0, 0);

INSERT INTO `meeting_individual_results` (`id`, `rank`, `is_play_off`, `is_out_of_race`, `is_disqualified`, `standard_points`, `meeting_individual_points`, `minutes`, `seconds`, `hundreds`, `meeting_program_id`, `swimmer_id`, `team_id`, `badge_id`, `user_id`, `created_at`, `updated_at`, `disqualification_code_type_id`, `goggle_cup_points`, `reaction_time`, `team_points`, `team_affiliation_id`, `is_personal_best`, `is_season_type_best`)
  VALUES (319615, 1, 1, 0, 0, 704.23, 704.23, 1, 7, 45, 49161, 23835, 920, 43557, 1, '2016-04-13 07:04:00', '2016-04-13 07:04:00', NULL, 0.0, 0.0, 0.0, 2116, 0, 0);

INSERT INTO `meeting_individual_results` (`id`, `rank`, `is_play_off`, `is_out_of_race`, `is_disqualified`, `standard_points`, `meeting_individual_points`, `minutes`, `seconds`, `hundreds`, `meeting_program_id`, `swimmer_id`, `team_id`, `badge_id`, `user_id`, `created_at`, `updated_at`, `disqualification_code_type_id`, `goggle_cup_points`, `reaction_time`, `team_points`, `team_affiliation_id`, `is_personal_best`, `is_season_type_best`)
  VALUES (319616, 1, 1, 0, 0, 899.04, 899.04, 0, 31, 20, 49162, 6854, 757, 33050, 1, '2016-04-13 07:04:00', '2016-04-13 07:04:00', NULL, 0.0, 0.0, 0.0, 1667, 0, 0);

INSERT INTO `meeting_individual_results` (`id`, `rank`, `is_play_off`, `is_out_of_race`, `is_disqualified`, `standard_points`, `meeting_individual_points`, `minutes`, `seconds`, `hundreds`, `meeting_program_id`, `swimmer_id`, `team_id`, `badge_id`, `user_id`, `created_at`, `updated_at`, `disqualification_code_type_id`, `goggle_cup_points`, `reaction_time`, `team_points`, `team_affiliation_id`, `is_personal_best`, `is_season_type_best`)
  VALUES (319617, 2, 1, 0, 0, 731.04, 731.04, 0, 38, 37, 49162, 3658, 119, 35581, 1, '2016-04-13 07:04:00', '2016-04-13 07:04:00', NULL, 0.0, 0.0, 0.0, 1790, 0, 0);

INSERT INTO `meeting_individual_results` (`id`, `rank`, `is_play_off`, `is_out_of_race`, `is_disqualified`, `standard_points`, `meeting_individual_points`, `minutes`, `seconds`, `hundreds`, `meeting_program_id`, `swimmer_id`, `team_id`, `badge_id`, `user_id`, `created_at`, `updated_at`, `disqualification_code_type_id`, `goggle_cup_points`, `reaction_time`, `team_points`, `team_affiliation_id`, `is_personal_best`, `is_season_type_best`)
  VALUES (319618, 1, 1, 0, 0, 806.23, 806.23, 0, 35, 66, 49163, 6969, 757, 46827, 1, '2016-04-13 07:04:00', '2016-04-13 07:04:00', NULL, 0.0, 0.0, 0.0, 1667, 0, 0);

INSERT INTO `meeting_individual_results` (`id`, `rank`, `is_play_off`, `is_out_of_race`, `is_disqualified`, `standard_points`, `meeting_individual_points`, `minutes`, `seconds`, `hundreds`, `meeting_program_id`, `swimmer_id`, `team_id`, `badge_id`, `user_id`, `created_at`, `updated_at`, `disqualification_code_type_id`, `goggle_cup_points`, `reaction_time`, `team_points`, `team_affiliation_id`, `is_personal_best`, `is_season_type_best`)
  VALUES (319619, 1, 1, 0, 0, 869.5, 869.5, 0, 34, 33, 49164, 3490, 206, 35297, 1, '2016-04-13 07:04:00', '2016-04-13 07:04:00', NULL, 0.0, 0.0, 0.0, 1625, 0, 0);

INSERT INTO `meeting_individual_results` (`id`, `rank`, `is_play_off`, `is_out_of_race`, `is_disqualified`, `standard_points`, `meeting_individual_points`, `minutes`, `seconds`, `hundreds`, `meeting_program_id`, `swimmer_id`, `team_id`, `badge_id`, `user_id`, `created_at`, `updated_at`, `disqualification_code_type_id`, `goggle_cup_points`, `reaction_time`, `team_points`, `team_affiliation_id`, `is_personal_best`, `is_season_type_best`)
  VALUES (319620, 2, 1, 0, 0, 856.28, 856.28, 0, 34, 86, 49164, 3628, 116, 40562, 1, '2016-04-13 07:04:00', '2016-04-13 07:04:00', NULL, 0.0, 0.0, 0.0, 1540, 0, 0);

INSERT INTO `meeting_individual_results` (`id`, `rank`, `is_play_off`, `is_out_of_race`, `is_disqualified`, `standard_points`, `meeting_individual_points`, `minutes`, `seconds`, `hundreds`, `meeting_program_id`, `swimmer_id`, `team_id`, `badge_id`, `user_id`, `created_at`, `updated_at`, `disqualification_code_type_id`, `goggle_cup_points`, `reaction_time`, `team_points`, `team_affiliation_id`, `is_personal_best`, `is_season_type_best`)
  VALUES (319621, 3, 1, 0, 0, 716.0, 716.0, 0, 41, 69, 49164, 3669, 192, 46819, 1, '2016-04-13 07:04:00', '2016-04-13 07:04:00', NULL, 0.0, 0.0, 0.0, 1803, 0, 0);

INSERT INTO `meeting_individual_results` (`id`, `rank`, `is_play_off`, `is_out_of_race`, `is_disqualified`, `standard_points`, `meeting_individual_points`, `minutes`, `seconds`, `hundreds`, `meeting_program_id`, `swimmer_id`, `team_id`, `badge_id`, `user_id`, `created_at`, `updated_at`, `disqualification_code_type_id`, `goggle_cup_points`, `reaction_time`, `team_points`, `team_affiliation_id`, `is_personal_best`, `is_season_type_best`)
  VALUES (319622, 4, 1, 0, 0, 667.04, 667.04, 0, 44, 75, 49164, 12408, 845, 35476, 1, '2016-04-13 07:04:00', '2016-04-13 07:04:00', NULL, 0.0, 0.0, 0.0, 1820, 0, 0);

INSERT INTO `meeting_individual_results` (`id`, `rank`, `is_play_off`, `is_out_of_race`, `is_disqualified`, `standard_points`, `meeting_individual_points`, `minutes`, `seconds`, `hundreds`, `meeting_program_id`, `swimmer_id`, `team_id`, `badge_id`, `user_id`, `created_at`, `updated_at`, `disqualification_code_type_id`, `goggle_cup_points`, `reaction_time`, `team_points`, `team_affiliation_id`, `is_personal_best`, `is_season_type_best`)
  VALUES (319623, 1, 1, 0, 0, 911.28, 911.28, 0, 34, 4, 49165, 12455, 920, 43562, 1, '2016-04-13 07:04:00', '2016-04-13 07:04:00', NULL, 0.0, 0.0, 0.0, 2116, 0, 0);

INSERT INTO `meeting_individual_results` (`id`, `rank`, `is_play_off`, `is_out_of_race`, `is_disqualified`, `standard_points`, `meeting_individual_points`, `minutes`, `seconds`, `hundreds`, `meeting_program_id`, `swimmer_id`, `team_id`, `badge_id`, `user_id`, `created_at`, `updated_at`, `disqualification_code_type_id`, `goggle_cup_points`, `reaction_time`, `team_points`, `team_affiliation_id`, `is_personal_best`, `is_season_type_best`)
  VALUES (319624, 2, 1, 0, 0, 790.12, 790.12, 0, 39, 26, 49165, 12433, 119, 35398, 1, '2016-04-13 07:04:00', '2016-04-13 07:04:00', NULL, 0.0, 0.0, 0.0, 1790, 0, 0);

INSERT INTO `meeting_individual_results` (`id`, `rank`, `is_play_off`, `is_out_of_race`, `is_disqualified`, `standard_points`, `meeting_individual_points`, `minutes`, `seconds`, `hundreds`, `meeting_program_id`, `swimmer_id`, `team_id`, `badge_id`, `user_id`, `created_at`, `updated_at`, `disqualification_code_type_id`, `goggle_cup_points`, `reaction_time`, `team_points`, `team_affiliation_id`, `is_personal_best`, `is_season_type_best`)
  VALUES (319625, 3, 1, 0, 0, 764.04, 764.04, 0, 40, 60, 49165, 23825, 920, 43591, 1, '2016-04-13 07:04:01', '2016-04-13 07:04:01', NULL, 0.0, 0.0, 0.0, 2116, 0, 0);

INSERT INTO `meeting_individual_results` (`id`, `rank`, `is_play_off`, `is_out_of_race`, `is_disqualified`, `standard_points`, `meeting_individual_points`, `minutes`, `seconds`, `hundreds`, `meeting_program_id`, `swimmer_id`, `team_id`, `badge_id`, `user_id`, `created_at`, `updated_at`, `disqualification_code_type_id`, `goggle_cup_points`, `reaction_time`, `team_points`, `team_affiliation_id`, `is_personal_best`, `is_season_type_best`)
  VALUES (319626, 4, 1, 0, 0, 652.64, 652.64, 0, 47, 53, 49165, 15649, 845, 43592, 1, '2016-04-13 07:04:01', '2016-04-13 07:04:01', NULL, 0.0, 0.0, 0.0, 1820, 0, 0);

INSERT INTO `meeting_individual_results` (`id`, `rank`, `is_play_off`, `is_out_of_race`, `is_disqualified`, `standard_points`, `meeting_individual_points`, `minutes`, `seconds`, `hundreds`, `meeting_program_id`, `swimmer_id`, `team_id`, `badge_id`, `user_id`, `created_at`, `updated_at`, `disqualification_code_type_id`, `goggle_cup_points`, `reaction_time`, `team_points`, `team_affiliation_id`, `is_personal_best`, `is_season_type_best`)
  VALUES (319627, 1, 1, 0, 0, 802.5, 802.5, 0, 40, 0, 49166, 10709, 920, 45258, 1, '2016-04-13 07:04:01', '2016-04-13 07:04:01', NULL, 0.0, 0.0, 0.0, 2116, 0, 0);

INSERT INTO `meeting_individual_results` (`id`, `rank`, `is_play_off`, `is_out_of_race`, `is_disqualified`, `standard_points`, `meeting_individual_points`, `minutes`, `seconds`, `hundreds`, `meeting_program_id`, `swimmer_id`, `team_id`, `badge_id`, `user_id`, `created_at`, `updated_at`, `disqualification_code_type_id`, `goggle_cup_points`, `reaction_time`, `team_points`, `team_affiliation_id`, `is_personal_best`, `is_season_type_best`)
  VALUES (319628, 2, 1, 0, 0, 801.9, 801.9, 0, 40, 3, 49166, 8320, 428, 36094, 1, '2016-04-13 07:04:01', '2016-04-13 07:04:01', NULL, 0.0, 0.0, 0.0, 1786, 0, 0);

INSERT INTO `meeting_individual_results` (`id`, `rank`, `is_play_off`, `is_out_of_race`, `is_disqualified`, `standard_points`, `meeting_individual_points`, `minutes`, `seconds`, `hundreds`, `meeting_program_id`, `swimmer_id`, `team_id`, `badge_id`, `user_id`, `created_at`, `updated_at`, `disqualification_code_type_id`, `goggle_cup_points`, `reaction_time`, `team_points`, `team_affiliation_id`, `is_personal_best`, `is_season_type_best`)
  VALUES (319629, 1, 1, 0, 0, 728.84, 728.84, 0, 47, 61, 49167, 24184, 837, 44904, 1, '2016-04-13 07:04:01', '2016-04-13 07:04:01', NULL, 0.0, 0.0, 0.0, 1757, 0, 0);

INSERT INTO `meeting_individual_results` (`id`, `rank`, `is_play_off`, `is_out_of_race`, `is_disqualified`, `standard_points`, `meeting_individual_points`, `minutes`, `seconds`, `hundreds`, `meeting_program_id`, `swimmer_id`, `team_id`, `badge_id`, `user_id`, `created_at`, `updated_at`, `disqualification_code_type_id`, `goggle_cup_points`, `reaction_time`, `team_points`, `team_affiliation_id`, `is_personal_best`, `is_season_type_best`)
  VALUES (319630, 2, 1, 0, 0, 656.7, 656.7, 0, 52, 84, 49167, 3532, 119, 35403, 1, '2016-04-13 07:04:01', '2016-04-13 07:04:01', NULL, 0.0, 0.0, 0.0, 1790, 0, 0);

INSERT INTO `meeting_individual_results` (`id`, `rank`, `is_play_off`, `is_out_of_race`, `is_disqualified`, `standard_points`, `meeting_individual_points`, `minutes`, `seconds`, `hundreds`, `meeting_program_id`, `swimmer_id`, `team_id`, `badge_id`, `user_id`, `created_at`, `updated_at`, `disqualification_code_type_id`, `goggle_cup_points`, `reaction_time`, `team_points`, `team_affiliation_id`, `is_personal_best`, `is_season_type_best`)
  VALUES (319631, 1, 1, 0, 0, 0.0, 0.0, 0, 33, 40, 49168, 21444, 845, 35512, 1, '2016-04-13 07:04:01', '2016-04-13 07:04:01', NULL, 0.0, 0.0, 0.0, 1820, 0, 0);

INSERT INTO `meeting_individual_results` (`id`, `rank`, `is_play_off`, `is_out_of_race`, `is_disqualified`, `standard_points`, `meeting_individual_points`, `minutes`, `seconds`, `hundreds`, `meeting_program_id`, `swimmer_id`, `team_id`, `badge_id`, `user_id`, `created_at`, `updated_at`, `disqualification_code_type_id`, `goggle_cup_points`, `reaction_time`, `team_points`, `team_affiliation_id`, `is_personal_best`, `is_season_type_best`)
  VALUES (319632, 1, 1, 0, 0, 853.03, 853.03, 0, 30, 21, 49169, 21490, 841, 35540, 1, '2016-04-13 07:04:01', '2016-04-13 07:04:01', NULL, 0.0, 0.0, 0.0, 1816, 0, 0);

INSERT INTO `meeting_individual_results` (`id`, `rank`, `is_play_off`, `is_out_of_race`, `is_disqualified`, `standard_points`, `meeting_individual_points`, `minutes`, `seconds`, `hundreds`, `meeting_program_id`, `swimmer_id`, `team_id`, `badge_id`, `user_id`, `created_at`, `updated_at`, `disqualification_code_type_id`, `goggle_cup_points`, `reaction_time`, `team_points`, `team_affiliation_id`, `is_personal_best`, `is_season_type_best`)
  VALUES (319633, 2, 1, 0, 0, 824.64, 824.64, 0, 31, 25, 49169, 21448, 841, 35324, 1, '2016-04-13 07:04:01', '2016-04-13 07:04:01', NULL, 0.0, 0.0, 0.0, 1816, 0, 0);

INSERT INTO `meeting_individual_results` (`id`, `rank`, `is_play_off`, `is_out_of_race`, `is_disqualified`, `standard_points`, `meeting_individual_points`, `minutes`, `seconds`, `hundreds`, `meeting_program_id`, `swimmer_id`, `team_id`, `badge_id`, `user_id`, `created_at`, `updated_at`, `disqualification_code_type_id`, `goggle_cup_points`, `reaction_time`, `team_points`, `team_affiliation_id`, `is_personal_best`, `is_season_type_best`)
  VALUES (319634, 3, 1, 0, 0, 732.1, 732.1, 0, 35, 20, 49169, 21447, 841, 35541, 1, '2016-04-13 07:04:01', '2016-04-13 07:04:01', NULL, 0.0, 0.0, 0.0, 1816, 0, 0);

INSERT INTO `meeting_individual_results` (`id`, `rank`, `is_play_off`, `is_out_of_race`, `is_disqualified`, `standard_points`, `meeting_individual_points`, `minutes`, `seconds`, `hundreds`, `meeting_program_id`, `swimmer_id`, `team_id`, `badge_id`, `user_id`, `created_at`, `updated_at`, `disqualification_code_type_id`, `goggle_cup_points`, `reaction_time`, `team_points`, `team_affiliation_id`, `is_personal_best`, `is_season_type_best`)
  VALUES (319635, 1, 1, 0, 0, 872.38, 872.38, 0, 29, 54, 49170, 12411, 920, 46818, 1, '2016-04-13 07:04:01', '2016-04-13 07:04:01', NULL, 0.0, 0.0, 0.0, 2116, 0, 0);

INSERT INTO `meeting_individual_results` (`id`, `rank`, `is_play_off`, `is_out_of_race`, `is_disqualified`, `standard_points`, `meeting_individual_points`, `minutes`, `seconds`, `hundreds`, `meeting_program_id`, `swimmer_id`, `team_id`, `badge_id`, `user_id`, `created_at`, `updated_at`, `disqualification_code_type_id`, `goggle_cup_points`, `reaction_time`, `team_points`, `team_affiliation_id`, `is_personal_best`, `is_season_type_best`)
  VALUES (319636, 2, 1, 0, 0, 681.75, 681.75, 0, 37, 80, 49170, 23817, 757, 43603, 1, '2016-04-13 07:04:01', '2016-04-13 07:04:01', NULL, 0.0, 0.0, 0.0, 1667, 0, 0);

INSERT INTO `meeting_individual_results` (`id`, `rank`, `is_play_off`, `is_out_of_race`, `is_disqualified`, `standard_points`, `meeting_individual_points`, `minutes`, `seconds`, `hundreds`, `meeting_program_id`, `swimmer_id`, `team_id`, `badge_id`, `user_id`, `created_at`, `updated_at`, `disqualification_code_type_id`, `goggle_cup_points`, `reaction_time`, `team_points`, `team_affiliation_id`, `is_personal_best`, `is_season_type_best`)
  VALUES (319637, 1, 1, 0, 0, 617.41, 617.41, 0, 42, 50, 49171, 23831, 757, 43597, 1, '2016-04-13 07:04:02', '2016-04-13 07:04:02', NULL, 0.0, 0.0, 0.0, 1667, 0, 0);

INSERT INTO `meeting_individual_results` (`id`, `rank`, `is_play_off`, `is_out_of_race`, `is_disqualified`, `standard_points`, `meeting_individual_points`, `minutes`, `seconds`, `hundreds`, `meeting_program_id`, `swimmer_id`, `team_id`, `badge_id`, `user_id`, `created_at`, `updated_at`, `disqualification_code_type_id`, `goggle_cup_points`, `reaction_time`, `team_points`, `team_affiliation_id`, `is_personal_best`, `is_season_type_best`)
  VALUES (319638, 2, 1, 0, 0, 610.37, 610.37, 0, 42, 99, 49171, 24929, 757, 46826, 1, '2016-04-13 07:04:02', '2016-04-13 07:04:02', NULL, 0.0, 0.0, 0.0, 1667, 0, 0);

INSERT INTO `meeting_individual_results` (`id`, `rank`, `is_play_off`, `is_out_of_race`, `is_disqualified`, `standard_points`, `meeting_individual_points`, `minutes`, `seconds`, `hundreds`, `meeting_program_id`, `swimmer_id`, `team_id`, `badge_id`, `user_id`, `created_at`, `updated_at`, `disqualification_code_type_id`, `goggle_cup_points`, `reaction_time`, `team_points`, `team_affiliation_id`, `is_personal_best`, `is_season_type_best`)
  VALUES (319639, 1, 1, 0, 0, 799.58, 799.58, 0, 33, 48, 49172, 12426, 920, 46824, 1, '2016-04-13 07:04:02', '2016-04-13 07:04:02', NULL, 0.0, 0.0, 0.0, 2116, 0, 0);

INSERT INTO `meeting_individual_results` (`id`, `rank`, `is_play_off`, `is_out_of_race`, `is_disqualified`, `standard_points`, `meeting_individual_points`, `minutes`, `seconds`, `hundreds`, `meeting_program_id`, `swimmer_id`, `team_id`, `badge_id`, `user_id`, `created_at`, `updated_at`, `disqualification_code_type_id`, `goggle_cup_points`, `reaction_time`, `team_points`, `team_affiliation_id`, `is_personal_best`, `is_season_type_best`)
  VALUES (319640, 1, 1, 0, 0, 656.76, 656.76, 0, 42, 74, 49173, 21443, 841, 35421, 1, '2016-04-13 07:04:02', '2016-04-13 07:04:02', NULL, 0.0, 0.0, 0.0, 1816, 0, 0);

INSERT INTO `meeting_individual_results` (`id`, `rank`, `is_play_off`, `is_out_of_race`, `is_disqualified`, `standard_points`, `meeting_individual_points`, `minutes`, `seconds`, `hundreds`, `meeting_program_id`, `swimmer_id`, `team_id`, `badge_id`, `user_id`, `created_at`, `updated_at`, `disqualification_code_type_id`, `goggle_cup_points`, `reaction_time`, `team_points`, `team_affiliation_id`, `is_personal_best`, `is_season_type_best`)
  VALUES (319641, 1, 1, 0, 0, 779.22, 779.22, 0, 28, 58, 49174, 12407, 115, 33472, 1, '2016-04-13 07:04:02', '2016-04-13 07:04:02', NULL, 0.0, 0.0, 0.0, 1598, 0, 0);

INSERT INTO `meeting_individual_results` (`id`, `rank`, `is_play_off`, `is_out_of_race`, `is_disqualified`, `standard_points`, `meeting_individual_points`, `minutes`, `seconds`, `hundreds`, `meeting_program_id`, `swimmer_id`, `team_id`, `badge_id`, `user_id`, `created_at`, `updated_at`, `disqualification_code_type_id`, `goggle_cup_points`, `reaction_time`, `team_points`, `team_affiliation_id`, `is_personal_best`, `is_season_type_best`)
  VALUES (319642, 2, 1, 0, 0, 776.5, 776.5, 0, 28, 68, 49174, 22630, 428, 40078, 1, '2016-04-13 07:04:02', '2016-04-13 07:04:02', NULL, 0.0, 0.0, 0.0, 1786, 0, 0);

INSERT INTO `meeting_individual_results` (`id`, `rank`, `is_play_off`, `is_out_of_race`, `is_disqualified`, `standard_points`, `meeting_individual_points`, `minutes`, `seconds`, `hundreds`, `meeting_program_id`, `swimmer_id`, `team_id`, `badge_id`, `user_id`, `created_at`, `updated_at`, `disqualification_code_type_id`, `goggle_cup_points`, `reaction_time`, `team_points`, `team_affiliation_id`, `is_personal_best`, `is_season_type_best`)
  VALUES (319643, 3, 1, 0, 0, 763.46, 763.46, 0, 29, 17, 49174, 23816, 841, 43564, 1, '2016-04-13 07:04:02', '2016-04-13 07:04:02', NULL, 0.0, 0.0, 0.0, 1816, 0, 0);

INSERT INTO `meeting_individual_results` (`id`, `rank`, `is_play_off`, `is_out_of_race`, `is_disqualified`, `standard_points`, `meeting_individual_points`, `minutes`, `seconds`, `hundreds`, `meeting_program_id`, `swimmer_id`, `team_id`, `badge_id`, `user_id`, `created_at`, `updated_at`, `disqualification_code_type_id`, `goggle_cup_points`, `reaction_time`, `team_points`, `team_affiliation_id`, `is_personal_best`, `is_season_type_best`)
  VALUES (319644, 4, 1, 0, 0, 744.07, 744.07, 0, 29, 93, 49174, 23830, 920, 43565, 1, '2016-04-13 07:04:02', '2016-04-13 07:04:02', NULL, 0.0, 0.0, 0.0, 2116, 0, 0);

INSERT INTO `meeting_individual_results` (`id`, `rank`, `is_play_off`, `is_out_of_race`, `is_disqualified`, `standard_points`, `meeting_individual_points`, `minutes`, `seconds`, `hundreds`, `meeting_program_id`, `swimmer_id`, `team_id`, `badge_id`, `user_id`, `created_at`, `updated_at`, `disqualification_code_type_id`, `goggle_cup_points`, `reaction_time`, `team_points`, `team_affiliation_id`, `is_personal_best`, `is_season_type_best`)
  VALUES (319645, 1, 1, 0, 0, 918.1, 918.1, 0, 24, 42, 49175, 21456, 841, 35548, 1, '2016-04-13 07:04:02', '2016-04-13 07:04:02', NULL, 0.0, 0.0, 0.0, 1816, 0, 0);

INSERT INTO `meeting_individual_results` (`id`, `rank`, `is_play_off`, `is_out_of_race`, `is_disqualified`, `standard_points`, `meeting_individual_points`, `minutes`, `seconds`, `hundreds`, `meeting_program_id`, `swimmer_id`, `team_id`, `badge_id`, `user_id`, `created_at`, `updated_at`, `disqualification_code_type_id`, `goggle_cup_points`, `reaction_time`, `team_points`, `team_affiliation_id`, `is_personal_best`, `is_season_type_best`)
  VALUES (319646, 2, 1, 0, 0, 800.43, 800.43, 0, 28, 1, 49175, 21469, 119, 35435, 1, '2016-04-13 07:04:02', '2016-04-13 07:04:02', NULL, 0.0, 0.0, 0.0, 1790, 0, 0);

INSERT INTO `meeting_individual_results` (`id`, `rank`, `is_play_off`, `is_out_of_race`, `is_disqualified`, `standard_points`, `meeting_individual_points`, `minutes`, `seconds`, `hundreds`, `meeting_program_id`, `swimmer_id`, `team_id`, `badge_id`, `user_id`, `created_at`, `updated_at`, `disqualification_code_type_id`, `goggle_cup_points`, `reaction_time`, `team_points`, `team_affiliation_id`, `is_personal_best`, `is_season_type_best`)
  VALUES (319647, 3, 1, 0, 0, 791.11, 791.11, 0, 28, 34, 49175, 6990, 757, 38160, 1, '2016-04-13 07:04:02', '2016-04-13 07:04:02', NULL, 0.0, 0.0, 0.0, 1667, 0, 0);

INSERT INTO `meeting_individual_results` (`id`, `rank`, `is_play_off`, `is_out_of_race`, `is_disqualified`, `standard_points`, `meeting_individual_points`, `minutes`, `seconds`, `hundreds`, `meeting_program_id`, `swimmer_id`, `team_id`, `badge_id`, `user_id`, `created_at`, `updated_at`, `disqualification_code_type_id`, `goggle_cup_points`, `reaction_time`, `team_points`, `team_affiliation_id`, `is_personal_best`, `is_season_type_best`)
  VALUES (319648, 4, 1, 0, 0, 767.28, 767.28, 0, 29, 22, 49175, 21437, 841, 35550, 1, '2016-04-13 07:04:02', '2016-04-13 07:04:02', NULL, 0.0, 0.0, 0.0, 1816, 0, 0);

INSERT INTO `meeting_individual_results` (`id`, `rank`, `is_play_off`, `is_out_of_race`, `is_disqualified`, `standard_points`, `meeting_individual_points`, `minutes`, `seconds`, `hundreds`, `meeting_program_id`, `swimmer_id`, `team_id`, `badge_id`, `user_id`, `created_at`, `updated_at`, `disqualification_code_type_id`, `goggle_cup_points`, `reaction_time`, `team_points`, `team_affiliation_id`, `is_personal_best`, `is_season_type_best`)
  VALUES (319649, 5, 1, 0, 0, 740.18, 740.18, 0, 30, 29, 49175, 22013, 757, 38161, 1, '2016-04-13 07:04:02', '2016-04-13 07:04:02', NULL, 0.0, 0.0, 0.0, 1667, 0, 0);

INSERT INTO `meeting_individual_results` (`id`, `rank`, `is_play_off`, `is_out_of_race`, `is_disqualified`, `standard_points`, `meeting_individual_points`, `minutes`, `seconds`, `hundreds`, `meeting_program_id`, `swimmer_id`, `team_id`, `badge_id`, `user_id`, `created_at`, `updated_at`, `disqualification_code_type_id`, `goggle_cup_points`, `reaction_time`, `team_points`, `team_affiliation_id`, `is_personal_best`, `is_season_type_best`)
  VALUES (319650, 6, 1, 0, 0, 722.06, 722.06, 0, 31, 5, 49175, 6878, 757, 46821, 1, '2016-04-13 07:04:02', '2016-04-13 07:04:02', NULL, 0.0, 0.0, 0.0, 1667, 0, 0);

INSERT INTO `meeting_individual_results` (`id`, `rank`, `is_play_off`, `is_out_of_race`, `is_disqualified`, `standard_points`, `meeting_individual_points`, `minutes`, `seconds`, `hundreds`, `meeting_program_id`, `swimmer_id`, `team_id`, `badge_id`, `user_id`, `created_at`, `updated_at`, `disqualification_code_type_id`, `goggle_cup_points`, `reaction_time`, `team_points`, `team_affiliation_id`, `is_personal_best`, `is_season_type_best`)
  VALUES (319651, 7, 1, 0, 0, 681.67, 681.67, 0, 32, 89, 49175, 21449, 192, 35595, 1, '2016-04-13 07:04:03', '2016-04-13 07:04:03', NULL, 0.0, 0.0, 0.0, 1803, 0, 0);

INSERT INTO `meeting_individual_results` (`id`, `rank`, `is_play_off`, `is_out_of_race`, `is_disqualified`, `standard_points`, `meeting_individual_points`, `minutes`, `seconds`, `hundreds`, `meeting_program_id`, `swimmer_id`, `team_id`, `badge_id`, `user_id`, `created_at`, `updated_at`, `disqualification_code_type_id`, `goggle_cup_points`, `reaction_time`, `team_points`, `team_affiliation_id`, `is_personal_best`, `is_season_type_best`)
  VALUES (319652, 8, 1, 0, 0, 672.87, 672.87, 0, 33, 32, 49175, 15650, 757, 38164, 1, '2016-04-13 07:04:03', '2016-04-13 07:04:03', NULL, 0.0, 0.0, 0.0, 1667, 0, 0);

INSERT INTO `meeting_individual_results` (`id`, `rank`, `is_play_off`, `is_out_of_race`, `is_disqualified`, `standard_points`, `meeting_individual_points`, `minutes`, `seconds`, `hundreds`, `meeting_program_id`, `swimmer_id`, `team_id`, `badge_id`, `user_id`, `created_at`, `updated_at`, `disqualification_code_type_id`, `goggle_cup_points`, `reaction_time`, `team_points`, `team_affiliation_id`, `is_personal_best`, `is_season_type_best`)
  VALUES (319653, 1, 1, 0, 0, 777.7, 777.7, 0, 29, 33, 49176, 6969, 757, 46827, 1, '2016-04-13 07:04:03', '2016-04-13 07:04:03', NULL, 0.0, 0.0, 0.0, 1667, 0, 0);

INSERT INTO `meeting_individual_results` (`id`, `rank`, `is_play_off`, `is_out_of_race`, `is_disqualified`, `standard_points`, `meeting_individual_points`, `minutes`, `seconds`, `hundreds`, `meeting_program_id`, `swimmer_id`, `team_id`, `badge_id`, `user_id`, `created_at`, `updated_at`, `disqualification_code_type_id`, `goggle_cup_points`, `reaction_time`, `team_points`, `team_affiliation_id`, `is_personal_best`, `is_season_type_best`)
  VALUES (319654, 2, 1, 0, 0, 745.67, 745.67, 0, 30, 59, 49176, 3566, 119, 35444, 1, '2016-04-13 07:04:03', '2016-04-13 07:04:03', NULL, 0.0, 0.0, 0.0, 1790, 0, 0);

INSERT INTO `meeting_individual_results` (`id`, `rank`, `is_play_off`, `is_out_of_race`, `is_disqualified`, `standard_points`, `meeting_individual_points`, `minutes`, `seconds`, `hundreds`, `meeting_program_id`, `swimmer_id`, `team_id`, `badge_id`, `user_id`, `created_at`, `updated_at`, `disqualification_code_type_id`, `goggle_cup_points`, `reaction_time`, `team_points`, `team_affiliation_id`, `is_personal_best`, `is_season_type_best`)
  VALUES (319655, 3, 1, 0, 0, 648.93, 648.93, 0, 35, 15, 49176, 24927, 841, 46822, 1, '2016-04-13 07:04:03', '2016-04-13 07:04:03', NULL, 0.0, 0.0, 0.0, 1816, 0, 0);

INSERT INTO `meeting_individual_results` (`id`, `rank`, `is_play_off`, `is_out_of_race`, `is_disqualified`, `standard_points`, `meeting_individual_points`, `minutes`, `seconds`, `hundreds`, `meeting_program_id`, `swimmer_id`, `team_id`, `badge_id`, `user_id`, `created_at`, `updated_at`, `disqualification_code_type_id`, `goggle_cup_points`, `reaction_time`, `team_points`, `team_affiliation_id`, `is_personal_best`, `is_season_type_best`)
  VALUES (319656, 1, 1, 0, 0, 921.02, 921.02, 0, 25, 45, 49177, 2521, 116, 35453, 1, '2016-04-13 07:04:03', '2016-04-13 07:04:03', NULL, 0.0, 0.0, 0.0, 1540, 0, 0);

INSERT INTO `meeting_individual_results` (`id`, `rank`, `is_play_off`, `is_out_of_race`, `is_disqualified`, `standard_points`, `meeting_individual_points`, `minutes`, `seconds`, `hundreds`, `meeting_program_id`, `swimmer_id`, `team_id`, `badge_id`, `user_id`, `created_at`, `updated_at`, `disqualification_code_type_id`, `goggle_cup_points`, `reaction_time`, `team_points`, `team_affiliation_id`, `is_personal_best`, `is_season_type_best`)
  VALUES (319657, 2, 1, 0, 0, 816.72, 816.72, 0, 28, 70, 49177, 12430, 920, 43559, 1, '2016-04-13 07:04:03', '2016-04-13 07:04:03', NULL, 0.0, 0.0, 0.0, 2116, 0, 0);

INSERT INTO `meeting_individual_results` (`id`, `rank`, `is_play_off`, `is_out_of_race`, `is_disqualified`, `standard_points`, `meeting_individual_points`, `minutes`, `seconds`, `hundreds`, `meeting_program_id`, `swimmer_id`, `team_id`, `badge_id`, `user_id`, `created_at`, `updated_at`, `disqualification_code_type_id`, `goggle_cup_points`, `reaction_time`, `team_points`, `team_affiliation_id`, `is_personal_best`, `is_season_type_best`)
  VALUES (319658, 3, 1, 0, 0, 757.11, 757.11, 0, 30, 96, 49177, 17943, 192, 35466, 1, '2016-04-13 07:04:03', '2016-04-13 07:04:03', NULL, 0.0, 0.0, 0.0, 1803, 0, 0);

INSERT INTO `meeting_individual_results` (`id`, `rank`, `is_play_off`, `is_out_of_race`, `is_disqualified`, `standard_points`, `meeting_individual_points`, `minutes`, `seconds`, `hundreds`, `meeting_program_id`, `swimmer_id`, `team_id`, `badge_id`, `user_id`, `created_at`, `updated_at`, `disqualification_code_type_id`, `goggle_cup_points`, `reaction_time`, `team_points`, `team_affiliation_id`, `is_personal_best`, `is_season_type_best`)
  VALUES (319659, 4, 1, 0, 0, 733.19, 733.19, 0, 31, 97, 49177, 21471, 841, 35462, 1, '2016-04-13 07:04:03', '2016-04-13 07:04:03', NULL, 0.0, 0.0, 0.0, 1816, 0, 0);

INSERT INTO `meeting_individual_results` (`id`, `rank`, `is_play_off`, `is_out_of_race`, `is_disqualified`, `standard_points`, `meeting_individual_points`, `minutes`, `seconds`, `hundreds`, `meeting_program_id`, `swimmer_id`, `team_id`, `badge_id`, `user_id`, `created_at`, `updated_at`, `disqualification_code_type_id`, `goggle_cup_points`, `reaction_time`, `team_points`, `team_affiliation_id`, `is_personal_best`, `is_season_type_best`)
  VALUES (319660, 5, 1, 0, 0, 717.04, 717.04, 0, 32, 69, 49177, 21483, 841, 35587, 1, '2016-04-13 07:04:03', '2016-04-13 07:04:03', NULL, 0.0, 0.0, 0.0, 1816, 0, 0);

INSERT INTO `meeting_individual_results` (`id`, `rank`, `is_play_off`, `is_out_of_race`, `is_disqualified`, `standard_points`, `meeting_individual_points`, `minutes`, `seconds`, `hundreds`, `meeting_program_id`, `swimmer_id`, `team_id`, `badge_id`, `user_id`, `created_at`, `updated_at`, `disqualification_code_type_id`, `goggle_cup_points`, `reaction_time`, `team_points`, `team_affiliation_id`, `is_personal_best`, `is_season_type_best`)
  VALUES (319661, 6, 1, 0, 0, 661.77, 661.77, 0, 35, 42, 49177, 3665, 119, 43560, 1, '2016-04-13 07:04:03', '2016-04-13 07:04:03', NULL, 0.0, 0.0, 0.0, 1790, 0, 0);

INSERT INTO `meeting_individual_results` (`id`, `rank`, `is_play_off`, `is_out_of_race`, `is_disqualified`, `standard_points`, `meeting_individual_points`, `minutes`, `seconds`, `hundreds`, `meeting_program_id`, `swimmer_id`, `team_id`, `badge_id`, `user_id`, `created_at`, `updated_at`, `disqualification_code_type_id`, `goggle_cup_points`, `reaction_time`, `team_points`, `team_affiliation_id`, `is_personal_best`, `is_season_type_best`)
  VALUES (319662, 1, 1, 0, 0, 822.21, 822.21, 0, 29, 8, 49178, 12406, 920, 43561, 1, '2016-04-13 07:04:03', '2016-04-13 07:04:03', NULL, 0.0, 0.0, 0.0, 2116, 0, 0);

INSERT INTO `meeting_individual_results` (`id`, `rank`, `is_play_off`, `is_out_of_race`, `is_disqualified`, `standard_points`, `meeting_individual_points`, `minutes`, `seconds`, `hundreds`, `meeting_program_id`, `swimmer_id`, `team_id`, `badge_id`, `user_id`, `created_at`, `updated_at`, `disqualification_code_type_id`, `goggle_cup_points`, `reaction_time`, `team_points`, `team_affiliation_id`, `is_personal_best`, `is_season_type_best`)
  VALUES (319663, 2, 1, 0, 0, 803.7, 803.7, 0, 29, 75, 49178, 7002, 845, 35470, 1, '2016-04-13 07:04:03', '2016-04-13 07:04:03', NULL, 0.0, 0.0, 0.0, 1820, 0, 0);

INSERT INTO `meeting_individual_results` (`id`, `rank`, `is_play_off`, `is_out_of_race`, `is_disqualified`, `standard_points`, `meeting_individual_points`, `minutes`, `seconds`, `hundreds`, `meeting_program_id`, `swimmer_id`, `team_id`, `badge_id`, `user_id`, `created_at`, `updated_at`, `disqualification_code_type_id`, `goggle_cup_points`, `reaction_time`, `team_points`, `team_affiliation_id`, `is_personal_best`, `is_season_type_best`)
  VALUES (319664, 3, 1, 0, 0, 762.68, 762.68, 0, 31, 35, 49178, 10615, 920, 43589, 1, '2016-04-13 07:04:04', '2016-04-13 07:04:04', NULL, 0.0, 0.0, 0.0, 2116, 0, 0);

INSERT INTO `meeting_individual_results` (`id`, `rank`, `is_play_off`, `is_out_of_race`, `is_disqualified`, `standard_points`, `meeting_individual_points`, `minutes`, `seconds`, `hundreds`, `meeting_program_id`, `swimmer_id`, `team_id`, `badge_id`, `user_id`, `created_at`, `updated_at`, `disqualification_code_type_id`, `goggle_cup_points`, `reaction_time`, `team_points`, `team_affiliation_id`, `is_personal_best`, `is_season_type_best`)
  VALUES (319665, 4, 1, 0, 0, 749.06, 749.06, 0, 31, 92, 49178, 6876, 757, 33148, 1, '2016-04-13 07:04:04', '2016-04-13 07:04:04', NULL, 0.0, 0.0, 0.0, 1667, 0, 0);

INSERT INTO `meeting_individual_results` (`id`, `rank`, `is_play_off`, `is_out_of_race`, `is_disqualified`, `standard_points`, `meeting_individual_points`, `minutes`, `seconds`, `hundreds`, `meeting_program_id`, `swimmer_id`, `team_id`, `badge_id`, `user_id`, `created_at`, `updated_at`, `disqualification_code_type_id`, `goggle_cup_points`, `reaction_time`, `team_points`, `team_affiliation_id`, `is_personal_best`, `is_season_type_best`)
  VALUES (319666, 1, 1, 0, 0, 937.6, 937.6, 0, 26, 28, 49179, 2573, 116, 40151, 1, '2016-04-13 07:04:04', '2016-04-13 07:04:04', NULL, 0.0, 0.0, 0.0, 1540, 0, 0);

INSERT INTO `meeting_individual_results` (`id`, `rank`, `is_play_off`, `is_out_of_race`, `is_disqualified`, `standard_points`, `meeting_individual_points`, `minutes`, `seconds`, `hundreds`, `meeting_program_id`, `swimmer_id`, `team_id`, `badge_id`, `user_id`, `created_at`, `updated_at`, `disqualification_code_type_id`, `goggle_cup_points`, `reaction_time`, `team_points`, `team_affiliation_id`, `is_personal_best`, `is_season_type_best`)
  VALUES (319667, 2, 1, 0, 0, 883.79, 883.79, 0, 27, 88, 49179, 12462, 920, 43574, 1, '2016-04-13 07:04:04', '2016-04-13 07:04:04', NULL, 0.0, 0.0, 0.0, 2116, 0, 0);

INSERT INTO `meeting_individual_results` (`id`, `rank`, `is_play_off`, `is_out_of_race`, `is_disqualified`, `standard_points`, `meeting_individual_points`, `minutes`, `seconds`, `hundreds`, `meeting_program_id`, `swimmer_id`, `team_id`, `badge_id`, `user_id`, `created_at`, `updated_at`, `disqualification_code_type_id`, `goggle_cup_points`, `reaction_time`, `team_points`, `team_affiliation_id`, `is_personal_best`, `is_season_type_best`)
  VALUES (319668, 3, 1, 0, 0, 796.64, 796.64, 0, 30, 93, 49179, 2589, 829, 33593, 1, '2016-04-13 07:04:04', '2016-04-13 07:04:04', NULL, 0.0, 0.0, 0.0, 1672, 0, 0);

INSERT INTO `meeting_individual_results` (`id`, `rank`, `is_play_off`, `is_out_of_race`, `is_disqualified`, `standard_points`, `meeting_individual_points`, `minutes`, `seconds`, `hundreds`, `meeting_program_id`, `swimmer_id`, `team_id`, `badge_id`, `user_id`, `created_at`, `updated_at`, `disqualification_code_type_id`, `goggle_cup_points`, `reaction_time`, `team_points`, `team_affiliation_id`, `is_personal_best`, `is_season_type_best`)
  VALUES (319669, 1, 1, 0, 0, 714.25, 714.25, 0, 35, 38, 49180, 23827, 119, 43576, 1, '2016-04-13 07:04:04', '2016-04-13 07:04:04', NULL, 0.0, 0.0, 0.0, 1790, 0, 0);

INSERT INTO `meeting_individual_results` (`id`, `rank`, `is_play_off`, `is_out_of_race`, `is_disqualified`, `standard_points`, `meeting_individual_points`, `minutes`, `seconds`, `hundreds`, `meeting_program_id`, `swimmer_id`, `team_id`, `badge_id`, `user_id`, `created_at`, `updated_at`, `disqualification_code_type_id`, `goggle_cup_points`, `reaction_time`, `team_points`, `team_affiliation_id`, `is_personal_best`, `is_season_type_best`)
  VALUES (319670, 1, 1, 0, 0, 698.37, 698.37, 0, 41, 1, 49181, 3340, 837, 35510, 1, '2016-04-13 07:04:04', '2016-04-13 07:04:04', NULL, 0.0, 0.0, 0.0, 1757, 0, 0);

INSERT INTO `meeting_individual_results` (`id`, `rank`, `is_play_off`, `is_out_of_race`, `is_disqualified`, `standard_points`, `meeting_individual_points`, `minutes`, `seconds`, `hundreds`, `meeting_program_id`, `swimmer_id`, `team_id`, `badge_id`, `user_id`, `created_at`, `updated_at`, `disqualification_code_type_id`, `goggle_cup_points`, `reaction_time`, `team_points`, `team_affiliation_id`, `is_personal_best`, `is_season_type_best`)
  VALUES (319671, 1, 1, 0, 0, 0.0, 0.0, 0, 31, 67, 49182, 23828, 845, 43595, 1, '2016-04-13 07:04:04', '2016-04-13 07:04:04', NULL, 0.0, 0.0, 0.0, 1820, 0, 0);

INSERT INTO `meeting_individual_results` (`id`, `rank`, `is_play_off`, `is_out_of_race`, `is_disqualified`, `standard_points`, `meeting_individual_points`, `minutes`, `seconds`, `hundreds`, `meeting_program_id`, `swimmer_id`, `team_id`, `badge_id`, `user_id`, `created_at`, `updated_at`, `disqualification_code_type_id`, `goggle_cup_points`, `reaction_time`, `team_points`, `team_affiliation_id`, `is_personal_best`, `is_season_type_best`)
  VALUES (319672, 1, 1, 0, 0, 766.0, 766.0, 11, 53, 81, 49183, 3835, 201, 46823, 1, '2016-04-13 07:04:04', '2016-04-13 07:04:04', NULL, 0.0, 0.0, 0.0, 1717, 0, 0);

INSERT INTO `meeting_individual_results` (`id`, `rank`, `is_play_off`, `is_out_of_race`, `is_disqualified`, `standard_points`, `meeting_individual_points`, `minutes`, `seconds`, `hundreds`, `meeting_program_id`, `swimmer_id`, `team_id`, `badge_id`, `user_id`, `created_at`, `updated_at`, `disqualification_code_type_id`, `goggle_cup_points`, `reaction_time`, `team_points`, `team_affiliation_id`, `is_personal_best`, `is_season_type_best`)
  VALUES (319673, 1, 1, 0, 0, 801.28, 801.28, 11, 32, 38, 49184, 3355, 844, 40892, 1, '2016-04-13 07:04:04', '2016-04-13 07:04:04', NULL, 0.0, 0.0, 0.0, 1819, 0, 0);

INSERT INTO `meeting_individual_results` (`id`, `rank`, `is_play_off`, `is_out_of_race`, `is_disqualified`, `standard_points`, `meeting_individual_points`, `minutes`, `seconds`, `hundreds`, `meeting_program_id`, `swimmer_id`, `team_id`, `badge_id`, `user_id`, `created_at`, `updated_at`, `disqualification_code_type_id`, `goggle_cup_points`, `reaction_time`, `team_points`, `team_affiliation_id`, `is_personal_best`, `is_season_type_best`)
  VALUES (319674, 1, 1, 0, 0, 796.13, 796.13, 11, 46, 83, 49185, 7016, 203, 33253, 1, '2016-04-13 07:04:04', '2016-04-13 07:04:04', NULL, 0.0, 0.0, 0.0, 1618, 0, 0);

INSERT INTO `meeting_individual_results` (`id`, `rank`, `is_play_off`, `is_out_of_race`, `is_disqualified`, `standard_points`, `meeting_individual_points`, `minutes`, `seconds`, `hundreds`, `meeting_program_id`, `swimmer_id`, `team_id`, `badge_id`, `user_id`, `created_at`, `updated_at`, `disqualification_code_type_id`, `goggle_cup_points`, `reaction_time`, `team_points`, `team_affiliation_id`, `is_personal_best`, `is_season_type_best`)
  VALUES (319675, 2, 1, 0, 0, 632.01, 632.01, 14, 50, 38, 49185, 8292, 211, 36037, 1, '2016-04-13 07:04:04', '2016-04-13 07:04:04', NULL, 0.0, 0.0, 0.0, 1845, 0, 0);

INSERT INTO `meeting_individual_results` (`id`, `rank`, `is_play_off`, `is_out_of_race`, `is_disqualified`, `standard_points`, `meeting_individual_points`, `minutes`, `seconds`, `hundreds`, `meeting_program_id`, `swimmer_id`, `team_id`, `badge_id`, `user_id`, `created_at`, `updated_at`, `disqualification_code_type_id`, `goggle_cup_points`, `reaction_time`, `team_points`, `team_affiliation_id`, `is_personal_best`, `is_season_type_best`)
  VALUES (319676, 1, 1, 0, 0, 778.89, 778.89, 12, 19, 30, 49186, 3846, 201, 36119, 1, '2016-04-13 07:04:04', '2016-04-13 07:04:04', NULL, 0.0, 0.0, 0.0, 1717, 0, 0);

INSERT INTO `meeting_individual_results` (`id`, `rank`, `is_play_off`, `is_out_of_race`, `is_disqualified`, `standard_points`, `meeting_individual_points`, `minutes`, `seconds`, `hundreds`, `meeting_program_id`, `swimmer_id`, `team_id`, `badge_id`, `user_id`, `created_at`, `updated_at`, `disqualification_code_type_id`, `goggle_cup_points`, `reaction_time`, `team_points`, `team_affiliation_id`, `is_personal_best`, `is_season_type_best`)
  VALUES (319677, 2, 1, 0, 0, 724.69, 724.69, 13, 14, 59, 49186, 3844, 201, 36041, 1, '2016-04-13 07:04:05', '2016-04-13 07:04:05', NULL, 0.0, 0.0, 0.0, 1717, 0, 0);

INSERT INTO `meeting_individual_results` (`id`, `rank`, `is_play_off`, `is_out_of_race`, `is_disqualified`, `standard_points`, `meeting_individual_points`, `minutes`, `seconds`, `hundreds`, `meeting_program_id`, `swimmer_id`, `team_id`, `badge_id`, `user_id`, `created_at`, `updated_at`, `disqualification_code_type_id`, `goggle_cup_points`, `reaction_time`, `team_points`, `team_affiliation_id`, `is_personal_best`, `is_season_type_best`)
  VALUES (319678, 1, 1, 0, 0, 791.62, 791.62, 12, 18, 52, 49187, 3845, 201, 36043, 1, '2016-04-13 07:04:05', '2016-04-13 07:04:05', NULL, 0.0, 0.0, 0.0, 1717, 0, 0);

INSERT INTO `meeting_individual_results` (`id`, `rank`, `is_play_off`, `is_out_of_race`, `is_disqualified`, `standard_points`, `meeting_individual_points`, `minutes`, `seconds`, `hundreds`, `meeting_program_id`, `swimmer_id`, `team_id`, `badge_id`, `user_id`, `created_at`, `updated_at`, `disqualification_code_type_id`, `goggle_cup_points`, `reaction_time`, `team_points`, `team_affiliation_id`, `is_personal_best`, `is_season_type_best`)
  VALUES (319679, 2, 1, 0, 0, 714.46, 714.46, 13, 38, 28, 49187, 3849, 89, 36044, 1, '2016-04-13 07:04:05', '2016-04-13 07:04:05', NULL, 0.0, 0.0, 0.0, 1543, 0, 0);

INSERT INTO `meeting_individual_results` (`id`, `rank`, `is_play_off`, `is_out_of_race`, `is_disqualified`, `standard_points`, `meeting_individual_points`, `minutes`, `seconds`, `hundreds`, `meeting_program_id`, `swimmer_id`, `team_id`, `badge_id`, `user_id`, `created_at`, `updated_at`, `disqualification_code_type_id`, `goggle_cup_points`, `reaction_time`, `team_points`, `team_affiliation_id`, `is_personal_best`, `is_season_type_best`)
  VALUES (319680, 1, 1, 0, 0, 739.57, 739.57, 11, 28, 55, 49188, 10699, 844, 40636, 1, '2016-04-13 07:04:05', '2016-04-13 07:04:05', NULL, 0.0, 0.0, 0.0, 1819, 0, 0);

INSERT INTO `meeting_individual_results` (`id`, `rank`, `is_play_off`, `is_out_of_race`, `is_disqualified`, `standard_points`, `meeting_individual_points`, `minutes`, `seconds`, `hundreds`, `meeting_program_id`, `swimmer_id`, `team_id`, `badge_id`, `user_id`, `created_at`, `updated_at`, `disqualification_code_type_id`, `goggle_cup_points`, `reaction_time`, `team_points`, `team_affiliation_id`, `is_personal_best`, `is_season_type_best`)
  VALUES (319681, 1, 1, 0, 0, 769.07, 769.07, 11, 3, 40, 49189, 12466, 845, 35459, 1, '2016-04-13 07:04:05', '2016-04-13 07:04:05', NULL, 0.0, 0.0, 0.0, 1820, 0, 0);

INSERT INTO `meeting_individual_results` (`id`, `rank`, `is_play_off`, `is_out_of_race`, `is_disqualified`, `standard_points`, `meeting_individual_points`, `minutes`, `seconds`, `hundreds`, `meeting_program_id`, `swimmer_id`, `team_id`, `badge_id`, `user_id`, `created_at`, `updated_at`, `disqualification_code_type_id`, `goggle_cup_points`, `reaction_time`, `team_points`, `team_affiliation_id`, `is_personal_best`, `is_season_type_best`)
  VALUES (319682, 1, 1, 0, 0, 730.56, 730.56, 12, 2, 53, 49190, 15675, 845, 35474, 1, '2016-04-13 07:04:05', '2016-04-13 07:04:05', NULL, 0.0, 0.0, 0.0, 1820, 0, 0);

INSERT INTO `meeting_individual_results` (`id`, `rank`, `is_play_off`, `is_out_of_race`, `is_disqualified`, `standard_points`, `meeting_individual_points`, `minutes`, `seconds`, `hundreds`, `meeting_program_id`, `swimmer_id`, `team_id`, `badge_id`, `user_id`, `created_at`, `updated_at`, `disqualification_code_type_id`, `goggle_cup_points`, `reaction_time`, `team_points`, `team_affiliation_id`, `is_personal_best`, `is_season_type_best`)
  VALUES (319683, 1, 1, 0, 0, 828.54, 828.54, 10, 55, 96, 49191, 6189, 203, 40160, 1, '2016-04-13 07:04:05', '2016-04-13 07:04:05', NULL, 0.0, 0.0, 0.0, 1618, 0, 0);

INSERT INTO `meeting_individual_results` (`id`, `rank`, `is_play_off`, `is_out_of_race`, `is_disqualified`, `standard_points`, `meeting_individual_points`, `minutes`, `seconds`, `hundreds`, `meeting_program_id`, `swimmer_id`, `team_id`, `badge_id`, `user_id`, `created_at`, `updated_at`, `disqualification_code_type_id`, `goggle_cup_points`, `reaction_time`, `team_points`, `team_affiliation_id`, `is_personal_best`, `is_season_type_best`)
  VALUES (319684, 2, 1, 0, 0, 694.86, 694.86, 13, 2, 16, 49191, 21542, 428, 36161, 1, '2016-04-13 07:04:05', '2016-04-13 07:04:05', NULL, 0.0, 0.0, 0.0, 1786, 0, 0);

INSERT INTO `meeting_individual_results` (`id`, `rank`, `is_play_off`, `is_out_of_race`, `is_disqualified`, `standard_points`, `meeting_individual_points`, `minutes`, `seconds`, `hundreds`, `meeting_program_id`, `swimmer_id`, `team_id`, `badge_id`, `user_id`, `created_at`, `updated_at`, `disqualification_code_type_id`, `goggle_cup_points`, `reaction_time`, `team_points`, `team_affiliation_id`, `is_personal_best`, `is_season_type_best`)
  VALUES (319685, 1, 1, 0, 0, 753.28, 753.28, 12, 23, 75, 49192, 3601, 844, 40748, 1, '2016-04-13 07:04:05', '2016-04-13 07:04:05', NULL, 0.0, 0.0, 0.0, 1819, 0, 0);

INSERT INTO `meeting_individual_results` (`id`, `rank`, `is_play_off`, `is_out_of_race`, `is_disqualified`, `standard_points`, `meeting_individual_points`, `minutes`, `seconds`, `hundreds`, `meeting_program_id`, `swimmer_id`, `team_id`, `badge_id`, `user_id`, `created_at`, `updated_at`, `disqualification_code_type_id`, `goggle_cup_points`, `reaction_time`, `team_points`, `team_affiliation_id`, `is_personal_best`, `is_season_type_best`)
  VALUES (319686, 2, 1, 0, 0, 698.35, 698.35, 13, 22, 25, 49192, 3879, 201, 34246, 1, '2016-04-13 07:04:05', '2016-04-13 07:04:05', NULL, 0.0, 0.0, 0.0, 1717, 0, 0);

INSERT INTO `meeting_relay_results` (`id`, `created_at`, `updated_at`, `rank`, `is_play_off`, `is_out_of_race`, `is_disqualified`, `standard_points`, `meeting_points`, `minutes`, `seconds`, `hundreds`, `team_id`, `user_id`, `meeting_program_id`, `disqualification_code_type_id`, `relay_header`, `reaction_time`, `entry_minutes`, `entry_seconds`, `entry_hundreds`, `team_affiliation_id`, `entry_time_type_id`)
  VALUES (15338, '2016-04-13 07:04:05', '2016-04-13 07:04:05', 1, 1, 0, 0, 895.72, 895.72, 2, 4, 47, 841, 1, 49193, NULL, 'Centro Nuoto Sulmona', 0.0, NULL, NULL, NULL, 1816, NULL);

INSERT INTO `meeting_relay_results` (`id`, `created_at`, `updated_at`, `rank`, `is_play_off`, `is_out_of_race`, `is_disqualified`, `standard_points`, `meeting_points`, `minutes`, `seconds`, `hundreds`, `team_id`, `user_id`, `meeting_program_id`, `disqualification_code_type_id`, `relay_header`, `reaction_time`, `entry_minutes`, `entry_seconds`, `entry_hundreds`, `team_affiliation_id`, `entry_time_type_id`)
  VALUES (15339, '2016-04-13 07:04:05', '2016-04-13 07:04:05', 1, 1, 0, 0, 814.49, 814.49, 2, 14, 87, 119, 1, 49194, NULL, 'Club L`Aquila Nuoto', 0.0, NULL, NULL, NULL, 1790, NULL);

INSERT INTO `meeting_relay_results` (`id`, `created_at`, `updated_at`, `rank`, `is_play_off`, `is_out_of_race`, `is_disqualified`, `standard_points`, `meeting_points`, `minutes`, `seconds`, `hundreds`, `team_id`, `user_id`, `meeting_program_id`, `disqualification_code_type_id`, `relay_header`, `reaction_time`, `entry_minutes`, `entry_seconds`, `entry_hundreds`, `team_affiliation_id`, `entry_time_type_id`)
  VALUES (15340, '2016-04-13 07:04:05', '2016-04-13 07:04:05', 2, 1, 0, 0, 730.43, 730.43, 2, 30, 39, 757, 1, 49194, NULL, 'Teramo Nuoto', 0.0, NULL, NULL, NULL, 1667, NULL);

INSERT INTO `meeting_relay_results` (`id`, `created_at`, `updated_at`, `rank`, `is_play_off`, `is_out_of_race`, `is_disqualified`, `standard_points`, `meeting_points`, `minutes`, `seconds`, `hundreds`, `team_id`, `user_id`, `meeting_program_id`, `disqualification_code_type_id`, `relay_header`, `reaction_time`, `entry_minutes`, `entry_seconds`, `entry_hundreds`, `team_affiliation_id`, `entry_time_type_id`)
  VALUES (15341, '2016-04-13 07:04:06', '2016-04-13 07:04:06', 1, 1, 0, 0, 831.29, 831.29, 2, 20, 0, 920, 1, 49195, NULL, 'Swim Team Abruzzo asd', 0.0, NULL, NULL, NULL, 2116, NULL);

INSERT INTO `meeting_relay_results` (`id`, `created_at`, `updated_at`, `rank`, `is_play_off`, `is_out_of_race`, `is_disqualified`, `standard_points`, `meeting_points`, `minutes`, `seconds`, `hundreds`, `team_id`, `user_id`, `meeting_program_id`, `disqualification_code_type_id`, `relay_header`, `reaction_time`, `entry_minutes`, `entry_seconds`, `entry_hundreds`, `team_affiliation_id`, `entry_time_type_id`)
  VALUES (15342, '2016-04-13 07:04:06', '2016-04-13 07:04:06', 2, 1, 0, 0, 781.44, 781.44, 2, 28, 93, 844, 1, 49195, NULL, 'SIS - Roma', 0.0, NULL, NULL, NULL, 1819, NULL);

INSERT INTO `meeting_relay_results` (`id`, `created_at`, `updated_at`, `rank`, `is_play_off`, `is_out_of_race`, `is_disqualified`, `standard_points`, `meeting_points`, `minutes`, `seconds`, `hundreds`, `team_id`, `user_id`, `meeting_program_id`, `disqualification_code_type_id`, `relay_header`, `reaction_time`, `entry_minutes`, `entry_seconds`, `entry_hundreds`, `team_affiliation_id`, `entry_time_type_id`)
  VALUES (15343, '2016-04-13 07:04:06', '2016-04-13 07:04:06', 3, 1, 0, 0, 760.65, 760.65, 2, 33, 0, 213, 1, 49195, NULL, 'Zero9 ssd arl', 0.0, NULL, NULL, NULL, 1737, NULL);

INSERT INTO `meeting_relay_results` (`id`, `created_at`, `updated_at`, `rank`, `is_play_off`, `is_out_of_race`, `is_disqualified`, `standard_points`, `meeting_points`, `minutes`, `seconds`, `hundreds`, `team_id`, `user_id`, `meeting_program_id`, `disqualification_code_type_id`, `relay_header`, `reaction_time`, `entry_minutes`, `entry_seconds`, `entry_hundreds`, `team_affiliation_id`, `entry_time_type_id`)
  VALUES (15344, '2016-04-13 07:04:06', '2016-04-13 07:04:06', 4, 1, 0, 0, 635.96, 635.96, 3, 3, 0, 757, 1, 49195, NULL, 'Teramo Nuoto', 0.0, NULL, NULL, NULL, 1667, NULL);

INSERT INTO `meeting_relay_results` (`id`, `created_at`, `updated_at`, `rank`, `is_play_off`, `is_out_of_race`, `is_disqualified`, `standard_points`, `meeting_points`, `minutes`, `seconds`, `hundreds`, `team_id`, `user_id`, `meeting_program_id`, `disqualification_code_type_id`, `relay_header`, `reaction_time`, `entry_minutes`, `entry_seconds`, `entry_hundreds`, `team_affiliation_id`, `entry_time_type_id`)
  VALUES (15345, '2016-04-13 07:04:06', '2016-04-13 07:04:06', 1, 1, 0, 0, 776.58, 776.58, 2, 11, 23, 757, 1, 49196, NULL, 'Teramo Nuoto', 0.0, NULL, NULL, NULL, 1667, NULL);

INSERT INTO `meeting_relay_results` (`id`, `created_at`, `updated_at`, `rank`, `is_play_off`, `is_out_of_race`, `is_disqualified`, `standard_points`, `meeting_points`, `minutes`, `seconds`, `hundreds`, `team_id`, `user_id`, `meeting_program_id`, `disqualification_code_type_id`, `relay_header`, `reaction_time`, `entry_minutes`, `entry_seconds`, `entry_hundreds`, `team_affiliation_id`, `entry_time_type_id`)
  VALUES (15346, '2016-04-13 07:04:06', '2016-04-13 07:04:06', 1, 1, 0, 0, 897.9, 897.9, 1, 55, 47, 920, 1, 49197, NULL, 'Swim Team Abruzzo asd', 0.0, NULL, NULL, NULL, 2116, NULL);

INSERT INTO `meeting_relay_results` (`id`, `created_at`, `updated_at`, `rank`, `is_play_off`, `is_out_of_race`, `is_disqualified`, `standard_points`, `meeting_points`, `minutes`, `seconds`, `hundreds`, `team_id`, `user_id`, `meeting_program_id`, `disqualification_code_type_id`, `relay_header`, `reaction_time`, `entry_minutes`, `entry_seconds`, `entry_hundreds`, `team_affiliation_id`, `entry_time_type_id`)
  VALUES (15347, '2016-04-13 07:04:06', '2016-04-13 07:04:06', 2, 1, 0, 0, 645.78, 645.78, 2, 40, 55, 757, 1, 49197, NULL, 'Teramo Nuoto', 0.0, NULL, NULL, NULL, 1667, NULL);

INSERT INTO `meeting_relay_results` (`id`, `created_at`, `updated_at`, `rank`, `is_play_off`, `is_out_of_race`, `is_disqualified`, `standard_points`, `meeting_points`, `minutes`, `seconds`, `hundreds`, `team_id`, `user_id`, `meeting_program_id`, `disqualification_code_type_id`, `relay_header`, `reaction_time`, `entry_minutes`, `entry_seconds`, `entry_hundreds`, `team_affiliation_id`, `entry_time_type_id`)
  VALUES (15348, '2016-04-13 07:04:06', '2016-04-13 07:04:06', 1, 1, 0, 0, 859.28, 859.28, 2, 23, 26, 920, 1, 49198, NULL, 'Swim Team Abruzzo asd', 0.0, NULL, NULL, NULL, 2116, NULL);

INSERT INTO `meeting_relay_results` (`id`, `created_at`, `updated_at`, `rank`, `is_play_off`, `is_out_of_race`, `is_disqualified`, `standard_points`, `meeting_points`, `minutes`, `seconds`, `hundreds`, `team_id`, `user_id`, `meeting_program_id`, `disqualification_code_type_id`, `relay_header`, `reaction_time`, `entry_minutes`, `entry_seconds`, `entry_hundreds`, `team_affiliation_id`, `entry_time_type_id`)
  VALUES (15349, '2016-04-13 07:04:06', '2016-04-13 07:04:06', 2, 1, 0, 0, 654.13, 654.13, 3, 8, 19, 757, 1, 49198, NULL, 'Teramo Nuoto', 0.0, NULL, NULL, NULL, 1667, NULL);

INSERT INTO `meeting_relay_results` (`id`, `created_at`, `updated_at`, `rank`, `is_play_off`, `is_out_of_race`, `is_disqualified`, `standard_points`, `meeting_points`, `minutes`, `seconds`, `hundreds`, `team_id`, `user_id`, `meeting_program_id`, `disqualification_code_type_id`, `relay_header`, `reaction_time`, `entry_minutes`, `entry_seconds`, `entry_hundreds`, `team_affiliation_id`, `entry_time_type_id`)
  VALUES (15350, '2016-04-13 07:04:06', '2016-04-13 07:04:06', 1, 1, 0, 0, 763.71, 763.71, 2, 16, 40, 757, 1, 49199, NULL, 'Teramo Nuoto', 0.0, NULL, NULL, NULL, 1667, NULL);

INSERT INTO `meeting_relay_results` (`id`, `created_at`, `updated_at`, `rank`, `is_play_off`, `is_out_of_race`, `is_disqualified`, `standard_points`, `meeting_points`, `minutes`, `seconds`, `hundreds`, `team_id`, `user_id`, `meeting_program_id`, `disqualification_code_type_id`, `relay_header`, `reaction_time`, `entry_minutes`, `entry_seconds`, `entry_hundreds`, `team_affiliation_id`, `entry_time_type_id`)
  VALUES (15351, '2016-04-13 07:04:06', '2016-04-13 07:04:06', 2, 1, 0, 0, 703.85, 703.85, 2, 28, 0, 841, 1, 49199, NULL, 'Centro Nuoto Sulmona', 0.0, NULL, NULL, NULL, 1816, NULL);

INSERT INTO `meeting_relay_results` (`id`, `created_at`, `updated_at`, `rank`, `is_play_off`, `is_out_of_race`, `is_disqualified`, `standard_points`, `meeting_points`, `minutes`, `seconds`, `hundreds`, `team_id`, `user_id`, `meeting_program_id`, `disqualification_code_type_id`, `relay_header`, `reaction_time`, `entry_minutes`, `entry_seconds`, `entry_hundreds`, `team_affiliation_id`, `entry_time_type_id`)
  VALUES (15352, '2016-04-13 07:04:06', '2016-04-13 07:04:06', 1, 1, 0, 0, 619.42, 619.42, 2, 54, 68, 757, 1, 49200, NULL, 'Teramo Nuoto', 0.0, NULL, NULL, NULL, 1667, NULL);

INSERT INTO `meeting_relay_results` (`id`, `created_at`, `updated_at`, `rank`, `is_play_off`, `is_out_of_race`, `is_disqualified`, `standard_points`, `meeting_points`, `minutes`, `seconds`, `hundreds`, `team_id`, `user_id`, `meeting_program_id`, `disqualification_code_type_id`, `relay_header`, `reaction_time`, `entry_minutes`, `entry_seconds`, `entry_hundreds`, `team_affiliation_id`, `entry_time_type_id`)
  VALUES (15353, '2016-04-13 07:04:06', '2016-04-13 07:04:06', 1, 1, 0, 0, 906.61, 906.61, 2, 6, 24, 920, 1, 49201, NULL, 'Swim Team Abruzzo asd', 0.0, NULL, NULL, NULL, 2116, NULL);

INSERT INTO `meeting_relay_results` (`id`, `created_at`, `updated_at`, `rank`, `is_play_off`, `is_out_of_race`, `is_disqualified`, `standard_points`, `meeting_points`, `minutes`, `seconds`, `hundreds`, `team_id`, `user_id`, `meeting_program_id`, `disqualification_code_type_id`, `relay_header`, `reaction_time`, `entry_minutes`, `entry_seconds`, `entry_hundreds`, `team_affiliation_id`, `entry_time_type_id`)
  VALUES (15354, '2016-04-13 07:04:06', '2016-04-13 07:04:06', 1, 1, 0, 0, 668.14, 668.14, 3, 8, 9, 837, 1, 49202, NULL, 'Il Delfino Napoli asd', 0.0, NULL, NULL, NULL, 1757, NULL);

INSERT INTO `meeting_relay_results` (`id`, `created_at`, `updated_at`, `rank`, `is_play_off`, `is_out_of_race`, `is_disqualified`, `standard_points`, `meeting_points`, `minutes`, `seconds`, `hundreds`, `team_id`, `user_id`, `meeting_program_id`, `disqualification_code_type_id`, `relay_header`, `reaction_time`, `entry_minutes`, `entry_seconds`, `entry_hundreds`, `team_affiliation_id`, `entry_time_type_id`)
  VALUES (15355, '2016-04-13 07:04:06', '2016-04-13 07:04:06', 1, 1, 0, 0, 888.53, 888.53, 2, 4, 97, 841, 1, 49203, NULL, 'Centro Nuoto Sulmona', 0.0, NULL, NULL, NULL, 1816, NULL);

INSERT INTO `meeting_relay_results` (`id`, `created_at`, `updated_at`, `rank`, `is_play_off`, `is_out_of_race`, `is_disqualified`, `standard_points`, `meeting_points`, `minutes`, `seconds`, `hundreds`, `team_id`, `user_id`, `meeting_program_id`, `disqualification_code_type_id`, `relay_header`, `reaction_time`, `entry_minutes`, `entry_seconds`, `entry_hundreds`, `team_affiliation_id`, `entry_time_type_id`)
  VALUES (15356, '2016-04-13 07:04:06', '2016-04-13 07:04:06', 2, 1, 0, 0, 696.44, 696.44, 2, 39, 44, 757, 1, 49203, NULL, 'Teramo Nuoto', 0.0, NULL, NULL, NULL, 1667, NULL);

INSERT INTO `meeting_relay_results` (`id`, `created_at`, `updated_at`, `rank`, `is_play_off`, `is_out_of_race`, `is_disqualified`, `standard_points`, `meeting_points`, `minutes`, `seconds`, `hundreds`, `team_id`, `user_id`, `meeting_program_id`, `disqualification_code_type_id`, `relay_header`, `reaction_time`, `entry_minutes`, `entry_seconds`, `entry_hundreds`, `team_affiliation_id`, `entry_time_type_id`)
  VALUES (15357, '2016-04-13 07:04:06', '2016-04-13 07:04:06', 1, 1, 0, 0, 712.65, 712.65, 2, 47, 88, 920, 1, 49204, NULL, 'Swim Team Abruzzo asd', 0.0, NULL, NULL, NULL, 2116, NULL);

INSERT INTO `meeting_relay_results` (`id`, `created_at`, `updated_at`, `rank`, `is_play_off`, `is_out_of_race`, `is_disqualified`, `standard_points`, `meeting_points`, `minutes`, `seconds`, `hundreds`, `team_id`, `user_id`, `meeting_program_id`, `disqualification_code_type_id`, `relay_header`, `reaction_time`, `entry_minutes`, `entry_seconds`, `entry_hundreds`, `team_affiliation_id`, `entry_time_type_id`)
  VALUES (15358, '2016-04-13 07:04:06', '2016-04-13 07:04:06', 1, 1, 0, 0, 903.18, 903.18, 1, 43, 70, 841, 1, 49205, NULL, 'Centro Nuoto Sulmona', 0.0, NULL, NULL, NULL, 1816, NULL);

INSERT INTO `meeting_relay_results` (`id`, `created_at`, `updated_at`, `rank`, `is_play_off`, `is_out_of_race`, `is_disqualified`, `standard_points`, `meeting_points`, `minutes`, `seconds`, `hundreds`, `team_id`, `user_id`, `meeting_program_id`, `disqualification_code_type_id`, `relay_header`, `reaction_time`, `entry_minutes`, `entry_seconds`, `entry_hundreds`, `team_affiliation_id`, `entry_time_type_id`)
  VALUES (15359, '2016-04-13 07:04:06', '2016-04-13 07:04:06', 1, 1, 0, 0, 820.45, 820.45, 1, 55, 68, 757, 1, 49206, NULL, 'Teramo Nuoto', 0.0, NULL, NULL, NULL, 1667, NULL);

INSERT INTO `meeting_relay_results` (`id`, `created_at`, `updated_at`, `rank`, `is_play_off`, `is_out_of_race`, `is_disqualified`, `standard_points`, `meeting_points`, `minutes`, `seconds`, `hundreds`, `team_id`, `user_id`, `meeting_program_id`, `disqualification_code_type_id`, `relay_header`, `reaction_time`, `entry_minutes`, `entry_seconds`, `entry_hundreds`, `team_affiliation_id`, `entry_time_type_id`)
  VALUES (15360, '2016-04-13 07:04:07', '2016-04-13 07:04:07', 2, 1, 0, 0, 778.14, 778.14, 2, 1, 97, 119, 1, 49206, NULL, 'Club L`Aquila Nuoto', 0.0, NULL, NULL, NULL, 1790, NULL);

INSERT INTO `meeting_relay_results` (`id`, `created_at`, `updated_at`, `rank`, `is_play_off`, `is_out_of_race`, `is_disqualified`, `standard_points`, `meeting_points`, `minutes`, `seconds`, `hundreds`, `team_id`, `user_id`, `meeting_program_id`, `disqualification_code_type_id`, `relay_header`, `reaction_time`, `entry_minutes`, `entry_seconds`, `entry_hundreds`, `team_affiliation_id`, `entry_time_type_id`)
  VALUES (15361, '2016-04-13 07:04:07', '2016-04-13 07:04:07', 1, 1, 0, 0, 733.49, 733.49, 2, 12, 23, 757, 1, 49207, NULL, 'Teramo Nuoto', 0.0, NULL, NULL, NULL, 1667, NULL);

INSERT INTO `meeting_relay_results` (`id`, `created_at`, `updated_at`, `rank`, `is_play_off`, `is_out_of_race`, `is_disqualified`, `standard_points`, `meeting_points`, `minutes`, `seconds`, `hundreds`, `team_id`, `user_id`, `meeting_program_id`, `disqualification_code_type_id`, `relay_header`, `reaction_time`, `entry_minutes`, `entry_seconds`, `entry_hundreds`, `team_affiliation_id`, `entry_time_type_id`)
  VALUES (15362, '2016-04-13 07:04:07', '2016-04-13 07:04:07', 1, 1, 0, 0, 837.54, 837.54, 2, 2, 0, 920, 1, 49208, NULL, 'Swim Team Abruzzo asd', 0.0, NULL, NULL, NULL, 2116, NULL);

INSERT INTO `meeting_relay_results` (`id`, `created_at`, `updated_at`, `rank`, `is_play_off`, `is_out_of_race`, `is_disqualified`, `standard_points`, `meeting_points`, `minutes`, `seconds`, `hundreds`, `team_id`, `user_id`, `meeting_program_id`, `disqualification_code_type_id`, `relay_header`, `reaction_time`, `entry_minutes`, `entry_seconds`, `entry_hundreds`, `team_affiliation_id`, `entry_time_type_id`)
  VALUES (15363, '2016-04-13 07:04:07', '2016-04-13 07:04:07', 1, 1, 0, 0, 734.57, 734.57, 2, 30, 85, 837, 1, 49209, NULL, 'Il Delfino Napoli asd', 0.0, NULL, NULL, NULL, 1757, NULL);

INSERT INTO `meeting_relay_results` (`id`, `created_at`, `updated_at`, `rank`, `is_play_off`, `is_out_of_race`, `is_disqualified`, `standard_points`, `meeting_points`, `minutes`, `seconds`, `hundreds`, `team_id`, `user_id`, `meeting_program_id`, `disqualification_code_type_id`, `relay_header`, `reaction_time`, `entry_minutes`, `entry_seconds`, `entry_hundreds`, `team_affiliation_id`, `entry_time_type_id`)
  VALUES (15364, '2016-04-13 07:04:07', '2016-04-13 07:04:07', 2, 1, 0, 0, 725.01, 725.01, 2, 32, 84, 119, 1, 49209, NULL, 'Club L`Aquila Nuoto', 0.0, NULL, NULL, NULL, 1790, NULL);

INSERT INTO `meeting_team_scores` (`id`, `sum_individual_points`, `sum_relay_points`, `team_id`, `meeting_id`, `created_at`, `updated_at`, `rank`, `user_id`, `sum_team_points`, `meeting_individual_points`, `meeting_relay_points`, `meeting_team_points`, `season_individual_points`, `season_relay_points`, `season_team_points`, `season_id`, `team_affiliation_id`)
  VALUES (11808, 40877.04, 0.0, 920, 15280, '2016-04-13 07:04:07', '2016-04-13 07:04:07', 0, 1, 0.0, 0.0, 0.0, 0.0, 0.0, 0.0, 0.0, 152, 2116);

INSERT INTO `meeting_team_scores` (`id`, `sum_individual_points`, `sum_relay_points`, `team_id`, `meeting_id`, `created_at`, `updated_at`, `rank`, `user_id`, `sum_team_points`, `meeting_individual_points`, `meeting_relay_points`, `meeting_team_points`, `season_individual_points`, `season_relay_points`, `season_team_points`, `season_id`, `team_affiliation_id`)
  VALUES (11809, 26556.64, 0.0, 757, 15280, '2016-04-13 07:04:07', '2016-04-13 07:04:07', 0, 1, 0.0, 0.0, 0.0, 0.0, 0.0, 0.0, 0.0, 152, 1667);

INSERT INTO `meeting_team_scores` (`id`, `sum_individual_points`, `sum_relay_points`, `team_id`, `meeting_id`, `created_at`, `updated_at`, `rank`, `user_id`, `sum_team_points`, `meeting_individual_points`, `meeting_relay_points`, `meeting_team_points`, `season_individual_points`, `season_relay_points`, `season_team_points`, `season_id`, `team_affiliation_id`)
  VALUES (11810, 25141.9, 0.0, 841, 15280, '2016-04-13 07:04:07', '2016-04-13 07:04:07', 0, 1, 0.0, 0.0, 0.0, 0.0, 0.0, 0.0, 0.0, 152, 1816);

INSERT INTO `meeting_team_scores` (`id`, `sum_individual_points`, `sum_relay_points`, `team_id`, `meeting_id`, `created_at`, `updated_at`, `rank`, `user_id`, `sum_team_points`, `meeting_individual_points`, `meeting_relay_points`, `meeting_team_points`, `season_individual_points`, `season_relay_points`, `season_team_points`, `season_id`, `team_affiliation_id`)
  VALUES (11811, 18662.36, 0.0, 119, 15280, '2016-04-13 07:04:07', '2016-04-13 07:04:07', 0, 1, 0.0, 0.0, 0.0, 0.0, 0.0, 0.0, 0.0, 152, 1790);

INSERT INTO `meeting_team_scores` (`id`, `sum_individual_points`, `sum_relay_points`, `team_id`, `meeting_id`, `created_at`, `updated_at`, `rank`, `user_id`, `sum_team_points`, `meeting_individual_points`, `meeting_relay_points`, `meeting_team_points`, `season_individual_points`, `season_relay_points`, `season_team_points`, `season_id`, `team_affiliation_id`)
  VALUES (11812, 10222.89, 0.0, 837, 15280, '2016-04-13 07:04:07', '2016-04-13 07:04:07', 0, 1, 0.0, 0.0, 0.0, 0.0, 0.0, 0.0, 0.0, 152, 1757);

INSERT INTO `meeting_team_scores` (`id`, `sum_individual_points`, `sum_relay_points`, `team_id`, `meeting_id`, `created_at`, `updated_at`, `rank`, `user_id`, `sum_team_points`, `meeting_individual_points`, `meeting_relay_points`, `meeting_team_points`, `season_individual_points`, `season_relay_points`, `season_team_points`, `season_id`, `team_affiliation_id`)
  VALUES (11813, 8603.61, 0.0, 845, 15280, '2016-04-13 07:04:07', '2016-04-13 07:04:07', 0, 1, 0.0, 0.0, 0.0, 0.0, 0.0, 0.0, 0.0, 152, 1820);

INSERT INTO `meeting_team_scores` (`id`, `sum_individual_points`, `sum_relay_points`, `team_id`, `meeting_id`, `created_at`, `updated_at`, `rank`, `user_id`, `sum_team_points`, `meeting_individual_points`, `meeting_relay_points`, `meeting_team_points`, `season_individual_points`, `season_relay_points`, `season_team_points`, `season_id`, `team_affiliation_id`)
  VALUES (11814, 6779.15, 0.0, 844, 15280, '2016-04-13 07:04:07', '2016-04-13 07:04:07', 0, 1, 0.0, 0.0, 0.0, 0.0, 0.0, 0.0, 0.0, 152, 1819);

INSERT INTO `meeting_team_scores` (`id`, `sum_individual_points`, `sum_relay_points`, `team_id`, `meeting_id`, `created_at`, `updated_at`, `rank`, `user_id`, `sum_team_points`, `meeting_individual_points`, `meeting_relay_points`, `meeting_team_points`, `season_individual_points`, `season_relay_points`, `season_team_points`, `season_id`, `team_affiliation_id`)
  VALUES (11815, 6762.74, 0.0, 201, 15280, '2016-04-13 07:04:07', '2016-04-13 07:04:07', 0, 1, 0.0, 0.0, 0.0, 0.0, 0.0, 0.0, 0.0, 152, 1717);

INSERT INTO `meeting_team_scores` (`id`, `sum_individual_points`, `sum_relay_points`, `team_id`, `meeting_id`, `created_at`, `updated_at`, `rank`, `user_id`, `sum_team_points`, `meeting_individual_points`, `meeting_relay_points`, `meeting_team_points`, `season_individual_points`, `season_relay_points`, `season_team_points`, `season_id`, `team_affiliation_id`)
  VALUES (11816, 6394.06, 0.0, 213, 15280, '2016-04-13 07:04:07', '2016-04-13 07:04:07', 0, 1, 0.0, 0.0, 0.0, 0.0, 0.0, 0.0, 0.0, 152, 1737);

INSERT INTO `meeting_team_scores` (`id`, `sum_individual_points`, `sum_relay_points`, `team_id`, `meeting_id`, `created_at`, `updated_at`, `rank`, `user_id`, `sum_team_points`, `meeting_individual_points`, `meeting_relay_points`, `meeting_team_points`, `season_individual_points`, `season_relay_points`, `season_team_points`, `season_id`, `team_affiliation_id`)
  VALUES (11817, 5610.03, 0.0, 428, 15280, '2016-04-13 07:04:07', '2016-04-13 07:04:07', 0, 1, 0.0, 0.0, 0.0, 0.0, 0.0, 0.0, 0.0, 152, 1786);

INSERT INTO `meeting_team_scores` (`id`, `sum_individual_points`, `sum_relay_points`, `team_id`, `meeting_id`, `created_at`, `updated_at`, `rank`, `user_id`, `sum_team_points`, `meeting_individual_points`, `meeting_relay_points`, `meeting_team_points`, `season_individual_points`, `season_relay_points`, `season_team_points`, `season_id`, `team_affiliation_id`)
  VALUES (11818, 5384.08, 0.0, 116, 15280, '2016-04-13 07:04:07', '2016-04-13 07:04:07', 0, 1, 0.0, 0.0, 0.0, 0.0, 0.0, 0.0, 0.0, 152, 1540);

INSERT INTO `meeting_team_scores` (`id`, `sum_individual_points`, `sum_relay_points`, `team_id`, `meeting_id`, `created_at`, `updated_at`, `rank`, `user_id`, `sum_team_points`, `meeting_individual_points`, `meeting_relay_points`, `meeting_team_points`, `season_individual_points`, `season_relay_points`, `season_team_points`, `season_id`, `team_affiliation_id`)
  VALUES (11819, 5255.32, 0.0, 115, 15280, '2016-04-13 07:04:07', '2016-04-13 07:04:07', 0, 1, 0.0, 0.0, 0.0, 0.0, 0.0, 0.0, 0.0, 152, 1598);

INSERT INTO `meeting_team_scores` (`id`, `sum_individual_points`, `sum_relay_points`, `team_id`, `meeting_id`, `created_at`, `updated_at`, `rank`, `user_id`, `sum_team_points`, `meeting_individual_points`, `meeting_relay_points`, `meeting_team_points`, `season_individual_points`, `season_relay_points`, `season_team_points`, `season_id`, `team_affiliation_id`)
  VALUES (11820, 4122.89, 0.0, 192, 15280, '2016-04-13 07:04:07', '2016-04-13 07:04:07', 0, 1, 0.0, 0.0, 0.0, 0.0, 0.0, 0.0, 0.0, 152, 1803);

INSERT INTO `meeting_team_scores` (`id`, `sum_individual_points`, `sum_relay_points`, `team_id`, `meeting_id`, `created_at`, `updated_at`, `rank`, `user_id`, `sum_team_points`, `meeting_individual_points`, `meeting_relay_points`, `meeting_team_points`, `season_individual_points`, `season_relay_points`, `season_team_points`, `season_id`, `team_affiliation_id`)
  VALUES (11821, 4056.37, 0.0, 89, 15280, '2016-04-13 07:04:07', '2016-04-13 07:04:07', 0, 1, 0.0, 0.0, 0.0, 0.0, 0.0, 0.0, 0.0, 152, 1543);

INSERT INTO `meeting_team_scores` (`id`, `sum_individual_points`, `sum_relay_points`, `team_id`, `meeting_id`, `created_at`, `updated_at`, `rank`, `user_id`, `sum_team_points`, `meeting_individual_points`, `meeting_relay_points`, `meeting_team_points`, `season_individual_points`, `season_relay_points`, `season_team_points`, `season_id`, `team_affiliation_id`)
  VALUES (11822, 3999.22, 0.0, 211, 15280, '2016-04-13 07:04:07', '2016-04-13 07:04:07', 0, 1, 0.0, 0.0, 0.0, 0.0, 0.0, 0.0, 0.0, 152, 1845);

INSERT INTO `meeting_team_scores` (`id`, `sum_individual_points`, `sum_relay_points`, `team_id`, `meeting_id`, `created_at`, `updated_at`, `rank`, `user_id`, `sum_team_points`, `meeting_individual_points`, `meeting_relay_points`, `meeting_team_points`, `season_individual_points`, `season_relay_points`, `season_team_points`, `season_id`, `team_affiliation_id`)
  VALUES (11823, 3579.3, 0.0, 54, 15280, '2016-04-13 07:04:08', '2016-04-13 07:04:08', 0, 1, 0.0, 0.0, 0.0, 0.0, 0.0, 0.0, 0.0, 152, 1572);

INSERT INTO `meeting_team_scores` (`id`, `sum_individual_points`, `sum_relay_points`, `team_id`, `meeting_id`, `created_at`, `updated_at`, `rank`, `user_id`, `sum_team_points`, `meeting_individual_points`, `meeting_relay_points`, `meeting_team_points`, `season_individual_points`, `season_relay_points`, `season_team_points`, `season_id`, `team_affiliation_id`)
  VALUES (11824, 3463.45, 0.0, 443, 15280, '2016-04-13 07:04:08', '2016-04-13 07:04:08', 0, 1, 0.0, 0.0, 0.0, 0.0, 0.0, 0.0, 0.0, 152, 1806);

INSERT INTO `meeting_team_scores` (`id`, `sum_individual_points`, `sum_relay_points`, `team_id`, `meeting_id`, `created_at`, `updated_at`, `rank`, `user_id`, `sum_team_points`, `meeting_individual_points`, `meeting_relay_points`, `meeting_team_points`, `season_individual_points`, `season_relay_points`, `season_team_points`, `season_id`, `team_affiliation_id`)
  VALUES (11825, 3199.07, 0.0, 829, 15280, '2016-04-13 07:04:08', '2016-04-13 07:04:08', 0, 1, 0.0, 0.0, 0.0, 0.0, 0.0, 0.0, 0.0, 152, 1672);

INSERT INTO `meeting_team_scores` (`id`, `sum_individual_points`, `sum_relay_points`, `team_id`, `meeting_id`, `created_at`, `updated_at`, `rank`, `user_id`, `sum_team_points`, `meeting_individual_points`, `meeting_relay_points`, `meeting_team_points`, `season_individual_points`, `season_relay_points`, `season_team_points`, `season_id`, `team_affiliation_id`)
  VALUES (11826, 1789.52, 0.0, 526, 15280, '2016-04-13 07:04:08', '2016-04-13 07:04:08', 0, 1, 0.0, 0.0, 0.0, 0.0, 0.0, 0.0, 0.0, 152, 1795);

INSERT INTO `meeting_team_scores` (`id`, `sum_individual_points`, `sum_relay_points`, `team_id`, `meeting_id`, `created_at`, `updated_at`, `rank`, `user_id`, `sum_team_points`, `meeting_individual_points`, `meeting_relay_points`, `meeting_team_points`, `season_individual_points`, `season_relay_points`, `season_team_points`, `season_id`, `team_affiliation_id`)
  VALUES (11827, 1756.63, 0.0, 206, 15280, '2016-04-13 07:04:08', '2016-04-13 07:04:08', 0, 1, 0.0, 0.0, 0.0, 0.0, 0.0, 0.0, 0.0, 152, 1625);

INSERT INTO `meeting_team_scores` (`id`, `sum_individual_points`, `sum_relay_points`, `team_id`, `meeting_id`, `created_at`, `updated_at`, `rank`, `user_id`, `sum_team_points`, `meeting_individual_points`, `meeting_relay_points`, `meeting_team_points`, `season_individual_points`, `season_relay_points`, `season_team_points`, `season_id`, `team_affiliation_id`)
  VALUES (11828, 1624.67, 0.0, 203, 15280, '2016-04-13 07:04:08', '2016-04-13 07:04:08', 0, 1, 0.0, 0.0, 0.0, 0.0, 0.0, 0.0, 0.0, 152, 1618);

INSERT INTO `meeting_team_scores` (`id`, `sum_individual_points`, `sum_relay_points`, `team_id`, `meeting_id`, `created_at`, `updated_at`, `rank`, `user_id`, `sum_team_points`, `meeting_individual_points`, `meeting_relay_points`, `meeting_team_points`, `season_individual_points`, `season_relay_points`, `season_team_points`, `season_id`, `team_affiliation_id`)
  VALUES (11829, 1574.96, 0.0, 249, 15280, '2016-04-13 07:04:08', '2016-04-13 07:04:08', 0, 1, 0.0, 0.0, 0.0, 0.0, 0.0, 0.0, 0.0, 152, 1651);

INSERT INTO `meeting_team_scores` (`id`, `sum_individual_points`, `sum_relay_points`, `team_id`, `meeting_id`, `created_at`, `updated_at`, `rank`, `user_id`, `sum_team_points`, `meeting_individual_points`, `meeting_relay_points`, `meeting_team_points`, `season_individual_points`, `season_relay_points`, `season_team_points`, `season_id`, `team_affiliation_id`)
  VALUES (11830, 1434.63, 0.0, 381, 15280, '2016-04-13 07:04:08', '2016-04-13 07:04:08', 0, 1, 0.0, 0.0, 0.0, 0.0, 0.0, 0.0, 0.0, 152, 2115);

INSERT INTO `meeting_team_scores` (`id`, `sum_individual_points`, `sum_relay_points`, `team_id`, `meeting_id`, `created_at`, `updated_at`, `rank`, `user_id`, `sum_team_points`, `meeting_individual_points`, `meeting_relay_points`, `meeting_team_points`, `season_individual_points`, `season_relay_points`, `season_team_points`, `season_id`, `team_affiliation_id`)
  VALUES (11831, 1396.54, 0.0, 798, 15280, '2016-04-13 07:04:08', '2016-04-13 07:04:08', 0, 1, 0.0, 0.0, 0.0, 0.0, 0.0, 0.0, 0.0, 152, 1999);

INSERT INTO `meeting_team_scores` (`id`, `sum_individual_points`, `sum_relay_points`, `team_id`, `meeting_id`, `created_at`, `updated_at`, `rank`, `user_id`, `sum_team_points`, `meeting_individual_points`, `meeting_relay_points`, `meeting_team_points`, `season_individual_points`, `season_relay_points`, `season_team_points`, `season_id`, `team_affiliation_id`)
  VALUES (11832, 1012.2, 0.0, 527, 15280, '2016-04-13 07:04:08', '2016-04-13 07:04:08', 0, 1, 0.0, 0.0, 0.0, 0.0, 0.0, 0.0, 0.0, 152, 1718);

INSERT INTO `meeting_team_scores` (`id`, `sum_individual_points`, `sum_relay_points`, `team_id`, `meeting_id`, `created_at`, `updated_at`, `rank`, `user_id`, `sum_team_points`, `meeting_individual_points`, `meeting_relay_points`, `meeting_team_points`, `season_individual_points`, `season_relay_points`, `season_team_points`, `season_id`, `team_affiliation_id`)
  VALUES (11833, 768.99, 0.0, 789, 15280, '2016-04-13 07:04:08', '2016-04-13 07:04:08', 0, 1, 0.0, 0.0, 0.0, 0.0, 0.0, 0.0, 0.0, 152, 1794);

INSERT INTO `meeting_team_scores` (`id`, `sum_individual_points`, `sum_relay_points`, `team_id`, `meeting_id`, `created_at`, `updated_at`, `rank`, `user_id`, `sum_team_points`, `meeting_individual_points`, `meeting_relay_points`, `meeting_team_points`, `season_individual_points`, `season_relay_points`, `season_team_points`, `season_id`, `team_affiliation_id`)
  VALUES (11834, 768.28, 0.0, 189, 15280, '2016-04-13 07:04:08', '2016-04-13 07:04:08', 0, 1, 0.0, 0.0, 0.0, 0.0, 0.0, 0.0, 0.0, 152, 1799);


-- Meeting 15280
-- 'Results acquired' flag setting:
UPDATE meetings SET are_results_acquired = '1' WHERE id = 15280;

-- --- BeginTimeCalculator: compute_for_all( 15280 )
-- ----------------------------------------------------
-- Using RESULTS to compute heat length.

-- Event #1, M.Prg: 49193, tot. athletes: 0
-- Tot. progr. duration: 0 (sec), Heat durations: [] (hds)
-- Session begin time: 2016-02-20 08:30:00 +0100, Computed begin time: 2016-02-20 08:32:00 +0100
UPDATE meeting_programs SET begin_time = '2016-02-20 08:32' WHERE id = 49193;

-- Event #1, M.Prg: 49039, tot. athletes: 1
-- Tot. progr. duration: 127 (sec), Heat durations: [12792] (hds)
-- Session begin time: 2016-02-20 08:30:00 +0100, Computed begin time: 2016-02-20 08:32:00 +0100
UPDATE meeting_programs SET begin_time = '2016-02-20 08:32' WHERE id = 49039;

-- Event #2, M.Prg: 49040, tot. athletes: 1
-- Tot. progr. duration: 144 (sec), Heat durations: [14497] (hds)
-- Session begin time: 2016-02-20 08:30:00 +0100, Computed begin time: 2016-02-20 08:34:07 +0100
UPDATE meeting_programs SET begin_time = '2016-02-20 08:34' WHERE id = 49040;

-- Event #2, M.Prg: 49194, tot. athletes: 0
-- Tot. progr. duration: 0 (sec), Heat durations: [] (hds)
-- Session begin time: 2016-02-20 08:30:00 +0100, Computed begin time: 2016-02-20 08:36:31 +0100
UPDATE meeting_programs SET begin_time = '2016-02-20 08:36' WHERE id = 49194;

-- Event #3, M.Prg: 49041, tot. athletes: 1
-- Tot. progr. duration: 141 (sec), Heat durations: [14114] (hds)
-- Session begin time: 2016-02-20 08:30:00 +0100, Computed begin time: 2016-02-20 08:36:31 +0100
UPDATE meeting_programs SET begin_time = '2016-02-20 08:36' WHERE id = 49041;

-- Event #3, M.Prg: 49195, tot. athletes: 0
-- Tot. progr. duration: 0 (sec), Heat durations: [] (hds)
-- Session begin time: 2016-02-20 08:30:00 +0100, Computed begin time: 2016-02-20 08:38:52 +0100
UPDATE meeting_programs SET begin_time = '2016-02-20 08:38' WHERE id = 49195;

-- Event #4, M.Prg: 49042, tot. athletes: 1
-- Tot. progr. duration: 194 (sec), Heat durations: [19441] (hds)
-- Session begin time: 2016-02-20 08:30:00 +0100, Computed begin time: 2016-02-20 08:38:52 +0100
UPDATE meeting_programs SET begin_time = '2016-02-20 08:38' WHERE id = 49042;

-- Event #4, M.Prg: 49196, tot. athletes: 0
-- Tot. progr. duration: 0 (sec), Heat durations: [] (hds)
-- Session begin time: 2016-02-20 08:30:00 +0100, Computed begin time: 2016-02-20 08:42:06 +0100
UPDATE meeting_programs SET begin_time = '2016-02-20 08:42' WHERE id = 49196;

-- Event #5, M.Prg: 49197, tot. athletes: 0
-- Tot. progr. duration: 0 (sec), Heat durations: [] (hds)
-- Session begin time: 2016-02-20 08:30:00 +0100, Computed begin time: 2016-02-20 08:42:06 +0100
UPDATE meeting_programs SET begin_time = '2016-02-20 08:42' WHERE id = 49197;

-- Event #5, M.Prg: 49043, tot. athletes: 1
-- Tot. progr. duration: 245 (sec), Heat durations: [24543] (hds)
-- Session begin time: 2016-02-20 08:30:00 +0100, Computed begin time: 2016-02-20 08:42:06 +0100
UPDATE meeting_programs SET begin_time = '2016-02-20 08:42' WHERE id = 49043;

-- Event #6, M.Prg: 49044, tot. athletes: 1
-- Tot. progr. duration: 150 (sec), Heat durations: [15058] (hds)
-- Session begin time: 2016-02-20 08:30:00 +0100, Computed begin time: 2016-02-20 08:46:11 +0100
UPDATE meeting_programs SET begin_time = '2016-02-20 08:46' WHERE id = 49044;

-- Event #6, M.Prg: 49198, tot. athletes: 0
-- Tot. progr. duration: 0 (sec), Heat durations: [] (hds)
-- Session begin time: 2016-02-20 08:30:00 +0100, Computed begin time: 2016-02-20 08:48:41 +0100
UPDATE meeting_programs SET begin_time = '2016-02-20 08:48' WHERE id = 49198;

-- Event #7, M.Prg: 49045, tot. athletes: 2
-- Tot. progr. duration: 158 (sec), Heat durations: [15826] (hds)
-- Session begin time: 2016-02-20 08:30:00 +0100, Computed begin time: 2016-02-20 08:48:41 +0100
UPDATE meeting_programs SET begin_time = '2016-02-20 08:48' WHERE id = 49045;

-- Event #7, M.Prg: 49199, tot. athletes: 0
-- Tot. progr. duration: 0 (sec), Heat durations: [] (hds)
-- Session begin time: 2016-02-20 08:30:00 +0100, Computed begin time: 2016-02-20 08:51:19 +0100
UPDATE meeting_programs SET begin_time = '2016-02-20 08:51' WHERE id = 49199;

-- Event #8, M.Prg: 49046, tot. athletes: 1
-- Tot. progr. duration: 123 (sec), Heat durations: [12391] (hds)
-- Session begin time: 2016-02-20 08:30:00 +0100, Computed begin time: 2016-02-20 08:51:19 +0100
UPDATE meeting_programs SET begin_time = '2016-02-20 08:51' WHERE id = 49046;

-- Event #8, M.Prg: 49200, tot. athletes: 0
-- Tot. progr. duration: 0 (sec), Heat durations: [] (hds)
-- Session begin time: 2016-02-20 08:30:00 +0100, Computed begin time: 2016-02-20 08:53:22 +0100
UPDATE meeting_programs SET begin_time = '2016-02-20 08:53' WHERE id = 49200;

-- Event #9, M.Prg: 49047, tot. athletes: 1
-- Tot. progr. duration: 133 (sec), Heat durations: [13307] (hds)
-- Session begin time: 2016-02-20 08:30:00 +0100, Computed begin time: 2016-02-20 08:53:22 +0100
UPDATE meeting_programs SET begin_time = '2016-02-20 08:53' WHERE id = 49047;

-- Event #9, M.Prg: 49201, tot. athletes: 0
-- Tot. progr. duration: 0 (sec), Heat durations: [] (hds)
-- Session begin time: 2016-02-20 08:30:00 +0100, Computed begin time: 2016-02-20 08:55:35 +0100
UPDATE meeting_programs SET begin_time = '2016-02-20 08:55' WHERE id = 49201;

-- Event #10, M.Prg: 49048, tot. athletes: 1
-- Tot. progr. duration: 134 (sec), Heat durations: [13480] (hds)
-- Session begin time: 2016-02-20 08:30:00 +0100, Computed begin time: 2016-02-20 08:55:35 +0100
UPDATE meeting_programs SET begin_time = '2016-02-20 08:55' WHERE id = 49048;

-- Event #10, M.Prg: 49202, tot. athletes: 0
-- Tot. progr. duration: 0 (sec), Heat durations: [] (hds)
-- Session begin time: 2016-02-20 08:30:00 +0100, Computed begin time: 2016-02-20 08:57:49 +0100
UPDATE meeting_programs SET begin_time = '2016-02-20 08:57' WHERE id = 49202;

-- Event #11, M.Prg: 49049, tot. athletes: 2
-- Tot. progr. duration: 151 (sec), Heat durations: [15129] (hds)
-- Session begin time: 2016-02-20 08:30:00 +0100, Computed begin time: 2016-02-20 08:57:49 +0100
UPDATE meeting_programs SET begin_time = '2016-02-20 08:57' WHERE id = 49049;

-- Event #11, M.Prg: 49203, tot. athletes: 0
-- Tot. progr. duration: 0 (sec), Heat durations: [] (hds)
-- Session begin time: 2016-02-20 08:30:00 +0100, Computed begin time: 2016-02-20 09:00:20 +0100
UPDATE meeting_programs SET begin_time = '2016-02-20 09:00' WHERE id = 49203;

-- Event #12, M.Prg: 49050, tot. athletes: 1
-- Tot. progr. duration: 205 (sec), Heat durations: [20548] (hds)
-- Session begin time: 2016-02-20 08:30:00 +0100, Computed begin time: 2016-02-20 09:00:20 +0100
UPDATE meeting_programs SET begin_time = '2016-02-20 09:00' WHERE id = 49050;

-- Event #12, M.Prg: 49204, tot. athletes: 0
-- Tot. progr. duration: 0 (sec), Heat durations: [] (hds)
-- Session begin time: 2016-02-20 08:30:00 +0100, Computed begin time: 2016-02-20 09:03:45 +0100
UPDATE meeting_programs SET begin_time = '2016-02-20 09:03' WHERE id = 49204;

-- Event #13, M.Prg: 49051, tot. athletes: 2
-- Tot. progr. duration: 156 (sec), Heat durations: [15691] (hds)
-- Session begin time: 2016-02-20 08:30:00 +0100, Computed begin time: 2016-02-20 09:03:45 +0100
UPDATE meeting_programs SET begin_time = '2016-02-20 09:03' WHERE id = 49051;

-- Event #13, M.Prg: 49205, tot. athletes: 0
-- Tot. progr. duration: 0 (sec), Heat durations: [] (hds)
-- Session begin time: 2016-02-20 08:30:00 +0100, Computed begin time: 2016-02-20 09:06:21 +0100
UPDATE meeting_programs SET begin_time = '2016-02-20 09:06' WHERE id = 49205;

-- Event #14, M.Prg: 49052, tot. athletes: 2
-- Tot. progr. duration: 135 (sec), Heat durations: [13551] (hds)
-- Session begin time: 2016-02-20 08:30:00 +0100, Computed begin time: 2016-02-20 09:06:21 +0100
UPDATE meeting_programs SET begin_time = '2016-02-20 09:06' WHERE id = 49052;

-- Event #14, M.Prg: 49206, tot. athletes: 0
-- Tot. progr. duration: 0 (sec), Heat durations: [] (hds)
-- Session begin time: 2016-02-20 08:30:00 +0100, Computed begin time: 2016-02-20 09:08:36 +0100
UPDATE meeting_programs SET begin_time = '2016-02-20 09:08' WHERE id = 49206;

-- Event #15, M.Prg: 49053, tot. athletes: 1
-- Tot. progr. duration: 150 (sec), Heat durations: [15013] (hds)
-- Session begin time: 2016-02-20 08:30:00 +0100, Computed begin time: 2016-02-20 09:08:36 +0100
UPDATE meeting_programs SET begin_time = '2016-02-20 09:08' WHERE id = 49053;

-- Event #15, M.Prg: 49207, tot. athletes: 0
-- Tot. progr. duration: 0 (sec), Heat durations: [] (hds)
-- Session begin time: 2016-02-20 08:30:00 +0100, Computed begin time: 2016-02-20 09:11:06 +0100
UPDATE meeting_programs SET begin_time = '2016-02-20 09:11' WHERE id = 49207;

-- Event #16, M.Prg: 49054, tot. athletes: 2
-- Tot. progr. duration: 148 (sec), Heat durations: [14862] (hds)
-- Session begin time: 2016-02-20 08:30:00 +0100, Computed begin time: 2016-02-20 09:11:06 +0100
UPDATE meeting_programs SET begin_time = '2016-02-20 09:11' WHERE id = 49054;

-- Event #16, M.Prg: 49208, tot. athletes: 0
-- Tot. progr. duration: 0 (sec), Heat durations: [] (hds)
-- Session begin time: 2016-02-20 08:30:00 +0100, Computed begin time: 2016-02-20 09:13:34 +0100
UPDATE meeting_programs SET begin_time = '2016-02-20 09:13' WHERE id = 49208;

-- Event #17, M.Prg: 49055, tot. athletes: 1
-- Tot. progr. duration: 147 (sec), Heat durations: [14733] (hds)
-- Session begin time: 2016-02-20 08:30:00 +0100, Computed begin time: 2016-02-20 09:13:34 +0100
UPDATE meeting_programs SET begin_time = '2016-02-20 09:13' WHERE id = 49055;

-- Event #17, M.Prg: 49209, tot. athletes: 0
-- Tot. progr. duration: 0 (sec), Heat durations: [] (hds)
-- Session begin time: 2016-02-20 08:30:00 +0100, Computed begin time: 2016-02-20 09:16:01 +0100
UPDATE meeting_programs SET begin_time = '2016-02-20 09:16' WHERE id = 49209;

-- Event #18, M.Prg: 49056, tot. athletes: 1
-- Tot. progr. duration: 154 (sec), Heat durations: [15474] (hds)
-- Session begin time: 2016-02-20 08:30:00 +0100, Computed begin time: 2016-02-20 09:16:01 +0100
UPDATE meeting_programs SET begin_time = '2016-02-20 09:16' WHERE id = 49056;

-- Event #19, M.Prg: 49057, tot. athletes: 1
-- Tot. progr. duration: 144 (sec), Heat durations: [14462] (hds)
-- Session begin time: 2016-02-20 08:30:00 +0100, Computed begin time: 2016-02-20 09:18:35 +0100
UPDATE meeting_programs SET begin_time = '2016-02-20 09:18' WHERE id = 49057;

-- Event #20, M.Prg: 49058, tot. athletes: 1
-- Tot. progr. duration: 159 (sec), Heat durations: [15969] (hds)
-- Session begin time: 2016-02-20 08:30:00 +0100, Computed begin time: 2016-02-20 09:20:59 +0100
UPDATE meeting_programs SET begin_time = '2016-02-20 09:20' WHERE id = 49058;

-- Event #21, M.Prg: 49059, tot. athletes: 1
-- Tot. progr. duration: 152 (sec), Heat durations: [15221] (hds)
-- Session begin time: 2016-02-20 08:30:00 +0100, Computed begin time: 2016-02-20 09:23:38 +0100
UPDATE meeting_programs SET begin_time = '2016-02-20 09:23' WHERE id = 49059;

-- Event #22, M.Prg: 49060, tot. athletes: 1
-- Tot. progr. duration: 171 (sec), Heat durations: [17158] (hds)
-- Session begin time: 2016-02-20 08:30:00 +0100, Computed begin time: 2016-02-20 09:26:10 +0100
UPDATE meeting_programs SET begin_time = '2016-02-20 09:26' WHERE id = 49060;

-- Event #23, M.Prg: 49061, tot. athletes: 1
-- Tot. progr. duration: 155 (sec), Heat durations: [15508] (hds)
-- Session begin time: 2016-02-20 08:30:00 +0100, Computed begin time: 2016-02-20 09:29:01 +0100
UPDATE meeting_programs SET begin_time = '2016-02-20 09:29' WHERE id = 49061;

-- Event #24, M.Prg: 49062, tot. athletes: 1
-- Tot. progr. duration: 151 (sec), Heat durations: [15100] (hds)
-- Session begin time: 2016-02-20 08:30:00 +0100, Computed begin time: 2016-02-20 09:31:36 +0100
UPDATE meeting_programs SET begin_time = '2016-02-20 09:31' WHERE id = 49062;

-- Event #25, M.Prg: 49063, tot. athletes: 2
-- Tot. progr. duration: 159 (sec), Heat durations: [15938] (hds)
-- Session begin time: 2016-02-20 08:30:00 +0100, Computed begin time: 2016-02-20 09:34:07 +0100
UPDATE meeting_programs SET begin_time = '2016-02-20 09:34' WHERE id = 49063;

-- Event #26, M.Prg: 49064, tot. athletes: 1
-- Tot. progr. duration: 167 (sec), Heat durations: [16763] (hds)
-- Session begin time: 2016-02-20 08:30:00 +0100, Computed begin time: 2016-02-20 09:36:46 +0100
UPDATE meeting_programs SET begin_time = '2016-02-20 09:36' WHERE id = 49064;

-- Event #27, M.Prg: 49065, tot. athletes: 1
-- Tot. progr. duration: 141 (sec), Heat durations: [14148] (hds)
-- Session begin time: 2016-02-20 08:30:00 +0100, Computed begin time: 2016-02-20 09:39:33 +0100
UPDATE meeting_programs SET begin_time = '2016-02-20 09:39' WHERE id = 49065;

-- Event #28, M.Prg: 49066, tot. athletes: 1
-- Tot. progr. duration: 179 (sec), Heat durations: [17909] (hds)
-- Session begin time: 2016-02-20 08:30:00 +0100, Computed begin time: 2016-02-20 09:41:54 +0100
UPDATE meeting_programs SET begin_time = '2016-02-20 09:41' WHERE id = 49066;

-- Event #29, M.Prg: 49067, tot. athletes: 1
-- Tot. progr. duration: 134 (sec), Heat durations: [13494] (hds)
-- Session begin time: 2016-02-20 08:30:00 +0100, Computed begin time: 2016-02-20 09:44:53 +0100
UPDATE meeting_programs SET begin_time = '2016-02-20 09:44' WHERE id = 49067;

-- Event #30, M.Prg: 49068, tot. athletes: 3
-- Tot. progr. duration: 140 (sec), Heat durations: [14071] (hds)
-- Session begin time: 2016-02-20 08:30:00 +0100, Computed begin time: 2016-02-20 09:47:07 +0100
UPDATE meeting_programs SET begin_time = '2016-02-20 09:47' WHERE id = 49068;

-- Event #31, M.Prg: 49069, tot. athletes: 1
-- Tot. progr. duration: 129 (sec), Heat durations: [12991] (hds)
-- Session begin time: 2016-02-20 08:30:00 +0100, Computed begin time: 2016-02-20 09:49:27 +0100
UPDATE meeting_programs SET begin_time = '2016-02-20 09:49' WHERE id = 49069;

-- Event #32, M.Prg: 49070, tot. athletes: 1
-- Tot. progr. duration: 132 (sec), Heat durations: [13294] (hds)
-- Session begin time: 2016-02-20 08:30:00 +0100, Computed begin time: 2016-02-20 09:51:36 +0100
UPDATE meeting_programs SET begin_time = '2016-02-20 09:51' WHERE id = 49070;

-- Event #33, M.Prg: 49071, tot. athletes: 1
-- Tot. progr. duration: 156 (sec), Heat durations: [15611] (hds)
-- Session begin time: 2016-02-20 08:30:00 +0100, Computed begin time: 2016-02-20 09:53:48 +0100
UPDATE meeting_programs SET begin_time = '2016-02-20 09:53' WHERE id = 49071;

-- Event #34, M.Prg: 49072, tot. athletes: 1
-- Tot. progr. duration: 127 (sec), Heat durations: [12736] (hds)
-- Session begin time: 2016-02-20 08:30:00 +0100, Computed begin time: 2016-02-20 09:56:24 +0100
UPDATE meeting_programs SET begin_time = '2016-02-20 09:56' WHERE id = 49072;

-- Event #35, M.Prg: 49073, tot. athletes: 2
-- Tot. progr. duration: 125 (sec), Heat durations: [12569] (hds)
-- Session begin time: 2016-02-20 08:30:00 +0100, Computed begin time: 2016-02-20 09:58:31 +0100
UPDATE meeting_programs SET begin_time = '2016-02-20 09:58' WHERE id = 49073;

-- Event #36, M.Prg: 49074, tot. athletes: 5
-- Tot. progr. duration: 138 (sec), Heat durations: [13832] (hds)
-- Session begin time: 2016-02-20 08:30:00 +0100, Computed begin time: 2016-02-20 10:00:36 +0100
UPDATE meeting_programs SET begin_time = '2016-02-20 10:00' WHERE id = 49074;

-- Event #37, M.Prg: 49075, tot. athletes: 1
-- Tot. progr. duration: 134 (sec), Heat durations: [13486] (hds)
-- Session begin time: 2016-02-20 08:30:00 +0100, Computed begin time: 2016-02-20 10:02:54 +0100
UPDATE meeting_programs SET begin_time = '2016-02-20 10:02' WHERE id = 49075;

-- Event #38, M.Prg: 49076, tot. athletes: 2
-- Tot. progr. duration: 135 (sec), Heat durations: [13531] (hds)
-- Session begin time: 2016-02-20 08:30:00 +0100, Computed begin time: 2016-02-20 10:05:08 +0100
UPDATE meeting_programs SET begin_time = '2016-02-20 10:05' WHERE id = 49076;

-- Event #39, M.Prg: 49077, tot. athletes: 3
-- Tot. progr. duration: 145 (sec), Heat durations: [14511] (hds)
-- Session begin time: 2016-02-20 08:30:00 +0100, Computed begin time: 2016-02-20 10:07:23 +0100
UPDATE meeting_programs SET begin_time = '2016-02-20 10:07' WHERE id = 49077;

-- Event #40, M.Prg: 49078, tot. athletes: 2
-- Tot. progr. duration: 153 (sec), Heat durations: [15359] (hds)
-- Session begin time: 2016-02-20 08:30:00 +0100, Computed begin time: 2016-02-20 10:09:48 +0100
UPDATE meeting_programs SET begin_time = '2016-02-20 10:09' WHERE id = 49078;

-- Event #41, M.Prg: 49079, tot. athletes: 2
-- Tot. progr. duration: 141 (sec), Heat durations: [14124] (hds)
-- Session begin time: 2016-02-20 08:30:00 +0100, Computed begin time: 2016-02-20 10:12:21 +0100
UPDATE meeting_programs SET begin_time = '2016-02-20 10:12' WHERE id = 49079;

-- Event #42, M.Prg: 49080, tot. athletes: 1
-- Tot. progr. duration: 138 (sec), Heat durations: [13881] (hds)
-- Session begin time: 2016-02-20 08:30:00 +0100, Computed begin time: 2016-02-20 10:14:42 +0100
UPDATE meeting_programs SET begin_time = '2016-02-20 10:14' WHERE id = 49080;

-- Event #43, M.Prg: 49081, tot. athletes: 1
-- Tot. progr. duration: 133 (sec), Heat durations: [13350] (hds)
-- Session begin time: 2016-02-20 08:30:00 +0100, Computed begin time: 2016-02-20 10:17:00 +0100
UPDATE meeting_programs SET begin_time = '2016-02-20 10:17' WHERE id = 49081;

-- Event #44, M.Prg: 49082, tot. athletes: 2
-- Tot. progr. duration: 1464 (sec), Heat durations: [146402] (hds)
-- Session begin time: 2016-02-20 08:30:00 +0100, Computed begin time: 2016-02-20 10:19:13 +0100
UPDATE meeting_programs SET begin_time = '2016-02-20 10:19' WHERE id = 49082;

-- Event #45, M.Prg: 49083, tot. athletes: 1
-- Tot. progr. duration: 1401 (sec), Heat durations: [140184] (hds)
-- Session begin time: 2016-02-20 08:30:00 +0100, Computed begin time: 2016-02-20 10:43:37 +0100
UPDATE meeting_programs SET begin_time = '2016-02-20 10:43' WHERE id = 49083;

-- Event #46, M.Prg: 49084, tot. athletes: 2
-- Tot. progr. duration: 1605 (sec), Heat durations: [160553] (hds)
-- Session begin time: 2016-02-20 08:30:00 +0100, Computed begin time: 2016-02-20 11:06:58 +0100
UPDATE meeting_programs SET begin_time = '2016-02-20 11:06' WHERE id = 49084;

-- Event #47, M.Prg: 49085, tot. athletes: 2
-- Tot. progr. duration: 1473 (sec), Heat durations: [147376] (hds)
-- Session begin time: 2016-02-20 08:30:00 +0100, Computed begin time: 2016-02-20 11:33:43 +0100
UPDATE meeting_programs SET begin_time = '2016-02-20 11:33' WHERE id = 49085;

-- Event #48, M.Prg: 49086, tot. athletes: 1
-- Tot. progr. duration: 1438 (sec), Heat durations: [143897] (hds)
-- Session begin time: 2016-02-20 08:30:00 +0100, Computed begin time: 2016-02-20 11:58:16 +0100
UPDATE meeting_programs SET begin_time = '2016-02-20 11:58' WHERE id = 49086;

-- Event #49, M.Prg: 49087, tot. athletes: 1
-- Tot. progr. duration: 1274 (sec), Heat durations: [127425] (hds)
-- Session begin time: 2016-02-20 08:30:00 +0100, Computed begin time: 2016-02-20 12:22:14 +0100
UPDATE meeting_programs SET begin_time = '2016-02-20 12:22' WHERE id = 49087;

-- Event #50, M.Prg: 49088, tot. athletes: 1
-- Tot. progr. duration: 1368 (sec), Heat durations: [136844] (hds)
-- Session begin time: 2016-02-20 08:30:00 +0100, Computed begin time: 2016-02-20 12:43:28 +0100
UPDATE meeting_programs SET begin_time = '2016-02-20 12:43' WHERE id = 49088;

-- Event #51, M.Prg: 49089, tot. athletes: 3
-- Tot. progr. duration: 1421 (sec), Heat durations: [142172] (hds)
-- Session begin time: 2016-02-20 08:30:00 +0100, Computed begin time: 2016-02-20 13:06:16 +0100
UPDATE meeting_programs SET begin_time = '2016-02-20 13:06' WHERE id = 49089;

-- Event #52, M.Prg: 49090, tot. athletes: 1
-- Tot. progr. duration: 1401 (sec), Heat durations: [140132] (hds)
-- Session begin time: 2016-02-20 08:30:00 +0100, Computed begin time: 2016-02-20 13:29:57 +0100
UPDATE meeting_programs SET begin_time = '2016-02-20 13:29' WHERE id = 49090;

-- Event #53, M.Prg: 49091, tot. athletes: 1
-- Tot. progr. duration: 1296 (sec), Heat durations: [129611] (hds)
-- Session begin time: 2016-02-20 08:30:00 +0100, Computed begin time: 2016-02-20 13:53:18 +0100
UPDATE meeting_programs SET begin_time = '2016-02-20 13:53' WHERE id = 49091;

-- Event #54, M.Prg: 49092, tot. athletes: 1
-- Tot. progr. duration: 1335 (sec), Heat durations: [133565] (hds)
-- Session begin time: 2016-02-20 08:30:00 +0100, Computed begin time: 2016-02-20 14:14:54 +0100
UPDATE meeting_programs SET begin_time = '2016-02-20 14:14' WHERE id = 49092;

-- Event #55, M.Prg: 49093, tot. athletes: 1
-- Tot. progr. duration: 240 (sec), Heat durations: [24023] (hds)
-- Session begin time: 2016-02-20 08:30:00 +0100, Computed begin time: 2016-02-20 14:37:09 +0100
UPDATE meeting_programs SET begin_time = '2016-02-20 14:37' WHERE id = 49093;

-- Event #56, M.Prg: 49094, tot. athletes: 1
-- Tot. progr. duration: 259 (sec), Heat durations: [25979] (hds)
-- Session begin time: 2016-02-20 08:30:00 +0100, Computed begin time: 2016-02-20 14:41:09 +0100
UPDATE meeting_programs SET begin_time = '2016-02-20 14:41' WHERE id = 49094;

-- Event #57, M.Prg: 49095, tot. athletes: 1
-- Tot. progr. duration: 273 (sec), Heat durations: [27337] (hds)
-- Session begin time: 2016-02-20 08:30:00 +0100, Computed begin time: 2016-02-20 14:45:28 +0100
UPDATE meeting_programs SET begin_time = '2016-02-20 14:45' WHERE id = 49095;

-- Event #58, M.Prg: 49096, tot. athletes: 1
-- Tot. progr. duration: 376 (sec), Heat durations: [37666] (hds)
-- Session begin time: 2016-02-20 08:30:00 +0100, Computed begin time: 2016-02-20 14:50:01 +0100
UPDATE meeting_programs SET begin_time = '2016-02-20 14:50' WHERE id = 49096;

-- Event #59, M.Prg: 49097, tot. athletes: 1
-- Tot. progr. duration: 211 (sec), Heat durations: [21155] (hds)
-- Session begin time: 2016-02-20 08:30:00 +0100, Computed begin time: 2016-02-20 14:56:17 +0100
UPDATE meeting_programs SET begin_time = '2016-02-20 14:56' WHERE id = 49097;

-- Event #60, M.Prg: 49098, tot. athletes: 1
-- Tot. progr. duration: 252 (sec), Heat durations: [25225] (hds)
-- Session begin time: 2016-02-20 08:30:00 +0100, Computed begin time: 2016-02-20 14:59:48 +0100
UPDATE meeting_programs SET begin_time = '2016-02-20 14:59' WHERE id = 49098;

-- Event #61, M.Prg: 49099, tot. athletes: 2
-- Tot. progr. duration: 319 (sec), Heat durations: [31972] (hds)
-- Session begin time: 2016-02-20 08:30:00 +0100, Computed begin time: 2016-02-20 15:04:00 +0100
UPDATE meeting_programs SET begin_time = '2016-02-20 15:04' WHERE id = 49099;

-- Event #62, M.Prg: 49100, tot. athletes: 1
-- Tot. progr. duration: 228 (sec), Heat durations: [22828] (hds)
-- Session begin time: 2016-02-20 08:30:00 +0100, Computed begin time: 2016-02-20 15:09:19 +0100
UPDATE meeting_programs SET begin_time = '2016-02-20 15:09' WHERE id = 49100;

-- Event #63, M.Prg: 49101, tot. athletes: 1
-- Tot. progr. duration: 264 (sec), Heat durations: [26421] (hds)
-- Session begin time: 2016-02-20 08:30:00 +0100, Computed begin time: 2016-02-20 15:13:07 +0100
UPDATE meeting_programs SET begin_time = '2016-02-20 15:13' WHERE id = 49101;

-- Event #64, M.Prg: 49102, tot. athletes: 1
-- Tot. progr. duration: 253 (sec), Heat durations: [25318] (hds)
-- Session begin time: 2016-02-20 08:30:00 +0100, Computed begin time: 2016-02-20 15:17:31 +0100
UPDATE meeting_programs SET begin_time = '2016-02-20 15:17' WHERE id = 49102;

-- Event #65, M.Prg: 49103, tot. athletes: 1
-- Tot. progr. duration: 222 (sec), Heat durations: [22284] (hds)
-- Session begin time: 2016-02-20 08:30:00 +0100, Computed begin time: 2016-02-20 15:21:44 +0100
UPDATE meeting_programs SET begin_time = '2016-02-20 15:21' WHERE id = 49103;

-- Event #66, M.Prg: 49104, tot. athletes: 1
-- Tot. progr. duration: 233 (sec), Heat durations: [23355] (hds)
-- Session begin time: 2016-02-20 08:30:00 +0100, Computed begin time: 2016-02-20 15:25:26 +0100
UPDATE meeting_programs SET begin_time = '2016-02-20 15:25' WHERE id = 49104;

-- Event #67, M.Prg: 49105, tot. athletes: 1
-- Tot. progr. duration: 246 (sec), Heat durations: [24605] (hds)
-- Session begin time: 2016-02-20 08:30:00 +0100, Computed begin time: 2016-02-20 15:29:19 +0100
UPDATE meeting_programs SET begin_time = '2016-02-20 15:29' WHERE id = 49105;

-- Event #68, M.Prg: 49106, tot. athletes: 1
-- Tot. progr. duration: 211 (sec), Heat durations: [21118] (hds)
-- Session begin time: 2016-02-20 08:30:00 +0100, Computed begin time: 2016-02-20 15:33:25 +0100
UPDATE meeting_programs SET begin_time = '2016-02-20 15:33' WHERE id = 49106;

-- Event #69, M.Prg: 49107, tot. athletes: 1
-- Tot. progr. duration: 251 (sec), Heat durations: [25158] (hds)
-- Session begin time: 2016-02-20 08:30:00 +0100, Computed begin time: 2016-02-20 15:36:56 +0100
UPDATE meeting_programs SET begin_time = '2016-02-20 15:36' WHERE id = 49107;

-- Event #70, M.Prg: 49108, tot. athletes: 1
-- Tot. progr. duration: 305 (sec), Heat durations: [30539] (hds)
-- Session begin time: 2016-02-20 08:30:00 +0100, Computed begin time: 2016-02-20 15:41:07 +0100
UPDATE meeting_programs SET begin_time = '2016-02-20 15:41' WHERE id = 49108;

-- Event #71, M.Prg: 49109, tot. athletes: 2
-- Tot. progr. duration: 269 (sec), Heat durations: [26959] (hds)
-- Session begin time: 2016-02-20 08:30:00 +0100, Computed begin time: 2016-02-20 15:46:12 +0100
UPDATE meeting_programs SET begin_time = '2016-02-20 15:46' WHERE id = 49109;

-- Event #72, M.Prg: 49110, tot. athletes: 1
-- Tot. progr. duration: 263 (sec), Heat durations: [26309] (hds)
-- Session begin time: 2016-02-20 08:30:00 +0100, Computed begin time: 2016-02-20 15:50:41 +0100
UPDATE meeting_programs SET begin_time = '2016-02-20 15:50' WHERE id = 49110;

-- Event #73, M.Prg: 49111, tot. athletes: 1
-- Tot. progr. duration: 257 (sec), Heat durations: [25779] (hds)
-- Session begin time: 2016-02-20 08:30:00 +0100, Computed begin time: 2016-02-20 15:55:04 +0100
UPDATE meeting_programs SET begin_time = '2016-02-20 15:55' WHERE id = 49111;

-- Event #74, M.Prg: 49112, tot. athletes: 2
-- Tot. progr. duration: 317 (sec), Heat durations: [31770] (hds)
-- Session begin time: 2016-02-20 08:30:00 +0100, Computed begin time: 2016-02-20 15:59:21 +0100
UPDATE meeting_programs SET begin_time = '2016-02-20 15:59' WHERE id = 49112;

-- Event #75, M.Prg: 49113, tot. athletes: 1
-- Tot. progr. duration: 213 (sec), Heat durations: [21305] (hds)
-- Session begin time: 2016-02-20 08:30:00 +0100, Computed begin time: 2016-02-20 16:04:38 +0100
UPDATE meeting_programs SET begin_time = '2016-02-20 16:04' WHERE id = 49113;

-- Event #76, M.Prg: 49114, tot. athletes: 1
-- Tot. progr. duration: 227 (sec), Heat durations: [22759] (hds)
-- Session begin time: 2016-02-20 08:30:00 +0100, Computed begin time: 2016-02-20 16:08:11 +0100
UPDATE meeting_programs SET begin_time = '2016-02-20 16:08' WHERE id = 49114;

-- Event #77, M.Prg: 49115, tot. athletes: 1
-- Tot. progr. duration: 219 (sec), Heat durations: [21920] (hds)
-- Session begin time: 2016-02-20 08:30:00 +0100, Computed begin time: 2016-02-20 16:11:58 +0100
UPDATE meeting_programs SET begin_time = '2016-02-20 16:11' WHERE id = 49115;

-- Event #78, M.Prg: 49116, tot. athletes: 1
-- Tot. progr. duration: 186 (sec), Heat durations: [18643] (hds)
-- Session begin time: 2016-02-20 08:30:00 +0100, Computed begin time: 2016-02-20 16:15:37 +0100
UPDATE meeting_programs SET begin_time = '2016-02-20 16:15' WHERE id = 49116;

-- Event #79, M.Prg: 49117, tot. athletes: 1
-- Tot. progr. duration: 186 (sec), Heat durations: [18620] (hds)
-- Session begin time: 2016-02-20 08:30:00 +0100, Computed begin time: 2016-02-20 16:18:43 +0100
UPDATE meeting_programs SET begin_time = '2016-02-20 16:18' WHERE id = 49117;

-- Event #80, M.Prg: 49118, tot. athletes: 5
-- Tot. progr. duration: 259 (sec), Heat durations: [25928] (hds)
-- Session begin time: 2016-02-20 08:30:00 +0100, Computed begin time: 2016-02-20 16:21:49 +0100
UPDATE meeting_programs SET begin_time = '2016-02-20 16:21' WHERE id = 49118;

-- Event #81, M.Prg: 49119, tot. athletes: 3
-- Tot. progr. duration: 219 (sec), Heat durations: [21914] (hds)
-- Session begin time: 2016-02-20 08:30:00 +0100, Computed begin time: 2016-02-20 16:26:08 +0100
UPDATE meeting_programs SET begin_time = '2016-02-20 16:26' WHERE id = 49119;

-- Event #82, M.Prg: 49120, tot. athletes: 2
-- Tot. progr. duration: 207 (sec), Heat durations: [20727] (hds)
-- Session begin time: 2016-02-20 08:30:00 +0100, Computed begin time: 2016-02-20 16:29:47 +0100
UPDATE meeting_programs SET begin_time = '2016-02-20 16:29' WHERE id = 49120;

-- Event #83, M.Prg: 49121, tot. athletes: 1
-- Tot. progr. duration: 212 (sec), Heat durations: [21267] (hds)
-- Session begin time: 2016-02-20 08:30:00 +0100, Computed begin time: 2016-02-20 16:33:14 +0100
UPDATE meeting_programs SET begin_time = '2016-02-20 16:33' WHERE id = 49121;

-- Event #84, M.Prg: 49122, tot. athletes: 2
-- Tot. progr. duration: 227 (sec), Heat durations: [22773] (hds)
-- Session begin time: 2016-02-20 08:30:00 +0100, Computed begin time: 2016-02-20 16:36:46 +0100
UPDATE meeting_programs SET begin_time = '2016-02-20 16:36' WHERE id = 49122;

-- Event #85, M.Prg: 49123, tot. athletes: 1
-- Tot. progr. duration: 490 (sec), Heat durations: [49042] (hds)
-- Session begin time: 2016-02-20 08:30:00 +0100, Computed begin time: 2016-02-20 16:40:33 +0100
UPDATE meeting_programs SET begin_time = '2016-02-20 16:40' WHERE id = 49123;

-- Event #86, M.Prg: 49124, tot. athletes: 1
-- Tot. progr. duration: 407 (sec), Heat durations: [40700] (hds)
-- Session begin time: 2016-02-20 08:30:00 +0100, Computed begin time: 2016-02-20 16:48:43 +0100
UPDATE meeting_programs SET begin_time = '2016-02-20 16:48' WHERE id = 49124;

-- Event #87, M.Prg: 49125, tot. athletes: 1
-- Tot. progr. duration: 471 (sec), Heat durations: [47175] (hds)
-- Session begin time: 2016-02-20 08:30:00 +0100, Computed begin time: 2016-02-20 16:55:30 +0100
UPDATE meeting_programs SET begin_time = '2016-02-20 16:55' WHERE id = 49125;

-- Event #88, M.Prg: 49126, tot. athletes: 1
-- Tot. progr. duration: 463 (sec), Heat durations: [46384] (hds)
-- Session begin time: 2016-02-20 08:30:00 +0100, Computed begin time: 2016-02-20 17:03:21 +0100
UPDATE meeting_programs SET begin_time = '2016-02-20 17:03' WHERE id = 49126;

-- Event #89, M.Prg: 49127, tot. athletes: 1
-- Tot. progr. duration: 388 (sec), Heat durations: [38817] (hds)
-- Session begin time: 2016-02-20 08:30:00 +0100, Computed begin time: 2016-02-20 17:11:04 +0100
UPDATE meeting_programs SET begin_time = '2016-02-20 17:11' WHERE id = 49127;

-- Event #90, M.Prg: 49128, tot. athletes: 1
-- Tot. progr. duration: 394 (sec), Heat durations: [39478] (hds)
-- Session begin time: 2016-02-20 08:30:00 +0100, Computed begin time: 2016-02-20 17:17:32 +0100
UPDATE meeting_programs SET begin_time = '2016-02-20 17:17' WHERE id = 49128;

-- Event #91, M.Prg: 49129, tot. athletes: 1
-- Tot. progr. duration: 371 (sec), Heat durations: [37174] (hds)
-- Session begin time: 2016-02-20 08:30:00 +0100, Computed begin time: 2016-02-20 17:24:06 +0100
UPDATE meeting_programs SET begin_time = '2016-02-20 17:24' WHERE id = 49129;

-- Event #92, M.Prg: 49130, tot. athletes: 1
-- Tot. progr. duration: 477 (sec), Heat durations: [47725] (hds)
-- Session begin time: 2016-02-20 08:30:00 +0100, Computed begin time: 2016-02-20 17:30:17 +0100
UPDATE meeting_programs SET begin_time = '2016-02-20 17:30' WHERE id = 49130;

-- Event #93, M.Prg: 49131, tot. athletes: 1
-- Tot. progr. duration: 628 (sec), Heat durations: [62898] (hds)
-- Session begin time: 2016-02-20 08:30:00 +0100, Computed begin time: 2016-02-20 17:38:14 +0100
UPDATE meeting_programs SET begin_time = '2016-02-20 17:38' WHERE id = 49131;

-- Event #94, M.Prg: 49132, tot. athletes: 3
-- Tot. progr. duration: 427 (sec), Heat durations: [42728] (hds)
-- Session begin time: 2016-02-20 08:30:00 +0100, Computed begin time: 2016-02-20 17:48:42 +0100
UPDATE meeting_programs SET begin_time = '2016-02-20 17:48' WHERE id = 49132;

-- Event #95, M.Prg: 49133, tot. athletes: 1
-- Tot. progr. duration: 378 (sec), Heat durations: [37829] (hds)
-- Session begin time: 2016-02-20 08:30:00 +0100, Computed begin time: 2016-02-20 17:55:49 +0100
UPDATE meeting_programs SET begin_time = '2016-02-20 17:55' WHERE id = 49133;

-- Event #96, M.Prg: 49134, tot. athletes: 1
-- Tot. progr. duration: 464 (sec), Heat durations: [46482] (hds)
-- Session begin time: 2016-02-20 08:30:00 +0100, Computed begin time: 2016-02-20 18:02:07 +0100
UPDATE meeting_programs SET begin_time = '2016-02-20 18:02' WHERE id = 49134;

-- Event #97, M.Prg: 49135, tot. athletes: 1
-- Tot. progr. duration: 453 (sec), Heat durations: [45312] (hds)
-- Session begin time: 2016-02-20 08:30:00 +0100, Computed begin time: 2016-02-20 18:09:51 +0100
UPDATE meeting_programs SET begin_time = '2016-02-20 18:09' WHERE id = 49135;

-- Event #98, M.Prg: 49136, tot. athletes: 1
-- Tot. progr. duration: 504 (sec), Heat durations: [50469] (hds)
-- Session begin time: 2016-02-20 08:30:00 +0100, Computed begin time: 2016-02-20 18:17:24 +0100
UPDATE meeting_programs SET begin_time = '2016-02-20 18:17' WHERE id = 49136;

-- Event #99, M.Prg: 49137, tot. athletes: 1
-- Tot. progr. duration: 91 (sec), Heat durations: [9197] (hds)
-- Session begin time: 2016-02-20 08:30:00 +0100, Computed begin time: 2016-02-20 18:25:48 +0100
UPDATE meeting_programs SET begin_time = '2016-02-20 18:25' WHERE id = 49137;

-- Event #100, M.Prg: 49138, tot. athletes: 2
-- Tot. progr. duration: 113 (sec), Heat durations: [11390] (hds)
-- Session begin time: 2016-02-20 08:30:00 +0100, Computed begin time: 2016-02-20 18:27:19 +0100
UPDATE meeting_programs SET begin_time = '2016-02-20 18:27' WHERE id = 49138;

-- Event #101, M.Prg: 49139, tot. athletes: 2
-- Tot. progr. duration: 110 (sec), Heat durations: [11032] (hds)
-- Session begin time: 2016-02-20 08:30:00 +0100, Computed begin time: 2016-02-20 18:29:12 +0100
UPDATE meeting_programs SET begin_time = '2016-02-20 18:29' WHERE id = 49139;

-- Event #102, M.Prg: 49140, tot. athletes: 1
-- Tot. progr. duration: 98 (sec), Heat durations: [9849] (hds)
-- Session begin time: 2016-02-20 08:30:00 +0100, Computed begin time: 2016-02-20 18:31:02 +0100
UPDATE meeting_programs SET begin_time = '2016-02-20 18:31' WHERE id = 49140;

-- Event #103, M.Prg: 49141, tot. athletes: 1
-- Tot. progr. duration: 89 (sec), Heat durations: [8997] (hds)
-- Session begin time: 2016-02-20 08:30:00 +0100, Computed begin time: 2016-02-20 18:32:40 +0100
UPDATE meeting_programs SET begin_time = '2016-02-20 18:32' WHERE id = 49141;

-- Event #104, M.Prg: 49142, tot. athletes: 3
-- Tot. progr. duration: 100 (sec), Heat durations: [10033] (hds)
-- Session begin time: 2016-02-20 08:30:00 +0100, Computed begin time: 2016-02-20 18:34:09 +0100
UPDATE meeting_programs SET begin_time = '2016-02-20 18:34' WHERE id = 49142;

-- Event #105, M.Prg: 49143, tot. athletes: 2
-- Tot. progr. duration: 104 (sec), Heat durations: [10480] (hds)
-- Session begin time: 2016-02-20 08:30:00 +0100, Computed begin time: 2016-02-20 18:35:49 +0100
UPDATE meeting_programs SET begin_time = '2016-02-20 18:35' WHERE id = 49143;

-- Event #106, M.Prg: 49144, tot. athletes: 4
-- Tot. progr. duration: 116 (sec), Heat durations: [11623] (hds)
-- Session begin time: 2016-02-20 08:30:00 +0100, Computed begin time: 2016-02-20 18:37:33 +0100
UPDATE meeting_programs SET begin_time = '2016-02-20 18:37' WHERE id = 49144;

-- Event #107, M.Prg: 49145, tot. athletes: 1
-- Tot. progr. duration: 145 (sec), Heat durations: [14512] (hds)
-- Session begin time: 2016-02-20 08:30:00 +0100, Computed begin time: 2016-02-20 18:39:29 +0100
UPDATE meeting_programs SET begin_time = '2016-02-20 18:39' WHERE id = 49145;

-- Event #108, M.Prg: 49146, tot. athletes: 1
-- Tot. progr. duration: 92 (sec), Heat durations: [9214] (hds)
-- Session begin time: 2016-02-20 08:30:00 +0100, Computed begin time: 2016-02-20 18:41:54 +0100
UPDATE meeting_programs SET begin_time = '2016-02-20 18:41' WHERE id = 49146;

-- Event #109, M.Prg: 49147, tot. athletes: 1
-- Tot. progr. duration: 96 (sec), Heat durations: [9661] (hds)
-- Session begin time: 2016-02-20 08:30:00 +0100, Computed begin time: 2016-02-20 18:43:26 +0100
UPDATE meeting_programs SET begin_time = '2016-02-20 18:43' WHERE id = 49147;

-- Event #110, M.Prg: 49148, tot. athletes: 1
-- Tot. progr. duration: 100 (sec), Heat durations: [10044] (hds)
-- Session begin time: 2016-02-20 08:30:00 +0100, Computed begin time: 2016-02-20 18:45:02 +0100
UPDATE meeting_programs SET begin_time = '2016-02-20 18:45' WHERE id = 49148;

-- Event #111, M.Prg: 49149, tot. athletes: 1
-- Tot. progr. duration: 91 (sec), Heat durations: [9169] (hds)
-- Session begin time: 2016-02-20 08:30:00 +0100, Computed begin time: 2016-02-20 18:46:42 +0100
UPDATE meeting_programs SET begin_time = '2016-02-20 18:46' WHERE id = 49149;

-- Event #112, M.Prg: 49150, tot. athletes: 2
-- Tot. progr. duration: 88 (sec), Heat durations: [8875] (hds)
-- Session begin time: 2016-02-20 08:30:00 +0100, Computed begin time: 2016-02-20 18:48:13 +0100
UPDATE meeting_programs SET begin_time = '2016-02-20 18:48' WHERE id = 49150;

-- Event #113, M.Prg: 49151, tot. athletes: 1
-- Tot. progr. duration: 92 (sec), Heat durations: [9205] (hds)
-- Session begin time: 2016-02-20 08:30:00 +0100, Computed begin time: 2016-02-20 18:49:41 +0100
UPDATE meeting_programs SET begin_time = '2016-02-20 18:49' WHERE id = 49151;

-- Event #114, M.Prg: 49152, tot. athletes: 3
-- Tot. progr. duration: 105 (sec), Heat durations: [10565] (hds)
-- Session begin time: 2016-02-20 08:30:00 +0100, Computed begin time: 2016-02-20 18:51:13 +0100
UPDATE meeting_programs SET begin_time = '2016-02-20 18:51' WHERE id = 49152;

-- Event #115, M.Prg: 49153, tot. athletes: 2
-- Tot. progr. duration: 99 (sec), Heat durations: [9983] (hds)
-- Session begin time: 2016-02-20 08:30:00 +0100, Computed begin time: 2016-02-20 18:52:58 +0100
UPDATE meeting_programs SET begin_time = '2016-02-20 18:52' WHERE id = 49153;

-- Event #116, M.Prg: 49154, tot. athletes: 2
-- Tot. progr. duration: 97 (sec), Heat durations: [9758] (hds)
-- Session begin time: 2016-02-20 08:30:00 +0100, Computed begin time: 2016-02-20 18:54:37 +0100
UPDATE meeting_programs SET begin_time = '2016-02-20 18:54' WHERE id = 49154;

-- Event #117, M.Prg: 49155, tot. athletes: 1
-- Tot. progr. duration: 106 (sec), Heat durations: [10665] (hds)
-- Session begin time: 2016-02-20 08:30:00 +0100, Computed begin time: 2016-02-20 18:56:14 +0100
UPDATE meeting_programs SET begin_time = '2016-02-20 18:56' WHERE id = 49155;

-- Event #118, M.Prg: 49156, tot. athletes: 1
-- Tot. progr. duration: 125 (sec), Heat durations: [12563] (hds)
-- Session begin time: 2016-02-20 08:30:00 +0100, Computed begin time: 2016-02-20 18:58:00 +0100
UPDATE meeting_programs SET begin_time = '2016-02-20 18:58' WHERE id = 49156;

-- Event #119, M.Prg: 49157, tot. athletes: 1
-- Tot. progr. duration: 105 (sec), Heat durations: [10557] (hds)
-- Session begin time: 2016-02-20 08:30:00 +0100, Computed begin time: 2016-02-20 19:00:05 +0100
UPDATE meeting_programs SET begin_time = '2016-02-20 19:00' WHERE id = 49157;

-- Event #120, M.Prg: 49158, tot. athletes: 3
-- Tot. progr. duration: 105 (sec), Heat durations: [10514] (hds)
-- Session begin time: 2016-02-20 08:30:00 +0100, Computed begin time: 2016-02-20 19:01:50 +0100
UPDATE meeting_programs SET begin_time = '2016-02-20 19:01' WHERE id = 49158;

-- Event #121, M.Prg: 49159, tot. athletes: 2
-- Tot. progr. duration: 103 (sec), Heat durations: [10337] (hds)
-- Session begin time: 2016-02-20 08:30:00 +0100, Computed begin time: 2016-02-20 19:03:35 +0100
UPDATE meeting_programs SET begin_time = '2016-02-20 19:03' WHERE id = 49159;

-- Event #122, M.Prg: 49160, tot. athletes: 1
-- Tot. progr. duration: 109 (sec), Heat durations: [10952] (hds)
-- Session begin time: 2016-02-20 08:30:00 +0100, Computed begin time: 2016-02-20 19:05:18 +0100
UPDATE meeting_programs SET begin_time = '2016-02-20 19:05' WHERE id = 49160;

-- Event #123, M.Prg: 49161, tot. athletes: 1
-- Tot. progr. duration: 127 (sec), Heat durations: [12745] (hds)
-- Session begin time: 2016-02-20 08:30:00 +0100, Computed begin time: 2016-02-20 19:07:07 +0100
UPDATE meeting_programs SET begin_time = '2016-02-20 19:07' WHERE id = 49161;

-- Event #124, M.Prg: 49162, tot. athletes: 2
-- Tot. progr. duration: 98 (sec), Heat durations: [9837] (hds)
-- Session begin time: 2016-02-20 08:30:00 +0100, Computed begin time: 2016-02-20 19:09:14 +0100
UPDATE meeting_programs SET begin_time = '2016-02-20 19:09' WHERE id = 49162;

-- Event #125, M.Prg: 49163, tot. athletes: 1
-- Tot. progr. duration: 95 (sec), Heat durations: [9566] (hds)
-- Session begin time: 2016-02-20 08:30:00 +0100, Computed begin time: 2016-02-20 19:10:52 +0100
UPDATE meeting_programs SET begin_time = '2016-02-20 19:10' WHERE id = 49163;

-- Event #126, M.Prg: 49164, tot. athletes: 4
-- Tot. progr. duration: 104 (sec), Heat durations: [10475] (hds)
-- Session begin time: 2016-02-20 08:30:00 +0100, Computed begin time: 2016-02-20 19:12:27 +0100
UPDATE meeting_programs SET begin_time = '2016-02-20 19:12' WHERE id = 49164;

-- Event #127, M.Prg: 49165, tot. athletes: 4
-- Tot. progr. duration: 107 (sec), Heat durations: [10753] (hds)
-- Session begin time: 2016-02-20 08:30:00 +0100, Computed begin time: 2016-02-20 19:14:11 +0100
UPDATE meeting_programs SET begin_time = '2016-02-20 19:14' WHERE id = 49165;

-- Event #128, M.Prg: 49166, tot. athletes: 2
-- Tot. progr. duration: 100 (sec), Heat durations: [10003] (hds)
-- Session begin time: 2016-02-20 08:30:00 +0100, Computed begin time: 2016-02-20 19:15:58 +0100
UPDATE meeting_programs SET begin_time = '2016-02-20 19:15' WHERE id = 49166;

-- Event #129, M.Prg: 49167, tot. athletes: 2
-- Tot. progr. duration: 112 (sec), Heat durations: [11284] (hds)
-- Session begin time: 2016-02-20 08:30:00 +0100, Computed begin time: 2016-02-20 19:17:38 +0100
UPDATE meeting_programs SET begin_time = '2016-02-20 19:17' WHERE id = 49167;

-- Event #130, M.Prg: 49168, tot. athletes: 1
-- Tot. progr. duration: 93 (sec), Heat durations: [9340] (hds)
-- Session begin time: 2016-02-20 08:30:00 +0100, Computed begin time: 2016-02-20 19:19:30 +0100
UPDATE meeting_programs SET begin_time = '2016-02-20 19:19' WHERE id = 49168;

-- Event #131, M.Prg: 49169, tot. athletes: 3
-- Tot. progr. duration: 95 (sec), Heat durations: [9520] (hds)
-- Session begin time: 2016-02-20 08:30:00 +0100, Computed begin time: 2016-02-20 19:21:03 +0100
UPDATE meeting_programs SET begin_time = '2016-02-20 19:21' WHERE id = 49169;

-- Event #132, M.Prg: 49170, tot. athletes: 2
-- Tot. progr. duration: 97 (sec), Heat durations: [9780] (hds)
-- Session begin time: 2016-02-20 08:30:00 +0100, Computed begin time: 2016-02-20 19:22:38 +0100
UPDATE meeting_programs SET begin_time = '2016-02-20 19:22' WHERE id = 49170;

-- Event #133, M.Prg: 49171, tot. athletes: 2
-- Tot. progr. duration: 102 (sec), Heat durations: [10299] (hds)
-- Session begin time: 2016-02-20 08:30:00 +0100, Computed begin time: 2016-02-20 19:24:15 +0100
UPDATE meeting_programs SET begin_time = '2016-02-20 19:24' WHERE id = 49171;

-- Event #134, M.Prg: 49172, tot. athletes: 1
-- Tot. progr. duration: 93 (sec), Heat durations: [9348] (hds)
-- Session begin time: 2016-02-20 08:30:00 +0100, Computed begin time: 2016-02-20 19:25:57 +0100
UPDATE meeting_programs SET begin_time = '2016-02-20 19:25' WHERE id = 49172;

-- Event #135, M.Prg: 49173, tot. athletes: 1
-- Tot. progr. duration: 102 (sec), Heat durations: [10274] (hds)
-- Session begin time: 2016-02-20 08:30:00 +0100, Computed begin time: 2016-02-20 19:27:30 +0100
UPDATE meeting_programs SET begin_time = '2016-02-20 19:27' WHERE id = 49173;

-- Event #136, M.Prg: 49174, tot. athletes: 4
-- Tot. progr. duration: 89 (sec), Heat durations: [8993] (hds)
-- Session begin time: 2016-02-20 08:30:00 +0100, Computed begin time: 2016-02-20 19:29:12 +0100
UPDATE meeting_programs SET begin_time = '2016-02-20 19:29' WHERE id = 49174;

-- Event #137, M.Prg: 49175, tot. athletes: 8
-- Tot. progr. duration: 181 (sec), Heat durations: [9332, 8801] (hds)
-- Session begin time: 2016-02-20 08:30:00 +0100, Computed begin time: 2016-02-20 19:30:41 +0100
UPDATE meeting_programs SET begin_time = '2016-02-20 19:30' WHERE id = 49175;

-- Event #138, M.Prg: 49176, tot. athletes: 3
-- Tot. progr. duration: 95 (sec), Heat durations: [9515] (hds)
-- Session begin time: 2016-02-20 08:30:00 +0100, Computed begin time: 2016-02-20 19:33:42 +0100
UPDATE meeting_programs SET begin_time = '2016-02-20 19:33' WHERE id = 49176;

-- Event #139, M.Prg: 49177, tot. athletes: 6
-- Tot. progr. duration: 95 (sec), Heat durations: [9542] (hds)
-- Session begin time: 2016-02-20 08:30:00 +0100, Computed begin time: 2016-02-20 19:35:17 +0100
UPDATE meeting_programs SET begin_time = '2016-02-20 19:35' WHERE id = 49177;

-- Event #140, M.Prg: 49178, tot. athletes: 4
-- Tot. progr. duration: 91 (sec), Heat durations: [9192] (hds)
-- Session begin time: 2016-02-20 08:30:00 +0100, Computed begin time: 2016-02-20 19:36:52 +0100
UPDATE meeting_programs SET begin_time = '2016-02-20 19:36' WHERE id = 49178;

-- Event #141, M.Prg: 49179, tot. athletes: 3
-- Tot. progr. duration: 90 (sec), Heat durations: [9093] (hds)
-- Session begin time: 2016-02-20 08:30:00 +0100, Computed begin time: 2016-02-20 19:38:23 +0100
UPDATE meeting_programs SET begin_time = '2016-02-20 19:38' WHERE id = 49179;

-- Event #142, M.Prg: 49180, tot. athletes: 1
-- Tot. progr. duration: 95 (sec), Heat durations: [9538] (hds)
-- Session begin time: 2016-02-20 08:30:00 +0100, Computed begin time: 2016-02-20 19:39:53 +0100
UPDATE meeting_programs SET begin_time = '2016-02-20 19:39' WHERE id = 49180;

-- Event #143, M.Prg: 49181, tot. athletes: 1
-- Tot. progr. duration: 101 (sec), Heat durations: [10101] (hds)
-- Session begin time: 2016-02-20 08:30:00 +0100, Computed begin time: 2016-02-20 19:41:28 +0100
UPDATE meeting_programs SET begin_time = '2016-02-20 19:41' WHERE id = 49181;

-- Event #144, M.Prg: 49182, tot. athletes: 1
-- Tot. progr. duration: 91 (sec), Heat durations: [9167] (hds)
-- Session begin time: 2016-02-20 08:30:00 +0100, Computed begin time: 2016-02-20 19:43:09 +0100
UPDATE meeting_programs SET begin_time = '2016-02-20 19:43' WHERE id = 49182;

-- Event #145, M.Prg: 49183, tot. athletes: 1
-- Tot. progr. duration: 773 (sec), Heat durations: [77381] (hds)
-- Session begin time: 2016-02-20 08:30:00 +0100, Computed begin time: 2016-02-20 19:44:40 +0100
UPDATE meeting_programs SET begin_time = '2016-02-20 19:44' WHERE id = 49183;

-- Event #146, M.Prg: 49184, tot. athletes: 1
-- Tot. progr. duration: 752 (sec), Heat durations: [75238] (hds)
-- Session begin time: 2016-02-20 08:30:00 +0100, Computed begin time: 2016-02-20 19:57:33 +0100
UPDATE meeting_programs SET begin_time = '2016-02-20 19:57' WHERE id = 49184;

-- Event #147, M.Prg: 49185, tot. athletes: 2
-- Tot. progr. duration: 950 (sec), Heat durations: [95038] (hds)
-- Session begin time: 2016-02-20 08:30:00 +0100, Computed begin time: 2016-02-20 20:10:05 +0100
UPDATE meeting_programs SET begin_time = '2016-02-20 20:10' WHERE id = 49185;

-- Event #148, M.Prg: 49186, tot. athletes: 2
-- Tot. progr. duration: 854 (sec), Heat durations: [85459] (hds)
-- Session begin time: 2016-02-20 08:30:00 +0100, Computed begin time: 2016-02-20 20:25:55 +0100
UPDATE meeting_programs SET begin_time = '2016-02-20 20:25' WHERE id = 49186;

-- Event #149, M.Prg: 49187, tot. athletes: 2
-- Tot. progr. duration: 878 (sec), Heat durations: [87828] (hds)
-- Session begin time: 2016-02-20 08:30:00 +0100, Computed begin time: 2016-02-20 20:40:09 +0100
UPDATE meeting_programs SET begin_time = '2016-02-20 20:40' WHERE id = 49187;

-- Event #150, M.Prg: 49188, tot. athletes: 1
-- Tot. progr. duration: 748 (sec), Heat durations: [74855] (hds)
-- Session begin time: 2016-02-20 08:30:00 +0100, Computed begin time: 2016-02-20 20:54:47 +0100
UPDATE meeting_programs SET begin_time = '2016-02-20 20:54' WHERE id = 49188;

-- Event #151, M.Prg: 49189, tot. athletes: 1
-- Tot. progr. duration: 723 (sec), Heat durations: [72340] (hds)
-- Session begin time: 2016-02-20 08:30:00 +0100, Computed begin time: 2016-02-20 21:07:15 +0100
UPDATE meeting_programs SET begin_time = '2016-02-20 21:07' WHERE id = 49189;

-- Event #152, M.Prg: 49190, tot. athletes: 1
-- Tot. progr. duration: 782 (sec), Heat durations: [78253] (hds)
-- Session begin time: 2016-02-20 08:30:00 +0100, Computed begin time: 2016-02-20 21:19:18 +0100
UPDATE meeting_programs SET begin_time = '2016-02-20 21:19' WHERE id = 49190;

-- Event #153, M.Prg: 49191, tot. athletes: 2
-- Tot. progr. duration: 842 (sec), Heat durations: [84216] (hds)
-- Session begin time: 2016-02-20 08:30:00 +0100, Computed begin time: 2016-02-20 21:32:20 +0100
UPDATE meeting_programs SET begin_time = '2016-02-20 21:32' WHERE id = 49191;

-- Event #154, M.Prg: 49192, tot. athletes: 2
-- Tot. progr. duration: 862 (sec), Heat durations: [86225] (hds)
-- Session begin time: 2016-02-20 08:30:00 +0100, Computed begin time: 2016-02-20 21:46:22 +0100
UPDATE meeting_programs SET begin_time = '2016-02-20 21:46' WHERE id = 49192;


-- Last completed phase code: 30
