-- *** SQL Diff file for ris20141108speclazio.txt ***
-- Timestamp: 201605241702
INSERT INTO `meeting_events` (`id`, `created_at`, `updated_at`, `event_order`, `begin_time`, `is_out_of_race`, `is_autofilled`, `notes`, `meeting_session_id`, `event_type_id`, `heat_type_id`, `user_id`, `has_separate_gender_start_list`, `has_separate_category_start_list`)
  VALUES (6333, '2016-05-24 17:08:07', '2016-05-24 17:08:07', 1, '2000-01-01 08:19:00', 0, 1, NULL, 702, 7, 3, 1, 1, 0);

INSERT INTO `meeting_programs` (`id`, `event_order`, `category_type_id`, `gender_type_id`, `user_id`, `created_at`, `updated_at`, `is_autofilled`, `is_out_of_race`, `begin_time`, `meeting_event_id`, `pool_type_id`, `time_standard_id`)
  VALUES (69083, 1, 835, 2, 1, '2016-05-24 17:08:07', '2016-05-24 17:08:07', 1, 0, '2000-01-01 08:19:00', 6333, 2, 4072);

INSERT INTO `meeting_programs` (`id`, `event_order`, `category_type_id`, `gender_type_id`, `user_id`, `created_at`, `updated_at`, `is_autofilled`, `is_out_of_race`, `begin_time`, `meeting_event_id`, `pool_type_id`, `time_standard_id`)
  VALUES (69084, 2, 836, 2, 1, '2016-05-24 17:08:08', '2016-05-24 17:08:08', 1, 0, '2000-01-01 08:21:00', 6333, 2, 4089);

INSERT INTO `meeting_programs` (`id`, `event_order`, `category_type_id`, `gender_type_id`, `user_id`, `created_at`, `updated_at`, `is_autofilled`, `is_out_of_race`, `begin_time`, `meeting_event_id`, `pool_type_id`, `time_standard_id`)
  VALUES (69085, 3, 837, 2, 1, '2016-05-24 17:08:08', '2016-05-24 17:08:08', 1, 0, '2000-01-01 08:23:00', 6333, 2, 4106);

INSERT INTO `meeting_programs` (`id`, `event_order`, `category_type_id`, `gender_type_id`, `user_id`, `created_at`, `updated_at`, `is_autofilled`, `is_out_of_race`, `begin_time`, `meeting_event_id`, `pool_type_id`, `time_standard_id`)
  VALUES (69086, 4, 838, 2, 1, '2016-05-24 17:08:08', '2016-05-24 17:08:08', 1, 0, '2000-01-01 08:25:00', 6333, 2, 4123);

INSERT INTO `meeting_programs` (`id`, `event_order`, `category_type_id`, `gender_type_id`, `user_id`, `created_at`, `updated_at`, `is_autofilled`, `is_out_of_race`, `begin_time`, `meeting_event_id`, `pool_type_id`, `time_standard_id`)
  VALUES (69087, 5, 839, 2, 1, '2016-05-24 17:08:08', '2016-05-24 17:08:08', 1, 0, '2000-01-01 08:27:00', 6333, 2, 4140);

INSERT INTO `meeting_programs` (`id`, `event_order`, `category_type_id`, `gender_type_id`, `user_id`, `created_at`, `updated_at`, `is_autofilled`, `is_out_of_race`, `begin_time`, `meeting_event_id`, `pool_type_id`, `time_standard_id`)
  VALUES (69088, 6, 841, 2, 1, '2016-05-24 17:08:08', '2016-05-24 17:08:08', 1, 0, '2000-01-01 08:29:00', 6333, 2, 4174);

INSERT INTO `meeting_programs` (`id`, `event_order`, `category_type_id`, `gender_type_id`, `user_id`, `created_at`, `updated_at`, `is_autofilled`, `is_out_of_race`, `begin_time`, `meeting_event_id`, `pool_type_id`, `time_standard_id`)
  VALUES (69089, 7, 842, 2, 1, '2016-05-24 17:08:08', '2016-05-24 17:08:08', 1, 0, '2000-01-01 08:31:00', 6333, 2, 4191);

INSERT INTO `meeting_programs` (`id`, `event_order`, `category_type_id`, `gender_type_id`, `user_id`, `created_at`, `updated_at`, `is_autofilled`, `is_out_of_race`, `begin_time`, `meeting_event_id`, `pool_type_id`, `time_standard_id`)
  VALUES (69090, 8, 834, 1, 1, '2016-05-24 17:08:08', '2016-05-24 17:08:08', 1, 0, '2000-01-01 08:33:00', 6333, 2, 3538);

INSERT INTO `meeting_programs` (`id`, `event_order`, `category_type_id`, `gender_type_id`, `user_id`, `created_at`, `updated_at`, `is_autofilled`, `is_out_of_race`, `begin_time`, `meeting_event_id`, `pool_type_id`, `time_standard_id`)
  VALUES (69091, 9, 835, 1, 1, '2016-05-24 17:08:08', '2016-05-24 17:08:08', 1, 0, '2000-01-01 08:35:00', 6333, 2, 3555);

INSERT INTO `meeting_programs` (`id`, `event_order`, `category_type_id`, `gender_type_id`, `user_id`, `created_at`, `updated_at`, `is_autofilled`, `is_out_of_race`, `begin_time`, `meeting_event_id`, `pool_type_id`, `time_standard_id`)
  VALUES (69092, 10, 836, 1, 1, '2016-05-24 17:08:08', '2016-05-24 17:08:08', 1, 0, '2000-01-01 08:37:00', 6333, 2, 3572);

INSERT INTO `meeting_programs` (`id`, `event_order`, `category_type_id`, `gender_type_id`, `user_id`, `created_at`, `updated_at`, `is_autofilled`, `is_out_of_race`, `begin_time`, `meeting_event_id`, `pool_type_id`, `time_standard_id`)
  VALUES (69093, 11, 837, 1, 1, '2016-05-24 17:08:08', '2016-05-24 17:08:08', 1, 0, '2000-01-01 08:39:00', 6333, 2, 3589);

INSERT INTO `meeting_programs` (`id`, `event_order`, `category_type_id`, `gender_type_id`, `user_id`, `created_at`, `updated_at`, `is_autofilled`, `is_out_of_race`, `begin_time`, `meeting_event_id`, `pool_type_id`, `time_standard_id`)
  VALUES (69094, 12, 838, 1, 1, '2016-05-24 17:08:08', '2016-05-24 17:08:08', 1, 0, '2000-01-01 08:41:00', 6333, 2, 3606);

INSERT INTO `meeting_programs` (`id`, `event_order`, `category_type_id`, `gender_type_id`, `user_id`, `created_at`, `updated_at`, `is_autofilled`, `is_out_of_race`, `begin_time`, `meeting_event_id`, `pool_type_id`, `time_standard_id`)
  VALUES (69095, 13, 839, 1, 1, '2016-05-24 17:08:08', '2016-05-24 17:08:08', 1, 0, '2000-01-01 08:43:00', 6333, 2, 3623);

INSERT INTO `meeting_programs` (`id`, `event_order`, `category_type_id`, `gender_type_id`, `user_id`, `created_at`, `updated_at`, `is_autofilled`, `is_out_of_race`, `begin_time`, `meeting_event_id`, `pool_type_id`, `time_standard_id`)
  VALUES (69096, 14, 840, 1, 1, '2016-05-24 17:08:09', '2016-05-24 17:08:09', 1, 0, '2000-01-01 08:45:00', 6333, 2, 3640);

INSERT INTO `meeting_programs` (`id`, `event_order`, `category_type_id`, `gender_type_id`, `user_id`, `created_at`, `updated_at`, `is_autofilled`, `is_out_of_race`, `begin_time`, `meeting_event_id`, `pool_type_id`, `time_standard_id`)
  VALUES (69097, 15, 841, 1, 1, '2016-05-24 17:08:09', '2016-05-24 17:08:09', 1, 0, '2000-01-01 08:47:00', 6333, 2, 3657);

INSERT INTO `meeting_programs` (`id`, `event_order`, `category_type_id`, `gender_type_id`, `user_id`, `created_at`, `updated_at`, `is_autofilled`, `is_out_of_race`, `begin_time`, `meeting_event_id`, `pool_type_id`, `time_standard_id`)
  VALUES (69098, 16, 842, 1, 1, '2016-05-24 17:08:09', '2016-05-24 17:08:09', 1, 0, '2000-01-01 08:49:00', 6333, 2, 3674);

INSERT INTO `meeting_events` (`id`, `created_at`, `updated_at`, `event_order`, `begin_time`, `is_out_of_race`, `is_autofilled`, `notes`, `meeting_session_id`, `event_type_id`, `heat_type_id`, `user_id`, `has_separate_gender_start_list`, `has_separate_category_start_list`)
  VALUES (6334, '2016-05-24 17:08:09', '2016-05-24 17:08:09', 2, '2000-01-01 08:51:00', 0, 1, NULL, 702, 6, 3, 1, 1, 0);

INSERT INTO `meeting_programs` (`id`, `event_order`, `category_type_id`, `gender_type_id`, `user_id`, `created_at`, `updated_at`, `is_autofilled`, `is_out_of_race`, `begin_time`, `meeting_event_id`, `pool_type_id`, `time_standard_id`)
  VALUES (69099, 17, 834, 2, 1, '2016-05-24 17:08:09', '2016-05-24 17:08:09', 1, 0, '2000-01-01 08:51:00', 6334, 2, 4054);

INSERT INTO `meeting_programs` (`id`, `event_order`, `category_type_id`, `gender_type_id`, `user_id`, `created_at`, `updated_at`, `is_autofilled`, `is_out_of_race`, `begin_time`, `meeting_event_id`, `pool_type_id`, `time_standard_id`)
  VALUES (69100, 18, 835, 2, 1, '2016-05-24 17:08:09', '2016-05-24 17:08:09', 1, 0, '2000-01-01 08:53:00', 6334, 2, 4071);

INSERT INTO `meeting_programs` (`id`, `event_order`, `category_type_id`, `gender_type_id`, `user_id`, `created_at`, `updated_at`, `is_autofilled`, `is_out_of_race`, `begin_time`, `meeting_event_id`, `pool_type_id`, `time_standard_id`)
  VALUES (69101, 19, 836, 2, 1, '2016-05-24 17:08:09', '2016-05-24 17:08:09', 1, 0, '2000-01-01 08:55:00', 6334, 2, 4088);

INSERT INTO `meeting_programs` (`id`, `event_order`, `category_type_id`, `gender_type_id`, `user_id`, `created_at`, `updated_at`, `is_autofilled`, `is_out_of_race`, `begin_time`, `meeting_event_id`, `pool_type_id`, `time_standard_id`)
  VALUES (69102, 20, 837, 2, 1, '2016-05-24 17:08:09', '2016-05-24 17:08:09', 1, 0, '2000-01-01 08:57:00', 6334, 2, 4105);

INSERT INTO `meeting_programs` (`id`, `event_order`, `category_type_id`, `gender_type_id`, `user_id`, `created_at`, `updated_at`, `is_autofilled`, `is_out_of_race`, `begin_time`, `meeting_event_id`, `pool_type_id`, `time_standard_id`)
  VALUES (69103, 21, 838, 2, 1, '2016-05-24 17:08:09', '2016-05-24 17:08:09', 1, 0, '2000-01-01 08:59:00', 6334, 2, 4122);

INSERT INTO `meeting_programs` (`id`, `event_order`, `category_type_id`, `gender_type_id`, `user_id`, `created_at`, `updated_at`, `is_autofilled`, `is_out_of_race`, `begin_time`, `meeting_event_id`, `pool_type_id`, `time_standard_id`)
  VALUES (69104, 22, 839, 2, 1, '2016-05-24 17:08:09', '2016-05-24 17:08:09', 1, 0, '2000-01-01 09:01:00', 6334, 2, 4139);

INSERT INTO `meeting_programs` (`id`, `event_order`, `category_type_id`, `gender_type_id`, `user_id`, `created_at`, `updated_at`, `is_autofilled`, `is_out_of_race`, `begin_time`, `meeting_event_id`, `pool_type_id`, `time_standard_id`)
  VALUES (69105, 23, 842, 2, 1, '2016-05-24 17:08:09', '2016-05-24 17:08:09', 1, 0, '2000-01-01 09:03:00', 6334, 2, 4190);

INSERT INTO `meeting_programs` (`id`, `event_order`, `category_type_id`, `gender_type_id`, `user_id`, `created_at`, `updated_at`, `is_autofilled`, `is_out_of_race`, `begin_time`, `meeting_event_id`, `pool_type_id`, `time_standard_id`)
  VALUES (69106, 24, 844, 2, 1, '2016-05-24 17:08:09', '2016-05-24 17:08:09', 1, 0, '2000-01-01 09:05:00', 6334, 2, 4224);

INSERT INTO `meeting_programs` (`id`, `event_order`, `category_type_id`, `gender_type_id`, `user_id`, `created_at`, `updated_at`, `is_autofilled`, `is_out_of_race`, `begin_time`, `meeting_event_id`, `pool_type_id`, `time_standard_id`)
  VALUES (69107, 25, 834, 1, 1, '2016-05-24 17:08:09', '2016-05-24 17:08:09', 1, 0, '2000-01-01 09:07:00', 6334, 2, 3537);

INSERT INTO `meeting_programs` (`id`, `event_order`, `category_type_id`, `gender_type_id`, `user_id`, `created_at`, `updated_at`, `is_autofilled`, `is_out_of_race`, `begin_time`, `meeting_event_id`, `pool_type_id`, `time_standard_id`)
  VALUES (69108, 26, 835, 1, 1, '2016-05-24 17:08:09', '2016-05-24 17:08:09', 1, 0, '2000-01-01 09:09:00', 6334, 2, 3554);

INSERT INTO `meeting_programs` (`id`, `event_order`, `category_type_id`, `gender_type_id`, `user_id`, `created_at`, `updated_at`, `is_autofilled`, `is_out_of_race`, `begin_time`, `meeting_event_id`, `pool_type_id`, `time_standard_id`)
  VALUES (69109, 27, 836, 1, 1, '2016-05-24 17:08:09', '2016-05-24 17:08:09', 1, 0, '2000-01-01 09:11:00', 6334, 2, 3571);

INSERT INTO `meeting_programs` (`id`, `event_order`, `category_type_id`, `gender_type_id`, `user_id`, `created_at`, `updated_at`, `is_autofilled`, `is_out_of_race`, `begin_time`, `meeting_event_id`, `pool_type_id`, `time_standard_id`)
  VALUES (69110, 28, 837, 1, 1, '2016-05-24 17:08:09', '2016-05-24 17:08:09', 1, 0, '2000-01-01 09:13:00', 6334, 2, 3588);

INSERT INTO `meeting_programs` (`id`, `event_order`, `category_type_id`, `gender_type_id`, `user_id`, `created_at`, `updated_at`, `is_autofilled`, `is_out_of_race`, `begin_time`, `meeting_event_id`, `pool_type_id`, `time_standard_id`)
  VALUES (69111, 29, 838, 1, 1, '2016-05-24 17:08:10', '2016-05-24 17:08:10', 1, 0, '2000-01-01 09:15:00', 6334, 2, 3605);

INSERT INTO `meeting_programs` (`id`, `event_order`, `category_type_id`, `gender_type_id`, `user_id`, `created_at`, `updated_at`, `is_autofilled`, `is_out_of_race`, `begin_time`, `meeting_event_id`, `pool_type_id`, `time_standard_id`)
  VALUES (69112, 30, 839, 1, 1, '2016-05-24 17:08:10', '2016-05-24 17:08:10', 1, 0, '2000-01-01 09:17:00', 6334, 2, 3622);

INSERT INTO `meeting_programs` (`id`, `event_order`, `category_type_id`, `gender_type_id`, `user_id`, `created_at`, `updated_at`, `is_autofilled`, `is_out_of_race`, `begin_time`, `meeting_event_id`, `pool_type_id`, `time_standard_id`)
  VALUES (69113, 31, 840, 1, 1, '2016-05-24 17:08:10', '2016-05-24 17:08:10', 1, 0, '2000-01-01 09:19:00', 6334, 2, 3639);

INSERT INTO `meeting_programs` (`id`, `event_order`, `category_type_id`, `gender_type_id`, `user_id`, `created_at`, `updated_at`, `is_autofilled`, `is_out_of_race`, `begin_time`, `meeting_event_id`, `pool_type_id`, `time_standard_id`)
  VALUES (69114, 32, 841, 1, 1, '2016-05-24 17:08:10', '2016-05-24 17:08:10', 1, 0, '2000-01-01 09:21:00', 6334, 2, 3656);

INSERT INTO `teams` (`id`, `name`, `editable_name`, `address`, `zip`, `phone_mobile`, `phone_number`, `fax_number`, `e_mail`, `contact_name`, `notes`, `name_variations`, `city_id`, `user_id`, `created_at`, `updated_at`, `home_page_url`)
  VALUES (966, 'Sport Village Onda', 'Sport Village Onda', NULL, NULL, NULL, NULL, NULL, NULL, NULL, NULL, 'Sport Village Onda', NULL, 1, '2016-05-24 17:08:10', '2016-05-24 17:08:10', NULL);

INSERT INTO `team_affiliations` (`id`, `number`, `name`, `must_calculate_goggle_cup`, `team_id`, `season_id`, `user_id`, `created_at`, `updated_at`, `is_autofilled`)
  VALUES (2362, NULL, 'Sport Village Onda', 0, 966, 142, 1, '2016-05-24 17:08:10', '2016-05-24 17:08:10', 1);

INSERT INTO `swimmers` (`id`, `last_name`, `first_name`, `year_of_birth`, `phone_mobile`, `phone_number`, `e_mail`, `nickname`, `associated_user_id`, `gender_type_id`, `user_id`, `created_at`, `updated_at`, `complete_name`, `is_year_guessed`)
  VALUES (26993, NULL, NULL, 1990, NULL, NULL, NULL, '', NULL, 1, 1, '2016-05-24 17:08:10', '2016-05-24 17:08:10', 'DI BIASI MATTEO', 0);

INSERT INTO `badges` (`id`, `number`, `season_id`, `swimmer_id`, `team_id`, `category_type_id`, `user_id`, `created_at`, `updated_at`, `entry_time_type_id`, `team_affiliation_id`, `final_rank`)
  VALUES (54454, '?', 142, 3891, 202, 835, 1, '2016-05-24 17:08:10', '2016-05-24 17:08:10', 5, 1018, NULL);

INSERT INTO `badges` (`id`, `number`, `season_id`, `swimmer_id`, `team_id`, `category_type_id`, `user_id`, `created_at`, `updated_at`, `entry_time_type_id`, `team_affiliation_id`, `final_rank`)
  VALUES (54455, '?', 142, 3899, 213, 838, 1, '2016-05-24 17:08:10', '2016-05-24 17:08:10', 5, 1110, NULL);

INSERT INTO `badges` (`id`, `number`, `season_id`, `swimmer_id`, `team_id`, `category_type_id`, `user_id`, `created_at`, `updated_at`, `entry_time_type_id`, `team_affiliation_id`, `final_rank`)
  VALUES (54456, '?', 142, 26993, 966, 834, 1, '2016-05-24 17:08:10', '2016-05-24 17:08:10', 5, 2362, NULL);

INSERT INTO `meeting_individual_results` (`id`, `rank`, `is_play_off`, `is_out_of_race`, `is_disqualified`, `standard_points`, `meeting_individual_points`, `minutes`, `seconds`, `hundreds`, `meeting_program_id`, `swimmer_id`, `team_id`, `badge_id`, `user_id`, `created_at`, `updated_at`, `disqualification_code_type_id`, `goggle_cup_points`, `reaction_time`, `team_points`, `team_affiliation_id`, `is_personal_best`, `is_season_type_best`)
  VALUES (413768, 1, 1, 0, 0, 835.81, 835.81, 21, 18, 10, 69083, 10818, 243, 28522, 1, '2016-05-24 17:08:10', '2016-05-24 17:08:10', NULL, 0.0, 0.0, 0.0, 1034, 0, 0);

INSERT INTO `meeting_individual_results` (`id`, `rank`, `is_play_off`, `is_out_of_race`, `is_disqualified`, `standard_points`, `meeting_individual_points`, `minutes`, `seconds`, `hundreds`, `meeting_program_id`, `swimmer_id`, `team_id`, `badge_id`, `user_id`, `created_at`, `updated_at`, `disqualification_code_type_id`, `goggle_cup_points`, `reaction_time`, `team_points`, `team_affiliation_id`, `is_personal_best`, `is_season_type_best`)
  VALUES (413769, 2, 1, 0, 0, 645.53, 645.53, 27, 34, 90, 69083, 3891, 202, 54454, 1, '2016-05-24 17:08:10', '2016-05-24 17:08:10', NULL, 0.0, 0.0, 0.0, 1018, 0, 0);

INSERT INTO `meeting_individual_results` (`id`, `rank`, `is_play_off`, `is_out_of_race`, `is_disqualified`, `standard_points`, `meeting_individual_points`, `minutes`, `seconds`, `hundreds`, `meeting_program_id`, `swimmer_id`, `team_id`, `badge_id`, `user_id`, `created_at`, `updated_at`, `disqualification_code_type_id`, `goggle_cup_points`, `reaction_time`, `team_points`, `team_affiliation_id`, `is_personal_best`, `is_season_type_best`)
  VALUES (413770, 1, 1, 0, 0, 875.69, 875.69, 20, 35, 80, 69084, 5262, 76, 23806, 1, '2016-05-24 17:08:10', '2016-05-24 17:08:10', NULL, 0.0, 0.0, 0.0, 1077, 0, 0);

INSERT INTO `meeting_individual_results` (`id`, `rank`, `is_play_off`, `is_out_of_race`, `is_disqualified`, `standard_points`, `meeting_individual_points`, `minutes`, `seconds`, `hundreds`, `meeting_program_id`, `swimmer_id`, `team_id`, `badge_id`, `user_id`, `created_at`, `updated_at`, `disqualification_code_type_id`, `goggle_cup_points`, `reaction_time`, `team_points`, `team_affiliation_id`, `is_personal_best`, `is_season_type_best`)
  VALUES (413771, 2, 1, 0, 0, 731.22, 731.22, 24, 40, 0, 69084, 10656, 523, 30080, 1, '2016-05-24 17:08:10', '2016-05-24 17:08:10', NULL, 0.0, 0.0, 0.0, 1382, 0, 0);

INSERT INTO `meeting_individual_results` (`id`, `rank`, `is_play_off`, `is_out_of_race`, `is_disqualified`, `standard_points`, `meeting_individual_points`, `minutes`, `seconds`, `hundreds`, `meeting_program_id`, `swimmer_id`, `team_id`, `badge_id`, `user_id`, `created_at`, `updated_at`, `disqualification_code_type_id`, `goggle_cup_points`, `reaction_time`, `team_points`, `team_affiliation_id`, `is_personal_best`, `is_season_type_best`)
  VALUES (413772, 1, 1, 0, 0, 763.32, 763.32, 24, 7, 30, 69085, 6327, 111, 48498, 1, '2016-05-24 17:08:10', '2016-05-24 17:08:10', NULL, 0.0, 0.0, 0.0, 1174, 0, 0);

INSERT INTO `meeting_individual_results` (`id`, `rank`, `is_play_off`, `is_out_of_race`, `is_disqualified`, `standard_points`, `meeting_individual_points`, `minutes`, `seconds`, `hundreds`, `meeting_program_id`, `swimmer_id`, `team_id`, `badge_id`, `user_id`, `created_at`, `updated_at`, `disqualification_code_type_id`, `goggle_cup_points`, `reaction_time`, `team_points`, `team_affiliation_id`, `is_personal_best`, `is_season_type_best`)
  VALUES (413773, 1, 1, 0, 0, 960.31, 960.31, 19, 33, 0, 69086, 3841, 243, 23811, 1, '2016-05-24 17:08:10', '2016-05-24 17:08:10', NULL, 0.0, 0.0, 0.0, 1034, 0, 0);

INSERT INTO `meeting_individual_results` (`id`, `rank`, `is_play_off`, `is_out_of_race`, `is_disqualified`, `standard_points`, `meeting_individual_points`, `minutes`, `seconds`, `hundreds`, `meeting_program_id`, `swimmer_id`, `team_id`, `badge_id`, `user_id`, `created_at`, `updated_at`, `disqualification_code_type_id`, `goggle_cup_points`, `reaction_time`, `team_points`, `team_affiliation_id`, `is_personal_best`, `is_season_type_best`)
  VALUES (413774, 2, 1, 0, 0, 822.48, 822.48, 22, 49, 60, 69086, 10969, 246, 24452, 1, '2016-05-24 17:08:11', '2016-05-24 17:08:11', NULL, 0.0, 0.0, 0.0, 1154, 0, 0);

INSERT INTO `meeting_individual_results` (`id`, `rank`, `is_play_off`, `is_out_of_race`, `is_disqualified`, `standard_points`, `meeting_individual_points`, `minutes`, `seconds`, `hundreds`, `meeting_program_id`, `swimmer_id`, `team_id`, `badge_id`, `user_id`, `created_at`, `updated_at`, `disqualification_code_type_id`, `goggle_cup_points`, `reaction_time`, `team_points`, `team_affiliation_id`, `is_personal_best`, `is_season_type_best`)
  VALUES (413775, 3, 1, 0, 0, 721.64, 721.64, 26, 1, 0, 69086, 3843, 243, 28288, 1, '2016-05-24 17:08:11', '2016-05-24 17:08:11', NULL, 0.0, 0.0, 0.0, 1034, 0, 0);

INSERT INTO `meeting_individual_results` (`id`, `rank`, `is_play_off`, `is_out_of_race`, `is_disqualified`, `standard_points`, `meeting_individual_points`, `minutes`, `seconds`, `hundreds`, `meeting_program_id`, `swimmer_id`, `team_id`, `badge_id`, `user_id`, `created_at`, `updated_at`, `disqualification_code_type_id`, `goggle_cup_points`, `reaction_time`, `team_points`, `team_affiliation_id`, `is_personal_best`, `is_season_type_best`)
  VALUES (413776, 4, 1, 0, 0, 710.67, 710.67, 26, 25, 10, 69086, 3847, 243, 28532, 1, '2016-05-24 17:08:11', '2016-05-24 17:08:11', NULL, 0.0, 0.0, 0.0, 1034, 0, 0);

INSERT INTO `meeting_individual_results` (`id`, `rank`, `is_play_off`, `is_out_of_race`, `is_disqualified`, `standard_points`, `meeting_individual_points`, `minutes`, `seconds`, `hundreds`, `meeting_program_id`, `swimmer_id`, `team_id`, `badge_id`, `user_id`, `created_at`, `updated_at`, `disqualification_code_type_id`, `goggle_cup_points`, `reaction_time`, `team_points`, `team_affiliation_id`, `is_personal_best`, `is_season_type_best`)
  VALUES (413777, 5, 1, 0, 0, 624.66, 624.66, 30, 3, 40, 69086, 14448, 535, 28566, 1, '2016-05-24 17:08:11', '2016-05-24 17:08:11', NULL, 0.0, 0.0, 0.0, 1384, 0, 0);

INSERT INTO `meeting_individual_results` (`id`, `rank`, `is_play_off`, `is_out_of_race`, `is_disqualified`, `standard_points`, `meeting_individual_points`, `minutes`, `seconds`, `hundreds`, `meeting_program_id`, `swimmer_id`, `team_id`, `badge_id`, `user_id`, `created_at`, `updated_at`, `disqualification_code_type_id`, `goggle_cup_points`, `reaction_time`, `team_points`, `team_affiliation_id`, `is_personal_best`, `is_season_type_best`)
  VALUES (413778, 1, 1, 0, 0, 868.05, 868.05, 22, 14, 70, 69087, 3458, 202, 27815, 1, '2016-05-24 17:08:11', '2016-05-24 17:08:11', NULL, 0.0, 0.0, 0.0, 1018, 0, 0);

INSERT INTO `meeting_individual_results` (`id`, `rank`, `is_play_off`, `is_out_of_race`, `is_disqualified`, `standard_points`, `meeting_individual_points`, `minutes`, `seconds`, `hundreds`, `meeting_program_id`, `swimmer_id`, `team_id`, `badge_id`, `user_id`, `created_at`, `updated_at`, `disqualification_code_type_id`, `goggle_cup_points`, `reaction_time`, `team_points`, `team_affiliation_id`, `is_personal_best`, `is_season_type_best`)
  VALUES (413779, 2, 1, 0, 0, 782.26, 782.26, 24, 41, 10, 69087, 3849, 89, 27802, 1, '2016-05-24 17:08:11', '2016-05-24 17:08:11', NULL, 0.0, 0.0, 0.0, 965, 0, 0);

INSERT INTO `meeting_individual_results` (`id`, `rank`, `is_play_off`, `is_out_of_race`, `is_disqualified`, `standard_points`, `meeting_individual_points`, `minutes`, `seconds`, `hundreds`, `meeting_program_id`, `swimmer_id`, `team_id`, `badge_id`, `user_id`, `created_at`, `updated_at`, `disqualification_code_type_id`, `goggle_cup_points`, `reaction_time`, `team_points`, `team_affiliation_id`, `is_personal_best`, `is_season_type_best`)
  VALUES (413780, 3, 1, 0, 0, 765.77, 765.77, 25, 13, 0, 69087, 14455, 535, 51330, 1, '2016-05-24 17:08:11', '2016-05-24 17:08:11', NULL, 0.0, 0.0, 0.0, 1384, 0, 0);

INSERT INTO `meeting_individual_results` (`id`, `rank`, `is_play_off`, `is_out_of_race`, `is_disqualified`, `standard_points`, `meeting_individual_points`, `minutes`, `seconds`, `hundreds`, `meeting_program_id`, `swimmer_id`, `team_id`, `badge_id`, `user_id`, `created_at`, `updated_at`, `disqualification_code_type_id`, `goggle_cup_points`, `reaction_time`, `team_points`, `team_affiliation_id`, `is_personal_best`, `is_season_type_best`)
  VALUES (413781, 4, 1, 0, 0, 732.23, 732.23, 26, 22, 30, 69087, 16136, 742, 23877, 1, '2016-05-24 17:08:11', '2016-05-24 17:08:11', NULL, 0.0, 0.0, 0.0, 1117, 0, 0);

INSERT INTO `meeting_individual_results` (`id`, `rank`, `is_play_off`, `is_out_of_race`, `is_disqualified`, `standard_points`, `meeting_individual_points`, `minutes`, `seconds`, `hundreds`, `meeting_program_id`, `swimmer_id`, `team_id`, `badge_id`, `user_id`, `created_at`, `updated_at`, `disqualification_code_type_id`, `goggle_cup_points`, `reaction_time`, `team_points`, `team_affiliation_id`, `is_personal_best`, `is_season_type_best`)
  VALUES (413782, 5, 1, 0, 0, 697.8, 697.8, 27, 40, 40, 69087, 3555, 202, 28346, 1, '2016-05-24 17:08:11', '2016-05-24 17:08:11', NULL, 0.0, 0.0, 0.0, 1018, 0, 0);

INSERT INTO `meeting_individual_results` (`id`, `rank`, `is_play_off`, `is_out_of_race`, `is_disqualified`, `standard_points`, `meeting_individual_points`, `minutes`, `seconds`, `hundreds`, `meeting_program_id`, `swimmer_id`, `team_id`, `badge_id`, `user_id`, `created_at`, `updated_at`, `disqualification_code_type_id`, `goggle_cup_points`, `reaction_time`, `team_points`, `team_affiliation_id`, `is_personal_best`, `is_season_type_best`)
  VALUES (413783, 6, 1, 0, 0, 633.06, 633.06, 30, 30, 20, 69087, 20328, 729, 29974, 1, '2016-05-24 17:08:11', '2016-05-24 17:08:11', NULL, 0.0, 0.0, 0.0, 1374, 0, 0);

INSERT INTO `meeting_individual_results` (`id`, `rank`, `is_play_off`, `is_out_of_race`, `is_disqualified`, `standard_points`, `meeting_individual_points`, `minutes`, `seconds`, `hundreds`, `meeting_program_id`, `swimmer_id`, `team_id`, `badge_id`, `user_id`, `created_at`, `updated_at`, `disqualification_code_type_id`, `goggle_cup_points`, `reaction_time`, `team_points`, `team_affiliation_id`, `is_personal_best`, `is_season_type_best`)
  VALUES (413784, 7, 1, 0, 0, 604.21, 604.21, 31, 57, 60, 69087, 3901, 244, 28347, 1, '2016-05-24 17:08:11', '2016-05-24 17:08:11', NULL, 0.0, 0.0, 0.0, 1387, 0, 0);

INSERT INTO `meeting_individual_results` (`id`, `rank`, `is_play_off`, `is_out_of_race`, `is_disqualified`, `standard_points`, `meeting_individual_points`, `minutes`, `seconds`, `hundreds`, `meeting_program_id`, `swimmer_id`, `team_id`, `badge_id`, `user_id`, `created_at`, `updated_at`, `disqualification_code_type_id`, `goggle_cup_points`, `reaction_time`, `team_points`, `team_affiliation_id`, `is_personal_best`, `is_season_type_best`)
  VALUES (413785, 1, 1, 0, 0, 736.46, 736.46, 29, 34, 0, 69088, 3851, 535, 28438, 1, '2016-05-24 17:08:11', '2016-05-24 17:08:11', NULL, 0.0, 0.0, 0.0, 1384, 0, 0);

INSERT INTO `meeting_individual_results` (`id`, `rank`, `is_play_off`, `is_out_of_race`, `is_disqualified`, `standard_points`, `meeting_individual_points`, `minutes`, `seconds`, `hundreds`, `meeting_program_id`, `swimmer_id`, `team_id`, `badge_id`, `user_id`, `created_at`, `updated_at`, `disqualification_code_type_id`, `goggle_cup_points`, `reaction_time`, `team_points`, `team_affiliation_id`, `is_personal_best`, `is_season_type_best`)
  VALUES (413786, 1, 1, 0, 0, 944.02, 944.02, 25, 26, 40, 69089, 3902, 246, 28440, 1, '2016-05-24 17:08:12', '2016-05-24 17:08:12', NULL, 0.0, 0.0, 0.0, 1154, 0, 0);

INSERT INTO `meeting_individual_results` (`id`, `rank`, `is_play_off`, `is_out_of_race`, `is_disqualified`, `standard_points`, `meeting_individual_points`, `minutes`, `seconds`, `hundreds`, `meeting_program_id`, `swimmer_id`, `team_id`, `badge_id`, `user_id`, `created_at`, `updated_at`, `disqualification_code_type_id`, `goggle_cup_points`, `reaction_time`, `team_points`, `team_affiliation_id`, `is_personal_best`, `is_season_type_best`)
  VALUES (413787, 1, 1, 0, 0, 661.32, 661.32, 25, 3, 20, 69090, 5337, 294, 23220, 1, '2016-05-24 17:08:12', '2016-05-24 17:08:12', NULL, 0.0, 0.0, 0.0, 1056, 0, 0);

INSERT INTO `meeting_individual_results` (`id`, `rank`, `is_play_off`, `is_out_of_race`, `is_disqualified`, `standard_points`, `meeting_individual_points`, `minutes`, `seconds`, `hundreds`, `meeting_program_id`, `swimmer_id`, `team_id`, `badge_id`, `user_id`, `created_at`, `updated_at`, `disqualification_code_type_id`, `goggle_cup_points`, `reaction_time`, `team_points`, `team_affiliation_id`, `is_personal_best`, `is_season_type_best`)
  VALUES (413788, 1, 1, 0, 0, 708.68, 708.68, 23, 25, 20, 69091, 3857, 211, 29988, 1, '2016-05-24 17:08:12', '2016-05-24 17:08:12', NULL, 0.0, 0.0, 0.0, 1287, 0, 0);

INSERT INTO `meeting_individual_results` (`id`, `rank`, `is_play_off`, `is_out_of_race`, `is_disqualified`, `standard_points`, `meeting_individual_points`, `minutes`, `seconds`, `hundreds`, `meeting_program_id`, `swimmer_id`, `team_id`, `badge_id`, `user_id`, `created_at`, `updated_at`, `disqualification_code_type_id`, `goggle_cup_points`, `reaction_time`, `team_points`, `team_affiliation_id`, `is_personal_best`, `is_season_type_best`)
  VALUES (413789, 2, 1, 0, 0, 695.13, 695.13, 23, 52, 60, 69091, 5101, 294, 23221, 1, '2016-05-24 17:08:12', '2016-05-24 17:08:12', NULL, 0.0, 0.0, 0.0, 1056, 0, 0);

INSERT INTO `meeting_individual_results` (`id`, `rank`, `is_play_off`, `is_out_of_race`, `is_disqualified`, `standard_points`, `meeting_individual_points`, `minutes`, `seconds`, `hundreds`, `meeting_program_id`, `swimmer_id`, `team_id`, `badge_id`, `user_id`, `created_at`, `updated_at`, `disqualification_code_type_id`, `goggle_cup_points`, `reaction_time`, `team_points`, `team_affiliation_id`, `is_personal_best`, `is_season_type_best`)
  VALUES (413790, 3, 1, 0, 0, 677.17, 677.17, 24, 30, 60, 69091, 14391, 213, 53057, 1, '2016-05-24 17:08:12', '2016-05-24 17:08:12', NULL, 0.0, 0.0, 0.0, 1110, 0, 0);

INSERT INTO `meeting_individual_results` (`id`, `rank`, `is_play_off`, `is_out_of_race`, `is_disqualified`, `standard_points`, `meeting_individual_points`, `minutes`, `seconds`, `hundreds`, `meeting_program_id`, `swimmer_id`, `team_id`, `badge_id`, `user_id`, `created_at`, `updated_at`, `disqualification_code_type_id`, `goggle_cup_points`, `reaction_time`, `team_points`, `team_affiliation_id`, `is_personal_best`, `is_season_type_best`)
  VALUES (413791, 1, 1, 0, 0, 726.19, 726.19, 23, 4, 10, 69092, 8109, 428, 50002, 1, '2016-05-24 17:08:12', '2016-05-24 17:08:12', NULL, 0.0, 0.0, 0.0, 1375, 0, 0);

INSERT INTO `meeting_individual_results` (`id`, `rank`, `is_play_off`, `is_out_of_race`, `is_disqualified`, `standard_points`, `meeting_individual_points`, `minutes`, `seconds`, `hundreds`, `meeting_program_id`, `swimmer_id`, `team_id`, `badge_id`, `user_id`, `created_at`, `updated_at`, `disqualification_code_type_id`, `goggle_cup_points`, `reaction_time`, `team_points`, `team_affiliation_id`, `is_personal_best`, `is_season_type_best`)
  VALUES (413792, 2, 1, 0, 0, 684.64, 684.64, 24, 28, 10, 69092, 8285, 428, 50351, 1, '2016-05-24 17:08:12', '2016-05-24 17:08:12', NULL, 0.0, 0.0, 0.0, 1375, 0, 0);

INSERT INTO `meeting_individual_results` (`id`, `rank`, `is_play_off`, `is_out_of_race`, `is_disqualified`, `standard_points`, `meeting_individual_points`, `minutes`, `seconds`, `hundreds`, `meeting_program_id`, `swimmer_id`, `team_id`, `badge_id`, `user_id`, `created_at`, `updated_at`, `disqualification_code_type_id`, `goggle_cup_points`, `reaction_time`, `team_points`, `team_affiliation_id`, `is_personal_best`, `is_season_type_best`)
  VALUES (413793, 3, 1, 0, 0, 670.71, 670.71, 24, 58, 60, 69092, 3413, 213, 27725, 1, '2016-05-24 17:08:12', '2016-05-24 17:08:12', NULL, 0.0, 0.0, 0.0, 1110, 0, 0);

INSERT INTO `meeting_individual_results` (`id`, `rank`, `is_play_off`, `is_out_of_race`, `is_disqualified`, `standard_points`, `meeting_individual_points`, `minutes`, `seconds`, `hundreds`, `meeting_program_id`, `swimmer_id`, `team_id`, `badge_id`, `user_id`, `created_at`, `updated_at`, `disqualification_code_type_id`, `goggle_cup_points`, `reaction_time`, `team_points`, `team_affiliation_id`, `is_personal_best`, `is_season_type_best`)
  VALUES (413794, 4, 1, 0, 0, 610.32, 610.32, 27, 26, 90, 69092, 11556, 190, 27321, 1, '2016-05-24 17:08:12', '2016-05-24 17:08:12', NULL, 0.0, 0.0, 0.0, 1155, 0, 0);

INSERT INTO `meeting_individual_results` (`id`, `rank`, `is_play_off`, `is_out_of_race`, `is_disqualified`, `standard_points`, `meeting_individual_points`, `minutes`, `seconds`, `hundreds`, `meeting_program_id`, `swimmer_id`, `team_id`, `badge_id`, `user_id`, `created_at`, `updated_at`, `disqualification_code_type_id`, `goggle_cup_points`, `reaction_time`, `team_points`, `team_affiliation_id`, `is_personal_best`, `is_season_type_best`)
  VALUES (413795, 1, 1, 0, 0, 868.43, 868.43, 19, 29, 10, 69093, 14347, 209, 26422, 1, '2016-05-24 17:08:12', '2016-05-24 17:08:12', NULL, 0.0, 0.0, 0.0, 1097, 0, 0);

INSERT INTO `meeting_individual_results` (`id`, `rank`, `is_play_off`, `is_out_of_race`, `is_disqualified`, `standard_points`, `meeting_individual_points`, `minutes`, `seconds`, `hundreds`, `meeting_program_id`, `swimmer_id`, `team_id`, `badge_id`, `user_id`, `created_at`, `updated_at`, `disqualification_code_type_id`, `goggle_cup_points`, `reaction_time`, `team_points`, `team_affiliation_id`, `is_personal_best`, `is_season_type_best`)
  VALUES (413796, 2, 1, 0, 0, 863.92, 863.92, 19, 35, 20, 69093, 3860, 89, 23833, 1, '2016-05-24 17:08:12', '2016-05-24 17:08:12', NULL, 0.0, 0.0, 0.0, 965, 0, 0);

INSERT INTO `meeting_individual_results` (`id`, `rank`, `is_play_off`, `is_out_of_race`, `is_disqualified`, `standard_points`, `meeting_individual_points`, `minutes`, `seconds`, `hundreds`, `meeting_program_id`, `swimmer_id`, `team_id`, `badge_id`, `user_id`, `created_at`, `updated_at`, `disqualification_code_type_id`, `goggle_cup_points`, `reaction_time`, `team_points`, `team_affiliation_id`, `is_personal_best`, `is_season_type_best`)
  VALUES (413797, 3, 1, 0, 0, 807.71, 807.71, 20, 57, 0, 69093, 3863, 243, 28540, 1, '2016-05-24 17:08:13', '2016-05-24 17:08:13', NULL, 0.0, 0.0, 0.0, 1034, 0, 0);

INSERT INTO `meeting_individual_results` (`id`, `rank`, `is_play_off`, `is_out_of_race`, `is_disqualified`, `standard_points`, `meeting_individual_points`, `minutes`, `seconds`, `hundreds`, `meeting_program_id`, `swimmer_id`, `team_id`, `badge_id`, `user_id`, `created_at`, `updated_at`, `disqualification_code_type_id`, `goggle_cup_points`, `reaction_time`, `team_points`, `team_affiliation_id`, `is_personal_best`, `is_season_type_best`)
  VALUES (413798, 4, 1, 0, 0, 796.93, 796.93, 21, 14, 0, 69093, 8070, 89, 30087, 1, '2016-05-24 17:08:13', '2016-05-24 17:08:13', NULL, 0.0, 0.0, 0.0, 965, 0, 0);

INSERT INTO `meeting_individual_results` (`id`, `rank`, `is_play_off`, `is_out_of_race`, `is_disqualified`, `standard_points`, `meeting_individual_points`, `minutes`, `seconds`, `hundreds`, `meeting_program_id`, `swimmer_id`, `team_id`, `badge_id`, `user_id`, `created_at`, `updated_at`, `disqualification_code_type_id`, `goggle_cup_points`, `reaction_time`, `team_points`, `team_affiliation_id`, `is_personal_best`, `is_season_type_best`)
  VALUES (413799, 5, 1, 0, 0, 766.61, 766.61, 22, 4, 40, 69093, 8347, 246, 53137, 1, '2016-05-24 17:08:13', '2016-05-24 17:08:13', NULL, 0.0, 0.0, 0.0, 1154, 0, 0);

INSERT INTO `meeting_individual_results` (`id`, `rank`, `is_play_off`, `is_out_of_race`, `is_disqualified`, `standard_points`, `meeting_individual_points`, `minutes`, `seconds`, `hundreds`, `meeting_program_id`, `swimmer_id`, `team_id`, `badge_id`, `user_id`, `created_at`, `updated_at`, `disqualification_code_type_id`, `goggle_cup_points`, `reaction_time`, `team_points`, `team_affiliation_id`, `is_personal_best`, `is_season_type_best`)
  VALUES (413800, 6, 1, 0, 0, 764.59, 764.59, 22, 7, 90, 69093, 14586, 206, 28823, 1, '2016-05-24 17:08:13', '2016-05-24 17:08:13', NULL, 0.0, 0.0, 0.0, 1092, 0, 0);

INSERT INTO `meeting_individual_results` (`id`, `rank`, `is_play_off`, `is_out_of_race`, `is_disqualified`, `standard_points`, `meeting_individual_points`, `minutes`, `seconds`, `hundreds`, `meeting_program_id`, `swimmer_id`, `team_id`, `badge_id`, `user_id`, `created_at`, `updated_at`, `disqualification_code_type_id`, `goggle_cup_points`, `reaction_time`, `team_points`, `team_affiliation_id`, `is_personal_best`, `is_season_type_best`)
  VALUES (413801, 7, 1, 0, 0, 665.69, 665.69, 25, 25, 20, 69093, 3867, 211, 49889, 1, '2016-05-24 17:08:13', '2016-05-24 17:08:13', NULL, 0.0, 0.0, 0.0, 1287, 0, 0);

INSERT INTO `meeting_individual_results` (`id`, `rank`, `is_play_off`, `is_out_of_race`, `is_disqualified`, `standard_points`, `meeting_individual_points`, `minutes`, `seconds`, `hundreds`, `meeting_program_id`, `swimmer_id`, `team_id`, `badge_id`, `user_id`, `created_at`, `updated_at`, `disqualification_code_type_id`, `goggle_cup_points`, `reaction_time`, `team_points`, `team_affiliation_id`, `is_personal_best`, `is_season_type_best`)
  VALUES (413802, 8, 1, 0, 0, 605.66, 605.66, 27, 56, 40, 69093, 13526, 729, 28660, 1, '2016-05-24 17:08:13', '2016-05-24 17:08:13', NULL, 0.0, 0.0, 0.0, 1374, 0, 0);

INSERT INTO `meeting_individual_results` (`id`, `rank`, `is_play_off`, `is_out_of_race`, `is_disqualified`, `standard_points`, `meeting_individual_points`, `minutes`, `seconds`, `hundreds`, `meeting_program_id`, `swimmer_id`, `team_id`, `badge_id`, `user_id`, `created_at`, `updated_at`, `disqualification_code_type_id`, `goggle_cup_points`, `reaction_time`, `team_points`, `team_affiliation_id`, `is_personal_best`, `is_season_type_best`)
  VALUES (413803, 1, 1, 0, 0, 923.58, 923.58, 18, 41, 40, 69094, 3608, 203, 28546, 1, '2016-05-24 17:08:13', '2016-05-24 17:08:13', NULL, 0.0, 0.0, 0.0, 1085, 0, 0);

INSERT INTO `meeting_individual_results` (`id`, `rank`, `is_play_off`, `is_out_of_race`, `is_disqualified`, `standard_points`, `meeting_individual_points`, `minutes`, `seconds`, `hundreds`, `meeting_program_id`, `swimmer_id`, `team_id`, `badge_id`, `user_id`, `created_at`, `updated_at`, `disqualification_code_type_id`, `goggle_cup_points`, `reaction_time`, `team_points`, `team_affiliation_id`, `is_personal_best`, `is_season_type_best`)
  VALUES (413804, 2, 1, 0, 0, 883.71, 883.71, 19, 32, 0, 69094, 5358, 76, 23841, 1, '2016-05-24 17:08:13', '2016-05-24 17:08:13', NULL, 0.0, 0.0, 0.0, 1077, 0, 0);

INSERT INTO `meeting_individual_results` (`id`, `rank`, `is_play_off`, `is_out_of_race`, `is_disqualified`, `standard_points`, `meeting_individual_points`, `minutes`, `seconds`, `hundreds`, `meeting_program_id`, `swimmer_id`, `team_id`, `badge_id`, `user_id`, `created_at`, `updated_at`, `disqualification_code_type_id`, `goggle_cup_points`, `reaction_time`, `team_points`, `team_affiliation_id`, `is_personal_best`, `is_season_type_best`)
  VALUES (413805, 3, 1, 0, 0, 855.26, 855.26, 20, 11, 0, 69094, 3490, 206, 23770, 1, '2016-05-24 17:08:13', '2016-05-24 17:08:13', NULL, 0.0, 0.0, 0.0, 1092, 0, 0);

INSERT INTO `meeting_individual_results` (`id`, `rank`, `is_play_off`, `is_out_of_race`, `is_disqualified`, `standard_points`, `meeting_individual_points`, `minutes`, `seconds`, `hundreds`, `meeting_program_id`, `swimmer_id`, `team_id`, `badge_id`, `user_id`, `created_at`, `updated_at`, `disqualification_code_type_id`, `goggle_cup_points`, `reaction_time`, `team_points`, `team_affiliation_id`, `is_personal_best`, `is_season_type_best`)
  VALUES (413806, 4, 1, 0, 0, 842.19, 842.19, 20, 29, 80, 69094, 8154, 243, 28475, 1, '2016-05-24 17:08:13', '2016-05-24 17:08:13', NULL, 0.0, 0.0, 0.0, 1034, 0, 0);

INSERT INTO `meeting_individual_results` (`id`, `rank`, `is_play_off`, `is_out_of_race`, `is_disqualified`, `standard_points`, `meeting_individual_points`, `minutes`, `seconds`, `hundreds`, `meeting_program_id`, `swimmer_id`, `team_id`, `badge_id`, `user_id`, `created_at`, `updated_at`, `disqualification_code_type_id`, `goggle_cup_points`, `reaction_time`, `team_points`, `team_affiliation_id`, `is_personal_best`, `is_season_type_best`)
  VALUES (413807, 5, 1, 0, 0, 754.03, 754.03, 22, 53, 60, 69094, 13528, 729, 28479, 1, '2016-05-24 17:08:13', '2016-05-24 17:08:13', NULL, 0.0, 0.0, 0.0, 1374, 0, 0);

INSERT INTO `meeting_individual_results` (`id`, `rank`, `is_play_off`, `is_out_of_race`, `is_disqualified`, `standard_points`, `meeting_individual_points`, `minutes`, `seconds`, `hundreds`, `meeting_program_id`, `swimmer_id`, `team_id`, `badge_id`, `user_id`, `created_at`, `updated_at`, `disqualification_code_type_id`, `goggle_cup_points`, `reaction_time`, `team_points`, `team_affiliation_id`, `is_personal_best`, `is_season_type_best`)
  VALUES (413808, 6, 1, 0, 0, 739.76, 739.76, 23, 20, 10, 69094, 17749, 111, 48537, 1, '2016-05-24 17:08:14', '2016-05-24 17:08:14', NULL, 0.0, 0.0, 0.0, 1174, 0, 0);

INSERT INTO `meeting_individual_results` (`id`, `rank`, `is_play_off`, `is_out_of_race`, `is_disqualified`, `standard_points`, `meeting_individual_points`, `minutes`, `seconds`, `hundreds`, `meeting_program_id`, `swimmer_id`, `team_id`, `badge_id`, `user_id`, `created_at`, `updated_at`, `disqualification_code_type_id`, `goggle_cup_points`, `reaction_time`, `team_points`, `team_affiliation_id`, `is_personal_best`, `is_season_type_best`)
  VALUES (413809, 7, 1, 0, 0, 614.84, 614.84, 28, 4, 60, 69094, 3870, 244, 28551, 1, '2016-05-24 17:08:14', '2016-05-24 17:08:14', NULL, 0.0, 0.0, 0.0, 1387, 0, 0);

INSERT INTO `meeting_individual_results` (`id`, `rank`, `is_play_off`, `is_out_of_race`, `is_disqualified`, `standard_points`, `meeting_individual_points`, `minutes`, `seconds`, `hundreds`, `meeting_program_id`, `swimmer_id`, `team_id`, `badge_id`, `user_id`, `created_at`, `updated_at`, `disqualification_code_type_id`, `goggle_cup_points`, `reaction_time`, `team_points`, `team_affiliation_id`, `is_personal_best`, `is_season_type_best`)
  VALUES (413810, 8, 1, 0, 0, 603.35, 603.35, 28, 36, 70, 69094, 8095, 428, 30161, 1, '2016-05-24 17:08:14', '2016-05-24 17:08:14', NULL, 0.0, 0.0, 0.0, 1375, 0, 0);

INSERT INTO `meeting_individual_results` (`id`, `rank`, `is_play_off`, `is_out_of_race`, `is_disqualified`, `standard_points`, `meeting_individual_points`, `minutes`, `seconds`, `hundreds`, `meeting_program_id`, `swimmer_id`, `team_id`, `badge_id`, `user_id`, `created_at`, `updated_at`, `disqualification_code_type_id`, `goggle_cup_points`, `reaction_time`, `team_points`, `team_affiliation_id`, `is_personal_best`, `is_season_type_best`)
  VALUES (413811, 9, 1, 0, 0, 589.65, 589.65, 29, 16, 60, 69094, 3875, 249, 23846, 1, '2016-05-24 17:08:14', '2016-05-24 17:08:14', NULL, 0.0, 0.0, 0.0, 1108, 0, 0);

INSERT INTO `meeting_individual_results` (`id`, `rank`, `is_play_off`, `is_out_of_race`, `is_disqualified`, `standard_points`, `meeting_individual_points`, `minutes`, `seconds`, `hundreds`, `meeting_program_id`, `swimmer_id`, `team_id`, `badge_id`, `user_id`, `created_at`, `updated_at`, `disqualification_code_type_id`, `goggle_cup_points`, `reaction_time`, `team_points`, `team_affiliation_id`, `is_personal_best`, `is_season_type_best`)
  VALUES (413812, 10, 1, 0, 0, 588.87, 588.87, 29, 18, 90, 69094, 3324, 190, 24165, 1, '2016-05-24 17:08:14', '2016-05-24 17:08:14', NULL, 0.0, 0.0, 0.0, 1155, 0, 0);

INSERT INTO `meeting_individual_results` (`id`, `rank`, `is_play_off`, `is_out_of_race`, `is_disqualified`, `standard_points`, `meeting_individual_points`, `minutes`, `seconds`, `hundreds`, `meeting_program_id`, `swimmer_id`, `team_id`, `badge_id`, `user_id`, `created_at`, `updated_at`, `disqualification_code_type_id`, `goggle_cup_points`, `reaction_time`, `team_points`, `team_affiliation_id`, `is_personal_best`, `is_season_type_best`)
  VALUES (413813, 1, 1, 0, 0, 873.91, 873.91, 20, 27, 20, 69095, 3877, 243, 28606, 1, '2016-05-24 17:08:14', '2016-05-24 17:08:14', NULL, 0.0, 0.0, 0.0, 1034, 0, 0);

INSERT INTO `meeting_individual_results` (`id`, `rank`, `is_play_off`, `is_out_of_race`, `is_disqualified`, `standard_points`, `meeting_individual_points`, `minutes`, `seconds`, `hundreds`, `meeting_program_id`, `swimmer_id`, `team_id`, `badge_id`, `user_id`, `created_at`, `updated_at`, `disqualification_code_type_id`, `goggle_cup_points`, `reaction_time`, `team_points`, `team_affiliation_id`, `is_personal_best`, `is_season_type_best`)
  VALUES (413814, 2, 1, 0, 0, 840.3, 840.3, 21, 16, 30, 69095, 8080, 243, 28488, 1, '2016-05-24 17:08:14', '2016-05-24 17:08:14', NULL, 0.0, 0.0, 0.0, 1034, 0, 0);

INSERT INTO `meeting_individual_results` (`id`, `rank`, `is_play_off`, `is_out_of_race`, `is_disqualified`, `standard_points`, `meeting_individual_points`, `minutes`, `seconds`, `hundreds`, `meeting_program_id`, `swimmer_id`, `team_id`, `badge_id`, `user_id`, `created_at`, `updated_at`, `disqualification_code_type_id`, `goggle_cup_points`, `reaction_time`, `team_points`, `team_affiliation_id`, `is_personal_best`, `is_season_type_best`)
  VALUES (413815, 3, 1, 0, 0, 830.09, 830.09, 21, 32, 0, 69095, 8009, 243, 28328, 1, '2016-05-24 17:08:14', '2016-05-24 17:08:14', NULL, 0.0, 0.0, 0.0, 1034, 0, 0);

INSERT INTO `meeting_individual_results` (`id`, `rank`, `is_play_off`, `is_out_of_race`, `is_disqualified`, `standard_points`, `meeting_individual_points`, `minutes`, `seconds`, `hundreds`, `meeting_program_id`, `swimmer_id`, `team_id`, `badge_id`, `user_id`, `created_at`, `updated_at`, `disqualification_code_type_id`, `goggle_cup_points`, `reaction_time`, `team_points`, `team_affiliation_id`, `is_personal_best`, `is_season_type_best`)
  VALUES (413816, 4, 1, 0, 0, 824.79, 824.79, 21, 40, 30, 69095, 14639, 206, 32124, 1, '2016-05-24 17:08:14', '2016-05-24 17:08:14', NULL, 0.0, 0.0, 0.0, 1092, 0, 0);

INSERT INTO `meeting_individual_results` (`id`, `rank`, `is_play_off`, `is_out_of_race`, `is_disqualified`, `standard_points`, `meeting_individual_points`, `minutes`, `seconds`, `hundreds`, `meeting_program_id`, `swimmer_id`, `team_id`, `badge_id`, `user_id`, `created_at`, `updated_at`, `disqualification_code_type_id`, `goggle_cup_points`, `reaction_time`, `team_points`, `team_affiliation_id`, `is_personal_best`, `is_season_type_best`)
  VALUES (413817, 5, 1, 0, 0, 803.66, 803.66, 22, 14, 50, 69095, 3873, 243, 28490, 1, '2016-05-24 17:08:14', '2016-05-24 17:08:14', NULL, 0.0, 0.0, 0.0, 1034, 0, 0);

INSERT INTO `meeting_individual_results` (`id`, `rank`, `is_play_off`, `is_out_of_race`, `is_disqualified`, `standard_points`, `meeting_individual_points`, `minutes`, `seconds`, `hundreds`, `meeting_program_id`, `swimmer_id`, `team_id`, `badge_id`, `user_id`, `created_at`, `updated_at`, `disqualification_code_type_id`, `goggle_cup_points`, `reaction_time`, `team_points`, `team_affiliation_id`, `is_personal_best`, `is_season_type_best`)
  VALUES (413818, 6, 1, 0, 0, 781.52, 781.52, 22, 52, 30, 69095, 3872, 203, 53283, 1, '2016-05-24 17:08:14', '2016-05-24 17:08:14', NULL, 0.0, 0.0, 0.0, 1085, 0, 0);

INSERT INTO `meeting_individual_results` (`id`, `rank`, `is_play_off`, `is_out_of_race`, `is_disqualified`, `standard_points`, `meeting_individual_points`, `minutes`, `seconds`, `hundreds`, `meeting_program_id`, `swimmer_id`, `team_id`, `badge_id`, `user_id`, `created_at`, `updated_at`, `disqualification_code_type_id`, `goggle_cup_points`, `reaction_time`, `team_points`, `team_affiliation_id`, `is_personal_best`, `is_season_type_best`)
  VALUES (413819, 7, 1, 0, 0, 765.62, 765.62, 23, 20, 80, 69095, 8417, 189, 27812, 1, '2016-05-24 17:08:15', '2016-05-24 17:08:15', NULL, 0.0, 0.0, 0.0, 1247, 0, 0);

INSERT INTO `meeting_individual_results` (`id`, `rank`, `is_play_off`, `is_out_of_race`, `is_disqualified`, `standard_points`, `meeting_individual_points`, `minutes`, `seconds`, `hundreds`, `meeting_program_id`, `swimmer_id`, `team_id`, `badge_id`, `user_id`, `created_at`, `updated_at`, `disqualification_code_type_id`, `goggle_cup_points`, `reaction_time`, `team_points`, `team_affiliation_id`, `is_personal_best`, `is_season_type_best`)
  VALUES (413820, 8, 1, 0, 0, 741.7, 741.7, 24, 6, 0, 69095, 3878, 246, 28309, 1, '2016-05-24 17:08:15', '2016-05-24 17:08:15', NULL, 0.0, 0.0, 0.0, 1154, 0, 0);

INSERT INTO `meeting_individual_results` (`id`, `rank`, `is_play_off`, `is_out_of_race`, `is_disqualified`, `standard_points`, `meeting_individual_points`, `minutes`, `seconds`, `hundreds`, `meeting_program_id`, `swimmer_id`, `team_id`, `badge_id`, `user_id`, `created_at`, `updated_at`, `disqualification_code_type_id`, `goggle_cup_points`, `reaction_time`, `team_points`, `team_affiliation_id`, `is_personal_best`, `is_season_type_best`)
  VALUES (413821, 9, 1, 0, 0, 737.46, 737.46, 24, 14, 30, 69095, 3610, 211, 27301, 1, '2016-05-24 17:08:15', '2016-05-24 17:08:15', NULL, 0.0, 0.0, 0.0, 1287, 0, 0);

INSERT INTO `meeting_individual_results` (`id`, `rank`, `is_play_off`, `is_out_of_race`, `is_disqualified`, `standard_points`, `meeting_individual_points`, `minutes`, `seconds`, `hundreds`, `meeting_program_id`, `swimmer_id`, `team_id`, `badge_id`, `user_id`, `created_at`, `updated_at`, `disqualification_code_type_id`, `goggle_cup_points`, `reaction_time`, `team_points`, `team_affiliation_id`, `is_personal_best`, `is_season_type_best`)
  VALUES (413822, 10, 1, 0, 0, 730.23, 730.23, 24, 28, 70, 69095, 10753, 523, 28736, 1, '2016-05-24 17:08:15', '2016-05-24 17:08:15', NULL, 0.0, 0.0, 0.0, 1382, 0, 0);

INSERT INTO `meeting_individual_results` (`id`, `rank`, `is_play_off`, `is_out_of_race`, `is_disqualified`, `standard_points`, `meeting_individual_points`, `minutes`, `seconds`, `hundreds`, `meeting_program_id`, `swimmer_id`, `team_id`, `badge_id`, `user_id`, `created_at`, `updated_at`, `disqualification_code_type_id`, `goggle_cup_points`, `reaction_time`, `team_points`, `team_affiliation_id`, `is_personal_best`, `is_season_type_best`)
  VALUES (413823, 11, 1, 0, 0, 668.06, 668.06, 26, 45, 40, 69095, 3882, 213, 28310, 1, '2016-05-24 17:08:15', '2016-05-24 17:08:15', NULL, 0.0, 0.0, 0.0, 1110, 0, 0);

INSERT INTO `meeting_individual_results` (`id`, `rank`, `is_play_off`, `is_out_of_race`, `is_disqualified`, `standard_points`, `meeting_individual_points`, `minutes`, `seconds`, `hundreds`, `meeting_program_id`, `swimmer_id`, `team_id`, `badge_id`, `user_id`, `created_at`, `updated_at`, `disqualification_code_type_id`, `goggle_cup_points`, `reaction_time`, `team_points`, `team_affiliation_id`, `is_personal_best`, `is_season_type_best`)
  VALUES (413824, 1, 1, 0, 0, 772.74, 772.74, 23, 52, 80, 69096, 3426, 203, 28312, 1, '2016-05-24 17:08:15', '2016-05-24 17:08:15', NULL, 0.0, 0.0, 0.0, 1085, 0, 0);

INSERT INTO `meeting_individual_results` (`id`, `rank`, `is_play_off`, `is_out_of_race`, `is_disqualified`, `standard_points`, `meeting_individual_points`, `minutes`, `seconds`, `hundreds`, `meeting_program_id`, `swimmer_id`, `team_id`, `badge_id`, `user_id`, `created_at`, `updated_at`, `disqualification_code_type_id`, `goggle_cup_points`, `reaction_time`, `team_points`, `team_affiliation_id`, `is_personal_best`, `is_season_type_best`)
  VALUES (413825, 2, 1, 0, 0, 728.17, 728.17, 25, 20, 50, 69096, 2203, 111, 24823, 1, '2016-05-24 17:08:15', '2016-05-24 17:08:15', NULL, 0.0, 0.0, 0.0, 1174, 0, 0);

INSERT INTO `meeting_individual_results` (`id`, `rank`, `is_play_off`, `is_out_of_race`, `is_disqualified`, `standard_points`, `meeting_individual_points`, `minutes`, `seconds`, `hundreds`, `meeting_program_id`, `swimmer_id`, `team_id`, `badge_id`, `user_id`, `created_at`, `updated_at`, `disqualification_code_type_id`, `goggle_cup_points`, `reaction_time`, `team_points`, `team_affiliation_id`, `is_personal_best`, `is_season_type_best`)
  VALUES (413826, 3, 1, 0, 0, 701.51, 701.51, 26, 18, 30, 69096, 14575, 202, 50091, 1, '2016-05-24 17:08:15', '2016-05-24 17:08:15', NULL, 0.0, 0.0, 0.0, 1018, 0, 0);

INSERT INTO `meeting_individual_results` (`id`, `rank`, `is_play_off`, `is_out_of_race`, `is_disqualified`, `standard_points`, `meeting_individual_points`, `minutes`, `seconds`, `hundreds`, `meeting_program_id`, `swimmer_id`, `team_id`, `badge_id`, `user_id`, `created_at`, `updated_at`, `disqualification_code_type_id`, `goggle_cup_points`, `reaction_time`, `team_points`, `team_affiliation_id`, `is_personal_best`, `is_season_type_best`)
  VALUES (413827, 1, 1, 0, 0, 811.91, 811.91, 23, 49, 40, 69097, 5585, 76, 23746, 1, '2016-05-24 17:08:15', '2016-05-24 17:08:15', NULL, 0.0, 0.0, 0.0, 1077, 0, 0);

INSERT INTO `meeting_individual_results` (`id`, `rank`, `is_play_off`, `is_out_of_race`, `is_disqualified`, `standard_points`, `meeting_individual_points`, `minutes`, `seconds`, `hundreds`, `meeting_program_id`, `swimmer_id`, `team_id`, `badge_id`, `user_id`, `created_at`, `updated_at`, `disqualification_code_type_id`, `goggle_cup_points`, `reaction_time`, `team_points`, `team_affiliation_id`, `is_personal_best`, `is_season_type_best`)
  VALUES (413828, 2, 1, 0, 0, 790.03, 790.03, 24, 29, 0, 69097, 2019, 89, 22412, 1, '2016-05-24 17:08:15', '2016-05-24 17:08:15', NULL, 0.0, 0.0, 0.0, 965, 0, 0);

INSERT INTO `meeting_individual_results` (`id`, `rank`, `is_play_off`, `is_out_of_race`, `is_disqualified`, `standard_points`, `meeting_individual_points`, `minutes`, `seconds`, `hundreds`, `meeting_program_id`, `swimmer_id`, `team_id`, `badge_id`, `user_id`, `created_at`, `updated_at`, `disqualification_code_type_id`, `goggle_cup_points`, `reaction_time`, `team_points`, `team_affiliation_id`, `is_personal_best`, `is_season_type_best`)
  VALUES (413829, 3, 1, 0, 0, 766.4, 766.4, 25, 14, 30, 69097, 3883, 89, 50386, 1, '2016-05-24 17:08:15', '2016-05-24 17:08:15', NULL, 0.0, 0.0, 0.0, 965, 0, 0);

INSERT INTO `meeting_individual_results` (`id`, `rank`, `is_play_off`, `is_out_of_race`, `is_disqualified`, `standard_points`, `meeting_individual_points`, `minutes`, `seconds`, `hundreds`, `meeting_program_id`, `swimmer_id`, `team_id`, `badge_id`, `user_id`, `created_at`, `updated_at`, `disqualification_code_type_id`, `goggle_cup_points`, `reaction_time`, `team_points`, `team_affiliation_id`, `is_personal_best`, `is_season_type_best`)
  VALUES (413830, 4, 1, 0, 0, 709.13, 709.13, 27, 16, 60, 69097, 3929, 202, 27821, 1, '2016-05-24 17:08:16', '2016-05-24 17:08:16', NULL, 0.0, 0.0, 0.0, 1018, 0, 0);

INSERT INTO `meeting_individual_results` (`id`, `rank`, `is_play_off`, `is_out_of_race`, `is_disqualified`, `standard_points`, `meeting_individual_points`, `minutes`, `seconds`, `hundreds`, `meeting_program_id`, `swimmer_id`, `team_id`, `badge_id`, `user_id`, `created_at`, `updated_at`, `disqualification_code_type_id`, `goggle_cup_points`, `reaction_time`, `team_points`, `team_affiliation_id`, `is_personal_best`, `is_season_type_best`)
  VALUES (413831, 1, 1, 0, 0, 733.47, 733.47, 27, 56, 30, 69098, 5070, 76, 23748, 1, '2016-05-24 17:08:16', '2016-05-24 17:08:16', NULL, 0.0, 0.0, 0.0, 1077, 0, 0);

INSERT INTO `meeting_individual_results` (`id`, `rank`, `is_play_off`, `is_out_of_race`, `is_disqualified`, `standard_points`, `meeting_individual_points`, `minutes`, `seconds`, `hundreds`, `meeting_program_id`, `swimmer_id`, `team_id`, `badge_id`, `user_id`, `created_at`, `updated_at`, `disqualification_code_type_id`, `goggle_cup_points`, `reaction_time`, `team_points`, `team_affiliation_id`, `is_personal_best`, `is_season_type_best`)
  VALUES (413832, 1, 1, 0, 0, 681.62, 681.62, 13, 20, 80, 69099, 3468, 209, 28769, 1, '2016-05-24 17:08:16', '2016-05-24 17:08:16', NULL, 0.0, 0.0, 0.0, 1097, 0, 0);

INSERT INTO `meeting_individual_results` (`id`, `rank`, `is_play_off`, `is_out_of_race`, `is_disqualified`, `standard_points`, `meeting_individual_points`, `minutes`, `seconds`, `hundreds`, `meeting_program_id`, `swimmer_id`, `team_id`, `badge_id`, `user_id`, `created_at`, `updated_at`, `disqualification_code_type_id`, `goggle_cup_points`, `reaction_time`, `team_points`, `team_affiliation_id`, `is_personal_best`, `is_season_type_best`)
  VALUES (413833, 2, 1, 0, 0, 664.29, 664.29, 13, 41, 70, 69099, 8263, 243, 28558, 1, '2016-05-24 17:08:16', '2016-05-24 17:08:16', NULL, 0.0, 0.0, 0.0, 1034, 0, 0);

INSERT INTO `meeting_individual_results` (`id`, `rank`, `is_play_off`, `is_out_of_race`, `is_disqualified`, `standard_points`, `meeting_individual_points`, `minutes`, `seconds`, `hundreds`, `meeting_program_id`, `swimmer_id`, `team_id`, `badge_id`, `user_id`, `created_at`, `updated_at`, `disqualification_code_type_id`, `goggle_cup_points`, `reaction_time`, `team_points`, `team_affiliation_id`, `is_personal_best`, `is_season_type_best`)
  VALUES (413834, 1, 1, 0, 0, 861.06, 861.06, 10, 50, 0, 69100, 6963, 382, 26438, 1, '2016-05-24 17:08:16', '2016-05-24 17:08:16', NULL, 0.0, 0.0, 0.0, 1249, 0, 0);

INSERT INTO `meeting_individual_results` (`id`, `rank`, `is_play_off`, `is_out_of_race`, `is_disqualified`, `standard_points`, `meeting_individual_points`, `minutes`, `seconds`, `hundreds`, `meeting_program_id`, `swimmer_id`, `team_id`, `badge_id`, `user_id`, `created_at`, `updated_at`, `disqualification_code_type_id`, `goggle_cup_points`, `reaction_time`, `team_points`, `team_affiliation_id`, `is_personal_best`, `is_season_type_best`)
  VALUES (413835, 2, 1, 0, 0, 829.79, 829.79, 11, 14, 50, 69100, 10818, 243, 28522, 1, '2016-05-24 17:08:16', '2016-05-24 17:08:16', NULL, 0.0, 0.0, 0.0, 1034, 0, 0);

INSERT INTO `meeting_individual_results` (`id`, `rank`, `is_play_off`, `is_out_of_race`, `is_disqualified`, `standard_points`, `meeting_individual_points`, `minutes`, `seconds`, `hundreds`, `meeting_program_id`, `swimmer_id`, `team_id`, `badge_id`, `user_id`, `created_at`, `updated_at`, `disqualification_code_type_id`, `goggle_cup_points`, `reaction_time`, `team_points`, `team_affiliation_id`, `is_personal_best`, `is_season_type_best`)
  VALUES (413836, 3, 1, 0, 0, 705.11, 705.11, 13, 13, 80, 69100, 10622, 244, 28411, 1, '2016-05-24 17:08:16', '2016-05-24 17:08:16', NULL, 0.0, 0.0, 0.0, 1387, 0, 0);

INSERT INTO `meeting_individual_results` (`id`, `rank`, `is_play_off`, `is_out_of_race`, `is_disqualified`, `standard_points`, `meeting_individual_points`, `minutes`, `seconds`, `hundreds`, `meeting_program_id`, `swimmer_id`, `team_id`, `badge_id`, `user_id`, `created_at`, `updated_at`, `disqualification_code_type_id`, `goggle_cup_points`, `reaction_time`, `team_points`, `team_affiliation_id`, `is_personal_best`, `is_season_type_best`)
  VALUES (413837, 4, 1, 0, 0, 677.8, 677.8, 13, 45, 80, 69100, 3543, 206, 32116, 1, '2016-05-24 17:08:16', '2016-05-24 17:08:16', NULL, 0.0, 0.0, 0.0, 1092, 0, 0);

INSERT INTO `meeting_individual_results` (`id`, `rank`, `is_play_off`, `is_out_of_race`, `is_disqualified`, `standard_points`, `meeting_individual_points`, `minutes`, `seconds`, `hundreds`, `meeting_program_id`, `swimmer_id`, `team_id`, `badge_id`, `user_id`, `created_at`, `updated_at`, `disqualification_code_type_id`, `goggle_cup_points`, `reaction_time`, `team_points`, `team_affiliation_id`, `is_personal_best`, `is_season_type_best`)
  VALUES (413838, 5, 1, 0, 0, 650.85, 650.85, 14, 20, 0, 69100, 3891, 202, 54454, 1, '2016-05-24 17:08:16', '2016-05-24 17:08:16', NULL, 0.0, 0.0, 0.0, 1018, 0, 0);

INSERT INTO `meeting_individual_results` (`id`, `rank`, `is_play_off`, `is_out_of_race`, `is_disqualified`, `standard_points`, `meeting_individual_points`, `minutes`, `seconds`, `hundreds`, `meeting_program_id`, `swimmer_id`, `team_id`, `badge_id`, `user_id`, `created_at`, `updated_at`, `disqualification_code_type_id`, `goggle_cup_points`, `reaction_time`, `team_points`, `team_affiliation_id`, `is_personal_best`, `is_season_type_best`)
  VALUES (413839, 6, 1, 0, 0, 631.04, 631.04, 14, 47, 0, 69100, 10952, 523, 49482, 1, '2016-05-24 17:08:16', '2016-05-24 17:08:16', NULL, 0.0, 0.0, 0.0, 1382, 0, 0);

INSERT INTO `meeting_individual_results` (`id`, `rank`, `is_play_off`, `is_out_of_race`, `is_disqualified`, `standard_points`, `meeting_individual_points`, `minutes`, `seconds`, `hundreds`, `meeting_program_id`, `swimmer_id`, `team_id`, `badge_id`, `user_id`, `created_at`, `updated_at`, `disqualification_code_type_id`, `goggle_cup_points`, `reaction_time`, `team_points`, `team_affiliation_id`, `is_personal_best`, `is_season_type_best`)
  VALUES (413840, 7, 1, 0, 0, 570.12, 570.12, 16, 21, 80, 69100, 3892, 245, 28525, 1, '2016-05-24 17:08:16', '2016-05-24 17:08:16', NULL, 0.0, 0.0, 0.0, 1338, 0, 0);

INSERT INTO `meeting_individual_results` (`id`, `rank`, `is_play_off`, `is_out_of_race`, `is_disqualified`, `standard_points`, `meeting_individual_points`, `minutes`, `seconds`, `hundreds`, `meeting_program_id`, `swimmer_id`, `team_id`, `badge_id`, `user_id`, `created_at`, `updated_at`, `disqualification_code_type_id`, `goggle_cup_points`, `reaction_time`, `team_points`, `team_affiliation_id`, `is_personal_best`, `is_season_type_best`)
  VALUES (413841, 8, 1, 0, 0, 537.4, 537.4, 17, 21, 60, 69100, 14377, 428, 30103, 1, '2016-05-24 17:08:17', '2016-05-24 17:08:17', NULL, 0.0, 0.0, 0.0, 1375, 0, 0);

INSERT INTO `meeting_individual_results` (`id`, `rank`, `is_play_off`, `is_out_of_race`, `is_disqualified`, `standard_points`, `meeting_individual_points`, `minutes`, `seconds`, `hundreds`, `meeting_program_id`, `swimmer_id`, `team_id`, `badge_id`, `user_id`, `created_at`, `updated_at`, `disqualification_code_type_id`, `goggle_cup_points`, `reaction_time`, `team_points`, `team_affiliation_id`, `is_personal_best`, `is_season_type_best`)
  VALUES (413842, 1, 1, 0, 0, 801.18, 801.18, 11, 43, 10, 69101, 3838, 246, 28526, 1, '2016-05-24 17:08:17', '2016-05-24 17:08:17', NULL, 0.0, 0.0, 0.0, 1154, 0, 0);

INSERT INTO `meeting_individual_results` (`id`, `rank`, `is_play_off`, `is_out_of_race`, `is_disqualified`, `standard_points`, `meeting_individual_points`, `minutes`, `seconds`, `hundreds`, `meeting_program_id`, `swimmer_id`, `team_id`, `badge_id`, `user_id`, `created_at`, `updated_at`, `disqualification_code_type_id`, `goggle_cup_points`, `reaction_time`, `team_points`, `team_affiliation_id`, `is_personal_best`, `is_season_type_best`)
  VALUES (413843, 2, 1, 0, 0, 750.49, 750.49, 12, 30, 60, 69101, 3839, 640, 53169, 1, '2016-05-24 17:08:17', '2016-05-24 17:08:17', NULL, 0.0, 0.0, 0.0, 2317, 0, 0);

INSERT INTO `meeting_individual_results` (`id`, `rank`, `is_play_off`, `is_out_of_race`, `is_disqualified`, `standard_points`, `meeting_individual_points`, `minutes`, `seconds`, `hundreds`, `meeting_program_id`, `swimmer_id`, `team_id`, `badge_id`, `user_id`, `created_at`, `updated_at`, `disqualification_code_type_id`, `goggle_cup_points`, `reaction_time`, `team_points`, `team_affiliation_id`, `is_personal_best`, `is_season_type_best`)
  VALUES (413844, 3, 1, 0, 0, 581.56, 581.56, 16, 8, 70, 69101, 10736, 243, 28529, 1, '2016-05-24 17:08:17', '2016-05-24 17:08:17', NULL, 0.0, 0.0, 0.0, 1034, 0, 0);

INSERT INTO `meeting_individual_results` (`id`, `rank`, `is_play_off`, `is_out_of_race`, `is_disqualified`, `standard_points`, `meeting_individual_points`, `minutes`, `seconds`, `hundreds`, `meeting_program_id`, `swimmer_id`, `team_id`, `badge_id`, `user_id`, `created_at`, `updated_at`, `disqualification_code_type_id`, `goggle_cup_points`, `reaction_time`, `team_points`, `team_affiliation_id`, `is_personal_best`, `is_season_type_best`)
  VALUES (413845, 1, 1, 0, 0, 869.43, 869.43, 10, 52, 0, 69102, 6882, 377, 26500, 1, '2016-05-24 17:08:17', '2016-05-24 17:08:17', NULL, 0.0, 0.0, 0.0, 1248, 0, 0);

INSERT INTO `meeting_individual_results` (`id`, `rank`, `is_play_off`, `is_out_of_race`, `is_disqualified`, `standard_points`, `meeting_individual_points`, `minutes`, `seconds`, `hundreds`, `meeting_program_id`, `swimmer_id`, `team_id`, `badge_id`, `user_id`, `created_at`, `updated_at`, `disqualification_code_type_id`, `goggle_cup_points`, `reaction_time`, `team_points`, `team_affiliation_id`, `is_personal_best`, `is_season_type_best`)
  VALUES (413846, 2, 1, 0, 0, 811.8, 811.8, 11, 38, 30, 69102, 3893, 202, 29887, 1, '2016-05-24 17:08:17', '2016-05-24 17:08:17', NULL, 0.0, 0.0, 0.0, 1018, 0, 0);

INSERT INTO `meeting_individual_results` (`id`, `rank`, `is_play_off`, `is_out_of_race`, `is_disqualified`, `standard_points`, `meeting_individual_points`, `minutes`, `seconds`, `hundreds`, `meeting_program_id`, `swimmer_id`, `team_id`, `badge_id`, `user_id`, `created_at`, `updated_at`, `disqualification_code_type_id`, `goggle_cup_points`, `reaction_time`, `team_points`, `team_affiliation_id`, `is_personal_best`, `is_season_type_best`)
  VALUES (413847, 3, 1, 0, 0, 772.43, 772.43, 12, 13, 90, 69102, 10773, 206, 32104, 1, '2016-05-24 17:08:17', '2016-05-24 17:08:17', NULL, 0.0, 0.0, 0.0, 1092, 0, 0);

INSERT INTO `meeting_individual_results` (`id`, `rank`, `is_play_off`, `is_out_of_race`, `is_disqualified`, `standard_points`, `meeting_individual_points`, `minutes`, `seconds`, `hundreds`, `meeting_program_id`, `swimmer_id`, `team_id`, `badge_id`, `user_id`, `created_at`, `updated_at`, `disqualification_code_type_id`, `goggle_cup_points`, `reaction_time`, `team_points`, `team_affiliation_id`, `is_personal_best`, `is_season_type_best`)
  VALUES (413848, 4, 1, 0, 0, 720.78, 720.78, 13, 6, 50, 69102, 6955, 382, 28530, 1, '2016-05-24 17:08:17', '2016-05-24 17:08:17', NULL, 0.0, 0.0, 0.0, 1249, 0, 0);

INSERT INTO `meeting_individual_results` (`id`, `rank`, `is_play_off`, `is_out_of_race`, `is_disqualified`, `standard_points`, `meeting_individual_points`, `minutes`, `seconds`, `hundreds`, `meeting_program_id`, `swimmer_id`, `team_id`, `badge_id`, `user_id`, `created_at`, `updated_at`, `disqualification_code_type_id`, `goggle_cup_points`, `reaction_time`, `team_points`, `team_affiliation_id`, `is_personal_best`, `is_season_type_best`)
  VALUES (413849, 5, 1, 0, 0, 693.37, 693.37, 13, 37, 60, 69102, 20939, 206, 32118, 1, '2016-05-24 17:08:17', '2016-05-24 17:08:17', NULL, 0.0, 0.0, 0.0, 1092, 0, 0);

INSERT INTO `meeting_individual_results` (`id`, `rank`, `is_play_off`, `is_out_of_race`, `is_disqualified`, `standard_points`, `meeting_individual_points`, `minutes`, `seconds`, `hundreds`, `meeting_program_id`, `swimmer_id`, `team_id`, `badge_id`, `user_id`, `created_at`, `updated_at`, `disqualification_code_type_id`, `goggle_cup_points`, `reaction_time`, `team_points`, `team_affiliation_id`, `is_personal_best`, `is_season_type_best`)
  VALUES (413850, 6, 1, 0, 0, 669.47, 669.47, 14, 6, 80, 69102, 12429, 640, 53187, 1, '2016-05-24 17:08:17', '2016-05-24 17:08:17', NULL, 0.0, 0.0, 0.0, 2317, 0, 0);

INSERT INTO `meeting_individual_results` (`id`, `rank`, `is_play_off`, `is_out_of_race`, `is_disqualified`, `standard_points`, `meeting_individual_points`, `minutes`, `seconds`, `hundreds`, `meeting_program_id`, `swimmer_id`, `team_id`, `badge_id`, `user_id`, `created_at`, `updated_at`, `disqualification_code_type_id`, `goggle_cup_points`, `reaction_time`, `team_points`, `team_affiliation_id`, `is_personal_best`, `is_season_type_best`)
  VALUES (413851, 1, 1, 0, 0, 829.32, 829.32, 11, 41, 80, 69103, 10969, 246, 24452, 1, '2016-05-24 17:08:17', '2016-05-24 17:08:17', NULL, 0.0, 0.0, 0.0, 1154, 0, 0);

INSERT INTO `meeting_individual_results` (`id`, `rank`, `is_play_off`, `is_out_of_race`, `is_disqualified`, `standard_points`, `meeting_individual_points`, `minutes`, `seconds`, `hundreds`, `meeting_program_id`, `swimmer_id`, `team_id`, `badge_id`, `user_id`, `created_at`, `updated_at`, `disqualification_code_type_id`, `goggle_cup_points`, `reaction_time`, `team_points`, `team_affiliation_id`, `is_personal_best`, `is_season_type_best`)
  VALUES (413852, 2, 1, 0, 0, 711.45, 711.45, 13, 38, 10, 69103, 3847, 243, 28532, 1, '2016-05-24 17:08:18', '2016-05-24 17:08:18', NULL, 0.0, 0.0, 0.0, 1034, 0, 0);

INSERT INTO `meeting_individual_results` (`id`, `rank`, `is_play_off`, `is_out_of_race`, `is_disqualified`, `standard_points`, `meeting_individual_points`, `minutes`, `seconds`, `hundreds`, `meeting_program_id`, `swimmer_id`, `team_id`, `badge_id`, `user_id`, `created_at`, `updated_at`, `disqualification_code_type_id`, `goggle_cup_points`, `reaction_time`, `team_points`, `team_affiliation_id`, `is_personal_best`, `is_season_type_best`)
  VALUES (413853, 3, 1, 0, 0, 710.06, 710.06, 13, 39, 70, 69103, 3843, 243, 28288, 1, '2016-05-24 17:08:18', '2016-05-24 17:08:18', NULL, 0.0, 0.0, 0.0, 1034, 0, 0);

INSERT INTO `meeting_individual_results` (`id`, `rank`, `is_play_off`, `is_out_of_race`, `is_disqualified`, `standard_points`, `meeting_individual_points`, `minutes`, `seconds`, `hundreds`, `meeting_program_id`, `swimmer_id`, `team_id`, `badge_id`, `user_id`, `created_at`, `updated_at`, `disqualification_code_type_id`, `goggle_cup_points`, `reaction_time`, `team_points`, `team_affiliation_id`, `is_personal_best`, `is_season_type_best`)
  VALUES (413854, 4, 1, 0, 0, 709.98, 709.98, 13, 39, 80, 69103, 3552, 206, 50395, 1, '2016-05-24 17:08:18', '2016-05-24 17:08:18', NULL, 0.0, 0.0, 0.0, 1092, 0, 0);

INSERT INTO `meeting_individual_results` (`id`, `rank`, `is_play_off`, `is_out_of_race`, `is_disqualified`, `standard_points`, `meeting_individual_points`, `minutes`, `seconds`, `hundreds`, `meeting_program_id`, `swimmer_id`, `team_id`, `badge_id`, `user_id`, `created_at`, `updated_at`, `disqualification_code_type_id`, `goggle_cup_points`, `reaction_time`, `team_points`, `team_affiliation_id`, `is_personal_best`, `is_season_type_best`)
  VALUES (413855, 5, 1, 0, 0, 702.78, 702.78, 13, 48, 20, 69103, 3899, 213, 54455, 1, '2016-05-24 17:08:18', '2016-05-24 17:08:18', NULL, 0.0, 0.0, 0.0, 1110, 0, 0);

INSERT INTO `meeting_individual_results` (`id`, `rank`, `is_play_off`, `is_out_of_race`, `is_disqualified`, `standard_points`, `meeting_individual_points`, `minutes`, `seconds`, `hundreds`, `meeting_program_id`, `swimmer_id`, `team_id`, `badge_id`, `user_id`, `created_at`, `updated_at`, `disqualification_code_type_id`, `goggle_cup_points`, `reaction_time`, `team_points`, `team_affiliation_id`, `is_personal_best`, `is_season_type_best`)
  VALUES (413856, 1, 1, 0, 0, 874.8, 874.8, 11, 31, 20, 69104, 3458, 202, 27815, 1, '2016-05-24 17:08:18', '2016-05-24 17:08:18', NULL, 0.0, 0.0, 0.0, 1018, 0, 0);

INSERT INTO `meeting_individual_results` (`id`, `rank`, `is_play_off`, `is_out_of_race`, `is_disqualified`, `standard_points`, `meeting_individual_points`, `minutes`, `seconds`, `hundreds`, `meeting_program_id`, `swimmer_id`, `team_id`, `badge_id`, `user_id`, `created_at`, `updated_at`, `disqualification_code_type_id`, `goggle_cup_points`, `reaction_time`, `team_points`, `team_affiliation_id`, `is_personal_best`, `is_season_type_best`)
  VALUES (413857, 2, 1, 0, 0, 846.4, 846.4, 11, 54, 40, 69104, 3895, 243, 28429, 1, '2016-05-24 17:08:18', '2016-05-24 17:08:18', NULL, 0.0, 0.0, 0.0, 1034, 0, 0);

INSERT INTO `meeting_individual_results` (`id`, `rank`, `is_play_off`, `is_out_of_race`, `is_disqualified`, `standard_points`, `meeting_individual_points`, `minutes`, `seconds`, `hundreds`, `meeting_program_id`, `swimmer_id`, `team_id`, `badge_id`, `user_id`, `created_at`, `updated_at`, `disqualification_code_type_id`, `goggle_cup_points`, `reaction_time`, `team_points`, `team_affiliation_id`, `is_personal_best`, `is_season_type_best`)
  VALUES (413858, 3, 1, 0, 0, 781.75, 781.75, 12, 53, 50, 69104, 3849, 89, 27802, 1, '2016-05-24 17:08:18', '2016-05-24 17:08:18', NULL, 0.0, 0.0, 0.0, 965, 0, 0);

INSERT INTO `meeting_individual_results` (`id`, `rank`, `is_play_off`, `is_out_of_race`, `is_disqualified`, `standard_points`, `meeting_individual_points`, `minutes`, `seconds`, `hundreds`, `meeting_program_id`, `swimmer_id`, `team_id`, `badge_id`, `user_id`, `created_at`, `updated_at`, `disqualification_code_type_id`, `goggle_cup_points`, `reaction_time`, `team_points`, `team_affiliation_id`, `is_personal_best`, `is_season_type_best`)
  VALUES (413859, 4, 1, 0, 0, 747.73, 747.73, 13, 28, 70, 69104, 13395, 202, 28572, 1, '2016-05-24 17:08:18', '2016-05-24 17:08:18', NULL, 0.0, 0.0, 0.0, 1018, 0, 0);

INSERT INTO `meeting_individual_results` (`id`, `rank`, `is_play_off`, `is_out_of_race`, `is_disqualified`, `standard_points`, `meeting_individual_points`, `minutes`, `seconds`, `hundreds`, `meeting_program_id`, `swimmer_id`, `team_id`, `badge_id`, `user_id`, `created_at`, `updated_at`, `disqualification_code_type_id`, `goggle_cup_points`, `reaction_time`, `team_points`, `team_affiliation_id`, `is_personal_best`, `is_season_type_best`)
  VALUES (413860, 5, 1, 0, 0, 734.56, 734.56, 13, 43, 20, 69104, 3848, 206, 31538, 1, '2016-05-24 17:08:18', '2016-05-24 17:08:18', NULL, 0.0, 0.0, 0.0, 1092, 0, 0);

INSERT INTO `meeting_individual_results` (`id`, `rank`, `is_play_off`, `is_out_of_race`, `is_disqualified`, `standard_points`, `meeting_individual_points`, `minutes`, `seconds`, `hundreds`, `meeting_program_id`, `swimmer_id`, `team_id`, `badge_id`, `user_id`, `created_at`, `updated_at`, `disqualification_code_type_id`, `goggle_cup_points`, `reaction_time`, `team_points`, `team_affiliation_id`, `is_personal_best`, `is_season_type_best`)
  VALUES (413861, 6, 1, 0, 0, 704.61, 704.61, 14, 18, 20, 69104, 3555, 202, 28346, 1, '2016-05-24 17:08:18', '2016-05-24 17:08:18', NULL, 0.0, 0.0, 0.0, 1018, 0, 0);

INSERT INTO `meeting_individual_results` (`id`, `rank`, `is_play_off`, `is_out_of_race`, `is_disqualified`, `standard_points`, `meeting_individual_points`, `minutes`, `seconds`, `hundreds`, `meeting_program_id`, `swimmer_id`, `team_id`, `badge_id`, `user_id`, `created_at`, `updated_at`, `disqualification_code_type_id`, `goggle_cup_points`, `reaction_time`, `team_points`, `team_affiliation_id`, `is_personal_best`, `is_season_type_best`)
  VALUES (413862, 7, 1, 0, 0, 629.12, 629.12, 16, 1, 20, 69104, 20328, 729, 29974, 1, '2016-05-24 17:08:18', '2016-05-24 17:08:18', NULL, 0.0, 0.0, 0.0, 1374, 0, 0);

INSERT INTO `meeting_individual_results` (`id`, `rank`, `is_play_off`, `is_out_of_race`, `is_disqualified`, `standard_points`, `meeting_individual_points`, `minutes`, `seconds`, `hundreds`, `meeting_program_id`, `swimmer_id`, `team_id`, `badge_id`, `user_id`, `created_at`, `updated_at`, `disqualification_code_type_id`, `goggle_cup_points`, `reaction_time`, `team_points`, `team_affiliation_id`, `is_personal_best`, `is_season_type_best`)
  VALUES (413863, 8, 1, 0, 0, 579.35, 579.35, 17, 23, 80, 69104, 8008, 243, 28533, 1, '2016-05-24 17:08:18', '2016-05-24 17:08:18', NULL, 0.0, 0.0, 0.0, 1034, 0, 0);

INSERT INTO `meeting_individual_results` (`id`, `rank`, `is_play_off`, `is_out_of_race`, `is_disqualified`, `standard_points`, `meeting_individual_points`, `minutes`, `seconds`, `hundreds`, `meeting_program_id`, `swimmer_id`, `team_id`, `badge_id`, `user_id`, `created_at`, `updated_at`, `disqualification_code_type_id`, `goggle_cup_points`, `reaction_time`, `team_points`, `team_affiliation_id`, `is_personal_best`, `is_season_type_best`)
  VALUES (413864, 9, 1, 0, 0, 565.27, 565.27, 17, 49, 80, 69104, 19884, 246, 28436, 1, '2016-05-24 17:08:19', '2016-05-24 17:08:19', NULL, 0.0, 0.0, 0.0, 1154, 0, 0);

INSERT INTO `meeting_individual_results` (`id`, `rank`, `is_play_off`, `is_out_of_race`, `is_disqualified`, `standard_points`, `meeting_individual_points`, `minutes`, `seconds`, `hundreds`, `meeting_program_id`, `swimmer_id`, `team_id`, `badge_id`, `user_id`, `created_at`, `updated_at`, `disqualification_code_type_id`, `goggle_cup_points`, `reaction_time`, `team_points`, `team_affiliation_id`, `is_personal_best`, `is_season_type_best`)
  VALUES (413865, 10, 1, 0, 0, 552.11, 552.11, 18, 15, 30, 69104, 8022, 428, 28293, 1, '2016-05-24 17:08:19', '2016-05-24 17:08:19', NULL, 0.0, 0.0, 0.0, 1375, 0, 0);

INSERT INTO `meeting_individual_results` (`id`, `rank`, `is_play_off`, `is_out_of_race`, `is_disqualified`, `standard_points`, `meeting_individual_points`, `minutes`, `seconds`, `hundreds`, `meeting_program_id`, `swimmer_id`, `team_id`, `badge_id`, `user_id`, `created_at`, `updated_at`, `disqualification_code_type_id`, `goggle_cup_points`, `reaction_time`, `team_points`, `team_affiliation_id`, `is_personal_best`, `is_season_type_best`)
  VALUES (413866, 1, 1, 0, 0, 917.78, 917.78, 13, 24, 48, 69105, 3902, 246, 28440, 1, '2016-05-24 17:08:19', '2016-05-24 17:08:19', NULL, 0.0, 0.0, 0.0, 1154, 0, 0);

INSERT INTO `meeting_individual_results` (`id`, `rank`, `is_play_off`, `is_out_of_race`, `is_disqualified`, `standard_points`, `meeting_individual_points`, `minutes`, `seconds`, `hundreds`, `meeting_program_id`, `swimmer_id`, `team_id`, `badge_id`, `user_id`, `created_at`, `updated_at`, `disqualification_code_type_id`, `goggle_cup_points`, `reaction_time`, `team_points`, `team_affiliation_id`, `is_personal_best`, `is_season_type_best`)
  VALUES (413867, 1, 1, 0, 0, 716.16, 716.16, 19, 54, 70, 69106, 3903, 189, 50010, 1, '2016-05-24 17:08:19', '2016-05-24 17:08:19', NULL, 0.0, 0.0, 0.0, 1247, 0, 0);

INSERT INTO `meeting_individual_results` (`id`, `rank`, `is_play_off`, `is_out_of_race`, `is_disqualified`, `standard_points`, `meeting_individual_points`, `minutes`, `seconds`, `hundreds`, `meeting_program_id`, `swimmer_id`, `team_id`, `badge_id`, `user_id`, `created_at`, `updated_at`, `disqualification_code_type_id`, `goggle_cup_points`, `reaction_time`, `team_points`, `team_affiliation_id`, `is_personal_best`, `is_season_type_best`)
  VALUES (413868, 1, 1, 0, 0, 840.59, 840.59, 10, 10, 80, 69107, 26993, 966, 54456, 1, '2016-05-24 17:08:19', '2016-05-24 17:08:19', NULL, 0.0, 0.0, 0.0, 2362, 0, 0);

INSERT INTO `meeting_individual_results` (`id`, `rank`, `is_play_off`, `is_out_of_race`, `is_disqualified`, `standard_points`, `meeting_individual_points`, `minutes`, `seconds`, `hundreds`, `meeting_program_id`, `swimmer_id`, `team_id`, `badge_id`, `user_id`, `created_at`, `updated_at`, `disqualification_code_type_id`, `goggle_cup_points`, `reaction_time`, `team_points`, `team_affiliation_id`, `is_personal_best`, `is_season_type_best`)
  VALUES (413869, 1, 1, 0, 0, 874.36, 874.36, 9, 41, 40, 69108, 7012, 382, 26459, 1, '2016-05-24 17:08:19', '2016-05-24 17:08:19', NULL, 0.0, 0.0, 0.0, 1249, 0, 0);

INSERT INTO `meeting_individual_results` (`id`, `rank`, `is_play_off`, `is_out_of_race`, `is_disqualified`, `standard_points`, `meeting_individual_points`, `minutes`, `seconds`, `hundreds`, `meeting_program_id`, `swimmer_id`, `team_id`, `badge_id`, `user_id`, `created_at`, `updated_at`, `disqualification_code_type_id`, `goggle_cup_points`, `reaction_time`, `team_points`, `team_affiliation_id`, `is_personal_best`, `is_season_type_best`)
  VALUES (413870, 2, 1, 0, 0, 754.72, 754.72, 11, 13, 60, 69108, 3634, 211, 53224, 1, '2016-05-24 17:08:19', '2016-05-24 17:08:19', NULL, 0.0, 0.0, 0.0, 1287, 0, 0);

INSERT INTO `meeting_individual_results` (`id`, `rank`, `is_play_off`, `is_out_of_race`, `is_disqualified`, `standard_points`, `meeting_individual_points`, `minutes`, `seconds`, `hundreds`, `meeting_program_id`, `swimmer_id`, `team_id`, `badge_id`, `user_id`, `created_at`, `updated_at`, `disqualification_code_type_id`, `goggle_cup_points`, `reaction_time`, `team_points`, `team_affiliation_id`, `is_personal_best`, `is_season_type_best`)
  VALUES (413871, 3, 1, 0, 0, 658.72, 658.72, 12, 51, 80, 69108, 8209, 447, 28513, 1, '2016-05-24 17:08:19', '2016-05-24 17:08:19', NULL, 0.0, 0.0, 0.0, 1400, 0, 0);

INSERT INTO `meeting_individual_results` (`id`, `rank`, `is_play_off`, `is_out_of_race`, `is_disqualified`, `standard_points`, `meeting_individual_points`, `minutes`, `seconds`, `hundreds`, `meeting_program_id`, `swimmer_id`, `team_id`, `badge_id`, `user_id`, `created_at`, `updated_at`, `disqualification_code_type_id`, `goggle_cup_points`, `reaction_time`, `team_points`, `team_affiliation_id`, `is_personal_best`, `is_season_type_best`)
  VALUES (413872, 4, 1, 0, 0, 658.46, 658.46, 12, 52, 10, 69108, 14391, 213, 53057, 1, '2016-05-24 17:08:19', '2016-05-24 17:08:19', NULL, 0.0, 0.0, 0.0, 1110, 0, 0);

INSERT INTO `meeting_individual_results` (`id`, `rank`, `is_play_off`, `is_out_of_race`, `is_disqualified`, `standard_points`, `meeting_individual_points`, `minutes`, `seconds`, `hundreds`, `meeting_program_id`, `swimmer_id`, `team_id`, `badge_id`, `user_id`, `created_at`, `updated_at`, `disqualification_code_type_id`, `goggle_cup_points`, `reaction_time`, `team_points`, `team_affiliation_id`, `is_personal_best`, `is_season_type_best`)
  VALUES (413873, 5, 1, 0, 0, 569.46, 569.46, 14, 52, 80, 69108, 3907, 245, 28537, 1, '2016-05-24 17:08:19', '2016-05-24 17:08:19', NULL, 0.0, 0.0, 0.0, 1338, 0, 0);

INSERT INTO `meeting_individual_results` (`id`, `rank`, `is_play_off`, `is_out_of_race`, `is_disqualified`, `standard_points`, `meeting_individual_points`, `minutes`, `seconds`, `hundreds`, `meeting_program_id`, `swimmer_id`, `team_id`, `badge_id`, `user_id`, `created_at`, `updated_at`, `disqualification_code_type_id`, `goggle_cup_points`, `reaction_time`, `team_points`, `team_affiliation_id`, `is_personal_best`, `is_season_type_best`)
  VALUES (413874, 1, 1, 0, 0, 830.7, 830.7, 10, 28, 20, 69109, 6908, 382, 49856, 1, '2016-05-24 17:08:19', '2016-05-24 17:08:19', NULL, 0.0, 0.0, 0.0, 1249, 0, 0);

INSERT INTO `meeting_individual_results` (`id`, `rank`, `is_play_off`, `is_out_of_race`, `is_disqualified`, `standard_points`, `meeting_individual_points`, `minutes`, `seconds`, `hundreds`, `meeting_program_id`, `swimmer_id`, `team_id`, `badge_id`, `user_id`, `created_at`, `updated_at`, `disqualification_code_type_id`, `goggle_cup_points`, `reaction_time`, `team_points`, `team_affiliation_id`, `is_personal_best`, `is_season_type_best`)
  VALUES (413875, 2, 1, 0, 0, 802.72, 802.72, 10, 50, 10, 69109, 3570, 189, 51334, 1, '2016-05-24 17:08:19', '2016-05-24 17:08:19', NULL, 0.0, 0.0, 0.0, 1247, 0, 0);

INSERT INTO `meeting_individual_results` (`id`, `rank`, `is_play_off`, `is_out_of_race`, `is_disqualified`, `standard_points`, `meeting_individual_points`, `minutes`, `seconds`, `hundreds`, `meeting_program_id`, `swimmer_id`, `team_id`, `badge_id`, `user_id`, `created_at`, `updated_at`, `disqualification_code_type_id`, `goggle_cup_points`, `reaction_time`, `team_points`, `team_affiliation_id`, `is_personal_best`, `is_season_type_best`)
  VALUES (413876, 3, 1, 0, 0, 788.65, 788.65, 11, 1, 70, 69109, 3856, 640, 53108, 1, '2016-05-24 17:08:20', '2016-05-24 17:08:20', NULL, 0.0, 0.0, 0.0, 2317, 0, 0);

INSERT INTO `meeting_individual_results` (`id`, `rank`, `is_play_off`, `is_out_of_race`, `is_disqualified`, `standard_points`, `meeting_individual_points`, `minutes`, `seconds`, `hundreds`, `meeting_program_id`, `swimmer_id`, `team_id`, `badge_id`, `user_id`, `created_at`, `updated_at`, `disqualification_code_type_id`, `goggle_cup_points`, `reaction_time`, `team_points`, `team_affiliation_id`, `is_personal_best`, `is_season_type_best`)
  VALUES (413877, 4, 1, 0, 0, 738.55, 738.55, 11, 46, 60, 69109, 8109, 428, 50002, 1, '2016-05-24 17:08:20', '2016-05-24 17:08:20', NULL, 0.0, 0.0, 0.0, 1375, 0, 0);

INSERT INTO `meeting_individual_results` (`id`, `rank`, `is_play_off`, `is_out_of_race`, `is_disqualified`, `standard_points`, `meeting_individual_points`, `minutes`, `seconds`, `hundreds`, `meeting_program_id`, `swimmer_id`, `team_id`, `badge_id`, `user_id`, `created_at`, `updated_at`, `disqualification_code_type_id`, `goggle_cup_points`, `reaction_time`, `team_points`, `team_affiliation_id`, `is_personal_best`, `is_season_type_best`)
  VALUES (413878, 5, 1, 0, 0, 721.51, 721.51, 12, 3, 30, 69109, 8087, 245, 27728, 1, '2016-05-24 17:08:20', '2016-05-24 17:08:20', NULL, 0.0, 0.0, 0.0, 1338, 0, 0);

INSERT INTO `meeting_individual_results` (`id`, `rank`, `is_play_off`, `is_out_of_race`, `is_disqualified`, `standard_points`, `meeting_individual_points`, `minutes`, `seconds`, `hundreds`, `meeting_program_id`, `swimmer_id`, `team_id`, `badge_id`, `user_id`, `created_at`, `updated_at`, `disqualification_code_type_id`, `goggle_cup_points`, `reaction_time`, `team_points`, `team_affiliation_id`, `is_personal_best`, `is_season_type_best`)
  VALUES (413879, 6, 1, 0, 0, 719.02, 719.02, 12, 5, 80, 69109, 8028, 209, 23483, 1, '2016-05-24 17:08:20', '2016-05-24 17:08:20', NULL, 0.0, 0.0, 0.0, 1097, 0, 0);

INSERT INTO `meeting_individual_results` (`id`, `rank`, `is_play_off`, `is_out_of_race`, `is_disqualified`, `standard_points`, `meeting_individual_points`, `minutes`, `seconds`, `hundreds`, `meeting_program_id`, `swimmer_id`, `team_id`, `badge_id`, `user_id`, `created_at`, `updated_at`, `disqualification_code_type_id`, `goggle_cup_points`, `reaction_time`, `team_points`, `team_affiliation_id`, `is_personal_best`, `is_season_type_best`)
  VALUES (413880, 7, 1, 0, 0, 685.5, 685.5, 12, 41, 30, 69109, 8285, 428, 50351, 1, '2016-05-24 17:08:20', '2016-05-24 17:08:20', NULL, 0.0, 0.0, 0.0, 1375, 0, 0);

INSERT INTO `meeting_individual_results` (`id`, `rank`, `is_play_off`, `is_out_of_race`, `is_disqualified`, `standard_points`, `meeting_individual_points`, `minutes`, `seconds`, `hundreds`, `meeting_program_id`, `swimmer_id`, `team_id`, `badge_id`, `user_id`, `created_at`, `updated_at`, `disqualification_code_type_id`, `goggle_cup_points`, `reaction_time`, `team_points`, `team_affiliation_id`, `is_personal_best`, `is_season_type_best`)
  VALUES (413881, 8, 1, 0, 0, 669.76, 669.76, 12, 59, 20, 69109, 3413, 213, 27725, 1, '2016-05-24 17:08:20', '2016-05-24 17:08:20', NULL, 0.0, 0.0, 0.0, 1110, 0, 0);

INSERT INTO `meeting_individual_results` (`id`, `rank`, `is_play_off`, `is_out_of_race`, `is_disqualified`, `standard_points`, `meeting_individual_points`, `minutes`, `seconds`, `hundreds`, `meeting_program_id`, `swimmer_id`, `team_id`, `badge_id`, `user_id`, `created_at`, `updated_at`, `disqualification_code_type_id`, `goggle_cup_points`, `reaction_time`, `team_points`, `team_affiliation_id`, `is_personal_best`, `is_season_type_best`)
  VALUES (413882, 1, 1, 0, 0, 879.01, 879.01, 10, 0, 70, 69110, 14668, 377, 53135, 1, '2016-05-24 17:08:20', '2016-05-24 17:08:20', NULL, 0.0, 0.0, 0.0, 1248, 0, 0);

INSERT INTO `meeting_individual_results` (`id`, `rank`, `is_play_off`, `is_out_of_race`, `is_disqualified`, `standard_points`, `meeting_individual_points`, `minutes`, `seconds`, `hundreds`, `meeting_program_id`, `swimmer_id`, `team_id`, `badge_id`, `user_id`, `created_at`, `updated_at`, `disqualification_code_type_id`, `goggle_cup_points`, `reaction_time`, `team_points`, `team_affiliation_id`, `is_personal_best`, `is_season_type_best`)
  VALUES (413883, 2, 1, 0, 0, 866.19, 866.19, 10, 9, 60, 69110, 14347, 209, 26422, 1, '2016-05-24 17:08:20', '2016-05-24 17:08:20', NULL, 0.0, 0.0, 0.0, 1097, 0, 0);

INSERT INTO `meeting_individual_results` (`id`, `rank`, `is_play_off`, `is_out_of_race`, `is_disqualified`, `standard_points`, `meeting_individual_points`, `minutes`, `seconds`, `hundreds`, `meeting_program_id`, `swimmer_id`, `team_id`, `badge_id`, `user_id`, `created_at`, `updated_at`, `disqualification_code_type_id`, `goggle_cup_points`, `reaction_time`, `team_points`, `team_affiliation_id`, `is_personal_best`, `is_season_type_best`)
  VALUES (413884, 3, 1, 0, 0, 861.8, 861.8, 10, 12, 70, 69110, 3860, 89, 23833, 1, '2016-05-24 17:08:20', '2016-05-24 17:08:20', NULL, 0.0, 0.0, 0.0, 965, 0, 0);

INSERT INTO `meeting_individual_results` (`id`, `rank`, `is_play_off`, `is_out_of_race`, `is_disqualified`, `standard_points`, `meeting_individual_points`, `minutes`, `seconds`, `hundreds`, `meeting_program_id`, `swimmer_id`, `team_id`, `badge_id`, `user_id`, `created_at`, `updated_at`, `disqualification_code_type_id`, `goggle_cup_points`, `reaction_time`, `team_points`, `team_affiliation_id`, `is_personal_best`, `is_season_type_best`)
  VALUES (413885, 4, 1, 0, 0, 848.65, 848.65, 10, 22, 20, 69110, 19994, 249, 28819, 1, '2016-05-24 17:08:20', '2016-05-24 17:08:20', NULL, 0.0, 0.0, 0.0, 1108, 0, 0);

INSERT INTO `meeting_individual_results` (`id`, `rank`, `is_play_off`, `is_out_of_race`, `is_disqualified`, `standard_points`, `meeting_individual_points`, `minutes`, `seconds`, `hundreds`, `meeting_program_id`, `swimmer_id`, `team_id`, `badge_id`, `user_id`, `created_at`, `updated_at`, `disqualification_code_type_id`, `goggle_cup_points`, `reaction_time`, `team_points`, `team_affiliation_id`, `is_personal_best`, `is_season_type_best`)
  VALUES (413886, 5, 1, 0, 0, 834.31, 834.31, 10, 32, 90, 69110, 3606, 202, 28463, 1, '2016-05-24 17:08:20', '2016-05-24 17:08:20', NULL, 0.0, 0.0, 0.0, 1018, 0, 0);

INSERT INTO `meeting_individual_results` (`id`, `rank`, `is_play_off`, `is_out_of_race`, `is_disqualified`, `standard_points`, `meeting_individual_points`, `minutes`, `seconds`, `hundreds`, `meeting_program_id`, `swimmer_id`, `team_id`, `badge_id`, `user_id`, `created_at`, `updated_at`, `disqualification_code_type_id`, `goggle_cup_points`, `reaction_time`, `team_points`, `team_affiliation_id`, `is_personal_best`, `is_season_type_best`)
  VALUES (413887, 6, 1, 0, 0, 803.1, 803.1, 10, 57, 50, 69110, 8070, 89, 30087, 1, '2016-05-24 17:08:21', '2016-05-24 17:08:21', NULL, 0.0, 0.0, 0.0, 965, 0, 0);

INSERT INTO `meeting_individual_results` (`id`, `rank`, `is_play_off`, `is_out_of_race`, `is_disqualified`, `standard_points`, `meeting_individual_points`, `minutes`, `seconds`, `hundreds`, `meeting_program_id`, `swimmer_id`, `team_id`, `badge_id`, `user_id`, `created_at`, `updated_at`, `disqualification_code_type_id`, `goggle_cup_points`, `reaction_time`, `team_points`, `team_affiliation_id`, `is_personal_best`, `is_season_type_best`)
  VALUES (413888, 7, 1, 0, 0, 769.86, 769.86, 11, 25, 90, 69110, 14586, 206, 28823, 1, '2016-05-24 17:08:21', '2016-05-24 17:08:21', NULL, 0.0, 0.0, 0.0, 1092, 0, 0);

INSERT INTO `meeting_individual_results` (`id`, `rank`, `is_play_off`, `is_out_of_race`, `is_disqualified`, `standard_points`, `meeting_individual_points`, `minutes`, `seconds`, `hundreds`, `meeting_program_id`, `swimmer_id`, `team_id`, `badge_id`, `user_id`, `created_at`, `updated_at`, `disqualification_code_type_id`, `goggle_cup_points`, `reaction_time`, `team_points`, `team_affiliation_id`, `is_personal_best`, `is_season_type_best`)
  VALUES (413889, 8, 1, 0, 0, 758.36, 758.36, 11, 36, 30, 69110, 3865, 211, 30007, 1, '2016-05-24 17:08:21', '2016-05-24 17:08:21', NULL, 0.0, 0.0, 0.0, 1287, 0, 0);

INSERT INTO `meeting_individual_results` (`id`, `rank`, `is_play_off`, `is_out_of_race`, `is_disqualified`, `standard_points`, `meeting_individual_points`, `minutes`, `seconds`, `hundreds`, `meeting_program_id`, `swimmer_id`, `team_id`, `badge_id`, `user_id`, `created_at`, `updated_at`, `disqualification_code_type_id`, `goggle_cup_points`, `reaction_time`, `team_points`, `team_affiliation_id`, `is_personal_best`, `is_season_type_best`)
  VALUES (413890, 9, 1, 0, 0, 713.78, 713.78, 12, 19, 80, 69110, 3417, 209, 23485, 1, '2016-05-24 17:08:21', '2016-05-24 17:08:21', NULL, 0.0, 0.0, 0.0, 1097, 0, 0);

INSERT INTO `meeting_individual_results` (`id`, `rank`, `is_play_off`, `is_out_of_race`, `is_disqualified`, `standard_points`, `meeting_individual_points`, `minutes`, `seconds`, `hundreds`, `meeting_program_id`, `swimmer_id`, `team_id`, `badge_id`, `user_id`, `created_at`, `updated_at`, `disqualification_code_type_id`, `goggle_cup_points`, `reaction_time`, `team_points`, `team_affiliation_id`, `is_personal_best`, `is_season_type_best`)
  VALUES (413891, 10, 1, 0, 0, 673.21, 673.21, 13, 4, 40, 69110, 3867, 211, 49889, 1, '2016-05-24 17:08:21', '2016-05-24 17:08:21', NULL, 0.0, 0.0, 0.0, 1287, 0, 0);

INSERT INTO `meeting_individual_results` (`id`, `rank`, `is_play_off`, `is_out_of_race`, `is_disqualified`, `standard_points`, `meeting_individual_points`, `minutes`, `seconds`, `hundreds`, `meeting_program_id`, `swimmer_id`, `team_id`, `badge_id`, `user_id`, `created_at`, `updated_at`, `disqualification_code_type_id`, `goggle_cup_points`, `reaction_time`, `team_points`, `team_affiliation_id`, `is_personal_best`, `is_season_type_best`)
  VALUES (413892, 11, 1, 0, 0, 615.47, 615.47, 14, 18, 0, 69110, 14388, 428, 50415, 1, '2016-05-24 17:08:21', '2016-05-24 17:08:21', NULL, 0.0, 0.0, 0.0, 1375, 0, 0);

INSERT INTO `meeting_individual_results` (`id`, `rank`, `is_play_off`, `is_out_of_race`, `is_disqualified`, `standard_points`, `meeting_individual_points`, `minutes`, `seconds`, `hundreds`, `meeting_program_id`, `swimmer_id`, `team_id`, `badge_id`, `user_id`, `created_at`, `updated_at`, `disqualification_code_type_id`, `goggle_cup_points`, `reaction_time`, `team_points`, `team_affiliation_id`, `is_personal_best`, `is_season_type_best`)
  VALUES (413893, 12, 1, 0, 0, 611.77, 611.77, 14, 23, 20, 69110, 13526, 729, 28660, 1, '2016-05-24 17:08:21', '2016-05-24 17:08:21', NULL, 0.0, 0.0, 0.0, 1374, 0, 0);

INSERT INTO `meeting_individual_results` (`id`, `rank`, `is_play_off`, `is_out_of_race`, `is_disqualified`, `standard_points`, `meeting_individual_points`, `minutes`, `seconds`, `hundreds`, `meeting_program_id`, `swimmer_id`, `team_id`, `badge_id`, `user_id`, `created_at`, `updated_at`, `disqualification_code_type_id`, `goggle_cup_points`, `reaction_time`, `team_points`, `team_affiliation_id`, `is_personal_best`, `is_season_type_best`)
  VALUES (413894, 1, 1, 0, 0, 923.24, 923.24, 9, 40, 70, 69111, 3608, 203, 28546, 1, '2016-05-24 17:08:21', '2016-05-24 17:08:21', NULL, 0.0, 0.0, 0.0, 1085, 0, 0);

INSERT INTO `meeting_individual_results` (`id`, `rank`, `is_play_off`, `is_out_of_race`, `is_disqualified`, `standard_points`, `meeting_individual_points`, `minutes`, `seconds`, `hundreds`, `meeting_program_id`, `swimmer_id`, `team_id`, `badge_id`, `user_id`, `created_at`, `updated_at`, `disqualification_code_type_id`, `goggle_cup_points`, `reaction_time`, `team_points`, `team_affiliation_id`, `is_personal_best`, `is_season_type_best`)
  VALUES (413895, 2, 1, 0, 0, 860.02, 860.02, 10, 23, 40, 69111, 3490, 206, 23770, 1, '2016-05-24 17:08:21', '2016-05-24 17:08:21', NULL, 0.0, 0.0, 0.0, 1092, 0, 0);

INSERT INTO `meeting_individual_results` (`id`, `rank`, `is_play_off`, `is_out_of_race`, `is_disqualified`, `standard_points`, `meeting_individual_points`, `minutes`, `seconds`, `hundreds`, `meeting_program_id`, `swimmer_id`, `team_id`, `badge_id`, `user_id`, `created_at`, `updated_at`, `disqualification_code_type_id`, `goggle_cup_points`, `reaction_time`, `team_points`, `team_affiliation_id`, `is_personal_best`, `is_season_type_best`)
  VALUES (413896, 3, 1, 0, 0, 837.85, 837.85, 10, 39, 90, 69111, 8154, 243, 28475, 1, '2016-05-24 17:08:21', '2016-05-24 17:08:21', NULL, 0.0, 0.0, 0.0, 1034, 0, 0);

INSERT INTO `meeting_individual_results` (`id`, `rank`, `is_play_off`, `is_out_of_race`, `is_disqualified`, `standard_points`, `meeting_individual_points`, `minutes`, `seconds`, `hundreds`, `meeting_program_id`, `swimmer_id`, `team_id`, `badge_id`, `user_id`, `created_at`, `updated_at`, `disqualification_code_type_id`, `goggle_cup_points`, `reaction_time`, `team_points`, `team_affiliation_id`, `is_personal_best`, `is_season_type_best`)
  VALUES (413897, 4, 1, 0, 0, 807.45, 807.45, 11, 4, 0, 69111, 8199, 213, 27796, 1, '2016-05-24 17:08:21', '2016-05-24 17:08:21', NULL, 0.0, 0.0, 0.0, 1110, 0, 0);

INSERT INTO `meeting_individual_results` (`id`, `rank`, `is_play_off`, `is_out_of_race`, `is_disqualified`, `standard_points`, `meeting_individual_points`, `minutes`, `seconds`, `hundreds`, `meeting_program_id`, `swimmer_id`, `team_id`, `badge_id`, `user_id`, `created_at`, `updated_at`, `disqualification_code_type_id`, `goggle_cup_points`, `reaction_time`, `team_points`, `team_affiliation_id`, `is_personal_best`, `is_season_type_best`)
  VALUES (413898, 5, 1, 0, 0, 768.57, 768.57, 11, 37, 60, 69111, 3913, 243, 28381, 1, '2016-05-24 17:08:21', '2016-05-24 17:08:21', NULL, 0.0, 0.0, 0.0, 1034, 0, 0);

INSERT INTO `meeting_individual_results` (`id`, `rank`, `is_play_off`, `is_out_of_race`, `is_disqualified`, `standard_points`, `meeting_individual_points`, `minutes`, `seconds`, `hundreds`, `meeting_program_id`, `swimmer_id`, `team_id`, `badge_id`, `user_id`, `created_at`, `updated_at`, `disqualification_code_type_id`, `goggle_cup_points`, `reaction_time`, `team_points`, `team_affiliation_id`, `is_personal_best`, `is_season_type_best`)
  VALUES (413899, 6, 1, 0, 0, 757.61, 757.61, 11, 47, 70, 69111, 13528, 729, 28479, 1, '2016-05-24 17:08:22', '2016-05-24 17:08:22', NULL, 0.0, 0.0, 0.0, 1374, 0, 0);

INSERT INTO `meeting_individual_results` (`id`, `rank`, `is_play_off`, `is_out_of_race`, `is_disqualified`, `standard_points`, `meeting_individual_points`, `minutes`, `seconds`, `hundreds`, `meeting_program_id`, `swimmer_id`, `team_id`, `badge_id`, `user_id`, `created_at`, `updated_at`, `disqualification_code_type_id`, `goggle_cup_points`, `reaction_time`, `team_points`, `team_affiliation_id`, `is_personal_best`, `is_season_type_best`)
  VALUES (413900, 7, 1, 0, 0, 739.64, 739.64, 12, 4, 90, 69111, 3914, 245, 28307, 1, '2016-05-24 17:08:22', '2016-05-24 17:08:22', NULL, 0.0, 0.0, 0.0, 1338, 0, 0);

INSERT INTO `meeting_individual_results` (`id`, `rank`, `is_play_off`, `is_out_of_race`, `is_disqualified`, `standard_points`, `meeting_individual_points`, `minutes`, `seconds`, `hundreds`, `meeting_program_id`, `swimmer_id`, `team_id`, `badge_id`, `user_id`, `created_at`, `updated_at`, `disqualification_code_type_id`, `goggle_cup_points`, `reaction_time`, `team_points`, `team_affiliation_id`, `is_personal_best`, `is_season_type_best`)
  VALUES (413901, 8, 1, 0, 0, 639.84, 639.84, 13, 58, 0, 69111, 8065, 211, 30025, 1, '2016-05-24 17:08:22', '2016-05-24 17:08:22', NULL, 0.0, 0.0, 0.0, 1287, 0, 0);

INSERT INTO `meeting_individual_results` (`id`, `rank`, `is_play_off`, `is_out_of_race`, `is_disqualified`, `standard_points`, `meeting_individual_points`, `minutes`, `seconds`, `hundreds`, `meeting_program_id`, `swimmer_id`, `team_id`, `badge_id`, `user_id`, `created_at`, `updated_at`, `disqualification_code_type_id`, `goggle_cup_points`, `reaction_time`, `team_points`, `team_affiliation_id`, `is_personal_best`, `is_season_type_best`)
  VALUES (413902, 9, 1, 0, 0, 601.92, 601.92, 14, 50, 80, 69111, 8095, 428, 30161, 1, '2016-05-24 17:08:22', '2016-05-24 17:08:22', NULL, 0.0, 0.0, 0.0, 1375, 0, 0);

INSERT INTO `meeting_individual_results` (`id`, `rank`, `is_play_off`, `is_out_of_race`, `is_disqualified`, `standard_points`, `meeting_individual_points`, `minutes`, `seconds`, `hundreds`, `meeting_program_id`, `swimmer_id`, `team_id`, `badge_id`, `user_id`, `created_at`, `updated_at`, `disqualification_code_type_id`, `goggle_cup_points`, `reaction_time`, `team_points`, `team_affiliation_id`, `is_personal_best`, `is_season_type_best`)
  VALUES (413903, 10, 1, 0, 0, 597.63, 597.63, 14, 57, 20, 69111, 3875, 249, 23846, 1, '2016-05-24 17:08:22', '2016-05-24 17:08:22', NULL, 0.0, 0.0, 0.0, 1108, 0, 0);

INSERT INTO `meeting_individual_results` (`id`, `rank`, `is_play_off`, `is_out_of_race`, `is_disqualified`, `standard_points`, `meeting_individual_points`, `minutes`, `seconds`, `hundreds`, `meeting_program_id`, `swimmer_id`, `team_id`, `badge_id`, `user_id`, `created_at`, `updated_at`, `disqualification_code_type_id`, `goggle_cup_points`, `reaction_time`, `team_points`, `team_affiliation_id`, `is_personal_best`, `is_season_type_best`)
  VALUES (413904, 1, 1, 0, 0, 887.95, 887.95, 10, 19, 0, 69112, 14546, 209, 30576, 1, '2016-05-24 17:08:22', '2016-05-24 17:08:22', NULL, 0.0, 0.0, 0.0, 1097, 0, 0);

INSERT INTO `meeting_individual_results` (`id`, `rank`, `is_play_off`, `is_out_of_race`, `is_disqualified`, `standard_points`, `meeting_individual_points`, `minutes`, `seconds`, `hundreds`, `meeting_program_id`, `swimmer_id`, `team_id`, `badge_id`, `user_id`, `created_at`, `updated_at`, `disqualification_code_type_id`, `goggle_cup_points`, `reaction_time`, `team_points`, `team_affiliation_id`, `is_personal_best`, `is_season_type_best`)
  VALUES (413905, 2, 1, 0, 0, 865.59, 865.59, 10, 35, 0, 69112, 3876, 202, 22634, 1, '2016-05-24 17:08:22', '2016-05-24 17:08:22', NULL, 0.0, 0.0, 0.0, 1018, 0, 0);

INSERT INTO `meeting_individual_results` (`id`, `rank`, `is_play_off`, `is_out_of_race`, `is_disqualified`, `standard_points`, `meeting_individual_points`, `minutes`, `seconds`, `hundreds`, `meeting_program_id`, `swimmer_id`, `team_id`, `badge_id`, `user_id`, `created_at`, `updated_at`, `disqualification_code_type_id`, `goggle_cup_points`, `reaction_time`, `team_points`, `team_affiliation_id`, `is_personal_best`, `is_season_type_best`)
  VALUES (413906, 3, 1, 0, 0, 862.19, 862.19, 10, 37, 50, 69112, 3877, 243, 28606, 1, '2016-05-24 17:08:22', '2016-05-24 17:08:22', NULL, 0.0, 0.0, 0.0, 1034, 0, 0);

INSERT INTO `meeting_individual_results` (`id`, `rank`, `is_play_off`, `is_out_of_race`, `is_disqualified`, `standard_points`, `meeting_individual_points`, `minutes`, `seconds`, `hundreds`, `meeting_program_id`, `swimmer_id`, `team_id`, `badge_id`, `user_id`, `created_at`, `updated_at`, `disqualification_code_type_id`, `goggle_cup_points`, `reaction_time`, `team_points`, `team_affiliation_id`, `is_personal_best`, `is_season_type_best`)
  VALUES (413907, 4, 1, 0, 0, 831.8, 831.8, 11, 0, 80, 69112, 8009, 243, 28328, 1, '2016-05-24 17:08:22', '2016-05-24 17:08:22', NULL, 0.0, 0.0, 0.0, 1034, 0, 0);

INSERT INTO `meeting_individual_results` (`id`, `rank`, `is_play_off`, `is_out_of_race`, `is_disqualified`, `standard_points`, `meeting_individual_points`, `minutes`, `seconds`, `hundreds`, `meeting_program_id`, `swimmer_id`, `team_id`, `badge_id`, `user_id`, `created_at`, `updated_at`, `disqualification_code_type_id`, `goggle_cup_points`, `reaction_time`, `team_points`, `team_affiliation_id`, `is_personal_best`, `is_season_type_best`)
  VALUES (413908, 5, 1, 0, 0, 827.29, 827.29, 11, 4, 40, 69112, 8080, 243, 28488, 1, '2016-05-24 17:08:22', '2016-05-24 17:08:22', NULL, 0.0, 0.0, 0.0, 1034, 0, 0);

INSERT INTO `meeting_individual_results` (`id`, `rank`, `is_play_off`, `is_out_of_race`, `is_disqualified`, `standard_points`, `meeting_individual_points`, `minutes`, `seconds`, `hundreds`, `meeting_program_id`, `swimmer_id`, `team_id`, `badge_id`, `user_id`, `created_at`, `updated_at`, `disqualification_code_type_id`, `goggle_cup_points`, `reaction_time`, `team_points`, `team_affiliation_id`, `is_personal_best`, `is_season_type_best`)
  VALUES (413909, 6, 1, 0, 0, 818.06, 818.06, 11, 11, 90, 69112, 17844, 202, 50401, 1, '2016-05-24 17:08:22', '2016-05-24 17:08:22', NULL, 0.0, 0.0, 0.0, 1018, 0, 0);

INSERT INTO `meeting_individual_results` (`id`, `rank`, `is_play_off`, `is_out_of_race`, `is_disqualified`, `standard_points`, `meeting_individual_points`, `minutes`, `seconds`, `hundreds`, `meeting_program_id`, `swimmer_id`, `team_id`, `badge_id`, `user_id`, `created_at`, `updated_at`, `disqualification_code_type_id`, `goggle_cup_points`, `reaction_time`, `team_points`, `team_affiliation_id`, `is_personal_best`, `is_season_type_best`)
  VALUES (413910, 7, 1, 0, 0, 809.75, 809.75, 11, 18, 80, 69112, 14639, 206, 32124, 1, '2016-05-24 17:08:22', '2016-05-24 17:08:22', NULL, 0.0, 0.0, 0.0, 1092, 0, 0);

INSERT INTO `meeting_individual_results` (`id`, `rank`, `is_play_off`, `is_out_of_race`, `is_disqualified`, `standard_points`, `meeting_individual_points`, `minutes`, `seconds`, `hundreds`, `meeting_program_id`, `swimmer_id`, `team_id`, `badge_id`, `user_id`, `created_at`, `updated_at`, `disqualification_code_type_id`, `goggle_cup_points`, `reaction_time`, `team_points`, `team_affiliation_id`, `is_personal_best`, `is_season_type_best`)
  VALUES (413911, 8, 1, 0, 0, 791.91, 791.91, 11, 34, 10, 69112, 3873, 243, 28490, 1, '2016-05-24 17:08:23', '2016-05-24 17:08:23', NULL, 0.0, 0.0, 0.0, 1034, 0, 0);

INSERT INTO `meeting_individual_results` (`id`, `rank`, `is_play_off`, `is_out_of_race`, `is_disqualified`, `standard_points`, `meeting_individual_points`, `minutes`, `seconds`, `hundreds`, `meeting_program_id`, `swimmer_id`, `team_id`, `badge_id`, `user_id`, `created_at`, `updated_at`, `disqualification_code_type_id`, `goggle_cup_points`, `reaction_time`, `team_points`, `team_affiliation_id`, `is_personal_best`, `is_season_type_best`)
  VALUES (413912, 9, 1, 0, 0, 777.13, 777.13, 11, 47, 30, 69112, 8401, 382, 28390, 1, '2016-05-24 17:08:23', '2016-05-24 17:08:23', NULL, 0.0, 0.0, 0.0, 1249, 0, 0);

INSERT INTO `meeting_individual_results` (`id`, `rank`, `is_play_off`, `is_out_of_race`, `is_disqualified`, `standard_points`, `meeting_individual_points`, `minutes`, `seconds`, `hundreds`, `meeting_program_id`, `swimmer_id`, `team_id`, `badge_id`, `user_id`, `created_at`, `updated_at`, `disqualification_code_type_id`, `goggle_cup_points`, `reaction_time`, `team_points`, `team_affiliation_id`, `is_personal_best`, `is_season_type_best`)
  VALUES (413913, 10, 1, 0, 0, 764.06, 764.06, 11, 59, 40, 69112, 3872, 203, 53283, 1, '2016-05-24 17:08:23', '2016-05-24 17:08:23', NULL, 0.0, 0.0, 0.0, 1085, 0, 0);

INSERT INTO `meeting_individual_results` (`id`, `rank`, `is_play_off`, `is_out_of_race`, `is_disqualified`, `standard_points`, `meeting_individual_points`, `minutes`, `seconds`, `hundreds`, `meeting_program_id`, `swimmer_id`, `team_id`, `badge_id`, `user_id`, `created_at`, `updated_at`, `disqualification_code_type_id`, `goggle_cup_points`, `reaction_time`, `team_points`, `team_affiliation_id`, `is_personal_best`, `is_season_type_best`)
  VALUES (413914, 11, 1, 0, 0, 757.54, 757.54, 12, 5, 60, 69112, 8417, 189, 27812, 1, '2016-05-24 17:08:23', '2016-05-24 17:08:23', NULL, 0.0, 0.0, 0.0, 1247, 0, 0);

INSERT INTO `meeting_individual_results` (`id`, `rank`, `is_play_off`, `is_out_of_race`, `is_disqualified`, `standard_points`, `meeting_individual_points`, `minutes`, `seconds`, `hundreds`, `meeting_program_id`, `swimmer_id`, `team_id`, `badge_id`, `user_id`, `created_at`, `updated_at`, `disqualification_code_type_id`, `goggle_cup_points`, `reaction_time`, `team_points`, `team_affiliation_id`, `is_personal_best`, `is_season_type_best`)
  VALUES (413915, 12, 1, 0, 0, 747.65, 747.65, 12, 15, 20, 69112, 3878, 246, 28309, 1, '2016-05-24 17:08:23', '2016-05-24 17:08:23', NULL, 0.0, 0.0, 0.0, 1154, 0, 0);

INSERT INTO `meeting_individual_results` (`id`, `rank`, `is_play_off`, `is_out_of_race`, `is_disqualified`, `standard_points`, `meeting_individual_points`, `minutes`, `seconds`, `hundreds`, `meeting_program_id`, `swimmer_id`, `team_id`, `badge_id`, `user_id`, `created_at`, `updated_at`, `disqualification_code_type_id`, `goggle_cup_points`, `reaction_time`, `team_points`, `team_affiliation_id`, `is_personal_best`, `is_season_type_best`)
  VALUES (413916, 13, 1, 0, 0, 738.51, 738.51, 12, 24, 30, 69112, 3610, 211, 27301, 1, '2016-05-24 17:08:23', '2016-05-24 17:08:23', NULL, 0.0, 0.0, 0.0, 1287, 0, 0);

INSERT INTO `meeting_individual_results` (`id`, `rank`, `is_play_off`, `is_out_of_race`, `is_disqualified`, `standard_points`, `meeting_individual_points`, `minutes`, `seconds`, `hundreds`, `meeting_program_id`, `swimmer_id`, `team_id`, `badge_id`, `user_id`, `created_at`, `updated_at`, `disqualification_code_type_id`, `goggle_cup_points`, `reaction_time`, `team_points`, `team_affiliation_id`, `is_personal_best`, `is_season_type_best`)
  VALUES (413917, 14, 1, 0, 0, 725.36, 725.36, 12, 37, 80, 69112, 10753, 523, 28736, 1, '2016-05-24 17:08:23', '2016-05-24 17:08:23', NULL, 0.0, 0.0, 0.0, 1382, 0, 0);

INSERT INTO `meeting_individual_results` (`id`, `rank`, `is_play_off`, `is_out_of_race`, `is_disqualified`, `standard_points`, `meeting_individual_points`, `minutes`, `seconds`, `hundreds`, `meeting_program_id`, `swimmer_id`, `team_id`, `badge_id`, `user_id`, `created_at`, `updated_at`, `disqualification_code_type_id`, `goggle_cup_points`, `reaction_time`, `team_points`, `team_affiliation_id`, `is_personal_best`, `is_season_type_best`)
  VALUES (413918, 15, 1, 0, 0, 720.32, 720.32, 12, 43, 10, 69112, 8105, 213, 28492, 1, '2016-05-24 17:08:23', '2016-05-24 17:08:23', NULL, 0.0, 0.0, 0.0, 1110, 0, 0);

INSERT INTO `meeting_individual_results` (`id`, `rank`, `is_play_off`, `is_out_of_race`, `is_disqualified`, `standard_points`, `meeting_individual_points`, `minutes`, `seconds`, `hundreds`, `meeting_program_id`, `swimmer_id`, `team_id`, `badge_id`, `user_id`, `created_at`, `updated_at`, `disqualification_code_type_id`, `goggle_cup_points`, `reaction_time`, `team_points`, `team_affiliation_id`, `is_personal_best`, `is_season_type_best`)
  VALUES (413919, 16, 1, 0, 0, 716.47, 716.47, 12, 47, 20, 69112, 3916, 244, 50089, 1, '2016-05-24 17:08:23', '2016-05-24 17:08:23', NULL, 0.0, 0.0, 0.0, 1387, 0, 0);

INSERT INTO `meeting_individual_results` (`id`, `rank`, `is_play_off`, `is_out_of_race`, `is_disqualified`, `standard_points`, `meeting_individual_points`, `minutes`, `seconds`, `hundreds`, `meeting_program_id`, `swimmer_id`, `team_id`, `badge_id`, `user_id`, `created_at`, `updated_at`, `disqualification_code_type_id`, `goggle_cup_points`, `reaction_time`, `team_points`, `team_affiliation_id`, `is_personal_best`, `is_season_type_best`)
  VALUES (413920, 17, 1, 0, 0, 672.07, 672.07, 13, 37, 90, 69112, 3600, 211, 50135, 1, '2016-05-24 17:08:23', '2016-05-24 17:08:23', NULL, 0.0, 0.0, 0.0, 1287, 0, 0);

INSERT INTO `meeting_individual_results` (`id`, `rank`, `is_play_off`, `is_out_of_race`, `is_disqualified`, `standard_points`, `meeting_individual_points`, `minutes`, `seconds`, `hundreds`, `meeting_program_id`, `swimmer_id`, `team_id`, `badge_id`, `user_id`, `created_at`, `updated_at`, `disqualification_code_type_id`, `goggle_cup_points`, `reaction_time`, `team_points`, `team_affiliation_id`, `is_personal_best`, `is_season_type_best`)
  VALUES (413921, 18, 1, 0, 0, 639.47, 639.47, 14, 19, 60, 69112, 3882, 213, 28310, 1, '2016-05-24 17:08:23', '2016-05-24 17:08:23', NULL, 0.0, 0.0, 0.0, 1110, 0, 0);

INSERT INTO `meeting_individual_results` (`id`, `rank`, `is_play_off`, `is_out_of_race`, `is_disqualified`, `standard_points`, `meeting_individual_points`, `minutes`, `seconds`, `hundreds`, `meeting_program_id`, `swimmer_id`, `team_id`, `badge_id`, `user_id`, `created_at`, `updated_at`, `disqualification_code_type_id`, `goggle_cup_points`, `reaction_time`, `team_points`, `team_affiliation_id`, `is_personal_best`, `is_season_type_best`)
  VALUES (413922, 19, 1, 0, 0, 638.21, 638.21, 14, 21, 30, 69112, 3925, 245, 28837, 1, '2016-05-24 17:08:23', '2016-05-24 17:08:23', NULL, 0.0, 0.0, 0.0, 1338, 0, 0);

INSERT INTO `meeting_individual_results` (`id`, `rank`, `is_play_off`, `is_out_of_race`, `is_disqualified`, `standard_points`, `meeting_individual_points`, `minutes`, `seconds`, `hundreds`, `meeting_program_id`, `swimmer_id`, `team_id`, `badge_id`, `user_id`, `created_at`, `updated_at`, `disqualification_code_type_id`, `goggle_cup_points`, `reaction_time`, `team_points`, `team_affiliation_id`, `is_personal_best`, `is_season_type_best`)
  VALUES (413923, 20, 1, 0, 0, 573.98, 573.98, 15, 57, 70, 69112, 10606, 189, 29940, 1, '2016-05-24 17:08:23', '2016-05-24 17:08:23', NULL, 0.0, 0.0, 0.0, 1247, 0, 0);

INSERT INTO `meeting_individual_results` (`id`, `rank`, `is_play_off`, `is_out_of_race`, `is_disqualified`, `standard_points`, `meeting_individual_points`, `minutes`, `seconds`, `hundreds`, `meeting_program_id`, `swimmer_id`, `team_id`, `badge_id`, `user_id`, `created_at`, `updated_at`, `disqualification_code_type_id`, `goggle_cup_points`, `reaction_time`, `team_points`, `team_affiliation_id`, `is_personal_best`, `is_season_type_best`)
  VALUES (413924, 1, 1, 0, 0, 798.97, 798.97, 11, 57, 20, 69113, 26595, 213, 53183, 1, '2016-05-24 17:08:24', '2016-05-24 17:08:24', NULL, 0.0, 0.0, 0.0, 1110, 0, 0);

INSERT INTO `meeting_individual_results` (`id`, `rank`, `is_play_off`, `is_out_of_race`, `is_disqualified`, `standard_points`, `meeting_individual_points`, `minutes`, `seconds`, `hundreds`, `meeting_program_id`, `swimmer_id`, `team_id`, `badge_id`, `user_id`, `created_at`, `updated_at`, `disqualification_code_type_id`, `goggle_cup_points`, `reaction_time`, `team_points`, `team_affiliation_id`, `is_personal_best`, `is_season_type_best`)
  VALUES (413925, 2, 1, 0, 0, 770.92, 770.92, 12, 23, 30, 69113, 3426, 203, 28312, 1, '2016-05-24 17:08:24', '2016-05-24 17:08:24', NULL, 0.0, 0.0, 0.0, 1085, 0, 0);

INSERT INTO `meeting_individual_results` (`id`, `rank`, `is_play_off`, `is_out_of_race`, `is_disqualified`, `standard_points`, `meeting_individual_points`, `minutes`, `seconds`, `hundreds`, `meeting_program_id`, `swimmer_id`, `team_id`, `badge_id`, `user_id`, `created_at`, `updated_at`, `disqualification_code_type_id`, `goggle_cup_points`, `reaction_time`, `team_points`, `team_affiliation_id`, `is_personal_best`, `is_season_type_best`)
  VALUES (413926, 3, 1, 0, 0, 763.22, 763.22, 12, 30, 80, 69113, 3926, 202, 30096, 1, '2016-05-24 17:08:24', '2016-05-24 17:08:24', NULL, 0.0, 0.0, 0.0, 1018, 0, 0);

INSERT INTO `meeting_individual_results` (`id`, `rank`, `is_play_off`, `is_out_of_race`, `is_disqualified`, `standard_points`, `meeting_individual_points`, `minutes`, `seconds`, `hundreds`, `meeting_program_id`, `swimmer_id`, `team_id`, `badge_id`, `user_id`, `created_at`, `updated_at`, `disqualification_code_type_id`, `goggle_cup_points`, `reaction_time`, `team_points`, `team_affiliation_id`, `is_personal_best`, `is_season_type_best`)
  VALUES (413927, 4, 1, 0, 0, 717.1, 717.1, 13, 19, 10, 69113, 3646, 206, 50384, 1, '2016-05-24 17:08:24', '2016-05-24 17:08:24', NULL, 0.0, 0.0, 0.0, 1092, 0, 0);

INSERT INTO `meeting_individual_results` (`id`, `rank`, `is_play_off`, `is_out_of_race`, `is_disqualified`, `standard_points`, `meeting_individual_points`, `minutes`, `seconds`, `hundreds`, `meeting_program_id`, `swimmer_id`, `team_id`, `badge_id`, `user_id`, `created_at`, `updated_at`, `disqualification_code_type_id`, `goggle_cup_points`, `reaction_time`, `team_points`, `team_affiliation_id`, `is_personal_best`, `is_season_type_best`)
  VALUES (413928, 5, 1, 0, 0, 618.45, 618.45, 15, 26, 60, 69113, 3530, 203, 29941, 1, '2016-05-24 17:08:24', '2016-05-24 17:08:24', NULL, 0.0, 0.0, 0.0, 1085, 0, 0);

INSERT INTO `meeting_individual_results` (`id`, `rank`, `is_play_off`, `is_out_of_race`, `is_disqualified`, `standard_points`, `meeting_individual_points`, `minutes`, `seconds`, `hundreds`, `meeting_program_id`, `swimmer_id`, `team_id`, `badge_id`, `user_id`, `created_at`, `updated_at`, `disqualification_code_type_id`, `goggle_cup_points`, `reaction_time`, `team_points`, `team_affiliation_id`, `is_personal_best`, `is_season_type_best`)
  VALUES (413929, 1, 1, 0, 0, 797.47, 797.47, 12, 37, 90, 69114, 2019, 89, 22412, 1, '2016-05-24 17:08:24', '2016-05-24 17:08:24', NULL, 0.0, 0.0, 0.0, 965, 0, 0);

INSERT INTO `meeting_individual_results` (`id`, `rank`, `is_play_off`, `is_out_of_race`, `is_disqualified`, `standard_points`, `meeting_individual_points`, `minutes`, `seconds`, `hundreds`, `meeting_program_id`, `swimmer_id`, `team_id`, `badge_id`, `user_id`, `created_at`, `updated_at`, `disqualification_code_type_id`, `goggle_cup_points`, `reaction_time`, `team_points`, `team_affiliation_id`, `is_personal_best`, `is_season_type_best`)
  VALUES (413930, 2, 1, 0, 0, 768.48, 768.48, 13, 6, 50, 69114, 3883, 89, 50386, 1, '2016-05-24 17:08:24', '2016-05-24 17:08:24', NULL, 0.0, 0.0, 0.0, 965, 0, 0);

INSERT INTO `meeting_individual_results` (`id`, `rank`, `is_play_off`, `is_out_of_race`, `is_disqualified`, `standard_points`, `meeting_individual_points`, `minutes`, `seconds`, `hundreds`, `meeting_program_id`, `swimmer_id`, `team_id`, `badge_id`, `user_id`, `created_at`, `updated_at`, `disqualification_code_type_id`, `goggle_cup_points`, `reaction_time`, `team_points`, `team_affiliation_id`, `is_personal_best`, `is_season_type_best`)
  VALUES (413931, 3, 1, 0, 0, 751.1, 751.1, 13, 24, 70, 69114, 3427, 89, 28313, 1, '2016-05-24 17:08:24', '2016-05-24 17:08:24', NULL, 0.0, 0.0, 0.0, 965, 0, 0);

INSERT INTO `meeting_individual_results` (`id`, `rank`, `is_play_off`, `is_out_of_race`, `is_disqualified`, `standard_points`, `meeting_individual_points`, `minutes`, `seconds`, `hundreds`, `meeting_program_id`, `swimmer_id`, `team_id`, `badge_id`, `user_id`, `created_at`, `updated_at`, `disqualification_code_type_id`, `goggle_cup_points`, `reaction_time`, `team_points`, `team_affiliation_id`, `is_personal_best`, `is_season_type_best`)
  VALUES (413932, 4, 1, 0, 0, 707.25, 707.25, 14, 14, 60, 69114, 3929, 202, 27821, 1, '2016-05-24 17:08:24', '2016-05-24 17:08:24', NULL, 0.0, 0.0, 0.0, 1018, 0, 0);

INSERT INTO `meeting_individual_results` (`id`, `rank`, `is_play_off`, `is_out_of_race`, `is_disqualified`, `standard_points`, `meeting_individual_points`, `minutes`, `seconds`, `hundreds`, `meeting_program_id`, `swimmer_id`, `team_id`, `badge_id`, `user_id`, `created_at`, `updated_at`, `disqualification_code_type_id`, `goggle_cup_points`, `reaction_time`, `team_points`, `team_affiliation_id`, `is_personal_best`, `is_season_type_best`)
  VALUES (413933, 5, 1, 0, 0, 611.28, 611.28, 16, 28, 80, 69114, 14420, 447, 51298, 1, '2016-05-24 17:08:24', '2016-05-24 17:08:24', NULL, 0.0, 0.0, 0.0, 1400, 0, 0);


-- Meeting 14233
-- 'Results acquired' flag setting:
UPDATE meetings SET are_results_acquired = '1' WHERE id = 14233;

-- --- BeginTimeCalculator: compute_for_all( 14233 )
-- ----------------------------------------------------
-- Using RESULTS to compute heat length.

-- Event #1, M.Prg: 69083, tot. athletes: 2
-- Tot. progr. duration: 1714 (sec), Heat durations: [171490] (hds)
-- Session begin time: 2014-11-08 08:30:00 +0100, Computed begin time: 2014-11-08 08:32:00 +0100
UPDATE meeting_programs SET begin_time = '2014-11-08 08:32' WHERE id = 69083;

-- Event #2, M.Prg: 69084, tot. athletes: 2
-- Tot. progr. duration: 1540 (sec), Heat durations: [154000] (hds)
-- Session begin time: 2014-11-08 08:30:00 +0100, Computed begin time: 2014-11-08 09:00:34 +0100
UPDATE meeting_programs SET begin_time = '2014-11-08 09:00' WHERE id = 69084;

-- Event #3, M.Prg: 69085, tot. athletes: 1
-- Tot. progr. duration: 1507 (sec), Heat durations: [150730] (hds)
-- Session begin time: 2014-11-08 08:30:00 +0100, Computed begin time: 2014-11-08 09:26:14 +0100
UPDATE meeting_programs SET begin_time = '2014-11-08 09:26' WHERE id = 69085;

-- Event #4, M.Prg: 69086, tot. athletes: 5
-- Tot. progr. duration: 1863 (sec), Heat durations: [186340] (hds)
-- Session begin time: 2014-11-08 08:30:00 +0100, Computed begin time: 2014-11-08 09:51:21 +0100
UPDATE meeting_programs SET begin_time = '2014-11-08 09:51' WHERE id = 69086;

-- Event #5, M.Prg: 69087, tot. athletes: 7
-- Tot. progr. duration: 1977 (sec), Heat durations: [197760] (hds)
-- Session begin time: 2014-11-08 08:30:00 +0100, Computed begin time: 2014-11-08 10:22:24 +0100
UPDATE meeting_programs SET begin_time = '2014-11-08 10:22' WHERE id = 69087;

-- Event #6, M.Prg: 69088, tot. athletes: 1
-- Tot. progr. duration: 1834 (sec), Heat durations: [183400] (hds)
-- Session begin time: 2014-11-08 08:30:00 +0100, Computed begin time: 2014-11-08 10:55:21 +0100
UPDATE meeting_programs SET begin_time = '2014-11-08 10:55' WHERE id = 69088;

-- Event #7, M.Prg: 69089, tot. athletes: 1
-- Tot. progr. duration: 1586 (sec), Heat durations: [158640] (hds)
-- Session begin time: 2014-11-08 08:30:00 +0100, Computed begin time: 2014-11-08 11:25:55 +0100
UPDATE meeting_programs SET begin_time = '2014-11-08 11:25' WHERE id = 69089;

-- Event #8, M.Prg: 69090, tot. athletes: 1
-- Tot. progr. duration: 1563 (sec), Heat durations: [156320] (hds)
-- Session begin time: 2014-11-08 08:30:00 +0100, Computed begin time: 2014-11-08 11:52:21 +0100
UPDATE meeting_programs SET begin_time = '2014-11-08 11:52' WHERE id = 69090;

-- Event #9, M.Prg: 69091, tot. athletes: 3
-- Tot. progr. duration: 1530 (sec), Heat durations: [153060] (hds)
-- Session begin time: 2014-11-08 08:30:00 +0100, Computed begin time: 2014-11-08 12:18:24 +0100
UPDATE meeting_programs SET begin_time = '2014-11-08 12:18' WHERE id = 69091;

-- Event #10, M.Prg: 69092, tot. athletes: 4
-- Tot. progr. duration: 1706 (sec), Heat durations: [170690] (hds)
-- Session begin time: 2014-11-08 08:30:00 +0100, Computed begin time: 2014-11-08 12:43:54 +0100
UPDATE meeting_programs SET begin_time = '2014-11-08 12:43' WHERE id = 69092;

-- Event #11, M.Prg: 69093, tot. athletes: 8
-- Tot. progr. duration: 1736 (sec), Heat durations: [173640] (hds)
-- Session begin time: 2014-11-08 08:30:00 +0100, Computed begin time: 2014-11-08 13:12:20 +0100
UPDATE meeting_programs SET begin_time = '2014-11-08 13:12' WHERE id = 69093;

-- Event #12, M.Prg: 69094, tot. athletes: 10
-- Tot. progr. duration: 3050 (sec), Heat durations: [181890, 123200] (hds)
-- Session begin time: 2014-11-08 08:30:00 +0100, Computed begin time: 2014-11-08 13:41:16 +0100
UPDATE meeting_programs SET begin_time = '2014-11-08 13:41' WHERE id = 69094;

-- Event #13, M.Prg: 69095, tot. athletes: 11
-- Tot. progr. duration: 3017 (sec), Heat durations: [166540, 135200] (hds)
-- Session begin time: 2014-11-08 08:30:00 +0100, Computed begin time: 2014-11-08 14:32:06 +0100
UPDATE meeting_programs SET begin_time = '2014-11-08 14:32' WHERE id = 69095;

-- Event #14, M.Prg: 69096, tot. athletes: 3
-- Tot. progr. duration: 1638 (sec), Heat durations: [163830] (hds)
-- Session begin time: 2014-11-08 08:30:00 +0100, Computed begin time: 2014-11-08 15:22:23 +0100
UPDATE meeting_programs SET begin_time = '2014-11-08 15:22' WHERE id = 69096;

-- Event #15, M.Prg: 69097, tot. athletes: 4
-- Tot. progr. duration: 1696 (sec), Heat durations: [169660] (hds)
-- Session begin time: 2014-11-08 08:30:00 +0100, Computed begin time: 2014-11-08 15:49:41 +0100
UPDATE meeting_programs SET begin_time = '2014-11-08 15:49' WHERE id = 69097;

-- Event #16, M.Prg: 69098, tot. athletes: 1
-- Tot. progr. duration: 1736 (sec), Heat durations: [173630] (hds)
-- Session begin time: 2014-11-08 08:30:00 +0100, Computed begin time: 2014-11-08 16:17:57 +0100
UPDATE meeting_programs SET begin_time = '2014-11-08 16:17' WHERE id = 69098;

-- Event #17, M.Prg: 69099, tot. athletes: 2
-- Tot. progr. duration: 881 (sec), Heat durations: [88170] (hds)
-- Session begin time: 2014-11-08 08:30:00 +0100, Computed begin time: 2014-11-08 16:46:53 +0100
UPDATE meeting_programs SET begin_time = '2014-11-08 16:46' WHERE id = 69099;

-- Event #18, M.Prg: 69100, tot. athletes: 8
-- Tot. progr. duration: 1101 (sec), Heat durations: [110160] (hds)
-- Session begin time: 2014-11-08 08:30:00 +0100, Computed begin time: 2014-11-08 17:01:34 +0100
UPDATE meeting_programs SET begin_time = '2014-11-08 17:01' WHERE id = 69100;

-- Event #19, M.Prg: 69101, tot. athletes: 3
-- Tot. progr. duration: 1028 (sec), Heat durations: [102870] (hds)
-- Session begin time: 2014-11-08 08:30:00 +0100, Computed begin time: 2014-11-08 17:19:55 +0100
UPDATE meeting_programs SET begin_time = '2014-11-08 17:19' WHERE id = 69101;

-- Event #20, M.Prg: 69102, tot. athletes: 6
-- Tot. progr. duration: 906 (sec), Heat durations: [90680] (hds)
-- Session begin time: 2014-11-08 08:30:00 +0100, Computed begin time: 2014-11-08 17:37:03 +0100
UPDATE meeting_programs SET begin_time = '2014-11-08 17:37' WHERE id = 69102;

-- Event #21, M.Prg: 69103, tot. athletes: 5
-- Tot. progr. duration: 888 (sec), Heat durations: [88820] (hds)
-- Session begin time: 2014-11-08 08:30:00 +0100, Computed begin time: 2014-11-08 17:52:09 +0100
UPDATE meeting_programs SET begin_time = '2014-11-08 17:52' WHERE id = 69103;

-- Event #22, M.Prg: 69104, tot. athletes: 10
-- Tot. progr. duration: 1929 (sec), Heat durations: [115530, 77440] (hds)
-- Session begin time: 2014-11-08 08:30:00 +0100, Computed begin time: 2014-11-08 18:06:57 +0100
UPDATE meeting_programs SET begin_time = '2014-11-08 18:06' WHERE id = 69104;

-- Event #23, M.Prg: 69105, tot. athletes: 1
-- Tot. progr. duration: 864 (sec), Heat durations: [86448] (hds)
-- Session begin time: 2014-11-08 08:30:00 +0100, Computed begin time: 2014-11-08 18:39:06 +0100
UPDATE meeting_programs SET begin_time = '2014-11-08 18:39' WHERE id = 69105;

-- Event #24, M.Prg: 69106, tot. athletes: 1
-- Tot. progr. duration: 1254 (sec), Heat durations: [125470] (hds)
-- Session begin time: 2014-11-08 08:30:00 +0100, Computed begin time: 2014-11-08 18:53:30 +0100
UPDATE meeting_programs SET begin_time = '2014-11-08 18:53' WHERE id = 69106;

-- Event #25, M.Prg: 69107, tot. athletes: 1
-- Tot. progr. duration: 670 (sec), Heat durations: [67080] (hds)
-- Session begin time: 2014-11-08 08:30:00 +0100, Computed begin time: 2014-11-08 19:14:24 +0100
UPDATE meeting_programs SET begin_time = '2014-11-08 19:14' WHERE id = 69107;

-- Event #26, M.Prg: 69108, tot. athletes: 5
-- Tot. progr. duration: 952 (sec), Heat durations: [95280] (hds)
-- Session begin time: 2014-11-08 08:30:00 +0100, Computed begin time: 2014-11-08 19:25:34 +0100
UPDATE meeting_programs SET begin_time = '2014-11-08 19:25' WHERE id = 69108;

-- Event #27, M.Prg: 69109, tot. athletes: 8
-- Tot. progr. duration: 839 (sec), Heat durations: [83920] (hds)
-- Session begin time: 2014-11-08 08:30:00 +0100, Computed begin time: 2014-11-08 19:41:26 +0100
UPDATE meeting_programs SET begin_time = '2014-11-08 19:41' WHERE id = 69109;

-- Event #28, M.Prg: 69110, tot. athletes: 12
-- Tot. progr. duration: 1605 (sec), Heat durations: [92320, 68220] (hds)
-- Session begin time: 2014-11-08 08:30:00 +0100, Computed begin time: 2014-11-08 19:55:25 +0100
UPDATE meeting_programs SET begin_time = '2014-11-08 19:55' WHERE id = 69110;

-- Event #29, M.Prg: 69111, tot. athletes: 10
-- Tot. progr. duration: 1640 (sec), Heat durations: [95720, 68340] (hds)
-- Session begin time: 2014-11-08 08:30:00 +0100, Computed begin time: 2014-11-08 20:22:10 +0100
UPDATE meeting_programs SET begin_time = '2014-11-08 20:22' WHERE id = 69111;

-- Event #30, M.Prg: 69112, tot. athletes: 20
-- Tot. progr. duration: 2533 (sec), Heat durations: [101770, 79520, 72080] (hds)
-- Session begin time: 2014-11-08 08:30:00 +0100, Computed begin time: 2014-11-08 20:49:30 +0100
UPDATE meeting_programs SET begin_time = '2014-11-08 20:49' WHERE id = 69112;

-- Event #31, M.Prg: 69113, tot. athletes: 5
-- Tot. progr. duration: 986 (sec), Heat durations: [98660] (hds)
-- Session begin time: 2014-11-08 08:30:00 +0100, Computed begin time: 2014-11-08 21:31:43 +0100
UPDATE meeting_programs SET begin_time = '2014-11-08 21:31' WHERE id = 69113;

-- Event #32, M.Prg: 69114, tot. athletes: 5
-- Tot. progr. duration: 1048 (sec), Heat durations: [104880] (hds)
-- Session begin time: 2014-11-08 08:30:00 +0100, Computed begin time: 2014-11-08 21:48:09 +0100
UPDATE meeting_programs SET begin_time = '2014-11-08 21:48' WHERE id = 69114;


-- Last completed phase code: 30
