-- *** SQL Diff file for ris20131116albenga.txt ***
-- Timestamp: 201411171916
INSERT INTO `meeting_events` (`id`, `created_at`, `updated_at`, `event_order`, `begin_time`, `is_out_of_race`, `is_autofilled`, `notes`, `meeting_session_id`, `event_type_id`, `heat_type_id`, `user_id`)
VALUES (2169, '2014-11-17 19:19:34', '2014-11-17 19:19:34', 1, '2000-01-01 08:02:00', 0, 1, NULL, 372, 16, 3, NULL);

INSERT INTO `meeting_programs` (`id`, `event_order`, `category_type_id`, `gender_type_id`, `user_id`, `created_at`, `updated_at`, `is_autofilled`, `is_out_of_race`, `begin_time`, `meeting_event_id`, `pool_type_id`, `time_standard_id`)
VALUES (6781, 1, 694, 2, 1, '2014-11-17 19:19:34', '2014-11-17 19:19:34', 1, 0, '2000-01-01 08:02:00', 2169, 1, NULL);

INSERT INTO `meeting_programs` (`id`, `event_order`, `category_type_id`, `gender_type_id`, `user_id`, `created_at`, `updated_at`, `is_autofilled`, `is_out_of_race`, `begin_time`, `meeting_event_id`, `pool_type_id`, `time_standard_id`)
VALUES (6782, 2, 695, 2, 1, '2014-11-17 19:19:34', '2014-11-17 19:19:34', 1, 0, '2000-01-01 08:02:00', 2169, 1, NULL);

INSERT INTO `meeting_programs` (`id`, `event_order`, `category_type_id`, `gender_type_id`, `user_id`, `created_at`, `updated_at`, `is_autofilled`, `is_out_of_race`, `begin_time`, `meeting_event_id`, `pool_type_id`, `time_standard_id`)
VALUES (6783, 3, 697, 2, 1, '2014-11-17 19:19:34', '2014-11-17 19:19:34', 1, 0, '2000-01-01 08:02:00', 2169, 1, NULL);

INSERT INTO `meeting_programs` (`id`, `event_order`, `category_type_id`, `gender_type_id`, `user_id`, `created_at`, `updated_at`, `is_autofilled`, `is_out_of_race`, `begin_time`, `meeting_event_id`, `pool_type_id`, `time_standard_id`)
VALUES (6784, 4, 698, 2, 1, '2014-11-17 19:19:34', '2014-11-17 19:19:34', 1, 0, '2000-01-01 08:02:00', 2169, 1, NULL);

INSERT INTO `meeting_programs` (`id`, `event_order`, `category_type_id`, `gender_type_id`, `user_id`, `created_at`, `updated_at`, `is_autofilled`, `is_out_of_race`, `begin_time`, `meeting_event_id`, `pool_type_id`, `time_standard_id`)
VALUES (6785, 5, 701, 2, 1, '2014-11-17 19:19:34', '2014-11-17 19:19:34', 1, 0, '2000-01-01 08:02:00', 2169, 1, NULL);

INSERT INTO `meeting_programs` (`id`, `event_order`, `category_type_id`, `gender_type_id`, `user_id`, `created_at`, `updated_at`, `is_autofilled`, `is_out_of_race`, `begin_time`, `meeting_event_id`, `pool_type_id`, `time_standard_id`)
VALUES (6786, 6, 695, 1, 1, '2014-11-17 19:19:34', '2014-11-17 19:19:34', 1, 0, '2000-01-01 08:02:00', 2169, 1, NULL);

INSERT INTO `meeting_programs` (`id`, `event_order`, `category_type_id`, `gender_type_id`, `user_id`, `created_at`, `updated_at`, `is_autofilled`, `is_out_of_race`, `begin_time`, `meeting_event_id`, `pool_type_id`, `time_standard_id`)
VALUES (6787, 7, 696, 1, 1, '2014-11-17 19:19:34', '2014-11-17 19:19:34', 1, 0, '2000-01-01 08:02:00', 2169, 1, NULL);

INSERT INTO `meeting_programs` (`id`, `event_order`, `category_type_id`, `gender_type_id`, `user_id`, `created_at`, `updated_at`, `is_autofilled`, `is_out_of_race`, `begin_time`, `meeting_event_id`, `pool_type_id`, `time_standard_id`)
VALUES (6788, 8, 697, 1, 1, '2014-11-17 19:19:34', '2014-11-17 19:19:34', 1, 0, '2000-01-01 08:02:00', 2169, 1, NULL);

INSERT INTO `meeting_programs` (`id`, `event_order`, `category_type_id`, `gender_type_id`, `user_id`, `created_at`, `updated_at`, `is_autofilled`, `is_out_of_race`, `begin_time`, `meeting_event_id`, `pool_type_id`, `time_standard_id`)
VALUES (6789, 9, 698, 1, 1, '2014-11-17 19:19:34', '2014-11-17 19:19:34', 1, 0, '2000-01-01 08:02:00', 2169, 1, NULL);

INSERT INTO `meeting_programs` (`id`, `event_order`, `category_type_id`, `gender_type_id`, `user_id`, `created_at`, `updated_at`, `is_autofilled`, `is_out_of_race`, `begin_time`, `meeting_event_id`, `pool_type_id`, `time_standard_id`)
VALUES (6790, 10, 701, 1, 1, '2014-11-17 19:19:34', '2014-11-17 19:19:34', 1, 0, '2000-01-01 08:02:00', 2169, 1, NULL);

INSERT INTO `meeting_programs` (`id`, `event_order`, `category_type_id`, `gender_type_id`, `user_id`, `created_at`, `updated_at`, `is_autofilled`, `is_out_of_race`, `begin_time`, `meeting_event_id`, `pool_type_id`, `time_standard_id`)
VALUES (6791, 11, 693, 1, 1, '2014-11-17 19:19:34', '2014-11-17 19:19:34', 1, 0, '2000-01-01 08:02:00', 2169, 1, NULL);

INSERT INTO `meeting_events` (`id`, `created_at`, `updated_at`, `event_order`, `begin_time`, `is_out_of_race`, `is_autofilled`, `notes`, `meeting_session_id`, `event_type_id`, `heat_type_id`, `user_id`)
VALUES (2170, '2014-11-17 19:19:34', '2014-11-17 19:19:34', 1, '2000-01-01 08:02:00', 0, 1, NULL, 372, 12, 3, NULL);

INSERT INTO `meeting_programs` (`id`, `event_order`, `category_type_id`, `gender_type_id`, `user_id`, `created_at`, `updated_at`, `is_autofilled`, `is_out_of_race`, `begin_time`, `meeting_event_id`, `pool_type_id`, `time_standard_id`)
VALUES (6792, 12, 694, 2, 1, '2014-11-17 19:19:34', '2014-11-17 19:19:34', 1, 0, '2000-01-01 08:02:00', 2170, 1, NULL);

INSERT INTO `meeting_programs` (`id`, `event_order`, `category_type_id`, `gender_type_id`, `user_id`, `created_at`, `updated_at`, `is_autofilled`, `is_out_of_race`, `begin_time`, `meeting_event_id`, `pool_type_id`, `time_standard_id`)
VALUES (6793, 13, 699, 2, 1, '2014-11-17 19:19:34', '2014-11-17 19:19:34', 1, 0, '2000-01-01 08:02:00', 2170, 1, NULL);

INSERT INTO `meeting_programs` (`id`, `event_order`, `category_type_id`, `gender_type_id`, `user_id`, `created_at`, `updated_at`, `is_autofilled`, `is_out_of_race`, `begin_time`, `meeting_event_id`, `pool_type_id`, `time_standard_id`)
VALUES (6794, 14, 693, 2, 1, '2014-11-17 19:19:34', '2014-11-17 19:19:34', 1, 0, '2000-01-01 08:02:00', 2170, 1, NULL);

INSERT INTO `meeting_programs` (`id`, `event_order`, `category_type_id`, `gender_type_id`, `user_id`, `created_at`, `updated_at`, `is_autofilled`, `is_out_of_race`, `begin_time`, `meeting_event_id`, `pool_type_id`, `time_standard_id`)
VALUES (6795, 15, 695, 1, 1, '2014-11-17 19:19:34', '2014-11-17 19:19:34', 1, 0, '2000-01-01 08:02:00', 2170, 1, NULL);

INSERT INTO `meeting_programs` (`id`, `event_order`, `category_type_id`, `gender_type_id`, `user_id`, `created_at`, `updated_at`, `is_autofilled`, `is_out_of_race`, `begin_time`, `meeting_event_id`, `pool_type_id`, `time_standard_id`)
VALUES (6796, 16, 696, 1, 1, '2014-11-17 19:19:34', '2014-11-17 19:19:34', 1, 0, '2000-01-01 08:02:00', 2170, 1, NULL);

INSERT INTO `meeting_programs` (`id`, `event_order`, `category_type_id`, `gender_type_id`, `user_id`, `created_at`, `updated_at`, `is_autofilled`, `is_out_of_race`, `begin_time`, `meeting_event_id`, `pool_type_id`, `time_standard_id`)
VALUES (6797, 17, 697, 1, 1, '2014-11-17 19:19:35', '2014-11-17 19:19:35', 1, 0, '2000-01-01 08:02:00', 2170, 1, NULL);

INSERT INTO `meeting_programs` (`id`, `event_order`, `category_type_id`, `gender_type_id`, `user_id`, `created_at`, `updated_at`, `is_autofilled`, `is_out_of_race`, `begin_time`, `meeting_event_id`, `pool_type_id`, `time_standard_id`)
VALUES (6798, 18, 699, 1, 1, '2014-11-17 19:19:35', '2014-11-17 19:19:35', 1, 0, '2000-01-01 08:02:00', 2170, 1, NULL);

INSERT INTO `meeting_events` (`id`, `created_at`, `updated_at`, `event_order`, `begin_time`, `is_out_of_race`, `is_autofilled`, `notes`, `meeting_session_id`, `event_type_id`, `heat_type_id`, `user_id`)
VALUES (2171, '2014-11-17 19:19:35', '2014-11-17 19:19:35', 1, '2000-01-01 08:02:00', 0, 1, NULL, 372, 20, 3, NULL);

INSERT INTO `meeting_programs` (`id`, `event_order`, `category_type_id`, `gender_type_id`, `user_id`, `created_at`, `updated_at`, `is_autofilled`, `is_out_of_race`, `begin_time`, `meeting_event_id`, `pool_type_id`, `time_standard_id`)
VALUES (6799, 19, 698, 2, 1, '2014-11-17 19:19:35', '2014-11-17 19:19:35', 1, 0, '2000-01-01 08:02:00', 2171, 1, NULL);

INSERT INTO `meeting_programs` (`id`, `event_order`, `category_type_id`, `gender_type_id`, `user_id`, `created_at`, `updated_at`, `is_autofilled`, `is_out_of_race`, `begin_time`, `meeting_event_id`, `pool_type_id`, `time_standard_id`)
VALUES (6800, 20, 699, 2, 1, '2014-11-17 19:19:35', '2014-11-17 19:19:35', 1, 0, '2000-01-01 08:02:00', 2171, 1, NULL);

INSERT INTO `meeting_programs` (`id`, `event_order`, `category_type_id`, `gender_type_id`, `user_id`, `created_at`, `updated_at`, `is_autofilled`, `is_out_of_race`, `begin_time`, `meeting_event_id`, `pool_type_id`, `time_standard_id`)
VALUES (6801, 21, 694, 1, 1, '2014-11-17 19:19:35', '2014-11-17 19:19:35', 1, 0, '2000-01-01 08:02:00', 2171, 1, NULL);

INSERT INTO `meeting_programs` (`id`, `event_order`, `category_type_id`, `gender_type_id`, `user_id`, `created_at`, `updated_at`, `is_autofilled`, `is_out_of_race`, `begin_time`, `meeting_event_id`, `pool_type_id`, `time_standard_id`)
VALUES (6802, 22, 695, 1, 1, '2014-11-17 19:19:35', '2014-11-17 19:19:35', 1, 0, '2000-01-01 08:02:00', 2171, 1, NULL);

INSERT INTO `meeting_programs` (`id`, `event_order`, `category_type_id`, `gender_type_id`, `user_id`, `created_at`, `updated_at`, `is_autofilled`, `is_out_of_race`, `begin_time`, `meeting_event_id`, `pool_type_id`, `time_standard_id`)
VALUES (6803, 23, 696, 1, 1, '2014-11-17 19:19:35', '2014-11-17 19:19:35', 1, 0, '2000-01-01 08:02:00', 2171, 1, NULL);

INSERT INTO `meeting_programs` (`id`, `event_order`, `category_type_id`, `gender_type_id`, `user_id`, `created_at`, `updated_at`, `is_autofilled`, `is_out_of_race`, `begin_time`, `meeting_event_id`, `pool_type_id`, `time_standard_id`)
VALUES (6804, 24, 697, 1, 1, '2014-11-17 19:19:35', '2014-11-17 19:19:35', 1, 0, '2000-01-01 08:02:00', 2171, 1, NULL);

INSERT INTO `meeting_programs` (`id`, `event_order`, `category_type_id`, `gender_type_id`, `user_id`, `created_at`, `updated_at`, `is_autofilled`, `is_out_of_race`, `begin_time`, `meeting_event_id`, `pool_type_id`, `time_standard_id`)
VALUES (6805, 25, 700, 1, 1, '2014-11-17 19:19:35', '2014-11-17 19:19:35', 1, 0, '2000-01-01 08:02:00', 2171, 1, NULL);

INSERT INTO `meeting_programs` (`id`, `event_order`, `category_type_id`, `gender_type_id`, `user_id`, `created_at`, `updated_at`, `is_autofilled`, `is_out_of_race`, `begin_time`, `meeting_event_id`, `pool_type_id`, `time_standard_id`)
VALUES (6806, 26, 701, 1, 1, '2014-11-17 19:19:35', '2014-11-17 19:19:35', 1, 0, '2000-01-01 08:02:00', 2171, 1, NULL);

INSERT INTO `meeting_programs` (`id`, `event_order`, `category_type_id`, `gender_type_id`, `user_id`, `created_at`, `updated_at`, `is_autofilled`, `is_out_of_race`, `begin_time`, `meeting_event_id`, `pool_type_id`, `time_standard_id`)
VALUES (6807, 27, 705, 1, 1, '2014-11-17 19:19:35', '2014-11-17 19:19:35', 1, 0, '2000-01-01 08:02:00', 2171, 1, NULL);

INSERT INTO `meeting_events` (`id`, `created_at`, `updated_at`, `event_order`, `begin_time`, `is_out_of_race`, `is_autofilled`, `notes`, `meeting_session_id`, `event_type_id`, `heat_type_id`, `user_id`)
VALUES (2172, '2014-11-17 19:19:35', '2014-11-17 19:19:35', 1, '2000-01-01 08:02:00', 0, 1, NULL, 372, 3, 3, NULL);

INSERT INTO `meeting_programs` (`id`, `event_order`, `category_type_id`, `gender_type_id`, `user_id`, `created_at`, `updated_at`, `is_autofilled`, `is_out_of_race`, `begin_time`, `meeting_event_id`, `pool_type_id`, `time_standard_id`)
VALUES (6808, 28, 694, 2, 1, '2014-11-17 19:19:35', '2014-11-17 19:19:35', 1, 0, '2000-01-01 08:02:00', 2172, 1, NULL);

INSERT INTO `meeting_programs` (`id`, `event_order`, `category_type_id`, `gender_type_id`, `user_id`, `created_at`, `updated_at`, `is_autofilled`, `is_out_of_race`, `begin_time`, `meeting_event_id`, `pool_type_id`, `time_standard_id`)
VALUES (6809, 29, 695, 2, 1, '2014-11-17 19:19:35', '2014-11-17 19:19:35', 1, 0, '2000-01-01 08:02:00', 2172, 1, NULL);

INSERT INTO `meeting_programs` (`id`, `event_order`, `category_type_id`, `gender_type_id`, `user_id`, `created_at`, `updated_at`, `is_autofilled`, `is_out_of_race`, `begin_time`, `meeting_event_id`, `pool_type_id`, `time_standard_id`)
VALUES (6810, 30, 696, 2, 1, '2014-11-17 19:19:35', '2014-11-17 19:19:35', 1, 0, '2000-01-01 08:02:00', 2172, 1, NULL);

INSERT INTO `meeting_programs` (`id`, `event_order`, `category_type_id`, `gender_type_id`, `user_id`, `created_at`, `updated_at`, `is_autofilled`, `is_out_of_race`, `begin_time`, `meeting_event_id`, `pool_type_id`, `time_standard_id`)
VALUES (6811, 31, 698, 2, 1, '2014-11-17 19:19:35', '2014-11-17 19:19:35', 1, 0, '2000-01-01 08:02:00', 2172, 1, NULL);

INSERT INTO `meeting_programs` (`id`, `event_order`, `category_type_id`, `gender_type_id`, `user_id`, `created_at`, `updated_at`, `is_autofilled`, `is_out_of_race`, `begin_time`, `meeting_event_id`, `pool_type_id`, `time_standard_id`)
VALUES (6812, 32, 699, 2, 1, '2014-11-17 19:19:35', '2014-11-17 19:19:35', 1, 0, '2000-01-01 08:02:00', 2172, 1, NULL);

INSERT INTO `meeting_programs` (`id`, `event_order`, `category_type_id`, `gender_type_id`, `user_id`, `created_at`, `updated_at`, `is_autofilled`, `is_out_of_race`, `begin_time`, `meeting_event_id`, `pool_type_id`, `time_standard_id`)
VALUES (6813, 33, 694, 1, 1, '2014-11-17 19:19:35', '2014-11-17 19:19:35', 1, 0, '2000-01-01 08:02:00', 2172, 1, NULL);

INSERT INTO `meeting_programs` (`id`, `event_order`, `category_type_id`, `gender_type_id`, `user_id`, `created_at`, `updated_at`, `is_autofilled`, `is_out_of_race`, `begin_time`, `meeting_event_id`, `pool_type_id`, `time_standard_id`)
VALUES (6814, 34, 695, 1, 1, '2014-11-17 19:19:36', '2014-11-17 19:19:36', 1, 0, '2000-01-01 08:02:00', 2172, 1, NULL);

INSERT INTO `meeting_programs` (`id`, `event_order`, `category_type_id`, `gender_type_id`, `user_id`, `created_at`, `updated_at`, `is_autofilled`, `is_out_of_race`, `begin_time`, `meeting_event_id`, `pool_type_id`, `time_standard_id`)
VALUES (6815, 35, 696, 1, 1, '2014-11-17 19:19:36', '2014-11-17 19:19:36', 1, 0, '2000-01-01 08:02:00', 2172, 1, NULL);

INSERT INTO `meeting_programs` (`id`, `event_order`, `category_type_id`, `gender_type_id`, `user_id`, `created_at`, `updated_at`, `is_autofilled`, `is_out_of_race`, `begin_time`, `meeting_event_id`, `pool_type_id`, `time_standard_id`)
VALUES (6816, 36, 697, 1, 1, '2014-11-17 19:19:36', '2014-11-17 19:19:36', 1, 0, '2000-01-01 08:02:00', 2172, 1, NULL);

INSERT INTO `meeting_programs` (`id`, `event_order`, `category_type_id`, `gender_type_id`, `user_id`, `created_at`, `updated_at`, `is_autofilled`, `is_out_of_race`, `begin_time`, `meeting_event_id`, `pool_type_id`, `time_standard_id`)
VALUES (6817, 37, 698, 1, 1, '2014-11-17 19:19:36', '2014-11-17 19:19:36', 1, 0, '2000-01-01 08:02:00', 2172, 1, NULL);

INSERT INTO `meeting_programs` (`id`, `event_order`, `category_type_id`, `gender_type_id`, `user_id`, `created_at`, `updated_at`, `is_autofilled`, `is_out_of_race`, `begin_time`, `meeting_event_id`, `pool_type_id`, `time_standard_id`)
VALUES (6818, 38, 699, 1, 1, '2014-11-17 19:19:36', '2014-11-17 19:19:36', 1, 0, '2000-01-01 08:02:00', 2172, 1, NULL);

INSERT INTO `meeting_programs` (`id`, `event_order`, `category_type_id`, `gender_type_id`, `user_id`, `created_at`, `updated_at`, `is_autofilled`, `is_out_of_race`, `begin_time`, `meeting_event_id`, `pool_type_id`, `time_standard_id`)
VALUES (6819, 39, 700, 1, 1, '2014-11-17 19:19:36', '2014-11-17 19:19:36', 1, 0, '2000-01-01 08:02:00', 2172, 1, NULL);

INSERT INTO `meeting_programs` (`id`, `event_order`, `category_type_id`, `gender_type_id`, `user_id`, `created_at`, `updated_at`, `is_autofilled`, `is_out_of_race`, `begin_time`, `meeting_event_id`, `pool_type_id`, `time_standard_id`)
VALUES (6820, 40, 703, 1, 1, '2014-11-17 19:19:36', '2014-11-17 19:19:36', 1, 0, '2000-01-01 08:02:00', 2172, 1, NULL);

INSERT INTO `meeting_programs` (`id`, `event_order`, `category_type_id`, `gender_type_id`, `user_id`, `created_at`, `updated_at`, `is_autofilled`, `is_out_of_race`, `begin_time`, `meeting_event_id`, `pool_type_id`, `time_standard_id`)
VALUES (6821, 41, 704, 1, 1, '2014-11-17 19:19:36', '2014-11-17 19:19:36', 1, 0, '2000-01-01 08:02:00', 2172, 1, NULL);

INSERT INTO `meeting_events` (`id`, `created_at`, `updated_at`, `event_order`, `begin_time`, `is_out_of_race`, `is_autofilled`, `notes`, `meeting_session_id`, `event_type_id`, `heat_type_id`, `user_id`)
VALUES (2173, '2014-11-17 19:19:36', '2014-11-17 19:19:36', 1, '2000-01-01 08:02:00', 0, 1, NULL, 372, 23, 3, NULL);

INSERT INTO `meeting_programs` (`id`, `event_order`, `category_type_id`, `gender_type_id`, `user_id`, `created_at`, `updated_at`, `is_autofilled`, `is_out_of_race`, `begin_time`, `meeting_event_id`, `pool_type_id`, `time_standard_id`)
VALUES (6822, 42, 698, 2, 1, '2014-11-17 19:19:36', '2014-11-17 19:19:36', 1, 0, '2000-01-01 08:02:00', 2173, 1, NULL);

INSERT INTO `meeting_programs` (`id`, `event_order`, `category_type_id`, `gender_type_id`, `user_id`, `created_at`, `updated_at`, `is_autofilled`, `is_out_of_race`, `begin_time`, `meeting_event_id`, `pool_type_id`, `time_standard_id`)
VALUES (6823, 43, 699, 2, 1, '2014-11-17 19:19:36', '2014-11-17 19:19:36', 1, 0, '2000-01-01 08:02:00', 2173, 1, NULL);

INSERT INTO `meeting_programs` (`id`, `event_order`, `category_type_id`, `gender_type_id`, `user_id`, `created_at`, `updated_at`, `is_autofilled`, `is_out_of_race`, `begin_time`, `meeting_event_id`, `pool_type_id`, `time_standard_id`)
VALUES (6824, 44, 703, 2, 1, '2014-11-17 19:19:36', '2014-11-17 19:19:36', 1, 0, '2000-01-01 08:02:00', 2173, 1, NULL);

INSERT INTO `meeting_programs` (`id`, `event_order`, `category_type_id`, `gender_type_id`, `user_id`, `created_at`, `updated_at`, `is_autofilled`, `is_out_of_race`, `begin_time`, `meeting_event_id`, `pool_type_id`, `time_standard_id`)
VALUES (6825, 45, 695, 1, 1, '2014-11-17 19:19:36', '2014-11-17 19:19:36', 1, 0, '2000-01-01 08:02:00', 2173, 1, NULL);

INSERT INTO `meeting_programs` (`id`, `event_order`, `category_type_id`, `gender_type_id`, `user_id`, `created_at`, `updated_at`, `is_autofilled`, `is_out_of_race`, `begin_time`, `meeting_event_id`, `pool_type_id`, `time_standard_id`)
VALUES (6826, 46, 696, 1, 1, '2014-11-17 19:19:36', '2014-11-17 19:19:36', 1, 0, '2000-01-01 08:02:00', 2173, 1, NULL);

INSERT INTO `meeting_programs` (`id`, `event_order`, `category_type_id`, `gender_type_id`, `user_id`, `created_at`, `updated_at`, `is_autofilled`, `is_out_of_race`, `begin_time`, `meeting_event_id`, `pool_type_id`, `time_standard_id`)
VALUES (6827, 47, 697, 1, 1, '2014-11-17 19:19:36', '2014-11-17 19:19:36', 1, 0, '2000-01-01 08:02:00', 2173, 1, NULL);

INSERT INTO `meeting_programs` (`id`, `event_order`, `category_type_id`, `gender_type_id`, `user_id`, `created_at`, `updated_at`, `is_autofilled`, `is_out_of_race`, `begin_time`, `meeting_event_id`, `pool_type_id`, `time_standard_id`)
VALUES (6828, 48, 698, 1, 1, '2014-11-17 19:19:36', '2014-11-17 19:19:36', 1, 0, '2000-01-01 08:02:00', 2173, 1, NULL);

INSERT INTO `meeting_programs` (`id`, `event_order`, `category_type_id`, `gender_type_id`, `user_id`, `created_at`, `updated_at`, `is_autofilled`, `is_out_of_race`, `begin_time`, `meeting_event_id`, `pool_type_id`, `time_standard_id`)
VALUES (6829, 49, 699, 1, 1, '2014-11-17 19:19:36', '2014-11-17 19:19:36', 1, 0, '2000-01-01 08:02:00', 2173, 1, NULL);

INSERT INTO `meeting_programs` (`id`, `event_order`, `category_type_id`, `gender_type_id`, `user_id`, `created_at`, `updated_at`, `is_autofilled`, `is_out_of_race`, `begin_time`, `meeting_event_id`, `pool_type_id`, `time_standard_id`)
VALUES (6830, 50, 700, 1, 1, '2014-11-17 19:19:36', '2014-11-17 19:19:36', 1, 0, '2000-01-01 08:02:00', 2173, 1, NULL);

INSERT INTO `meeting_programs` (`id`, `event_order`, `category_type_id`, `gender_type_id`, `user_id`, `created_at`, `updated_at`, `is_autofilled`, `is_out_of_race`, `begin_time`, `meeting_event_id`, `pool_type_id`, `time_standard_id`)
VALUES (6831, 51, 701, 1, 1, '2014-11-17 19:19:37', '2014-11-17 19:19:37', 1, 0, '2000-01-01 08:02:00', 2173, 1, NULL);

INSERT INTO `meeting_events` (`id`, `created_at`, `updated_at`, `event_order`, `begin_time`, `is_out_of_race`, `is_autofilled`, `notes`, `meeting_session_id`, `event_type_id`, `heat_type_id`, `user_id`)
VALUES (2174, '2014-11-17 19:19:37', '2014-11-17 19:19:37', 1, '2000-01-01 08:02:00', 0, 1, NULL, 372, 4, 3, NULL);

INSERT INTO `meeting_programs` (`id`, `event_order`, `category_type_id`, `gender_type_id`, `user_id`, `created_at`, `updated_at`, `is_autofilled`, `is_out_of_race`, `begin_time`, `meeting_event_id`, `pool_type_id`, `time_standard_id`)
VALUES (6832, 52, 694, 2, 1, '2014-11-17 19:19:37', '2014-11-17 19:19:37', 1, 0, '2000-01-01 08:02:00', 2174, 1, NULL);

INSERT INTO `meeting_programs` (`id`, `event_order`, `category_type_id`, `gender_type_id`, `user_id`, `created_at`, `updated_at`, `is_autofilled`, `is_out_of_race`, `begin_time`, `meeting_event_id`, `pool_type_id`, `time_standard_id`)
VALUES (6833, 53, 695, 2, 1, '2014-11-17 19:19:37', '2014-11-17 19:19:37', 1, 0, '2000-01-01 08:02:00', 2174, 1, NULL);

INSERT INTO `meeting_programs` (`id`, `event_order`, `category_type_id`, `gender_type_id`, `user_id`, `created_at`, `updated_at`, `is_autofilled`, `is_out_of_race`, `begin_time`, `meeting_event_id`, `pool_type_id`, `time_standard_id`)
VALUES (6834, 54, 697, 2, 1, '2014-11-17 19:19:37', '2014-11-17 19:19:37', 1, 0, '2000-01-01 08:02:00', 2174, 1, NULL);

INSERT INTO `meeting_programs` (`id`, `event_order`, `category_type_id`, `gender_type_id`, `user_id`, `created_at`, `updated_at`, `is_autofilled`, `is_out_of_race`, `begin_time`, `meeting_event_id`, `pool_type_id`, `time_standard_id`)
VALUES (6835, 55, 698, 2, 1, '2014-11-17 19:19:37', '2014-11-17 19:19:37', 1, 0, '2000-01-01 08:02:00', 2174, 1, NULL);

INSERT INTO `meeting_programs` (`id`, `event_order`, `category_type_id`, `gender_type_id`, `user_id`, `created_at`, `updated_at`, `is_autofilled`, `is_out_of_race`, `begin_time`, `meeting_event_id`, `pool_type_id`, `time_standard_id`)
VALUES (6836, 56, 701, 2, 1, '2014-11-17 19:19:37', '2014-11-17 19:19:37', 1, 0, '2000-01-01 08:02:00', 2174, 1, NULL);

INSERT INTO `meeting_programs` (`id`, `event_order`, `category_type_id`, `gender_type_id`, `user_id`, `created_at`, `updated_at`, `is_autofilled`, `is_out_of_race`, `begin_time`, `meeting_event_id`, `pool_type_id`, `time_standard_id`)
VALUES (6837, 57, 693, 2, 1, '2014-11-17 19:19:37', '2014-11-17 19:19:37', 1, 0, '2000-01-01 08:02:00', 2174, 1, NULL);

INSERT INTO `meeting_programs` (`id`, `event_order`, `category_type_id`, `gender_type_id`, `user_id`, `created_at`, `updated_at`, `is_autofilled`, `is_out_of_race`, `begin_time`, `meeting_event_id`, `pool_type_id`, `time_standard_id`)
VALUES (6838, 58, 694, 1, 1, '2014-11-17 19:19:37', '2014-11-17 19:19:37', 1, 0, '2000-01-01 08:02:00', 2174, 1, NULL);

INSERT INTO `meeting_programs` (`id`, `event_order`, `category_type_id`, `gender_type_id`, `user_id`, `created_at`, `updated_at`, `is_autofilled`, `is_out_of_race`, `begin_time`, `meeting_event_id`, `pool_type_id`, `time_standard_id`)
VALUES (6839, 59, 695, 1, 1, '2014-11-17 19:19:37', '2014-11-17 19:19:37', 1, 0, '2000-01-01 08:02:00', 2174, 1, NULL);

INSERT INTO `meeting_programs` (`id`, `event_order`, `category_type_id`, `gender_type_id`, `user_id`, `created_at`, `updated_at`, `is_autofilled`, `is_out_of_race`, `begin_time`, `meeting_event_id`, `pool_type_id`, `time_standard_id`)
VALUES (6840, 60, 696, 1, 1, '2014-11-17 19:19:37', '2014-11-17 19:19:37', 1, 0, '2000-01-01 08:02:00', 2174, 1, NULL);

INSERT INTO `meeting_programs` (`id`, `event_order`, `category_type_id`, `gender_type_id`, `user_id`, `created_at`, `updated_at`, `is_autofilled`, `is_out_of_race`, `begin_time`, `meeting_event_id`, `pool_type_id`, `time_standard_id`)
VALUES (6841, 61, 697, 1, 1, '2014-11-17 19:19:37', '2014-11-17 19:19:37', 1, 0, '2000-01-01 08:04:00', 2174, 1, NULL);

INSERT INTO `meeting_programs` (`id`, `event_order`, `category_type_id`, `gender_type_id`, `user_id`, `created_at`, `updated_at`, `is_autofilled`, `is_out_of_race`, `begin_time`, `meeting_event_id`, `pool_type_id`, `time_standard_id`)
VALUES (6842, 62, 698, 1, 1, '2014-11-17 19:19:37', '2014-11-17 19:19:37', 1, 0, '2000-01-01 08:02:00', 2174, 1, NULL);

INSERT INTO `meeting_programs` (`id`, `event_order`, `category_type_id`, `gender_type_id`, `user_id`, `created_at`, `updated_at`, `is_autofilled`, `is_out_of_race`, `begin_time`, `meeting_event_id`, `pool_type_id`, `time_standard_id`)
VALUES (6843, 63, 699, 1, 1, '2014-11-17 19:19:37', '2014-11-17 19:19:37', 1, 0, '2000-01-01 08:02:00', 2174, 1, NULL);

INSERT INTO `meeting_programs` (`id`, `event_order`, `category_type_id`, `gender_type_id`, `user_id`, `created_at`, `updated_at`, `is_autofilled`, `is_out_of_race`, `begin_time`, `meeting_event_id`, `pool_type_id`, `time_standard_id`)
VALUES (6844, 64, 700, 1, 1, '2014-11-17 19:19:37', '2014-11-17 19:19:37', 1, 0, '2000-01-01 08:02:00', 2174, 1, NULL);

INSERT INTO `meeting_programs` (`id`, `event_order`, `category_type_id`, `gender_type_id`, `user_id`, `created_at`, `updated_at`, `is_autofilled`, `is_out_of_race`, `begin_time`, `meeting_event_id`, `pool_type_id`, `time_standard_id`)
VALUES (6845, 65, 701, 1, 1, '2014-11-17 19:19:37', '2014-11-17 19:19:37', 1, 0, '2000-01-01 08:02:00', 2174, 1, NULL);

INSERT INTO `meeting_programs` (`id`, `event_order`, `category_type_id`, `gender_type_id`, `user_id`, `created_at`, `updated_at`, `is_autofilled`, `is_out_of_race`, `begin_time`, `meeting_event_id`, `pool_type_id`, `time_standard_id`)
VALUES (6846, 66, 702, 1, 1, '2014-11-17 19:19:37', '2014-11-17 19:19:37', 1, 0, '2000-01-01 08:02:00', 2174, 1, NULL);

INSERT INTO `meeting_programs` (`id`, `event_order`, `category_type_id`, `gender_type_id`, `user_id`, `created_at`, `updated_at`, `is_autofilled`, `is_out_of_race`, `begin_time`, `meeting_event_id`, `pool_type_id`, `time_standard_id`)
VALUES (6847, 67, 703, 1, 1, '2014-11-17 19:19:37', '2014-11-17 19:19:37', 1, 0, '2000-01-01 08:02:00', 2174, 1, NULL);

INSERT INTO `meeting_programs` (`id`, `event_order`, `category_type_id`, `gender_type_id`, `user_id`, `created_at`, `updated_at`, `is_autofilled`, `is_out_of_race`, `begin_time`, `meeting_event_id`, `pool_type_id`, `time_standard_id`)
VALUES (6848, 68, 704, 1, 1, '2014-11-17 19:19:37', '2014-11-17 19:19:37', 1, 0, '2000-01-01 08:02:00', 2174, 1, NULL);

INSERT INTO `meeting_events` (`id`, `created_at`, `updated_at`, `event_order`, `begin_time`, `is_out_of_race`, `is_autofilled`, `notes`, `meeting_session_id`, `event_type_id`, `heat_type_id`, `user_id`)
VALUES (2175, '2014-11-17 19:19:38', '2014-11-17 19:19:38', 1, '2000-01-01 08:02:00', 0, 1, NULL, 372, 24, 3, NULL);

INSERT INTO `meeting_programs` (`id`, `event_order`, `category_type_id`, `gender_type_id`, `user_id`, `created_at`, `updated_at`, `is_autofilled`, `is_out_of_race`, `begin_time`, `meeting_event_id`, `pool_type_id`, `time_standard_id`)
VALUES (6849, 69, 694, 2, 1, '2014-11-17 19:19:38', '2014-11-17 19:19:38', 1, 0, '2000-01-01 08:02:00', 2175, 1, NULL);

INSERT INTO `meeting_programs` (`id`, `event_order`, `category_type_id`, `gender_type_id`, `user_id`, `created_at`, `updated_at`, `is_autofilled`, `is_out_of_race`, `begin_time`, `meeting_event_id`, `pool_type_id`, `time_standard_id`)
VALUES (6850, 70, 697, 2, 1, '2014-11-17 19:19:38', '2014-11-17 19:19:38', 1, 0, '2000-01-01 08:02:00', 2175, 1, NULL);

INSERT INTO `meeting_programs` (`id`, `event_order`, `category_type_id`, `gender_type_id`, `user_id`, `created_at`, `updated_at`, `is_autofilled`, `is_out_of_race`, `begin_time`, `meeting_event_id`, `pool_type_id`, `time_standard_id`)
VALUES (6851, 71, 698, 2, 1, '2014-11-17 19:19:38', '2014-11-17 19:19:38', 1, 0, '2000-01-01 08:02:00', 2175, 1, NULL);

INSERT INTO `meeting_programs` (`id`, `event_order`, `category_type_id`, `gender_type_id`, `user_id`, `created_at`, `updated_at`, `is_autofilled`, `is_out_of_race`, `begin_time`, `meeting_event_id`, `pool_type_id`, `time_standard_id`)
VALUES (6852, 72, 699, 2, 1, '2014-11-17 19:19:38', '2014-11-17 19:19:38', 1, 0, '2000-01-01 08:02:00', 2175, 1, NULL);

INSERT INTO `meeting_programs` (`id`, `event_order`, `category_type_id`, `gender_type_id`, `user_id`, `created_at`, `updated_at`, `is_autofilled`, `is_out_of_race`, `begin_time`, `meeting_event_id`, `pool_type_id`, `time_standard_id`)
VALUES (6853, 73, 703, 2, 1, '2014-11-17 19:19:38', '2014-11-17 19:19:38', 1, 0, '2000-01-01 08:02:00', 2175, 1, NULL);

INSERT INTO `meeting_programs` (`id`, `event_order`, `category_type_id`, `gender_type_id`, `user_id`, `created_at`, `updated_at`, `is_autofilled`, `is_out_of_race`, `begin_time`, `meeting_event_id`, `pool_type_id`, `time_standard_id`)
VALUES (6854, 74, 694, 1, 1, '2014-11-17 19:19:38', '2014-11-17 19:19:38', 1, 0, '2000-01-01 08:02:00', 2175, 1, NULL);

INSERT INTO `meeting_programs` (`id`, `event_order`, `category_type_id`, `gender_type_id`, `user_id`, `created_at`, `updated_at`, `is_autofilled`, `is_out_of_race`, `begin_time`, `meeting_event_id`, `pool_type_id`, `time_standard_id`)
VALUES (6855, 75, 696, 1, 1, '2014-11-17 19:19:38', '2014-11-17 19:19:38', 1, 0, '2000-01-01 08:02:00', 2175, 1, NULL);

INSERT INTO `meeting_programs` (`id`, `event_order`, `category_type_id`, `gender_type_id`, `user_id`, `created_at`, `updated_at`, `is_autofilled`, `is_out_of_race`, `begin_time`, `meeting_event_id`, `pool_type_id`, `time_standard_id`)
VALUES (6856, 76, 697, 1, 1, '2014-11-17 19:19:38', '2014-11-17 19:19:38', 1, 0, '2000-01-01 08:02:00', 2175, 1, NULL);

INSERT INTO `meeting_programs` (`id`, `event_order`, `category_type_id`, `gender_type_id`, `user_id`, `created_at`, `updated_at`, `is_autofilled`, `is_out_of_race`, `begin_time`, `meeting_event_id`, `pool_type_id`, `time_standard_id`)
VALUES (6857, 77, 698, 1, 1, '2014-11-17 19:19:38', '2014-11-17 19:19:38', 1, 0, '2000-01-01 08:02:00', 2175, 1, NULL);

INSERT INTO `meeting_programs` (`id`, `event_order`, `category_type_id`, `gender_type_id`, `user_id`, `created_at`, `updated_at`, `is_autofilled`, `is_out_of_race`, `begin_time`, `meeting_event_id`, `pool_type_id`, `time_standard_id`)
VALUES (6858, 78, 699, 1, 1, '2014-11-17 19:19:38', '2014-11-17 19:19:38', 1, 0, '2000-01-01 08:02:00', 2175, 1, NULL);

INSERT INTO `meeting_programs` (`id`, `event_order`, `category_type_id`, `gender_type_id`, `user_id`, `created_at`, `updated_at`, `is_autofilled`, `is_out_of_race`, `begin_time`, `meeting_event_id`, `pool_type_id`, `time_standard_id`)
VALUES (6859, 79, 700, 1, 1, '2014-11-17 19:19:38', '2014-11-17 19:19:38', 1, 0, '2000-01-01 08:02:00', 2175, 1, NULL);

INSERT INTO `meeting_programs` (`id`, `event_order`, `category_type_id`, `gender_type_id`, `user_id`, `created_at`, `updated_at`, `is_autofilled`, `is_out_of_race`, `begin_time`, `meeting_event_id`, `pool_type_id`, `time_standard_id`)
VALUES (6860, 80, 701, 1, 1, '2014-11-17 19:19:38', '2014-11-17 19:19:38', 1, 0, '2000-01-01 08:02:00', 2175, 1, NULL);

INSERT INTO `meeting_programs` (`id`, `event_order`, `category_type_id`, `gender_type_id`, `user_id`, `created_at`, `updated_at`, `is_autofilled`, `is_out_of_race`, `begin_time`, `meeting_event_id`, `pool_type_id`, `time_standard_id`)
VALUES (6861, 81, 703, 1, 1, '2014-11-17 19:19:38', '2014-11-17 19:19:38', 1, 0, '2000-01-01 08:02:00', 2175, 1, NULL);

INSERT INTO `meeting_events` (`id`, `created_at`, `updated_at`, `event_order`, `begin_time`, `is_out_of_race`, `is_autofilled`, `notes`, `meeting_session_id`, `event_type_id`, `heat_type_id`, `user_id`)
VALUES (2176, '2014-11-17 19:19:38', '2014-11-17 19:19:38', 1, '2000-01-01 08:02:00', 0, 1, NULL, 372, 15, 3, NULL);

INSERT INTO `meeting_programs` (`id`, `event_order`, `category_type_id`, `gender_type_id`, `user_id`, `created_at`, `updated_at`, `is_autofilled`, `is_out_of_race`, `begin_time`, `meeting_event_id`, `pool_type_id`, `time_standard_id`)
VALUES (6862, 82, 694, 2, 1, '2014-11-17 19:19:38', '2014-11-17 19:19:38', 1, 0, '2000-01-01 08:02:00', 2176, 1, NULL);

INSERT INTO `meeting_programs` (`id`, `event_order`, `category_type_id`, `gender_type_id`, `user_id`, `created_at`, `updated_at`, `is_autofilled`, `is_out_of_race`, `begin_time`, `meeting_event_id`, `pool_type_id`, `time_standard_id`)
VALUES (6863, 83, 695, 2, 1, '2014-11-17 19:19:38', '2014-11-17 19:19:38', 1, 0, '2000-01-01 08:02:00', 2176, 1, NULL);

INSERT INTO `meeting_programs` (`id`, `event_order`, `category_type_id`, `gender_type_id`, `user_id`, `created_at`, `updated_at`, `is_autofilled`, `is_out_of_race`, `begin_time`, `meeting_event_id`, `pool_type_id`, `time_standard_id`)
VALUES (6864, 84, 698, 2, 1, '2014-11-17 19:19:38', '2014-11-17 19:19:38', 1, 0, '2000-01-01 08:02:00', 2176, 1, NULL);

INSERT INTO `meeting_programs` (`id`, `event_order`, `category_type_id`, `gender_type_id`, `user_id`, `created_at`, `updated_at`, `is_autofilled`, `is_out_of_race`, `begin_time`, `meeting_event_id`, `pool_type_id`, `time_standard_id`)
VALUES (6865, 85, 699, 2, 1, '2014-11-17 19:19:39', '2014-11-17 19:19:39', 1, 0, '2000-01-01 08:02:00', 2176, 1, NULL);

INSERT INTO `meeting_programs` (`id`, `event_order`, `category_type_id`, `gender_type_id`, `user_id`, `created_at`, `updated_at`, `is_autofilled`, `is_out_of_race`, `begin_time`, `meeting_event_id`, `pool_type_id`, `time_standard_id`)
VALUES (6866, 86, 700, 2, 1, '2014-11-17 19:19:39', '2014-11-17 19:19:39', 1, 0, '2000-01-01 08:02:00', 2176, 1, NULL);

INSERT INTO `meeting_programs` (`id`, `event_order`, `category_type_id`, `gender_type_id`, `user_id`, `created_at`, `updated_at`, `is_autofilled`, `is_out_of_race`, `begin_time`, `meeting_event_id`, `pool_type_id`, `time_standard_id`)
VALUES (6867, 87, 701, 2, 1, '2014-11-17 19:19:39', '2014-11-17 19:19:39', 1, 0, '2000-01-01 08:02:00', 2176, 1, NULL);

INSERT INTO `meeting_programs` (`id`, `event_order`, `category_type_id`, `gender_type_id`, `user_id`, `created_at`, `updated_at`, `is_autofilled`, `is_out_of_race`, `begin_time`, `meeting_event_id`, `pool_type_id`, `time_standard_id`)
VALUES (6868, 88, 694, 1, 1, '2014-11-17 19:19:39', '2014-11-17 19:19:39', 1, 0, '2000-01-01 08:02:00', 2176, 1, NULL);

INSERT INTO `meeting_programs` (`id`, `event_order`, `category_type_id`, `gender_type_id`, `user_id`, `created_at`, `updated_at`, `is_autofilled`, `is_out_of_race`, `begin_time`, `meeting_event_id`, `pool_type_id`, `time_standard_id`)
VALUES (6869, 89, 695, 1, 1, '2014-11-17 19:19:39', '2014-11-17 19:19:39', 1, 0, '2000-01-01 08:02:00', 2176, 1, NULL);

INSERT INTO `meeting_programs` (`id`, `event_order`, `category_type_id`, `gender_type_id`, `user_id`, `created_at`, `updated_at`, `is_autofilled`, `is_out_of_race`, `begin_time`, `meeting_event_id`, `pool_type_id`, `time_standard_id`)
VALUES (6870, 90, 696, 1, 1, '2014-11-17 19:19:39', '2014-11-17 19:19:39', 1, 0, '2000-01-01 08:02:00', 2176, 1, NULL);

INSERT INTO `meeting_programs` (`id`, `event_order`, `category_type_id`, `gender_type_id`, `user_id`, `created_at`, `updated_at`, `is_autofilled`, `is_out_of_race`, `begin_time`, `meeting_event_id`, `pool_type_id`, `time_standard_id`)
VALUES (6871, 91, 697, 1, 1, '2014-11-17 19:19:39', '2014-11-17 19:19:39', 1, 0, '2000-01-01 08:02:00', 2176, 1, NULL);

INSERT INTO `meeting_programs` (`id`, `event_order`, `category_type_id`, `gender_type_id`, `user_id`, `created_at`, `updated_at`, `is_autofilled`, `is_out_of_race`, `begin_time`, `meeting_event_id`, `pool_type_id`, `time_standard_id`)
VALUES (6872, 92, 699, 1, 1, '2014-11-17 19:19:39', '2014-11-17 19:19:39', 1, 0, '2000-01-01 08:02:00', 2176, 1, NULL);

INSERT INTO `meeting_programs` (`id`, `event_order`, `category_type_id`, `gender_type_id`, `user_id`, `created_at`, `updated_at`, `is_autofilled`, `is_out_of_race`, `begin_time`, `meeting_event_id`, `pool_type_id`, `time_standard_id`)
VALUES (6873, 93, 701, 1, 1, '2014-11-17 19:19:39', '2014-11-17 19:19:39', 1, 0, '2000-01-01 08:02:00', 2176, 1, NULL);

INSERT INTO `meeting_programs` (`id`, `event_order`, `category_type_id`, `gender_type_id`, `user_id`, `created_at`, `updated_at`, `is_autofilled`, `is_out_of_race`, `begin_time`, `meeting_event_id`, `pool_type_id`, `time_standard_id`)
VALUES (6874, 94, 702, 1, 1, '2014-11-17 19:19:39', '2014-11-17 19:19:39', 1, 0, '2000-01-01 08:02:00', 2176, 1, NULL);

INSERT INTO `meeting_programs` (`id`, `event_order`, `category_type_id`, `gender_type_id`, `user_id`, `created_at`, `updated_at`, `is_autofilled`, `is_out_of_race`, `begin_time`, `meeting_event_id`, `pool_type_id`, `time_standard_id`)
VALUES (6875, 95, 703, 1, 1, '2014-11-17 19:19:39', '2014-11-17 19:19:39', 1, 0, '2000-01-01 08:02:00', 2176, 1, NULL);

INSERT INTO `meeting_programs` (`id`, `event_order`, `category_type_id`, `gender_type_id`, `user_id`, `created_at`, `updated_at`, `is_autofilled`, `is_out_of_race`, `begin_time`, `meeting_event_id`, `pool_type_id`, `time_standard_id`)
VALUES (6876, 96, 693, 1, 1, '2014-11-17 19:19:39', '2014-11-17 19:19:39', 1, 0, '2000-01-01 08:02:00', 2176, 1, NULL);

INSERT INTO `meeting_events` (`id`, `created_at`, `updated_at`, `event_order`, `begin_time`, `is_out_of_race`, `is_autofilled`, `notes`, `meeting_session_id`, `event_type_id`, `heat_type_id`, `user_id`)
VALUES (2177, '2014-11-17 19:19:39', '2014-11-17 19:19:39', 1, '2000-01-01 08:02:00', 0, 1, NULL, 372, 11, 3, NULL);

INSERT INTO `meeting_programs` (`id`, `event_order`, `category_type_id`, `gender_type_id`, `user_id`, `created_at`, `updated_at`, `is_autofilled`, `is_out_of_race`, `begin_time`, `meeting_event_id`, `pool_type_id`, `time_standard_id`)
VALUES (6877, 97, 695, 2, 1, '2014-11-17 19:19:39', '2014-11-17 19:19:39', 1, 0, '2000-01-01 08:02:00', 2177, 1, NULL);

INSERT INTO `meeting_programs` (`id`, `event_order`, `category_type_id`, `gender_type_id`, `user_id`, `created_at`, `updated_at`, `is_autofilled`, `is_out_of_race`, `begin_time`, `meeting_event_id`, `pool_type_id`, `time_standard_id`)
VALUES (6878, 98, 696, 2, 1, '2014-11-17 19:19:39', '2014-11-17 19:19:39', 1, 0, '2000-01-01 08:02:00', 2177, 1, NULL);

INSERT INTO `meeting_programs` (`id`, `event_order`, `category_type_id`, `gender_type_id`, `user_id`, `created_at`, `updated_at`, `is_autofilled`, `is_out_of_race`, `begin_time`, `meeting_event_id`, `pool_type_id`, `time_standard_id`)
VALUES (6879, 99, 697, 2, 1, '2014-11-17 19:19:39', '2014-11-17 19:19:39', 1, 0, '2000-01-01 08:02:00', 2177, 1, NULL);

INSERT INTO `meeting_programs` (`id`, `event_order`, `category_type_id`, `gender_type_id`, `user_id`, `created_at`, `updated_at`, `is_autofilled`, `is_out_of_race`, `begin_time`, `meeting_event_id`, `pool_type_id`, `time_standard_id`)
VALUES (6880, 100, 698, 2, 1, '2014-11-17 19:19:39', '2014-11-17 19:19:39', 1, 0, '2000-01-01 08:02:00', 2177, 1, NULL);

INSERT INTO `meeting_programs` (`id`, `event_order`, `category_type_id`, `gender_type_id`, `user_id`, `created_at`, `updated_at`, `is_autofilled`, `is_out_of_race`, `begin_time`, `meeting_event_id`, `pool_type_id`, `time_standard_id`)
VALUES (6881, 101, 699, 2, 1, '2014-11-17 19:19:39', '2014-11-17 19:19:39', 1, 0, '2000-01-01 08:02:00', 2177, 1, NULL);

INSERT INTO `meeting_programs` (`id`, `event_order`, `category_type_id`, `gender_type_id`, `user_id`, `created_at`, `updated_at`, `is_autofilled`, `is_out_of_race`, `begin_time`, `meeting_event_id`, `pool_type_id`, `time_standard_id`)
VALUES (6882, 102, 703, 2, 1, '2014-11-17 19:19:40', '2014-11-17 19:19:40', 1, 0, '2000-01-01 08:02:00', 2177, 1, NULL);

INSERT INTO `meeting_programs` (`id`, `event_order`, `category_type_id`, `gender_type_id`, `user_id`, `created_at`, `updated_at`, `is_autofilled`, `is_out_of_race`, `begin_time`, `meeting_event_id`, `pool_type_id`, `time_standard_id`)
VALUES (6883, 103, 693, 2, 1, '2014-11-17 19:19:40', '2014-11-17 19:19:40', 1, 0, '2000-01-01 08:02:00', 2177, 1, NULL);

INSERT INTO `meeting_programs` (`id`, `event_order`, `category_type_id`, `gender_type_id`, `user_id`, `created_at`, `updated_at`, `is_autofilled`, `is_out_of_race`, `begin_time`, `meeting_event_id`, `pool_type_id`, `time_standard_id`)
VALUES (6884, 104, 694, 1, 1, '2014-11-17 19:19:40', '2014-11-17 19:19:40', 1, 0, '2000-01-01 08:02:00', 2177, 1, NULL);

INSERT INTO `meeting_programs` (`id`, `event_order`, `category_type_id`, `gender_type_id`, `user_id`, `created_at`, `updated_at`, `is_autofilled`, `is_out_of_race`, `begin_time`, `meeting_event_id`, `pool_type_id`, `time_standard_id`)
VALUES (6885, 105, 696, 1, 1, '2014-11-17 19:19:40', '2014-11-17 19:19:40', 1, 0, '2000-01-01 08:02:00', 2177, 1, NULL);

INSERT INTO `meeting_programs` (`id`, `event_order`, `category_type_id`, `gender_type_id`, `user_id`, `created_at`, `updated_at`, `is_autofilled`, `is_out_of_race`, `begin_time`, `meeting_event_id`, `pool_type_id`, `time_standard_id`)
VALUES (6886, 106, 697, 1, 1, '2014-11-17 19:19:40', '2014-11-17 19:19:40', 1, 0, '2000-01-01 08:02:00', 2177, 1, NULL);

INSERT INTO `meeting_programs` (`id`, `event_order`, `category_type_id`, `gender_type_id`, `user_id`, `created_at`, `updated_at`, `is_autofilled`, `is_out_of_race`, `begin_time`, `meeting_event_id`, `pool_type_id`, `time_standard_id`)
VALUES (6887, 107, 698, 1, 1, '2014-11-17 19:19:40', '2014-11-17 19:19:40', 1, 0, '2000-01-01 08:02:00', 2177, 1, NULL);

INSERT INTO `meeting_programs` (`id`, `event_order`, `category_type_id`, `gender_type_id`, `user_id`, `created_at`, `updated_at`, `is_autofilled`, `is_out_of_race`, `begin_time`, `meeting_event_id`, `pool_type_id`, `time_standard_id`)
VALUES (6888, 108, 699, 1, 1, '2014-11-17 19:19:40', '2014-11-17 19:19:40', 1, 0, '2000-01-01 08:02:00', 2177, 1, NULL);

INSERT INTO `meeting_programs` (`id`, `event_order`, `category_type_id`, `gender_type_id`, `user_id`, `created_at`, `updated_at`, `is_autofilled`, `is_out_of_race`, `begin_time`, `meeting_event_id`, `pool_type_id`, `time_standard_id`)
VALUES (6889, 109, 701, 1, 1, '2014-11-17 19:19:40', '2014-11-17 19:19:40', 1, 0, '2000-01-01 08:02:00', 2177, 1, NULL);

INSERT INTO `meeting_programs` (`id`, `event_order`, `category_type_id`, `gender_type_id`, `user_id`, `created_at`, `updated_at`, `is_autofilled`, `is_out_of_race`, `begin_time`, `meeting_event_id`, `pool_type_id`, `time_standard_id`)
VALUES (6890, 110, 702, 1, 1, '2014-11-17 19:19:40', '2014-11-17 19:19:40', 1, 0, '2000-01-01 08:02:00', 2177, 1, NULL);

INSERT INTO `meeting_programs` (`id`, `event_order`, `category_type_id`, `gender_type_id`, `user_id`, `created_at`, `updated_at`, `is_autofilled`, `is_out_of_race`, `begin_time`, `meeting_event_id`, `pool_type_id`, `time_standard_id`)
VALUES (6891, 111, 705, 1, 1, '2014-11-17 19:19:40', '2014-11-17 19:19:40', 1, 0, '2000-01-01 08:02:00', 2177, 1, NULL);

INSERT INTO `meeting_events` (`id`, `created_at`, `updated_at`, `event_order`, `begin_time`, `is_out_of_race`, `is_autofilled`, `notes`, `meeting_session_id`, `event_type_id`, `heat_type_id`, `user_id`)
VALUES (2178, '2014-11-17 19:19:40', '2014-11-17 19:19:40', 1, '2000-01-01 08:02:00', 0, 1, NULL, 372, 19, 3, NULL);

INSERT INTO `meeting_programs` (`id`, `event_order`, `category_type_id`, `gender_type_id`, `user_id`, `created_at`, `updated_at`, `is_autofilled`, `is_out_of_race`, `begin_time`, `meeting_event_id`, `pool_type_id`, `time_standard_id`)
VALUES (6892, 112, 694, 2, 1, '2014-11-17 19:19:40', '2014-11-17 19:19:40', 1, 0, '2000-01-01 08:02:00', 2178, 1, NULL);

INSERT INTO `meeting_programs` (`id`, `event_order`, `category_type_id`, `gender_type_id`, `user_id`, `created_at`, `updated_at`, `is_autofilled`, `is_out_of_race`, `begin_time`, `meeting_event_id`, `pool_type_id`, `time_standard_id`)
VALUES (6893, 113, 695, 2, 1, '2014-11-17 19:19:40', '2014-11-17 19:19:40', 1, 0, '2000-01-01 08:02:00', 2178, 1, NULL);

INSERT INTO `meeting_programs` (`id`, `event_order`, `category_type_id`, `gender_type_id`, `user_id`, `created_at`, `updated_at`, `is_autofilled`, `is_out_of_race`, `begin_time`, `meeting_event_id`, `pool_type_id`, `time_standard_id`)
VALUES (6894, 114, 696, 2, 1, '2014-11-17 19:19:40', '2014-11-17 19:19:40', 1, 0, '2000-01-01 08:02:00', 2178, 1, NULL);

INSERT INTO `meeting_programs` (`id`, `event_order`, `category_type_id`, `gender_type_id`, `user_id`, `created_at`, `updated_at`, `is_autofilled`, `is_out_of_race`, `begin_time`, `meeting_event_id`, `pool_type_id`, `time_standard_id`)
VALUES (6895, 115, 697, 2, 1, '2014-11-17 19:19:40', '2014-11-17 19:19:40', 1, 0, '2000-01-01 08:02:00', 2178, 1, NULL);

INSERT INTO `meeting_programs` (`id`, `event_order`, `category_type_id`, `gender_type_id`, `user_id`, `created_at`, `updated_at`, `is_autofilled`, `is_out_of_race`, `begin_time`, `meeting_event_id`, `pool_type_id`, `time_standard_id`)
VALUES (6896, 116, 698, 2, 1, '2014-11-17 19:19:40', '2014-11-17 19:19:40', 1, 0, '2000-01-01 08:02:00', 2178, 1, NULL);

INSERT INTO `meeting_programs` (`id`, `event_order`, `category_type_id`, `gender_type_id`, `user_id`, `created_at`, `updated_at`, `is_autofilled`, `is_out_of_race`, `begin_time`, `meeting_event_id`, `pool_type_id`, `time_standard_id`)
VALUES (6897, 117, 699, 2, 1, '2014-11-17 19:19:40', '2014-11-17 19:19:40', 1, 0, '2000-01-01 08:02:00', 2178, 1, NULL);

INSERT INTO `meeting_programs` (`id`, `event_order`, `category_type_id`, `gender_type_id`, `user_id`, `created_at`, `updated_at`, `is_autofilled`, `is_out_of_race`, `begin_time`, `meeting_event_id`, `pool_type_id`, `time_standard_id`)
VALUES (6898, 118, 700, 2, 1, '2014-11-17 19:19:40', '2014-11-17 19:19:40', 1, 0, '2000-01-01 08:02:00', 2178, 1, NULL);

INSERT INTO `meeting_programs` (`id`, `event_order`, `category_type_id`, `gender_type_id`, `user_id`, `created_at`, `updated_at`, `is_autofilled`, `is_out_of_race`, `begin_time`, `meeting_event_id`, `pool_type_id`, `time_standard_id`)
VALUES (6899, 119, 694, 1, 1, '2014-11-17 19:19:40', '2014-11-17 19:19:40', 1, 0, '2000-01-01 08:02:00', 2178, 1, NULL);

INSERT INTO `meeting_programs` (`id`, `event_order`, `category_type_id`, `gender_type_id`, `user_id`, `created_at`, `updated_at`, `is_autofilled`, `is_out_of_race`, `begin_time`, `meeting_event_id`, `pool_type_id`, `time_standard_id`)
VALUES (6900, 120, 695, 1, 1, '2014-11-17 19:19:41', '2014-11-17 19:19:41', 1, 0, '2000-01-01 08:02:00', 2178, 1, NULL);

INSERT INTO `meeting_programs` (`id`, `event_order`, `category_type_id`, `gender_type_id`, `user_id`, `created_at`, `updated_at`, `is_autofilled`, `is_out_of_race`, `begin_time`, `meeting_event_id`, `pool_type_id`, `time_standard_id`)
VALUES (6901, 121, 697, 1, 1, '2014-11-17 19:19:41', '2014-11-17 19:19:41', 1, 0, '2000-01-01 08:02:00', 2178, 1, NULL);

INSERT INTO `meeting_programs` (`id`, `event_order`, `category_type_id`, `gender_type_id`, `user_id`, `created_at`, `updated_at`, `is_autofilled`, `is_out_of_race`, `begin_time`, `meeting_event_id`, `pool_type_id`, `time_standard_id`)
VALUES (6902, 122, 698, 1, 1, '2014-11-17 19:19:41', '2014-11-17 19:19:41', 1, 0, '2000-01-01 08:02:00', 2178, 1, NULL);

INSERT INTO `meeting_programs` (`id`, `event_order`, `category_type_id`, `gender_type_id`, `user_id`, `created_at`, `updated_at`, `is_autofilled`, `is_out_of_race`, `begin_time`, `meeting_event_id`, `pool_type_id`, `time_standard_id`)
VALUES (6903, 123, 700, 1, 1, '2014-11-17 19:19:41', '2014-11-17 19:19:41', 1, 0, '2000-01-01 08:02:00', 2178, 1, NULL);

INSERT INTO `meeting_programs` (`id`, `event_order`, `category_type_id`, `gender_type_id`, `user_id`, `created_at`, `updated_at`, `is_autofilled`, `is_out_of_race`, `begin_time`, `meeting_event_id`, `pool_type_id`, `time_standard_id`)
VALUES (6904, 124, 693, 1, 1, '2014-11-17 19:19:41', '2014-11-17 19:19:41', 1, 0, '2000-01-01 08:02:00', 2178, 1, NULL);

INSERT INTO `meeting_events` (`id`, `created_at`, `updated_at`, `event_order`, `begin_time`, `is_out_of_race`, `is_autofilled`, `notes`, `meeting_session_id`, `event_type_id`, `heat_type_id`, `user_id`)
VALUES (2179, '2014-11-17 19:19:41', '2014-11-17 19:19:41', 1, '2000-01-01 08:02:00', 0, 1, NULL, 372, 2, 3, NULL);

INSERT INTO `meeting_programs` (`id`, `event_order`, `category_type_id`, `gender_type_id`, `user_id`, `created_at`, `updated_at`, `is_autofilled`, `is_out_of_race`, `begin_time`, `meeting_event_id`, `pool_type_id`, `time_standard_id`)
VALUES (6905, 125, 695, 2, 1, '2014-11-17 19:19:41', '2014-11-17 19:19:41', 1, 0, '2000-01-01 08:02:00', 2179, 1, NULL);

INSERT INTO `meeting_programs` (`id`, `event_order`, `category_type_id`, `gender_type_id`, `user_id`, `created_at`, `updated_at`, `is_autofilled`, `is_out_of_race`, `begin_time`, `meeting_event_id`, `pool_type_id`, `time_standard_id`)
VALUES (6906, 126, 696, 2, 1, '2014-11-17 19:19:41', '2014-11-17 19:19:41', 1, 0, '2000-01-01 08:02:00', 2179, 1, NULL);

INSERT INTO `meeting_programs` (`id`, `event_order`, `category_type_id`, `gender_type_id`, `user_id`, `created_at`, `updated_at`, `is_autofilled`, `is_out_of_race`, `begin_time`, `meeting_event_id`, `pool_type_id`, `time_standard_id`)
VALUES (6907, 127, 697, 2, 1, '2014-11-17 19:19:41', '2014-11-17 19:19:41', 1, 0, '2000-01-01 08:02:00', 2179, 1, NULL);

INSERT INTO `meeting_programs` (`id`, `event_order`, `category_type_id`, `gender_type_id`, `user_id`, `created_at`, `updated_at`, `is_autofilled`, `is_out_of_race`, `begin_time`, `meeting_event_id`, `pool_type_id`, `time_standard_id`)
VALUES (6908, 128, 698, 2, 1, '2014-11-17 19:19:41', '2014-11-17 19:19:41', 1, 0, '2000-01-01 08:02:00', 2179, 1, NULL);

INSERT INTO `meeting_programs` (`id`, `event_order`, `category_type_id`, `gender_type_id`, `user_id`, `created_at`, `updated_at`, `is_autofilled`, `is_out_of_race`, `begin_time`, `meeting_event_id`, `pool_type_id`, `time_standard_id`)
VALUES (6909, 129, 699, 2, 1, '2014-11-17 19:19:41', '2014-11-17 19:19:41', 1, 0, '2000-01-01 08:02:00', 2179, 1, NULL);

INSERT INTO `meeting_programs` (`id`, `event_order`, `category_type_id`, `gender_type_id`, `user_id`, `created_at`, `updated_at`, `is_autofilled`, `is_out_of_race`, `begin_time`, `meeting_event_id`, `pool_type_id`, `time_standard_id`)
VALUES (6910, 130, 700, 2, 1, '2014-11-17 19:19:41', '2014-11-17 19:19:41', 1, 0, '2000-01-01 08:02:00', 2179, 1, NULL);

INSERT INTO `meeting_programs` (`id`, `event_order`, `category_type_id`, `gender_type_id`, `user_id`, `created_at`, `updated_at`, `is_autofilled`, `is_out_of_race`, `begin_time`, `meeting_event_id`, `pool_type_id`, `time_standard_id`)
VALUES (6911, 131, 701, 2, 1, '2014-11-17 19:19:41', '2014-11-17 19:19:41', 1, 0, '2000-01-01 08:02:00', 2179, 1, NULL);

INSERT INTO `meeting_programs` (`id`, `event_order`, `category_type_id`, `gender_type_id`, `user_id`, `created_at`, `updated_at`, `is_autofilled`, `is_out_of_race`, `begin_time`, `meeting_event_id`, `pool_type_id`, `time_standard_id`)
VALUES (6912, 132, 703, 2, 1, '2014-11-17 19:19:41', '2014-11-17 19:19:41', 1, 0, '2000-01-01 08:02:00', 2179, 1, NULL);

INSERT INTO `meeting_programs` (`id`, `event_order`, `category_type_id`, `gender_type_id`, `user_id`, `created_at`, `updated_at`, `is_autofilled`, `is_out_of_race`, `begin_time`, `meeting_event_id`, `pool_type_id`, `time_standard_id`)
VALUES (6913, 133, 693, 2, 1, '2014-11-17 19:19:41', '2014-11-17 19:19:41', 1, 0, '2000-01-01 08:02:00', 2179, 1, NULL);

INSERT INTO `meeting_programs` (`id`, `event_order`, `category_type_id`, `gender_type_id`, `user_id`, `created_at`, `updated_at`, `is_autofilled`, `is_out_of_race`, `begin_time`, `meeting_event_id`, `pool_type_id`, `time_standard_id`)
VALUES (6914, 134, 694, 1, 1, '2014-11-17 19:19:41', '2014-11-17 19:19:41', 1, 0, '2000-01-01 08:02:00', 2179, 1, NULL);

INSERT INTO `meeting_programs` (`id`, `event_order`, `category_type_id`, `gender_type_id`, `user_id`, `created_at`, `updated_at`, `is_autofilled`, `is_out_of_race`, `begin_time`, `meeting_event_id`, `pool_type_id`, `time_standard_id`)
VALUES (6915, 135, 696, 1, 1, '2014-11-17 19:19:41', '2014-11-17 19:19:41', 1, 0, '2000-01-01 08:02:00', 2179, 1, NULL);

INSERT INTO `meeting_programs` (`id`, `event_order`, `category_type_id`, `gender_type_id`, `user_id`, `created_at`, `updated_at`, `is_autofilled`, `is_out_of_race`, `begin_time`, `meeting_event_id`, `pool_type_id`, `time_standard_id`)
VALUES (6916, 136, 697, 1, 1, '2014-11-17 19:19:41', '2014-11-17 19:19:41', 1, 0, '2000-01-01 08:02:00', 2179, 1, NULL);

INSERT INTO `meeting_programs` (`id`, `event_order`, `category_type_id`, `gender_type_id`, `user_id`, `created_at`, `updated_at`, `is_autofilled`, `is_out_of_race`, `begin_time`, `meeting_event_id`, `pool_type_id`, `time_standard_id`)
VALUES (6917, 137, 698, 1, 1, '2014-11-17 19:19:41', '2014-11-17 19:19:41', 1, 0, '2000-01-01 08:02:00', 2179, 1, NULL);

INSERT INTO `meeting_programs` (`id`, `event_order`, `category_type_id`, `gender_type_id`, `user_id`, `created_at`, `updated_at`, `is_autofilled`, `is_out_of_race`, `begin_time`, `meeting_event_id`, `pool_type_id`, `time_standard_id`)
VALUES (6918, 138, 699, 1, 1, '2014-11-17 19:19:42', '2014-11-17 19:19:42', 1, 0, '2000-01-01 08:02:00', 2179, 1, NULL);

INSERT INTO `meeting_programs` (`id`, `event_order`, `category_type_id`, `gender_type_id`, `user_id`, `created_at`, `updated_at`, `is_autofilled`, `is_out_of_race`, `begin_time`, `meeting_event_id`, `pool_type_id`, `time_standard_id`)
VALUES (6919, 139, 700, 1, 1, '2014-11-17 19:19:42', '2014-11-17 19:19:42', 1, 0, '2000-01-01 08:02:00', 2179, 1, NULL);

INSERT INTO `meeting_programs` (`id`, `event_order`, `category_type_id`, `gender_type_id`, `user_id`, `created_at`, `updated_at`, `is_autofilled`, `is_out_of_race`, `begin_time`, `meeting_event_id`, `pool_type_id`, `time_standard_id`)
VALUES (6920, 140, 702, 1, 1, '2014-11-17 19:19:42', '2014-11-17 19:19:42', 1, 0, '2000-01-01 08:02:00', 2179, 1, NULL);

INSERT INTO `meeting_programs` (`id`, `event_order`, `category_type_id`, `gender_type_id`, `user_id`, `created_at`, `updated_at`, `is_autofilled`, `is_out_of_race`, `begin_time`, `meeting_event_id`, `pool_type_id`, `time_standard_id`)
VALUES (6921, 141, 703, 1, 1, '2014-11-17 19:19:42', '2014-11-17 19:19:42', 1, 0, '2000-01-01 08:02:00', 2179, 1, NULL);

INSERT INTO `meeting_programs` (`id`, `event_order`, `category_type_id`, `gender_type_id`, `user_id`, `created_at`, `updated_at`, `is_autofilled`, `is_out_of_race`, `begin_time`, `meeting_event_id`, `pool_type_id`, `time_standard_id`)
VALUES (6922, 142, 693, 1, 1, '2014-11-17 19:19:42', '2014-11-17 19:19:42', 1, 0, '2000-01-01 08:02:00', 2179, 1, NULL);

INSERT INTO `teams` (`id`, `name`, `editable_name`, `address`, `zip`, `phone_mobile`, `phone_number`, `fax_number`, `e_mail`, `contact_name`, `notes`, `name_variations`, `city_id`, `user_id`, `created_at`, `updated_at`, `home_page_url`)
VALUES (279, 'AMATORI N SAVONA SC', 'AMATORI N SAVONA SC', NULL, NULL, NULL, NULL, NULL, NULL, NULL, NULL, 'AMATORI N SAVONA SC', NULL, 1, '2014-11-17 19:19:42', '2014-11-17 19:19:42', NULL);

INSERT INTO `team_affiliations` (`id`, `number`, `name`, `must_calculate_goggle_cup`, `team_id`, `season_id`, `user_id`, `created_at`, `updated_at`, `is_autofilled`)
VALUES (476, NULL, 'AMATORI N SAVONA SC', 0, 279, 132, 1, '2014-11-17 19:19:42', '2014-11-17 19:19:42', 1);

INSERT INTO `teams` (`id`, `name`, `editable_name`, `address`, `zip`, `phone_mobile`, `phone_number`, `fax_number`, `e_mail`, `contact_name`, `notes`, `name_variations`, `city_id`, `user_id`, `created_at`, `updated_at`, `home_page_url`)
VALUES (280, 'CHIAVARI N.', 'CHIAVARI N.', NULL, NULL, NULL, NULL, NULL, NULL, NULL, NULL, 'CHIAVARI N.', NULL, 1, '2014-11-17 19:19:42', '2014-11-17 19:19:42', NULL);

INSERT INTO `team_affiliations` (`id`, `number`, `name`, `must_calculate_goggle_cup`, `team_id`, `season_id`, `user_id`, `created_at`, `updated_at`, `is_autofilled`)
VALUES (477, NULL, 'CHIAVARI N.', 0, 280, 132, 1, '2014-11-17 19:19:42', '2014-11-17 19:19:42', 1);

INSERT INTO `teams` (`id`, `name`, `editable_name`, `address`, `zip`, `phone_mobile`, `phone_number`, `fax_number`, `e_mail`, `contact_name`, `notes`, `name_variations`, `city_id`, `user_id`, `created_at`, `updated_at`, `home_page_url`)
VALUES (281, 'CSRGRANDA SSD', 'CSRGRANDA SSD', NULL, NULL, NULL, NULL, NULL, NULL, NULL, NULL, 'CSRGRANDA SSD', NULL, 1, '2014-11-17 19:19:42', '2014-11-17 19:19:42', NULL);

INSERT INTO `team_affiliations` (`id`, `number`, `name`, `must_calculate_goggle_cup`, `team_id`, `season_id`, `user_id`, `created_at`, `updated_at`, `is_autofilled`)
VALUES (478, NULL, 'CSRGRANDA SSD', 0, 281, 132, 1, '2014-11-17 19:19:42', '2014-11-17 19:19:42', 1);

INSERT INTO `teams` (`id`, `name`, `editable_name`, `address`, `zip`, `phone_mobile`, `phone_number`, `fax_number`, `e_mail`, `contact_name`, `notes`, `name_variations`, `city_id`, `user_id`, `created_at`, `updated_at`, `home_page_url`)
VALUES (282, 'DORIA NUOTO 2000 LO', 'DORIA NUOTO 2000 LO', NULL, NULL, NULL, NULL, NULL, NULL, NULL, NULL, 'DORIA NUOTO 2000 LO', NULL, 1, '2014-11-17 19:19:42', '2014-11-17 19:19:42', NULL);

INSERT INTO `team_affiliations` (`id`, `number`, `name`, `must_calculate_goggle_cup`, `team_id`, `season_id`, `user_id`, `created_at`, `updated_at`, `is_autofilled`)
VALUES (479, NULL, 'DORIA NUOTO 2000 LO', 0, 282, 132, 1, '2014-11-17 19:19:42', '2014-11-17 19:19:42', 1);

INSERT INTO `teams` (`id`, `name`, `editable_name`, `address`, `zip`, `phone_mobile`, `phone_number`, `fax_number`, `e_mail`, `contact_name`, `notes`, `name_variations`, `city_id`, `user_id`, `created_at`, `updated_at`, `home_page_url`)
VALUES (283, 'GRUPPO IN FORMA AS', 'GRUPPO IN FORMA AS', NULL, NULL, NULL, NULL, NULL, NULL, NULL, NULL, 'GRUPPO IN FORMA AS', NULL, 1, '2014-11-17 19:19:42', '2014-11-17 19:19:42', NULL);

INSERT INTO `team_affiliations` (`id`, `number`, `name`, `must_calculate_goggle_cup`, `team_id`, `season_id`, `user_id`, `created_at`, `updated_at`, `is_autofilled`)
VALUES (480, NULL, 'GRUPPO IN FORMA AS', 0, 283, 132, 1, '2014-11-17 19:19:42', '2014-11-17 19:19:42', 1);

INSERT INTO `teams` (`id`, `name`, `editable_name`, `address`, `zip`, `phone_mobile`, `phone_number`, `fax_number`, `e_mail`, `contact_name`, `notes`, `name_variations`, `city_id`, `user_id`, `created_at`, `updated_at`, `home_page_url`)
VALUES (284, 'ON SPORT VINOVO SSD', 'ON SPORT VINOVO SSD', NULL, NULL, NULL, NULL, NULL, NULL, NULL, NULL, 'ON SPORT VINOVO SSD', NULL, 1, '2014-11-17 19:19:42', '2014-11-17 19:19:42', NULL);

INSERT INTO `team_affiliations` (`id`, `number`, `name`, `must_calculate_goggle_cup`, `team_id`, `season_id`, `user_id`, `created_at`, `updated_at`, `is_autofilled`)
VALUES (481, NULL, 'ON SPORT VINOVO SSD', 0, 284, 132, 1, '2014-11-17 19:19:42', '2014-11-17 19:19:42', 1);

INSERT INTO `teams` (`id`, `name`, `editable_name`, `address`, `zip`, `phone_mobile`, `phone_number`, `fax_number`, `e_mail`, `contact_name`, `notes`, `name_variations`, `city_id`, `user_id`, `created_at`, `updated_at`, `home_page_url`)
VALUES (285, 'RARI NANTES SORI', 'RARI NANTES SORI', NULL, NULL, NULL, NULL, NULL, NULL, NULL, NULL, 'RARI NANTES SORI', NULL, 1, '2014-11-17 19:19:42', '2014-11-17 19:19:42', NULL);

INSERT INTO `team_affiliations` (`id`, `number`, `name`, `must_calculate_goggle_cup`, `team_id`, `season_id`, `user_id`, `created_at`, `updated_at`, `is_autofilled`)
VALUES (482, NULL, 'RARI NANTES SORI', 0, 285, 132, 1, '2014-11-17 19:19:42', '2014-11-17 19:19:42', 1);

INSERT INTO `teams` (`id`, `name`, `editable_name`, `address`, `zip`, `phone_mobile`, `phone_number`, `fax_number`, `e_mail`, `contact_name`, `notes`, `name_variations`, `city_id`, `user_id`, `created_at`, `updated_at`, `home_page_url`)
VALUES (286, 'RN ARENZANO', 'RN ARENZANO', NULL, NULL, NULL, NULL, NULL, NULL, NULL, NULL, 'RN ARENZANO', NULL, 1, '2014-11-17 19:19:42', '2014-11-17 19:19:42', NULL);

INSERT INTO `team_affiliations` (`id`, `number`, `name`, `must_calculate_goggle_cup`, `team_id`, `season_id`, `user_id`, `created_at`, `updated_at`, `is_autofilled`)
VALUES (483, NULL, 'RN ARENZANO', 0, 286, 132, 1, '2014-11-17 19:19:42', '2014-11-17 19:19:42', 1);

INSERT INTO `teams` (`id`, `name`, `editable_name`, `address`, `zip`, `phone_mobile`, `phone_number`, `fax_number`, `e_mail`, `contact_name`, `notes`, `name_variations`, `city_id`, `user_id`, `created_at`, `updated_at`, `home_page_url`)
VALUES (287, 'RN NOVARA ASD', 'RN NOVARA ASD', NULL, NULL, NULL, NULL, NULL, NULL, NULL, NULL, 'RN NOVARA ASD', NULL, 1, '2014-11-17 19:19:42', '2014-11-17 19:19:42', NULL);

INSERT INTO `team_affiliations` (`id`, `number`, `name`, `must_calculate_goggle_cup`, `team_id`, `season_id`, `user_id`, `created_at`, `updated_at`, `is_autofilled`)
VALUES (484, NULL, 'RN NOVARA ASD', 0, 287, 132, 1, '2014-11-17 19:19:42', '2014-11-17 19:19:42', 1);

INSERT INTO `teams` (`id`, `name`, `editable_name`, `address`, `zip`, `phone_mobile`, `phone_number`, `fax_number`, `e_mail`, `contact_name`, `notes`, `name_variations`, `city_id`, `user_id`, `created_at`, `updated_at`, `home_page_url`)
VALUES (288, 'SAFA 2000 SSD SRL', 'SAFA 2000 SSD SRL', NULL, NULL, NULL, NULL, NULL, NULL, NULL, NULL, 'SAFA 2000 SSD SRL', NULL, 1, '2014-11-17 19:19:42', '2014-11-17 19:19:42', NULL);

INSERT INTO `team_affiliations` (`id`, `number`, `name`, `must_calculate_goggle_cup`, `team_id`, `season_id`, `user_id`, `created_at`, `updated_at`, `is_autofilled`)
VALUES (485, NULL, 'SAFA 2000 SSD SRL', 0, 288, 132, 1, '2014-11-17 19:19:42', '2014-11-17 19:19:42', 1);

INSERT INTO `teams` (`id`, `name`, `editable_name`, `address`, `zip`, `phone_mobile`, `phone_number`, `fax_number`, `e_mail`, `contact_name`, `notes`, `name_variations`, `city_id`, `user_id`, `created_at`, `updated_at`, `home_page_url`)
VALUES (289, 'VIVISPORT POL.UISP', 'VIVISPORT POL.UISP', NULL, NULL, NULL, NULL, NULL, NULL, NULL, NULL, 'VIVISPORT POL.UISP', NULL, 1, '2014-11-17 19:19:42', '2014-11-17 19:19:42', NULL);

INSERT INTO `team_affiliations` (`id`, `number`, `name`, `must_calculate_goggle_cup`, `team_id`, `season_id`, `user_id`, `created_at`, `updated_at`, `is_autofilled`)
VALUES (486, NULL, 'VIVISPORT POL.UISP', 0, 289, 132, 1, '2014-11-17 19:19:42', '2014-11-17 19:19:42', 1);

INSERT INTO `swimmers` (`id`, `last_name`, `first_name`, `year_of_birth`, `phone_mobile`, `phone_number`, `e_mail`, `nickname`, `associated_user_id`, `gender_type_id`, `user_id`, `created_at`, `updated_at`, `complete_name`)
VALUES (4701, 'DEPETRO', 'BEATRICE', 1989, NULL, NULL, NULL, '', NULL, NULL, NULL, '2014-11-17 19:19:42', '2014-11-17 19:19:42', 'DEPETRO BEATRICE');

INSERT INTO `swimmers` (`id`, `last_name`, `first_name`, `year_of_birth`, `phone_mobile`, `phone_number`, `e_mail`, `nickname`, `associated_user_id`, `gender_type_id`, `user_id`, `created_at`, `updated_at`, `complete_name`)
VALUES (4702, 'BARAVALLE', 'SIMONA', 1980, NULL, NULL, NULL, '', NULL, NULL, NULL, '2014-11-17 19:19:42', '2014-11-17 19:19:42', 'BARAVALLE SIMONA');

INSERT INTO `swimmers` (`id`, `last_name`, `first_name`, `year_of_birth`, `phone_mobile`, `phone_number`, `e_mail`, `nickname`, `associated_user_id`, `gender_type_id`, `user_id`, `created_at`, `updated_at`, `complete_name`)
VALUES (4703, 'SCANDALETTI', 'CHIARA', 1971, NULL, NULL, NULL, '', NULL, NULL, NULL, '2014-11-17 19:19:42', '2014-11-17 19:19:42', 'SCANDALETTI CHIARA');

INSERT INTO `swimmers` (`id`, `last_name`, `first_name`, `year_of_birth`, `phone_mobile`, `phone_number`, `e_mail`, `nickname`, `associated_user_id`, `gender_type_id`, `user_id`, `created_at`, `updated_at`, `complete_name`)
VALUES (4704, 'ARNALDI', 'ALESSANDRA', 1969, NULL, NULL, NULL, '', NULL, NULL, NULL, '2014-11-17 19:19:42', '2014-11-17 19:19:42', 'ARNALDI ALESSANDRA');

INSERT INTO `swimmers` (`id`, `last_name`, `first_name`, `year_of_birth`, `phone_mobile`, `phone_number`, `e_mail`, `nickname`, `associated_user_id`, `gender_type_id`, `user_id`, `created_at`, `updated_at`, `complete_name`)
VALUES (4705, 'LUPO', 'ANDREA', 1983, NULL, NULL, NULL, '', NULL, NULL, NULL, '2014-11-17 19:19:42', '2014-11-17 19:19:42', 'LUPO ANDREA');

INSERT INTO `swimmers` (`id`, `last_name`, `first_name`, `year_of_birth`, `phone_mobile`, `phone_number`, `e_mail`, `nickname`, `associated_user_id`, `gender_type_id`, `user_id`, `created_at`, `updated_at`, `complete_name`)
VALUES (4706, 'GHIRARDI', 'ANDREA', 1978, NULL, NULL, NULL, '', NULL, NULL, NULL, '2014-11-17 19:19:42', '2014-11-17 19:19:42', 'GHIRARDI ANDREA');

INSERT INTO `swimmers` (`id`, `last_name`, `first_name`, `year_of_birth`, `phone_mobile`, `phone_number`, `e_mail`, `nickname`, `associated_user_id`, `gender_type_id`, `user_id`, `created_at`, `updated_at`, `complete_name`)
VALUES (4707, 'BONAZZI', 'LORENZO', 1972, NULL, NULL, NULL, '', NULL, NULL, NULL, '2014-11-17 19:19:42', '2014-11-17 19:19:42', 'BONAZZI LORENZO');

INSERT INTO `swimmers` (`id`, `last_name`, `first_name`, `year_of_birth`, `phone_mobile`, `phone_number`, `e_mail`, `nickname`, `associated_user_id`, `gender_type_id`, `user_id`, `created_at`, `updated_at`, `complete_name`)
VALUES (4708, 'BAROSI', 'FRANCESCO', 1970, NULL, NULL, NULL, '', NULL, NULL, NULL, '2014-11-17 19:19:42', '2014-11-17 19:19:42', 'BAROSI FRANCESCO');

INSERT INTO `swimmers` (`id`, `last_name`, `first_name`, `year_of_birth`, `phone_mobile`, `phone_number`, `e_mail`, `nickname`, `associated_user_id`, `gender_type_id`, `user_id`, `created_at`, `updated_at`, `complete_name`)
VALUES (4709, 'LANZA', 'MATTEO', 1991, NULL, NULL, NULL, '', NULL, NULL, NULL, '2014-11-17 19:19:42', '2014-11-17 19:19:42', 'LANZA MATTEO');

INSERT INTO `swimmers` (`id`, `last_name`, `first_name`, `year_of_birth`, `phone_mobile`, `phone_number`, `e_mail`, `nickname`, `associated_user_id`, `gender_type_id`, `user_id`, `created_at`, `updated_at`, `complete_name`)
VALUES (4710, 'VELLA', 'FRANCESCA', 1994, NULL, NULL, NULL, '', NULL, NULL, NULL, '2014-11-17 19:19:42', '2014-11-17 19:19:42', 'VELLA FRANCESCA');

INSERT INTO `swimmers` (`id`, `last_name`, `first_name`, `year_of_birth`, `phone_mobile`, `phone_number`, `e_mail`, `nickname`, `associated_user_id`, `gender_type_id`, `user_id`, `created_at`, `updated_at`, `complete_name`)
VALUES (4711, 'CAMONI', 'ANTONIO', 1963, NULL, NULL, NULL, '', NULL, NULL, NULL, '2014-11-17 19:19:42', '2014-11-17 19:19:42', 'CAMONI ANTONIO');

INSERT INTO `swimmers` (`id`, `last_name`, `first_name`, `year_of_birth`, `phone_mobile`, `phone_number`, `e_mail`, `nickname`, `associated_user_id`, `gender_type_id`, `user_id`, `created_at`, `updated_at`, `complete_name`)
VALUES (4712, 'AMBROSI', 'PAOLA', 1966, NULL, NULL, NULL, '', NULL, NULL, NULL, '2014-11-17 19:19:42', '2014-11-17 19:19:42', 'AMBROSI PAOLA');

INSERT INTO `swimmers` (`id`, `last_name`, `first_name`, `year_of_birth`, `phone_mobile`, `phone_number`, `e_mail`, `nickname`, `associated_user_id`, `gender_type_id`, `user_id`, `created_at`, `updated_at`, `complete_name`)
VALUES (4713, 'BOLOGNA', 'ELEONORA', 1967, NULL, NULL, NULL, '', NULL, NULL, NULL, '2014-11-17 19:19:42', '2014-11-17 19:19:42', 'BOLOGNA ELEONORA');

INSERT INTO `swimmers` (`id`, `last_name`, `first_name`, `year_of_birth`, `phone_mobile`, `phone_number`, `e_mail`, `nickname`, `associated_user_id`, `gender_type_id`, `user_id`, `created_at`, `updated_at`, `complete_name`)
VALUES (4714, 'MAESTRINI', 'SILVIA', 1964, NULL, NULL, NULL, '', NULL, NULL, NULL, '2014-11-17 19:19:42', '2014-11-17 19:19:42', 'MAESTRINI SILVIA');

INSERT INTO `swimmers` (`id`, `last_name`, `first_name`, `year_of_birth`, `phone_mobile`, `phone_number`, `e_mail`, `nickname`, `associated_user_id`, `gender_type_id`, `user_id`, `created_at`, `updated_at`, `complete_name`)
VALUES (4715, 'MOLETTI', 'ENRICO', 1986, NULL, NULL, NULL, '', NULL, NULL, NULL, '2014-11-17 19:19:42', '2014-11-17 19:19:42', 'MOLETTI ENRICO');

INSERT INTO `swimmers` (`id`, `last_name`, `first_name`, `year_of_birth`, `phone_mobile`, `phone_number`, `e_mail`, `nickname`, `associated_user_id`, `gender_type_id`, `user_id`, `created_at`, `updated_at`, `complete_name`)
VALUES (4716, 'ARCELLI', 'GUGLIELMO', 1985, NULL, NULL, NULL, '', NULL, NULL, NULL, '2014-11-17 19:19:42', '2014-11-17 19:19:42', 'ARCELLI GUGLIELMO');

INSERT INTO `swimmers` (`id`, `last_name`, `first_name`, `year_of_birth`, `phone_mobile`, `phone_number`, `e_mail`, `nickname`, `associated_user_id`, `gender_type_id`, `user_id`, `created_at`, `updated_at`, `complete_name`)
VALUES (4717, 'PAONESSA', 'FRANCESCO GIUSEPPE', 1980, NULL, NULL, NULL, '', NULL, NULL, NULL, '2014-11-17 19:19:42', '2014-11-17 19:19:42', 'PAONESSA FRANCESCO GIUSEPPE');

INSERT INTO `swimmers` (`id`, `last_name`, `first_name`, `year_of_birth`, `phone_mobile`, `phone_number`, `e_mail`, `nickname`, `associated_user_id`, `gender_type_id`, `user_id`, `created_at`, `updated_at`, `complete_name`)
VALUES (4718, 'VERGARI', 'DIEGO', 1978, NULL, NULL, NULL, '', NULL, NULL, NULL, '2014-11-17 19:19:42', '2014-11-17 19:19:42', 'VERGARI DIEGO');

INSERT INTO `swimmers` (`id`, `last_name`, `first_name`, `year_of_birth`, `phone_mobile`, `phone_number`, `e_mail`, `nickname`, `associated_user_id`, `gender_type_id`, `user_id`, `created_at`, `updated_at`, `complete_name`)
VALUES (4719, 'PASTORINO', 'MATTIA', 1978, NULL, NULL, NULL, '', NULL, NULL, NULL, '2014-11-17 19:19:42', '2014-11-17 19:19:42', 'PASTORINO MATTIA');

INSERT INTO `swimmers` (`id`, `last_name`, `first_name`, `year_of_birth`, `phone_mobile`, `phone_number`, `e_mail`, `nickname`, `associated_user_id`, `gender_type_id`, `user_id`, `created_at`, `updated_at`, `complete_name`)
VALUES (4720, 'DE NARDO', 'MAURIZIO', 1958, NULL, NULL, NULL, '', NULL, NULL, NULL, '2014-11-17 19:19:42', '2014-11-17 19:19:42', 'DE NARDO MAURIZIO');

INSERT INTO `swimmers` (`id`, `last_name`, `first_name`, `year_of_birth`, `phone_mobile`, `phone_number`, `e_mail`, `nickname`, `associated_user_id`, `gender_type_id`, `user_id`, `created_at`, `updated_at`, `complete_name`)
VALUES (4721, 'RISSONE', 'ELIOS', 1934, NULL, NULL, NULL, '', NULL, NULL, NULL, '2014-11-17 19:19:43', '2014-11-17 19:19:43', 'RISSONE ELIOS');

INSERT INTO `swimmers` (`id`, `last_name`, `first_name`, `year_of_birth`, `phone_mobile`, `phone_number`, `e_mail`, `nickname`, `associated_user_id`, `gender_type_id`, `user_id`, `created_at`, `updated_at`, `complete_name`)
VALUES (4722, 'GATTI', 'LUCIA', 1985, NULL, NULL, NULL, '', NULL, NULL, NULL, '2014-11-17 19:19:43', '2014-11-17 19:19:43', 'GATTI LUCIA');

INSERT INTO `swimmers` (`id`, `last_name`, `first_name`, `year_of_birth`, `phone_mobile`, `phone_number`, `e_mail`, `nickname`, `associated_user_id`, `gender_type_id`, `user_id`, `created_at`, `updated_at`, `complete_name`)
VALUES (4723, 'MARENGO', 'CHIARA', 1983, NULL, NULL, NULL, '', NULL, NULL, NULL, '2014-11-17 19:19:43', '2014-11-17 19:19:43', 'MARENGO CHIARA');

INSERT INTO `swimmers` (`id`, `last_name`, `first_name`, `year_of_birth`, `phone_mobile`, `phone_number`, `e_mail`, `nickname`, `associated_user_id`, `gender_type_id`, `user_id`, `created_at`, `updated_at`, `complete_name`)
VALUES (4724, 'TASSINARI', 'CHIARA', 1983, NULL, NULL, NULL, '', NULL, NULL, NULL, '2014-11-17 19:19:43', '2014-11-17 19:19:43', 'TASSINARI CHIARA');

INSERT INTO `swimmers` (`id`, `last_name`, `first_name`, `year_of_birth`, `phone_mobile`, `phone_number`, `e_mail`, `nickname`, `associated_user_id`, `gender_type_id`, `user_id`, `created_at`, `updated_at`, `complete_name`)
VALUES (4725, 'BOUROVA', 'OLESYA', 1979, NULL, NULL, NULL, '', NULL, NULL, NULL, '2014-11-17 19:19:43', '2014-11-17 19:19:43', 'BOUROVA OLESYA');

INSERT INTO `swimmers` (`id`, `last_name`, `first_name`, `year_of_birth`, `phone_mobile`, `phone_number`, `e_mail`, `nickname`, `associated_user_id`, `gender_type_id`, `user_id`, `created_at`, `updated_at`, `complete_name`)
VALUES (4726, 'MIGLIORINI', 'FRANCESCA', 1978, NULL, NULL, NULL, '', NULL, NULL, NULL, '2014-11-17 19:19:43', '2014-11-17 19:19:43', 'MIGLIORINI FRANCESCA');

INSERT INTO `swimmers` (`id`, `last_name`, `first_name`, `year_of_birth`, `phone_mobile`, `phone_number`, `e_mail`, `nickname`, `associated_user_id`, `gender_type_id`, `user_id`, `created_at`, `updated_at`, `complete_name`)
VALUES (4727, 'LAZZARO', 'DEBORA', 1969, NULL, NULL, NULL, '', NULL, NULL, NULL, '2014-11-17 19:19:43', '2014-11-17 19:19:43', 'LAZZARO DEBORA');

INSERT INTO `swimmers` (`id`, `last_name`, `first_name`, `year_of_birth`, `phone_mobile`, `phone_number`, `e_mail`, `nickname`, `associated_user_id`, `gender_type_id`, `user_id`, `created_at`, `updated_at`, `complete_name`)
VALUES (4728, 'MONTOBBIO', 'CRISTIANA', 1965, NULL, NULL, NULL, '', NULL, NULL, NULL, '2014-11-17 19:19:43', '2014-11-17 19:19:43', 'MONTOBBIO CRISTIANA');

INSERT INTO `swimmers` (`id`, `last_name`, `first_name`, `year_of_birth`, `phone_mobile`, `phone_number`, `e_mail`, `nickname`, `associated_user_id`, `gender_type_id`, `user_id`, `created_at`, `updated_at`, `complete_name`)
VALUES (4729, 'ZUNINO', 'PAOLO', 1986, NULL, NULL, NULL, '', NULL, NULL, NULL, '2014-11-17 19:19:43', '2014-11-17 19:19:43', 'ZUNINO PAOLO');

INSERT INTO `swimmers` (`id`, `last_name`, `first_name`, `year_of_birth`, `phone_mobile`, `phone_number`, `e_mail`, `nickname`, `associated_user_id`, `gender_type_id`, `user_id`, `created_at`, `updated_at`, `complete_name`)
VALUES (4730, 'MAGANI', 'MASSIMO', 1985, NULL, NULL, NULL, '', NULL, NULL, NULL, '2014-11-17 19:19:43', '2014-11-17 19:19:43', 'MAGANI MASSIMO');

INSERT INTO `swimmers` (`id`, `last_name`, `first_name`, `year_of_birth`, `phone_mobile`, `phone_number`, `e_mail`, `nickname`, `associated_user_id`, `gender_type_id`, `user_id`, `created_at`, `updated_at`, `complete_name`)
VALUES (4731, 'ADORNATO', 'ALBERTO', 1981, NULL, NULL, NULL, '', NULL, NULL, NULL, '2014-11-17 19:19:43', '2014-11-17 19:19:43', 'ADORNATO ALBERTO');

INSERT INTO `swimmers` (`id`, `last_name`, `first_name`, `year_of_birth`, `phone_mobile`, `phone_number`, `e_mail`, `nickname`, `associated_user_id`, `gender_type_id`, `user_id`, `created_at`, `updated_at`, `complete_name`)
VALUES (4732, 'CHIESA', 'MAURO', 1981, NULL, NULL, NULL, '', NULL, NULL, NULL, '2014-11-17 19:19:43', '2014-11-17 19:19:43', 'CHIESA MAURO');

INSERT INTO `swimmers` (`id`, `last_name`, `first_name`, `year_of_birth`, `phone_mobile`, `phone_number`, `e_mail`, `nickname`, `associated_user_id`, `gender_type_id`, `user_id`, `created_at`, `updated_at`, `complete_name`)
VALUES (4733, 'MASTRIZZI', 'RICCARDO', 1982, NULL, NULL, NULL, '', NULL, NULL, NULL, '2014-11-17 19:19:43', '2014-11-17 19:19:43', 'MASTRIZZI RICCARDO');

INSERT INTO `swimmers` (`id`, `last_name`, `first_name`, `year_of_birth`, `phone_mobile`, `phone_number`, `e_mail`, `nickname`, `associated_user_id`, `gender_type_id`, `user_id`, `created_at`, `updated_at`, `complete_name`)
VALUES (4734, 'BORLANDO', 'GIOVANNI', 1976, NULL, NULL, NULL, '', NULL, NULL, NULL, '2014-11-17 19:19:43', '2014-11-17 19:19:43', 'BORLANDO GIOVANNI');

INSERT INTO `swimmers` (`id`, `last_name`, `first_name`, `year_of_birth`, `phone_mobile`, `phone_number`, `e_mail`, `nickname`, `associated_user_id`, `gender_type_id`, `user_id`, `created_at`, `updated_at`, `complete_name`)
VALUES (4735, 'PANERO', 'DANIELE', 1979, NULL, NULL, NULL, '', NULL, NULL, NULL, '2014-11-17 19:19:43', '2014-11-17 19:19:43', 'PANERO DANIELE');

INSERT INTO `swimmers` (`id`, `last_name`, `first_name`, `year_of_birth`, `phone_mobile`, `phone_number`, `e_mail`, `nickname`, `associated_user_id`, `gender_type_id`, `user_id`, `created_at`, `updated_at`, `complete_name`)
VALUES (4736, 'CALCAGNO', 'DANIELE', 1979, NULL, NULL, NULL, '', NULL, NULL, NULL, '2014-11-17 19:19:43', '2014-11-17 19:19:43', 'CALCAGNO DANIELE');

INSERT INTO `swimmers` (`id`, `last_name`, `first_name`, `year_of_birth`, `phone_mobile`, `phone_number`, `e_mail`, `nickname`, `associated_user_id`, `gender_type_id`, `user_id`, `created_at`, `updated_at`, `complete_name`)
VALUES (4737, 'OTTONELLO', 'MIRKO', 1975, NULL, NULL, NULL, '', NULL, NULL, NULL, '2014-11-17 19:19:43', '2014-11-17 19:19:43', 'OTTONELLO MIRKO');

INSERT INTO `swimmers` (`id`, `last_name`, `first_name`, `year_of_birth`, `phone_mobile`, `phone_number`, `e_mail`, `nickname`, `associated_user_id`, `gender_type_id`, `user_id`, `created_at`, `updated_at`, `complete_name`)
VALUES (4738, 'BOERO', 'MARCO', 1975, NULL, NULL, NULL, '', NULL, NULL, NULL, '2014-11-17 19:19:43', '2014-11-17 19:19:43', 'BOERO MARCO');

INSERT INTO `swimmers` (`id`, `last_name`, `first_name`, `year_of_birth`, `phone_mobile`, `phone_number`, `e_mail`, `nickname`, `associated_user_id`, `gender_type_id`, `user_id`, `created_at`, `updated_at`, `complete_name`)
VALUES (4739, 'SCHENONE', 'FABIO', 1976, NULL, NULL, NULL, '', NULL, NULL, NULL, '2014-11-17 19:19:43', '2014-11-17 19:19:43', 'SCHENONE FABIO');

INSERT INTO `swimmers` (`id`, `last_name`, `first_name`, `year_of_birth`, `phone_mobile`, `phone_number`, `e_mail`, `nickname`, `associated_user_id`, `gender_type_id`, `user_id`, `created_at`, `updated_at`, `complete_name`)
VALUES (4740, 'PELLEGRINI', 'MICHELE', 1972, NULL, NULL, NULL, '', NULL, NULL, NULL, '2014-11-17 19:19:43', '2014-11-17 19:19:43', 'PELLEGRINI MICHELE');

INSERT INTO `swimmers` (`id`, `last_name`, `first_name`, `year_of_birth`, `phone_mobile`, `phone_number`, `e_mail`, `nickname`, `associated_user_id`, `gender_type_id`, `user_id`, `created_at`, `updated_at`, `complete_name`)
VALUES (4741, 'EREMITA', 'BRUNO', 1970, NULL, NULL, NULL, '', NULL, NULL, NULL, '2014-11-17 19:19:43', '2014-11-17 19:19:43', 'EREMITA BRUNO');

INSERT INTO `swimmers` (`id`, `last_name`, `first_name`, `year_of_birth`, `phone_mobile`, `phone_number`, `e_mail`, `nickname`, `associated_user_id`, `gender_type_id`, `user_id`, `created_at`, `updated_at`, `complete_name`)
VALUES (4742, 'VITTA', 'MASSIMO', 1971, NULL, NULL, NULL, '', NULL, NULL, NULL, '2014-11-17 19:19:43', '2014-11-17 19:19:43', 'VITTA MASSIMO');

INSERT INTO `swimmers` (`id`, `last_name`, `first_name`, `year_of_birth`, `phone_mobile`, `phone_number`, `e_mail`, `nickname`, `associated_user_id`, `gender_type_id`, `user_id`, `created_at`, `updated_at`, `complete_name`)
VALUES (4743, 'CERRO', 'GIUSEPPE', 1972, NULL, NULL, NULL, '', NULL, NULL, NULL, '2014-11-17 19:19:43', '2014-11-17 19:19:43', 'CERRO GIUSEPPE');

INSERT INTO `swimmers` (`id`, `last_name`, `first_name`, `year_of_birth`, `phone_mobile`, `phone_number`, `e_mail`, `nickname`, `associated_user_id`, `gender_type_id`, `user_id`, `created_at`, `updated_at`, `complete_name`)
VALUES (4744, 'ANCARANI', 'ENRICO', 1969, NULL, NULL, NULL, '', NULL, NULL, NULL, '2014-11-17 19:19:43', '2014-11-17 19:19:43', 'ANCARANI ENRICO');

INSERT INTO `swimmers` (`id`, `last_name`, `first_name`, `year_of_birth`, `phone_mobile`, `phone_number`, `e_mail`, `nickname`, `associated_user_id`, `gender_type_id`, `user_id`, `created_at`, `updated_at`, `complete_name`)
VALUES (4745, 'BOESGAARD', 'VALDEMAR', 1965, NULL, NULL, NULL, '', NULL, NULL, NULL, '2014-11-17 19:19:43', '2014-11-17 19:19:43', 'BOESGAARD VALDEMAR');

INSERT INTO `swimmers` (`id`, `last_name`, `first_name`, `year_of_birth`, `phone_mobile`, `phone_number`, `e_mail`, `nickname`, `associated_user_id`, `gender_type_id`, `user_id`, `created_at`, `updated_at`, `complete_name`)
VALUES (4746, 'VILLA', 'FABRIZIO', 1967, NULL, NULL, NULL, '', NULL, NULL, NULL, '2014-11-17 19:19:43', '2014-11-17 19:19:43', 'VILLA FABRIZIO');

INSERT INTO `swimmers` (`id`, `last_name`, `first_name`, `year_of_birth`, `phone_mobile`, `phone_number`, `e_mail`, `nickname`, `associated_user_id`, `gender_type_id`, `user_id`, `created_at`, `updated_at`, `complete_name`)
VALUES (4747, 'MARCHESE', 'MARIO', 1967, NULL, NULL, NULL, '', NULL, NULL, NULL, '2014-11-17 19:19:43', '2014-11-17 19:19:43', 'MARCHESE MARIO');

INSERT INTO `swimmers` (`id`, `last_name`, `first_name`, `year_of_birth`, `phone_mobile`, `phone_number`, `e_mail`, `nickname`, `associated_user_id`, `gender_type_id`, `user_id`, `created_at`, `updated_at`, `complete_name`)
VALUES (4748, 'MONTANESI', 'WALTER', 1966, NULL, NULL, NULL, '', NULL, NULL, NULL, '2014-11-17 19:19:43', '2014-11-17 19:19:43', 'MONTANESI WALTER');

INSERT INTO `swimmers` (`id`, `last_name`, `first_name`, `year_of_birth`, `phone_mobile`, `phone_number`, `e_mail`, `nickname`, `associated_user_id`, `gender_type_id`, `user_id`, `created_at`, `updated_at`, `complete_name`)
VALUES (4749, 'ARDAVANIS', 'KIMON', 1958, NULL, NULL, NULL, '', NULL, NULL, NULL, '2014-11-17 19:19:43', '2014-11-17 19:19:43', 'ARDAVANIS KIMON');

INSERT INTO `swimmers` (`id`, `last_name`, `first_name`, `year_of_birth`, `phone_mobile`, `phone_number`, `e_mail`, `nickname`, `associated_user_id`, `gender_type_id`, `user_id`, `created_at`, `updated_at`, `complete_name`)
VALUES (4750, 'LENA', 'ANDREA', 1959, NULL, NULL, NULL, '', NULL, NULL, NULL, '2014-11-17 19:19:43', '2014-11-17 19:19:43', 'LENA ANDREA');

INSERT INTO `swimmers` (`id`, `last_name`, `first_name`, `year_of_birth`, `phone_mobile`, `phone_number`, `e_mail`, `nickname`, `associated_user_id`, `gender_type_id`, `user_id`, `created_at`, `updated_at`, `complete_name`)
VALUES (4751, 'OLIVA', 'PIERO', 1943, NULL, NULL, NULL, '', NULL, NULL, NULL, '2014-11-17 19:19:43', '2014-11-17 19:19:43', 'OLIVA PIERO');

INSERT INTO `swimmers` (`id`, `last_name`, `first_name`, `year_of_birth`, `phone_mobile`, `phone_number`, `e_mail`, `nickname`, `associated_user_id`, `gender_type_id`, `user_id`, `created_at`, `updated_at`, `complete_name`)
VALUES (4752, 'VALLARINO', 'ANGELA', 1965, NULL, NULL, NULL, '', NULL, NULL, NULL, '2014-11-17 19:19:43', '2014-11-17 19:19:43', 'VALLARINO ANGELA');

INSERT INTO `swimmers` (`id`, `last_name`, `first_name`, `year_of_birth`, `phone_mobile`, `phone_number`, `e_mail`, `nickname`, `associated_user_id`, `gender_type_id`, `user_id`, `created_at`, `updated_at`, `complete_name`)
VALUES (4753, 'CIANCIOSI', 'PAOLA', 1966, NULL, NULL, NULL, '', NULL, NULL, NULL, '2014-11-17 19:19:43', '2014-11-17 19:19:43', 'CIANCIOSI PAOLA');

INSERT INTO `swimmers` (`id`, `last_name`, `first_name`, `year_of_birth`, `phone_mobile`, `phone_number`, `e_mail`, `nickname`, `associated_user_id`, `gender_type_id`, `user_id`, `created_at`, `updated_at`, `complete_name`)
VALUES (4754, 'NARDINI', 'RITA', 1963, NULL, NULL, NULL, '', NULL, NULL, NULL, '2014-11-17 19:19:43', '2014-11-17 19:19:43', 'NARDINI RITA');

INSERT INTO `swimmers` (`id`, `last_name`, `first_name`, `year_of_birth`, `phone_mobile`, `phone_number`, `e_mail`, `nickname`, `associated_user_id`, `gender_type_id`, `user_id`, `created_at`, `updated_at`, `complete_name`)
VALUES (4755, 'DE CAROLIS', 'RITA', 1940, NULL, NULL, NULL, '', NULL, NULL, NULL, '2014-11-17 19:19:43', '2014-11-17 19:19:43', 'DE CAROLIS RITA');

INSERT INTO `swimmers` (`id`, `last_name`, `first_name`, `year_of_birth`, `phone_mobile`, `phone_number`, `e_mail`, `nickname`, `associated_user_id`, `gender_type_id`, `user_id`, `created_at`, `updated_at`, `complete_name`)
VALUES (4756, 'SERRAINO', 'FRANCESCO', 1982, NULL, NULL, NULL, '', NULL, NULL, NULL, '2014-11-17 19:19:43', '2014-11-17 19:19:43', 'SERRAINO FRANCESCO');

INSERT INTO `swimmers` (`id`, `last_name`, `first_name`, `year_of_birth`, `phone_mobile`, `phone_number`, `e_mail`, `nickname`, `associated_user_id`, `gender_type_id`, `user_id`, `created_at`, `updated_at`, `complete_name`)
VALUES (4757, 'VALLARINO', 'DANILO', 1970, NULL, NULL, NULL, '', NULL, NULL, NULL, '2014-11-17 19:19:43', '2014-11-17 19:19:43', 'VALLARINO DANILO');

INSERT INTO `swimmers` (`id`, `last_name`, `first_name`, `year_of_birth`, `phone_mobile`, `phone_number`, `e_mail`, `nickname`, `associated_user_id`, `gender_type_id`, `user_id`, `created_at`, `updated_at`, `complete_name`)
VALUES (4758, 'PENNE', 'GIANLUCA', 1971, NULL, NULL, NULL, '', NULL, NULL, NULL, '2014-11-17 19:19:43', '2014-11-17 19:19:43', 'PENNE GIANLUCA');

INSERT INTO `swimmers` (`id`, `last_name`, `first_name`, `year_of_birth`, `phone_mobile`, `phone_number`, `e_mail`, `nickname`, `associated_user_id`, `gender_type_id`, `user_id`, `created_at`, `updated_at`, `complete_name`)
VALUES (4759, 'PICCARDO', 'GIUSEPPE', 1964, NULL, NULL, NULL, '', NULL, NULL, NULL, '2014-11-17 19:19:43', '2014-11-17 19:19:43', 'PICCARDO GIUSEPPE');

INSERT INTO `swimmers` (`id`, `last_name`, `first_name`, `year_of_birth`, `phone_mobile`, `phone_number`, `e_mail`, `nickname`, `associated_user_id`, `gender_type_id`, `user_id`, `created_at`, `updated_at`, `complete_name`)
VALUES (4760, 'PONTEPRINO', 'MAURO', 1960, NULL, NULL, NULL, '', NULL, NULL, NULL, '2014-11-17 19:19:43', '2014-11-17 19:19:43', 'PONTEPRINO MAURO');

INSERT INTO `swimmers` (`id`, `last_name`, `first_name`, `year_of_birth`, `phone_mobile`, `phone_number`, `e_mail`, `nickname`, `associated_user_id`, `gender_type_id`, `user_id`, `created_at`, `updated_at`, `complete_name`)
VALUES (4761, 'BOSCHETTI', 'ETTORE LUIGI', 1954, NULL, NULL, NULL, '', NULL, NULL, NULL, '2014-11-17 19:19:43', '2014-11-17 19:19:43', 'BOSCHETTI ETTORE LUIGI');

INSERT INTO `swimmers` (`id`, `last_name`, `first_name`, `year_of_birth`, `phone_mobile`, `phone_number`, `e_mail`, `nickname`, `associated_user_id`, `gender_type_id`, `user_id`, `created_at`, `updated_at`, `complete_name`)
VALUES (4762, 'FINOCCHIARO', 'CORRADO', 1951, NULL, NULL, NULL, '', NULL, NULL, NULL, '2014-11-17 19:19:43', '2014-11-17 19:19:43', 'FINOCCHIARO CORRADO');

INSERT INTO `swimmers` (`id`, `last_name`, `first_name`, `year_of_birth`, `phone_mobile`, `phone_number`, `e_mail`, `nickname`, `associated_user_id`, `gender_type_id`, `user_id`, `created_at`, `updated_at`, `complete_name`)
VALUES (4763, 'GIACHETTI', 'LAURA', 1969, NULL, NULL, NULL, '', NULL, NULL, NULL, '2014-11-17 19:19:43', '2014-11-17 19:19:43', 'GIACHETTI LAURA');

INSERT INTO `swimmers` (`id`, `last_name`, `first_name`, `year_of_birth`, `phone_mobile`, `phone_number`, `e_mail`, `nickname`, `associated_user_id`, `gender_type_id`, `user_id`, `created_at`, `updated_at`, `complete_name`)
VALUES (4764, 'PARENZAN', 'GIANLUCA', 1982, NULL, NULL, NULL, '', NULL, NULL, NULL, '2014-11-17 19:19:43', '2014-11-17 19:19:43', 'PARENZAN GIANLUCA');

INSERT INTO `swimmers` (`id`, `last_name`, `first_name`, `year_of_birth`, `phone_mobile`, `phone_number`, `e_mail`, `nickname`, `associated_user_id`, `gender_type_id`, `user_id`, `created_at`, `updated_at`, `complete_name`)
VALUES (4765, 'D`ANTONIO', 'MASSIMILIANO', 1981, NULL, NULL, NULL, '', NULL, NULL, NULL, '2014-11-17 19:19:43', '2014-11-17 19:19:43', 'D`ANTONIO MASSIMILIANO');

INSERT INTO `swimmers` (`id`, `last_name`, `first_name`, `year_of_birth`, `phone_mobile`, `phone_number`, `e_mail`, `nickname`, `associated_user_id`, `gender_type_id`, `user_id`, `created_at`, `updated_at`, `complete_name`)
VALUES (4766, 'PIOVESAN', 'IGOR', 1974, NULL, NULL, NULL, '', NULL, NULL, NULL, '2014-11-17 19:19:43', '2014-11-17 19:19:43', 'PIOVESAN IGOR');

INSERT INTO `swimmers` (`id`, `last_name`, `first_name`, `year_of_birth`, `phone_mobile`, `phone_number`, `e_mail`, `nickname`, `associated_user_id`, `gender_type_id`, `user_id`, `created_at`, `updated_at`, `complete_name`)
VALUES (4767, 'DE PASCALE', 'ROBERTO', 1970, NULL, NULL, NULL, '', NULL, NULL, NULL, '2014-11-17 19:19:43', '2014-11-17 19:19:43', 'DE PASCALE ROBERTO');

INSERT INTO `swimmers` (`id`, `last_name`, `first_name`, `year_of_birth`, `phone_mobile`, `phone_number`, `e_mail`, `nickname`, `associated_user_id`, `gender_type_id`, `user_id`, `created_at`, `updated_at`, `complete_name`)
VALUES (4768, 'CAVERO', 'MASSIMO', 1972, NULL, NULL, NULL, '', NULL, NULL, NULL, '2014-11-17 19:19:43', '2014-11-17 19:19:43', 'CAVERO MASSIMO');

INSERT INTO `swimmers` (`id`, `last_name`, `first_name`, `year_of_birth`, `phone_mobile`, `phone_number`, `e_mail`, `nickname`, `associated_user_id`, `gender_type_id`, `user_id`, `created_at`, `updated_at`, `complete_name`)
VALUES (4769, 'MARTINEZ', 'ALESSANDRO', 1972, NULL, NULL, NULL, '', NULL, NULL, NULL, '2014-11-17 19:19:43', '2014-11-17 19:19:43', 'MARTINEZ ALESSANDRO');

INSERT INTO `swimmers` (`id`, `last_name`, `first_name`, `year_of_birth`, `phone_mobile`, `phone_number`, `e_mail`, `nickname`, `associated_user_id`, `gender_type_id`, `user_id`, `created_at`, `updated_at`, `complete_name`)
VALUES (4770, 'CANEDI', 'PAOLO', 1965, NULL, NULL, NULL, '', NULL, NULL, NULL, '2014-11-17 19:19:43', '2014-11-17 19:19:43', 'CANEDI PAOLO');

INSERT INTO `swimmers` (`id`, `last_name`, `first_name`, `year_of_birth`, `phone_mobile`, `phone_number`, `e_mail`, `nickname`, `associated_user_id`, `gender_type_id`, `user_id`, `created_at`, `updated_at`, `complete_name`)
VALUES (4771, 'RINALDO', 'FABRIZIO', 1966, NULL, NULL, NULL, '', NULL, NULL, NULL, '2014-11-17 19:19:43', '2014-11-17 19:19:43', 'RINALDO FABRIZIO');

INSERT INTO `swimmers` (`id`, `last_name`, `first_name`, `year_of_birth`, `phone_mobile`, `phone_number`, `e_mail`, `nickname`, `associated_user_id`, `gender_type_id`, `user_id`, `created_at`, `updated_at`, `complete_name`)
VALUES (4772, 'VIANI', 'RAFFAELE', 1964, NULL, NULL, NULL, '', NULL, NULL, NULL, '2014-11-17 19:19:43', '2014-11-17 19:19:43', 'VIANI RAFFAELE');

INSERT INTO `swimmers` (`id`, `last_name`, `first_name`, `year_of_birth`, `phone_mobile`, `phone_number`, `e_mail`, `nickname`, `associated_user_id`, `gender_type_id`, `user_id`, `created_at`, `updated_at`, `complete_name`)
VALUES (4773, 'ORENGO', 'FERDINANDO', 1943, NULL, NULL, NULL, '', NULL, NULL, NULL, '2014-11-17 19:19:43', '2014-11-17 19:19:43', 'ORENGO FERDINANDO');

INSERT INTO `swimmers` (`id`, `last_name`, `first_name`, `year_of_birth`, `phone_mobile`, `phone_number`, `e_mail`, `nickname`, `associated_user_id`, `gender_type_id`, `user_id`, `created_at`, `updated_at`, `complete_name`)
VALUES (4774, 'FAMA`', 'ROBERTO', 1977, NULL, NULL, NULL, '', NULL, NULL, NULL, '2014-11-17 19:19:43', '2014-11-17 19:19:43', 'FAMA` ROBERTO');

INSERT INTO `swimmers` (`id`, `last_name`, `first_name`, `year_of_birth`, `phone_mobile`, `phone_number`, `e_mail`, `nickname`, `associated_user_id`, `gender_type_id`, `user_id`, `created_at`, `updated_at`, `complete_name`)
VALUES (4775, 'PUTTI', 'MARINA', 1960, NULL, NULL, NULL, '', NULL, NULL, NULL, '2014-11-17 19:19:43', '2014-11-17 19:19:43', 'PUTTI MARINA');

INSERT INTO `swimmers` (`id`, `last_name`, `first_name`, `year_of_birth`, `phone_mobile`, `phone_number`, `e_mail`, `nickname`, `associated_user_id`, `gender_type_id`, `user_id`, `created_at`, `updated_at`, `complete_name`)
VALUES (4776, 'MAGANI', 'DONATELLA', 1959, NULL, NULL, NULL, '', NULL, NULL, NULL, '2014-11-17 19:19:43', '2014-11-17 19:19:43', 'MAGANI DONATELLA');

INSERT INTO `swimmers` (`id`, `last_name`, `first_name`, `year_of_birth`, `phone_mobile`, `phone_number`, `e_mail`, `nickname`, `associated_user_id`, `gender_type_id`, `user_id`, `created_at`, `updated_at`, `complete_name`)
VALUES (4777, 'DELEHAYE', 'FIORELLA', 1958, NULL, NULL, NULL, '', NULL, NULL, NULL, '2014-11-17 19:19:43', '2014-11-17 19:19:43', 'DELEHAYE FIORELLA');

INSERT INTO `swimmers` (`id`, `last_name`, `first_name`, `year_of_birth`, `phone_mobile`, `phone_number`, `e_mail`, `nickname`, `associated_user_id`, `gender_type_id`, `user_id`, `created_at`, `updated_at`, `complete_name`)
VALUES (4778, 'LAZZARA', 'CLAUDIO', 1976, NULL, NULL, NULL, '', NULL, NULL, NULL, '2014-11-17 19:19:43', '2014-11-17 19:19:43', 'LAZZARA CLAUDIO');

INSERT INTO `swimmers` (`id`, `last_name`, `first_name`, `year_of_birth`, `phone_mobile`, `phone_number`, `e_mail`, `nickname`, `associated_user_id`, `gender_type_id`, `user_id`, `created_at`, `updated_at`, `complete_name`)
VALUES (4779, 'PONS', 'GIAMPIERO', 1949, NULL, NULL, NULL, '', NULL, NULL, NULL, '2014-11-17 19:19:43', '2014-11-17 19:19:43', 'PONS GIAMPIERO');

INSERT INTO `swimmers` (`id`, `last_name`, `first_name`, `year_of_birth`, `phone_mobile`, `phone_number`, `e_mail`, `nickname`, `associated_user_id`, `gender_type_id`, `user_id`, `created_at`, `updated_at`, `complete_name`)
VALUES (4780, 'SURIANO', 'MARTINA', 1984, NULL, NULL, NULL, '', NULL, NULL, NULL, '2014-11-17 19:19:43', '2014-11-17 19:19:43', 'SURIANO MARTINA');

INSERT INTO `swimmers` (`id`, `last_name`, `first_name`, `year_of_birth`, `phone_mobile`, `phone_number`, `e_mail`, `nickname`, `associated_user_id`, `gender_type_id`, `user_id`, `created_at`, `updated_at`, `complete_name`)
VALUES (4781, 'LABO`', 'BEATRICE', 1983, NULL, NULL, NULL, '', NULL, NULL, NULL, '2014-11-17 19:19:43', '2014-11-17 19:19:43', 'LABO` BEATRICE');

INSERT INTO `swimmers` (`id`, `last_name`, `first_name`, `year_of_birth`, `phone_mobile`, `phone_number`, `e_mail`, `nickname`, `associated_user_id`, `gender_type_id`, `user_id`, `created_at`, `updated_at`, `complete_name`)
VALUES (4782, 'FARNETANO', 'MARIA GIUSEPPINA', 1974, NULL, NULL, NULL, '', NULL, NULL, NULL, '2014-11-17 19:19:43', '2014-11-17 19:19:43', 'FARNETANO MARIA GIUSEPPINA');

INSERT INTO `swimmers` (`id`, `last_name`, `first_name`, `year_of_birth`, `phone_mobile`, `phone_number`, `e_mail`, `nickname`, `associated_user_id`, `gender_type_id`, `user_id`, `created_at`, `updated_at`, `complete_name`)
VALUES (4783, 'BOUROVA', 'VLADA', 1969, NULL, NULL, NULL, '', NULL, NULL, NULL, '2014-11-17 19:19:43', '2014-11-17 19:19:43', 'BOUROVA VLADA');

INSERT INTO `swimmers` (`id`, `last_name`, `first_name`, `year_of_birth`, `phone_mobile`, `phone_number`, `e_mail`, `nickname`, `associated_user_id`, `gender_type_id`, `user_id`, `created_at`, `updated_at`, `complete_name`)
VALUES (4784, 'GIVANNI', 'TULLIA', 1961, NULL, NULL, NULL, '', NULL, NULL, NULL, '2014-11-17 19:19:43', '2014-11-17 19:19:43', 'GIVANNI TULLIA');

INSERT INTO `swimmers` (`id`, `last_name`, `first_name`, `year_of_birth`, `phone_mobile`, `phone_number`, `e_mail`, `nickname`, `associated_user_id`, `gender_type_id`, `user_id`, `created_at`, `updated_at`, `complete_name`)
VALUES (4785, 'CASAZZA', 'DAVIDE', 1988, NULL, NULL, NULL, '', NULL, NULL, NULL, '2014-11-17 19:19:43', '2014-11-17 19:19:43', 'CASAZZA DAVIDE');

INSERT INTO `swimmers` (`id`, `last_name`, `first_name`, `year_of_birth`, `phone_mobile`, `phone_number`, `e_mail`, `nickname`, `associated_user_id`, `gender_type_id`, `user_id`, `created_at`, `updated_at`, `complete_name`)
VALUES (4786, 'CORNETTO', 'GIULIO', 1973, NULL, NULL, NULL, '', NULL, NULL, NULL, '2014-11-17 19:19:43', '2014-11-17 19:19:43', 'CORNETTO GIULIO');

INSERT INTO `swimmers` (`id`, `last_name`, `first_name`, `year_of_birth`, `phone_mobile`, `phone_number`, `e_mail`, `nickname`, `associated_user_id`, `gender_type_id`, `user_id`, `created_at`, `updated_at`, `complete_name`)
VALUES (4787, 'MUSCOLO', 'MICHELE', 1973, NULL, NULL, NULL, '', NULL, NULL, NULL, '2014-11-17 19:19:43', '2014-11-17 19:19:43', 'MUSCOLO MICHELE');

INSERT INTO `swimmers` (`id`, `last_name`, `first_name`, `year_of_birth`, `phone_mobile`, `phone_number`, `e_mail`, `nickname`, `associated_user_id`, `gender_type_id`, `user_id`, `created_at`, `updated_at`, `complete_name`)
VALUES (4788, 'JOSI', 'LUCA', 1966, NULL, NULL, NULL, '', NULL, NULL, NULL, '2014-11-17 19:19:43', '2014-11-17 19:19:43', 'JOSI LUCA');

INSERT INTO `swimmers` (`id`, `last_name`, `first_name`, `year_of_birth`, `phone_mobile`, `phone_number`, `e_mail`, `nickname`, `associated_user_id`, `gender_type_id`, `user_id`, `created_at`, `updated_at`, `complete_name`)
VALUES (4789, 'DE ROSA', 'MARZIA', 1978, NULL, NULL, NULL, '', NULL, NULL, NULL, '2014-11-17 19:19:43', '2014-11-17 19:19:43', 'DE ROSA MARZIA');

INSERT INTO `swimmers` (`id`, `last_name`, `first_name`, `year_of_birth`, `phone_mobile`, `phone_number`, `e_mail`, `nickname`, `associated_user_id`, `gender_type_id`, `user_id`, `created_at`, `updated_at`, `complete_name`)
VALUES (4790, 'BIOLE`', 'FILIPPO', 1974, NULL, NULL, NULL, '', NULL, NULL, NULL, '2014-11-17 19:19:44', '2014-11-17 19:19:44', 'BIOLE` FILIPPO');

INSERT INTO `swimmers` (`id`, `last_name`, `first_name`, `year_of_birth`, `phone_mobile`, `phone_number`, `e_mail`, `nickname`, `associated_user_id`, `gender_type_id`, `user_id`, `created_at`, `updated_at`, `complete_name`)
VALUES (4791, 'DI NARDO', 'GIOVANNI LUCA', 1990, NULL, NULL, NULL, '', NULL, NULL, NULL, '2014-11-17 19:19:44', '2014-11-17 19:19:44', 'DI NARDO GIOVANNI LUCA');

INSERT INTO `badges` (`id`, `number`, `season_id`, `swimmer_id`, `team_id`, `category_type_id`, `user_id`, `created_at`, `updated_at`, `entry_time_type_id`, `team_affiliation_id`)
VALUES (7996, '?', 132, 4701, 105, 694, 1, '2014-11-17 19:19:44', '2014-11-17 19:19:44', 5, NULL);

INSERT INTO `badges` (`id`, `number`, `season_id`, `swimmer_id`, `team_id`, `category_type_id`, `user_id`, `created_at`, `updated_at`, `entry_time_type_id`, `team_affiliation_id`)
VALUES (7997, '?', 132, 4702, 289, 695, 1, '2014-11-17 19:19:44', '2014-11-17 19:19:44', 5, 486);

INSERT INTO `badges` (`id`, `number`, `season_id`, `swimmer_id`, `team_id`, `category_type_id`, `user_id`, `created_at`, `updated_at`, `entry_time_type_id`, `team_affiliation_id`)
VALUES (7998, '?', 132, 4703, 281, 697, 1, '2014-11-17 19:19:44', '2014-11-17 19:19:44', 5, 478);

INSERT INTO `badges` (`id`, `number`, `season_id`, `swimmer_id`, `team_id`, `category_type_id`, `user_id`, `created_at`, `updated_at`, `entry_time_type_id`, `team_affiliation_id`)
VALUES (7999, '?', 132, 4704, 281, 698, 1, '2014-11-17 19:19:44', '2014-11-17 19:19:44', 5, 478);

INSERT INTO `badges` (`id`, `number`, `season_id`, `swimmer_id`, `team_id`, `category_type_id`, `user_id`, `created_at`, `updated_at`, `entry_time_type_id`, `team_affiliation_id`)
VALUES (8000, '?', 132, 4705, 48, 695, 1, '2014-11-17 19:19:44', '2014-11-17 19:19:44', 5, NULL);

INSERT INTO `badges` (`id`, `number`, `season_id`, `swimmer_id`, `team_id`, `category_type_id`, `user_id`, `created_at`, `updated_at`, `entry_time_type_id`, `team_affiliation_id`)
VALUES (8001, '?', 132, 4706, 284, 696, 1, '2014-11-17 19:19:44', '2014-11-17 19:19:44', 5, 481);

INSERT INTO `badges` (`id`, `number`, `season_id`, `swimmer_id`, `team_id`, `category_type_id`, `user_id`, `created_at`, `updated_at`, `entry_time_type_id`, `team_affiliation_id`)
VALUES (8002, '?', 132, 4707, 54, 697, 1, '2014-11-17 19:19:44', '2014-11-17 19:19:44', 5, NULL);

INSERT INTO `badges` (`id`, `number`, `season_id`, `swimmer_id`, `team_id`, `category_type_id`, `user_id`, `created_at`, `updated_at`, `entry_time_type_id`, `team_affiliation_id`)
VALUES (8003, '?', 132, 4708, 281, 697, 1, '2014-11-17 19:19:44', '2014-11-17 19:19:44', 5, 478);

INSERT INTO `badges` (`id`, `number`, `season_id`, `swimmer_id`, `team_id`, `category_type_id`, `user_id`, `created_at`, `updated_at`, `entry_time_type_id`, `team_affiliation_id`)
VALUES (8004, '?', 132, 4709, 109, 693, 1, '2014-11-17 19:19:44', '2014-11-17 19:19:44', 5, NULL);

INSERT INTO `badges` (`id`, `number`, `season_id`, `swimmer_id`, `team_id`, `category_type_id`, `user_id`, `created_at`, `updated_at`, `entry_time_type_id`, `team_affiliation_id`)
VALUES (8005, '?', 132, 4710, 109, 693, 1, '2014-11-17 19:19:44', '2014-11-17 19:19:44', 5, NULL);

INSERT INTO `badges` (`id`, `number`, `season_id`, `swimmer_id`, `team_id`, `category_type_id`, `user_id`, `created_at`, `updated_at`, `entry_time_type_id`, `team_affiliation_id`)
VALUES (8006, '?', 132, 4711, 100, 699, 1, '2014-11-17 19:19:44', '2014-11-17 19:19:44', 5, NULL);

INSERT INTO `badges` (`id`, `number`, `season_id`, `swimmer_id`, `team_id`, `category_type_id`, `user_id`, `created_at`, `updated_at`, `entry_time_type_id`, `team_affiliation_id`)
VALUES (8007, '?', 132, 4712, 221, 698, 1, '2014-11-17 19:19:44', '2014-11-17 19:19:44', 5, NULL);

INSERT INTO `badges` (`id`, `number`, `season_id`, `swimmer_id`, `team_id`, `category_type_id`, `user_id`, `created_at`, `updated_at`, `entry_time_type_id`, `team_affiliation_id`)
VALUES (8008, '?', 132, 4713, 54, 698, 1, '2014-11-17 19:19:44', '2014-11-17 19:19:44', 5, NULL);

INSERT INTO `badges` (`id`, `number`, `season_id`, `swimmer_id`, `team_id`, `category_type_id`, `user_id`, `created_at`, `updated_at`, `entry_time_type_id`, `team_affiliation_id`)
VALUES (8009, '?', 132, 4714, 221, 699, 1, '2014-11-17 19:19:44', '2014-11-17 19:19:44', 5, NULL);

INSERT INTO `badges` (`id`, `number`, `season_id`, `swimmer_id`, `team_id`, `category_type_id`, `user_id`, `created_at`, `updated_at`, `entry_time_type_id`, `team_affiliation_id`)
VALUES (8010, '?', 132, 4715, 287, 694, 1, '2014-11-17 19:19:44', '2014-11-17 19:19:44', 5, 484);

INSERT INTO `badges` (`id`, `number`, `season_id`, `swimmer_id`, `team_id`, `category_type_id`, `user_id`, `created_at`, `updated_at`, `entry_time_type_id`, `team_affiliation_id`)
VALUES (8011, '?', 132, 4716, 100, 694, 1, '2014-11-17 19:19:44', '2014-11-17 19:19:44', 5, NULL);

INSERT INTO `badges` (`id`, `number`, `season_id`, `swimmer_id`, `team_id`, `category_type_id`, `user_id`, `created_at`, `updated_at`, `entry_time_type_id`, `team_affiliation_id`)
VALUES (8012, '?', 132, 4717, 221, 695, 1, '2014-11-17 19:19:44', '2014-11-17 19:19:44', 5, NULL);

INSERT INTO `badges` (`id`, `number`, `season_id`, `swimmer_id`, `team_id`, `category_type_id`, `user_id`, `created_at`, `updated_at`, `entry_time_type_id`, `team_affiliation_id`)
VALUES (8013, '?', 132, 4718, 289, 696, 1, '2014-11-17 19:19:44', '2014-11-17 19:19:44', 5, 486);

INSERT INTO `badges` (`id`, `number`, `season_id`, `swimmer_id`, `team_id`, `category_type_id`, `user_id`, `created_at`, `updated_at`, `entry_time_type_id`, `team_affiliation_id`)
VALUES (8014, '?', 132, 4719, 55, 696, 1, '2014-11-17 19:19:44', '2014-11-17 19:19:44', 5, NULL);

INSERT INTO `badges` (`id`, `number`, `season_id`, `swimmer_id`, `team_id`, `category_type_id`, `user_id`, `created_at`, `updated_at`, `entry_time_type_id`, `team_affiliation_id`)
VALUES (8015, '?', 132, 4720, 288, 700, 1, '2014-11-17 19:19:44', '2014-11-17 19:19:44', 5, 485);

INSERT INTO `badges` (`id`, `number`, `season_id`, `swimmer_id`, `team_id`, `category_type_id`, `user_id`, `created_at`, `updated_at`, `entry_time_type_id`, `team_affiliation_id`)
VALUES (8016, '?', 132, 4721, 288, 705, 1, '2014-11-17 19:19:44', '2014-11-17 19:19:44', 5, 485);

INSERT INTO `badges` (`id`, `number`, `season_id`, `swimmer_id`, `team_id`, `category_type_id`, `user_id`, `created_at`, `updated_at`, `entry_time_type_id`, `team_affiliation_id`)
VALUES (8017, '?', 132, 4722, 289, 694, 1, '2014-11-17 19:19:44', '2014-11-17 19:19:44', 5, 486);

INSERT INTO `badges` (`id`, `number`, `season_id`, `swimmer_id`, `team_id`, `category_type_id`, `user_id`, `created_at`, `updated_at`, `entry_time_type_id`, `team_affiliation_id`)
VALUES (8018, '?', 132, 4723, 289, 695, 1, '2014-11-17 19:19:45', '2014-11-17 19:19:45', 5, 486);

INSERT INTO `badges` (`id`, `number`, `season_id`, `swimmer_id`, `team_id`, `category_type_id`, `user_id`, `created_at`, `updated_at`, `entry_time_type_id`, `team_affiliation_id`)
VALUES (8019, '?', 132, 4724, 55, 695, 1, '2014-11-17 19:19:45', '2014-11-17 19:19:45', 5, NULL);

INSERT INTO `badges` (`id`, `number`, `season_id`, `swimmer_id`, `team_id`, `category_type_id`, `user_id`, `created_at`, `updated_at`, `entry_time_type_id`, `team_affiliation_id`)
VALUES (8020, '?', 132, 4725, 285, 696, 1, '2014-11-17 19:19:45', '2014-11-17 19:19:45', 5, 482);

INSERT INTO `badges` (`id`, `number`, `season_id`, `swimmer_id`, `team_id`, `category_type_id`, `user_id`, `created_at`, `updated_at`, `entry_time_type_id`, `team_affiliation_id`)
VALUES (8021, '?', 132, 4726, 289, 696, 1, '2014-11-17 19:19:45', '2014-11-17 19:19:45', 5, 486);

INSERT INTO `badges` (`id`, `number`, `season_id`, `swimmer_id`, `team_id`, `category_type_id`, `user_id`, `created_at`, `updated_at`, `entry_time_type_id`, `team_affiliation_id`)
VALUES (8022, '?', 132, 4727, 215, 698, 1, '2014-11-17 19:19:45', '2014-11-17 19:19:45', 5, NULL);

INSERT INTO `badges` (`id`, `number`, `season_id`, `swimmer_id`, `team_id`, `category_type_id`, `user_id`, `created_at`, `updated_at`, `entry_time_type_id`, `team_affiliation_id`)
VALUES (8023, '?', 132, 4728, 105, 698, 1, '2014-11-17 19:19:45', '2014-11-17 19:19:45', 5, NULL);

INSERT INTO `badges` (`id`, `number`, `season_id`, `swimmer_id`, `team_id`, `category_type_id`, `user_id`, `created_at`, `updated_at`, `entry_time_type_id`, `team_affiliation_id`)
VALUES (8024, '?', 132, 4729, 282, 694, 1, '2014-11-17 19:19:45', '2014-11-17 19:19:45', 5, 479);

INSERT INTO `badges` (`id`, `number`, `season_id`, `swimmer_id`, `team_id`, `category_type_id`, `user_id`, `created_at`, `updated_at`, `entry_time_type_id`, `team_affiliation_id`)
VALUES (8025, '?', 132, 4730, 227, 694, 1, '2014-11-17 19:19:45', '2014-11-17 19:19:45', 5, NULL);

INSERT INTO `badges` (`id`, `number`, `season_id`, `swimmer_id`, `team_id`, `category_type_id`, `user_id`, `created_at`, `updated_at`, `entry_time_type_id`, `team_affiliation_id`)
VALUES (8026, '?', 132, 4731, 221, 695, 1, '2014-11-17 19:19:45', '2014-11-17 19:19:45', 5, NULL);

INSERT INTO `badges` (`id`, `number`, `season_id`, `swimmer_id`, `team_id`, `category_type_id`, `user_id`, `created_at`, `updated_at`, `entry_time_type_id`, `team_affiliation_id`)
VALUES (8027, '?', 132, 4732, 227, 695, 1, '2014-11-17 19:19:45', '2014-11-17 19:19:45', 5, NULL);

INSERT INTO `badges` (`id`, `number`, `season_id`, `swimmer_id`, `team_id`, `category_type_id`, `user_id`, `created_at`, `updated_at`, `entry_time_type_id`, `team_affiliation_id`)
VALUES (8028, '?', 132, 4733, 48, 695, 1, '2014-11-17 19:19:45', '2014-11-17 19:19:45', 5, NULL);

INSERT INTO `badges` (`id`, `number`, `season_id`, `swimmer_id`, `team_id`, `category_type_id`, `user_id`, `created_at`, `updated_at`, `entry_time_type_id`, `team_affiliation_id`)
VALUES (8029, '?', 132, 4734, 287, 696, 1, '2014-11-17 19:19:45', '2014-11-17 19:19:45', 5, 484);

INSERT INTO `badges` (`id`, `number`, `season_id`, `swimmer_id`, `team_id`, `category_type_id`, `user_id`, `created_at`, `updated_at`, `entry_time_type_id`, `team_affiliation_id`)
VALUES (8030, '?', 132, 4735, 221, 696, 1, '2014-11-17 19:19:45', '2014-11-17 19:19:45', 5, NULL);

INSERT INTO `badges` (`id`, `number`, `season_id`, `swimmer_id`, `team_id`, `category_type_id`, `user_id`, `created_at`, `updated_at`, `entry_time_type_id`, `team_affiliation_id`)
VALUES (8031, '?', 132, 4736, 221, 696, 1, '2014-11-17 19:19:45', '2014-11-17 19:19:45', 5, NULL);

INSERT INTO `badges` (`id`, `number`, `season_id`, `swimmer_id`, `team_id`, `category_type_id`, `user_id`, `created_at`, `updated_at`, `entry_time_type_id`, `team_affiliation_id`)
VALUES (8032, '?', 132, 4737, 216, 696, 1, '2014-11-17 19:19:45', '2014-11-17 19:19:45', 5, NULL);

INSERT INTO `badges` (`id`, `number`, `season_id`, `swimmer_id`, `team_id`, `category_type_id`, `user_id`, `created_at`, `updated_at`, `entry_time_type_id`, `team_affiliation_id`)
VALUES (8033, '?', 132, 4738, 225, 696, 1, '2014-11-17 19:19:45', '2014-11-17 19:19:45', 5, NULL);

INSERT INTO `badges` (`id`, `number`, `season_id`, `swimmer_id`, `team_id`, `category_type_id`, `user_id`, `created_at`, `updated_at`, `entry_time_type_id`, `team_affiliation_id`)
VALUES (8034, '?', 132, 4739, 225, 696, 1, '2014-11-17 19:19:45', '2014-11-17 19:19:45', 5, NULL);

INSERT INTO `badges` (`id`, `number`, `season_id`, `swimmer_id`, `team_id`, `category_type_id`, `user_id`, `created_at`, `updated_at`, `entry_time_type_id`, `team_affiliation_id`)
VALUES (8035, '?', 132, 4740, 215, 697, 1, '2014-11-17 19:19:45', '2014-11-17 19:19:45', 5, NULL);

INSERT INTO `badges` (`id`, `number`, `season_id`, `swimmer_id`, `team_id`, `category_type_id`, `user_id`, `created_at`, `updated_at`, `entry_time_type_id`, `team_affiliation_id`)
VALUES (8036, '?', 132, 4741, 109, 697, 1, '2014-11-17 19:19:45', '2014-11-17 19:19:45', 5, NULL);

INSERT INTO `badges` (`id`, `number`, `season_id`, `swimmer_id`, `team_id`, `category_type_id`, `user_id`, `created_at`, `updated_at`, `entry_time_type_id`, `team_affiliation_id`)
VALUES (8037, '?', 132, 4742, 225, 697, 1, '2014-11-17 19:19:45', '2014-11-17 19:19:45', 5, NULL);

INSERT INTO `badges` (`id`, `number`, `season_id`, `swimmer_id`, `team_id`, `category_type_id`, `user_id`, `created_at`, `updated_at`, `entry_time_type_id`, `team_affiliation_id`)
VALUES (8038, '?', 132, 4743, 55, 697, 1, '2014-11-17 19:19:45', '2014-11-17 19:19:45', 5, NULL);

INSERT INTO `badges` (`id`, `number`, `season_id`, `swimmer_id`, `team_id`, `category_type_id`, `user_id`, `created_at`, `updated_at`, `entry_time_type_id`, `team_affiliation_id`)
VALUES (8039, '?', 132, 4744, 105, 698, 1, '2014-11-17 19:19:45', '2014-11-17 19:19:45', 5, NULL);

INSERT INTO `badges` (`id`, `number`, `season_id`, `swimmer_id`, `team_id`, `category_type_id`, `user_id`, `created_at`, `updated_at`, `entry_time_type_id`, `team_affiliation_id`)
VALUES (8040, '?', 132, 4745, 221, 698, 1, '2014-11-17 19:19:45', '2014-11-17 19:19:45', 5, NULL);

INSERT INTO `badges` (`id`, `number`, `season_id`, `swimmer_id`, `team_id`, `category_type_id`, `user_id`, `created_at`, `updated_at`, `entry_time_type_id`, `team_affiliation_id`)
VALUES (8041, '?', 132, 4746, 225, 698, 1, '2014-11-17 19:19:45', '2014-11-17 19:19:45', 5, NULL);

INSERT INTO `badges` (`id`, `number`, `season_id`, `swimmer_id`, `team_id`, `category_type_id`, `user_id`, `created_at`, `updated_at`, `entry_time_type_id`, `team_affiliation_id`)
VALUES (8042, '?', 132, 4747, 221, 698, 1, '2014-11-17 19:19:45', '2014-11-17 19:19:45', 5, NULL);

INSERT INTO `badges` (`id`, `number`, `season_id`, `swimmer_id`, `team_id`, `category_type_id`, `user_id`, `created_at`, `updated_at`, `entry_time_type_id`, `team_affiliation_id`)
VALUES (8043, '?', 132, 4748, 225, 698, 1, '2014-11-17 19:19:45', '2014-11-17 19:19:45', 5, NULL);

INSERT INTO `badges` (`id`, `number`, `season_id`, `swimmer_id`, `team_id`, `category_type_id`, `user_id`, `created_at`, `updated_at`, `entry_time_type_id`, `team_affiliation_id`)
VALUES (8044, '?', 132, 4749, 54, 700, 1, '2014-11-17 19:19:46', '2014-11-17 19:19:46', 5, NULL);

INSERT INTO `badges` (`id`, `number`, `season_id`, `swimmer_id`, `team_id`, `category_type_id`, `user_id`, `created_at`, `updated_at`, `entry_time_type_id`, `team_affiliation_id`)
VALUES (8045, '?', 132, 4750, 225, 700, 1, '2014-11-17 19:19:46', '2014-11-17 19:19:46', 5, NULL);

INSERT INTO `badges` (`id`, `number`, `season_id`, `swimmer_id`, `team_id`, `category_type_id`, `user_id`, `created_at`, `updated_at`, `entry_time_type_id`, `team_affiliation_id`)
VALUES (8046, '?', 132, 4751, 279, 703, 1, '2014-11-17 19:19:46', '2014-11-17 19:19:46', 5, 476);

INSERT INTO `badges` (`id`, `number`, `season_id`, `swimmer_id`, `team_id`, `category_type_id`, `user_id`, `created_at`, `updated_at`, `entry_time_type_id`, `team_affiliation_id`)
VALUES (8047, '?', 132, 4752, 286, 698, 1, '2014-11-17 19:19:46', '2014-11-17 19:19:46', 5, 483);

INSERT INTO `badges` (`id`, `number`, `season_id`, `swimmer_id`, `team_id`, `category_type_id`, `user_id`, `created_at`, `updated_at`, `entry_time_type_id`, `team_affiliation_id`)
VALUES (8048, '?', 132, 4753, 225, 698, 1, '2014-11-17 19:19:46', '2014-11-17 19:19:46', 5, NULL);

INSERT INTO `badges` (`id`, `number`, `season_id`, `swimmer_id`, `team_id`, `category_type_id`, `user_id`, `created_at`, `updated_at`, `entry_time_type_id`, `team_affiliation_id`)
VALUES (8049, '?', 132, 4754, 280, 699, 1, '2014-11-17 19:19:46', '2014-11-17 19:19:46', 5, 477);

INSERT INTO `badges` (`id`, `number`, `season_id`, `swimmer_id`, `team_id`, `category_type_id`, `user_id`, `created_at`, `updated_at`, `entry_time_type_id`, `team_affiliation_id`)
VALUES (8050, '?', 132, 4755, 279, 703, 1, '2014-11-17 19:19:46', '2014-11-17 19:19:46', 5, 476);

INSERT INTO `badges` (`id`, `number`, `season_id`, `swimmer_id`, `team_id`, `category_type_id`, `user_id`, `created_at`, `updated_at`, `entry_time_type_id`, `team_affiliation_id`)
VALUES (8051, '?', 132, 4756, 221, 695, 1, '2014-11-17 19:19:46', '2014-11-17 19:19:46', 5, NULL);

INSERT INTO `badges` (`id`, `number`, `season_id`, `swimmer_id`, `team_id`, `category_type_id`, `user_id`, `created_at`, `updated_at`, `entry_time_type_id`, `team_affiliation_id`)
VALUES (8052, '?', 132, 4757, 286, 697, 1, '2014-11-17 19:19:46', '2014-11-17 19:19:46', 5, 483);

INSERT INTO `badges` (`id`, `number`, `season_id`, `swimmer_id`, `team_id`, `category_type_id`, `user_id`, `created_at`, `updated_at`, `entry_time_type_id`, `team_affiliation_id`)
VALUES (8053, '?', 132, 4758, 221, 697, 1, '2014-11-17 19:19:46', '2014-11-17 19:19:46', 5, NULL);

INSERT INTO `badges` (`id`, `number`, `season_id`, `swimmer_id`, `team_id`, `category_type_id`, `user_id`, `created_at`, `updated_at`, `entry_time_type_id`, `team_affiliation_id`)
VALUES (8054, '?', 132, 4759, 78, 699, 1, '2014-11-17 19:19:46', '2014-11-17 19:19:46', 5, NULL);

INSERT INTO `badges` (`id`, `number`, `season_id`, `swimmer_id`, `team_id`, `category_type_id`, `user_id`, `created_at`, `updated_at`, `entry_time_type_id`, `team_affiliation_id`)
VALUES (8055, '?', 132, 4760, 48, 699, 1, '2014-11-17 19:19:46', '2014-11-17 19:19:46', 5, NULL);

INSERT INTO `badges` (`id`, `number`, `season_id`, `swimmer_id`, `team_id`, `category_type_id`, `user_id`, `created_at`, `updated_at`, `entry_time_type_id`, `team_affiliation_id`)
VALUES (8056, '?', 132, 4761, 78, 701, 1, '2014-11-17 19:19:46', '2014-11-17 19:19:46', 5, NULL);

INSERT INTO `badges` (`id`, `number`, `season_id`, `swimmer_id`, `team_id`, `category_type_id`, `user_id`, `created_at`, `updated_at`, `entry_time_type_id`, `team_affiliation_id`)
VALUES (8057, '?', 132, 4762, 283, 701, 1, '2014-11-17 19:19:46', '2014-11-17 19:19:46', 5, 480);

INSERT INTO `badges` (`id`, `number`, `season_id`, `swimmer_id`, `team_id`, `category_type_id`, `user_id`, `created_at`, `updated_at`, `entry_time_type_id`, `team_affiliation_id`)
VALUES (8058, '?', 132, 4763, 105, 698, 1, '2014-11-17 19:19:46', '2014-11-17 19:19:46', 5, NULL);

INSERT INTO `badges` (`id`, `number`, `season_id`, `swimmer_id`, `team_id`, `category_type_id`, `user_id`, `created_at`, `updated_at`, `entry_time_type_id`, `team_affiliation_id`)
VALUES (8059, '?', 132, 4764, 100, 695, 1, '2014-11-17 19:19:46', '2014-11-17 19:19:46', 5, NULL);

INSERT INTO `badges` (`id`, `number`, `season_id`, `swimmer_id`, `team_id`, `category_type_id`, `user_id`, `created_at`, `updated_at`, `entry_time_type_id`, `team_affiliation_id`)
VALUES (8060, '?', 132, 4765, 221, 695, 1, '2014-11-17 19:19:46', '2014-11-17 19:19:46', 5, NULL);

INSERT INTO `badges` (`id`, `number`, `season_id`, `swimmer_id`, `team_id`, `category_type_id`, `user_id`, `created_at`, `updated_at`, `entry_time_type_id`, `team_affiliation_id`)
VALUES (8061, '?', 132, 4766, 287, 697, 1, '2014-11-17 19:19:46', '2014-11-17 19:19:46', 5, 484);

INSERT INTO `badges` (`id`, `number`, `season_id`, `swimmer_id`, `team_id`, `category_type_id`, `user_id`, `created_at`, `updated_at`, `entry_time_type_id`, `team_affiliation_id`)
VALUES (8062, '?', 132, 4767, 225, 697, 1, '2014-11-17 19:19:46', '2014-11-17 19:19:46', 5, NULL);

INSERT INTO `badges` (`id`, `number`, `season_id`, `swimmer_id`, `team_id`, `category_type_id`, `user_id`, `created_at`, `updated_at`, `entry_time_type_id`, `team_affiliation_id`)
VALUES (8063, '?', 132, 4768, 225, 697, 1, '2014-11-17 19:19:46', '2014-11-17 19:19:46', 5, NULL);

INSERT INTO `badges` (`id`, `number`, `season_id`, `swimmer_id`, `team_id`, `category_type_id`, `user_id`, `created_at`, `updated_at`, `entry_time_type_id`, `team_affiliation_id`)
VALUES (8064, '?', 132, 4769, 279, 697, 1, '2014-11-17 19:19:46', '2014-11-17 19:19:46', 5, 476);

INSERT INTO `badges` (`id`, `number`, `season_id`, `swimmer_id`, `team_id`, `category_type_id`, `user_id`, `created_at`, `updated_at`, `entry_time_type_id`, `team_affiliation_id`)
VALUES (8065, '?', 132, 4770, 273, 698, 1, '2014-11-17 19:19:46', '2014-11-17 19:19:46', 5, NULL);

INSERT INTO `badges` (`id`, `number`, `season_id`, `swimmer_id`, `team_id`, `category_type_id`, `user_id`, `created_at`, `updated_at`, `entry_time_type_id`, `team_affiliation_id`)
VALUES (8066, '?', 132, 4771, 282, 698, 1, '2014-11-17 19:19:46', '2014-11-17 19:19:46', 5, 479);

INSERT INTO `badges` (`id`, `number`, `season_id`, `swimmer_id`, `team_id`, `category_type_id`, `user_id`, `created_at`, `updated_at`, `entry_time_type_id`, `team_affiliation_id`)
VALUES (8067, '?', 132, 4772, 223, 699, 1, '2014-11-17 19:19:46', '2014-11-17 19:19:46', 5, NULL);

INSERT INTO `badges` (`id`, `number`, `season_id`, `swimmer_id`, `team_id`, `category_type_id`, `user_id`, `created_at`, `updated_at`, `entry_time_type_id`, `team_affiliation_id`)
VALUES (8068, '?', 132, 4773, 279, 703, 1, '2014-11-17 19:19:47', '2014-11-17 19:19:47', 5, 476);

INSERT INTO `badges` (`id`, `number`, `season_id`, `swimmer_id`, `team_id`, `category_type_id`, `user_id`, `created_at`, `updated_at`, `entry_time_type_id`, `team_affiliation_id`)
VALUES (8069, '?', 132, 4774, 78, 696, 1, '2014-11-17 19:19:47', '2014-11-17 19:19:47', 5, NULL);

INSERT INTO `badges` (`id`, `number`, `season_id`, `swimmer_id`, `team_id`, `category_type_id`, `user_id`, `created_at`, `updated_at`, `entry_time_type_id`, `team_affiliation_id`)
VALUES (8070, '?', 132, 4775, 221, 699, 1, '2014-11-17 19:19:47', '2014-11-17 19:19:47', 5, NULL);

INSERT INTO `badges` (`id`, `number`, `season_id`, `swimmer_id`, `team_id`, `category_type_id`, `user_id`, `created_at`, `updated_at`, `entry_time_type_id`, `team_affiliation_id`)
VALUES (8071, '?', 132, 4776, 87, 700, 1, '2014-11-17 19:19:47', '2014-11-17 19:19:47', 5, NULL);

INSERT INTO `badges` (`id`, `number`, `season_id`, `swimmer_id`, `team_id`, `category_type_id`, `user_id`, `created_at`, `updated_at`, `entry_time_type_id`, `team_affiliation_id`)
VALUES (8072, '?', 132, 4777, 221, 700, 1, '2014-11-17 19:19:47', '2014-11-17 19:19:47', 5, NULL);

INSERT INTO `badges` (`id`, `number`, `season_id`, `swimmer_id`, `team_id`, `category_type_id`, `user_id`, `created_at`, `updated_at`, `entry_time_type_id`, `team_affiliation_id`)
VALUES (8073, '?', 132, 4778, 282, 696, 1, '2014-11-17 19:19:47', '2014-11-17 19:19:47', 5, 479);

INSERT INTO `badges` (`id`, `number`, `season_id`, `swimmer_id`, `team_id`, `category_type_id`, `user_id`, `created_at`, `updated_at`, `entry_time_type_id`, `team_affiliation_id`)
VALUES (8074, '?', 132, 4779, 221, 702, 1, '2014-11-17 19:19:47', '2014-11-17 19:19:47', 5, NULL);

INSERT INTO `badges` (`id`, `number`, `season_id`, `swimmer_id`, `team_id`, `category_type_id`, `user_id`, `created_at`, `updated_at`, `entry_time_type_id`, `team_affiliation_id`)
VALUES (8075, '?', 132, 4780, 282, 695, 1, '2014-11-17 19:19:47', '2014-11-17 19:19:47', 5, 479);

INSERT INTO `badges` (`id`, `number`, `season_id`, `swimmer_id`, `team_id`, `category_type_id`, `user_id`, `created_at`, `updated_at`, `entry_time_type_id`, `team_affiliation_id`)
VALUES (8076, '?', 132, 4781, 227, 695, 1, '2014-11-17 19:19:47', '2014-11-17 19:19:47', 5, NULL);

INSERT INTO `badges` (`id`, `number`, `season_id`, `swimmer_id`, `team_id`, `category_type_id`, `user_id`, `created_at`, `updated_at`, `entry_time_type_id`, `team_affiliation_id`)
VALUES (8077, '?', 132, 4782, 54, 697, 1, '2014-11-17 19:19:47', '2014-11-17 19:19:47', 5, NULL);

INSERT INTO `badges` (`id`, `number`, `season_id`, `swimmer_id`, `team_id`, `category_type_id`, `user_id`, `created_at`, `updated_at`, `entry_time_type_id`, `team_affiliation_id`)
VALUES (8078, '?', 132, 4783, 285, 698, 1, '2014-11-17 19:19:47', '2014-11-17 19:19:47', 5, 482);

INSERT INTO `badges` (`id`, `number`, `season_id`, `swimmer_id`, `team_id`, `category_type_id`, `user_id`, `created_at`, `updated_at`, `entry_time_type_id`, `team_affiliation_id`)
VALUES (8079, '?', 132, 4784, 221, 699, 1, '2014-11-17 19:19:47', '2014-11-17 19:19:47', 5, NULL);

INSERT INTO `badges` (`id`, `number`, `season_id`, `swimmer_id`, `team_id`, `category_type_id`, `user_id`, `created_at`, `updated_at`, `entry_time_type_id`, `team_affiliation_id`)
VALUES (8080, '?', 132, 4785, 216, 694, 1, '2014-11-17 19:19:47', '2014-11-17 19:19:47', 5, NULL);

INSERT INTO `badges` (`id`, `number`, `season_id`, `swimmer_id`, `team_id`, `category_type_id`, `user_id`, `created_at`, `updated_at`, `entry_time_type_id`, `team_affiliation_id`)
VALUES (8081, '?', 132, 4786, 216, 697, 1, '2014-11-17 19:19:47', '2014-11-17 19:19:47', 5, NULL);

INSERT INTO `badges` (`id`, `number`, `season_id`, `swimmer_id`, `team_id`, `category_type_id`, `user_id`, `created_at`, `updated_at`, `entry_time_type_id`, `team_affiliation_id`)
VALUES (8082, '?', 132, 4787, 221, 697, 1, '2014-11-17 19:19:47', '2014-11-17 19:19:47', 5, NULL);

INSERT INTO `badges` (`id`, `number`, `season_id`, `swimmer_id`, `team_id`, `category_type_id`, `user_id`, `created_at`, `updated_at`, `entry_time_type_id`, `team_affiliation_id`)
VALUES (8083, '?', 132, 4788, 89, 698, 1, '2014-11-17 19:19:47', '2014-11-17 19:19:47', 5, NULL);

INSERT INTO `badges` (`id`, `number`, `season_id`, `swimmer_id`, `team_id`, `category_type_id`, `user_id`, `created_at`, `updated_at`, `entry_time_type_id`, `team_affiliation_id`)
VALUES (8084, '?', 132, 4789, 105, 696, 1, '2014-11-17 19:19:47', '2014-11-17 19:19:47', 5, NULL);

INSERT INTO `badges` (`id`, `number`, `season_id`, `swimmer_id`, `team_id`, `category_type_id`, `user_id`, `created_at`, `updated_at`, `entry_time_type_id`, `team_affiliation_id`)
VALUES (8085, '?', 132, 4790, 221, 697, 1, '2014-11-17 19:19:47', '2014-11-17 19:19:47', 5, NULL);

INSERT INTO `badges` (`id`, `number`, `season_id`, `swimmer_id`, `team_id`, `category_type_id`, `user_id`, `created_at`, `updated_at`, `entry_time_type_id`, `team_affiliation_id`)
VALUES (8086, '?', 132, 4791, 109, 693, 1, '2014-11-17 19:19:47', '2014-11-17 19:19:47', 5, NULL);

INSERT INTO `meeting_individual_results` (`id`, `rank`, `is_play_off`, `is_out_of_race`, `is_disqualified`, `standard_points`, `meeting_individual_points`, `minutes`, `seconds`, `hundreds`, `meeting_program_id`, `swimmer_id`, `team_id`, `badge_id`, `user_id`, `created_at`, `updated_at`, `disqualification_code_type_id`, `goggle_cup_points`, `reaction_time`, `team_points`, `team_affiliation_id`)
VALUES (110104, 1, 1, 0, 0, 676.39, 676.39, 1, 33, 63, 6781, 4701, 105, 7996, 1, '2014-11-17 19:19:47', '2014-11-17 19:19:47', NULL, 0.0, 0.0, 0.0, NULL);

INSERT INTO `meeting_individual_results` (`id`, `rank`, `is_play_off`, `is_out_of_race`, `is_disqualified`, `standard_points`, `meeting_individual_points`, `minutes`, `seconds`, `hundreds`, `meeting_program_id`, `swimmer_id`, `team_id`, `badge_id`, `user_id`, `created_at`, `updated_at`, `disqualification_code_type_id`, `goggle_cup_points`, `reaction_time`, `team_points`, `team_affiliation_id`)
VALUES (110105, 1, 1, 0, 0, 867.27, 867.27, 1, 13, 8, 6782, 4702, 289, 7997, 1, '2014-11-17 19:19:47', '2014-11-17 19:19:47', NULL, 0.0, 0.0, 0.0, 486);

INSERT INTO `meeting_individual_results` (`id`, `rank`, `is_play_off`, `is_out_of_race`, `is_disqualified`, `standard_points`, `meeting_individual_points`, `minutes`, `seconds`, `hundreds`, `meeting_program_id`, `swimmer_id`, `team_id`, `badge_id`, `user_id`, `created_at`, `updated_at`, `disqualification_code_type_id`, `goggle_cup_points`, `reaction_time`, `team_points`, `team_affiliation_id`)
VALUES (110106, 1, 1, 0, 0, 757.85, 757.85, 1, 27, 22, 6783, 4703, 281, 7998, 1, '2014-11-17 19:19:48', '2014-11-17 19:19:48', NULL, 0.0, 0.0, 0.0, 478);

INSERT INTO `meeting_individual_results` (`id`, `rank`, `is_play_off`, `is_out_of_race`, `is_disqualified`, `standard_points`, `meeting_individual_points`, `minutes`, `seconds`, `hundreds`, `meeting_program_id`, `swimmer_id`, `team_id`, `badge_id`, `user_id`, `created_at`, `updated_at`, `disqualification_code_type_id`, `goggle_cup_points`, `reaction_time`, `team_points`, `team_affiliation_id`)
VALUES (110107, 2, 1, 0, 0, 700.14, 700.14, 1, 34, 41, 6783, 3679, 54, 6902, 1, '2014-11-17 19:19:48', '2014-11-17 19:19:48', NULL, 0.0, 0.0, 0.0, NULL);

INSERT INTO `meeting_individual_results` (`id`, `rank`, `is_play_off`, `is_out_of_race`, `is_disqualified`, `standard_points`, `meeting_individual_points`, `minutes`, `seconds`, `hundreds`, `meeting_program_id`, `swimmer_id`, `team_id`, `badge_id`, `user_id`, `created_at`, `updated_at`, `disqualification_code_type_id`, `goggle_cup_points`, `reaction_time`, `team_points`, `team_affiliation_id`)
VALUES (110108, 3, 1, 0, 0, 625.53, 625.53, 1, 45, 67, 6783, 3680, 54, 6903, 1, '2014-11-17 19:19:48', '2014-11-17 19:19:48', NULL, 0.0, 0.0, 0.0, NULL);

INSERT INTO `meeting_individual_results` (`id`, `rank`, `is_play_off`, `is_out_of_race`, `is_disqualified`, `standard_points`, `meeting_individual_points`, `minutes`, `seconds`, `hundreds`, `meeting_program_id`, `swimmer_id`, `team_id`, `badge_id`, `user_id`, `created_at`, `updated_at`, `disqualification_code_type_id`, `goggle_cup_points`, `reaction_time`, `team_points`, `team_affiliation_id`)
VALUES (110109, 1, 1, 0, 0, 783.34, 783.34, 1, 27, 42, 6784, 4704, 281, 7999, 1, '2014-11-17 19:19:48', '2014-11-17 19:19:48', NULL, 0.0, 0.0, 0.0, 478);

INSERT INTO `meeting_individual_results` (`id`, `rank`, `is_play_off`, `is_out_of_race`, `is_disqualified`, `standard_points`, `meeting_individual_points`, `minutes`, `seconds`, `hundreds`, `meeting_program_id`, `swimmer_id`, `team_id`, `badge_id`, `user_id`, `created_at`, `updated_at`, `disqualification_code_type_id`, `goggle_cup_points`, `reaction_time`, `team_points`, `team_affiliation_id`)
VALUES (110110, 1, 1, 0, 0, 877.08, 877.08, 1, 32, 66, 6785, 1913, 54, 5094, 1, '2014-11-17 19:19:48', '2014-11-17 19:19:48', NULL, 0.0, 0.0, 0.0, NULL);

INSERT INTO `meeting_individual_results` (`id`, `rank`, `is_play_off`, `is_out_of_race`, `is_disqualified`, `standard_points`, `meeting_individual_points`, `minutes`, `seconds`, `hundreds`, `meeting_program_id`, `swimmer_id`, `team_id`, `badge_id`, `user_id`, `created_at`, `updated_at`, `disqualification_code_type_id`, `goggle_cup_points`, `reaction_time`, `team_points`, `team_affiliation_id`)
VALUES (110111, 1, 1, 0, 0, 786.15, 786.15, 1, 11, 17, 6786, 4705, 48, 8000, 1, '2014-11-17 19:19:48', '2014-11-17 19:19:48', NULL, 0.0, 0.0, 0.0, NULL);

INSERT INTO `meeting_individual_results` (`id`, `rank`, `is_play_off`, `is_out_of_race`, `is_disqualified`, `standard_points`, `meeting_individual_points`, `minutes`, `seconds`, `hundreds`, `meeting_program_id`, `swimmer_id`, `team_id`, `badge_id`, `user_id`, `created_at`, `updated_at`, `disqualification_code_type_id`, `goggle_cup_points`, `reaction_time`, `team_points`, `team_affiliation_id`)
VALUES (110112, 1, 1, 0, 0, 689.29, 689.29, 1, 23, 39, 6787, 4706, 284, 8001, 1, '2014-11-17 19:19:48', '2014-11-17 19:19:48', NULL, 0.0, 0.0, 0.0, 481);

INSERT INTO `meeting_individual_results` (`id`, `rank`, `is_play_off`, `is_out_of_race`, `is_disqualified`, `standard_points`, `meeting_individual_points`, `minutes`, `seconds`, `hundreds`, `meeting_program_id`, `swimmer_id`, `team_id`, `badge_id`, `user_id`, `created_at`, `updated_at`, `disqualification_code_type_id`, `goggle_cup_points`, `reaction_time`, `team_points`, `team_affiliation_id`)
VALUES (110113, 1, 1, 0, 0, 921.38, 921.38, 1, 2, 96, 6788, 3695, 215, 6921, 1, '2014-11-17 19:19:48', '2014-11-17 19:19:48', NULL, 0.0, 0.0, 0.0, NULL);

INSERT INTO `meeting_individual_results` (`id`, `rank`, `is_play_off`, `is_out_of_race`, `is_disqualified`, `standard_points`, `meeting_individual_points`, `minutes`, `seconds`, `hundreds`, `meeting_program_id`, `swimmer_id`, `team_id`, `badge_id`, `user_id`, `created_at`, `updated_at`, `disqualification_code_type_id`, `goggle_cup_points`, `reaction_time`, `team_points`, `team_affiliation_id`)
VALUES (110114, 2, 1, 0, 0, 765.1, 765.1, 1, 15, 82, 6788, 4707, 54, 8002, 1, '2014-11-17 19:19:48', '2014-11-17 19:19:48', NULL, 0.0, 0.0, 0.0, NULL);

INSERT INTO `meeting_individual_results` (`id`, `rank`, `is_play_off`, `is_out_of_race`, `is_disqualified`, `standard_points`, `meeting_individual_points`, `minutes`, `seconds`, `hundreds`, `meeting_program_id`, `swimmer_id`, `team_id`, `badge_id`, `user_id`, `created_at`, `updated_at`, `disqualification_code_type_id`, `goggle_cup_points`, `reaction_time`, `team_points`, `team_affiliation_id`)
VALUES (110115, 3, 1, 0, 0, 657.71, 657.71, 1, 28, 20, 6788, 4708, 281, 8003, 1, '2014-11-17 19:19:48', '2014-11-17 19:19:48', NULL, 0.0, 0.0, 0.0, 478);

INSERT INTO `meeting_individual_results` (`id`, `rank`, `is_play_off`, `is_out_of_race`, `is_disqualified`, `standard_points`, `meeting_individual_points`, `minutes`, `seconds`, `hundreds`, `meeting_program_id`, `swimmer_id`, `team_id`, `badge_id`, `user_id`, `created_at`, `updated_at`, `disqualification_code_type_id`, `goggle_cup_points`, `reaction_time`, `team_points`, `team_affiliation_id`)
VALUES (110116, 1, 1, 0, 0, 899.41, 899.41, 1, 5, 91, 6789, 3701, 225, 6927, 1, '2014-11-17 19:19:48', '2014-11-17 19:19:48', NULL, 0.0, 0.0, 0.0, NULL);

INSERT INTO `meeting_individual_results` (`id`, `rank`, `is_play_off`, `is_out_of_race`, `is_disqualified`, `standard_points`, `meeting_individual_points`, `minutes`, `seconds`, `hundreds`, `meeting_program_id`, `swimmer_id`, `team_id`, `badge_id`, `user_id`, `created_at`, `updated_at`, `disqualification_code_type_id`, `goggle_cup_points`, `reaction_time`, `team_points`, `team_affiliation_id`)
VALUES (110117, 1, 1, 0, 0, 671.19, 671.19, 1, 43, 86, 6790, 3716, 223, 6942, 1, '2014-11-17 19:19:49', '2014-11-17 19:19:49', NULL, 0.0, 0.0, 0.0, NULL);

INSERT INTO `meeting_individual_results` (`id`, `rank`, `is_play_off`, `is_out_of_race`, `is_disqualified`, `standard_points`, `meeting_individual_points`, `minutes`, `seconds`, `hundreds`, `meeting_program_id`, `swimmer_id`, `team_id`, `badge_id`, `user_id`, `created_at`, `updated_at`, `disqualification_code_type_id`, `goggle_cup_points`, `reaction_time`, `team_points`, `team_affiliation_id`)
VALUES (110118, 1, 1, 0, 0, 0.0, 0.0, 1, 1, 62, 6791, 4709, 109, 8004, 1, '2014-11-17 19:19:49', '2014-11-17 19:19:49', NULL, 0.0, 0.0, 0.0, NULL);

INSERT INTO `meeting_individual_results` (`id`, `rank`, `is_play_off`, `is_out_of_race`, `is_disqualified`, `standard_points`, `meeting_individual_points`, `minutes`, `seconds`, `hundreds`, `meeting_program_id`, `swimmer_id`, `team_id`, `badge_id`, `user_id`, `created_at`, `updated_at`, `disqualification_code_type_id`, `goggle_cup_points`, `reaction_time`, `team_points`, `team_affiliation_id`)
VALUES (110119, 1, 1, 0, 0, 810.97, 810.97, 1, 16, 55, 6792, 3743, 226, 6972, 1, '2014-11-17 19:19:49', '2014-11-17 19:19:49', NULL, 0.0, 0.0, 0.0, NULL);

INSERT INTO `meeting_individual_results` (`id`, `rank`, `is_play_off`, `is_out_of_race`, `is_disqualified`, `standard_points`, `meeting_individual_points`, `minutes`, `seconds`, `hundreds`, `meeting_program_id`, `swimmer_id`, `team_id`, `badge_id`, `user_id`, `created_at`, `updated_at`, `disqualification_code_type_id`, `goggle_cup_points`, `reaction_time`, `team_points`, `team_affiliation_id`)
VALUES (110120, 1, 1, 0, 0, 663.9, 663.9, 1, 44, 76, 6793, 1903, 64, 5084, 1, '2014-11-17 19:19:49', '2014-11-17 19:19:49', NULL, 0.0, 0.0, 0.0, NULL);

INSERT INTO `meeting_individual_results` (`id`, `rank`, `is_play_off`, `is_out_of_race`, `is_disqualified`, `standard_points`, `meeting_individual_points`, `minutes`, `seconds`, `hundreds`, `meeting_program_id`, `swimmer_id`, `team_id`, `badge_id`, `user_id`, `created_at`, `updated_at`, `disqualification_code_type_id`, `goggle_cup_points`, `reaction_time`, `team_points`, `team_affiliation_id`)
VALUES (110121, 1, 1, 0, 0, 0.0, 0.0, 1, 20, 57, 6794, 4710, 109, 8005, 1, '2014-11-17 19:19:49', '2014-11-17 19:19:49', NULL, 0.0, 0.0, 0.0, NULL);

INSERT INTO `meeting_individual_results` (`id`, `rank`, `is_play_off`, `is_out_of_race`, `is_disqualified`, `standard_points`, `meeting_individual_points`, `minutes`, `seconds`, `hundreds`, `meeting_program_id`, `swimmer_id`, `team_id`, `badge_id`, `user_id`, `created_at`, `updated_at`, `disqualification_code_type_id`, `goggle_cup_points`, `reaction_time`, `team_points`, `team_affiliation_id`)
VALUES (110122, 1, 1, 0, 0, 874.9, 874.9, 1, 2, 43, 6795, 3691, 226, 6915, 1, '2014-11-17 19:19:49', '2014-11-17 19:19:49', NULL, 0.0, 0.0, 0.0, NULL);

INSERT INTO `meeting_individual_results` (`id`, `rank`, `is_play_off`, `is_out_of_race`, `is_disqualified`, `standard_points`, `meeting_individual_points`, `minutes`, `seconds`, `hundreds`, `meeting_program_id`, `swimmer_id`, `team_id`, `badge_id`, `user_id`, `created_at`, `updated_at`, `disqualification_code_type_id`, `goggle_cup_points`, `reaction_time`, `team_points`, `team_affiliation_id`)
VALUES (110123, 1, 1, 0, 0, 755.03, 755.03, 1, 13, 11, 6796, 2189, 105, 5385, 1, '2014-11-17 19:19:49', '2014-11-17 19:19:49', NULL, 0.0, 0.0, 0.0, NULL);

INSERT INTO `meeting_individual_results` (`id`, `rank`, `is_play_off`, `is_out_of_race`, `is_disqualified`, `standard_points`, `meeting_individual_points`, `minutes`, `seconds`, `hundreds`, `meeting_program_id`, `swimmer_id`, `team_id`, `badge_id`, `user_id`, `created_at`, `updated_at`, `disqualification_code_type_id`, `goggle_cup_points`, `reaction_time`, `team_points`, `team_affiliation_id`)
VALUES (110124, 1, 1, 0, 0, 749.44, 749.44, 1, 15, 35, 6797, 2240, 73, 5438, 1, '2014-11-17 19:19:49', '2014-11-17 19:19:49', NULL, 0.0, 0.0, 0.0, NULL);

INSERT INTO `meeting_individual_results` (`id`, `rank`, `is_play_off`, `is_out_of_race`, `is_disqualified`, `standard_points`, `meeting_individual_points`, `minutes`, `seconds`, `hundreds`, `meeting_program_id`, `swimmer_id`, `team_id`, `badge_id`, `user_id`, `created_at`, `updated_at`, `disqualification_code_type_id`, `goggle_cup_points`, `reaction_time`, `team_points`, `team_affiliation_id`)
VALUES (110125, 1, 1, 0, 0, 476.07, 476.07, 2, 5, 36, 6798, 4711, 100, 8006, 1, '2014-11-17 19:19:49', '2014-11-17 19:19:49', NULL, 0.0, 0.0, 0.0, NULL);

INSERT INTO `meeting_individual_results` (`id`, `rank`, `is_play_off`, `is_out_of_race`, `is_disqualified`, `standard_points`, `meeting_individual_points`, `minutes`, `seconds`, `hundreds`, `meeting_program_id`, `swimmer_id`, `team_id`, `badge_id`, `user_id`, `created_at`, `updated_at`, `disqualification_code_type_id`, `goggle_cup_points`, `reaction_time`, `team_points`, `team_affiliation_id`)
VALUES (110126, 1, 1, 0, 0, 884.23, 884.23, 1, 26, 64, 6799, 4712, 221, 8007, 1, '2014-11-17 19:19:49', '2014-11-17 19:19:49', NULL, 0.0, 0.0, 0.0, NULL);

INSERT INTO `meeting_individual_results` (`id`, `rank`, `is_play_off`, `is_out_of_race`, `is_disqualified`, `standard_points`, `meeting_individual_points`, `minutes`, `seconds`, `hundreds`, `meeting_program_id`, `swimmer_id`, `team_id`, `badge_id`, `user_id`, `created_at`, `updated_at`, `disqualification_code_type_id`, `goggle_cup_points`, `reaction_time`, `team_points`, `team_affiliation_id`)
VALUES (110127, 2, 1, 0, 0, 767.17, 767.17, 1, 39, 86, 6799, 4713, 54, 8008, 1, '2014-11-17 19:19:49', '2014-11-17 19:19:49', NULL, 0.0, 0.0, 0.0, NULL);

INSERT INTO `meeting_individual_results` (`id`, `rank`, `is_play_off`, `is_out_of_race`, `is_disqualified`, `standard_points`, `meeting_individual_points`, `minutes`, `seconds`, `hundreds`, `meeting_program_id`, `swimmer_id`, `team_id`, `badge_id`, `user_id`, `created_at`, `updated_at`, `disqualification_code_type_id`, `goggle_cup_points`, `reaction_time`, `team_points`, `team_affiliation_id`)
VALUES (110128, 1, 1, 0, 0, 834.21, 834.21, 1, 36, 57, 6800, 4714, 221, 8009, 1, '2014-11-17 19:19:49', '2014-11-17 19:19:49', NULL, 0.0, 0.0, 0.0, NULL);

INSERT INTO `meeting_individual_results` (`id`, `rank`, `is_play_off`, `is_out_of_race`, `is_disqualified`, `standard_points`, `meeting_individual_points`, `minutes`, `seconds`, `hundreds`, `meeting_program_id`, `swimmer_id`, `team_id`, `badge_id`, `user_id`, `created_at`, `updated_at`, `disqualification_code_type_id`, `goggle_cup_points`, `reaction_time`, `team_points`, `team_affiliation_id`)
VALUES (110129, 1, 1, 0, 0, 744.45, 744.45, 1, 23, 27, 6801, 4715, 287, 8010, 1, '2014-11-17 19:19:49', '2014-11-17 19:19:49', NULL, 0.0, 0.0, 0.0, 484);

INSERT INTO `meeting_individual_results` (`id`, `rank`, `is_play_off`, `is_out_of_race`, `is_disqualified`, `standard_points`, `meeting_individual_points`, `minutes`, `seconds`, `hundreds`, `meeting_program_id`, `swimmer_id`, `team_id`, `badge_id`, `user_id`, `created_at`, `updated_at`, `disqualification_code_type_id`, `goggle_cup_points`, `reaction_time`, `team_points`, `team_affiliation_id`)
VALUES (110130, 2, 1, 0, 0, 690.23, 690.23, 1, 29, 81, 6801, 4716, 100, 8011, 1, '2014-11-17 19:19:50', '2014-11-17 19:19:50', NULL, 0.0, 0.0, 0.0, NULL);

INSERT INTO `meeting_individual_results` (`id`, `rank`, `is_play_off`, `is_out_of_race`, `is_disqualified`, `standard_points`, `meeting_individual_points`, `minutes`, `seconds`, `hundreds`, `meeting_program_id`, `swimmer_id`, `team_id`, `badge_id`, `user_id`, `created_at`, `updated_at`, `disqualification_code_type_id`, `goggle_cup_points`, `reaction_time`, `team_points`, `team_affiliation_id`)
VALUES (110131, 1, 1, 0, 0, 714.34, 714.34, 1, 26, 36, 6802, 4717, 221, 8012, 1, '2014-11-17 19:19:50', '2014-11-17 19:19:50', NULL, 0.0, 0.0, 0.0, NULL);

INSERT INTO `meeting_individual_results` (`id`, `rank`, `is_play_off`, `is_out_of_race`, `is_disqualified`, `standard_points`, `meeting_individual_points`, `minutes`, `seconds`, `hundreds`, `meeting_program_id`, `swimmer_id`, `team_id`, `badge_id`, `user_id`, `created_at`, `updated_at`, `disqualification_code_type_id`, `goggle_cup_points`, `reaction_time`, `team_points`, `team_affiliation_id`)
VALUES (110132, 1, 1, 0, 0, 844.86, 844.86, 1, 14, 64, 6803, 4718, 289, 8013, 1, '2014-11-17 19:19:50', '2014-11-17 19:19:50', NULL, 0.0, 0.0, 0.0, 486);

INSERT INTO `meeting_individual_results` (`id`, `rank`, `is_play_off`, `is_out_of_race`, `is_disqualified`, `standard_points`, `meeting_individual_points`, `minutes`, `seconds`, `hundreds`, `meeting_program_id`, `swimmer_id`, `team_id`, `badge_id`, `user_id`, `created_at`, `updated_at`, `disqualification_code_type_id`, `goggle_cup_points`, `reaction_time`, `team_points`, `team_affiliation_id`)
VALUES (110133, 2, 1, 0, 0, 734.71, 734.71, 1, 25, 83, 6803, 4719, 55, 8014, 1, '2014-11-17 19:19:50', '2014-11-17 19:19:50', NULL, 0.0, 0.0, 0.0, NULL);

INSERT INTO `meeting_individual_results` (`id`, `rank`, `is_play_off`, `is_out_of_race`, `is_disqualified`, `standard_points`, `meeting_individual_points`, `minutes`, `seconds`, `hundreds`, `meeting_program_id`, `swimmer_id`, `team_id`, `badge_id`, `user_id`, `created_at`, `updated_at`, `disqualification_code_type_id`, `goggle_cup_points`, `reaction_time`, `team_points`, `team_affiliation_id`)
VALUES (110134, 1, 1, 0, 0, 738.59, 738.59, 1, 26, 57, 6804, 2439, 105, 5639, 1, '2014-11-17 19:19:50', '2014-11-17 19:19:50', NULL, 0.0, 0.0, 0.0, NULL);

INSERT INTO `meeting_individual_results` (`id`, `rank`, `is_play_off`, `is_out_of_race`, `is_disqualified`, `standard_points`, `meeting_individual_points`, `minutes`, `seconds`, `hundreds`, `meeting_program_id`, `swimmer_id`, `team_id`, `badge_id`, `user_id`, `created_at`, `updated_at`, `disqualification_code_type_id`, `goggle_cup_points`, `reaction_time`, `team_points`, `team_affiliation_id`)
VALUES (110135, 1, 1, 0, 0, 792.42, 792.42, 1, 30, 71, 6805, 4720, 288, 8015, 1, '2014-11-17 19:19:50', '2014-11-17 19:19:50', NULL, 0.0, 0.0, 0.0, 485);

INSERT INTO `meeting_individual_results` (`id`, `rank`, `is_play_off`, `is_out_of_race`, `is_disqualified`, `standard_points`, `meeting_individual_points`, `minutes`, `seconds`, `hundreds`, `meeting_program_id`, `swimmer_id`, `team_id`, `badge_id`, `user_id`, `created_at`, `updated_at`, `disqualification_code_type_id`, `goggle_cup_points`, `reaction_time`, `team_points`, `team_affiliation_id`)
VALUES (110136, 1, 1, 0, 0, 810.57, 810.57, 1, 31, 96, 6806, 2019, 89, 5205, 1, '2014-11-17 19:19:50', '2014-11-17 19:19:50', NULL, 0.0, 0.0, 0.0, NULL);

INSERT INTO `meeting_individual_results` (`id`, `rank`, `is_play_off`, `is_out_of_race`, `is_disqualified`, `standard_points`, `meeting_individual_points`, `minutes`, `seconds`, `hundreds`, `meeting_program_id`, `swimmer_id`, `team_id`, `badge_id`, `user_id`, `created_at`, `updated_at`, `disqualification_code_type_id`, `goggle_cup_points`, `reaction_time`, `team_points`, `team_affiliation_id`)
VALUES (110137, 1, 1, 0, 0, 722.92, 722.92, 2, 20, 50, 6807, 4721, 288, 8016, 1, '2014-11-17 19:19:50', '2014-11-17 19:19:50', NULL, 0.0, 0.0, 0.0, 485);

INSERT INTO `meeting_individual_results` (`id`, `rank`, `is_play_off`, `is_out_of_race`, `is_disqualified`, `standard_points`, `meeting_individual_points`, `minutes`, `seconds`, `hundreds`, `meeting_program_id`, `swimmer_id`, `team_id`, `badge_id`, `user_id`, `created_at`, `updated_at`, `disqualification_code_type_id`, `goggle_cup_points`, `reaction_time`, `team_points`, `team_affiliation_id`)
VALUES (110138, 1, 1, 0, 0, 780.64, 780.64, 1, 12, 53, 6808, 3723, 221, 6949, 1, '2014-11-17 19:19:50', '2014-11-17 19:19:50', NULL, 0.0, 0.0, 0.0, NULL);

INSERT INTO `meeting_individual_results` (`id`, `rank`, `is_play_off`, `is_out_of_race`, `is_disqualified`, `standard_points`, `meeting_individual_points`, `minutes`, `seconds`, `hundreds`, `meeting_program_id`, `swimmer_id`, `team_id`, `badge_id`, `user_id`, `created_at`, `updated_at`, `disqualification_code_type_id`, `goggle_cup_points`, `reaction_time`, `team_points`, `team_affiliation_id`)
VALUES (110139, 2, 1, 0, 0, 715.89, 715.89, 1, 19, 9, 6808, 4701, 105, 7996, 1, '2014-11-17 19:19:50', '2014-11-17 19:19:50', NULL, 0.0, 0.0, 0.0, NULL);

INSERT INTO `meeting_individual_results` (`id`, `rank`, `is_play_off`, `is_out_of_race`, `is_disqualified`, `standard_points`, `meeting_individual_points`, `minutes`, `seconds`, `hundreds`, `meeting_program_id`, `swimmer_id`, `team_id`, `badge_id`, `user_id`, `created_at`, `updated_at`, `disqualification_code_type_id`, `goggle_cup_points`, `reaction_time`, `team_points`, `team_affiliation_id`)
VALUES (110140, 3, 1, 0, 0, 690.07, 690.07, 1, 22, 5, 6808, 4722, 289, 8017, 1, '2014-11-17 19:19:50', '2014-11-17 19:19:50', NULL, 0.0, 0.0, 0.0, 486);

INSERT INTO `meeting_individual_results` (`id`, `rank`, `is_play_off`, `is_out_of_race`, `is_disqualified`, `standard_points`, `meeting_individual_points`, `minutes`, `seconds`, `hundreds`, `meeting_program_id`, `swimmer_id`, `team_id`, `badge_id`, `user_id`, `created_at`, `updated_at`, `disqualification_code_type_id`, `goggle_cup_points`, `reaction_time`, `team_points`, `team_affiliation_id`)
VALUES (110141, 4, 1, 0, 0, 647.31, 647.31, 1, 27, 47, 6808, 3724, 55, 6950, 1, '2014-11-17 19:19:50', '2014-11-17 19:19:50', NULL, 0.0, 0.0, 0.0, NULL);

INSERT INTO `meeting_individual_results` (`id`, `rank`, `is_play_off`, `is_out_of_race`, `is_disqualified`, `standard_points`, `meeting_individual_points`, `minutes`, `seconds`, `hundreds`, `meeting_program_id`, `swimmer_id`, `team_id`, `badge_id`, `user_id`, `created_at`, `updated_at`, `disqualification_code_type_id`, `goggle_cup_points`, `reaction_time`, `team_points`, `team_affiliation_id`)
VALUES (110142, 1, 1, 0, 0, 748.94, 748.94, 1, 15, 44, 6809, 4723, 289, 8018, 1, '2014-11-17 19:19:51', '2014-11-17 19:19:51', NULL, 0.0, 0.0, 0.0, 486);

INSERT INTO `meeting_individual_results` (`id`, `rank`, `is_play_off`, `is_out_of_race`, `is_disqualified`, `standard_points`, `meeting_individual_points`, `minutes`, `seconds`, `hundreds`, `meeting_program_id`, `swimmer_id`, `team_id`, `badge_id`, `user_id`, `created_at`, `updated_at`, `disqualification_code_type_id`, `goggle_cup_points`, `reaction_time`, `team_points`, `team_affiliation_id`)
VALUES (110143, 2, 1, 0, 0, 627.5, 627.5, 1, 30, 4, 6809, 4724, 55, 8019, 1, '2014-11-17 19:19:51', '2014-11-17 19:19:51', NULL, 0.0, 0.0, 0.0, NULL);

INSERT INTO `meeting_individual_results` (`id`, `rank`, `is_play_off`, `is_out_of_race`, `is_disqualified`, `standard_points`, `meeting_individual_points`, `minutes`, `seconds`, `hundreds`, `meeting_program_id`, `swimmer_id`, `team_id`, `badge_id`, `user_id`, `created_at`, `updated_at`, `disqualification_code_type_id`, `goggle_cup_points`, `reaction_time`, `team_points`, `team_affiliation_id`)
VALUES (110144, 1, 1, 0, 0, 972.72, 972.72, 0, 59, 76, 6810, 4725, 285, 8020, 1, '2014-11-17 19:19:51', '2014-11-17 19:19:51', NULL, 0.0, 0.0, 0.0, 482);

INSERT INTO `meeting_individual_results` (`id`, `rank`, `is_play_off`, `is_out_of_race`, `is_disqualified`, `standard_points`, `meeting_individual_points`, `minutes`, `seconds`, `hundreds`, `meeting_program_id`, `swimmer_id`, `team_id`, `badge_id`, `user_id`, `created_at`, `updated_at`, `disqualification_code_type_id`, `goggle_cup_points`, `reaction_time`, `team_points`, `team_affiliation_id`)
VALUES (110145, 2, 1, 0, 0, 744.59, 744.59, 1, 18, 7, 6810, 4726, 289, 8021, 1, '2014-11-17 19:19:51', '2014-11-17 19:19:51', NULL, 0.0, 0.0, 0.0, 486);

INSERT INTO `meeting_individual_results` (`id`, `rank`, `is_play_off`, `is_out_of_race`, `is_disqualified`, `standard_points`, `meeting_individual_points`, `minutes`, `seconds`, `hundreds`, `meeting_program_id`, `swimmer_id`, `team_id`, `badge_id`, `user_id`, `created_at`, `updated_at`, `disqualification_code_type_id`, `goggle_cup_points`, `reaction_time`, `team_points`, `team_affiliation_id`)
VALUES (110146, 1, 1, 0, 0, 787.91, 787.91, 1, 16, 62, 6811, 4727, 215, 8022, 1, '2014-11-17 19:19:51', '2014-11-17 19:19:51', NULL, 0.0, 0.0, 0.0, NULL);

INSERT INTO `meeting_individual_results` (`id`, `rank`, `is_play_off`, `is_out_of_race`, `is_disqualified`, `standard_points`, `meeting_individual_points`, `minutes`, `seconds`, `hundreds`, `meeting_program_id`, `swimmer_id`, `team_id`, `badge_id`, `user_id`, `created_at`, `updated_at`, `disqualification_code_type_id`, `goggle_cup_points`, `reaction_time`, `team_points`, `team_affiliation_id`)
VALUES (110147, 2, 1, 0, 0, 685.87, 685.87, 1, 28, 2, 6811, 4728, 105, 8023, 1, '2014-11-17 19:19:51', '2014-11-17 19:19:51', NULL, 0.0, 0.0, 0.0, NULL);

INSERT INTO `meeting_individual_results` (`id`, `rank`, `is_play_off`, `is_out_of_race`, `is_disqualified`, `standard_points`, `meeting_individual_points`, `minutes`, `seconds`, `hundreds`, `meeting_program_id`, `swimmer_id`, `team_id`, `badge_id`, `user_id`, `created_at`, `updated_at`, `disqualification_code_type_id`, `goggle_cup_points`, `reaction_time`, `team_points`, `team_affiliation_id`)
VALUES (110148, 1, 1, 0, 0, 590.15, 590.15, 1, 45, 77, 6812, 2455, 109, 5655, 1, '2014-11-17 19:19:51', '2014-11-17 19:19:51', NULL, 0.0, 0.0, 0.0, NULL);

INSERT INTO `meeting_individual_results` (`id`, `rank`, `is_play_off`, `is_out_of_race`, `is_disqualified`, `standard_points`, `meeting_individual_points`, `minutes`, `seconds`, `hundreds`, `meeting_program_id`, `swimmer_id`, `team_id`, `badge_id`, `user_id`, `created_at`, `updated_at`, `disqualification_code_type_id`, `goggle_cup_points`, `reaction_time`, `team_points`, `team_affiliation_id`)
VALUES (110149, 1, 1, 0, 0, 799.42, 799.42, 1, 2, 42, 6813, 4729, 282, 8024, 1, '2014-11-17 19:19:51', '2014-11-17 19:19:51', NULL, 0.0, 0.0, 0.0, 479);

INSERT INTO `meeting_individual_results` (`id`, `rank`, `is_play_off`, `is_out_of_race`, `is_disqualified`, `standard_points`, `meeting_individual_points`, `minutes`, `seconds`, `hundreds`, `meeting_program_id`, `swimmer_id`, `team_id`, `badge_id`, `user_id`, `created_at`, `updated_at`, `disqualification_code_type_id`, `goggle_cup_points`, `reaction_time`, `team_points`, `team_affiliation_id`)
VALUES (110150, 2, 1, 0, 0, 773.4, 773.4, 1, 4, 52, 6813, 4730, 227, 8025, 1, '2014-11-17 19:19:51', '2014-11-17 19:19:51', NULL, 0.0, 0.0, 0.0, NULL);

INSERT INTO `meeting_individual_results` (`id`, `rank`, `is_play_off`, `is_out_of_race`, `is_disqualified`, `standard_points`, `meeting_individual_points`, `minutes`, `seconds`, `hundreds`, `meeting_program_id`, `swimmer_id`, `team_id`, `badge_id`, `user_id`, `created_at`, `updated_at`, `disqualification_code_type_id`, `goggle_cup_points`, `reaction_time`, `team_points`, `team_affiliation_id`)
VALUES (110151, 1, 1, 0, 0, 833.33, 833.33, 1, 0, 18, 6814, 4731, 221, 8026, 1, '2014-11-17 19:19:51', '2014-11-17 19:19:51', NULL, 0.0, 0.0, 0.0, NULL);

INSERT INTO `meeting_individual_results` (`id`, `rank`, `is_play_off`, `is_out_of_race`, `is_disqualified`, `standard_points`, `meeting_individual_points`, `minutes`, `seconds`, `hundreds`, `meeting_program_id`, `swimmer_id`, `team_id`, `badge_id`, `user_id`, `created_at`, `updated_at`, `disqualification_code_type_id`, `goggle_cup_points`, `reaction_time`, `team_points`, `team_affiliation_id`)
VALUES (110152, 2, 1, 0, 0, 795.53, 795.53, 1, 3, 4, 6814, 4732, 227, 8027, 1, '2014-11-17 19:19:51', '2014-11-17 19:19:51', NULL, 0.0, 0.0, 0.0, NULL);

INSERT INTO `meeting_individual_results` (`id`, `rank`, `is_play_off`, `is_out_of_race`, `is_disqualified`, `standard_points`, `meeting_individual_points`, `minutes`, `seconds`, `hundreds`, `meeting_program_id`, `swimmer_id`, `team_id`, `badge_id`, `user_id`, `created_at`, `updated_at`, `disqualification_code_type_id`, `goggle_cup_points`, `reaction_time`, `team_points`, `team_affiliation_id`)
VALUES (110153, 3, 1, 0, 0, 718.07, 718.07, 1, 9, 84, 6814, 4733, 48, 8028, 1, '2014-11-17 19:19:52', '2014-11-17 19:19:52', NULL, 0.0, 0.0, 0.0, NULL);

INSERT INTO `meeting_individual_results` (`id`, `rank`, `is_play_off`, `is_out_of_race`, `is_disqualified`, `standard_points`, `meeting_individual_points`, `minutes`, `seconds`, `hundreds`, `meeting_program_id`, `swimmer_id`, `team_id`, `badge_id`, `user_id`, `created_at`, `updated_at`, `disqualification_code_type_id`, `goggle_cup_points`, `reaction_time`, `team_points`, `team_affiliation_id`)
VALUES (110154, 1, 1, 0, 0, 795.08, 795.08, 1, 4, 17, 6815, 4734, 287, 8029, 1, '2014-11-17 19:19:52', '2014-11-17 19:19:52', NULL, 0.0, 0.0, 0.0, 484);

INSERT INTO `meeting_individual_results` (`id`, `rank`, `is_play_off`, `is_out_of_race`, `is_disqualified`, `standard_points`, `meeting_individual_points`, `minutes`, `seconds`, `hundreds`, `meeting_program_id`, `swimmer_id`, `team_id`, `badge_id`, `user_id`, `created_at`, `updated_at`, `disqualification_code_type_id`, `goggle_cup_points`, `reaction_time`, `team_points`, `team_affiliation_id`)
VALUES (110155, 2, 1, 0, 0, 784.8, 784.8, 1, 5, 1, 6815, 4735, 221, 8030, 1, '2014-11-17 19:19:52', '2014-11-17 19:19:52', NULL, 0.0, 0.0, 0.0, NULL);

INSERT INTO `meeting_individual_results` (`id`, `rank`, `is_play_off`, `is_out_of_race`, `is_disqualified`, `standard_points`, `meeting_individual_points`, `minutes`, `seconds`, `hundreds`, `meeting_program_id`, `swimmer_id`, `team_id`, `badge_id`, `user_id`, `created_at`, `updated_at`, `disqualification_code_type_id`, `goggle_cup_points`, `reaction_time`, `team_points`, `team_affiliation_id`)
VALUES (110156, 3, 1, 0, 0, 724.61, 724.61, 1, 10, 41, 6815, 3731, 55, 6959, 1, '2014-11-17 19:19:52', '2014-11-17 19:19:52', NULL, 0.0, 0.0, 0.0, NULL);

INSERT INTO `meeting_individual_results` (`id`, `rank`, `is_play_off`, `is_out_of_race`, `is_disqualified`, `standard_points`, `meeting_individual_points`, `minutes`, `seconds`, `hundreds`, `meeting_program_id`, `swimmer_id`, `team_id`, `badge_id`, `user_id`, `created_at`, `updated_at`, `disqualification_code_type_id`, `goggle_cup_points`, `reaction_time`, `team_points`, `team_affiliation_id`)
VALUES (110157, 4, 1, 0, 0, 706.55, 706.55, 1, 12, 21, 6815, 4736, 221, 8031, 1, '2014-11-17 19:19:52', '2014-11-17 19:19:52', NULL, 0.0, 0.0, 0.0, NULL);

INSERT INTO `meeting_individual_results` (`id`, `rank`, `is_play_off`, `is_out_of_race`, `is_disqualified`, `standard_points`, `meeting_individual_points`, `minutes`, `seconds`, `hundreds`, `meeting_program_id`, `swimmer_id`, `team_id`, `badge_id`, `user_id`, `created_at`, `updated_at`, `disqualification_code_type_id`, `goggle_cup_points`, `reaction_time`, `team_points`, `team_affiliation_id`)
VALUES (110158, 5, 1, 0, 0, 697.95, 697.95, 1, 13, 10, 6815, 4737, 216, 8032, 1, '2014-11-17 19:19:52', '2014-11-17 19:19:52', NULL, 0.0, 0.0, 0.0, NULL);

INSERT INTO `meeting_individual_results` (`id`, `rank`, `is_play_off`, `is_out_of_race`, `is_disqualified`, `standard_points`, `meeting_individual_points`, `minutes`, `seconds`, `hundreds`, `meeting_program_id`, `swimmer_id`, `team_id`, `badge_id`, `user_id`, `created_at`, `updated_at`, `disqualification_code_type_id`, `goggle_cup_points`, `reaction_time`, `team_points`, `team_affiliation_id`)
VALUES (110159, 6, 1, 0, 0, 678.37, 678.37, 1, 15, 21, 6815, 4738, 225, 8033, 1, '2014-11-17 19:19:52', '2014-11-17 19:19:52', NULL, 0.0, 0.0, 0.0, NULL);

INSERT INTO `meeting_individual_results` (`id`, `rank`, `is_play_off`, `is_out_of_race`, `is_disqualified`, `standard_points`, `meeting_individual_points`, `minutes`, `seconds`, `hundreds`, `meeting_program_id`, `swimmer_id`, `team_id`, `badge_id`, `user_id`, `created_at`, `updated_at`, `disqualification_code_type_id`, `goggle_cup_points`, `reaction_time`, `team_points`, `team_affiliation_id`)
VALUES (110160, 7, 1, 0, 0, 634.5, 634.5, 1, 20, 41, 6815, 4739, 225, 8034, 1, '2014-11-17 19:19:52', '2014-11-17 19:19:52', NULL, 0.0, 0.0, 0.0, NULL);

INSERT INTO `meeting_individual_results` (`id`, `rank`, `is_play_off`, `is_out_of_race`, `is_disqualified`, `standard_points`, `meeting_individual_points`, `minutes`, `seconds`, `hundreds`, `meeting_program_id`, `swimmer_id`, `team_id`, `badge_id`, `user_id`, `created_at`, `updated_at`, `disqualification_code_type_id`, `goggle_cup_points`, `reaction_time`, `team_points`, `team_affiliation_id`)
VALUES (110161, 1, 1, 0, 0, 910.19, 910.19, 0, 57, 1, 6816, 4740, 215, 8035, 1, '2014-11-17 19:19:52', '2014-11-17 19:19:52', NULL, 0.0, 0.0, 0.0, NULL);

INSERT INTO `meeting_individual_results` (`id`, `rank`, `is_play_off`, `is_out_of_race`, `is_disqualified`, `standard_points`, `meeting_individual_points`, `minutes`, `seconds`, `hundreds`, `meeting_program_id`, `swimmer_id`, `team_id`, `badge_id`, `user_id`, `created_at`, `updated_at`, `disqualification_code_type_id`, `goggle_cup_points`, `reaction_time`, `team_points`, `team_affiliation_id`)
VALUES (110162, 2, 1, 0, 0, 852.19, 852.19, 1, 0, 89, 6816, 4707, 54, 8002, 1, '2014-11-17 19:19:52', '2014-11-17 19:19:52', NULL, 0.0, 0.0, 0.0, NULL);

INSERT INTO `meeting_individual_results` (`id`, `rank`, `is_play_off`, `is_out_of_race`, `is_disqualified`, `standard_points`, `meeting_individual_points`, `minutes`, `seconds`, `hundreds`, `meeting_program_id`, `swimmer_id`, `team_id`, `badge_id`, `user_id`, `created_at`, `updated_at`, `disqualification_code_type_id`, `goggle_cup_points`, `reaction_time`, `team_points`, `team_affiliation_id`)
VALUES (110163, 3, 1, 0, 0, 791.13, 791.13, 1, 5, 59, 6816, 3696, 78, 6922, 1, '2014-11-17 19:19:52', '2014-11-17 19:19:52', NULL, 0.0, 0.0, 0.0, NULL);

INSERT INTO `meeting_individual_results` (`id`, `rank`, `is_play_off`, `is_out_of_race`, `is_disqualified`, `standard_points`, `meeting_individual_points`, `minutes`, `seconds`, `hundreds`, `meeting_program_id`, `swimmer_id`, `team_id`, `badge_id`, `user_id`, `created_at`, `updated_at`, `disqualification_code_type_id`, `goggle_cup_points`, `reaction_time`, `team_points`, `team_affiliation_id`)
VALUES (110164, 4, 1, 0, 0, 772.86, 772.86, 1, 7, 14, 6816, 4741, 109, 8036, 1, '2014-11-17 19:19:52', '2014-11-17 19:19:52', NULL, 0.0, 0.0, 0.0, NULL);

INSERT INTO `meeting_individual_results` (`id`, `rank`, `is_play_off`, `is_out_of_race`, `is_disqualified`, `standard_points`, `meeting_individual_points`, `minutes`, `seconds`, `hundreds`, `meeting_program_id`, `swimmer_id`, `team_id`, `badge_id`, `user_id`, `created_at`, `updated_at`, `disqualification_code_type_id`, `goggle_cup_points`, `reaction_time`, `team_points`, `team_affiliation_id`)
VALUES (110165, 5, 1, 0, 0, 713.66, 713.66, 1, 12, 71, 6816, 4742, 225, 8037, 1, '2014-11-17 19:19:52', '2014-11-17 19:19:52', NULL, 0.0, 0.0, 0.0, NULL);

INSERT INTO `meeting_individual_results` (`id`, `rank`, `is_play_off`, `is_out_of_race`, `is_disqualified`, `standard_points`, `meeting_individual_points`, `minutes`, `seconds`, `hundreds`, `meeting_program_id`, `swimmer_id`, `team_id`, `badge_id`, `user_id`, `created_at`, `updated_at`, `disqualification_code_type_id`, `goggle_cup_points`, `reaction_time`, `team_points`, `team_affiliation_id`)
VALUES (110166, 6, 1, 0, 0, 556.7, 556.7, 1, 33, 21, 6816, 4743, 55, 8038, 1, '2014-11-17 19:19:53', '2014-11-17 19:19:53', NULL, 0.0, 0.0, 0.0, NULL);

INSERT INTO `meeting_individual_results` (`id`, `rank`, `is_play_off`, `is_out_of_race`, `is_disqualified`, `standard_points`, `meeting_individual_points`, `minutes`, `seconds`, `hundreds`, `meeting_program_id`, `swimmer_id`, `team_id`, `badge_id`, `user_id`, `created_at`, `updated_at`, `disqualification_code_type_id`, `goggle_cup_points`, `reaction_time`, `team_points`, `team_affiliation_id`)
VALUES (110167, 1, 1, 0, 0, 774.14, 774.14, 1, 8, 67, 6817, 4744, 105, 8039, 1, '2014-11-17 19:19:53', '2014-11-17 19:19:53', NULL, 0.0, 0.0, 0.0, NULL);

INSERT INTO `meeting_individual_results` (`id`, `rank`, `is_play_off`, `is_out_of_race`, `is_disqualified`, `standard_points`, `meeting_individual_points`, `minutes`, `seconds`, `hundreds`, `meeting_program_id`, `swimmer_id`, `team_id`, `badge_id`, `user_id`, `created_at`, `updated_at`, `disqualification_code_type_id`, `goggle_cup_points`, `reaction_time`, `team_points`, `team_affiliation_id`)
VALUES (110168, 2, 1, 0, 0, 760.95, 760.95, 1, 9, 86, 6817, 4745, 221, 8040, 1, '2014-11-17 19:19:53', '2014-11-17 19:19:53', NULL, 0.0, 0.0, 0.0, NULL);

INSERT INTO `meeting_individual_results` (`id`, `rank`, `is_play_off`, `is_out_of_race`, `is_disqualified`, `standard_points`, `meeting_individual_points`, `minutes`, `seconds`, `hundreds`, `meeting_program_id`, `swimmer_id`, `team_id`, `badge_id`, `user_id`, `created_at`, `updated_at`, `disqualification_code_type_id`, `goggle_cup_points`, `reaction_time`, `team_points`, `team_affiliation_id`)
VALUES (110169, 3, 1, 0, 0, 760.08, 760.08, 1, 9, 94, 6817, 3733, 221, 6962, 1, '2014-11-17 19:19:53', '2014-11-17 19:19:53', NULL, 0.0, 0.0, 0.0, NULL);

INSERT INTO `meeting_individual_results` (`id`, `rank`, `is_play_off`, `is_out_of_race`, `is_disqualified`, `standard_points`, `meeting_individual_points`, `minutes`, `seconds`, `hundreds`, `meeting_program_id`, `swimmer_id`, `team_id`, `badge_id`, `user_id`, `created_at`, `updated_at`, `disqualification_code_type_id`, `goggle_cup_points`, `reaction_time`, `team_points`, `team_affiliation_id`)
VALUES (110170, 4, 1, 0, 0, 751.27, 751.27, 1, 10, 76, 6817, 4746, 225, 8041, 1, '2014-11-17 19:19:53', '2014-11-17 19:19:53', NULL, 0.0, 0.0, 0.0, NULL);

INSERT INTO `meeting_individual_results` (`id`, `rank`, `is_play_off`, `is_out_of_race`, `is_disqualified`, `standard_points`, `meeting_individual_points`, `minutes`, `seconds`, `hundreds`, `meeting_program_id`, `swimmer_id`, `team_id`, `badge_id`, `user_id`, `created_at`, `updated_at`, `disqualification_code_type_id`, `goggle_cup_points`, `reaction_time`, `team_points`, `team_affiliation_id`)
VALUES (110171, 5, 1, 0, 0, 681.19, 681.19, 1, 18, 4, 6817, 4747, 221, 8042, 1, '2014-11-17 19:19:53', '2014-11-17 19:19:53', NULL, 0.0, 0.0, 0.0, NULL);

INSERT INTO `meeting_individual_results` (`id`, `rank`, `is_play_off`, `is_out_of_race`, `is_disqualified`, `standard_points`, `meeting_individual_points`, `minutes`, `seconds`, `hundreds`, `meeting_program_id`, `swimmer_id`, `team_id`, `badge_id`, `user_id`, `created_at`, `updated_at`, `disqualification_code_type_id`, `goggle_cup_points`, `reaction_time`, `team_points`, `team_affiliation_id`)
VALUES (110172, 6, 1, 0, 0, 568.92, 568.92, 1, 33, 44, 6817, 4748, 225, 8043, 1, '2014-11-17 19:19:53', '2014-11-17 19:19:53', NULL, 0.0, 0.0, 0.0, NULL);

INSERT INTO `meeting_individual_results` (`id`, `rank`, `is_play_off`, `is_out_of_race`, `is_disqualified`, `standard_points`, `meeting_individual_points`, `minutes`, `seconds`, `hundreds`, `meeting_program_id`, `swimmer_id`, `team_id`, `badge_id`, `user_id`, `created_at`, `updated_at`, `disqualification_code_type_id`, `goggle_cup_points`, `reaction_time`, `team_points`, `team_affiliation_id`)
VALUES (110173, 1, 1, 0, 0, 699.27, 699.27, 1, 18, 41, 6818, 2012, 41, 5198, 1, '2014-11-17 19:19:53', '2014-11-17 19:19:53', NULL, 0.0, 0.0, 0.0, NULL);

INSERT INTO `meeting_individual_results` (`id`, `rank`, `is_play_off`, `is_out_of_race`, `is_disqualified`, `standard_points`, `meeting_individual_points`, `minutes`, `seconds`, `hundreds`, `meeting_program_id`, `swimmer_id`, `team_id`, `badge_id`, `user_id`, `created_at`, `updated_at`, `disqualification_code_type_id`, `goggle_cup_points`, `reaction_time`, `team_points`, `team_affiliation_id`)
VALUES (110174, 2, 1, 0, 0, 540.36, 540.36, 1, 41, 47, 6818, 3737, 55, 6966, 1, '2014-11-17 19:19:53', '2014-11-17 19:19:53', NULL, 0.0, 0.0, 0.0, NULL);

INSERT INTO `meeting_individual_results` (`id`, `rank`, `is_play_off`, `is_out_of_race`, `is_disqualified`, `standard_points`, `meeting_individual_points`, `minutes`, `seconds`, `hundreds`, `meeting_program_id`, `swimmer_id`, `team_id`, `badge_id`, `user_id`, `created_at`, `updated_at`, `disqualification_code_type_id`, `goggle_cup_points`, `reaction_time`, `team_points`, `team_affiliation_id`)
VALUES (110175, 1, 1, 0, 0, 706.28, 706.28, 1, 20, 45, 6819, 4749, 54, 8044, 1, '2014-11-17 19:19:53', '2014-11-17 19:19:53', NULL, 0.0, 0.0, 0.0, NULL);

INSERT INTO `meeting_individual_results` (`id`, `rank`, `is_play_off`, `is_out_of_race`, `is_disqualified`, `standard_points`, `meeting_individual_points`, `minutes`, `seconds`, `hundreds`, `meeting_program_id`, `swimmer_id`, `team_id`, `badge_id`, `user_id`, `created_at`, `updated_at`, `disqualification_code_type_id`, `goggle_cup_points`, `reaction_time`, `team_points`, `team_affiliation_id`)
VALUES (110176, 2, 1, 0, 0, 675.78, 675.78, 1, 24, 8, 6819, 4750, 225, 8045, 1, '2014-11-17 19:19:53', '2014-11-17 19:19:53', NULL, 0.0, 0.0, 0.0, NULL);

INSERT INTO `meeting_individual_results` (`id`, `rank`, `is_play_off`, `is_out_of_race`, `is_disqualified`, `standard_points`, `meeting_individual_points`, `minutes`, `seconds`, `hundreds`, `meeting_program_id`, `swimmer_id`, `team_id`, `badge_id`, `user_id`, `created_at`, `updated_at`, `disqualification_code_type_id`, `goggle_cup_points`, `reaction_time`, `team_points`, `team_affiliation_id`)
VALUES (110177, 1, 1, 0, 0, 842.58, 842.58, 1, 17, 88, 6820, 4751, 279, 8046, 1, '2014-11-17 19:19:53', '2014-11-17 19:19:53', NULL, 0.0, 0.0, 0.0, 476);

INSERT INTO `meeting_individual_results` (`id`, `rank`, `is_play_off`, `is_out_of_race`, `is_disqualified`, `standard_points`, `meeting_individual_points`, `minutes`, `seconds`, `hundreds`, `meeting_program_id`, `swimmer_id`, `team_id`, `badge_id`, `user_id`, `created_at`, `updated_at`, `disqualification_code_type_id`, `goggle_cup_points`, `reaction_time`, `team_points`, `team_affiliation_id`)
VALUES (110178, 2, 1, 0, 0, 809.72, 809.72, 1, 21, 4, 6820, 2025, 77, 5212, 1, '2014-11-17 19:19:53', '2014-11-17 19:19:53', NULL, 0.0, 0.0, 0.0, NULL);

INSERT INTO `meeting_individual_results` (`id`, `rank`, `is_play_off`, `is_out_of_race`, `is_disqualified`, `standard_points`, `meeting_individual_points`, `minutes`, `seconds`, `hundreds`, `meeting_program_id`, `swimmer_id`, `team_id`, `badge_id`, `user_id`, `created_at`, `updated_at`, `disqualification_code_type_id`, `goggle_cup_points`, `reaction_time`, `team_points`, `team_affiliation_id`)
VALUES (110179, 3, 1, 0, 0, 522.33, 522.33, 2, 5, 63, 6820, 3742, 221, 6971, 1, '2014-11-17 19:19:54', '2014-11-17 19:19:54', NULL, 0.0, 0.0, 0.0, NULL);

INSERT INTO `meeting_individual_results` (`id`, `rank`, `is_play_off`, `is_out_of_race`, `is_disqualified`, `standard_points`, `meeting_individual_points`, `minutes`, `seconds`, `hundreds`, `meeting_program_id`, `swimmer_id`, `team_id`, `badge_id`, `user_id`, `created_at`, `updated_at`, `disqualification_code_type_id`, `goggle_cup_points`, `reaction_time`, `team_points`, `team_affiliation_id`)
VALUES (110180, 1, 1, 0, 0, 814.23, 814.23, 1, 27, 58, 6821, 3721, 225, 6947, 1, '2014-11-17 19:19:54', '2014-11-17 19:19:54', NULL, 0.0, 0.0, 0.0, NULL);

INSERT INTO `meeting_individual_results` (`id`, `rank`, `is_play_off`, `is_out_of_race`, `is_disqualified`, `standard_points`, `meeting_individual_points`, `minutes`, `seconds`, `hundreds`, `meeting_program_id`, `swimmer_id`, `team_id`, `badge_id`, `user_id`, `created_at`, `updated_at`, `disqualification_code_type_id`, `goggle_cup_points`, `reaction_time`, `team_points`, `team_affiliation_id`)
VALUES (110181, 1, 1, 0, 0, 911.03, 911.03, 2, 45, 23, 6822, 3683, 221, 6906, 1, '2014-11-17 19:19:54', '2014-11-17 19:19:54', NULL, 0.0, 0.0, 0.0, NULL);

INSERT INTO `meeting_individual_results` (`id`, `rank`, `is_play_off`, `is_out_of_race`, `is_disqualified`, `standard_points`, `meeting_individual_points`, `minutes`, `seconds`, `hundreds`, `meeting_program_id`, `swimmer_id`, `team_id`, `badge_id`, `user_id`, `created_at`, `updated_at`, `disqualification_code_type_id`, `goggle_cup_points`, `reaction_time`, `team_points`, `team_affiliation_id`)
VALUES (110182, 2, 1, 0, 0, 757.5, 757.5, 3, 18, 72, 6822, 4752, 286, 8047, 1, '2014-11-17 19:19:54', '2014-11-17 19:19:54', NULL, 0.0, 0.0, 0.0, 483);

INSERT INTO `meeting_individual_results` (`id`, `rank`, `is_play_off`, `is_out_of_race`, `is_disqualified`, `standard_points`, `meeting_individual_points`, `minutes`, `seconds`, `hundreds`, `meeting_program_id`, `swimmer_id`, `team_id`, `badge_id`, `user_id`, `created_at`, `updated_at`, `disqualification_code_type_id`, `goggle_cup_points`, `reaction_time`, `team_points`, `team_affiliation_id`)
VALUES (110183, 3, 1, 0, 0, 750.06, 750.06, 3, 20, 69, 6822, 4753, 225, 8048, 1, '2014-11-17 19:19:54', '2014-11-17 19:19:54', NULL, 0.0, 0.0, 0.0, NULL);

INSERT INTO `meeting_individual_results` (`id`, `rank`, `is_play_off`, `is_out_of_race`, `is_disqualified`, `standard_points`, `meeting_individual_points`, `minutes`, `seconds`, `hundreds`, `meeting_program_id`, `swimmer_id`, `team_id`, `badge_id`, `user_id`, `created_at`, `updated_at`, `disqualification_code_type_id`, `goggle_cup_points`, `reaction_time`, `team_points`, `team_affiliation_id`)
VALUES (110184, 1, 1, 0, 0, 842.05, 842.05, 3, 4, 43, 6823, 4754, 280, 8049, 1, '2014-11-17 19:19:54', '2014-11-17 19:19:54', NULL, 0.0, 0.0, 0.0, 477);

INSERT INTO `meeting_individual_results` (`id`, `rank`, `is_play_off`, `is_out_of_race`, `is_disqualified`, `standard_points`, `meeting_individual_points`, `minutes`, `seconds`, `hundreds`, `meeting_program_id`, `swimmer_id`, `team_id`, `badge_id`, `user_id`, `created_at`, `updated_at`, `disqualification_code_type_id`, `goggle_cup_points`, `reaction_time`, `team_points`, `team_affiliation_id`)
VALUES (110185, 2, 1, 0, 0, 836.79, 836.79, 3, 5, 59, 6823, 3686, 221, 6909, 1, '2014-11-17 19:19:54', '2014-11-17 19:19:54', NULL, 0.0, 0.0, 0.0, NULL);

INSERT INTO `meeting_individual_results` (`id`, `rank`, `is_play_off`, `is_out_of_race`, `is_disqualified`, `standard_points`, `meeting_individual_points`, `minutes`, `seconds`, `hundreds`, `meeting_program_id`, `swimmer_id`, `team_id`, `badge_id`, `user_id`, `created_at`, `updated_at`, `disqualification_code_type_id`, `goggle_cup_points`, `reaction_time`, `team_points`, `team_affiliation_id`)
VALUES (110186, 3, 1, 0, 0, 743.24, 743.24, 3, 28, 95, 6823, 1903, 64, 5084, 1, '2014-11-17 19:19:54', '2014-11-17 19:19:54', NULL, 0.0, 0.0, 0.0, NULL);

INSERT INTO `meeting_individual_results` (`id`, `rank`, `is_play_off`, `is_out_of_race`, `is_disqualified`, `standard_points`, `meeting_individual_points`, `minutes`, `seconds`, `hundreds`, `meeting_program_id`, `swimmer_id`, `team_id`, `badge_id`, `user_id`, `created_at`, `updated_at`, `disqualification_code_type_id`, `goggle_cup_points`, `reaction_time`, `team_points`, `team_affiliation_id`)
VALUES (110187, 1, 1, 0, 0, 586.2, 586.2, 5, 51, 14, 6824, 4755, 279, 8050, 1, '2014-11-17 19:19:54', '2014-11-17 19:19:54', NULL, 0.0, 0.0, 0.0, 476);

INSERT INTO `meeting_individual_results` (`id`, `rank`, `is_play_off`, `is_out_of_race`, `is_disqualified`, `standard_points`, `meeting_individual_points`, `minutes`, `seconds`, `hundreds`, `meeting_program_id`, `swimmer_id`, `team_id`, `badge_id`, `user_id`, `created_at`, `updated_at`, `disqualification_code_type_id`, `goggle_cup_points`, `reaction_time`, `team_points`, `team_affiliation_id`)
VALUES (110188, 1, 1, 0, 0, 763.27, 763.27, 2, 41, 96, 6825, 4756, 221, 8051, 1, '2014-11-17 19:19:54', '2014-11-17 19:19:54', NULL, 0.0, 0.0, 0.0, NULL);

INSERT INTO `meeting_individual_results` (`id`, `rank`, `is_play_off`, `is_out_of_race`, `is_disqualified`, `standard_points`, `meeting_individual_points`, `minutes`, `seconds`, `hundreds`, `meeting_program_id`, `swimmer_id`, `team_id`, `badge_id`, `user_id`, `created_at`, `updated_at`, `disqualification_code_type_id`, `goggle_cup_points`, `reaction_time`, `team_points`, `team_affiliation_id`)
VALUES (110189, 1, 1, 0, 0, 854.84, 854.84, 2, 28, 32, 6826, 4718, 289, 8013, 1, '2014-11-17 19:19:54', '2014-11-17 19:19:54', NULL, 0.0, 0.0, 0.0, 486);

INSERT INTO `meeting_individual_results` (`id`, `rank`, `is_play_off`, `is_out_of_race`, `is_disqualified`, `standard_points`, `meeting_individual_points`, `minutes`, `seconds`, `hundreds`, `meeting_program_id`, `swimmer_id`, `team_id`, `badge_id`, `user_id`, `created_at`, `updated_at`, `disqualification_code_type_id`, `goggle_cup_points`, `reaction_time`, `team_points`, `team_affiliation_id`)
VALUES (110190, 1, 1, 0, 0, 837.15, 837.15, 2, 34, 7, 6827, 4757, 286, 8052, 1, '2014-11-17 19:19:55', '2014-11-17 19:19:55', NULL, 0.0, 0.0, 0.0, 483);

INSERT INTO `meeting_individual_results` (`id`, `rank`, `is_play_off`, `is_out_of_race`, `is_disqualified`, `standard_points`, `meeting_individual_points`, `minutes`, `seconds`, `hundreds`, `meeting_program_id`, `swimmer_id`, `team_id`, `badge_id`, `user_id`, `created_at`, `updated_at`, `disqualification_code_type_id`, `goggle_cup_points`, `reaction_time`, `team_points`, `team_affiliation_id`)
VALUES (110191, 2, 1, 0, 0, 758.08, 758.08, 2, 50, 14, 6827, 4758, 221, 8053, 1, '2014-11-17 19:19:55', '2014-11-17 19:19:55', NULL, 0.0, 0.0, 0.0, NULL);

INSERT INTO `meeting_individual_results` (`id`, `rank`, `is_play_off`, `is_out_of_race`, `is_disqualified`, `standard_points`, `meeting_individual_points`, `minutes`, `seconds`, `hundreds`, `meeting_program_id`, `swimmer_id`, `team_id`, `badge_id`, `user_id`, `created_at`, `updated_at`, `disqualification_code_type_id`, `goggle_cup_points`, `reaction_time`, `team_points`, `team_affiliation_id`)
VALUES (110192, 1, 1, 0, 0, 922.09, 922.09, 2, 23, 75, 6828, 3701, 225, 6927, 1, '2014-11-17 19:19:55', '2014-11-17 19:19:55', NULL, 0.0, 0.0, 0.0, NULL);

INSERT INTO `meeting_individual_results` (`id`, `rank`, `is_play_off`, `is_out_of_race`, `is_disqualified`, `standard_points`, `meeting_individual_points`, `minutes`, `seconds`, `hundreds`, `meeting_program_id`, `swimmer_id`, `team_id`, `badge_id`, `user_id`, `created_at`, `updated_at`, `disqualification_code_type_id`, `goggle_cup_points`, `reaction_time`, `team_points`, `team_affiliation_id`)
VALUES (110193, 2, 1, 0, 0, 854.83, 854.83, 2, 35, 6, 6828, 1988, 78, 5171, 1, '2014-11-17 19:19:55', '2014-11-17 19:19:55', NULL, 0.0, 0.0, 0.0, NULL);

INSERT INTO `meeting_individual_results` (`id`, `rank`, `is_play_off`, `is_out_of_race`, `is_disqualified`, `standard_points`, `meeting_individual_points`, `minutes`, `seconds`, `hundreds`, `meeting_program_id`, `swimmer_id`, `team_id`, `badge_id`, `user_id`, `created_at`, `updated_at`, `disqualification_code_type_id`, `goggle_cup_points`, `reaction_time`, `team_points`, `team_affiliation_id`)
VALUES (110194, 3, 1, 0, 0, 847.02, 847.02, 2, 36, 49, 6828, 3702, 221, 6928, 1, '2014-11-17 19:19:55', '2014-11-17 19:19:55', NULL, 0.0, 0.0, 0.0, NULL);

INSERT INTO `meeting_individual_results` (`id`, `rank`, `is_play_off`, `is_out_of_race`, `is_disqualified`, `standard_points`, `meeting_individual_points`, `minutes`, `seconds`, `hundreds`, `meeting_program_id`, `swimmer_id`, `team_id`, `badge_id`, `user_id`, `created_at`, `updated_at`, `disqualification_code_type_id`, `goggle_cup_points`, `reaction_time`, `team_points`, `team_affiliation_id`)
VALUES (110195, 4, 1, 0, 0, 586.35, 586.35, 3, 46, 6, 6828, 3734, 130, 6963, 1, '2014-11-17 19:19:55', '2014-11-17 19:19:55', NULL, 0.0, 0.0, 0.0, NULL);

INSERT INTO `meeting_individual_results` (`id`, `rank`, `is_play_off`, `is_out_of_race`, `is_disqualified`, `standard_points`, `meeting_individual_points`, `minutes`, `seconds`, `hundreds`, `meeting_program_id`, `swimmer_id`, `team_id`, `badge_id`, `user_id`, `created_at`, `updated_at`, `disqualification_code_type_id`, `goggle_cup_points`, `reaction_time`, `team_points`, `team_affiliation_id`)
VALUES (110196, 1, 1, 0, 0, 905.64, 905.64, 2, 32, 29, 6829, 4759, 78, 8054, 1, '2014-11-17 19:19:55', '2014-11-17 19:19:55', NULL, 0.0, 0.0, 0.0, NULL);

INSERT INTO `meeting_individual_results` (`id`, `rank`, `is_play_off`, `is_out_of_race`, `is_disqualified`, `standard_points`, `meeting_individual_points`, `minutes`, `seconds`, `hundreds`, `meeting_program_id`, `swimmer_id`, `team_id`, `badge_id`, `user_id`, `created_at`, `updated_at`, `disqualification_code_type_id`, `goggle_cup_points`, `reaction_time`, `team_points`, `team_affiliation_id`)
VALUES (110197, 2, 1, 0, 0, 751.24, 751.24, 3, 3, 59, 6829, 4760, 48, 8055, 1, '2014-11-17 19:19:55', '2014-11-17 19:19:55', NULL, 0.0, 0.0, 0.0, NULL);

INSERT INTO `meeting_individual_results` (`id`, `rank`, `is_play_off`, `is_out_of_race`, `is_disqualified`, `standard_points`, `meeting_individual_points`, `minutes`, `seconds`, `hundreds`, `meeting_program_id`, `swimmer_id`, `team_id`, `badge_id`, `user_id`, `created_at`, `updated_at`, `disqualification_code_type_id`, `goggle_cup_points`, `reaction_time`, `team_points`, `team_affiliation_id`)
VALUES (110198, 3, 1, 0, 1, 0.0, 0.0, 0, 0, 0, 6829, 3706, 78, 6932, 1, '2014-11-17 19:19:55', '2014-11-17 19:19:55', 1, 0.0, 0.0, 0.0, NULL);

INSERT INTO `meeting_individual_results` (`id`, `rank`, `is_play_off`, `is_out_of_race`, `is_disqualified`, `standard_points`, `meeting_individual_points`, `minutes`, `seconds`, `hundreds`, `meeting_program_id`, `swimmer_id`, `team_id`, `badge_id`, `user_id`, `created_at`, `updated_at`, `disqualification_code_type_id`, `goggle_cup_points`, `reaction_time`, `team_points`, `team_affiliation_id`)
VALUES (110199, 1, 1, 0, 0, 919.16, 919.16, 2, 36, 61, 6830, 2015, 78, 5201, 1, '2014-11-17 19:19:55', '2014-11-17 19:19:55', NULL, 0.0, 0.0, 0.0, NULL);

INSERT INTO `meeting_individual_results` (`id`, `rank`, `is_play_off`, `is_out_of_race`, `is_disqualified`, `standard_points`, `meeting_individual_points`, `minutes`, `seconds`, `hundreds`, `meeting_program_id`, `swimmer_id`, `team_id`, `badge_id`, `user_id`, `created_at`, `updated_at`, `disqualification_code_type_id`, `goggle_cup_points`, `reaction_time`, `team_points`, `team_affiliation_id`)
VALUES (110200, 1, 1, 0, 0, 864.43, 864.43, 2, 54, 23, 6831, 4761, 78, 8056, 1, '2014-11-17 19:19:55', '2014-11-17 19:19:55', NULL, 0.0, 0.0, 0.0, NULL);

INSERT INTO `meeting_individual_results` (`id`, `rank`, `is_play_off`, `is_out_of_race`, `is_disqualified`, `standard_points`, `meeting_individual_points`, `minutes`, `seconds`, `hundreds`, `meeting_program_id`, `swimmer_id`, `team_id`, `badge_id`, `user_id`, `created_at`, `updated_at`, `disqualification_code_type_id`, `goggle_cup_points`, `reaction_time`, `team_points`, `team_affiliation_id`)
VALUES (110201, 2, 1, 0, 0, 757.79, 757.79, 3, 18, 75, 6831, 3716, 223, 6942, 1, '2014-11-17 19:19:55', '2014-11-17 19:19:55', NULL, 0.0, 0.0, 0.0, NULL);

INSERT INTO `meeting_individual_results` (`id`, `rank`, `is_play_off`, `is_out_of_race`, `is_disqualified`, `standard_points`, `meeting_individual_points`, `minutes`, `seconds`, `hundreds`, `meeting_program_id`, `swimmer_id`, `team_id`, `badge_id`, `user_id`, `created_at`, `updated_at`, `disqualification_code_type_id`, `goggle_cup_points`, `reaction_time`, `team_points`, `team_affiliation_id`)
VALUES (110202, 3, 1, 0, 0, 614.61, 614.61, 4, 5, 5, 6831, 4762, 283, 8057, 1, '2014-11-17 19:19:56', '2014-11-17 19:19:56', NULL, 0.0, 0.0, 0.0, 480);

INSERT INTO `meeting_individual_results` (`id`, `rank`, `is_play_off`, `is_out_of_race`, `is_disqualified`, `standard_points`, `meeting_individual_points`, `minutes`, `seconds`, `hundreds`, `meeting_program_id`, `swimmer_id`, `team_id`, `badge_id`, `user_id`, `created_at`, `updated_at`, `disqualification_code_type_id`, `goggle_cup_points`, `reaction_time`, `team_points`, `team_affiliation_id`)
VALUES (110203, 1, 1, 0, 0, 818.13, 818.13, 2, 32, 75, 6832, 3723, 221, 6949, 1, '2014-11-17 19:19:56', '2014-11-17 19:19:56', NULL, 0.0, 0.0, 0.0, NULL);

INSERT INTO `meeting_individual_results` (`id`, `rank`, `is_play_off`, `is_out_of_race`, `is_disqualified`, `standard_points`, `meeting_individual_points`, `minutes`, `seconds`, `hundreds`, `meeting_program_id`, `swimmer_id`, `team_id`, `badge_id`, `user_id`, `created_at`, `updated_at`, `disqualification_code_type_id`, `goggle_cup_points`, `reaction_time`, `team_points`, `team_affiliation_id`)
VALUES (110204, 2, 1, 0, 0, 724.88, 724.88, 2, 52, 40, 6832, 4722, 289, 8017, 1, '2014-11-17 19:19:56', '2014-11-17 19:19:56', NULL, 0.0, 0.0, 0.0, 486);

INSERT INTO `meeting_individual_results` (`id`, `rank`, `is_play_off`, `is_out_of_race`, `is_disqualified`, `standard_points`, `meeting_individual_points`, `minutes`, `seconds`, `hundreds`, `meeting_program_id`, `swimmer_id`, `team_id`, `badge_id`, `user_id`, `created_at`, `updated_at`, `disqualification_code_type_id`, `goggle_cup_points`, `reaction_time`, `team_points`, `team_affiliation_id`)
VALUES (110205, 3, 1, 0, 0, 660.8, 660.8, 3, 9, 12, 6832, 3724, 55, 6950, 1, '2014-11-17 19:19:56', '2014-11-17 19:19:56', NULL, 0.0, 0.0, 0.0, NULL);

INSERT INTO `meeting_individual_results` (`id`, `rank`, `is_play_off`, `is_out_of_race`, `is_disqualified`, `standard_points`, `meeting_individual_points`, `minutes`, `seconds`, `hundreds`, `meeting_program_id`, `swimmer_id`, `team_id`, `badge_id`, `user_id`, `created_at`, `updated_at`, `disqualification_code_type_id`, `goggle_cup_points`, `reaction_time`, `team_points`, `team_affiliation_id`)
VALUES (110206, 1, 1, 0, 0, 763.84, 763.84, 2, 45, 6, 6833, 4723, 289, 8018, 1, '2014-11-17 19:19:56', '2014-11-17 19:19:56', NULL, 0.0, 0.0, 0.0, 486);

INSERT INTO `meeting_individual_results` (`id`, `rank`, `is_play_off`, `is_out_of_race`, `is_disqualified`, `standard_points`, `meeting_individual_points`, `minutes`, `seconds`, `hundreds`, `meeting_program_id`, `swimmer_id`, `team_id`, `badge_id`, `user_id`, `created_at`, `updated_at`, `disqualification_code_type_id`, `goggle_cup_points`, `reaction_time`, `team_points`, `team_affiliation_id`)
VALUES (110207, 1, 1, 0, 0, 785.11, 785.11, 2, 44, 50, 6834, 4703, 281, 7998, 1, '2014-11-17 19:19:56', '2014-11-17 19:19:56', NULL, 0.0, 0.0, 0.0, 478);

INSERT INTO `meeting_individual_results` (`id`, `rank`, `is_play_off`, `is_out_of_race`, `is_disqualified`, `standard_points`, `meeting_individual_points`, `minutes`, `seconds`, `hundreds`, `meeting_program_id`, `swimmer_id`, `team_id`, `badge_id`, `user_id`, `created_at`, `updated_at`, `disqualification_code_type_id`, `goggle_cup_points`, `reaction_time`, `team_points`, `team_affiliation_id`)
VALUES (110208, 2, 1, 0, 0, 743.95, 743.95, 2, 53, 60, 6834, 3679, 54, 6902, 1, '2014-11-17 19:19:56', '2014-11-17 19:19:56', NULL, 0.0, 0.0, 0.0, NULL);

INSERT INTO `meeting_individual_results` (`id`, `rank`, `is_play_off`, `is_out_of_race`, `is_disqualified`, `standard_points`, `meeting_individual_points`, `minutes`, `seconds`, `hundreds`, `meeting_program_id`, `swimmer_id`, `team_id`, `badge_id`, `user_id`, `created_at`, `updated_at`, `disqualification_code_type_id`, `goggle_cup_points`, `reaction_time`, `team_points`, `team_affiliation_id`)
VALUES (110209, 1, 1, 0, 0, 808.42, 808.42, 2, 43, 69, 6835, 4704, 281, 7999, 1, '2014-11-17 19:19:56', '2014-11-17 19:19:56', NULL, 0.0, 0.0, 0.0, 478);

INSERT INTO `meeting_individual_results` (`id`, `rank`, `is_play_off`, `is_out_of_race`, `is_disqualified`, `standard_points`, `meeting_individual_points`, `minutes`, `seconds`, `hundreds`, `meeting_program_id`, `swimmer_id`, `team_id`, `badge_id`, `user_id`, `created_at`, `updated_at`, `disqualification_code_type_id`, `goggle_cup_points`, `reaction_time`, `team_points`, `team_affiliation_id`)
VALUES (110210, 2, 1, 0, 0, 790.69, 790.69, 2, 47, 36, 6835, 4727, 215, 8022, 1, '2014-11-17 19:19:56', '2014-11-17 19:19:56', NULL, 0.0, 0.0, 0.0, NULL);

INSERT INTO `meeting_individual_results` (`id`, `rank`, `is_play_off`, `is_out_of_race`, `is_disqualified`, `standard_points`, `meeting_individual_points`, `minutes`, `seconds`, `hundreds`, `meeting_program_id`, `swimmer_id`, `team_id`, `badge_id`, `user_id`, `created_at`, `updated_at`, `disqualification_code_type_id`, `goggle_cup_points`, `reaction_time`, `team_points`, `team_affiliation_id`)
VALUES (110211, 3, 1, 0, 0, 752.73, 752.73, 2, 55, 80, 6835, 4753, 225, 8048, 1, '2014-11-17 19:19:56', '2014-11-17 19:19:56', NULL, 0.0, 0.0, 0.0, NULL);

INSERT INTO `meeting_individual_results` (`id`, `rank`, `is_play_off`, `is_out_of_race`, `is_disqualified`, `standard_points`, `meeting_individual_points`, `minutes`, `seconds`, `hundreds`, `meeting_program_id`, `swimmer_id`, `team_id`, `badge_id`, `user_id`, `created_at`, `updated_at`, `disqualification_code_type_id`, `goggle_cup_points`, `reaction_time`, `team_points`, `team_affiliation_id`)
VALUES (110212, 4, 1, 0, 0, 668.16, 668.16, 3, 18, 5, 6835, 4763, 105, 8058, 1, '2014-11-17 19:19:56', '2014-11-17 19:19:56', NULL, 0.0, 0.0, 0.0, NULL);

INSERT INTO `meeting_individual_results` (`id`, `rank`, `is_play_off`, `is_out_of_race`, `is_disqualified`, `standard_points`, `meeting_individual_points`, `minutes`, `seconds`, `hundreds`, `meeting_program_id`, `swimmer_id`, `team_id`, `badge_id`, `user_id`, `created_at`, `updated_at`, `disqualification_code_type_id`, `goggle_cup_points`, `reaction_time`, `team_points`, `team_affiliation_id`)
VALUES (110213, 1, 1, 0, 0, 900.79, 900.79, 2, 50, 95, 6836, 3726, 109, 6953, 1, '2014-11-17 19:19:56', '2014-11-17 19:19:56', NULL, 0.0, 0.0, 0.0, NULL);

INSERT INTO `meeting_individual_results` (`id`, `rank`, `is_play_off`, `is_out_of_race`, `is_disqualified`, `standard_points`, `meeting_individual_points`, `minutes`, `seconds`, `hundreds`, `meeting_program_id`, `swimmer_id`, `team_id`, `badge_id`, `user_id`, `created_at`, `updated_at`, `disqualification_code_type_id`, `goggle_cup_points`, `reaction_time`, `team_points`, `team_affiliation_id`)
VALUES (110214, 1, 1, 0, 0, 0.0, 0.0, 2, 33, 5, 6837, 4710, 109, 8005, 1, '2014-11-17 19:19:57', '2014-11-17 19:19:57', NULL, 0.0, 0.0, 0.0, NULL);

INSERT INTO `meeting_individual_results` (`id`, `rank`, `is_play_off`, `is_out_of_race`, `is_disqualified`, `standard_points`, `meeting_individual_points`, `minutes`, `seconds`, `hundreds`, `meeting_program_id`, `swimmer_id`, `team_id`, `badge_id`, `user_id`, `created_at`, `updated_at`, `disqualification_code_type_id`, `goggle_cup_points`, `reaction_time`, `team_points`, `team_affiliation_id`)
VALUES (110215, 1, 1, 0, 0, 785.42, 785.42, 2, 21, 53, 6838, 4729, 282, 8024, 1, '2014-11-17 19:19:57', '2014-11-17 19:19:57', NULL, 0.0, 0.0, 0.0, 479);

INSERT INTO `meeting_individual_results` (`id`, `rank`, `is_play_off`, `is_out_of_race`, `is_disqualified`, `standard_points`, `meeting_individual_points`, `minutes`, `seconds`, `hundreds`, `meeting_program_id`, `swimmer_id`, `team_id`, `badge_id`, `user_id`, `created_at`, `updated_at`, `disqualification_code_type_id`, `goggle_cup_points`, `reaction_time`, `team_points`, `team_affiliation_id`)
VALUES (110216, 2, 1, 0, 0, 750.07, 750.07, 2, 28, 20, 6838, 4730, 227, 8025, 1, '2014-11-17 19:19:57', '2014-11-17 19:19:57', NULL, 0.0, 0.0, 0.0, NULL);

INSERT INTO `meeting_individual_results` (`id`, `rank`, `is_play_off`, `is_out_of_race`, `is_disqualified`, `standard_points`, `meeting_individual_points`, `minutes`, `seconds`, `hundreds`, `meeting_program_id`, `swimmer_id`, `team_id`, `badge_id`, `user_id`, `created_at`, `updated_at`, `disqualification_code_type_id`, `goggle_cup_points`, `reaction_time`, `team_points`, `team_affiliation_id`)
VALUES (110217, 3, 1, 0, 0, 684.95, 684.95, 2, 42, 29, 6838, 4716, 100, 8011, 1, '2014-11-17 19:19:57', '2014-11-17 19:19:57', NULL, 0.0, 0.0, 0.0, NULL);

INSERT INTO `meeting_individual_results` (`id`, `rank`, `is_play_off`, `is_out_of_race`, `is_disqualified`, `standard_points`, `meeting_individual_points`, `minutes`, `seconds`, `hundreds`, `meeting_program_id`, `swimmer_id`, `team_id`, `badge_id`, `user_id`, `created_at`, `updated_at`, `disqualification_code_type_id`, `goggle_cup_points`, `reaction_time`, `team_points`, `team_affiliation_id`)
VALUES (110218, 1, 1, 0, 0, 840.87, 840.87, 2, 12, 16, 6839, 4764, 100, 8059, 1, '2014-11-17 19:19:57', '2014-11-17 19:19:57', NULL, 0.0, 0.0, 0.0, NULL);

INSERT INTO `meeting_individual_results` (`id`, `rank`, `is_play_off`, `is_out_of_race`, `is_disqualified`, `standard_points`, `meeting_individual_points`, `minutes`, `seconds`, `hundreds`, `meeting_program_id`, `swimmer_id`, `team_id`, `badge_id`, `user_id`, `created_at`, `updated_at`, `disqualification_code_type_id`, `goggle_cup_points`, `reaction_time`, `team_points`, `team_affiliation_id`)
VALUES (110219, 2, 1, 0, 0, 834.0, 834.0, 2, 13, 25, 6839, 4731, 221, 8026, 1, '2014-11-17 19:19:57', '2014-11-17 19:19:57', NULL, 0.0, 0.0, 0.0, NULL);

INSERT INTO `meeting_individual_results` (`id`, `rank`, `is_play_off`, `is_out_of_race`, `is_disqualified`, `standard_points`, `meeting_individual_points`, `minutes`, `seconds`, `hundreds`, `meeting_program_id`, `swimmer_id`, `team_id`, `badge_id`, `user_id`, `created_at`, `updated_at`, `disqualification_code_type_id`, `goggle_cup_points`, `reaction_time`, `team_points`, `team_affiliation_id`)
VALUES (110220, 3, 1, 0, 0, 782.61, 782.61, 2, 22, 0, 6839, 4732, 227, 8027, 1, '2014-11-17 19:19:57', '2014-11-17 19:19:57', NULL, 0.0, 0.0, 0.0, NULL);

INSERT INTO `meeting_individual_results` (`id`, `rank`, `is_play_off`, `is_out_of_race`, `is_disqualified`, `standard_points`, `meeting_individual_points`, `minutes`, `seconds`, `hundreds`, `meeting_program_id`, `swimmer_id`, `team_id`, `badge_id`, `user_id`, `created_at`, `updated_at`, `disqualification_code_type_id`, `goggle_cup_points`, `reaction_time`, `team_points`, `team_affiliation_id`)
VALUES (110221, 4, 1, 0, 0, 739.14, 739.14, 2, 30, 35, 6839, 4765, 221, 8060, 1, '2014-11-17 19:19:57', '2014-11-17 19:19:57', NULL, 0.0, 0.0, 0.0, NULL);

INSERT INTO `meeting_individual_results` (`id`, `rank`, `is_play_off`, `is_out_of_race`, `is_disqualified`, `standard_points`, `meeting_individual_points`, `minutes`, `seconds`, `hundreds`, `meeting_program_id`, `swimmer_id`, `team_id`, `badge_id`, `user_id`, `created_at`, `updated_at`, `disqualification_code_type_id`, `goggle_cup_points`, `reaction_time`, `team_points`, `team_affiliation_id`)
VALUES (110222, 5, 1, 0, 0, 730.45, 730.45, 2, 32, 14, 6839, 4733, 48, 8028, 1, '2014-11-17 19:19:57', '2014-11-17 19:19:57', NULL, 0.0, 0.0, 0.0, NULL);

INSERT INTO `meeting_individual_results` (`id`, `rank`, `is_play_off`, `is_out_of_race`, `is_disqualified`, `standard_points`, `meeting_individual_points`, `minutes`, `seconds`, `hundreds`, `meeting_program_id`, `swimmer_id`, `team_id`, `badge_id`, `user_id`, `created_at`, `updated_at`, `disqualification_code_type_id`, `goggle_cup_points`, `reaction_time`, `team_points`, `team_affiliation_id`)
VALUES (110223, 1, 1, 0, 0, 796.22, 796.22, 2, 22, 26, 6840, 4734, 287, 8029, 1, '2014-11-17 19:19:57', '2014-11-17 19:19:57', NULL, 0.0, 0.0, 0.0, 484);

INSERT INTO `meeting_individual_results` (`id`, `rank`, `is_play_off`, `is_out_of_race`, `is_disqualified`, `standard_points`, `meeting_individual_points`, `minutes`, `seconds`, `hundreds`, `meeting_program_id`, `swimmer_id`, `team_id`, `badge_id`, `user_id`, `created_at`, `updated_at`, `disqualification_code_type_id`, `goggle_cup_points`, `reaction_time`, `team_points`, `team_affiliation_id`)
VALUES (110224, 2, 1, 0, 0, 709.76, 709.76, 2, 39, 59, 6840, 3731, 55, 6959, 1, '2014-11-17 19:19:57', '2014-11-17 19:19:57', NULL, 0.0, 0.0, 0.0, NULL);

INSERT INTO `meeting_individual_results` (`id`, `rank`, `is_play_off`, `is_out_of_race`, `is_disqualified`, `standard_points`, `meeting_individual_points`, `minutes`, `seconds`, `hundreds`, `meeting_program_id`, `swimmer_id`, `team_id`, `badge_id`, `user_id`, `created_at`, `updated_at`, `disqualification_code_type_id`, `goggle_cup_points`, `reaction_time`, `team_points`, `team_affiliation_id`)
VALUES (110225, 1, 1, 0, 0, 963.23, 963.23, 1, 59, 39, 6841, 4766, 287, 8061, 1, '2014-11-17 19:19:57', '2014-11-17 19:19:57', NULL, 0.0, 0.0, 0.0, 484);

INSERT INTO `meeting_individual_results` (`id`, `rank`, `is_play_off`, `is_out_of_race`, `is_disqualified`, `standard_points`, `meeting_individual_points`, `minutes`, `seconds`, `hundreds`, `meeting_program_id`, `swimmer_id`, `team_id`, `badge_id`, `user_id`, `created_at`, `updated_at`, `disqualification_code_type_id`, `goggle_cup_points`, `reaction_time`, `team_points`, `team_affiliation_id`)
VALUES (110226, 2, 1, 0, 0, 826.15, 826.15, 2, 19, 20, 6841, 4757, 286, 8052, 1, '2014-11-17 19:19:58', '2014-11-17 19:19:58', NULL, 0.0, 0.0, 0.0, 483);

INSERT INTO `meeting_individual_results` (`id`, `rank`, `is_play_off`, `is_out_of_race`, `is_disqualified`, `standard_points`, `meeting_individual_points`, `minutes`, `seconds`, `hundreds`, `meeting_program_id`, `swimmer_id`, `team_id`, `badge_id`, `user_id`, `created_at`, `updated_at`, `disqualification_code_type_id`, `goggle_cup_points`, `reaction_time`, `team_points`, `team_affiliation_id`)
VALUES (110227, 3, 1, 0, 0, 809.12, 809.12, 2, 22, 13, 6841, 3696, 78, 6922, 1, '2014-11-17 19:19:58', '2014-11-17 19:19:58', NULL, 0.0, 0.0, 0.0, NULL);

INSERT INTO `meeting_individual_results` (`id`, `rank`, `is_play_off`, `is_out_of_race`, `is_disqualified`, `standard_points`, `meeting_individual_points`, `minutes`, `seconds`, `hundreds`, `meeting_program_id`, `swimmer_id`, `team_id`, `badge_id`, `user_id`, `created_at`, `updated_at`, `disqualification_code_type_id`, `goggle_cup_points`, `reaction_time`, `team_points`, `team_affiliation_id`)
VALUES (110228, 4, 1, 0, 0, 785.25, 785.25, 2, 26, 45, 6841, 2240, 73, 5438, 1, '2014-11-17 19:19:58', '2014-11-17 19:19:58', NULL, 0.0, 0.0, 0.0, NULL);

INSERT INTO `meeting_individual_results` (`id`, `rank`, `is_play_off`, `is_out_of_race`, `is_disqualified`, `standard_points`, `meeting_individual_points`, `minutes`, `seconds`, `hundreds`, `meeting_program_id`, `swimmer_id`, `team_id`, `badge_id`, `user_id`, `created_at`, `updated_at`, `disqualification_code_type_id`, `goggle_cup_points`, `reaction_time`, `team_points`, `team_affiliation_id`)
VALUES (110229, 5, 1, 0, 0, 753.75, 753.75, 2, 32, 57, 6841, 4767, 225, 8062, 1, '2014-11-17 19:19:58', '2014-11-17 19:19:58', NULL, 0.0, 0.0, 0.0, NULL);

INSERT INTO `meeting_individual_results` (`id`, `rank`, `is_play_off`, `is_out_of_race`, `is_disqualified`, `standard_points`, `meeting_individual_points`, `minutes`, `seconds`, `hundreds`, `meeting_program_id`, `swimmer_id`, `team_id`, `badge_id`, `user_id`, `created_at`, `updated_at`, `disqualification_code_type_id`, `goggle_cup_points`, `reaction_time`, `team_points`, `team_affiliation_id`)
VALUES (110230, 6, 1, 0, 0, 719.38, 719.38, 2, 39, 86, 6841, 4708, 281, 8003, 1, '2014-11-17 19:19:58', '2014-11-17 19:19:58', NULL, 0.0, 0.0, 0.0, 478);

INSERT INTO `meeting_individual_results` (`id`, `rank`, `is_play_off`, `is_out_of_race`, `is_disqualified`, `standard_points`, `meeting_individual_points`, `minutes`, `seconds`, `hundreds`, `meeting_program_id`, `swimmer_id`, `team_id`, `badge_id`, `user_id`, `created_at`, `updated_at`, `disqualification_code_type_id`, `goggle_cup_points`, `reaction_time`, `team_points`, `team_affiliation_id`)
VALUES (110231, 7, 1, 0, 0, 676.39, 676.39, 2, 50, 2, 6841, 4768, 225, 8063, 1, '2014-11-17 19:19:58', '2014-11-17 19:19:58', NULL, 0.0, 0.0, 0.0, NULL);

INSERT INTO `meeting_individual_results` (`id`, `rank`, `is_play_off`, `is_out_of_race`, `is_disqualified`, `standard_points`, `meeting_individual_points`, `minutes`, `seconds`, `hundreds`, `meeting_program_id`, `swimmer_id`, `team_id`, `badge_id`, `user_id`, `created_at`, `updated_at`, `disqualification_code_type_id`, `goggle_cup_points`, `reaction_time`, `team_points`, `team_affiliation_id`)
VALUES (110232, 8, 1, 0, 0, 653.0, 653.0, 2, 56, 11, 6841, 4769, 279, 8064, 1, '2014-11-17 19:19:58', '2014-11-17 19:19:58', NULL, 0.0, 0.0, 0.0, 476);

INSERT INTO `meeting_individual_results` (`id`, `rank`, `is_play_off`, `is_out_of_race`, `is_disqualified`, `standard_points`, `meeting_individual_points`, `minutes`, `seconds`, `hundreds`, `meeting_program_id`, `swimmer_id`, `team_id`, `badge_id`, `user_id`, `created_at`, `updated_at`, `disqualification_code_type_id`, `goggle_cup_points`, `reaction_time`, `team_points`, `team_affiliation_id`)
VALUES (110233, 1, 1, 0, 0, 759.0, 759.0, 2, 34, 40, 6842, 3733, 221, 6962, 1, '2014-11-17 19:19:58', '2014-11-17 19:19:58', NULL, 0.0, 0.0, 0.0, NULL);

INSERT INTO `meeting_individual_results` (`id`, `rank`, `is_play_off`, `is_out_of_race`, `is_disqualified`, `standard_points`, `meeting_individual_points`, `minutes`, `seconds`, `hundreds`, `meeting_program_id`, `swimmer_id`, `team_id`, `badge_id`, `user_id`, `created_at`, `updated_at`, `disqualification_code_type_id`, `goggle_cup_points`, `reaction_time`, `team_points`, `team_affiliation_id`)
VALUES (110234, 2, 1, 0, 0, 741.38, 741.38, 2, 38, 7, 6842, 4744, 105, 8039, 1, '2014-11-17 19:19:58', '2014-11-17 19:19:58', NULL, 0.0, 0.0, 0.0, NULL);

INSERT INTO `meeting_individual_results` (`id`, `rank`, `is_play_off`, `is_out_of_race`, `is_disqualified`, `standard_points`, `meeting_individual_points`, `minutes`, `seconds`, `hundreds`, `meeting_program_id`, `swimmer_id`, `team_id`, `badge_id`, `user_id`, `created_at`, `updated_at`, `disqualification_code_type_id`, `goggle_cup_points`, `reaction_time`, `team_points`, `team_affiliation_id`)
VALUES (110235, 3, 1, 0, 0, 697.48, 697.48, 2, 48, 2, 6842, 4770, 273, 8065, 1, '2014-11-17 19:19:58', '2014-11-17 19:19:58', NULL, 0.0, 0.0, 0.0, NULL);

INSERT INTO `meeting_individual_results` (`id`, `rank`, `is_play_off`, `is_out_of_race`, `is_disqualified`, `standard_points`, `meeting_individual_points`, `minutes`, `seconds`, `hundreds`, `meeting_program_id`, `swimmer_id`, `team_id`, `badge_id`, `user_id`, `created_at`, `updated_at`, `disqualification_code_type_id`, `goggle_cup_points`, `reaction_time`, `team_points`, `team_affiliation_id`)
VALUES (110236, 4, 1, 0, 0, 685.2, 685.2, 2, 51, 3, 6842, 4746, 225, 8041, 1, '2014-11-17 19:19:58', '2014-11-17 19:19:58', NULL, 0.0, 0.0, 0.0, NULL);

INSERT INTO `meeting_individual_results` (`id`, `rank`, `is_play_off`, `is_out_of_race`, `is_disqualified`, `standard_points`, `meeting_individual_points`, `minutes`, `seconds`, `hundreds`, `meeting_program_id`, `swimmer_id`, `team_id`, `badge_id`, `user_id`, `created_at`, `updated_at`, `disqualification_code_type_id`, `goggle_cup_points`, `reaction_time`, `team_points`, `team_affiliation_id`)
VALUES (110237, 5, 1, 0, 0, 679.95, 679.95, 2, 52, 35, 6842, 4771, 282, 8066, 1, '2014-11-17 19:19:58', '2014-11-17 19:19:58', NULL, 0.0, 0.0, 0.0, 479);

INSERT INTO `meeting_individual_results` (`id`, `rank`, `is_play_off`, `is_out_of_race`, `is_disqualified`, `standard_points`, `meeting_individual_points`, `minutes`, `seconds`, `hundreds`, `meeting_program_id`, `swimmer_id`, `team_id`, `badge_id`, `user_id`, `created_at`, `updated_at`, `disqualification_code_type_id`, `goggle_cup_points`, `reaction_time`, `team_points`, `team_affiliation_id`)
VALUES (110238, 6, 1, 0, 0, 658.22, 658.22, 2, 58, 4, 6842, 2463, 109, 5663, 1, '2014-11-17 19:19:59', '2014-11-17 19:19:59', NULL, 0.0, 0.0, 0.0, NULL);

INSERT INTO `meeting_individual_results` (`id`, `rank`, `is_play_off`, `is_out_of_race`, `is_disqualified`, `standard_points`, `meeting_individual_points`, `minutes`, `seconds`, `hundreds`, `meeting_program_id`, `swimmer_id`, `team_id`, `badge_id`, `user_id`, `created_at`, `updated_at`, `disqualification_code_type_id`, `goggle_cup_points`, `reaction_time`, `team_points`, `team_affiliation_id`)
VALUES (110239, 7, 1, 0, 0, 636.56, 636.56, 3, 4, 10, 6842, 3734, 130, 6963, 1, '2014-11-17 19:19:59', '2014-11-17 19:19:59', NULL, 0.0, 0.0, 0.0, NULL);

INSERT INTO `meeting_individual_results` (`id`, `rank`, `is_play_off`, `is_out_of_race`, `is_disqualified`, `standard_points`, `meeting_individual_points`, `minutes`, `seconds`, `hundreds`, `meeting_program_id`, `swimmer_id`, `team_id`, `badge_id`, `user_id`, `created_at`, `updated_at`, `disqualification_code_type_id`, `goggle_cup_points`, `reaction_time`, `team_points`, `team_affiliation_id`)
VALUES (110240, 1, 1, 0, 0, 805.0, 805.0, 2, 30, 92, 6843, 4772, 223, 8067, 1, '2014-11-17 19:19:59', '2014-11-17 19:19:59', NULL, 0.0, 0.0, 0.0, NULL);

INSERT INTO `meeting_individual_results` (`id`, `rank`, `is_play_off`, `is_out_of_race`, `is_disqualified`, `standard_points`, `meeting_individual_points`, `minutes`, `seconds`, `hundreds`, `meeting_program_id`, `swimmer_id`, `team_id`, `badge_id`, `user_id`, `created_at`, `updated_at`, `disqualification_code_type_id`, `goggle_cup_points`, `reaction_time`, `team_points`, `team_affiliation_id`)
VALUES (110241, 2, 1, 0, 0, 567.58, 567.58, 3, 34, 5, 6843, 3737, 55, 6966, 1, '2014-11-17 19:19:59', '2014-11-17 19:19:59', NULL, 0.0, 0.0, 0.0, NULL);

INSERT INTO `meeting_individual_results` (`id`, `rank`, `is_play_off`, `is_out_of_race`, `is_disqualified`, `standard_points`, `meeting_individual_points`, `minutes`, `seconds`, `hundreds`, `meeting_program_id`, `swimmer_id`, `team_id`, `badge_id`, `user_id`, `created_at`, `updated_at`, `disqualification_code_type_id`, `goggle_cup_points`, `reaction_time`, `team_points`, `team_affiliation_id`)
VALUES (110242, 1, 1, 0, 0, 916.45, 916.45, 2, 17, 28, 6844, 2014, 87, 5200, 1, '2014-11-17 19:19:59', '2014-11-17 19:19:59', NULL, 0.0, 0.0, 0.0, NULL);

INSERT INTO `meeting_individual_results` (`id`, `rank`, `is_play_off`, `is_out_of_race`, `is_disqualified`, `standard_points`, `meeting_individual_points`, `minutes`, `seconds`, `hundreds`, `meeting_program_id`, `swimmer_id`, `team_id`, `badge_id`, `user_id`, `created_at`, `updated_at`, `disqualification_code_type_id`, `goggle_cup_points`, `reaction_time`, `team_points`, `team_affiliation_id`)
VALUES (110243, 2, 1, 0, 0, 796.37, 796.37, 2, 37, 98, 6844, 2017, 64, 5203, 1, '2014-11-17 19:19:59', '2014-11-17 19:19:59', NULL, 0.0, 0.0, 0.0, NULL);

INSERT INTO `meeting_individual_results` (`id`, `rank`, `is_play_off`, `is_out_of_race`, `is_disqualified`, `standard_points`, `meeting_individual_points`, `minutes`, `seconds`, `hundreds`, `meeting_program_id`, `swimmer_id`, `team_id`, `badge_id`, `user_id`, `created_at`, `updated_at`, `disqualification_code_type_id`, `goggle_cup_points`, `reaction_time`, `team_points`, `team_affiliation_id`)
VALUES (110244, 3, 1, 0, 0, 787.25, 787.25, 2, 39, 81, 6844, 3739, 221, 6968, 1, '2014-11-17 19:19:59', '2014-11-17 19:19:59', NULL, 0.0, 0.0, 0.0, NULL);

INSERT INTO `meeting_individual_results` (`id`, `rank`, `is_play_off`, `is_out_of_race`, `is_disqualified`, `standard_points`, `meeting_individual_points`, `minutes`, `seconds`, `hundreds`, `meeting_program_id`, `swimmer_id`, `team_id`, `badge_id`, `user_id`, `created_at`, `updated_at`, `disqualification_code_type_id`, `goggle_cup_points`, `reaction_time`, `team_points`, `team_affiliation_id`)
VALUES (110245, 4, 1, 0, 0, 663.69, 663.69, 3, 9, 56, 6844, 4750, 225, 8045, 1, '2014-11-17 19:19:59', '2014-11-17 19:19:59', NULL, 0.0, 0.0, 0.0, NULL);

INSERT INTO `meeting_individual_results` (`id`, `rank`, `is_play_off`, `is_out_of_race`, `is_disqualified`, `standard_points`, `meeting_individual_points`, `minutes`, `seconds`, `hundreds`, `meeting_program_id`, `swimmer_id`, `team_id`, `badge_id`, `user_id`, `created_at`, `updated_at`, `disqualification_code_type_id`, `goggle_cup_points`, `reaction_time`, `team_points`, `team_affiliation_id`)
VALUES (110246, 1, 1, 0, 0, 717.92, 717.92, 3, 4, 98, 6845, 2020, 54, 5206, 1, '2014-11-17 19:19:59', '2014-11-17 19:19:59', NULL, 0.0, 0.0, 0.0, NULL);

INSERT INTO `meeting_individual_results` (`id`, `rank`, `is_play_off`, `is_out_of_race`, `is_disqualified`, `standard_points`, `meeting_individual_points`, `minutes`, `seconds`, `hundreds`, `meeting_program_id`, `swimmer_id`, `team_id`, `badge_id`, `user_id`, `created_at`, `updated_at`, `disqualification_code_type_id`, `goggle_cup_points`, `reaction_time`, `team_points`, `team_affiliation_id`)
VALUES (110247, 2, 1, 0, 0, 596.75, 596.75, 3, 42, 54, 6845, 2205, 112, 5401, 1, '2014-11-17 19:19:59', '2014-11-17 19:19:59', NULL, 0.0, 0.0, 0.0, NULL);

INSERT INTO `meeting_individual_results` (`id`, `rank`, `is_play_off`, `is_out_of_race`, `is_disqualified`, `standard_points`, `meeting_individual_points`, `minutes`, `seconds`, `hundreds`, `meeting_program_id`, `swimmer_id`, `team_id`, `badge_id`, `user_id`, `created_at`, `updated_at`, `disqualification_code_type_id`, `goggle_cup_points`, `reaction_time`, `team_points`, `team_affiliation_id`)
VALUES (110248, 1, 1, 0, 0, 778.4, 778.4, 2, 58, 79, 6846, 3741, 225, 6970, 1, '2014-11-17 19:19:59', '2014-11-17 19:19:59', NULL, 0.0, 0.0, 0.0, NULL);

INSERT INTO `meeting_individual_results` (`id`, `rank`, `is_play_off`, `is_out_of_race`, `is_disqualified`, `standard_points`, `meeting_individual_points`, `minutes`, `seconds`, `hundreds`, `meeting_program_id`, `swimmer_id`, `team_id`, `badge_id`, `user_id`, `created_at`, `updated_at`, `disqualification_code_type_id`, `goggle_cup_points`, `reaction_time`, `team_points`, `team_affiliation_id`)
VALUES (110249, 1, 1, 0, 0, 838.5, 838.5, 2, 58, 51, 6847, 4773, 279, 8068, 1, '2014-11-17 19:19:59', '2014-11-17 19:19:59', NULL, 0.0, 0.0, 0.0, 476);

INSERT INTO `meeting_individual_results` (`id`, `rank`, `is_play_off`, `is_out_of_race`, `is_disqualified`, `standard_points`, `meeting_individual_points`, `minutes`, `seconds`, `hundreds`, `meeting_program_id`, `swimmer_id`, `team_id`, `badge_id`, `user_id`, `created_at`, `updated_at`, `disqualification_code_type_id`, `goggle_cup_points`, `reaction_time`, `team_points`, `team_affiliation_id`)
VALUES (110250, 2, 1, 0, 0, 584.46, 584.46, 4, 16, 10, 6847, 3742, 221, 6971, 1, '2014-11-17 19:20:00', '2014-11-17 19:20:00', NULL, 0.0, 0.0, 0.0, NULL);

INSERT INTO `meeting_individual_results` (`id`, `rank`, `is_play_off`, `is_out_of_race`, `is_disqualified`, `standard_points`, `meeting_individual_points`, `minutes`, `seconds`, `hundreds`, `meeting_program_id`, `swimmer_id`, `team_id`, `badge_id`, `user_id`, `created_at`, `updated_at`, `disqualification_code_type_id`, `goggle_cup_points`, `reaction_time`, `team_points`, `team_affiliation_id`)
VALUES (110251, 1, 1, 0, 0, 837.42, 837.42, 3, 14, 43, 6848, 3721, 225, 6947, 1, '2014-11-17 19:20:00', '2014-11-17 19:20:00', NULL, 0.0, 0.0, 0.0, NULL);

INSERT INTO `meeting_individual_results` (`id`, `rank`, `is_play_off`, `is_out_of_race`, `is_disqualified`, `standard_points`, `meeting_individual_points`, `minutes`, `seconds`, `hundreds`, `meeting_program_id`, `swimmer_id`, `team_id`, `badge_id`, `user_id`, `created_at`, `updated_at`, `disqualification_code_type_id`, `goggle_cup_points`, `reaction_time`, `team_points`, `team_affiliation_id`)
VALUES (110252, 1, 1, 0, 0, 847.89, 847.89, 5, 52, 32, 6849, 3745, 227, 6974, 1, '2014-11-17 19:20:00', '2014-11-17 19:20:00', NULL, 0.0, 0.0, 0.0, NULL);

INSERT INTO `meeting_individual_results` (`id`, `rank`, `is_play_off`, `is_out_of_race`, `is_disqualified`, `standard_points`, `meeting_individual_points`, `minutes`, `seconds`, `hundreds`, `meeting_program_id`, `swimmer_id`, `team_id`, `badge_id`, `user_id`, `created_at`, `updated_at`, `disqualification_code_type_id`, `goggle_cup_points`, `reaction_time`, `team_points`, `team_affiliation_id`)
VALUES (110253, 1, 1, 0, 0, 699.49, 699.49, 7, 27, 34, 6850, 3680, 54, 6903, 1, '2014-11-17 19:20:00', '2014-11-17 19:20:00', NULL, 0.0, 0.0, 0.0, NULL);

INSERT INTO `meeting_individual_results` (`id`, `rank`, `is_play_off`, `is_out_of_race`, `is_disqualified`, `standard_points`, `meeting_individual_points`, `minutes`, `seconds`, `hundreds`, `meeting_program_id`, `swimmer_id`, `team_id`, `badge_id`, `user_id`, `created_at`, `updated_at`, `disqualification_code_type_id`, `goggle_cup_points`, `reaction_time`, `team_points`, `team_affiliation_id`)
VALUES (110254, 1, 1, 0, 0, 925.84, 925.84, 5, 50, 98, 6851, 3683, 221, 6906, 1, '2014-11-17 19:20:00', '2014-11-17 19:20:00', NULL, 0.0, 0.0, 0.0, NULL);

INSERT INTO `meeting_individual_results` (`id`, `rank`, `is_play_off`, `is_out_of_race`, `is_disqualified`, `standard_points`, `meeting_individual_points`, `minutes`, `seconds`, `hundreds`, `meeting_program_id`, `swimmer_id`, `team_id`, `badge_id`, `user_id`, `created_at`, `updated_at`, `disqualification_code_type_id`, `goggle_cup_points`, `reaction_time`, `team_points`, `team_affiliation_id`)
VALUES (110255, 2, 1, 0, 0, 775.46, 775.46, 6, 59, 4, 6851, 4752, 286, 8047, 1, '2014-11-17 19:20:00', '2014-11-17 19:20:00', NULL, 0.0, 0.0, 0.0, 483);

INSERT INTO `meeting_individual_results` (`id`, `rank`, `is_play_off`, `is_out_of_race`, `is_disqualified`, `standard_points`, `meeting_individual_points`, `minutes`, `seconds`, `hundreds`, `meeting_program_id`, `swimmer_id`, `team_id`, `badge_id`, `user_id`, `created_at`, `updated_at`, `disqualification_code_type_id`, `goggle_cup_points`, `reaction_time`, `team_points`, `team_affiliation_id`)
VALUES (110256, 1, 1, 0, 0, 884.14, 884.14, 6, 19, 60, 6852, 1901, 54, 5082, 1, '2014-11-17 19:20:00', '2014-11-17 19:20:00', NULL, 0.0, 0.0, 0.0, NULL);

INSERT INTO `meeting_individual_results` (`id`, `rank`, `is_play_off`, `is_out_of_race`, `is_disqualified`, `standard_points`, `meeting_individual_points`, `minutes`, `seconds`, `hundreds`, `meeting_program_id`, `swimmer_id`, `team_id`, `badge_id`, `user_id`, `created_at`, `updated_at`, `disqualification_code_type_id`, `goggle_cup_points`, `reaction_time`, `team_points`, `team_affiliation_id`)
VALUES (110257, 2, 1, 0, 0, 878.84, 878.84, 6, 21, 89, 6852, 3686, 221, 6909, 1, '2014-11-17 19:20:00', '2014-11-17 19:20:00', NULL, 0.0, 0.0, 0.0, NULL);

INSERT INTO `meeting_individual_results` (`id`, `rank`, `is_play_off`, `is_out_of_race`, `is_disqualified`, `standard_points`, `meeting_individual_points`, `minutes`, `seconds`, `hundreds`, `meeting_program_id`, `swimmer_id`, `team_id`, `badge_id`, `user_id`, `created_at`, `updated_at`, `disqualification_code_type_id`, `goggle_cup_points`, `reaction_time`, `team_points`, `team_affiliation_id`)
VALUES (110258, 3, 1, 0, 0, 875.81, 875.81, 6, 23, 21, 6852, 4754, 280, 8049, 1, '2014-11-17 19:20:00', '2014-11-17 19:20:00', NULL, 0.0, 0.0, 0.0, 477);

INSERT INTO `meeting_individual_results` (`id`, `rank`, `is_play_off`, `is_out_of_race`, `is_disqualified`, `standard_points`, `meeting_individual_points`, `minutes`, `seconds`, `hundreds`, `meeting_program_id`, `swimmer_id`, `team_id`, `badge_id`, `user_id`, `created_at`, `updated_at`, `disqualification_code_type_id`, `goggle_cup_points`, `reaction_time`, `team_points`, `team_affiliation_id`)
VALUES (110259, 1, 1, 0, 0, 865.41, 865.41, 8, 45, 21, 6853, 1921, 55, 5102, 1, '2014-11-17 19:20:00', '2014-11-17 19:20:00', NULL, 0.0, 0.0, 0.0, NULL);

INSERT INTO `meeting_individual_results` (`id`, `rank`, `is_play_off`, `is_out_of_race`, `is_disqualified`, `standard_points`, `meeting_individual_points`, `minutes`, `seconds`, `hundreds`, `meeting_program_id`, `swimmer_id`, `team_id`, `badge_id`, `user_id`, `created_at`, `updated_at`, `disqualification_code_type_id`, `goggle_cup_points`, `reaction_time`, `team_points`, `team_affiliation_id`)
VALUES (110260, 1, 1, 0, 0, 836.69, 836.69, 5, 19, 88, 6854, 3764, 227, 6994, 1, '2014-11-17 19:20:00', '2014-11-17 19:20:00', NULL, 0.0, 0.0, 0.0, NULL);

INSERT INTO `meeting_individual_results` (`id`, `rank`, `is_play_off`, `is_out_of_race`, `is_disqualified`, `standard_points`, `meeting_individual_points`, `minutes`, `seconds`, `hundreds`, `meeting_program_id`, `swimmer_id`, `team_id`, `badge_id`, `user_id`, `created_at`, `updated_at`, `disqualification_code_type_id`, `goggle_cup_points`, `reaction_time`, `team_points`, `team_affiliation_id`)
VALUES (110261, 1, 1, 0, 0, 885.71, 885.71, 5, 12, 18, 6855, 4774, 78, 8069, 1, '2014-11-17 19:20:00', '2014-11-17 19:20:00', NULL, 0.0, 0.0, 0.0, NULL);

INSERT INTO `meeting_individual_results` (`id`, `rank`, `is_play_off`, `is_out_of_race`, `is_disqualified`, `standard_points`, `meeting_individual_points`, `minutes`, `seconds`, `hundreds`, `meeting_program_id`, `swimmer_id`, `team_id`, `badge_id`, `user_id`, `created_at`, `updated_at`, `disqualification_code_type_id`, `goggle_cup_points`, `reaction_time`, `team_points`, `team_affiliation_id`)
VALUES (110262, 1, 1, 0, 0, 967.66, 967.66, 4, 47, 58, 6856, 4766, 287, 8061, 1, '2014-11-17 19:20:01', '2014-11-17 19:20:01', NULL, 0.0, 0.0, 0.0, 484);

INSERT INTO `meeting_individual_results` (`id`, `rank`, `is_play_off`, `is_out_of_race`, `is_disqualified`, `standard_points`, `meeting_individual_points`, `minutes`, `seconds`, `hundreds`, `meeting_program_id`, `swimmer_id`, `team_id`, `badge_id`, `user_id`, `created_at`, `updated_at`, `disqualification_code_type_id`, `goggle_cup_points`, `reaction_time`, `team_points`, `team_affiliation_id`)
VALUES (110263, 1, 1, 0, 0, 859.29, 859.29, 5, 33, 25, 6857, 3702, 221, 6928, 1, '2014-11-17 19:20:01', '2014-11-17 19:20:01', NULL, 0.0, 0.0, 0.0, NULL);

INSERT INTO `meeting_individual_results` (`id`, `rank`, `is_play_off`, `is_out_of_race`, `is_disqualified`, `standard_points`, `meeting_individual_points`, `minutes`, `seconds`, `hundreds`, `meeting_program_id`, `swimmer_id`, `team_id`, `badge_id`, `user_id`, `created_at`, `updated_at`, `disqualification_code_type_id`, `goggle_cup_points`, `reaction_time`, `team_points`, `team_affiliation_id`)
VALUES (110264, 1, 1, 0, 0, 564.73, 564.73, 8, 46, 96, 6858, 4711, 100, 8006, 1, '2014-11-17 19:20:01', '2014-11-17 19:20:01', NULL, 0.0, 0.0, 0.0, NULL);

INSERT INTO `meeting_individual_results` (`id`, `rank`, `is_play_off`, `is_out_of_race`, `is_disqualified`, `standard_points`, `meeting_individual_points`, `minutes`, `seconds`, `hundreds`, `meeting_program_id`, `swimmer_id`, `team_id`, `badge_id`, `user_id`, `created_at`, `updated_at`, `disqualification_code_type_id`, `goggle_cup_points`, `reaction_time`, `team_points`, `team_affiliation_id`)
VALUES (110265, 1, 1, 0, 0, 946.93, 946.93, 5, 29, 54, 6859, 2015, 78, 5201, 1, '2014-11-17 19:20:01', '2014-11-17 19:20:01', NULL, 0.0, 0.0, 0.0, NULL);

INSERT INTO `meeting_individual_results` (`id`, `rank`, `is_play_off`, `is_out_of_race`, `is_disqualified`, `standard_points`, `meeting_individual_points`, `minutes`, `seconds`, `hundreds`, `meeting_program_id`, `swimmer_id`, `team_id`, `badge_id`, `user_id`, `created_at`, `updated_at`, `disqualification_code_type_id`, `goggle_cup_points`, `reaction_time`, `team_points`, `team_affiliation_id`)
VALUES (110266, 1, 1, 0, 0, 703.49, 703.49, 7, 46, 97, 6860, 2020, 54, 5206, 1, '2014-11-17 19:20:01', '2014-11-17 19:20:01', NULL, 0.0, 0.0, 0.0, NULL);

INSERT INTO `meeting_individual_results` (`id`, `rank`, `is_play_off`, `is_out_of_race`, `is_disqualified`, `standard_points`, `meeting_individual_points`, `minutes`, `seconds`, `hundreds`, `meeting_program_id`, `swimmer_id`, `team_id`, `badge_id`, `user_id`, `created_at`, `updated_at`, `disqualification_code_type_id`, `goggle_cup_points`, `reaction_time`, `team_points`, `team_affiliation_id`)
VALUES (110267, 2, 1, 0, 0, 624.96, 624.96, 8, 45, 65, 6860, 4762, 283, 8057, 1, '2014-11-17 19:20:01', '2014-11-17 19:20:01', NULL, 0.0, 0.0, 0.0, 480);

INSERT INTO `meeting_individual_results` (`id`, `rank`, `is_play_off`, `is_out_of_race`, `is_disqualified`, `standard_points`, `meeting_individual_points`, `minutes`, `seconds`, `hundreds`, `meeting_program_id`, `swimmer_id`, `team_id`, `badge_id`, `user_id`, `created_at`, `updated_at`, `disqualification_code_type_id`, `goggle_cup_points`, `reaction_time`, `team_points`, `team_affiliation_id`)
VALUES (110268, 3, 1, 0, 0, 595.99, 595.99, 9, 11, 20, 6860, 2205, 112, 5401, 1, '2014-11-17 19:20:01', '2014-11-17 19:20:01', NULL, 0.0, 0.0, 0.0, NULL);

INSERT INTO `meeting_individual_results` (`id`, `rank`, `is_play_off`, `is_out_of_race`, `is_disqualified`, `standard_points`, `meeting_individual_points`, `minutes`, `seconds`, `hundreds`, `meeting_program_id`, `swimmer_id`, `team_id`, `badge_id`, `user_id`, `created_at`, `updated_at`, `disqualification_code_type_id`, `goggle_cup_points`, `reaction_time`, `team_points`, `team_affiliation_id`)
VALUES (110269, 1, 1, 0, 0, 875.94, 875.94, 7, 21, 57, 6861, 4773, 279, 8068, 1, '2014-11-17 19:20:01', '2014-11-17 19:20:01', NULL, 0.0, 0.0, 0.0, 476);

INSERT INTO `meeting_individual_results` (`id`, `rank`, `is_play_off`, `is_out_of_race`, `is_disqualified`, `standard_points`, `meeting_individual_points`, `minutes`, `seconds`, `hundreds`, `meeting_program_id`, `swimmer_id`, `team_id`, `badge_id`, `user_id`, `created_at`, `updated_at`, `disqualification_code_type_id`, `goggle_cup_points`, `reaction_time`, `team_points`, `team_affiliation_id`)
VALUES (110270, 1, 1, 0, 0, 850.96, 850.96, 0, 34, 89, 6862, 3743, 226, 6972, 1, '2014-11-17 19:20:01', '2014-11-17 19:20:01', NULL, 0.0, 0.0, 0.0, NULL);

INSERT INTO `meeting_individual_results` (`id`, `rank`, `is_play_off`, `is_out_of_race`, `is_disqualified`, `standard_points`, `meeting_individual_points`, `minutes`, `seconds`, `hundreds`, `meeting_program_id`, `swimmer_id`, `team_id`, `badge_id`, `user_id`, `created_at`, `updated_at`, `disqualification_code_type_id`, `goggle_cup_points`, `reaction_time`, `team_points`, `team_affiliation_id`)
VALUES (110271, 1, 1, 0, 0, 858.06, 858.06, 0, 34, 38, 6863, 4702, 289, 7997, 1, '2014-11-17 19:20:01', '2014-11-17 19:20:01', NULL, 0.0, 0.0, 0.0, 486);

INSERT INTO `meeting_individual_results` (`id`, `rank`, `is_play_off`, `is_out_of_race`, `is_disqualified`, `standard_points`, `meeting_individual_points`, `minutes`, `seconds`, `hundreds`, `meeting_program_id`, `swimmer_id`, `team_id`, `badge_id`, `user_id`, `created_at`, `updated_at`, `disqualification_code_type_id`, `goggle_cup_points`, `reaction_time`, `team_points`, `team_affiliation_id`)
VALUES (110272, 1, 1, 0, 0, 711.42, 711.42, 0, 44, 32, 6864, 4728, 105, 8023, 1, '2014-11-17 19:20:01', '2014-11-17 19:20:01', NULL, 0.0, 0.0, 0.0, NULL);

INSERT INTO `meeting_individual_results` (`id`, `rank`, `is_play_off`, `is_out_of_race`, `is_disqualified`, `standard_points`, `meeting_individual_points`, `minutes`, `seconds`, `hundreds`, `meeting_program_id`, `swimmer_id`, `team_id`, `badge_id`, `user_id`, `created_at`, `updated_at`, `disqualification_code_type_id`, `goggle_cup_points`, `reaction_time`, `team_points`, `team_affiliation_id`)
VALUES (110273, 1, 1, 0, 0, 727.98, 727.98, 0, 45, 7, 6865, 4775, 221, 8070, 1, '2014-11-17 19:20:02', '2014-11-17 19:20:02', NULL, 0.0, 0.0, 0.0, NULL);

INSERT INTO `meeting_individual_results` (`id`, `rank`, `is_play_off`, `is_out_of_race`, `is_disqualified`, `standard_points`, `meeting_individual_points`, `minutes`, `seconds`, `hundreds`, `meeting_program_id`, `swimmer_id`, `team_id`, `badge_id`, `user_id`, `created_at`, `updated_at`, `disqualification_code_type_id`, `goggle_cup_points`, `reaction_time`, `team_points`, `team_affiliation_id`)
VALUES (110274, 1, 1, 0, 0, 895.12, 895.12, 0, 39, 38, 6866, 4776, 87, 8071, 1, '2014-11-17 19:20:02', '2014-11-17 19:20:02', NULL, 0.0, 0.0, 0.0, NULL);

INSERT INTO `meeting_individual_results` (`id`, `rank`, `is_play_off`, `is_out_of_race`, `is_disqualified`, `standard_points`, `meeting_individual_points`, `minutes`, `seconds`, `hundreds`, `meeting_program_id`, `swimmer_id`, `team_id`, `badge_id`, `user_id`, `created_at`, `updated_at`, `disqualification_code_type_id`, `goggle_cup_points`, `reaction_time`, `team_points`, `team_affiliation_id`)
VALUES (110275, 2, 1, 0, 0, 873.17, 873.17, 0, 40, 37, 6866, 1907, 54, 5088, 1, '2014-11-17 19:20:02', '2014-11-17 19:20:02', NULL, 0.0, 0.0, 0.0, NULL);

INSERT INTO `meeting_individual_results` (`id`, `rank`, `is_play_off`, `is_out_of_race`, `is_disqualified`, `standard_points`, `meeting_individual_points`, `minutes`, `seconds`, `hundreds`, `meeting_program_id`, `swimmer_id`, `team_id`, `badge_id`, `user_id`, `created_at`, `updated_at`, `disqualification_code_type_id`, `goggle_cup_points`, `reaction_time`, `team_points`, `team_affiliation_id`)
VALUES (110276, 3, 1, 0, 0, 782.46, 782.46, 0, 45, 5, 6866, 4777, 221, 8072, 1, '2014-11-17 19:20:02', '2014-11-17 19:20:02', NULL, 0.0, 0.0, 0.0, NULL);

INSERT INTO `meeting_individual_results` (`id`, `rank`, `is_play_off`, `is_out_of_race`, `is_disqualified`, `standard_points`, `meeting_individual_points`, `minutes`, `seconds`, `hundreds`, `meeting_program_id`, `swimmer_id`, `team_id`, `badge_id`, `user_id`, `created_at`, `updated_at`, `disqualification_code_type_id`, `goggle_cup_points`, `reaction_time`, `team_points`, `team_affiliation_id`)
VALUES (110277, 1, 1, 0, 0, 863.07, 863.07, 0, 42, 21, 6867, 1913, 54, 5094, 1, '2014-11-17 19:20:02', '2014-11-17 19:20:02', NULL, 0.0, 0.0, 0.0, NULL);

INSERT INTO `meeting_individual_results` (`id`, `rank`, `is_play_off`, `is_out_of_race`, `is_disqualified`, `standard_points`, `meeting_individual_points`, `minutes`, `seconds`, `hundreds`, `meeting_program_id`, `swimmer_id`, `team_id`, `badge_id`, `user_id`, `created_at`, `updated_at`, `disqualification_code_type_id`, `goggle_cup_points`, `reaction_time`, `team_points`, `team_affiliation_id`)
VALUES (110278, 1, 1, 0, 0, 740.34, 740.34, 0, 34, 16, 6868, 3764, 227, 6994, 1, '2014-11-17 19:20:02', '2014-11-17 19:20:02', NULL, 0.0, 0.0, 0.0, NULL);

INSERT INTO `meeting_individual_results` (`id`, `rank`, `is_play_off`, `is_out_of_race`, `is_disqualified`, `standard_points`, `meeting_individual_points`, `minutes`, `seconds`, `hundreds`, `meeting_program_id`, `swimmer_id`, `team_id`, `badge_id`, `user_id`, `created_at`, `updated_at`, `disqualification_code_type_id`, `goggle_cup_points`, `reaction_time`, `team_points`, `team_affiliation_id`)
VALUES (110279, 1, 1, 0, 0, 862.23, 862.23, 0, 29, 76, 6869, 4764, 100, 8059, 1, '2014-11-17 19:20:02', '2014-11-17 19:20:02', NULL, 0.0, 0.0, 0.0, NULL);

INSERT INTO `meeting_individual_results` (`id`, `rank`, `is_play_off`, `is_out_of_race`, `is_disqualified`, `standard_points`, `meeting_individual_points`, `minutes`, `seconds`, `hundreds`, `meeting_program_id`, `swimmer_id`, `team_id`, `badge_id`, `user_id`, `created_at`, `updated_at`, `disqualification_code_type_id`, `goggle_cup_points`, `reaction_time`, `team_points`, `team_affiliation_id`)
VALUES (110280, 2, 1, 0, 0, 784.71, 784.71, 0, 32, 70, 6869, 4705, 48, 8000, 1, '2014-11-17 19:20:02', '2014-11-17 19:20:02', NULL, 0.0, 0.0, 0.0, NULL);

INSERT INTO `meeting_individual_results` (`id`, `rank`, `is_play_off`, `is_out_of_race`, `is_disqualified`, `standard_points`, `meeting_individual_points`, `minutes`, `seconds`, `hundreds`, `meeting_program_id`, `swimmer_id`, `team_id`, `badge_id`, `user_id`, `created_at`, `updated_at`, `disqualification_code_type_id`, `goggle_cup_points`, `reaction_time`, `team_points`, `team_affiliation_id`)
VALUES (110281, 3, 1, 0, 0, 703.01, 703.01, 0, 36, 50, 6869, 4756, 221, 8051, 1, '2014-11-17 19:20:02', '2014-11-17 19:20:02', NULL, 0.0, 0.0, 0.0, NULL);

INSERT INTO `meeting_individual_results` (`id`, `rank`, `is_play_off`, `is_out_of_race`, `is_disqualified`, `standard_points`, `meeting_individual_points`, `minutes`, `seconds`, `hundreds`, `meeting_program_id`, `swimmer_id`, `team_id`, `badge_id`, `user_id`, `created_at`, `updated_at`, `disqualification_code_type_id`, `goggle_cup_points`, `reaction_time`, `team_points`, `team_affiliation_id`)
VALUES (110282, 1, 1, 0, 0, 802.79, 802.79, 0, 33, 1, 6870, 4774, 78, 8069, 1, '2014-11-17 19:20:02', '2014-11-17 19:20:02', NULL, 0.0, 0.0, 0.0, NULL);

INSERT INTO `meeting_individual_results` (`id`, `rank`, `is_play_off`, `is_out_of_race`, `is_disqualified`, `standard_points`, `meeting_individual_points`, `minutes`, `seconds`, `hundreds`, `meeting_program_id`, `swimmer_id`, `team_id`, `badge_id`, `user_id`, `created_at`, `updated_at`, `disqualification_code_type_id`, `goggle_cup_points`, `reaction_time`, `team_points`, `team_affiliation_id`)
VALUES (110283, 2, 1, 0, 0, 650.63, 650.63, 0, 40, 73, 6870, 4778, 282, 8073, 1, '2014-11-17 19:20:02', '2014-11-17 19:20:02', NULL, 0.0, 0.0, 0.0, 479);

INSERT INTO `meeting_individual_results` (`id`, `rank`, `is_play_off`, `is_out_of_race`, `is_disqualified`, `standard_points`, `meeting_individual_points`, `minutes`, `seconds`, `hundreds`, `meeting_program_id`, `swimmer_id`, `team_id`, `badge_id`, `user_id`, `created_at`, `updated_at`, `disqualification_code_type_id`, `goggle_cup_points`, `reaction_time`, `team_points`, `team_affiliation_id`)
VALUES (110284, 3, 1, 0, 1, 0.0, 0.0, 0, 0, 0, 6870, 4706, 284, 8001, 1, '2014-11-17 19:20:02', '2014-11-17 19:20:02', 1, 0.0, 0.0, 0.0, 481);

INSERT INTO `meeting_individual_results` (`id`, `rank`, `is_play_off`, `is_out_of_race`, `is_disqualified`, `standard_points`, `meeting_individual_points`, `minutes`, `seconds`, `hundreds`, `meeting_program_id`, `swimmer_id`, `team_id`, `badge_id`, `user_id`, `created_at`, `updated_at`, `disqualification_code_type_id`, `goggle_cup_points`, `reaction_time`, `team_points`, `team_affiliation_id`)
VALUES (110285, 1, 1, 0, 0, 901.24, 901.24, 0, 29, 77, 6871, 3695, 215, 6921, 1, '2014-11-17 19:20:03', '2014-11-17 19:20:03', NULL, 0.0, 0.0, 0.0, NULL);

INSERT INTO `meeting_individual_results` (`id`, `rank`, `is_play_off`, `is_out_of_race`, `is_disqualified`, `standard_points`, `meeting_individual_points`, `minutes`, `seconds`, `hundreds`, `meeting_program_id`, `swimmer_id`, `team_id`, `badge_id`, `user_id`, `created_at`, `updated_at`, `disqualification_code_type_id`, `goggle_cup_points`, `reaction_time`, `team_points`, `team_affiliation_id`)
VALUES (110286, 1, 1, 0, 0, 751.25, 751.25, 0, 38, 7, 6872, 4760, 48, 8055, 1, '2014-11-17 19:20:03', '2014-11-17 19:20:03', NULL, 0.0, 0.0, 0.0, NULL);

INSERT INTO `meeting_individual_results` (`id`, `rank`, `is_play_off`, `is_out_of_race`, `is_disqualified`, `standard_points`, `meeting_individual_points`, `minutes`, `seconds`, `hundreds`, `meeting_program_id`, `swimmer_id`, `team_id`, `badge_id`, `user_id`, `created_at`, `updated_at`, `disqualification_code_type_id`, `goggle_cup_points`, `reaction_time`, `team_points`, `team_affiliation_id`)
VALUES (110287, 1, 1, 0, 0, 711.25, 711.25, 0, 44, 19, 6873, 2019, 89, 5205, 1, '2014-11-17 19:20:03', '2014-11-17 19:20:03', NULL, 0.0, 0.0, 0.0, NULL);

INSERT INTO `meeting_individual_results` (`id`, `rank`, `is_play_off`, `is_out_of_race`, `is_disqualified`, `standard_points`, `meeting_individual_points`, `minutes`, `seconds`, `hundreds`, `meeting_program_id`, `swimmer_id`, `team_id`, `badge_id`, `user_id`, `created_at`, `updated_at`, `disqualification_code_type_id`, `goggle_cup_points`, `reaction_time`, `team_points`, `team_affiliation_id`)
VALUES (110288, 1, 1, 0, 0, 721.89, 721.89, 0, 45, 45, 6874, 4779, 221, 8074, 1, '2014-11-17 19:20:03', '2014-11-17 19:20:03', NULL, 0.0, 0.0, 0.0, NULL);

INSERT INTO `meeting_individual_results` (`id`, `rank`, `is_play_off`, `is_out_of_race`, `is_disqualified`, `standard_points`, `meeting_individual_points`, `minutes`, `seconds`, `hundreds`, `meeting_program_id`, `swimmer_id`, `team_id`, `badge_id`, `user_id`, `created_at`, `updated_at`, `disqualification_code_type_id`, `goggle_cup_points`, `reaction_time`, `team_points`, `team_affiliation_id`)
VALUES (110289, 1, 1, 0, 0, 848.42, 848.42, 0, 41, 76, 6875, 2025, 77, 5212, 1, '2014-11-17 19:20:03', '2014-11-17 19:20:03', NULL, 0.0, 0.0, 0.0, NULL);

INSERT INTO `meeting_individual_results` (`id`, `rank`, `is_play_off`, `is_out_of_race`, `is_disqualified`, `standard_points`, `meeting_individual_points`, `minutes`, `seconds`, `hundreds`, `meeting_program_id`, `swimmer_id`, `team_id`, `badge_id`, `user_id`, `created_at`, `updated_at`, `disqualification_code_type_id`, `goggle_cup_points`, `reaction_time`, `team_points`, `team_affiliation_id`)
VALUES (110290, 1, 1, 0, 0, 0.0, 0.0, 0, 29, 10, 6876, 4709, 109, 8004, 1, '2014-11-17 19:20:03', '2014-11-17 19:20:03', NULL, 0.0, 0.0, 0.0, NULL);

INSERT INTO `meeting_individual_results` (`id`, `rank`, `is_play_off`, `is_out_of_race`, `is_disqualified`, `standard_points`, `meeting_individual_points`, `minutes`, `seconds`, `hundreds`, `meeting_program_id`, `swimmer_id`, `team_id`, `badge_id`, `user_id`, `created_at`, `updated_at`, `disqualification_code_type_id`, `goggle_cup_points`, `reaction_time`, `team_points`, `team_affiliation_id`)
VALUES (110291, 1, 1, 0, 0, 764.91, 764.91, 0, 36, 88, 6877, 4780, 282, 8075, 1, '2014-11-17 19:20:03', '2014-11-17 19:20:03', NULL, 0.0, 0.0, 0.0, 479);

INSERT INTO `meeting_individual_results` (`id`, `rank`, `is_play_off`, `is_out_of_race`, `is_disqualified`, `standard_points`, `meeting_individual_points`, `minutes`, `seconds`, `hundreds`, `meeting_program_id`, `swimmer_id`, `team_id`, `badge_id`, `user_id`, `created_at`, `updated_at`, `disqualification_code_type_id`, `goggle_cup_points`, `reaction_time`, `team_points`, `team_affiliation_id`)
VALUES (110292, 2, 1, 0, 0, 628.43, 628.43, 0, 44, 89, 6877, 4781, 227, 8076, 1, '2014-11-17 19:20:03', '2014-11-17 19:20:03', NULL, 0.0, 0.0, 0.0, NULL);

INSERT INTO `meeting_individual_results` (`id`, `rank`, `is_play_off`, `is_out_of_race`, `is_disqualified`, `standard_points`, `meeting_individual_points`, `minutes`, `seconds`, `hundreds`, `meeting_program_id`, `swimmer_id`, `team_id`, `badge_id`, `user_id`, `created_at`, `updated_at`, `disqualification_code_type_id`, `goggle_cup_points`, `reaction_time`, `team_points`, `team_affiliation_id`)
VALUES (110293, 1, 1, 0, 0, 752.1, 752.1, 0, 38, 12, 6878, 4726, 289, 8021, 1, '2014-11-17 19:20:03', '2014-11-17 19:20:03', NULL, 0.0, 0.0, 0.0, 486);

INSERT INTO `meeting_individual_results` (`id`, `rank`, `is_play_off`, `is_out_of_race`, `is_disqualified`, `standard_points`, `meeting_individual_points`, `minutes`, `seconds`, `hundreds`, `meeting_program_id`, `swimmer_id`, `team_id`, `badge_id`, `user_id`, `created_at`, `updated_at`, `disqualification_code_type_id`, `goggle_cup_points`, `reaction_time`, `team_points`, `team_affiliation_id`)
VALUES (110294, 1, 1, 0, 0, 755.0, 755.0, 0, 38, 49, 6879, 4782, 54, 8077, 1, '2014-11-17 19:20:03', '2014-11-17 19:20:03', NULL, 0.0, 0.0, 0.0, NULL);

INSERT INTO `meeting_individual_results` (`id`, `rank`, `is_play_off`, `is_out_of_race`, `is_disqualified`, `standard_points`, `meeting_individual_points`, `minutes`, `seconds`, `hundreds`, `meeting_program_id`, `swimmer_id`, `team_id`, `badge_id`, `user_id`, `created_at`, `updated_at`, `disqualification_code_type_id`, `goggle_cup_points`, `reaction_time`, `team_points`, `team_affiliation_id`)
VALUES (110295, 1, 1, 0, 0, 911.64, 911.64, 0, 32, 48, 6880, 4783, 285, 8078, 1, '2014-11-17 19:20:03', '2014-11-17 19:20:03', NULL, 0.0, 0.0, 0.0, 482);

INSERT INTO `meeting_individual_results` (`id`, `rank`, `is_play_off`, `is_out_of_race`, `is_disqualified`, `standard_points`, `meeting_individual_points`, `minutes`, `seconds`, `hundreds`, `meeting_program_id`, `swimmer_id`, `team_id`, `badge_id`, `user_id`, `created_at`, `updated_at`, `disqualification_code_type_id`, `goggle_cup_points`, `reaction_time`, `team_points`, `team_affiliation_id`)
VALUES (110296, 1, 1, 0, 0, 839.01, 839.01, 0, 36, 71, 6881, 4784, 221, 8079, 1, '2014-11-17 19:20:03', '2014-11-17 19:20:03', NULL, 0.0, 0.0, 0.0, NULL);

INSERT INTO `meeting_individual_results` (`id`, `rank`, `is_play_off`, `is_out_of_race`, `is_disqualified`, `standard_points`, `meeting_individual_points`, `minutes`, `seconds`, `hundreds`, `meeting_program_id`, `swimmer_id`, `team_id`, `badge_id`, `user_id`, `created_at`, `updated_at`, `disqualification_code_type_id`, `goggle_cup_points`, `reaction_time`, `team_points`, `team_affiliation_id`)
VALUES (110297, 1, 1, 0, 0, 472.27, 472.27, 1, 24, 93, 6882, 4755, 279, 8050, 1, '2014-11-17 19:20:04', '2014-11-17 19:20:04', NULL, 0.0, 0.0, 0.0, 476);

INSERT INTO `meeting_individual_results` (`id`, `rank`, `is_play_off`, `is_out_of_race`, `is_disqualified`, `standard_points`, `meeting_individual_points`, `minutes`, `seconds`, `hundreds`, `meeting_program_id`, `swimmer_id`, `team_id`, `badge_id`, `user_id`, `created_at`, `updated_at`, `disqualification_code_type_id`, `goggle_cup_points`, `reaction_time`, `team_points`, `team_affiliation_id`)
VALUES (110298, 1, 1, 0, 0, 0.0, 0.0, 0, 34, 5, 6883, 2355, 109, 5555, 1, '2014-11-17 19:20:04', '2014-11-17 19:20:04', NULL, 0.0, 0.0, 0.0, NULL);

INSERT INTO `meeting_individual_results` (`id`, `rank`, `is_play_off`, `is_out_of_race`, `is_disqualified`, `standard_points`, `meeting_individual_points`, `minutes`, `seconds`, `hundreds`, `meeting_program_id`, `swimmer_id`, `team_id`, `badge_id`, `user_id`, `created_at`, `updated_at`, `disqualification_code_type_id`, `goggle_cup_points`, `reaction_time`, `team_points`, `team_affiliation_id`)
VALUES (110299, 1, 1, 0, 0, 783.31, 783.31, 0, 30, 92, 6884, 4785, 216, 8080, 1, '2014-11-17 19:20:04', '2014-11-17 19:20:04', NULL, 0.0, 0.0, 0.0, NULL);

INSERT INTO `meeting_individual_results` (`id`, `rank`, `is_play_off`, `is_out_of_race`, `is_disqualified`, `standard_points`, `meeting_individual_points`, `minutes`, `seconds`, `hundreds`, `meeting_program_id`, `swimmer_id`, `team_id`, `badge_id`, `user_id`, `created_at`, `updated_at`, `disqualification_code_type_id`, `goggle_cup_points`, `reaction_time`, `team_points`, `team_affiliation_id`)
VALUES (110300, 2, 1, 0, 0, 635.7, 635.7, 0, 38, 10, 6884, 4598, 227, 7893, 1, '2014-11-17 19:20:04', '2014-11-17 19:20:04', NULL, 0.0, 0.0, 0.0, NULL);

INSERT INTO `meeting_individual_results` (`id`, `rank`, `is_play_off`, `is_out_of_race`, `is_disqualified`, `standard_points`, `meeting_individual_points`, `minutes`, `seconds`, `hundreds`, `meeting_program_id`, `swimmer_id`, `team_id`, `badge_id`, `user_id`, `created_at`, `updated_at`, `disqualification_code_type_id`, `goggle_cup_points`, `reaction_time`, `team_points`, `team_affiliation_id`)
VALUES (110301, 1, 1, 0, 0, 804.52, 804.52, 0, 30, 54, 6885, 2189, 105, 5385, 1, '2014-11-17 19:20:04', '2014-11-17 19:20:04', NULL, 0.0, 0.0, 0.0, NULL);

INSERT INTO `meeting_individual_results` (`id`, `rank`, `is_play_off`, `is_out_of_race`, `is_disqualified`, `standard_points`, `meeting_individual_points`, `minutes`, `seconds`, `hundreds`, `meeting_program_id`, `swimmer_id`, `team_id`, `badge_id`, `user_id`, `created_at`, `updated_at`, `disqualification_code_type_id`, `goggle_cup_points`, `reaction_time`, `team_points`, `team_affiliation_id`)
VALUES (110302, 2, 1, 0, 0, 623.13, 623.13, 0, 39, 43, 6885, 4719, 55, 8014, 1, '2014-11-17 19:20:04', '2014-11-17 19:20:04', NULL, 0.0, 0.0, 0.0, NULL);

INSERT INTO `meeting_individual_results` (`id`, `rank`, `is_play_off`, `is_out_of_race`, `is_disqualified`, `standard_points`, `meeting_individual_points`, `minutes`, `seconds`, `hundreds`, `meeting_program_id`, `swimmer_id`, `team_id`, `badge_id`, `user_id`, `created_at`, `updated_at`, `disqualification_code_type_id`, `goggle_cup_points`, `reaction_time`, `team_points`, `team_affiliation_id`)
VALUES (110303, 3, 1, 0, 0, 601.03, 601.03, 0, 40, 88, 6885, 4739, 225, 8034, 1, '2014-11-17 19:20:04', '2014-11-17 19:20:04', NULL, 0.0, 0.0, 0.0, NULL);

INSERT INTO `meeting_individual_results` (`id`, `rank`, `is_play_off`, `is_out_of_race`, `is_disqualified`, `standard_points`, `meeting_individual_points`, `minutes`, `seconds`, `hundreds`, `meeting_program_id`, `swimmer_id`, `team_id`, `badge_id`, `user_id`, `created_at`, `updated_at`, `disqualification_code_type_id`, `goggle_cup_points`, `reaction_time`, `team_points`, `team_affiliation_id`)
VALUES (110304, 1, 1, 0, 0, 848.83, 848.83, 0, 29, 90, 6886, 4786, 216, 8081, 1, '2014-11-17 19:20:04', '2014-11-17 19:20:04', NULL, 0.0, 0.0, 0.0, NULL);

INSERT INTO `meeting_individual_results` (`id`, `rank`, `is_play_off`, `is_out_of_race`, `is_disqualified`, `standard_points`, `meeting_individual_points`, `minutes`, `seconds`, `hundreds`, `meeting_program_id`, `swimmer_id`, `team_id`, `badge_id`, `user_id`, `created_at`, `updated_at`, `disqualification_code_type_id`, `goggle_cup_points`, `reaction_time`, `team_points`, `team_affiliation_id`)
VALUES (110305, 2, 1, 0, 0, 834.32, 834.32, 0, 30, 42, 6886, 4787, 221, 8082, 1, '2014-11-17 19:20:04', '2014-11-17 19:20:04', NULL, 0.0, 0.0, 0.0, NULL);

INSERT INTO `meeting_individual_results` (`id`, `rank`, `is_play_off`, `is_out_of_race`, `is_disqualified`, `standard_points`, `meeting_individual_points`, `minutes`, `seconds`, `hundreds`, `meeting_program_id`, `swimmer_id`, `team_id`, `badge_id`, `user_id`, `created_at`, `updated_at`, `disqualification_code_type_id`, `goggle_cup_points`, `reaction_time`, `team_points`, `team_affiliation_id`)
VALUES (110306, 3, 1, 0, 0, 758.52, 758.52, 0, 33, 46, 6886, 4758, 221, 8053, 1, '2014-11-17 19:20:04', '2014-11-17 19:20:04', NULL, 0.0, 0.0, 0.0, NULL);

INSERT INTO `meeting_individual_results` (`id`, `rank`, `is_play_off`, `is_out_of_race`, `is_disqualified`, `standard_points`, `meeting_individual_points`, `minutes`, `seconds`, `hundreds`, `meeting_program_id`, `swimmer_id`, `team_id`, `badge_id`, `user_id`, `created_at`, `updated_at`, `disqualification_code_type_id`, `goggle_cup_points`, `reaction_time`, `team_points`, `team_affiliation_id`)
VALUES (110307, 4, 1, 0, 0, 605.01, 605.01, 0, 41, 95, 6886, 4743, 55, 8038, 1, '2014-11-17 19:20:04', '2014-11-17 19:20:04', NULL, 0.0, 0.0, 0.0, NULL);

INSERT INTO `meeting_individual_results` (`id`, `rank`, `is_play_off`, `is_out_of_race`, `is_disqualified`, `standard_points`, `meeting_individual_points`, `minutes`, `seconds`, `hundreds`, `meeting_program_id`, `swimmer_id`, `team_id`, `badge_id`, `user_id`, `created_at`, `updated_at`, `disqualification_code_type_id`, `goggle_cup_points`, `reaction_time`, `team_points`, `team_affiliation_id`)
VALUES (110308, 1, 1, 0, 0, 806.08, 806.08, 0, 32, 23, 6887, 4788, 89, 8083, 1, '2014-11-17 19:20:04', '2014-11-17 19:20:04', NULL, 0.0, 0.0, 0.0, NULL);

INSERT INTO `meeting_individual_results` (`id`, `rank`, `is_play_off`, `is_out_of_race`, `is_disqualified`, `standard_points`, `meeting_individual_points`, `minutes`, `seconds`, `hundreds`, `meeting_program_id`, `swimmer_id`, `team_id`, `badge_id`, `user_id`, `created_at`, `updated_at`, `disqualification_code_type_id`, `goggle_cup_points`, `reaction_time`, `team_points`, `team_affiliation_id`)
VALUES (110309, 2, 1, 0, 0, 798.89, 798.89, 0, 32, 52, 6887, 1988, 78, 5171, 1, '2014-11-17 19:20:04', '2014-11-17 19:20:04', NULL, 0.0, 0.0, 0.0, NULL);

INSERT INTO `meeting_individual_results` (`id`, `rank`, `is_play_off`, `is_out_of_race`, `is_disqualified`, `standard_points`, `meeting_individual_points`, `minutes`, `seconds`, `hundreds`, `meeting_program_id`, `swimmer_id`, `team_id`, `badge_id`, `user_id`, `created_at`, `updated_at`, `disqualification_code_type_id`, `goggle_cup_points`, `reaction_time`, `team_points`, `team_affiliation_id`)
VALUES (110310, 3, 1, 0, 0, 639.59, 639.59, 0, 40, 62, 6887, 4771, 282, 8066, 1, '2014-11-17 19:20:05', '2014-11-17 19:20:05', NULL, 0.0, 0.0, 0.0, 479);

INSERT INTO `meeting_individual_results` (`id`, `rank`, `is_play_off`, `is_out_of_race`, `is_disqualified`, `standard_points`, `meeting_individual_points`, `minutes`, `seconds`, `hundreds`, `meeting_program_id`, `swimmer_id`, `team_id`, `badge_id`, `user_id`, `created_at`, `updated_at`, `disqualification_code_type_id`, `goggle_cup_points`, `reaction_time`, `team_points`, `team_affiliation_id`)
VALUES (110311, 1, 1, 0, 0, 872.51, 872.51, 0, 30, 59, 6888, 4759, 78, 8054, 1, '2014-11-17 19:20:05', '2014-11-17 19:20:05', NULL, 0.0, 0.0, 0.0, NULL);

INSERT INTO `meeting_individual_results` (`id`, `rank`, `is_play_off`, `is_out_of_race`, `is_disqualified`, `standard_points`, `meeting_individual_points`, `minutes`, `seconds`, `hundreds`, `meeting_program_id`, `swimmer_id`, `team_id`, `badge_id`, `user_id`, `created_at`, `updated_at`, `disqualification_code_type_id`, `goggle_cup_points`, `reaction_time`, `team_points`, `team_affiliation_id`)
VALUES (110312, 2, 1, 0, 0, 751.41, 751.41, 0, 35, 52, 6888, 3706, 78, 6932, 1, '2014-11-17 19:20:05', '2014-11-17 19:20:05', NULL, 0.0, 0.0, 0.0, NULL);

INSERT INTO `meeting_individual_results` (`id`, `rank`, `is_play_off`, `is_out_of_race`, `is_disqualified`, `standard_points`, `meeting_individual_points`, `minutes`, `seconds`, `hundreds`, `meeting_program_id`, `swimmer_id`, `team_id`, `badge_id`, `user_id`, `created_at`, `updated_at`, `disqualification_code_type_id`, `goggle_cup_points`, `reaction_time`, `team_points`, `team_affiliation_id`)
VALUES (110313, 1, 1, 0, 0, 869.72, 869.72, 0, 33, 16, 6889, 4761, 78, 8056, 1, '2014-11-17 19:20:05', '2014-11-17 19:20:05', NULL, 0.0, 0.0, 0.0, NULL);

INSERT INTO `meeting_individual_results` (`id`, `rank`, `is_play_off`, `is_out_of_race`, `is_disqualified`, `standard_points`, `meeting_individual_points`, `minutes`, `seconds`, `hundreds`, `meeting_program_id`, `swimmer_id`, `team_id`, `badge_id`, `user_id`, `created_at`, `updated_at`, `disqualification_code_type_id`, `goggle_cup_points`, `reaction_time`, `team_points`, `team_affiliation_id`)
VALUES (110314, 1, 1, 0, 0, 704.88, 704.88, 0, 42, 39, 6890, 3741, 225, 6970, 1, '2014-11-17 19:20:05', '2014-11-17 19:20:05', NULL, 0.0, 0.0, 0.0, NULL);

INSERT INTO `meeting_individual_results` (`id`, `rank`, `is_play_off`, `is_out_of_race`, `is_disqualified`, `standard_points`, `meeting_individual_points`, `minutes`, `seconds`, `hundreds`, `meeting_program_id`, `swimmer_id`, `team_id`, `badge_id`, `user_id`, `created_at`, `updated_at`, `disqualification_code_type_id`, `goggle_cup_points`, `reaction_time`, `team_points`, `team_affiliation_id`)
VALUES (110315, 1, 1, 0, 0, 588.02, 588.02, 1, 9, 30, 6891, 4721, 288, 8016, 1, '2014-11-17 19:20:05', '2014-11-17 19:20:05', NULL, 0.0, 0.0, 0.0, 485);

INSERT INTO `meeting_individual_results` (`id`, `rank`, `is_play_off`, `is_out_of_race`, `is_disqualified`, `standard_points`, `meeting_individual_points`, `minutes`, `seconds`, `hundreds`, `meeting_program_id`, `swimmer_id`, `team_id`, `badge_id`, `user_id`, `created_at`, `updated_at`, `disqualification_code_type_id`, `goggle_cup_points`, `reaction_time`, `team_points`, `team_affiliation_id`)
VALUES (110316, 1, 1, 0, 0, 821.94, 821.94, 0, 39, 48, 6892, 3745, 227, 6974, 1, '2014-11-17 19:20:05', '2014-11-17 19:20:05', NULL, 0.0, 0.0, 0.0, NULL);

INSERT INTO `meeting_individual_results` (`id`, `rank`, `is_play_off`, `is_out_of_race`, `is_disqualified`, `standard_points`, `meeting_individual_points`, `minutes`, `seconds`, `hundreds`, `meeting_program_id`, `swimmer_id`, `team_id`, `badge_id`, `user_id`, `created_at`, `updated_at`, `disqualification_code_type_id`, `goggle_cup_points`, `reaction_time`, `team_points`, `team_affiliation_id`)
VALUES (110317, 1, 1, 0, 0, 744.48, 744.48, 0, 43, 95, 6893, 4780, 282, 8075, 1, '2014-11-17 19:20:05', '2014-11-17 19:20:05', NULL, 0.0, 0.0, 0.0, 479);

INSERT INTO `meeting_individual_results` (`id`, `rank`, `is_play_off`, `is_out_of_race`, `is_disqualified`, `standard_points`, `meeting_individual_points`, `minutes`, `seconds`, `hundreds`, `meeting_program_id`, `swimmer_id`, `team_id`, `badge_id`, `user_id`, `created_at`, `updated_at`, `disqualification_code_type_id`, `goggle_cup_points`, `reaction_time`, `team_points`, `team_affiliation_id`)
VALUES (110318, 1, 1, 0, 0, 697.31, 697.31, 0, 47, 54, 6894, 4789, 105, 8084, 1, '2014-11-17 19:20:05', '2014-11-17 19:20:05', NULL, 0.0, 0.0, 0.0, NULL);

INSERT INTO `meeting_individual_results` (`id`, `rank`, `is_play_off`, `is_out_of_race`, `is_disqualified`, `standard_points`, `meeting_individual_points`, `minutes`, `seconds`, `hundreds`, `meeting_program_id`, `swimmer_id`, `team_id`, `badge_id`, `user_id`, `created_at`, `updated_at`, `disqualification_code_type_id`, `goggle_cup_points`, `reaction_time`, `team_points`, `team_affiliation_id`)
VALUES (110319, 1, 1, 0, 0, 722.52, 722.52, 0, 46, 85, 6895, 1893, 41, 5074, 1, '2014-11-17 19:20:05', '2014-11-17 19:20:05', NULL, 0.0, 0.0, 0.0, NULL);

INSERT INTO `meeting_individual_results` (`id`, `rank`, `is_play_off`, `is_out_of_race`, `is_disqualified`, `standard_points`, `meeting_individual_points`, `minutes`, `seconds`, `hundreds`, `meeting_program_id`, `swimmer_id`, `team_id`, `badge_id`, `user_id`, `created_at`, `updated_at`, `disqualification_code_type_id`, `goggle_cup_points`, `reaction_time`, `team_points`, `team_affiliation_id`)
VALUES (110320, 1, 1, 0, 0, 860.32, 860.32, 0, 40, 2, 6896, 4712, 221, 8007, 1, '2014-11-17 19:20:05', '2014-11-17 19:20:05', NULL, 0.0, 0.0, 0.0, NULL);

INSERT INTO `meeting_individual_results` (`id`, `rank`, `is_play_off`, `is_out_of_race`, `is_disqualified`, `standard_points`, `meeting_individual_points`, `minutes`, `seconds`, `hundreds`, `meeting_program_id`, `swimmer_id`, `team_id`, `badge_id`, `user_id`, `created_at`, `updated_at`, `disqualification_code_type_id`, `goggle_cup_points`, `reaction_time`, `team_points`, `team_affiliation_id`)
VALUES (110321, 2, 1, 0, 0, 742.83, 742.83, 0, 46, 35, 6896, 4713, 54, 8008, 1, '2014-11-17 19:20:05', '2014-11-17 19:20:05', NULL, 0.0, 0.0, 0.0, NULL);

INSERT INTO `meeting_individual_results` (`id`, `rank`, `is_play_off`, `is_out_of_race`, `is_disqualified`, `standard_points`, `meeting_individual_points`, `minutes`, `seconds`, `hundreds`, `meeting_program_id`, `swimmer_id`, `team_id`, `badge_id`, `user_id`, `created_at`, `updated_at`, `disqualification_code_type_id`, `goggle_cup_points`, `reaction_time`, `team_points`, `team_affiliation_id`)
VALUES (110322, 3, 1, 0, 0, 621.7, 621.7, 0, 55, 38, 6896, 4763, 105, 8058, 1, '2014-11-17 19:20:06', '2014-11-17 19:20:06', NULL, 0.0, 0.0, 0.0, NULL);

INSERT INTO `meeting_individual_results` (`id`, `rank`, `is_play_off`, `is_out_of_race`, `is_disqualified`, `standard_points`, `meeting_individual_points`, `minutes`, `seconds`, `hundreds`, `meeting_program_id`, `swimmer_id`, `team_id`, `badge_id`, `user_id`, `created_at`, `updated_at`, `disqualification_code_type_id`, `goggle_cup_points`, `reaction_time`, `team_points`, `team_affiliation_id`)
VALUES (110323, 1, 1, 0, 0, 799.56, 799.56, 0, 45, 50, 6897, 4714, 221, 8009, 1, '2014-11-17 19:20:06', '2014-11-17 19:20:06', NULL, 0.0, 0.0, 0.0, NULL);

INSERT INTO `meeting_individual_results` (`id`, `rank`, `is_play_off`, `is_out_of_race`, `is_disqualified`, `standard_points`, `meeting_individual_points`, `minutes`, `seconds`, `hundreds`, `meeting_program_id`, `swimmer_id`, `team_id`, `badge_id`, `user_id`, `created_at`, `updated_at`, `disqualification_code_type_id`, `goggle_cup_points`, `reaction_time`, `team_points`, `team_affiliation_id`)
VALUES (110324, 1, 1, 0, 0, 906.29, 906.29, 0, 42, 47, 6898, 1907, 54, 5088, 1, '2014-11-17 19:20:06', '2014-11-17 19:20:06', NULL, 0.0, 0.0, 0.0, NULL);

INSERT INTO `meeting_individual_results` (`id`, `rank`, `is_play_off`, `is_out_of_race`, `is_disqualified`, `standard_points`, `meeting_individual_points`, `minutes`, `seconds`, `hundreds`, `meeting_program_id`, `swimmer_id`, `team_id`, `badge_id`, `user_id`, `created_at`, `updated_at`, `disqualification_code_type_id`, `goggle_cup_points`, `reaction_time`, `team_points`, `team_affiliation_id`)
VALUES (110325, 1, 1, 0, 0, 745.38, 745.38, 0, 37, 90, 6899, 4715, 287, 8010, 1, '2014-11-17 19:20:06', '2014-11-17 19:20:06', NULL, 0.0, 0.0, 0.0, 484);

INSERT INTO `meeting_individual_results` (`id`, `rank`, `is_play_off`, `is_out_of_race`, `is_disqualified`, `standard_points`, `meeting_individual_points`, `minutes`, `seconds`, `hundreds`, `meeting_program_id`, `swimmer_id`, `team_id`, `badge_id`, `user_id`, `created_at`, `updated_at`, `disqualification_code_type_id`, `goggle_cup_points`, `reaction_time`, `team_points`, `team_affiliation_id`)
VALUES (110326, 2, 1, 0, 0, 694.62, 694.62, 0, 40, 67, 6899, 4598, 227, 7893, 1, '2014-11-17 19:20:06', '2014-11-17 19:20:06', NULL, 0.0, 0.0, 0.0, NULL);

INSERT INTO `meeting_individual_results` (`id`, `rank`, `is_play_off`, `is_out_of_race`, `is_disqualified`, `standard_points`, `meeting_individual_points`, `minutes`, `seconds`, `hundreds`, `meeting_program_id`, `swimmer_id`, `team_id`, `badge_id`, `user_id`, `created_at`, `updated_at`, `disqualification_code_type_id`, `goggle_cup_points`, `reaction_time`, `team_points`, `team_affiliation_id`)
VALUES (110327, 1, 1, 0, 0, 815.17, 815.17, 0, 34, 41, 6900, 3691, 226, 6915, 1, '2014-11-17 19:20:06', '2014-11-17 19:20:06', NULL, 0.0, 0.0, 0.0, NULL);

INSERT INTO `meeting_individual_results` (`id`, `rank`, `is_play_off`, `is_out_of_race`, `is_disqualified`, `standard_points`, `meeting_individual_points`, `minutes`, `seconds`, `hundreds`, `meeting_program_id`, `swimmer_id`, `team_id`, `badge_id`, `user_id`, `created_at`, `updated_at`, `disqualification_code_type_id`, `goggle_cup_points`, `reaction_time`, `team_points`, `team_affiliation_id`)
VALUES (110328, 2, 1, 0, 0, 738.35, 738.35, 0, 37, 99, 6900, 4717, 221, 8012, 1, '2014-11-17 19:20:06', '2014-11-17 19:20:06', NULL, 0.0, 0.0, 0.0, NULL);

INSERT INTO `meeting_individual_results` (`id`, `rank`, `is_play_off`, `is_out_of_race`, `is_disqualified`, `standard_points`, `meeting_individual_points`, `minutes`, `seconds`, `hundreds`, `meeting_program_id`, `swimmer_id`, `team_id`, `badge_id`, `user_id`, `created_at`, `updated_at`, `disqualification_code_type_id`, `goggle_cup_points`, `reaction_time`, `team_points`, `team_affiliation_id`)
VALUES (110329, 1, 1, 0, 0, 886.28, 886.28, 0, 32, 80, 6901, 4787, 221, 8082, 1, '2014-11-17 19:20:06', '2014-11-17 19:20:06', NULL, 0.0, 0.0, 0.0, NULL);

INSERT INTO `meeting_individual_results` (`id`, `rank`, `is_play_off`, `is_out_of_race`, `is_disqualified`, `standard_points`, `meeting_individual_points`, `minutes`, `seconds`, `hundreds`, `meeting_program_id`, `swimmer_id`, `team_id`, `badge_id`, `user_id`, `created_at`, `updated_at`, `disqualification_code_type_id`, `goggle_cup_points`, `reaction_time`, `team_points`, `team_affiliation_id`)
VALUES (110330, 2, 1, 0, 0, 765.81, 765.81, 0, 37, 96, 6901, 4790, 221, 8085, 1, '2014-11-17 19:20:06', '2014-11-17 19:20:06', NULL, 0.0, 0.0, 0.0, NULL);

INSERT INTO `meeting_individual_results` (`id`, `rank`, `is_play_off`, `is_out_of_race`, `is_disqualified`, `standard_points`, `meeting_individual_points`, `minutes`, `seconds`, `hundreds`, `meeting_program_id`, `swimmer_id`, `team_id`, `badge_id`, `user_id`, `created_at`, `updated_at`, `disqualification_code_type_id`, `goggle_cup_points`, `reaction_time`, `team_points`, `team_affiliation_id`)
VALUES (110331, 3, 1, 0, 0, 759.21, 759.21, 0, 38, 29, 6901, 4767, 225, 8062, 1, '2014-11-17 19:20:06', '2014-11-17 19:20:06', NULL, 0.0, 0.0, 0.0, NULL);

INSERT INTO `meeting_individual_results` (`id`, `rank`, `is_play_off`, `is_out_of_race`, `is_disqualified`, `standard_points`, `meeting_individual_points`, `minutes`, `seconds`, `hundreds`, `meeting_program_id`, `swimmer_id`, `team_id`, `badge_id`, `user_id`, `created_at`, `updated_at`, `disqualification_code_type_id`, `goggle_cup_points`, `reaction_time`, `team_points`, `team_affiliation_id`)
VALUES (110332, 4, 1, 0, 0, 742.53, 742.53, 0, 39, 15, 6901, 2439, 105, 5639, 1, '2014-11-17 19:20:06', '2014-11-17 19:20:06', NULL, 0.0, 0.0, 0.0, NULL);

INSERT INTO `meeting_individual_results` (`id`, `rank`, `is_play_off`, `is_out_of_race`, `is_disqualified`, `standard_points`, `meeting_individual_points`, `minutes`, `seconds`, `hundreds`, `meeting_program_id`, `swimmer_id`, `team_id`, `badge_id`, `user_id`, `created_at`, `updated_at`, `disqualification_code_type_id`, `goggle_cup_points`, `reaction_time`, `team_points`, `team_affiliation_id`)
VALUES (110333, 5, 1, 0, 0, 628.13, 628.13, 0, 46, 28, 6901, 4768, 225, 8063, 1, '2014-11-17 19:20:06', '2014-11-17 19:20:06', NULL, 0.0, 0.0, 0.0, NULL);

INSERT INTO `meeting_individual_results` (`id`, `rank`, `is_play_off`, `is_out_of_race`, `is_disqualified`, `standard_points`, `meeting_individual_points`, `minutes`, `seconds`, `hundreds`, `meeting_program_id`, `swimmer_id`, `team_id`, `badge_id`, `user_id`, `created_at`, `updated_at`, `disqualification_code_type_id`, `goggle_cup_points`, `reaction_time`, `team_points`, `team_affiliation_id`)
VALUES (110334, 1, 1, 0, 0, 651.21, 651.21, 0, 46, 36, 6902, 4747, 221, 8042, 1, '2014-11-17 19:20:06', '2014-11-17 19:20:06', NULL, 0.0, 0.0, 0.0, NULL);

INSERT INTO `meeting_individual_results` (`id`, `rank`, `is_play_off`, `is_out_of_race`, `is_disqualified`, `standard_points`, `meeting_individual_points`, `minutes`, `seconds`, `hundreds`, `meeting_program_id`, `swimmer_id`, `team_id`, `badge_id`, `user_id`, `created_at`, `updated_at`, `disqualification_code_type_id`, `goggle_cup_points`, `reaction_time`, `team_points`, `team_affiliation_id`)
VALUES (110335, 1, 1, 0, 0, 805.71, 805.71, 0, 40, 30, 6903, 4720, 288, 8015, 1, '2014-11-17 19:20:07', '2014-11-17 19:20:07', NULL, 0.0, 0.0, 0.0, 485);

INSERT INTO `meeting_individual_results` (`id`, `rank`, `is_play_off`, `is_out_of_race`, `is_disqualified`, `standard_points`, `meeting_individual_points`, `minutes`, `seconds`, `hundreds`, `meeting_program_id`, `swimmer_id`, `team_id`, `badge_id`, `user_id`, `created_at`, `updated_at`, `disqualification_code_type_id`, `goggle_cup_points`, `reaction_time`, `team_points`, `team_affiliation_id`)
VALUES (110336, 1, 1, 0, 0, 0.0, 0.0, 0, 40, 73, 6904, 4791, 109, 8086, 1, '2014-11-17 19:20:07', '2014-11-17 19:20:07', NULL, 0.0, 0.0, 0.0, NULL);

INSERT INTO `meeting_individual_results` (`id`, `rank`, `is_play_off`, `is_out_of_race`, `is_disqualified`, `standard_points`, `meeting_individual_points`, `minutes`, `seconds`, `hundreds`, `meeting_program_id`, `swimmer_id`, `team_id`, `badge_id`, `user_id`, `created_at`, `updated_at`, `disqualification_code_type_id`, `goggle_cup_points`, `reaction_time`, `team_points`, `team_affiliation_id`)
VALUES (110337, 1, 1, 0, 0, 655.19, 655.19, 0, 39, 50, 6905, 4781, 227, 8076, 1, '2014-11-17 19:20:07', '2014-11-17 19:20:07', NULL, 0.0, 0.0, 0.0, NULL);

INSERT INTO `meeting_individual_results` (`id`, `rank`, `is_play_off`, `is_out_of_race`, `is_disqualified`, `standard_points`, `meeting_individual_points`, `minutes`, `seconds`, `hundreds`, `meeting_program_id`, `swimmer_id`, `team_id`, `badge_id`, `user_id`, `created_at`, `updated_at`, `disqualification_code_type_id`, `goggle_cup_points`, `reaction_time`, `team_points`, `team_affiliation_id`)
VALUES (110338, 2, 1, 0, 0, 624.82, 624.82, 0, 41, 42, 6905, 4724, 55, 8019, 1, '2014-11-17 19:20:07', '2014-11-17 19:20:07', NULL, 0.0, 0.0, 0.0, NULL);

INSERT INTO `meeting_individual_results` (`id`, `rank`, `is_play_off`, `is_out_of_race`, `is_disqualified`, `standard_points`, `meeting_individual_points`, `minutes`, `seconds`, `hundreds`, `meeting_program_id`, `swimmer_id`, `team_id`, `badge_id`, `user_id`, `created_at`, `updated_at`, `disqualification_code_type_id`, `goggle_cup_points`, `reaction_time`, `team_points`, `team_affiliation_id`)
VALUES (110339, 1, 1, 0, 0, 996.59, 996.59, 0, 26, 43, 6906, 4725, 285, 8020, 1, '2014-11-17 19:20:07', '2014-11-17 19:20:07', NULL, 0.0, 0.0, 0.0, 482);

INSERT INTO `meeting_individual_results` (`id`, `rank`, `is_play_off`, `is_out_of_race`, `is_disqualified`, `standard_points`, `meeting_individual_points`, `minutes`, `seconds`, `hundreds`, `meeting_program_id`, `swimmer_id`, `team_id`, `badge_id`, `user_id`, `created_at`, `updated_at`, `disqualification_code_type_id`, `goggle_cup_points`, `reaction_time`, `team_points`, `team_affiliation_id`)
VALUES (110340, 2, 1, 0, 0, 647.65, 647.65, 0, 40, 67, 6906, 4789, 105, 8084, 1, '2014-11-17 19:20:07', '2014-11-17 19:20:07', NULL, 0.0, 0.0, 0.0, NULL);

INSERT INTO `meeting_individual_results` (`id`, `rank`, `is_play_off`, `is_out_of_race`, `is_disqualified`, `standard_points`, `meeting_individual_points`, `minutes`, `seconds`, `hundreds`, `meeting_program_id`, `swimmer_id`, `team_id`, `badge_id`, `user_id`, `created_at`, `updated_at`, `disqualification_code_type_id`, `goggle_cup_points`, `reaction_time`, `team_points`, `team_affiliation_id`)
VALUES (110341, 1, 1, 0, 0, 792.07, 792.07, 0, 33, 81, 6907, 4782, 54, 8077, 1, '2014-11-17 19:20:07', '2014-11-17 19:20:07', NULL, 0.0, 0.0, 0.0, NULL);

INSERT INTO `meeting_individual_results` (`id`, `rank`, `is_play_off`, `is_out_of_race`, `is_disqualified`, `standard_points`, `meeting_individual_points`, `minutes`, `seconds`, `hundreds`, `meeting_program_id`, `swimmer_id`, `team_id`, `badge_id`, `user_id`, `created_at`, `updated_at`, `disqualification_code_type_id`, `goggle_cup_points`, `reaction_time`, `team_points`, `team_affiliation_id`)
VALUES (110342, 2, 1, 0, 0, 727.12, 727.12, 0, 36, 83, 6907, 1893, 41, 5074, 1, '2014-11-17 19:20:07', '2014-11-17 19:20:07', NULL, 0.0, 0.0, 0.0, NULL);

INSERT INTO `meeting_individual_results` (`id`, `rank`, `is_play_off`, `is_out_of_race`, `is_disqualified`, `standard_points`, `meeting_individual_points`, `minutes`, `seconds`, `hundreds`, `meeting_program_id`, `swimmer_id`, `team_id`, `badge_id`, `user_id`, `created_at`, `updated_at`, `disqualification_code_type_id`, `goggle_cup_points`, `reaction_time`, `team_points`, `team_affiliation_id`)
VALUES (110343, 1, 1, 0, 0, 903.48, 903.48, 0, 30, 15, 6908, 4783, 285, 8078, 1, '2014-11-17 19:20:07', '2014-11-17 19:20:07', NULL, 0.0, 0.0, 0.0, 482);

INSERT INTO `meeting_individual_results` (`id`, `rank`, `is_play_off`, `is_out_of_race`, `is_disqualified`, `standard_points`, `meeting_individual_points`, `minutes`, `seconds`, `hundreds`, `meeting_program_id`, `swimmer_id`, `team_id`, `badge_id`, `user_id`, `created_at`, `updated_at`, `disqualification_code_type_id`, `goggle_cup_points`, `reaction_time`, `team_points`, `team_affiliation_id`)
VALUES (110344, 1, 1, 0, 0, 783.5, 783.5, 0, 36, 12, 6909, 4784, 221, 8079, 1, '2014-11-17 19:20:07', '2014-11-17 19:20:07', NULL, 0.0, 0.0, 0.0, NULL);

INSERT INTO `meeting_individual_results` (`id`, `rank`, `is_play_off`, `is_out_of_race`, `is_disqualified`, `standard_points`, `meeting_individual_points`, `minutes`, `seconds`, `hundreds`, `meeting_program_id`, `swimmer_id`, `team_id`, `badge_id`, `user_id`, `created_at`, `updated_at`, `disqualification_code_type_id`, `goggle_cup_points`, `reaction_time`, `team_points`, `team_affiliation_id`)
VALUES (110345, 2, 1, 0, 0, 739.68, 739.68, 0, 38, 26, 6909, 4775, 221, 8070, 1, '2014-11-17 19:20:07', '2014-11-17 19:20:07', NULL, 0.0, 0.0, 0.0, NULL);

INSERT INTO `meeting_individual_results` (`id`, `rank`, `is_play_off`, `is_out_of_race`, `is_disqualified`, `standard_points`, `meeting_individual_points`, `minutes`, `seconds`, `hundreds`, `meeting_program_id`, `swimmer_id`, `team_id`, `badge_id`, `user_id`, `created_at`, `updated_at`, `disqualification_code_type_id`, `goggle_cup_points`, `reaction_time`, `team_points`, `team_affiliation_id`)
VALUES (110346, 3, 1, 0, 0, 594.66, 594.66, 0, 47, 59, 6909, 2455, 109, 5655, 1, '2014-11-17 19:20:07', '2014-11-17 19:20:07', NULL, 0.0, 0.0, 0.0, NULL);

INSERT INTO `meeting_individual_results` (`id`, `rank`, `is_play_off`, `is_out_of_race`, `is_disqualified`, `standard_points`, `meeting_individual_points`, `minutes`, `seconds`, `hundreds`, `meeting_program_id`, `swimmer_id`, `team_id`, `badge_id`, `user_id`, `created_at`, `updated_at`, `disqualification_code_type_id`, `goggle_cup_points`, `reaction_time`, `team_points`, `team_affiliation_id`)
VALUES (110347, 1, 1, 0, 0, 834.28, 834.28, 0, 35, 18, 6910, 4776, 87, 8071, 1, '2014-11-17 19:20:08', '2014-11-17 19:20:08', NULL, 0.0, 0.0, 0.0, NULL);

INSERT INTO `meeting_individual_results` (`id`, `rank`, `is_play_off`, `is_out_of_race`, `is_disqualified`, `standard_points`, `meeting_individual_points`, `minutes`, `seconds`, `hundreds`, `meeting_program_id`, `swimmer_id`, `team_id`, `badge_id`, `user_id`, `created_at`, `updated_at`, `disqualification_code_type_id`, `goggle_cup_points`, `reaction_time`, `team_points`, `team_affiliation_id`)
VALUES (110348, 2, 1, 0, 0, 782.25, 782.25, 0, 37, 52, 6910, 4777, 221, 8072, 1, '2014-11-17 19:20:08', '2014-11-17 19:20:08', NULL, 0.0, 0.0, 0.0, NULL);

INSERT INTO `meeting_individual_results` (`id`, `rank`, `is_play_off`, `is_out_of_race`, `is_disqualified`, `standard_points`, `meeting_individual_points`, `minutes`, `seconds`, `hundreds`, `meeting_program_id`, `swimmer_id`, `team_id`, `badge_id`, `user_id`, `created_at`, `updated_at`, `disqualification_code_type_id`, `goggle_cup_points`, `reaction_time`, `team_points`, `team_affiliation_id`)
VALUES (110349, 1, 1, 0, 0, 888.54, 888.54, 0, 34, 54, 6911, 3726, 109, 6953, 1, '2014-11-17 19:20:08', '2014-11-17 19:20:08', NULL, 0.0, 0.0, 0.0, NULL);

INSERT INTO `meeting_individual_results` (`id`, `rank`, `is_play_off`, `is_out_of_race`, `is_disqualified`, `standard_points`, `meeting_individual_points`, `minutes`, `seconds`, `hundreds`, `meeting_program_id`, `swimmer_id`, `team_id`, `badge_id`, `user_id`, `created_at`, `updated_at`, `disqualification_code_type_id`, `goggle_cup_points`, `reaction_time`, `team_points`, `team_affiliation_id`)
VALUES (110350, 1, 1, 0, 0, 813.63, 813.63, 0, 43, 14, 6912, 1921, 55, 5102, 1, '2014-11-17 19:20:08', '2014-11-17 19:20:08', NULL, 0.0, 0.0, 0.0, NULL);

INSERT INTO `meeting_individual_results` (`id`, `rank`, `is_play_off`, `is_out_of_race`, `is_disqualified`, `standard_points`, `meeting_individual_points`, `minutes`, `seconds`, `hundreds`, `meeting_program_id`, `swimmer_id`, `team_id`, `badge_id`, `user_id`, `created_at`, `updated_at`, `disqualification_code_type_id`, `goggle_cup_points`, `reaction_time`, `team_points`, `team_affiliation_id`)
VALUES (110351, 1, 1, 0, 0, 0.0, 0.0, 0, 32, 53, 6913, 2355, 109, 5555, 1, '2014-11-17 19:20:08', '2014-11-17 19:20:08', NULL, 0.0, 0.0, 0.0, NULL);

INSERT INTO `meeting_individual_results` (`id`, `rank`, `is_play_off`, `is_out_of_race`, `is_disqualified`, `standard_points`, `meeting_individual_points`, `minutes`, `seconds`, `hundreds`, `meeting_program_id`, `swimmer_id`, `team_id`, `badge_id`, `user_id`, `created_at`, `updated_at`, `disqualification_code_type_id`, `goggle_cup_points`, `reaction_time`, `team_points`, `team_affiliation_id`)
VALUES (110352, 1, 1, 0, 0, 806.37, 806.37, 0, 27, 94, 6914, 4785, 216, 8080, 1, '2014-11-17 19:20:08', '2014-11-17 19:20:08', NULL, 0.0, 0.0, 0.0, NULL);

INSERT INTO `meeting_individual_results` (`id`, `rank`, `is_play_off`, `is_out_of_race`, `is_disqualified`, `standard_points`, `meeting_individual_points`, `minutes`, `seconds`, `hundreds`, `meeting_program_id`, `swimmer_id`, `team_id`, `badge_id`, `user_id`, `created_at`, `updated_at`, `disqualification_code_type_id`, `goggle_cup_points`, `reaction_time`, `team_points`, `team_affiliation_id`)
VALUES (110353, 2, 1, 0, 0, 793.03, 793.03, 0, 28, 41, 6914, 2457, 109, 5657, 1, '2014-11-17 19:20:08', '2014-11-17 19:20:08', NULL, 0.0, 0.0, 0.0, NULL);

INSERT INTO `meeting_individual_results` (`id`, `rank`, `is_play_off`, `is_out_of_race`, `is_disqualified`, `standard_points`, `meeting_individual_points`, `minutes`, `seconds`, `hundreds`, `meeting_program_id`, `swimmer_id`, `team_id`, `badge_id`, `user_id`, `created_at`, `updated_at`, `disqualification_code_type_id`, `goggle_cup_points`, `reaction_time`, `team_points`, `team_affiliation_id`)
VALUES (110354, 1, 1, 0, 0, 807.04, 807.04, 0, 28, 40, 6915, 4735, 221, 8030, 1, '2014-11-17 19:20:08', '2014-11-17 19:20:08', NULL, 0.0, 0.0, 0.0, NULL);

INSERT INTO `meeting_individual_results` (`id`, `rank`, `is_play_off`, `is_out_of_race`, `is_disqualified`, `standard_points`, `meeting_individual_points`, `minutes`, `seconds`, `hundreds`, `meeting_program_id`, `swimmer_id`, `team_id`, `badge_id`, `user_id`, `created_at`, `updated_at`, `disqualification_code_type_id`, `goggle_cup_points`, `reaction_time`, `team_points`, `team_affiliation_id`)
VALUES (110355, 2, 1, 0, 0, 768.61, 768.61, 0, 29, 82, 6915, 4736, 221, 8031, 1, '2014-11-17 19:20:08', '2014-11-17 19:20:08', NULL, 0.0, 0.0, 0.0, NULL);

INSERT INTO `meeting_individual_results` (`id`, `rank`, `is_play_off`, `is_out_of_race`, `is_disqualified`, `standard_points`, `meeting_individual_points`, `minutes`, `seconds`, `hundreds`, `meeting_program_id`, `swimmer_id`, `team_id`, `badge_id`, `user_id`, `created_at`, `updated_at`, `disqualification_code_type_id`, `goggle_cup_points`, `reaction_time`, `team_points`, `team_affiliation_id`)
VALUES (110356, 3, 1, 0, 0, 743.67, 743.67, 0, 30, 82, 6915, 4778, 282, 8073, 1, '2014-11-17 19:20:08', '2014-11-17 19:20:08', NULL, 0.0, 0.0, 0.0, 479);

INSERT INTO `meeting_individual_results` (`id`, `rank`, `is_play_off`, `is_out_of_race`, `is_disqualified`, `standard_points`, `meeting_individual_points`, `minutes`, `seconds`, `hundreds`, `meeting_program_id`, `swimmer_id`, `team_id`, `badge_id`, `user_id`, `created_at`, `updated_at`, `disqualification_code_type_id`, `goggle_cup_points`, `reaction_time`, `team_points`, `team_affiliation_id`)
VALUES (110357, 4, 1, 0, 0, 707.19, 707.19, 0, 32, 41, 6915, 4737, 216, 8032, 1, '2014-11-17 19:20:08', '2014-11-17 19:20:08', NULL, 0.0, 0.0, 0.0, NULL);

INSERT INTO `meeting_individual_results` (`id`, `rank`, `is_play_off`, `is_out_of_race`, `is_disqualified`, `standard_points`, `meeting_individual_points`, `minutes`, `seconds`, `hundreds`, `meeting_program_id`, `swimmer_id`, `team_id`, `badge_id`, `user_id`, `created_at`, `updated_at`, `disqualification_code_type_id`, `goggle_cup_points`, `reaction_time`, `team_points`, `team_affiliation_id`)
VALUES (110358, 5, 1, 0, 0, 574.44, 574.44, 0, 39, 90, 6915, 4738, 225, 8033, 1, '2014-11-17 19:20:08', '2014-11-17 19:20:08', NULL, 0.0, 0.0, 0.0, NULL);

INSERT INTO `meeting_individual_results` (`id`, `rank`, `is_play_off`, `is_out_of_race`, `is_disqualified`, `standard_points`, `meeting_individual_points`, `minutes`, `seconds`, `hundreds`, `meeting_program_id`, `swimmer_id`, `team_id`, `badge_id`, `user_id`, `created_at`, `updated_at`, `disqualification_code_type_id`, `goggle_cup_points`, `reaction_time`, `team_points`, `team_affiliation_id`)
VALUES (110359, 1, 1, 0, 0, 897.87, 897.87, 0, 26, 34, 6916, 4740, 215, 8035, 1, '2014-11-17 19:20:09', '2014-11-17 19:20:09', NULL, 0.0, 0.0, 0.0, NULL);

INSERT INTO `meeting_individual_results` (`id`, `rank`, `is_play_off`, `is_out_of_race`, `is_disqualified`, `standard_points`, `meeting_individual_points`, `minutes`, `seconds`, `hundreds`, `meeting_program_id`, `swimmer_id`, `team_id`, `badge_id`, `user_id`, `created_at`, `updated_at`, `disqualification_code_type_id`, `goggle_cup_points`, `reaction_time`, `team_points`, `team_affiliation_id`)
VALUES (110360, 2, 1, 0, 0, 803.33, 803.33, 0, 29, 44, 6916, 4786, 216, 8081, 1, '2014-11-17 19:20:09', '2014-11-17 19:20:09', NULL, 0.0, 0.0, 0.0, NULL);

INSERT INTO `meeting_individual_results` (`id`, `rank`, `is_play_off`, `is_out_of_race`, `is_disqualified`, `standard_points`, `meeting_individual_points`, `minutes`, `seconds`, `hundreds`, `meeting_program_id`, `swimmer_id`, `team_id`, `badge_id`, `user_id`, `created_at`, `updated_at`, `disqualification_code_type_id`, `goggle_cup_points`, `reaction_time`, `team_points`, `team_affiliation_id`)
VALUES (110361, 3, 1, 0, 0, 775.41, 775.41, 0, 30, 50, 6916, 4742, 225, 8037, 1, '2014-11-17 19:20:09', '2014-11-17 19:20:09', NULL, 0.0, 0.0, 0.0, NULL);

INSERT INTO `meeting_individual_results` (`id`, `rank`, `is_play_off`, `is_out_of_race`, `is_disqualified`, `standard_points`, `meeting_individual_points`, `minutes`, `seconds`, `hundreds`, `meeting_program_id`, `swimmer_id`, `team_id`, `badge_id`, `user_id`, `created_at`, `updated_at`, `disqualification_code_type_id`, `goggle_cup_points`, `reaction_time`, `team_points`, `team_affiliation_id`)
VALUES (110362, 4, 1, 0, 0, 757.77, 757.77, 0, 31, 21, 6916, 4741, 109, 8036, 1, '2014-11-17 19:20:09', '2014-11-17 19:20:09', NULL, 0.0, 0.0, 0.0, NULL);

INSERT INTO `meeting_individual_results` (`id`, `rank`, `is_play_off`, `is_out_of_race`, `is_disqualified`, `standard_points`, `meeting_individual_points`, `minutes`, `seconds`, `hundreds`, `meeting_program_id`, `swimmer_id`, `team_id`, `badge_id`, `user_id`, `created_at`, `updated_at`, `disqualification_code_type_id`, `goggle_cup_points`, `reaction_time`, `team_points`, `team_affiliation_id`)
VALUES (110363, 5, 1, 0, 0, 706.81, 706.81, 0, 33, 46, 6916, 4790, 221, 8085, 1, '2014-11-17 19:20:09', '2014-11-17 19:20:09', NULL, 0.0, 0.0, 0.0, NULL);

INSERT INTO `meeting_individual_results` (`id`, `rank`, `is_play_off`, `is_out_of_race`, `is_disqualified`, `standard_points`, `meeting_individual_points`, `minutes`, `seconds`, `hundreds`, `meeting_program_id`, `swimmer_id`, `team_id`, `badge_id`, `user_id`, `created_at`, `updated_at`, `disqualification_code_type_id`, `goggle_cup_points`, `reaction_time`, `team_points`, `team_affiliation_id`)
VALUES (110364, 6, 1, 0, 0, 700.12, 700.12, 0, 33, 78, 6916, 4769, 279, 8064, 1, '2014-11-17 19:20:09', '2014-11-17 19:20:09', NULL, 0.0, 0.0, 0.0, 476);

INSERT INTO `meeting_individual_results` (`id`, `rank`, `is_play_off`, `is_out_of_race`, `is_disqualified`, `standard_points`, `meeting_individual_points`, `minutes`, `seconds`, `hundreds`, `meeting_program_id`, `swimmer_id`, `team_id`, `badge_id`, `user_id`, `created_at`, `updated_at`, `disqualification_code_type_id`, `goggle_cup_points`, `reaction_time`, `team_points`, `team_affiliation_id`)
VALUES (110365, 1, 1, 0, 0, 841.92, 841.92, 0, 28, 53, 6917, 4788, 89, 8083, 1, '2014-11-17 19:20:09', '2014-11-17 19:20:09', NULL, 0.0, 0.0, 0.0, NULL);

INSERT INTO `meeting_individual_results` (`id`, `rank`, `is_play_off`, `is_out_of_race`, `is_disqualified`, `standard_points`, `meeting_individual_points`, `minutes`, `seconds`, `hundreds`, `meeting_program_id`, `swimmer_id`, `team_id`, `badge_id`, `user_id`, `created_at`, `updated_at`, `disqualification_code_type_id`, `goggle_cup_points`, `reaction_time`, `team_points`, `team_affiliation_id`)
VALUES (110366, 2, 1, 0, 0, 789.87, 789.87, 0, 30, 41, 6917, 4745, 221, 8040, 1, '2014-11-17 19:20:09', '2014-11-17 19:20:09', NULL, 0.0, 0.0, 0.0, NULL);

INSERT INTO `meeting_individual_results` (`id`, `rank`, `is_play_off`, `is_out_of_race`, `is_disqualified`, `standard_points`, `meeting_individual_points`, `minutes`, `seconds`, `hundreds`, `meeting_program_id`, `swimmer_id`, `team_id`, `badge_id`, `user_id`, `created_at`, `updated_at`, `disqualification_code_type_id`, `goggle_cup_points`, `reaction_time`, `team_points`, `team_affiliation_id`)
VALUES (110367, 3, 1, 0, 0, 781.14, 781.14, 0, 30, 75, 6917, 4770, 273, 8065, 1, '2014-11-17 19:20:09', '2014-11-17 19:20:09', NULL, 0.0, 0.0, 0.0, NULL);

INSERT INTO `meeting_individual_results` (`id`, `rank`, `is_play_off`, `is_out_of_race`, `is_disqualified`, `standard_points`, `meeting_individual_points`, `minutes`, `seconds`, `hundreds`, `meeting_program_id`, `swimmer_id`, `team_id`, `badge_id`, `user_id`, `created_at`, `updated_at`, `disqualification_code_type_id`, `goggle_cup_points`, `reaction_time`, `team_points`, `team_affiliation_id`)
VALUES (110368, 4, 1, 0, 0, 708.35, 708.35, 0, 33, 91, 6917, 2463, 109, 5663, 1, '2014-11-17 19:20:09', '2014-11-17 19:20:09', NULL, 0.0, 0.0, 0.0, NULL);

INSERT INTO `meeting_individual_results` (`id`, `rank`, `is_play_off`, `is_out_of_race`, `is_disqualified`, `standard_points`, `meeting_individual_points`, `minutes`, `seconds`, `hundreds`, `meeting_program_id`, `swimmer_id`, `team_id`, `badge_id`, `user_id`, `created_at`, `updated_at`, `disqualification_code_type_id`, `goggle_cup_points`, `reaction_time`, `team_points`, `team_affiliation_id`)
VALUES (110369, 5, 1, 0, 0, 626.5, 626.5, 0, 38, 34, 6917, 4748, 225, 8043, 1, '2014-11-17 19:20:09', '2014-11-17 19:20:09', NULL, 0.0, 0.0, 0.0, NULL);

INSERT INTO `meeting_individual_results` (`id`, `rank`, `is_play_off`, `is_out_of_race`, `is_disqualified`, `standard_points`, `meeting_individual_points`, `minutes`, `seconds`, `hundreds`, `meeting_program_id`, `swimmer_id`, `team_id`, `badge_id`, `user_id`, `created_at`, `updated_at`, `disqualification_code_type_id`, `goggle_cup_points`, `reaction_time`, `team_points`, `team_affiliation_id`)
VALUES (110370, 1, 1, 0, 0, 799.61, 799.61, 0, 30, 84, 6918, 4772, 223, 8067, 1, '2014-11-17 19:20:09', '2014-11-17 19:20:09', NULL, 0.0, 0.0, 0.0, NULL);

INSERT INTO `meeting_individual_results` (`id`, `rank`, `is_play_off`, `is_out_of_race`, `is_disqualified`, `standard_points`, `meeting_individual_points`, `minutes`, `seconds`, `hundreds`, `meeting_program_id`, `swimmer_id`, `team_id`, `badge_id`, `user_id`, `created_at`, `updated_at`, `disqualification_code_type_id`, `goggle_cup_points`, `reaction_time`, `team_points`, `team_affiliation_id`)
VALUES (110371, 2, 1, 0, 0, 704.17, 704.17, 0, 35, 2, 6918, 2012, 41, 5198, 1, '2014-11-17 19:20:09', '2014-11-17 19:20:09', NULL, 0.0, 0.0, 0.0, NULL);

INSERT INTO `meeting_individual_results` (`id`, `rank`, `is_play_off`, `is_out_of_race`, `is_disqualified`, `standard_points`, `meeting_individual_points`, `minutes`, `seconds`, `hundreds`, `meeting_program_id`, `swimmer_id`, `team_id`, `badge_id`, `user_id`, `created_at`, `updated_at`, `disqualification_code_type_id`, `goggle_cup_points`, `reaction_time`, `team_points`, `team_affiliation_id`)
VALUES (110372, 1, 1, 0, 0, 935.66, 935.66, 0, 27, 20, 6919, 2014, 87, 5200, 1, '2014-11-17 19:20:10', '2014-11-17 19:20:10', NULL, 0.0, 0.0, 0.0, NULL);

INSERT INTO `meeting_individual_results` (`id`, `rank`, `is_play_off`, `is_out_of_race`, `is_disqualified`, `standard_points`, `meeting_individual_points`, `minutes`, `seconds`, `hundreds`, `meeting_program_id`, `swimmer_id`, `team_id`, `badge_id`, `user_id`, `created_at`, `updated_at`, `disqualification_code_type_id`, `goggle_cup_points`, `reaction_time`, `team_points`, `team_affiliation_id`)
VALUES (110373, 2, 1, 0, 0, 789.39, 789.39, 0, 32, 24, 6919, 3739, 221, 6968, 1, '2014-11-17 19:20:10', '2014-11-17 19:20:10', NULL, 0.0, 0.0, 0.0, NULL);

INSERT INTO `meeting_individual_results` (`id`, `rank`, `is_play_off`, `is_out_of_race`, `is_disqualified`, `standard_points`, `meeting_individual_points`, `minutes`, `seconds`, `hundreds`, `meeting_program_id`, `swimmer_id`, `team_id`, `badge_id`, `user_id`, `created_at`, `updated_at`, `disqualification_code_type_id`, `goggle_cup_points`, `reaction_time`, `team_points`, `team_affiliation_id`)
VALUES (110374, 3, 1, 0, 0, 784.28, 784.28, 0, 32, 45, 6919, 2017, 64, 5203, 1, '2014-11-17 19:20:10', '2014-11-17 19:20:10', NULL, 0.0, 0.0, 0.0, NULL);

INSERT INTO `meeting_individual_results` (`id`, `rank`, `is_play_off`, `is_out_of_race`, `is_disqualified`, `standard_points`, `meeting_individual_points`, `minutes`, `seconds`, `hundreds`, `meeting_program_id`, `swimmer_id`, `team_id`, `badge_id`, `user_id`, `created_at`, `updated_at`, `disqualification_code_type_id`, `goggle_cup_points`, `reaction_time`, `team_points`, `team_affiliation_id`)
VALUES (110375, 4, 1, 0, 0, 706.36, 706.36, 0, 36, 3, 6919, 4749, 54, 8044, 1, '2014-11-17 19:20:10', '2014-11-17 19:20:10', NULL, 0.0, 0.0, 0.0, NULL);

INSERT INTO `meeting_individual_results` (`id`, `rank`, `is_play_off`, `is_out_of_race`, `is_disqualified`, `standard_points`, `meeting_individual_points`, `minutes`, `seconds`, `hundreds`, `meeting_program_id`, `swimmer_id`, `team_id`, `badge_id`, `user_id`, `created_at`, `updated_at`, `disqualification_code_type_id`, `goggle_cup_points`, `reaction_time`, `team_points`, `team_affiliation_id`)
VALUES (110376, 1, 1, 0, 0, 713.99, 713.99, 0, 38, 4, 6920, 4779, 221, 8074, 1, '2014-11-17 19:20:10', '2014-11-17 19:20:10', NULL, 0.0, 0.0, 0.0, NULL);

INSERT INTO `meeting_individual_results` (`id`, `rank`, `is_play_off`, `is_out_of_race`, `is_disqualified`, `standard_points`, `meeting_individual_points`, `minutes`, `seconds`, `hundreds`, `meeting_program_id`, `swimmer_id`, `team_id`, `badge_id`, `user_id`, `created_at`, `updated_at`, `disqualification_code_type_id`, `goggle_cup_points`, `reaction_time`, `team_points`, `team_affiliation_id`)
VALUES (110377, 1, 1, 0, 0, 816.69, 816.69, 0, 35, 24, 6921, 4751, 279, 8046, 1, '2014-11-17 19:20:10', '2014-11-17 19:20:10', NULL, 0.0, 0.0, 0.0, 476);

INSERT INTO `meeting_individual_results` (`id`, `rank`, `is_play_off`, `is_out_of_race`, `is_disqualified`, `standard_points`, `meeting_individual_points`, `minutes`, `seconds`, `hundreds`, `meeting_program_id`, `swimmer_id`, `team_id`, `badge_id`, `user_id`, `created_at`, `updated_at`, `disqualification_code_type_id`, `goggle_cup_points`, `reaction_time`, `team_points`, `team_affiliation_id`)
VALUES (110378, 1, 1, 0, 0, 0.0, 0.0, 0, 35, 4, 6922, 4791, 109, 8086, 1, '2014-11-17 19:20:10', '2014-11-17 19:20:10', NULL, 0.0, 0.0, 0.0, NULL);

INSERT INTO `meeting_team_scores` (`id`, `sum_individual_points`, `sum_relay_points`, `team_id`, `meeting_id`, `created_at`, `updated_at`, `rank`, `user_id`, `sum_team_points`, `meeting_individual_points`, `meeting_relay_points`, `meeting_team_points`, `season_individual_points`, `season_relay_points`, `season_team_points`, `season_id`, `team_affiliation_id`)
VALUES (1028, 36514.65, 0.0, 221, 13230, '2014-11-17 19:20:10', '2014-11-17 19:20:10', 0, 1, 0.0, 0.0, 0.0, 0.0, 0.0, 0.0, 0.0, 132, NULL);

INSERT INTO `meeting_team_scores` (`id`, `sum_individual_points`, `sum_relay_points`, `team_id`, `meeting_id`, `created_at`, `updated_at`, `rank`, `user_id`, `sum_team_points`, `meeting_individual_points`, `meeting_relay_points`, `meeting_team_points`, `season_individual_points`, `season_relay_points`, `season_team_points`, `season_id`, `team_affiliation_id`)
VALUES (1029, 17225.47, 0.0, 225, 13230, '2014-11-17 19:20:10', '2014-11-17 19:20:10', 0, 1, 0.0, 0.0, 0.0, 0.0, 0.0, 0.0, 0.0, 132, NULL);

INSERT INTO `meeting_team_scores` (`id`, `sum_individual_points`, `sum_relay_points`, `team_id`, `meeting_id`, `created_at`, `updated_at`, `rank`, `user_id`, `sum_team_points`, `meeting_individual_points`, `meeting_relay_points`, `meeting_team_points`, `season_individual_points`, `season_relay_points`, `season_team_points`, `season_id`, `team_affiliation_id`)
VALUES (1030, 14681.27, 0.0, 54, 13230, '2014-11-17 19:20:10', '2014-11-17 19:20:10', 0, 1, 0.0, 0.0, 0.0, 0.0, 0.0, 0.0, 0.0, 132, NULL);

INSERT INTO `meeting_team_scores` (`id`, `sum_individual_points`, `sum_relay_points`, `team_id`, `meeting_id`, `created_at`, `updated_at`, `rank`, `user_id`, `sum_team_points`, `meeting_individual_points`, `meeting_relay_points`, `meeting_team_points`, `season_individual_points`, `season_relay_points`, `season_team_points`, `season_id`, `team_affiliation_id`)
VALUES (1031, 11072.27, 0.0, 78, 13230, '2014-11-17 19:20:10', '2014-11-17 19:20:10', 0, 1, 0.0, 0.0, 0.0, 0.0, 0.0, 0.0, 0.0, 132, NULL);

INSERT INTO `meeting_team_scores` (`id`, `sum_individual_points`, `sum_relay_points`, `team_id`, `meeting_id`, `created_at`, `updated_at`, `rank`, `user_id`, `sum_team_points`, `meeting_individual_points`, `meeting_relay_points`, `meeting_team_points`, `season_individual_points`, `season_relay_points`, `season_team_points`, `season_id`, `team_affiliation_id`)
VALUES (1032, 9980.58, 0.0, 105, 13230, '2014-11-17 19:20:10', '2014-11-17 19:20:10', 0, 1, 0.0, 0.0, 0.0, 0.0, 0.0, 0.0, 0.0, 132, NULL);

INSERT INTO `meeting_team_scores` (`id`, `sum_individual_points`, `sum_relay_points`, `team_id`, `meeting_id`, `created_at`, `updated_at`, `rank`, `user_id`, `sum_team_points`, `meeting_individual_points`, `meeting_relay_points`, `meeting_team_points`, `season_individual_points`, `season_relay_points`, `season_team_points`, `season_id`, `team_affiliation_id`)
VALUES (1033, 9301.33, 0.0, 55, 13230, '2014-11-17 19:20:10', '2014-11-17 19:20:10', 0, 1, 0.0, 0.0, 0.0, 0.0, 0.0, 0.0, 0.0, 132, NULL);

INSERT INTO `meeting_team_scores` (`id`, `sum_individual_points`, `sum_relay_points`, `team_id`, `meeting_id`, `created_at`, `updated_at`, `rank`, `user_id`, `sum_team_points`, `meeting_individual_points`, `meeting_relay_points`, `meeting_team_points`, `season_individual_points`, `season_relay_points`, `season_team_points`, `season_id`, `team_affiliation_id`)
VALUES (1034, 8962.41, 0.0, 227, 13230, '2014-11-17 19:20:10', '2014-11-17 19:20:10', 0, 1, 0.0, 0.0, 0.0, 0.0, 0.0, 0.0, 0.0, 132, NULL);

INSERT INTO `meeting_team_scores` (`id`, `sum_individual_points`, `sum_relay_points`, `team_id`, `meeting_id`, `created_at`, `updated_at`, `rank`, `user_id`, `sum_team_points`, `meeting_individual_points`, `meeting_relay_points`, `meeting_team_points`, `season_individual_points`, `season_relay_points`, `season_team_points`, `season_id`, `team_affiliation_id`)
VALUES (1035, 7849.45, 0.0, 289, 13230, '2014-11-17 19:20:10', '2014-11-17 19:20:10', 0, 1, 0.0, 0.0, 0.0, 0.0, 0.0, 0.0, 0.0, 132, 486);

INSERT INTO `meeting_team_scores` (`id`, `sum_individual_points`, `sum_relay_points`, `team_id`, `meeting_id`, `created_at`, `updated_at`, `rank`, `user_id`, `sum_team_points`, `meeting_individual_points`, `meeting_relay_points`, `meeting_team_points`, `season_individual_points`, `season_relay_points`, `season_team_points`, `season_id`, `team_affiliation_id`)
VALUES (1036, 6664.37, 0.0, 109, 13230, '2014-11-17 19:20:10', '2014-11-17 19:20:10', 0, 1, 0.0, 0.0, 0.0, 0.0, 0.0, 0.0, 0.0, 132, NULL);

INSERT INTO `meeting_team_scores` (`id`, `sum_individual_points`, `sum_relay_points`, `team_id`, `meeting_id`, `created_at`, `updated_at`, `rank`, `user_id`, `sum_team_points`, `meeting_individual_points`, `meeting_relay_points`, `meeting_team_points`, `season_individual_points`, `season_relay_points`, `season_team_points`, `season_id`, `team_affiliation_id`)
VALUES (1037, 5808.07, 0.0, 282, 13230, '2014-11-17 19:20:10', '2014-11-17 19:20:10', 0, 1, 0.0, 0.0, 0.0, 0.0, 0.0, 0.0, 0.0, 132, 479);

INSERT INTO `meeting_team_scores` (`id`, `sum_individual_points`, `sum_relay_points`, `team_id`, `meeting_id`, `created_at`, `updated_at`, `rank`, `user_id`, `sum_team_points`, `meeting_individual_points`, `meeting_relay_points`, `meeting_team_points`, `season_individual_points`, `season_relay_points`, `season_team_points`, `season_id`, `team_affiliation_id`)
VALUES (1038, 5785.3, 0.0, 279, 13230, '2014-11-17 19:20:11', '2014-11-17 19:20:11', 0, 1, 0.0, 0.0, 0.0, 0.0, 0.0, 0.0, 0.0, 132, 476);

INSERT INTO `meeting_team_scores` (`id`, `sum_individual_points`, `sum_relay_points`, `team_id`, `meeting_id`, `created_at`, `updated_at`, `rank`, `user_id`, `sum_team_points`, `meeting_individual_points`, `meeting_relay_points`, `meeting_team_points`, `season_individual_points`, `season_relay_points`, `season_team_points`, `season_id`, `team_affiliation_id`)
VALUES (1039, 5209.28, 0.0, 215, 13230, '2014-11-17 19:20:11', '2014-11-17 19:20:11', 0, 1, 0.0, 0.0, 0.0, 0.0, 0.0, 0.0, 0.0, 132, NULL);

INSERT INTO `meeting_team_scores` (`id`, `sum_individual_points`, `sum_relay_points`, `team_id`, `meeting_id`, `created_at`, `updated_at`, `rank`, `user_id`, `sum_team_points`, `meeting_individual_points`, `meeting_relay_points`, `meeting_team_points`, `season_individual_points`, `season_relay_points`, `season_team_points`, `season_id`, `team_affiliation_id`)
VALUES (1040, 5012.02, 0.0, 287, 13230, '2014-11-17 19:20:11', '2014-11-17 19:20:11', 0, 1, 0.0, 0.0, 0.0, 0.0, 0.0, 0.0, 0.0, 132, 484);

INSERT INTO `meeting_team_scores` (`id`, `sum_individual_points`, `sum_relay_points`, `team_id`, `meeting_id`, `created_at`, `updated_at`, `rank`, `user_id`, `sum_team_points`, `meeting_individual_points`, `meeting_relay_points`, `meeting_team_points`, `season_individual_points`, `season_relay_points`, `season_team_points`, `season_id`, `team_affiliation_id`)
VALUES (1041, 4646.98, 0.0, 216, 13230, '2014-11-17 19:20:11', '2014-11-17 19:20:11', 0, 1, 0.0, 0.0, 0.0, 0.0, 0.0, 0.0, 0.0, 132, NULL);

INSERT INTO `meeting_team_scores` (`id`, `sum_individual_points`, `sum_relay_points`, `team_id`, `meeting_id`, `created_at`, `updated_at`, `rank`, `user_id`, `sum_team_points`, `meeting_individual_points`, `meeting_relay_points`, `meeting_team_points`, `season_individual_points`, `season_relay_points`, `season_team_points`, `season_id`, `team_affiliation_id`)
VALUES (1042, 4521.87, 0.0, 48, 13230, '2014-11-17 19:20:11', '2014-11-17 19:20:11', 0, 1, 0.0, 0.0, 0.0, 0.0, 0.0, 0.0, 0.0, 132, NULL);

INSERT INTO `meeting_team_scores` (`id`, `sum_individual_points`, `sum_relay_points`, `team_id`, `meeting_id`, `created_at`, `updated_at`, `rank`, `user_id`, `sum_team_points`, `meeting_individual_points`, `meeting_relay_points`, `meeting_team_points`, `season_individual_points`, `season_relay_points`, `season_team_points`, `season_id`, `team_affiliation_id`)
VALUES (1043, 4511.81, 0.0, 281, 13230, '2014-11-17 19:20:11', '2014-11-17 19:20:11', 0, 1, 0.0, 0.0, 0.0, 0.0, 0.0, 0.0, 0.0, 132, 478);

INSERT INTO `meeting_team_scores` (`id`, `sum_individual_points`, `sum_relay_points`, `team_id`, `meeting_id`, `created_at`, `updated_at`, `rank`, `user_id`, `sum_team_points`, `meeting_individual_points`, `meeting_relay_points`, `meeting_team_points`, `season_individual_points`, `season_relay_points`, `season_team_points`, `season_id`, `team_affiliation_id`)
VALUES (1044, 4119.08, 0.0, 100, 13230, '2014-11-17 19:20:11', '2014-11-17 19:20:11', 0, 1, 0.0, 0.0, 0.0, 0.0, 0.0, 0.0, 0.0, 132, NULL);

INSERT INTO `meeting_team_scores` (`id`, `sum_individual_points`, `sum_relay_points`, `team_id`, `meeting_id`, `created_at`, `updated_at`, `rank`, `user_id`, `sum_team_points`, `meeting_individual_points`, `meeting_relay_points`, `meeting_team_points`, `season_individual_points`, `season_relay_points`, `season_team_points`, `season_id`, `team_affiliation_id`)
VALUES (1045, 3784.43, 0.0, 285, 13230, '2014-11-17 19:20:11', '2014-11-17 19:20:11', 0, 1, 0.0, 0.0, 0.0, 0.0, 0.0, 0.0, 0.0, 132, 482);

INSERT INTO `meeting_team_scores` (`id`, `sum_individual_points`, `sum_relay_points`, `team_id`, `meeting_id`, `created_at`, `updated_at`, `rank`, `user_id`, `sum_team_points`, `meeting_individual_points`, `meeting_relay_points`, `meeting_team_points`, `season_individual_points`, `season_relay_points`, `season_team_points`, `season_id`, `team_affiliation_id`)
VALUES (1046, 3581.51, 0.0, 87, 13230, '2014-11-17 19:20:11', '2014-11-17 19:20:11', 0, 1, 0.0, 0.0, 0.0, 0.0, 0.0, 0.0, 0.0, 132, NULL);

INSERT INTO `meeting_team_scores` (`id`, `sum_individual_points`, `sum_relay_points`, `team_id`, `meeting_id`, `created_at`, `updated_at`, `rank`, `user_id`, `sum_team_points`, `meeting_individual_points`, `meeting_relay_points`, `meeting_team_points`, `season_individual_points`, `season_relay_points`, `season_team_points`, `season_id`, `team_affiliation_id`)
VALUES (1047, 3352.0, 0.0, 226, 13230, '2014-11-17 19:20:11', '2014-11-17 19:20:11', 0, 1, 0.0, 0.0, 0.0, 0.0, 0.0, 0.0, 0.0, 132, NULL);

INSERT INTO `meeting_team_scores` (`id`, `sum_individual_points`, `sum_relay_points`, `team_id`, `meeting_id`, `created_at`, `updated_at`, `rank`, `user_id`, `sum_team_points`, `meeting_individual_points`, `meeting_relay_points`, `meeting_team_points`, `season_individual_points`, `season_relay_points`, `season_team_points`, `season_id`, `team_affiliation_id`)
VALUES (1048, 3196.26, 0.0, 286, 13230, '2014-11-17 19:20:11', '2014-11-17 19:20:11', 0, 1, 0.0, 0.0, 0.0, 0.0, 0.0, 0.0, 0.0, 132, 483);

INSERT INTO `meeting_team_scores` (`id`, `sum_individual_points`, `sum_relay_points`, `team_id`, `meeting_id`, `created_at`, `updated_at`, `rank`, `user_id`, `sum_team_points`, `meeting_individual_points`, `meeting_relay_points`, `meeting_team_points`, `season_individual_points`, `season_relay_points`, `season_team_points`, `season_id`, `team_affiliation_id`)
VALUES (1049, 3169.82, 0.0, 89, 13230, '2014-11-17 19:20:11', '2014-11-17 19:20:11', 0, 1, 0.0, 0.0, 0.0, 0.0, 0.0, 0.0, 0.0, 132, NULL);

INSERT INTO `meeting_team_scores` (`id`, `sum_individual_points`, `sum_relay_points`, `team_id`, `meeting_id`, `created_at`, `updated_at`, `rank`, `user_id`, `sum_team_points`, `meeting_individual_points`, `meeting_relay_points`, `meeting_team_points`, `season_individual_points`, `season_relay_points`, `season_team_points`, `season_id`, `team_affiliation_id`)
VALUES (1050, 3033.59, 0.0, 223, 13230, '2014-11-17 19:20:11', '2014-11-17 19:20:11', 0, 1, 0.0, 0.0, 0.0, 0.0, 0.0, 0.0, 0.0, 132, NULL);

INSERT INTO `meeting_team_scores` (`id`, `sum_individual_points`, `sum_relay_points`, `team_id`, `meeting_id`, `created_at`, `updated_at`, `rank`, `user_id`, `sum_team_points`, `meeting_individual_points`, `meeting_relay_points`, `meeting_team_points`, `season_individual_points`, `season_relay_points`, `season_team_points`, `season_id`, `team_affiliation_id`)
VALUES (1051, 2987.79, 0.0, 64, 13230, '2014-11-17 19:20:11', '2014-11-17 19:20:11', 0, 1, 0.0, 0.0, 0.0, 0.0, 0.0, 0.0, 0.0, 132, NULL);

INSERT INTO `meeting_team_scores` (`id`, `sum_individual_points`, `sum_relay_points`, `team_id`, `meeting_id`, `created_at`, `updated_at`, `rank`, `user_id`, `sum_team_points`, `meeting_individual_points`, `meeting_relay_points`, `meeting_team_points`, `season_individual_points`, `season_relay_points`, `season_team_points`, `season_id`, `team_affiliation_id`)
VALUES (1052, 2909.07, 0.0, 288, 13230, '2014-11-17 19:20:11', '2014-11-17 19:20:11', 0, 1, 0.0, 0.0, 0.0, 0.0, 0.0, 0.0, 0.0, 132, 485);

INSERT INTO `meeting_team_scores` (`id`, `sum_individual_points`, `sum_relay_points`, `team_id`, `meeting_id`, `created_at`, `updated_at`, `rank`, `user_id`, `sum_team_points`, `meeting_individual_points`, `meeting_relay_points`, `meeting_team_points`, `season_individual_points`, `season_relay_points`, `season_team_points`, `season_id`, `team_affiliation_id`)
VALUES (1053, 2853.08, 0.0, 41, 13230, '2014-11-17 19:20:11', '2014-11-17 19:20:11', 0, 1, 0.0, 0.0, 0.0, 0.0, 0.0, 0.0, 0.0, 132, NULL);

INSERT INTO `meeting_team_scores` (`id`, `sum_individual_points`, `sum_relay_points`, `team_id`, `meeting_id`, `created_at`, `updated_at`, `rank`, `user_id`, `sum_team_points`, `meeting_individual_points`, `meeting_relay_points`, `meeting_team_points`, `season_individual_points`, `season_relay_points`, `season_team_points`, `season_id`, `team_affiliation_id`)
VALUES (1054, 1717.86, 0.0, 280, 13230, '2014-11-17 19:20:11', '2014-11-17 19:20:11', 0, 1, 0.0, 0.0, 0.0, 0.0, 0.0, 0.0, 0.0, 132, 477);

INSERT INTO `meeting_team_scores` (`id`, `sum_individual_points`, `sum_relay_points`, `team_id`, `meeting_id`, `created_at`, `updated_at`, `rank`, `user_id`, `sum_team_points`, `meeting_individual_points`, `meeting_relay_points`, `meeting_team_points`, `season_individual_points`, `season_relay_points`, `season_team_points`, `season_id`, `team_affiliation_id`)
VALUES (1055, 1658.14, 0.0, 77, 13230, '2014-11-17 19:20:11', '2014-11-17 19:20:11', 0, 1, 0.0, 0.0, 0.0, 0.0, 0.0, 0.0, 0.0, 132, NULL);

INSERT INTO `meeting_team_scores` (`id`, `sum_individual_points`, `sum_relay_points`, `team_id`, `meeting_id`, `created_at`, `updated_at`, `rank`, `user_id`, `sum_team_points`, `meeting_individual_points`, `meeting_relay_points`, `meeting_team_points`, `season_individual_points`, `season_relay_points`, `season_team_points`, `season_id`, `team_affiliation_id`)
VALUES (1056, 1534.69, 0.0, 73, 13230, '2014-11-17 19:20:11', '2014-11-17 19:20:11', 0, 1, 0.0, 0.0, 0.0, 0.0, 0.0, 0.0, 0.0, 132, NULL);

INSERT INTO `meeting_team_scores` (`id`, `sum_individual_points`, `sum_relay_points`, `team_id`, `meeting_id`, `created_at`, `updated_at`, `rank`, `user_id`, `sum_team_points`, `meeting_individual_points`, `meeting_relay_points`, `meeting_team_points`, `season_individual_points`, `season_relay_points`, `season_team_points`, `season_id`, `team_affiliation_id`)
VALUES (1057, 1478.62, 0.0, 273, 13230, '2014-11-17 19:20:11', '2014-11-17 19:20:11', 0, 1, 0.0, 0.0, 0.0, 0.0, 0.0, 0.0, 0.0, 132, NULL);

INSERT INTO `meeting_team_scores` (`id`, `sum_individual_points`, `sum_relay_points`, `team_id`, `meeting_id`, `created_at`, `updated_at`, `rank`, `user_id`, `sum_team_points`, `meeting_individual_points`, `meeting_relay_points`, `meeting_team_points`, `season_individual_points`, `season_relay_points`, `season_team_points`, `season_id`, `team_affiliation_id`)
VALUES (1058, 1239.57, 0.0, 283, 13230, '2014-11-17 19:20:11', '2014-11-17 19:20:11', 0, 1, 0.0, 0.0, 0.0, 0.0, 0.0, 0.0, 0.0, 132, 480);

INSERT INTO `meeting_team_scores` (`id`, `sum_individual_points`, `sum_relay_points`, `team_id`, `meeting_id`, `created_at`, `updated_at`, `rank`, `user_id`, `sum_team_points`, `meeting_individual_points`, `meeting_relay_points`, `meeting_team_points`, `season_individual_points`, `season_relay_points`, `season_team_points`, `season_id`, `team_affiliation_id`)
VALUES (1059, 1222.91, 0.0, 130, 13230, '2014-11-17 19:20:11', '2014-11-17 19:20:11', 0, 1, 0.0, 0.0, 0.0, 0.0, 0.0, 0.0, 0.0, 132, NULL);

INSERT INTO `meeting_team_scores` (`id`, `sum_individual_points`, `sum_relay_points`, `team_id`, `meeting_id`, `created_at`, `updated_at`, `rank`, `user_id`, `sum_team_points`, `meeting_individual_points`, `meeting_relay_points`, `meeting_team_points`, `season_individual_points`, `season_relay_points`, `season_team_points`, `season_id`, `team_affiliation_id`)
VALUES (1060, 1192.74, 0.0, 112, 13230, '2014-11-17 19:20:11', '2014-11-17 19:20:11', 0, 1, 0.0, 0.0, 0.0, 0.0, 0.0, 0.0, 0.0, 132, NULL);

INSERT INTO `meeting_team_scores` (`id`, `sum_individual_points`, `sum_relay_points`, `team_id`, `meeting_id`, `created_at`, `updated_at`, `rank`, `user_id`, `sum_team_points`, `meeting_individual_points`, `meeting_relay_points`, `meeting_team_points`, `season_individual_points`, `season_relay_points`, `season_team_points`, `season_id`, `team_affiliation_id`)
VALUES (1061, 689.29, 0.0, 284, 13230, '2014-11-17 19:20:11', '2014-11-17 19:20:11', 0, 1, 0.0, 0.0, 0.0, 0.0, 0.0, 0.0, 0.0, 132, 481);


-- 'Results acquired' flag setting:
UPDATE meetings SET are_results_acquired = '1' WHERE id = 13230;

-- Last completed phase code: 30
