-- *** SQL Diff file for ris20131221mercatino.txt ***
-- Timestamp: 201502181656
INSERT INTO `meeting_events` (`id`, `created_at`, `updated_at`, `event_order`, `begin_time`, `is_out_of_race`, `is_autofilled`, `notes`, `meeting_session_id`, `event_type_id`, `heat_type_id`, `user_id`, `has_separate_gender_start_list`, `has_separate_category_start_list`)
  VALUES (2573, '2015-02-18 17:01:58', '2015-02-18 17:01:58', 1, '2000-01-01 08:02:00', 0, 1, NULL, 377, 16, 3, 1, 1, 0);

INSERT INTO `meeting_programs` (`id`, `event_order`, `category_type_id`, `gender_type_id`, `user_id`, `created_at`, `updated_at`, `is_autofilled`, `is_out_of_race`, `begin_time`, `meeting_event_id`, `pool_type_id`, `time_standard_id`)
  VALUES (11706, 1, 694, 2, 1, '2015-02-18 17:01:58', '2015-02-18 17:01:58', 1, 0, '2000-01-01 08:02:00', 2573, 1, 2764);

INSERT INTO `meeting_programs` (`id`, `event_order`, `category_type_id`, `gender_type_id`, `user_id`, `created_at`, `updated_at`, `is_autofilled`, `is_out_of_race`, `begin_time`, `meeting_event_id`, `pool_type_id`, `time_standard_id`)
  VALUES (11707, 2, 695, 2, 1, '2015-02-18 17:01:58', '2015-02-18 17:01:58', 1, 0, '2000-01-01 08:04:00', 2573, 1, 2782);

INSERT INTO `meeting_programs` (`id`, `event_order`, `category_type_id`, `gender_type_id`, `user_id`, `created_at`, `updated_at`, `is_autofilled`, `is_out_of_race`, `begin_time`, `meeting_event_id`, `pool_type_id`, `time_standard_id`)
  VALUES (11708, 3, 698, 2, 1, '2015-02-18 17:01:58', '2015-02-18 17:01:58', 1, 0, '2000-01-01 08:06:00', 2573, 1, 2836);

INSERT INTO `meeting_programs` (`id`, `event_order`, `category_type_id`, `gender_type_id`, `user_id`, `created_at`, `updated_at`, `is_autofilled`, `is_out_of_race`, `begin_time`, `meeting_event_id`, `pool_type_id`, `time_standard_id`)
  VALUES (11709, 4, 696, 1, 1, '2015-02-18 17:01:58', '2015-02-18 17:01:58', 1, 0, '2000-01-01 08:08:00', 2573, 1, 2276);

INSERT INTO `meeting_programs` (`id`, `event_order`, `category_type_id`, `gender_type_id`, `user_id`, `created_at`, `updated_at`, `is_autofilled`, `is_out_of_race`, `begin_time`, `meeting_event_id`, `pool_type_id`, `time_standard_id`)
  VALUES (11710, 5, 697, 1, 1, '2015-02-18 17:01:58', '2015-02-18 17:01:58', 1, 0, '2000-01-01 08:10:00', 2573, 1, 2294);

INSERT INTO `meeting_programs` (`id`, `event_order`, `category_type_id`, `gender_type_id`, `user_id`, `created_at`, `updated_at`, `is_autofilled`, `is_out_of_race`, `begin_time`, `meeting_event_id`, `pool_type_id`, `time_standard_id`)
  VALUES (11711, 6, 699, 1, 1, '2015-02-18 17:01:58', '2015-02-18 17:01:58', 1, 0, '2000-01-01 08:12:00', 2573, 1, 2330);

INSERT INTO `meeting_programs` (`id`, `event_order`, `category_type_id`, `gender_type_id`, `user_id`, `created_at`, `updated_at`, `is_autofilled`, `is_out_of_race`, `begin_time`, `meeting_event_id`, `pool_type_id`, `time_standard_id`)
  VALUES (11712, 7, 693, 1, 1, '2015-02-18 17:01:58', '2015-02-18 17:01:58', 1, 0, '2000-01-01 08:14:00', 2573, 1, NULL);

INSERT INTO `meeting_events` (`id`, `created_at`, `updated_at`, `event_order`, `begin_time`, `is_out_of_race`, `is_autofilled`, `notes`, `meeting_session_id`, `event_type_id`, `heat_type_id`, `user_id`, `has_separate_gender_start_list`, `has_separate_category_start_list`)
  VALUES (2574, '2015-02-18 17:01:58', '2015-02-18 17:01:58', 2, '2000-01-01 08:16:00', 0, 1, NULL, 377, 12, 3, 1, 1, 0);

INSERT INTO `meeting_programs` (`id`, `event_order`, `category_type_id`, `gender_type_id`, `user_id`, `created_at`, `updated_at`, `is_autofilled`, `is_out_of_race`, `begin_time`, `meeting_event_id`, `pool_type_id`, `time_standard_id`)
  VALUES (11713, 8, 694, 2, 1, '2015-02-18 17:01:59', '2015-02-18 17:01:59', 1, 0, '2000-01-01 08:16:00', 2574, 1, 2770);

INSERT INTO `meeting_programs` (`id`, `event_order`, `category_type_id`, `gender_type_id`, `user_id`, `created_at`, `updated_at`, `is_autofilled`, `is_out_of_race`, `begin_time`, `meeting_event_id`, `pool_type_id`, `time_standard_id`)
  VALUES (11714, 9, 696, 2, 1, '2015-02-18 17:01:59', '2015-02-18 17:01:59', 1, 0, '2000-01-01 08:18:00', 2574, 1, 2806);

INSERT INTO `meeting_programs` (`id`, `event_order`, `category_type_id`, `gender_type_id`, `user_id`, `created_at`, `updated_at`, `is_autofilled`, `is_out_of_race`, `begin_time`, `meeting_event_id`, `pool_type_id`, `time_standard_id`)
  VALUES (11715, 10, 697, 2, 1, '2015-02-18 17:01:59', '2015-02-18 17:01:59', 1, 0, '2000-01-01 08:20:00', 2574, 1, 2824);

INSERT INTO `meeting_programs` (`id`, `event_order`, `category_type_id`, `gender_type_id`, `user_id`, `created_at`, `updated_at`, `is_autofilled`, `is_out_of_race`, `begin_time`, `meeting_event_id`, `pool_type_id`, `time_standard_id`)
  VALUES (11716, 11, 698, 2, 1, '2015-02-18 17:01:59', '2015-02-18 17:01:59', 1, 0, '2000-01-01 08:22:00', 2574, 1, 2842);

INSERT INTO `meeting_programs` (`id`, `event_order`, `category_type_id`, `gender_type_id`, `user_id`, `created_at`, `updated_at`, `is_autofilled`, `is_out_of_race`, `begin_time`, `meeting_event_id`, `pool_type_id`, `time_standard_id`)
  VALUES (11717, 12, 699, 2, 1, '2015-02-18 17:01:59', '2015-02-18 17:01:59', 1, 0, '2000-01-01 08:24:00', 2574, 1, 2860);

INSERT INTO `meeting_programs` (`id`, `event_order`, `category_type_id`, `gender_type_id`, `user_id`, `created_at`, `updated_at`, `is_autofilled`, `is_out_of_race`, `begin_time`, `meeting_event_id`, `pool_type_id`, `time_standard_id`)
  VALUES (11718, 13, 700, 2, 1, '2015-02-18 17:01:59', '2015-02-18 17:01:59', 1, 0, '2000-01-01 08:26:00', 2574, 1, 2878);

INSERT INTO `meeting_programs` (`id`, `event_order`, `category_type_id`, `gender_type_id`, `user_id`, `created_at`, `updated_at`, `is_autofilled`, `is_out_of_race`, `begin_time`, `meeting_event_id`, `pool_type_id`, `time_standard_id`)
  VALUES (11719, 14, 694, 1, 1, '2015-02-18 17:01:59', '2015-02-18 17:01:59', 1, 0, '2000-01-01 08:28:00', 2574, 1, 2246);

INSERT INTO `meeting_programs` (`id`, `event_order`, `category_type_id`, `gender_type_id`, `user_id`, `created_at`, `updated_at`, `is_autofilled`, `is_out_of_race`, `begin_time`, `meeting_event_id`, `pool_type_id`, `time_standard_id`)
  VALUES (11720, 15, 695, 1, 1, '2015-02-18 17:01:59', '2015-02-18 17:01:59', 1, 0, '2000-01-01 08:30:00', 2574, 1, 2264);

INSERT INTO `meeting_programs` (`id`, `event_order`, `category_type_id`, `gender_type_id`, `user_id`, `created_at`, `updated_at`, `is_autofilled`, `is_out_of_race`, `begin_time`, `meeting_event_id`, `pool_type_id`, `time_standard_id`)
  VALUES (11721, 16, 696, 1, 1, '2015-02-18 17:01:59', '2015-02-18 17:01:59', 1, 0, '2000-01-01 08:32:00', 2574, 1, 2282);

INSERT INTO `meeting_programs` (`id`, `event_order`, `category_type_id`, `gender_type_id`, `user_id`, `created_at`, `updated_at`, `is_autofilled`, `is_out_of_race`, `begin_time`, `meeting_event_id`, `pool_type_id`, `time_standard_id`)
  VALUES (11722, 17, 697, 1, 1, '2015-02-18 17:01:59', '2015-02-18 17:01:59', 1, 0, '2000-01-01 08:34:00', 2574, 1, 2300);

INSERT INTO `meeting_programs` (`id`, `event_order`, `category_type_id`, `gender_type_id`, `user_id`, `created_at`, `updated_at`, `is_autofilled`, `is_out_of_race`, `begin_time`, `meeting_event_id`, `pool_type_id`, `time_standard_id`)
  VALUES (11723, 18, 698, 1, 1, '2015-02-18 17:01:59', '2015-02-18 17:01:59', 1, 0, '2000-01-01 08:36:00', 2574, 1, 2318);

INSERT INTO `meeting_programs` (`id`, `event_order`, `category_type_id`, `gender_type_id`, `user_id`, `created_at`, `updated_at`, `is_autofilled`, `is_out_of_race`, `begin_time`, `meeting_event_id`, `pool_type_id`, `time_standard_id`)
  VALUES (11724, 19, 699, 1, 1, '2015-02-18 17:01:59', '2015-02-18 17:01:59', 1, 0, '2000-01-01 08:38:00', 2574, 1, 2336);

INSERT INTO `meeting_programs` (`id`, `event_order`, `category_type_id`, `gender_type_id`, `user_id`, `created_at`, `updated_at`, `is_autofilled`, `is_out_of_race`, `begin_time`, `meeting_event_id`, `pool_type_id`, `time_standard_id`)
  VALUES (11725, 20, 701, 1, 1, '2015-02-18 17:01:59', '2015-02-18 17:01:59', 1, 0, '2000-01-01 08:40:00', 2574, 1, 2372);

INSERT INTO `meeting_events` (`id`, `created_at`, `updated_at`, `event_order`, `begin_time`, `is_out_of_race`, `is_autofilled`, `notes`, `meeting_session_id`, `event_type_id`, `heat_type_id`, `user_id`, `has_separate_gender_start_list`, `has_separate_category_start_list`)
  VALUES (2575, '2015-02-18 17:02:00', '2015-02-18 17:02:00', 3, '2000-01-01 08:42:00', 0, 1, NULL, 377, 22, 3, 1, 1, 0);

INSERT INTO `meeting_programs` (`id`, `event_order`, `category_type_id`, `gender_type_id`, `user_id`, `created_at`, `updated_at`, `is_autofilled`, `is_out_of_race`, `begin_time`, `meeting_event_id`, `pool_type_id`, `time_standard_id`)
  VALUES (11726, 21, 694, 2, 1, '2015-02-18 17:02:00', '2015-02-18 17:02:00', 1, 0, '2000-01-01 08:42:00', 2575, 1, 2772);

INSERT INTO `meeting_programs` (`id`, `event_order`, `category_type_id`, `gender_type_id`, `user_id`, `created_at`, `updated_at`, `is_autofilled`, `is_out_of_race`, `begin_time`, `meeting_event_id`, `pool_type_id`, `time_standard_id`)
  VALUES (11727, 22, 695, 2, 1, '2015-02-18 17:02:00', '2015-02-18 17:02:00', 1, 0, '2000-01-01 08:44:00', 2575, 1, 2790);

INSERT INTO `meeting_programs` (`id`, `event_order`, `category_type_id`, `gender_type_id`, `user_id`, `created_at`, `updated_at`, `is_autofilled`, `is_out_of_race`, `begin_time`, `meeting_event_id`, `pool_type_id`, `time_standard_id`)
  VALUES (11728, 23, 696, 2, 1, '2015-02-18 17:02:00', '2015-02-18 17:02:00', 1, 0, '2000-01-01 08:46:00', 2575, 1, 2808);

INSERT INTO `meeting_programs` (`id`, `event_order`, `category_type_id`, `gender_type_id`, `user_id`, `created_at`, `updated_at`, `is_autofilled`, `is_out_of_race`, `begin_time`, `meeting_event_id`, `pool_type_id`, `time_standard_id`)
  VALUES (11729, 24, 697, 2, 1, '2015-02-18 17:02:00', '2015-02-18 17:02:00', 1, 0, '2000-01-01 08:48:00', 2575, 1, 2826);

INSERT INTO `meeting_programs` (`id`, `event_order`, `category_type_id`, `gender_type_id`, `user_id`, `created_at`, `updated_at`, `is_autofilled`, `is_out_of_race`, `begin_time`, `meeting_event_id`, `pool_type_id`, `time_standard_id`)
  VALUES (11730, 25, 698, 2, 1, '2015-02-18 17:02:00', '2015-02-18 17:02:00', 1, 0, '2000-01-01 08:50:00', 2575, 1, 2844);

INSERT INTO `meeting_programs` (`id`, `event_order`, `category_type_id`, `gender_type_id`, `user_id`, `created_at`, `updated_at`, `is_autofilled`, `is_out_of_race`, `begin_time`, `meeting_event_id`, `pool_type_id`, `time_standard_id`)
  VALUES (11731, 26, 699, 2, 1, '2015-02-18 17:02:00', '2015-02-18 17:02:00', 1, 0, '2000-01-01 08:52:00', 2575, 1, 2862);

INSERT INTO `meeting_programs` (`id`, `event_order`, `category_type_id`, `gender_type_id`, `user_id`, `created_at`, `updated_at`, `is_autofilled`, `is_out_of_race`, `begin_time`, `meeting_event_id`, `pool_type_id`, `time_standard_id`)
  VALUES (11732, 27, 701, 2, 1, '2015-02-18 17:02:00', '2015-02-18 17:02:00', 1, 0, '2000-01-01 08:54:00', 2575, 1, 2898);

INSERT INTO `meeting_programs` (`id`, `event_order`, `category_type_id`, `gender_type_id`, `user_id`, `created_at`, `updated_at`, `is_autofilled`, `is_out_of_race`, `begin_time`, `meeting_event_id`, `pool_type_id`, `time_standard_id`)
  VALUES (11733, 28, 694, 1, 1, '2015-02-18 17:02:00', '2015-02-18 17:02:00', 1, 0, '2000-01-01 08:56:00', 2575, 1, 2248);

INSERT INTO `meeting_programs` (`id`, `event_order`, `category_type_id`, `gender_type_id`, `user_id`, `created_at`, `updated_at`, `is_autofilled`, `is_out_of_race`, `begin_time`, `meeting_event_id`, `pool_type_id`, `time_standard_id`)
  VALUES (11734, 29, 695, 1, 1, '2015-02-18 17:02:00', '2015-02-18 17:02:00', 1, 0, '2000-01-01 08:58:00', 2575, 1, 2266);

INSERT INTO `meeting_programs` (`id`, `event_order`, `category_type_id`, `gender_type_id`, `user_id`, `created_at`, `updated_at`, `is_autofilled`, `is_out_of_race`, `begin_time`, `meeting_event_id`, `pool_type_id`, `time_standard_id`)
  VALUES (11735, 30, 696, 1, 1, '2015-02-18 17:02:00', '2015-02-18 17:02:00', 1, 0, '2000-01-01 09:00:00', 2575, 1, 2284);

INSERT INTO `meeting_programs` (`id`, `event_order`, `category_type_id`, `gender_type_id`, `user_id`, `created_at`, `updated_at`, `is_autofilled`, `is_out_of_race`, `begin_time`, `meeting_event_id`, `pool_type_id`, `time_standard_id`)
  VALUES (11736, 31, 697, 1, 1, '2015-02-18 17:02:00', '2015-02-18 17:02:00', 1, 0, '2000-01-01 09:02:00', 2575, 1, 2302);

INSERT INTO `meeting_programs` (`id`, `event_order`, `category_type_id`, `gender_type_id`, `user_id`, `created_at`, `updated_at`, `is_autofilled`, `is_out_of_race`, `begin_time`, `meeting_event_id`, `pool_type_id`, `time_standard_id`)
  VALUES (11737, 32, 698, 1, 1, '2015-02-18 17:02:01', '2015-02-18 17:02:01', 1, 0, '2000-01-01 09:04:00', 2575, 1, 2320);

INSERT INTO `meeting_programs` (`id`, `event_order`, `category_type_id`, `gender_type_id`, `user_id`, `created_at`, `updated_at`, `is_autofilled`, `is_out_of_race`, `begin_time`, `meeting_event_id`, `pool_type_id`, `time_standard_id`)
  VALUES (11738, 33, 699, 1, 1, '2015-02-18 17:02:01', '2015-02-18 17:02:01', 1, 0, '2000-01-01 09:06:00', 2575, 1, 2338);

INSERT INTO `meeting_programs` (`id`, `event_order`, `category_type_id`, `gender_type_id`, `user_id`, `created_at`, `updated_at`, `is_autofilled`, `is_out_of_race`, `begin_time`, `meeting_event_id`, `pool_type_id`, `time_standard_id`)
  VALUES (11739, 34, 702, 1, 1, '2015-02-18 17:02:01', '2015-02-18 17:02:01', 1, 0, '2000-01-01 09:08:00', 2575, 1, 2392);

INSERT INTO `meeting_programs` (`id`, `event_order`, `category_type_id`, `gender_type_id`, `user_id`, `created_at`, `updated_at`, `is_autofilled`, `is_out_of_race`, `begin_time`, `meeting_event_id`, `pool_type_id`, `time_standard_id`)
  VALUES (11740, 35, 693, 1, 1, '2015-02-18 17:02:01', '2015-02-18 17:02:01', 1, 0, '2000-01-01 09:10:00', 2575, 1, NULL);

INSERT INTO `meeting_events` (`id`, `created_at`, `updated_at`, `event_order`, `begin_time`, `is_out_of_race`, `is_autofilled`, `notes`, `meeting_session_id`, `event_type_id`, `heat_type_id`, `user_id`, `has_separate_gender_start_list`, `has_separate_category_start_list`)
  VALUES (2576, '2015-02-18 17:02:01', '2015-02-18 17:02:01', 4, '2000-01-01 09:12:00', 0, 1, NULL, 377, 20, 3, 1, 1, 0);

INSERT INTO `meeting_programs` (`id`, `event_order`, `category_type_id`, `gender_type_id`, `user_id`, `created_at`, `updated_at`, `is_autofilled`, `is_out_of_race`, `begin_time`, `meeting_event_id`, `pool_type_id`, `time_standard_id`)
  VALUES (11741, 36, 694, 2, 1, '2015-02-18 17:02:01', '2015-02-18 17:02:01', 1, 0, '2000-01-01 09:12:00', 2576, 1, 2767);

INSERT INTO `meeting_programs` (`id`, `event_order`, `category_type_id`, `gender_type_id`, `user_id`, `created_at`, `updated_at`, `is_autofilled`, `is_out_of_race`, `begin_time`, `meeting_event_id`, `pool_type_id`, `time_standard_id`)
  VALUES (11742, 37, 695, 2, 1, '2015-02-18 17:02:01', '2015-02-18 17:02:01', 1, 0, '2000-01-01 09:14:00', 2576, 1, 2785);

INSERT INTO `meeting_programs` (`id`, `event_order`, `category_type_id`, `gender_type_id`, `user_id`, `created_at`, `updated_at`, `is_autofilled`, `is_out_of_race`, `begin_time`, `meeting_event_id`, `pool_type_id`, `time_standard_id`)
  VALUES (11743, 38, 696, 2, 1, '2015-02-18 17:02:01', '2015-02-18 17:02:01', 1, 0, '2000-01-01 09:16:00', 2576, 1, 2803);

INSERT INTO `meeting_programs` (`id`, `event_order`, `category_type_id`, `gender_type_id`, `user_id`, `created_at`, `updated_at`, `is_autofilled`, `is_out_of_race`, `begin_time`, `meeting_event_id`, `pool_type_id`, `time_standard_id`)
  VALUES (11744, 39, 697, 2, 1, '2015-02-18 17:02:01', '2015-02-18 17:02:01', 1, 0, '2000-01-01 09:18:00', 2576, 1, 2821);

INSERT INTO `meeting_programs` (`id`, `event_order`, `category_type_id`, `gender_type_id`, `user_id`, `created_at`, `updated_at`, `is_autofilled`, `is_out_of_race`, `begin_time`, `meeting_event_id`, `pool_type_id`, `time_standard_id`)
  VALUES (11745, 40, 698, 2, 1, '2015-02-18 17:02:01', '2015-02-18 17:02:01', 1, 0, '2000-01-01 09:20:00', 2576, 1, 2839);

INSERT INTO `meeting_programs` (`id`, `event_order`, `category_type_id`, `gender_type_id`, `user_id`, `created_at`, `updated_at`, `is_autofilled`, `is_out_of_race`, `begin_time`, `meeting_event_id`, `pool_type_id`, `time_standard_id`)
  VALUES (11746, 41, 699, 2, 1, '2015-02-18 17:02:01', '2015-02-18 17:02:01', 1, 0, '2000-01-01 09:22:00', 2576, 1, 2857);

INSERT INTO `meeting_programs` (`id`, `event_order`, `category_type_id`, `gender_type_id`, `user_id`, `created_at`, `updated_at`, `is_autofilled`, `is_out_of_race`, `begin_time`, `meeting_event_id`, `pool_type_id`, `time_standard_id`)
  VALUES (11747, 42, 694, 1, 1, '2015-02-18 17:02:01', '2015-02-18 17:02:01', 1, 0, '2000-01-01 09:24:00', 2576, 1, 2243);

INSERT INTO `meeting_programs` (`id`, `event_order`, `category_type_id`, `gender_type_id`, `user_id`, `created_at`, `updated_at`, `is_autofilled`, `is_out_of_race`, `begin_time`, `meeting_event_id`, `pool_type_id`, `time_standard_id`)
  VALUES (11748, 43, 695, 1, 1, '2015-02-18 17:02:02', '2015-02-18 17:02:02', 1, 0, '2000-01-01 09:26:00', 2576, 1, 2261);

INSERT INTO `meeting_programs` (`id`, `event_order`, `category_type_id`, `gender_type_id`, `user_id`, `created_at`, `updated_at`, `is_autofilled`, `is_out_of_race`, `begin_time`, `meeting_event_id`, `pool_type_id`, `time_standard_id`)
  VALUES (11749, 44, 696, 1, 1, '2015-02-18 17:02:02', '2015-02-18 17:02:02', 1, 0, '2000-01-01 09:28:00', 2576, 1, 2279);

INSERT INTO `meeting_programs` (`id`, `event_order`, `category_type_id`, `gender_type_id`, `user_id`, `created_at`, `updated_at`, `is_autofilled`, `is_out_of_race`, `begin_time`, `meeting_event_id`, `pool_type_id`, `time_standard_id`)
  VALUES (11750, 45, 697, 1, 1, '2015-02-18 17:02:02', '2015-02-18 17:02:02', 1, 0, '2000-01-01 09:30:00', 2576, 1, 2297);

INSERT INTO `meeting_programs` (`id`, `event_order`, `category_type_id`, `gender_type_id`, `user_id`, `created_at`, `updated_at`, `is_autofilled`, `is_out_of_race`, `begin_time`, `meeting_event_id`, `pool_type_id`, `time_standard_id`)
  VALUES (11751, 46, 698, 1, 1, '2015-02-18 17:02:02', '2015-02-18 17:02:02', 1, 0, '2000-01-01 09:32:00', 2576, 1, 2315);

INSERT INTO `meeting_programs` (`id`, `event_order`, `category_type_id`, `gender_type_id`, `user_id`, `created_at`, `updated_at`, `is_autofilled`, `is_out_of_race`, `begin_time`, `meeting_event_id`, `pool_type_id`, `time_standard_id`)
  VALUES (11752, 47, 699, 1, 1, '2015-02-18 17:02:02', '2015-02-18 17:02:02', 1, 0, '2000-01-01 09:34:00', 2576, 1, 2333);

INSERT INTO `meeting_programs` (`id`, `event_order`, `category_type_id`, `gender_type_id`, `user_id`, `created_at`, `updated_at`, `is_autofilled`, `is_out_of_race`, `begin_time`, `meeting_event_id`, `pool_type_id`, `time_standard_id`)
  VALUES (11753, 48, 700, 1, 1, '2015-02-18 17:02:02', '2015-02-18 17:02:02', 1, 0, '2000-01-01 09:36:00', 2576, 1, 2351);

INSERT INTO `meeting_programs` (`id`, `event_order`, `category_type_id`, `gender_type_id`, `user_id`, `created_at`, `updated_at`, `is_autofilled`, `is_out_of_race`, `begin_time`, `meeting_event_id`, `pool_type_id`, `time_standard_id`)
  VALUES (11754, 49, 701, 1, 1, '2015-02-18 17:02:02', '2015-02-18 17:02:02', 1, 0, '2000-01-01 09:38:00', 2576, 1, 2369);

INSERT INTO `meeting_programs` (`id`, `event_order`, `category_type_id`, `gender_type_id`, `user_id`, `created_at`, `updated_at`, `is_autofilled`, `is_out_of_race`, `begin_time`, `meeting_event_id`, `pool_type_id`, `time_standard_id`)
  VALUES (11755, 50, 702, 1, 1, '2015-02-18 17:02:02', '2015-02-18 17:02:02', 1, 0, '2000-01-01 09:40:00', 2576, 1, 2387);

INSERT INTO `meeting_programs` (`id`, `event_order`, `category_type_id`, `gender_type_id`, `user_id`, `created_at`, `updated_at`, `is_autofilled`, `is_out_of_race`, `begin_time`, `meeting_event_id`, `pool_type_id`, `time_standard_id`)
  VALUES (11756, 51, 703, 1, 1, '2015-02-18 17:02:02', '2015-02-18 17:02:02', 1, 0, '2000-01-01 09:42:00', 2576, 1, 2405);

INSERT INTO `meeting_programs` (`id`, `event_order`, `category_type_id`, `gender_type_id`, `user_id`, `created_at`, `updated_at`, `is_autofilled`, `is_out_of_race`, `begin_time`, `meeting_event_id`, `pool_type_id`, `time_standard_id`)
  VALUES (11757, 52, 693, 1, 1, '2015-02-18 17:02:02', '2015-02-18 17:02:02', 1, 0, '2000-01-01 09:44:00', 2576, 1, NULL);

INSERT INTO `meeting_events` (`id`, `created_at`, `updated_at`, `event_order`, `begin_time`, `is_out_of_race`, `is_autofilled`, `notes`, `meeting_session_id`, `event_type_id`, `heat_type_id`, `user_id`, `has_separate_gender_start_list`, `has_separate_category_start_list`)
  VALUES (2577, '2015-02-18 17:02:02', '2015-02-18 17:02:02', 5, '2000-01-01 09:46:00', 0, 1, NULL, 377, 3, 3, 1, 1, 0);

INSERT INTO `meeting_programs` (`id`, `event_order`, `category_type_id`, `gender_type_id`, `user_id`, `created_at`, `updated_at`, `is_autofilled`, `is_out_of_race`, `begin_time`, `meeting_event_id`, `pool_type_id`, `time_standard_id`)
  VALUES (11758, 53, 698, 2, 1, '2015-02-18 17:02:02', '2015-02-18 17:02:02', 1, 0, '2000-01-01 09:46:00', 2577, 1, 2830);

INSERT INTO `meeting_programs` (`id`, `event_order`, `category_type_id`, `gender_type_id`, `user_id`, `created_at`, `updated_at`, `is_autofilled`, `is_out_of_race`, `begin_time`, `meeting_event_id`, `pool_type_id`, `time_standard_id`)
  VALUES (11759, 54, 694, 1, 1, '2015-02-18 17:02:03', '2015-02-18 17:02:03', 1, 0, '2000-01-01 09:48:00', 2577, 1, 2234);

INSERT INTO `meeting_programs` (`id`, `event_order`, `category_type_id`, `gender_type_id`, `user_id`, `created_at`, `updated_at`, `is_autofilled`, `is_out_of_race`, `begin_time`, `meeting_event_id`, `pool_type_id`, `time_standard_id`)
  VALUES (11760, 55, 695, 1, 1, '2015-02-18 17:02:03', '2015-02-18 17:02:03', 1, 0, '2000-01-01 09:50:00', 2577, 1, 2252);

INSERT INTO `meeting_programs` (`id`, `event_order`, `category_type_id`, `gender_type_id`, `user_id`, `created_at`, `updated_at`, `is_autofilled`, `is_out_of_race`, `begin_time`, `meeting_event_id`, `pool_type_id`, `time_standard_id`)
  VALUES (11761, 56, 696, 1, 1, '2015-02-18 17:02:03', '2015-02-18 17:02:03', 1, 0, '2000-01-01 09:52:00', 2577, 1, 2270);

INSERT INTO `meeting_programs` (`id`, `event_order`, `category_type_id`, `gender_type_id`, `user_id`, `created_at`, `updated_at`, `is_autofilled`, `is_out_of_race`, `begin_time`, `meeting_event_id`, `pool_type_id`, `time_standard_id`)
  VALUES (11762, 57, 697, 1, 1, '2015-02-18 17:02:03', '2015-02-18 17:02:03', 1, 0, '2000-01-01 09:54:00', 2577, 1, 2288);

INSERT INTO `meeting_programs` (`id`, `event_order`, `category_type_id`, `gender_type_id`, `user_id`, `created_at`, `updated_at`, `is_autofilled`, `is_out_of_race`, `begin_time`, `meeting_event_id`, `pool_type_id`, `time_standard_id`)
  VALUES (11763, 58, 698, 1, 1, '2015-02-18 17:02:03', '2015-02-18 17:02:03', 1, 0, '2000-01-01 09:56:00', 2577, 1, 2306);

INSERT INTO `meeting_programs` (`id`, `event_order`, `category_type_id`, `gender_type_id`, `user_id`, `created_at`, `updated_at`, `is_autofilled`, `is_out_of_race`, `begin_time`, `meeting_event_id`, `pool_type_id`, `time_standard_id`)
  VALUES (11764, 59, 699, 1, 1, '2015-02-18 17:02:03', '2015-02-18 17:02:03', 1, 0, '2000-01-01 09:58:00', 2577, 1, 2324);

INSERT INTO `meeting_programs` (`id`, `event_order`, `category_type_id`, `gender_type_id`, `user_id`, `created_at`, `updated_at`, `is_autofilled`, `is_out_of_race`, `begin_time`, `meeting_event_id`, `pool_type_id`, `time_standard_id`)
  VALUES (11765, 60, 700, 1, 1, '2015-02-18 17:02:03', '2015-02-18 17:02:03', 1, 0, '2000-01-01 10:00:00', 2577, 1, 2342);

INSERT INTO `meeting_programs` (`id`, `event_order`, `category_type_id`, `gender_type_id`, `user_id`, `created_at`, `updated_at`, `is_autofilled`, `is_out_of_race`, `begin_time`, `meeting_event_id`, `pool_type_id`, `time_standard_id`)
  VALUES (11766, 61, 702, 1, 1, '2015-02-18 17:02:03', '2015-02-18 17:02:03', 1, 0, '2000-01-01 10:02:00', 2577, 1, 2378);

INSERT INTO `meeting_programs` (`id`, `event_order`, `category_type_id`, `gender_type_id`, `user_id`, `created_at`, `updated_at`, `is_autofilled`, `is_out_of_race`, `begin_time`, `meeting_event_id`, `pool_type_id`, `time_standard_id`)
  VALUES (11767, 62, 705, 1, 1, '2015-02-18 17:02:03', '2015-02-18 17:02:03', 1, 0, '2000-01-01 10:04:00', 2577, 1, 2432);

INSERT INTO `meeting_programs` (`id`, `event_order`, `category_type_id`, `gender_type_id`, `user_id`, `created_at`, `updated_at`, `is_autofilled`, `is_out_of_race`, `begin_time`, `meeting_event_id`, `pool_type_id`, `time_standard_id`)
  VALUES (11768, 63, 693, 1, 1, '2015-02-18 17:02:03', '2015-02-18 17:02:03', 1, 0, '2000-01-01 10:06:00', 2577, 1, NULL);

INSERT INTO `meeting_events` (`id`, `created_at`, `updated_at`, `event_order`, `begin_time`, `is_out_of_race`, `is_autofilled`, `notes`, `meeting_session_id`, `event_type_id`, `heat_type_id`, `user_id`, `has_separate_gender_start_list`, `has_separate_category_start_list`)
  VALUES (2578, '2015-02-18 17:02:03', '2015-02-18 17:02:03', 6, '2000-01-01 10:08:00', 0, 1, NULL, 377, 23, 3, 1, 1, 0);

INSERT INTO `meeting_programs` (`id`, `event_order`, `category_type_id`, `gender_type_id`, `user_id`, `created_at`, `updated_at`, `is_autofilled`, `is_out_of_race`, `begin_time`, `meeting_event_id`, `pool_type_id`, `time_standard_id`)
  VALUES (11769, 64, 694, 2, 1, '2015-02-18 17:02:03', '2015-02-18 17:02:03', 1, 0, '2000-01-01 10:08:00', 2578, 1, 2773);

INSERT INTO `meeting_programs` (`id`, `event_order`, `category_type_id`, `gender_type_id`, `user_id`, `created_at`, `updated_at`, `is_autofilled`, `is_out_of_race`, `begin_time`, `meeting_event_id`, `pool_type_id`, `time_standard_id`)
  VALUES (11770, 65, 698, 2, 1, '2015-02-18 17:02:03', '2015-02-18 17:02:03', 1, 0, '2000-01-01 10:10:00', 2578, 1, 2845);

INSERT INTO `meeting_programs` (`id`, `event_order`, `category_type_id`, `gender_type_id`, `user_id`, `created_at`, `updated_at`, `is_autofilled`, `is_out_of_race`, `begin_time`, `meeting_event_id`, `pool_type_id`, `time_standard_id`)
  VALUES (11771, 66, 700, 2, 1, '2015-02-18 17:02:03', '2015-02-18 17:02:03', 1, 0, '2000-01-01 10:12:00', 2578, 1, 2881);

INSERT INTO `meeting_programs` (`id`, `event_order`, `category_type_id`, `gender_type_id`, `user_id`, `created_at`, `updated_at`, `is_autofilled`, `is_out_of_race`, `begin_time`, `meeting_event_id`, `pool_type_id`, `time_standard_id`)
  VALUES (11772, 67, 695, 1, 1, '2015-02-18 17:02:04', '2015-02-18 17:02:04', 1, 0, '2000-01-01 10:14:00', 2578, 1, 2267);

INSERT INTO `meeting_programs` (`id`, `event_order`, `category_type_id`, `gender_type_id`, `user_id`, `created_at`, `updated_at`, `is_autofilled`, `is_out_of_race`, `begin_time`, `meeting_event_id`, `pool_type_id`, `time_standard_id`)
  VALUES (11773, 68, 696, 1, 1, '2015-02-18 17:02:04', '2015-02-18 17:02:04', 1, 0, '2000-01-01 10:16:00', 2578, 1, 2285);

INSERT INTO `meeting_programs` (`id`, `event_order`, `category_type_id`, `gender_type_id`, `user_id`, `created_at`, `updated_at`, `is_autofilled`, `is_out_of_race`, `begin_time`, `meeting_event_id`, `pool_type_id`, `time_standard_id`)
  VALUES (11774, 69, 697, 1, 1, '2015-02-18 17:02:04', '2015-02-18 17:02:04', 1, 0, '2000-01-01 10:18:00', 2578, 1, 2303);

INSERT INTO `meeting_programs` (`id`, `event_order`, `category_type_id`, `gender_type_id`, `user_id`, `created_at`, `updated_at`, `is_autofilled`, `is_out_of_race`, `begin_time`, `meeting_event_id`, `pool_type_id`, `time_standard_id`)
  VALUES (11775, 70, 699, 1, 1, '2015-02-18 17:02:04', '2015-02-18 17:02:04', 1, 0, '2000-01-01 10:20:00', 2578, 1, 2339);

INSERT INTO `meeting_programs` (`id`, `event_order`, `category_type_id`, `gender_type_id`, `user_id`, `created_at`, `updated_at`, `is_autofilled`, `is_out_of_race`, `begin_time`, `meeting_event_id`, `pool_type_id`, `time_standard_id`)
  VALUES (11776, 71, 701, 1, 1, '2015-02-18 17:02:04', '2015-02-18 17:02:04', 1, 0, '2000-01-01 10:22:00', 2578, 1, 2375);

INSERT INTO `meeting_programs` (`id`, `event_order`, `category_type_id`, `gender_type_id`, `user_id`, `created_at`, `updated_at`, `is_autofilled`, `is_out_of_race`, `begin_time`, `meeting_event_id`, `pool_type_id`, `time_standard_id`)
  VALUES (11777, 72, 703, 1, 1, '2015-02-18 17:02:04', '2015-02-18 17:02:04', 1, 0, '2000-01-01 10:24:00', 2578, 1, 2411);

INSERT INTO `meeting_programs` (`id`, `event_order`, `category_type_id`, `gender_type_id`, `user_id`, `created_at`, `updated_at`, `is_autofilled`, `is_out_of_race`, `begin_time`, `meeting_event_id`, `pool_type_id`, `time_standard_id`)
  VALUES (11778, 73, 693, 1, 1, '2015-02-18 17:02:04', '2015-02-18 17:02:04', 1, 0, '2000-01-01 10:26:00', 2578, 1, NULL);

INSERT INTO `meeting_events` (`id`, `created_at`, `updated_at`, `event_order`, `begin_time`, `is_out_of_race`, `is_autofilled`, `notes`, `meeting_session_id`, `event_type_id`, `heat_type_id`, `user_id`, `has_separate_gender_start_list`, `has_separate_category_start_list`)
  VALUES (2579, '2015-02-18 17:02:04', '2015-02-18 17:02:04', 7, '2000-01-01 10:28:00', 0, 1, NULL, 377, 15, 3, 1, 1, 0);

INSERT INTO `meeting_programs` (`id`, `event_order`, `category_type_id`, `gender_type_id`, `user_id`, `created_at`, `updated_at`, `is_autofilled`, `is_out_of_race`, `begin_time`, `meeting_event_id`, `pool_type_id`, `time_standard_id`)
  VALUES (11779, 74, 694, 2, 1, '2015-02-18 17:02:04', '2015-02-18 17:02:04', 1, 0, '2000-01-01 10:28:00', 2579, 1, 2763);

INSERT INTO `meeting_programs` (`id`, `event_order`, `category_type_id`, `gender_type_id`, `user_id`, `created_at`, `updated_at`, `is_autofilled`, `is_out_of_race`, `begin_time`, `meeting_event_id`, `pool_type_id`, `time_standard_id`)
  VALUES (11780, 75, 695, 2, 1, '2015-02-18 17:02:04', '2015-02-18 17:02:04', 1, 0, '2000-01-01 10:30:00', 2579, 1, 2781);

INSERT INTO `meeting_programs` (`id`, `event_order`, `category_type_id`, `gender_type_id`, `user_id`, `created_at`, `updated_at`, `is_autofilled`, `is_out_of_race`, `begin_time`, `meeting_event_id`, `pool_type_id`, `time_standard_id`)
  VALUES (11781, 76, 697, 2, 1, '2015-02-18 17:02:04', '2015-02-18 17:02:04', 1, 0, '2000-01-01 10:32:00', 2579, 1, 2817);

INSERT INTO `meeting_programs` (`id`, `event_order`, `category_type_id`, `gender_type_id`, `user_id`, `created_at`, `updated_at`, `is_autofilled`, `is_out_of_race`, `begin_time`, `meeting_event_id`, `pool_type_id`, `time_standard_id`)
  VALUES (11782, 77, 699, 2, 1, '2015-02-18 17:02:04', '2015-02-18 17:02:04', 1, 0, '2000-01-01 10:34:00', 2579, 1, 2853);

INSERT INTO `meeting_programs` (`id`, `event_order`, `category_type_id`, `gender_type_id`, `user_id`, `created_at`, `updated_at`, `is_autofilled`, `is_out_of_race`, `begin_time`, `meeting_event_id`, `pool_type_id`, `time_standard_id`)
  VALUES (11783, 78, 701, 2, 1, '2015-02-18 17:02:05', '2015-02-18 17:02:05', 1, 0, '2000-01-01 10:36:00', 2579, 1, 2889);

INSERT INTO `meeting_programs` (`id`, `event_order`, `category_type_id`, `gender_type_id`, `user_id`, `created_at`, `updated_at`, `is_autofilled`, `is_out_of_race`, `begin_time`, `meeting_event_id`, `pool_type_id`, `time_standard_id`)
  VALUES (11784, 79, 694, 1, 1, '2015-02-18 17:02:05', '2015-02-18 17:02:05', 1, 0, '2000-01-01 10:38:00', 2579, 1, 2239);

INSERT INTO `meeting_programs` (`id`, `event_order`, `category_type_id`, `gender_type_id`, `user_id`, `created_at`, `updated_at`, `is_autofilled`, `is_out_of_race`, `begin_time`, `meeting_event_id`, `pool_type_id`, `time_standard_id`)
  VALUES (11785, 80, 695, 1, 1, '2015-02-18 17:02:05', '2015-02-18 17:02:05', 1, 0, '2000-01-01 10:40:00', 2579, 1, 2257);

INSERT INTO `meeting_programs` (`id`, `event_order`, `category_type_id`, `gender_type_id`, `user_id`, `created_at`, `updated_at`, `is_autofilled`, `is_out_of_race`, `begin_time`, `meeting_event_id`, `pool_type_id`, `time_standard_id`)
  VALUES (11786, 81, 696, 1, 1, '2015-02-18 17:02:05', '2015-02-18 17:02:05', 1, 0, '2000-01-01 10:42:00', 2579, 1, 2275);

INSERT INTO `meeting_programs` (`id`, `event_order`, `category_type_id`, `gender_type_id`, `user_id`, `created_at`, `updated_at`, `is_autofilled`, `is_out_of_race`, `begin_time`, `meeting_event_id`, `pool_type_id`, `time_standard_id`)
  VALUES (11787, 82, 697, 1, 1, '2015-02-18 17:02:05', '2015-02-18 17:02:05', 1, 0, '2000-01-01 10:44:00', 2579, 1, 2293);

INSERT INTO `meeting_programs` (`id`, `event_order`, `category_type_id`, `gender_type_id`, `user_id`, `created_at`, `updated_at`, `is_autofilled`, `is_out_of_race`, `begin_time`, `meeting_event_id`, `pool_type_id`, `time_standard_id`)
  VALUES (11788, 83, 698, 1, 1, '2015-02-18 17:02:05', '2015-02-18 17:02:05', 1, 0, '2000-01-01 10:46:00', 2579, 1, 2311);

INSERT INTO `meeting_programs` (`id`, `event_order`, `category_type_id`, `gender_type_id`, `user_id`, `created_at`, `updated_at`, `is_autofilled`, `is_out_of_race`, `begin_time`, `meeting_event_id`, `pool_type_id`, `time_standard_id`)
  VALUES (11789, 84, 699, 1, 1, '2015-02-18 17:02:05', '2015-02-18 17:02:05', 1, 0, '2000-01-01 10:48:00', 2579, 1, 2329);

INSERT INTO `meeting_programs` (`id`, `event_order`, `category_type_id`, `gender_type_id`, `user_id`, `created_at`, `updated_at`, `is_autofilled`, `is_out_of_race`, `begin_time`, `meeting_event_id`, `pool_type_id`, `time_standard_id`)
  VALUES (11790, 85, 700, 1, 1, '2015-02-18 17:02:05', '2015-02-18 17:02:05', 1, 0, '2000-01-01 10:50:00', 2579, 1, 2347);

INSERT INTO `meeting_programs` (`id`, `event_order`, `category_type_id`, `gender_type_id`, `user_id`, `created_at`, `updated_at`, `is_autofilled`, `is_out_of_race`, `begin_time`, `meeting_event_id`, `pool_type_id`, `time_standard_id`)
  VALUES (11791, 86, 702, 1, 1, '2015-02-18 17:02:05', '2015-02-18 17:02:05', 1, 0, '2000-01-01 10:52:00', 2579, 1, 2383);

INSERT INTO `meeting_programs` (`id`, `event_order`, `category_type_id`, `gender_type_id`, `user_id`, `created_at`, `updated_at`, `is_autofilled`, `is_out_of_race`, `begin_time`, `meeting_event_id`, `pool_type_id`, `time_standard_id`)
  VALUES (11792, 87, 703, 1, 1, '2015-02-18 17:02:05', '2015-02-18 17:02:05', 1, 0, '2000-01-01 10:54:00', 2579, 1, 2401);

INSERT INTO `meeting_events` (`id`, `created_at`, `updated_at`, `event_order`, `begin_time`, `is_out_of_race`, `is_autofilled`, `notes`, `meeting_session_id`, `event_type_id`, `heat_type_id`, `user_id`, `has_separate_gender_start_list`, `has_separate_category_start_list`)
  VALUES (2580, '2015-02-18 17:02:05', '2015-02-18 17:02:05', 8, '2000-01-01 10:56:00', 0, 1, NULL, 377, 11, 3, 1, 1, 0);

INSERT INTO `meeting_programs` (`id`, `event_order`, `category_type_id`, `gender_type_id`, `user_id`, `created_at`, `updated_at`, `is_autofilled`, `is_out_of_race`, `begin_time`, `meeting_event_id`, `pool_type_id`, `time_standard_id`)
  VALUES (11793, 88, 694, 2, 1, '2015-02-18 17:02:05', '2015-02-18 17:02:05', 1, 0, '2000-01-01 10:56:00', 2580, 1, 2769);

INSERT INTO `meeting_programs` (`id`, `event_order`, `category_type_id`, `gender_type_id`, `user_id`, `created_at`, `updated_at`, `is_autofilled`, `is_out_of_race`, `begin_time`, `meeting_event_id`, `pool_type_id`, `time_standard_id`)
  VALUES (11794, 89, 694, 1, 1, '2015-02-18 17:02:06', '2015-02-18 17:02:06', 1, 0, '2000-01-01 10:58:00', 2580, 1, 2245);

INSERT INTO `meeting_programs` (`id`, `event_order`, `category_type_id`, `gender_type_id`, `user_id`, `created_at`, `updated_at`, `is_autofilled`, `is_out_of_race`, `begin_time`, `meeting_event_id`, `pool_type_id`, `time_standard_id`)
  VALUES (11795, 90, 695, 1, 1, '2015-02-18 17:02:06', '2015-02-18 17:02:06', 1, 0, '2000-01-01 11:00:00', 2580, 1, 2263);

INSERT INTO `meeting_programs` (`id`, `event_order`, `category_type_id`, `gender_type_id`, `user_id`, `created_at`, `updated_at`, `is_autofilled`, `is_out_of_race`, `begin_time`, `meeting_event_id`, `pool_type_id`, `time_standard_id`)
  VALUES (11796, 91, 696, 1, 1, '2015-02-18 17:02:06', '2015-02-18 17:02:06', 1, 0, '2000-01-01 11:02:00', 2580, 1, 2281);

INSERT INTO `meeting_programs` (`id`, `event_order`, `category_type_id`, `gender_type_id`, `user_id`, `created_at`, `updated_at`, `is_autofilled`, `is_out_of_race`, `begin_time`, `meeting_event_id`, `pool_type_id`, `time_standard_id`)
  VALUES (11797, 92, 697, 1, 1, '2015-02-18 17:02:06', '2015-02-18 17:02:06', 1, 0, '2000-01-01 11:04:00', 2580, 1, 2299);

INSERT INTO `meeting_programs` (`id`, `event_order`, `category_type_id`, `gender_type_id`, `user_id`, `created_at`, `updated_at`, `is_autofilled`, `is_out_of_race`, `begin_time`, `meeting_event_id`, `pool_type_id`, `time_standard_id`)
  VALUES (11798, 93, 698, 1, 1, '2015-02-18 17:02:06', '2015-02-18 17:02:06', 1, 0, '2000-01-01 11:06:00', 2580, 1, 2317);

INSERT INTO `meeting_programs` (`id`, `event_order`, `category_type_id`, `gender_type_id`, `user_id`, `created_at`, `updated_at`, `is_autofilled`, `is_out_of_race`, `begin_time`, `meeting_event_id`, `pool_type_id`, `time_standard_id`)
  VALUES (11799, 94, 701, 1, 1, '2015-02-18 17:02:06', '2015-02-18 17:02:06', 1, 0, '2000-01-01 11:08:00', 2580, 1, 2371);

INSERT INTO `meeting_events` (`id`, `created_at`, `updated_at`, `event_order`, `begin_time`, `is_out_of_race`, `is_autofilled`, `notes`, `meeting_session_id`, `event_type_id`, `heat_type_id`, `user_id`, `has_separate_gender_start_list`, `has_separate_category_start_list`)
  VALUES (2581, '2015-02-18 17:02:06', '2015-02-18 17:02:06', 9, '2000-01-01 11:10:00', 0, 1, NULL, 377, 19, 3, 1, 1, 0);

INSERT INTO `meeting_programs` (`id`, `event_order`, `category_type_id`, `gender_type_id`, `user_id`, `created_at`, `updated_at`, `is_autofilled`, `is_out_of_race`, `begin_time`, `meeting_event_id`, `pool_type_id`, `time_standard_id`)
  VALUES (11800, 95, 694, 2, 1, '2015-02-18 17:02:06', '2015-02-18 17:02:06', 1, 0, '2000-01-01 11:10:00', 2581, 1, 2766);

INSERT INTO `meeting_programs` (`id`, `event_order`, `category_type_id`, `gender_type_id`, `user_id`, `created_at`, `updated_at`, `is_autofilled`, `is_out_of_race`, `begin_time`, `meeting_event_id`, `pool_type_id`, `time_standard_id`)
  VALUES (11801, 96, 695, 2, 1, '2015-02-18 17:02:06', '2015-02-18 17:02:06', 1, 0, '2000-01-01 11:12:00', 2581, 1, 2784);

INSERT INTO `meeting_programs` (`id`, `event_order`, `category_type_id`, `gender_type_id`, `user_id`, `created_at`, `updated_at`, `is_autofilled`, `is_out_of_race`, `begin_time`, `meeting_event_id`, `pool_type_id`, `time_standard_id`)
  VALUES (11802, 97, 696, 2, 1, '2015-02-18 17:02:06', '2015-02-18 17:02:06', 1, 0, '2000-01-01 11:14:00', 2581, 1, 2802);

INSERT INTO `meeting_programs` (`id`, `event_order`, `category_type_id`, `gender_type_id`, `user_id`, `created_at`, `updated_at`, `is_autofilled`, `is_out_of_race`, `begin_time`, `meeting_event_id`, `pool_type_id`, `time_standard_id`)
  VALUES (11803, 98, 698, 2, 1, '2015-02-18 17:02:06', '2015-02-18 17:02:06', 1, 0, '2000-01-01 11:16:00', 2581, 1, 2838);

INSERT INTO `meeting_programs` (`id`, `event_order`, `category_type_id`, `gender_type_id`, `user_id`, `created_at`, `updated_at`, `is_autofilled`, `is_out_of_race`, `begin_time`, `meeting_event_id`, `pool_type_id`, `time_standard_id`)
  VALUES (11804, 99, 699, 2, 1, '2015-02-18 17:02:06', '2015-02-18 17:02:06', 1, 0, '2000-01-01 11:18:00', 2581, 1, 2856);

INSERT INTO `meeting_programs` (`id`, `event_order`, `category_type_id`, `gender_type_id`, `user_id`, `created_at`, `updated_at`, `is_autofilled`, `is_out_of_race`, `begin_time`, `meeting_event_id`, `pool_type_id`, `time_standard_id`)
  VALUES (11805, 100, 694, 1, 1, '2015-02-18 17:02:06', '2015-02-18 17:02:06', 1, 0, '2000-01-01 11:20:00', 2581, 1, 2242);

INSERT INTO `meeting_programs` (`id`, `event_order`, `category_type_id`, `gender_type_id`, `user_id`, `created_at`, `updated_at`, `is_autofilled`, `is_out_of_race`, `begin_time`, `meeting_event_id`, `pool_type_id`, `time_standard_id`)
  VALUES (11806, 101, 695, 1, 1, '2015-02-18 17:02:07', '2015-02-18 17:02:07', 1, 0, '2000-01-01 11:22:00', 2581, 1, 2260);

INSERT INTO `meeting_programs` (`id`, `event_order`, `category_type_id`, `gender_type_id`, `user_id`, `created_at`, `updated_at`, `is_autofilled`, `is_out_of_race`, `begin_time`, `meeting_event_id`, `pool_type_id`, `time_standard_id`)
  VALUES (11807, 102, 696, 1, 1, '2015-02-18 17:02:07', '2015-02-18 17:02:07', 1, 0, '2000-01-01 11:24:00', 2581, 1, 2278);

INSERT INTO `meeting_programs` (`id`, `event_order`, `category_type_id`, `gender_type_id`, `user_id`, `created_at`, `updated_at`, `is_autofilled`, `is_out_of_race`, `begin_time`, `meeting_event_id`, `pool_type_id`, `time_standard_id`)
  VALUES (11808, 103, 697, 1, 1, '2015-02-18 17:02:07', '2015-02-18 17:02:07', 1, 0, '2000-01-01 11:26:00', 2581, 1, 2296);

INSERT INTO `meeting_programs` (`id`, `event_order`, `category_type_id`, `gender_type_id`, `user_id`, `created_at`, `updated_at`, `is_autofilled`, `is_out_of_race`, `begin_time`, `meeting_event_id`, `pool_type_id`, `time_standard_id`)
  VALUES (11809, 104, 699, 1, 1, '2015-02-18 17:02:07', '2015-02-18 17:02:07', 1, 0, '2000-01-01 11:28:00', 2581, 1, 2332);

INSERT INTO `meeting_programs` (`id`, `event_order`, `category_type_id`, `gender_type_id`, `user_id`, `created_at`, `updated_at`, `is_autofilled`, `is_out_of_race`, `begin_time`, `meeting_event_id`, `pool_type_id`, `time_standard_id`)
  VALUES (11810, 105, 700, 1, 1, '2015-02-18 17:02:07', '2015-02-18 17:02:07', 1, 0, '2000-01-01 11:30:00', 2581, 1, 2350);

INSERT INTO `meeting_programs` (`id`, `event_order`, `category_type_id`, `gender_type_id`, `user_id`, `created_at`, `updated_at`, `is_autofilled`, `is_out_of_race`, `begin_time`, `meeting_event_id`, `pool_type_id`, `time_standard_id`)
  VALUES (11811, 106, 701, 1, 1, '2015-02-18 17:02:07', '2015-02-18 17:02:07', 1, 0, '2000-01-01 11:32:00', 2581, 1, 2368);

INSERT INTO `meeting_programs` (`id`, `event_order`, `category_type_id`, `gender_type_id`, `user_id`, `created_at`, `updated_at`, `is_autofilled`, `is_out_of_race`, `begin_time`, `meeting_event_id`, `pool_type_id`, `time_standard_id`)
  VALUES (11812, 107, 702, 1, 1, '2015-02-18 17:02:07', '2015-02-18 17:02:07', 1, 0, '2000-01-01 11:34:00', 2581, 1, 2386);

INSERT INTO `meeting_programs` (`id`, `event_order`, `category_type_id`, `gender_type_id`, `user_id`, `created_at`, `updated_at`, `is_autofilled`, `is_out_of_race`, `begin_time`, `meeting_event_id`, `pool_type_id`, `time_standard_id`)
  VALUES (11813, 108, 703, 1, 1, '2015-02-18 17:02:07', '2015-02-18 17:02:07', 1, 0, '2000-01-01 11:36:00', 2581, 1, 2404);

INSERT INTO `meeting_events` (`id`, `created_at`, `updated_at`, `event_order`, `begin_time`, `is_out_of_race`, `is_autofilled`, `notes`, `meeting_session_id`, `event_type_id`, `heat_type_id`, `user_id`, `has_separate_gender_start_list`, `has_separate_category_start_list`)
  VALUES (2582, '2015-02-18 17:02:07', '2015-02-18 17:02:07', 10, '2000-01-01 11:38:00', 0, 1, NULL, 377, 2, 3, 1, 1, 0);

INSERT INTO `meeting_programs` (`id`, `event_order`, `category_type_id`, `gender_type_id`, `user_id`, `created_at`, `updated_at`, `is_autofilled`, `is_out_of_race`, `begin_time`, `meeting_event_id`, `pool_type_id`, `time_standard_id`)
  VALUES (11814, 109, 694, 2, 1, '2015-02-18 17:02:07', '2015-02-18 17:02:07', 1, 0, '2000-01-01 11:38:00', 2582, 1, 2757);

INSERT INTO `meeting_programs` (`id`, `event_order`, `category_type_id`, `gender_type_id`, `user_id`, `created_at`, `updated_at`, `is_autofilled`, `is_out_of_race`, `begin_time`, `meeting_event_id`, `pool_type_id`, `time_standard_id`)
  VALUES (11815, 110, 695, 2, 1, '2015-02-18 17:02:07', '2015-02-18 17:02:07', 1, 0, '2000-01-01 11:40:00', 2582, 1, 2775);

INSERT INTO `meeting_programs` (`id`, `event_order`, `category_type_id`, `gender_type_id`, `user_id`, `created_at`, `updated_at`, `is_autofilled`, `is_out_of_race`, `begin_time`, `meeting_event_id`, `pool_type_id`, `time_standard_id`)
  VALUES (11816, 111, 696, 2, 1, '2015-02-18 17:02:07', '2015-02-18 17:02:07', 1, 0, '2000-01-01 11:42:00', 2582, 1, 2793);

INSERT INTO `meeting_programs` (`id`, `event_order`, `category_type_id`, `gender_type_id`, `user_id`, `created_at`, `updated_at`, `is_autofilled`, `is_out_of_race`, `begin_time`, `meeting_event_id`, `pool_type_id`, `time_standard_id`)
  VALUES (11817, 112, 697, 2, 1, '2015-02-18 17:02:08', '2015-02-18 17:02:08', 1, 0, '2000-01-01 11:44:00', 2582, 1, 2811);

INSERT INTO `meeting_programs` (`id`, `event_order`, `category_type_id`, `gender_type_id`, `user_id`, `created_at`, `updated_at`, `is_autofilled`, `is_out_of_race`, `begin_time`, `meeting_event_id`, `pool_type_id`, `time_standard_id`)
  VALUES (11818, 113, 698, 2, 1, '2015-02-18 17:02:08', '2015-02-18 17:02:08', 1, 0, '2000-01-01 11:46:00', 2582, 1, 2829);

INSERT INTO `meeting_programs` (`id`, `event_order`, `category_type_id`, `gender_type_id`, `user_id`, `created_at`, `updated_at`, `is_autofilled`, `is_out_of_race`, `begin_time`, `meeting_event_id`, `pool_type_id`, `time_standard_id`)
  VALUES (11819, 114, 699, 2, 1, '2015-02-18 17:02:08', '2015-02-18 17:02:08', 1, 0, '2000-01-01 11:48:00', 2582, 1, 2847);

INSERT INTO `meeting_programs` (`id`, `event_order`, `category_type_id`, `gender_type_id`, `user_id`, `created_at`, `updated_at`, `is_autofilled`, `is_out_of_race`, `begin_time`, `meeting_event_id`, `pool_type_id`, `time_standard_id`)
  VALUES (11820, 115, 701, 2, 1, '2015-02-18 17:02:08', '2015-02-18 17:02:08', 1, 0, '2000-01-01 11:50:00', 2582, 1, 2883);

INSERT INTO `meeting_programs` (`id`, `event_order`, `category_type_id`, `gender_type_id`, `user_id`, `created_at`, `updated_at`, `is_autofilled`, `is_out_of_race`, `begin_time`, `meeting_event_id`, `pool_type_id`, `time_standard_id`)
  VALUES (11821, 116, 694, 1, 1, '2015-02-18 17:02:08', '2015-02-18 17:02:08', 1, 0, '2000-01-01 11:52:00', 2582, 1, 2233);

INSERT INTO `meeting_programs` (`id`, `event_order`, `category_type_id`, `gender_type_id`, `user_id`, `created_at`, `updated_at`, `is_autofilled`, `is_out_of_race`, `begin_time`, `meeting_event_id`, `pool_type_id`, `time_standard_id`)
  VALUES (11822, 117, 695, 1, 1, '2015-02-18 17:02:08', '2015-02-18 17:02:08', 1, 0, '2000-01-01 11:54:00', 2582, 1, 2251);

INSERT INTO `meeting_programs` (`id`, `event_order`, `category_type_id`, `gender_type_id`, `user_id`, `created_at`, `updated_at`, `is_autofilled`, `is_out_of_race`, `begin_time`, `meeting_event_id`, `pool_type_id`, `time_standard_id`)
  VALUES (11823, 118, 696, 1, 1, '2015-02-18 17:02:08', '2015-02-18 17:02:08', 1, 0, '2000-01-01 11:56:00', 2582, 1, 2269);

INSERT INTO `meeting_programs` (`id`, `event_order`, `category_type_id`, `gender_type_id`, `user_id`, `created_at`, `updated_at`, `is_autofilled`, `is_out_of_race`, `begin_time`, `meeting_event_id`, `pool_type_id`, `time_standard_id`)
  VALUES (11824, 119, 697, 1, 1, '2015-02-18 17:02:08', '2015-02-18 17:02:08', 1, 0, '2000-01-01 11:58:00', 2582, 1, 2287);

INSERT INTO `meeting_programs` (`id`, `event_order`, `category_type_id`, `gender_type_id`, `user_id`, `created_at`, `updated_at`, `is_autofilled`, `is_out_of_race`, `begin_time`, `meeting_event_id`, `pool_type_id`, `time_standard_id`)
  VALUES (11825, 120, 698, 1, 1, '2015-02-18 17:02:08', '2015-02-18 17:02:08', 1, 0, '2000-01-01 12:00:00', 2582, 1, 2305);

INSERT INTO `meeting_programs` (`id`, `event_order`, `category_type_id`, `gender_type_id`, `user_id`, `created_at`, `updated_at`, `is_autofilled`, `is_out_of_race`, `begin_time`, `meeting_event_id`, `pool_type_id`, `time_standard_id`)
  VALUES (11826, 121, 699, 1, 1, '2015-02-18 17:02:08', '2015-02-18 17:02:08', 1, 0, '2000-01-01 12:02:00', 2582, 1, 2323);

INSERT INTO `meeting_programs` (`id`, `event_order`, `category_type_id`, `gender_type_id`, `user_id`, `created_at`, `updated_at`, `is_autofilled`, `is_out_of_race`, `begin_time`, `meeting_event_id`, `pool_type_id`, `time_standard_id`)
  VALUES (11827, 122, 700, 1, 1, '2015-02-18 17:02:08', '2015-02-18 17:02:08', 1, 0, '2000-01-01 12:04:00', 2582, 1, 2341);

INSERT INTO `meeting_programs` (`id`, `event_order`, `category_type_id`, `gender_type_id`, `user_id`, `created_at`, `updated_at`, `is_autofilled`, `is_out_of_race`, `begin_time`, `meeting_event_id`, `pool_type_id`, `time_standard_id`)
  VALUES (11828, 123, 701, 1, 1, '2015-02-18 17:02:09', '2015-02-18 17:02:09', 1, 0, '2000-01-01 12:06:00', 2582, 1, 2359);

INSERT INTO `meeting_programs` (`id`, `event_order`, `category_type_id`, `gender_type_id`, `user_id`, `created_at`, `updated_at`, `is_autofilled`, `is_out_of_race`, `begin_time`, `meeting_event_id`, `pool_type_id`, `time_standard_id`)
  VALUES (11829, 124, 705, 1, 1, '2015-02-18 17:02:09', '2015-02-18 17:02:09', 1, 0, '2000-01-01 12:08:00', 2582, 1, 2431);

INSERT INTO `teams` (`id`, `name`, `editable_name`, `address`, `zip`, `phone_mobile`, `phone_number`, `fax_number`, `e_mail`, `contact_name`, `notes`, `name_variations`, `city_id`, `user_id`, `created_at`, `updated_at`, `home_page_url`)
  VALUES (557, 'ASD 2001 TEAM', 'ASD 2001 TEAM', NULL, NULL, NULL, NULL, NULL, NULL, NULL, NULL, 'ASD 2001 TEAM', NULL, 1, '2015-02-18 17:02:09', '2015-02-18 17:02:09', NULL);

INSERT INTO `team_affiliations` (`id`, `number`, `name`, `must_calculate_goggle_cup`, `team_id`, `season_id`, `user_id`, `created_at`, `updated_at`, `is_autofilled`)
  VALUES (777, NULL, 'ASD 2001 TEAM', 0, 557, 132, 1, '2015-02-18 17:02:09', '2015-02-18 17:02:09', 1);

INSERT INTO `swimmers` (`id`, `last_name`, `first_name`, `year_of_birth`, `phone_mobile`, `phone_number`, `e_mail`, `nickname`, `associated_user_id`, `gender_type_id`, `user_id`, `created_at`, `updated_at`, `complete_name`, `is_year_guessed`)
  VALUES (11304, 'ALBANESI', 'LEONARDO', 1965, NULL, NULL, NULL, '', NULL, 1, 1, '2015-02-18 17:02:09', '2015-02-18 17:02:09', 'ALBANESI LEONARDO', 0);

INSERT INTO `swimmers` (`id`, `last_name`, `first_name`, `year_of_birth`, `phone_mobile`, `phone_number`, `e_mail`, `nickname`, `associated_user_id`, `gender_type_id`, `user_id`, `created_at`, `updated_at`, `complete_name`, `is_year_guessed`)
  VALUES (11305, 'AMBROSI', 'MASSIMILIANO', 1972, NULL, NULL, NULL, '', NULL, 1, 1, '2015-02-18 17:02:09', '2015-02-18 17:02:09', 'AMBROSI MASSIMILIANO', 0);

INSERT INTO `swimmers` (`id`, `last_name`, `first_name`, `year_of_birth`, `phone_mobile`, `phone_number`, `e_mail`, `nickname`, `associated_user_id`, `gender_type_id`, `user_id`, `created_at`, `updated_at`, `complete_name`, `is_year_guessed`)
  VALUES (11306, 'BISOFFI', 'MATTIA', 1986, NULL, NULL, NULL, '', NULL, 1, 1, '2015-02-18 17:02:09', '2015-02-18 17:02:09', 'BISOFFI MATTIA', 0);

INSERT INTO `swimmers` (`id`, `last_name`, `first_name`, `year_of_birth`, `phone_mobile`, `phone_number`, `e_mail`, `nickname`, `associated_user_id`, `gender_type_id`, `user_id`, `created_at`, `updated_at`, `complete_name`, `is_year_guessed`)
  VALUES (11307, 'BONSIGNORE', 'CLAUDIA', 1963, NULL, NULL, NULL, '', NULL, 2, 1, '2015-02-18 17:02:09', '2015-02-18 17:02:09', 'BONSIGNORE CLAUDIA', 0);

INSERT INTO `swimmers` (`id`, `last_name`, `first_name`, `year_of_birth`, `phone_mobile`, `phone_number`, `e_mail`, `nickname`, `associated_user_id`, `gender_type_id`, `user_id`, `created_at`, `updated_at`, `complete_name`, `is_year_guessed`)
  VALUES (11308, 'BORGA', 'DAVIDE', 1986, NULL, NULL, NULL, '', NULL, 1, 1, '2015-02-18 17:02:09', '2015-02-18 17:02:09', 'BORGA DAVIDE', 0);

INSERT INTO `swimmers` (`id`, `last_name`, `first_name`, `year_of_birth`, `phone_mobile`, `phone_number`, `e_mail`, `nickname`, `associated_user_id`, `gender_type_id`, `user_id`, `created_at`, `updated_at`, `complete_name`, `is_year_guessed`)
  VALUES (11309, 'CESCON', 'DAVIDE', 1985, NULL, NULL, NULL, '', NULL, 1, 1, '2015-02-18 17:02:09', '2015-02-18 17:02:09', 'CESCON DAVIDE', 0);

INSERT INTO `swimmers` (`id`, `last_name`, `first_name`, `year_of_birth`, `phone_mobile`, `phone_number`, `e_mail`, `nickname`, `associated_user_id`, `gender_type_id`, `user_id`, `created_at`, `updated_at`, `complete_name`, `is_year_guessed`)
  VALUES (11310, 'CIS', 'DANIELE', 1984, NULL, NULL, NULL, '', NULL, 1, 1, '2015-02-18 17:02:09', '2015-02-18 17:02:09', 'CIS DANIELE', 0);

INSERT INTO `swimmers` (`id`, `last_name`, `first_name`, `year_of_birth`, `phone_mobile`, `phone_number`, `e_mail`, `nickname`, `associated_user_id`, `gender_type_id`, `user_id`, `created_at`, `updated_at`, `complete_name`, `is_year_guessed`)
  VALUES (11311, 'CRESSOTTI', 'ROSANNA', 1960, NULL, NULL, NULL, '', NULL, 2, 1, '2015-02-18 17:02:09', '2015-02-18 17:02:09', 'CRESSOTTI ROSANNA', 0);

INSERT INTO `swimmers` (`id`, `last_name`, `first_name`, `year_of_birth`, `phone_mobile`, `phone_number`, `e_mail`, `nickname`, `associated_user_id`, `gender_type_id`, `user_id`, `created_at`, `updated_at`, `complete_name`, `is_year_guessed`)
  VALUES (11312, 'DE GRANDI', 'GIOVANNA', 1981, NULL, NULL, NULL, '', NULL, 2, 1, '2015-02-18 17:02:09', '2015-02-18 17:02:09', 'DE GRANDI GIOVANNA', 0);

INSERT INTO `swimmers` (`id`, `last_name`, `first_name`, `year_of_birth`, `phone_mobile`, `phone_number`, `e_mail`, `nickname`, `associated_user_id`, `gender_type_id`, `user_id`, `created_at`, `updated_at`, `complete_name`, `is_year_guessed`)
  VALUES (11313, 'DEJACO', 'STEPHAN', 1949, NULL, NULL, NULL, '', NULL, 1, 1, '2015-02-18 17:02:09', '2015-02-18 17:02:09', 'DEJACO STEPHAN', 0);

INSERT INTO `swimmers` (`id`, `last_name`, `first_name`, `year_of_birth`, `phone_mobile`, `phone_number`, `e_mail`, `nickname`, `associated_user_id`, `gender_type_id`, `user_id`, `created_at`, `updated_at`, `complete_name`, `is_year_guessed`)
  VALUES (11314, 'DENGG', 'ADOLF', 1962, NULL, NULL, NULL, '', NULL, 1, 1, '2015-02-18 17:02:09', '2015-02-18 17:02:09', 'DENGG ADOLF', 0);

INSERT INTO `swimmers` (`id`, `last_name`, `first_name`, `year_of_birth`, `phone_mobile`, `phone_number`, `e_mail`, `nickname`, `associated_user_id`, `gender_type_id`, `user_id`, `created_at`, `updated_at`, `complete_name`, `is_year_guessed`)
  VALUES (11315, 'DODINI', 'LORENZO', 1967, NULL, NULL, NULL, '', NULL, 1, 1, '2015-02-18 17:02:09', '2015-02-18 17:02:09', 'DODINI LORENZO', 0);

INSERT INTO `swimmers` (`id`, `last_name`, `first_name`, `year_of_birth`, `phone_mobile`, `phone_number`, `e_mail`, `nickname`, `associated_user_id`, `gender_type_id`, `user_id`, `created_at`, `updated_at`, `complete_name`, `is_year_guessed`)
  VALUES (11316, 'FARUZZI', 'DEBORA', 1982, NULL, NULL, NULL, '', NULL, 2, 1, '2015-02-18 17:02:09', '2015-02-18 17:02:09', 'FARUZZI DEBORA', 0);

INSERT INTO `swimmers` (`id`, `last_name`, `first_name`, `year_of_birth`, `phone_mobile`, `phone_number`, `e_mail`, `nickname`, `associated_user_id`, `gender_type_id`, `user_id`, `created_at`, `updated_at`, `complete_name`, `is_year_guessed`)
  VALUES (11317, 'FAVARI', 'ANTONIO', 1968, NULL, NULL, NULL, '', NULL, 1, 1, '2015-02-18 17:02:09', '2015-02-18 17:02:09', 'FAVARI ANTONIO', 0);

INSERT INTO `swimmers` (`id`, `last_name`, `first_name`, `year_of_birth`, `phone_mobile`, `phone_number`, `e_mail`, `nickname`, `associated_user_id`, `gender_type_id`, `user_id`, `created_at`, `updated_at`, `complete_name`, `is_year_guessed`)
  VALUES (11318, 'FILAGRANA', 'PAOLO', 1976, NULL, NULL, NULL, '', NULL, 1, 1, '2015-02-18 17:02:09', '2015-02-18 17:02:09', 'FILAGRANA PAOLO', 0);

INSERT INTO `swimmers` (`id`, `last_name`, `first_name`, `year_of_birth`, `phone_mobile`, `phone_number`, `e_mail`, `nickname`, `associated_user_id`, `gender_type_id`, `user_id`, `created_at`, `updated_at`, `complete_name`, `is_year_guessed`)
  VALUES (11319, 'GALVAGNI', 'SARA', 1986, NULL, NULL, NULL, '', NULL, 2, 1, '2015-02-18 17:02:09', '2015-02-18 17:02:09', 'GALVAGNI SARA', 0);

INSERT INTO `swimmers` (`id`, `last_name`, `first_name`, `year_of_birth`, `phone_mobile`, `phone_number`, `e_mail`, `nickname`, `associated_user_id`, `gender_type_id`, `user_id`, `created_at`, `updated_at`, `complete_name`, `is_year_guessed`)
  VALUES (11320, 'GENNARO', 'ALBERTO', 1961, NULL, NULL, NULL, '', NULL, 1, 1, '2015-02-18 17:02:09', '2015-02-18 17:02:09', 'GENNARO ALBERTO', 0);

INSERT INTO `swimmers` (`id`, `last_name`, `first_name`, `year_of_birth`, `phone_mobile`, `phone_number`, `e_mail`, `nickname`, `associated_user_id`, `gender_type_id`, `user_id`, `created_at`, `updated_at`, `complete_name`, `is_year_guessed`)
  VALUES (11321, 'GEROLA', 'SIMONE', 1989, NULL, NULL, NULL, '', NULL, 1, 1, '2015-02-18 17:02:09', '2015-02-18 17:02:09', 'GEROLA SIMONE', 0);

INSERT INTO `swimmers` (`id`, `last_name`, `first_name`, `year_of_birth`, `phone_mobile`, `phone_number`, `e_mail`, `nickname`, `associated_user_id`, `gender_type_id`, `user_id`, `created_at`, `updated_at`, `complete_name`, `is_year_guessed`)
  VALUES (11322, 'GIRARDI', 'ALESSANDRO', 1994, NULL, NULL, NULL, '', NULL, 1, 1, '2015-02-18 17:02:09', '2015-02-18 17:02:09', 'GIRARDI ALESSANDRO', 0);

INSERT INTO `swimmers` (`id`, `last_name`, `first_name`, `year_of_birth`, `phone_mobile`, `phone_number`, `e_mail`, `nickname`, `associated_user_id`, `gender_type_id`, `user_id`, `created_at`, `updated_at`, `complete_name`, `is_year_guessed`)
  VALUES (11323, 'GRAZIANI', 'DAVIDE', 1992, NULL, NULL, NULL, '', NULL, 1, 1, '2015-02-18 17:02:09', '2015-02-18 17:02:09', 'GRAZIANI DAVIDE', 0);

INSERT INTO `swimmers` (`id`, `last_name`, `first_name`, `year_of_birth`, `phone_mobile`, `phone_number`, `e_mail`, `nickname`, `associated_user_id`, `gender_type_id`, `user_id`, `created_at`, `updated_at`, `complete_name`, `is_year_guessed`)
  VALUES (11324, 'GRAZIANI', 'SIMONE', 1993, NULL, NULL, NULL, '', NULL, 1, 1, '2015-02-18 17:02:09', '2015-02-18 17:02:09', 'GRAZIANI SIMONE', 0);

INSERT INTO `swimmers` (`id`, `last_name`, `first_name`, `year_of_birth`, `phone_mobile`, `phone_number`, `e_mail`, `nickname`, `associated_user_id`, `gender_type_id`, `user_id`, `created_at`, `updated_at`, `complete_name`, `is_year_guessed`)
  VALUES (11325, 'GURIOLI', 'CARLO', 1978, NULL, NULL, NULL, '', NULL, 1, 1, '2015-02-18 17:02:09', '2015-02-18 17:02:09', 'GURIOLI CARLO', 0);

INSERT INTO `swimmers` (`id`, `last_name`, `first_name`, `year_of_birth`, `phone_mobile`, `phone_number`, `e_mail`, `nickname`, `associated_user_id`, `gender_type_id`, `user_id`, `created_at`, `updated_at`, `complete_name`, `is_year_guessed`)
  VALUES (11326, 'KERSTEN', 'KLAUS UWE', 1953, NULL, NULL, NULL, '', NULL, 1, 1, '2015-02-18 17:02:09', '2015-02-18 17:02:09', 'KERSTEN KLAUS UWE', 0);

INSERT INTO `swimmers` (`id`, `last_name`, `first_name`, `year_of_birth`, `phone_mobile`, `phone_number`, `e_mail`, `nickname`, `associated_user_id`, `gender_type_id`, `user_id`, `created_at`, `updated_at`, `complete_name`, `is_year_guessed`)
  VALUES (11327, 'LAVANO', 'MICHELE', 1973, NULL, NULL, NULL, '', NULL, 1, 1, '2015-02-18 17:02:09', '2015-02-18 17:02:09', 'LAVANO MICHELE', 0);

INSERT INTO `swimmers` (`id`, `last_name`, `first_name`, `year_of_birth`, `phone_mobile`, `phone_number`, `e_mail`, `nickname`, `associated_user_id`, `gender_type_id`, `user_id`, `created_at`, `updated_at`, `complete_name`, `is_year_guessed`)
  VALUES (11328, 'LETRARI', 'ELDA', 1954, NULL, NULL, NULL, '', NULL, 2, 1, '2015-02-18 17:02:09', '2015-02-18 17:02:09', 'LETRARI ELDA', 0);

INSERT INTO `swimmers` (`id`, `last_name`, `first_name`, `year_of_birth`, `phone_mobile`, `phone_number`, `e_mail`, `nickname`, `associated_user_id`, `gender_type_id`, `user_id`, `created_at`, `updated_at`, `complete_name`, `is_year_guessed`)
  VALUES (11329, 'LONGANO', 'MAURO', 1963, NULL, NULL, NULL, '', NULL, 1, 1, '2015-02-18 17:02:09', '2015-02-18 17:02:09', 'LONGANO MAURO', 0);

INSERT INTO `swimmers` (`id`, `last_name`, `first_name`, `year_of_birth`, `phone_mobile`, `phone_number`, `e_mail`, `nickname`, `associated_user_id`, `gender_type_id`, `user_id`, `created_at`, `updated_at`, `complete_name`, `is_year_guessed`)
  VALUES (11330, 'LOVISETTO', 'LUCA', 1975, NULL, NULL, NULL, '', NULL, 1, 1, '2015-02-18 17:02:09', '2015-02-18 17:02:09', 'LOVISETTO LUCA', 0);

INSERT INTO `swimmers` (`id`, `last_name`, `first_name`, `year_of_birth`, `phone_mobile`, `phone_number`, `e_mail`, `nickname`, `associated_user_id`, `gender_type_id`, `user_id`, `created_at`, `updated_at`, `complete_name`, `is_year_guessed`)
  VALUES (11331, 'LUNELLI', 'ROBERTA', 1978, NULL, NULL, NULL, '', NULL, 2, 1, '2015-02-18 17:02:09', '2015-02-18 17:02:09', 'LUNELLI ROBERTA', 0);

INSERT INTO `swimmers` (`id`, `last_name`, `first_name`, `year_of_birth`, `phone_mobile`, `phone_number`, `e_mail`, `nickname`, `associated_user_id`, `gender_type_id`, `user_id`, `created_at`, `updated_at`, `complete_name`, `is_year_guessed`)
  VALUES (11332, 'MALFATTI', 'GUIDO', 1947, NULL, NULL, NULL, '', NULL, 1, 1, '2015-02-18 17:02:09', '2015-02-18 17:02:09', 'MALFATTI GUIDO', 0);

INSERT INTO `swimmers` (`id`, `last_name`, `first_name`, `year_of_birth`, `phone_mobile`, `phone_number`, `e_mail`, `nickname`, `associated_user_id`, `gender_type_id`, `user_id`, `created_at`, `updated_at`, `complete_name`, `is_year_guessed`)
  VALUES (11333, 'MARTINI', 'LINDA', 1981, NULL, NULL, NULL, '', NULL, 2, 1, '2015-02-18 17:02:09', '2015-02-18 17:02:09', 'MARTINI LINDA', 0);

INSERT INTO `swimmers` (`id`, `last_name`, `first_name`, `year_of_birth`, `phone_mobile`, `phone_number`, `e_mail`, `nickname`, `associated_user_id`, `gender_type_id`, `user_id`, `created_at`, `updated_at`, `complete_name`, `is_year_guessed`)
  VALUES (11334, 'MATTIVI', 'MARKUS', 1970, NULL, NULL, NULL, '', NULL, 1, 1, '2015-02-18 17:02:09', '2015-02-18 17:02:09', 'MATTIVI MARKUS', 0);

INSERT INTO `swimmers` (`id`, `last_name`, `first_name`, `year_of_birth`, `phone_mobile`, `phone_number`, `e_mail`, `nickname`, `associated_user_id`, `gender_type_id`, `user_id`, `created_at`, `updated_at`, `complete_name`, `is_year_guessed`)
  VALUES (11335, 'MEZZENA', 'LORENZO', 1968, NULL, NULL, NULL, '', NULL, 1, 1, '2015-02-18 17:02:09', '2015-02-18 17:02:09', 'MEZZENA LORENZO', 0);

INSERT INTO `swimmers` (`id`, `last_name`, `first_name`, `year_of_birth`, `phone_mobile`, `phone_number`, `e_mail`, `nickname`, `associated_user_id`, `gender_type_id`, `user_id`, `created_at`, `updated_at`, `complete_name`, `is_year_guessed`)
  VALUES (11336, 'MIONI', 'GIOVANNI', 1990, NULL, NULL, NULL, '', NULL, 1, 1, '2015-02-18 17:02:09', '2015-02-18 17:02:09', 'MIONI GIOVANNI', 0);

INSERT INTO `swimmers` (`id`, `last_name`, `first_name`, `year_of_birth`, `phone_mobile`, `phone_number`, `e_mail`, `nickname`, `associated_user_id`, `gender_type_id`, `user_id`, `created_at`, `updated_at`, `complete_name`, `is_year_guessed`)
  VALUES (11337, 'MIONI', 'MATTEO', 1986, NULL, NULL, NULL, '', NULL, 1, 1, '2015-02-18 17:02:09', '2015-02-18 17:02:09', 'MIONI MATTEO', 0);

INSERT INTO `swimmers` (`id`, `last_name`, `first_name`, `year_of_birth`, `phone_mobile`, `phone_number`, `e_mail`, `nickname`, `associated_user_id`, `gender_type_id`, `user_id`, `created_at`, `updated_at`, `complete_name`, `is_year_guessed`)
  VALUES (11338, 'MUSNER', 'SIMONE', 1979, NULL, NULL, NULL, '', NULL, 1, 1, '2015-02-18 17:02:09', '2015-02-18 17:02:09', 'MUSNER SIMONE', 0);

INSERT INTO `swimmers` (`id`, `last_name`, `first_name`, `year_of_birth`, `phone_mobile`, `phone_number`, `e_mail`, `nickname`, `associated_user_id`, `gender_type_id`, `user_id`, `created_at`, `updated_at`, `complete_name`, `is_year_guessed`)
  VALUES (11339, 'NAGELE', 'NINA', 1979, NULL, NULL, NULL, '', NULL, 2, 1, '2015-02-18 17:02:09', '2015-02-18 17:02:09', 'NAGELE NINA', 0);

INSERT INTO `swimmers` (`id`, `last_name`, `first_name`, `year_of_birth`, `phone_mobile`, `phone_number`, `e_mail`, `nickname`, `associated_user_id`, `gender_type_id`, `user_id`, `created_at`, `updated_at`, `complete_name`, `is_year_guessed`)
  VALUES (11340, 'OPATRIL', 'ANGELIKA', 1968, NULL, NULL, NULL, '', NULL, 2, 1, '2015-02-18 17:02:09', '2015-02-18 17:02:09', 'OPATRIL ANGELIKA', 0);

INSERT INTO `swimmers` (`id`, `last_name`, `first_name`, `year_of_birth`, `phone_mobile`, `phone_number`, `e_mail`, `nickname`, `associated_user_id`, `gender_type_id`, `user_id`, `created_at`, `updated_at`, `complete_name`, `is_year_guessed`)
  VALUES (11341, 'OPATRIL', 'STEFAN', 1967, NULL, NULL, NULL, '', NULL, 1, 1, '2015-02-18 17:02:09', '2015-02-18 17:02:09', 'OPATRIL STEFAN', 0);

INSERT INTO `swimmers` (`id`, `last_name`, `first_name`, `year_of_birth`, `phone_mobile`, `phone_number`, `e_mail`, `nickname`, `associated_user_id`, `gender_type_id`, `user_id`, `created_at`, `updated_at`, `complete_name`, `is_year_guessed`)
  VALUES (11342, 'PASSERINI', 'GIORGIO', 1958, NULL, NULL, NULL, '', NULL, 1, 1, '2015-02-18 17:02:09', '2015-02-18 17:02:09', 'PASSERINI GIORGIO', 0);

INSERT INTO `swimmers` (`id`, `last_name`, `first_name`, `year_of_birth`, `phone_mobile`, `phone_number`, `e_mail`, `nickname`, `associated_user_id`, `gender_type_id`, `user_id`, `created_at`, `updated_at`, `complete_name`, `is_year_guessed`)
  VALUES (11343, 'POLITA', 'PATRIZIA', 1968, NULL, NULL, NULL, '', NULL, 2, 1, '2015-02-18 17:02:09', '2015-02-18 17:02:09', 'POLITA PATRIZIA', 0);

INSERT INTO `swimmers` (`id`, `last_name`, `first_name`, `year_of_birth`, `phone_mobile`, `phone_number`, `e_mail`, `nickname`, `associated_user_id`, `gender_type_id`, `user_id`, `created_at`, `updated_at`, `complete_name`, `is_year_guessed`)
  VALUES (11344, 'SEIBSTOCK', 'UDO', 1966, NULL, NULL, NULL, '', NULL, 1, 1, '2015-02-18 17:02:09', '2015-02-18 17:02:09', 'SEIBSTOCK UDO', 0);

INSERT INTO `swimmers` (`id`, `last_name`, `first_name`, `year_of_birth`, `phone_mobile`, `phone_number`, `e_mail`, `nickname`, `associated_user_id`, `gender_type_id`, `user_id`, `created_at`, `updated_at`, `complete_name`, `is_year_guessed`)
  VALUES (11345, 'STEINER', 'ALEX', 1976, NULL, NULL, NULL, '', NULL, 1, 1, '2015-02-18 17:02:09', '2015-02-18 17:02:09', 'STEINER ALEX', 0);

INSERT INTO `swimmers` (`id`, `last_name`, `first_name`, `year_of_birth`, `phone_mobile`, `phone_number`, `e_mail`, `nickname`, `associated_user_id`, `gender_type_id`, `user_id`, `created_at`, `updated_at`, `complete_name`, `is_year_guessed`)
  VALUES (11346, 'STERNI', 'GIACOMO', 1989, NULL, NULL, NULL, '', NULL, 1, 1, '2015-02-18 17:02:09', '2015-02-18 17:02:09', 'STERNI GIACOMO', 0);

INSERT INTO `swimmers` (`id`, `last_name`, `first_name`, `year_of_birth`, `phone_mobile`, `phone_number`, `e_mail`, `nickname`, `associated_user_id`, `gender_type_id`, `user_id`, `created_at`, `updated_at`, `complete_name`, `is_year_guessed`)
  VALUES (11347, 'TAUBER', 'ULRIKE', 1974, NULL, NULL, NULL, '', NULL, 2, 1, '2015-02-18 17:02:10', '2015-02-18 17:02:10', 'TAUBER ULRIKE', 0);

INSERT INTO `swimmers` (`id`, `last_name`, `first_name`, `year_of_birth`, `phone_mobile`, `phone_number`, `e_mail`, `nickname`, `associated_user_id`, `gender_type_id`, `user_id`, `created_at`, `updated_at`, `complete_name`, `is_year_guessed`)
  VALUES (11348, 'TRAINOTTI', 'SIMONE', 1979, NULL, NULL, NULL, '', NULL, 1, 1, '2015-02-18 17:02:10', '2015-02-18 17:02:10', 'TRAINOTTI SIMONE', 0);

INSERT INTO `swimmers` (`id`, `last_name`, `first_name`, `year_of_birth`, `phone_mobile`, `phone_number`, `e_mail`, `nickname`, `associated_user_id`, `gender_type_id`, `user_id`, `created_at`, `updated_at`, `complete_name`, `is_year_guessed`)
  VALUES (11349, 'TRENTINI', 'NADIN', 1986, NULL, NULL, NULL, '', NULL, 2, 1, '2015-02-18 17:02:10', '2015-02-18 17:02:10', 'TRENTINI NADIN', 0);

INSERT INTO `swimmers` (`id`, `last_name`, `first_name`, `year_of_birth`, `phone_mobile`, `phone_number`, `e_mail`, `nickname`, `associated_user_id`, `gender_type_id`, `user_id`, `created_at`, `updated_at`, `complete_name`, `is_year_guessed`)
  VALUES (11350, 'TSCHURTSCHENTHALER', 'CHRISTA', 1967, NULL, NULL, NULL, '', NULL, 2, 1, '2015-02-18 17:02:10', '2015-02-18 17:02:10', 'TSCHURTSCHENTHALER CHRISTA', 0);

INSERT INTO `swimmers` (`id`, `last_name`, `first_name`, `year_of_birth`, `phone_mobile`, `phone_number`, `e_mail`, `nickname`, `associated_user_id`, `gender_type_id`, `user_id`, `created_at`, `updated_at`, `complete_name`, `is_year_guessed`)
  VALUES (11351, 'VALNER', 'STEFANO', 1984, NULL, NULL, NULL, '', NULL, 1, 1, '2015-02-18 17:02:10', '2015-02-18 17:02:10', 'VALNER STEFANO', 0);

INSERT INTO `swimmers` (`id`, `last_name`, `first_name`, `year_of_birth`, `phone_mobile`, `phone_number`, `e_mail`, `nickname`, `associated_user_id`, `gender_type_id`, `user_id`, `created_at`, `updated_at`, `complete_name`, `is_year_guessed`)
  VALUES (11352, 'VENUDO', 'PATRIZIA', 1974, NULL, NULL, NULL, '', NULL, 2, 1, '2015-02-18 17:02:10', '2015-02-18 17:02:10', 'VENUDO PATRIZIA', 0);

INSERT INTO `swimmers` (`id`, `last_name`, `first_name`, `year_of_birth`, `phone_mobile`, `phone_number`, `e_mail`, `nickname`, `associated_user_id`, `gender_type_id`, `user_id`, `created_at`, `updated_at`, `complete_name`, `is_year_guessed`)
  VALUES (11353, 'ZANOLLI', 'ANDREA', 1979, NULL, NULL, NULL, '', NULL, 1, 1, '2015-02-18 17:02:10', '2015-02-18 17:02:10', 'ZANOLLI ANDREA', 0);

INSERT INTO `swimmers` (`id`, `last_name`, `first_name`, `year_of_birth`, `phone_mobile`, `phone_number`, `e_mail`, `nickname`, `associated_user_id`, `gender_type_id`, `user_id`, `created_at`, `updated_at`, `complete_name`, `is_year_guessed`)
  VALUES (11354, 'ZANOTTA', 'GUGLIELMO', 1944, NULL, NULL, NULL, '', NULL, 1, 1, '2015-02-18 17:02:10', '2015-02-18 17:02:10', 'ZANOTTA GUGLIELMO', 0);

INSERT INTO `swimmers` (`id`, `last_name`, `first_name`, `year_of_birth`, `phone_mobile`, `phone_number`, `e_mail`, `nickname`, `associated_user_id`, `gender_type_id`, `user_id`, `created_at`, `updated_at`, `complete_name`, `is_year_guessed`)
  VALUES (11355, 'ZULIANI', 'IVANA', 1960, NULL, NULL, NULL, '', NULL, 2, 1, '2015-02-18 17:02:10', '2015-02-18 17:02:10', 'ZULIANI IVANA', 0);

INSERT INTO `swimmers` (`id`, `last_name`, `first_name`, `year_of_birth`, `phone_mobile`, `phone_number`, `e_mail`, `nickname`, `associated_user_id`, `gender_type_id`, `user_id`, `created_at`, `updated_at`, `complete_name`, `is_year_guessed`)
  VALUES (11356, 'CONTI', 'MAURO', 1969, NULL, NULL, NULL, '', NULL, 1, 1, '2015-02-18 17:02:10', '2015-02-18 17:02:10', 'CONTI MAURO', 0);

INSERT INTO `swimmers` (`id`, `last_name`, `first_name`, `year_of_birth`, `phone_mobile`, `phone_number`, `e_mail`, `nickname`, `associated_user_id`, `gender_type_id`, `user_id`, `created_at`, `updated_at`, `complete_name`, `is_year_guessed`)
  VALUES (11357, 'CORTIANA', 'ROBERTO', 1976, NULL, NULL, NULL, '', NULL, 1, 1, '2015-02-18 17:02:10', '2015-02-18 17:02:10', 'CORTIANA ROBERTO', 0);

INSERT INTO `swimmers` (`id`, `last_name`, `first_name`, `year_of_birth`, `phone_mobile`, `phone_number`, `e_mail`, `nickname`, `associated_user_id`, `gender_type_id`, `user_id`, `created_at`, `updated_at`, `complete_name`, `is_year_guessed`)
  VALUES (11358, 'POSTINGHEL', 'ELENA', 1981, NULL, NULL, NULL, '', NULL, 2, 1, '2015-02-18 17:02:10', '2015-02-18 17:02:10', 'POSTINGHEL ELENA', 0);

INSERT INTO `swimmers` (`id`, `last_name`, `first_name`, `year_of_birth`, `phone_mobile`, `phone_number`, `e_mail`, `nickname`, `associated_user_id`, `gender_type_id`, `user_id`, `created_at`, `updated_at`, `complete_name`, `is_year_guessed`)
  VALUES (11359, 'ZANON', 'ALESSANDRA', 1983, NULL, NULL, NULL, '', NULL, 2, 1, '2015-02-18 17:02:10', '2015-02-18 17:02:10', 'ZANON ALESSANDRA', 0);

INSERT INTO `swimmers` (`id`, `last_name`, `first_name`, `year_of_birth`, `phone_mobile`, `phone_number`, `e_mail`, `nickname`, `associated_user_id`, `gender_type_id`, `user_id`, `created_at`, `updated_at`, `complete_name`, `is_year_guessed`)
  VALUES (11360, 'ZUMIANI', 'PATRIZIO', 1980, NULL, NULL, NULL, '', NULL, 1, 1, '2015-02-18 17:02:10', '2015-02-18 17:02:10', 'ZUMIANI PATRIZIO', 0);

INSERT INTO `badges` (`id`, `number`, `season_id`, `swimmer_id`, `team_id`, `category_type_id`, `user_id`, `created_at`, `updated_at`, `entry_time_type_id`, `team_affiliation_id`)
  VALUES (15059, '?', 132, 11348, 557, 696, 1, '2015-02-18 17:02:10', '2015-02-18 17:02:10', 5, 777);

INSERT INTO `badges` (`id`, `number`, `season_id`, `swimmer_id`, `team_id`, `category_type_id`, `user_id`, `created_at`, `updated_at`, `entry_time_type_id`, `team_affiliation_id`)
  VALUES (15060, '?', 132, 11334, 456, 697, 1, '2015-02-18 17:02:10', '2015-02-18 17:02:10', 5, 676);

INSERT INTO `badges` (`id`, `number`, `season_id`, `swimmer_id`, `team_id`, `category_type_id`, `user_id`, `created_at`, `updated_at`, `entry_time_type_id`, `team_affiliation_id`)
  VALUES (15061, '?', 132, 11322, 557, 693, 1, '2015-02-18 17:02:10', '2015-02-18 17:02:10', 5, 777);

INSERT INTO `badges` (`id`, `number`, `season_id`, `swimmer_id`, `team_id`, `category_type_id`, `user_id`, `created_at`, `updated_at`, `entry_time_type_id`, `team_affiliation_id`)
  VALUES (15062, '?', 132, 11351, 449, 695, 1, '2015-02-18 17:02:10', '2015-02-18 17:02:10', 5, 669);

INSERT INTO `badges` (`id`, `number`, `season_id`, `swimmer_id`, `team_id`, `category_type_id`, `user_id`, `created_at`, `updated_at`, `entry_time_type_id`, `team_affiliation_id`)
  VALUES (15063, '?', 132, 11326, 456, 701, 1, '2015-02-18 17:02:10', '2015-02-18 17:02:10', 5, 676);

INSERT INTO `badges` (`id`, `number`, `season_id`, `swimmer_id`, `team_id`, `category_type_id`, `user_id`, `created_at`, `updated_at`, `entry_time_type_id`, `team_affiliation_id`)
  VALUES (15064, '?', 132, 11333, 451, 695, 1, '2015-02-18 17:02:10', '2015-02-18 17:02:10', 5, 671);

INSERT INTO `badges` (`id`, `number`, `season_id`, `swimmer_id`, `team_id`, `category_type_id`, `user_id`, `created_at`, `updated_at`, `entry_time_type_id`, `team_affiliation_id`)
  VALUES (15065, '?', 132, 11358, 451, 695, 1, '2015-02-18 17:02:10', '2015-02-18 17:02:10', 5, 671);

INSERT INTO `badges` (`id`, `number`, `season_id`, `swimmer_id`, `team_id`, `category_type_id`, `user_id`, `created_at`, `updated_at`, `entry_time_type_id`, `team_affiliation_id`)
  VALUES (15066, '?', 132, 11331, 451, 696, 1, '2015-02-18 17:02:10', '2015-02-18 17:02:10', 5, 671);

INSERT INTO `badges` (`id`, `number`, `season_id`, `swimmer_id`, `team_id`, `category_type_id`, `user_id`, `created_at`, `updated_at`, `entry_time_type_id`, `team_affiliation_id`)
  VALUES (15067, '?', 132, 11347, 456, 697, 1, '2015-02-18 17:02:10', '2015-02-18 17:02:10', 5, 676);

INSERT INTO `badges` (`id`, `number`, `season_id`, `swimmer_id`, `team_id`, `category_type_id`, `user_id`, `created_at`, `updated_at`, `entry_time_type_id`, `team_affiliation_id`)
  VALUES (15068, '?', 132, 11345, 456, 696, 1, '2015-02-18 17:02:10', '2015-02-18 17:02:10', 5, 676);

INSERT INTO `badges` (`id`, `number`, `season_id`, `swimmer_id`, `team_id`, `category_type_id`, `user_id`, `created_at`, `updated_at`, `entry_time_type_id`, `team_affiliation_id`)
  VALUES (15069, '?', 132, 11330, 450, 696, 1, '2015-02-18 17:02:10', '2015-02-18 17:02:10', 5, 670);

INSERT INTO `badges` (`id`, `number`, `season_id`, `swimmer_id`, `team_id`, `category_type_id`, `user_id`, `created_at`, `updated_at`, `entry_time_type_id`, `team_affiliation_id`)
  VALUES (15070, '?', 132, 11341, 462, 698, 1, '2015-02-18 17:02:10', '2015-02-18 17:02:10', 5, 682);

INSERT INTO `badges` (`id`, `number`, `season_id`, `swimmer_id`, `team_id`, `category_type_id`, `user_id`, `created_at`, `updated_at`, `entry_time_type_id`, `team_affiliation_id`)
  VALUES (15071, '?', 132, 11315, 557, 698, 1, '2015-02-18 17:02:10', '2015-02-18 17:02:10', 5, 777);

INSERT INTO `badges` (`id`, `number`, `season_id`, `swimmer_id`, `team_id`, `category_type_id`, `user_id`, `created_at`, `updated_at`, `entry_time_type_id`, `team_affiliation_id`)
  VALUES (15072, '?', 132, 11304, 451, 698, 1, '2015-02-18 17:02:10', '2015-02-18 17:02:10', 5, 671);

INSERT INTO `badges` (`id`, `number`, `season_id`, `swimmer_id`, `team_id`, `category_type_id`, `user_id`, `created_at`, `updated_at`, `entry_time_type_id`, `team_affiliation_id`)
  VALUES (15073, '?', 132, 11329, 557, 699, 1, '2015-02-18 17:02:10', '2015-02-18 17:02:10', 5, 777);

INSERT INTO `badges` (`id`, `number`, `season_id`, `swimmer_id`, `team_id`, `category_type_id`, `user_id`, `created_at`, `updated_at`, `entry_time_type_id`, `team_affiliation_id`)
  VALUES (15074, '?', 132, 11332, 451, 702, 1, '2015-02-18 17:02:11', '2015-02-18 17:02:11', 5, 671);

INSERT INTO `badges` (`id`, `number`, `season_id`, `swimmer_id`, `team_id`, `category_type_id`, `user_id`, `created_at`, `updated_at`, `entry_time_type_id`, `team_affiliation_id`)
  VALUES (15075, '?', 132, 11323, 518, 693, 1, '2015-02-18 17:02:11', '2015-02-18 17:02:11', 5, 738);

INSERT INTO `badges` (`id`, `number`, `season_id`, `swimmer_id`, `team_id`, `category_type_id`, `user_id`, `created_at`, `updated_at`, `entry_time_type_id`, `team_affiliation_id`)
  VALUES (15076, '?', 132, 11319, 557, 694, 1, '2015-02-18 17:02:11', '2015-02-18 17:02:11', 5, 777);

INSERT INTO `badges` (`id`, `number`, `season_id`, `swimmer_id`, `team_id`, `category_type_id`, `user_id`, `created_at`, `updated_at`, `entry_time_type_id`, `team_affiliation_id`)
  VALUES (15077, '?', 132, 11316, 451, 695, 1, '2015-02-18 17:02:11', '2015-02-18 17:02:11', 5, 671);

INSERT INTO `badges` (`id`, `number`, `season_id`, `swimmer_id`, `team_id`, `category_type_id`, `user_id`, `created_at`, `updated_at`, `entry_time_type_id`, `team_affiliation_id`)
  VALUES (15078, '?', 132, 11339, 470, 696, 1, '2015-02-18 17:02:11', '2015-02-18 17:02:11', 5, 690);

INSERT INTO `badges` (`id`, `number`, `season_id`, `swimmer_id`, `team_id`, `category_type_id`, `user_id`, `created_at`, `updated_at`, `entry_time_type_id`, `team_affiliation_id`)
  VALUES (15079, '?', 132, 11309, 138, 694, 1, '2015-02-18 17:02:11', '2015-02-18 17:02:11', 5, 333);

INSERT INTO `badges` (`id`, `number`, `season_id`, `swimmer_id`, `team_id`, `category_type_id`, `user_id`, `created_at`, `updated_at`, `entry_time_type_id`, `team_affiliation_id`)
  VALUES (15080, '?', 132, 11360, 449, 695, 1, '2015-02-18 17:02:11', '2015-02-18 17:02:11', 5, 669);

INSERT INTO `badges` (`id`, `number`, `season_id`, `swimmer_id`, `team_id`, `category_type_id`, `user_id`, `created_at`, `updated_at`, `entry_time_type_id`, `team_affiliation_id`)
  VALUES (15081, '?', 132, 11338, 451, 696, 1, '2015-02-18 17:02:11', '2015-02-18 17:02:11', 5, 671);

INSERT INTO `badges` (`id`, `number`, `season_id`, `swimmer_id`, `team_id`, `category_type_id`, `user_id`, `created_at`, `updated_at`, `entry_time_type_id`, `team_affiliation_id`)
  VALUES (15082, '?', 132, 11327, 138, 697, 1, '2015-02-18 17:02:11', '2015-02-18 17:02:11', 5, 333);

INSERT INTO `badges` (`id`, `number`, `season_id`, `swimmer_id`, `team_id`, `category_type_id`, `user_id`, `created_at`, `updated_at`, `entry_time_type_id`, `team_affiliation_id`)
  VALUES (15083, '?', 132, 11342, 364, 700, 1, '2015-02-18 17:02:11', '2015-02-18 17:02:11', 5, 583);

INSERT INTO `badges` (`id`, `number`, `season_id`, `swimmer_id`, `team_id`, `category_type_id`, `user_id`, `created_at`, `updated_at`, `entry_time_type_id`, `team_affiliation_id`)
  VALUES (15084, '?', 132, 11354, 450, 703, 1, '2015-02-18 17:02:11', '2015-02-18 17:02:11', 5, 670);

INSERT INTO `badges` (`id`, `number`, `season_id`, `swimmer_id`, `team_id`, `category_type_id`, `user_id`, `created_at`, `updated_at`, `entry_time_type_id`, `team_affiliation_id`)
  VALUES (15085, '?', 132, 11336, 518, 693, 1, '2015-02-18 17:02:11', '2015-02-18 17:02:11', 5, 738);

INSERT INTO `badges` (`id`, `number`, `season_id`, `swimmer_id`, `team_id`, `category_type_id`, `user_id`, `created_at`, `updated_at`, `entry_time_type_id`, `team_affiliation_id`)
  VALUES (15086, '?', 132, 11324, 518, 693, 1, '2015-02-18 17:02:11', '2015-02-18 17:02:11', 5, 738);

INSERT INTO `badges` (`id`, `number`, `season_id`, `swimmer_id`, `team_id`, `category_type_id`, `user_id`, `created_at`, `updated_at`, `entry_time_type_id`, `team_affiliation_id`)
  VALUES (15087, '?', 132, 11350, 456, 698, 1, '2015-02-18 17:02:11', '2015-02-18 17:02:11', 5, 676);

INSERT INTO `badges` (`id`, `number`, `season_id`, `swimmer_id`, `team_id`, `category_type_id`, `user_id`, `created_at`, `updated_at`, `entry_time_type_id`, `team_affiliation_id`)
  VALUES (15088, '?', 132, 11346, 557, 694, 1, '2015-02-18 17:02:11', '2015-02-18 17:02:11', 5, 777);

INSERT INTO `badges` (`id`, `number`, `season_id`, `swimmer_id`, `team_id`, `category_type_id`, `user_id`, `created_at`, `updated_at`, `entry_time_type_id`, `team_affiliation_id`)
  VALUES (15089, '?', 132, 11321, 557, 694, 1, '2015-02-18 17:02:11', '2015-02-18 17:02:11', 5, 777);

INSERT INTO `badges` (`id`, `number`, `season_id`, `swimmer_id`, `team_id`, `category_type_id`, `user_id`, `created_at`, `updated_at`, `entry_time_type_id`, `team_affiliation_id`)
  VALUES (15090, '?', 132, 11337, 518, 694, 1, '2015-02-18 17:02:11', '2015-02-18 17:02:11', 5, 738);

INSERT INTO `badges` (`id`, `number`, `season_id`, `swimmer_id`, `team_id`, `category_type_id`, `user_id`, `created_at`, `updated_at`, `entry_time_type_id`, `team_affiliation_id`)
  VALUES (15091, '?', 132, 11353, 449, 696, 1, '2015-02-18 17:02:11', '2015-02-18 17:02:11', 5, 669);

INSERT INTO `badges` (`id`, `number`, `season_id`, `swimmer_id`, `team_id`, `category_type_id`, `user_id`, `created_at`, `updated_at`, `entry_time_type_id`, `team_affiliation_id`)
  VALUES (15092, '?', 132, 11318, 557, 696, 1, '2015-02-18 17:02:12', '2015-02-18 17:02:12', 5, 777);

INSERT INTO `badges` (`id`, `number`, `season_id`, `swimmer_id`, `team_id`, `category_type_id`, `user_id`, `created_at`, `updated_at`, `entry_time_type_id`, `team_affiliation_id`)
  VALUES (15093, '?', 132, 11357, 518, 696, 1, '2015-02-18 17:02:12', '2015-02-18 17:02:12', 5, 738);

INSERT INTO `badges` (`id`, `number`, `season_id`, `swimmer_id`, `team_id`, `category_type_id`, `user_id`, `created_at`, `updated_at`, `entry_time_type_id`, `team_affiliation_id`)
  VALUES (15094, '?', 132, 11305, 456, 697, 1, '2015-02-18 17:02:12', '2015-02-18 17:02:12', 5, 676);

INSERT INTO `badges` (`id`, `number`, `season_id`, `swimmer_id`, `team_id`, `category_type_id`, `user_id`, `created_at`, `updated_at`, `entry_time_type_id`, `team_affiliation_id`)
  VALUES (15095, '?', 132, 11356, 518, 698, 1, '2015-02-18 17:02:12', '2015-02-18 17:02:12', 5, 738);

INSERT INTO `badges` (`id`, `number`, `season_id`, `swimmer_id`, `team_id`, `category_type_id`, `user_id`, `created_at`, `updated_at`, `entry_time_type_id`, `team_affiliation_id`)
  VALUES (15096, '?', 132, 11335, 102, 698, 1, '2015-02-18 17:02:12', '2015-02-18 17:02:12', 5, 295);

INSERT INTO `badges` (`id`, `number`, `season_id`, `swimmer_id`, `team_id`, `category_type_id`, `user_id`, `created_at`, `updated_at`, `entry_time_type_id`, `team_affiliation_id`)
  VALUES (15097, '?', 132, 11317, 451, 698, 1, '2015-02-18 17:02:12', '2015-02-18 17:02:12', 5, 671);

INSERT INTO `badges` (`id`, `number`, `season_id`, `swimmer_id`, `team_id`, `category_type_id`, `user_id`, `created_at`, `updated_at`, `entry_time_type_id`, `team_affiliation_id`)
  VALUES (15098, '?', 132, 11314, 470, 699, 1, '2015-02-18 17:02:12', '2015-02-18 17:02:12', 5, 690);

INSERT INTO `badges` (`id`, `number`, `season_id`, `swimmer_id`, `team_id`, `category_type_id`, `user_id`, `created_at`, `updated_at`, `entry_time_type_id`, `team_affiliation_id`)
  VALUES (15099, '?', 132, 11320, 518, 699, 1, '2015-02-18 17:02:12', '2015-02-18 17:02:12', 5, 738);

INSERT INTO `badges` (`id`, `number`, `season_id`, `swimmer_id`, `team_id`, `category_type_id`, `user_id`, `created_at`, `updated_at`, `entry_time_type_id`, `team_affiliation_id`)
  VALUES (15100, '?', 132, 11313, 467, 702, 1, '2015-02-18 17:02:12', '2015-02-18 17:02:12', 5, 687);

INSERT INTO `badges` (`id`, `number`, `season_id`, `swimmer_id`, `team_id`, `category_type_id`, `user_id`, `created_at`, `updated_at`, `entry_time_type_id`, `team_affiliation_id`)
  VALUES (15101, '?', 132, 11352, 451, 697, 1, '2015-02-18 17:02:12', '2015-02-18 17:02:12', 5, 671);

INSERT INTO `badges` (`id`, `number`, `season_id`, `swimmer_id`, `team_id`, `category_type_id`, `user_id`, `created_at`, `updated_at`, `entry_time_type_id`, `team_affiliation_id`)
  VALUES (15102, '?', 132, 11355, 451, 699, 1, '2015-02-18 17:02:12', '2015-02-18 17:02:12', 5, 671);

INSERT INTO `badges` (`id`, `number`, `season_id`, `swimmer_id`, `team_id`, `category_type_id`, `user_id`, `created_at`, `updated_at`, `entry_time_type_id`, `team_affiliation_id`)
  VALUES (15103, '?', 132, 11328, 467, 701, 1, '2015-02-18 17:02:12', '2015-02-18 17:02:12', 5, 687);

INSERT INTO `badges` (`id`, `number`, `season_id`, `swimmer_id`, `team_id`, `category_type_id`, `user_id`, `created_at`, `updated_at`, `entry_time_type_id`, `team_affiliation_id`)
  VALUES (15104, '?', 132, 11306, 557, 694, 1, '2015-02-18 17:02:12', '2015-02-18 17:02:12', 5, 777);

INSERT INTO `badges` (`id`, `number`, `season_id`, `swimmer_id`, `team_id`, `category_type_id`, `user_id`, `created_at`, `updated_at`, `entry_time_type_id`, `team_affiliation_id`)
  VALUES (15105, '?', 132, 11344, 456, 698, 1, '2015-02-18 17:02:12', '2015-02-18 17:02:12', 5, 676);

INSERT INTO `badges` (`id`, `number`, `season_id`, `swimmer_id`, `team_id`, `category_type_id`, `user_id`, `created_at`, `updated_at`, `entry_time_type_id`, `team_affiliation_id`)
  VALUES (15106, '?', 132, 11308, 518, 694, 1, '2015-02-18 17:02:12', '2015-02-18 17:02:12', 5, 738);

INSERT INTO `badges` (`id`, `number`, `season_id`, `swimmer_id`, `team_id`, `category_type_id`, `user_id`, `created_at`, `updated_at`, `entry_time_type_id`, `team_affiliation_id`)
  VALUES (15107, '?', 132, 11325, 456, 696, 1, '2015-02-18 17:02:12', '2015-02-18 17:02:12', 5, 676);

INSERT INTO `badges` (`id`, `number`, `season_id`, `swimmer_id`, `team_id`, `category_type_id`, `user_id`, `created_at`, `updated_at`, `entry_time_type_id`, `team_affiliation_id`)
  VALUES (15108, '?', 132, 11349, 449, 694, 1, '2015-02-18 17:02:12', '2015-02-18 17:02:12', 5, 669);

INSERT INTO `badges` (`id`, `number`, `season_id`, `swimmer_id`, `team_id`, `category_type_id`, `user_id`, `created_at`, `updated_at`, `entry_time_type_id`, `team_affiliation_id`)
  VALUES (15109, '?', 132, 11359, 451, 695, 1, '2015-02-18 17:02:12', '2015-02-18 17:02:12', 5, 671);

INSERT INTO `badges` (`id`, `number`, `season_id`, `swimmer_id`, `team_id`, `category_type_id`, `user_id`, `created_at`, `updated_at`, `entry_time_type_id`, `team_affiliation_id`)
  VALUES (15110, '?', 132, 11311, 451, 699, 1, '2015-02-18 17:02:12', '2015-02-18 17:02:12', 5, 671);

INSERT INTO `badges` (`id`, `number`, `season_id`, `swimmer_id`, `team_id`, `category_type_id`, `user_id`, `created_at`, `updated_at`, `entry_time_type_id`, `team_affiliation_id`)
  VALUES (15111, '?', 132, 11307, 451, 699, 1, '2015-02-18 17:02:13', '2015-02-18 17:02:13', 5, 671);

INSERT INTO `badges` (`id`, `number`, `season_id`, `swimmer_id`, `team_id`, `category_type_id`, `user_id`, `created_at`, `updated_at`, `entry_time_type_id`, `team_affiliation_id`)
  VALUES (15112, '?', 132, 11310, 449, 695, 1, '2015-02-18 17:02:13', '2015-02-18 17:02:13', 5, 669);

INSERT INTO `badges` (`id`, `number`, `season_id`, `swimmer_id`, `team_id`, `category_type_id`, `user_id`, `created_at`, `updated_at`, `entry_time_type_id`, `team_affiliation_id`)
  VALUES (15113, '?', 132, 11312, 451, 695, 1, '2015-02-18 17:02:13', '2015-02-18 17:02:13', 5, 671);

INSERT INTO `badges` (`id`, `number`, `season_id`, `swimmer_id`, `team_id`, `category_type_id`, `user_id`, `created_at`, `updated_at`, `entry_time_type_id`, `team_affiliation_id`)
  VALUES (15114, '?', 132, 11340, 462, 698, 1, '2015-02-18 17:02:13', '2015-02-18 17:02:13', 5, 682);

INSERT INTO `badges` (`id`, `number`, `season_id`, `swimmer_id`, `team_id`, `category_type_id`, `user_id`, `created_at`, `updated_at`, `entry_time_type_id`, `team_affiliation_id`)
  VALUES (15115, '?', 132, 11343, 451, 698, 1, '2015-02-18 17:02:13', '2015-02-18 17:02:13', 5, 671);

INSERT INTO `meeting_individual_results` (`id`, `rank`, `is_play_off`, `is_out_of_race`, `is_disqualified`, `standard_points`, `meeting_individual_points`, `minutes`, `seconds`, `hundreds`, `meeting_program_id`, `swimmer_id`, `team_id`, `badge_id`, `user_id`, `created_at`, `updated_at`, `disqualification_code_type_id`, `goggle_cup_points`, `reaction_time`, `team_points`, `team_affiliation_id`)
  VALUES (137856, 1, 1, 0, 0, 881.3, 881.3, 1, 11, 86, 11706, 992, 42, 8453, 1, '2015-02-18 17:02:13', '2015-02-18 17:02:13', NULL, 0.0, 0.0, 0.0, 235);

INSERT INTO `meeting_individual_results` (`id`, `rank`, `is_play_off`, `is_out_of_race`, `is_disqualified`, `standard_points`, `meeting_individual_points`, `minutes`, `seconds`, `hundreds`, `meeting_program_id`, `swimmer_id`, `team_id`, `badge_id`, `user_id`, `created_at`, `updated_at`, `disqualification_code_type_id`, `goggle_cup_points`, `reaction_time`, `team_points`, `team_affiliation_id`)
  VALUES (137857, 2, 1, 0, 0, 693.34, 693.34, 1, 31, 34, 11706, 687, 42, 8455, 1, '2015-02-18 17:02:13', '2015-02-18 17:02:13', NULL, 0.0, 0.0, 0.0, 235);

INSERT INTO `meeting_individual_results` (`id`, `rank`, `is_play_off`, `is_out_of_race`, `is_disqualified`, `standard_points`, `meeting_individual_points`, `minutes`, `seconds`, `hundreds`, `meeting_program_id`, `swimmer_id`, `team_id`, `badge_id`, `user_id`, `created_at`, `updated_at`, `disqualification_code_type_id`, `goggle_cup_points`, `reaction_time`, `team_points`, `team_affiliation_id`)
  VALUES (137858, 1, 1, 0, 0, 874.69, 874.69, 1, 12, 46, 11707, 5038, 2, 8519, 1, '2015-02-18 17:02:13', '2015-02-18 17:02:13', NULL, 0.0, 0.0, 0.0, 445);

INSERT INTO `meeting_individual_results` (`id`, `rank`, `is_play_off`, `is_out_of_race`, `is_disqualified`, `standard_points`, `meeting_individual_points`, `minutes`, `seconds`, `hundreds`, `meeting_program_id`, `swimmer_id`, `team_id`, `badge_id`, `user_id`, `created_at`, `updated_at`, `disqualification_code_type_id`, `goggle_cup_points`, `reaction_time`, `team_points`, `team_affiliation_id`)
  VALUES (137859, 1, 1, 0, 0, 848.89, 848.89, 1, 20, 67, 11708, 8563, 469, 12314, 1, '2015-02-18 17:02:13', '2015-02-18 17:02:13', NULL, 0.0, 0.0, 0.0, 689);

INSERT INTO `meeting_individual_results` (`id`, `rank`, `is_play_off`, `is_out_of_race`, `is_disqualified`, `standard_points`, `meeting_individual_points`, `minutes`, `seconds`, `hundreds`, `meeting_program_id`, `swimmer_id`, `team_id`, `badge_id`, `user_id`, `created_at`, `updated_at`, `disqualification_code_type_id`, `goggle_cup_points`, `reaction_time`, `team_points`, `team_affiliation_id`)
  VALUES (137860, 1, 1, 0, 0, 809.01, 809.01, 1, 11, 5, 11709, 724, 42, 7345, 1, '2015-02-18 17:02:13', '2015-02-18 17:02:13', NULL, 0.0, 0.0, 0.0, 235);

INSERT INTO `meeting_individual_results` (`id`, `rank`, `is_play_off`, `is_out_of_race`, `is_disqualified`, `standard_points`, `meeting_individual_points`, `minutes`, `seconds`, `hundreds`, `meeting_program_id`, `swimmer_id`, `team_id`, `badge_id`, `user_id`, `created_at`, `updated_at`, `disqualification_code_type_id`, `goggle_cup_points`, `reaction_time`, `team_points`, `team_affiliation_id`)
  VALUES (137861, 2, 1, 0, 0, 636.12, 636.12, 1, 30, 36, 11709, 11348, 557, 15059, 1, '2015-02-18 17:02:13', '2015-02-18 17:02:13', NULL, 0.0, 0.0, 0.0, 777);

INSERT INTO `meeting_individual_results` (`id`, `rank`, `is_play_off`, `is_out_of_race`, `is_disqualified`, `standard_points`, `meeting_individual_points`, `minutes`, `seconds`, `hundreds`, `meeting_program_id`, `swimmer_id`, `team_id`, `badge_id`, `user_id`, `created_at`, `updated_at`, `disqualification_code_type_id`, `goggle_cup_points`, `reaction_time`, `team_points`, `team_affiliation_id`)
  VALUES (137862, 1, 1, 0, 0, 733.84, 733.84, 1, 19, 5, 11710, 11334, 456, 15060, 1, '2015-02-18 17:02:13', '2015-02-18 17:02:13', NULL, 0.0, 0.0, 0.0, 676);

INSERT INTO `meeting_individual_results` (`id`, `rank`, `is_play_off`, `is_out_of_race`, `is_disqualified`, `standard_points`, `meeting_individual_points`, `minutes`, `seconds`, `hundreds`, `meeting_program_id`, `swimmer_id`, `team_id`, `badge_id`, `user_id`, `created_at`, `updated_at`, `disqualification_code_type_id`, `goggle_cup_points`, `reaction_time`, `team_points`, `team_affiliation_id`)
  VALUES (137863, 1, 1, 0, 0, 808.48, 808.48, 1, 16, 44, 11711, 1652, 74, 9330, 1, '2015-02-18 17:02:14', '2015-02-18 17:02:14', NULL, 0.0, 0.0, 0.0, 267);

INSERT INTO `meeting_individual_results` (`id`, `rank`, `is_play_off`, `is_out_of_race`, `is_disqualified`, `standard_points`, `meeting_individual_points`, `minutes`, `seconds`, `hundreds`, `meeting_program_id`, `swimmer_id`, `team_id`, `badge_id`, `user_id`, `created_at`, `updated_at`, `disqualification_code_type_id`, `goggle_cup_points`, `reaction_time`, `team_points`, `team_affiliation_id`)
  VALUES (137864, 1, 1, 0, 0, 0.0, 0.0, 1, 11, 13, 11712, 11322, 557, 15061, 1, '2015-02-18 17:02:14', '2015-02-18 17:02:14', NULL, 0.0, 0.0, 0.0, 777);

INSERT INTO `meeting_individual_results` (`id`, `rank`, `is_play_off`, `is_out_of_race`, `is_disqualified`, `standard_points`, `meeting_individual_points`, `minutes`, `seconds`, `hundreds`, `meeting_program_id`, `swimmer_id`, `team_id`, `badge_id`, `user_id`, `created_at`, `updated_at`, `disqualification_code_type_id`, `goggle_cup_points`, `reaction_time`, `team_points`, `team_affiliation_id`)
  VALUES (137865, 1, 1, 0, 0, 919.7, 919.7, 1, 7, 50, 11713, 8594, 364, 12212, 1, '2015-02-18 17:02:14', '2015-02-18 17:02:14', NULL, 0.0, 0.0, 0.0, 583);

INSERT INTO `meeting_individual_results` (`id`, `rank`, `is_play_off`, `is_out_of_race`, `is_disqualified`, `standard_points`, `meeting_individual_points`, `minutes`, `seconds`, `hundreds`, `meeting_program_id`, `swimmer_id`, `team_id`, `badge_id`, `user_id`, `created_at`, `updated_at`, `disqualification_code_type_id`, `goggle_cup_points`, `reaction_time`, `team_points`, `team_affiliation_id`)
  VALUES (137866, 1, 1, 0, 0, 832.6, 832.6, 1, 16, 76, 11714, 8454, 102, 12307, 1, '2015-02-18 17:02:14', '2015-02-18 17:02:14', NULL, 0.0, 0.0, 0.0, 295);

INSERT INTO `meeting_individual_results` (`id`, `rank`, `is_play_off`, `is_out_of_race`, `is_disqualified`, `standard_points`, `meeting_individual_points`, `minutes`, `seconds`, `hundreds`, `meeting_program_id`, `swimmer_id`, `team_id`, `badge_id`, `user_id`, `created_at`, `updated_at`, `disqualification_code_type_id`, `goggle_cup_points`, `reaction_time`, `team_points`, `team_affiliation_id`)
  VALUES (137867, 1, 1, 0, 0, 843.08, 843.08, 1, 17, 30, 11715, 2839, 176, 6046, 1, '2015-02-18 17:02:14', '2015-02-18 17:02:14', NULL, 0.0, 0.0, 0.0, 371);

INSERT INTO `meeting_individual_results` (`id`, `rank`, `is_play_off`, `is_out_of_race`, `is_disqualified`, `standard_points`, `meeting_individual_points`, `minutes`, `seconds`, `hundreds`, `meeting_program_id`, `swimmer_id`, `team_id`, `badge_id`, `user_id`, `created_at`, `updated_at`, `disqualification_code_type_id`, `goggle_cup_points`, `reaction_time`, `team_points`, `team_affiliation_id`)
  VALUES (137868, 1, 1, 0, 0, 865.8, 865.8, 1, 17, 35, 11716, 8563, 469, 12314, 1, '2015-02-18 17:02:14', '2015-02-18 17:02:14', NULL, 0.0, 0.0, 0.0, 689);

INSERT INTO `meeting_individual_results` (`id`, `rank`, `is_play_off`, `is_out_of_race`, `is_disqualified`, `standard_points`, `meeting_individual_points`, `minutes`, `seconds`, `hundreds`, `meeting_program_id`, `swimmer_id`, `team_id`, `badge_id`, `user_id`, `created_at`, `updated_at`, `disqualification_code_type_id`, `goggle_cup_points`, `reaction_time`, `team_points`, `team_affiliation_id`)
  VALUES (137869, 1, 1, 0, 0, 733.34, 733.34, 1, 34, 84, 11717, 2668, 164, 5869, 1, '2015-02-18 17:02:14', '2015-02-18 17:02:14', NULL, 0.0, 0.0, 0.0, 359);

INSERT INTO `meeting_individual_results` (`id`, `rank`, `is_play_off`, `is_out_of_race`, `is_disqualified`, `standard_points`, `meeting_individual_points`, `minutes`, `seconds`, `hundreds`, `meeting_program_id`, `swimmer_id`, `team_id`, `badge_id`, `user_id`, `created_at`, `updated_at`, `disqualification_code_type_id`, `goggle_cup_points`, `reaction_time`, `team_points`, `team_affiliation_id`)
  VALUES (137870, 1, 1, 0, 0, 643.33, 643.33, 1, 56, 83, 11718, 1910, 68, 5091, 1, '2015-02-18 17:02:14', '2015-02-18 17:02:14', NULL, 0.0, 0.0, 0.0, 261);

INSERT INTO `meeting_individual_results` (`id`, `rank`, `is_play_off`, `is_out_of_race`, `is_disqualified`, `standard_points`, `meeting_individual_points`, `minutes`, `seconds`, `hundreds`, `meeting_program_id`, `swimmer_id`, `team_id`, `badge_id`, `user_id`, `created_at`, `updated_at`, `disqualification_code_type_id`, `goggle_cup_points`, `reaction_time`, `team_points`, `team_affiliation_id`)
  VALUES (137871, 1, 1, 0, 0, 631.36, 631.36, 1, 26, 10, 11719, 7860, 68, 11512, 1, '2015-02-18 17:02:14', '2015-02-18 17:02:14', NULL, 0.0, 0.0, 0.0, 261);

INSERT INTO `meeting_individual_results` (`id`, `rank`, `is_play_off`, `is_out_of_race`, `is_disqualified`, `standard_points`, `meeting_individual_points`, `minutes`, `seconds`, `hundreds`, `meeting_program_id`, `swimmer_id`, `team_id`, `badge_id`, `user_id`, `created_at`, `updated_at`, `disqualification_code_type_id`, `goggle_cup_points`, `reaction_time`, `team_points`, `team_affiliation_id`)
  VALUES (137872, 1, 1, 0, 0, 820.98, 820.98, 1, 6, 53, 11720, 11351, 449, 15062, 1, '2015-02-18 17:02:15', '2015-02-18 17:02:15', NULL, 0.0, 0.0, 0.0, 669);

INSERT INTO `meeting_individual_results` (`id`, `rank`, `is_play_off`, `is_out_of_race`, `is_disqualified`, `standard_points`, `meeting_individual_points`, `minutes`, `seconds`, `hundreds`, `meeting_program_id`, `swimmer_id`, `team_id`, `badge_id`, `user_id`, `created_at`, `updated_at`, `disqualification_code_type_id`, `goggle_cup_points`, `reaction_time`, `team_points`, `team_affiliation_id`)
  VALUES (137873, 2, 1, 0, 1, 0.0, 0.0, 0, 0, 0, 11720, 8605, 364, 12417, 1, '2015-02-18 17:02:15', '2015-02-18 17:02:15', 11, 0.0, 0.0, 0.0, 583);

INSERT INTO `meeting_individual_results` (`id`, `rank`, `is_play_off`, `is_out_of_race`, `is_disqualified`, `standard_points`, `meeting_individual_points`, `minutes`, `seconds`, `hundreds`, `meeting_program_id`, `swimmer_id`, `team_id`, `badge_id`, `user_id`, `created_at`, `updated_at`, `disqualification_code_type_id`, `goggle_cup_points`, `reaction_time`, `team_points`, `team_affiliation_id`)
  VALUES (137874, 1, 1, 0, 0, 782.76, 782.76, 1, 10, 52, 11721, 7770, 164, 11483, 1, '2015-02-18 17:02:15', '2015-02-18 17:02:15', NULL, 0.0, 0.0, 0.0, 359);

INSERT INTO `meeting_individual_results` (`id`, `rank`, `is_play_off`, `is_out_of_race`, `is_disqualified`, `standard_points`, `meeting_individual_points`, `minutes`, `seconds`, `hundreds`, `meeting_program_id`, `swimmer_id`, `team_id`, `badge_id`, `user_id`, `created_at`, `updated_at`, `disqualification_code_type_id`, `goggle_cup_points`, `reaction_time`, `team_points`, `team_affiliation_id`)
  VALUES (137875, 2, 1, 0, 0, 722.7, 722.7, 1, 16, 38, 11721, 2730, 99, 5936, 1, '2015-02-18 17:02:15', '2015-02-18 17:02:15', NULL, 0.0, 0.0, 0.0, 292);

INSERT INTO `meeting_individual_results` (`id`, `rank`, `is_play_off`, `is_out_of_race`, `is_disqualified`, `standard_points`, `meeting_individual_points`, `minutes`, `seconds`, `hundreds`, `meeting_program_id`, `swimmer_id`, `team_id`, `badge_id`, `user_id`, `created_at`, `updated_at`, `disqualification_code_type_id`, `goggle_cup_points`, `reaction_time`, `team_points`, `team_affiliation_id`)
  VALUES (137876, 3, 1, 0, 0, 612.52, 612.52, 1, 30, 12, 11721, 5383, 2, 9005, 1, '2015-02-18 17:02:15', '2015-02-18 17:02:15', NULL, 0.0, 0.0, 0.0, 445);

INSERT INTO `meeting_individual_results` (`id`, `rank`, `is_play_off`, `is_out_of_race`, `is_disqualified`, `standard_points`, `meeting_individual_points`, `minutes`, `seconds`, `hundreds`, `meeting_program_id`, `swimmer_id`, `team_id`, `badge_id`, `user_id`, `created_at`, `updated_at`, `disqualification_code_type_id`, `goggle_cup_points`, `reaction_time`, `team_points`, `team_affiliation_id`)
  VALUES (137877, 4, 1, 0, 0, 575.3, 575.3, 1, 35, 95, 11721, 5254, 2, 8729, 1, '2015-02-18 17:02:15', '2015-02-18 17:02:15', NULL, 0.0, 0.0, 0.0, 445);

INSERT INTO `meeting_individual_results` (`id`, `rank`, `is_play_off`, `is_out_of_race`, `is_disqualified`, `standard_points`, `meeting_individual_points`, `minutes`, `seconds`, `hundreds`, `meeting_program_id`, `swimmer_id`, `team_id`, `badge_id`, `user_id`, `created_at`, `updated_at`, `disqualification_code_type_id`, `goggle_cup_points`, `reaction_time`, `team_points`, `team_affiliation_id`)
  VALUES (137878, 1, 1, 0, 0, 746.66, 746.66, 1, 15, 63, 11722, 2240, 73, 5438, 1, '2015-02-18 17:02:15', '2015-02-18 17:02:15', NULL, 0.0, 0.0, 0.0, 266);

INSERT INTO `meeting_individual_results` (`id`, `rank`, `is_play_off`, `is_out_of_race`, `is_disqualified`, `standard_points`, `meeting_individual_points`, `minutes`, `seconds`, `hundreds`, `meeting_program_id`, `swimmer_id`, `team_id`, `badge_id`, `user_id`, `created_at`, `updated_at`, `disqualification_code_type_id`, `goggle_cup_points`, `reaction_time`, `team_points`, `team_affiliation_id`)
  VALUES (137879, 2, 1, 0, 0, 717.72, 717.72, 1, 18, 68, 11722, 7769, 163, 11529, 1, '2015-02-18 17:02:15', '2015-02-18 17:02:15', NULL, 0.0, 0.0, 0.0, 358);

INSERT INTO `meeting_individual_results` (`id`, `rank`, `is_play_off`, `is_out_of_race`, `is_disqualified`, `standard_points`, `meeting_individual_points`, `minutes`, `seconds`, `hundreds`, `meeting_program_id`, `swimmer_id`, `team_id`, `badge_id`, `user_id`, `created_at`, `updated_at`, `disqualification_code_type_id`, `goggle_cup_points`, `reaction_time`, `team_points`, `team_affiliation_id`)
  VALUES (137880, 1, 1, 0, 0, 695.69, 695.69, 1, 23, 37, 11723, 2769, 163, 5975, 1, '2015-02-18 17:02:15', '2015-02-18 17:02:15', NULL, 0.0, 0.0, 0.0, 358);

INSERT INTO `meeting_individual_results` (`id`, `rank`, `is_play_off`, `is_out_of_race`, `is_disqualified`, `standard_points`, `meeting_individual_points`, `minutes`, `seconds`, `hundreds`, `meeting_program_id`, `swimmer_id`, `team_id`, `badge_id`, `user_id`, `created_at`, `updated_at`, `disqualification_code_type_id`, `goggle_cup_points`, `reaction_time`, `team_points`, `team_affiliation_id`)
  VALUES (137881, 2, 1, 0, 1, 0.0, 0.0, 0, 0, 0, 11723, 8617, 462, 12208, 1, '2015-02-18 17:02:15', '2015-02-18 17:02:15', 11, 0.0, 0.0, 0.0, 682);

INSERT INTO `meeting_individual_results` (`id`, `rank`, `is_play_off`, `is_out_of_race`, `is_disqualified`, `standard_points`, `meeting_individual_points`, `minutes`, `seconds`, `hundreds`, `meeting_program_id`, `swimmer_id`, `team_id`, `badge_id`, `user_id`, `created_at`, `updated_at`, `disqualification_code_type_id`, `goggle_cup_points`, `reaction_time`, `team_points`, `team_affiliation_id`)
  VALUES (137882, 1, 1, 0, 0, 700.47, 700.47, 1, 25, 20, 11724, 2004, 68, 5189, 1, '2015-02-18 17:02:16', '2015-02-18 17:02:16', NULL, 0.0, 0.0, 0.0, 261);

INSERT INTO `meeting_individual_results` (`id`, `rank`, `is_play_off`, `is_out_of_race`, `is_disqualified`, `standard_points`, `meeting_individual_points`, `minutes`, `seconds`, `hundreds`, `meeting_program_id`, `swimmer_id`, `team_id`, `badge_id`, `user_id`, `created_at`, `updated_at`, `disqualification_code_type_id`, `goggle_cup_points`, `reaction_time`, `team_points`, `team_affiliation_id`)
  VALUES (137883, 1, 1, 0, 0, 664.88, 664.88, 1, 38, 77, 11725, 11326, 456, 15063, 1, '2015-02-18 17:02:16', '2015-02-18 17:02:16', NULL, 0.0, 0.0, 0.0, 676);

INSERT INTO `meeting_individual_results` (`id`, `rank`, `is_play_off`, `is_out_of_race`, `is_disqualified`, `standard_points`, `meeting_individual_points`, `minutes`, `seconds`, `hundreds`, `meeting_program_id`, `swimmer_id`, `team_id`, `badge_id`, `user_id`, `created_at`, `updated_at`, `disqualification_code_type_id`, `goggle_cup_points`, `reaction_time`, `team_points`, `team_affiliation_id`)
  VALUES (137884, 1, 1, 0, 0, 789.03, 789.03, 1, 21, 86, 11726, 8665, 364, 12297, 1, '2015-02-18 17:02:16', '2015-02-18 17:02:16', NULL, 0.0, 0.0, 0.0, 583);

INSERT INTO `meeting_individual_results` (`id`, `rank`, `is_play_off`, `is_out_of_race`, `is_disqualified`, `standard_points`, `meeting_individual_points`, `minutes`, `seconds`, `hundreds`, `meeting_program_id`, `swimmer_id`, `team_id`, `badge_id`, `user_id`, `created_at`, `updated_at`, `disqualification_code_type_id`, `goggle_cup_points`, `reaction_time`, `team_points`, `team_affiliation_id`)
  VALUES (137885, 1, 1, 0, 0, 776.16, 776.16, 1, 23, 5, 11727, 11333, 451, 15064, 1, '2015-02-18 17:02:16', '2015-02-18 17:02:16', NULL, 0.0, 0.0, 0.0, 671);

INSERT INTO `meeting_individual_results` (`id`, `rank`, `is_play_off`, `is_out_of_race`, `is_disqualified`, `standard_points`, `meeting_individual_points`, `minutes`, `seconds`, `hundreds`, `meeting_program_id`, `swimmer_id`, `team_id`, `badge_id`, `user_id`, `created_at`, `updated_at`, `disqualification_code_type_id`, `goggle_cup_points`, `reaction_time`, `team_points`, `team_affiliation_id`)
  VALUES (137886, 2, 1, 0, 0, 730.09, 730.09, 1, 28, 29, 11727, 11358, 451, 15065, 1, '2015-02-18 17:02:16', '2015-02-18 17:02:16', NULL, 0.0, 0.0, 0.0, 671);

INSERT INTO `meeting_individual_results` (`id`, `rank`, `is_play_off`, `is_out_of_race`, `is_disqualified`, `standard_points`, `meeting_individual_points`, `minutes`, `seconds`, `hundreds`, `meeting_program_id`, `swimmer_id`, `team_id`, `badge_id`, `user_id`, `created_at`, `updated_at`, `disqualification_code_type_id`, `goggle_cup_points`, `reaction_time`, `team_points`, `team_affiliation_id`)
  VALUES (137887, 1, 1, 0, 0, 823.91, 823.91, 1, 20, 47, 11728, 8664, 456, 12268, 1, '2015-02-18 17:02:16', '2015-02-18 17:02:16', NULL, 0.0, 0.0, 0.0, 676);

INSERT INTO `meeting_individual_results` (`id`, `rank`, `is_play_off`, `is_out_of_race`, `is_disqualified`, `standard_points`, `meeting_individual_points`, `minutes`, `seconds`, `hundreds`, `meeting_program_id`, `swimmer_id`, `team_id`, `badge_id`, `user_id`, `created_at`, `updated_at`, `disqualification_code_type_id`, `goggle_cup_points`, `reaction_time`, `team_points`, `team_affiliation_id`)
  VALUES (137888, 2, 1, 0, 0, 790.13, 790.13, 1, 23, 91, 11728, 11331, 451, 15066, 1, '2015-02-18 17:02:16', '2015-02-18 17:02:16', NULL, 0.0, 0.0, 0.0, 671);

INSERT INTO `meeting_individual_results` (`id`, `rank`, `is_play_off`, `is_out_of_race`, `is_disqualified`, `standard_points`, `meeting_individual_points`, `minutes`, `seconds`, `hundreds`, `meeting_program_id`, `swimmer_id`, `team_id`, `badge_id`, `user_id`, `created_at`, `updated_at`, `disqualification_code_type_id`, `goggle_cup_points`, `reaction_time`, `team_points`, `team_affiliation_id`)
  VALUES (137889, 1, 1, 0, 0, 880.4, 880.4, 1, 16, 42, 11729, 8587, 456, 12399, 1, '2015-02-18 17:02:16', '2015-02-18 17:02:16', NULL, 0.0, 0.0, 0.0, 676);

INSERT INTO `meeting_individual_results` (`id`, `rank`, `is_play_off`, `is_out_of_race`, `is_disqualified`, `standard_points`, `meeting_individual_points`, `minutes`, `seconds`, `hundreds`, `meeting_program_id`, `swimmer_id`, `team_id`, `badge_id`, `user_id`, `created_at`, `updated_at`, `disqualification_code_type_id`, `goggle_cup_points`, `reaction_time`, `team_points`, `team_affiliation_id`)
  VALUES (137890, 2, 1, 0, 1, 0.0, 0.0, 0, 0, 0, 11729, 11347, 456, 15067, 1, '2015-02-18 17:02:16', '2015-02-18 17:02:16', 11, 0.0, 0.0, 0.0, 676);

INSERT INTO `meeting_individual_results` (`id`, `rank`, `is_play_off`, `is_out_of_race`, `is_disqualified`, `standard_points`, `meeting_individual_points`, `minutes`, `seconds`, `hundreds`, `meeting_program_id`, `swimmer_id`, `team_id`, `badge_id`, `user_id`, `created_at`, `updated_at`, `disqualification_code_type_id`, `goggle_cup_points`, `reaction_time`, `team_points`, `team_affiliation_id`)
  VALUES (137891, 1, 1, 0, 0, 730.07, 730.07, 1, 34, 32, 11730, 8486, 102, 12411, 1, '2015-02-18 17:02:16', '2015-02-18 17:02:16', NULL, 0.0, 0.0, 0.0, 295);

INSERT INTO `meeting_individual_results` (`id`, `rank`, `is_play_off`, `is_out_of_race`, `is_disqualified`, `standard_points`, `meeting_individual_points`, `minutes`, `seconds`, `hundreds`, `meeting_program_id`, `swimmer_id`, `team_id`, `badge_id`, `user_id`, `created_at`, `updated_at`, `disqualification_code_type_id`, `goggle_cup_points`, `reaction_time`, `team_points`, `team_affiliation_id`)
  VALUES (137892, 2, 1, 0, 1, 0.0, 0.0, 0, 0, 0, 11730, 8662, 462, 12313, 1, '2015-02-18 17:02:17', '2015-02-18 17:02:17', 11, 0.0, 0.0, 0.0, 682);

INSERT INTO `meeting_individual_results` (`id`, `rank`, `is_play_off`, `is_out_of_race`, `is_disqualified`, `standard_points`, `meeting_individual_points`, `minutes`, `seconds`, `hundreds`, `meeting_program_id`, `swimmer_id`, `team_id`, `badge_id`, `user_id`, `created_at`, `updated_at`, `disqualification_code_type_id`, `goggle_cup_points`, `reaction_time`, `team_points`, `team_affiliation_id`)
  VALUES (137893, 1, 1, 0, 1, 0.0, 0.0, 0, 0, 0, 11731, 2668, 164, 5869, 1, '2015-02-18 17:02:17', '2015-02-18 17:02:17', 1, 0.0, 0.0, 0.0, 359);

INSERT INTO `meeting_individual_results` (`id`, `rank`, `is_play_off`, `is_out_of_race`, `is_disqualified`, `standard_points`, `meeting_individual_points`, `minutes`, `seconds`, `hundreds`, `meeting_program_id`, `swimmer_id`, `team_id`, `badge_id`, `user_id`, `created_at`, `updated_at`, `disqualification_code_type_id`, `goggle_cup_points`, `reaction_time`, `team_points`, `team_affiliation_id`)
  VALUES (137894, 1, 1, 0, 0, 876.05, 876.05, 1, 31, 89, 11732, 6730, 364, 10445, 1, '2015-02-18 17:02:17', '2015-02-18 17:02:17', NULL, 0.0, 0.0, 0.0, 583);

INSERT INTO `meeting_individual_results` (`id`, `rank`, `is_play_off`, `is_out_of_race`, `is_disqualified`, `standard_points`, `meeting_individual_points`, `minutes`, `seconds`, `hundreds`, `meeting_program_id`, `swimmer_id`, `team_id`, `badge_id`, `user_id`, `created_at`, `updated_at`, `disqualification_code_type_id`, `goggle_cup_points`, `reaction_time`, `team_points`, `team_affiliation_id`)
  VALUES (137895, 2, 1, 0, 1, 0.0, 0.0, 0, 0, 0, 11732, 8524, 450, 12392, 1, '2015-02-18 17:02:17', '2015-02-18 17:02:17', 1, 0.0, 0.0, 0.0, 670);

INSERT INTO `meeting_individual_results` (`id`, `rank`, `is_play_off`, `is_out_of_race`, `is_disqualified`, `standard_points`, `meeting_individual_points`, `minutes`, `seconds`, `hundreds`, `meeting_program_id`, `swimmer_id`, `team_id`, `badge_id`, `user_id`, `created_at`, `updated_at`, `disqualification_code_type_id`, `goggle_cup_points`, `reaction_time`, `team_points`, `team_affiliation_id`)
  VALUES (137896, 1, 1, 0, 0, 750.67, 750.67, 1, 14, 80, 11733, 3242, 169, 6463, 1, '2015-02-18 17:02:17', '2015-02-18 17:02:17', NULL, 0.0, 0.0, 0.0, 364);

INSERT INTO `meeting_individual_results` (`id`, `rank`, `is_play_off`, `is_out_of_race`, `is_disqualified`, `standard_points`, `meeting_individual_points`, `minutes`, `seconds`, `hundreds`, `meeting_program_id`, `swimmer_id`, `team_id`, `badge_id`, `user_id`, `created_at`, `updated_at`, `disqualification_code_type_id`, `goggle_cup_points`, `reaction_time`, `team_points`, `team_affiliation_id`)
  VALUES (137897, 2, 1, 0, 0, 737.84, 737.84, 1, 16, 10, 11733, 8688, 364, 12326, 1, '2015-02-18 17:02:17', '2015-02-18 17:02:17', NULL, 0.0, 0.0, 0.0, 583);

INSERT INTO `meeting_individual_results` (`id`, `rank`, `is_play_off`, `is_out_of_race`, `is_disqualified`, `standard_points`, `meeting_individual_points`, `minutes`, `seconds`, `hundreds`, `meeting_program_id`, `swimmer_id`, `team_id`, `badge_id`, `user_id`, `created_at`, `updated_at`, `disqualification_code_type_id`, `goggle_cup_points`, `reaction_time`, `team_points`, `team_affiliation_id`)
  VALUES (137898, 3, 1, 0, 1, 0.0, 0.0, 0, 0, 0, 11733, 8673, 456, 12328, 1, '2015-02-18 17:02:17', '2015-02-18 17:02:17', 11, 0.0, 0.0, 0.0, 676);

INSERT INTO `meeting_individual_results` (`id`, `rank`, `is_play_off`, `is_out_of_race`, `is_disqualified`, `standard_points`, `meeting_individual_points`, `minutes`, `seconds`, `hundreds`, `meeting_program_id`, `swimmer_id`, `team_id`, `badge_id`, `user_id`, `created_at`, `updated_at`, `disqualification_code_type_id`, `goggle_cup_points`, `reaction_time`, `team_points`, `team_affiliation_id`)
  VALUES (137899, 1, 1, 0, 0, 719.94, 719.94, 1, 18, 52, 11734, 2364, 102, 5564, 1, '2015-02-18 17:02:17', '2015-02-18 17:02:17', NULL, 0.0, 0.0, 0.0, 295);

INSERT INTO `meeting_individual_results` (`id`, `rank`, `is_play_off`, `is_out_of_race`, `is_disqualified`, `standard_points`, `meeting_individual_points`, `minutes`, `seconds`, `hundreds`, `meeting_program_id`, `swimmer_id`, `team_id`, `badge_id`, `user_id`, `created_at`, `updated_at`, `disqualification_code_type_id`, `goggle_cup_points`, `reaction_time`, `team_points`, `team_affiliation_id`)
  VALUES (137900, 2, 1, 0, 0, 647.39, 647.39, 1, 27, 32, 11734, 7752, 163, 11597, 1, '2015-02-18 17:02:17', '2015-02-18 17:02:17', NULL, 0.0, 0.0, 0.0, 358);

INSERT INTO `meeting_individual_results` (`id`, `rank`, `is_play_off`, `is_out_of_race`, `is_disqualified`, `standard_points`, `meeting_individual_points`, `minutes`, `seconds`, `hundreds`, `meeting_program_id`, `swimmer_id`, `team_id`, `badge_id`, `user_id`, `created_at`, `updated_at`, `disqualification_code_type_id`, `goggle_cup_points`, `reaction_time`, `team_points`, `team_affiliation_id`)
  VALUES (137901, 1, 1, 0, 0, 656.31, 656.31, 1, 27, 84, 11735, 5254, 2, 8729, 1, '2015-02-18 17:02:17', '2015-02-18 17:02:17', NULL, 0.0, 0.0, 0.0, 445);

INSERT INTO `meeting_individual_results` (`id`, `rank`, `is_play_off`, `is_out_of_race`, `is_disqualified`, `standard_points`, `meeting_individual_points`, `minutes`, `seconds`, `hundreds`, `meeting_program_id`, `swimmer_id`, `team_id`, `badge_id`, `user_id`, `created_at`, `updated_at`, `disqualification_code_type_id`, `goggle_cup_points`, `reaction_time`, `team_points`, `team_affiliation_id`)
  VALUES (137902, 2, 1, 0, 0, 612.45, 612.45, 1, 34, 13, 11735, 11345, 456, 15068, 1, '2015-02-18 17:02:18', '2015-02-18 17:02:18', NULL, 0.0, 0.0, 0.0, 676);

INSERT INTO `meeting_individual_results` (`id`, `rank`, `is_play_off`, `is_out_of_race`, `is_disqualified`, `standard_points`, `meeting_individual_points`, `minutes`, `seconds`, `hundreds`, `meeting_program_id`, `swimmer_id`, `team_id`, `badge_id`, `user_id`, `created_at`, `updated_at`, `disqualification_code_type_id`, `goggle_cup_points`, `reaction_time`, `team_points`, `team_affiliation_id`)
  VALUES (137903, 3, 1, 0, 0, 609.15, 609.15, 1, 34, 64, 11735, 11330, 450, 15069, 1, '2015-02-18 17:02:18', '2015-02-18 17:02:18', NULL, 0.0, 0.0, 0.0, 670);

INSERT INTO `meeting_individual_results` (`id`, `rank`, `is_play_off`, `is_out_of_race`, `is_disqualified`, `standard_points`, `meeting_individual_points`, `minutes`, `seconds`, `hundreds`, `meeting_program_id`, `swimmer_id`, `team_id`, `badge_id`, `user_id`, `created_at`, `updated_at`, `disqualification_code_type_id`, `goggle_cup_points`, `reaction_time`, `team_points`, `team_affiliation_id`)
  VALUES (137904, 1, 1, 0, 0, 868.87, 868.87, 1, 8, 10, 11736, 5958, 125, 9677, 1, '2015-02-18 17:02:18', '2015-02-18 17:02:18', NULL, 0.0, 0.0, 0.0, 318);

INSERT INTO `meeting_individual_results` (`id`, `rank`, `is_play_off`, `is_out_of_race`, `is_disqualified`, `standard_points`, `meeting_individual_points`, `minutes`, `seconds`, `hundreds`, `meeting_program_id`, `swimmer_id`, `team_id`, `badge_id`, `user_id`, `created_at`, `updated_at`, `disqualification_code_type_id`, `goggle_cup_points`, `reaction_time`, `team_points`, `team_affiliation_id`)
  VALUES (137905, 2, 1, 0, 0, 859.78, 859.78, 1, 8, 82, 11736, 8514, 456, 12393, 1, '2015-02-18 17:02:18', '2015-02-18 17:02:18', NULL, 0.0, 0.0, 0.0, 676);

INSERT INTO `meeting_individual_results` (`id`, `rank`, `is_play_off`, `is_out_of_race`, `is_disqualified`, `standard_points`, `meeting_individual_points`, `minutes`, `seconds`, `hundreds`, `meeting_program_id`, `swimmer_id`, `team_id`, `badge_id`, `user_id`, `created_at`, `updated_at`, `disqualification_code_type_id`, `goggle_cup_points`, `reaction_time`, `team_points`, `team_affiliation_id`)
  VALUES (137906, 3, 1, 0, 0, 768.34, 768.34, 1, 17, 1, 11736, 2240, 73, 5438, 1, '2015-02-18 17:02:18', '2015-02-18 17:02:18', NULL, 0.0, 0.0, 0.0, 266);

INSERT INTO `meeting_individual_results` (`id`, `rank`, `is_play_off`, `is_out_of_race`, `is_disqualified`, `standard_points`, `meeting_individual_points`, `minutes`, `seconds`, `hundreds`, `meeting_program_id`, `swimmer_id`, `team_id`, `badge_id`, `user_id`, `created_at`, `updated_at`, `disqualification_code_type_id`, `goggle_cup_points`, `reaction_time`, `team_points`, `team_affiliation_id`)
  VALUES (137907, 4, 1, 0, 1, 0.0, 0.0, 0, 0, 0, 11736, 3118, 169, 6335, 1, '2015-02-18 17:02:18', '2015-02-18 17:02:18', 11, 0.0, 0.0, 0.0, 364);

INSERT INTO `meeting_individual_results` (`id`, `rank`, `is_play_off`, `is_out_of_race`, `is_disqualified`, `standard_points`, `meeting_individual_points`, `minutes`, `seconds`, `hundreds`, `meeting_program_id`, `swimmer_id`, `team_id`, `badge_id`, `user_id`, `created_at`, `updated_at`, `disqualification_code_type_id`, `goggle_cup_points`, `reaction_time`, `team_points`, `team_affiliation_id`)
  VALUES (137908, 1, 1, 0, 0, 915.34, 915.34, 1, 6, 3, 11737, 11341, 462, 15070, 1, '2015-02-18 17:02:18', '2015-02-18 17:02:18', NULL, 0.0, 0.0, 0.0, 682);

INSERT INTO `meeting_individual_results` (`id`, `rank`, `is_play_off`, `is_out_of_race`, `is_disqualified`, `standard_points`, `meeting_individual_points`, `minutes`, `seconds`, `hundreds`, `meeting_program_id`, `swimmer_id`, `team_id`, `badge_id`, `user_id`, `created_at`, `updated_at`, `disqualification_code_type_id`, `goggle_cup_points`, `reaction_time`, `team_points`, `team_affiliation_id`)
  VALUES (137909, 2, 1, 0, 0, 807.59, 807.59, 1, 14, 84, 11737, 11315, 557, 15071, 1, '2015-02-18 17:02:18', '2015-02-18 17:02:18', NULL, 0.0, 0.0, 0.0, 777);

INSERT INTO `meeting_individual_results` (`id`, `rank`, `is_play_off`, `is_out_of_race`, `is_disqualified`, `standard_points`, `meeting_individual_points`, `minutes`, `seconds`, `hundreds`, `meeting_program_id`, `swimmer_id`, `team_id`, `badge_id`, `user_id`, `created_at`, `updated_at`, `disqualification_code_type_id`, `goggle_cup_points`, `reaction_time`, `team_points`, `team_affiliation_id`)
  VALUES (137910, 3, 1, 0, 1, 0.0, 0.0, 0, 0, 0, 11737, 11304, 451, 15072, 1, '2015-02-18 17:02:18', '2015-02-18 17:02:18', 11, 0.0, 0.0, 0.0, 671);

INSERT INTO `meeting_individual_results` (`id`, `rank`, `is_play_off`, `is_out_of_race`, `is_disqualified`, `standard_points`, `meeting_individual_points`, `minutes`, `seconds`, `hundreds`, `meeting_program_id`, `swimmer_id`, `team_id`, `badge_id`, `user_id`, `created_at`, `updated_at`, `disqualification_code_type_id`, `goggle_cup_points`, `reaction_time`, `team_points`, `team_affiliation_id`)
  VALUES (137911, 1, 1, 0, 0, 779.56, 779.56, 1, 20, 25, 11738, 8577, 450, 12199, 1, '2015-02-18 17:02:18', '2015-02-18 17:02:18', NULL, 0.0, 0.0, 0.0, 670);

INSERT INTO `meeting_individual_results` (`id`, `rank`, `is_play_off`, `is_out_of_race`, `is_disqualified`, `standard_points`, `meeting_individual_points`, `minutes`, `seconds`, `hundreds`, `meeting_program_id`, `swimmer_id`, `team_id`, `badge_id`, `user_id`, `created_at`, `updated_at`, `disqualification_code_type_id`, `goggle_cup_points`, `reaction_time`, `team_points`, `team_affiliation_id`)
  VALUES (137912, 2, 1, 0, 0, 738.78, 738.78, 1, 24, 68, 11738, 11329, 557, 15073, 1, '2015-02-18 17:02:19', '2015-02-18 17:02:19', NULL, 0.0, 0.0, 0.0, 777);

INSERT INTO `meeting_individual_results` (`id`, `rank`, `is_play_off`, `is_out_of_race`, `is_disqualified`, `standard_points`, `meeting_individual_points`, `minutes`, `seconds`, `hundreds`, `meeting_program_id`, `swimmer_id`, `team_id`, `badge_id`, `user_id`, `created_at`, `updated_at`, `disqualification_code_type_id`, `goggle_cup_points`, `reaction_time`, `team_points`, `team_affiliation_id`)
  VALUES (137913, 3, 1, 0, 1, 0.0, 0.0, 0, 0, 0, 11738, 2791, 44, 5997, 1, '2015-02-18 17:02:19', '2015-02-18 17:02:19', 11, 0.0, 0.0, 0.0, 237);

INSERT INTO `meeting_individual_results` (`id`, `rank`, `is_play_off`, `is_out_of_race`, `is_disqualified`, `standard_points`, `meeting_individual_points`, `minutes`, `seconds`, `hundreds`, `meeting_program_id`, `swimmer_id`, `team_id`, `badge_id`, `user_id`, `created_at`, `updated_at`, `disqualification_code_type_id`, `goggle_cup_points`, `reaction_time`, `team_points`, `team_affiliation_id`)
  VALUES (137914, 1, 1, 0, 0, 827.04, 827.04, 1, 27, 59, 11739, 8518, 102, 12260, 1, '2015-02-18 17:02:19', '2015-02-18 17:02:19', NULL, 0.0, 0.0, 0.0, 295);

INSERT INTO `meeting_individual_results` (`id`, `rank`, `is_play_off`, `is_out_of_race`, `is_disqualified`, `standard_points`, `meeting_individual_points`, `minutes`, `seconds`, `hundreds`, `meeting_program_id`, `swimmer_id`, `team_id`, `badge_id`, `user_id`, `created_at`, `updated_at`, `disqualification_code_type_id`, `goggle_cup_points`, `reaction_time`, `team_points`, `team_affiliation_id`)
  VALUES (137915, 2, 1, 0, 1, 0.0, 0.0, 0, 0, 0, 11739, 11332, 451, 15074, 1, '2015-02-18 17:02:19', '2015-02-18 17:02:19', 11, 0.0, 0.0, 0.0, 671);

INSERT INTO `meeting_individual_results` (`id`, `rank`, `is_play_off`, `is_out_of_race`, `is_disqualified`, `standard_points`, `meeting_individual_points`, `minutes`, `seconds`, `hundreds`, `meeting_program_id`, `swimmer_id`, `team_id`, `badge_id`, `user_id`, `created_at`, `updated_at`, `disqualification_code_type_id`, `goggle_cup_points`, `reaction_time`, `team_points`, `team_affiliation_id`)
  VALUES (137916, 1, 1, 0, 0, 0.0, 0.0, 1, 4, 79, 11740, 11323, 518, 15075, 1, '2015-02-18 17:02:19', '2015-02-18 17:02:19', NULL, 0.0, 0.0, 0.0, 738);

INSERT INTO `meeting_individual_results` (`id`, `rank`, `is_play_off`, `is_out_of_race`, `is_disqualified`, `standard_points`, `meeting_individual_points`, `minutes`, `seconds`, `hundreds`, `meeting_program_id`, `swimmer_id`, `team_id`, `badge_id`, `user_id`, `created_at`, `updated_at`, `disqualification_code_type_id`, `goggle_cup_points`, `reaction_time`, `team_points`, `team_affiliation_id`)
  VALUES (137917, 1, 1, 0, 1, 0.0, 0.0, 0, 0, 0, 11741, 11319, 557, 15076, 1, '2015-02-18 17:02:19', '2015-02-18 17:02:19', 11, 0.0, 0.0, 0.0, 777);

INSERT INTO `meeting_individual_results` (`id`, `rank`, `is_play_off`, `is_out_of_race`, `is_disqualified`, `standard_points`, `meeting_individual_points`, `minutes`, `seconds`, `hundreds`, `meeting_program_id`, `swimmer_id`, `team_id`, `badge_id`, `user_id`, `created_at`, `updated_at`, `disqualification_code_type_id`, `goggle_cup_points`, `reaction_time`, `team_points`, `team_affiliation_id`)
  VALUES (137918, 1, 1, 0, 0, 924.26, 924.26, 1, 17, 90, 11742, 5038, 2, 8519, 1, '2015-02-18 17:02:19', '2015-02-18 17:02:19', NULL, 0.0, 0.0, 0.0, 445);

INSERT INTO `meeting_individual_results` (`id`, `rank`, `is_play_off`, `is_out_of_race`, `is_disqualified`, `standard_points`, `meeting_individual_points`, `minutes`, `seconds`, `hundreds`, `meeting_program_id`, `swimmer_id`, `team_id`, `badge_id`, `user_id`, `created_at`, `updated_at`, `disqualification_code_type_id`, `goggle_cup_points`, `reaction_time`, `team_points`, `team_affiliation_id`)
  VALUES (137919, 2, 1, 0, 1, 0.0, 0.0, 0, 0, 0, 11742, 11316, 451, 15077, 1, '2015-02-18 17:02:19', '2015-02-18 17:02:19', 1, 0.0, 0.0, 0.0, 671);

INSERT INTO `meeting_individual_results` (`id`, `rank`, `is_play_off`, `is_out_of_race`, `is_disqualified`, `standard_points`, `meeting_individual_points`, `minutes`, `seconds`, `hundreds`, `meeting_program_id`, `swimmer_id`, `team_id`, `badge_id`, `user_id`, `created_at`, `updated_at`, `disqualification_code_type_id`, `goggle_cup_points`, `reaction_time`, `team_points`, `team_affiliation_id`)
  VALUES (137920, 1, 1, 0, 0, 797.7, 797.7, 1, 30, 61, 11743, 11339, 470, 15078, 1, '2015-02-18 17:02:19', '2015-02-18 17:02:19', NULL, 0.0, 0.0, 0.0, 690);

INSERT INTO `meeting_individual_results` (`id`, `rank`, `is_play_off`, `is_out_of_race`, `is_disqualified`, `standard_points`, `meeting_individual_points`, `minutes`, `seconds`, `hundreds`, `meeting_program_id`, `swimmer_id`, `team_id`, `badge_id`, `user_id`, `created_at`, `updated_at`, `disqualification_code_type_id`, `goggle_cup_points`, `reaction_time`, `team_points`, `team_affiliation_id`)
  VALUES (137921, 2, 1, 0, 0, 698.22, 698.22, 1, 43, 52, 11743, 8554, 462, 12270, 1, '2015-02-18 17:02:20', '2015-02-18 17:02:20', NULL, 0.0, 0.0, 0.0, 682);

INSERT INTO `meeting_individual_results` (`id`, `rank`, `is_play_off`, `is_out_of_race`, `is_disqualified`, `standard_points`, `meeting_individual_points`, `minutes`, `seconds`, `hundreds`, `meeting_program_id`, `swimmer_id`, `team_id`, `badge_id`, `user_id`, `created_at`, `updated_at`, `disqualification_code_type_id`, `goggle_cup_points`, `reaction_time`, `team_points`, `team_affiliation_id`)
  VALUES (137922, 1, 1, 0, 0, 835.63, 835.63, 1, 27, 97, 11744, 2839, 176, 6046, 1, '2015-02-18 17:02:20', '2015-02-18 17:02:20', NULL, 0.0, 0.0, 0.0, 371);

INSERT INTO `meeting_individual_results` (`id`, `rank`, `is_play_off`, `is_out_of_race`, `is_disqualified`, `standard_points`, `meeting_individual_points`, `minutes`, `seconds`, `hundreds`, `meeting_program_id`, `swimmer_id`, `team_id`, `badge_id`, `user_id`, `created_at`, `updated_at`, `disqualification_code_type_id`, `goggle_cup_points`, `reaction_time`, `team_points`, `team_affiliation_id`)
  VALUES (137923, 1, 1, 0, 1, 0.0, 0.0, 0, 0, 0, 11745, 7768, 164, 11502, 1, '2015-02-18 17:02:20', '2015-02-18 17:02:20', 11, 0.0, 0.0, 0.0, 359);

INSERT INTO `meeting_individual_results` (`id`, `rank`, `is_play_off`, `is_out_of_race`, `is_disqualified`, `standard_points`, `meeting_individual_points`, `minutes`, `seconds`, `hundreds`, `meeting_program_id`, `swimmer_id`, `team_id`, `badge_id`, `user_id`, `created_at`, `updated_at`, `disqualification_code_type_id`, `goggle_cup_points`, `reaction_time`, `team_points`, `team_affiliation_id`)
  VALUES (137924, 1, 1, 0, 0, 688.43, 688.43, 1, 57, 2, 11746, 7738, 164, 11618, 1, '2015-02-18 17:02:20', '2015-02-18 17:02:20', NULL, 0.0, 0.0, 0.0, 359);

INSERT INTO `meeting_individual_results` (`id`, `rank`, `is_play_off`, `is_out_of_race`, `is_disqualified`, `standard_points`, `meeting_individual_points`, `minutes`, `seconds`, `hundreds`, `meeting_program_id`, `swimmer_id`, `team_id`, `badge_id`, `user_id`, `created_at`, `updated_at`, `disqualification_code_type_id`, `goggle_cup_points`, `reaction_time`, `team_points`, `team_affiliation_id`)
  VALUES (137925, 1, 1, 0, 0, 916.33, 916.33, 1, 7, 65, 11747, 8493, 364, 12277, 1, '2015-02-18 17:02:20', '2015-02-18 17:02:20', NULL, 0.0, 0.0, 0.0, 583);

INSERT INTO `meeting_individual_results` (`id`, `rank`, `is_play_off`, `is_out_of_race`, `is_disqualified`, `standard_points`, `meeting_individual_points`, `minutes`, `seconds`, `hundreds`, `meeting_program_id`, `swimmer_id`, `team_id`, `badge_id`, `user_id`, `created_at`, `updated_at`, `disqualification_code_type_id`, `goggle_cup_points`, `reaction_time`, `team_points`, `team_affiliation_id`)
  VALUES (137926, 2, 1, 0, 0, 655.56, 655.56, 1, 34, 56, 11747, 11309, 138, 15079, 1, '2015-02-18 17:02:20', '2015-02-18 17:02:20', NULL, 0.0, 0.0, 0.0, 333);

INSERT INTO `meeting_individual_results` (`id`, `rank`, `is_play_off`, `is_out_of_race`, `is_disqualified`, `standard_points`, `meeting_individual_points`, `minutes`, `seconds`, `hundreds`, `meeting_program_id`, `swimmer_id`, `team_id`, `badge_id`, `user_id`, `created_at`, `updated_at`, `disqualification_code_type_id`, `goggle_cup_points`, `reaction_time`, `team_points`, `team_affiliation_id`)
  VALUES (137927, 1, 1, 0, 0, 745.5, 745.5, 1, 22, 75, 11748, 2709, 99, 5914, 1, '2015-02-18 17:02:20', '2015-02-18 17:02:20', NULL, 0.0, 0.0, 0.0, 292);

INSERT INTO `meeting_individual_results` (`id`, `rank`, `is_play_off`, `is_out_of_race`, `is_disqualified`, `standard_points`, `meeting_individual_points`, `minutes`, `seconds`, `hundreds`, `meeting_program_id`, `swimmer_id`, `team_id`, `badge_id`, `user_id`, `created_at`, `updated_at`, `disqualification_code_type_id`, `goggle_cup_points`, `reaction_time`, `team_points`, `team_affiliation_id`)
  VALUES (137928, 2, 1, 0, 0, 683.39, 683.39, 1, 30, 27, 11748, 2364, 102, 5564, 1, '2015-02-18 17:02:20', '2015-02-18 17:02:20', NULL, 0.0, 0.0, 0.0, 295);

INSERT INTO `meeting_individual_results` (`id`, `rank`, `is_play_off`, `is_out_of_race`, `is_disqualified`, `standard_points`, `meeting_individual_points`, `minutes`, `seconds`, `hundreds`, `meeting_program_id`, `swimmer_id`, `team_id`, `badge_id`, `user_id`, `created_at`, `updated_at`, `disqualification_code_type_id`, `goggle_cup_points`, `reaction_time`, `team_points`, `team_affiliation_id`)
  VALUES (137929, 3, 1, 0, 0, 671.42, 671.42, 1, 31, 88, 11748, 10549, 518, 14188, 1, '2015-02-18 17:02:20', '2015-02-18 17:02:20', NULL, 0.0, 0.0, 0.0, 738);

INSERT INTO `meeting_individual_results` (`id`, `rank`, `is_play_off`, `is_out_of_race`, `is_disqualified`, `standard_points`, `meeting_individual_points`, `minutes`, `seconds`, `hundreds`, `meeting_program_id`, `swimmer_id`, `team_id`, `badge_id`, `user_id`, `created_at`, `updated_at`, `disqualification_code_type_id`, `goggle_cup_points`, `reaction_time`, `team_points`, `team_affiliation_id`)
  VALUES (137930, 4, 1, 0, 0, 624.39, 624.39, 1, 38, 80, 11748, 11360, 449, 15080, 1, '2015-02-18 17:02:20', '2015-02-18 17:02:20', NULL, 0.0, 0.0, 0.0, 669);

INSERT INTO `meeting_individual_results` (`id`, `rank`, `is_play_off`, `is_out_of_race`, `is_disqualified`, `standard_points`, `meeting_individual_points`, `minutes`, `seconds`, `hundreds`, `meeting_program_id`, `swimmer_id`, `team_id`, `badge_id`, `user_id`, `created_at`, `updated_at`, `disqualification_code_type_id`, `goggle_cup_points`, `reaction_time`, `team_points`, `team_affiliation_id`)
  VALUES (137931, 5, 1, 0, 0, 614.32, 614.32, 1, 40, 42, 11748, 3636, 102, 6857, 1, '2015-02-18 17:02:20', '2015-02-18 17:02:20', NULL, 0.0, 0.0, 0.0, 295);

INSERT INTO `meeting_individual_results` (`id`, `rank`, `is_play_off`, `is_out_of_race`, `is_disqualified`, `standard_points`, `meeting_individual_points`, `minutes`, `seconds`, `hundreds`, `meeting_program_id`, `swimmer_id`, `team_id`, `badge_id`, `user_id`, `created_at`, `updated_at`, `disqualification_code_type_id`, `goggle_cup_points`, `reaction_time`, `team_points`, `team_affiliation_id`)
  VALUES (137932, 1, 1, 0, 0, 766.97, 766.97, 1, 22, 22, 11749, 11338, 451, 15081, 1, '2015-02-18 17:02:21', '2015-02-18 17:02:21', NULL, 0.0, 0.0, 0.0, 671);

INSERT INTO `meeting_individual_results` (`id`, `rank`, `is_play_off`, `is_out_of_race`, `is_disqualified`, `standard_points`, `meeting_individual_points`, `minutes`, `seconds`, `hundreds`, `meeting_program_id`, `swimmer_id`, `team_id`, `badge_id`, `user_id`, `created_at`, `updated_at`, `disqualification_code_type_id`, `goggle_cup_points`, `reaction_time`, `team_points`, `team_affiliation_id`)
  VALUES (137933, 1, 1, 0, 0, 809.98, 809.98, 1, 18, 94, 11750, 2739, 99, 5945, 1, '2015-02-18 17:02:21', '2015-02-18 17:02:21', NULL, 0.0, 0.0, 0.0, 292);

INSERT INTO `meeting_individual_results` (`id`, `rank`, `is_play_off`, `is_out_of_race`, `is_disqualified`, `standard_points`, `meeting_individual_points`, `minutes`, `seconds`, `hundreds`, `meeting_program_id`, `swimmer_id`, `team_id`, `badge_id`, `user_id`, `created_at`, `updated_at`, `disqualification_code_type_id`, `goggle_cup_points`, `reaction_time`, `team_points`, `team_affiliation_id`)
  VALUES (137934, 2, 1, 0, 0, 717.78, 717.78, 1, 29, 8, 11750, 8552, 462, 12280, 1, '2015-02-18 17:02:21', '2015-02-18 17:02:21', NULL, 0.0, 0.0, 0.0, 682);

INSERT INTO `meeting_individual_results` (`id`, `rank`, `is_play_off`, `is_out_of_race`, `is_disqualified`, `standard_points`, `meeting_individual_points`, `minutes`, `seconds`, `hundreds`, `meeting_program_id`, `swimmer_id`, `team_id`, `badge_id`, `user_id`, `created_at`, `updated_at`, `disqualification_code_type_id`, `goggle_cup_points`, `reaction_time`, `team_points`, `team_affiliation_id`)
  VALUES (137935, 3, 1, 0, 0, 696.51, 696.51, 1, 31, 80, 11750, 11327, 138, 15082, 1, '2015-02-18 17:02:21', '2015-02-18 17:02:21', NULL, 0.0, 0.0, 0.0, 333);

INSERT INTO `meeting_individual_results` (`id`, `rank`, `is_play_off`, `is_out_of_race`, `is_disqualified`, `standard_points`, `meeting_individual_points`, `minutes`, `seconds`, `hundreds`, `meeting_program_id`, `swimmer_id`, `team_id`, `badge_id`, `user_id`, `created_at`, `updated_at`, `disqualification_code_type_id`, `goggle_cup_points`, `reaction_time`, `team_points`, `team_affiliation_id`)
  VALUES (137936, 4, 1, 0, 0, 682.39, 682.39, 1, 33, 70, 11750, 7765, 164, 11589, 1, '2015-02-18 17:02:21', '2015-02-18 17:02:21', NULL, 0.0, 0.0, 0.0, 359);

INSERT INTO `meeting_individual_results` (`id`, `rank`, `is_play_off`, `is_out_of_race`, `is_disqualified`, `standard_points`, `meeting_individual_points`, `minutes`, `seconds`, `hundreds`, `meeting_program_id`, `swimmer_id`, `team_id`, `badge_id`, `user_id`, `created_at`, `updated_at`, `disqualification_code_type_id`, `goggle_cup_points`, `reaction_time`, `team_points`, `team_affiliation_id`)
  VALUES (137937, 1, 1, 0, 0, 725.6, 725.6, 1, 31, 18, 11751, 8429, 451, 12283, 1, '2015-02-18 17:02:21', '2015-02-18 17:02:21', NULL, 0.0, 0.0, 0.0, 671);

INSERT INTO `meeting_individual_results` (`id`, `rank`, `is_play_off`, `is_out_of_race`, `is_disqualified`, `standard_points`, `meeting_individual_points`, `minutes`, `seconds`, `hundreds`, `meeting_program_id`, `swimmer_id`, `team_id`, `badge_id`, `user_id`, `created_at`, `updated_at`, `disqualification_code_type_id`, `goggle_cup_points`, `reaction_time`, `team_points`, `team_affiliation_id`)
  VALUES (137938, 2, 1, 0, 0, 668.62, 668.62, 1, 38, 95, 11751, 2786, 164, 5992, 1, '2015-02-18 17:02:21', '2015-02-18 17:02:21', NULL, 0.0, 0.0, 0.0, 359);

INSERT INTO `meeting_individual_results` (`id`, `rank`, `is_play_off`, `is_out_of_race`, `is_disqualified`, `standard_points`, `meeting_individual_points`, `minutes`, `seconds`, `hundreds`, `meeting_program_id`, `swimmer_id`, `team_id`, `badge_id`, `user_id`, `created_at`, `updated_at`, `disqualification_code_type_id`, `goggle_cup_points`, `reaction_time`, `team_points`, `team_affiliation_id`)
  VALUES (137939, 3, 1, 0, 0, 663.59, 663.59, 1, 39, 70, 11751, 1999, 82, 5183, 1, '2015-02-18 17:02:21', '2015-02-18 17:02:21', NULL, 0.0, 0.0, 0.0, 275);

INSERT INTO `meeting_individual_results` (`id`, `rank`, `is_play_off`, `is_out_of_race`, `is_disqualified`, `standard_points`, `meeting_individual_points`, `minutes`, `seconds`, `hundreds`, `meeting_program_id`, `swimmer_id`, `team_id`, `badge_id`, `user_id`, `created_at`, `updated_at`, `disqualification_code_type_id`, `goggle_cup_points`, `reaction_time`, `team_points`, `team_affiliation_id`)
  VALUES (137940, 4, 1, 0, 1, 0.0, 0.0, 0, 0, 0, 11751, 11304, 451, 15072, 1, '2015-02-18 17:02:21', '2015-02-18 17:02:21', 11, 0.0, 0.0, 0.0, 671);

INSERT INTO `meeting_individual_results` (`id`, `rank`, `is_play_off`, `is_out_of_race`, `is_disqualified`, `standard_points`, `meeting_individual_points`, `minutes`, `seconds`, `hundreds`, `meeting_program_id`, `swimmer_id`, `team_id`, `badge_id`, `user_id`, `created_at`, `updated_at`, `disqualification_code_type_id`, `goggle_cup_points`, `reaction_time`, `team_points`, `team_affiliation_id`)
  VALUES (137941, 1, 1, 0, 0, 848.71, 848.71, 1, 21, 63, 11752, 2201, 108, 5397, 1, '2015-02-18 17:02:22', '2015-02-18 17:02:22', NULL, 0.0, 0.0, 0.0, 301);

INSERT INTO `meeting_individual_results` (`id`, `rank`, `is_play_off`, `is_out_of_race`, `is_disqualified`, `standard_points`, `meeting_individual_points`, `minutes`, `seconds`, `hundreds`, `meeting_program_id`, `swimmer_id`, `team_id`, `badge_id`, `user_id`, `created_at`, `updated_at`, `disqualification_code_type_id`, `goggle_cup_points`, `reaction_time`, `team_points`, `team_affiliation_id`)
  VALUES (137942, 2, 1, 0, 1, 0.0, 0.0, 0, 0, 0, 11752, 2791, 44, 5997, 1, '2015-02-18 17:02:22', '2015-02-18 17:02:22', 11, 0.0, 0.0, 0.0, 237);

INSERT INTO `meeting_individual_results` (`id`, `rank`, `is_play_off`, `is_out_of_race`, `is_disqualified`, `standard_points`, `meeting_individual_points`, `minutes`, `seconds`, `hundreds`, `meeting_program_id`, `swimmer_id`, `team_id`, `badge_id`, `user_id`, `created_at`, `updated_at`, `disqualification_code_type_id`, `goggle_cup_points`, `reaction_time`, `team_points`, `team_affiliation_id`)
  VALUES (137943, 1, 1, 0, 0, 692.55, 692.55, 1, 43, 79, 11753, 11342, 364, 15083, 1, '2015-02-18 17:02:22', '2015-02-18 17:02:22', NULL, 0.0, 0.0, 0.0, 583);

INSERT INTO `meeting_individual_results` (`id`, `rank`, `is_play_off`, `is_out_of_race`, `is_disqualified`, `standard_points`, `meeting_individual_points`, `minutes`, `seconds`, `hundreds`, `meeting_program_id`, `swimmer_id`, `team_id`, `badge_id`, `user_id`, `created_at`, `updated_at`, `disqualification_code_type_id`, `goggle_cup_points`, `reaction_time`, `team_points`, `team_affiliation_id`)
  VALUES (137944, 1, 1, 0, 0, 785.29, 785.29, 1, 34, 92, 11754, 2159, 102, 5352, 1, '2015-02-18 17:02:22', '2015-02-18 17:02:22', NULL, 0.0, 0.0, 0.0, 295);

INSERT INTO `meeting_individual_results` (`id`, `rank`, `is_play_off`, `is_out_of_race`, `is_disqualified`, `standard_points`, `meeting_individual_points`, `minutes`, `seconds`, `hundreds`, `meeting_program_id`, `swimmer_id`, `team_id`, `badge_id`, `user_id`, `created_at`, `updated_at`, `disqualification_code_type_id`, `goggle_cup_points`, `reaction_time`, `team_points`, `team_affiliation_id`)
  VALUES (137945, 1, 1, 0, 1, 0.0, 0.0, 0, 0, 0, 11755, 11332, 451, 15074, 1, '2015-02-18 17:02:22', '2015-02-18 17:02:22', 11, 0.0, 0.0, 0.0, 671);

INSERT INTO `meeting_individual_results` (`id`, `rank`, `is_play_off`, `is_out_of_race`, `is_disqualified`, `standard_points`, `meeting_individual_points`, `minutes`, `seconds`, `hundreds`, `meeting_program_id`, `swimmer_id`, `team_id`, `badge_id`, `user_id`, `created_at`, `updated_at`, `disqualification_code_type_id`, `goggle_cup_points`, `reaction_time`, `team_points`, `team_affiliation_id`)
  VALUES (137946, 1, 1, 0, 0, 620.1, 620.1, 2, 16, 64, 11756, 11354, 450, 15084, 1, '2015-02-18 17:02:22', '2015-02-18 17:02:22', NULL, 0.0, 0.0, 0.0, 670);

INSERT INTO `meeting_individual_results` (`id`, `rank`, `is_play_off`, `is_out_of_race`, `is_disqualified`, `standard_points`, `meeting_individual_points`, `minutes`, `seconds`, `hundreds`, `meeting_program_id`, `swimmer_id`, `team_id`, `badge_id`, `user_id`, `created_at`, `updated_at`, `disqualification_code_type_id`, `goggle_cup_points`, `reaction_time`, `team_points`, `team_affiliation_id`)
  VALUES (137947, 1, 1, 0, 0, 0.0, 0.0, 1, 9, 35, 11757, 11336, 518, 15085, 1, '2015-02-18 17:02:22', '2015-02-18 17:02:22', NULL, 0.0, 0.0, 0.0, 738);

INSERT INTO `meeting_individual_results` (`id`, `rank`, `is_play_off`, `is_out_of_race`, `is_disqualified`, `standard_points`, `meeting_individual_points`, `minutes`, `seconds`, `hundreds`, `meeting_program_id`, `swimmer_id`, `team_id`, `badge_id`, `user_id`, `created_at`, `updated_at`, `disqualification_code_type_id`, `goggle_cup_points`, `reaction_time`, `team_points`, `team_affiliation_id`)
  VALUES (137948, 2, 1, 0, 0, 0.0, 0.0, 1, 12, 55, 11757, 11324, 518, 15086, 1, '2015-02-18 17:02:22', '2015-02-18 17:02:22', NULL, 0.0, 0.0, 0.0, 738);

INSERT INTO `meeting_individual_results` (`id`, `rank`, `is_play_off`, `is_out_of_race`, `is_disqualified`, `standard_points`, `meeting_individual_points`, `minutes`, `seconds`, `hundreds`, `meeting_program_id`, `swimmer_id`, `team_id`, `badge_id`, `user_id`, `created_at`, `updated_at`, `disqualification_code_type_id`, `goggle_cup_points`, `reaction_time`, `team_points`, `team_affiliation_id`)
  VALUES (137949, 1, 1, 0, 0, 778.47, 778.47, 1, 17, 55, 11758, 11350, 456, 15087, 1, '2015-02-18 17:02:22', '2015-02-18 17:02:22', NULL, 0.0, 0.0, 0.0, 676);

INSERT INTO `meeting_individual_results` (`id`, `rank`, `is_play_off`, `is_out_of_race`, `is_disqualified`, `standard_points`, `meeting_individual_points`, `minutes`, `seconds`, `hundreds`, `meeting_program_id`, `swimmer_id`, `team_id`, `badge_id`, `user_id`, `created_at`, `updated_at`, `disqualification_code_type_id`, `goggle_cup_points`, `reaction_time`, `team_points`, `team_affiliation_id`)
  VALUES (137950, 1, 1, 0, 0, 878.83, 878.83, 0, 56, 78, 11759, 11346, 557, 15088, 1, '2015-02-18 17:02:23', '2015-02-18 17:02:23', NULL, 0.0, 0.0, 0.0, 777);

INSERT INTO `meeting_individual_results` (`id`, `rank`, `is_play_off`, `is_out_of_race`, `is_disqualified`, `standard_points`, `meeting_individual_points`, `minutes`, `seconds`, `hundreds`, `meeting_program_id`, `swimmer_id`, `team_id`, `badge_id`, `user_id`, `created_at`, `updated_at`, `disqualification_code_type_id`, `goggle_cup_points`, `reaction_time`, `team_points`, `team_affiliation_id`)
  VALUES (137951, 2, 1, 0, 0, 863.32, 863.32, 0, 57, 80, 11759, 11321, 557, 15089, 1, '2015-02-18 17:02:23', '2015-02-18 17:02:23', NULL, 0.0, 0.0, 0.0, 777);

INSERT INTO `meeting_individual_results` (`id`, `rank`, `is_play_off`, `is_out_of_race`, `is_disqualified`, `standard_points`, `meeting_individual_points`, `minutes`, `seconds`, `hundreds`, `meeting_program_id`, `swimmer_id`, `team_id`, `badge_id`, `user_id`, `created_at`, `updated_at`, `disqualification_code_type_id`, `goggle_cup_points`, `reaction_time`, `team_points`, `team_affiliation_id`)
  VALUES (137952, 3, 1, 0, 0, 859.01, 859.01, 0, 58, 9, 11759, 11337, 518, 15090, 1, '2015-02-18 17:02:23', '2015-02-18 17:02:23', NULL, 0.0, 0.0, 0.0, 738);

INSERT INTO `meeting_individual_results` (`id`, `rank`, `is_play_off`, `is_out_of_race`, `is_disqualified`, `standard_points`, `meeting_individual_points`, `minutes`, `seconds`, `hundreds`, `meeting_program_id`, `swimmer_id`, `team_id`, `badge_id`, `user_id`, `created_at`, `updated_at`, `disqualification_code_type_id`, `goggle_cup_points`, `reaction_time`, `team_points`, `team_affiliation_id`)
  VALUES (137953, 4, 1, 0, 0, 855.48, 855.48, 0, 58, 33, 11759, 1238, 42, 7419, 1, '2015-02-18 17:02:23', '2015-02-18 17:02:23', NULL, 0.0, 0.0, 0.0, 235);

INSERT INTO `meeting_individual_results` (`id`, `rank`, `is_play_off`, `is_out_of_race`, `is_disqualified`, `standard_points`, `meeting_individual_points`, `minutes`, `seconds`, `hundreds`, `meeting_program_id`, `swimmer_id`, `team_id`, `badge_id`, `user_id`, `created_at`, `updated_at`, `disqualification_code_type_id`, `goggle_cup_points`, `reaction_time`, `team_points`, `team_affiliation_id`)
  VALUES (137954, 5, 1, 0, 0, 804.06, 804.06, 1, 2, 6, 11759, 8688, 364, 12326, 1, '2015-02-18 17:02:23', '2015-02-18 17:02:23', NULL, 0.0, 0.0, 0.0, 583);

INSERT INTO `meeting_individual_results` (`id`, `rank`, `is_play_off`, `is_out_of_race`, `is_disqualified`, `standard_points`, `meeting_individual_points`, `minutes`, `seconds`, `hundreds`, `meeting_program_id`, `swimmer_id`, `team_id`, `badge_id`, `user_id`, `created_at`, `updated_at`, `disqualification_code_type_id`, `goggle_cup_points`, `reaction_time`, `team_points`, `team_affiliation_id`)
  VALUES (137955, 1, 1, 0, 0, 810.57, 810.57, 1, 1, 87, 11760, 530, 224, 8500, 1, '2015-02-18 17:02:23', '2015-02-18 17:02:23', NULL, 0.0, 0.0, 0.0, 419);

INSERT INTO `meeting_individual_results` (`id`, `rank`, `is_play_off`, `is_out_of_race`, `is_disqualified`, `standard_points`, `meeting_individual_points`, `minutes`, `seconds`, `hundreds`, `meeting_program_id`, `swimmer_id`, `team_id`, `badge_id`, `user_id`, `created_at`, `updated_at`, `disqualification_code_type_id`, `goggle_cup_points`, `reaction_time`, `team_points`, `team_affiliation_id`)
  VALUES (137956, 2, 1, 0, 0, 692.39, 692.39, 1, 12, 43, 11760, 7752, 163, 11597, 1, '2015-02-18 17:02:23', '2015-02-18 17:02:23', NULL, 0.0, 0.0, 0.0, 358);

INSERT INTO `meeting_individual_results` (`id`, `rank`, `is_play_off`, `is_out_of_race`, `is_disqualified`, `standard_points`, `meeting_individual_points`, `minutes`, `seconds`, `hundreds`, `meeting_program_id`, `swimmer_id`, `team_id`, `badge_id`, `user_id`, `created_at`, `updated_at`, `disqualification_code_type_id`, `goggle_cup_points`, `reaction_time`, `team_points`, `team_affiliation_id`)
  VALUES (137957, 1, 1, 0, 0, 911.07, 911.07, 0, 56, 0, 11761, 11353, 449, 15091, 1, '2015-02-18 17:02:23', '2015-02-18 17:02:23', NULL, 0.0, 0.0, 0.0, 669);

INSERT INTO `meeting_individual_results` (`id`, `rank`, `is_play_off`, `is_out_of_race`, `is_disqualified`, `standard_points`, `meeting_individual_points`, `minutes`, `seconds`, `hundreds`, `meeting_program_id`, `swimmer_id`, `team_id`, `badge_id`, `user_id`, `created_at`, `updated_at`, `disqualification_code_type_id`, `goggle_cup_points`, `reaction_time`, `team_points`, `team_affiliation_id`)
  VALUES (137958, 2, 1, 0, 0, 881.94, 881.94, 0, 57, 85, 11761, 3197, 44, 6417, 1, '2015-02-18 17:02:23', '2015-02-18 17:02:23', NULL, 0.0, 0.0, 0.0, 237);

INSERT INTO `meeting_individual_results` (`id`, `rank`, `is_play_off`, `is_out_of_race`, `is_disqualified`, `standard_points`, `meeting_individual_points`, `minutes`, `seconds`, `hundreds`, `meeting_program_id`, `swimmer_id`, `team_id`, `badge_id`, `user_id`, `created_at`, `updated_at`, `disqualification_code_type_id`, `goggle_cup_points`, `reaction_time`, `team_points`, `team_affiliation_id`)
  VALUES (137959, 3, 1, 0, 0, 796.19, 796.19, 1, 4, 8, 11761, 724, 42, 7345, 1, '2015-02-18 17:02:23', '2015-02-18 17:02:23', NULL, 0.0, 0.0, 0.0, 235);

INSERT INTO `meeting_individual_results` (`id`, `rank`, `is_play_off`, `is_out_of_race`, `is_disqualified`, `standard_points`, `meeting_individual_points`, `minutes`, `seconds`, `hundreds`, `meeting_program_id`, `swimmer_id`, `team_id`, `badge_id`, `user_id`, `created_at`, `updated_at`, `disqualification_code_type_id`, `goggle_cup_points`, `reaction_time`, `team_points`, `team_affiliation_id`)
  VALUES (137960, 4, 1, 0, 0, 769.18, 769.18, 1, 6, 33, 11761, 2460, 99, 5660, 1, '2015-02-18 17:02:23', '2015-02-18 17:02:23', NULL, 0.0, 0.0, 0.0, 292);

INSERT INTO `meeting_individual_results` (`id`, `rank`, `is_play_off`, `is_out_of_race`, `is_disqualified`, `standard_points`, `meeting_individual_points`, `minutes`, `seconds`, `hundreds`, `meeting_program_id`, `swimmer_id`, `team_id`, `badge_id`, `user_id`, `created_at`, `updated_at`, `disqualification_code_type_id`, `goggle_cup_points`, `reaction_time`, `team_points`, `team_affiliation_id`)
  VALUES (137961, 5, 1, 0, 0, 753.51, 753.51, 1, 7, 71, 11761, 2730, 99, 5936, 1, '2015-02-18 17:02:24', '2015-02-18 17:02:24', NULL, 0.0, 0.0, 0.0, 292);

INSERT INTO `meeting_individual_results` (`id`, `rank`, `is_play_off`, `is_out_of_race`, `is_disqualified`, `standard_points`, `meeting_individual_points`, `minutes`, `seconds`, `hundreds`, `meeting_program_id`, `swimmer_id`, `team_id`, `badge_id`, `user_id`, `created_at`, `updated_at`, `disqualification_code_type_id`, `goggle_cup_points`, `reaction_time`, `team_points`, `team_affiliation_id`)
  VALUES (137962, 6, 1, 0, 0, 722.97, 722.97, 1, 10, 57, 11761, 11318, 557, 15092, 1, '2015-02-18 17:02:24', '2015-02-18 17:02:24', NULL, 0.0, 0.0, 0.0, 777);

INSERT INTO `meeting_individual_results` (`id`, `rank`, `is_play_off`, `is_out_of_race`, `is_disqualified`, `standard_points`, `meeting_individual_points`, `minutes`, `seconds`, `hundreds`, `meeting_program_id`, `swimmer_id`, `team_id`, `badge_id`, `user_id`, `created_at`, `updated_at`, `disqualification_code_type_id`, `goggle_cup_points`, `reaction_time`, `team_points`, `team_affiliation_id`)
  VALUES (137963, 7, 1, 0, 0, 717.08, 717.08, 1, 11, 15, 11761, 11348, 557, 15059, 1, '2015-02-18 17:02:24', '2015-02-18 17:02:24', NULL, 0.0, 0.0, 0.0, 777);

INSERT INTO `meeting_individual_results` (`id`, `rank`, `is_play_off`, `is_out_of_race`, `is_disqualified`, `standard_points`, `meeting_individual_points`, `minutes`, `seconds`, `hundreds`, `meeting_program_id`, `swimmer_id`, `team_id`, `badge_id`, `user_id`, `created_at`, `updated_at`, `disqualification_code_type_id`, `goggle_cup_points`, `reaction_time`, `team_points`, `team_affiliation_id`)
  VALUES (137964, 8, 1, 0, 0, 703.34, 703.34, 1, 12, 54, 11761, 11357, 518, 15093, 1, '2015-02-18 17:02:24', '2015-02-18 17:02:24', NULL, 0.0, 0.0, 0.0, 738);

INSERT INTO `meeting_individual_results` (`id`, `rank`, `is_play_off`, `is_out_of_race`, `is_disqualified`, `standard_points`, `meeting_individual_points`, `minutes`, `seconds`, `hundreds`, `meeting_program_id`, `swimmer_id`, `team_id`, `badge_id`, `user_id`, `created_at`, `updated_at`, `disqualification_code_type_id`, `goggle_cup_points`, `reaction_time`, `team_points`, `team_affiliation_id`)
  VALUES (137965, 1, 1, 0, 0, 940.55, 940.55, 0, 55, 17, 11762, 1962, 54, 5145, 1, '2015-02-18 17:02:24', '2015-02-18 17:02:24', NULL, 0.0, 0.0, 0.0, 247);

INSERT INTO `meeting_individual_results` (`id`, `rank`, `is_play_off`, `is_out_of_race`, `is_disqualified`, `standard_points`, `meeting_individual_points`, `minutes`, `seconds`, `hundreds`, `meeting_program_id`, `swimmer_id`, `team_id`, `badge_id`, `user_id`, `created_at`, `updated_at`, `disqualification_code_type_id`, `goggle_cup_points`, `reaction_time`, `team_points`, `team_affiliation_id`)
  VALUES (137966, 2, 1, 0, 0, 824.31, 824.31, 1, 2, 95, 11762, 3205, 44, 6425, 1, '2015-02-18 17:02:24', '2015-02-18 17:02:24', NULL, 0.0, 0.0, 0.0, 237);

INSERT INTO `meeting_individual_results` (`id`, `rank`, `is_play_off`, `is_out_of_race`, `is_disqualified`, `standard_points`, `meeting_individual_points`, `minutes`, `seconds`, `hundreds`, `meeting_program_id`, `swimmer_id`, `team_id`, `badge_id`, `user_id`, `created_at`, `updated_at`, `disqualification_code_type_id`, `goggle_cup_points`, `reaction_time`, `team_points`, `team_affiliation_id`)
  VALUES (137967, 3, 1, 0, 0, 813.07, 813.07, 1, 3, 82, 11762, 11305, 456, 15094, 1, '2015-02-18 17:02:24', '2015-02-18 17:02:24', NULL, 0.0, 0.0, 0.0, 676);

INSERT INTO `meeting_individual_results` (`id`, `rank`, `is_play_off`, `is_out_of_race`, `is_disqualified`, `standard_points`, `meeting_individual_points`, `minutes`, `seconds`, `hundreds`, `meeting_program_id`, `swimmer_id`, `team_id`, `badge_id`, `user_id`, `created_at`, `updated_at`, `disqualification_code_type_id`, `goggle_cup_points`, `reaction_time`, `team_points`, `team_affiliation_id`)
  VALUES (137968, 1, 1, 0, 0, 789.43, 789.43, 1, 7, 34, 11763, 11356, 518, 15095, 1, '2015-02-18 17:02:24', '2015-02-18 17:02:24', NULL, 0.0, 0.0, 0.0, 738);

INSERT INTO `meeting_individual_results` (`id`, `rank`, `is_play_off`, `is_out_of_race`, `is_disqualified`, `standard_points`, `meeting_individual_points`, `minutes`, `seconds`, `hundreds`, `meeting_program_id`, `swimmer_id`, `team_id`, `badge_id`, `user_id`, `created_at`, `updated_at`, `disqualification_code_type_id`, `goggle_cup_points`, `reaction_time`, `team_points`, `team_affiliation_id`)
  VALUES (137969, 2, 1, 0, 0, 773.12, 773.12, 1, 8, 76, 11763, 2769, 163, 5975, 1, '2015-02-18 17:02:24', '2015-02-18 17:02:24', NULL, 0.0, 0.0, 0.0, 358);

INSERT INTO `meeting_individual_results` (`id`, `rank`, `is_play_off`, `is_out_of_race`, `is_disqualified`, `standard_points`, `meeting_individual_points`, `minutes`, `seconds`, `hundreds`, `meeting_program_id`, `swimmer_id`, `team_id`, `badge_id`, `user_id`, `created_at`, `updated_at`, `disqualification_code_type_id`, `goggle_cup_points`, `reaction_time`, `team_points`, `team_affiliation_id`)
  VALUES (137970, 3, 1, 0, 0, 699.29, 699.29, 1, 16, 2, 11763, 8459, 456, 12397, 1, '2015-02-18 17:02:24', '2015-02-18 17:02:24', NULL, 0.0, 0.0, 0.0, 676);

INSERT INTO `meeting_individual_results` (`id`, `rank`, `is_play_off`, `is_out_of_race`, `is_disqualified`, `standard_points`, `meeting_individual_points`, `minutes`, `seconds`, `hundreds`, `meeting_program_id`, `swimmer_id`, `team_id`, `badge_id`, `user_id`, `created_at`, `updated_at`, `disqualification_code_type_id`, `goggle_cup_points`, `reaction_time`, `team_points`, `team_affiliation_id`)
  VALUES (137971, 4, 1, 0, 0, 653.47, 653.47, 1, 21, 35, 11763, 11335, 102, 15096, 1, '2015-02-18 17:02:25', '2015-02-18 17:02:25', NULL, 0.0, 0.0, 0.0, 295);

INSERT INTO `meeting_individual_results` (`id`, `rank`, `is_play_off`, `is_out_of_race`, `is_disqualified`, `standard_points`, `meeting_individual_points`, `minutes`, `seconds`, `hundreds`, `meeting_program_id`, `swimmer_id`, `team_id`, `badge_id`, `user_id`, `created_at`, `updated_at`, `disqualification_code_type_id`, `goggle_cup_points`, `reaction_time`, `team_points`, `team_affiliation_id`)
  VALUES (137972, 5, 1, 0, 1, 0.0, 0.0, 0, 0, 0, 11763, 11317, 451, 15097, 1, '2015-02-18 17:02:25', '2015-02-18 17:02:25', 1, 0.0, 0.0, 0.0, 671);

INSERT INTO `meeting_individual_results` (`id`, `rank`, `is_play_off`, `is_out_of_race`, `is_disqualified`, `standard_points`, `meeting_individual_points`, `minutes`, `seconds`, `hundreds`, `meeting_program_id`, `swimmer_id`, `team_id`, `badge_id`, `user_id`, `created_at`, `updated_at`, `disqualification_code_type_id`, `goggle_cup_points`, `reaction_time`, `team_points`, `team_affiliation_id`)
  VALUES (137973, 1, 1, 0, 0, 842.11, 842.11, 1, 5, 11, 11764, 1652, 74, 9330, 1, '2015-02-18 17:02:25', '2015-02-18 17:02:25', NULL, 0.0, 0.0, 0.0, 267);

INSERT INTO `meeting_individual_results` (`id`, `rank`, `is_play_off`, `is_out_of_race`, `is_disqualified`, `standard_points`, `meeting_individual_points`, `minutes`, `seconds`, `hundreds`, `meeting_program_id`, `swimmer_id`, `team_id`, `badge_id`, `user_id`, `created_at`, `updated_at`, `disqualification_code_type_id`, `goggle_cup_points`, `reaction_time`, `team_points`, `team_affiliation_id`)
  VALUES (137974, 2, 1, 0, 0, 759.42, 759.42, 1, 12, 20, 11764, 11314, 470, 15098, 1, '2015-02-18 17:02:25', '2015-02-18 17:02:25', NULL, 0.0, 0.0, 0.0, 690);

INSERT INTO `meeting_individual_results` (`id`, `rank`, `is_play_off`, `is_out_of_race`, `is_disqualified`, `standard_points`, `meeting_individual_points`, `minutes`, `seconds`, `hundreds`, `meeting_program_id`, `swimmer_id`, `team_id`, `badge_id`, `user_id`, `created_at`, `updated_at`, `disqualification_code_type_id`, `goggle_cup_points`, `reaction_time`, `team_points`, `team_affiliation_id`)
  VALUES (137975, 3, 1, 0, 0, 737.36, 737.36, 1, 14, 36, 11764, 2804, 99, 6011, 1, '2015-02-18 17:02:25', '2015-02-18 17:02:25', NULL, 0.0, 0.0, 0.0, 292);

INSERT INTO `meeting_individual_results` (`id`, `rank`, `is_play_off`, `is_out_of_race`, `is_disqualified`, `standard_points`, `meeting_individual_points`, `minutes`, `seconds`, `hundreds`, `meeting_program_id`, `swimmer_id`, `team_id`, `badge_id`, `user_id`, `created_at`, `updated_at`, `disqualification_code_type_id`, `goggle_cup_points`, `reaction_time`, `team_points`, `team_affiliation_id`)
  VALUES (137976, 4, 1, 0, 0, 625.06, 625.06, 1, 27, 72, 11764, 11320, 518, 15099, 1, '2015-02-18 17:02:25', '2015-02-18 17:02:25', NULL, 0.0, 0.0, 0.0, 738);

INSERT INTO `meeting_individual_results` (`id`, `rank`, `is_play_off`, `is_out_of_race`, `is_disqualified`, `standard_points`, `meeting_individual_points`, `minutes`, `seconds`, `hundreds`, `meeting_program_id`, `swimmer_id`, `team_id`, `badge_id`, `user_id`, `created_at`, `updated_at`, `disqualification_code_type_id`, `goggle_cup_points`, `reaction_time`, `team_points`, `team_affiliation_id`)
  VALUES (137977, 1, 1, 0, 0, 853.67, 853.67, 1, 6, 56, 11765, 9451, 498, 13242, 1, '2015-02-18 17:02:25', '2015-02-18 17:02:25', NULL, 0.0, 0.0, 0.0, 718);

INSERT INTO `meeting_individual_results` (`id`, `rank`, `is_play_off`, `is_out_of_race`, `is_disqualified`, `standard_points`, `meeting_individual_points`, `minutes`, `seconds`, `hundreds`, `meeting_program_id`, `swimmer_id`, `team_id`, `badge_id`, `user_id`, `created_at`, `updated_at`, `disqualification_code_type_id`, `goggle_cup_points`, `reaction_time`, `team_points`, `team_affiliation_id`)
  VALUES (137978, 1, 1, 0, 0, 739.37, 739.37, 1, 22, 99, 11766, 11313, 467, 15100, 1, '2015-02-18 17:02:25', '2015-02-18 17:02:25', NULL, 0.0, 0.0, 0.0, 687);

INSERT INTO `meeting_individual_results` (`id`, `rank`, `is_play_off`, `is_out_of_race`, `is_disqualified`, `standard_points`, `meeting_individual_points`, `minutes`, `seconds`, `hundreds`, `meeting_program_id`, `swimmer_id`, `team_id`, `badge_id`, `user_id`, `created_at`, `updated_at`, `disqualification_code_type_id`, `goggle_cup_points`, `reaction_time`, `team_points`, `team_affiliation_id`)
  VALUES (137979, 1, 1, 0, 0, 615.23, 615.23, 2, 6, 57, 11767, 8427, 450, 12448, 1, '2015-02-18 17:02:25', '2015-02-18 17:02:25', NULL, 0.0, 0.0, 0.0, 670);

INSERT INTO `meeting_individual_results` (`id`, `rank`, `is_play_off`, `is_out_of_race`, `is_disqualified`, `standard_points`, `meeting_individual_points`, `minutes`, `seconds`, `hundreds`, `meeting_program_id`, `swimmer_id`, `team_id`, `badge_id`, `user_id`, `created_at`, `updated_at`, `disqualification_code_type_id`, `goggle_cup_points`, `reaction_time`, `team_points`, `team_affiliation_id`)
  VALUES (137980, 1, 1, 0, 0, 0.0, 0.0, 0, 56, 75, 11768, 11324, 518, 15086, 1, '2015-02-18 17:02:25', '2015-02-18 17:02:25', NULL, 0.0, 0.0, 0.0, 738);

INSERT INTO `meeting_individual_results` (`id`, `rank`, `is_play_off`, `is_out_of_race`, `is_disqualified`, `standard_points`, `meeting_individual_points`, `minutes`, `seconds`, `hundreds`, `meeting_program_id`, `swimmer_id`, `team_id`, `badge_id`, `user_id`, `created_at`, `updated_at`, `disqualification_code_type_id`, `goggle_cup_points`, `reaction_time`, `team_points`, `team_affiliation_id`)
  VALUES (137981, 2, 1, 0, 0, 0.0, 0.0, 1, 1, 69, 11768, 1196, 42, 5218, 1, '2015-02-18 17:02:26', '2015-02-18 17:02:26', NULL, 0.0, 0.0, 0.0, 235);

INSERT INTO `meeting_individual_results` (`id`, `rank`, `is_play_off`, `is_out_of_race`, `is_disqualified`, `standard_points`, `meeting_individual_points`, `minutes`, `seconds`, `hundreds`, `meeting_program_id`, `swimmer_id`, `team_id`, `badge_id`, `user_id`, `created_at`, `updated_at`, `disqualification_code_type_id`, `goggle_cup_points`, `reaction_time`, `team_points`, `team_affiliation_id`)
  VALUES (137982, 3, 1, 0, 0, 0.0, 0.0, 1, 2, 33, 11768, 11322, 557, 15061, 1, '2015-02-18 17:02:26', '2015-02-18 17:02:26', NULL, 0.0, 0.0, 0.0, 777);

INSERT INTO `meeting_individual_results` (`id`, `rank`, `is_play_off`, `is_out_of_race`, `is_disqualified`, `standard_points`, `meeting_individual_points`, `minutes`, `seconds`, `hundreds`, `meeting_program_id`, `swimmer_id`, `team_id`, `badge_id`, `user_id`, `created_at`, `updated_at`, `disqualification_code_type_id`, `goggle_cup_points`, `reaction_time`, `team_points`, `team_affiliation_id`)
  VALUES (137983, 1, 1, 0, 0, 925.82, 925.82, 2, 32, 88, 11769, 8594, 364, 12212, 1, '2015-02-18 17:02:26', '2015-02-18 17:02:26', NULL, 0.0, 0.0, 0.0, 583);

INSERT INTO `meeting_individual_results` (`id`, `rank`, `is_play_off`, `is_out_of_race`, `is_disqualified`, `standard_points`, `meeting_individual_points`, `minutes`, `seconds`, `hundreds`, `meeting_program_id`, `swimmer_id`, `team_id`, `badge_id`, `user_id`, `created_at`, `updated_at`, `disqualification_code_type_id`, `goggle_cup_points`, `reaction_time`, `team_points`, `team_affiliation_id`)
  VALUES (137984, 1, 1, 0, 0, 807.82, 807.82, 3, 6, 34, 11770, 8435, 469, 12315, 1, '2015-02-18 17:02:26', '2015-02-18 17:02:26', NULL, 0.0, 0.0, 0.0, 689);

INSERT INTO `meeting_individual_results` (`id`, `rank`, `is_play_off`, `is_out_of_race`, `is_disqualified`, `standard_points`, `meeting_individual_points`, `minutes`, `seconds`, `hundreds`, `meeting_program_id`, `swimmer_id`, `team_id`, `badge_id`, `user_id`, `created_at`, `updated_at`, `disqualification_code_type_id`, `goggle_cup_points`, `reaction_time`, `team_points`, `team_affiliation_id`)
  VALUES (137985, 1, 1, 0, 0, 739.83, 739.83, 3, 47, 20, 11771, 1910, 68, 5091, 1, '2015-02-18 17:02:26', '2015-02-18 17:02:26', NULL, 0.0, 0.0, 0.0, 261);

INSERT INTO `meeting_individual_results` (`id`, `rank`, `is_play_off`, `is_out_of_race`, `is_disqualified`, `standard_points`, `meeting_individual_points`, `minutes`, `seconds`, `hundreds`, `meeting_program_id`, `swimmer_id`, `team_id`, `badge_id`, `user_id`, `created_at`, `updated_at`, `disqualification_code_type_id`, `goggle_cup_points`, `reaction_time`, `team_points`, `team_affiliation_id`)
  VALUES (137986, 1, 1, 0, 0, 816.35, 816.35, 2, 31, 43, 11772, 11351, 449, 15062, 1, '2015-02-18 17:02:26', '2015-02-18 17:02:26', NULL, 0.0, 0.0, 0.0, 669);

INSERT INTO `meeting_individual_results` (`id`, `rank`, `is_play_off`, `is_out_of_race`, `is_disqualified`, `standard_points`, `meeting_individual_points`, `minutes`, `seconds`, `hundreds`, `meeting_program_id`, `swimmer_id`, `team_id`, `badge_id`, `user_id`, `created_at`, `updated_at`, `disqualification_code_type_id`, `goggle_cup_points`, `reaction_time`, `team_points`, `team_affiliation_id`)
  VALUES (137987, 2, 1, 0, 0, 769.55, 769.55, 2, 40, 64, 11772, 638, 42, 5125, 1, '2015-02-18 17:02:26', '2015-02-18 17:02:26', NULL, 0.0, 0.0, 0.0, 235);

INSERT INTO `meeting_individual_results` (`id`, `rank`, `is_play_off`, `is_out_of_race`, `is_disqualified`, `standard_points`, `meeting_individual_points`, `minutes`, `seconds`, `hundreds`, `meeting_program_id`, `swimmer_id`, `team_id`, `badge_id`, `user_id`, `created_at`, `updated_at`, `disqualification_code_type_id`, `goggle_cup_points`, `reaction_time`, `team_points`, `team_affiliation_id`)
  VALUES (137988, 1, 1, 0, 0, 846.9, 846.9, 2, 29, 71, 11773, 11353, 449, 15091, 1, '2015-02-18 17:02:26', '2015-02-18 17:02:26', NULL, 0.0, 0.0, 0.0, 669);

INSERT INTO `meeting_individual_results` (`id`, `rank`, `is_play_off`, `is_out_of_race`, `is_disqualified`, `standard_points`, `meeting_individual_points`, `minutes`, `seconds`, `hundreds`, `meeting_program_id`, `swimmer_id`, `team_id`, `badge_id`, `user_id`, `created_at`, `updated_at`, `disqualification_code_type_id`, `goggle_cup_points`, `reaction_time`, `team_points`, `team_affiliation_id`)
  VALUES (137989, 2, 1, 0, 0, 681.7, 681.7, 3, 5, 99, 11773, 2727, 163, 5933, 1, '2015-02-18 17:02:26', '2015-02-18 17:02:26', NULL, 0.0, 0.0, 0.0, 358);

INSERT INTO `meeting_individual_results` (`id`, `rank`, `is_play_off`, `is_out_of_race`, `is_disqualified`, `standard_points`, `meeting_individual_points`, `minutes`, `seconds`, `hundreds`, `meeting_program_id`, `swimmer_id`, `team_id`, `badge_id`, `user_id`, `created_at`, `updated_at`, `disqualification_code_type_id`, `goggle_cup_points`, `reaction_time`, `team_points`, `team_affiliation_id`)
  VALUES (137990, 1, 1, 0, 0, 867.33, 867.33, 2, 28, 71, 11774, 4862, 2, 8990, 1, '2015-02-18 17:02:26', '2015-02-18 17:02:26', NULL, 0.0, 0.0, 0.0, 445);

INSERT INTO `meeting_individual_results` (`id`, `rank`, `is_play_off`, `is_out_of_race`, `is_disqualified`, `standard_points`, `meeting_individual_points`, `minutes`, `seconds`, `hundreds`, `meeting_program_id`, `swimmer_id`, `team_id`, `badge_id`, `user_id`, `created_at`, `updated_at`, `disqualification_code_type_id`, `goggle_cup_points`, `reaction_time`, `team_points`, `team_affiliation_id`)
  VALUES (137991, 2, 1, 0, 0, 763.6, 763.6, 2, 48, 91, 11774, 7769, 163, 11529, 1, '2015-02-18 17:02:27', '2015-02-18 17:02:27', NULL, 0.0, 0.0, 0.0, 358);

INSERT INTO `meeting_individual_results` (`id`, `rank`, `is_play_off`, `is_out_of_race`, `is_disqualified`, `standard_points`, `meeting_individual_points`, `minutes`, `seconds`, `hundreds`, `meeting_program_id`, `swimmer_id`, `team_id`, `badge_id`, `user_id`, `created_at`, `updated_at`, `disqualification_code_type_id`, `goggle_cup_points`, `reaction_time`, `team_points`, `team_affiliation_id`)
  VALUES (137992, 3, 1, 0, 0, 758.75, 758.75, 2, 49, 99, 11774, 6903, 373, 10631, 1, '2015-02-18 17:02:27', '2015-02-18 17:02:27', NULL, 0.0, 0.0, 0.0, 593);

INSERT INTO `meeting_individual_results` (`id`, `rank`, `is_play_off`, `is_out_of_race`, `is_disqualified`, `standard_points`, `meeting_individual_points`, `minutes`, `seconds`, `hundreds`, `meeting_program_id`, `swimmer_id`, `team_id`, `badge_id`, `user_id`, `created_at`, `updated_at`, `disqualification_code_type_id`, `goggle_cup_points`, `reaction_time`, `team_points`, `team_affiliation_id`)
  VALUES (137993, 1, 1, 0, 0, 718.63, 718.63, 3, 11, 92, 11775, 8661, 456, 12200, 1, '2015-02-18 17:02:27', '2015-02-18 17:02:27', NULL, 0.0, 0.0, 0.0, 676);

INSERT INTO `meeting_individual_results` (`id`, `rank`, `is_play_off`, `is_out_of_race`, `is_disqualified`, `standard_points`, `meeting_individual_points`, `minutes`, `seconds`, `hundreds`, `meeting_program_id`, `swimmer_id`, `team_id`, `badge_id`, `user_id`, `created_at`, `updated_at`, `disqualification_code_type_id`, `goggle_cup_points`, `reaction_time`, `team_points`, `team_affiliation_id`)
  VALUES (137994, 2, 1, 0, 0, 711.7, 711.7, 3, 13, 79, 11775, 11314, 470, 15098, 1, '2015-02-18 17:02:27', '2015-02-18 17:02:27', NULL, 0.0, 0.0, 0.0, 690);

INSERT INTO `meeting_individual_results` (`id`, `rank`, `is_play_off`, `is_out_of_race`, `is_disqualified`, `standard_points`, `meeting_individual_points`, `minutes`, `seconds`, `hundreds`, `meeting_program_id`, `swimmer_id`, `team_id`, `badge_id`, `user_id`, `created_at`, `updated_at`, `disqualification_code_type_id`, `goggle_cup_points`, `reaction_time`, `team_points`, `team_affiliation_id`)
  VALUES (137995, 1, 1, 0, 0, 673.09, 673.09, 3, 43, 76, 11776, 3832, 85, 7062, 1, '2015-02-18 17:02:27', '2015-02-18 17:02:27', NULL, 0.0, 0.0, 0.0, 278);

INSERT INTO `meeting_individual_results` (`id`, `rank`, `is_play_off`, `is_out_of_race`, `is_disqualified`, `standard_points`, `meeting_individual_points`, `minutes`, `seconds`, `hundreds`, `meeting_program_id`, `swimmer_id`, `team_id`, `badge_id`, `user_id`, `created_at`, `updated_at`, `disqualification_code_type_id`, `goggle_cup_points`, `reaction_time`, `team_points`, `team_affiliation_id`)
  VALUES (137996, 1, 1, 0, 0, 785.01, 785.01, 3, 42, 38, 11777, 5751, 74, 9508, 1, '2015-02-18 17:02:27', '2015-02-18 17:02:27', NULL, 0.0, 0.0, 0.0, 267);

INSERT INTO `meeting_individual_results` (`id`, `rank`, `is_play_off`, `is_out_of_race`, `is_disqualified`, `standard_points`, `meeting_individual_points`, `minutes`, `seconds`, `hundreds`, `meeting_program_id`, `swimmer_id`, `team_id`, `badge_id`, `user_id`, `created_at`, `updated_at`, `disqualification_code_type_id`, `goggle_cup_points`, `reaction_time`, `team_points`, `team_affiliation_id`)
  VALUES (137997, 1, 1, 0, 0, 0.0, 0.0, 2, 20, 54, 11778, 11336, 518, 15085, 1, '2015-02-18 17:02:27', '2015-02-18 17:02:27', NULL, 0.0, 0.0, 0.0, 738);

INSERT INTO `meeting_individual_results` (`id`, `rank`, `is_play_off`, `is_out_of_race`, `is_disqualified`, `standard_points`, `meeting_individual_points`, `minutes`, `seconds`, `hundreds`, `meeting_program_id`, `swimmer_id`, `team_id`, `badge_id`, `user_id`, `created_at`, `updated_at`, `disqualification_code_type_id`, `goggle_cup_points`, `reaction_time`, `team_points`, `team_affiliation_id`)
  VALUES (137998, 2, 1, 0, 0, 0.0, 0.0, 2, 20, 67, 11778, 11323, 518, 15075, 1, '2015-02-18 17:02:27', '2015-02-18 17:02:27', NULL, 0.0, 0.0, 0.0, 738);

INSERT INTO `meeting_individual_results` (`id`, `rank`, `is_play_off`, `is_out_of_race`, `is_disqualified`, `standard_points`, `meeting_individual_points`, `minutes`, `seconds`, `hundreds`, `meeting_program_id`, `swimmer_id`, `team_id`, `badge_id`, `user_id`, `created_at`, `updated_at`, `disqualification_code_type_id`, `goggle_cup_points`, `reaction_time`, `team_points`, `team_affiliation_id`)
  VALUES (137999, 3, 1, 0, 0, 0.0, 0.0, 2, 44, 31, 11778, 1196, 42, 5218, 1, '2015-02-18 17:02:27', '2015-02-18 17:02:27', NULL, 0.0, 0.0, 0.0, 235);

INSERT INTO `meeting_individual_results` (`id`, `rank`, `is_play_off`, `is_out_of_race`, `is_disqualified`, `standard_points`, `meeting_individual_points`, `minutes`, `seconds`, `hundreds`, `meeting_program_id`, `swimmer_id`, `team_id`, `badge_id`, `user_id`, `created_at`, `updated_at`, `disqualification_code_type_id`, `goggle_cup_points`, `reaction_time`, `team_points`, `team_affiliation_id`)
  VALUES (138000, 1, 1, 0, 0, 844.19, 844.19, 0, 35, 17, 11779, 8665, 364, 12297, 1, '2015-02-18 17:02:27', '2015-02-18 17:02:27', NULL, 0.0, 0.0, 0.0, 583);

INSERT INTO `meeting_individual_results` (`id`, `rank`, `is_play_off`, `is_out_of_race`, `is_disqualified`, `standard_points`, `meeting_individual_points`, `minutes`, `seconds`, `hundreds`, `meeting_program_id`, `swimmer_id`, `team_id`, `badge_id`, `user_id`, `created_at`, `updated_at`, `disqualification_code_type_id`, `goggle_cup_points`, `reaction_time`, `team_points`, `team_affiliation_id`)
  VALUES (138001, 1, 1, 0, 0, 680.35, 680.35, 0, 43, 36, 11780, 3154, 177, 6373, 1, '2015-02-18 17:02:28', '2015-02-18 17:02:28', NULL, 0.0, 0.0, 0.0, 372);

INSERT INTO `meeting_individual_results` (`id`, `rank`, `is_play_off`, `is_out_of_race`, `is_disqualified`, `standard_points`, `meeting_individual_points`, `minutes`, `seconds`, `hundreds`, `meeting_program_id`, `swimmer_id`, `team_id`, `badge_id`, `user_id`, `created_at`, `updated_at`, `disqualification_code_type_id`, `goggle_cup_points`, `reaction_time`, `team_points`, `team_affiliation_id`)
  VALUES (138002, 1, 1, 0, 0, 763.45, 763.45, 0, 40, 33, 11781, 8500, 462, 12224, 1, '2015-02-18 17:02:28', '2015-02-18 17:02:28', NULL, 0.0, 0.0, 0.0, 682);

INSERT INTO `meeting_individual_results` (`id`, `rank`, `is_play_off`, `is_out_of_race`, `is_disqualified`, `standard_points`, `meeting_individual_points`, `minutes`, `seconds`, `hundreds`, `meeting_program_id`, `swimmer_id`, `team_id`, `badge_id`, `user_id`, `created_at`, `updated_at`, `disqualification_code_type_id`, `goggle_cup_points`, `reaction_time`, `team_points`, `team_affiliation_id`)
  VALUES (138003, 2, 1, 0, 0, 591.09, 591.09, 0, 52, 9, 11781, 11352, 451, 15101, 1, '2015-02-18 17:02:28', '2015-02-18 17:02:28', NULL, 0.0, 0.0, 0.0, 671);

INSERT INTO `meeting_individual_results` (`id`, `rank`, `is_play_off`, `is_out_of_race`, `is_disqualified`, `standard_points`, `meeting_individual_points`, `minutes`, `seconds`, `hundreds`, `meeting_program_id`, `swimmer_id`, `team_id`, `badge_id`, `user_id`, `created_at`, `updated_at`, `disqualification_code_type_id`, `goggle_cup_points`, `reaction_time`, `team_points`, `team_affiliation_id`)
  VALUES (138004, 3, 1, 0, 1, 0.0, 0.0, 0, 0, 0, 11781, 11347, 456, 15067, 1, '2015-02-18 17:02:28', '2015-02-18 17:02:28', 11, 0.0, 0.0, 0.0, 676);

INSERT INTO `meeting_individual_results` (`id`, `rank`, `is_play_off`, `is_out_of_race`, `is_disqualified`, `standard_points`, `meeting_individual_points`, `minutes`, `seconds`, `hundreds`, `meeting_program_id`, `swimmer_id`, `team_id`, `badge_id`, `user_id`, `created_at`, `updated_at`, `disqualification_code_type_id`, `goggle_cup_points`, `reaction_time`, `team_points`, `team_affiliation_id`)
  VALUES (138005, 3, 1, 0, 1, 0.0, 0.0, 0, 0, 0, 11781, 8587, 456, 12399, 1, '2015-02-18 17:02:28', '2015-02-18 17:02:28', 11, 0.0, 0.0, 0.0, 676);

INSERT INTO `meeting_individual_results` (`id`, `rank`, `is_play_off`, `is_out_of_race`, `is_disqualified`, `standard_points`, `meeting_individual_points`, `minutes`, `seconds`, `hundreds`, `meeting_program_id`, `swimmer_id`, `team_id`, `badge_id`, `user_id`, `created_at`, `updated_at`, `disqualification_code_type_id`, `goggle_cup_points`, `reaction_time`, `team_points`, `team_affiliation_id`)
  VALUES (138006, 1, 1, 0, 0, 748.57, 748.57, 0, 43, 83, 11782, 11355, 451, 15102, 1, '2015-02-18 17:02:28', '2015-02-18 17:02:28', NULL, 0.0, 0.0, 0.0, 671);

INSERT INTO `meeting_individual_results` (`id`, `rank`, `is_play_off`, `is_out_of_race`, `is_disqualified`, `standard_points`, `meeting_individual_points`, `minutes`, `seconds`, `hundreds`, `meeting_program_id`, `swimmer_id`, `team_id`, `badge_id`, `user_id`, `created_at`, `updated_at`, `disqualification_code_type_id`, `goggle_cup_points`, `reaction_time`, `team_points`, `team_affiliation_id`)
  VALUES (138007, 1, 1, 0, 0, 867.17, 867.17, 0, 42, 1, 11783, 6730, 364, 10445, 1, '2015-02-18 17:02:28', '2015-02-18 17:02:28', NULL, 0.0, 0.0, 0.0, 583);

INSERT INTO `meeting_individual_results` (`id`, `rank`, `is_play_off`, `is_out_of_race`, `is_disqualified`, `standard_points`, `meeting_individual_points`, `minutes`, `seconds`, `hundreds`, `meeting_program_id`, `swimmer_id`, `team_id`, `badge_id`, `user_id`, `created_at`, `updated_at`, `disqualification_code_type_id`, `goggle_cup_points`, `reaction_time`, `team_points`, `team_affiliation_id`)
  VALUES (138008, 2, 1, 0, 0, 713.06, 713.06, 0, 51, 9, 11783, 11328, 467, 15103, 1, '2015-02-18 17:02:28', '2015-02-18 17:02:28', NULL, 0.0, 0.0, 0.0, 687);

INSERT INTO `meeting_individual_results` (`id`, `rank`, `is_play_off`, `is_out_of_race`, `is_disqualified`, `standard_points`, `meeting_individual_points`, `minutes`, `seconds`, `hundreds`, `meeting_program_id`, `swimmer_id`, `team_id`, `badge_id`, `user_id`, `created_at`, `updated_at`, `disqualification_code_type_id`, `goggle_cup_points`, `reaction_time`, `team_points`, `team_affiliation_id`)
  VALUES (138009, 1, 1, 0, 0, 724.85, 724.85, 0, 34, 89, 11784, 11306, 557, 15104, 1, '2015-02-18 17:02:28', '2015-02-18 17:02:28', NULL, 0.0, 0.0, 0.0, 777);

INSERT INTO `meeting_individual_results` (`id`, `rank`, `is_play_off`, `is_out_of_race`, `is_disqualified`, `standard_points`, `meeting_individual_points`, `minutes`, `seconds`, `hundreds`, `meeting_program_id`, `swimmer_id`, `team_id`, `badge_id`, `user_id`, `created_at`, `updated_at`, `disqualification_code_type_id`, `goggle_cup_points`, `reaction_time`, `team_points`, `team_affiliation_id`)
  VALUES (138010, 1, 1, 0, 0, 753.6, 753.6, 0, 34, 5, 11785, 6895, 169, 10678, 1, '2015-02-18 17:02:28', '2015-02-18 17:02:28', NULL, 0.0, 0.0, 0.0, 364);

INSERT INTO `meeting_individual_results` (`id`, `rank`, `is_play_off`, `is_out_of_race`, `is_disqualified`, `standard_points`, `meeting_individual_points`, `minutes`, `seconds`, `hundreds`, `meeting_program_id`, `swimmer_id`, `team_id`, `badge_id`, `user_id`, `created_at`, `updated_at`, `disqualification_code_type_id`, `goggle_cup_points`, `reaction_time`, `team_points`, `team_affiliation_id`)
  VALUES (138011, 2, 1, 0, 0, 675.09, 675.09, 0, 38, 1, 11785, 3636, 102, 6857, 1, '2015-02-18 17:02:29', '2015-02-18 17:02:29', NULL, 0.0, 0.0, 0.0, 295);

INSERT INTO `meeting_individual_results` (`id`, `rank`, `is_play_off`, `is_out_of_race`, `is_disqualified`, `standard_points`, `meeting_individual_points`, `minutes`, `seconds`, `hundreds`, `meeting_program_id`, `swimmer_id`, `team_id`, `badge_id`, `user_id`, `created_at`, `updated_at`, `disqualification_code_type_id`, `goggle_cup_points`, `reaction_time`, `team_points`, `team_affiliation_id`)
  VALUES (138012, 1, 1, 0, 0, 659.37, 659.37, 0, 40, 19, 11786, 7861, 164, 11629, 1, '2015-02-18 17:02:29', '2015-02-18 17:02:29', NULL, 0.0, 0.0, 0.0, 359);

INSERT INTO `meeting_individual_results` (`id`, `rank`, `is_play_off`, `is_out_of_race`, `is_disqualified`, `standard_points`, `meeting_individual_points`, `minutes`, `seconds`, `hundreds`, `meeting_program_id`, `swimmer_id`, `team_id`, `badge_id`, `user_id`, `created_at`, `updated_at`, `disqualification_code_type_id`, `goggle_cup_points`, `reaction_time`, `team_points`, `team_affiliation_id`)
  VALUES (138013, 1, 1, 0, 0, 813.28, 813.28, 0, 32, 99, 11787, 2733, 177, 5939, 1, '2015-02-18 17:02:29', '2015-02-18 17:02:29', NULL, 0.0, 0.0, 0.0, 372);

INSERT INTO `meeting_individual_results` (`id`, `rank`, `is_play_off`, `is_out_of_race`, `is_disqualified`, `standard_points`, `meeting_individual_points`, `minutes`, `seconds`, `hundreds`, `meeting_program_id`, `swimmer_id`, `team_id`, `badge_id`, `user_id`, `created_at`, `updated_at`, `disqualification_code_type_id`, `goggle_cup_points`, `reaction_time`, `team_points`, `team_affiliation_id`)
  VALUES (138014, 2, 1, 0, 0, 767.23, 767.23, 0, 34, 97, 11787, 11334, 456, 15060, 1, '2015-02-18 17:02:29', '2015-02-18 17:02:29', NULL, 0.0, 0.0, 0.0, 676);

INSERT INTO `meeting_individual_results` (`id`, `rank`, `is_play_off`, `is_out_of_race`, `is_disqualified`, `standard_points`, `meeting_individual_points`, `minutes`, `seconds`, `hundreds`, `meeting_program_id`, `swimmer_id`, `team_id`, `badge_id`, `user_id`, `created_at`, `updated_at`, `disqualification_code_type_id`, `goggle_cup_points`, `reaction_time`, `team_points`, `team_affiliation_id`)
  VALUES (138015, 1, 1, 0, 0, 673.68, 673.68, 0, 40, 85, 11788, 11344, 456, 15105, 1, '2015-02-18 17:02:29', '2015-02-18 17:02:29', NULL, 0.0, 0.0, 0.0, 676);

INSERT INTO `meeting_individual_results` (`id`, `rank`, `is_play_off`, `is_out_of_race`, `is_disqualified`, `standard_points`, `meeting_individual_points`, `minutes`, `seconds`, `hundreds`, `meeting_program_id`, `swimmer_id`, `team_id`, `badge_id`, `user_id`, `created_at`, `updated_at`, `disqualification_code_type_id`, `goggle_cup_points`, `reaction_time`, `team_points`, `team_affiliation_id`)
  VALUES (138016, 1, 1, 0, 0, 779.08, 779.08, 0, 36, 71, 11789, 8577, 450, 12199, 1, '2015-02-18 17:02:29', '2015-02-18 17:02:29', NULL, 0.0, 0.0, 0.0, 670);

INSERT INTO `meeting_individual_results` (`id`, `rank`, `is_play_off`, `is_out_of_race`, `is_disqualified`, `standard_points`, `meeting_individual_points`, `minutes`, `seconds`, `hundreds`, `meeting_program_id`, `swimmer_id`, `team_id`, `badge_id`, `user_id`, `created_at`, `updated_at`, `disqualification_code_type_id`, `goggle_cup_points`, `reaction_time`, `team_points`, `team_affiliation_id`)
  VALUES (138017, 2, 1, 0, 0, 728.66, 728.66, 0, 39, 25, 11789, 2004, 68, 5189, 1, '2015-02-18 17:02:29', '2015-02-18 17:02:29', NULL, 0.0, 0.0, 0.0, 261);

INSERT INTO `meeting_individual_results` (`id`, `rank`, `is_play_off`, `is_out_of_race`, `is_disqualified`, `standard_points`, `meeting_individual_points`, `minutes`, `seconds`, `hundreds`, `meeting_program_id`, `swimmer_id`, `team_id`, `badge_id`, `user_id`, `created_at`, `updated_at`, `disqualification_code_type_id`, `goggle_cup_points`, `reaction_time`, `team_points`, `team_affiliation_id`)
  VALUES (138018, 3, 1, 0, 0, 622.14, 622.14, 0, 45, 97, 11789, 5784, 68, 9332, 1, '2015-02-18 17:02:29', '2015-02-18 17:02:29', NULL, 0.0, 0.0, 0.0, 261);

INSERT INTO `meeting_individual_results` (`id`, `rank`, `is_play_off`, `is_out_of_race`, `is_disqualified`, `standard_points`, `meeting_individual_points`, `minutes`, `seconds`, `hundreds`, `meeting_program_id`, `swimmer_id`, `team_id`, `badge_id`, `user_id`, `created_at`, `updated_at`, `disqualification_code_type_id`, `goggle_cup_points`, `reaction_time`, `team_points`, `team_affiliation_id`)
  VALUES (138019, 1, 1, 0, 1, 0.0, 0.0, 0, 0, 0, 11790, 8645, 102, 12258, 1, '2015-02-18 17:02:29', '2015-02-18 17:02:29', 11, 0.0, 0.0, 0.0, 295);

INSERT INTO `meeting_individual_results` (`id`, `rank`, `is_play_off`, `is_out_of_race`, `is_disqualified`, `standard_points`, `meeting_individual_points`, `minutes`, `seconds`, `hundreds`, `meeting_program_id`, `swimmer_id`, `team_id`, `badge_id`, `user_id`, `created_at`, `updated_at`, `disqualification_code_type_id`, `goggle_cup_points`, `reaction_time`, `team_points`, `team_affiliation_id`)
  VALUES (138020, 1, 1, 0, 0, 790.6, 790.6, 0, 41, 50, 11791, 8518, 102, 12260, 1, '2015-02-18 17:02:30', '2015-02-18 17:02:30', NULL, 0.0, 0.0, 0.0, 295);

INSERT INTO `meeting_individual_results` (`id`, `rank`, `is_play_off`, `is_out_of_race`, `is_disqualified`, `standard_points`, `meeting_individual_points`, `minutes`, `seconds`, `hundreds`, `meeting_program_id`, `swimmer_id`, `team_id`, `badge_id`, `user_id`, `created_at`, `updated_at`, `disqualification_code_type_id`, `goggle_cup_points`, `reaction_time`, `team_points`, `team_affiliation_id`)
  VALUES (138021, 1, 1, 0, 0, 479.24, 479.24, 1, 13, 93, 11792, 11354, 450, 15084, 1, '2015-02-18 17:02:30', '2015-02-18 17:02:30', NULL, 0.0, 0.0, 0.0, 670);

INSERT INTO `meeting_individual_results` (`id`, `rank`, `is_play_off`, `is_out_of_race`, `is_disqualified`, `standard_points`, `meeting_individual_points`, `minutes`, `seconds`, `hundreds`, `meeting_program_id`, `swimmer_id`, `team_id`, `badge_id`, `user_id`, `created_at`, `updated_at`, `disqualification_code_type_id`, `goggle_cup_points`, `reaction_time`, `team_points`, `team_affiliation_id`)
  VALUES (138022, 1, 1, 0, 0, 877.31, 877.31, 0, 31, 95, 11793, 992, 42, 8453, 1, '2015-02-18 17:02:30', '2015-02-18 17:02:30', NULL, 0.0, 0.0, 0.0, 235);

INSERT INTO `meeting_individual_results` (`id`, `rank`, `is_play_off`, `is_out_of_race`, `is_disqualified`, `standard_points`, `meeting_individual_points`, `minutes`, `seconds`, `hundreds`, `meeting_program_id`, `swimmer_id`, `team_id`, `badge_id`, `user_id`, `created_at`, `updated_at`, `disqualification_code_type_id`, `goggle_cup_points`, `reaction_time`, `team_points`, `team_affiliation_id`)
  VALUES (138023, 1, 1, 0, 0, 869.35, 869.35, 0, 27, 86, 11794, 11308, 518, 15106, 1, '2015-02-18 17:02:30', '2015-02-18 17:02:30', NULL, 0.0, 0.0, 0.0, 738);

INSERT INTO `meeting_individual_results` (`id`, `rank`, `is_play_off`, `is_out_of_race`, `is_disqualified`, `standard_points`, `meeting_individual_points`, `minutes`, `seconds`, `hundreds`, `meeting_program_id`, `swimmer_id`, `team_id`, `badge_id`, `user_id`, `created_at`, `updated_at`, `disqualification_code_type_id`, `goggle_cup_points`, `reaction_time`, `team_points`, `team_affiliation_id`)
  VALUES (138024, 2, 1, 0, 0, 811.39, 811.39, 0, 29, 85, 11794, 11306, 557, 15104, 1, '2015-02-18 17:02:30', '2015-02-18 17:02:30', NULL, 0.0, 0.0, 0.0, 777);

INSERT INTO `meeting_individual_results` (`id`, `rank`, `is_play_off`, `is_out_of_race`, `is_disqualified`, `standard_points`, `meeting_individual_points`, `minutes`, `seconds`, `hundreds`, `meeting_program_id`, `swimmer_id`, `team_id`, `badge_id`, `user_id`, `created_at`, `updated_at`, `disqualification_code_type_id`, `goggle_cup_points`, `reaction_time`, `team_points`, `team_affiliation_id`)
  VALUES (138025, 1, 1, 0, 0, 804.81, 804.81, 0, 30, 33, 11795, 530, 224, 8500, 1, '2015-02-18 17:02:30', '2015-02-18 17:02:30', NULL, 0.0, 0.0, 0.0, 419);

INSERT INTO `meeting_individual_results` (`id`, `rank`, `is_play_off`, `is_out_of_race`, `is_disqualified`, `standard_points`, `meeting_individual_points`, `minutes`, `seconds`, `hundreds`, `meeting_program_id`, `swimmer_id`, `team_id`, `badge_id`, `user_id`, `created_at`, `updated_at`, `disqualification_code_type_id`, `goggle_cup_points`, `reaction_time`, `team_points`, `team_affiliation_id`)
  VALUES (138026, 2, 1, 0, 0, 802.17, 802.17, 0, 30, 43, 11795, 638, 42, 5125, 1, '2015-02-18 17:02:30', '2015-02-18 17:02:30', NULL, 0.0, 0.0, 0.0, 235);

INSERT INTO `meeting_individual_results` (`id`, `rank`, `is_play_off`, `is_out_of_race`, `is_disqualified`, `standard_points`, `meeting_individual_points`, `minutes`, `seconds`, `hundreds`, `meeting_program_id`, `swimmer_id`, `team_id`, `badge_id`, `user_id`, `created_at`, `updated_at`, `disqualification_code_type_id`, `goggle_cup_points`, `reaction_time`, `team_points`, `team_affiliation_id`)
  VALUES (138027, 1, 1, 0, 0, 748.86, 748.86, 0, 32, 81, 11796, 2460, 99, 5660, 1, '2015-02-18 17:02:30', '2015-02-18 17:02:30', NULL, 0.0, 0.0, 0.0, 292);

INSERT INTO `meeting_individual_results` (`id`, `rank`, `is_play_off`, `is_out_of_race`, `is_disqualified`, `standard_points`, `meeting_individual_points`, `minutes`, `seconds`, `hundreds`, `meeting_program_id`, `swimmer_id`, `team_id`, `badge_id`, `user_id`, `created_at`, `updated_at`, `disqualification_code_type_id`, `goggle_cup_points`, `reaction_time`, `team_points`, `team_affiliation_id`)
  VALUES (138028, 2, 1, 0, 0, 723.5, 723.5, 0, 33, 96, 11796, 11325, 456, 15107, 1, '2015-02-18 17:02:30', '2015-02-18 17:02:30', NULL, 0.0, 0.0, 0.0, 676);

INSERT INTO `meeting_individual_results` (`id`, `rank`, `is_play_off`, `is_out_of_race`, `is_disqualified`, `standard_points`, `meeting_individual_points`, `minutes`, `seconds`, `hundreds`, `meeting_program_id`, `swimmer_id`, `team_id`, `badge_id`, `user_id`, `created_at`, `updated_at`, `disqualification_code_type_id`, `goggle_cup_points`, `reaction_time`, `team_points`, `team_affiliation_id`)
  VALUES (138029, 3, 1, 0, 0, 718.84, 718.84, 0, 34, 18, 11796, 11318, 557, 15092, 1, '2015-02-18 17:02:30', '2015-02-18 17:02:30', NULL, 0.0, 0.0, 0.0, 777);

INSERT INTO `meeting_individual_results` (`id`, `rank`, `is_play_off`, `is_out_of_race`, `is_disqualified`, `standard_points`, `meeting_individual_points`, `minutes`, `seconds`, `hundreds`, `meeting_program_id`, `swimmer_id`, `team_id`, `badge_id`, `user_id`, `created_at`, `updated_at`, `disqualification_code_type_id`, `goggle_cup_points`, `reaction_time`, `team_points`, `team_affiliation_id`)
  VALUES (138030, 1, 1, 0, 0, 911.97, 911.97, 0, 27, 83, 11797, 1962, 54, 5145, 1, '2015-02-18 17:02:30', '2015-02-18 17:02:30', NULL, 0.0, 0.0, 0.0, 247);

INSERT INTO `meeting_individual_results` (`id`, `rank`, `is_play_off`, `is_out_of_race`, `is_disqualified`, `standard_points`, `meeting_individual_points`, `minutes`, `seconds`, `hundreds`, `meeting_program_id`, `swimmer_id`, `team_id`, `badge_id`, `user_id`, `created_at`, `updated_at`, `disqualification_code_type_id`, `goggle_cup_points`, `reaction_time`, `team_points`, `team_affiliation_id`)
  VALUES (138031, 2, 1, 0, 0, 851.68, 851.68, 0, 29, 80, 11797, 8514, 456, 12393, 1, '2015-02-18 17:02:31', '2015-02-18 17:02:31', NULL, 0.0, 0.0, 0.0, 676);

INSERT INTO `meeting_individual_results` (`id`, `rank`, `is_play_off`, `is_out_of_race`, `is_disqualified`, `standard_points`, `meeting_individual_points`, `minutes`, `seconds`, `hundreds`, `meeting_program_id`, `swimmer_id`, `team_id`, `badge_id`, `user_id`, `created_at`, `updated_at`, `disqualification_code_type_id`, `goggle_cup_points`, `reaction_time`, `team_points`, `team_affiliation_id`)
  VALUES (138032, 1, 1, 0, 0, 814.93, 814.93, 0, 31, 88, 11798, 11315, 557, 15071, 1, '2015-02-18 17:02:31', '2015-02-18 17:02:31', NULL, 0.0, 0.0, 0.0, 777);

INSERT INTO `meeting_individual_results` (`id`, `rank`, `is_play_off`, `is_out_of_race`, `is_disqualified`, `standard_points`, `meeting_individual_points`, `minutes`, `seconds`, `hundreds`, `meeting_program_id`, `swimmer_id`, `team_id`, `badge_id`, `user_id`, `created_at`, `updated_at`, `disqualification_code_type_id`, `goggle_cup_points`, `reaction_time`, `team_points`, `team_affiliation_id`)
  VALUES (138033, 2, 1, 0, 0, 619.6, 619.6, 0, 41, 93, 11798, 11335, 102, 15096, 1, '2015-02-18 17:02:31', '2015-02-18 17:02:31', NULL, 0.0, 0.0, 0.0, 295);

INSERT INTO `meeting_individual_results` (`id`, `rank`, `is_play_off`, `is_out_of_race`, `is_disqualified`, `standard_points`, `meeting_individual_points`, `minutes`, `seconds`, `hundreds`, `meeting_program_id`, `swimmer_id`, `team_id`, `badge_id`, `user_id`, `created_at`, `updated_at`, `disqualification_code_type_id`, `goggle_cup_points`, `reaction_time`, `team_points`, `team_affiliation_id`)
  VALUES (138034, 1, 1, 0, 0, 692.44, 692.44, 0, 41, 65, 11799, 11326, 456, 15063, 1, '2015-02-18 17:02:31', '2015-02-18 17:02:31', NULL, 0.0, 0.0, 0.0, 676);

INSERT INTO `meeting_individual_results` (`id`, `rank`, `is_play_off`, `is_out_of_race`, `is_disqualified`, `standard_points`, `meeting_individual_points`, `minutes`, `seconds`, `hundreds`, `meeting_program_id`, `swimmer_id`, `team_id`, `badge_id`, `user_id`, `created_at`, `updated_at`, `disqualification_code_type_id`, `goggle_cup_points`, `reaction_time`, `team_points`, `team_affiliation_id`)
  VALUES (138035, 1, 1, 0, 0, 747.87, 747.87, 0, 43, 39, 11800, 687, 42, 8455, 1, '2015-02-18 17:02:31', '2015-02-18 17:02:31', NULL, 0.0, 0.0, 0.0, 235);

INSERT INTO `meeting_individual_results` (`id`, `rank`, `is_play_off`, `is_out_of_race`, `is_disqualified`, `standard_points`, `meeting_individual_points`, `minutes`, `seconds`, `hundreds`, `meeting_program_id`, `swimmer_id`, `team_id`, `badge_id`, `user_id`, `created_at`, `updated_at`, `disqualification_code_type_id`, `goggle_cup_points`, `reaction_time`, `team_points`, `team_affiliation_id`)
  VALUES (138036, 2, 1, 0, 0, 741.38, 741.38, 0, 43, 77, 11800, 11349, 449, 15108, 1, '2015-02-18 17:02:31', '2015-02-18 17:02:31', NULL, 0.0, 0.0, 0.0, 669);

INSERT INTO `meeting_individual_results` (`id`, `rank`, `is_play_off`, `is_out_of_race`, `is_disqualified`, `standard_points`, `meeting_individual_points`, `minutes`, `seconds`, `hundreds`, `meeting_program_id`, `swimmer_id`, `team_id`, `badge_id`, `user_id`, `created_at`, `updated_at`, `disqualification_code_type_id`, `goggle_cup_points`, `reaction_time`, `team_points`, `team_affiliation_id`)
  VALUES (138037, 1, 1, 0, 0, 712.08, 712.08, 0, 45, 95, 11801, 11359, 451, 15109, 1, '2015-02-18 17:02:31', '2015-02-18 17:02:31', NULL, 0.0, 0.0, 0.0, 671);

INSERT INTO `meeting_individual_results` (`id`, `rank`, `is_play_off`, `is_out_of_race`, `is_disqualified`, `standard_points`, `meeting_individual_points`, `minutes`, `seconds`, `hundreds`, `meeting_program_id`, `swimmer_id`, `team_id`, `badge_id`, `user_id`, `created_at`, `updated_at`, `disqualification_code_type_id`, `goggle_cup_points`, `reaction_time`, `team_points`, `team_affiliation_id`)
  VALUES (138038, 1, 1, 0, 0, 815.7, 815.7, 0, 40, 64, 11802, 8508, 456, 12409, 1, '2015-02-18 17:02:31', '2015-02-18 17:02:31', NULL, 0.0, 0.0, 0.0, 676);

INSERT INTO `meeting_individual_results` (`id`, `rank`, `is_play_off`, `is_out_of_race`, `is_disqualified`, `standard_points`, `meeting_individual_points`, `minutes`, `seconds`, `hundreds`, `meeting_program_id`, `swimmer_id`, `team_id`, `badge_id`, `user_id`, `created_at`, `updated_at`, `disqualification_code_type_id`, `goggle_cup_points`, `reaction_time`, `team_points`, `team_affiliation_id`)
  VALUES (138039, 1, 1, 0, 0, 795.89, 795.89, 0, 43, 26, 11803, 11350, 456, 15087, 1, '2015-02-18 17:02:31', '2015-02-18 17:02:31', NULL, 0.0, 0.0, 0.0, 676);

INSERT INTO `meeting_individual_results` (`id`, `rank`, `is_play_off`, `is_out_of_race`, `is_disqualified`, `standard_points`, `meeting_individual_points`, `minutes`, `seconds`, `hundreds`, `meeting_program_id`, `swimmer_id`, `team_id`, `badge_id`, `user_id`, `created_at`, `updated_at`, `disqualification_code_type_id`, `goggle_cup_points`, `reaction_time`, `team_points`, `team_affiliation_id`)
  VALUES (138040, 1, 1, 0, 0, 825.32, 825.32, 0, 44, 8, 11804, 11311, 451, 15110, 1, '2015-02-18 17:02:31', '2015-02-18 17:02:31', NULL, 0.0, 0.0, 0.0, 671);

INSERT INTO `meeting_individual_results` (`id`, `rank`, `is_play_off`, `is_out_of_race`, `is_disqualified`, `standard_points`, `meeting_individual_points`, `minutes`, `seconds`, `hundreds`, `meeting_program_id`, `swimmer_id`, `team_id`, `badge_id`, `user_id`, `created_at`, `updated_at`, `disqualification_code_type_id`, `goggle_cup_points`, `reaction_time`, `team_points`, `team_affiliation_id`)
  VALUES (138041, 2, 1, 0, 0, 745.49, 745.49, 0, 48, 80, 11804, 11307, 451, 15111, 1, '2015-02-18 17:02:32', '2015-02-18 17:02:32', NULL, 0.0, 0.0, 0.0, 671);

INSERT INTO `meeting_individual_results` (`id`, `rank`, `is_play_off`, `is_out_of_race`, `is_disqualified`, `standard_points`, `meeting_individual_points`, `minutes`, `seconds`, `hundreds`, `meeting_program_id`, `swimmer_id`, `team_id`, `badge_id`, `user_id`, `created_at`, `updated_at`, `disqualification_code_type_id`, `goggle_cup_points`, `reaction_time`, `team_points`, `team_affiliation_id`)
  VALUES (138042, 1, 1, 0, 0, 905.45, 905.45, 0, 31, 20, 11805, 8493, 364, 12277, 1, '2015-02-18 17:02:32', '2015-02-18 17:02:32', NULL, 0.0, 0.0, 0.0, 583);

INSERT INTO `meeting_individual_results` (`id`, `rank`, `is_play_off`, `is_out_of_race`, `is_disqualified`, `standard_points`, `meeting_individual_points`, `minutes`, `seconds`, `hundreds`, `meeting_program_id`, `swimmer_id`, `team_id`, `badge_id`, `user_id`, `created_at`, `updated_at`, `disqualification_code_type_id`, `goggle_cup_points`, `reaction_time`, `team_points`, `team_affiliation_id`)
  VALUES (138043, 2, 1, 0, 0, 896.54, 896.54, 0, 31, 51, 11805, 11321, 557, 15089, 1, '2015-02-18 17:02:32', '2015-02-18 17:02:32', NULL, 0.0, 0.0, 0.0, 777);

INSERT INTO `meeting_individual_results` (`id`, `rank`, `is_play_off`, `is_out_of_race`, `is_disqualified`, `standard_points`, `meeting_individual_points`, `minutes`, `seconds`, `hundreds`, `meeting_program_id`, `swimmer_id`, `team_id`, `badge_id`, `user_id`, `created_at`, `updated_at`, `disqualification_code_type_id`, `goggle_cup_points`, `reaction_time`, `team_points`, `team_affiliation_id`)
  VALUES (138044, 3, 1, 0, 0, 844.04, 844.04, 0, 33, 47, 11805, 11337, 518, 15090, 1, '2015-02-18 17:02:32', '2015-02-18 17:02:32', NULL, 0.0, 0.0, 0.0, 738);

INSERT INTO `meeting_individual_results` (`id`, `rank`, `is_play_off`, `is_out_of_race`, `is_disqualified`, `standard_points`, `meeting_individual_points`, `minutes`, `seconds`, `hundreds`, `meeting_program_id`, `swimmer_id`, `team_id`, `badge_id`, `user_id`, `created_at`, `updated_at`, `disqualification_code_type_id`, `goggle_cup_points`, `reaction_time`, `team_points`, `team_affiliation_id`)
  VALUES (138045, 1, 1, 0, 0, 776.36, 776.36, 0, 36, 13, 11806, 11310, 449, 15112, 1, '2015-02-18 17:02:32', '2015-02-18 17:02:32', NULL, 0.0, 0.0, 0.0, 669);

INSERT INTO `meeting_individual_results` (`id`, `rank`, `is_play_off`, `is_out_of_race`, `is_disqualified`, `standard_points`, `meeting_individual_points`, `minutes`, `seconds`, `hundreds`, `meeting_program_id`, `swimmer_id`, `team_id`, `badge_id`, `user_id`, `created_at`, `updated_at`, `disqualification_code_type_id`, `goggle_cup_points`, `reaction_time`, `team_points`, `team_affiliation_id`)
  VALUES (138046, 2, 1, 0, 0, 742.26, 742.26, 0, 37, 79, 11806, 2709, 99, 5914, 1, '2015-02-18 17:02:32', '2015-02-18 17:02:32', NULL, 0.0, 0.0, 0.0, 292);

INSERT INTO `meeting_individual_results` (`id`, `rank`, `is_play_off`, `is_out_of_race`, `is_disqualified`, `standard_points`, `meeting_individual_points`, `minutes`, `seconds`, `hundreds`, `meeting_program_id`, `swimmer_id`, `team_id`, `badge_id`, `user_id`, `created_at`, `updated_at`, `disqualification_code_type_id`, `goggle_cup_points`, `reaction_time`, `team_points`, `team_affiliation_id`)
  VALUES (138047, 3, 1, 0, 0, 680.66, 680.66, 0, 41, 21, 11806, 10549, 518, 14188, 1, '2015-02-18 17:02:32', '2015-02-18 17:02:32', NULL, 0.0, 0.0, 0.0, 738);

INSERT INTO `meeting_individual_results` (`id`, `rank`, `is_play_off`, `is_out_of_race`, `is_disqualified`, `standard_points`, `meeting_individual_points`, `minutes`, `seconds`, `hundreds`, `meeting_program_id`, `swimmer_id`, `team_id`, `badge_id`, `user_id`, `created_at`, `updated_at`, `disqualification_code_type_id`, `goggle_cup_points`, `reaction_time`, `team_points`, `team_affiliation_id`)
  VALUES (138048, 4, 1, 0, 0, 657.06, 657.06, 0, 42, 69, 11806, 11360, 449, 15080, 1, '2015-02-18 17:02:32', '2015-02-18 17:02:32', NULL, 0.0, 0.0, 0.0, 669);

INSERT INTO `meeting_individual_results` (`id`, `rank`, `is_play_off`, `is_out_of_race`, `is_disqualified`, `standard_points`, `meeting_individual_points`, `minutes`, `seconds`, `hundreds`, `meeting_program_id`, `swimmer_id`, `team_id`, `badge_id`, `user_id`, `created_at`, `updated_at`, `disqualification_code_type_id`, `goggle_cup_points`, `reaction_time`, `team_points`, `team_affiliation_id`)
  VALUES (138049, 1, 1, 0, 0, 776.7, 776.7, 0, 37, 8, 11807, 11325, 456, 15107, 1, '2015-02-18 17:02:32', '2015-02-18 17:02:32', NULL, 0.0, 0.0, 0.0, 676);

INSERT INTO `meeting_individual_results` (`id`, `rank`, `is_play_off`, `is_out_of_race`, `is_disqualified`, `standard_points`, `meeting_individual_points`, `minutes`, `seconds`, `hundreds`, `meeting_program_id`, `swimmer_id`, `team_id`, `badge_id`, `user_id`, `created_at`, `updated_at`, `disqualification_code_type_id`, `goggle_cup_points`, `reaction_time`, `team_points`, `team_affiliation_id`)
  VALUES (138050, 2, 1, 0, 0, 721.62, 721.62, 0, 39, 91, 11807, 2727, 163, 5933, 1, '2015-02-18 17:02:33', '2015-02-18 17:02:33', NULL, 0.0, 0.0, 0.0, 358);

INSERT INTO `meeting_individual_results` (`id`, `rank`, `is_play_off`, `is_out_of_race`, `is_disqualified`, `standard_points`, `meeting_individual_points`, `minutes`, `seconds`, `hundreds`, `meeting_program_id`, `swimmer_id`, `team_id`, `badge_id`, `user_id`, `created_at`, `updated_at`, `disqualification_code_type_id`, `goggle_cup_points`, `reaction_time`, `team_points`, `team_affiliation_id`)
  VALUES (138051, 3, 1, 0, 0, 579.01, 579.01, 0, 49, 74, 11807, 5383, 2, 9005, 1, '2015-02-18 17:02:33', '2015-02-18 17:02:33', NULL, 0.0, 0.0, 0.0, 445);

INSERT INTO `meeting_individual_results` (`id`, `rank`, `is_play_off`, `is_out_of_race`, `is_disqualified`, `standard_points`, `meeting_individual_points`, `minutes`, `seconds`, `hundreds`, `meeting_program_id`, `swimmer_id`, `team_id`, `badge_id`, `user_id`, `created_at`, `updated_at`, `disqualification_code_type_id`, `goggle_cup_points`, `reaction_time`, `team_points`, `team_affiliation_id`)
  VALUES (138052, 1, 1, 0, 0, 824.68, 824.68, 0, 35, 25, 11808, 2739, 99, 5945, 1, '2015-02-18 17:02:33', '2015-02-18 17:02:33', NULL, 0.0, 0.0, 0.0, 292);

INSERT INTO `meeting_individual_results` (`id`, `rank`, `is_play_off`, `is_out_of_race`, `is_disqualified`, `standard_points`, `meeting_individual_points`, `minutes`, `seconds`, `hundreds`, `meeting_program_id`, `swimmer_id`, `team_id`, `badge_id`, `user_id`, `created_at`, `updated_at`, `disqualification_code_type_id`, `goggle_cup_points`, `reaction_time`, `team_points`, `team_affiliation_id`)
  VALUES (138053, 2, 1, 0, 0, 709.89, 709.89, 0, 40, 95, 11808, 6903, 373, 10631, 1, '2015-02-18 17:02:33', '2015-02-18 17:02:33', NULL, 0.0, 0.0, 0.0, 593);

INSERT INTO `meeting_individual_results` (`id`, `rank`, `is_play_off`, `is_out_of_race`, `is_disqualified`, `standard_points`, `meeting_individual_points`, `minutes`, `seconds`, `hundreds`, `meeting_program_id`, `swimmer_id`, `team_id`, `badge_id`, `user_id`, `created_at`, `updated_at`, `disqualification_code_type_id`, `goggle_cup_points`, `reaction_time`, `team_points`, `team_affiliation_id`)
  VALUES (138054, 1, 1, 0, 0, 696.4, 696.4, 0, 44, 73, 11809, 8661, 456, 12200, 1, '2015-02-18 17:02:33', '2015-02-18 17:02:33', NULL, 0.0, 0.0, 0.0, 676);

INSERT INTO `meeting_individual_results` (`id`, `rank`, `is_play_off`, `is_out_of_race`, `is_disqualified`, `standard_points`, `meeting_individual_points`, `minutes`, `seconds`, `hundreds`, `meeting_program_id`, `swimmer_id`, `team_id`, `badge_id`, `user_id`, `created_at`, `updated_at`, `disqualification_code_type_id`, `goggle_cup_points`, `reaction_time`, `team_points`, `team_affiliation_id`)
  VALUES (138055, 2, 1, 0, 0, 651.81, 651.81, 0, 47, 79, 11809, 11320, 518, 15099, 1, '2015-02-18 17:02:33', '2015-02-18 17:02:33', NULL, 0.0, 0.0, 0.0, 738);

INSERT INTO `meeting_individual_results` (`id`, `rank`, `is_play_off`, `is_out_of_race`, `is_disqualified`, `standard_points`, `meeting_individual_points`, `minutes`, `seconds`, `hundreds`, `meeting_program_id`, `swimmer_id`, `team_id`, `badge_id`, `user_id`, `created_at`, `updated_at`, `disqualification_code_type_id`, `goggle_cup_points`, `reaction_time`, `team_points`, `team_affiliation_id`)
  VALUES (138056, 1, 1, 0, 0, 687.92, 687.92, 0, 47, 20, 11810, 11342, 364, 15083, 1, '2015-02-18 17:02:33', '2015-02-18 17:02:33', NULL, 0.0, 0.0, 0.0, 583);

INSERT INTO `meeting_individual_results` (`id`, `rank`, `is_play_off`, `is_out_of_race`, `is_disqualified`, `standard_points`, `meeting_individual_points`, `minutes`, `seconds`, `hundreds`, `meeting_program_id`, `swimmer_id`, `team_id`, `badge_id`, `user_id`, `created_at`, `updated_at`, `disqualification_code_type_id`, `goggle_cup_points`, `reaction_time`, `team_points`, `team_affiliation_id`)
  VALUES (138057, 1, 1, 0, 0, 660.68, 660.68, 0, 50, 69, 11811, 3832, 85, 7062, 1, '2015-02-18 17:02:33', '2015-02-18 17:02:33', NULL, 0.0, 0.0, 0.0, 278);

INSERT INTO `meeting_individual_results` (`id`, `rank`, `is_play_off`, `is_out_of_race`, `is_disqualified`, `standard_points`, `meeting_individual_points`, `minutes`, `seconds`, `hundreds`, `meeting_program_id`, `swimmer_id`, `team_id`, `badge_id`, `user_id`, `created_at`, `updated_at`, `disqualification_code_type_id`, `goggle_cup_points`, `reaction_time`, `team_points`, `team_affiliation_id`)
  VALUES (138058, 1, 1, 0, 0, 866.32, 866.32, 0, 40, 32, 11812, 11313, 467, 15100, 1, '2015-02-18 17:02:33', '2015-02-18 17:02:33', NULL, 0.0, 0.0, 0.0, 687);

INSERT INTO `meeting_individual_results` (`id`, `rank`, `is_play_off`, `is_out_of_race`, `is_disqualified`, `standard_points`, `meeting_individual_points`, `minutes`, `seconds`, `hundreds`, `meeting_program_id`, `swimmer_id`, `team_id`, `badge_id`, `user_id`, `created_at`, `updated_at`, `disqualification_code_type_id`, `goggle_cup_points`, `reaction_time`, `team_points`, `team_affiliation_id`)
  VALUES (138059, 1, 1, 0, 0, 781.76, 781.76, 0, 48, 25, 11813, 5751, 74, 9508, 1, '2015-02-18 17:02:33', '2015-02-18 17:02:33', NULL, 0.0, 0.0, 0.0, 267);

INSERT INTO `meeting_individual_results` (`id`, `rank`, `is_play_off`, `is_out_of_race`, `is_disqualified`, `standard_points`, `meeting_individual_points`, `minutes`, `seconds`, `hundreds`, `meeting_program_id`, `swimmer_id`, `team_id`, `badge_id`, `user_id`, `created_at`, `updated_at`, `disqualification_code_type_id`, `goggle_cup_points`, `reaction_time`, `team_points`, `team_affiliation_id`)
  VALUES (138060, 1, 1, 0, 0, 772.57, 772.57, 0, 33, 68, 11814, 11349, 449, 15108, 1, '2015-02-18 17:02:33', '2015-02-18 17:02:33', NULL, 0.0, 0.0, 0.0, 669);

INSERT INTO `meeting_individual_results` (`id`, `rank`, `is_play_off`, `is_out_of_race`, `is_disqualified`, `standard_points`, `meeting_individual_points`, `minutes`, `seconds`, `hundreds`, `meeting_program_id`, `swimmer_id`, `team_id`, `badge_id`, `user_id`, `created_at`, `updated_at`, `disqualification_code_type_id`, `goggle_cup_points`, `reaction_time`, `team_points`, `team_affiliation_id`)
  VALUES (138061, 2, 1, 0, 1, 0.0, 0.0, 0, 0, 0, 11814, 5968, 169, 9656, 1, '2015-02-18 17:02:34', '2015-02-18 17:02:34', 11, 0.0, 0.0, 0.0, 364);

INSERT INTO `meeting_individual_results` (`id`, `rank`, `is_play_off`, `is_out_of_race`, `is_disqualified`, `standard_points`, `meeting_individual_points`, `minutes`, `seconds`, `hundreds`, `meeting_program_id`, `swimmer_id`, `team_id`, `badge_id`, `user_id`, `created_at`, `updated_at`, `disqualification_code_type_id`, `goggle_cup_points`, `reaction_time`, `team_points`, `team_affiliation_id`)
  VALUES (138062, 2, 1, 0, 1, 0.0, 0.0, 0, 0, 0, 11814, 11319, 557, 15076, 1, '2015-02-18 17:02:34', '2015-02-18 17:02:34', 11, 0.0, 0.0, 0.0, 777);

INSERT INTO `meeting_individual_results` (`id`, `rank`, `is_play_off`, `is_out_of_race`, `is_disqualified`, `standard_points`, `meeting_individual_points`, `minutes`, `seconds`, `hundreds`, `meeting_program_id`, `swimmer_id`, `team_id`, `badge_id`, `user_id`, `created_at`, `updated_at`, `disqualification_code_type_id`, `goggle_cup_points`, `reaction_time`, `team_points`, `team_affiliation_id`)
  VALUES (138063, 1, 1, 0, 0, 793.62, 793.62, 0, 32, 61, 11815, 3154, 177, 6373, 1, '2015-02-18 17:02:34', '2015-02-18 17:02:34', NULL, 0.0, 0.0, 0.0, 372);

INSERT INTO `meeting_individual_results` (`id`, `rank`, `is_play_off`, `is_out_of_race`, `is_disqualified`, `standard_points`, `meeting_individual_points`, `minutes`, `seconds`, `hundreds`, `meeting_program_id`, `swimmer_id`, `team_id`, `badge_id`, `user_id`, `created_at`, `updated_at`, `disqualification_code_type_id`, `goggle_cup_points`, `reaction_time`, `team_points`, `team_affiliation_id`)
  VALUES (138064, 2, 1, 0, 0, 765.91, 765.91, 0, 33, 79, 11815, 11312, 451, 15113, 1, '2015-02-18 17:02:34', '2015-02-18 17:02:34', NULL, 0.0, 0.0, 0.0, 671);

INSERT INTO `meeting_individual_results` (`id`, `rank`, `is_play_off`, `is_out_of_race`, `is_disqualified`, `standard_points`, `meeting_individual_points`, `minutes`, `seconds`, `hundreds`, `meeting_program_id`, `swimmer_id`, `team_id`, `badge_id`, `user_id`, `created_at`, `updated_at`, `disqualification_code_type_id`, `goggle_cup_points`, `reaction_time`, `team_points`, `team_affiliation_id`)
  VALUES (138065, 3, 1, 0, 1, 0.0, 0.0, 0, 0, 0, 11815, 6772, 169, 10490, 1, '2015-02-18 17:02:34', '2015-02-18 17:02:34', 11, 0.0, 0.0, 0.0, 364);

INSERT INTO `meeting_individual_results` (`id`, `rank`, `is_play_off`, `is_out_of_race`, `is_disqualified`, `standard_points`, `meeting_individual_points`, `minutes`, `seconds`, `hundreds`, `meeting_program_id`, `swimmer_id`, `team_id`, `badge_id`, `user_id`, `created_at`, `updated_at`, `disqualification_code_type_id`, `goggle_cup_points`, `reaction_time`, `team_points`, `team_affiliation_id`)
  VALUES (138066, 1, 1, 0, 0, 809.71, 809.71, 0, 32, 53, 11816, 8454, 102, 12307, 1, '2015-02-18 17:02:34', '2015-02-18 17:02:34', NULL, 0.0, 0.0, 0.0, 295);

INSERT INTO `meeting_individual_results` (`id`, `rank`, `is_play_off`, `is_out_of_race`, `is_disqualified`, `standard_points`, `meeting_individual_points`, `minutes`, `seconds`, `hundreds`, `meeting_program_id`, `swimmer_id`, `team_id`, `badge_id`, `user_id`, `created_at`, `updated_at`, `disqualification_code_type_id`, `goggle_cup_points`, `reaction_time`, `team_points`, `team_affiliation_id`)
  VALUES (138067, 2, 1, 0, 0, 804.27, 804.27, 0, 32, 75, 11816, 8664, 456, 12268, 1, '2015-02-18 17:02:34', '2015-02-18 17:02:34', NULL, 0.0, 0.0, 0.0, 676);

INSERT INTO `meeting_individual_results` (`id`, `rank`, `is_play_off`, `is_out_of_race`, `is_disqualified`, `standard_points`, `meeting_individual_points`, `minutes`, `seconds`, `hundreds`, `meeting_program_id`, `swimmer_id`, `team_id`, `badge_id`, `user_id`, `created_at`, `updated_at`, `disqualification_code_type_id`, `goggle_cup_points`, `reaction_time`, `team_points`, `team_affiliation_id`)
  VALUES (138068, 3, 1, 0, 0, 795.53, 795.53, 0, 33, 11, 11816, 8508, 456, 12409, 1, '2015-02-18 17:02:34', '2015-02-18 17:02:34', NULL, 0.0, 0.0, 0.0, 676);

INSERT INTO `meeting_individual_results` (`id`, `rank`, `is_play_off`, `is_out_of_race`, `is_disqualified`, `standard_points`, `meeting_individual_points`, `minutes`, `seconds`, `hundreds`, `meeting_program_id`, `swimmer_id`, `team_id`, `badge_id`, `user_id`, `created_at`, `updated_at`, `disqualification_code_type_id`, `goggle_cup_points`, `reaction_time`, `team_points`, `team_affiliation_id`)
  VALUES (138069, 4, 1, 0, 0, 766.81, 766.81, 0, 34, 35, 11816, 11339, 470, 15078, 1, '2015-02-18 17:02:34', '2015-02-18 17:02:34', NULL, 0.0, 0.0, 0.0, 690);

INSERT INTO `meeting_individual_results` (`id`, `rank`, `is_play_off`, `is_out_of_race`, `is_disqualified`, `standard_points`, `meeting_individual_points`, `minutes`, `seconds`, `hundreds`, `meeting_program_id`, `swimmer_id`, `team_id`, `badge_id`, `user_id`, `created_at`, `updated_at`, `disqualification_code_type_id`, `goggle_cup_points`, `reaction_time`, `team_points`, `team_affiliation_id`)
  VALUES (138070, 5, 1, 0, 0, 686.12, 686.12, 0, 38, 39, 11816, 8554, 462, 12270, 1, '2015-02-18 17:02:34', '2015-02-18 17:02:34', NULL, 0.0, 0.0, 0.0, 682);

INSERT INTO `meeting_individual_results` (`id`, `rank`, `is_play_off`, `is_out_of_race`, `is_disqualified`, `standard_points`, `meeting_individual_points`, `minutes`, `seconds`, `hundreds`, `meeting_program_id`, `swimmer_id`, `team_id`, `badge_id`, `user_id`, `created_at`, `updated_at`, `disqualification_code_type_id`, `goggle_cup_points`, `reaction_time`, `team_points`, `team_affiliation_id`)
  VALUES (138071, 1, 1, 0, 0, 813.73, 813.73, 0, 32, 91, 11817, 8500, 462, 12224, 1, '2015-02-18 17:02:35', '2015-02-18 17:02:35', NULL, 0.0, 0.0, 0.0, 682);

INSERT INTO `meeting_individual_results` (`id`, `rank`, `is_play_off`, `is_out_of_race`, `is_disqualified`, `standard_points`, `meeting_individual_points`, `minutes`, `seconds`, `hundreds`, `meeting_program_id`, `swimmer_id`, `team_id`, `badge_id`, `user_id`, `created_at`, `updated_at`, `disqualification_code_type_id`, `goggle_cup_points`, `reaction_time`, `team_points`, `team_affiliation_id`)
  VALUES (138072, 1, 1, 0, 0, 829.48, 829.48, 0, 32, 84, 11818, 8435, 469, 12315, 1, '2015-02-18 17:02:35', '2015-02-18 17:02:35', NULL, 0.0, 0.0, 0.0, 689);

INSERT INTO `meeting_individual_results` (`id`, `rank`, `is_play_off`, `is_out_of_race`, `is_disqualified`, `standard_points`, `meeting_individual_points`, `minutes`, `seconds`, `hundreds`, `meeting_program_id`, `swimmer_id`, `team_id`, `badge_id`, `user_id`, `created_at`, `updated_at`, `disqualification_code_type_id`, `goggle_cup_points`, `reaction_time`, `team_points`, `team_affiliation_id`)
  VALUES (138073, 2, 1, 0, 0, 759.41, 759.41, 0, 35, 87, 11818, 8486, 102, 12411, 1, '2015-02-18 17:02:35', '2015-02-18 17:02:35', NULL, 0.0, 0.0, 0.0, 295);

INSERT INTO `meeting_individual_results` (`id`, `rank`, `is_play_off`, `is_out_of_race`, `is_disqualified`, `standard_points`, `meeting_individual_points`, `minutes`, `seconds`, `hundreds`, `meeting_program_id`, `swimmer_id`, `team_id`, `badge_id`, `user_id`, `created_at`, `updated_at`, `disqualification_code_type_id`, `goggle_cup_points`, `reaction_time`, `team_points`, `team_affiliation_id`)
  VALUES (138074, 3, 1, 0, 0, 721.4, 721.4, 0, 37, 76, 11818, 11340, 462, 15114, 1, '2015-02-18 17:02:35', '2015-02-18 17:02:35', NULL, 0.0, 0.0, 0.0, 682);

INSERT INTO `meeting_individual_results` (`id`, `rank`, `is_play_off`, `is_out_of_race`, `is_disqualified`, `standard_points`, `meeting_individual_points`, `minutes`, `seconds`, `hundreds`, `meeting_program_id`, `swimmer_id`, `team_id`, `badge_id`, `user_id`, `created_at`, `updated_at`, `disqualification_code_type_id`, `goggle_cup_points`, `reaction_time`, `team_points`, `team_affiliation_id`)
  VALUES (138075, 4, 1, 0, 0, 671.43, 671.43, 0, 40, 57, 11818, 11343, 451, 15115, 1, '2015-02-18 17:02:35', '2015-02-18 17:02:35', NULL, 0.0, 0.0, 0.0, 671);

INSERT INTO `meeting_individual_results` (`id`, `rank`, `is_play_off`, `is_out_of_race`, `is_disqualified`, `standard_points`, `meeting_individual_points`, `minutes`, `seconds`, `hundreds`, `meeting_program_id`, `swimmer_id`, `team_id`, `badge_id`, `user_id`, `created_at`, `updated_at`, `disqualification_code_type_id`, `goggle_cup_points`, `reaction_time`, `team_points`, `team_affiliation_id`)
  VALUES (138076, 5, 1, 0, 1, 0.0, 0.0, 0, 0, 0, 11818, 8662, 462, 12313, 1, '2015-02-18 17:02:35', '2015-02-18 17:02:35', 11, 0.0, 0.0, 0.0, 682);

INSERT INTO `meeting_individual_results` (`id`, `rank`, `is_play_off`, `is_out_of_race`, `is_disqualified`, `standard_points`, `meeting_individual_points`, `minutes`, `seconds`, `hundreds`, `meeting_program_id`, `swimmer_id`, `team_id`, `badge_id`, `user_id`, `created_at`, `updated_at`, `disqualification_code_type_id`, `goggle_cup_points`, `reaction_time`, `team_points`, `team_affiliation_id`)
  VALUES (138077, 5, 1, 0, 1, 0.0, 0.0, 0, 0, 0, 11818, 7768, 164, 11502, 1, '2015-02-18 17:02:35', '2015-02-18 17:02:35', 11, 0.0, 0.0, 0.0, 359);

INSERT INTO `meeting_individual_results` (`id`, `rank`, `is_play_off`, `is_out_of_race`, `is_disqualified`, `standard_points`, `meeting_individual_points`, `minutes`, `seconds`, `hundreds`, `meeting_program_id`, `swimmer_id`, `team_id`, `badge_id`, `user_id`, `created_at`, `updated_at`, `disqualification_code_type_id`, `goggle_cup_points`, `reaction_time`, `team_points`, `team_affiliation_id`)
  VALUES (138078, 1, 1, 0, 0, 640.56, 640.56, 0, 44, 18, 11819, 7738, 164, 11618, 1, '2015-02-18 17:02:35', '2015-02-18 17:02:35', NULL, 0.0, 0.0, 0.0, 359);

INSERT INTO `meeting_individual_results` (`id`, `rank`, `is_play_off`, `is_out_of_race`, `is_disqualified`, `standard_points`, `meeting_individual_points`, `minutes`, `seconds`, `hundreds`, `meeting_program_id`, `swimmer_id`, `team_id`, `badge_id`, `user_id`, `created_at`, `updated_at`, `disqualification_code_type_id`, `goggle_cup_points`, `reaction_time`, `team_points`, `team_affiliation_id`)
  VALUES (138079, 1, 1, 0, 0, 811.05, 811.05, 0, 37, 84, 11820, 8524, 450, 12392, 1, '2015-02-18 17:02:35', '2015-02-18 17:02:35', NULL, 0.0, 0.0, 0.0, 670);

INSERT INTO `meeting_individual_results` (`id`, `rank`, `is_play_off`, `is_out_of_race`, `is_disqualified`, `standard_points`, `meeting_individual_points`, `minutes`, `seconds`, `hundreds`, `meeting_program_id`, `swimmer_id`, `team_id`, `badge_id`, `user_id`, `created_at`, `updated_at`, `disqualification_code_type_id`, `goggle_cup_points`, `reaction_time`, `team_points`, `team_affiliation_id`)
  VALUES (138080, 2, 1, 0, 0, 716.22, 716.22, 0, 42, 85, 11820, 11328, 467, 15103, 1, '2015-02-18 17:02:36', '2015-02-18 17:02:36', NULL, 0.0, 0.0, 0.0, 687);

INSERT INTO `meeting_individual_results` (`id`, `rank`, `is_play_off`, `is_out_of_race`, `is_disqualified`, `standard_points`, `meeting_individual_points`, `minutes`, `seconds`, `hundreds`, `meeting_program_id`, `swimmer_id`, `team_id`, `badge_id`, `user_id`, `created_at`, `updated_at`, `disqualification_code_type_id`, `goggle_cup_points`, `reaction_time`, `team_points`, `team_affiliation_id`)
  VALUES (138081, 1, 1, 0, 0, 875.97, 875.97, 0, 25, 72, 11821, 11346, 557, 15088, 1, '2015-02-18 17:02:36', '2015-02-18 17:02:36', NULL, 0.0, 0.0, 0.0, 777);

INSERT INTO `meeting_individual_results` (`id`, `rank`, `is_play_off`, `is_out_of_race`, `is_disqualified`, `standard_points`, `meeting_individual_points`, `minutes`, `seconds`, `hundreds`, `meeting_program_id`, `swimmer_id`, `team_id`, `badge_id`, `user_id`, `created_at`, `updated_at`, `disqualification_code_type_id`, `goggle_cup_points`, `reaction_time`, `team_points`, `team_affiliation_id`)
  VALUES (138082, 2, 1, 0, 0, 840.04, 840.04, 0, 26, 82, 11821, 11308, 518, 15106, 1, '2015-02-18 17:02:36', '2015-02-18 17:02:36', NULL, 0.0, 0.0, 0.0, 738);

INSERT INTO `meeting_individual_results` (`id`, `rank`, `is_play_off`, `is_out_of_race`, `is_disqualified`, `standard_points`, `meeting_individual_points`, `minutes`, `seconds`, `hundreds`, `meeting_program_id`, `swimmer_id`, `team_id`, `badge_id`, `user_id`, `created_at`, `updated_at`, `disqualification_code_type_id`, `goggle_cup_points`, `reaction_time`, `team_points`, `team_affiliation_id`)
  VALUES (138083, 3, 1, 0, 0, 795.27, 795.27, 0, 28, 33, 11821, 3174, 44, 6394, 1, '2015-02-18 17:02:36', '2015-02-18 17:02:36', NULL, 0.0, 0.0, 0.0, 237);

INSERT INTO `meeting_individual_results` (`id`, `rank`, `is_play_off`, `is_out_of_race`, `is_disqualified`, `standard_points`, `meeting_individual_points`, `minutes`, `seconds`, `hundreds`, `meeting_program_id`, `swimmer_id`, `team_id`, `badge_id`, `user_id`, `created_at`, `updated_at`, `disqualification_code_type_id`, `goggle_cup_points`, `reaction_time`, `team_points`, `team_affiliation_id`)
  VALUES (138084, 4, 1, 0, 0, 722.12, 722.12, 0, 31, 20, 11821, 7860, 68, 11512, 1, '2015-02-18 17:02:36', '2015-02-18 17:02:36', NULL, 0.0, 0.0, 0.0, 261);

INSERT INTO `meeting_individual_results` (`id`, `rank`, `is_play_off`, `is_out_of_race`, `is_disqualified`, `standard_points`, `meeting_individual_points`, `minutes`, `seconds`, `hundreds`, `meeting_program_id`, `swimmer_id`, `team_id`, `badge_id`, `user_id`, `created_at`, `updated_at`, `disqualification_code_type_id`, `goggle_cup_points`, `reaction_time`, `team_points`, `team_affiliation_id`)
  VALUES (138085, 5, 1, 0, 0, 696.01, 696.01, 0, 32, 37, 11821, 11309, 138, 15079, 1, '2015-02-18 17:02:36', '2015-02-18 17:02:36', NULL, 0.0, 0.0, 0.0, 333);

INSERT INTO `meeting_individual_results` (`id`, `rank`, `is_play_off`, `is_out_of_race`, `is_disqualified`, `standard_points`, `meeting_individual_points`, `minutes`, `seconds`, `hundreds`, `meeting_program_id`, `swimmer_id`, `team_id`, `badge_id`, `user_id`, `created_at`, `updated_at`, `disqualification_code_type_id`, `goggle_cup_points`, `reaction_time`, `team_points`, `team_affiliation_id`)
  VALUES (138086, 1, 1, 0, 0, 855.3, 855.3, 0, 26, 33, 11822, 3187, 177, 6407, 1, '2015-02-18 17:02:36', '2015-02-18 17:02:36', NULL, 0.0, 0.0, 0.0, 372);

INSERT INTO `meeting_individual_results` (`id`, `rank`, `is_play_off`, `is_out_of_race`, `is_disqualified`, `standard_points`, `meeting_individual_points`, `minutes`, `seconds`, `hundreds`, `meeting_program_id`, `swimmer_id`, `team_id`, `badge_id`, `user_id`, `created_at`, `updated_at`, `disqualification_code_type_id`, `goggle_cup_points`, `reaction_time`, `team_points`, `team_affiliation_id`)
  VALUES (138087, 2, 1, 0, 0, 850.77, 850.77, 0, 26, 47, 11822, 11310, 449, 15112, 1, '2015-02-18 17:02:36', '2015-02-18 17:02:36', NULL, 0.0, 0.0, 0.0, 669);

INSERT INTO `meeting_individual_results` (`id`, `rank`, `is_play_off`, `is_out_of_race`, `is_disqualified`, `standard_points`, `meeting_individual_points`, `minutes`, `seconds`, `hundreds`, `meeting_program_id`, `swimmer_id`, `team_id`, `badge_id`, `user_id`, `created_at`, `updated_at`, `disqualification_code_type_id`, `goggle_cup_points`, `reaction_time`, `team_points`, `team_affiliation_id`)
  VALUES (138088, 3, 1, 0, 0, 117.29, 117.29, 3, 12, 1, 11822, 3255, 169, 6476, 1, '2015-02-18 17:02:36', '2015-02-18 17:02:36', NULL, 0.0, 0.0, 0.0, 364);

INSERT INTO `meeting_individual_results` (`id`, `rank`, `is_play_off`, `is_out_of_race`, `is_disqualified`, `standard_points`, `meeting_individual_points`, `minutes`, `seconds`, `hundreds`, `meeting_program_id`, `swimmer_id`, `team_id`, `badge_id`, `user_id`, `created_at`, `updated_at`, `disqualification_code_type_id`, `goggle_cup_points`, `reaction_time`, `team_points`, `team_affiliation_id`)
  VALUES (138089, 1, 1, 0, 0, 902.36, 902.36, 0, 25, 40, 11823, 3197, 44, 6417, 1, '2015-02-18 17:02:36', '2015-02-18 17:02:36', NULL, 0.0, 0.0, 0.0, 237);

INSERT INTO `meeting_individual_results` (`id`, `rank`, `is_play_off`, `is_out_of_race`, `is_disqualified`, `standard_points`, `meeting_individual_points`, `minutes`, `seconds`, `hundreds`, `meeting_program_id`, `swimmer_id`, `team_id`, `badge_id`, `user_id`, `created_at`, `updated_at`, `disqualification_code_type_id`, `goggle_cup_points`, `reaction_time`, `team_points`, `team_affiliation_id`)
  VALUES (138090, 2, 1, 0, 0, 809.04, 809.04, 0, 28, 33, 11823, 7770, 164, 11483, 1, '2015-02-18 17:02:37', '2015-02-18 17:02:37', NULL, 0.0, 0.0, 0.0, 359);

INSERT INTO `meeting_individual_results` (`id`, `rank`, `is_play_off`, `is_out_of_race`, `is_disqualified`, `standard_points`, `meeting_individual_points`, `minutes`, `seconds`, `hundreds`, `meeting_program_id`, `swimmer_id`, `team_id`, `badge_id`, `user_id`, `created_at`, `updated_at`, `disqualification_code_type_id`, `goggle_cup_points`, `reaction_time`, `team_points`, `team_affiliation_id`)
  VALUES (138091, 3, 1, 0, 0, 760.45, 760.45, 0, 30, 14, 11823, 11338, 451, 15081, 1, '2015-02-18 17:02:37', '2015-02-18 17:02:37', NULL, 0.0, 0.0, 0.0, 671);

INSERT INTO `meeting_individual_results` (`id`, `rank`, `is_play_off`, `is_out_of_race`, `is_disqualified`, `standard_points`, `meeting_individual_points`, `minutes`, `seconds`, `hundreds`, `meeting_program_id`, `swimmer_id`, `team_id`, `badge_id`, `user_id`, `created_at`, `updated_at`, `disqualification_code_type_id`, `goggle_cup_points`, `reaction_time`, `team_points`, `team_affiliation_id`)
  VALUES (138092, 4, 1, 0, 0, 712.47, 712.47, 0, 32, 17, 11823, 11357, 518, 15093, 1, '2015-02-18 17:02:37', '2015-02-18 17:02:37', NULL, 0.0, 0.0, 0.0, 738);

INSERT INTO `meeting_individual_results` (`id`, `rank`, `is_play_off`, `is_out_of_race`, `is_disqualified`, `standard_points`, `meeting_individual_points`, `minutes`, `seconds`, `hundreds`, `meeting_program_id`, `swimmer_id`, `team_id`, `badge_id`, `user_id`, `created_at`, `updated_at`, `disqualification_code_type_id`, `goggle_cup_points`, `reaction_time`, `team_points`, `team_affiliation_id`)
  VALUES (138093, 5, 1, 0, 0, 709.38, 709.38, 0, 32, 31, 11823, 7861, 164, 11629, 1, '2015-02-18 17:02:37', '2015-02-18 17:02:37', NULL, 0.0, 0.0, 0.0, 359);

INSERT INTO `meeting_individual_results` (`id`, `rank`, `is_play_off`, `is_out_of_race`, `is_disqualified`, `standard_points`, `meeting_individual_points`, `minutes`, `seconds`, `hundreds`, `meeting_program_id`, `swimmer_id`, `team_id`, `badge_id`, `user_id`, `created_at`, `updated_at`, `disqualification_code_type_id`, `goggle_cup_points`, `reaction_time`, `team_points`, `team_affiliation_id`)
  VALUES (138094, 6, 1, 0, 0, 681.53, 681.53, 0, 33, 63, 11823, 11330, 450, 15069, 1, '2015-02-18 17:02:37', '2015-02-18 17:02:37', NULL, 0.0, 0.0, 0.0, 670);

INSERT INTO `meeting_individual_results` (`id`, `rank`, `is_play_off`, `is_out_of_race`, `is_disqualified`, `standard_points`, `meeting_individual_points`, `minutes`, `seconds`, `hundreds`, `meeting_program_id`, `swimmer_id`, `team_id`, `badge_id`, `user_id`, `created_at`, `updated_at`, `disqualification_code_type_id`, `goggle_cup_points`, `reaction_time`, `team_points`, `team_affiliation_id`)
  VALUES (138095, 7, 1, 0, 0, 648.37, 648.37, 0, 35, 35, 11823, 11345, 456, 15068, 1, '2015-02-18 17:02:37', '2015-02-18 17:02:37', NULL, 0.0, 0.0, 0.0, 676);

INSERT INTO `meeting_individual_results` (`id`, `rank`, `is_play_off`, `is_out_of_race`, `is_disqualified`, `standard_points`, `meeting_individual_points`, `minutes`, `seconds`, `hundreds`, `meeting_program_id`, `swimmer_id`, `team_id`, `badge_id`, `user_id`, `created_at`, `updated_at`, `disqualification_code_type_id`, `goggle_cup_points`, `reaction_time`, `team_points`, `team_affiliation_id`)
  VALUES (138096, 1, 1, 0, 0, 924.19, 924.19, 0, 25, 59, 11824, 5958, 125, 9677, 1, '2015-02-18 17:02:37', '2015-02-18 17:02:37', NULL, 0.0, 0.0, 0.0, 318);

INSERT INTO `meeting_individual_results` (`id`, `rank`, `is_play_off`, `is_out_of_race`, `is_disqualified`, `standard_points`, `meeting_individual_points`, `minutes`, `seconds`, `hundreds`, `meeting_program_id`, `swimmer_id`, `team_id`, `badge_id`, `user_id`, `created_at`, `updated_at`, `disqualification_code_type_id`, `goggle_cup_points`, `reaction_time`, `team_points`, `team_affiliation_id`)
  VALUES (138097, 2, 1, 0, 0, 890.44, 890.44, 0, 26, 56, 11824, 2733, 177, 5939, 1, '2015-02-18 17:02:37', '2015-02-18 17:02:37', NULL, 0.0, 0.0, 0.0, 372);

INSERT INTO `meeting_individual_results` (`id`, `rank`, `is_play_off`, `is_out_of_race`, `is_disqualified`, `standard_points`, `meeting_individual_points`, `minutes`, `seconds`, `hundreds`, `meeting_program_id`, `swimmer_id`, `team_id`, `badge_id`, `user_id`, `created_at`, `updated_at`, `disqualification_code_type_id`, `goggle_cup_points`, `reaction_time`, `team_points`, `team_affiliation_id`)
  VALUES (138098, 3, 1, 0, 0, 879.84, 879.84, 0, 26, 88, 11824, 4862, 2, 8990, 1, '2015-02-18 17:02:37', '2015-02-18 17:02:37', NULL, 0.0, 0.0, 0.0, 445);

INSERT INTO `meeting_individual_results` (`id`, `rank`, `is_play_off`, `is_out_of_race`, `is_disqualified`, `standard_points`, `meeting_individual_points`, `minutes`, `seconds`, `hundreds`, `meeting_program_id`, `swimmer_id`, `team_id`, `badge_id`, `user_id`, `created_at`, `updated_at`, `disqualification_code_type_id`, `goggle_cup_points`, `reaction_time`, `team_points`, `team_affiliation_id`)
  VALUES (138099, 4, 1, 0, 0, 845.85, 845.85, 0, 27, 96, 11824, 3205, 44, 6425, 1, '2015-02-18 17:02:37', '2015-02-18 17:02:37', NULL, 0.0, 0.0, 0.0, 237);

INSERT INTO `meeting_individual_results` (`id`, `rank`, `is_play_off`, `is_out_of_race`, `is_disqualified`, `standard_points`, `meeting_individual_points`, `minutes`, `seconds`, `hundreds`, `meeting_program_id`, `swimmer_id`, `team_id`, `badge_id`, `user_id`, `created_at`, `updated_at`, `disqualification_code_type_id`, `goggle_cup_points`, `reaction_time`, `team_points`, `team_affiliation_id`)
  VALUES (138100, 5, 1, 0, 0, 839.84, 839.84, 0, 28, 16, 11824, 11305, 456, 15094, 1, '2015-02-18 17:02:38', '2015-02-18 17:02:38', NULL, 0.0, 0.0, 0.0, 676);

INSERT INTO `meeting_individual_results` (`id`, `rank`, `is_play_off`, `is_out_of_race`, `is_disqualified`, `standard_points`, `meeting_individual_points`, `minutes`, `seconds`, `hundreds`, `meeting_program_id`, `swimmer_id`, `team_id`, `badge_id`, `user_id`, `created_at`, `updated_at`, `disqualification_code_type_id`, `goggle_cup_points`, `reaction_time`, `team_points`, `team_affiliation_id`)
  VALUES (138101, 6, 1, 0, 0, 775.16, 775.16, 0, 30, 51, 11824, 11327, 138, 15082, 1, '2015-02-18 17:02:38', '2015-02-18 17:02:38', NULL, 0.0, 0.0, 0.0, 333);

INSERT INTO `meeting_individual_results` (`id`, `rank`, `is_play_off`, `is_out_of_race`, `is_disqualified`, `standard_points`, `meeting_individual_points`, `minutes`, `seconds`, `hundreds`, `meeting_program_id`, `swimmer_id`, `team_id`, `badge_id`, `user_id`, `created_at`, `updated_at`, `disqualification_code_type_id`, `goggle_cup_points`, `reaction_time`, `team_points`, `team_affiliation_id`)
  VALUES (138102, 7, 1, 0, 0, 740.68, 740.68, 0, 31, 93, 11824, 8552, 462, 12280, 1, '2015-02-18 17:02:38', '2015-02-18 17:02:38', NULL, 0.0, 0.0, 0.0, 682);

INSERT INTO `meeting_individual_results` (`id`, `rank`, `is_play_off`, `is_out_of_race`, `is_disqualified`, `standard_points`, `meeting_individual_points`, `minutes`, `seconds`, `hundreds`, `meeting_program_id`, `swimmer_id`, `team_id`, `badge_id`, `user_id`, `created_at`, `updated_at`, `disqualification_code_type_id`, `goggle_cup_points`, `reaction_time`, `team_points`, `team_affiliation_id`)
  VALUES (138103, 8, 1, 0, 0, 731.97, 731.97, 0, 32, 31, 11824, 7765, 164, 11589, 1, '2015-02-18 17:02:38', '2015-02-18 17:02:38', NULL, 0.0, 0.0, 0.0, 359);

INSERT INTO `meeting_individual_results` (`id`, `rank`, `is_play_off`, `is_out_of_race`, `is_disqualified`, `standard_points`, `meeting_individual_points`, `minutes`, `seconds`, `hundreds`, `meeting_program_id`, `swimmer_id`, `team_id`, `badge_id`, `user_id`, `created_at`, `updated_at`, `disqualification_code_type_id`, `goggle_cup_points`, `reaction_time`, `team_points`, `team_affiliation_id`)
  VALUES (138104, 9, 1, 0, 0, 669.02, 669.02, 0, 35, 35, 11824, 3274, 177, 6495, 1, '2015-02-18 17:02:38', '2015-02-18 17:02:38', NULL, 0.0, 0.0, 0.0, 372);

INSERT INTO `meeting_individual_results` (`id`, `rank`, `is_play_off`, `is_out_of_race`, `is_disqualified`, `standard_points`, `meeting_individual_points`, `minutes`, `seconds`, `hundreds`, `meeting_program_id`, `swimmer_id`, `team_id`, `badge_id`, `user_id`, `created_at`, `updated_at`, `disqualification_code_type_id`, `goggle_cup_points`, `reaction_time`, `team_points`, `team_affiliation_id`)
  VALUES (138105, 1, 1, 0, 0, 950.16, 950.16, 0, 25, 28, 11825, 11341, 462, 15070, 1, '2015-02-18 17:02:38', '2015-02-18 17:02:38', NULL, 0.0, 0.0, 0.0, 682);

INSERT INTO `meeting_individual_results` (`id`, `rank`, `is_play_off`, `is_out_of_race`, `is_disqualified`, `standard_points`, `meeting_individual_points`, `minutes`, `seconds`, `hundreds`, `meeting_program_id`, `swimmer_id`, `team_id`, `badge_id`, `user_id`, `created_at`, `updated_at`, `disqualification_code_type_id`, `goggle_cup_points`, `reaction_time`, `team_points`, `team_affiliation_id`)
  VALUES (138106, 2, 1, 0, 0, 774.59, 774.59, 0, 31, 1, 11825, 11356, 518, 15095, 1, '2015-02-18 17:02:38', '2015-02-18 17:02:38', NULL, 0.0, 0.0, 0.0, 738);

INSERT INTO `meeting_individual_results` (`id`, `rank`, `is_play_off`, `is_out_of_race`, `is_disqualified`, `standard_points`, `meeting_individual_points`, `minutes`, `seconds`, `hundreds`, `meeting_program_id`, `swimmer_id`, `team_id`, `badge_id`, `user_id`, `created_at`, `updated_at`, `disqualification_code_type_id`, `goggle_cup_points`, `reaction_time`, `team_points`, `team_affiliation_id`)
  VALUES (138107, 3, 1, 0, 0, 746.66, 746.66, 0, 32, 17, 11825, 11344, 456, 15105, 1, '2015-02-18 17:02:38', '2015-02-18 17:02:38', NULL, 0.0, 0.0, 0.0, 676);

INSERT INTO `meeting_individual_results` (`id`, `rank`, `is_play_off`, `is_out_of_race`, `is_disqualified`, `standard_points`, `meeting_individual_points`, `minutes`, `seconds`, `hundreds`, `meeting_program_id`, `swimmer_id`, `team_id`, `badge_id`, `user_id`, `created_at`, `updated_at`, `disqualification_code_type_id`, `goggle_cup_points`, `reaction_time`, `team_points`, `team_affiliation_id`)
  VALUES (138108, 4, 1, 0, 0, 700.29, 700.29, 0, 34, 30, 11825, 8459, 456, 12397, 1, '2015-02-18 17:02:38', '2015-02-18 17:02:38', NULL, 0.0, 0.0, 0.0, 676);

INSERT INTO `meeting_individual_results` (`id`, `rank`, `is_play_off`, `is_out_of_race`, `is_disqualified`, `standard_points`, `meeting_individual_points`, `minutes`, `seconds`, `hundreds`, `meeting_program_id`, `swimmer_id`, `team_id`, `badge_id`, `user_id`, `created_at`, `updated_at`, `disqualification_code_type_id`, `goggle_cup_points`, `reaction_time`, `team_points`, `team_affiliation_id`)
  VALUES (138109, 5, 1, 0, 0, 665.56, 665.56, 0, 36, 9, 11825, 1999, 82, 5183, 1, '2015-02-18 17:02:39', '2015-02-18 17:02:39', NULL, 0.0, 0.0, 0.0, 275);

INSERT INTO `meeting_individual_results` (`id`, `rank`, `is_play_off`, `is_out_of_race`, `is_disqualified`, `standard_points`, `meeting_individual_points`, `minutes`, `seconds`, `hundreds`, `meeting_program_id`, `swimmer_id`, `team_id`, `badge_id`, `user_id`, `created_at`, `updated_at`, `disqualification_code_type_id`, `goggle_cup_points`, `reaction_time`, `team_points`, `team_affiliation_id`)
  VALUES (138110, 6, 1, 0, 0, 644.66, 644.66, 0, 37, 26, 11825, 2786, 164, 5992, 1, '2015-02-18 17:02:39', '2015-02-18 17:02:39', NULL, 0.0, 0.0, 0.0, 359);

INSERT INTO `meeting_individual_results` (`id`, `rank`, `is_play_off`, `is_out_of_race`, `is_disqualified`, `standard_points`, `meeting_individual_points`, `minutes`, `seconds`, `hundreds`, `meeting_program_id`, `swimmer_id`, `team_id`, `badge_id`, `user_id`, `created_at`, `updated_at`, `disqualification_code_type_id`, `goggle_cup_points`, `reaction_time`, `team_points`, `team_affiliation_id`)
  VALUES (138111, 1, 1, 0, 0, 865.87, 865.87, 0, 28, 48, 11826, 2201, 108, 5397, 1, '2015-02-18 17:02:39', '2015-02-18 17:02:39', NULL, 0.0, 0.0, 0.0, 301);

INSERT INTO `meeting_individual_results` (`id`, `rank`, `is_play_off`, `is_out_of_race`, `is_disqualified`, `standard_points`, `meeting_individual_points`, `minutes`, `seconds`, `hundreds`, `meeting_program_id`, `swimmer_id`, `team_id`, `badge_id`, `user_id`, `created_at`, `updated_at`, `disqualification_code_type_id`, `goggle_cup_points`, `reaction_time`, `team_points`, `team_affiliation_id`)
  VALUES (138112, 2, 1, 0, 0, 752.52, 752.52, 0, 32, 77, 11826, 11329, 557, 15073, 1, '2015-02-18 17:02:39', '2015-02-18 17:02:39', NULL, 0.0, 0.0, 0.0, 777);

INSERT INTO `meeting_individual_results` (`id`, `rank`, `is_play_off`, `is_out_of_race`, `is_disqualified`, `standard_points`, `meeting_individual_points`, `minutes`, `seconds`, `hundreds`, `meeting_program_id`, `swimmer_id`, `team_id`, `badge_id`, `user_id`, `created_at`, `updated_at`, `disqualification_code_type_id`, `goggle_cup_points`, `reaction_time`, `team_points`, `team_affiliation_id`)
  VALUES (138113, 3, 1, 0, 0, 729.8, 729.8, 0, 33, 79, 11826, 2804, 99, 6011, 1, '2015-02-18 17:02:39', '2015-02-18 17:02:39', NULL, 0.0, 0.0, 0.0, 292);

INSERT INTO `meeting_individual_results` (`id`, `rank`, `is_play_off`, `is_out_of_race`, `is_disqualified`, `standard_points`, `meeting_individual_points`, `minutes`, `seconds`, `hundreds`, `meeting_program_id`, `swimmer_id`, `team_id`, `badge_id`, `user_id`, `created_at`, `updated_at`, `disqualification_code_type_id`, `goggle_cup_points`, `reaction_time`, `team_points`, `team_affiliation_id`)
  VALUES (138114, 4, 1, 0, 0, 702.96, 702.96, 0, 35, 8, 11826, 5784, 68, 9332, 1, '2015-02-18 17:02:39', '2015-02-18 17:02:39', NULL, 0.0, 0.0, 0.0, 261);

INSERT INTO `meeting_individual_results` (`id`, `rank`, `is_play_off`, `is_out_of_race`, `is_disqualified`, `standard_points`, `meeting_individual_points`, `minutes`, `seconds`, `hundreds`, `meeting_program_id`, `swimmer_id`, `team_id`, `badge_id`, `user_id`, `created_at`, `updated_at`, `disqualification_code_type_id`, `goggle_cup_points`, `reaction_time`, `team_points`, `team_affiliation_id`)
  VALUES (138115, 5, 1, 0, 0, 642.35, 642.35, 0, 38, 39, 11826, 8612, 462, 12287, 1, '2015-02-18 17:02:39', '2015-02-18 17:02:39', NULL, 0.0, 0.0, 0.0, 682);

INSERT INTO `meeting_individual_results` (`id`, `rank`, `is_play_off`, `is_out_of_race`, `is_disqualified`, `standard_points`, `meeting_individual_points`, `minutes`, `seconds`, `hundreds`, `meeting_program_id`, `swimmer_id`, `team_id`, `badge_id`, `user_id`, `created_at`, `updated_at`, `disqualification_code_type_id`, `goggle_cup_points`, `reaction_time`, `team_points`, `team_affiliation_id`)
  VALUES (138116, 1, 1, 0, 1, 0.0, 0.0, 0, 0, 0, 11827, 9451, 498, 13242, 1, '2015-02-18 17:02:39', '2015-02-18 17:02:39', 1, 0.0, 0.0, 0.0, 718);

INSERT INTO `meeting_individual_results` (`id`, `rank`, `is_play_off`, `is_out_of_race`, `is_disqualified`, `standard_points`, `meeting_individual_points`, `minutes`, `seconds`, `hundreds`, `meeting_program_id`, `swimmer_id`, `team_id`, `badge_id`, `user_id`, `created_at`, `updated_at`, `disqualification_code_type_id`, `goggle_cup_points`, `reaction_time`, `team_points`, `team_affiliation_id`)
  VALUES (138117, 1, 1, 0, 0, 720.43, 720.43, 0, 36, 52, 11828, 2159, 102, 5352, 1, '2015-02-18 17:02:39', '2015-02-18 17:02:39', NULL, 0.0, 0.0, 0.0, 295);

INSERT INTO `meeting_individual_results` (`id`, `rank`, `is_play_off`, `is_out_of_race`, `is_disqualified`, `standard_points`, `meeting_individual_points`, `minutes`, `seconds`, `hundreds`, `meeting_program_id`, `swimmer_id`, `team_id`, `badge_id`, `user_id`, `created_at`, `updated_at`, `disqualification_code_type_id`, `goggle_cup_points`, `reaction_time`, `team_points`, `team_affiliation_id`)
  VALUES (138118, 1, 1, 0, 0, 720.84, 720.84, 0, 46, 46, 11829, 8427, 450, 12448, 1, '2015-02-18 17:02:39', '2015-02-18 17:02:39', NULL, 0.0, 0.0, 0.0, 670);

INSERT INTO `meeting_individual_results` (`id`, `rank`, `is_play_off`, `is_out_of_race`, `is_disqualified`, `standard_points`, `meeting_individual_points`, `minutes`, `seconds`, `hundreds`, `meeting_program_id`, `swimmer_id`, `team_id`, `badge_id`, `user_id`, `created_at`, `updated_at`, `disqualification_code_type_id`, `goggle_cup_points`, `reaction_time`, `team_points`, `team_affiliation_id`)
  VALUES (138119, 2, 1, 0, 0, 583.25, 583.25, 0, 57, 42, 11829, 8689, 450, 12406, 1, '2015-02-18 17:02:40', '2015-02-18 17:02:40', NULL, 0.0, 0.0, 0.0, 670);

INSERT INTO `meeting_team_scores` (`id`, `sum_individual_points`, `sum_relay_points`, `team_id`, `meeting_id`, `created_at`, `updated_at`, `rank`, `user_id`, `sum_team_points`, `meeting_individual_points`, `meeting_relay_points`, `meeting_team_points`, `season_individual_points`, `season_relay_points`, `season_team_points`, `season_id`, `team_affiliation_id`)
  VALUES (2416, 18912.9, 0.0, 456, 13249, '2015-02-18 17:02:40', '2015-02-18 17:02:40', 0, 1, 0.0, 0.0, 0.0, 0.0, 0.0, 0.0, 0.0, 132, 676);

INSERT INTO `meeting_team_scores` (`id`, `sum_individual_points`, `sum_relay_points`, `team_id`, `meeting_id`, `created_at`, `updated_at`, `rank`, `user_id`, `sum_team_points`, `meeting_individual_points`, `meeting_relay_points`, `meeting_team_points`, `season_individual_points`, `season_relay_points`, `season_team_points`, `season_id`, `team_affiliation_id`)
  VALUES (2417, 10959.73, 0.0, 557, 13249, '2015-02-18 17:02:40', '2015-02-18 17:02:40', 0, 1, 0.0, 0.0, 0.0, 0.0, 0.0, 0.0, 0.0, 132, 777);

INSERT INTO `meeting_team_scores` (`id`, `sum_individual_points`, `sum_relay_points`, `team_id`, `meeting_id`, `created_at`, `updated_at`, `rank`, `user_id`, `sum_team_points`, `meeting_individual_points`, `meeting_relay_points`, `meeting_team_points`, `season_individual_points`, `season_relay_points`, `season_team_points`, `season_id`, `team_affiliation_id`)
  VALUES (2418, 10220.96, 0.0, 102, 13249, '2015-02-18 17:02:40', '2015-02-18 17:02:40', 0, 1, 0.0, 0.0, 0.0, 0.0, 0.0, 0.0, 0.0, 132, 295);

INSERT INTO `meeting_team_scores` (`id`, `sum_individual_points`, `sum_relay_points`, `team_id`, `meeting_id`, `created_at`, `updated_at`, `rank`, `user_id`, `sum_team_points`, `meeting_individual_points`, `meeting_relay_points`, `meeting_team_points`, `season_individual_points`, `season_relay_points`, `season_team_points`, `season_id`, `team_affiliation_id`)
  VALUES (2419, 9966.11, 0.0, 364, 13249, '2015-02-18 17:02:40', '2015-02-18 17:02:40', 0, 1, 0.0, 0.0, 0.0, 0.0, 0.0, 0.0, 0.0, 132, 583);

INSERT INTO `meeting_team_scores` (`id`, `sum_individual_points`, `sum_relay_points`, `team_id`, `meeting_id`, `created_at`, `updated_at`, `rank`, `user_id`, `sum_team_points`, `meeting_individual_points`, `meeting_relay_points`, `meeting_team_points`, `season_individual_points`, `season_relay_points`, `season_team_points`, `season_id`, `team_affiliation_id`)
  VALUES (2420, 9609.29, 0.0, 451, 13249, '2015-02-18 17:02:40', '2015-02-18 17:02:40', 0, 1, 0.0, 0.0, 0.0, 0.0, 0.0, 0.0, 0.0, 132, 671);

INSERT INTO `meeting_team_scores` (`id`, `sum_individual_points`, `sum_relay_points`, `team_id`, `meeting_id`, `created_at`, `updated_at`, `rank`, `user_id`, `sum_team_points`, `meeting_individual_points`, `meeting_relay_points`, `meeting_team_points`, `season_individual_points`, `season_relay_points`, `season_team_points`, `season_id`, `team_affiliation_id`)
  VALUES (2421, 9021.22, 0.0, 518, 13249, '2015-02-18 17:02:40', '2015-02-18 17:02:40', 0, 1, 0.0, 0.0, 0.0, 0.0, 0.0, 0.0, 0.0, 132, 738);

INSERT INTO `meeting_team_scores` (`id`, `sum_individual_points`, `sum_relay_points`, `team_id`, `meeting_id`, `created_at`, `updated_at`, `rank`, `user_id`, `sum_team_points`, `meeting_individual_points`, `meeting_relay_points`, `meeting_team_points`, `season_individual_points`, `season_relay_points`, `season_team_points`, `season_id`, `team_affiliation_id`)
  VALUES (2422, 7817.83, 0.0, 449, 13249, '2015-02-18 17:02:40', '2015-02-18 17:02:40', 0, 1, 0.0, 0.0, 0.0, 0.0, 0.0, 0.0, 0.0, 132, 669);

INSERT INTO `meeting_team_scores` (`id`, `sum_individual_points`, `sum_relay_points`, `team_id`, `meeting_id`, `created_at`, `updated_at`, `rank`, `user_id`, `sum_team_points`, `meeting_individual_points`, `meeting_relay_points`, `meeting_team_points`, `season_individual_points`, `season_relay_points`, `season_team_points`, `season_id`, `team_affiliation_id`)
  VALUES (2423, 7750.52, 0.0, 164, 13249, '2015-02-18 17:02:40', '2015-02-18 17:02:40', 0, 1, 0.0, 0.0, 0.0, 0.0, 0.0, 0.0, 0.0, 132, 359);

INSERT INTO `meeting_team_scores` (`id`, `sum_individual_points`, `sum_relay_points`, `team_id`, `meeting_id`, `created_at`, `updated_at`, `rank`, `user_id`, `sum_team_points`, `meeting_individual_points`, `meeting_relay_points`, `meeting_team_points`, `season_individual_points`, `season_relay_points`, `season_team_points`, `season_id`, `team_affiliation_id`)
  VALUES (2424, 7649.23, 0.0, 462, 13249, '2015-02-18 17:02:40', '2015-02-18 17:02:40', 0, 1, 0.0, 0.0, 0.0, 0.0, 0.0, 0.0, 0.0, 132, 682);

INSERT INTO `meeting_team_scores` (`id`, `sum_individual_points`, `sum_relay_points`, `team_id`, `meeting_id`, `created_at`, `updated_at`, `rank`, `user_id`, `sum_team_points`, `meeting_individual_points`, `meeting_relay_points`, `meeting_team_points`, `season_individual_points`, `season_relay_points`, `season_team_points`, `season_id`, `team_affiliation_id`)
  VALUES (2425, 7583.83, 0.0, 99, 13249, '2015-02-18 17:02:40', '2015-02-18 17:02:40', 0, 1, 0.0, 0.0, 0.0, 0.0, 0.0, 0.0, 0.0, 132, 292);

INSERT INTO `meeting_team_scores` (`id`, `sum_individual_points`, `sum_relay_points`, `team_id`, `meeting_id`, `created_at`, `updated_at`, `rank`, `user_id`, `sum_team_points`, `meeting_individual_points`, `meeting_relay_points`, `meeting_team_points`, `season_individual_points`, `season_relay_points`, `season_team_points`, `season_id`, `team_affiliation_id`)
  VALUES (2426, 7232.22, 0.0, 42, 13249, '2015-02-18 17:02:40', '2015-02-18 17:02:40', 0, 1, 0.0, 0.0, 0.0, 0.0, 0.0, 0.0, 0.0, 132, 235);

INSERT INTO `meeting_team_scores` (`id`, `sum_individual_points`, `sum_relay_points`, `team_id`, `meeting_id`, `created_at`, `updated_at`, `rank`, `user_id`, `sum_team_points`, `meeting_individual_points`, `meeting_relay_points`, `meeting_team_points`, `season_individual_points`, `season_relay_points`, `season_team_points`, `season_id`, `team_affiliation_id`)
  VALUES (2427, 6679.03, 0.0, 450, 13249, '2015-02-18 17:02:40', '2015-02-18 17:02:40', 0, 1, 0.0, 0.0, 0.0, 0.0, 0.0, 0.0, 0.0, 132, 670);

INSERT INTO `meeting_team_scores` (`id`, `sum_individual_points`, `sum_relay_points`, `team_id`, `meeting_id`, `created_at`, `updated_at`, `rank`, `user_id`, `sum_team_points`, `meeting_individual_points`, `meeting_relay_points`, `meeting_team_points`, `season_individual_points`, `season_relay_points`, `season_team_points`, `season_id`, `team_affiliation_id`)
  VALUES (2428, 5969.26, 0.0, 2, 13249, '2015-02-18 17:02:40', '2015-02-18 17:02:40', 0, 1, 0.0, 0.0, 0.0, 0.0, 0.0, 0.0, 0.0, 132, 445);

INSERT INTO `meeting_team_scores` (`id`, `sum_individual_points`, `sum_relay_points`, `team_id`, `meeting_id`, `created_at`, `updated_at`, `rank`, `user_id`, `sum_team_points`, `meeting_individual_points`, `meeting_relay_points`, `meeting_team_points`, `season_individual_points`, `season_relay_points`, `season_team_points`, `season_id`, `team_affiliation_id`)
  VALUES (2429, 5693.23, 0.0, 163, 13249, '2015-02-18 17:02:40', '2015-02-18 17:02:40', 0, 1, 0.0, 0.0, 0.0, 0.0, 0.0, 0.0, 0.0, 132, 358);

INSERT INTO `meeting_team_scores` (`id`, `sum_individual_points`, `sum_relay_points`, `team_id`, `meeting_id`, `created_at`, `updated_at`, `rank`, `user_id`, `sum_team_points`, `meeting_individual_points`, `meeting_relay_points`, `meeting_team_points`, `season_individual_points`, `season_relay_points`, `season_team_points`, `season_id`, `team_affiliation_id`)
  VALUES (2430, 5490.87, 0.0, 68, 13249, '2015-02-18 17:02:40', '2015-02-18 17:02:40', 0, 1, 0.0, 0.0, 0.0, 0.0, 0.0, 0.0, 0.0, 132, 261);

INSERT INTO `meeting_team_scores` (`id`, `sum_individual_points`, `sum_relay_points`, `team_id`, `meeting_id`, `created_at`, `updated_at`, `rank`, `user_id`, `sum_team_points`, `meeting_individual_points`, `meeting_relay_points`, `meeting_team_points`, `season_individual_points`, `season_relay_points`, `season_team_points`, `season_id`, `team_affiliation_id`)
  VALUES (2431, 4702.01, 0.0, 177, 13249, '2015-02-18 17:02:40', '2015-02-18 17:02:40', 0, 1, 0.0, 0.0, 0.0, 0.0, 0.0, 0.0, 0.0, 132, 372);

INSERT INTO `meeting_team_scores` (`id`, `sum_individual_points`, `sum_relay_points`, `team_id`, `meeting_id`, `created_at`, `updated_at`, `rank`, `user_id`, `sum_team_points`, `meeting_individual_points`, `meeting_relay_points`, `meeting_team_points`, `season_individual_points`, `season_relay_points`, `season_team_points`, `season_id`, `team_affiliation_id`)
  VALUES (2432, 4249.73, 0.0, 44, 13249, '2015-02-18 17:02:40', '2015-02-18 17:02:40', 0, 1, 0.0, 0.0, 0.0, 0.0, 0.0, 0.0, 0.0, 132, 237);

INSERT INTO `meeting_team_scores` (`id`, `sum_individual_points`, `sum_relay_points`, `team_id`, `meeting_id`, `created_at`, `updated_at`, `rank`, `user_id`, `sum_team_points`, `meeting_individual_points`, `meeting_relay_points`, `meeting_team_points`, `season_individual_points`, `season_relay_points`, `season_team_points`, `season_id`, `team_affiliation_id`)
  VALUES (2433, 3351.99, 0.0, 469, 13249, '2015-02-18 17:02:40', '2015-02-18 17:02:40', 0, 1, 0.0, 0.0, 0.0, 0.0, 0.0, 0.0, 0.0, 132, 689);

INSERT INTO `meeting_team_scores` (`id`, `sum_individual_points`, `sum_relay_points`, `team_id`, `meeting_id`, `created_at`, `updated_at`, `rank`, `user_id`, `sum_team_points`, `meeting_individual_points`, `meeting_relay_points`, `meeting_team_points`, `season_individual_points`, `season_relay_points`, `season_team_points`, `season_id`, `team_affiliation_id`)
  VALUES (2434, 3217.36, 0.0, 74, 13249, '2015-02-18 17:02:40', '2015-02-18 17:02:40', 0, 1, 0.0, 0.0, 0.0, 0.0, 0.0, 0.0, 0.0, 132, 267);

INSERT INTO `meeting_team_scores` (`id`, `sum_individual_points`, `sum_relay_points`, `team_id`, `meeting_id`, `created_at`, `updated_at`, `rank`, `user_id`, `sum_team_points`, `meeting_individual_points`, `meeting_relay_points`, `meeting_team_points`, `season_individual_points`, `season_relay_points`, `season_team_points`, `season_id`, `team_affiliation_id`)
  VALUES (2435, 3035.63, 0.0, 470, 13249, '2015-02-18 17:02:41', '2015-02-18 17:02:41', 0, 1, 0.0, 0.0, 0.0, 0.0, 0.0, 0.0, 0.0, 132, 690);

INSERT INTO `meeting_team_scores` (`id`, `sum_individual_points`, `sum_relay_points`, `team_id`, `meeting_id`, `created_at`, `updated_at`, `rank`, `user_id`, `sum_team_points`, `meeting_individual_points`, `meeting_relay_points`, `meeting_team_points`, `season_individual_points`, `season_relay_points`, `season_team_points`, `season_id`, `team_affiliation_id`)
  VALUES (2436, 3034.97, 0.0, 467, 13249, '2015-02-18 17:02:41', '2015-02-18 17:02:41', 0, 1, 0.0, 0.0, 0.0, 0.0, 0.0, 0.0, 0.0, 132, 687);

INSERT INTO `meeting_team_scores` (`id`, `sum_individual_points`, `sum_relay_points`, `team_id`, `meeting_id`, `created_at`, `updated_at`, `rank`, `user_id`, `sum_team_points`, `meeting_individual_points`, `meeting_relay_points`, `meeting_team_points`, `season_individual_points`, `season_relay_points`, `season_team_points`, `season_id`, `team_affiliation_id`)
  VALUES (2437, 2823.24, 0.0, 138, 13249, '2015-02-18 17:02:41', '2015-02-18 17:02:41', 0, 1, 0.0, 0.0, 0.0, 0.0, 0.0, 0.0, 0.0, 132, 333);

INSERT INTO `meeting_team_scores` (`id`, `sum_individual_points`, `sum_relay_points`, `team_id`, `meeting_id`, `created_at`, `updated_at`, `rank`, `user_id`, `sum_team_points`, `meeting_individual_points`, `meeting_relay_points`, `meeting_team_points`, `season_individual_points`, `season_relay_points`, `season_team_points`, `season_id`, `team_affiliation_id`)
  VALUES (2438, 1852.52, 0.0, 54, 13249, '2015-02-18 17:02:41', '2015-02-18 17:02:41', 0, 1, 0.0, 0.0, 0.0, 0.0, 0.0, 0.0, 0.0, 132, 247);

INSERT INTO `meeting_team_scores` (`id`, `sum_individual_points`, `sum_relay_points`, `team_id`, `meeting_id`, `created_at`, `updated_at`, `rank`, `user_id`, `sum_team_points`, `meeting_individual_points`, `meeting_relay_points`, `meeting_team_points`, `season_individual_points`, `season_relay_points`, `season_team_points`, `season_id`, `team_affiliation_id`)
  VALUES (2439, 1793.06, 0.0, 125, 13249, '2015-02-18 17:02:41', '2015-02-18 17:02:41', 0, 1, 0.0, 0.0, 0.0, 0.0, 0.0, 0.0, 0.0, 132, 318);

INSERT INTO `meeting_team_scores` (`id`, `sum_individual_points`, `sum_relay_points`, `team_id`, `meeting_id`, `created_at`, `updated_at`, `rank`, `user_id`, `sum_team_points`, `meeting_individual_points`, `meeting_relay_points`, `meeting_team_points`, `season_individual_points`, `season_relay_points`, `season_team_points`, `season_id`, `team_affiliation_id`)
  VALUES (2440, 1714.58, 0.0, 108, 13249, '2015-02-18 17:02:41', '2015-02-18 17:02:41', 0, 1, 0.0, 0.0, 0.0, 0.0, 0.0, 0.0, 0.0, 132, 301);

INSERT INTO `meeting_team_scores` (`id`, `sum_individual_points`, `sum_relay_points`, `team_id`, `meeting_id`, `created_at`, `updated_at`, `rank`, `user_id`, `sum_team_points`, `meeting_individual_points`, `meeting_relay_points`, `meeting_team_points`, `season_individual_points`, `season_relay_points`, `season_team_points`, `season_id`, `team_affiliation_id`)
  VALUES (2441, 1678.71, 0.0, 176, 13249, '2015-02-18 17:02:41', '2015-02-18 17:02:41', 0, 1, 0.0, 0.0, 0.0, 0.0, 0.0, 0.0, 0.0, 132, 371);

INSERT INTO `meeting_team_scores` (`id`, `sum_individual_points`, `sum_relay_points`, `team_id`, `meeting_id`, `created_at`, `updated_at`, `rank`, `user_id`, `sum_team_points`, `meeting_individual_points`, `meeting_relay_points`, `meeting_team_points`, `season_individual_points`, `season_relay_points`, `season_team_points`, `season_id`, `team_affiliation_id`)
  VALUES (2442, 1621.56, 0.0, 169, 13249, '2015-02-18 17:02:41', '2015-02-18 17:02:41', 0, 1, 0.0, 0.0, 0.0, 0.0, 0.0, 0.0, 0.0, 132, 364);

INSERT INTO `meeting_team_scores` (`id`, `sum_individual_points`, `sum_relay_points`, `team_id`, `meeting_id`, `created_at`, `updated_at`, `rank`, `user_id`, `sum_team_points`, `meeting_individual_points`, `meeting_relay_points`, `meeting_team_points`, `season_individual_points`, `season_relay_points`, `season_team_points`, `season_id`, `team_affiliation_id`)
  VALUES (2443, 1615.38, 0.0, 224, 13249, '2015-02-18 17:02:41', '2015-02-18 17:02:41', 0, 1, 0.0, 0.0, 0.0, 0.0, 0.0, 0.0, 0.0, 132, 419);

INSERT INTO `meeting_team_scores` (`id`, `sum_individual_points`, `sum_relay_points`, `team_id`, `meeting_id`, `created_at`, `updated_at`, `rank`, `user_id`, `sum_team_points`, `meeting_individual_points`, `meeting_relay_points`, `meeting_team_points`, `season_individual_points`, `season_relay_points`, `season_team_points`, `season_id`, `team_affiliation_id`)
  VALUES (2444, 1515.0, 0.0, 73, 13249, '2015-02-18 17:02:41', '2015-02-18 17:02:41', 0, 1, 0.0, 0.0, 0.0, 0.0, 0.0, 0.0, 0.0, 132, 266);

INSERT INTO `meeting_team_scores` (`id`, `sum_individual_points`, `sum_relay_points`, `team_id`, `meeting_id`, `created_at`, `updated_at`, `rank`, `user_id`, `sum_team_points`, `meeting_individual_points`, `meeting_relay_points`, `meeting_team_points`, `season_individual_points`, `season_relay_points`, `season_team_points`, `season_id`, `team_affiliation_id`)
  VALUES (2445, 1468.64, 0.0, 373, 13249, '2015-02-18 17:02:41', '2015-02-18 17:02:41', 0, 1, 0.0, 0.0, 0.0, 0.0, 0.0, 0.0, 0.0, 132, 593);

INSERT INTO `meeting_team_scores` (`id`, `sum_individual_points`, `sum_relay_points`, `team_id`, `meeting_id`, `created_at`, `updated_at`, `rank`, `user_id`, `sum_team_points`, `meeting_individual_points`, `meeting_relay_points`, `meeting_team_points`, `season_individual_points`, `season_relay_points`, `season_team_points`, `season_id`, `team_affiliation_id`)
  VALUES (2446, 1333.77, 0.0, 85, 13249, '2015-02-18 17:02:41', '2015-02-18 17:02:41', 0, 1, 0.0, 0.0, 0.0, 0.0, 0.0, 0.0, 0.0, 132, 278);

INSERT INTO `meeting_team_scores` (`id`, `sum_individual_points`, `sum_relay_points`, `team_id`, `meeting_id`, `created_at`, `updated_at`, `rank`, `user_id`, `sum_team_points`, `meeting_individual_points`, `meeting_relay_points`, `meeting_team_points`, `season_individual_points`, `season_relay_points`, `season_team_points`, `season_id`, `team_affiliation_id`)
  VALUES (2447, 1329.15, 0.0, 82, 13249, '2015-02-18 17:02:41', '2015-02-18 17:02:41', 0, 1, 0.0, 0.0, 0.0, 0.0, 0.0, 0.0, 0.0, 132, 275);

INSERT INTO `meeting_team_scores` (`id`, `sum_individual_points`, `sum_relay_points`, `team_id`, `meeting_id`, `created_at`, `updated_at`, `rank`, `user_id`, `sum_team_points`, `meeting_individual_points`, `meeting_relay_points`, `meeting_team_points`, `season_individual_points`, `season_relay_points`, `season_team_points`, `season_id`, `team_affiliation_id`)
  VALUES (2448, 853.67, 0.0, 498, 13249, '2015-02-18 17:02:41', '2015-02-18 17:02:41', 0, 1, 0.0, 0.0, 0.0, 0.0, 0.0, 0.0, 0.0, 132, 718);


-- 'Results acquired' flag setting:
UPDATE meetings SET are_results_acquired = '1' WHERE id = 13249;-- --- BeginTimeCalculator: compute_for_all( 13249 )
-- ----------------------------------------------------
-- Using RESULTS to compute heat length.

-- Event #1, M.Prg: 11706, tot. athletes: 2
-- Tot. progr. duration: 151 (sec), Heat durations: [15134] (hds)
-- Session begin time: 2013-12-21 08:30:00 +0100, Computed begin time: 2013-12-21 08:32:00 +0100
UPDATE meeting_programs SET begin_time = '2013-12-21 08:32' WHERE id = 11706;

-- Event #2, M.Prg: 11707, tot. athletes: 1
-- Tot. progr. duration: 132 (sec), Heat durations: [13246] (hds)
-- Session begin time: 2013-12-21 08:30:00 +0100, Computed begin time: 2013-12-21 08:34:31 +0100
UPDATE meeting_programs SET begin_time = '2013-12-21 08:34' WHERE id = 11707;

-- Event #3, M.Prg: 11708, tot. athletes: 1
-- Tot. progr. duration: 140 (sec), Heat durations: [14067] (hds)
-- Session begin time: 2013-12-21 08:30:00 +0100, Computed begin time: 2013-12-21 08:36:43 +0100
UPDATE meeting_programs SET begin_time = '2013-12-21 08:36' WHERE id = 11708;

-- Event #4, M.Prg: 11709, tot. athletes: 2
-- Tot. progr. duration: 150 (sec), Heat durations: [15036] (hds)
-- Session begin time: 2013-12-21 08:30:00 +0100, Computed begin time: 2013-12-21 08:39:03 +0100
UPDATE meeting_programs SET begin_time = '2013-12-21 08:39' WHERE id = 11709;

-- Event #5, M.Prg: 11710, tot. athletes: 1
-- Tot. progr. duration: 139 (sec), Heat durations: [13905] (hds)
-- Session begin time: 2013-12-21 08:30:00 +0100, Computed begin time: 2013-12-21 08:41:33 +0100
UPDATE meeting_programs SET begin_time = '2013-12-21 08:41' WHERE id = 11710;

-- Event #6, M.Prg: 11711, tot. athletes: 1
-- Tot. progr. duration: 136 (sec), Heat durations: [13644] (hds)
-- Session begin time: 2013-12-21 08:30:00 +0100, Computed begin time: 2013-12-21 08:43:52 +0100
UPDATE meeting_programs SET begin_time = '2013-12-21 08:43' WHERE id = 11711;

-- Event #7, M.Prg: 11712, tot. athletes: 1
-- Tot. progr. duration: 131 (sec), Heat durations: [13113] (hds)
-- Session begin time: 2013-12-21 08:30:00 +0100, Computed begin time: 2013-12-21 08:46:08 +0100
UPDATE meeting_programs SET begin_time = '2013-12-21 08:46' WHERE id = 11712;

-- Event #8, M.Prg: 11713, tot. athletes: 1
-- Tot. progr. duration: 127 (sec), Heat durations: [12750] (hds)
-- Session begin time: 2013-12-21 08:30:00 +0100, Computed begin time: 2013-12-21 08:48:19 +0100
UPDATE meeting_programs SET begin_time = '2013-12-21 08:48' WHERE id = 11713;

-- Event #9, M.Prg: 11714, tot. athletes: 1
-- Tot. progr. duration: 136 (sec), Heat durations: [13676] (hds)
-- Session begin time: 2013-12-21 08:30:00 +0100, Computed begin time: 2013-12-21 08:50:26 +0100
UPDATE meeting_programs SET begin_time = '2013-12-21 08:50' WHERE id = 11714;

-- Event #10, M.Prg: 11715, tot. athletes: 1
-- Tot. progr. duration: 137 (sec), Heat durations: [13730] (hds)
-- Session begin time: 2013-12-21 08:30:00 +0100, Computed begin time: 2013-12-21 08:52:42 +0100
UPDATE meeting_programs SET begin_time = '2013-12-21 08:52' WHERE id = 11715;

-- Event #11, M.Prg: 11716, tot. athletes: 1
-- Tot. progr. duration: 137 (sec), Heat durations: [13735] (hds)
-- Session begin time: 2013-12-21 08:30:00 +0100, Computed begin time: 2013-12-21 08:54:59 +0100
UPDATE meeting_programs SET begin_time = '2013-12-21 08:54' WHERE id = 11716;

-- Event #12, M.Prg: 11717, tot. athletes: 1
-- Tot. progr. duration: 154 (sec), Heat durations: [15484] (hds)
-- Session begin time: 2013-12-21 08:30:00 +0100, Computed begin time: 2013-12-21 08:57:16 +0100
UPDATE meeting_programs SET begin_time = '2013-12-21 08:57' WHERE id = 11717;

-- Event #13, M.Prg: 11718, tot. athletes: 1
-- Tot. progr. duration: 176 (sec), Heat durations: [17683] (hds)
-- Session begin time: 2013-12-21 08:30:00 +0100, Computed begin time: 2013-12-21 08:59:50 +0100
UPDATE meeting_programs SET begin_time = '2013-12-21 08:59' WHERE id = 11718;

-- Event #14, M.Prg: 11719, tot. athletes: 1
-- Tot. progr. duration: 146 (sec), Heat durations: [14610] (hds)
-- Session begin time: 2013-12-21 08:30:00 +0100, Computed begin time: 2013-12-21 09:02:46 +0100
UPDATE meeting_programs SET begin_time = '2013-12-21 09:02' WHERE id = 11719;

-- Event #15, M.Prg: 11720, tot. athletes: 2
-- Tot. progr. duration: 126 (sec), Heat durations: [12653] (hds)
-- Session begin time: 2013-12-21 08:30:00 +0100, Computed begin time: 2013-12-21 09:05:12 +0100
UPDATE meeting_programs SET begin_time = '2013-12-21 09:05' WHERE id = 11720;

-- Event #16, M.Prg: 11721, tot. athletes: 4
-- Tot. progr. duration: 155 (sec), Heat durations: [15595] (hds)
-- Session begin time: 2013-12-21 08:30:00 +0100, Computed begin time: 2013-12-21 09:07:18 +0100
UPDATE meeting_programs SET begin_time = '2013-12-21 09:07' WHERE id = 11721;

-- Event #17, M.Prg: 11722, tot. athletes: 2
-- Tot. progr. duration: 138 (sec), Heat durations: [13868] (hds)
-- Session begin time: 2013-12-21 08:30:00 +0100, Computed begin time: 2013-12-21 09:09:53 +0100
UPDATE meeting_programs SET begin_time = '2013-12-21 09:09' WHERE id = 11722;

-- Event #18, M.Prg: 11723, tot. athletes: 2
-- Tot. progr. duration: 143 (sec), Heat durations: [14337] (hds)
-- Session begin time: 2013-12-21 08:30:00 +0100, Computed begin time: 2013-12-21 09:12:11 +0100
UPDATE meeting_programs SET begin_time = '2013-12-21 09:12' WHERE id = 11723;

-- Event #19, M.Prg: 11724, tot. athletes: 1
-- Tot. progr. duration: 145 (sec), Heat durations: [14520] (hds)
-- Session begin time: 2013-12-21 08:30:00 +0100, Computed begin time: 2013-12-21 09:14:34 +0100
UPDATE meeting_programs SET begin_time = '2013-12-21 09:14' WHERE id = 11724;

-- Event #20, M.Prg: 11725, tot. athletes: 1
-- Tot. progr. duration: 158 (sec), Heat durations: [15877] (hds)
-- Session begin time: 2013-12-21 08:30:00 +0100, Computed begin time: 2013-12-21 09:16:59 +0100
UPDATE meeting_programs SET begin_time = '2013-12-21 09:16' WHERE id = 11725;

-- Event #21, M.Prg: 11726, tot. athletes: 1
-- Tot. progr. duration: 141 (sec), Heat durations: [14186] (hds)
-- Session begin time: 2013-12-21 08:30:00 +0100, Computed begin time: 2013-12-21 09:19:37 +0100
UPDATE meeting_programs SET begin_time = '2013-12-21 09:19' WHERE id = 11726;

-- Event #22, M.Prg: 11727, tot. athletes: 2
-- Tot. progr. duration: 148 (sec), Heat durations: [14829] (hds)
-- Session begin time: 2013-12-21 08:30:00 +0100, Computed begin time: 2013-12-21 09:21:58 +0100
UPDATE meeting_programs SET begin_time = '2013-12-21 09:21' WHERE id = 11727;

-- Event #23, M.Prg: 11728, tot. athletes: 2
-- Tot. progr. duration: 143 (sec), Heat durations: [14391] (hds)
-- Session begin time: 2013-12-21 08:30:00 +0100, Computed begin time: 2013-12-21 09:24:26 +0100
UPDATE meeting_programs SET begin_time = '2013-12-21 09:24' WHERE id = 11728;

-- Event #24, M.Prg: 11729, tot. athletes: 2
-- Tot. progr. duration: 136 (sec), Heat durations: [13642] (hds)
-- Session begin time: 2013-12-21 08:30:00 +0100, Computed begin time: 2013-12-21 09:26:49 +0100
UPDATE meeting_programs SET begin_time = '2013-12-21 09:26' WHERE id = 11729;

-- Event #25, M.Prg: 11730, tot. athletes: 2
-- Tot. progr. duration: 154 (sec), Heat durations: [15432] (hds)
-- Session begin time: 2013-12-21 08:30:00 +0100, Computed begin time: 2013-12-21 09:29:05 +0100
UPDATE meeting_programs SET begin_time = '2013-12-21 09:29' WHERE id = 11730;

-- Event #26, M.Prg: 11731, tot. athletes: 1
-- Tot. progr. duration: 60 (sec), Heat durations: [6000] (hds)
-- Session begin time: 2013-12-21 08:30:00 +0100, Computed begin time: 2013-12-21 09:31:39 +0100
UPDATE meeting_programs SET begin_time = '2013-12-21 09:31' WHERE id = 11731;

-- Event #27, M.Prg: 11732, tot. athletes: 2
-- Tot. progr. duration: 151 (sec), Heat durations: [15189] (hds)
-- Session begin time: 2013-12-21 08:30:00 +0100, Computed begin time: 2013-12-21 09:32:39 +0100
UPDATE meeting_programs SET begin_time = '2013-12-21 09:32' WHERE id = 11732;

-- Event #28, M.Prg: 11733, tot. athletes: 3
-- Tot. progr. duration: 136 (sec), Heat durations: [13610] (hds)
-- Session begin time: 2013-12-21 08:30:00 +0100, Computed begin time: 2013-12-21 09:35:10 +0100
UPDATE meeting_programs SET begin_time = '2013-12-21 09:35' WHERE id = 11733;

-- Event #29, M.Prg: 11734, tot. athletes: 2
-- Tot. progr. duration: 147 (sec), Heat durations: [14732] (hds)
-- Session begin time: 2013-12-21 08:30:00 +0100, Computed begin time: 2013-12-21 09:37:26 +0100
UPDATE meeting_programs SET begin_time = '2013-12-21 09:37' WHERE id = 11734;

-- Event #30, M.Prg: 11735, tot. athletes: 3
-- Tot. progr. duration: 154 (sec), Heat durations: [15464] (hds)
-- Session begin time: 2013-12-21 08:30:00 +0100, Computed begin time: 2013-12-21 09:39:53 +0100
UPDATE meeting_programs SET begin_time = '2013-12-21 09:39' WHERE id = 11735;

-- Event #31, M.Prg: 11736, tot. athletes: 4
-- Tot. progr. duration: 137 (sec), Heat durations: [13701] (hds)
-- Session begin time: 2013-12-21 08:30:00 +0100, Computed begin time: 2013-12-21 09:42:27 +0100
UPDATE meeting_programs SET begin_time = '2013-12-21 09:42' WHERE id = 11736;

-- Event #32, M.Prg: 11737, tot. athletes: 3
-- Tot. progr. duration: 134 (sec), Heat durations: [13484] (hds)
-- Session begin time: 2013-12-21 08:30:00 +0100, Computed begin time: 2013-12-21 09:44:44 +0100
UPDATE meeting_programs SET begin_time = '2013-12-21 09:44' WHERE id = 11737;

-- Event #33, M.Prg: 11738, tot. athletes: 3
-- Tot. progr. duration: 144 (sec), Heat durations: [14468] (hds)
-- Session begin time: 2013-12-21 08:30:00 +0100, Computed begin time: 2013-12-21 09:46:58 +0100
UPDATE meeting_programs SET begin_time = '2013-12-21 09:46' WHERE id = 11738;

-- Event #34, M.Prg: 11739, tot. athletes: 2
-- Tot. progr. duration: 147 (sec), Heat durations: [14759] (hds)
-- Session begin time: 2013-12-21 08:30:00 +0100, Computed begin time: 2013-12-21 09:49:22 +0100
UPDATE meeting_programs SET begin_time = '2013-12-21 09:49' WHERE id = 11739;

-- Event #35, M.Prg: 11740, tot. athletes: 1
-- Tot. progr. duration: 124 (sec), Heat durations: [12479] (hds)
-- Session begin time: 2013-12-21 08:30:00 +0100, Computed begin time: 2013-12-21 09:51:49 +0100
UPDATE meeting_programs SET begin_time = '2013-12-21 09:51' WHERE id = 11740;

-- Event #36, M.Prg: 11741, tot. athletes: 1
-- Tot. progr. duration: 60 (sec), Heat durations: [6000] (hds)
-- Session begin time: 2013-12-21 08:30:00 +0100, Computed begin time: 2013-12-21 09:53:53 +0100
UPDATE meeting_programs SET begin_time = '2013-12-21 09:53' WHERE id = 11741;

-- Event #37, M.Prg: 11742, tot. athletes: 2
-- Tot. progr. duration: 137 (sec), Heat durations: [13790] (hds)
-- Session begin time: 2013-12-21 08:30:00 +0100, Computed begin time: 2013-12-21 09:54:53 +0100
UPDATE meeting_programs SET begin_time = '2013-12-21 09:54' WHERE id = 11742;

-- Event #38, M.Prg: 11743, tot. athletes: 2
-- Tot. progr. duration: 163 (sec), Heat durations: [16352] (hds)
-- Session begin time: 2013-12-21 08:30:00 +0100, Computed begin time: 2013-12-21 09:57:10 +0100
UPDATE meeting_programs SET begin_time = '2013-12-21 09:57' WHERE id = 11743;

-- Event #39, M.Prg: 11744, tot. athletes: 1
-- Tot. progr. duration: 147 (sec), Heat durations: [14797] (hds)
-- Session begin time: 2013-12-21 08:30:00 +0100, Computed begin time: 2013-12-21 09:59:53 +0100
UPDATE meeting_programs SET begin_time = '2013-12-21 09:59' WHERE id = 11744;

-- Event #40, M.Prg: 11745, tot. athletes: 1
-- Tot. progr. duration: 60 (sec), Heat durations: [6000] (hds)
-- Session begin time: 2013-12-21 08:30:00 +0100, Computed begin time: 2013-12-21 10:02:20 +0100
UPDATE meeting_programs SET begin_time = '2013-12-21 10:02' WHERE id = 11745;

-- Event #41, M.Prg: 11746, tot. athletes: 1
-- Tot. progr. duration: 177 (sec), Heat durations: [17702] (hds)
-- Session begin time: 2013-12-21 08:30:00 +0100, Computed begin time: 2013-12-21 10:03:20 +0100
UPDATE meeting_programs SET begin_time = '2013-12-21 10:03' WHERE id = 11746;

-- Event #42, M.Prg: 11747, tot. athletes: 2
-- Tot. progr. duration: 154 (sec), Heat durations: [15456] (hds)
-- Session begin time: 2013-12-21 08:30:00 +0100, Computed begin time: 2013-12-21 10:06:17 +0100
UPDATE meeting_programs SET begin_time = '2013-12-21 10:06' WHERE id = 11747;

-- Event #43, M.Prg: 11748, tot. athletes: 5
-- Tot. progr. duration: 160 (sec), Heat durations: [16042] (hds)
-- Session begin time: 2013-12-21 08:30:00 +0100, Computed begin time: 2013-12-21 10:08:51 +0100
UPDATE meeting_programs SET begin_time = '2013-12-21 10:08' WHERE id = 11748;

-- Event #44, M.Prg: 11749, tot. athletes: 1
-- Tot. progr. duration: 142 (sec), Heat durations: [14222] (hds)
-- Session begin time: 2013-12-21 08:30:00 +0100, Computed begin time: 2013-12-21 10:11:31 +0100
UPDATE meeting_programs SET begin_time = '2013-12-21 10:11' WHERE id = 11749;

-- Event #45, M.Prg: 11750, tot. athletes: 4
-- Tot. progr. duration: 153 (sec), Heat durations: [15370] (hds)
-- Session begin time: 2013-12-21 08:30:00 +0100, Computed begin time: 2013-12-21 10:13:53 +0100
UPDATE meeting_programs SET begin_time = '2013-12-21 10:13' WHERE id = 11750;

-- Event #46, M.Prg: 11751, tot. athletes: 4
-- Tot. progr. duration: 159 (sec), Heat durations: [15970] (hds)
-- Session begin time: 2013-12-21 08:30:00 +0100, Computed begin time: 2013-12-21 10:16:26 +0100
UPDATE meeting_programs SET begin_time = '2013-12-21 10:16' WHERE id = 11751;

-- Event #47, M.Prg: 11752, tot. athletes: 2
-- Tot. progr. duration: 141 (sec), Heat durations: [14163] (hds)
-- Session begin time: 2013-12-21 08:30:00 +0100, Computed begin time: 2013-12-21 10:19:05 +0100
UPDATE meeting_programs SET begin_time = '2013-12-21 10:19' WHERE id = 11752;

-- Event #48, M.Prg: 11753, tot. athletes: 1
-- Tot. progr. duration: 163 (sec), Heat durations: [16379] (hds)
-- Session begin time: 2013-12-21 08:30:00 +0100, Computed begin time: 2013-12-21 10:21:26 +0100
UPDATE meeting_programs SET begin_time = '2013-12-21 10:21' WHERE id = 11753;

-- Event #49, M.Prg: 11754, tot. athletes: 1
-- Tot. progr. duration: 154 (sec), Heat durations: [15492] (hds)
-- Session begin time: 2013-12-21 08:30:00 +0100, Computed begin time: 2013-12-21 10:24:09 +0100
UPDATE meeting_programs SET begin_time = '2013-12-21 10:24' WHERE id = 11754;

-- Event #50, M.Prg: 11755, tot. athletes: 1
-- Tot. progr. duration: 60 (sec), Heat durations: [6000] (hds)
-- Session begin time: 2013-12-21 08:30:00 +0100, Computed begin time: 2013-12-21 10:26:43 +0100
UPDATE meeting_programs SET begin_time = '2013-12-21 10:26' WHERE id = 11755;

-- Event #51, M.Prg: 11756, tot. athletes: 1
-- Tot. progr. duration: 196 (sec), Heat durations: [19664] (hds)
-- Session begin time: 2013-12-21 08:30:00 +0100, Computed begin time: 2013-12-21 10:27:43 +0100
UPDATE meeting_programs SET begin_time = '2013-12-21 10:27' WHERE id = 11756;

-- Event #52, M.Prg: 11757, tot. athletes: 2
-- Tot. progr. duration: 132 (sec), Heat durations: [13255] (hds)
-- Session begin time: 2013-12-21 08:30:00 +0100, Computed begin time: 2013-12-21 10:30:59 +0100
UPDATE meeting_programs SET begin_time = '2013-12-21 10:30' WHERE id = 11757;

-- Event #53, M.Prg: 11758, tot. athletes: 1
-- Tot. progr. duration: 137 (sec), Heat durations: [13755] (hds)
-- Session begin time: 2013-12-21 08:30:00 +0100, Computed begin time: 2013-12-21 10:33:11 +0100
UPDATE meeting_programs SET begin_time = '2013-12-21 10:33' WHERE id = 11758;

-- Event #54, M.Prg: 11759, tot. athletes: 5
-- Tot. progr. duration: 122 (sec), Heat durations: [12206] (hds)
-- Session begin time: 2013-12-21 08:30:00 +0100, Computed begin time: 2013-12-21 10:35:28 +0100
UPDATE meeting_programs SET begin_time = '2013-12-21 10:35' WHERE id = 11759;

-- Event #55, M.Prg: 11760, tot. athletes: 2
-- Tot. progr. duration: 132 (sec), Heat durations: [13243] (hds)
-- Session begin time: 2013-12-21 08:30:00 +0100, Computed begin time: 2013-12-21 10:37:30 +0100
UPDATE meeting_programs SET begin_time = '2013-12-21 10:37' WHERE id = 11760;

-- Event #56, M.Prg: 11761, tot. athletes: 8
-- Tot. progr. duration: 132 (sec), Heat durations: [13254] (hds)
-- Session begin time: 2013-12-21 08:30:00 +0100, Computed begin time: 2013-12-21 10:39:42 +0100
UPDATE meeting_programs SET begin_time = '2013-12-21 10:39' WHERE id = 11761;

-- Event #57, M.Prg: 11762, tot. athletes: 3
-- Tot. progr. duration: 123 (sec), Heat durations: [12382] (hds)
-- Session begin time: 2013-12-21 08:30:00 +0100, Computed begin time: 2013-12-21 10:41:54 +0100
UPDATE meeting_programs SET begin_time = '2013-12-21 10:41' WHERE id = 11762;

-- Event #58, M.Prg: 11763, tot. athletes: 5
-- Tot. progr. duration: 141 (sec), Heat durations: [14135] (hds)
-- Session begin time: 2013-12-21 08:30:00 +0100, Computed begin time: 2013-12-21 10:43:57 +0100
UPDATE meeting_programs SET begin_time = '2013-12-21 10:43' WHERE id = 11763;

-- Event #59, M.Prg: 11764, tot. athletes: 4
-- Tot. progr. duration: 147 (sec), Heat durations: [14772] (hds)
-- Session begin time: 2013-12-21 08:30:00 +0100, Computed begin time: 2013-12-21 10:46:18 +0100
UPDATE meeting_programs SET begin_time = '2013-12-21 10:46' WHERE id = 11764;

-- Event #60, M.Prg: 11765, tot. athletes: 1
-- Tot. progr. duration: 126 (sec), Heat durations: [12656] (hds)
-- Session begin time: 2013-12-21 08:30:00 +0100, Computed begin time: 2013-12-21 10:48:45 +0100
UPDATE meeting_programs SET begin_time = '2013-12-21 10:48' WHERE id = 11765;

-- Event #61, M.Prg: 11766, tot. athletes: 1
-- Tot. progr. duration: 142 (sec), Heat durations: [14299] (hds)
-- Session begin time: 2013-12-21 08:30:00 +0100, Computed begin time: 2013-12-21 10:50:51 +0100
UPDATE meeting_programs SET begin_time = '2013-12-21 10:50' WHERE id = 11766;

-- Event #62, M.Prg: 11767, tot. athletes: 1
-- Tot. progr. duration: 186 (sec), Heat durations: [18657] (hds)
-- Session begin time: 2013-12-21 08:30:00 +0100, Computed begin time: 2013-12-21 10:53:13 +0100
UPDATE meeting_programs SET begin_time = '2013-12-21 10:53' WHERE id = 11767;

-- Event #63, M.Prg: 11768, tot. athletes: 3
-- Tot. progr. duration: 122 (sec), Heat durations: [12233] (hds)
-- Session begin time: 2013-12-21 08:30:00 +0100, Computed begin time: 2013-12-21 10:56:19 +0100
UPDATE meeting_programs SET begin_time = '2013-12-21 10:56' WHERE id = 11768;

-- Event #64, M.Prg: 11769, tot. athletes: 1
-- Tot. progr. duration: 212 (sec), Heat durations: [21288] (hds)
-- Session begin time: 2013-12-21 08:30:00 +0100, Computed begin time: 2013-12-21 10:58:21 +0100
UPDATE meeting_programs SET begin_time = '2013-12-21 10:58' WHERE id = 11769;

-- Event #65, M.Prg: 11770, tot. athletes: 1
-- Tot. progr. duration: 246 (sec), Heat durations: [24634] (hds)
-- Session begin time: 2013-12-21 08:30:00 +0100, Computed begin time: 2013-12-21 11:01:53 +0100
UPDATE meeting_programs SET begin_time = '2013-12-21 11:01' WHERE id = 11770;

-- Event #66, M.Prg: 11771, tot. athletes: 1
-- Tot. progr. duration: 287 (sec), Heat durations: [28720] (hds)
-- Session begin time: 2013-12-21 08:30:00 +0100, Computed begin time: 2013-12-21 11:05:59 +0100
UPDATE meeting_programs SET begin_time = '2013-12-21 11:05' WHERE id = 11771;

-- Event #67, M.Prg: 11772, tot. athletes: 2
-- Tot. progr. duration: 220 (sec), Heat durations: [22064] (hds)
-- Session begin time: 2013-12-21 08:30:00 +0100, Computed begin time: 2013-12-21 11:10:46 +0100
UPDATE meeting_programs SET begin_time = '2013-12-21 11:10' WHERE id = 11772;

-- Event #68, M.Prg: 11773, tot. athletes: 2
-- Tot. progr. duration: 245 (sec), Heat durations: [24599] (hds)
-- Session begin time: 2013-12-21 08:30:00 +0100, Computed begin time: 2013-12-21 11:14:26 +0100
UPDATE meeting_programs SET begin_time = '2013-12-21 11:14' WHERE id = 11773;

-- Event #69, M.Prg: 11774, tot. athletes: 3
-- Tot. progr. duration: 229 (sec), Heat durations: [22999] (hds)
-- Session begin time: 2013-12-21 08:30:00 +0100, Computed begin time: 2013-12-21 11:18:31 +0100
UPDATE meeting_programs SET begin_time = '2013-12-21 11:18' WHERE id = 11774;

-- Event #70, M.Prg: 11775, tot. athletes: 2
-- Tot. progr. duration: 253 (sec), Heat durations: [25379] (hds)
-- Session begin time: 2013-12-21 08:30:00 +0100, Computed begin time: 2013-12-21 11:22:20 +0100
UPDATE meeting_programs SET begin_time = '2013-12-21 11:22' WHERE id = 11775;

-- Event #71, M.Prg: 11776, tot. athletes: 1
-- Tot. progr. duration: 283 (sec), Heat durations: [28376] (hds)
-- Session begin time: 2013-12-21 08:30:00 +0100, Computed begin time: 2013-12-21 11:26:33 +0100
UPDATE meeting_programs SET begin_time = '2013-12-21 11:26' WHERE id = 11776;

-- Event #72, M.Prg: 11777, tot. athletes: 1
-- Tot. progr. duration: 282 (sec), Heat durations: [28238] (hds)
-- Session begin time: 2013-12-21 08:30:00 +0100, Computed begin time: 2013-12-21 11:31:16 +0100
UPDATE meeting_programs SET begin_time = '2013-12-21 11:31' WHERE id = 11777;

-- Event #73, M.Prg: 11778, tot. athletes: 3
-- Tot. progr. duration: 224 (sec), Heat durations: [22431] (hds)
-- Session begin time: 2013-12-21 08:30:00 +0100, Computed begin time: 2013-12-21 11:35:58 +0100
UPDATE meeting_programs SET begin_time = '2013-12-21 11:35' WHERE id = 11778;

-- Event #74, M.Prg: 11779, tot. athletes: 1
-- Tot. progr. duration: 95 (sec), Heat durations: [9517] (hds)
-- Session begin time: 2013-12-21 08:30:00 +0100, Computed begin time: 2013-12-21 11:39:42 +0100
UPDATE meeting_programs SET begin_time = '2013-12-21 11:39' WHERE id = 11779;

-- Event #75, M.Prg: 11780, tot. athletes: 1
-- Tot. progr. duration: 103 (sec), Heat durations: [10336] (hds)
-- Session begin time: 2013-12-21 08:30:00 +0100, Computed begin time: 2013-12-21 11:41:17 +0100
UPDATE meeting_programs SET begin_time = '2013-12-21 11:41' WHERE id = 11780;

-- Event #76, M.Prg: 11781, tot. athletes: 4
-- Tot. progr. duration: 112 (sec), Heat durations: [11209] (hds)
-- Session begin time: 2013-12-21 08:30:00 +0100, Computed begin time: 2013-12-21 11:43:00 +0100
UPDATE meeting_programs SET begin_time = '2013-12-21 11:43' WHERE id = 11781;

-- Event #77, M.Prg: 11782, tot. athletes: 1
-- Tot. progr. duration: 103 (sec), Heat durations: [10383] (hds)
-- Session begin time: 2013-12-21 08:30:00 +0100, Computed begin time: 2013-12-21 11:44:52 +0100
UPDATE meeting_programs SET begin_time = '2013-12-21 11:44' WHERE id = 11782;

-- Event #78, M.Prg: 11783, tot. athletes: 2
-- Tot. progr. duration: 111 (sec), Heat durations: [11109] (hds)
-- Session begin time: 2013-12-21 08:30:00 +0100, Computed begin time: 2013-12-21 11:46:35 +0100
UPDATE meeting_programs SET begin_time = '2013-12-21 11:46' WHERE id = 11783;

-- Event #79, M.Prg: 11784, tot. athletes: 1
-- Tot. progr. duration: 94 (sec), Heat durations: [9489] (hds)
-- Session begin time: 2013-12-21 08:30:00 +0100, Computed begin time: 2013-12-21 11:48:26 +0100
UPDATE meeting_programs SET begin_time = '2013-12-21 11:48' WHERE id = 11784;

-- Event #80, M.Prg: 11785, tot. athletes: 2
-- Tot. progr. duration: 98 (sec), Heat durations: [9801] (hds)
-- Session begin time: 2013-12-21 08:30:00 +0100, Computed begin time: 2013-12-21 11:50:00 +0100
UPDATE meeting_programs SET begin_time = '2013-12-21 11:50' WHERE id = 11785;

-- Event #81, M.Prg: 11786, tot. athletes: 1
-- Tot. progr. duration: 100 (sec), Heat durations: [10019] (hds)
-- Session begin time: 2013-12-21 08:30:00 +0100, Computed begin time: 2013-12-21 11:51:38 +0100
UPDATE meeting_programs SET begin_time = '2013-12-21 11:51' WHERE id = 11786;

-- Event #82, M.Prg: 11787, tot. athletes: 2
-- Tot. progr. duration: 94 (sec), Heat durations: [9497] (hds)
-- Session begin time: 2013-12-21 08:30:00 +0100, Computed begin time: 2013-12-21 11:53:18 +0100
UPDATE meeting_programs SET begin_time = '2013-12-21 11:53' WHERE id = 11787;

-- Event #83, M.Prg: 11788, tot. athletes: 1
-- Tot. progr. duration: 100 (sec), Heat durations: [10085] (hds)
-- Session begin time: 2013-12-21 08:30:00 +0100, Computed begin time: 2013-12-21 11:54:52 +0100
UPDATE meeting_programs SET begin_time = '2013-12-21 11:54' WHERE id = 11788;

-- Event #84, M.Prg: 11789, tot. athletes: 3
-- Tot. progr. duration: 105 (sec), Heat durations: [10597] (hds)
-- Session begin time: 2013-12-21 08:30:00 +0100, Computed begin time: 2013-12-21 11:56:32 +0100
UPDATE meeting_programs SET begin_time = '2013-12-21 11:56' WHERE id = 11789;

-- Event #85, M.Prg: 11790, tot. athletes: 1
-- Tot. progr. duration: 60 (sec), Heat durations: [6000] (hds)
-- Session begin time: 2013-12-21 08:30:00 +0100, Computed begin time: 2013-12-21 11:58:17 +0100
UPDATE meeting_programs SET begin_time = '2013-12-21 11:58' WHERE id = 11790;

-- Event #86, M.Prg: 11791, tot. athletes: 1
-- Tot. progr. duration: 101 (sec), Heat durations: [10150] (hds)
-- Session begin time: 2013-12-21 08:30:00 +0100, Computed begin time: 2013-12-21 11:59:17 +0100
UPDATE meeting_programs SET begin_time = '2013-12-21 11:59' WHERE id = 11791;

-- Event #87, M.Prg: 11792, tot. athletes: 1
-- Tot. progr. duration: 133 (sec), Heat durations: [13393] (hds)
-- Session begin time: 2013-12-21 08:30:00 +0100, Computed begin time: 2013-12-21 12:00:58 +0100
UPDATE meeting_programs SET begin_time = '2013-12-21 12:00' WHERE id = 11792;

-- Event #88, M.Prg: 11793, tot. athletes: 1
-- Tot. progr. duration: 91 (sec), Heat durations: [9195] (hds)
-- Session begin time: 2013-12-21 08:30:00 +0100, Computed begin time: 2013-12-21 12:03:11 +0100
UPDATE meeting_programs SET begin_time = '2013-12-21 12:03' WHERE id = 11793;

-- Event #89, M.Prg: 11794, tot. athletes: 2
-- Tot. progr. duration: 89 (sec), Heat durations: [8985] (hds)
-- Session begin time: 2013-12-21 08:30:00 +0100, Computed begin time: 2013-12-21 12:04:42 +0100
UPDATE meeting_programs SET begin_time = '2013-12-21 12:04' WHERE id = 11794;

-- Event #90, M.Prg: 11795, tot. athletes: 2
-- Tot. progr. duration: 90 (sec), Heat durations: [9043] (hds)
-- Session begin time: 2013-12-21 08:30:00 +0100, Computed begin time: 2013-12-21 12:06:11 +0100
UPDATE meeting_programs SET begin_time = '2013-12-21 12:06' WHERE id = 11795;

-- Event #91, M.Prg: 11796, tot. athletes: 3
-- Tot. progr. duration: 94 (sec), Heat durations: [9418] (hds)
-- Session begin time: 2013-12-21 08:30:00 +0100, Computed begin time: 2013-12-21 12:07:41 +0100
UPDATE meeting_programs SET begin_time = '2013-12-21 12:07' WHERE id = 11796;

-- Event #92, M.Prg: 11797, tot. athletes: 2
-- Tot. progr. duration: 89 (sec), Heat durations: [8980] (hds)
-- Session begin time: 2013-12-21 08:30:00 +0100, Computed begin time: 2013-12-21 12:09:15 +0100
UPDATE meeting_programs SET begin_time = '2013-12-21 12:09' WHERE id = 11797;

-- Event #93, M.Prg: 11798, tot. athletes: 2
-- Tot. progr. duration: 101 (sec), Heat durations: [10193] (hds)
-- Session begin time: 2013-12-21 08:30:00 +0100, Computed begin time: 2013-12-21 12:10:44 +0100
UPDATE meeting_programs SET begin_time = '2013-12-21 12:10' WHERE id = 11798;

-- Event #94, M.Prg: 11799, tot. athletes: 1
-- Tot. progr. duration: 101 (sec), Heat durations: [10165] (hds)
-- Session begin time: 2013-12-21 08:30:00 +0100, Computed begin time: 2013-12-21 12:12:25 +0100
UPDATE meeting_programs SET begin_time = '2013-12-21 12:12' WHERE id = 11799;

-- Event #95, M.Prg: 11800, tot. athletes: 2
-- Tot. progr. duration: 103 (sec), Heat durations: [10377] (hds)
-- Session begin time: 2013-12-21 08:30:00 +0100, Computed begin time: 2013-12-21 12:14:06 +0100
UPDATE meeting_programs SET begin_time = '2013-12-21 12:14' WHERE id = 11800;

-- Event #96, M.Prg: 11801, tot. athletes: 1
-- Tot. progr. duration: 105 (sec), Heat durations: [10595] (hds)
-- Session begin time: 2013-12-21 08:30:00 +0100, Computed begin time: 2013-12-21 12:15:49 +0100
UPDATE meeting_programs SET begin_time = '2013-12-21 12:15' WHERE id = 11801;

-- Event #97, M.Prg: 11802, tot. athletes: 1
-- Tot. progr. duration: 100 (sec), Heat durations: [10064] (hds)
-- Session begin time: 2013-12-21 08:30:00 +0100, Computed begin time: 2013-12-21 12:17:34 +0100
UPDATE meeting_programs SET begin_time = '2013-12-21 12:17' WHERE id = 11802;

-- Event #98, M.Prg: 11803, tot. athletes: 1
-- Tot. progr. duration: 103 (sec), Heat durations: [10326] (hds)
-- Session begin time: 2013-12-21 08:30:00 +0100, Computed begin time: 2013-12-21 12:19:14 +0100
UPDATE meeting_programs SET begin_time = '2013-12-21 12:19' WHERE id = 11803;

-- Event #99, M.Prg: 11804, tot. athletes: 2
-- Tot. progr. duration: 108 (sec), Heat durations: [10880] (hds)
-- Session begin time: 2013-12-21 08:30:00 +0100, Computed begin time: 2013-12-21 12:20:57 +0100
UPDATE meeting_programs SET begin_time = '2013-12-21 12:20' WHERE id = 11804;

-- Event #100, M.Prg: 11805, tot. athletes: 3
-- Tot. progr. duration: 93 (sec), Heat durations: [9347] (hds)
-- Session begin time: 2013-12-21 08:30:00 +0100, Computed begin time: 2013-12-21 12:22:45 +0100
UPDATE meeting_programs SET begin_time = '2013-12-21 12:22' WHERE id = 11805;

-- Event #101, M.Prg: 11806, tot. athletes: 4
-- Tot. progr. duration: 102 (sec), Heat durations: [10269] (hds)
-- Session begin time: 2013-12-21 08:30:00 +0100, Computed begin time: 2013-12-21 12:24:18 +0100
UPDATE meeting_programs SET begin_time = '2013-12-21 12:24' WHERE id = 11806;

-- Event #102, M.Prg: 11807, tot. athletes: 3
-- Tot. progr. duration: 109 (sec), Heat durations: [10974] (hds)
-- Session begin time: 2013-12-21 08:30:00 +0100, Computed begin time: 2013-12-21 12:26:00 +0100
UPDATE meeting_programs SET begin_time = '2013-12-21 12:26' WHERE id = 11807;

-- Event #103, M.Prg: 11808, tot. athletes: 2
-- Tot. progr. duration: 100 (sec), Heat durations: [10095] (hds)
-- Session begin time: 2013-12-21 08:30:00 +0100, Computed begin time: 2013-12-21 12:27:49 +0100
UPDATE meeting_programs SET begin_time = '2013-12-21 12:27' WHERE id = 11808;

-- Event #104, M.Prg: 11809, tot. athletes: 2
-- Tot. progr. duration: 107 (sec), Heat durations: [10779] (hds)
-- Session begin time: 2013-12-21 08:30:00 +0100, Computed begin time: 2013-12-21 12:29:29 +0100
UPDATE meeting_programs SET begin_time = '2013-12-21 12:29' WHERE id = 11809;

-- Event #105, M.Prg: 11810, tot. athletes: 1
-- Tot. progr. duration: 107 (sec), Heat durations: [10720] (hds)
-- Session begin time: 2013-12-21 08:30:00 +0100, Computed begin time: 2013-12-21 12:31:16 +0100
UPDATE meeting_programs SET begin_time = '2013-12-21 12:31' WHERE id = 11810;

-- Event #106, M.Prg: 11811, tot. athletes: 1
-- Tot. progr. duration: 110 (sec), Heat durations: [11069] (hds)
-- Session begin time: 2013-12-21 08:30:00 +0100, Computed begin time: 2013-12-21 12:33:03 +0100
UPDATE meeting_programs SET begin_time = '2013-12-21 12:33' WHERE id = 11811;

-- Event #107, M.Prg: 11812, tot. athletes: 1
-- Tot. progr. duration: 100 (sec), Heat durations: [10032] (hds)
-- Session begin time: 2013-12-21 08:30:00 +0100, Computed begin time: 2013-12-21 12:34:53 +0100
UPDATE meeting_programs SET begin_time = '2013-12-21 12:34' WHERE id = 11812;

-- Event #108, M.Prg: 11813, tot. athletes: 1
-- Tot. progr. duration: 108 (sec), Heat durations: [10825] (hds)
-- Session begin time: 2013-12-21 08:30:00 +0100, Computed begin time: 2013-12-21 12:36:33 +0100
UPDATE meeting_programs SET begin_time = '2013-12-21 12:36' WHERE id = 11813;

-- Event #109, M.Prg: 11814, tot. athletes: 3
-- Tot. progr. duration: 93 (sec), Heat durations: [9368] (hds)
-- Session begin time: 2013-12-21 08:30:00 +0100, Computed begin time: 2013-12-21 12:38:21 +0100
UPDATE meeting_programs SET begin_time = '2013-12-21 12:38' WHERE id = 11814;

-- Event #110, M.Prg: 11815, tot. athletes: 3
-- Tot. progr. duration: 93 (sec), Heat durations: [9379] (hds)
-- Session begin time: 2013-12-21 08:30:00 +0100, Computed begin time: 2013-12-21 12:39:54 +0100
UPDATE meeting_programs SET begin_time = '2013-12-21 12:39' WHERE id = 11815;

-- Event #111, M.Prg: 11816, tot. athletes: 5
-- Tot. progr. duration: 98 (sec), Heat durations: [9839] (hds)
-- Session begin time: 2013-12-21 08:30:00 +0100, Computed begin time: 2013-12-21 12:41:27 +0100
UPDATE meeting_programs SET begin_time = '2013-12-21 12:41' WHERE id = 11816;

-- Event #112, M.Prg: 11817, tot. athletes: 1
-- Tot. progr. duration: 92 (sec), Heat durations: [9291] (hds)
-- Session begin time: 2013-12-21 08:30:00 +0100, Computed begin time: 2013-12-21 12:43:05 +0100
UPDATE meeting_programs SET begin_time = '2013-12-21 12:43' WHERE id = 11817;

-- Event #113, M.Prg: 11818, tot. athletes: 6
-- Tot. progr. duration: 100 (sec), Heat durations: [10057] (hds)
-- Session begin time: 2013-12-21 08:30:00 +0100, Computed begin time: 2013-12-21 12:44:37 +0100
UPDATE meeting_programs SET begin_time = '2013-12-21 12:44' WHERE id = 11818;

-- Event #114, M.Prg: 11819, tot. athletes: 1
-- Tot. progr. duration: 104 (sec), Heat durations: [10418] (hds)
-- Session begin time: 2013-12-21 08:30:00 +0100, Computed begin time: 2013-12-21 12:46:17 +0100
UPDATE meeting_programs SET begin_time = '2013-12-21 12:46' WHERE id = 11819;

-- Event #115, M.Prg: 11820, tot. athletes: 2
-- Tot. progr. duration: 102 (sec), Heat durations: [10285] (hds)
-- Session begin time: 2013-12-21 08:30:00 +0100, Computed begin time: 2013-12-21 12:48:01 +0100
UPDATE meeting_programs SET begin_time = '2013-12-21 12:48' WHERE id = 11820;

-- Event #116, M.Prg: 11821, tot. athletes: 5
-- Tot. progr. duration: 92 (sec), Heat durations: [9237] (hds)
-- Session begin time: 2013-12-21 08:30:00 +0100, Computed begin time: 2013-12-21 12:49:43 +0100
UPDATE meeting_programs SET begin_time = '2013-12-21 12:49' WHERE id = 11821;

-- Event #117, M.Prg: 11822, tot. athletes: 3
-- Tot. progr. duration: 252 (sec), Heat durations: [25201] (hds)
-- Session begin time: 2013-12-21 08:30:00 +0100, Computed begin time: 2013-12-21 12:51:15 +0100
UPDATE meeting_programs SET begin_time = '2013-12-21 12:51' WHERE id = 11822;

-- Event #118, M.Prg: 11823, tot. athletes: 7
-- Tot. progr. duration: 95 (sec), Heat durations: [9535] (hds)
-- Session begin time: 2013-12-21 08:30:00 +0100, Computed begin time: 2013-12-21 12:55:27 +0100
UPDATE meeting_programs SET begin_time = '2013-12-21 12:55' WHERE id = 11823;

-- Event #119, M.Prg: 11824, tot. athletes: 9
-- Tot. progr. duration: 180 (sec), Heat durations: [9535, 8559] (hds)
-- Session begin time: 2013-12-21 08:30:00 +0100, Computed begin time: 2013-12-21 12:57:02 +0100
UPDATE meeting_programs SET begin_time = '2013-12-21 12:57' WHERE id = 11824;

-- Event #120, M.Prg: 11825, tot. athletes: 6
-- Tot. progr. duration: 97 (sec), Heat durations: [9726] (hds)
-- Session begin time: 2013-12-21 08:30:00 +0100, Computed begin time: 2013-12-21 13:00:02 +0100
UPDATE meeting_programs SET begin_time = '2013-12-21 13:00' WHERE id = 11825;

-- Event #121, M.Prg: 11826, tot. athletes: 5
-- Tot. progr. duration: 98 (sec), Heat durations: [9839] (hds)
-- Session begin time: 2013-12-21 08:30:00 +0100, Computed begin time: 2013-12-21 13:01:39 +0100
UPDATE meeting_programs SET begin_time = '2013-12-21 13:01' WHERE id = 11826;

-- Event #122, M.Prg: 11827, tot. athletes: 1
-- Tot. progr. duration: 60 (sec), Heat durations: [6000] (hds)
-- Session begin time: 2013-12-21 08:30:00 +0100, Computed begin time: 2013-12-21 13:03:17 +0100
UPDATE meeting_programs SET begin_time = '2013-12-21 13:03' WHERE id = 11827;

-- Event #123, M.Prg: 11828, tot. athletes: 1
-- Tot. progr. duration: 96 (sec), Heat durations: [9652] (hds)
-- Session begin time: 2013-12-21 08:30:00 +0100, Computed begin time: 2013-12-21 13:04:17 +0100
UPDATE meeting_programs SET begin_time = '2013-12-21 13:04' WHERE id = 11828;

-- Event #124, M.Prg: 11829, tot. athletes: 2
-- Tot. progr. duration: 117 (sec), Heat durations: [11742] (hds)
-- Session begin time: 2013-12-21 08:30:00 +0100, Computed begin time: 2013-12-21 13:05:53 +0100
UPDATE meeting_programs SET begin_time = '2013-12-21 13:05' WHERE id = 11829;


-- Last completed phase code: 30
