-- *** SQL Diff file for ris20140427massalubrense.txt ***
-- Timestamp: 201503010106
INSERT INTO `meeting_events` (`id`, `created_at`, `updated_at`, `event_order`, `begin_time`, `is_out_of_race`, `is_autofilled`, `notes`, `meeting_session_id`, `event_type_id`, `heat_type_id`, `user_id`, `has_separate_gender_start_list`, `has_separate_category_start_list`)
  VALUES (3241, '2015-03-01 01:08:10', '2015-03-01 01:08:10', 1, '2000-01-01 08:02:00', 0, 1, NULL, 517, 16, 3, 1, 1, 0);

INSERT INTO `meeting_programs` (`id`, `event_order`, `category_type_id`, `gender_type_id`, `user_id`, `created_at`, `updated_at`, `is_autofilled`, `is_out_of_race`, `begin_time`, `meeting_event_id`, `pool_type_id`, `time_standard_id`)
  VALUES (23043, 1, 694, 2, 1, '2015-03-01 01:08:10', '2015-03-01 01:08:10', 1, 0, '2000-01-01 08:02:00', 3241, 1, 2764);

INSERT INTO `meeting_programs` (`id`, `event_order`, `category_type_id`, `gender_type_id`, `user_id`, `created_at`, `updated_at`, `is_autofilled`, `is_out_of_race`, `begin_time`, `meeting_event_id`, `pool_type_id`, `time_standard_id`)
  VALUES (23044, 2, 695, 2, 1, '2015-03-01 01:08:10', '2015-03-01 01:08:10', 1, 0, '2000-01-01 08:04:00', 3241, 1, 2782);

INSERT INTO `meeting_programs` (`id`, `event_order`, `category_type_id`, `gender_type_id`, `user_id`, `created_at`, `updated_at`, `is_autofilled`, `is_out_of_race`, `begin_time`, `meeting_event_id`, `pool_type_id`, `time_standard_id`)
  VALUES (23045, 3, 696, 2, 1, '2015-03-01 01:08:10', '2015-03-01 01:08:10', 1, 0, '2000-01-01 08:06:00', 3241, 1, 2800);

INSERT INTO `meeting_programs` (`id`, `event_order`, `category_type_id`, `gender_type_id`, `user_id`, `created_at`, `updated_at`, `is_autofilled`, `is_out_of_race`, `begin_time`, `meeting_event_id`, `pool_type_id`, `time_standard_id`)
  VALUES (23046, 4, 697, 2, 1, '2015-03-01 01:08:10', '2015-03-01 01:08:10', 1, 0, '2000-01-01 08:08:00', 3241, 1, 2818);

INSERT INTO `meeting_programs` (`id`, `event_order`, `category_type_id`, `gender_type_id`, `user_id`, `created_at`, `updated_at`, `is_autofilled`, `is_out_of_race`, `begin_time`, `meeting_event_id`, `pool_type_id`, `time_standard_id`)
  VALUES (23047, 5, 698, 2, 1, '2015-03-01 01:08:10', '2015-03-01 01:08:10', 1, 0, '2000-01-01 08:10:00', 3241, 1, 2836);

INSERT INTO `meeting_programs` (`id`, `event_order`, `category_type_id`, `gender_type_id`, `user_id`, `created_at`, `updated_at`, `is_autofilled`, `is_out_of_race`, `begin_time`, `meeting_event_id`, `pool_type_id`, `time_standard_id`)
  VALUES (23048, 6, 699, 2, 1, '2015-03-01 01:08:11', '2015-03-01 01:08:11', 1, 0, '2000-01-01 08:12:00', 3241, 1, 2854);

INSERT INTO `meeting_programs` (`id`, `event_order`, `category_type_id`, `gender_type_id`, `user_id`, `created_at`, `updated_at`, `is_autofilled`, `is_out_of_race`, `begin_time`, `meeting_event_id`, `pool_type_id`, `time_standard_id`)
  VALUES (23049, 7, 701, 2, 1, '2015-03-01 01:08:11', '2015-03-01 01:08:11', 1, 0, '2000-01-01 08:14:00', 3241, 1, 2890);

INSERT INTO `meeting_programs` (`id`, `event_order`, `category_type_id`, `gender_type_id`, `user_id`, `created_at`, `updated_at`, `is_autofilled`, `is_out_of_race`, `begin_time`, `meeting_event_id`, `pool_type_id`, `time_standard_id`)
  VALUES (23050, 8, 703, 2, 1, '2015-03-01 01:08:11', '2015-03-01 01:08:11', 1, 0, '2000-01-01 08:16:00', 3241, 1, 2926);

INSERT INTO `meeting_programs` (`id`, `event_order`, `category_type_id`, `gender_type_id`, `user_id`, `created_at`, `updated_at`, `is_autofilled`, `is_out_of_race`, `begin_time`, `meeting_event_id`, `pool_type_id`, `time_standard_id`)
  VALUES (23051, 9, 704, 2, 1, '2015-03-01 01:08:11', '2015-03-01 01:08:11', 1, 0, '2000-01-01 08:18:00', 3241, 1, 2944);

INSERT INTO `meeting_programs` (`id`, `event_order`, `category_type_id`, `gender_type_id`, `user_id`, `created_at`, `updated_at`, `is_autofilled`, `is_out_of_race`, `begin_time`, `meeting_event_id`, `pool_type_id`, `time_standard_id`)
  VALUES (23052, 10, 705, 2, 1, '2015-03-01 01:08:11', '2015-03-01 01:08:11', 1, 0, '2000-01-01 08:20:00', 3241, 1, 2962);

INSERT INTO `meeting_programs` (`id`, `event_order`, `category_type_id`, `gender_type_id`, `user_id`, `created_at`, `updated_at`, `is_autofilled`, `is_out_of_race`, `begin_time`, `meeting_event_id`, `pool_type_id`, `time_standard_id`)
  VALUES (23053, 11, 693, 2, 1, '2015-03-01 01:08:11', '2015-03-01 01:08:11', 1, 0, '2000-01-01 08:22:00', 3241, 1, NULL);

INSERT INTO `meeting_programs` (`id`, `event_order`, `category_type_id`, `gender_type_id`, `user_id`, `created_at`, `updated_at`, `is_autofilled`, `is_out_of_race`, `begin_time`, `meeting_event_id`, `pool_type_id`, `time_standard_id`)
  VALUES (23054, 12, 694, 1, 1, '2015-03-01 01:08:11', '2015-03-01 01:08:11', 1, 0, '2000-01-01 08:24:00', 3241, 1, 2240);

INSERT INTO `meeting_programs` (`id`, `event_order`, `category_type_id`, `gender_type_id`, `user_id`, `created_at`, `updated_at`, `is_autofilled`, `is_out_of_race`, `begin_time`, `meeting_event_id`, `pool_type_id`, `time_standard_id`)
  VALUES (23055, 13, 695, 1, 1, '2015-03-01 01:08:11', '2015-03-01 01:08:11', 1, 0, '2000-01-01 08:26:00', 3241, 1, 2258);

INSERT INTO `meeting_programs` (`id`, `event_order`, `category_type_id`, `gender_type_id`, `user_id`, `created_at`, `updated_at`, `is_autofilled`, `is_out_of_race`, `begin_time`, `meeting_event_id`, `pool_type_id`, `time_standard_id`)
  VALUES (23056, 14, 696, 1, 1, '2015-03-01 01:08:11', '2015-03-01 01:08:11', 1, 0, '2000-01-01 08:28:00', 3241, 1, 2276);

INSERT INTO `meeting_programs` (`id`, `event_order`, `category_type_id`, `gender_type_id`, `user_id`, `created_at`, `updated_at`, `is_autofilled`, `is_out_of_race`, `begin_time`, `meeting_event_id`, `pool_type_id`, `time_standard_id`)
  VALUES (23057, 15, 697, 1, 1, '2015-03-01 01:08:11', '2015-03-01 01:08:11', 1, 0, '2000-01-01 08:30:00', 3241, 1, 2294);

INSERT INTO `meeting_programs` (`id`, `event_order`, `category_type_id`, `gender_type_id`, `user_id`, `created_at`, `updated_at`, `is_autofilled`, `is_out_of_race`, `begin_time`, `meeting_event_id`, `pool_type_id`, `time_standard_id`)
  VALUES (23058, 16, 698, 1, 1, '2015-03-01 01:08:11', '2015-03-01 01:08:11', 1, 0, '2000-01-01 08:32:00', 3241, 1, 2312);

INSERT INTO `meeting_programs` (`id`, `event_order`, `category_type_id`, `gender_type_id`, `user_id`, `created_at`, `updated_at`, `is_autofilled`, `is_out_of_race`, `begin_time`, `meeting_event_id`, `pool_type_id`, `time_standard_id`)
  VALUES (23059, 17, 699, 1, 1, '2015-03-01 01:08:11', '2015-03-01 01:08:11', 1, 0, '2000-01-01 08:34:00', 3241, 1, 2330);

INSERT INTO `meeting_programs` (`id`, `event_order`, `category_type_id`, `gender_type_id`, `user_id`, `created_at`, `updated_at`, `is_autofilled`, `is_out_of_race`, `begin_time`, `meeting_event_id`, `pool_type_id`, `time_standard_id`)
  VALUES (23060, 18, 700, 1, 1, '2015-03-01 01:08:11', '2015-03-01 01:08:11', 1, 0, '2000-01-01 08:36:00', 3241, 1, 2348);

INSERT INTO `meeting_programs` (`id`, `event_order`, `category_type_id`, `gender_type_id`, `user_id`, `created_at`, `updated_at`, `is_autofilled`, `is_out_of_race`, `begin_time`, `meeting_event_id`, `pool_type_id`, `time_standard_id`)
  VALUES (23061, 19, 701, 1, 1, '2015-03-01 01:08:11', '2015-03-01 01:08:11', 1, 0, '2000-01-01 08:38:00', 3241, 1, 2366);

INSERT INTO `meeting_programs` (`id`, `event_order`, `category_type_id`, `gender_type_id`, `user_id`, `created_at`, `updated_at`, `is_autofilled`, `is_out_of_race`, `begin_time`, `meeting_event_id`, `pool_type_id`, `time_standard_id`)
  VALUES (23062, 20, 702, 1, 1, '2015-03-01 01:08:11', '2015-03-01 01:08:11', 1, 0, '2000-01-01 08:40:00', 3241, 1, 2384);

INSERT INTO `meeting_programs` (`id`, `event_order`, `category_type_id`, `gender_type_id`, `user_id`, `created_at`, `updated_at`, `is_autofilled`, `is_out_of_race`, `begin_time`, `meeting_event_id`, `pool_type_id`, `time_standard_id`)
  VALUES (23063, 21, 703, 1, 1, '2015-03-01 01:08:12', '2015-03-01 01:08:12', 1, 0, '2000-01-01 08:42:00', 3241, 1, 2402);

INSERT INTO `meeting_programs` (`id`, `event_order`, `category_type_id`, `gender_type_id`, `user_id`, `created_at`, `updated_at`, `is_autofilled`, `is_out_of_race`, `begin_time`, `meeting_event_id`, `pool_type_id`, `time_standard_id`)
  VALUES (23064, 22, 704, 1, 1, '2015-03-01 01:08:12', '2015-03-01 01:08:12', 1, 0, '2000-01-01 08:44:00', 3241, 1, 2420);

INSERT INTO `meeting_programs` (`id`, `event_order`, `category_type_id`, `gender_type_id`, `user_id`, `created_at`, `updated_at`, `is_autofilled`, `is_out_of_race`, `begin_time`, `meeting_event_id`, `pool_type_id`, `time_standard_id`)
  VALUES (23065, 23, 693, 1, 1, '2015-03-01 01:08:12', '2015-03-01 01:08:12', 1, 0, '2000-01-01 08:46:00', 3241, 1, NULL);

INSERT INTO `meeting_events` (`id`, `created_at`, `updated_at`, `event_order`, `begin_time`, `is_out_of_race`, `is_autofilled`, `notes`, `meeting_session_id`, `event_type_id`, `heat_type_id`, `user_id`, `has_separate_gender_start_list`, `has_separate_category_start_list`)
  VALUES (3242, '2015-03-01 01:08:12', '2015-03-01 01:08:12', 2, '2000-01-01 08:48:00', 0, 1, NULL, 517, 22, 3, 1, 1, 0);

INSERT INTO `meeting_programs` (`id`, `event_order`, `category_type_id`, `gender_type_id`, `user_id`, `created_at`, `updated_at`, `is_autofilled`, `is_out_of_race`, `begin_time`, `meeting_event_id`, `pool_type_id`, `time_standard_id`)
  VALUES (23066, 24, 695, 2, 1, '2015-03-01 01:08:12', '2015-03-01 01:08:12', 1, 0, '2000-01-01 08:48:00', 3242, 1, 2790);

INSERT INTO `meeting_programs` (`id`, `event_order`, `category_type_id`, `gender_type_id`, `user_id`, `created_at`, `updated_at`, `is_autofilled`, `is_out_of_race`, `begin_time`, `meeting_event_id`, `pool_type_id`, `time_standard_id`)
  VALUES (23067, 25, 697, 2, 1, '2015-03-01 01:08:12', '2015-03-01 01:08:12', 1, 0, '2000-01-01 08:50:00', 3242, 1, 2826);

INSERT INTO `meeting_programs` (`id`, `event_order`, `category_type_id`, `gender_type_id`, `user_id`, `created_at`, `updated_at`, `is_autofilled`, `is_out_of_race`, `begin_time`, `meeting_event_id`, `pool_type_id`, `time_standard_id`)
  VALUES (23068, 26, 698, 2, 1, '2015-03-01 01:08:12', '2015-03-01 01:08:12', 1, 0, '2000-01-01 08:52:00', 3242, 1, 2844);

INSERT INTO `meeting_programs` (`id`, `event_order`, `category_type_id`, `gender_type_id`, `user_id`, `created_at`, `updated_at`, `is_autofilled`, `is_out_of_race`, `begin_time`, `meeting_event_id`, `pool_type_id`, `time_standard_id`)
  VALUES (23069, 27, 699, 2, 1, '2015-03-01 01:08:12', '2015-03-01 01:08:12', 1, 0, '2000-01-01 08:54:00', 3242, 1, 2862);

INSERT INTO `meeting_programs` (`id`, `event_order`, `category_type_id`, `gender_type_id`, `user_id`, `created_at`, `updated_at`, `is_autofilled`, `is_out_of_race`, `begin_time`, `meeting_event_id`, `pool_type_id`, `time_standard_id`)
  VALUES (23070, 28, 693, 2, 1, '2015-03-01 01:08:12', '2015-03-01 01:08:12', 1, 0, '2000-01-01 08:56:00', 3242, 1, NULL);

INSERT INTO `meeting_programs` (`id`, `event_order`, `category_type_id`, `gender_type_id`, `user_id`, `created_at`, `updated_at`, `is_autofilled`, `is_out_of_race`, `begin_time`, `meeting_event_id`, `pool_type_id`, `time_standard_id`)
  VALUES (23071, 29, 694, 1, 1, '2015-03-01 01:08:12', '2015-03-01 01:08:12', 1, 0, '2000-01-01 08:58:00', 3242, 1, 2248);

INSERT INTO `meeting_programs` (`id`, `event_order`, `category_type_id`, `gender_type_id`, `user_id`, `created_at`, `updated_at`, `is_autofilled`, `is_out_of_race`, `begin_time`, `meeting_event_id`, `pool_type_id`, `time_standard_id`)
  VALUES (23072, 30, 695, 1, 1, '2015-03-01 01:08:12', '2015-03-01 01:08:12', 1, 0, '2000-01-01 09:00:00', 3242, 1, 2266);

INSERT INTO `meeting_programs` (`id`, `event_order`, `category_type_id`, `gender_type_id`, `user_id`, `created_at`, `updated_at`, `is_autofilled`, `is_out_of_race`, `begin_time`, `meeting_event_id`, `pool_type_id`, `time_standard_id`)
  VALUES (23073, 31, 696, 1, 1, '2015-03-01 01:08:12', '2015-03-01 01:08:12', 1, 0, '2000-01-01 09:02:00', 3242, 1, 2284);

INSERT INTO `meeting_programs` (`id`, `event_order`, `category_type_id`, `gender_type_id`, `user_id`, `created_at`, `updated_at`, `is_autofilled`, `is_out_of_race`, `begin_time`, `meeting_event_id`, `pool_type_id`, `time_standard_id`)
  VALUES (23074, 32, 697, 1, 1, '2015-03-01 01:08:13', '2015-03-01 01:08:13', 1, 0, '2000-01-01 09:04:00', 3242, 1, 2302);

INSERT INTO `meeting_programs` (`id`, `event_order`, `category_type_id`, `gender_type_id`, `user_id`, `created_at`, `updated_at`, `is_autofilled`, `is_out_of_race`, `begin_time`, `meeting_event_id`, `pool_type_id`, `time_standard_id`)
  VALUES (23075, 33, 698, 1, 1, '2015-03-01 01:08:13', '2015-03-01 01:08:13', 1, 0, '2000-01-01 09:06:00', 3242, 1, 2320);

INSERT INTO `meeting_programs` (`id`, `event_order`, `category_type_id`, `gender_type_id`, `user_id`, `created_at`, `updated_at`, `is_autofilled`, `is_out_of_race`, `begin_time`, `meeting_event_id`, `pool_type_id`, `time_standard_id`)
  VALUES (23076, 34, 699, 1, 1, '2015-03-01 01:08:13', '2015-03-01 01:08:13', 1, 0, '2000-01-01 09:08:00', 3242, 1, 2338);

INSERT INTO `meeting_programs` (`id`, `event_order`, `category_type_id`, `gender_type_id`, `user_id`, `created_at`, `updated_at`, `is_autofilled`, `is_out_of_race`, `begin_time`, `meeting_event_id`, `pool_type_id`, `time_standard_id`)
  VALUES (23077, 35, 700, 1, 1, '2015-03-01 01:08:13', '2015-03-01 01:08:13', 1, 0, '2000-01-01 09:10:00', 3242, 1, 2356);

INSERT INTO `meeting_programs` (`id`, `event_order`, `category_type_id`, `gender_type_id`, `user_id`, `created_at`, `updated_at`, `is_autofilled`, `is_out_of_race`, `begin_time`, `meeting_event_id`, `pool_type_id`, `time_standard_id`)
  VALUES (23078, 36, 701, 1, 1, '2015-03-01 01:08:13', '2015-03-01 01:08:13', 1, 0, '2000-01-01 09:12:00', 3242, 1, 2374);

INSERT INTO `meeting_programs` (`id`, `event_order`, `category_type_id`, `gender_type_id`, `user_id`, `created_at`, `updated_at`, `is_autofilled`, `is_out_of_race`, `begin_time`, `meeting_event_id`, `pool_type_id`, `time_standard_id`)
  VALUES (23079, 37, 702, 1, 1, '2015-03-01 01:08:13', '2015-03-01 01:08:13', 1, 0, '2000-01-01 09:14:00', 3242, 1, 2392);

INSERT INTO `meeting_programs` (`id`, `event_order`, `category_type_id`, `gender_type_id`, `user_id`, `created_at`, `updated_at`, `is_autofilled`, `is_out_of_race`, `begin_time`, `meeting_event_id`, `pool_type_id`, `time_standard_id`)
  VALUES (23080, 38, 703, 1, 1, '2015-03-01 01:08:13', '2015-03-01 01:08:13', 1, 0, '2000-01-01 09:16:00', 3242, 1, 2410);

INSERT INTO `meeting_programs` (`id`, `event_order`, `category_type_id`, `gender_type_id`, `user_id`, `created_at`, `updated_at`, `is_autofilled`, `is_out_of_race`, `begin_time`, `meeting_event_id`, `pool_type_id`, `time_standard_id`)
  VALUES (23081, 39, 704, 1, 1, '2015-03-01 01:08:13', '2015-03-01 01:08:13', 1, 0, '2000-01-01 09:18:00', 3242, 1, 2428);

INSERT INTO `meeting_programs` (`id`, `event_order`, `category_type_id`, `gender_type_id`, `user_id`, `created_at`, `updated_at`, `is_autofilled`, `is_out_of_race`, `begin_time`, `meeting_event_id`, `pool_type_id`, `time_standard_id`)
  VALUES (23082, 40, 693, 1, 1, '2015-03-01 01:08:13', '2015-03-01 01:08:13', 1, 0, '2000-01-01 09:20:00', 3242, 1, NULL);

INSERT INTO `meeting_events` (`id`, `created_at`, `updated_at`, `event_order`, `begin_time`, `is_out_of_race`, `is_autofilled`, `notes`, `meeting_session_id`, `event_type_id`, `heat_type_id`, `user_id`, `has_separate_gender_start_list`, `has_separate_category_start_list`)
  VALUES (3243, '2015-03-01 01:08:13', '2015-03-01 01:08:13', 3, '2000-01-01 09:22:00', 0, 1, NULL, 517, 20, 3, 1, 1, 0);

INSERT INTO `meeting_programs` (`id`, `event_order`, `category_type_id`, `gender_type_id`, `user_id`, `created_at`, `updated_at`, `is_autofilled`, `is_out_of_race`, `begin_time`, `meeting_event_id`, `pool_type_id`, `time_standard_id`)
  VALUES (23083, 41, 694, 2, 1, '2015-03-01 01:08:13', '2015-03-01 01:08:13', 1, 0, '2000-01-01 09:22:00', 3243, 1, 2767);

INSERT INTO `meeting_programs` (`id`, `event_order`, `category_type_id`, `gender_type_id`, `user_id`, `created_at`, `updated_at`, `is_autofilled`, `is_out_of_race`, `begin_time`, `meeting_event_id`, `pool_type_id`, `time_standard_id`)
  VALUES (23084, 42, 695, 2, 1, '2015-03-01 01:08:13', '2015-03-01 01:08:13', 1, 0, '2000-01-01 09:24:00', 3243, 1, 2785);

INSERT INTO `meeting_programs` (`id`, `event_order`, `category_type_id`, `gender_type_id`, `user_id`, `created_at`, `updated_at`, `is_autofilled`, `is_out_of_race`, `begin_time`, `meeting_event_id`, `pool_type_id`, `time_standard_id`)
  VALUES (23085, 43, 696, 2, 1, '2015-03-01 01:08:13', '2015-03-01 01:08:13', 1, 0, '2000-01-01 09:26:00', 3243, 1, 2803);

INSERT INTO `meeting_programs` (`id`, `event_order`, `category_type_id`, `gender_type_id`, `user_id`, `created_at`, `updated_at`, `is_autofilled`, `is_out_of_race`, `begin_time`, `meeting_event_id`, `pool_type_id`, `time_standard_id`)
  VALUES (23086, 44, 697, 2, 1, '2015-03-01 01:08:14', '2015-03-01 01:08:14', 1, 0, '2000-01-01 09:28:00', 3243, 1, 2821);

INSERT INTO `meeting_programs` (`id`, `event_order`, `category_type_id`, `gender_type_id`, `user_id`, `created_at`, `updated_at`, `is_autofilled`, `is_out_of_race`, `begin_time`, `meeting_event_id`, `pool_type_id`, `time_standard_id`)
  VALUES (23087, 45, 698, 2, 1, '2015-03-01 01:08:14', '2015-03-01 01:08:14', 1, 0, '2000-01-01 09:30:00', 3243, 1, 2839);

INSERT INTO `meeting_programs` (`id`, `event_order`, `category_type_id`, `gender_type_id`, `user_id`, `created_at`, `updated_at`, `is_autofilled`, `is_out_of_race`, `begin_time`, `meeting_event_id`, `pool_type_id`, `time_standard_id`)
  VALUES (23088, 46, 699, 2, 1, '2015-03-01 01:08:14', '2015-03-01 01:08:14', 1, 0, '2000-01-01 09:32:00', 3243, 1, 2857);

INSERT INTO `meeting_programs` (`id`, `event_order`, `category_type_id`, `gender_type_id`, `user_id`, `created_at`, `updated_at`, `is_autofilled`, `is_out_of_race`, `begin_time`, `meeting_event_id`, `pool_type_id`, `time_standard_id`)
  VALUES (23089, 47, 701, 2, 1, '2015-03-01 01:08:14', '2015-03-01 01:08:14', 1, 0, '2000-01-01 09:34:00', 3243, 1, 2893);

INSERT INTO `meeting_programs` (`id`, `event_order`, `category_type_id`, `gender_type_id`, `user_id`, `created_at`, `updated_at`, `is_autofilled`, `is_out_of_race`, `begin_time`, `meeting_event_id`, `pool_type_id`, `time_standard_id`)
  VALUES (23090, 48, 705, 2, 1, '2015-03-01 01:08:14', '2015-03-01 01:08:14', 1, 0, '2000-01-01 09:36:00', 3243, 1, 2965);

INSERT INTO `meeting_programs` (`id`, `event_order`, `category_type_id`, `gender_type_id`, `user_id`, `created_at`, `updated_at`, `is_autofilled`, `is_out_of_race`, `begin_time`, `meeting_event_id`, `pool_type_id`, `time_standard_id`)
  VALUES (23091, 49, 693, 2, 1, '2015-03-01 01:08:14', '2015-03-01 01:08:14', 1, 0, '2000-01-01 09:38:00', 3243, 1, NULL);

INSERT INTO `meeting_programs` (`id`, `event_order`, `category_type_id`, `gender_type_id`, `user_id`, `created_at`, `updated_at`, `is_autofilled`, `is_out_of_race`, `begin_time`, `meeting_event_id`, `pool_type_id`, `time_standard_id`)
  VALUES (23092, 50, 694, 1, 1, '2015-03-01 01:08:14', '2015-03-01 01:08:14', 1, 0, '2000-01-01 09:40:00', 3243, 1, 2243);

INSERT INTO `meeting_programs` (`id`, `event_order`, `category_type_id`, `gender_type_id`, `user_id`, `created_at`, `updated_at`, `is_autofilled`, `is_out_of_race`, `begin_time`, `meeting_event_id`, `pool_type_id`, `time_standard_id`)
  VALUES (23093, 51, 695, 1, 1, '2015-03-01 01:08:14', '2015-03-01 01:08:14', 1, 0, '2000-01-01 09:42:00', 3243, 1, 2261);

INSERT INTO `meeting_programs` (`id`, `event_order`, `category_type_id`, `gender_type_id`, `user_id`, `created_at`, `updated_at`, `is_autofilled`, `is_out_of_race`, `begin_time`, `meeting_event_id`, `pool_type_id`, `time_standard_id`)
  VALUES (23094, 52, 696, 1, 1, '2015-03-01 01:08:14', '2015-03-01 01:08:14', 1, 0, '2000-01-01 09:44:00', 3243, 1, 2279);

INSERT INTO `meeting_programs` (`id`, `event_order`, `category_type_id`, `gender_type_id`, `user_id`, `created_at`, `updated_at`, `is_autofilled`, `is_out_of_race`, `begin_time`, `meeting_event_id`, `pool_type_id`, `time_standard_id`)
  VALUES (23095, 53, 697, 1, 1, '2015-03-01 01:08:14', '2015-03-01 01:08:14', 1, 0, '2000-01-01 09:46:00', 3243, 1, 2297);

INSERT INTO `meeting_programs` (`id`, `event_order`, `category_type_id`, `gender_type_id`, `user_id`, `created_at`, `updated_at`, `is_autofilled`, `is_out_of_race`, `begin_time`, `meeting_event_id`, `pool_type_id`, `time_standard_id`)
  VALUES (23096, 54, 698, 1, 1, '2015-03-01 01:08:14', '2015-03-01 01:08:14', 1, 0, '2000-01-01 09:48:00', 3243, 1, 2315);

INSERT INTO `meeting_programs` (`id`, `event_order`, `category_type_id`, `gender_type_id`, `user_id`, `created_at`, `updated_at`, `is_autofilled`, `is_out_of_race`, `begin_time`, `meeting_event_id`, `pool_type_id`, `time_standard_id`)
  VALUES (23097, 55, 699, 1, 1, '2015-03-01 01:08:14', '2015-03-01 01:08:14', 1, 0, '2000-01-01 09:50:00', 3243, 1, 2333);

INSERT INTO `meeting_programs` (`id`, `event_order`, `category_type_id`, `gender_type_id`, `user_id`, `created_at`, `updated_at`, `is_autofilled`, `is_out_of_race`, `begin_time`, `meeting_event_id`, `pool_type_id`, `time_standard_id`)
  VALUES (23098, 56, 700, 1, 1, '2015-03-01 01:08:14', '2015-03-01 01:08:14', 1, 0, '2000-01-01 09:52:00', 3243, 1, 2351);

INSERT INTO `meeting_programs` (`id`, `event_order`, `category_type_id`, `gender_type_id`, `user_id`, `created_at`, `updated_at`, `is_autofilled`, `is_out_of_race`, `begin_time`, `meeting_event_id`, `pool_type_id`, `time_standard_id`)
  VALUES (23099, 57, 701, 1, 1, '2015-03-01 01:08:15', '2015-03-01 01:08:15', 1, 0, '2000-01-01 09:54:00', 3243, 1, 2369);

INSERT INTO `meeting_programs` (`id`, `event_order`, `category_type_id`, `gender_type_id`, `user_id`, `created_at`, `updated_at`, `is_autofilled`, `is_out_of_race`, `begin_time`, `meeting_event_id`, `pool_type_id`, `time_standard_id`)
  VALUES (23100, 58, 702, 1, 1, '2015-03-01 01:08:15', '2015-03-01 01:08:15', 1, 0, '2000-01-01 09:56:00', 3243, 1, 2387);

INSERT INTO `meeting_programs` (`id`, `event_order`, `category_type_id`, `gender_type_id`, `user_id`, `created_at`, `updated_at`, `is_autofilled`, `is_out_of_race`, `begin_time`, `meeting_event_id`, `pool_type_id`, `time_standard_id`)
  VALUES (23101, 59, 703, 1, 1, '2015-03-01 01:08:15', '2015-03-01 01:08:15', 1, 0, '2000-01-01 09:58:00', 3243, 1, 2405);

INSERT INTO `meeting_programs` (`id`, `event_order`, `category_type_id`, `gender_type_id`, `user_id`, `created_at`, `updated_at`, `is_autofilled`, `is_out_of_race`, `begin_time`, `meeting_event_id`, `pool_type_id`, `time_standard_id`)
  VALUES (23102, 60, 704, 1, 1, '2015-03-01 01:08:15', '2015-03-01 01:08:15', 1, 0, '2000-01-01 10:00:00', 3243, 1, 2423);

INSERT INTO `meeting_programs` (`id`, `event_order`, `category_type_id`, `gender_type_id`, `user_id`, `created_at`, `updated_at`, `is_autofilled`, `is_out_of_race`, `begin_time`, `meeting_event_id`, `pool_type_id`, `time_standard_id`)
  VALUES (23103, 61, 693, 1, 1, '2015-03-01 01:08:15', '2015-03-01 01:08:15', 1, 0, '2000-01-01 10:02:00', 3243, 1, NULL);

INSERT INTO `meeting_events` (`id`, `created_at`, `updated_at`, `event_order`, `begin_time`, `is_out_of_race`, `is_autofilled`, `notes`, `meeting_session_id`, `event_type_id`, `heat_type_id`, `user_id`, `has_separate_gender_start_list`, `has_separate_category_start_list`)
  VALUES (3244, '2015-03-01 01:08:15', '2015-03-01 01:08:15', 4, '2000-01-01 10:04:00', 0, 1, NULL, 517, 17, 3, 1, 1, 0);

INSERT INTO `meeting_programs` (`id`, `event_order`, `category_type_id`, `gender_type_id`, `user_id`, `created_at`, `updated_at`, `is_autofilled`, `is_out_of_race`, `begin_time`, `meeting_event_id`, `pool_type_id`, `time_standard_id`)
  VALUES (23104, 62, 694, 2, 1, '2015-03-01 01:08:15', '2015-03-01 01:08:15', 1, 0, '2000-01-01 10:04:00', 3244, 1, 2765);

INSERT INTO `meeting_programs` (`id`, `event_order`, `category_type_id`, `gender_type_id`, `user_id`, `created_at`, `updated_at`, `is_autofilled`, `is_out_of_race`, `begin_time`, `meeting_event_id`, `pool_type_id`, `time_standard_id`)
  VALUES (23105, 63, 696, 2, 1, '2015-03-01 01:08:15', '2015-03-01 01:08:15', 1, 0, '2000-01-01 10:06:00', 3244, 1, 2801);

INSERT INTO `meeting_programs` (`id`, `event_order`, `category_type_id`, `gender_type_id`, `user_id`, `created_at`, `updated_at`, `is_autofilled`, `is_out_of_race`, `begin_time`, `meeting_event_id`, `pool_type_id`, `time_standard_id`)
  VALUES (23106, 64, 701, 2, 1, '2015-03-01 01:08:15', '2015-03-01 01:08:15', 1, 0, '2000-01-01 10:08:00', 3244, 1, 2891);

INSERT INTO `meeting_programs` (`id`, `event_order`, `category_type_id`, `gender_type_id`, `user_id`, `created_at`, `updated_at`, `is_autofilled`, `is_out_of_race`, `begin_time`, `meeting_event_id`, `pool_type_id`, `time_standard_id`)
  VALUES (23107, 65, 702, 2, 1, '2015-03-01 01:08:15', '2015-03-01 01:08:15', 1, 0, '2000-01-01 10:10:00', 3244, 1, 2909);

INSERT INTO `meeting_programs` (`id`, `event_order`, `category_type_id`, `gender_type_id`, `user_id`, `created_at`, `updated_at`, `is_autofilled`, `is_out_of_race`, `begin_time`, `meeting_event_id`, `pool_type_id`, `time_standard_id`)
  VALUES (23108, 66, 703, 2, 1, '2015-03-01 01:08:15', '2015-03-01 01:08:15', 1, 0, '2000-01-01 10:12:00', 3244, 1, 2927);

INSERT INTO `meeting_programs` (`id`, `event_order`, `category_type_id`, `gender_type_id`, `user_id`, `created_at`, `updated_at`, `is_autofilled`, `is_out_of_race`, `begin_time`, `meeting_event_id`, `pool_type_id`, `time_standard_id`)
  VALUES (23109, 67, 693, 2, 1, '2015-03-01 01:08:15', '2015-03-01 01:08:15', 1, 0, '2000-01-01 10:14:00', 3244, 1, NULL);

INSERT INTO `meeting_programs` (`id`, `event_order`, `category_type_id`, `gender_type_id`, `user_id`, `created_at`, `updated_at`, `is_autofilled`, `is_out_of_race`, `begin_time`, `meeting_event_id`, `pool_type_id`, `time_standard_id`)
  VALUES (23110, 68, 694, 1, 1, '2015-03-01 01:08:15', '2015-03-01 01:08:15', 1, 0, '2000-01-01 10:16:00', 3244, 1, 2241);

INSERT INTO `meeting_programs` (`id`, `event_order`, `category_type_id`, `gender_type_id`, `user_id`, `created_at`, `updated_at`, `is_autofilled`, `is_out_of_race`, `begin_time`, `meeting_event_id`, `pool_type_id`, `time_standard_id`)
  VALUES (23111, 69, 695, 1, 1, '2015-03-01 01:08:16', '2015-03-01 01:08:16', 1, 0, '2000-01-01 10:18:00', 3244, 1, 2259);

INSERT INTO `meeting_programs` (`id`, `event_order`, `category_type_id`, `gender_type_id`, `user_id`, `created_at`, `updated_at`, `is_autofilled`, `is_out_of_race`, `begin_time`, `meeting_event_id`, `pool_type_id`, `time_standard_id`)
  VALUES (23112, 70, 696, 1, 1, '2015-03-01 01:08:16', '2015-03-01 01:08:16', 1, 0, '2000-01-01 10:20:00', 3244, 1, 2277);

INSERT INTO `meeting_programs` (`id`, `event_order`, `category_type_id`, `gender_type_id`, `user_id`, `created_at`, `updated_at`, `is_autofilled`, `is_out_of_race`, `begin_time`, `meeting_event_id`, `pool_type_id`, `time_standard_id`)
  VALUES (23113, 71, 697, 1, 1, '2015-03-01 01:08:16', '2015-03-01 01:08:16', 1, 0, '2000-01-01 10:22:00', 3244, 1, 2295);

INSERT INTO `meeting_programs` (`id`, `event_order`, `category_type_id`, `gender_type_id`, `user_id`, `created_at`, `updated_at`, `is_autofilled`, `is_out_of_race`, `begin_time`, `meeting_event_id`, `pool_type_id`, `time_standard_id`)
  VALUES (23114, 72, 698, 1, 1, '2015-03-01 01:08:16', '2015-03-01 01:08:16', 1, 0, '2000-01-01 10:24:00', 3244, 1, 2313);

INSERT INTO `meeting_programs` (`id`, `event_order`, `category_type_id`, `gender_type_id`, `user_id`, `created_at`, `updated_at`, `is_autofilled`, `is_out_of_race`, `begin_time`, `meeting_event_id`, `pool_type_id`, `time_standard_id`)
  VALUES (23115, 73, 699, 1, 1, '2015-03-01 01:08:16', '2015-03-01 01:08:16', 1, 0, '2000-01-01 10:26:00', 3244, 1, 2331);

INSERT INTO `meeting_programs` (`id`, `event_order`, `category_type_id`, `gender_type_id`, `user_id`, `created_at`, `updated_at`, `is_autofilled`, `is_out_of_race`, `begin_time`, `meeting_event_id`, `pool_type_id`, `time_standard_id`)
  VALUES (23116, 74, 701, 1, 1, '2015-03-01 01:08:16', '2015-03-01 01:08:16', 1, 0, '2000-01-01 10:28:00', 3244, 1, 2367);

INSERT INTO `meeting_programs` (`id`, `event_order`, `category_type_id`, `gender_type_id`, `user_id`, `created_at`, `updated_at`, `is_autofilled`, `is_out_of_race`, `begin_time`, `meeting_event_id`, `pool_type_id`, `time_standard_id`)
  VALUES (23117, 75, 702, 1, 1, '2015-03-01 01:08:16', '2015-03-01 01:08:16', 1, 0, '2000-01-01 10:30:00', 3244, 1, 2385);

INSERT INTO `meeting_programs` (`id`, `event_order`, `category_type_id`, `gender_type_id`, `user_id`, `created_at`, `updated_at`, `is_autofilled`, `is_out_of_race`, `begin_time`, `meeting_event_id`, `pool_type_id`, `time_standard_id`)
  VALUES (23118, 76, 703, 1, 1, '2015-03-01 01:08:16', '2015-03-01 01:08:16', 1, 0, '2000-01-01 10:32:00', 3244, 1, 2403);

INSERT INTO `meeting_programs` (`id`, `event_order`, `category_type_id`, `gender_type_id`, `user_id`, `created_at`, `updated_at`, `is_autofilled`, `is_out_of_race`, `begin_time`, `meeting_event_id`, `pool_type_id`, `time_standard_id`)
  VALUES (23119, 77, 704, 1, 1, '2015-03-01 01:08:16', '2015-03-01 01:08:16', 1, 0, '2000-01-01 10:34:00', 3244, 1, 2421);

INSERT INTO `meeting_programs` (`id`, `event_order`, `category_type_id`, `gender_type_id`, `user_id`, `created_at`, `updated_at`, `is_autofilled`, `is_out_of_race`, `begin_time`, `meeting_event_id`, `pool_type_id`, `time_standard_id`)
  VALUES (23120, 78, 693, 1, 1, '2015-03-01 01:08:16', '2015-03-01 01:08:16', 1, 0, '2000-01-01 10:36:00', 3244, 1, NULL);

INSERT INTO `meeting_events` (`id`, `created_at`, `updated_at`, `event_order`, `begin_time`, `is_out_of_race`, `is_autofilled`, `notes`, `meeting_session_id`, `event_type_id`, `heat_type_id`, `user_id`, `has_separate_gender_start_list`, `has_separate_category_start_list`)
  VALUES (3245, '2015-03-01 01:08:16', '2015-03-01 01:08:16', 5, '2000-01-01 10:38:00', 0, 1, NULL, 517, 11, 3, 1, 1, 0);

INSERT INTO `meeting_programs` (`id`, `event_order`, `category_type_id`, `gender_type_id`, `user_id`, `created_at`, `updated_at`, `is_autofilled`, `is_out_of_race`, `begin_time`, `meeting_event_id`, `pool_type_id`, `time_standard_id`)
  VALUES (23121, 79, 694, 2, 1, '2015-03-01 01:08:16', '2015-03-01 01:08:16', 1, 0, '2000-01-01 10:38:00', 3245, 1, 2769);

INSERT INTO `meeting_programs` (`id`, `event_order`, `category_type_id`, `gender_type_id`, `user_id`, `created_at`, `updated_at`, `is_autofilled`, `is_out_of_race`, `begin_time`, `meeting_event_id`, `pool_type_id`, `time_standard_id`)
  VALUES (23122, 80, 695, 2, 1, '2015-03-01 01:08:16', '2015-03-01 01:08:16', 1, 0, '2000-01-01 10:40:00', 3245, 1, 2787);

INSERT INTO `meeting_programs` (`id`, `event_order`, `category_type_id`, `gender_type_id`, `user_id`, `created_at`, `updated_at`, `is_autofilled`, `is_out_of_race`, `begin_time`, `meeting_event_id`, `pool_type_id`, `time_standard_id`)
  VALUES (23123, 81, 697, 2, 1, '2015-03-01 01:08:16', '2015-03-01 01:08:16', 1, 0, '2000-01-01 10:42:00', 3245, 1, 2823);

INSERT INTO `meeting_programs` (`id`, `event_order`, `category_type_id`, `gender_type_id`, `user_id`, `created_at`, `updated_at`, `is_autofilled`, `is_out_of_race`, `begin_time`, `meeting_event_id`, `pool_type_id`, `time_standard_id`)
  VALUES (23124, 82, 698, 2, 1, '2015-03-01 01:08:17', '2015-03-01 01:08:17', 1, 0, '2000-01-01 10:44:00', 3245, 1, 2841);

INSERT INTO `meeting_programs` (`id`, `event_order`, `category_type_id`, `gender_type_id`, `user_id`, `created_at`, `updated_at`, `is_autofilled`, `is_out_of_race`, `begin_time`, `meeting_event_id`, `pool_type_id`, `time_standard_id`)
  VALUES (23125, 83, 702, 2, 1, '2015-03-01 01:08:17', '2015-03-01 01:08:17', 1, 0, '2000-01-01 10:46:00', 3245, 1, 2913);

INSERT INTO `meeting_programs` (`id`, `event_order`, `category_type_id`, `gender_type_id`, `user_id`, `created_at`, `updated_at`, `is_autofilled`, `is_out_of_race`, `begin_time`, `meeting_event_id`, `pool_type_id`, `time_standard_id`)
  VALUES (23126, 84, 694, 1, 1, '2015-03-01 01:08:17', '2015-03-01 01:08:17', 1, 0, '2000-01-01 10:48:00', 3245, 1, 2245);

INSERT INTO `meeting_programs` (`id`, `event_order`, `category_type_id`, `gender_type_id`, `user_id`, `created_at`, `updated_at`, `is_autofilled`, `is_out_of_race`, `begin_time`, `meeting_event_id`, `pool_type_id`, `time_standard_id`)
  VALUES (23127, 85, 695, 1, 1, '2015-03-01 01:08:17', '2015-03-01 01:08:17', 1, 0, '2000-01-01 10:50:00', 3245, 1, 2263);

INSERT INTO `meeting_programs` (`id`, `event_order`, `category_type_id`, `gender_type_id`, `user_id`, `created_at`, `updated_at`, `is_autofilled`, `is_out_of_race`, `begin_time`, `meeting_event_id`, `pool_type_id`, `time_standard_id`)
  VALUES (23128, 86, 696, 1, 1, '2015-03-01 01:08:17', '2015-03-01 01:08:17', 1, 0, '2000-01-01 10:52:00', 3245, 1, 2281);

INSERT INTO `meeting_programs` (`id`, `event_order`, `category_type_id`, `gender_type_id`, `user_id`, `created_at`, `updated_at`, `is_autofilled`, `is_out_of_race`, `begin_time`, `meeting_event_id`, `pool_type_id`, `time_standard_id`)
  VALUES (23129, 87, 697, 1, 1, '2015-03-01 01:08:17', '2015-03-01 01:08:17', 1, 0, '2000-01-01 10:54:00', 3245, 1, 2299);

INSERT INTO `meeting_programs` (`id`, `event_order`, `category_type_id`, `gender_type_id`, `user_id`, `created_at`, `updated_at`, `is_autofilled`, `is_out_of_race`, `begin_time`, `meeting_event_id`, `pool_type_id`, `time_standard_id`)
  VALUES (23130, 88, 698, 1, 1, '2015-03-01 01:08:17', '2015-03-01 01:08:17', 1, 0, '2000-01-01 10:56:00', 3245, 1, 2317);

INSERT INTO `meeting_programs` (`id`, `event_order`, `category_type_id`, `gender_type_id`, `user_id`, `created_at`, `updated_at`, `is_autofilled`, `is_out_of_race`, `begin_time`, `meeting_event_id`, `pool_type_id`, `time_standard_id`)
  VALUES (23131, 89, 699, 1, 1, '2015-03-01 01:08:17', '2015-03-01 01:08:17', 1, 0, '2000-01-01 10:58:00', 3245, 1, 2335);

INSERT INTO `meeting_programs` (`id`, `event_order`, `category_type_id`, `gender_type_id`, `user_id`, `created_at`, `updated_at`, `is_autofilled`, `is_out_of_race`, `begin_time`, `meeting_event_id`, `pool_type_id`, `time_standard_id`)
  VALUES (23132, 90, 700, 1, 1, '2015-03-01 01:08:17', '2015-03-01 01:08:17', 1, 0, '2000-01-01 11:00:00', 3245, 1, 2353);

INSERT INTO `meeting_programs` (`id`, `event_order`, `category_type_id`, `gender_type_id`, `user_id`, `created_at`, `updated_at`, `is_autofilled`, `is_out_of_race`, `begin_time`, `meeting_event_id`, `pool_type_id`, `time_standard_id`)
  VALUES (23133, 91, 701, 1, 1, '2015-03-01 01:08:17', '2015-03-01 01:08:17', 1, 0, '2000-01-01 11:02:00', 3245, 1, 2371);

INSERT INTO `meeting_programs` (`id`, `event_order`, `category_type_id`, `gender_type_id`, `user_id`, `created_at`, `updated_at`, `is_autofilled`, `is_out_of_race`, `begin_time`, `meeting_event_id`, `pool_type_id`, `time_standard_id`)
  VALUES (23134, 92, 702, 1, 1, '2015-03-01 01:08:17', '2015-03-01 01:08:17', 1, 0, '2000-01-01 11:04:00', 3245, 1, 2389);

INSERT INTO `meeting_programs` (`id`, `event_order`, `category_type_id`, `gender_type_id`, `user_id`, `created_at`, `updated_at`, `is_autofilled`, `is_out_of_race`, `begin_time`, `meeting_event_id`, `pool_type_id`, `time_standard_id`)
  VALUES (23135, 93, 704, 1, 1, '2015-03-01 01:08:17', '2015-03-01 01:08:17', 1, 0, '2000-01-01 11:06:00', 3245, 1, 2425);

INSERT INTO `meeting_programs` (`id`, `event_order`, `category_type_id`, `gender_type_id`, `user_id`, `created_at`, `updated_at`, `is_autofilled`, `is_out_of_race`, `begin_time`, `meeting_event_id`, `pool_type_id`, `time_standard_id`)
  VALUES (23136, 94, 693, 1, 1, '2015-03-01 01:08:17', '2015-03-01 01:08:17', 1, 0, '2000-01-01 11:08:00', 3245, 1, NULL);

INSERT INTO `meeting_events` (`id`, `created_at`, `updated_at`, `event_order`, `begin_time`, `is_out_of_race`, `is_autofilled`, `notes`, `meeting_session_id`, `event_type_id`, `heat_type_id`, `user_id`, `has_separate_gender_start_list`, `has_separate_category_start_list`)
  VALUES (3246, '2015-03-01 01:08:17', '2015-03-01 01:08:17', 6, '2000-01-01 11:10:00', 0, 1, NULL, 517, 2, 3, 1, 1, 0);

INSERT INTO `meeting_programs` (`id`, `event_order`, `category_type_id`, `gender_type_id`, `user_id`, `created_at`, `updated_at`, `is_autofilled`, `is_out_of_race`, `begin_time`, `meeting_event_id`, `pool_type_id`, `time_standard_id`)
  VALUES (23137, 95, 694, 2, 1, '2015-03-01 01:08:18', '2015-03-01 01:08:18', 1, 0, '2000-01-01 11:10:00', 3246, 1, 2757);

INSERT INTO `meeting_programs` (`id`, `event_order`, `category_type_id`, `gender_type_id`, `user_id`, `created_at`, `updated_at`, `is_autofilled`, `is_out_of_race`, `begin_time`, `meeting_event_id`, `pool_type_id`, `time_standard_id`)
  VALUES (23138, 96, 695, 2, 1, '2015-03-01 01:08:18', '2015-03-01 01:08:18', 1, 0, '2000-01-01 11:12:00', 3246, 1, 2775);

INSERT INTO `meeting_programs` (`id`, `event_order`, `category_type_id`, `gender_type_id`, `user_id`, `created_at`, `updated_at`, `is_autofilled`, `is_out_of_race`, `begin_time`, `meeting_event_id`, `pool_type_id`, `time_standard_id`)
  VALUES (23139, 97, 696, 2, 1, '2015-03-01 01:08:18', '2015-03-01 01:08:18', 1, 0, '2000-01-01 11:14:00', 3246, 1, 2793);

INSERT INTO `meeting_programs` (`id`, `event_order`, `category_type_id`, `gender_type_id`, `user_id`, `created_at`, `updated_at`, `is_autofilled`, `is_out_of_race`, `begin_time`, `meeting_event_id`, `pool_type_id`, `time_standard_id`)
  VALUES (23140, 98, 697, 2, 1, '2015-03-01 01:08:18', '2015-03-01 01:08:18', 1, 0, '2000-01-01 11:16:00', 3246, 1, 2811);

INSERT INTO `meeting_programs` (`id`, `event_order`, `category_type_id`, `gender_type_id`, `user_id`, `created_at`, `updated_at`, `is_autofilled`, `is_out_of_race`, `begin_time`, `meeting_event_id`, `pool_type_id`, `time_standard_id`)
  VALUES (23141, 99, 698, 2, 1, '2015-03-01 01:08:18', '2015-03-01 01:08:18', 1, 0, '2000-01-01 11:18:00', 3246, 1, 2829);

INSERT INTO `meeting_programs` (`id`, `event_order`, `category_type_id`, `gender_type_id`, `user_id`, `created_at`, `updated_at`, `is_autofilled`, `is_out_of_race`, `begin_time`, `meeting_event_id`, `pool_type_id`, `time_standard_id`)
  VALUES (23142, 100, 699, 2, 1, '2015-03-01 01:08:18', '2015-03-01 01:08:18', 1, 0, '2000-01-01 11:20:00', 3246, 1, 2847);

INSERT INTO `meeting_programs` (`id`, `event_order`, `category_type_id`, `gender_type_id`, `user_id`, `created_at`, `updated_at`, `is_autofilled`, `is_out_of_race`, `begin_time`, `meeting_event_id`, `pool_type_id`, `time_standard_id`)
  VALUES (23143, 101, 701, 2, 1, '2015-03-01 01:08:18', '2015-03-01 01:08:18', 1, 0, '2000-01-01 11:22:00', 3246, 1, 2883);

INSERT INTO `meeting_programs` (`id`, `event_order`, `category_type_id`, `gender_type_id`, `user_id`, `created_at`, `updated_at`, `is_autofilled`, `is_out_of_race`, `begin_time`, `meeting_event_id`, `pool_type_id`, `time_standard_id`)
  VALUES (23144, 102, 703, 2, 1, '2015-03-01 01:08:18', '2015-03-01 01:08:18', 1, 0, '2000-01-01 11:24:00', 3246, 1, 2919);

INSERT INTO `meeting_programs` (`id`, `event_order`, `category_type_id`, `gender_type_id`, `user_id`, `created_at`, `updated_at`, `is_autofilled`, `is_out_of_race`, `begin_time`, `meeting_event_id`, `pool_type_id`, `time_standard_id`)
  VALUES (23145, 103, 704, 2, 1, '2015-03-01 01:08:18', '2015-03-01 01:08:18', 1, 0, '2000-01-01 11:26:00', 3246, 1, 2937);

INSERT INTO `meeting_programs` (`id`, `event_order`, `category_type_id`, `gender_type_id`, `user_id`, `created_at`, `updated_at`, `is_autofilled`, `is_out_of_race`, `begin_time`, `meeting_event_id`, `pool_type_id`, `time_standard_id`)
  VALUES (23146, 104, 693, 2, 1, '2015-03-01 01:08:18', '2015-03-01 01:08:18', 1, 0, '2000-01-01 11:28:00', 3246, 1, NULL);

INSERT INTO `meeting_programs` (`id`, `event_order`, `category_type_id`, `gender_type_id`, `user_id`, `created_at`, `updated_at`, `is_autofilled`, `is_out_of_race`, `begin_time`, `meeting_event_id`, `pool_type_id`, `time_standard_id`)
  VALUES (23147, 105, 694, 1, 1, '2015-03-01 01:08:18', '2015-03-01 01:08:18', 1, 0, '2000-01-01 11:30:00', 3246, 1, 2233);

INSERT INTO `meeting_programs` (`id`, `event_order`, `category_type_id`, `gender_type_id`, `user_id`, `created_at`, `updated_at`, `is_autofilled`, `is_out_of_race`, `begin_time`, `meeting_event_id`, `pool_type_id`, `time_standard_id`)
  VALUES (23148, 106, 695, 1, 1, '2015-03-01 01:08:18', '2015-03-01 01:08:18', 1, 0, '2000-01-01 11:32:00', 3246, 1, 2251);

INSERT INTO `meeting_programs` (`id`, `event_order`, `category_type_id`, `gender_type_id`, `user_id`, `created_at`, `updated_at`, `is_autofilled`, `is_out_of_race`, `begin_time`, `meeting_event_id`, `pool_type_id`, `time_standard_id`)
  VALUES (23149, 107, 696, 1, 1, '2015-03-01 01:08:18', '2015-03-01 01:08:18', 1, 0, '2000-01-01 11:34:00', 3246, 1, 2269);

INSERT INTO `meeting_programs` (`id`, `event_order`, `category_type_id`, `gender_type_id`, `user_id`, `created_at`, `updated_at`, `is_autofilled`, `is_out_of_race`, `begin_time`, `meeting_event_id`, `pool_type_id`, `time_standard_id`)
  VALUES (23150, 108, 697, 1, 1, '2015-03-01 01:08:19', '2015-03-01 01:08:19', 1, 0, '2000-01-01 11:36:00', 3246, 1, 2287);

INSERT INTO `meeting_programs` (`id`, `event_order`, `category_type_id`, `gender_type_id`, `user_id`, `created_at`, `updated_at`, `is_autofilled`, `is_out_of_race`, `begin_time`, `meeting_event_id`, `pool_type_id`, `time_standard_id`)
  VALUES (23151, 109, 698, 1, 1, '2015-03-01 01:08:19', '2015-03-01 01:08:19', 1, 0, '2000-01-01 11:38:00', 3246, 1, 2305);

INSERT INTO `meeting_programs` (`id`, `event_order`, `category_type_id`, `gender_type_id`, `user_id`, `created_at`, `updated_at`, `is_autofilled`, `is_out_of_race`, `begin_time`, `meeting_event_id`, `pool_type_id`, `time_standard_id`)
  VALUES (23152, 110, 699, 1, 1, '2015-03-01 01:08:19', '2015-03-01 01:08:19', 1, 0, '2000-01-01 11:40:00', 3246, 1, 2323);

INSERT INTO `meeting_programs` (`id`, `event_order`, `category_type_id`, `gender_type_id`, `user_id`, `created_at`, `updated_at`, `is_autofilled`, `is_out_of_race`, `begin_time`, `meeting_event_id`, `pool_type_id`, `time_standard_id`)
  VALUES (23153, 111, 700, 1, 1, '2015-03-01 01:08:19', '2015-03-01 01:08:19', 1, 0, '2000-01-01 11:42:00', 3246, 1, 2341);

INSERT INTO `meeting_programs` (`id`, `event_order`, `category_type_id`, `gender_type_id`, `user_id`, `created_at`, `updated_at`, `is_autofilled`, `is_out_of_race`, `begin_time`, `meeting_event_id`, `pool_type_id`, `time_standard_id`)
  VALUES (23154, 112, 701, 1, 1, '2015-03-01 01:08:19', '2015-03-01 01:08:19', 1, 0, '2000-01-01 11:44:00', 3246, 1, 2359);

INSERT INTO `meeting_programs` (`id`, `event_order`, `category_type_id`, `gender_type_id`, `user_id`, `created_at`, `updated_at`, `is_autofilled`, `is_out_of_race`, `begin_time`, `meeting_event_id`, `pool_type_id`, `time_standard_id`)
  VALUES (23155, 113, 702, 1, 1, '2015-03-01 01:08:19', '2015-03-01 01:08:19', 1, 0, '2000-01-01 11:46:00', 3246, 1, 2377);

INSERT INTO `meeting_programs` (`id`, `event_order`, `category_type_id`, `gender_type_id`, `user_id`, `created_at`, `updated_at`, `is_autofilled`, `is_out_of_race`, `begin_time`, `meeting_event_id`, `pool_type_id`, `time_standard_id`)
  VALUES (23156, 114, 703, 1, 1, '2015-03-01 01:08:19', '2015-03-01 01:08:19', 1, 0, '2000-01-01 11:48:00', 3246, 1, 2395);

INSERT INTO `meeting_programs` (`id`, `event_order`, `category_type_id`, `gender_type_id`, `user_id`, `created_at`, `updated_at`, `is_autofilled`, `is_out_of_race`, `begin_time`, `meeting_event_id`, `pool_type_id`, `time_standard_id`)
  VALUES (23157, 115, 704, 1, 1, '2015-03-01 01:08:19', '2015-03-01 01:08:19', 1, 0, '2000-01-01 11:50:00', 3246, 1, 2413);

INSERT INTO `meeting_programs` (`id`, `event_order`, `category_type_id`, `gender_type_id`, `user_id`, `created_at`, `updated_at`, `is_autofilled`, `is_out_of_race`, `begin_time`, `meeting_event_id`, `pool_type_id`, `time_standard_id`)
  VALUES (23158, 116, 693, 1, 1, '2015-03-01 01:08:19', '2015-03-01 01:08:19', 1, 0, '2000-01-01 11:52:00', 3246, 1, NULL);

INSERT INTO `meeting_events` (`id`, `created_at`, `updated_at`, `event_order`, `begin_time`, `is_out_of_race`, `is_autofilled`, `notes`, `meeting_session_id`, `event_type_id`, `heat_type_id`, `user_id`, `has_separate_gender_start_list`, `has_separate_category_start_list`)
  VALUES (3247, '2015-03-01 01:08:19', '2015-03-01 01:08:19', 7, '2000-01-01 11:54:00', 0, 1, NULL, 517, 6, 3, 1, 1, 0);

INSERT INTO `meeting_programs` (`id`, `event_order`, `category_type_id`, `gender_type_id`, `user_id`, `created_at`, `updated_at`, `is_autofilled`, `is_out_of_race`, `begin_time`, `meeting_event_id`, `pool_type_id`, `time_standard_id`)
  VALUES (23159, 117, 694, 2, 1, '2015-03-01 01:08:19', '2015-03-01 01:08:19', 1, 0, '2000-01-01 11:54:00', 3247, 1, 2761);

INSERT INTO `meeting_programs` (`id`, `event_order`, `category_type_id`, `gender_type_id`, `user_id`, `created_at`, `updated_at`, `is_autofilled`, `is_out_of_race`, `begin_time`, `meeting_event_id`, `pool_type_id`, `time_standard_id`)
  VALUES (23160, 118, 696, 2, 1, '2015-03-01 01:08:19', '2015-03-01 01:08:19', 1, 0, '2000-01-01 11:56:00', 3247, 1, 2797);

INSERT INTO `meeting_programs` (`id`, `event_order`, `category_type_id`, `gender_type_id`, `user_id`, `created_at`, `updated_at`, `is_autofilled`, `is_out_of_race`, `begin_time`, `meeting_event_id`, `pool_type_id`, `time_standard_id`)
  VALUES (23161, 119, 698, 2, 1, '2015-03-01 01:08:19', '2015-03-01 01:08:19', 1, 0, '2000-01-01 11:58:00', 3247, 1, 2833);

INSERT INTO `meeting_programs` (`id`, `event_order`, `category_type_id`, `gender_type_id`, `user_id`, `created_at`, `updated_at`, `is_autofilled`, `is_out_of_race`, `begin_time`, `meeting_event_id`, `pool_type_id`, `time_standard_id`)
  VALUES (23162, 120, 693, 2, 1, '2015-03-01 01:08:19', '2015-03-01 01:08:19', 1, 0, '2000-01-01 12:00:00', 3247, 1, NULL);

INSERT INTO `meeting_programs` (`id`, `event_order`, `category_type_id`, `gender_type_id`, `user_id`, `created_at`, `updated_at`, `is_autofilled`, `is_out_of_race`, `begin_time`, `meeting_event_id`, `pool_type_id`, `time_standard_id`)
  VALUES (23163, 121, 694, 1, 1, '2015-03-01 01:08:20', '2015-03-01 01:08:20', 1, 0, '2000-01-01 12:02:00', 3247, 1, 2237);

INSERT INTO `meeting_programs` (`id`, `event_order`, `category_type_id`, `gender_type_id`, `user_id`, `created_at`, `updated_at`, `is_autofilled`, `is_out_of_race`, `begin_time`, `meeting_event_id`, `pool_type_id`, `time_standard_id`)
  VALUES (23164, 122, 695, 1, 1, '2015-03-01 01:08:20', '2015-03-01 01:08:20', 1, 0, '2000-01-01 12:04:00', 3247, 1, 2255);

INSERT INTO `meeting_programs` (`id`, `event_order`, `category_type_id`, `gender_type_id`, `user_id`, `created_at`, `updated_at`, `is_autofilled`, `is_out_of_race`, `begin_time`, `meeting_event_id`, `pool_type_id`, `time_standard_id`)
  VALUES (23165, 123, 696, 1, 1, '2015-03-01 01:08:20', '2015-03-01 01:08:20', 1, 0, '2000-01-01 12:06:00', 3247, 1, 2273);

INSERT INTO `meeting_programs` (`id`, `event_order`, `category_type_id`, `gender_type_id`, `user_id`, `created_at`, `updated_at`, `is_autofilled`, `is_out_of_race`, `begin_time`, `meeting_event_id`, `pool_type_id`, `time_standard_id`)
  VALUES (23166, 124, 697, 1, 1, '2015-03-01 01:08:20', '2015-03-01 01:08:20', 1, 0, '2000-01-01 12:08:00', 3247, 1, 2291);

INSERT INTO `meeting_programs` (`id`, `event_order`, `category_type_id`, `gender_type_id`, `user_id`, `created_at`, `updated_at`, `is_autofilled`, `is_out_of_race`, `begin_time`, `meeting_event_id`, `pool_type_id`, `time_standard_id`)
  VALUES (23167, 125, 698, 1, 1, '2015-03-01 01:08:20', '2015-03-01 01:08:20', 1, 0, '2000-01-01 12:10:00', 3247, 1, 2309);

INSERT INTO `meeting_programs` (`id`, `event_order`, `category_type_id`, `gender_type_id`, `user_id`, `created_at`, `updated_at`, `is_autofilled`, `is_out_of_race`, `begin_time`, `meeting_event_id`, `pool_type_id`, `time_standard_id`)
  VALUES (23168, 126, 700, 1, 1, '2015-03-01 01:08:20', '2015-03-01 01:08:20', 1, 0, '2000-01-01 12:12:00', 3247, 1, 2345);

INSERT INTO `meeting_programs` (`id`, `event_order`, `category_type_id`, `gender_type_id`, `user_id`, `created_at`, `updated_at`, `is_autofilled`, `is_out_of_race`, `begin_time`, `meeting_event_id`, `pool_type_id`, `time_standard_id`)
  VALUES (23169, 127, 701, 1, 1, '2015-03-01 01:08:20', '2015-03-01 01:08:20', 1, 0, '2000-01-01 12:14:00', 3247, 1, 2363);

INSERT INTO `meeting_programs` (`id`, `event_order`, `category_type_id`, `gender_type_id`, `user_id`, `created_at`, `updated_at`, `is_autofilled`, `is_out_of_race`, `begin_time`, `meeting_event_id`, `pool_type_id`, `time_standard_id`)
  VALUES (23170, 128, 704, 1, 1, '2015-03-01 01:08:20', '2015-03-01 01:08:20', 1, 0, '2000-01-01 12:16:00', 3247, 1, 2417);

INSERT INTO `swimmers` (`id`, `last_name`, `first_name`, `year_of_birth`, `phone_mobile`, `phone_number`, `e_mail`, `nickname`, `associated_user_id`, `gender_type_id`, `user_id`, `created_at`, `updated_at`, `complete_name`, `is_year_guessed`)
  VALUES (17888, 'ANNUNZIATA', 'ANTONIO', 1981, NULL, NULL, NULL, '', NULL, 1, 1, '2015-03-01 01:08:20', '2015-03-01 01:08:20', 'ANNUNZIATA ANTONIO', 0);

INSERT INTO `swimmers` (`id`, `last_name`, `first_name`, `year_of_birth`, `phone_mobile`, `phone_number`, `e_mail`, `nickname`, `associated_user_id`, `gender_type_id`, `user_id`, `created_at`, `updated_at`, `complete_name`, `is_year_guessed`)
  VALUES (17889, 'ASCIONE', 'VITO', 1983, NULL, NULL, NULL, '', NULL, 1, 1, '2015-03-01 01:08:20', '2015-03-01 01:08:20', 'ASCIONE VITO', 0);

INSERT INTO `swimmers` (`id`, `last_name`, `first_name`, `year_of_birth`, `phone_mobile`, `phone_number`, `e_mail`, `nickname`, `associated_user_id`, `gender_type_id`, `user_id`, `created_at`, `updated_at`, `complete_name`, `is_year_guessed`)
  VALUES (17890, 'BIRAGHI', 'MICHELE', 1960, NULL, NULL, NULL, '', NULL, 1, 1, '2015-03-01 01:08:20', '2015-03-01 01:08:20', 'BIRAGHI MICHELE', 0);

INSERT INTO `swimmers` (`id`, `last_name`, `first_name`, `year_of_birth`, `phone_mobile`, `phone_number`, `e_mail`, `nickname`, `associated_user_id`, `gender_type_id`, `user_id`, `created_at`, `updated_at`, `complete_name`, `is_year_guessed`)
  VALUES (17891, 'DE MARTINO', 'EDUARDO', 1976, NULL, NULL, NULL, '', NULL, 1, 1, '2015-03-01 01:08:20', '2015-03-01 01:08:20', 'DE MARTINO EDUARDO', 0);

INSERT INTO `swimmers` (`id`, `last_name`, `first_name`, `year_of_birth`, `phone_mobile`, `phone_number`, `e_mail`, `nickname`, `associated_user_id`, `gender_type_id`, `user_id`, `created_at`, `updated_at`, `complete_name`, `is_year_guessed`)
  VALUES (17892, 'DI TUORO', 'LUIGI', 1978, NULL, NULL, NULL, '', NULL, 1, 1, '2015-03-01 01:08:20', '2015-03-01 01:08:20', 'DI TUORO LUIGI', 0);

INSERT INTO `swimmers` (`id`, `last_name`, `first_name`, `year_of_birth`, `phone_mobile`, `phone_number`, `e_mail`, `nickname`, `associated_user_id`, `gender_type_id`, `user_id`, `created_at`, `updated_at`, `complete_name`, `is_year_guessed`)
  VALUES (17893, 'D`AVINO', 'MARIO', 1975, NULL, NULL, NULL, '', NULL, 1, 1, '2015-03-01 01:08:20', '2015-03-01 01:08:20', 'D`AVINO MARIO', 0);

INSERT INTO `swimmers` (`id`, `last_name`, `first_name`, `year_of_birth`, `phone_mobile`, `phone_number`, `e_mail`, `nickname`, `associated_user_id`, `gender_type_id`, `user_id`, `created_at`, `updated_at`, `complete_name`, `is_year_guessed`)
  VALUES (17894, 'FICO', 'AURORA', 1986, NULL, NULL, NULL, '', NULL, 2, 1, '2015-03-01 01:08:20', '2015-03-01 01:08:20', 'FICO AURORA', 0);

INSERT INTO `swimmers` (`id`, `last_name`, `first_name`, `year_of_birth`, `phone_mobile`, `phone_number`, `e_mail`, `nickname`, `associated_user_id`, `gender_type_id`, `user_id`, `created_at`, `updated_at`, `complete_name`, `is_year_guessed`)
  VALUES (17895, 'FIMIANI', 'FILIPPO', 1964, NULL, NULL, NULL, '', NULL, 1, 1, '2015-03-01 01:08:20', '2015-03-01 01:08:20', 'FIMIANI FILIPPO', 0);

INSERT INTO `swimmers` (`id`, `last_name`, `first_name`, `year_of_birth`, `phone_mobile`, `phone_number`, `e_mail`, `nickname`, `associated_user_id`, `gender_type_id`, `user_id`, `created_at`, `updated_at`, `complete_name`, `is_year_guessed`)
  VALUES (17896, 'FORMICOLA', 'ANNA', 1970, NULL, NULL, NULL, '', NULL, 2, 1, '2015-03-01 01:08:20', '2015-03-01 01:08:20', 'FORMICOLA ANNA', 0);

INSERT INTO `swimmers` (`id`, `last_name`, `first_name`, `year_of_birth`, `phone_mobile`, `phone_number`, `e_mail`, `nickname`, `associated_user_id`, `gender_type_id`, `user_id`, `created_at`, `updated_at`, `complete_name`, `is_year_guessed`)
  VALUES (17897, 'HUSSET', 'ALEXANDRE WASSIM', 1992, NULL, NULL, NULL, '', NULL, 1, 1, '2015-03-01 01:08:20', '2015-03-01 01:08:20', 'HUSSET ALEXANDRE WASSIM', 0);

INSERT INTO `swimmers` (`id`, `last_name`, `first_name`, `year_of_birth`, `phone_mobile`, `phone_number`, `e_mail`, `nickname`, `associated_user_id`, `gender_type_id`, `user_id`, `created_at`, `updated_at`, `complete_name`, `is_year_guessed`)
  VALUES (17898, 'LANZI', 'ANTONIO', 1953, NULL, NULL, NULL, '', NULL, 1, 1, '2015-03-01 01:08:20', '2015-03-01 01:08:20', 'LANZI ANTONIO', 0);

INSERT INTO `swimmers` (`id`, `last_name`, `first_name`, `year_of_birth`, `phone_mobile`, `phone_number`, `e_mail`, `nickname`, `associated_user_id`, `gender_type_id`, `user_id`, `created_at`, `updated_at`, `complete_name`, `is_year_guessed`)
  VALUES (17899, 'OLIBET', 'MARINELLA', 1977, NULL, NULL, NULL, '', NULL, 2, 1, '2015-03-01 01:08:20', '2015-03-01 01:08:20', 'OLIBET MARINELLA', 0);

INSERT INTO `swimmers` (`id`, `last_name`, `first_name`, `year_of_birth`, `phone_mobile`, `phone_number`, `e_mail`, `nickname`, `associated_user_id`, `gender_type_id`, `user_id`, `created_at`, `updated_at`, `complete_name`, `is_year_guessed`)
  VALUES (17900, 'ORTOLANI', 'MARGHERITA', 1968, NULL, NULL, NULL, '', NULL, 2, 1, '2015-03-01 01:08:20', '2015-03-01 01:08:20', 'ORTOLANI MARGHERITA', 0);

INSERT INTO `swimmers` (`id`, `last_name`, `first_name`, `year_of_birth`, `phone_mobile`, `phone_number`, `e_mail`, `nickname`, `associated_user_id`, `gender_type_id`, `user_id`, `created_at`, `updated_at`, `complete_name`, `is_year_guessed`)
  VALUES (17901, 'POLLIO', 'MONICA', 1982, NULL, NULL, NULL, '', NULL, 2, 1, '2015-03-01 01:08:20', '2015-03-01 01:08:20', 'POLLIO MONICA', 0);

INSERT INTO `swimmers` (`id`, `last_name`, `first_name`, `year_of_birth`, `phone_mobile`, `phone_number`, `e_mail`, `nickname`, `associated_user_id`, `gender_type_id`, `user_id`, `created_at`, `updated_at`, `complete_name`, `is_year_guessed`)
  VALUES (17902, 'PRINCIGALLI', 'LUIGI', 1966, NULL, NULL, NULL, '', NULL, 1, 1, '2015-03-01 01:08:20', '2015-03-01 01:08:20', 'PRINCIGALLI LUIGI', 0);

INSERT INTO `swimmers` (`id`, `last_name`, `first_name`, `year_of_birth`, `phone_mobile`, `phone_number`, `e_mail`, `nickname`, `associated_user_id`, `gender_type_id`, `user_id`, `created_at`, `updated_at`, `complete_name`, `is_year_guessed`)
  VALUES (17903, 'RANIERI', 'FRANCESCO', 1980, NULL, NULL, NULL, '', NULL, 1, 1, '2015-03-01 01:08:20', '2015-03-01 01:08:20', 'RANIERI FRANCESCO', 0);

INSERT INTO `swimmers` (`id`, `last_name`, `first_name`, `year_of_birth`, `phone_mobile`, `phone_number`, `e_mail`, `nickname`, `associated_user_id`, `gender_type_id`, `user_id`, `created_at`, `updated_at`, `complete_name`, `is_year_guessed`)
  VALUES (17904, 'RUPE', 'ROSARIA', 1962, NULL, NULL, NULL, '', NULL, 2, 1, '2015-03-01 01:08:20', '2015-03-01 01:08:20', 'RUPE ROSARIA', 0);

INSERT INTO `swimmers` (`id`, `last_name`, `first_name`, `year_of_birth`, `phone_mobile`, `phone_number`, `e_mail`, `nickname`, `associated_user_id`, `gender_type_id`, `user_id`, `created_at`, `updated_at`, `complete_name`, `is_year_guessed`)
  VALUES (17905, 'SANNINO', 'GIORGIO', 1990, NULL, NULL, NULL, '', NULL, 1, 1, '2015-03-01 01:08:20', '2015-03-01 01:08:20', 'SANNINO GIORGIO', 0);

INSERT INTO `swimmers` (`id`, `last_name`, `first_name`, `year_of_birth`, `phone_mobile`, `phone_number`, `e_mail`, `nickname`, `associated_user_id`, `gender_type_id`, `user_id`, `created_at`, `updated_at`, `complete_name`, `is_year_guessed`)
  VALUES (17906, 'TORTORELLA', 'MANUEL', 1971, NULL, NULL, NULL, '', NULL, 1, 1, '2015-03-01 01:08:20', '2015-03-01 01:08:20', 'TORTORELLA MANUEL', 0);

INSERT INTO `swimmers` (`id`, `last_name`, `first_name`, `year_of_birth`, `phone_mobile`, `phone_number`, `e_mail`, `nickname`, `associated_user_id`, `gender_type_id`, `user_id`, `created_at`, `updated_at`, `complete_name`, `is_year_guessed`)
  VALUES (17907, 'FOSCHINI', 'NICOLA', 1974, NULL, NULL, NULL, '', NULL, 1, 1, '2015-03-01 01:08:20', '2015-03-01 01:08:20', 'FOSCHINI NICOLA', 0);

INSERT INTO `badges` (`id`, `number`, `season_id`, `swimmer_id`, `team_id`, `category_type_id`, `user_id`, `created_at`, `updated_at`, `entry_time_type_id`, `team_affiliation_id`)
  VALUES (21691, '?', 132, 17894, 184, 694, 1, '2015-03-01 01:08:21', '2015-03-01 01:08:21', 5, 379);

INSERT INTO `badges` (`id`, `number`, `season_id`, `swimmer_id`, `team_id`, `category_type_id`, `user_id`, `created_at`, `updated_at`, `entry_time_type_id`, `team_affiliation_id`)
  VALUES (21692, '?', 132, 17900, 183, 698, 1, '2015-03-01 01:08:21', '2015-03-01 01:08:21', 5, 378);

INSERT INTO `badges` (`id`, `number`, `season_id`, `swimmer_id`, `team_id`, `category_type_id`, `user_id`, `created_at`, `updated_at`, `entry_time_type_id`, `team_affiliation_id`)
  VALUES (21693, '?', 132, 17904, 188, 699, 1, '2015-03-01 01:08:21', '2015-03-01 01:08:21', 5, 383);

INSERT INTO `badges` (`id`, `number`, `season_id`, `swimmer_id`, `team_id`, `category_type_id`, `user_id`, `created_at`, `updated_at`, `entry_time_type_id`, `team_affiliation_id`)
  VALUES (21694, '?', 132, 17892, 188, 696, 1, '2015-03-01 01:08:21', '2015-03-01 01:08:21', 5, 383);

INSERT INTO `badges` (`id`, `number`, `season_id`, `swimmer_id`, `team_id`, `category_type_id`, `user_id`, `created_at`, `updated_at`, `entry_time_type_id`, `team_affiliation_id`)
  VALUES (21695, '?', 132, 17907, 183, 697, 1, '2015-03-01 01:08:21', '2015-03-01 01:08:21', 5, 378);

INSERT INTO `badges` (`id`, `number`, `season_id`, `swimmer_id`, `team_id`, `category_type_id`, `user_id`, `created_at`, `updated_at`, `entry_time_type_id`, `team_affiliation_id`)
  VALUES (21696, '?', 132, 17901, 484, 695, 1, '2015-03-01 01:08:21', '2015-03-01 01:08:21', 5, 704);

INSERT INTO `badges` (`id`, `number`, `season_id`, `swimmer_id`, `team_id`, `category_type_id`, `user_id`, `created_at`, `updated_at`, `entry_time_type_id`, `team_affiliation_id`)
  VALUES (21697, '?', 132, 17899, 623, 696, 1, '2015-03-01 01:08:21', '2015-03-01 01:08:21', 5, 843);

INSERT INTO `badges` (`id`, `number`, `season_id`, `swimmer_id`, `team_id`, `category_type_id`, `user_id`, `created_at`, `updated_at`, `entry_time_type_id`, `team_affiliation_id`)
  VALUES (21698, '?', 132, 17893, 184, 696, 1, '2015-03-01 01:08:21', '2015-03-01 01:08:21', 5, 379);

INSERT INTO `badges` (`id`, `number`, `season_id`, `swimmer_id`, `team_id`, `category_type_id`, `user_id`, `created_at`, `updated_at`, `entry_time_type_id`, `team_affiliation_id`)
  VALUES (21699, '?', 132, 17906, 658, 697, 1, '2015-03-01 01:08:21', '2015-03-01 01:08:21', 5, 878);

INSERT INTO `badges` (`id`, `number`, `season_id`, `swimmer_id`, `team_id`, `category_type_id`, `user_id`, `created_at`, `updated_at`, `entry_time_type_id`, `team_affiliation_id`)
  VALUES (21700, '?', 132, 17898, 184, 701, 1, '2015-03-01 01:08:21', '2015-03-01 01:08:21', 5, 379);

INSERT INTO `badges` (`id`, `number`, `season_id`, `swimmer_id`, `team_id`, `category_type_id`, `user_id`, `created_at`, `updated_at`, `entry_time_type_id`, `team_affiliation_id`)
  VALUES (21701, '?', 132, 17905, 191, 693, 1, '2015-03-01 01:08:21', '2015-03-01 01:08:21', 5, 386);

INSERT INTO `badges` (`id`, `number`, `season_id`, `swimmer_id`, `team_id`, `category_type_id`, `user_id`, `created_at`, `updated_at`, `entry_time_type_id`, `team_affiliation_id`)
  VALUES (21702, '?', 132, 17903, 194, 695, 1, '2015-03-01 01:08:21', '2015-03-01 01:08:21', 5, 389);

INSERT INTO `badges` (`id`, `number`, `season_id`, `swimmer_id`, `team_id`, `category_type_id`, `user_id`, `created_at`, `updated_at`, `entry_time_type_id`, `team_affiliation_id`)
  VALUES (21703, '?', 132, 17891, 656, 696, 1, '2015-03-01 01:08:21', '2015-03-01 01:08:21', 5, 876);

INSERT INTO `badges` (`id`, `number`, `season_id`, `swimmer_id`, `team_id`, `category_type_id`, `user_id`, `created_at`, `updated_at`, `entry_time_type_id`, `team_affiliation_id`)
  VALUES (21704, '?', 132, 17896, 627, 697, 1, '2015-03-01 01:08:21', '2015-03-01 01:08:21', 5, 847);

INSERT INTO `badges` (`id`, `number`, `season_id`, `swimmer_id`, `team_id`, `category_type_id`, `user_id`, `created_at`, `updated_at`, `entry_time_type_id`, `team_affiliation_id`)
  VALUES (21705, '?', 132, 17889, 656, 695, 1, '2015-03-01 01:08:21', '2015-03-01 01:08:21', 5, 876);

INSERT INTO `badges` (`id`, `number`, `season_id`, `swimmer_id`, `team_id`, `category_type_id`, `user_id`, `created_at`, `updated_at`, `entry_time_type_id`, `team_affiliation_id`)
  VALUES (21706, '?', 132, 17888, 656, 695, 1, '2015-03-01 01:08:21', '2015-03-01 01:08:21', 5, 876);

INSERT INTO `badges` (`id`, `number`, `season_id`, `swimmer_id`, `team_id`, `category_type_id`, `user_id`, `created_at`, `updated_at`, `entry_time_type_id`, `team_affiliation_id`)
  VALUES (21707, '?', 132, 17902, 656, 698, 1, '2015-03-01 01:08:21', '2015-03-01 01:08:21', 5, 876);

INSERT INTO `badges` (`id`, `number`, `season_id`, `swimmer_id`, `team_id`, `category_type_id`, `user_id`, `created_at`, `updated_at`, `entry_time_type_id`, `team_affiliation_id`)
  VALUES (21708, '?', 132, 17895, 183, 699, 1, '2015-03-01 01:08:21', '2015-03-01 01:08:21', 5, 378);

INSERT INTO `badges` (`id`, `number`, `season_id`, `swimmer_id`, `team_id`, `category_type_id`, `user_id`, `created_at`, `updated_at`, `entry_time_type_id`, `team_affiliation_id`)
  VALUES (21709, '?', 132, 17890, 656, 699, 1, '2015-03-01 01:08:21', '2015-03-01 01:08:21', 5, 876);

INSERT INTO `badges` (`id`, `number`, `season_id`, `swimmer_id`, `team_id`, `category_type_id`, `user_id`, `created_at`, `updated_at`, `entry_time_type_id`, `team_affiliation_id`)
  VALUES (21710, '?', 132, 17897, 656, 693, 1, '2015-03-01 01:08:21', '2015-03-01 01:08:21', 5, 876);

INSERT INTO `meeting_individual_results` (`id`, `rank`, `is_play_off`, `is_out_of_race`, `is_disqualified`, `standard_points`, `meeting_individual_points`, `minutes`, `seconds`, `hundreds`, `meeting_program_id`, `swimmer_id`, `team_id`, `badge_id`, `user_id`, `created_at`, `updated_at`, `disqualification_code_type_id`, `goggle_cup_points`, `reaction_time`, `team_points`, `team_affiliation_id`)
  VALUES (196638, 1, 1, 0, 0, 637.12, 637.12, 1, 39, 40, 23043, 3353, 187, 6574, 1, '2015-03-01 01:08:22', '2015-03-01 01:08:22', NULL, 0.0, 0.0, 0.0, 382);

INSERT INTO `meeting_individual_results` (`id`, `rank`, `is_play_off`, `is_out_of_race`, `is_disqualified`, `standard_points`, `meeting_individual_points`, `minutes`, `seconds`, `hundreds`, `meeting_program_id`, `swimmer_id`, `team_id`, `badge_id`, `user_id`, `created_at`, `updated_at`, `disqualification_code_type_id`, `goggle_cup_points`, `reaction_time`, `team_points`, `team_affiliation_id`)
  VALUES (196639, 2, 1, 0, 0, 586.88, 586.88, 1, 47, 91, 23043, 17894, 184, 21691, 1, '2015-03-01 01:08:22', '2015-03-01 01:08:22', NULL, 0.0, 0.0, 0.0, 379);

INSERT INTO `meeting_individual_results` (`id`, `rank`, `is_play_off`, `is_out_of_race`, `is_disqualified`, `standard_points`, `meeting_individual_points`, `minutes`, `seconds`, `hundreds`, `meeting_program_id`, `swimmer_id`, `team_id`, `badge_id`, `user_id`, `created_at`, `updated_at`, `disqualification_code_type_id`, `goggle_cup_points`, `reaction_time`, `team_points`, `team_affiliation_id`)
  VALUES (196640, 3, 1, 0, 0, 554.17, 554.17, 1, 54, 28, 23043, 11580, 194, 15355, 1, '2015-03-01 01:08:22', '2015-03-01 01:08:22', NULL, 0.0, 0.0, 0.0, 389);

INSERT INTO `meeting_individual_results` (`id`, `rank`, `is_play_off`, `is_out_of_race`, `is_disqualified`, `standard_points`, `meeting_individual_points`, `minutes`, `seconds`, `hundreds`, `meeting_program_id`, `swimmer_id`, `team_id`, `badge_id`, `user_id`, `created_at`, `updated_at`, `disqualification_code_type_id`, `goggle_cup_points`, `reaction_time`, `team_points`, `team_affiliation_id`)
  VALUES (196641, 1, 1, 0, 0, 609.01, 609.01, 1, 44, 7, 23044, 9208, 484, 12999, 1, '2015-03-01 01:08:22', '2015-03-01 01:08:22', NULL, 0.0, 0.0, 0.0, 704);

INSERT INTO `meeting_individual_results` (`id`, `rank`, `is_play_off`, `is_out_of_race`, `is_disqualified`, `standard_points`, `meeting_individual_points`, `minutes`, `seconds`, `hundreds`, `meeting_program_id`, `swimmer_id`, `team_id`, `badge_id`, `user_id`, `created_at`, `updated_at`, `disqualification_code_type_id`, `goggle_cup_points`, `reaction_time`, `team_points`, `team_affiliation_id`)
  VALUES (196642, 1, 1, 0, 0, 565.48, 565.48, 1, 54, 54, 23045, 13764, 184, 17475, 1, '2015-03-01 01:08:22', '2015-03-01 01:08:22', NULL, 0.0, 0.0, 0.0, 379);

INSERT INTO `meeting_individual_results` (`id`, `rank`, `is_play_off`, `is_out_of_race`, `is_disqualified`, `standard_points`, `meeting_individual_points`, `minutes`, `seconds`, `hundreds`, `meeting_program_id`, `swimmer_id`, `team_id`, `badge_id`, `user_id`, `created_at`, `updated_at`, `disqualification_code_type_id`, `goggle_cup_points`, `reaction_time`, `team_points`, `team_affiliation_id`)
  VALUES (196643, 2, 1, 0, 0, 490.27, 490.27, 2, 12, 11, 23045, 15017, 188, 18798, 1, '2015-03-01 01:08:22', '2015-03-01 01:08:22', NULL, 0.0, 0.0, 0.0, 383);

INSERT INTO `meeting_individual_results` (`id`, `rank`, `is_play_off`, `is_out_of_race`, `is_disqualified`, `standard_points`, `meeting_individual_points`, `minutes`, `seconds`, `hundreds`, `meeting_program_id`, `swimmer_id`, `team_id`, `badge_id`, `user_id`, `created_at`, `updated_at`, `disqualification_code_type_id`, `goggle_cup_points`, `reaction_time`, `team_points`, `team_affiliation_id`)
  VALUES (196644, 1, 1, 0, 0, 683.98, 683.98, 1, 36, 64, 23046, 9299, 194, 12816, 1, '2015-03-01 01:08:22', '2015-03-01 01:08:22', NULL, 0.0, 0.0, 0.0, 389);

INSERT INTO `meeting_individual_results` (`id`, `rank`, `is_play_off`, `is_out_of_race`, `is_disqualified`, `standard_points`, `meeting_individual_points`, `minutes`, `seconds`, `hundreds`, `meeting_program_id`, `swimmer_id`, `team_id`, `badge_id`, `user_id`, `created_at`, `updated_at`, `disqualification_code_type_id`, `goggle_cup_points`, `reaction_time`, `team_points`, `team_affiliation_id`)
  VALUES (196645, 2, 1, 0, 0, 630.18, 630.18, 1, 44, 89, 23046, 13722, 188, 17477, 1, '2015-03-01 01:08:22', '2015-03-01 01:08:22', NULL, 0.0, 0.0, 0.0, 383);

INSERT INTO `meeting_individual_results` (`id`, `rank`, `is_play_off`, `is_out_of_race`, `is_disqualified`, `standard_points`, `meeting_individual_points`, `minutes`, `seconds`, `hundreds`, `meeting_program_id`, `swimmer_id`, `team_id`, `badge_id`, `user_id`, `created_at`, `updated_at`, `disqualification_code_type_id`, `goggle_cup_points`, `reaction_time`, `team_points`, `team_affiliation_id`)
  VALUES (196646, 3, 1, 0, 0, 574.53, 574.53, 1, 55, 5, 23046, 11609, 194, 15340, 1, '2015-03-01 01:08:22', '2015-03-01 01:08:22', NULL, 0.0, 0.0, 0.0, 389);

INSERT INTO `meeting_individual_results` (`id`, `rank`, `is_play_off`, `is_out_of_race`, `is_disqualified`, `standard_points`, `meeting_individual_points`, `minutes`, `seconds`, `hundreds`, `meeting_program_id`, `swimmer_id`, `team_id`, `badge_id`, `user_id`, `created_at`, `updated_at`, `disqualification_code_type_id`, `goggle_cup_points`, `reaction_time`, `team_points`, `team_affiliation_id`)
  VALUES (196647, 4, 1, 0, 0, 559.65, 559.65, 1, 58, 11, 23046, 16966, 183, 20780, 1, '2015-03-01 01:08:22', '2015-03-01 01:08:22', NULL, 0.0, 0.0, 0.0, 378);

INSERT INTO `meeting_individual_results` (`id`, `rank`, `is_play_off`, `is_out_of_race`, `is_disqualified`, `standard_points`, `meeting_individual_points`, `minutes`, `seconds`, `hundreds`, `meeting_program_id`, `swimmer_id`, `team_id`, `badge_id`, `user_id`, `created_at`, `updated_at`, `disqualification_code_type_id`, `goggle_cup_points`, `reaction_time`, `team_points`, `team_affiliation_id`)
  VALUES (196648, 5, 1, 0, 0, 551.11, 551.11, 1, 59, 94, 23046, 16978, 183, 20798, 1, '2015-03-01 01:08:23', '2015-03-01 01:08:23', NULL, 0.0, 0.0, 0.0, 378);

INSERT INTO `meeting_individual_results` (`id`, `rank`, `is_play_off`, `is_out_of_race`, `is_disqualified`, `standard_points`, `meeting_individual_points`, `minutes`, `seconds`, `hundreds`, `meeting_program_id`, `swimmer_id`, `team_id`, `badge_id`, `user_id`, `created_at`, `updated_at`, `disqualification_code_type_id`, `goggle_cup_points`, `reaction_time`, `team_points`, `team_affiliation_id`)
  VALUES (196649, 1, 1, 0, 0, 900.58, 900.58, 1, 16, 4, 23047, 3289, 82, 6510, 1, '2015-03-01 01:08:23', '2015-03-01 01:08:23', NULL, 0.0, 0.0, 0.0, 275);

INSERT INTO `meeting_individual_results` (`id`, `rank`, `is_play_off`, `is_out_of_race`, `is_disqualified`, `standard_points`, `meeting_individual_points`, `minutes`, `seconds`, `hundreds`, `meeting_program_id`, `swimmer_id`, `team_id`, `badge_id`, `user_id`, `created_at`, `updated_at`, `disqualification_code_type_id`, `goggle_cup_points`, `reaction_time`, `team_points`, `team_affiliation_id`)
  VALUES (196650, 2, 1, 0, 0, 701.28, 701.28, 1, 37, 65, 23047, 9360, 186, 12819, 1, '2015-03-01 01:08:23', '2015-03-01 01:08:23', NULL, 0.0, 0.0, 0.0, 381);

INSERT INTO `meeting_individual_results` (`id`, `rank`, `is_play_off`, `is_out_of_race`, `is_disqualified`, `standard_points`, `meeting_individual_points`, `minutes`, `seconds`, `hundreds`, `meeting_program_id`, `swimmer_id`, `team_id`, `badge_id`, `user_id`, `created_at`, `updated_at`, `disqualification_code_type_id`, `goggle_cup_points`, `reaction_time`, `team_points`, `team_affiliation_id`)
  VALUES (196651, 3, 1, 0, 0, 647.38, 647.38, 1, 45, 78, 23047, 17900, 183, 21692, 1, '2015-03-01 01:08:23', '2015-03-01 01:08:23', NULL, 0.0, 0.0, 0.0, 378);

INSERT INTO `meeting_individual_results` (`id`, `rank`, `is_play_off`, `is_out_of_race`, `is_disqualified`, `standard_points`, `meeting_individual_points`, `minutes`, `seconds`, `hundreds`, `meeting_program_id`, `swimmer_id`, `team_id`, `badge_id`, `user_id`, `created_at`, `updated_at`, `disqualification_code_type_id`, `goggle_cup_points`, `reaction_time`, `team_points`, `team_affiliation_id`)
  VALUES (196652, 1, 1, 0, 0, 604.18, 604.18, 1, 57, 68, 23048, 15023, 656, 18811, 1, '2015-03-01 01:08:23', '2015-03-01 01:08:23', NULL, 0.0, 0.0, 0.0, 876);

INSERT INTO `meeting_individual_results` (`id`, `rank`, `is_play_off`, `is_out_of_race`, `is_disqualified`, `standard_points`, `meeting_individual_points`, `minutes`, `seconds`, `hundreds`, `meeting_program_id`, `swimmer_id`, `team_id`, `badge_id`, `user_id`, `created_at`, `updated_at`, `disqualification_code_type_id`, `goggle_cup_points`, `reaction_time`, `team_points`, `team_affiliation_id`)
  VALUES (196653, 2, 1, 0, 0, 496.92, 496.92, 2, 23, 8, 23048, 17904, 188, 21693, 1, '2015-03-01 01:08:23', '2015-03-01 01:08:23', NULL, 0.0, 0.0, 0.0, 383);

INSERT INTO `meeting_individual_results` (`id`, `rank`, `is_play_off`, `is_out_of_race`, `is_disqualified`, `standard_points`, `meeting_individual_points`, `minutes`, `seconds`, `hundreds`, `meeting_program_id`, `swimmer_id`, `team_id`, `badge_id`, `user_id`, `created_at`, `updated_at`, `disqualification_code_type_id`, `goggle_cup_points`, `reaction_time`, `team_points`, `team_affiliation_id`)
  VALUES (196654, 1, 1, 0, 0, 891.31, 891.31, 1, 31, 18, 23049, 9234, 495, 12958, 1, '2015-03-01 01:08:23', '2015-03-01 01:08:23', NULL, 0.0, 0.0, 0.0, 715);

INSERT INTO `meeting_individual_results` (`id`, `rank`, `is_play_off`, `is_out_of_race`, `is_disqualified`, `standard_points`, `meeting_individual_points`, `minutes`, `seconds`, `hundreds`, `meeting_program_id`, `swimmer_id`, `team_id`, `badge_id`, `user_id`, `created_at`, `updated_at`, `disqualification_code_type_id`, `goggle_cup_points`, `reaction_time`, `team_points`, `team_affiliation_id`)
  VALUES (196655, 2, 1, 0, 0, 523.11, 523.11, 2, 35, 36, 23049, 14925, 188, 18681, 1, '2015-03-01 01:08:23', '2015-03-01 01:08:23', NULL, 0.0, 0.0, 0.0, 383);

INSERT INTO `meeting_individual_results` (`id`, `rank`, `is_play_off`, `is_out_of_race`, `is_disqualified`, `standard_points`, `meeting_individual_points`, `minutes`, `seconds`, `hundreds`, `meeting_program_id`, `swimmer_id`, `team_id`, `badge_id`, `user_id`, `created_at`, `updated_at`, `disqualification_code_type_id`, `goggle_cup_points`, `reaction_time`, `team_points`, `team_affiliation_id`)
  VALUES (196656, 1, 1, 0, 0, 620.4, 620.4, 2, 27, 84, 23050, 9284, 232, 12827, 1, '2015-03-01 01:08:23', '2015-03-01 01:08:23', NULL, 0.0, 0.0, 0.0, 427);

INSERT INTO `meeting_individual_results` (`id`, `rank`, `is_play_off`, `is_out_of_race`, `is_disqualified`, `standard_points`, `meeting_individual_points`, `minutes`, `seconds`, `hundreds`, `meeting_program_id`, `swimmer_id`, `team_id`, `badge_id`, `user_id`, `created_at`, `updated_at`, `disqualification_code_type_id`, `goggle_cup_points`, `reaction_time`, `team_points`, `team_affiliation_id`)
  VALUES (196657, 2, 1, 0, 0, 520.49, 520.49, 2, 56, 22, 23050, 9219, 183, 12828, 1, '2015-03-01 01:08:24', '2015-03-01 01:08:24', NULL, 0.0, 0.0, 0.0, 378);

INSERT INTO `meeting_individual_results` (`id`, `rank`, `is_play_off`, `is_out_of_race`, `is_disqualified`, `standard_points`, `meeting_individual_points`, `minutes`, `seconds`, `hundreds`, `meeting_program_id`, `swimmer_id`, `team_id`, `badge_id`, `user_id`, `created_at`, `updated_at`, `disqualification_code_type_id`, `goggle_cup_points`, `reaction_time`, `team_points`, `team_affiliation_id`)
  VALUES (196658, 3, 1, 0, 0, 366.13, 366.13, 4, 10, 51, 23050, 16935, 194, 20761, 1, '2015-03-01 01:08:24', '2015-03-01 01:08:24', NULL, 0.0, 0.0, 0.0, 389);

INSERT INTO `meeting_individual_results` (`id`, `rank`, `is_play_off`, `is_out_of_race`, `is_disqualified`, `standard_points`, `meeting_individual_points`, `minutes`, `seconds`, `hundreds`, `meeting_program_id`, `swimmer_id`, `team_id`, `badge_id`, `user_id`, `created_at`, `updated_at`, `disqualification_code_type_id`, `goggle_cup_points`, `reaction_time`, `team_points`, `team_affiliation_id`)
  VALUES (196659, 1, 1, 0, 0, 395.26, 395.26, 4, 12, 39, 23051, 13575, 232, 17508, 1, '2015-03-01 01:08:24', '2015-03-01 01:08:24', NULL, 0.0, 0.0, 0.0, 427);

INSERT INTO `meeting_individual_results` (`id`, `rank`, `is_play_off`, `is_out_of_race`, `is_disqualified`, `standard_points`, `meeting_individual_points`, `minutes`, `seconds`, `hundreds`, `meeting_program_id`, `swimmer_id`, `team_id`, `badge_id`, `user_id`, `created_at`, `updated_at`, `disqualification_code_type_id`, `goggle_cup_points`, `reaction_time`, `team_points`, `team_affiliation_id`)
  VALUES (196660, 1, 1, 0, 0, 722.44, 722.44, 2, 37, 12, 23052, 9239, 183, 13003, 1, '2015-03-01 01:08:24', '2015-03-01 01:08:24', NULL, 0.0, 0.0, 0.0, 378);

INSERT INTO `meeting_individual_results` (`id`, `rank`, `is_play_off`, `is_out_of_race`, `is_disqualified`, `standard_points`, `meeting_individual_points`, `minutes`, `seconds`, `hundreds`, `meeting_program_id`, `swimmer_id`, `team_id`, `badge_id`, `user_id`, `created_at`, `updated_at`, `disqualification_code_type_id`, `goggle_cup_points`, `reaction_time`, `team_points`, `team_affiliation_id`)
  VALUES (196661, 1, 1, 0, 0, 0.0, 0.0, 1, 25, 84, 23053, 3361, 194, 6582, 1, '2015-03-01 01:08:24', '2015-03-01 01:08:24', NULL, 0.0, 0.0, 0.0, 389);

INSERT INTO `meeting_individual_results` (`id`, `rank`, `is_play_off`, `is_out_of_race`, `is_disqualified`, `standard_points`, `meeting_individual_points`, `minutes`, `seconds`, `hundreds`, `meeting_program_id`, `swimmer_id`, `team_id`, `badge_id`, `user_id`, `created_at`, `updated_at`, `disqualification_code_type_id`, `goggle_cup_points`, `reaction_time`, `team_points`, `team_affiliation_id`)
  VALUES (196662, 2, 1, 0, 0, 0.0, 0.0, 1, 50, 43, 23053, 3363, 194, 6584, 1, '2015-03-01 01:08:24', '2015-03-01 01:08:24', NULL, 0.0, 0.0, 0.0, 389);

INSERT INTO `meeting_individual_results` (`id`, `rank`, `is_play_off`, `is_out_of_race`, `is_disqualified`, `standard_points`, `meeting_individual_points`, `minutes`, `seconds`, `hundreds`, `meeting_program_id`, `swimmer_id`, `team_id`, `badge_id`, `user_id`, `created_at`, `updated_at`, `disqualification_code_type_id`, `goggle_cup_points`, `reaction_time`, `team_points`, `team_affiliation_id`)
  VALUES (196663, 1, 1, 0, 0, 752.11, 752.11, 1, 13, 50, 23054, 14920, 495, 18815, 1, '2015-03-01 01:08:24', '2015-03-01 01:08:24', NULL, 0.0, 0.0, 0.0, 715);

INSERT INTO `meeting_individual_results` (`id`, `rank`, `is_play_off`, `is_out_of_race`, `is_disqualified`, `standard_points`, `meeting_individual_points`, `minutes`, `seconds`, `hundreds`, `meeting_program_id`, `swimmer_id`, `team_id`, `badge_id`, `user_id`, `created_at`, `updated_at`, `disqualification_code_type_id`, `goggle_cup_points`, `reaction_time`, `team_points`, `team_affiliation_id`)
  VALUES (196664, 2, 1, 0, 0, 702.68, 702.68, 1, 18, 67, 23054, 14944, 188, 18727, 1, '2015-03-01 01:08:24', '2015-03-01 01:08:24', NULL, 0.0, 0.0, 0.0, 383);

INSERT INTO `meeting_individual_results` (`id`, `rank`, `is_play_off`, `is_out_of_race`, `is_disqualified`, `standard_points`, `meeting_individual_points`, `minutes`, `seconds`, `hundreds`, `meeting_program_id`, `swimmer_id`, `team_id`, `badge_id`, `user_id`, `created_at`, `updated_at`, `disqualification_code_type_id`, `goggle_cup_points`, `reaction_time`, `team_points`, `team_affiliation_id`)
  VALUES (196665, 1, 1, 0, 0, 776.76, 776.76, 1, 12, 3, 23055, 9048, 184, 12847, 1, '2015-03-01 01:08:24', '2015-03-01 01:08:24', NULL, 0.0, 0.0, 0.0, 379);

INSERT INTO `meeting_individual_results` (`id`, `rank`, `is_play_off`, `is_out_of_race`, `is_disqualified`, `standard_points`, `meeting_individual_points`, `minutes`, `seconds`, `hundreds`, `meeting_program_id`, `swimmer_id`, `team_id`, `badge_id`, `user_id`, `created_at`, `updated_at`, `disqualification_code_type_id`, `goggle_cup_points`, `reaction_time`, `team_points`, `team_affiliation_id`)
  VALUES (196666, 2, 1, 0, 0, 698.94, 698.94, 1, 20, 5, 23055, 9188, 484, 13110, 1, '2015-03-01 01:08:24', '2015-03-01 01:08:24', NULL, 0.0, 0.0, 0.0, 704);

INSERT INTO `meeting_individual_results` (`id`, `rank`, `is_play_off`, `is_out_of_race`, `is_disqualified`, `standard_points`, `meeting_individual_points`, `minutes`, `seconds`, `hundreds`, `meeting_program_id`, `swimmer_id`, `team_id`, `badge_id`, `user_id`, `created_at`, `updated_at`, `disqualification_code_type_id`, `goggle_cup_points`, `reaction_time`, `team_points`, `team_affiliation_id`)
  VALUES (196667, 3, 1, 0, 0, 677.36, 677.36, 1, 22, 60, 23055, 9057, 484, 13011, 1, '2015-03-01 01:08:24', '2015-03-01 01:08:24', NULL, 0.0, 0.0, 0.0, 704);

INSERT INTO `meeting_individual_results` (`id`, `rank`, `is_play_off`, `is_out_of_race`, `is_disqualified`, `standard_points`, `meeting_individual_points`, `minutes`, `seconds`, `hundreds`, `meeting_program_id`, `swimmer_id`, `team_id`, `badge_id`, `user_id`, `created_at`, `updated_at`, `disqualification_code_type_id`, `goggle_cup_points`, `reaction_time`, `team_points`, `team_affiliation_id`)
  VALUES (196668, 4, 1, 0, 0, 667.1, 667.1, 1, 23, 87, 23055, 13586, 627, 17515, 1, '2015-03-01 01:08:25', '2015-03-01 01:08:25', NULL, 0.0, 0.0, 0.0, 847);

INSERT INTO `meeting_individual_results` (`id`, `rank`, `is_play_off`, `is_out_of_race`, `is_disqualified`, `standard_points`, `meeting_individual_points`, `minutes`, `seconds`, `hundreds`, `meeting_program_id`, `swimmer_id`, `team_id`, `badge_id`, `user_id`, `created_at`, `updated_at`, `disqualification_code_type_id`, `goggle_cup_points`, `reaction_time`, `team_points`, `team_affiliation_id`)
  VALUES (196669, 5, 1, 0, 0, 653.16, 653.16, 1, 25, 66, 23055, 3305, 194, 6526, 1, '2015-03-01 01:08:25', '2015-03-01 01:08:25', NULL, 0.0, 0.0, 0.0, 389);

INSERT INTO `meeting_individual_results` (`id`, `rank`, `is_play_off`, `is_out_of_race`, `is_disqualified`, `standard_points`, `meeting_individual_points`, `minutes`, `seconds`, `hundreds`, `meeting_program_id`, `swimmer_id`, `team_id`, `badge_id`, `user_id`, `created_at`, `updated_at`, `disqualification_code_type_id`, `goggle_cup_points`, `reaction_time`, `team_points`, `team_affiliation_id`)
  VALUES (196670, 6, 1, 0, 0, 573.38, 573.38, 1, 37, 58, 23055, 3304, 191, 6525, 1, '2015-03-01 01:08:25', '2015-03-01 01:08:25', NULL, 0.0, 0.0, 0.0, 386);

INSERT INTO `meeting_individual_results` (`id`, `rank`, `is_play_off`, `is_out_of_race`, `is_disqualified`, `standard_points`, `meeting_individual_points`, `minutes`, `seconds`, `hundreds`, `meeting_program_id`, `swimmer_id`, `team_id`, `badge_id`, `user_id`, `created_at`, `updated_at`, `disqualification_code_type_id`, `goggle_cup_points`, `reaction_time`, `team_points`, `team_affiliation_id`)
  VALUES (196671, 7, 1, 0, 1, 0.0, 0.0, 0, 0, 0, 23055, 9212, 183, 13045, 1, '2015-03-01 01:08:25', '2015-03-01 01:08:25', 1, 0.0, 0.0, 0.0, 378);

INSERT INTO `meeting_individual_results` (`id`, `rank`, `is_play_off`, `is_out_of_race`, `is_disqualified`, `standard_points`, `meeting_individual_points`, `minutes`, `seconds`, `hundreds`, `meeting_program_id`, `swimmer_id`, `team_id`, `badge_id`, `user_id`, `created_at`, `updated_at`, `disqualification_code_type_id`, `goggle_cup_points`, `reaction_time`, `team_points`, `team_affiliation_id`)
  VALUES (196672, 1, 1, 0, 0, 609.61, 609.61, 1, 34, 29, 23056, 14866, 183, 18657, 1, '2015-03-01 01:08:25', '2015-03-01 01:08:25', NULL, 0.0, 0.0, 0.0, 378);

INSERT INTO `meeting_individual_results` (`id`, `rank`, `is_play_off`, `is_out_of_race`, `is_disqualified`, `standard_points`, `meeting_individual_points`, `minutes`, `seconds`, `hundreds`, `meeting_program_id`, `swimmer_id`, `team_id`, `badge_id`, `user_id`, `created_at`, `updated_at`, `disqualification_code_type_id`, `goggle_cup_points`, `reaction_time`, `team_points`, `team_affiliation_id`)
  VALUES (196673, 2, 1, 0, 0, 588.27, 588.27, 1, 37, 71, 23056, 13799, 183, 17584, 1, '2015-03-01 01:08:25', '2015-03-01 01:08:25', NULL, 0.0, 0.0, 0.0, 378);

INSERT INTO `meeting_individual_results` (`id`, `rank`, `is_play_off`, `is_out_of_race`, `is_disqualified`, `standard_points`, `meeting_individual_points`, `minutes`, `seconds`, `hundreds`, `meeting_program_id`, `swimmer_id`, `team_id`, `badge_id`, `user_id`, `created_at`, `updated_at`, `disqualification_code_type_id`, `goggle_cup_points`, `reaction_time`, `team_points`, `team_affiliation_id`)
  VALUES (196674, 3, 1, 0, 0, 586.53, 586.53, 1, 38, 0, 23056, 17892, 188, 21694, 1, '2015-03-01 01:08:25', '2015-03-01 01:08:25', NULL, 0.0, 0.0, 0.0, 383);

INSERT INTO `meeting_individual_results` (`id`, `rank`, `is_play_off`, `is_out_of_race`, `is_disqualified`, `standard_points`, `meeting_individual_points`, `minutes`, `seconds`, `hundreds`, `meeting_program_id`, `swimmer_id`, `team_id`, `badge_id`, `user_id`, `created_at`, `updated_at`, `disqualification_code_type_id`, `goggle_cup_points`, `reaction_time`, `team_points`, `team_affiliation_id`)
  VALUES (196675, 1, 1, 0, 0, 719.73, 719.73, 1, 20, 60, 23057, 9355, 184, 12969, 1, '2015-03-01 01:08:25', '2015-03-01 01:08:25', NULL, 0.0, 0.0, 0.0, 379);

INSERT INTO `meeting_individual_results` (`id`, `rank`, `is_play_off`, `is_out_of_race`, `is_disqualified`, `standard_points`, `meeting_individual_points`, `minutes`, `seconds`, `hundreds`, `meeting_program_id`, `swimmer_id`, `team_id`, `badge_id`, `user_id`, `created_at`, `updated_at`, `disqualification_code_type_id`, `goggle_cup_points`, `reaction_time`, `team_points`, `team_affiliation_id`)
  VALUES (196676, 2, 1, 0, 0, 648.08, 648.08, 1, 29, 51, 23057, 9363, 194, 12871, 1, '2015-03-01 01:08:25', '2015-03-01 01:08:25', NULL, 0.0, 0.0, 0.0, 389);

INSERT INTO `meeting_individual_results` (`id`, `rank`, `is_play_off`, `is_out_of_race`, `is_disqualified`, `standard_points`, `meeting_individual_points`, `minutes`, `seconds`, `hundreds`, `meeting_program_id`, `swimmer_id`, `team_id`, `badge_id`, `user_id`, `created_at`, `updated_at`, `disqualification_code_type_id`, `goggle_cup_points`, `reaction_time`, `team_points`, `team_affiliation_id`)
  VALUES (196677, 3, 1, 0, 0, 504.61, 504.61, 1, 54, 96, 23057, 17907, 183, 21695, 1, '2015-03-01 01:08:25', '2015-03-01 01:08:25', NULL, 0.0, 0.0, 0.0, 378);

INSERT INTO `meeting_individual_results` (`id`, `rank`, `is_play_off`, `is_out_of_race`, `is_disqualified`, `standard_points`, `meeting_individual_points`, `minutes`, `seconds`, `hundreds`, `meeting_program_id`, `swimmer_id`, `team_id`, `badge_id`, `user_id`, `created_at`, `updated_at`, `disqualification_code_type_id`, `goggle_cup_points`, `reaction_time`, `team_points`, `team_affiliation_id`)
  VALUES (196678, 1, 1, 0, 0, 626.97, 626.97, 1, 34, 55, 23058, 9328, 183, 13057, 1, '2015-03-01 01:08:26', '2015-03-01 01:08:26', NULL, 0.0, 0.0, 0.0, 378);

INSERT INTO `meeting_individual_results` (`id`, `rank`, `is_play_off`, `is_out_of_race`, `is_disqualified`, `standard_points`, `meeting_individual_points`, `minutes`, `seconds`, `hundreds`, `meeting_program_id`, `swimmer_id`, `team_id`, `badge_id`, `user_id`, `created_at`, `updated_at`, `disqualification_code_type_id`, `goggle_cup_points`, `reaction_time`, `team_points`, `team_affiliation_id`)
  VALUES (196679, 2, 1, 0, 0, 517.28, 517.28, 1, 54, 60, 23058, 3319, 188, 6540, 1, '2015-03-01 01:08:26', '2015-03-01 01:08:26', NULL, 0.0, 0.0, 0.0, 383);

INSERT INTO `meeting_individual_results` (`id`, `rank`, `is_play_off`, `is_out_of_race`, `is_disqualified`, `standard_points`, `meeting_individual_points`, `minutes`, `seconds`, `hundreds`, `meeting_program_id`, `swimmer_id`, `team_id`, `badge_id`, `user_id`, `created_at`, `updated_at`, `disqualification_code_type_id`, `goggle_cup_points`, `reaction_time`, `team_points`, `team_affiliation_id`)
  VALUES (196680, 3, 1, 0, 0, 510.15, 510.15, 1, 56, 20, 23058, 3326, 191, 6547, 1, '2015-03-01 01:08:26', '2015-03-01 01:08:26', NULL, 0.0, 0.0, 0.0, 386);

INSERT INTO `meeting_individual_results` (`id`, `rank`, `is_play_off`, `is_out_of_race`, `is_disqualified`, `standard_points`, `meeting_individual_points`, `minutes`, `seconds`, `hundreds`, `meeting_program_id`, `swimmer_id`, `team_id`, `badge_id`, `user_id`, `created_at`, `updated_at`, `disqualification_code_type_id`, `goggle_cup_points`, `reaction_time`, `team_points`, `team_affiliation_id`)
  VALUES (196681, 4, 1, 0, 0, 485.94, 485.94, 2, 1, 99, 23058, 13763, 627, 17354, 1, '2015-03-01 01:08:26', '2015-03-01 01:08:26', NULL, 0.0, 0.0, 0.0, 847);

INSERT INTO `meeting_individual_results` (`id`, `rank`, `is_play_off`, `is_out_of_race`, `is_disqualified`, `standard_points`, `meeting_individual_points`, `minutes`, `seconds`, `hundreds`, `meeting_program_id`, `swimmer_id`, `team_id`, `badge_id`, `user_id`, `created_at`, `updated_at`, `disqualification_code_type_id`, `goggle_cup_points`, `reaction_time`, `team_points`, `team_affiliation_id`)
  VALUES (196682, 5, 1, 0, 1, 0.0, 0.0, 0, 0, 0, 23058, 3320, 496, 6541, 1, '2015-03-01 01:08:26', '2015-03-01 01:08:26', 1, 0.0, 0.0, 0.0, 716);

INSERT INTO `meeting_individual_results` (`id`, `rank`, `is_play_off`, `is_out_of_race`, `is_disqualified`, `standard_points`, `meeting_individual_points`, `minutes`, `seconds`, `hundreds`, `meeting_program_id`, `swimmer_id`, `team_id`, `badge_id`, `user_id`, `created_at`, `updated_at`, `disqualification_code_type_id`, `goggle_cup_points`, `reaction_time`, `team_points`, `team_affiliation_id`)
  VALUES (196683, 1, 1, 0, 0, 723.48, 723.48, 1, 25, 42, 23059, 13789, 188, 17347, 1, '2015-03-01 01:08:26', '2015-03-01 01:08:26', NULL, 0.0, 0.0, 0.0, 383);

INSERT INTO `meeting_individual_results` (`id`, `rank`, `is_play_off`, `is_out_of_race`, `is_disqualified`, `standard_points`, `meeting_individual_points`, `minutes`, `seconds`, `hundreds`, `meeting_program_id`, `swimmer_id`, `team_id`, `badge_id`, `user_id`, `created_at`, `updated_at`, `disqualification_code_type_id`, `goggle_cup_points`, `reaction_time`, `team_points`, `team_affiliation_id`)
  VALUES (196684, 2, 1, 0, 0, 686.59, 686.59, 1, 30, 1, 23059, 3327, 184, 6548, 1, '2015-03-01 01:08:26', '2015-03-01 01:08:26', NULL, 0.0, 0.0, 0.0, 379);

INSERT INTO `meeting_individual_results` (`id`, `rank`, `is_play_off`, `is_out_of_race`, `is_disqualified`, `standard_points`, `meeting_individual_points`, `minutes`, `seconds`, `hundreds`, `meeting_program_id`, `swimmer_id`, `team_id`, `badge_id`, `user_id`, `created_at`, `updated_at`, `disqualification_code_type_id`, `goggle_cup_points`, `reaction_time`, `team_points`, `team_affiliation_id`)
  VALUES (196685, 3, 1, 0, 0, 652.04, 652.04, 1, 34, 78, 23059, 13547, 188, 17536, 1, '2015-03-01 01:08:26', '2015-03-01 01:08:26', NULL, 0.0, 0.0, 0.0, 383);

INSERT INTO `meeting_individual_results` (`id`, `rank`, `is_play_off`, `is_out_of_race`, `is_disqualified`, `standard_points`, `meeting_individual_points`, `minutes`, `seconds`, `hundreds`, `meeting_program_id`, `swimmer_id`, `team_id`, `badge_id`, `user_id`, `created_at`, `updated_at`, `disqualification_code_type_id`, `goggle_cup_points`, `reaction_time`, `team_points`, `team_affiliation_id`)
  VALUES (196686, 4, 1, 0, 0, 646.44, 646.44, 1, 35, 60, 23059, 11596, 194, 15365, 1, '2015-03-01 01:08:26', '2015-03-01 01:08:26', NULL, 0.0, 0.0, 0.0, 389);

INSERT INTO `meeting_individual_results` (`id`, `rank`, `is_play_off`, `is_out_of_race`, `is_disqualified`, `standard_points`, `meeting_individual_points`, `minutes`, `seconds`, `hundreds`, `meeting_program_id`, `swimmer_id`, `team_id`, `badge_id`, `user_id`, `created_at`, `updated_at`, `disqualification_code_type_id`, `goggle_cup_points`, `reaction_time`, `team_points`, `team_affiliation_id`)
  VALUES (196687, 5, 1, 0, 0, 542.68, 542.68, 1, 53, 88, 23059, 3328, 191, 6549, 1, '2015-03-01 01:08:26', '2015-03-01 01:08:26', NULL, 0.0, 0.0, 0.0, 386);

INSERT INTO `meeting_individual_results` (`id`, `rank`, `is_play_off`, `is_out_of_race`, `is_disqualified`, `standard_points`, `meeting_individual_points`, `minutes`, `seconds`, `hundreds`, `meeting_program_id`, `swimmer_id`, `team_id`, `badge_id`, `user_id`, `created_at`, `updated_at`, `disqualification_code_type_id`, `goggle_cup_points`, `reaction_time`, `team_points`, `team_affiliation_id`)
  VALUES (196688, 6, 1, 0, 1, 0.0, 0.0, 0, 0, 0, 23059, 14864, 658, 18854, 1, '2015-03-01 01:08:27', '2015-03-01 01:08:27', 1, 0.0, 0.0, 0.0, 878);

INSERT INTO `meeting_individual_results` (`id`, `rank`, `is_play_off`, `is_out_of_race`, `is_disqualified`, `standard_points`, `meeting_individual_points`, `minutes`, `seconds`, `hundreds`, `meeting_program_id`, `swimmer_id`, `team_id`, `badge_id`, `user_id`, `created_at`, `updated_at`, `disqualification_code_type_id`, `goggle_cup_points`, `reaction_time`, `team_points`, `team_affiliation_id`)
  VALUES (196689, 1, 1, 0, 0, 698.6, 698.6, 1, 33, 43, 23060, 9084, 491, 12973, 1, '2015-03-01 01:08:27', '2015-03-01 01:08:27', NULL, 0.0, 0.0, 0.0, 711);

INSERT INTO `meeting_individual_results` (`id`, `rank`, `is_play_off`, `is_out_of_race`, `is_disqualified`, `standard_points`, `meeting_individual_points`, `minutes`, `seconds`, `hundreds`, `meeting_program_id`, `swimmer_id`, `team_id`, `badge_id`, `user_id`, `created_at`, `updated_at`, `disqualification_code_type_id`, `goggle_cup_points`, `reaction_time`, `team_points`, `team_affiliation_id`)
  VALUES (196690, 1, 1, 0, 0, 786.97, 786.97, 1, 28, 58, 23061, 9232, 183, 13066, 1, '2015-03-01 01:08:27', '2015-03-01 01:08:27', NULL, 0.0, 0.0, 0.0, 378);

INSERT INTO `meeting_individual_results` (`id`, `rank`, `is_play_off`, `is_out_of_race`, `is_disqualified`, `standard_points`, `meeting_individual_points`, `minutes`, `seconds`, `hundreds`, `meeting_program_id`, `swimmer_id`, `team_id`, `badge_id`, `user_id`, `created_at`, `updated_at`, `disqualification_code_type_id`, `goggle_cup_points`, `reaction_time`, `team_points`, `team_affiliation_id`)
  VALUES (196691, 2, 1, 0, 0, 567.86, 567.86, 2, 2, 76, 23061, 9380, 194, 12979, 1, '2015-03-01 01:08:27', '2015-03-01 01:08:27', NULL, 0.0, 0.0, 0.0, 389);

INSERT INTO `meeting_individual_results` (`id`, `rank`, `is_play_off`, `is_out_of_race`, `is_disqualified`, `standard_points`, `meeting_individual_points`, `minutes`, `seconds`, `hundreds`, `meeting_program_id`, `swimmer_id`, `team_id`, `badge_id`, `user_id`, `created_at`, `updated_at`, `disqualification_code_type_id`, `goggle_cup_points`, `reaction_time`, `team_points`, `team_affiliation_id`)
  VALUES (196692, 3, 1, 0, 0, 449.08, 449.08, 2, 35, 23, 23061, 9395, 187, 12980, 1, '2015-03-01 01:08:27', '2015-03-01 01:08:27', NULL, 0.0, 0.0, 0.0, 382);

INSERT INTO `meeting_individual_results` (`id`, `rank`, `is_play_off`, `is_out_of_race`, `is_disqualified`, `standard_points`, `meeting_individual_points`, `minutes`, `seconds`, `hundreds`, `meeting_program_id`, `swimmer_id`, `team_id`, `badge_id`, `user_id`, `created_at`, `updated_at`, `disqualification_code_type_id`, `goggle_cup_points`, `reaction_time`, `team_points`, `team_affiliation_id`)
  VALUES (196693, 1, 1, 0, 0, 828.73, 828.73, 1, 29, 10, 23062, 16967, 183, 20749, 1, '2015-03-01 01:08:27', '2015-03-01 01:08:27', NULL, 0.0, 0.0, 0.0, 378);

INSERT INTO `meeting_individual_results` (`id`, `rank`, `is_play_off`, `is_out_of_race`, `is_disqualified`, `standard_points`, `meeting_individual_points`, `minutes`, `seconds`, `hundreds`, `meeting_program_id`, `swimmer_id`, `team_id`, `badge_id`, `user_id`, `created_at`, `updated_at`, `disqualification_code_type_id`, `goggle_cup_points`, `reaction_time`, `team_points`, `team_affiliation_id`)
  VALUES (196694, 2, 1, 0, 0, 725.56, 725.56, 1, 41, 77, 23062, 3340, 188, 6561, 1, '2015-03-01 01:08:27', '2015-03-01 01:08:27', NULL, 0.0, 0.0, 0.0, 383);

INSERT INTO `meeting_individual_results` (`id`, `rank`, `is_play_off`, `is_out_of_race`, `is_disqualified`, `standard_points`, `meeting_individual_points`, `minutes`, `seconds`, `hundreds`, `meeting_program_id`, `swimmer_id`, `team_id`, `badge_id`, `user_id`, `created_at`, `updated_at`, `disqualification_code_type_id`, `goggle_cup_points`, `reaction_time`, `team_points`, `team_affiliation_id`)
  VALUES (196695, 3, 1, 0, 0, 660.52, 660.52, 1, 51, 79, 23062, 15020, 183, 18856, 1, '2015-03-01 01:08:27', '2015-03-01 01:08:27', NULL, 0.0, 0.0, 0.0, 378);

INSERT INTO `meeting_individual_results` (`id`, `rank`, `is_play_off`, `is_out_of_race`, `is_disqualified`, `standard_points`, `meeting_individual_points`, `minutes`, `seconds`, `hundreds`, `meeting_program_id`, `swimmer_id`, `team_id`, `badge_id`, `user_id`, `created_at`, `updated_at`, `disqualification_code_type_id`, `goggle_cup_points`, `reaction_time`, `team_points`, `team_affiliation_id`)
  VALUES (196696, 4, 1, 0, 0, 580.73, 580.73, 2, 7, 15, 23062, 3342, 194, 6563, 1, '2015-03-01 01:08:27', '2015-03-01 01:08:27', NULL, 0.0, 0.0, 0.0, 389);

INSERT INTO `meeting_individual_results` (`id`, `rank`, `is_play_off`, `is_out_of_race`, `is_disqualified`, `standard_points`, `meeting_individual_points`, `minutes`, `seconds`, `hundreds`, `meeting_program_id`, `swimmer_id`, `team_id`, `badge_id`, `user_id`, `created_at`, `updated_at`, `disqualification_code_type_id`, `goggle_cup_points`, `reaction_time`, `team_points`, `team_affiliation_id`)
  VALUES (196697, 5, 1, 0, 0, 509.42, 509.42, 2, 24, 95, 23062, 14901, 188, 18824, 1, '2015-03-01 01:08:27', '2015-03-01 01:08:27', NULL, 0.0, 0.0, 0.0, 383);

INSERT INTO `meeting_individual_results` (`id`, `rank`, `is_play_off`, `is_out_of_race`, `is_disqualified`, `standard_points`, `meeting_individual_points`, `minutes`, `seconds`, `hundreds`, `meeting_program_id`, `swimmer_id`, `team_id`, `badge_id`, `user_id`, `created_at`, `updated_at`, `disqualification_code_type_id`, `goggle_cup_points`, `reaction_time`, `team_points`, `team_affiliation_id`)
  VALUES (196698, 1, 1, 0, 0, 623.74, 623.74, 2, 5, 63, 23063, 9309, 494, 13149, 1, '2015-03-01 01:08:27', '2015-03-01 01:08:27', NULL, 0.0, 0.0, 0.0, 714);

INSERT INTO `meeting_individual_results` (`id`, `rank`, `is_play_off`, `is_out_of_race`, `is_disqualified`, `standard_points`, `meeting_individual_points`, `minutes`, `seconds`, `hundreds`, `meeting_program_id`, `swimmer_id`, `team_id`, `badge_id`, `user_id`, `created_at`, `updated_at`, `disqualification_code_type_id`, `goggle_cup_points`, `reaction_time`, `team_points`, `team_affiliation_id`)
  VALUES (196699, 2, 1, 0, 0, 547.17, 547.17, 2, 23, 21, 23063, 3384, 184, 6605, 1, '2015-03-01 01:08:28', '2015-03-01 01:08:28', NULL, 0.0, 0.0, 0.0, 379);

INSERT INTO `meeting_individual_results` (`id`, `rank`, `is_play_off`, `is_out_of_race`, `is_disqualified`, `standard_points`, `meeting_individual_points`, `minutes`, `seconds`, `hundreds`, `meeting_program_id`, `swimmer_id`, `team_id`, `badge_id`, `user_id`, `created_at`, `updated_at`, `disqualification_code_type_id`, `goggle_cup_points`, `reaction_time`, `team_points`, `team_affiliation_id`)
  VALUES (196700, 3, 1, 0, 0, 453.0, 453.0, 2, 52, 98, 23063, 9138, 187, 12909, 1, '2015-03-01 01:08:28', '2015-03-01 01:08:28', NULL, 0.0, 0.0, 0.0, 382);

INSERT INTO `meeting_individual_results` (`id`, `rank`, `is_play_off`, `is_out_of_race`, `is_disqualified`, `standard_points`, `meeting_individual_points`, `minutes`, `seconds`, `hundreds`, `meeting_program_id`, `swimmer_id`, `team_id`, `badge_id`, `user_id`, `created_at`, `updated_at`, `disqualification_code_type_id`, `goggle_cup_points`, `reaction_time`, `team_points`, `team_affiliation_id`)
  VALUES (196701, 1, 1, 0, 0, 785.65, 785.65, 1, 47, 35, 23064, 9258, 495, 12910, 1, '2015-03-01 01:08:28', '2015-03-01 01:08:28', NULL, 0.0, 0.0, 0.0, 715);

INSERT INTO `meeting_individual_results` (`id`, `rank`, `is_play_off`, `is_out_of_race`, `is_disqualified`, `standard_points`, `meeting_individual_points`, `minutes`, `seconds`, `hundreds`, `meeting_program_id`, `swimmer_id`, `team_id`, `badge_id`, `user_id`, `created_at`, `updated_at`, `disqualification_code_type_id`, `goggle_cup_points`, `reaction_time`, `team_points`, `team_affiliation_id`)
  VALUES (196702, 1, 1, 0, 0, 0.0, 0.0, 1, 20, 40, 23065, 4087, 253, 7365, 1, '2015-03-01 01:08:28', '2015-03-01 01:08:28', NULL, 0.0, 0.0, 0.0, 450);

INSERT INTO `meeting_individual_results` (`id`, `rank`, `is_play_off`, `is_out_of_race`, `is_disqualified`, `standard_points`, `meeting_individual_points`, `minutes`, `seconds`, `hundreds`, `meeting_program_id`, `swimmer_id`, `team_id`, `badge_id`, `user_id`, `created_at`, `updated_at`, `disqualification_code_type_id`, `goggle_cup_points`, `reaction_time`, `team_points`, `team_affiliation_id`)
  VALUES (196703, 2, 1, 0, 0, 0.0, 0.0, 1, 26, 30, 23065, 9178, 491, 12921, 1, '2015-03-01 01:08:28', '2015-03-01 01:08:28', NULL, 0.0, 0.0, 0.0, 711);

INSERT INTO `meeting_individual_results` (`id`, `rank`, `is_play_off`, `is_out_of_race`, `is_disqualified`, `standard_points`, `meeting_individual_points`, `minutes`, `seconds`, `hundreds`, `meeting_program_id`, `swimmer_id`, `team_id`, `badge_id`, `user_id`, `created_at`, `updated_at`, `disqualification_code_type_id`, `goggle_cup_points`, `reaction_time`, `team_points`, `team_affiliation_id`)
  VALUES (196704, 3, 1, 0, 0, 0.0, 0.0, 1, 33, 49, 23065, 9369, 191, 12928, 1, '2015-03-01 01:08:28', '2015-03-01 01:08:28', NULL, 0.0, 0.0, 0.0, 386);

INSERT INTO `meeting_individual_results` (`id`, `rank`, `is_play_off`, `is_out_of_race`, `is_disqualified`, `standard_points`, `meeting_individual_points`, `minutes`, `seconds`, `hundreds`, `meeting_program_id`, `swimmer_id`, `team_id`, `badge_id`, `user_id`, `created_at`, `updated_at`, `disqualification_code_type_id`, `goggle_cup_points`, `reaction_time`, `team_points`, `team_affiliation_id`)
  VALUES (196705, 1, 1, 0, 0, 823.35, 823.35, 1, 18, 29, 23066, 15032, 658, 18676, 1, '2015-03-01 01:08:28', '2015-03-01 01:08:28', NULL, 0.0, 0.0, 0.0, 878);

INSERT INTO `meeting_individual_results` (`id`, `rank`, `is_play_off`, `is_out_of_race`, `is_disqualified`, `standard_points`, `meeting_individual_points`, `minutes`, `seconds`, `hundreds`, `meeting_program_id`, `swimmer_id`, `team_id`, `badge_id`, `user_id`, `created_at`, `updated_at`, `disqualification_code_type_id`, `goggle_cup_points`, `reaction_time`, `team_points`, `team_affiliation_id`)
  VALUES (196706, 1, 1, 0, 0, 814.04, 814.04, 1, 22, 65, 23067, 3433, 195, 6654, 1, '2015-03-01 01:08:28', '2015-03-01 01:08:28', NULL, 0.0, 0.0, 0.0, 390);

INSERT INTO `meeting_individual_results` (`id`, `rank`, `is_play_off`, `is_out_of_race`, `is_disqualified`, `standard_points`, `meeting_individual_points`, `minutes`, `seconds`, `hundreds`, `meeting_program_id`, `swimmer_id`, `team_id`, `badge_id`, `user_id`, `created_at`, `updated_at`, `disqualification_code_type_id`, `goggle_cup_points`, `reaction_time`, `team_points`, `team_affiliation_id`)
  VALUES (196707, 2, 1, 0, 0, 632.03, 632.03, 1, 46, 45, 23067, 13722, 188, 17477, 1, '2015-03-01 01:08:28', '2015-03-01 01:08:28', NULL, 0.0, 0.0, 0.0, 383);

INSERT INTO `meeting_individual_results` (`id`, `rank`, `is_play_off`, `is_out_of_race`, `is_disqualified`, `standard_points`, `meeting_individual_points`, `minutes`, `seconds`, `hundreds`, `meeting_program_id`, `swimmer_id`, `team_id`, `badge_id`, `user_id`, `created_at`, `updated_at`, `disqualification_code_type_id`, `goggle_cup_points`, `reaction_time`, `team_points`, `team_affiliation_id`)
  VALUES (196708, 1, 1, 0, 0, 515.11, 515.11, 2, 13, 68, 23068, 14953, 658, 18808, 1, '2015-03-01 01:08:28', '2015-03-01 01:08:28', NULL, 0.0, 0.0, 0.0, 878);

INSERT INTO `meeting_individual_results` (`id`, `rank`, `is_play_off`, `is_out_of_race`, `is_disqualified`, `standard_points`, `meeting_individual_points`, `minutes`, `seconds`, `hundreds`, `meeting_program_id`, `swimmer_id`, `team_id`, `badge_id`, `user_id`, `created_at`, `updated_at`, `disqualification_code_type_id`, `goggle_cup_points`, `reaction_time`, `team_points`, `team_affiliation_id`)
  VALUES (196709, 1, 1, 0, 0, 590.4, 590.4, 2, 1, 2, 23069, 15094, 658, 18679, 1, '2015-03-01 01:08:29', '2015-03-01 01:08:29', NULL, 0.0, 0.0, 0.0, 878);

INSERT INTO `meeting_individual_results` (`id`, `rank`, `is_play_off`, `is_out_of_race`, `is_disqualified`, `standard_points`, `meeting_individual_points`, `minutes`, `seconds`, `hundreds`, `meeting_program_id`, `swimmer_id`, `team_id`, `badge_id`, `user_id`, `created_at`, `updated_at`, `disqualification_code_type_id`, `goggle_cup_points`, `reaction_time`, `team_points`, `team_affiliation_id`)
  VALUES (196710, 1, 1, 0, 0, 0.0, 0.0, 1, 29, 43, 23070, 3361, 194, 6582, 1, '2015-03-01 01:08:29', '2015-03-01 01:08:29', NULL, 0.0, 0.0, 0.0, 389);

INSERT INTO `meeting_individual_results` (`id`, `rank`, `is_play_off`, `is_out_of_race`, `is_disqualified`, `standard_points`, `meeting_individual_points`, `minutes`, `seconds`, `hundreds`, `meeting_program_id`, `swimmer_id`, `team_id`, `badge_id`, `user_id`, `created_at`, `updated_at`, `disqualification_code_type_id`, `goggle_cup_points`, `reaction_time`, `team_points`, `team_affiliation_id`)
  VALUES (196711, 1, 1, 0, 0, 715.83, 715.83, 1, 18, 44, 23071, 14944, 188, 18727, 1, '2015-03-01 01:08:29', '2015-03-01 01:08:29', NULL, 0.0, 0.0, 0.0, 383);

INSERT INTO `meeting_individual_results` (`id`, `rank`, `is_play_off`, `is_out_of_race`, `is_disqualified`, `standard_points`, `meeting_individual_points`, `minutes`, `seconds`, `hundreds`, `meeting_program_id`, `swimmer_id`, `team_id`, `badge_id`, `user_id`, `created_at`, `updated_at`, `disqualification_code_type_id`, `goggle_cup_points`, `reaction_time`, `team_points`, `team_affiliation_id`)
  VALUES (196712, 2, 1, 0, 0, 697.86, 697.86, 1, 20, 46, 23071, 12142, 484, 15549, 1, '2015-03-01 01:08:29', '2015-03-01 01:08:29', NULL, 0.0, 0.0, 0.0, 704);

INSERT INTO `meeting_individual_results` (`id`, `rank`, `is_play_off`, `is_out_of_race`, `is_disqualified`, `standard_points`, `meeting_individual_points`, `minutes`, `seconds`, `hundreds`, `meeting_program_id`, `swimmer_id`, `team_id`, `badge_id`, `user_id`, `created_at`, `updated_at`, `disqualification_code_type_id`, `goggle_cup_points`, `reaction_time`, `team_points`, `team_affiliation_id`)
  VALUES (196713, 3, 1, 0, 0, 570.92, 570.92, 1, 38, 35, 23071, 9194, 493, 13041, 1, '2015-03-01 01:08:29', '2015-03-01 01:08:29', NULL, 0.0, 0.0, 0.0, 713);

INSERT INTO `meeting_individual_results` (`id`, `rank`, `is_play_off`, `is_out_of_race`, `is_disqualified`, `standard_points`, `meeting_individual_points`, `minutes`, `seconds`, `hundreds`, `meeting_program_id`, `swimmer_id`, `team_id`, `badge_id`, `user_id`, `created_at`, `updated_at`, `disqualification_code_type_id`, `goggle_cup_points`, `reaction_time`, `team_points`, `team_affiliation_id`)
  VALUES (196714, 4, 1, 0, 0, 555.01, 555.01, 1, 41, 17, 23071, 3300, 186, 6521, 1, '2015-03-01 01:08:29', '2015-03-01 01:08:29', NULL, 0.0, 0.0, 0.0, 381);

INSERT INTO `meeting_individual_results` (`id`, `rank`, `is_play_off`, `is_out_of_race`, `is_disqualified`, `standard_points`, `meeting_individual_points`, `minutes`, `seconds`, `hundreds`, `meeting_program_id`, `swimmer_id`, `team_id`, `badge_id`, `user_id`, `created_at`, `updated_at`, `disqualification_code_type_id`, `goggle_cup_points`, `reaction_time`, `team_points`, `team_affiliation_id`)
  VALUES (196715, 1, 1, 0, 0, 738.18, 738.18, 1, 16, 58, 23072, 9250, 194, 12849, 1, '2015-03-01 01:08:29', '2015-03-01 01:08:29', NULL, 0.0, 0.0, 0.0, 389);

INSERT INTO `meeting_individual_results` (`id`, `rank`, `is_play_off`, `is_out_of_race`, `is_disqualified`, `standard_points`, `meeting_individual_points`, `minutes`, `seconds`, `hundreds`, `meeting_program_id`, `swimmer_id`, `team_id`, `badge_id`, `user_id`, `created_at`, `updated_at`, `disqualification_code_type_id`, `goggle_cup_points`, `reaction_time`, `team_points`, `team_affiliation_id`)
  VALUES (196716, 2, 1, 0, 0, 708.22, 708.22, 1, 19, 82, 23072, 9057, 484, 13011, 1, '2015-03-01 01:08:29', '2015-03-01 01:08:29', NULL, 0.0, 0.0, 0.0, 704);

INSERT INTO `meeting_individual_results` (`id`, `rank`, `is_play_off`, `is_out_of_race`, `is_disqualified`, `standard_points`, `meeting_individual_points`, `minutes`, `seconds`, `hundreds`, `meeting_program_id`, `swimmer_id`, `team_id`, `badge_id`, `user_id`, `created_at`, `updated_at`, `disqualification_code_type_id`, `goggle_cup_points`, `reaction_time`, `team_points`, `team_affiliation_id`)
  VALUES (196717, 3, 1, 0, 0, 704.34, 704.34, 1, 20, 26, 23072, 13737, 184, 17421, 1, '2015-03-01 01:08:29', '2015-03-01 01:08:29', NULL, 0.0, 0.0, 0.0, 379);

INSERT INTO `meeting_individual_results` (`id`, `rank`, `is_play_off`, `is_out_of_race`, `is_disqualified`, `standard_points`, `meeting_individual_points`, `minutes`, `seconds`, `hundreds`, `meeting_program_id`, `swimmer_id`, `team_id`, `badge_id`, `user_id`, `created_at`, `updated_at`, `disqualification_code_type_id`, `goggle_cup_points`, `reaction_time`, `team_points`, `team_affiliation_id`)
  VALUES (196718, 4, 1, 0, 0, 607.78, 607.78, 1, 33, 1, 23072, 9323, 484, 13112, 1, '2015-03-01 01:08:29', '2015-03-01 01:08:29', NULL, 0.0, 0.0, 0.0, 704);

INSERT INTO `meeting_individual_results` (`id`, `rank`, `is_play_off`, `is_out_of_race`, `is_disqualified`, `standard_points`, `meeting_individual_points`, `minutes`, `seconds`, `hundreds`, `meeting_program_id`, `swimmer_id`, `team_id`, `badge_id`, `user_id`, `created_at`, `updated_at`, `disqualification_code_type_id`, `goggle_cup_points`, `reaction_time`, `team_points`, `team_affiliation_id`)
  VALUES (196719, 5, 1, 0, 0, 601.83, 601.83, 1, 33, 93, 23072, 9292, 186, 13111, 1, '2015-03-01 01:08:29', '2015-03-01 01:08:29', NULL, 0.0, 0.0, 0.0, 381);

INSERT INTO `meeting_individual_results` (`id`, `rank`, `is_play_off`, `is_out_of_race`, `is_disqualified`, `standard_points`, `meeting_individual_points`, `minutes`, `seconds`, `hundreds`, `meeting_program_id`, `swimmer_id`, `team_id`, `badge_id`, `user_id`, `created_at`, `updated_at`, `disqualification_code_type_id`, `goggle_cup_points`, `reaction_time`, `team_points`, `team_affiliation_id`)
  VALUES (196720, 1, 1, 0, 0, 813.81, 813.81, 1, 10, 84, 23073, 9648, 287, 13362, 1, '2015-03-01 01:08:30', '2015-03-01 01:08:30', NULL, 0.0, 0.0, 0.0, 484);

INSERT INTO `meeting_individual_results` (`id`, `rank`, `is_play_off`, `is_out_of_race`, `is_disqualified`, `standard_points`, `meeting_individual_points`, `minutes`, `seconds`, `hundreds`, `meeting_program_id`, `swimmer_id`, `team_id`, `badge_id`, `user_id`, `created_at`, `updated_at`, `disqualification_code_type_id`, `goggle_cup_points`, `reaction_time`, `team_points`, `team_affiliation_id`)
  VALUES (196721, 2, 1, 0, 0, 762.06, 762.06, 1, 15, 65, 23073, 13624, 623, 17424, 1, '2015-03-01 01:08:30', '2015-03-01 01:08:30', NULL, 0.0, 0.0, 0.0, 843);

INSERT INTO `meeting_individual_results` (`id`, `rank`, `is_play_off`, `is_out_of_race`, `is_disqualified`, `standard_points`, `meeting_individual_points`, `minutes`, `seconds`, `hundreds`, `meeting_program_id`, `swimmer_id`, `team_id`, `badge_id`, `user_id`, `created_at`, `updated_at`, `disqualification_code_type_id`, `goggle_cup_points`, `reaction_time`, `team_points`, `team_affiliation_id`)
  VALUES (196722, 3, 1, 0, 0, 732.81, 732.81, 1, 18, 67, 23073, 3440, 198, 6661, 1, '2015-03-01 01:08:30', '2015-03-01 01:08:30', NULL, 0.0, 0.0, 0.0, 393);

INSERT INTO `meeting_individual_results` (`id`, `rank`, `is_play_off`, `is_out_of_race`, `is_disqualified`, `standard_points`, `meeting_individual_points`, `minutes`, `seconds`, `hundreds`, `meeting_program_id`, `swimmer_id`, `team_id`, `badge_id`, `user_id`, `created_at`, `updated_at`, `disqualification_code_type_id`, `goggle_cup_points`, `reaction_time`, `team_points`, `team_affiliation_id`)
  VALUES (196723, 1, 1, 0, 0, 824.44, 824.44, 1, 11, 77, 23074, 3309, 195, 6530, 1, '2015-03-01 01:08:30', '2015-03-01 01:08:30', NULL, 0.0, 0.0, 0.0, 390);

INSERT INTO `meeting_individual_results` (`id`, `rank`, `is_play_off`, `is_out_of_race`, `is_disqualified`, `standard_points`, `meeting_individual_points`, `minutes`, `seconds`, `hundreds`, `meeting_program_id`, `swimmer_id`, `team_id`, `badge_id`, `user_id`, `created_at`, `updated_at`, `disqualification_code_type_id`, `goggle_cup_points`, `reaction_time`, `team_points`, `team_affiliation_id`)
  VALUES (196724, 2, 1, 0, 0, 734.57, 734.57, 1, 20, 55, 23074, 9345, 195, 13054, 1, '2015-03-01 01:08:30', '2015-03-01 01:08:30', NULL, 0.0, 0.0, 0.0, 390);

INSERT INTO `meeting_individual_results` (`id`, `rank`, `is_play_off`, `is_out_of_race`, `is_disqualified`, `standard_points`, `meeting_individual_points`, `minutes`, `seconds`, `hundreds`, `meeting_program_id`, `swimmer_id`, `team_id`, `badge_id`, `user_id`, `created_at`, `updated_at`, `disqualification_code_type_id`, `goggle_cup_points`, `reaction_time`, `team_points`, `team_affiliation_id`)
  VALUES (196725, 3, 1, 0, 0, 723.0, 723.0, 1, 21, 84, 23074, 14916, 656, 18864, 1, '2015-03-01 01:08:30', '2015-03-01 01:08:30', NULL, 0.0, 0.0, 0.0, 876);

INSERT INTO `meeting_individual_results` (`id`, `rank`, `is_play_off`, `is_out_of_race`, `is_disqualified`, `standard_points`, `meeting_individual_points`, `minutes`, `seconds`, `hundreds`, `meeting_program_id`, `swimmer_id`, `team_id`, `badge_id`, `user_id`, `created_at`, `updated_at`, `disqualification_code_type_id`, `goggle_cup_points`, `reaction_time`, `team_points`, `team_affiliation_id`)
  VALUES (196726, 4, 1, 0, 0, 684.68, 684.68, 1, 26, 42, 23074, 9180, 186, 12870, 1, '2015-03-01 01:08:30', '2015-03-01 01:08:30', NULL, 0.0, 0.0, 0.0, 381);

INSERT INTO `meeting_individual_results` (`id`, `rank`, `is_play_off`, `is_out_of_race`, `is_disqualified`, `standard_points`, `meeting_individual_points`, `minutes`, `seconds`, `hundreds`, `meeting_program_id`, `swimmer_id`, `team_id`, `badge_id`, `user_id`, `created_at`, `updated_at`, `disqualification_code_type_id`, `goggle_cup_points`, `reaction_time`, `team_points`, `team_affiliation_id`)
  VALUES (196727, 5, 1, 0, 0, 677.7, 677.7, 1, 27, 31, 23074, 11617, 493, 15329, 1, '2015-03-01 01:08:30', '2015-03-01 01:08:30', NULL, 0.0, 0.0, 0.0, 713);

INSERT INTO `meeting_individual_results` (`id`, `rank`, `is_play_off`, `is_out_of_race`, `is_disqualified`, `standard_points`, `meeting_individual_points`, `minutes`, `seconds`, `hundreds`, `meeting_program_id`, `swimmer_id`, `team_id`, `badge_id`, `user_id`, `created_at`, `updated_at`, `disqualification_code_type_id`, `goggle_cup_points`, `reaction_time`, `team_points`, `team_affiliation_id`)
  VALUES (196728, 6, 1, 0, 1, 0.0, 0.0, 0, 0, 0, 23074, 15010, 188, 18802, 1, '2015-03-01 01:08:30', '2015-03-01 01:08:30', 1, 0.0, 0.0, 0.0, 383);

INSERT INTO `meeting_individual_results` (`id`, `rank`, `is_play_off`, `is_out_of_race`, `is_disqualified`, `standard_points`, `meeting_individual_points`, `minutes`, `seconds`, `hundreds`, `meeting_program_id`, `swimmer_id`, `team_id`, `badge_id`, `user_id`, `created_at`, `updated_at`, `disqualification_code_type_id`, `goggle_cup_points`, `reaction_time`, `team_points`, `team_affiliation_id`)
  VALUES (196729, 6, 1, 0, 1, 0.0, 0.0, 0, 0, 0, 23074, 9283, 198, 13056, 1, '2015-03-01 01:08:31', '2015-03-01 01:08:31', 1, 0.0, 0.0, 0.0, 393);

INSERT INTO `meeting_individual_results` (`id`, `rank`, `is_play_off`, `is_out_of_race`, `is_disqualified`, `standard_points`, `meeting_individual_points`, `minutes`, `seconds`, `hundreds`, `meeting_program_id`, `swimmer_id`, `team_id`, `badge_id`, `user_id`, `created_at`, `updated_at`, `disqualification_code_type_id`, `goggle_cup_points`, `reaction_time`, `team_points`, `team_affiliation_id`)
  VALUES (196730, 1, 1, 0, 0, 782.8, 782.8, 1, 17, 21, 23075, 13625, 188, 17353, 1, '2015-03-01 01:08:31', '2015-03-01 01:08:31', NULL, 0.0, 0.0, 0.0, 383);

INSERT INTO `meeting_individual_results` (`id`, `rank`, `is_play_off`, `is_out_of_race`, `is_disqualified`, `standard_points`, `meeting_individual_points`, `minutes`, `seconds`, `hundreds`, `meeting_program_id`, `swimmer_id`, `team_id`, `badge_id`, `user_id`, `created_at`, `updated_at`, `disqualification_code_type_id`, `goggle_cup_points`, `reaction_time`, `team_points`, `team_affiliation_id`)
  VALUES (196731, 2, 1, 0, 0, 710.39, 710.39, 1, 25, 8, 23075, 17157, 194, 20969, 1, '2015-03-01 01:08:31', '2015-03-01 01:08:31', NULL, 0.0, 0.0, 0.0, 389);

INSERT INTO `meeting_individual_results` (`id`, `rank`, `is_play_off`, `is_out_of_race`, `is_disqualified`, `standard_points`, `meeting_individual_points`, `minutes`, `seconds`, `hundreds`, `meeting_program_id`, `swimmer_id`, `team_id`, `badge_id`, `user_id`, `created_at`, `updated_at`, `disqualification_code_type_id`, `goggle_cup_points`, `reaction_time`, `team_points`, `team_affiliation_id`)
  VALUES (196732, 3, 1, 0, 0, 638.7, 638.7, 1, 34, 63, 23075, 13769, 188, 17532, 1, '2015-03-01 01:08:31', '2015-03-01 01:08:31', NULL, 0.0, 0.0, 0.0, 383);

INSERT INTO `meeting_individual_results` (`id`, `rank`, `is_play_off`, `is_out_of_race`, `is_disqualified`, `standard_points`, `meeting_individual_points`, `minutes`, `seconds`, `hundreds`, `meeting_program_id`, `swimmer_id`, `team_id`, `badge_id`, `user_id`, `created_at`, `updated_at`, `disqualification_code_type_id`, `goggle_cup_points`, `reaction_time`, `team_points`, `team_affiliation_id`)
  VALUES (196733, 4, 1, 0, 0, 536.24, 536.24, 1, 52, 71, 23075, 9150, 493, 12886, 1, '2015-03-01 01:08:31', '2015-03-01 01:08:31', NULL, 0.0, 0.0, 0.0, 713);

INSERT INTO `meeting_individual_results` (`id`, `rank`, `is_play_off`, `is_out_of_race`, `is_disqualified`, `standard_points`, `meeting_individual_points`, `minutes`, `seconds`, `hundreds`, `meeting_program_id`, `swimmer_id`, `team_id`, `badge_id`, `user_id`, `created_at`, `updated_at`, `disqualification_code_type_id`, `goggle_cup_points`, `reaction_time`, `team_points`, `team_affiliation_id`)
  VALUES (196734, 1, 1, 0, 0, 904.18, 904.18, 1, 9, 19, 23076, 3377, 195, 6598, 1, '2015-03-01 01:08:31', '2015-03-01 01:08:31', NULL, 0.0, 0.0, 0.0, 390);

INSERT INTO `meeting_individual_results` (`id`, `rank`, `is_play_off`, `is_out_of_race`, `is_disqualified`, `standard_points`, `meeting_individual_points`, `minutes`, `seconds`, `hundreds`, `meeting_program_id`, `swimmer_id`, `team_id`, `badge_id`, `user_id`, `created_at`, `updated_at`, `disqualification_code_type_id`, `goggle_cup_points`, `reaction_time`, `team_points`, `team_affiliation_id`)
  VALUES (196735, 2, 1, 0, 0, 805.98, 805.98, 1, 17, 62, 23076, 3526, 195, 6747, 1, '2015-03-01 01:08:31', '2015-03-01 01:08:31', NULL, 0.0, 0.0, 0.0, 390);

INSERT INTO `meeting_individual_results` (`id`, `rank`, `is_play_off`, `is_out_of_race`, `is_disqualified`, `standard_points`, `meeting_individual_points`, `minutes`, `seconds`, `hundreds`, `meeting_program_id`, `swimmer_id`, `team_id`, `badge_id`, `user_id`, `created_at`, `updated_at`, `disqualification_code_type_id`, `goggle_cup_points`, `reaction_time`, `team_points`, `team_affiliation_id`)
  VALUES (196736, 1, 1, 0, 0, 718.31, 718.31, 1, 31, 27, 23077, 9047, 194, 12950, 1, '2015-03-01 01:08:31', '2015-03-01 01:08:31', NULL, 0.0, 0.0, 0.0, 389);

INSERT INTO `meeting_individual_results` (`id`, `rank`, `is_play_off`, `is_out_of_race`, `is_disqualified`, `standard_points`, `meeting_individual_points`, `minutes`, `seconds`, `hundreds`, `meeting_program_id`, `swimmer_id`, `team_id`, `badge_id`, `user_id`, `created_at`, `updated_at`, `disqualification_code_type_id`, `goggle_cup_points`, `reaction_time`, `team_points`, `team_affiliation_id`)
  VALUES (196737, 2, 1, 0, 0, 549.54, 549.54, 1, 59, 30, 23077, 3335, 188, 6556, 1, '2015-03-01 01:08:31', '2015-03-01 01:08:31', NULL, 0.0, 0.0, 0.0, 383);

INSERT INTO `meeting_individual_results` (`id`, `rank`, `is_play_off`, `is_out_of_race`, `is_disqualified`, `standard_points`, `meeting_individual_points`, `minutes`, `seconds`, `hundreds`, `meeting_program_id`, `swimmer_id`, `team_id`, `badge_id`, `user_id`, `created_at`, `updated_at`, `disqualification_code_type_id`, `goggle_cup_points`, `reaction_time`, `team_points`, `team_affiliation_id`)
  VALUES (196738, 1, 1, 0, 0, 772.5, 772.5, 1, 27, 56, 23078, 2019, 89, 5205, 1, '2015-03-01 01:08:31', '2015-03-01 01:08:31', NULL, 0.0, 0.0, 0.0, 282);

INSERT INTO `meeting_individual_results` (`id`, `rank`, `is_play_off`, `is_out_of_race`, `is_disqualified`, `standard_points`, `meeting_individual_points`, `minutes`, `seconds`, `hundreds`, `meeting_program_id`, `swimmer_id`, `team_id`, `badge_id`, `user_id`, `created_at`, `updated_at`, `disqualification_code_type_id`, `goggle_cup_points`, `reaction_time`, `team_points`, `team_affiliation_id`)
  VALUES (196739, 2, 1, 0, 1, 0.0, 0.0, 0, 0, 0, 23078, 3339, 194, 6560, 1, '2015-03-01 01:08:31', '2015-03-01 01:08:31', 1, 0.0, 0.0, 0.0, 389);

INSERT INTO `meeting_individual_results` (`id`, `rank`, `is_play_off`, `is_out_of_race`, `is_disqualified`, `standard_points`, `meeting_individual_points`, `minutes`, `seconds`, `hundreds`, `meeting_program_id`, `swimmer_id`, `team_id`, `badge_id`, `user_id`, `created_at`, `updated_at`, `disqualification_code_type_id`, `goggle_cup_points`, `reaction_time`, `team_points`, `team_affiliation_id`)
  VALUES (196740, 1, 1, 0, 0, 730.83, 730.83, 1, 39, 12, 23079, 3340, 188, 6561, 1, '2015-03-01 01:08:32', '2015-03-01 01:08:32', NULL, 0.0, 0.0, 0.0, 383);

INSERT INTO `meeting_individual_results` (`id`, `rank`, `is_play_off`, `is_out_of_race`, `is_disqualified`, `standard_points`, `meeting_individual_points`, `minutes`, `seconds`, `hundreds`, `meeting_program_id`, `swimmer_id`, `team_id`, `badge_id`, `user_id`, `created_at`, `updated_at`, `disqualification_code_type_id`, `goggle_cup_points`, `reaction_time`, `team_points`, `team_affiliation_id`)
  VALUES (196741, 2, 1, 0, 0, 462.96, 462.96, 2, 36, 47, 23079, 9248, 493, 13067, 1, '2015-03-01 01:08:32', '2015-03-01 01:08:32', NULL, 0.0, 0.0, 0.0, 713);

INSERT INTO `meeting_individual_results` (`id`, `rank`, `is_play_off`, `is_out_of_race`, `is_disqualified`, `standard_points`, `meeting_individual_points`, `minutes`, `seconds`, `hundreds`, `meeting_program_id`, `swimmer_id`, `team_id`, `badge_id`, `user_id`, `created_at`, `updated_at`, `disqualification_code_type_id`, `goggle_cup_points`, `reaction_time`, `team_points`, `team_affiliation_id`)
  VALUES (196742, 1, 1, 0, 0, 586.46, 586.46, 2, 11, 16, 23080, 3344, 188, 6565, 1, '2015-03-01 01:08:32', '2015-03-01 01:08:32', NULL, 0.0, 0.0, 0.0, 383);

INSERT INTO `meeting_individual_results` (`id`, `rank`, `is_play_off`, `is_out_of_race`, `is_disqualified`, `standard_points`, `meeting_individual_points`, `minutes`, `seconds`, `hundreds`, `meeting_program_id`, `swimmer_id`, `team_id`, `badge_id`, `user_id`, `created_at`, `updated_at`, `disqualification_code_type_id`, `goggle_cup_points`, `reaction_time`, `team_points`, `team_affiliation_id`)
  VALUES (196743, 1, 1, 0, 0, 540.61, 540.61, 2, 35, 62, 23081, 13748, 188, 17447, 1, '2015-03-01 01:08:32', '2015-03-01 01:08:32', NULL, 0.0, 0.0, 0.0, 383);

INSERT INTO `meeting_individual_results` (`id`, `rank`, `is_play_off`, `is_out_of_race`, `is_disqualified`, `standard_points`, `meeting_individual_points`, `minutes`, `seconds`, `hundreds`, `meeting_program_id`, `swimmer_id`, `team_id`, `badge_id`, `user_id`, `created_at`, `updated_at`, `disqualification_code_type_id`, `goggle_cup_points`, `reaction_time`, `team_points`, `team_affiliation_id`)
  VALUES (196744, 1, 1, 0, 0, 0.0, 0.0, 1, 11, 35, 23082, 9337, 495, 13071, 1, '2015-03-01 01:08:32', '2015-03-01 01:08:32', NULL, 0.0, 0.0, 0.0, 715);

INSERT INTO `meeting_individual_results` (`id`, `rank`, `is_play_off`, `is_out_of_race`, `is_disqualified`, `standard_points`, `meeting_individual_points`, `minutes`, `seconds`, `hundreds`, `meeting_program_id`, `swimmer_id`, `team_id`, `badge_id`, `user_id`, `created_at`, `updated_at`, `disqualification_code_type_id`, `goggle_cup_points`, `reaction_time`, `team_points`, `team_affiliation_id`)
  VALUES (196745, 2, 1, 0, 0, 0.0, 0.0, 1, 12, 46, 23082, 9275, 495, 13072, 1, '2015-03-01 01:08:32', '2015-03-01 01:08:32', NULL, 0.0, 0.0, 0.0, 715);

INSERT INTO `meeting_individual_results` (`id`, `rank`, `is_play_off`, `is_out_of_race`, `is_disqualified`, `standard_points`, `meeting_individual_points`, `minutes`, `seconds`, `hundreds`, `meeting_program_id`, `swimmer_id`, `team_id`, `badge_id`, `user_id`, `created_at`, `updated_at`, `disqualification_code_type_id`, `goggle_cup_points`, `reaction_time`, `team_points`, `team_affiliation_id`)
  VALUES (196746, 3, 1, 0, 0, 0.0, 0.0, 1, 27, 62, 23082, 13617, 623, 17574, 1, '2015-03-01 01:08:32', '2015-03-01 01:08:32', NULL, 0.0, 0.0, 0.0, 843);

INSERT INTO `meeting_individual_results` (`id`, `rank`, `is_play_off`, `is_out_of_race`, `is_disqualified`, `standard_points`, `meeting_individual_points`, `minutes`, `seconds`, `hundreds`, `meeting_program_id`, `swimmer_id`, `team_id`, `badge_id`, `user_id`, `created_at`, `updated_at`, `disqualification_code_type_id`, `goggle_cup_points`, `reaction_time`, `team_points`, `team_affiliation_id`)
  VALUES (196747, 1, 1, 0, 0, 592.63, 592.63, 1, 59, 13, 23083, 15055, 184, 18709, 1, '2015-03-01 01:08:32', '2015-03-01 01:08:32', NULL, 0.0, 0.0, 0.0, 379);

INSERT INTO `meeting_individual_results` (`id`, `rank`, `is_play_off`, `is_out_of_race`, `is_disqualified`, `standard_points`, `meeting_individual_points`, `minutes`, `seconds`, `hundreds`, `meeting_program_id`, `swimmer_id`, `team_id`, `badge_id`, `user_id`, `created_at`, `updated_at`, `disqualification_code_type_id`, `goggle_cup_points`, `reaction_time`, `team_points`, `team_affiliation_id`)
  VALUES (196748, 1, 1, 0, 0, 639.43, 639.43, 1, 52, 60, 23084, 17901, 484, 21696, 1, '2015-03-01 01:08:32', '2015-03-01 01:08:32', NULL, 0.0, 0.0, 0.0, 704);

INSERT INTO `meeting_individual_results` (`id`, `rank`, `is_play_off`, `is_out_of_race`, `is_disqualified`, `standard_points`, `meeting_individual_points`, `minutes`, `seconds`, `hundreds`, `meeting_program_id`, `swimmer_id`, `team_id`, `badge_id`, `user_id`, `created_at`, `updated_at`, `disqualification_code_type_id`, `goggle_cup_points`, `reaction_time`, `team_points`, `team_affiliation_id`)
  VALUES (196749, 2, 1, 0, 0, 632.58, 632.58, 1, 53, 82, 23084, 16946, 658, 20788, 1, '2015-03-01 01:08:32', '2015-03-01 01:08:32', NULL, 0.0, 0.0, 0.0, 878);

INSERT INTO `meeting_individual_results` (`id`, `rank`, `is_play_off`, `is_out_of_race`, `is_disqualified`, `standard_points`, `meeting_individual_points`, `minutes`, `seconds`, `hundreds`, `meeting_program_id`, `swimmer_id`, `team_id`, `badge_id`, `user_id`, `created_at`, `updated_at`, `disqualification_code_type_id`, `goggle_cup_points`, `reaction_time`, `team_points`, `team_affiliation_id`)
  VALUES (196750, 1, 1, 0, 0, 772.39, 772.39, 1, 33, 58, 23085, 9235, 494, 12954, 1, '2015-03-01 01:08:33', '2015-03-01 01:08:33', NULL, 0.0, 0.0, 0.0, 714);

INSERT INTO `meeting_individual_results` (`id`, `rank`, `is_play_off`, `is_out_of_race`, `is_disqualified`, `standard_points`, `meeting_individual_points`, `minutes`, `seconds`, `hundreds`, `meeting_program_id`, `swimmer_id`, `team_id`, `badge_id`, `user_id`, `created_at`, `updated_at`, `disqualification_code_type_id`, `goggle_cup_points`, `reaction_time`, `team_points`, `team_affiliation_id`)
  VALUES (196751, 2, 1, 0, 0, 512.7, 512.7, 2, 20, 98, 23085, 17899, 623, 21697, 1, '2015-03-01 01:08:33', '2015-03-01 01:08:33', NULL, 0.0, 0.0, 0.0, 843);

INSERT INTO `meeting_individual_results` (`id`, `rank`, `is_play_off`, `is_out_of_race`, `is_disqualified`, `standard_points`, `meeting_individual_points`, `minutes`, `seconds`, `hundreds`, `meeting_program_id`, `swimmer_id`, `team_id`, `badge_id`, `user_id`, `created_at`, `updated_at`, `disqualification_code_type_id`, `goggle_cup_points`, `reaction_time`, `team_points`, `team_affiliation_id`)
  VALUES (196752, 1, 1, 0, 0, 670.59, 670.59, 1, 49, 62, 23086, 9351, 493, 13090, 1, '2015-03-01 01:08:33', '2015-03-01 01:08:33', NULL, 0.0, 0.0, 0.0, 713);

INSERT INTO `meeting_individual_results` (`id`, `rank`, `is_play_off`, `is_out_of_race`, `is_disqualified`, `standard_points`, `meeting_individual_points`, `minutes`, `seconds`, `hundreds`, `meeting_program_id`, `swimmer_id`, `team_id`, `badge_id`, `user_id`, `created_at`, `updated_at`, `disqualification_code_type_id`, `goggle_cup_points`, `reaction_time`, `team_points`, `team_affiliation_id`)
  VALUES (196753, 1, 1, 0, 0, 645.08, 645.08, 1, 58, 76, 23087, 14859, 658, 18714, 1, '2015-03-01 01:08:33', '2015-03-01 01:08:33', NULL, 0.0, 0.0, 0.0, 878);

INSERT INTO `meeting_individual_results` (`id`, `rank`, `is_play_off`, `is_out_of_race`, `is_disqualified`, `standard_points`, `meeting_individual_points`, `minutes`, `seconds`, `hundreds`, `meeting_program_id`, `swimmer_id`, `team_id`, `badge_id`, `user_id`, `created_at`, `updated_at`, `disqualification_code_type_id`, `goggle_cup_points`, `reaction_time`, `team_points`, `team_affiliation_id`)
  VALUES (196754, 1, 1, 0, 0, 714.31, 714.31, 1, 52, 78, 23088, 15094, 658, 18679, 1, '2015-03-01 01:08:33', '2015-03-01 01:08:33', NULL, 0.0, 0.0, 0.0, 878);

INSERT INTO `meeting_individual_results` (`id`, `rank`, `is_play_off`, `is_out_of_race`, `is_disqualified`, `standard_points`, `meeting_individual_points`, `minutes`, `seconds`, `hundreds`, `meeting_program_id`, `swimmer_id`, `team_id`, `badge_id`, `user_id`, `created_at`, `updated_at`, `disqualification_code_type_id`, `goggle_cup_points`, `reaction_time`, `team_points`, `team_affiliation_id`)
  VALUES (196755, 1, 1, 0, 0, 588.61, 588.61, 2, 31, 22, 23089, 14925, 188, 18681, 1, '2015-03-01 01:08:33', '2015-03-01 01:08:33', NULL, 0.0, 0.0, 0.0, 383);

INSERT INTO `meeting_individual_results` (`id`, `rank`, `is_play_off`, `is_out_of_race`, `is_disqualified`, `standard_points`, `meeting_individual_points`, `minutes`, `seconds`, `hundreds`, `meeting_program_id`, `swimmer_id`, `team_id`, `badge_id`, `user_id`, `created_at`, `updated_at`, `disqualification_code_type_id`, `goggle_cup_points`, `reaction_time`, `team_points`, `team_affiliation_id`)
  VALUES (196756, 1, 1, 0, 0, 649.37, 649.37, 3, 8, 6, 23090, 9239, 183, 13003, 1, '2015-03-01 01:08:33', '2015-03-01 01:08:33', NULL, 0.0, 0.0, 0.0, 378);

INSERT INTO `meeting_individual_results` (`id`, `rank`, `is_play_off`, `is_out_of_race`, `is_disqualified`, `standard_points`, `meeting_individual_points`, `minutes`, `seconds`, `hundreds`, `meeting_program_id`, `swimmer_id`, `team_id`, `badge_id`, `user_id`, `created_at`, `updated_at`, `disqualification_code_type_id`, `goggle_cup_points`, `reaction_time`, `team_points`, `team_affiliation_id`)
  VALUES (196757, 1, 1, 0, 0, 0.0, 0.0, 1, 39, 21, 23091, 16965, 183, 20791, 1, '2015-03-01 01:08:33', '2015-03-01 01:08:33', NULL, 0.0, 0.0, 0.0, 378);

INSERT INTO `meeting_individual_results` (`id`, `rank`, `is_play_off`, `is_out_of_race`, `is_disqualified`, `standard_points`, `meeting_individual_points`, `minutes`, `seconds`, `hundreds`, `meeting_program_id`, `swimmer_id`, `team_id`, `badge_id`, `user_id`, `created_at`, `updated_at`, `disqualification_code_type_id`, `goggle_cup_points`, `reaction_time`, `team_points`, `team_affiliation_id`)
  VALUES (196758, 2, 1, 0, 0, 0.0, 0.0, 1, 44, 82, 23091, 16942, 623, 20742, 1, '2015-03-01 01:08:33', '2015-03-01 01:08:33', NULL, 0.0, 0.0, 0.0, 843);

INSERT INTO `meeting_individual_results` (`id`, `rank`, `is_play_off`, `is_out_of_race`, `is_disqualified`, `standard_points`, `meeting_individual_points`, `minutes`, `seconds`, `hundreds`, `meeting_program_id`, `swimmer_id`, `team_id`, `badge_id`, `user_id`, `created_at`, `updated_at`, `disqualification_code_type_id`, `goggle_cup_points`, `reaction_time`, `team_points`, `team_affiliation_id`)
  VALUES (196759, 1, 1, 0, 0, 883.8, 883.8, 1, 10, 14, 23092, 3365, 187, 6586, 1, '2015-03-01 01:08:33', '2015-03-01 01:08:33', NULL, 0.0, 0.0, 0.0, 382);

INSERT INTO `meeting_individual_results` (`id`, `rank`, `is_play_off`, `is_out_of_race`, `is_disqualified`, `standard_points`, `meeting_individual_points`, `minutes`, `seconds`, `hundreds`, `meeting_program_id`, `swimmer_id`, `team_id`, `badge_id`, `user_id`, `created_at`, `updated_at`, `disqualification_code_type_id`, `goggle_cup_points`, `reaction_time`, `team_points`, `team_affiliation_id`)
  VALUES (196760, 2, 1, 0, 0, 725.96, 725.96, 1, 25, 39, 23092, 15079, 184, 18726, 1, '2015-03-01 01:08:33', '2015-03-01 01:08:33', NULL, 0.0, 0.0, 0.0, 379);

INSERT INTO `meeting_individual_results` (`id`, `rank`, `is_play_off`, `is_out_of_race`, `is_disqualified`, `standard_points`, `meeting_individual_points`, `minutes`, `seconds`, `hundreds`, `meeting_program_id`, `swimmer_id`, `team_id`, `badge_id`, `user_id`, `created_at`, `updated_at`, `disqualification_code_type_id`, `goggle_cup_points`, `reaction_time`, `team_points`, `team_affiliation_id`)
  VALUES (196761, 3, 1, 0, 0, 689.31, 689.31, 1, 29, 93, 23092, 12142, 484, 15549, 1, '2015-03-01 01:08:34', '2015-03-01 01:08:34', NULL, 0.0, 0.0, 0.0, 704);

INSERT INTO `meeting_individual_results` (`id`, `rank`, `is_play_off`, `is_out_of_race`, `is_disqualified`, `standard_points`, `meeting_individual_points`, `minutes`, `seconds`, `hundreds`, `meeting_program_id`, `swimmer_id`, `team_id`, `badge_id`, `user_id`, `created_at`, `updated_at`, `disqualification_code_type_id`, `goggle_cup_points`, `reaction_time`, `team_points`, `team_affiliation_id`)
  VALUES (196762, 4, 1, 0, 0, 613.94, 613.94, 1, 40, 97, 23092, 9060, 484, 12846, 1, '2015-03-01 01:08:34', '2015-03-01 01:08:34', NULL, 0.0, 0.0, 0.0, 704);

INSERT INTO `meeting_individual_results` (`id`, `rank`, `is_play_off`, `is_out_of_race`, `is_disqualified`, `standard_points`, `meeting_individual_points`, `minutes`, `seconds`, `hundreds`, `meeting_program_id`, `swimmer_id`, `team_id`, `badge_id`, `user_id`, `created_at`, `updated_at`, `disqualification_code_type_id`, `goggle_cup_points`, `reaction_time`, `team_points`, `team_affiliation_id`)
  VALUES (196763, 5, 1, 0, 0, 527.71, 527.71, 1, 57, 47, 23092, 17504, 184, 21225, 1, '2015-03-01 01:08:34', '2015-03-01 01:08:34', NULL, 0.0, 0.0, 0.0, 379);

INSERT INTO `meeting_individual_results` (`id`, `rank`, `is_play_off`, `is_out_of_race`, `is_disqualified`, `standard_points`, `meeting_individual_points`, `minutes`, `seconds`, `hundreds`, `meeting_program_id`, `swimmer_id`, `team_id`, `badge_id`, `user_id`, `created_at`, `updated_at`, `disqualification_code_type_id`, `goggle_cup_points`, `reaction_time`, `team_points`, `team_affiliation_id`)
  VALUES (196764, 1, 1, 0, 0, 713.76, 713.76, 1, 26, 43, 23093, 9372, 484, 13047, 1, '2015-03-01 01:08:34', '2015-03-01 01:08:34', NULL, 0.0, 0.0, 0.0, 704);

INSERT INTO `meeting_individual_results` (`id`, `rank`, `is_play_off`, `is_out_of_race`, `is_disqualified`, `standard_points`, `meeting_individual_points`, `minutes`, `seconds`, `hundreds`, `meeting_program_id`, `swimmer_id`, `team_id`, `badge_id`, `user_id`, `created_at`, `updated_at`, `disqualification_code_type_id`, `goggle_cup_points`, `reaction_time`, `team_points`, `team_affiliation_id`)
  VALUES (196765, 2, 1, 0, 0, 659.15, 659.15, 1, 33, 59, 23093, 9292, 186, 13111, 1, '2015-03-01 01:08:34', '2015-03-01 01:08:34', NULL, 0.0, 0.0, 0.0, 381);

INSERT INTO `meeting_individual_results` (`id`, `rank`, `is_play_off`, `is_out_of_race`, `is_disqualified`, `standard_points`, `meeting_individual_points`, `minutes`, `seconds`, `hundreds`, `meeting_program_id`, `swimmer_id`, `team_id`, `badge_id`, `user_id`, `created_at`, `updated_at`, `disqualification_code_type_id`, `goggle_cup_points`, `reaction_time`, `team_points`, `team_affiliation_id`)
  VALUES (196766, 3, 1, 0, 0, 646.17, 646.17, 1, 35, 47, 23093, 9323, 484, 13112, 1, '2015-03-01 01:08:34', '2015-03-01 01:08:34', NULL, 0.0, 0.0, 0.0, 704);

INSERT INTO `meeting_individual_results` (`id`, `rank`, `is_play_off`, `is_out_of_race`, `is_disqualified`, `standard_points`, `meeting_individual_points`, `minutes`, `seconds`, `hundreds`, `meeting_program_id`, `swimmer_id`, `team_id`, `badge_id`, `user_id`, `created_at`, `updated_at`, `disqualification_code_type_id`, `goggle_cup_points`, `reaction_time`, `team_points`, `team_affiliation_id`)
  VALUES (196767, 4, 1, 0, 0, 631.23, 631.23, 1, 37, 73, 23093, 13546, 184, 17517, 1, '2015-03-01 01:08:34', '2015-03-01 01:08:34', NULL, 0.0, 0.0, 0.0, 379);

INSERT INTO `meeting_individual_results` (`id`, `rank`, `is_play_off`, `is_out_of_race`, `is_disqualified`, `standard_points`, `meeting_individual_points`, `minutes`, `seconds`, `hundreds`, `meeting_program_id`, `swimmer_id`, `team_id`, `badge_id`, `user_id`, `created_at`, `updated_at`, `disqualification_code_type_id`, `goggle_cup_points`, `reaction_time`, `team_points`, `team_affiliation_id`)
  VALUES (196768, 5, 1, 0, 0, 610.31, 610.31, 1, 41, 8, 23093, 13598, 184, 17516, 1, '2015-03-01 01:08:34', '2015-03-01 01:08:34', NULL, 0.0, 0.0, 0.0, 379);

INSERT INTO `meeting_individual_results` (`id`, `rank`, `is_play_off`, `is_out_of_race`, `is_disqualified`, `standard_points`, `meeting_individual_points`, `minutes`, `seconds`, `hundreds`, `meeting_program_id`, `swimmer_id`, `team_id`, `badge_id`, `user_id`, `created_at`, `updated_at`, `disqualification_code_type_id`, `goggle_cup_points`, `reaction_time`, `team_points`, `team_affiliation_id`)
  VALUES (196769, 6, 1, 0, 0, 570.36, 570.36, 1, 48, 16, 23093, 9325, 484, 13048, 1, '2015-03-01 01:08:34', '2015-03-01 01:08:34', NULL, 0.0, 0.0, 0.0, 704);

INSERT INTO `meeting_individual_results` (`id`, `rank`, `is_play_off`, `is_out_of_race`, `is_disqualified`, `standard_points`, `meeting_individual_points`, `minutes`, `seconds`, `hundreds`, `meeting_program_id`, `swimmer_id`, `team_id`, `badge_id`, `user_id`, `created_at`, `updated_at`, `disqualification_code_type_id`, `goggle_cup_points`, `reaction_time`, `team_points`, `team_affiliation_id`)
  VALUES (196770, 7, 1, 0, 0, 551.2, 551.2, 1, 51, 92, 23093, 13779, 184, 17342, 1, '2015-03-01 01:08:34', '2015-03-01 01:08:34', NULL, 0.0, 0.0, 0.0, 379);

INSERT INTO `meeting_individual_results` (`id`, `rank`, `is_play_off`, `is_out_of_race`, `is_disqualified`, `standard_points`, `meeting_individual_points`, `minutes`, `seconds`, `hundreds`, `meeting_program_id`, `swimmer_id`, `team_id`, `badge_id`, `user_id`, `created_at`, `updated_at`, `disqualification_code_type_id`, `goggle_cup_points`, `reaction_time`, `team_points`, `team_affiliation_id`)
  VALUES (196771, 1, 1, 0, 0, 667.8, 667.8, 1, 34, 43, 23094, 3307, 194, 6528, 1, '2015-03-01 01:08:35', '2015-03-01 01:08:35', NULL, 0.0, 0.0, 0.0, 389);

INSERT INTO `meeting_individual_results` (`id`, `rank`, `is_play_off`, `is_out_of_race`, `is_disqualified`, `standard_points`, `meeting_individual_points`, `minutes`, `seconds`, `hundreds`, `meeting_program_id`, `swimmer_id`, `team_id`, `badge_id`, `user_id`, `created_at`, `updated_at`, `disqualification_code_type_id`, `goggle_cup_points`, `reaction_time`, `team_points`, `team_affiliation_id`)
  VALUES (196772, 2, 1, 0, 0, 632.12, 632.12, 1, 39, 76, 23094, 15078, 656, 18863, 1, '2015-03-01 01:08:35', '2015-03-01 01:08:35', NULL, 0.0, 0.0, 0.0, 876);

INSERT INTO `meeting_individual_results` (`id`, `rank`, `is_play_off`, `is_out_of_race`, `is_disqualified`, `standard_points`, `meeting_individual_points`, `minutes`, `seconds`, `hundreds`, `meeting_program_id`, `swimmer_id`, `team_id`, `badge_id`, `user_id`, `created_at`, `updated_at`, `disqualification_code_type_id`, `goggle_cup_points`, `reaction_time`, `team_points`, `team_affiliation_id`)
  VALUES (196773, 3, 1, 0, 0, 602.58, 602.58, 1, 44, 65, 23094, 9175, 484, 13052, 1, '2015-03-01 01:08:35', '2015-03-01 01:08:35', NULL, 0.0, 0.0, 0.0, 704);

INSERT INTO `meeting_individual_results` (`id`, `rank`, `is_play_off`, `is_out_of_race`, `is_disqualified`, `standard_points`, `meeting_individual_points`, `minutes`, `seconds`, `hundreds`, `meeting_program_id`, `swimmer_id`, `team_id`, `badge_id`, `user_id`, `created_at`, `updated_at`, `disqualification_code_type_id`, `goggle_cup_points`, `reaction_time`, `team_points`, `team_affiliation_id`)
  VALUES (196774, 4, 1, 0, 0, 546.73, 546.73, 1, 55, 34, 23094, 17893, 184, 21698, 1, '2015-03-01 01:08:35', '2015-03-01 01:08:35', NULL, 0.0, 0.0, 0.0, 379);

INSERT INTO `meeting_individual_results` (`id`, `rank`, `is_play_off`, `is_out_of_race`, `is_disqualified`, `standard_points`, `meeting_individual_points`, `minutes`, `seconds`, `hundreds`, `meeting_program_id`, `swimmer_id`, `team_id`, `badge_id`, `user_id`, `created_at`, `updated_at`, `disqualification_code_type_id`, `goggle_cup_points`, `reaction_time`, `team_points`, `team_affiliation_id`)
  VALUES (196775, 1, 1, 0, 0, 785.6, 785.6, 1, 21, 39, 23095, 17906, 658, 21699, 1, '2015-03-01 01:08:35', '2015-03-01 01:08:35', NULL, 0.0, 0.0, 0.0, 878);

INSERT INTO `meeting_individual_results` (`id`, `rank`, `is_play_off`, `is_out_of_race`, `is_disqualified`, `standard_points`, `meeting_individual_points`, `minutes`, `seconds`, `hundreds`, `meeting_program_id`, `swimmer_id`, `team_id`, `badge_id`, `user_id`, `created_at`, `updated_at`, `disqualification_code_type_id`, `goggle_cup_points`, `reaction_time`, `team_points`, `team_affiliation_id`)
  VALUES (196776, 2, 1, 0, 0, 730.33, 730.33, 1, 27, 55, 23095, 14916, 656, 18864, 1, '2015-03-01 01:08:35', '2015-03-01 01:08:35', NULL, 0.0, 0.0, 0.0, 876);

INSERT INTO `meeting_individual_results` (`id`, `rank`, `is_play_off`, `is_out_of_race`, `is_disqualified`, `standard_points`, `meeting_individual_points`, `minutes`, `seconds`, `hundreds`, `meeting_program_id`, `swimmer_id`, `team_id`, `badge_id`, `user_id`, `created_at`, `updated_at`, `disqualification_code_type_id`, `goggle_cup_points`, `reaction_time`, `team_points`, `team_affiliation_id`)
  VALUES (196777, 3, 1, 0, 0, 689.16, 689.16, 1, 32, 78, 23095, 9180, 186, 12870, 1, '2015-03-01 01:08:35', '2015-03-01 01:08:35', NULL, 0.0, 0.0, 0.0, 381);

INSERT INTO `meeting_individual_results` (`id`, `rank`, `is_play_off`, `is_out_of_race`, `is_disqualified`, `standard_points`, `meeting_individual_points`, `minutes`, `seconds`, `hundreds`, `meeting_program_id`, `swimmer_id`, `team_id`, `badge_id`, `user_id`, `created_at`, `updated_at`, `disqualification_code_type_id`, `goggle_cup_points`, `reaction_time`, `team_points`, `team_affiliation_id`)
  VALUES (196778, 4, 1, 0, 0, 664.59, 664.59, 1, 36, 21, 23095, 13727, 188, 17379, 1, '2015-03-01 01:08:35', '2015-03-01 01:08:35', NULL, 0.0, 0.0, 0.0, 383);

INSERT INTO `meeting_individual_results` (`id`, `rank`, `is_play_off`, `is_out_of_race`, `is_disqualified`, `standard_points`, `meeting_individual_points`, `minutes`, `seconds`, `hundreds`, `meeting_program_id`, `swimmer_id`, `team_id`, `badge_id`, `user_id`, `created_at`, `updated_at`, `disqualification_code_type_id`, `goggle_cup_points`, `reaction_time`, `team_points`, `team_affiliation_id`)
  VALUES (196779, 5, 1, 0, 0, 622.89, 622.89, 1, 42, 65, 23095, 11617, 493, 15329, 1, '2015-03-01 01:08:35', '2015-03-01 01:08:35', NULL, 0.0, 0.0, 0.0, 713);

INSERT INTO `meeting_individual_results` (`id`, `rank`, `is_play_off`, `is_out_of_race`, `is_disqualified`, `standard_points`, `meeting_individual_points`, `minutes`, `seconds`, `hundreds`, `meeting_program_id`, `swimmer_id`, `team_id`, `badge_id`, `user_id`, `created_at`, `updated_at`, `disqualification_code_type_id`, `goggle_cup_points`, `reaction_time`, `team_points`, `team_affiliation_id`)
  VALUES (196780, 6, 1, 0, 1, 0.0, 0.0, 0, 0, 0, 23095, 14852, 656, 18866, 1, '2015-03-01 01:08:35', '2015-03-01 01:08:35', 1, 0.0, 0.0, 0.0, 876);

INSERT INTO `meeting_individual_results` (`id`, `rank`, `is_play_off`, `is_out_of_race`, `is_disqualified`, `standard_points`, `meeting_individual_points`, `minutes`, `seconds`, `hundreds`, `meeting_program_id`, `swimmer_id`, `team_id`, `badge_id`, `user_id`, `created_at`, `updated_at`, `disqualification_code_type_id`, `goggle_cup_points`, `reaction_time`, `team_points`, `team_affiliation_id`)
  VALUES (196781, 1, 1, 0, 0, 780.1, 780.1, 1, 24, 81, 23096, 3376, 194, 6597, 1, '2015-03-01 01:08:36', '2015-03-01 01:08:36', NULL, 0.0, 0.0, 0.0, 389);

INSERT INTO `meeting_individual_results` (`id`, `rank`, `is_play_off`, `is_out_of_race`, `is_disqualified`, `standard_points`, `meeting_individual_points`, `minutes`, `seconds`, `hundreds`, `meeting_program_id`, `swimmer_id`, `team_id`, `badge_id`, `user_id`, `created_at`, `updated_at`, `disqualification_code_type_id`, `goggle_cup_points`, `reaction_time`, `team_points`, `team_affiliation_id`)
  VALUES (196782, 2, 1, 0, 0, 746.47, 746.47, 1, 28, 63, 23096, 3316, 496, 6537, 1, '2015-03-01 01:08:36', '2015-03-01 01:08:36', NULL, 0.0, 0.0, 0.0, 716);

INSERT INTO `meeting_individual_results` (`id`, `rank`, `is_play_off`, `is_out_of_race`, `is_disqualified`, `standard_points`, `meeting_individual_points`, `minutes`, `seconds`, `hundreds`, `meeting_program_id`, `swimmer_id`, `team_id`, `badge_id`, `user_id`, `created_at`, `updated_at`, `disqualification_code_type_id`, `goggle_cup_points`, `reaction_time`, `team_points`, `team_affiliation_id`)
  VALUES (196783, 3, 1, 0, 0, 738.89, 738.89, 1, 29, 54, 23096, 13625, 188, 17353, 1, '2015-03-01 01:08:36', '2015-03-01 01:08:36', NULL, 0.0, 0.0, 0.0, 383);

INSERT INTO `meeting_individual_results` (`id`, `rank`, `is_play_off`, `is_out_of_race`, `is_disqualified`, `standard_points`, `meeting_individual_points`, `minutes`, `seconds`, `hundreds`, `meeting_program_id`, `swimmer_id`, `team_id`, `badge_id`, `user_id`, `created_at`, `updated_at`, `disqualification_code_type_id`, `goggle_cup_points`, `reaction_time`, `team_points`, `team_affiliation_id`)
  VALUES (196784, 4, 1, 0, 0, 702.04, 702.04, 1, 34, 24, 23096, 13768, 623, 17382, 1, '2015-03-01 01:08:36', '2015-03-01 01:08:36', NULL, 0.0, 0.0, 0.0, 843);

INSERT INTO `meeting_individual_results` (`id`, `rank`, `is_play_off`, `is_out_of_race`, `is_disqualified`, `standard_points`, `meeting_individual_points`, `minutes`, `seconds`, `hundreds`, `meeting_program_id`, `swimmer_id`, `team_id`, `badge_id`, `user_id`, `created_at`, `updated_at`, `disqualification_code_type_id`, `goggle_cup_points`, `reaction_time`, `team_points`, `team_affiliation_id`)
  VALUES (196785, 5, 1, 0, 0, 652.27, 652.27, 1, 41, 43, 23096, 16959, 491, 20770, 1, '2015-03-01 01:08:36', '2015-03-01 01:08:36', NULL, 0.0, 0.0, 0.0, 711);

INSERT INTO `meeting_individual_results` (`id`, `rank`, `is_play_off`, `is_out_of_race`, `is_disqualified`, `standard_points`, `meeting_individual_points`, `minutes`, `seconds`, `hundreds`, `meeting_program_id`, `swimmer_id`, `team_id`, `badge_id`, `user_id`, `created_at`, `updated_at`, `disqualification_code_type_id`, `goggle_cup_points`, `reaction_time`, `team_points`, `team_affiliation_id`)
  VALUES (196786, 6, 1, 0, 0, 502.35, 502.35, 2, 11, 70, 23096, 9341, 484, 12888, 1, '2015-03-01 01:08:36', '2015-03-01 01:08:36', NULL, 0.0, 0.0, 0.0, 704);

INSERT INTO `meeting_individual_results` (`id`, `rank`, `is_play_off`, `is_out_of_race`, `is_disqualified`, `standard_points`, `meeting_individual_points`, `minutes`, `seconds`, `hundreds`, `meeting_program_id`, `swimmer_id`, `team_id`, `badge_id`, `user_id`, `created_at`, `updated_at`, `disqualification_code_type_id`, `goggle_cup_points`, `reaction_time`, `team_points`, `team_affiliation_id`)
  VALUES (196787, 7, 1, 0, 0, 497.22, 497.22, 2, 13, 6, 23096, 3319, 188, 6540, 1, '2015-03-01 01:08:36', '2015-03-01 01:08:36', NULL, 0.0, 0.0, 0.0, 383);

INSERT INTO `meeting_individual_results` (`id`, `rank`, `is_play_off`, `is_out_of_race`, `is_disqualified`, `standard_points`, `meeting_individual_points`, `minutes`, `seconds`, `hundreds`, `meeting_program_id`, `swimmer_id`, `team_id`, `badge_id`, `user_id`, `created_at`, `updated_at`, `disqualification_code_type_id`, `goggle_cup_points`, `reaction_time`, `team_points`, `team_affiliation_id`)
  VALUES (196788, 1, 1, 0, 0, 792.04, 792.04, 1, 27, 47, 23097, 9238, 484, 13061, 1, '2015-03-01 01:08:36', '2015-03-01 01:08:36', NULL, 0.0, 0.0, 0.0, 704);

INSERT INTO `meeting_individual_results` (`id`, `rank`, `is_play_off`, `is_out_of_race`, `is_disqualified`, `standard_points`, `meeting_individual_points`, `minutes`, `seconds`, `hundreds`, `meeting_program_id`, `swimmer_id`, `team_id`, `badge_id`, `user_id`, `created_at`, `updated_at`, `disqualification_code_type_id`, `goggle_cup_points`, `reaction_time`, `team_points`, `team_affiliation_id`)
  VALUES (196789, 2, 1, 0, 0, 722.87, 722.87, 1, 35, 84, 23097, 11594, 494, 15347, 1, '2015-03-01 01:08:36', '2015-03-01 01:08:36', NULL, 0.0, 0.0, 0.0, 714);

INSERT INTO `meeting_individual_results` (`id`, `rank`, `is_play_off`, `is_out_of_race`, `is_disqualified`, `standard_points`, `meeting_individual_points`, `minutes`, `seconds`, `hundreds`, `meeting_program_id`, `swimmer_id`, `team_id`, `badge_id`, `user_id`, `created_at`, `updated_at`, `disqualification_code_type_id`, `goggle_cup_points`, `reaction_time`, `team_points`, `team_affiliation_id`)
  VALUES (196790, 3, 1, 0, 0, 720.32, 720.32, 1, 36, 18, 23097, 13547, 188, 17536, 1, '2015-03-01 01:08:36', '2015-03-01 01:08:36', NULL, 0.0, 0.0, 0.0, 383);

INSERT INTO `meeting_individual_results` (`id`, `rank`, `is_play_off`, `is_out_of_race`, `is_disqualified`, `standard_points`, `meeting_individual_points`, `minutes`, `seconds`, `hundreds`, `meeting_program_id`, `swimmer_id`, `team_id`, `badge_id`, `user_id`, `created_at`, `updated_at`, `disqualification_code_type_id`, `goggle_cup_points`, `reaction_time`, `team_points`, `team_affiliation_id`)
  VALUES (196791, 4, 1, 0, 0, 675.77, 675.77, 1, 42, 52, 23097, 9331, 495, 13161, 1, '2015-03-01 01:08:36', '2015-03-01 01:08:36', NULL, 0.0, 0.0, 0.0, 715);

INSERT INTO `meeting_individual_results` (`id`, `rank`, `is_play_off`, `is_out_of_race`, `is_disqualified`, `standard_points`, `meeting_individual_points`, `minutes`, `seconds`, `hundreds`, `meeting_program_id`, `swimmer_id`, `team_id`, `badge_id`, `user_id`, `created_at`, `updated_at`, `disqualification_code_type_id`, `goggle_cup_points`, `reaction_time`, `team_points`, `team_affiliation_id`)
  VALUES (196792, 5, 1, 0, 0, 657.43, 657.43, 1, 45, 38, 23097, 13664, 188, 17570, 1, '2015-03-01 01:08:37', '2015-03-01 01:08:37', NULL, 0.0, 0.0, 0.0, 383);

INSERT INTO `meeting_individual_results` (`id`, `rank`, `is_play_off`, `is_out_of_race`, `is_disqualified`, `standard_points`, `meeting_individual_points`, `minutes`, `seconds`, `hundreds`, `meeting_program_id`, `swimmer_id`, `team_id`, `badge_id`, `user_id`, `created_at`, `updated_at`, `disqualification_code_type_id`, `goggle_cup_points`, `reaction_time`, `team_points`, `team_affiliation_id`)
  VALUES (196793, 6, 1, 0, 0, 615.66, 615.66, 1, 52, 53, 23097, 16944, 184, 20782, 1, '2015-03-01 01:08:37', '2015-03-01 01:08:37', NULL, 0.0, 0.0, 0.0, 379);

INSERT INTO `meeting_individual_results` (`id`, `rank`, `is_play_off`, `is_out_of_race`, `is_disqualified`, `standard_points`, `meeting_individual_points`, `minutes`, `seconds`, `hundreds`, `meeting_program_id`, `swimmer_id`, `team_id`, `badge_id`, `user_id`, `created_at`, `updated_at`, `disqualification_code_type_id`, `goggle_cup_points`, `reaction_time`, `team_points`, `team_affiliation_id`)
  VALUES (196794, 1, 1, 0, 0, 695.3, 695.3, 1, 43, 38, 23098, 13638, 184, 17392, 1, '2015-03-01 01:08:37', '2015-03-01 01:08:37', NULL, 0.0, 0.0, 0.0, 379);

INSERT INTO `meeting_individual_results` (`id`, `rank`, `is_play_off`, `is_out_of_race`, `is_disqualified`, `standard_points`, `meeting_individual_points`, `minutes`, `seconds`, `hundreds`, `meeting_program_id`, `swimmer_id`, `team_id`, `badge_id`, `user_id`, `created_at`, `updated_at`, `disqualification_code_type_id`, `goggle_cup_points`, `reaction_time`, `team_points`, `team_affiliation_id`)
  VALUES (196795, 2, 1, 0, 0, 692.62, 692.62, 1, 43, 78, 23098, 9356, 184, 13140, 1, '2015-03-01 01:08:37', '2015-03-01 01:08:37', NULL, 0.0, 0.0, 0.0, 379);

INSERT INTO `meeting_individual_results` (`id`, `rank`, `is_play_off`, `is_out_of_race`, `is_disqualified`, `standard_points`, `meeting_individual_points`, `minutes`, `seconds`, `hundreds`, `meeting_program_id`, `swimmer_id`, `team_id`, `badge_id`, `user_id`, `created_at`, `updated_at`, `disqualification_code_type_id`, `goggle_cup_points`, `reaction_time`, `team_points`, `team_affiliation_id`)
  VALUES (196796, 3, 1, 0, 0, 690.29, 690.29, 1, 44, 13, 23098, 9183, 184, 13065, 1, '2015-03-01 01:08:37', '2015-03-01 01:08:37', NULL, 0.0, 0.0, 0.0, 379);

INSERT INTO `meeting_individual_results` (`id`, `rank`, `is_play_off`, `is_out_of_race`, `is_disqualified`, `standard_points`, `meeting_individual_points`, `minutes`, `seconds`, `hundreds`, `meeting_program_id`, `swimmer_id`, `team_id`, `badge_id`, `user_id`, `created_at`, `updated_at`, `disqualification_code_type_id`, `goggle_cup_points`, `reaction_time`, `team_points`, `team_affiliation_id`)
  VALUES (196797, 4, 1, 0, 0, 645.36, 645.36, 1, 51, 38, 23098, 9198, 188, 13064, 1, '2015-03-01 01:08:37', '2015-03-01 01:08:37', NULL, 0.0, 0.0, 0.0, 383);

INSERT INTO `meeting_individual_results` (`id`, `rank`, `is_play_off`, `is_out_of_race`, `is_disqualified`, `standard_points`, `meeting_individual_points`, `minutes`, `seconds`, `hundreds`, `meeting_program_id`, `swimmer_id`, `team_id`, `badge_id`, `user_id`, `created_at`, `updated_at`, `disqualification_code_type_id`, `goggle_cup_points`, `reaction_time`, `team_points`, `team_affiliation_id`)
  VALUES (196798, 1, 1, 0, 0, 741.54, 741.54, 1, 40, 52, 23099, 9168, 494, 12902, 1, '2015-03-01 01:08:37', '2015-03-01 01:08:37', NULL, 0.0, 0.0, 0.0, 714);

INSERT INTO `meeting_individual_results` (`id`, `rank`, `is_play_off`, `is_out_of_race`, `is_disqualified`, `standard_points`, `meeting_individual_points`, `minutes`, `seconds`, `hundreds`, `meeting_program_id`, `swimmer_id`, `team_id`, `badge_id`, `user_id`, `created_at`, `updated_at`, `disqualification_code_type_id`, `goggle_cup_points`, `reaction_time`, `team_points`, `team_affiliation_id`)
  VALUES (196799, 2, 1, 0, 1, 0.0, 0.0, 0, 0, 0, 23099, 17898, 184, 21700, 1, '2015-03-01 01:08:37', '2015-03-01 01:08:37', 1, 0.0, 0.0, 0.0, 379);

INSERT INTO `meeting_individual_results` (`id`, `rank`, `is_play_off`, `is_out_of_race`, `is_disqualified`, `standard_points`, `meeting_individual_points`, `minutes`, `seconds`, `hundreds`, `meeting_program_id`, `swimmer_id`, `team_id`, `badge_id`, `user_id`, `created_at`, `updated_at`, `disqualification_code_type_id`, `goggle_cup_points`, `reaction_time`, `team_points`, `team_affiliation_id`)
  VALUES (196800, 1, 1, 0, 0, 756.47, 756.47, 1, 44, 79, 23100, 14889, 183, 18665, 1, '2015-03-01 01:08:37', '2015-03-01 01:08:37', NULL, 0.0, 0.0, 0.0, 378);

INSERT INTO `meeting_individual_results` (`id`, `rank`, `is_play_off`, `is_out_of_race`, `is_disqualified`, `standard_points`, `meeting_individual_points`, `minutes`, `seconds`, `hundreds`, `meeting_program_id`, `swimmer_id`, `team_id`, `badge_id`, `user_id`, `created_at`, `updated_at`, `disqualification_code_type_id`, `goggle_cup_points`, `reaction_time`, `team_points`, `team_affiliation_id`)
  VALUES (196801, 2, 1, 0, 0, 667.48, 667.48, 1, 58, 76, 23100, 3341, 194, 6562, 1, '2015-03-01 01:08:37', '2015-03-01 01:08:37', NULL, 0.0, 0.0, 0.0, 389);

INSERT INTO `meeting_individual_results` (`id`, `rank`, `is_play_off`, `is_out_of_race`, `is_disqualified`, `standard_points`, `meeting_individual_points`, `minutes`, `seconds`, `hundreds`, `meeting_program_id`, `swimmer_id`, `team_id`, `badge_id`, `user_id`, `created_at`, `updated_at`, `disqualification_code_type_id`, `goggle_cup_points`, `reaction_time`, `team_points`, `team_affiliation_id`)
  VALUES (196802, 1, 1, 0, 0, 698.8, 698.8, 2, 1, 25, 23101, 16976, 183, 20795, 1, '2015-03-01 01:08:38', '2015-03-01 01:08:38', NULL, 0.0, 0.0, 0.0, 378);

INSERT INTO `meeting_individual_results` (`id`, `rank`, `is_play_off`, `is_out_of_race`, `is_disqualified`, `standard_points`, `meeting_individual_points`, `minutes`, `seconds`, `hundreds`, `meeting_program_id`, `swimmer_id`, `team_id`, `badge_id`, `user_id`, `created_at`, `updated_at`, `disqualification_code_type_id`, `goggle_cup_points`, `reaction_time`, `team_points`, `team_affiliation_id`)
  VALUES (196803, 2, 1, 0, 0, 687.74, 687.74, 2, 3, 20, 23101, 9095, 494, 12907, 1, '2015-03-01 01:08:38', '2015-03-01 01:08:38', NULL, 0.0, 0.0, 0.0, 714);

INSERT INTO `meeting_individual_results` (`id`, `rank`, `is_play_off`, `is_out_of_race`, `is_disqualified`, `standard_points`, `meeting_individual_points`, `minutes`, `seconds`, `hundreds`, `meeting_program_id`, `swimmer_id`, `team_id`, `badge_id`, `user_id`, `created_at`, `updated_at`, `disqualification_code_type_id`, `goggle_cup_points`, `reaction_time`, `team_points`, `team_affiliation_id`)
  VALUES (196804, 1, 1, 0, 0, 635.43, 635.43, 2, 21, 62, 23102, 3345, 188, 6566, 1, '2015-03-01 01:08:38', '2015-03-01 01:08:38', NULL, 0.0, 0.0, 0.0, 383);

INSERT INTO `meeting_individual_results` (`id`, `rank`, `is_play_off`, `is_out_of_race`, `is_disqualified`, `standard_points`, `meeting_individual_points`, `minutes`, `seconds`, `hundreds`, `meeting_program_id`, `swimmer_id`, `team_id`, `badge_id`, `user_id`, `created_at`, `updated_at`, `disqualification_code_type_id`, `goggle_cup_points`, `reaction_time`, `team_points`, `team_affiliation_id`)
  VALUES (196805, 1, 1, 0, 0, 0.0, 0.0, 1, 23, 75, 23103, 9165, 491, 12952, 1, '2015-03-01 01:08:38', '2015-03-01 01:08:38', NULL, 0.0, 0.0, 0.0, 711);

INSERT INTO `meeting_individual_results` (`id`, `rank`, `is_play_off`, `is_out_of_race`, `is_disqualified`, `standard_points`, `meeting_individual_points`, `minutes`, `seconds`, `hundreds`, `meeting_program_id`, `swimmer_id`, `team_id`, `badge_id`, `user_id`, `created_at`, `updated_at`, `disqualification_code_type_id`, `goggle_cup_points`, `reaction_time`, `team_points`, `team_affiliation_id`)
  VALUES (196806, 2, 1, 0, 0, 0.0, 0.0, 1, 30, 94, 23103, 13591, 484, 17572, 1, '2015-03-01 01:08:38', '2015-03-01 01:08:38', NULL, 0.0, 0.0, 0.0, 704);

INSERT INTO `meeting_individual_results` (`id`, `rank`, `is_play_off`, `is_out_of_race`, `is_disqualified`, `standard_points`, `meeting_individual_points`, `minutes`, `seconds`, `hundreds`, `meeting_program_id`, `swimmer_id`, `team_id`, `badge_id`, `user_id`, `created_at`, `updated_at`, `disqualification_code_type_id`, `goggle_cup_points`, `reaction_time`, `team_points`, `team_affiliation_id`)
  VALUES (196807, 3, 1, 0, 0, 0.0, 0.0, 1, 33, 78, 23103, 9324, 484, 13153, 1, '2015-03-01 01:08:38', '2015-03-01 01:08:38', NULL, 0.0, 0.0, 0.0, 704);

INSERT INTO `meeting_individual_results` (`id`, `rank`, `is_play_off`, `is_out_of_race`, `is_disqualified`, `standard_points`, `meeting_individual_points`, `minutes`, `seconds`, `hundreds`, `meeting_program_id`, `swimmer_id`, `team_id`, `badge_id`, `user_id`, `created_at`, `updated_at`, `disqualification_code_type_id`, `goggle_cup_points`, `reaction_time`, `team_points`, `team_affiliation_id`)
  VALUES (196808, 4, 1, 0, 0, 0.0, 0.0, 1, 36, 72, 23103, 9206, 191, 13081, 1, '2015-03-01 01:08:38', '2015-03-01 01:08:38', NULL, 0.0, 0.0, 0.0, 386);

INSERT INTO `meeting_individual_results` (`id`, `rank`, `is_play_off`, `is_out_of_race`, `is_disqualified`, `standard_points`, `meeting_individual_points`, `minutes`, `seconds`, `hundreds`, `meeting_program_id`, `swimmer_id`, `team_id`, `badge_id`, `user_id`, `created_at`, `updated_at`, `disqualification_code_type_id`, `goggle_cup_points`, `reaction_time`, `team_points`, `team_affiliation_id`)
  VALUES (196809, 5, 1, 0, 0, 0.0, 0.0, 1, 48, 32, 23103, 3392, 194, 6613, 1, '2015-03-01 01:08:38', '2015-03-01 01:08:38', NULL, 0.0, 0.0, 0.0, 389);

INSERT INTO `meeting_individual_results` (`id`, `rank`, `is_play_off`, `is_out_of_race`, `is_disqualified`, `standard_points`, `meeting_individual_points`, `minutes`, `seconds`, `hundreds`, `meeting_program_id`, `swimmer_id`, `team_id`, `badge_id`, `user_id`, `created_at`, `updated_at`, `disqualification_code_type_id`, `goggle_cup_points`, `reaction_time`, `team_points`, `team_affiliation_id`)
  VALUES (196810, 5, 1, 0, 1, 0.0, 0.0, 0, 0, 0, 23103, 17905, 191, 21701, 1, '2015-03-01 01:08:38', '2015-03-01 01:08:38', 1, 0.0, 0.0, 0.0, 386);

INSERT INTO `meeting_individual_results` (`id`, `rank`, `is_play_off`, `is_out_of_race`, `is_disqualified`, `standard_points`, `meeting_individual_points`, `minutes`, `seconds`, `hundreds`, `meeting_program_id`, `swimmer_id`, `team_id`, `badge_id`, `user_id`, `created_at`, `updated_at`, `disqualification_code_type_id`, `goggle_cup_points`, `reaction_time`, `team_points`, `team_affiliation_id`)
  VALUES (196811, 1, 1, 0, 0, 858.13, 858.13, 2, 41, 20, 23104, 3284, 194, 6505, 1, '2015-03-01 01:08:38', '2015-03-01 01:08:38', NULL, 0.0, 0.0, 0.0, 389);

INSERT INTO `meeting_individual_results` (`id`, `rank`, `is_play_off`, `is_out_of_race`, `is_disqualified`, `standard_points`, `meeting_individual_points`, `minutes`, `seconds`, `hundreds`, `meeting_program_id`, `swimmer_id`, `team_id`, `badge_id`, `user_id`, `created_at`, `updated_at`, `disqualification_code_type_id`, `goggle_cup_points`, `reaction_time`, `team_points`, `team_affiliation_id`)
  VALUES (196812, 1, 1, 0, 0, 816.32, 816.32, 2, 52, 20, 23105, 9106, 491, 12810, 1, '2015-03-01 01:08:39', '2015-03-01 01:08:39', NULL, 0.0, 0.0, 0.0, 711);

INSERT INTO `meeting_individual_results` (`id`, `rank`, `is_play_off`, `is_out_of_race`, `is_disqualified`, `standard_points`, `meeting_individual_points`, `minutes`, `seconds`, `hundreds`, `meeting_program_id`, `swimmer_id`, `team_id`, `badge_id`, `user_id`, `created_at`, `updated_at`, `disqualification_code_type_id`, `goggle_cup_points`, `reaction_time`, `team_points`, `team_affiliation_id`)
  VALUES (196813, 1, 1, 0, 0, 913.51, 913.51, 3, 14, 81, 23106, 9234, 495, 12958, 1, '2015-03-01 01:08:39', '2015-03-01 01:08:39', NULL, 0.0, 0.0, 0.0, 715);

INSERT INTO `meeting_individual_results` (`id`, `rank`, `is_play_off`, `is_out_of_race`, `is_disqualified`, `standard_points`, `meeting_individual_points`, `minutes`, `seconds`, `hundreds`, `meeting_program_id`, `swimmer_id`, `team_id`, `badge_id`, `user_id`, `created_at`, `updated_at`, `disqualification_code_type_id`, `goggle_cup_points`, `reaction_time`, `team_points`, `team_affiliation_id`)
  VALUES (196814, 1, 1, 0, 0, 662.0, 662.0, 4, 42, 1, 23107, 3290, 194, 6511, 1, '2015-03-01 01:08:39', '2015-03-01 01:08:39', NULL, 0.0, 0.0, 0.0, 389);

INSERT INTO `meeting_individual_results` (`id`, `rank`, `is_play_off`, `is_out_of_race`, `is_disqualified`, `standard_points`, `meeting_individual_points`, `minutes`, `seconds`, `hundreds`, `meeting_program_id`, `swimmer_id`, `team_id`, `badge_id`, `user_id`, `created_at`, `updated_at`, `disqualification_code_type_id`, `goggle_cup_points`, `reaction_time`, `team_points`, `team_affiliation_id`)
  VALUES (196815, 1, 1, 0, 0, 552.4, 552.4, 6, 7, 36, 23108, 9219, 183, 12828, 1, '2015-03-01 01:08:39', '2015-03-01 01:08:39', NULL, 0.0, 0.0, 0.0, 378);

INSERT INTO `meeting_individual_results` (`id`, `rank`, `is_play_off`, `is_out_of_race`, `is_disqualified`, `standard_points`, `meeting_individual_points`, `minutes`, `seconds`, `hundreds`, `meeting_program_id`, `swimmer_id`, `team_id`, `badge_id`, `user_id`, `created_at`, `updated_at`, `disqualification_code_type_id`, `goggle_cup_points`, `reaction_time`, `team_points`, `team_affiliation_id`)
  VALUES (196816, 1, 1, 0, 0, 0.0, 0.0, 2, 45, 89, 23109, 3291, 194, 6512, 1, '2015-03-01 01:08:39', '2015-03-01 01:08:39', NULL, 0.0, 0.0, 0.0, 389);

INSERT INTO `meeting_individual_results` (`id`, `rank`, `is_play_off`, `is_out_of_race`, `is_disqualified`, `standard_points`, `meeting_individual_points`, `minutes`, `seconds`, `hundreds`, `meeting_program_id`, `swimmer_id`, `team_id`, `badge_id`, `user_id`, `created_at`, `updated_at`, `disqualification_code_type_id`, `goggle_cup_points`, `reaction_time`, `team_points`, `team_affiliation_id`)
  VALUES (196817, 2, 1, 0, 0, 0.0, 0.0, 3, 4, 38, 23109, 9076, 194, 12938, 1, '2015-03-01 01:08:39', '2015-03-01 01:08:39', NULL, 0.0, 0.0, 0.0, 389);

INSERT INTO `meeting_individual_results` (`id`, `rank`, `is_play_off`, `is_out_of_race`, `is_disqualified`, `standard_points`, `meeting_individual_points`, `minutes`, `seconds`, `hundreds`, `meeting_program_id`, `swimmer_id`, `team_id`, `badge_id`, `user_id`, `created_at`, `updated_at`, `disqualification_code_type_id`, `goggle_cup_points`, `reaction_time`, `team_points`, `team_affiliation_id`)
  VALUES (196818, 3, 1, 0, 0, 0.0, 0.0, 3, 19, 74, 23109, 3292, 191, 6513, 1, '2015-03-01 01:08:39', '2015-03-01 01:08:39', NULL, 0.0, 0.0, 0.0, 386);

INSERT INTO `meeting_individual_results` (`id`, `rank`, `is_play_off`, `is_out_of_race`, `is_disqualified`, `standard_points`, `meeting_individual_points`, `minutes`, `seconds`, `hundreds`, `meeting_program_id`, `swimmer_id`, `team_id`, `badge_id`, `user_id`, `created_at`, `updated_at`, `disqualification_code_type_id`, `goggle_cup_points`, `reaction_time`, `team_points`, `team_affiliation_id`)
  VALUES (196819, 4, 1, 0, 0, 0.0, 0.0, 3, 43, 87, 23109, 3363, 194, 6584, 1, '2015-03-01 01:08:39', '2015-03-01 01:08:39', NULL, 0.0, 0.0, 0.0, 389);

INSERT INTO `meeting_individual_results` (`id`, `rank`, `is_play_off`, `is_out_of_race`, `is_disqualified`, `standard_points`, `meeting_individual_points`, `minutes`, `seconds`, `hundreds`, `meeting_program_id`, `swimmer_id`, `team_id`, `badge_id`, `user_id`, `created_at`, `updated_at`, `disqualification_code_type_id`, `goggle_cup_points`, `reaction_time`, `team_points`, `team_affiliation_id`)
  VALUES (196820, 1, 1, 0, 0, 725.09, 725.09, 2, 48, 53, 23110, 3296, 194, 6517, 1, '2015-03-01 01:08:39', '2015-03-01 01:08:39', NULL, 0.0, 0.0, 0.0, 389);

INSERT INTO `meeting_individual_results` (`id`, `rank`, `is_play_off`, `is_out_of_race`, `is_disqualified`, `standard_points`, `meeting_individual_points`, `minutes`, `seconds`, `hundreds`, `meeting_program_id`, `swimmer_id`, `team_id`, `badge_id`, `user_id`, `created_at`, `updated_at`, `disqualification_code_type_id`, `goggle_cup_points`, `reaction_time`, `team_points`, `team_affiliation_id`)
  VALUES (196821, 1, 1, 0, 0, 797.73, 797.73, 2, 33, 61, 23111, 11569, 495, 15310, 1, '2015-03-01 01:08:39', '2015-03-01 01:08:39', NULL, 0.0, 0.0, 0.0, 715);

INSERT INTO `meeting_individual_results` (`id`, `rank`, `is_play_off`, `is_out_of_race`, `is_disqualified`, `standard_points`, `meeting_individual_points`, `minutes`, `seconds`, `hundreds`, `meeting_program_id`, `swimmer_id`, `team_id`, `badge_id`, `user_id`, `created_at`, `updated_at`, `disqualification_code_type_id`, `goggle_cup_points`, `reaction_time`, `team_points`, `team_affiliation_id`)
  VALUES (196822, 2, 1, 0, 0, 548.55, 548.55, 3, 43, 39, 23111, 9332, 484, 13012, 1, '2015-03-01 01:08:40', '2015-03-01 01:08:40', NULL, 0.0, 0.0, 0.0, 704);

INSERT INTO `meeting_individual_results` (`id`, `rank`, `is_play_off`, `is_out_of_race`, `is_disqualified`, `standard_points`, `meeting_individual_points`, `minutes`, `seconds`, `hundreds`, `meeting_program_id`, `swimmer_id`, `team_id`, `badge_id`, `user_id`, `created_at`, `updated_at`, `disqualification_code_type_id`, `goggle_cup_points`, `reaction_time`, `team_points`, `team_affiliation_id`)
  VALUES (196823, 1, 1, 0, 0, 616.18, 616.18, 3, 24, 26, 23112, 14922, 658, 18739, 1, '2015-03-01 01:08:40', '2015-03-01 01:08:40', NULL, 0.0, 0.0, 0.0, 878);

INSERT INTO `meeting_individual_results` (`id`, `rank`, `is_play_off`, `is_out_of_race`, `is_disqualified`, `standard_points`, `meeting_individual_points`, `minutes`, `seconds`, `hundreds`, `meeting_program_id`, `swimmer_id`, `team_id`, `badge_id`, `user_id`, `created_at`, `updated_at`, `disqualification_code_type_id`, `goggle_cup_points`, `reaction_time`, `team_points`, `team_affiliation_id`)
  VALUES (196824, 1, 1, 0, 0, 820.73, 820.73, 2, 35, 85, 23113, 13589, 623, 17344, 1, '2015-03-01 01:08:40', '2015-03-01 01:08:40', NULL, 0.0, 0.0, 0.0, 843);

INSERT INTO `meeting_individual_results` (`id`, `rank`, `is_play_off`, `is_out_of_race`, `is_disqualified`, `standard_points`, `meeting_individual_points`, `minutes`, `seconds`, `hundreds`, `meeting_program_id`, `swimmer_id`, `team_id`, `badge_id`, `user_id`, `created_at`, `updated_at`, `disqualification_code_type_id`, `goggle_cup_points`, `reaction_time`, `team_points`, `team_affiliation_id`)
  VALUES (196825, 2, 1, 0, 0, 644.12, 644.12, 3, 18, 58, 23113, 3310, 194, 6531, 1, '2015-03-01 01:08:40', '2015-03-01 01:08:40', NULL, 0.0, 0.0, 0.0, 389);

INSERT INTO `meeting_individual_results` (`id`, `rank`, `is_play_off`, `is_out_of_race`, `is_disqualified`, `standard_points`, `meeting_individual_points`, `minutes`, `seconds`, `hundreds`, `meeting_program_id`, `swimmer_id`, `team_id`, `badge_id`, `user_id`, `created_at`, `updated_at`, `disqualification_code_type_id`, `goggle_cup_points`, `reaction_time`, `team_points`, `team_affiliation_id`)
  VALUES (196826, 3, 1, 0, 0, 628.77, 628.77, 3, 23, 43, 23113, 15001, 658, 18743, 1, '2015-03-01 01:08:40', '2015-03-01 01:08:40', NULL, 0.0, 0.0, 0.0, 878);

INSERT INTO `meeting_individual_results` (`id`, `rank`, `is_play_off`, `is_out_of_race`, `is_disqualified`, `standard_points`, `meeting_individual_points`, `minutes`, `seconds`, `hundreds`, `meeting_program_id`, `swimmer_id`, `team_id`, `badge_id`, `user_id`, `created_at`, `updated_at`, `disqualification_code_type_id`, `goggle_cup_points`, `reaction_time`, `team_points`, `team_affiliation_id`)
  VALUES (196827, 1, 1, 0, 0, 774.99, 774.99, 2, 49, 99, 23114, 3314, 186, 6535, 1, '2015-03-01 01:08:40', '2015-03-01 01:08:40', NULL, 0.0, 0.0, 0.0, 381);

INSERT INTO `meeting_individual_results` (`id`, `rank`, `is_play_off`, `is_out_of_race`, `is_disqualified`, `standard_points`, `meeting_individual_points`, `minutes`, `seconds`, `hundreds`, `meeting_program_id`, `swimmer_id`, `team_id`, `badge_id`, `user_id`, `created_at`, `updated_at`, `disqualification_code_type_id`, `goggle_cup_points`, `reaction_time`, `team_points`, `team_affiliation_id`)
  VALUES (196828, 2, 1, 0, 0, 526.5, 526.5, 4, 10, 22, 23114, 3326, 191, 6547, 1, '2015-03-01 01:08:40', '2015-03-01 01:08:40', NULL, 0.0, 0.0, 0.0, 386);

INSERT INTO `meeting_individual_results` (`id`, `rank`, `is_play_off`, `is_out_of_race`, `is_disqualified`, `standard_points`, `meeting_individual_points`, `minutes`, `seconds`, `hundreds`, `meeting_program_id`, `swimmer_id`, `team_id`, `badge_id`, `user_id`, `created_at`, `updated_at`, `disqualification_code_type_id`, `goggle_cup_points`, `reaction_time`, `team_points`, `team_affiliation_id`)
  VALUES (196829, 1, 1, 0, 0, 719.71, 719.71, 3, 11, 23, 23115, 9238, 484, 13061, 1, '2015-03-01 01:08:40', '2015-03-01 01:08:40', NULL, 0.0, 0.0, 0.0, 704);

INSERT INTO `meeting_individual_results` (`id`, `rank`, `is_play_off`, `is_out_of_race`, `is_disqualified`, `standard_points`, `meeting_individual_points`, `minutes`, `seconds`, `hundreds`, `meeting_program_id`, `swimmer_id`, `team_id`, `badge_id`, `user_id`, `created_at`, `updated_at`, `disqualification_code_type_id`, `goggle_cup_points`, `reaction_time`, `team_points`, `team_affiliation_id`)
  VALUES (196830, 2, 1, 0, 0, 708.01, 708.01, 3, 14, 39, 23115, 13789, 188, 17347, 1, '2015-03-01 01:08:40', '2015-03-01 01:08:40', NULL, 0.0, 0.0, 0.0, 383);

INSERT INTO `meeting_individual_results` (`id`, `rank`, `is_play_off`, `is_out_of_race`, `is_disqualified`, `standard_points`, `meeting_individual_points`, `minutes`, `seconds`, `hundreds`, `meeting_program_id`, `swimmer_id`, `team_id`, `badge_id`, `user_id`, `created_at`, `updated_at`, `disqualification_code_type_id`, `goggle_cup_points`, `reaction_time`, `team_points`, `team_affiliation_id`)
  VALUES (196831, 3, 1, 0, 0, 703.05, 703.05, 3, 15, 76, 23115, 3327, 184, 6548, 1, '2015-03-01 01:08:40', '2015-03-01 01:08:40', NULL, 0.0, 0.0, 0.0, 379);

INSERT INTO `meeting_individual_results` (`id`, `rank`, `is_play_off`, `is_out_of_race`, `is_disqualified`, `standard_points`, `meeting_individual_points`, `minutes`, `seconds`, `hundreds`, `meeting_program_id`, `swimmer_id`, `team_id`, `badge_id`, `user_id`, `created_at`, `updated_at`, `disqualification_code_type_id`, `goggle_cup_points`, `reaction_time`, `team_points`, `team_affiliation_id`)
  VALUES (196832, 4, 1, 0, 0, 645.12, 645.12, 3, 33, 34, 23115, 11596, 194, 15365, 1, '2015-03-01 01:08:41', '2015-03-01 01:08:41', NULL, 0.0, 0.0, 0.0, 389);

INSERT INTO `meeting_individual_results` (`id`, `rank`, `is_play_off`, `is_out_of_race`, `is_disqualified`, `standard_points`, `meeting_individual_points`, `minutes`, `seconds`, `hundreds`, `meeting_program_id`, `swimmer_id`, `team_id`, `badge_id`, `user_id`, `created_at`, `updated_at`, `disqualification_code_type_id`, `goggle_cup_points`, `reaction_time`, `team_points`, `team_affiliation_id`)
  VALUES (196833, 5, 1, 0, 0, 574.61, 574.61, 3, 59, 52, 23115, 3328, 191, 6549, 1, '2015-03-01 01:08:41', '2015-03-01 01:08:41', NULL, 0.0, 0.0, 0.0, 386);

INSERT INTO `meeting_individual_results` (`id`, `rank`, `is_play_off`, `is_out_of_race`, `is_disqualified`, `standard_points`, `meeting_individual_points`, `minutes`, `seconds`, `hundreds`, `meeting_program_id`, `swimmer_id`, `team_id`, `badge_id`, `user_id`, `created_at`, `updated_at`, `disqualification_code_type_id`, `goggle_cup_points`, `reaction_time`, `team_points`, `team_affiliation_id`)
  VALUES (196834, 1, 1, 0, 0, 580.14, 580.14, 4, 25, 66, 23116, 9380, 194, 12979, 1, '2015-03-01 01:08:41', '2015-03-01 01:08:41', NULL, 0.0, 0.0, 0.0, 389);

INSERT INTO `meeting_individual_results` (`id`, `rank`, `is_play_off`, `is_out_of_race`, `is_disqualified`, `standard_points`, `meeting_individual_points`, `minutes`, `seconds`, `hundreds`, `meeting_program_id`, `swimmer_id`, `team_id`, `badge_id`, `user_id`, `created_at`, `updated_at`, `disqualification_code_type_id`, `goggle_cup_points`, `reaction_time`, `team_points`, `team_affiliation_id`)
  VALUES (196835, 2, 1, 0, 0, 448.53, 448.53, 5, 43, 61, 23116, 9395, 187, 12980, 1, '2015-03-01 01:08:41', '2015-03-01 01:08:41', NULL, 0.0, 0.0, 0.0, 382);

INSERT INTO `meeting_individual_results` (`id`, `rank`, `is_play_off`, `is_out_of_race`, `is_disqualified`, `standard_points`, `meeting_individual_points`, `minutes`, `seconds`, `hundreds`, `meeting_program_id`, `swimmer_id`, `team_id`, `badge_id`, `user_id`, `created_at`, `updated_at`, `disqualification_code_type_id`, `goggle_cup_points`, `reaction_time`, `team_points`, `team_affiliation_id`)
  VALUES (196836, 1, 1, 0, 0, 746.17, 746.17, 3, 40, 62, 23117, 14889, 183, 18665, 1, '2015-03-01 01:08:41', '2015-03-01 01:08:41', NULL, 0.0, 0.0, 0.0, 378);

INSERT INTO `meeting_individual_results` (`id`, `rank`, `is_play_off`, `is_out_of_race`, `is_disqualified`, `standard_points`, `meeting_individual_points`, `minutes`, `seconds`, `hundreds`, `meeting_program_id`, `swimmer_id`, `team_id`, `badge_id`, `user_id`, `created_at`, `updated_at`, `disqualification_code_type_id`, `goggle_cup_points`, `reaction_time`, `team_points`, `team_affiliation_id`)
  VALUES (196837, 2, 1, 0, 0, 631.16, 631.16, 4, 20, 82, 23117, 3341, 194, 6562, 1, '2015-03-01 01:08:41', '2015-03-01 01:08:41', NULL, 0.0, 0.0, 0.0, 389);

INSERT INTO `meeting_individual_results` (`id`, `rank`, `is_play_off`, `is_out_of_race`, `is_disqualified`, `standard_points`, `meeting_individual_points`, `minutes`, `seconds`, `hundreds`, `meeting_program_id`, `swimmer_id`, `team_id`, `badge_id`, `user_id`, `created_at`, `updated_at`, `disqualification_code_type_id`, `goggle_cup_points`, `reaction_time`, `team_points`, `team_affiliation_id`)
  VALUES (196838, 1, 1, 0, 0, 654.42, 654.42, 4, 26, 74, 23118, 3344, 188, 6565, 1, '2015-03-01 01:08:41', '2015-03-01 01:08:41', NULL, 0.0, 0.0, 0.0, 383);

INSERT INTO `meeting_individual_results` (`id`, `rank`, `is_play_off`, `is_out_of_race`, `is_disqualified`, `standard_points`, `meeting_individual_points`, `minutes`, `seconds`, `hundreds`, `meeting_program_id`, `swimmer_id`, `team_id`, `badge_id`, `user_id`, `created_at`, `updated_at`, `disqualification_code_type_id`, `goggle_cup_points`, `reaction_time`, `team_points`, `team_affiliation_id`)
  VALUES (196839, 2, 1, 0, 0, 468.04, 468.04, 6, 12, 96, 23118, 9138, 187, 12909, 1, '2015-03-01 01:08:41', '2015-03-01 01:08:41', NULL, 0.0, 0.0, 0.0, 382);

INSERT INTO `meeting_individual_results` (`id`, `rank`, `is_play_off`, `is_out_of_race`, `is_disqualified`, `standard_points`, `meeting_individual_points`, `minutes`, `seconds`, `hundreds`, `meeting_program_id`, `swimmer_id`, `team_id`, `badge_id`, `user_id`, `created_at`, `updated_at`, `disqualification_code_type_id`, `goggle_cup_points`, `reaction_time`, `team_points`, `team_affiliation_id`)
  VALUES (196840, 1, 1, 0, 0, 848.7, 848.7, 3, 42, 80, 23119, 9258, 495, 12910, 1, '2015-03-01 01:08:41', '2015-03-01 01:08:41', NULL, 0.0, 0.0, 0.0, 715);

INSERT INTO `meeting_individual_results` (`id`, `rank`, `is_play_off`, `is_out_of_race`, `is_disqualified`, `standard_points`, `meeting_individual_points`, `minutes`, `seconds`, `hundreds`, `meeting_program_id`, `swimmer_id`, `team_id`, `badge_id`, `user_id`, `created_at`, `updated_at`, `disqualification_code_type_id`, `goggle_cup_points`, `reaction_time`, `team_points`, `team_affiliation_id`)
  VALUES (196841, 1, 1, 0, 0, 0.0, 0.0, 2, 44, 42, 23120, 9165, 491, 12952, 1, '2015-03-01 01:08:41', '2015-03-01 01:08:41', NULL, 0.0, 0.0, 0.0, 711);

INSERT INTO `meeting_individual_results` (`id`, `rank`, `is_play_off`, `is_out_of_race`, `is_disqualified`, `standard_points`, `meeting_individual_points`, `minutes`, `seconds`, `hundreds`, `meeting_program_id`, `swimmer_id`, `team_id`, `badge_id`, `user_id`, `created_at`, `updated_at`, `disqualification_code_type_id`, `goggle_cup_points`, `reaction_time`, `team_points`, `team_affiliation_id`)
  VALUES (196842, 2, 1, 0, 0, 0.0, 0.0, 3, 20, 80, 23120, 3392, 194, 6613, 1, '2015-03-01 01:08:41', '2015-03-01 01:08:41', NULL, 0.0, 0.0, 0.0, 389);

INSERT INTO `meeting_individual_results` (`id`, `rank`, `is_play_off`, `is_out_of_race`, `is_disqualified`, `standard_points`, `meeting_individual_points`, `minutes`, `seconds`, `hundreds`, `meeting_program_id`, `swimmer_id`, `team_id`, `badge_id`, `user_id`, `created_at`, `updated_at`, `disqualification_code_type_id`, `goggle_cup_points`, `reaction_time`, `team_points`, `team_affiliation_id`)
  VALUES (196843, 1, 1, 0, 0, 814.35, 814.35, 0, 34, 42, 23121, 3284, 194, 6505, 1, '2015-03-01 01:08:42', '2015-03-01 01:08:42', NULL, 0.0, 0.0, 0.0, 389);

INSERT INTO `meeting_individual_results` (`id`, `rank`, `is_play_off`, `is_out_of_race`, `is_disqualified`, `standard_points`, `meeting_individual_points`, `minutes`, `seconds`, `hundreds`, `meeting_program_id`, `swimmer_id`, `team_id`, `badge_id`, `user_id`, `created_at`, `updated_at`, `disqualification_code_type_id`, `goggle_cup_points`, `reaction_time`, `team_points`, `team_affiliation_id`)
  VALUES (196844, 2, 1, 0, 0, 730.71, 730.71, 0, 38, 36, 23121, 3352, 194, 6573, 1, '2015-03-01 01:08:42', '2015-03-01 01:08:42', NULL, 0.0, 0.0, 0.0, 389);

INSERT INTO `meeting_individual_results` (`id`, `rank`, `is_play_off`, `is_out_of_race`, `is_disqualified`, `standard_points`, `meeting_individual_points`, `minutes`, `seconds`, `hundreds`, `meeting_program_id`, `swimmer_id`, `team_id`, `badge_id`, `user_id`, `created_at`, `updated_at`, `disqualification_code_type_id`, `goggle_cup_points`, `reaction_time`, `team_points`, `team_affiliation_id`)
  VALUES (196845, 1, 1, 0, 0, 766.37, 766.37, 0, 36, 81, 23122, 6679, 256, 10425, 1, '2015-03-01 01:08:42', '2015-03-01 01:08:42', NULL, 0.0, 0.0, 0.0, 453);

INSERT INTO `meeting_individual_results` (`id`, `rank`, `is_play_off`, `is_out_of_race`, `is_disqualified`, `standard_points`, `meeting_individual_points`, `minutes`, `seconds`, `hundreds`, `meeting_program_id`, `swimmer_id`, `team_id`, `badge_id`, `user_id`, `created_at`, `updated_at`, `disqualification_code_type_id`, `goggle_cup_points`, `reaction_time`, `team_points`, `team_affiliation_id`)
  VALUES (196846, 2, 1, 0, 0, 739.06, 739.06, 0, 38, 17, 23122, 15032, 658, 18676, 1, '2015-03-01 01:08:42', '2015-03-01 01:08:42', NULL, 0.0, 0.0, 0.0, 878);

INSERT INTO `meeting_individual_results` (`id`, `rank`, `is_play_off`, `is_out_of_race`, `is_disqualified`, `standard_points`, `meeting_individual_points`, `minutes`, `seconds`, `hundreds`, `meeting_program_id`, `swimmer_id`, `team_id`, `badge_id`, `user_id`, `created_at`, `updated_at`, `disqualification_code_type_id`, `goggle_cup_points`, `reaction_time`, `team_points`, `team_affiliation_id`)
  VALUES (196847, 3, 1, 0, 0, 700.17, 700.17, 0, 40, 29, 23122, 16938, 658, 20739, 1, '2015-03-01 01:08:42', '2015-03-01 01:08:42', NULL, 0.0, 0.0, 0.0, 878);

INSERT INTO `meeting_individual_results` (`id`, `rank`, `is_play_off`, `is_out_of_race`, `is_disqualified`, `standard_points`, `meeting_individual_points`, `minutes`, `seconds`, `hundreds`, `meeting_program_id`, `swimmer_id`, `team_id`, `badge_id`, `user_id`, `created_at`, `updated_at`, `disqualification_code_type_id`, `goggle_cup_points`, `reaction_time`, `team_points`, `team_affiliation_id`)
  VALUES (196848, 1, 1, 0, 0, 849.96, 849.96, 0, 34, 19, 23123, 3433, 195, 6654, 1, '2015-03-01 01:08:42', '2015-03-01 01:08:42', NULL, 0.0, 0.0, 0.0, 390);

INSERT INTO `meeting_individual_results` (`id`, `rank`, `is_play_off`, `is_out_of_race`, `is_disqualified`, `standard_points`, `meeting_individual_points`, `minutes`, `seconds`, `hundreds`, `meeting_program_id`, `swimmer_id`, `team_id`, `badge_id`, `user_id`, `created_at`, `updated_at`, `disqualification_code_type_id`, `goggle_cup_points`, `reaction_time`, `team_points`, `team_affiliation_id`)
  VALUES (196849, 1, 1, 0, 0, 443.79, 443.79, 1, 6, 72, 23124, 14953, 658, 18808, 1, '2015-03-01 01:08:42', '2015-03-01 01:08:42', NULL, 0.0, 0.0, 0.0, 878);

INSERT INTO `meeting_individual_results` (`id`, `rank`, `is_play_off`, `is_out_of_race`, `is_disqualified`, `standard_points`, `meeting_individual_points`, `minutes`, `seconds`, `hundreds`, `meeting_program_id`, `swimmer_id`, `team_id`, `badge_id`, `user_id`, `created_at`, `updated_at`, `disqualification_code_type_id`, `goggle_cup_points`, `reaction_time`, `team_points`, `team_affiliation_id`)
  VALUES (196850, 1, 1, 0, 0, 718.45, 718.45, 0, 51, 75, 23125, 3290, 194, 6511, 1, '2015-03-01 01:08:42', '2015-03-01 01:08:42', NULL, 0.0, 0.0, 0.0, 389);

INSERT INTO `meeting_individual_results` (`id`, `rank`, `is_play_off`, `is_out_of_race`, `is_disqualified`, `standard_points`, `meeting_individual_points`, `minutes`, `seconds`, `hundreds`, `meeting_program_id`, `swimmer_id`, `team_id`, `badge_id`, `user_id`, `created_at`, `updated_at`, `disqualification_code_type_id`, `goggle_cup_points`, `reaction_time`, `team_points`, `team_affiliation_id`)
  VALUES (196851, 1, 1, 0, 0, 554.61, 554.61, 0, 43, 67, 23126, 9194, 493, 13041, 1, '2015-03-01 01:08:42', '2015-03-01 01:08:42', NULL, 0.0, 0.0, 0.0, 713);

INSERT INTO `meeting_individual_results` (`id`, `rank`, `is_play_off`, `is_out_of_race`, `is_disqualified`, `standard_points`, `meeting_individual_points`, `minutes`, `seconds`, `hundreds`, `meeting_program_id`, `swimmer_id`, `team_id`, `badge_id`, `user_id`, `created_at`, `updated_at`, `disqualification_code_type_id`, `goggle_cup_points`, `reaction_time`, `team_points`, `team_affiliation_id`)
  VALUES (196852, 1, 1, 0, 0, 800.07, 800.07, 0, 30, 51, 23127, 9048, 184, 12847, 1, '2015-03-01 01:08:42', '2015-03-01 01:08:42', NULL, 0.0, 0.0, 0.0, 379);

INSERT INTO `meeting_individual_results` (`id`, `rank`, `is_play_off`, `is_out_of_race`, `is_disqualified`, `standard_points`, `meeting_individual_points`, `minutes`, `seconds`, `hundreds`, `meeting_program_id`, `swimmer_id`, `team_id`, `badge_id`, `user_id`, `created_at`, `updated_at`, `disqualification_code_type_id`, `goggle_cup_points`, `reaction_time`, `team_points`, `team_affiliation_id`)
  VALUES (196853, 2, 1, 0, 0, 762.1, 762.1, 0, 32, 3, 23127, 9188, 484, 13110, 1, '2015-03-01 01:08:43', '2015-03-01 01:08:43', NULL, 0.0, 0.0, 0.0, 704);

INSERT INTO `meeting_individual_results` (`id`, `rank`, `is_play_off`, `is_out_of_race`, `is_disqualified`, `standard_points`, `meeting_individual_points`, `minutes`, `seconds`, `hundreds`, `meeting_program_id`, `swimmer_id`, `team_id`, `badge_id`, `user_id`, `created_at`, `updated_at`, `disqualification_code_type_id`, `goggle_cup_points`, `reaction_time`, `team_points`, `team_affiliation_id`)
  VALUES (196854, 3, 1, 0, 0, 708.77, 708.77, 0, 34, 44, 23127, 9124, 484, 13114, 1, '2015-03-01 01:08:43', '2015-03-01 01:08:43', NULL, 0.0, 0.0, 0.0, 704);

INSERT INTO `meeting_individual_results` (`id`, `rank`, `is_play_off`, `is_out_of_race`, `is_disqualified`, `standard_points`, `meeting_individual_points`, `minutes`, `seconds`, `hundreds`, `meeting_program_id`, `swimmer_id`, `team_id`, `badge_id`, `user_id`, `created_at`, `updated_at`, `disqualification_code_type_id`, `goggle_cup_points`, `reaction_time`, `team_points`, `team_affiliation_id`)
  VALUES (196855, 4, 1, 0, 0, 671.71, 671.71, 0, 36, 34, 23127, 3305, 194, 6526, 1, '2015-03-01 01:08:43', '2015-03-01 01:08:43', NULL, 0.0, 0.0, 0.0, 389);

INSERT INTO `meeting_individual_results` (`id`, `rank`, `is_play_off`, `is_out_of_race`, `is_disqualified`, `standard_points`, `meeting_individual_points`, `minutes`, `seconds`, `hundreds`, `meeting_program_id`, `swimmer_id`, `team_id`, `badge_id`, `user_id`, `created_at`, `updated_at`, `disqualification_code_type_id`, `goggle_cup_points`, `reaction_time`, `team_points`, `team_affiliation_id`)
  VALUES (196856, 5, 1, 0, 0, 639.84, 639.84, 0, 38, 15, 23127, 17903, 194, 21702, 1, '2015-03-01 01:08:43', '2015-03-01 01:08:43', NULL, 0.0, 0.0, 0.0, 389);

INSERT INTO `meeting_individual_results` (`id`, `rank`, `is_play_off`, `is_out_of_race`, `is_disqualified`, `standard_points`, `meeting_individual_points`, `minutes`, `seconds`, `hundreds`, `meeting_program_id`, `swimmer_id`, `team_id`, `badge_id`, `user_id`, `created_at`, `updated_at`, `disqualification_code_type_id`, `goggle_cup_points`, `reaction_time`, `team_points`, `team_affiliation_id`)
  VALUES (196857, 6, 1, 0, 0, 524.95, 524.95, 0, 46, 50, 23127, 3371, 194, 6592, 1, '2015-03-01 01:08:43', '2015-03-01 01:08:43', NULL, 0.0, 0.0, 0.0, 389);

INSERT INTO `meeting_individual_results` (`id`, `rank`, `is_play_off`, `is_out_of_race`, `is_disqualified`, `standard_points`, `meeting_individual_points`, `minutes`, `seconds`, `hundreds`, `meeting_program_id`, `swimmer_id`, `team_id`, `badge_id`, `user_id`, `created_at`, `updated_at`, `disqualification_code_type_id`, `goggle_cup_points`, `reaction_time`, `team_points`, `team_affiliation_id`)
  VALUES (196858, 7, 1, 0, 0, 514.65, 514.65, 0, 47, 43, 23127, 9332, 484, 13012, 1, '2015-03-01 01:08:43', '2015-03-01 01:08:43', NULL, 0.0, 0.0, 0.0, 704);

INSERT INTO `meeting_individual_results` (`id`, `rank`, `is_play_off`, `is_out_of_race`, `is_disqualified`, `standard_points`, `meeting_individual_points`, `minutes`, `seconds`, `hundreds`, `meeting_program_id`, `swimmer_id`, `team_id`, `badge_id`, `user_id`, `created_at`, `updated_at`, `disqualification_code_type_id`, `goggle_cup_points`, `reaction_time`, `team_points`, `team_affiliation_id`)
  VALUES (196859, 8, 1, 0, 1, 0.0, 0.0, 0, 0, 0, 23127, 9325, 484, 13048, 1, '2015-03-01 01:08:43', '2015-03-01 01:08:43', 11, 0.0, 0.0, 0.0, 704);

INSERT INTO `meeting_individual_results` (`id`, `rank`, `is_play_off`, `is_out_of_race`, `is_disqualified`, `standard_points`, `meeting_individual_points`, `minutes`, `seconds`, `hundreds`, `meeting_program_id`, `swimmer_id`, `team_id`, `badge_id`, `user_id`, `created_at`, `updated_at`, `disqualification_code_type_id`, `goggle_cup_points`, `reaction_time`, `team_points`, `team_affiliation_id`)
  VALUES (196860, 8, 1, 0, 1, 0.0, 0.0, 0, 0, 0, 23127, 13737, 184, 17421, 1, '2015-03-01 01:08:43', '2015-03-01 01:08:43', 1, 0.0, 0.0, 0.0, 379);

INSERT INTO `meeting_individual_results` (`id`, `rank`, `is_play_off`, `is_out_of_race`, `is_disqualified`, `standard_points`, `meeting_individual_points`, `minutes`, `seconds`, `hundreds`, `meeting_program_id`, `swimmer_id`, `team_id`, `badge_id`, `user_id`, `created_at`, `updated_at`, `disqualification_code_type_id`, `goggle_cup_points`, `reaction_time`, `team_points`, `team_affiliation_id`)
  VALUES (196861, 1, 1, 0, 0, 790.54, 790.54, 0, 31, 8, 23128, 13624, 623, 17424, 1, '2015-03-01 01:08:43', '2015-03-01 01:08:43', NULL, 0.0, 0.0, 0.0, 843);

INSERT INTO `meeting_individual_results` (`id`, `rank`, `is_play_off`, `is_out_of_race`, `is_disqualified`, `standard_points`, `meeting_individual_points`, `minutes`, `seconds`, `hundreds`, `meeting_program_id`, `swimmer_id`, `team_id`, `badge_id`, `user_id`, `created_at`, `updated_at`, `disqualification_code_type_id`, `goggle_cup_points`, `reaction_time`, `team_points`, `team_affiliation_id`)
  VALUES (196862, 2, 1, 0, 0, 740.95, 740.95, 0, 33, 16, 23128, 4001, 256, 7257, 1, '2015-03-01 01:08:43', '2015-03-01 01:08:43', NULL, 0.0, 0.0, 0.0, 453);

INSERT INTO `meeting_individual_results` (`id`, `rank`, `is_play_off`, `is_out_of_race`, `is_disqualified`, `standard_points`, `meeting_individual_points`, `minutes`, `seconds`, `hundreds`, `meeting_program_id`, `swimmer_id`, `team_id`, `badge_id`, `user_id`, `created_at`, `updated_at`, `disqualification_code_type_id`, `goggle_cup_points`, `reaction_time`, `team_points`, `team_affiliation_id`)
  VALUES (196863, 3, 1, 0, 0, 727.78, 727.78, 0, 33, 76, 23128, 3440, 198, 6661, 1, '2015-03-01 01:08:44', '2015-03-01 01:08:44', NULL, 0.0, 0.0, 0.0, 393);

INSERT INTO `meeting_individual_results` (`id`, `rank`, `is_play_off`, `is_out_of_race`, `is_disqualified`, `standard_points`, `meeting_individual_points`, `minutes`, `seconds`, `hundreds`, `meeting_program_id`, `swimmer_id`, `team_id`, `badge_id`, `user_id`, `created_at`, `updated_at`, `disqualification_code_type_id`, `goggle_cup_points`, `reaction_time`, `team_points`, `team_affiliation_id`)
  VALUES (196864, 4, 1, 0, 0, 664.05, 664.05, 0, 37, 0, 23128, 17891, 656, 21703, 1, '2015-03-01 01:08:44', '2015-03-01 01:08:44', NULL, 0.0, 0.0, 0.0, 876);

INSERT INTO `meeting_individual_results` (`id`, `rank`, `is_play_off`, `is_out_of_race`, `is_disqualified`, `standard_points`, `meeting_individual_points`, `minutes`, `seconds`, `hundreds`, `meeting_program_id`, `swimmer_id`, `team_id`, `badge_id`, `user_id`, `created_at`, `updated_at`, `disqualification_code_type_id`, `goggle_cup_points`, `reaction_time`, `team_points`, `team_affiliation_id`)
  VALUES (196865, 5, 1, 0, 0, 550.28, 550.28, 0, 44, 65, 23128, 9175, 484, 13052, 1, '2015-03-01 01:08:44', '2015-03-01 01:08:44', NULL, 0.0, 0.0, 0.0, 704);

INSERT INTO `meeting_individual_results` (`id`, `rank`, `is_play_off`, `is_out_of_race`, `is_disqualified`, `standard_points`, `meeting_individual_points`, `minutes`, `seconds`, `hundreds`, `meeting_program_id`, `swimmer_id`, `team_id`, `badge_id`, `user_id`, `created_at`, `updated_at`, `disqualification_code_type_id`, `goggle_cup_points`, `reaction_time`, `team_points`, `team_affiliation_id`)
  VALUES (196866, 1, 1, 0, 0, 810.86, 810.86, 0, 31, 30, 23129, 14914, 656, 18740, 1, '2015-03-01 01:08:44', '2015-03-01 01:08:44', NULL, 0.0, 0.0, 0.0, 876);

INSERT INTO `meeting_individual_results` (`id`, `rank`, `is_play_off`, `is_out_of_race`, `is_disqualified`, `standard_points`, `meeting_individual_points`, `minutes`, `seconds`, `hundreds`, `meeting_program_id`, `swimmer_id`, `team_id`, `badge_id`, `user_id`, `created_at`, `updated_at`, `disqualification_code_type_id`, `goggle_cup_points`, `reaction_time`, `team_points`, `team_affiliation_id`)
  VALUES (196867, 2, 1, 0, 0, 738.65, 738.65, 0, 34, 36, 23129, 9345, 195, 13054, 1, '2015-03-01 01:08:44', '2015-03-01 01:08:44', NULL, 0.0, 0.0, 0.0, 390);

INSERT INTO `meeting_individual_results` (`id`, `rank`, `is_play_off`, `is_out_of_race`, `is_disqualified`, `standard_points`, `meeting_individual_points`, `minutes`, `seconds`, `hundreds`, `meeting_program_id`, `swimmer_id`, `team_id`, `badge_id`, `user_id`, `created_at`, `updated_at`, `disqualification_code_type_id`, `goggle_cup_points`, `reaction_time`, `team_points`, `team_affiliation_id`)
  VALUES (196868, 3, 1, 0, 0, 663.36, 663.36, 0, 38, 26, 23129, 9283, 198, 13056, 1, '2015-03-01 01:08:44', '2015-03-01 01:08:44', NULL, 0.0, 0.0, 0.0, 393);

INSERT INTO `meeting_individual_results` (`id`, `rank`, `is_play_off`, `is_out_of_race`, `is_disqualified`, `standard_points`, `meeting_individual_points`, `minutes`, `seconds`, `hundreds`, `meeting_program_id`, `swimmer_id`, `team_id`, `badge_id`, `user_id`, `created_at`, `updated_at`, `disqualification_code_type_id`, `goggle_cup_points`, `reaction_time`, `team_points`, `team_affiliation_id`)
  VALUES (196869, 1, 1, 0, 0, 733.28, 733.28, 0, 35, 43, 23130, 17157, 194, 20969, 1, '2015-03-01 01:08:44', '2015-03-01 01:08:44', NULL, 0.0, 0.0, 0.0, 389);

INSERT INTO `meeting_individual_results` (`id`, `rank`, `is_play_off`, `is_out_of_race`, `is_disqualified`, `standard_points`, `meeting_individual_points`, `minutes`, `seconds`, `hundreds`, `meeting_program_id`, `swimmer_id`, `team_id`, `badge_id`, `user_id`, `created_at`, `updated_at`, `disqualification_code_type_id`, `goggle_cup_points`, `reaction_time`, `team_points`, `team_affiliation_id`)
  VALUES (196870, 2, 1, 0, 0, 700.65, 700.65, 0, 37, 8, 23130, 13768, 623, 17382, 1, '2015-03-01 01:08:44', '2015-03-01 01:08:44', NULL, 0.0, 0.0, 0.0, 843);

INSERT INTO `meeting_individual_results` (`id`, `rank`, `is_play_off`, `is_out_of_race`, `is_disqualified`, `standard_points`, `meeting_individual_points`, `minutes`, `seconds`, `hundreds`, `meeting_program_id`, `swimmer_id`, `team_id`, `badge_id`, `user_id`, `created_at`, `updated_at`, `disqualification_code_type_id`, `goggle_cup_points`, `reaction_time`, `team_points`, `team_affiliation_id`)
  VALUES (196871, 1, 1, 0, 0, 774.3, 774.3, 0, 34, 47, 23131, 3526, 195, 6747, 1, '2015-03-01 01:08:44', '2015-03-01 01:08:44', NULL, 0.0, 0.0, 0.0, 390);

INSERT INTO `meeting_individual_results` (`id`, `rank`, `is_play_off`, `is_out_of_race`, `is_disqualified`, `standard_points`, `meeting_individual_points`, `minutes`, `seconds`, `hundreds`, `meeting_program_id`, `swimmer_id`, `team_id`, `badge_id`, `user_id`, `created_at`, `updated_at`, `disqualification_code_type_id`, `goggle_cup_points`, `reaction_time`, `team_points`, `team_affiliation_id`)
  VALUES (196872, 2, 1, 0, 0, 667.08, 667.08, 0, 40, 1, 23131, 14886, 656, 18853, 1, '2015-03-01 01:08:44', '2015-03-01 01:08:44', NULL, 0.0, 0.0, 0.0, 876);

INSERT INTO `meeting_individual_results` (`id`, `rank`, `is_play_off`, `is_out_of_race`, `is_disqualified`, `standard_points`, `meeting_individual_points`, `minutes`, `seconds`, `hundreds`, `meeting_program_id`, `swimmer_id`, `team_id`, `badge_id`, `user_id`, `created_at`, `updated_at`, `disqualification_code_type_id`, `goggle_cup_points`, `reaction_time`, `team_points`, `team_affiliation_id`)
  VALUES (196873, 3, 1, 0, 0, 394.53, 394.53, 1, 7, 65, 23131, 15741, 630, 19610, 1, '2015-03-01 01:08:45', '2015-03-01 01:08:45', NULL, 0.0, 0.0, 0.0, 850);

INSERT INTO `meeting_individual_results` (`id`, `rank`, `is_play_off`, `is_out_of_race`, `is_disqualified`, `standard_points`, `meeting_individual_points`, `minutes`, `seconds`, `hundreds`, `meeting_program_id`, `swimmer_id`, `team_id`, `badge_id`, `user_id`, `created_at`, `updated_at`, `disqualification_code_type_id`, `goggle_cup_points`, `reaction_time`, `team_points`, `team_affiliation_id`)
  VALUES (196874, 1, 1, 0, 0, 732.44, 732.44, 0, 37, 86, 23132, 3332, 194, 6553, 1, '2015-03-01 01:08:45', '2015-03-01 01:08:45', NULL, 0.0, 0.0, 0.0, 389);

INSERT INTO `meeting_individual_results` (`id`, `rank`, `is_play_off`, `is_out_of_race`, `is_disqualified`, `standard_points`, `meeting_individual_points`, `minutes`, `seconds`, `hundreds`, `meeting_program_id`, `swimmer_id`, `team_id`, `badge_id`, `user_id`, `created_at`, `updated_at`, `disqualification_code_type_id`, `goggle_cup_points`, `reaction_time`, `team_points`, `team_affiliation_id`)
  VALUES (196875, 2, 1, 0, 0, 679.82, 679.82, 0, 40, 79, 23132, 9047, 194, 12950, 1, '2015-03-01 01:08:45', '2015-03-01 01:08:45', NULL, 0.0, 0.0, 0.0, 389);

INSERT INTO `meeting_individual_results` (`id`, `rank`, `is_play_off`, `is_out_of_race`, `is_disqualified`, `standard_points`, `meeting_individual_points`, `minutes`, `seconds`, `hundreds`, `meeting_program_id`, `swimmer_id`, `team_id`, `badge_id`, `user_id`, `created_at`, `updated_at`, `disqualification_code_type_id`, `goggle_cup_points`, `reaction_time`, `team_points`, `team_affiliation_id`)
  VALUES (196876, 1, 1, 0, 0, 533.58, 533.58, 0, 54, 5, 23133, 3339, 194, 6560, 1, '2015-03-01 01:08:45', '2015-03-01 01:08:45', NULL, 0.0, 0.0, 0.0, 389);

INSERT INTO `meeting_individual_results` (`id`, `rank`, `is_play_off`, `is_out_of_race`, `is_disqualified`, `standard_points`, `meeting_individual_points`, `minutes`, `seconds`, `hundreds`, `meeting_program_id`, `swimmer_id`, `team_id`, `badge_id`, `user_id`, `created_at`, `updated_at`, `disqualification_code_type_id`, `goggle_cup_points`, `reaction_time`, `team_points`, `team_affiliation_id`)
  VALUES (196877, 1, 1, 0, 0, 418.49, 418.49, 1, 11, 40, 23134, 9248, 493, 13067, 1, '2015-03-01 01:08:45', '2015-03-01 01:08:45', NULL, 0.0, 0.0, 0.0, 713);

INSERT INTO `meeting_individual_results` (`id`, `rank`, `is_play_off`, `is_out_of_race`, `is_disqualified`, `standard_points`, `meeting_individual_points`, `minutes`, `seconds`, `hundreds`, `meeting_program_id`, `swimmer_id`, `team_id`, `badge_id`, `user_id`, `created_at`, `updated_at`, `disqualification_code_type_id`, `goggle_cup_points`, `reaction_time`, `team_points`, `team_affiliation_id`)
  VALUES (196878, 1, 1, 0, 0, 557.49, 557.49, 1, 3, 66, 23135, 3345, 188, 6566, 1, '2015-03-01 01:08:45', '2015-03-01 01:08:45', NULL, 0.0, 0.0, 0.0, 383);

INSERT INTO `meeting_individual_results` (`id`, `rank`, `is_play_off`, `is_out_of_race`, `is_disqualified`, `standard_points`, `meeting_individual_points`, `minutes`, `seconds`, `hundreds`, `meeting_program_id`, `swimmer_id`, `team_id`, `badge_id`, `user_id`, `created_at`, `updated_at`, `disqualification_code_type_id`, `goggle_cup_points`, `reaction_time`, `team_points`, `team_affiliation_id`)
  VALUES (196879, 2, 1, 0, 0, 542.16, 542.16, 1, 5, 46, 23135, 13748, 188, 17447, 1, '2015-03-01 01:08:45', '2015-03-01 01:08:45', NULL, 0.0, 0.0, 0.0, 383);

INSERT INTO `meeting_individual_results` (`id`, `rank`, `is_play_off`, `is_out_of_race`, `is_disqualified`, `standard_points`, `meeting_individual_points`, `minutes`, `seconds`, `hundreds`, `meeting_program_id`, `swimmer_id`, `team_id`, `badge_id`, `user_id`, `created_at`, `updated_at`, `disqualification_code_type_id`, `goggle_cup_points`, `reaction_time`, `team_points`, `team_affiliation_id`)
  VALUES (196880, 1, 1, 0, 0, 0.0, 0.0, 0, 30, 36, 23136, 9275, 495, 13072, 1, '2015-03-01 01:08:45', '2015-03-01 01:08:45', NULL, 0.0, 0.0, 0.0, 715);

INSERT INTO `meeting_individual_results` (`id`, `rank`, `is_play_off`, `is_out_of_race`, `is_disqualified`, `standard_points`, `meeting_individual_points`, `minutes`, `seconds`, `hundreds`, `meeting_program_id`, `swimmer_id`, `team_id`, `badge_id`, `user_id`, `created_at`, `updated_at`, `disqualification_code_type_id`, `goggle_cup_points`, `reaction_time`, `team_points`, `team_affiliation_id`)
  VALUES (196881, 2, 1, 0, 0, 0.0, 0.0, 0, 30, 89, 23136, 9337, 495, 13071, 1, '2015-03-01 01:08:45', '2015-03-01 01:08:45', NULL, 0.0, 0.0, 0.0, 715);

INSERT INTO `meeting_individual_results` (`id`, `rank`, `is_play_off`, `is_out_of_race`, `is_disqualified`, `standard_points`, `meeting_individual_points`, `minutes`, `seconds`, `hundreds`, `meeting_program_id`, `swimmer_id`, `team_id`, `badge_id`, `user_id`, `created_at`, `updated_at`, `disqualification_code_type_id`, `goggle_cup_points`, `reaction_time`, `team_points`, `team_affiliation_id`)
  VALUES (196882, 3, 1, 0, 0, 0.0, 0.0, 0, 43, 72, 23136, 9324, 484, 13153, 1, '2015-03-01 01:08:45', '2015-03-01 01:08:45', NULL, 0.0, 0.0, 0.0, 704);

INSERT INTO `meeting_individual_results` (`id`, `rank`, `is_play_off`, `is_out_of_race`, `is_disqualified`, `standard_points`, `meeting_individual_points`, `minutes`, `seconds`, `hundreds`, `meeting_program_id`, `swimmer_id`, `team_id`, `badge_id`, `user_id`, `created_at`, `updated_at`, `disqualification_code_type_id`, `goggle_cup_points`, `reaction_time`, `team_points`, `team_affiliation_id`)
  VALUES (196883, 1, 1, 0, 0, 776.72, 776.72, 0, 33, 50, 23137, 9357, 495, 13157, 1, '2015-03-01 01:08:45', '2015-03-01 01:08:45', NULL, 0.0, 0.0, 0.0, 715);

INSERT INTO `meeting_individual_results` (`id`, `rank`, `is_play_off`, `is_out_of_race`, `is_disqualified`, `standard_points`, `meeting_individual_points`, `minutes`, `seconds`, `hundreds`, `meeting_program_id`, `swimmer_id`, `team_id`, `badge_id`, `user_id`, `created_at`, `updated_at`, `disqualification_code_type_id`, `goggle_cup_points`, `reaction_time`, `team_points`, `team_affiliation_id`)
  VALUES (196884, 2, 1, 0, 0, 763.72, 763.72, 0, 34, 7, 23137, 3353, 187, 6574, 1, '2015-03-01 01:08:46', '2015-03-01 01:08:46', NULL, 0.0, 0.0, 0.0, 382);

INSERT INTO `meeting_individual_results` (`id`, `rank`, `is_play_off`, `is_out_of_race`, `is_disqualified`, `standard_points`, `meeting_individual_points`, `minutes`, `seconds`, `hundreds`, `meeting_program_id`, `swimmer_id`, `team_id`, `badge_id`, `user_id`, `created_at`, `updated_at`, `disqualification_code_type_id`, `goggle_cup_points`, `reaction_time`, `team_points`, `team_affiliation_id`)
  VALUES (196885, 3, 1, 0, 0, 739.41, 739.41, 0, 35, 19, 23137, 3352, 194, 6573, 1, '2015-03-01 01:08:46', '2015-03-01 01:08:46', NULL, 0.0, 0.0, 0.0, 389);

INSERT INTO `meeting_individual_results` (`id`, `rank`, `is_play_off`, `is_out_of_race`, `is_disqualified`, `standard_points`, `meeting_individual_points`, `minutes`, `seconds`, `hundreds`, `meeting_program_id`, `swimmer_id`, `team_id`, `badge_id`, `user_id`, `created_at`, `updated_at`, `disqualification_code_type_id`, `goggle_cup_points`, `reaction_time`, `team_points`, `team_affiliation_id`)
  VALUES (196886, 4, 1, 0, 0, 687.81, 687.81, 0, 37, 83, 23137, 15041, 183, 18877, 1, '2015-03-01 01:08:46', '2015-03-01 01:08:46', NULL, 0.0, 0.0, 0.0, 378);

INSERT INTO `meeting_individual_results` (`id`, `rank`, `is_play_off`, `is_out_of_race`, `is_disqualified`, `standard_points`, `meeting_individual_points`, `minutes`, `seconds`, `hundreds`, `meeting_program_id`, `swimmer_id`, `team_id`, `badge_id`, `user_id`, `created_at`, `updated_at`, `disqualification_code_type_id`, `goggle_cup_points`, `reaction_time`, `team_points`, `team_affiliation_id`)
  VALUES (196887, 5, 1, 0, 0, 640.57, 640.57, 0, 40, 62, 23137, 11580, 194, 15355, 1, '2015-03-01 01:08:46', '2015-03-01 01:08:46', NULL, 0.0, 0.0, 0.0, 389);

INSERT INTO `meeting_individual_results` (`id`, `rank`, `is_play_off`, `is_out_of_race`, `is_disqualified`, `standard_points`, `meeting_individual_points`, `minutes`, `seconds`, `hundreds`, `meeting_program_id`, `swimmer_id`, `team_id`, `badge_id`, `user_id`, `created_at`, `updated_at`, `disqualification_code_type_id`, `goggle_cup_points`, `reaction_time`, `team_points`, `team_affiliation_id`)
  VALUES (196888, 6, 1, 0, 0, 601.48, 601.48, 0, 43, 26, 23137, 17894, 184, 21691, 1, '2015-03-01 01:08:46', '2015-03-01 01:08:46', NULL, 0.0, 0.0, 0.0, 379);

INSERT INTO `meeting_individual_results` (`id`, `rank`, `is_play_off`, `is_out_of_race`, `is_disqualified`, `standard_points`, `meeting_individual_points`, `minutes`, `seconds`, `hundreds`, `meeting_program_id`, `swimmer_id`, `team_id`, `badge_id`, `user_id`, `created_at`, `updated_at`, `disqualification_code_type_id`, `goggle_cup_points`, `reaction_time`, `team_points`, `team_affiliation_id`)
  VALUES (196889, 1, 1, 0, 0, 796.55, 796.55, 0, 32, 49, 23138, 6679, 256, 10425, 1, '2015-03-01 01:08:46', '2015-03-01 01:08:46', NULL, 0.0, 0.0, 0.0, 453);

INSERT INTO `meeting_individual_results` (`id`, `rank`, `is_play_off`, `is_out_of_race`, `is_disqualified`, `standard_points`, `meeting_individual_points`, `minutes`, `seconds`, `hundreds`, `meeting_program_id`, `swimmer_id`, `team_id`, `badge_id`, `user_id`, `created_at`, `updated_at`, `disqualification_code_type_id`, `goggle_cup_points`, `reaction_time`, `team_points`, `team_affiliation_id`)
  VALUES (196890, 2, 1, 0, 0, 634.16, 634.16, 0, 40, 81, 23138, 17901, 484, 21696, 1, '2015-03-01 01:08:46', '2015-03-01 01:08:46', NULL, 0.0, 0.0, 0.0, 704);

INSERT INTO `meeting_individual_results` (`id`, `rank`, `is_play_off`, `is_out_of_race`, `is_disqualified`, `standard_points`, `meeting_individual_points`, `minutes`, `seconds`, `hundreds`, `meeting_program_id`, `swimmer_id`, `team_id`, `badge_id`, `user_id`, `created_at`, `updated_at`, `disqualification_code_type_id`, `goggle_cup_points`, `reaction_time`, `team_points`, `team_affiliation_id`)
  VALUES (196891, 3, 1, 0, 0, 616.04, 616.04, 0, 42, 1, 23138, 9208, 484, 12999, 1, '2015-03-01 01:08:46', '2015-03-01 01:08:46', NULL, 0.0, 0.0, 0.0, 704);

INSERT INTO `meeting_individual_results` (`id`, `rank`, `is_play_off`, `is_out_of_race`, `is_disqualified`, `standard_points`, `meeting_individual_points`, `minutes`, `seconds`, `hundreds`, `meeting_program_id`, `swimmer_id`, `team_id`, `badge_id`, `user_id`, `created_at`, `updated_at`, `disqualification_code_type_id`, `goggle_cup_points`, `reaction_time`, `team_points`, `team_affiliation_id`)
  VALUES (196892, 1, 1, 0, 0, 847.76, 847.76, 0, 31, 7, 23139, 9106, 491, 12810, 1, '2015-03-01 01:08:46', '2015-03-01 01:08:46', NULL, 0.0, 0.0, 0.0, 711);

INSERT INTO `meeting_individual_results` (`id`, `rank`, `is_play_off`, `is_out_of_race`, `is_disqualified`, `standard_points`, `meeting_individual_points`, `minutes`, `seconds`, `hundreds`, `meeting_program_id`, `swimmer_id`, `team_id`, `badge_id`, `user_id`, `created_at`, `updated_at`, `disqualification_code_type_id`, `goggle_cup_points`, `reaction_time`, `team_points`, `team_affiliation_id`)
  VALUES (196893, 2, 1, 0, 0, 810.96, 810.96, 0, 32, 48, 23139, 9235, 494, 12954, 1, '2015-03-01 01:08:46', '2015-03-01 01:08:46', NULL, 0.0, 0.0, 0.0, 714);

INSERT INTO `meeting_individual_results` (`id`, `rank`, `is_play_off`, `is_out_of_race`, `is_disqualified`, `standard_points`, `meeting_individual_points`, `minutes`, `seconds`, `hundreds`, `meeting_program_id`, `swimmer_id`, `team_id`, `badge_id`, `user_id`, `created_at`, `updated_at`, `disqualification_code_type_id`, `goggle_cup_points`, `reaction_time`, `team_points`, `team_affiliation_id`)
  VALUES (196894, 3, 1, 0, 0, 556.87, 556.87, 0, 47, 30, 23139, 17899, 623, 21697, 1, '2015-03-01 01:08:47', '2015-03-01 01:08:47', NULL, 0.0, 0.0, 0.0, 843);

INSERT INTO `meeting_individual_results` (`id`, `rank`, `is_play_off`, `is_out_of_race`, `is_disqualified`, `standard_points`, `meeting_individual_points`, `minutes`, `seconds`, `hundreds`, `meeting_program_id`, `swimmer_id`, `team_id`, `badge_id`, `user_id`, `created_at`, `updated_at`, `disqualification_code_type_id`, `goggle_cup_points`, `reaction_time`, `team_points`, `team_affiliation_id`)
  VALUES (196895, 1, 1, 0, 0, 738.76, 738.76, 0, 36, 25, 23140, 9299, 194, 12816, 1, '2015-03-01 01:08:47', '2015-03-01 01:08:47', NULL, 0.0, 0.0, 0.0, 389);

INSERT INTO `meeting_individual_results` (`id`, `rank`, `is_play_off`, `is_out_of_race`, `is_disqualified`, `standard_points`, `meeting_individual_points`, `minutes`, `seconds`, `hundreds`, `meeting_program_id`, `swimmer_id`, `team_id`, `badge_id`, `user_id`, `created_at`, `updated_at`, `disqualification_code_type_id`, `goggle_cup_points`, `reaction_time`, `team_points`, `team_affiliation_id`)
  VALUES (196896, 2, 1, 0, 0, 631.9, 631.9, 0, 42, 38, 23140, 11609, 194, 15340, 1, '2015-03-01 01:08:47', '2015-03-01 01:08:47', NULL, 0.0, 0.0, 0.0, 389);

INSERT INTO `meeting_individual_results` (`id`, `rank`, `is_play_off`, `is_out_of_race`, `is_disqualified`, `standard_points`, `meeting_individual_points`, `minutes`, `seconds`, `hundreds`, `meeting_program_id`, `swimmer_id`, `team_id`, `badge_id`, `user_id`, `created_at`, `updated_at`, `disqualification_code_type_id`, `goggle_cup_points`, `reaction_time`, `team_points`, `team_affiliation_id`)
  VALUES (196897, 3, 1, 0, 0, 625.7, 625.7, 0, 42, 80, 23140, 16966, 183, 20780, 1, '2015-03-01 01:08:47', '2015-03-01 01:08:47', NULL, 0.0, 0.0, 0.0, 378);

INSERT INTO `meeting_individual_results` (`id`, `rank`, `is_play_off`, `is_out_of_race`, `is_disqualified`, `standard_points`, `meeting_individual_points`, `minutes`, `seconds`, `hundreds`, `meeting_program_id`, `swimmer_id`, `team_id`, `badge_id`, `user_id`, `created_at`, `updated_at`, `disqualification_code_type_id`, `goggle_cup_points`, `reaction_time`, `team_points`, `team_affiliation_id`)
  VALUES (196898, 4, 1, 0, 0, 614.08, 614.08, 0, 43, 61, 23140, 16978, 183, 20798, 1, '2015-03-01 01:08:47', '2015-03-01 01:08:47', NULL, 0.0, 0.0, 0.0, 378);

INSERT INTO `meeting_individual_results` (`id`, `rank`, `is_play_off`, `is_out_of_race`, `is_disqualified`, `standard_points`, `meeting_individual_points`, `minutes`, `seconds`, `hundreds`, `meeting_program_id`, `swimmer_id`, `team_id`, `badge_id`, `user_id`, `created_at`, `updated_at`, `disqualification_code_type_id`, `goggle_cup_points`, `reaction_time`, `team_points`, `team_affiliation_id`)
  VALUES (196899, 5, 1, 0, 0, 605.33, 605.33, 0, 44, 24, 23140, 9351, 493, 13090, 1, '2015-03-01 01:08:47', '2015-03-01 01:08:47', NULL, 0.0, 0.0, 0.0, 713);

INSERT INTO `meeting_individual_results` (`id`, `rank`, `is_play_off`, `is_out_of_race`, `is_disqualified`, `standard_points`, `meeting_individual_points`, `minutes`, `seconds`, `hundreds`, `meeting_program_id`, `swimmer_id`, `team_id`, `badge_id`, `user_id`, `created_at`, `updated_at`, `disqualification_code_type_id`, `goggle_cup_points`, `reaction_time`, `team_points`, `team_affiliation_id`)
  VALUES (196900, 6, 1, 0, 0, 574.06, 574.06, 0, 46, 65, 23140, 17896, 627, 21704, 1, '2015-03-01 01:08:47', '2015-03-01 01:08:47', NULL, 0.0, 0.0, 0.0, 847);

INSERT INTO `meeting_individual_results` (`id`, `rank`, `is_play_off`, `is_out_of_race`, `is_disqualified`, `standard_points`, `meeting_individual_points`, `minutes`, `seconds`, `hundreds`, `meeting_program_id`, `swimmer_id`, `team_id`, `badge_id`, `user_id`, `created_at`, `updated_at`, `disqualification_code_type_id`, `goggle_cup_points`, `reaction_time`, `team_points`, `team_affiliation_id`)
  VALUES (196901, 1, 1, 0, 0, 828.47, 828.47, 0, 32, 88, 23141, 3289, 82, 6510, 1, '2015-03-01 01:08:47', '2015-03-01 01:08:47', NULL, 0.0, 0.0, 0.0, 275);

INSERT INTO `meeting_individual_results` (`id`, `rank`, `is_play_off`, `is_out_of_race`, `is_disqualified`, `standard_points`, `meeting_individual_points`, `minutes`, `seconds`, `hundreds`, `meeting_program_id`, `swimmer_id`, `team_id`, `badge_id`, `user_id`, `created_at`, `updated_at`, `disqualification_code_type_id`, `goggle_cup_points`, `reaction_time`, `team_points`, `team_affiliation_id`)
  VALUES (196902, 2, 1, 0, 0, 676.94, 676.94, 0, 40, 24, 23141, 9286, 493, 12821, 1, '2015-03-01 01:08:47', '2015-03-01 01:08:47', NULL, 0.0, 0.0, 0.0, 713);

INSERT INTO `meeting_individual_results` (`id`, `rank`, `is_play_off`, `is_out_of_race`, `is_disqualified`, `standard_points`, `meeting_individual_points`, `minutes`, `seconds`, `hundreds`, `meeting_program_id`, `swimmer_id`, `team_id`, `badge_id`, `user_id`, `created_at`, `updated_at`, `disqualification_code_type_id`, `goggle_cup_points`, `reaction_time`, `team_points`, `team_affiliation_id`)
  VALUES (196903, 3, 1, 0, 0, 642.45, 642.45, 0, 42, 40, 23141, 17900, 183, 21692, 1, '2015-03-01 01:08:47', '2015-03-01 01:08:47', NULL, 0.0, 0.0, 0.0, 378);

INSERT INTO `meeting_individual_results` (`id`, `rank`, `is_play_off`, `is_out_of_race`, `is_disqualified`, `standard_points`, `meeting_individual_points`, `minutes`, `seconds`, `hundreds`, `meeting_program_id`, `swimmer_id`, `team_id`, `badge_id`, `user_id`, `created_at`, `updated_at`, `disqualification_code_type_id`, `goggle_cup_points`, `reaction_time`, `team_points`, `team_affiliation_id`)
  VALUES (196904, 1, 1, 0, 0, 685.06, 685.06, 0, 41, 31, 23142, 15023, 656, 18811, 1, '2015-03-01 01:08:48', '2015-03-01 01:08:48', NULL, 0.0, 0.0, 0.0, 876);

INSERT INTO `meeting_individual_results` (`id`, `rank`, `is_play_off`, `is_out_of_race`, `is_disqualified`, `standard_points`, `meeting_individual_points`, `minutes`, `seconds`, `hundreds`, `meeting_program_id`, `swimmer_id`, `team_id`, `badge_id`, `user_id`, `created_at`, `updated_at`, `disqualification_code_type_id`, `goggle_cup_points`, `reaction_time`, `team_points`, `team_affiliation_id`)
  VALUES (196905, 2, 1, 0, 0, 558.52, 558.52, 0, 50, 67, 23142, 17904, 188, 21693, 1, '2015-03-01 01:08:48', '2015-03-01 01:08:48', NULL, 0.0, 0.0, 0.0, 383);

INSERT INTO `meeting_individual_results` (`id`, `rank`, `is_play_off`, `is_out_of_race`, `is_disqualified`, `standard_points`, `meeting_individual_points`, `minutes`, `seconds`, `hundreds`, `meeting_program_id`, `swimmer_id`, `team_id`, `badge_id`, `user_id`, `created_at`, `updated_at`, `disqualification_code_type_id`, `goggle_cup_points`, `reaction_time`, `team_points`, `team_affiliation_id`)
  VALUES (196906, 1, 1, 0, 0, 604.13, 604.13, 0, 50, 80, 23143, 14863, 232, 18812, 1, '2015-03-01 01:08:48', '2015-03-01 01:08:48', NULL, 0.0, 0.0, 0.0, 427);

INSERT INTO `meeting_individual_results` (`id`, `rank`, `is_play_off`, `is_out_of_race`, `is_disqualified`, `standard_points`, `meeting_individual_points`, `minutes`, `seconds`, `hundreds`, `meeting_program_id`, `swimmer_id`, `team_id`, `badge_id`, `user_id`, `created_at`, `updated_at`, `disqualification_code_type_id`, `goggle_cup_points`, `reaction_time`, `team_points`, `team_affiliation_id`)
  VALUES (196907, 1, 1, 0, 0, 682.35, 682.35, 0, 51, 44, 23144, 9284, 232, 12827, 1, '2015-03-01 01:08:48', '2015-03-01 01:08:48', NULL, 0.0, 0.0, 0.0, 427);

INSERT INTO `meeting_individual_results` (`id`, `rank`, `is_play_off`, `is_out_of_race`, `is_disqualified`, `standard_points`, `meeting_individual_points`, `minutes`, `seconds`, `hundreds`, `meeting_program_id`, `swimmer_id`, `team_id`, `badge_id`, `user_id`, `created_at`, `updated_at`, `disqualification_code_type_id`, `goggle_cup_points`, `reaction_time`, `team_points`, `team_affiliation_id`)
  VALUES (196908, 2, 1, 0, 0, 291.12, 291.12, 2, 0, 57, 23144, 16935, 194, 20761, 1, '2015-03-01 01:08:48', '2015-03-01 01:08:48', NULL, 0.0, 0.0, 0.0, 389);

INSERT INTO `meeting_individual_results` (`id`, `rank`, `is_play_off`, `is_out_of_race`, `is_disqualified`, `standard_points`, `meeting_individual_points`, `minutes`, `seconds`, `hundreds`, `meeting_program_id`, `swimmer_id`, `team_id`, `badge_id`, `user_id`, `created_at`, `updated_at`, `disqualification_code_type_id`, `goggle_cup_points`, `reaction_time`, `team_points`, `team_affiliation_id`)
  VALUES (196909, 1, 1, 0, 0, 356.58, 356.58, 1, 46, 54, 23145, 13575, 232, 17508, 1, '2015-03-01 01:08:48', '2015-03-01 01:08:48', NULL, 0.0, 0.0, 0.0, 427);

INSERT INTO `meeting_individual_results` (`id`, `rank`, `is_play_off`, `is_out_of_race`, `is_disqualified`, `standard_points`, `meeting_individual_points`, `minutes`, `seconds`, `hundreds`, `meeting_program_id`, `swimmer_id`, `team_id`, `badge_id`, `user_id`, `created_at`, `updated_at`, `disqualification_code_type_id`, `goggle_cup_points`, `reaction_time`, `team_points`, `team_affiliation_id`)
  VALUES (196910, 1, 1, 0, 0, 0.0, 0.0, 0, 34, 18, 23146, 9076, 194, 12938, 1, '2015-03-01 01:08:48', '2015-03-01 01:08:48', NULL, 0.0, 0.0, 0.0, 389);

INSERT INTO `meeting_individual_results` (`id`, `rank`, `is_play_off`, `is_out_of_race`, `is_disqualified`, `standard_points`, `meeting_individual_points`, `minutes`, `seconds`, `hundreds`, `meeting_program_id`, `swimmer_id`, `team_id`, `badge_id`, `user_id`, `created_at`, `updated_at`, `disqualification_code_type_id`, `goggle_cup_points`, `reaction_time`, `team_points`, `team_affiliation_id`)
  VALUES (196911, 2, 1, 0, 0, 0.0, 0.0, 0, 35, 98, 23146, 16942, 623, 20742, 1, '2015-03-01 01:08:48', '2015-03-01 01:08:48', NULL, 0.0, 0.0, 0.0, 843);

INSERT INTO `meeting_individual_results` (`id`, `rank`, `is_play_off`, `is_out_of_race`, `is_disqualified`, `standard_points`, `meeting_individual_points`, `minutes`, `seconds`, `hundreds`, `meeting_program_id`, `swimmer_id`, `team_id`, `badge_id`, `user_id`, `created_at`, `updated_at`, `disqualification_code_type_id`, `goggle_cup_points`, `reaction_time`, `team_points`, `team_affiliation_id`)
  VALUES (196912, 3, 1, 0, 0, 0.0, 0.0, 0, 36, 87, 23146, 16965, 183, 20791, 1, '2015-03-01 01:08:48', '2015-03-01 01:08:48', NULL, 0.0, 0.0, 0.0, 378);

INSERT INTO `meeting_individual_results` (`id`, `rank`, `is_play_off`, `is_out_of_race`, `is_disqualified`, `standard_points`, `meeting_individual_points`, `minutes`, `seconds`, `hundreds`, `meeting_program_id`, `swimmer_id`, `team_id`, `badge_id`, `user_id`, `created_at`, `updated_at`, `disqualification_code_type_id`, `goggle_cup_points`, `reaction_time`, `team_points`, `team_affiliation_id`)
  VALUES (196913, 1, 1, 0, 0, 836.61, 836.61, 0, 26, 93, 23147, 3365, 187, 6586, 1, '2015-03-01 01:08:48', '2015-03-01 01:08:48', NULL, 0.0, 0.0, 0.0, 382);

INSERT INTO `meeting_individual_results` (`id`, `rank`, `is_play_off`, `is_out_of_race`, `is_disqualified`, `standard_points`, `meeting_individual_points`, `minutes`, `seconds`, `hundreds`, `meeting_program_id`, `swimmer_id`, `team_id`, `badge_id`, `user_id`, `created_at`, `updated_at`, `disqualification_code_type_id`, `goggle_cup_points`, `reaction_time`, `team_points`, `team_affiliation_id`)
  VALUES (196914, 2, 1, 0, 0, 798.94, 798.94, 0, 28, 20, 23147, 13557, 495, 17581, 1, '2015-03-01 01:08:49', '2015-03-01 01:08:49', NULL, 0.0, 0.0, 0.0, 715);

INSERT INTO `meeting_individual_results` (`id`, `rank`, `is_play_off`, `is_out_of_race`, `is_disqualified`, `standard_points`, `meeting_individual_points`, `minutes`, `seconds`, `hundreds`, `meeting_program_id`, `swimmer_id`, `team_id`, `badge_id`, `user_id`, `created_at`, `updated_at`, `disqualification_code_type_id`, `goggle_cup_points`, `reaction_time`, `team_points`, `team_affiliation_id`)
  VALUES (196915, 3, 1, 0, 0, 790.8, 790.8, 0, 28, 49, 23147, 14920, 495, 18815, 1, '2015-03-01 01:08:49', '2015-03-01 01:08:49', NULL, 0.0, 0.0, 0.0, 715);

INSERT INTO `meeting_individual_results` (`id`, `rank`, `is_play_off`, `is_out_of_race`, `is_disqualified`, `standard_points`, `meeting_individual_points`, `minutes`, `seconds`, `hundreds`, `meeting_program_id`, `swimmer_id`, `team_id`, `badge_id`, `user_id`, `created_at`, `updated_at`, `disqualification_code_type_id`, `goggle_cup_points`, `reaction_time`, `team_points`, `team_affiliation_id`)
  VALUES (196916, 4, 1, 0, 0, 790.25, 790.25, 0, 28, 51, 23147, 3296, 194, 6517, 1, '2015-03-01 01:08:49', '2015-03-01 01:08:49', NULL, 0.0, 0.0, 0.0, 389);

INSERT INTO `meeting_individual_results` (`id`, `rank`, `is_play_off`, `is_out_of_race`, `is_disqualified`, `standard_points`, `meeting_individual_points`, `minutes`, `seconds`, `hundreds`, `meeting_program_id`, `swimmer_id`, `team_id`, `badge_id`, `user_id`, `created_at`, `updated_at`, `disqualification_code_type_id`, `goggle_cup_points`, `reaction_time`, `team_points`, `team_affiliation_id`)
  VALUES (196917, 5, 1, 0, 0, 781.21, 781.21, 0, 28, 84, 23147, 9058, 484, 13038, 1, '2015-03-01 01:08:49', '2015-03-01 01:08:49', NULL, 0.0, 0.0, 0.0, 704);

INSERT INTO `meeting_individual_results` (`id`, `rank`, `is_play_off`, `is_out_of_race`, `is_disqualified`, `standard_points`, `meeting_individual_points`, `minutes`, `seconds`, `hundreds`, `meeting_program_id`, `swimmer_id`, `team_id`, `badge_id`, `user_id`, `created_at`, `updated_at`, `disqualification_code_type_id`, `goggle_cup_points`, `reaction_time`, `team_points`, `team_affiliation_id`)
  VALUES (196918, 6, 1, 0, 0, 769.73, 769.73, 0, 29, 27, 23147, 15079, 184, 18726, 1, '2015-03-01 01:08:49', '2015-03-01 01:08:49', NULL, 0.0, 0.0, 0.0, 379);

INSERT INTO `meeting_individual_results` (`id`, `rank`, `is_play_off`, `is_out_of_race`, `is_disqualified`, `standard_points`, `meeting_individual_points`, `minutes`, `seconds`, `hundreds`, `meeting_program_id`, `swimmer_id`, `team_id`, `badge_id`, `user_id`, `created_at`, `updated_at`, `disqualification_code_type_id`, `goggle_cup_points`, `reaction_time`, `team_points`, `team_affiliation_id`)
  VALUES (196919, 7, 1, 0, 0, 618.11, 618.11, 0, 36, 45, 23147, 16983, 194, 20764, 1, '2015-03-01 01:08:49', '2015-03-01 01:08:49', NULL, 0.0, 0.0, 0.0, 389);

INSERT INTO `meeting_individual_results` (`id`, `rank`, `is_play_off`, `is_out_of_race`, `is_disqualified`, `standard_points`, `meeting_individual_points`, `minutes`, `seconds`, `hundreds`, `meeting_program_id`, `swimmer_id`, `team_id`, `badge_id`, `user_id`, `created_at`, `updated_at`, `disqualification_code_type_id`, `goggle_cup_points`, `reaction_time`, `team_points`, `team_affiliation_id`)
  VALUES (196920, 8, 1, 0, 0, 526.4, 526.4, 0, 42, 80, 23147, 9060, 484, 12846, 1, '2015-03-01 01:08:49', '2015-03-01 01:08:49', NULL, 0.0, 0.0, 0.0, 704);

INSERT INTO `meeting_individual_results` (`id`, `rank`, `is_play_off`, `is_out_of_race`, `is_disqualified`, `standard_points`, `meeting_individual_points`, `minutes`, `seconds`, `hundreds`, `meeting_program_id`, `swimmer_id`, `team_id`, `badge_id`, `user_id`, `created_at`, `updated_at`, `disqualification_code_type_id`, `goggle_cup_points`, `reaction_time`, `team_points`, `team_affiliation_id`)
  VALUES (196921, 9, 1, 0, 0, 435.19, 435.19, 0, 51, 77, 23147, 16962, 484, 20781, 1, '2015-03-01 01:08:49', '2015-03-01 01:08:49', NULL, 0.0, 0.0, 0.0, 704);

INSERT INTO `meeting_individual_results` (`id`, `rank`, `is_play_off`, `is_out_of_race`, `is_disqualified`, `standard_points`, `meeting_individual_points`, `minutes`, `seconds`, `hundreds`, `meeting_program_id`, `swimmer_id`, `team_id`, `badge_id`, `user_id`, `created_at`, `updated_at`, `disqualification_code_type_id`, `goggle_cup_points`, `reaction_time`, `team_points`, `team_affiliation_id`)
  VALUES (196922, 1, 1, 0, 0, 840.93, 840.93, 0, 26, 78, 23148, 9250, 194, 12849, 1, '2015-03-01 01:08:49', '2015-03-01 01:08:49', NULL, 0.0, 0.0, 0.0, 389);

INSERT INTO `meeting_individual_results` (`id`, `rank`, `is_play_off`, `is_out_of_race`, `is_disqualified`, `standard_points`, `meeting_individual_points`, `minutes`, `seconds`, `hundreds`, `meeting_program_id`, `swimmer_id`, `team_id`, `badge_id`, `user_id`, `created_at`, `updated_at`, `disqualification_code_type_id`, `goggle_cup_points`, `reaction_time`, `team_points`, `team_affiliation_id`)
  VALUES (196923, 2, 1, 0, 0, 812.7, 812.7, 0, 27, 71, 23148, 17889, 656, 21705, 1, '2015-03-01 01:08:49', '2015-03-01 01:08:49', NULL, 0.0, 0.0, 0.0, 876);

INSERT INTO `meeting_individual_results` (`id`, `rank`, `is_play_off`, `is_out_of_race`, `is_disqualified`, `standard_points`, `meeting_individual_points`, `minutes`, `seconds`, `hundreds`, `meeting_program_id`, `swimmer_id`, `team_id`, `badge_id`, `user_id`, `created_at`, `updated_at`, `disqualification_code_type_id`, `goggle_cup_points`, `reaction_time`, `team_points`, `team_affiliation_id`)
  VALUES (196924, 3, 1, 0, 0, 752.67, 752.67, 0, 29, 92, 23148, 13586, 627, 17515, 1, '2015-03-01 01:08:50', '2015-03-01 01:08:50', NULL, 0.0, 0.0, 0.0, 847);

INSERT INTO `meeting_individual_results` (`id`, `rank`, `is_play_off`, `is_out_of_race`, `is_disqualified`, `standard_points`, `meeting_individual_points`, `minutes`, `seconds`, `hundreds`, `meeting_program_id`, `swimmer_id`, `team_id`, `badge_id`, `user_id`, `created_at`, `updated_at`, `disqualification_code_type_id`, `goggle_cup_points`, `reaction_time`, `team_points`, `team_affiliation_id`)
  VALUES (196925, 4, 1, 0, 0, 725.75, 725.75, 0, 31, 3, 23148, 9124, 484, 13114, 1, '2015-03-01 01:08:50', '2015-03-01 01:08:50', NULL, 0.0, 0.0, 0.0, 704);

INSERT INTO `meeting_individual_results` (`id`, `rank`, `is_play_off`, `is_out_of_race`, `is_disqualified`, `standard_points`, `meeting_individual_points`, `minutes`, `seconds`, `hundreds`, `meeting_program_id`, `swimmer_id`, `team_id`, `badge_id`, `user_id`, `created_at`, `updated_at`, `disqualification_code_type_id`, `goggle_cup_points`, `reaction_time`, `team_points`, `team_affiliation_id`)
  VALUES (196926, 5, 1, 0, 0, 722.03, 722.03, 0, 31, 19, 23148, 9212, 183, 13045, 1, '2015-03-01 01:08:50', '2015-03-01 01:08:50', NULL, 0.0, 0.0, 0.0, 378);

INSERT INTO `meeting_individual_results` (`id`, `rank`, `is_play_off`, `is_out_of_race`, `is_disqualified`, `standard_points`, `meeting_individual_points`, `minutes`, `seconds`, `hundreds`, `meeting_program_id`, `swimmer_id`, `team_id`, `badge_id`, `user_id`, `created_at`, `updated_at`, `disqualification_code_type_id`, `goggle_cup_points`, `reaction_time`, `team_points`, `team_affiliation_id`)
  VALUES (196927, 6, 1, 0, 0, 703.53, 703.53, 0, 32, 1, 23148, 3371, 194, 6592, 1, '2015-03-01 01:08:50', '2015-03-01 01:08:50', NULL, 0.0, 0.0, 0.0, 389);

INSERT INTO `meeting_individual_results` (`id`, `rank`, `is_play_off`, `is_out_of_race`, `is_disqualified`, `standard_points`, `meeting_individual_points`, `minutes`, `seconds`, `hundreds`, `meeting_program_id`, `swimmer_id`, `team_id`, `badge_id`, `user_id`, `created_at`, `updated_at`, `disqualification_code_type_id`, `goggle_cup_points`, `reaction_time`, `team_points`, `team_affiliation_id`)
  VALUES (196928, 7, 1, 0, 0, 686.17, 686.17, 0, 32, 82, 23148, 13598, 184, 17516, 1, '2015-03-01 01:08:50', '2015-03-01 01:08:50', NULL, 0.0, 0.0, 0.0, 379);

INSERT INTO `meeting_individual_results` (`id`, `rank`, `is_play_off`, `is_out_of_race`, `is_disqualified`, `standard_points`, `meeting_individual_points`, `minutes`, `seconds`, `hundreds`, `meeting_program_id`, `swimmer_id`, `team_id`, `badge_id`, `user_id`, `created_at`, `updated_at`, `disqualification_code_type_id`, `goggle_cup_points`, `reaction_time`, `team_points`, `team_affiliation_id`)
  VALUES (196929, 8, 1, 0, 0, 676.07, 676.07, 0, 33, 31, 23148, 3304, 191, 6525, 1, '2015-03-01 01:08:50', '2015-03-01 01:08:50', NULL, 0.0, 0.0, 0.0, 386);

INSERT INTO `meeting_individual_results` (`id`, `rank`, `is_play_off`, `is_out_of_race`, `is_disqualified`, `standard_points`, `meeting_individual_points`, `minutes`, `seconds`, `hundreds`, `meeting_program_id`, `swimmer_id`, `team_id`, `badge_id`, `user_id`, `created_at`, `updated_at`, `disqualification_code_type_id`, `goggle_cup_points`, `reaction_time`, `team_points`, `team_affiliation_id`)
  VALUES (196930, 9, 1, 0, 0, 655.03, 655.03, 0, 34, 38, 23148, 13546, 184, 17517, 1, '2015-03-01 01:08:50', '2015-03-01 01:08:50', NULL, 0.0, 0.0, 0.0, 379);

INSERT INTO `meeting_individual_results` (`id`, `rank`, `is_play_off`, `is_out_of_race`, `is_disqualified`, `standard_points`, `meeting_individual_points`, `minutes`, `seconds`, `hundreds`, `meeting_program_id`, `swimmer_id`, `team_id`, `badge_id`, `user_id`, `created_at`, `updated_at`, `disqualification_code_type_id`, `goggle_cup_points`, `reaction_time`, `team_points`, `team_affiliation_id`)
  VALUES (196931, 10, 1, 0, 0, 651.43, 651.43, 0, 34, 57, 23148, 17888, 656, 21706, 1, '2015-03-01 01:08:50', '2015-03-01 01:08:50', NULL, 0.0, 0.0, 0.0, 876);

INSERT INTO `meeting_individual_results` (`id`, `rank`, `is_play_off`, `is_out_of_race`, `is_disqualified`, `standard_points`, `meeting_individual_points`, `minutes`, `seconds`, `hundreds`, `meeting_program_id`, `swimmer_id`, `team_id`, `badge_id`, `user_id`, `created_at`, `updated_at`, `disqualification_code_type_id`, `goggle_cup_points`, `reaction_time`, `team_points`, `team_affiliation_id`)
  VALUES (196932, 11, 1, 0, 0, 631.34, 631.34, 0, 35, 67, 23148, 13800, 484, 17374, 1, '2015-03-01 01:08:50', '2015-03-01 01:08:50', NULL, 0.0, 0.0, 0.0, 704);

INSERT INTO `meeting_individual_results` (`id`, `rank`, `is_play_off`, `is_out_of_race`, `is_disqualified`, `standard_points`, `meeting_individual_points`, `minutes`, `seconds`, `hundreds`, `meeting_program_id`, `swimmer_id`, `team_id`, `badge_id`, `user_id`, `created_at`, `updated_at`, `disqualification_code_type_id`, `goggle_cup_points`, `reaction_time`, `team_points`, `team_affiliation_id`)
  VALUES (196933, 12, 1, 0, 0, 581.61, 581.61, 0, 38, 72, 23148, 9372, 484, 13047, 1, '2015-03-01 01:08:50', '2015-03-01 01:08:50', NULL, 0.0, 0.0, 0.0, 704);

INSERT INTO `meeting_individual_results` (`id`, `rank`, `is_play_off`, `is_out_of_race`, `is_disqualified`, `standard_points`, `meeting_individual_points`, `minutes`, `seconds`, `hundreds`, `meeting_program_id`, `swimmer_id`, `team_id`, `badge_id`, `user_id`, `created_at`, `updated_at`, `disqualification_code_type_id`, `goggle_cup_points`, `reaction_time`, `team_points`, `team_affiliation_id`)
  VALUES (196934, 1, 1, 0, 0, 819.74, 819.74, 0, 27, 96, 23149, 9269, 495, 13119, 1, '2015-03-01 01:08:50', '2015-03-01 01:08:50', NULL, 0.0, 0.0, 0.0, 715);

INSERT INTO `meeting_individual_results` (`id`, `rank`, `is_play_off`, `is_out_of_race`, `is_disqualified`, `standard_points`, `meeting_individual_points`, `minutes`, `seconds`, `hundreds`, `meeting_program_id`, `swimmer_id`, `team_id`, `badge_id`, `user_id`, `created_at`, `updated_at`, `disqualification_code_type_id`, `goggle_cup_points`, `reaction_time`, `team_points`, `team_affiliation_id`)
  VALUES (196935, 2, 1, 0, 0, 764.0, 764.0, 0, 30, 0, 23149, 4001, 256, 7257, 1, '2015-03-01 01:08:50', '2015-03-01 01:08:50', NULL, 0.0, 0.0, 0.0, 453);

INSERT INTO `meeting_individual_results` (`id`, `rank`, `is_play_off`, `is_out_of_race`, `is_disqualified`, `standard_points`, `meeting_individual_points`, `minutes`, `seconds`, `hundreds`, `meeting_program_id`, `swimmer_id`, `team_id`, `badge_id`, `user_id`, `created_at`, `updated_at`, `disqualification_code_type_id`, `goggle_cup_points`, `reaction_time`, `team_points`, `team_affiliation_id`)
  VALUES (196936, 3, 1, 0, 0, 739.83, 739.83, 0, 30, 98, 23149, 17892, 188, 21694, 1, '2015-03-01 01:08:51', '2015-03-01 01:08:51', NULL, 0.0, 0.0, 0.0, 383);

INSERT INTO `meeting_individual_results` (`id`, `rank`, `is_play_off`, `is_out_of_race`, `is_disqualified`, `standard_points`, `meeting_individual_points`, `minutes`, `seconds`, `hundreds`, `meeting_program_id`, `swimmer_id`, `team_id`, `badge_id`, `user_id`, `created_at`, `updated_at`, `disqualification_code_type_id`, `goggle_cup_points`, `reaction_time`, `team_points`, `team_affiliation_id`)
  VALUES (196937, 4, 1, 0, 0, 708.94, 708.94, 0, 32, 33, 23149, 13799, 183, 17584, 1, '2015-03-01 01:08:51', '2015-03-01 01:08:51', NULL, 0.0, 0.0, 0.0, 378);

INSERT INTO `meeting_individual_results` (`id`, `rank`, `is_play_off`, `is_out_of_race`, `is_disqualified`, `standard_points`, `meeting_individual_points`, `minutes`, `seconds`, `hundreds`, `meeting_program_id`, `swimmer_id`, `team_id`, `badge_id`, `user_id`, `created_at`, `updated_at`, `disqualification_code_type_id`, `goggle_cup_points`, `reaction_time`, `team_points`, `team_affiliation_id`)
  VALUES (196938, 5, 1, 0, 0, 699.85, 699.85, 0, 32, 75, 23149, 15078, 656, 18863, 1, '2015-03-01 01:08:51', '2015-03-01 01:08:51', NULL, 0.0, 0.0, 0.0, 876);

INSERT INTO `meeting_individual_results` (`id`, `rank`, `is_play_off`, `is_out_of_race`, `is_disqualified`, `standard_points`, `meeting_individual_points`, `minutes`, `seconds`, `hundreds`, `meeting_program_id`, `swimmer_id`, `team_id`, `badge_id`, `user_id`, `created_at`, `updated_at`, `disqualification_code_type_id`, `goggle_cup_points`, `reaction_time`, `team_points`, `team_affiliation_id`)
  VALUES (196939, 6, 1, 0, 0, 693.08, 693.08, 0, 33, 7, 23149, 3307, 194, 6528, 1, '2015-03-01 01:08:51', '2015-03-01 01:08:51', NULL, 0.0, 0.0, 0.0, 389);

INSERT INTO `meeting_individual_results` (`id`, `rank`, `is_play_off`, `is_out_of_race`, `is_disqualified`, `standard_points`, `meeting_individual_points`, `minutes`, `seconds`, `hundreds`, `meeting_program_id`, `swimmer_id`, `team_id`, `badge_id`, `user_id`, `created_at`, `updated_at`, `disqualification_code_type_id`, `goggle_cup_points`, `reaction_time`, `team_points`, `team_affiliation_id`)
  VALUES (196940, 7, 1, 0, 0, 688.91, 688.91, 0, 33, 27, 23149, 17891, 656, 21703, 1, '2015-03-01 01:08:51', '2015-03-01 01:08:51', NULL, 0.0, 0.0, 0.0, 876);

INSERT INTO `meeting_individual_results` (`id`, `rank`, `is_play_off`, `is_out_of_race`, `is_disqualified`, `standard_points`, `meeting_individual_points`, `minutes`, `seconds`, `hundreds`, `meeting_program_id`, `swimmer_id`, `team_id`, `badge_id`, `user_id`, `created_at`, `updated_at`, `disqualification_code_type_id`, `goggle_cup_points`, `reaction_time`, `team_points`, `team_affiliation_id`)
  VALUES (196941, 8, 1, 0, 0, 673.13, 673.13, 0, 34, 5, 23149, 14922, 658, 18739, 1, '2015-03-01 01:08:51', '2015-03-01 01:08:51', NULL, 0.0, 0.0, 0.0, 878);

INSERT INTO `meeting_individual_results` (`id`, `rank`, `is_play_off`, `is_out_of_race`, `is_disqualified`, `standard_points`, `meeting_individual_points`, `minutes`, `seconds`, `hundreds`, `meeting_program_id`, `swimmer_id`, `team_id`, `badge_id`, `user_id`, `created_at`, `updated_at`, `disqualification_code_type_id`, `goggle_cup_points`, `reaction_time`, `team_points`, `team_affiliation_id`)
  VALUES (196942, 9, 1, 0, 0, 643.64, 643.64, 0, 35, 61, 23149, 14866, 183, 18657, 1, '2015-03-01 01:08:51', '2015-03-01 01:08:51', NULL, 0.0, 0.0, 0.0, 378);

INSERT INTO `meeting_individual_results` (`id`, `rank`, `is_play_off`, `is_out_of_race`, `is_disqualified`, `standard_points`, `meeting_individual_points`, `minutes`, `seconds`, `hundreds`, `meeting_program_id`, `swimmer_id`, `team_id`, `badge_id`, `user_id`, `created_at`, `updated_at`, `disqualification_code_type_id`, `goggle_cup_points`, `reaction_time`, `team_points`, `team_affiliation_id`)
  VALUES (196943, 10, 1, 0, 0, 615.47, 615.47, 0, 37, 24, 23149, 17893, 184, 21698, 1, '2015-03-01 01:08:51', '2015-03-01 01:08:51', NULL, 0.0, 0.0, 0.0, 379);

INSERT INTO `meeting_individual_results` (`id`, `rank`, `is_play_off`, `is_out_of_race`, `is_disqualified`, `standard_points`, `meeting_individual_points`, `minutes`, `seconds`, `hundreds`, `meeting_program_id`, `swimmer_id`, `team_id`, `badge_id`, `user_id`, `created_at`, `updated_at`, `disqualification_code_type_id`, `goggle_cup_points`, `reaction_time`, `team_points`, `team_affiliation_id`)
  VALUES (196944, 1, 1, 0, 0, 859.06, 859.06, 0, 27, 53, 23150, 13589, 623, 17344, 1, '2015-03-01 01:08:51', '2015-03-01 01:08:51', NULL, 0.0, 0.0, 0.0, 843);

INSERT INTO `meeting_individual_results` (`id`, `rank`, `is_play_off`, `is_out_of_race`, `is_disqualified`, `standard_points`, `meeting_individual_points`, `minutes`, `seconds`, `hundreds`, `meeting_program_id`, `swimmer_id`, `team_id`, `badge_id`, `user_id`, `created_at`, `updated_at`, `disqualification_code_type_id`, `goggle_cup_points`, `reaction_time`, `team_points`, `team_affiliation_id`)
  VALUES (196945, 2, 1, 0, 0, 856.57, 856.57, 0, 27, 61, 23150, 14914, 656, 18740, 1, '2015-03-01 01:08:51', '2015-03-01 01:08:51', NULL, 0.0, 0.0, 0.0, 876);

INSERT INTO `meeting_individual_results` (`id`, `rank`, `is_play_off`, `is_out_of_race`, `is_disqualified`, `standard_points`, `meeting_individual_points`, `minutes`, `seconds`, `hundreds`, `meeting_program_id`, `swimmer_id`, `team_id`, `badge_id`, `user_id`, `created_at`, `updated_at`, `disqualification_code_type_id`, `goggle_cup_points`, `reaction_time`, `team_points`, `team_affiliation_id`)
  VALUES (196946, 3, 1, 0, 0, 778.73, 778.73, 0, 30, 37, 23150, 9355, 184, 12969, 1, '2015-03-01 01:08:52', '2015-03-01 01:08:52', NULL, 0.0, 0.0, 0.0, 379);

INSERT INTO `meeting_individual_results` (`id`, `rank`, `is_play_off`, `is_out_of_race`, `is_disqualified`, `standard_points`, `meeting_individual_points`, `minutes`, `seconds`, `hundreds`, `meeting_program_id`, `swimmer_id`, `team_id`, `badge_id`, `user_id`, `created_at`, `updated_at`, `disqualification_code_type_id`, `goggle_cup_points`, `reaction_time`, `team_points`, `team_affiliation_id`)
  VALUES (196947, 4, 1, 0, 0, 769.11, 769.11, 0, 30, 75, 23150, 17906, 658, 21699, 1, '2015-03-01 01:08:52', '2015-03-01 01:08:52', NULL, 0.0, 0.0, 0.0, 878);

INSERT INTO `meeting_individual_results` (`id`, `rank`, `is_play_off`, `is_out_of_race`, `is_disqualified`, `standard_points`, `meeting_individual_points`, `minutes`, `seconds`, `hundreds`, `meeting_program_id`, `swimmer_id`, `team_id`, `badge_id`, `user_id`, `created_at`, `updated_at`, `disqualification_code_type_id`, `goggle_cup_points`, `reaction_time`, `team_points`, `team_affiliation_id`)
  VALUES (196948, 5, 1, 0, 0, 752.71, 752.71, 0, 31, 42, 23150, 15001, 658, 18743, 1, '2015-03-01 01:08:52', '2015-03-01 01:08:52', NULL, 0.0, 0.0, 0.0, 878);

INSERT INTO `meeting_individual_results` (`id`, `rank`, `is_play_off`, `is_out_of_race`, `is_disqualified`, `standard_points`, `meeting_individual_points`, `minutes`, `seconds`, `hundreds`, `meeting_program_id`, `swimmer_id`, `team_id`, `badge_id`, `user_id`, `created_at`, `updated_at`, `disqualification_code_type_id`, `goggle_cup_points`, `reaction_time`, `team_points`, `team_affiliation_id`)
  VALUES (196949, 6, 1, 0, 0, 750.79, 750.79, 0, 31, 50, 23150, 13727, 188, 17379, 1, '2015-03-01 01:08:52', '2015-03-01 01:08:52', NULL, 0.0, 0.0, 0.0, 383);

INSERT INTO `meeting_individual_results` (`id`, `rank`, `is_play_off`, `is_out_of_race`, `is_disqualified`, `standard_points`, `meeting_individual_points`, `minutes`, `seconds`, `hundreds`, `meeting_program_id`, `swimmer_id`, `team_id`, `badge_id`, `user_id`, `created_at`, `updated_at`, `disqualification_code_type_id`, `goggle_cup_points`, `reaction_time`, `team_points`, `team_affiliation_id`)
  VALUES (196950, 7, 1, 0, 0, 740.45, 740.45, 0, 31, 94, 23150, 14852, 656, 18866, 1, '2015-03-01 01:08:52', '2015-03-01 01:08:52', NULL, 0.0, 0.0, 0.0, 876);

INSERT INTO `meeting_individual_results` (`id`, `rank`, `is_play_off`, `is_out_of_race`, `is_disqualified`, `standard_points`, `meeting_individual_points`, `minutes`, `seconds`, `hundreds`, `meeting_program_id`, `swimmer_id`, `team_id`, `badge_id`, `user_id`, `created_at`, `updated_at`, `disqualification_code_type_id`, `goggle_cup_points`, `reaction_time`, `team_points`, `team_affiliation_id`)
  VALUES (196951, 8, 1, 0, 0, 716.67, 716.67, 0, 33, 0, 23150, 3310, 194, 6531, 1, '2015-03-01 01:08:52', '2015-03-01 01:08:52', NULL, 0.0, 0.0, 0.0, 389);

INSERT INTO `meeting_individual_results` (`id`, `rank`, `is_play_off`, `is_out_of_race`, `is_disqualified`, `standard_points`, `meeting_individual_points`, `minutes`, `seconds`, `hundreds`, `meeting_program_id`, `swimmer_id`, `team_id`, `badge_id`, `user_id`, `created_at`, `updated_at`, `disqualification_code_type_id`, `goggle_cup_points`, `reaction_time`, `team_points`, `team_affiliation_id`)
  VALUES (196952, 9, 1, 0, 0, 706.18, 706.18, 0, 33, 49, 23150, 9363, 194, 12871, 1, '2015-03-01 01:08:52', '2015-03-01 01:08:52', NULL, 0.0, 0.0, 0.0, 389);

INSERT INTO `meeting_individual_results` (`id`, `rank`, `is_play_off`, `is_out_of_race`, `is_disqualified`, `standard_points`, `meeting_individual_points`, `minutes`, `seconds`, `hundreds`, `meeting_program_id`, `swimmer_id`, `team_id`, `badge_id`, `user_id`, `created_at`, `updated_at`, `disqualification_code_type_id`, `goggle_cup_points`, `reaction_time`, `team_points`, `team_affiliation_id`)
  VALUES (196953, 10, 1, 0, 0, 628.99, 628.99, 0, 37, 60, 23150, 17907, 183, 21695, 1, '2015-03-01 01:08:52', '2015-03-01 01:08:52', NULL, 0.0, 0.0, 0.0, 378);

INSERT INTO `meeting_individual_results` (`id`, `rank`, `is_play_off`, `is_out_of_race`, `is_disqualified`, `standard_points`, `meeting_individual_points`, `minutes`, `seconds`, `hundreds`, `meeting_program_id`, `swimmer_id`, `team_id`, `badge_id`, `user_id`, `created_at`, `updated_at`, `disqualification_code_type_id`, `goggle_cup_points`, `reaction_time`, `team_points`, `team_affiliation_id`)
  VALUES (196954, 1, 1, 0, 0, 767.66, 767.66, 0, 31, 29, 23151, 9328, 183, 13057, 1, '2015-03-01 01:08:52', '2015-03-01 01:08:52', NULL, 0.0, 0.0, 0.0, 378);

INSERT INTO `meeting_individual_results` (`id`, `rank`, `is_play_off`, `is_out_of_race`, `is_disqualified`, `standard_points`, `meeting_individual_points`, `minutes`, `seconds`, `hundreds`, `meeting_program_id`, `swimmer_id`, `team_id`, `badge_id`, `user_id`, `created_at`, `updated_at`, `disqualification_code_type_id`, `goggle_cup_points`, `reaction_time`, `team_points`, `team_affiliation_id`)
  VALUES (196955, 2, 1, 0, 0, 756.77, 756.77, 0, 31, 74, 23151, 16959, 491, 20770, 1, '2015-03-01 01:08:53', '2015-03-01 01:08:53', NULL, 0.0, 0.0, 0.0, 711);

INSERT INTO `meeting_individual_results` (`id`, `rank`, `is_play_off`, `is_out_of_race`, `is_disqualified`, `standard_points`, `meeting_individual_points`, `minutes`, `seconds`, `hundreds`, `meeting_program_id`, `swimmer_id`, `team_id`, `badge_id`, `user_id`, `created_at`, `updated_at`, `disqualification_code_type_id`, `goggle_cup_points`, `reaction_time`, `team_points`, `team_affiliation_id`)
  VALUES (196956, 3, 1, 0, 0, 717.23, 717.23, 0, 33, 49, 23151, 17902, 656, 21707, 1, '2015-03-01 01:08:53', '2015-03-01 01:08:53', NULL, 0.0, 0.0, 0.0, 876);

INSERT INTO `meeting_individual_results` (`id`, `rank`, `is_play_off`, `is_out_of_race`, `is_disqualified`, `standard_points`, `meeting_individual_points`, `minutes`, `seconds`, `hundreds`, `meeting_program_id`, `swimmer_id`, `team_id`, `badge_id`, `user_id`, `created_at`, `updated_at`, `disqualification_code_type_id`, `goggle_cup_points`, `reaction_time`, `team_points`, `team_affiliation_id`)
  VALUES (196957, 4, 1, 0, 0, 712.55, 712.55, 0, 33, 71, 23151, 3376, 194, 6597, 1, '2015-03-01 01:08:53', '2015-03-01 01:08:53', NULL, 0.0, 0.0, 0.0, 389);

INSERT INTO `meeting_individual_results` (`id`, `rank`, `is_play_off`, `is_out_of_race`, `is_disqualified`, `standard_points`, `meeting_individual_points`, `minutes`, `seconds`, `hundreds`, `meeting_program_id`, `swimmer_id`, `team_id`, `badge_id`, `user_id`, `created_at`, `updated_at`, `disqualification_code_type_id`, `goggle_cup_points`, `reaction_time`, `team_points`, `team_affiliation_id`)
  VALUES (196958, 5, 1, 0, 0, 692.02, 692.02, 0, 34, 71, 23151, 14868, 627, 18747, 1, '2015-03-01 01:08:53', '2015-03-01 01:08:53', NULL, 0.0, 0.0, 0.0, 847);

INSERT INTO `meeting_individual_results` (`id`, `rank`, `is_play_off`, `is_out_of_race`, `is_disqualified`, `standard_points`, `meeting_individual_points`, `minutes`, `seconds`, `hundreds`, `meeting_program_id`, `swimmer_id`, `team_id`, `badge_id`, `user_id`, `created_at`, `updated_at`, `disqualification_code_type_id`, `goggle_cup_points`, `reaction_time`, `team_points`, `team_affiliation_id`)
  VALUES (196959, 6, 1, 0, 0, 657.0, 657.0, 0, 36, 56, 23151, 3320, 496, 6541, 1, '2015-03-01 01:08:53', '2015-03-01 01:08:53', NULL, 0.0, 0.0, 0.0, 716);

INSERT INTO `meeting_individual_results` (`id`, `rank`, `is_play_off`, `is_out_of_race`, `is_disqualified`, `standard_points`, `meeting_individual_points`, `minutes`, `seconds`, `hundreds`, `meeting_program_id`, `swimmer_id`, `team_id`, `badge_id`, `user_id`, `created_at`, `updated_at`, `disqualification_code_type_id`, `goggle_cup_points`, `reaction_time`, `team_points`, `team_affiliation_id`)
  VALUES (196960, 7, 1, 0, 0, 618.59, 618.59, 0, 38, 83, 23151, 13763, 627, 17354, 1, '2015-03-01 01:08:53', '2015-03-01 01:08:53', NULL, 0.0, 0.0, 0.0, 847);

INSERT INTO `meeting_individual_results` (`id`, `rank`, `is_play_off`, `is_out_of_race`, `is_disqualified`, `standard_points`, `meeting_individual_points`, `minutes`, `seconds`, `hundreds`, `meeting_program_id`, `swimmer_id`, `team_id`, `badge_id`, `user_id`, `created_at`, `updated_at`, `disqualification_code_type_id`, `goggle_cup_points`, `reaction_time`, `team_points`, `team_affiliation_id`)
  VALUES (196961, 8, 1, 0, 0, 584.43, 584.43, 0, 41, 10, 23151, 9341, 484, 12888, 1, '2015-03-01 01:08:53', '2015-03-01 01:08:53', NULL, 0.0, 0.0, 0.0, 704);

INSERT INTO `meeting_individual_results` (`id`, `rank`, `is_play_off`, `is_out_of_race`, `is_disqualified`, `standard_points`, `meeting_individual_points`, `minutes`, `seconds`, `hundreds`, `meeting_program_id`, `swimmer_id`, `team_id`, `badge_id`, `user_id`, `created_at`, `updated_at`, `disqualification_code_type_id`, `goggle_cup_points`, `reaction_time`, `team_points`, `team_affiliation_id`)
  VALUES (196962, 1, 1, 0, 0, 789.63, 789.63, 0, 31, 23, 23152, 14886, 656, 18853, 1, '2015-03-01 01:08:53', '2015-03-01 01:08:53', NULL, 0.0, 0.0, 0.0, 876);

INSERT INTO `meeting_individual_results` (`id`, `rank`, `is_play_off`, `is_out_of_race`, `is_disqualified`, `standard_points`, `meeting_individual_points`, `minutes`, `seconds`, `hundreds`, `meeting_program_id`, `swimmer_id`, `team_id`, `badge_id`, `user_id`, `created_at`, `updated_at`, `disqualification_code_type_id`, `goggle_cup_points`, `reaction_time`, `team_points`, `team_affiliation_id`)
  VALUES (196963, 2, 1, 0, 0, 785.85, 785.85, 0, 31, 38, 23152, 9331, 495, 13161, 1, '2015-03-01 01:08:53', '2015-03-01 01:08:53', NULL, 0.0, 0.0, 0.0, 715);

INSERT INTO `meeting_individual_results` (`id`, `rank`, `is_play_off`, `is_out_of_race`, `is_disqualified`, `standard_points`, `meeting_individual_points`, `minutes`, `seconds`, `hundreds`, `meeting_program_id`, `swimmer_id`, `team_id`, `badge_id`, `user_id`, `created_at`, `updated_at`, `disqualification_code_type_id`, `goggle_cup_points`, `reaction_time`, `team_points`, `team_affiliation_id`)
  VALUES (196964, 3, 1, 0, 0, 754.59, 754.59, 0, 32, 68, 23152, 11594, 494, 15347, 1, '2015-03-01 01:08:53', '2015-03-01 01:08:53', NULL, 0.0, 0.0, 0.0, 714);

INSERT INTO `meeting_individual_results` (`id`, `rank`, `is_play_off`, `is_out_of_race`, `is_disqualified`, `standard_points`, `meeting_individual_points`, `minutes`, `seconds`, `hundreds`, `meeting_program_id`, `swimmer_id`, `team_id`, `badge_id`, `user_id`, `created_at`, `updated_at`, `disqualification_code_type_id`, `goggle_cup_points`, `reaction_time`, `team_points`, `team_affiliation_id`)
  VALUES (196965, 4, 1, 0, 0, 705.78, 705.78, 0, 34, 94, 23152, 13664, 188, 17570, 1, '2015-03-01 01:08:53', '2015-03-01 01:08:53', NULL, 0.0, 0.0, 0.0, 383);

INSERT INTO `meeting_individual_results` (`id`, `rank`, `is_play_off`, `is_out_of_race`, `is_disqualified`, `standard_points`, `meeting_individual_points`, `minutes`, `seconds`, `hundreds`, `meeting_program_id`, `swimmer_id`, `team_id`, `badge_id`, `user_id`, `created_at`, `updated_at`, `disqualification_code_type_id`, `goggle_cup_points`, `reaction_time`, `team_points`, `team_affiliation_id`)
  VALUES (196966, 5, 1, 0, 0, 691.92, 691.92, 0, 35, 64, 23152, 17895, 183, 21708, 1, '2015-03-01 01:08:54', '2015-03-01 01:08:54', NULL, 0.0, 0.0, 0.0, 378);

INSERT INTO `meeting_individual_results` (`id`, `rank`, `is_play_off`, `is_out_of_race`, `is_disqualified`, `standard_points`, `meeting_individual_points`, `minutes`, `seconds`, `hundreds`, `meeting_program_id`, `swimmer_id`, `team_id`, `badge_id`, `user_id`, `created_at`, `updated_at`, `disqualification_code_type_id`, `goggle_cup_points`, `reaction_time`, `team_points`, `team_affiliation_id`)
  VALUES (196967, 6, 1, 0, 0, 685.95, 685.95, 0, 35, 95, 23152, 14864, 658, 18854, 1, '2015-03-01 01:08:54', '2015-03-01 01:08:54', NULL, 0.0, 0.0, 0.0, 878);

INSERT INTO `meeting_individual_results` (`id`, `rank`, `is_play_off`, `is_out_of_race`, `is_disqualified`, `standard_points`, `meeting_individual_points`, `minutes`, `seconds`, `hundreds`, `meeting_program_id`, `swimmer_id`, `team_id`, `badge_id`, `user_id`, `created_at`, `updated_at`, `disqualification_code_type_id`, `goggle_cup_points`, `reaction_time`, `team_points`, `team_affiliation_id`)
  VALUES (196968, 7, 1, 0, 0, 662.19, 662.19, 0, 37, 24, 23152, 17890, 656, 21709, 1, '2015-03-01 01:08:54', '2015-03-01 01:08:54', NULL, 0.0, 0.0, 0.0, 876);

INSERT INTO `meeting_individual_results` (`id`, `rank`, `is_play_off`, `is_out_of_race`, `is_disqualified`, `standard_points`, `meeting_individual_points`, `minutes`, `seconds`, `hundreds`, `meeting_program_id`, `swimmer_id`, `team_id`, `badge_id`, `user_id`, `created_at`, `updated_at`, `disqualification_code_type_id`, `goggle_cup_points`, `reaction_time`, `team_points`, `team_affiliation_id`)
  VALUES (196969, 8, 1, 0, 0, 645.21, 645.21, 0, 38, 22, 23152, 16944, 184, 20782, 1, '2015-03-01 01:08:54', '2015-03-01 01:08:54', NULL, 0.0, 0.0, 0.0, 379);

INSERT INTO `meeting_individual_results` (`id`, `rank`, `is_play_off`, `is_out_of_race`, `is_disqualified`, `standard_points`, `meeting_individual_points`, `minutes`, `seconds`, `hundreds`, `meeting_program_id`, `swimmer_id`, `team_id`, `badge_id`, `user_id`, `created_at`, `updated_at`, `disqualification_code_type_id`, `goggle_cup_points`, `reaction_time`, `team_points`, `team_affiliation_id`)
  VALUES (196970, 9, 1, 0, 0, 516.76, 516.76, 0, 47, 72, 23152, 13549, 188, 17595, 1, '2015-03-01 01:08:54', '2015-03-01 01:08:54', NULL, 0.0, 0.0, 0.0, 383);

INSERT INTO `meeting_individual_results` (`id`, `rank`, `is_play_off`, `is_out_of_race`, `is_disqualified`, `standard_points`, `meeting_individual_points`, `minutes`, `seconds`, `hundreds`, `meeting_program_id`, `swimmer_id`, `team_id`, `badge_id`, `user_id`, `created_at`, `updated_at`, `disqualification_code_type_id`, `goggle_cup_points`, `reaction_time`, `team_points`, `team_affiliation_id`)
  VALUES (196971, 1, 1, 0, 0, 788.66, 788.66, 0, 32, 27, 23153, 9084, 491, 12973, 1, '2015-03-01 01:08:54', '2015-03-01 01:08:54', NULL, 0.0, 0.0, 0.0, 711);

INSERT INTO `meeting_individual_results` (`id`, `rank`, `is_play_off`, `is_out_of_race`, `is_disqualified`, `standard_points`, `meeting_individual_points`, `minutes`, `seconds`, `hundreds`, `meeting_program_id`, `swimmer_id`, `team_id`, `badge_id`, `user_id`, `created_at`, `updated_at`, `disqualification_code_type_id`, `goggle_cup_points`, `reaction_time`, `team_points`, `team_affiliation_id`)
  VALUES (196972, 2, 1, 0, 0, 783.56, 783.56, 0, 32, 48, 23153, 3332, 194, 6553, 1, '2015-03-01 01:08:54', '2015-03-01 01:08:54', NULL, 0.0, 0.0, 0.0, 389);

INSERT INTO `meeting_individual_results` (`id`, `rank`, `is_play_off`, `is_out_of_race`, `is_disqualified`, `standard_points`, `meeting_individual_points`, `minutes`, `seconds`, `hundreds`, `meeting_program_id`, `swimmer_id`, `team_id`, `badge_id`, `user_id`, `created_at`, `updated_at`, `disqualification_code_type_id`, `goggle_cup_points`, `reaction_time`, `team_points`, `team_affiliation_id`)
  VALUES (196973, 3, 1, 0, 0, 728.81, 728.81, 0, 34, 92, 23153, 9083, 198, 13142, 1, '2015-03-01 01:08:54', '2015-03-01 01:08:54', NULL, 0.0, 0.0, 0.0, 393);

INSERT INTO `meeting_individual_results` (`id`, `rank`, `is_play_off`, `is_out_of_race`, `is_disqualified`, `standard_points`, `meeting_individual_points`, `minutes`, `seconds`, `hundreds`, `meeting_program_id`, `swimmer_id`, `team_id`, `badge_id`, `user_id`, `created_at`, `updated_at`, `disqualification_code_type_id`, `goggle_cup_points`, `reaction_time`, `team_points`, `team_affiliation_id`)
  VALUES (196974, 4, 1, 0, 0, 701.3, 701.3, 0, 36, 29, 23153, 9356, 184, 13140, 1, '2015-03-01 01:08:54', '2015-03-01 01:08:54', NULL, 0.0, 0.0, 0.0, 379);

INSERT INTO `meeting_individual_results` (`id`, `rank`, `is_play_off`, `is_out_of_race`, `is_disqualified`, `standard_points`, `meeting_individual_points`, `minutes`, `seconds`, `hundreds`, `meeting_program_id`, `swimmer_id`, `team_id`, `badge_id`, `user_id`, `created_at`, `updated_at`, `disqualification_code_type_id`, `goggle_cup_points`, `reaction_time`, `team_points`, `team_affiliation_id`)
  VALUES (196975, 5, 1, 0, 0, 674.71, 674.71, 0, 37, 72, 23153, 9183, 184, 13065, 1, '2015-03-01 01:08:54', '2015-03-01 01:08:54', NULL, 0.0, 0.0, 0.0, 379);

INSERT INTO `meeting_individual_results` (`id`, `rank`, `is_play_off`, `is_out_of_race`, `is_disqualified`, `standard_points`, `meeting_individual_points`, `minutes`, `seconds`, `hundreds`, `meeting_program_id`, `swimmer_id`, `team_id`, `badge_id`, `user_id`, `created_at`, `updated_at`, `disqualification_code_type_id`, `goggle_cup_points`, `reaction_time`, `team_points`, `team_affiliation_id`)
  VALUES (196976, 6, 1, 0, 0, 638.97, 638.97, 0, 39, 83, 23153, 3337, 184, 6558, 1, '2015-03-01 01:08:55', '2015-03-01 01:08:55', NULL, 0.0, 0.0, 0.0, 379);

INSERT INTO `meeting_individual_results` (`id`, `rank`, `is_play_off`, `is_out_of_race`, `is_disqualified`, `standard_points`, `meeting_individual_points`, `minutes`, `seconds`, `hundreds`, `meeting_program_id`, `swimmer_id`, `team_id`, `badge_id`, `user_id`, `created_at`, `updated_at`, `disqualification_code_type_id`, `goggle_cup_points`, `reaction_time`, `team_points`, `team_affiliation_id`)
  VALUES (196977, 7, 1, 0, 0, 631.2, 631.2, 0, 40, 32, 23153, 13638, 184, 17392, 1, '2015-03-01 01:08:55', '2015-03-01 01:08:55', NULL, 0.0, 0.0, 0.0, 379);

INSERT INTO `meeting_individual_results` (`id`, `rank`, `is_play_off`, `is_out_of_race`, `is_disqualified`, `standard_points`, `meeting_individual_points`, `minutes`, `seconds`, `hundreds`, `meeting_program_id`, `swimmer_id`, `team_id`, `badge_id`, `user_id`, `created_at`, `updated_at`, `disqualification_code_type_id`, `goggle_cup_points`, `reaction_time`, `team_points`, `team_affiliation_id`)
  VALUES (196978, 1, 1, 0, 0, 865.75, 865.75, 0, 30, 39, 23154, 9232, 183, 13066, 1, '2015-03-01 01:08:55', '2015-03-01 01:08:55', NULL, 0.0, 0.0, 0.0, 378);

INSERT INTO `meeting_individual_results` (`id`, `rank`, `is_play_off`, `is_out_of_race`, `is_disqualified`, `standard_points`, `meeting_individual_points`, `minutes`, `seconds`, `hundreds`, `meeting_program_id`, `swimmer_id`, `team_id`, `badge_id`, `user_id`, `created_at`, `updated_at`, `disqualification_code_type_id`, `goggle_cup_points`, `reaction_time`, `team_points`, `team_affiliation_id`)
  VALUES (196979, 2, 1, 0, 0, 727.4, 727.4, 0, 36, 17, 23154, 9168, 494, 12902, 1, '2015-03-01 01:08:55', '2015-03-01 01:08:55', NULL, 0.0, 0.0, 0.0, 714);

INSERT INTO `meeting_individual_results` (`id`, `rank`, `is_play_off`, `is_out_of_race`, `is_disqualified`, `standard_points`, `meeting_individual_points`, `minutes`, `seconds`, `hundreds`, `meeting_program_id`, `swimmer_id`, `team_id`, `badge_id`, `user_id`, `created_at`, `updated_at`, `disqualification_code_type_id`, `goggle_cup_points`, `reaction_time`, `team_points`, `team_affiliation_id`)
  VALUES (196980, 3, 1, 0, 0, 453.62, 453.62, 0, 58, 0, 23154, 17898, 184, 21700, 1, '2015-03-01 01:08:55', '2015-03-01 01:08:55', NULL, 0.0, 0.0, 0.0, 379);

INSERT INTO `meeting_individual_results` (`id`, `rank`, `is_play_off`, `is_out_of_race`, `is_disqualified`, `standard_points`, `meeting_individual_points`, `minutes`, `seconds`, `hundreds`, `meeting_program_id`, `swimmer_id`, `team_id`, `badge_id`, `user_id`, `created_at`, `updated_at`, `disqualification_code_type_id`, `goggle_cup_points`, `reaction_time`, `team_points`, `team_affiliation_id`)
  VALUES (196981, 1, 1, 0, 0, 810.02, 810.02, 0, 33, 53, 23155, 16967, 183, 20749, 1, '2015-03-01 01:08:55', '2015-03-01 01:08:55', NULL, 0.0, 0.0, 0.0, 378);

INSERT INTO `meeting_individual_results` (`id`, `rank`, `is_play_off`, `is_out_of_race`, `is_disqualified`, `standard_points`, `meeting_individual_points`, `minutes`, `seconds`, `hundreds`, `meeting_program_id`, `swimmer_id`, `team_id`, `badge_id`, `user_id`, `created_at`, `updated_at`, `disqualification_code_type_id`, `goggle_cup_points`, `reaction_time`, `team_points`, `team_affiliation_id`)
  VALUES (196982, 2, 1, 0, 0, 765.93, 765.93, 0, 35, 46, 23155, 15020, 183, 18856, 1, '2015-03-01 01:08:55', '2015-03-01 01:08:55', NULL, 0.0, 0.0, 0.0, 378);

INSERT INTO `meeting_individual_results` (`id`, `rank`, `is_play_off`, `is_out_of_race`, `is_disqualified`, `standard_points`, `meeting_individual_points`, `minutes`, `seconds`, `hundreds`, `meeting_program_id`, `swimmer_id`, `team_id`, `badge_id`, `user_id`, `created_at`, `updated_at`, `disqualification_code_type_id`, `goggle_cup_points`, `reaction_time`, `team_points`, `team_affiliation_id`)
  VALUES (196983, 3, 1, 0, 0, 671.11, 671.11, 0, 40, 47, 23155, 14901, 188, 18824, 1, '2015-03-01 01:08:55', '2015-03-01 01:08:55', NULL, 0.0, 0.0, 0.0, 383);

INSERT INTO `meeting_individual_results` (`id`, `rank`, `is_play_off`, `is_out_of_race`, `is_disqualified`, `standard_points`, `meeting_individual_points`, `minutes`, `seconds`, `hundreds`, `meeting_program_id`, `swimmer_id`, `team_id`, `badge_id`, `user_id`, `created_at`, `updated_at`, `disqualification_code_type_id`, `goggle_cup_points`, `reaction_time`, `team_points`, `team_affiliation_id`)
  VALUES (196984, 4, 1, 0, 0, 611.3, 611.3, 0, 44, 43, 23155, 3342, 194, 6563, 1, '2015-03-01 01:08:55', '2015-03-01 01:08:55', NULL, 0.0, 0.0, 0.0, 389);

INSERT INTO `meeting_individual_results` (`id`, `rank`, `is_play_off`, `is_out_of_race`, `is_disqualified`, `standard_points`, `meeting_individual_points`, `minutes`, `seconds`, `hundreds`, `meeting_program_id`, `swimmer_id`, `team_id`, `badge_id`, `user_id`, `created_at`, `updated_at`, `disqualification_code_type_id`, `goggle_cup_points`, `reaction_time`, `team_points`, `team_affiliation_id`)
  VALUES (196985, 1, 1, 0, 0, 683.61, 683.61, 0, 42, 10, 23156, 9309, 494, 13149, 1, '2015-03-01 01:08:55', '2015-03-01 01:08:55', NULL, 0.0, 0.0, 0.0, 714);

INSERT INTO `meeting_individual_results` (`id`, `rank`, `is_play_off`, `is_out_of_race`, `is_disqualified`, `standard_points`, `meeting_individual_points`, `minutes`, `seconds`, `hundreds`, `meeting_program_id`, `swimmer_id`, `team_id`, `badge_id`, `user_id`, `created_at`, `updated_at`, `disqualification_code_type_id`, `goggle_cup_points`, `reaction_time`, `team_points`, `team_affiliation_id`)
  VALUES (196986, 2, 1, 0, 0, 666.67, 666.67, 0, 43, 17, 23156, 9095, 494, 12907, 1, '2015-03-01 01:08:56', '2015-03-01 01:08:56', NULL, 0.0, 0.0, 0.0, 714);

INSERT INTO `meeting_individual_results` (`id`, `rank`, `is_play_off`, `is_out_of_race`, `is_disqualified`, `standard_points`, `meeting_individual_points`, `minutes`, `seconds`, `hundreds`, `meeting_program_id`, `swimmer_id`, `team_id`, `badge_id`, `user_id`, `created_at`, `updated_at`, `disqualification_code_type_id`, `goggle_cup_points`, `reaction_time`, `team_points`, `team_affiliation_id`)
  VALUES (196987, 3, 1, 0, 0, 499.22, 499.22, 0, 57, 65, 23156, 3384, 184, 6605, 1, '2015-03-01 01:08:56', '2015-03-01 01:08:56', NULL, 0.0, 0.0, 0.0, 379);

INSERT INTO `meeting_individual_results` (`id`, `rank`, `is_play_off`, `is_out_of_race`, `is_disqualified`, `standard_points`, `meeting_individual_points`, `minutes`, `seconds`, `hundreds`, `meeting_program_id`, `swimmer_id`, `team_id`, `badge_id`, `user_id`, `created_at`, `updated_at`, `disqualification_code_type_id`, `goggle_cup_points`, `reaction_time`, `team_points`, `team_affiliation_id`)
  VALUES (196988, 1, 1, 0, 0, 739.98, 739.98, 0, 42, 42, 23157, 3385, 194, 6606, 1, '2015-03-01 01:08:56', '2015-03-01 01:08:56', NULL, 0.0, 0.0, 0.0, 389);

INSERT INTO `meeting_individual_results` (`id`, `rank`, `is_play_off`, `is_out_of_race`, `is_disqualified`, `standard_points`, `meeting_individual_points`, `minutes`, `seconds`, `hundreds`, `meeting_program_id`, `swimmer_id`, `team_id`, `badge_id`, `user_id`, `created_at`, `updated_at`, `disqualification_code_type_id`, `goggle_cup_points`, `reaction_time`, `team_points`, `team_affiliation_id`)
  VALUES (196989, 1, 1, 0, 0, 0.0, 0.0, 0, 26, 29, 23158, 17897, 656, 21710, 1, '2015-03-01 01:08:56', '2015-03-01 01:08:56', NULL, 0.0, 0.0, 0.0, 876);

INSERT INTO `meeting_individual_results` (`id`, `rank`, `is_play_off`, `is_out_of_race`, `is_disqualified`, `standard_points`, `meeting_individual_points`, `minutes`, `seconds`, `hundreds`, `meeting_program_id`, `swimmer_id`, `team_id`, `badge_id`, `user_id`, `created_at`, `updated_at`, `disqualification_code_type_id`, `goggle_cup_points`, `reaction_time`, `team_points`, `team_affiliation_id`)
  VALUES (196990, 2, 1, 0, 0, 0.0, 0.0, 0, 26, 70, 23158, 9243, 495, 13162, 1, '2015-03-01 01:08:56', '2015-03-01 01:08:56', NULL, 0.0, 0.0, 0.0, 715);

INSERT INTO `meeting_individual_results` (`id`, `rank`, `is_play_off`, `is_out_of_race`, `is_disqualified`, `standard_points`, `meeting_individual_points`, `minutes`, `seconds`, `hundreds`, `meeting_program_id`, `swimmer_id`, `team_id`, `badge_id`, `user_id`, `created_at`, `updated_at`, `disqualification_code_type_id`, `goggle_cup_points`, `reaction_time`, `team_points`, `team_affiliation_id`)
  VALUES (196991, 3, 1, 0, 0, 0.0, 0.0, 0, 29, 44, 23158, 4087, 253, 7365, 1, '2015-03-01 01:08:56', '2015-03-01 01:08:56', NULL, 0.0, 0.0, 0.0, 450);

INSERT INTO `meeting_individual_results` (`id`, `rank`, `is_play_off`, `is_out_of_race`, `is_disqualified`, `standard_points`, `meeting_individual_points`, `minutes`, `seconds`, `hundreds`, `meeting_program_id`, `swimmer_id`, `team_id`, `badge_id`, `user_id`, `created_at`, `updated_at`, `disqualification_code_type_id`, `goggle_cup_points`, `reaction_time`, `team_points`, `team_affiliation_id`)
  VALUES (196992, 4, 1, 0, 0, 0.0, 0.0, 0, 31, 19, 23158, 9178, 491, 12921, 1, '2015-03-01 01:08:56', '2015-03-01 01:08:56', NULL, 0.0, 0.0, 0.0, 711);

INSERT INTO `meeting_individual_results` (`id`, `rank`, `is_play_off`, `is_out_of_race`, `is_disqualified`, `standard_points`, `meeting_individual_points`, `minutes`, `seconds`, `hundreds`, `meeting_program_id`, `swimmer_id`, `team_id`, `badge_id`, `user_id`, `created_at`, `updated_at`, `disqualification_code_type_id`, `goggle_cup_points`, `reaction_time`, `team_points`, `team_affiliation_id`)
  VALUES (196993, 5, 1, 0, 0, 0.0, 0.0, 0, 31, 95, 23158, 13617, 623, 17574, 1, '2015-03-01 01:08:56', '2015-03-01 01:08:56', NULL, 0.0, 0.0, 0.0, 843);

INSERT INTO `meeting_individual_results` (`id`, `rank`, `is_play_off`, `is_out_of_race`, `is_disqualified`, `standard_points`, `meeting_individual_points`, `minutes`, `seconds`, `hundreds`, `meeting_program_id`, `swimmer_id`, `team_id`, `badge_id`, `user_id`, `created_at`, `updated_at`, `disqualification_code_type_id`, `goggle_cup_points`, `reaction_time`, `team_points`, `team_affiliation_id`)
  VALUES (196994, 6, 1, 0, 0, 0.0, 0.0, 0, 32, 54, 23158, 13591, 484, 17572, 1, '2015-03-01 01:08:56', '2015-03-01 01:08:56', NULL, 0.0, 0.0, 0.0, 704);

INSERT INTO `meeting_individual_results` (`id`, `rank`, `is_play_off`, `is_out_of_race`, `is_disqualified`, `standard_points`, `meeting_individual_points`, `minutes`, `seconds`, `hundreds`, `meeting_program_id`, `swimmer_id`, `team_id`, `badge_id`, `user_id`, `created_at`, `updated_at`, `disqualification_code_type_id`, `goggle_cup_points`, `reaction_time`, `team_points`, `team_affiliation_id`)
  VALUES (196995, 7, 1, 0, 0, 0.0, 0.0, 0, 32, 96, 23158, 17905, 191, 21701, 1, '2015-03-01 01:08:56', '2015-03-01 01:08:56', NULL, 0.0, 0.0, 0.0, 386);

INSERT INTO `meeting_individual_results` (`id`, `rank`, `is_play_off`, `is_out_of_race`, `is_disqualified`, `standard_points`, `meeting_individual_points`, `minutes`, `seconds`, `hundreds`, `meeting_program_id`, `swimmer_id`, `team_id`, `badge_id`, `user_id`, `created_at`, `updated_at`, `disqualification_code_type_id`, `goggle_cup_points`, `reaction_time`, `team_points`, `team_affiliation_id`)
  VALUES (196996, 8, 1, 0, 0, 0.0, 0.0, 0, 36, 95, 23158, 14860, 188, 18874, 1, '2015-03-01 01:08:56', '2015-03-01 01:08:56', NULL, 0.0, 0.0, 0.0, 383);

INSERT INTO `meeting_individual_results` (`id`, `rank`, `is_play_off`, `is_out_of_race`, `is_disqualified`, `standard_points`, `meeting_individual_points`, `minutes`, `seconds`, `hundreds`, `meeting_program_id`, `swimmer_id`, `team_id`, `badge_id`, `user_id`, `created_at`, `updated_at`, `disqualification_code_type_id`, `goggle_cup_points`, `reaction_time`, `team_points`, `team_affiliation_id`)
  VALUES (196997, 9, 1, 0, 0, 0.0, 0.0, 0, 37, 45, 23158, 9369, 191, 12928, 1, '2015-03-01 01:08:57', '2015-03-01 01:08:57', NULL, 0.0, 0.0, 0.0, 386);

INSERT INTO `meeting_individual_results` (`id`, `rank`, `is_play_off`, `is_out_of_race`, `is_disqualified`, `standard_points`, `meeting_individual_points`, `minutes`, `seconds`, `hundreds`, `meeting_program_id`, `swimmer_id`, `team_id`, `badge_id`, `user_id`, `created_at`, `updated_at`, `disqualification_code_type_id`, `goggle_cup_points`, `reaction_time`, `team_points`, `team_affiliation_id`)
  VALUES (196998, 10, 1, 0, 0, 0.0, 0.0, 0, 38, 39, 23158, 9206, 191, 13081, 1, '2015-03-01 01:08:57', '2015-03-01 01:08:57', NULL, 0.0, 0.0, 0.0, 386);

INSERT INTO `meeting_individual_results` (`id`, `rank`, `is_play_off`, `is_out_of_race`, `is_disqualified`, `standard_points`, `meeting_individual_points`, `minutes`, `seconds`, `hundreds`, `meeting_program_id`, `swimmer_id`, `team_id`, `badge_id`, `user_id`, `created_at`, `updated_at`, `disqualification_code_type_id`, `goggle_cup_points`, `reaction_time`, `team_points`, `team_affiliation_id`)
  VALUES (196999, 1, 1, 0, 0, 512.01, 512.01, 17, 47, 88, 23159, 15055, 184, 18709, 1, '2015-03-01 01:08:57', '2015-03-01 01:08:57', NULL, 0.0, 0.0, 0.0, 379);

INSERT INTO `meeting_individual_results` (`id`, `rank`, `is_play_off`, `is_out_of_race`, `is_disqualified`, `standard_points`, `meeting_individual_points`, `minutes`, `seconds`, `hundreds`, `meeting_program_id`, `swimmer_id`, `team_id`, `badge_id`, `user_id`, `created_at`, `updated_at`, `disqualification_code_type_id`, `goggle_cup_points`, `reaction_time`, `team_points`, `team_affiliation_id`)
  VALUES (197000, 1, 1, 0, 0, 602.15, 602.15, 15, 21, 35, 23160, 13764, 184, 17475, 1, '2015-03-01 01:08:57', '2015-03-01 01:08:57', NULL, 0.0, 0.0, 0.0, 379);

INSERT INTO `meeting_individual_results` (`id`, `rank`, `is_play_off`, `is_out_of_race`, `is_disqualified`, `standard_points`, `meeting_individual_points`, `minutes`, `seconds`, `hundreds`, `meeting_program_id`, `swimmer_id`, `team_id`, `badge_id`, `user_id`, `created_at`, `updated_at`, `disqualification_code_type_id`, `goggle_cup_points`, `reaction_time`, `team_points`, `team_affiliation_id`)
  VALUES (197001, 2, 1, 0, 0, 600.8, 600.8, 15, 23, 42, 23160, 15017, 188, 18798, 1, '2015-03-01 01:08:57', '2015-03-01 01:08:57', NULL, 0.0, 0.0, 0.0, 383);

INSERT INTO `meeting_individual_results` (`id`, `rank`, `is_play_off`, `is_out_of_race`, `is_disqualified`, `standard_points`, `meeting_individual_points`, `minutes`, `seconds`, `hundreds`, `meeting_program_id`, `swimmer_id`, `team_id`, `badge_id`, `user_id`, `created_at`, `updated_at`, `disqualification_code_type_id`, `goggle_cup_points`, `reaction_time`, `team_points`, `team_affiliation_id`)
  VALUES (197002, 1, 1, 0, 0, 703.57, 703.57, 13, 38, 57, 23161, 9360, 186, 12819, 1, '2015-03-01 01:08:57', '2015-03-01 01:08:57', NULL, 0.0, 0.0, 0.0, 381);

INSERT INTO `meeting_individual_results` (`id`, `rank`, `is_play_off`, `is_out_of_race`, `is_disqualified`, `standard_points`, `meeting_individual_points`, `minutes`, `seconds`, `hundreds`, `meeting_program_id`, `swimmer_id`, `team_id`, `badge_id`, `user_id`, `created_at`, `updated_at`, `disqualification_code_type_id`, `goggle_cup_points`, `reaction_time`, `team_points`, `team_affiliation_id`)
  VALUES (197003, 2, 1, 0, 0, 667.66, 667.66, 14, 22, 59, 23161, 9286, 493, 12821, 1, '2015-03-01 01:08:57', '2015-03-01 01:08:57', NULL, 0.0, 0.0, 0.0, 713);

INSERT INTO `meeting_individual_results` (`id`, `rank`, `is_play_off`, `is_out_of_race`, `is_disqualified`, `standard_points`, `meeting_individual_points`, `minutes`, `seconds`, `hundreds`, `meeting_program_id`, `swimmer_id`, `team_id`, `badge_id`, `user_id`, `created_at`, `updated_at`, `disqualification_code_type_id`, `goggle_cup_points`, `reaction_time`, `team_points`, `team_affiliation_id`)
  VALUES (197004, 1, 1, 0, 0, 0.0, 0.0, 9, 52, 20, 23162, 3291, 194, 6512, 1, '2015-03-01 01:08:57', '2015-03-01 01:08:57', NULL, 0.0, 0.0, 0.0, 389);

INSERT INTO `meeting_individual_results` (`id`, `rank`, `is_play_off`, `is_out_of_race`, `is_disqualified`, `standard_points`, `meeting_individual_points`, `minutes`, `seconds`, `hundreds`, `meeting_program_id`, `swimmer_id`, `team_id`, `badge_id`, `user_id`, `created_at`, `updated_at`, `disqualification_code_type_id`, `goggle_cup_points`, `reaction_time`, `team_points`, `team_affiliation_id`)
  VALUES (197005, 2, 1, 0, 0, 0.0, 0.0, 13, 40, 33, 23162, 3292, 191, 6513, 1, '2015-03-01 01:08:57', '2015-03-01 01:08:57', NULL, 0.0, 0.0, 0.0, 386);

INSERT INTO `meeting_individual_results` (`id`, `rank`, `is_play_off`, `is_out_of_race`, `is_disqualified`, `standard_points`, `meeting_individual_points`, `minutes`, `seconds`, `hundreds`, `meeting_program_id`, `swimmer_id`, `team_id`, `badge_id`, `user_id`, `created_at`, `updated_at`, `disqualification_code_type_id`, `goggle_cup_points`, `reaction_time`, `team_points`, `team_affiliation_id`)
  VALUES (197006, 1, 1, 0, 0, 592.23, 592.23, 14, 9, 43, 23163, 3300, 186, 6521, 1, '2015-03-01 01:08:57', '2015-03-01 01:08:57', NULL, 0.0, 0.0, 0.0, 381);

INSERT INTO `meeting_individual_results` (`id`, `rank`, `is_play_off`, `is_out_of_race`, `is_disqualified`, `standard_points`, `meeting_individual_points`, `minutes`, `seconds`, `hundreds`, `meeting_program_id`, `swimmer_id`, `team_id`, `badge_id`, `user_id`, `created_at`, `updated_at`, `disqualification_code_type_id`, `goggle_cup_points`, `reaction_time`, `team_points`, `team_affiliation_id`)
  VALUES (197007, 1, 1, 0, 0, 550.89, 550.89, 15, 22, 64, 23164, 13779, 184, 17342, 1, '2015-03-01 01:08:58', '2015-03-01 01:08:58', NULL, 0.0, 0.0, 0.0, 379);

INSERT INTO `meeting_individual_results` (`id`, `rank`, `is_play_off`, `is_out_of_race`, `is_disqualified`, `standard_points`, `meeting_individual_points`, `minutes`, `seconds`, `hundreds`, `meeting_program_id`, `swimmer_id`, `team_id`, `badge_id`, `user_id`, `created_at`, `updated_at`, `disqualification_code_type_id`, `goggle_cup_points`, `reaction_time`, `team_points`, `team_affiliation_id`)
  VALUES (197008, 1, 1, 0, 0, 854.41, 854.41, 9, 56, 0, 23165, 9230, 495, 12992, 1, '2015-03-01 01:08:58', '2015-03-01 01:08:58', NULL, 0.0, 0.0, 0.0, 715);

INSERT INTO `meeting_individual_results` (`id`, `rank`, `is_play_off`, `is_out_of_race`, `is_disqualified`, `standard_points`, `meeting_individual_points`, `minutes`, `seconds`, `hundreds`, `meeting_program_id`, `swimmer_id`, `team_id`, `badge_id`, `user_id`, `created_at`, `updated_at`, `disqualification_code_type_id`, `goggle_cup_points`, `reaction_time`, `team_points`, `team_affiliation_id`)
  VALUES (197009, 2, 1, 0, 0, 825.99, 825.99, 10, 16, 51, 23165, 9648, 287, 13362, 1, '2015-03-01 01:08:58', '2015-03-01 01:08:58', NULL, 0.0, 0.0, 0.0, 484);

INSERT INTO `meeting_individual_results` (`id`, `rank`, `is_play_off`, `is_out_of_race`, `is_disqualified`, `standard_points`, `meeting_individual_points`, `minutes`, `seconds`, `hundreds`, `meeting_program_id`, `swimmer_id`, `team_id`, `badge_id`, `user_id`, `created_at`, `updated_at`, `disqualification_code_type_id`, `goggle_cup_points`, `reaction_time`, `team_points`, `team_affiliation_id`)
  VALUES (197010, 1, 1, 0, 0, 830.82, 830.82, 10, 15, 13, 23166, 3309, 195, 6530, 1, '2015-03-01 01:08:58', '2015-03-01 01:08:58', NULL, 0.0, 0.0, 0.0, 390);

INSERT INTO `meeting_individual_results` (`id`, `rank`, `is_play_off`, `is_out_of_race`, `is_disqualified`, `standard_points`, `meeting_individual_points`, `minutes`, `seconds`, `hundreds`, `meeting_program_id`, `swimmer_id`, `team_id`, `badge_id`, `user_id`, `created_at`, `updated_at`, `disqualification_code_type_id`, `goggle_cup_points`, `reaction_time`, `team_points`, `team_affiliation_id`)
  VALUES (197011, 2, 1, 0, 0, 815.71, 815.71, 10, 26, 52, 23166, 13836, 630, 17634, 1, '2015-03-01 01:08:58', '2015-03-01 01:08:58', NULL, 0.0, 0.0, 0.0, 850);

INSERT INTO `meeting_individual_results` (`id`, `rank`, `is_play_off`, `is_out_of_race`, `is_disqualified`, `standard_points`, `meeting_individual_points`, `minutes`, `seconds`, `hundreds`, `meeting_program_id`, `swimmer_id`, `team_id`, `badge_id`, `user_id`, `created_at`, `updated_at`, `disqualification_code_type_id`, `goggle_cup_points`, `reaction_time`, `team_points`, `team_affiliation_id`)
  VALUES (197012, 3, 1, 0, 0, 732.0, 732.0, 11, 38, 17, 23166, 15010, 188, 18802, 1, '2015-03-01 01:08:58', '2015-03-01 01:08:58', NULL, 0.0, 0.0, 0.0, 383);

INSERT INTO `meeting_individual_results` (`id`, `rank`, `is_play_off`, `is_out_of_race`, `is_disqualified`, `standard_points`, `meeting_individual_points`, `minutes`, `seconds`, `hundreds`, `meeting_program_id`, `swimmer_id`, `team_id`, `badge_id`, `user_id`, `created_at`, `updated_at`, `disqualification_code_type_id`, `goggle_cup_points`, `reaction_time`, `team_points`, `team_affiliation_id`)
  VALUES (197013, 4, 1, 0, 0, 718.54, 718.54, 11, 51, 25, 23166, 14923, 495, 18744, 1, '2015-03-01 01:08:58', '2015-03-01 01:08:58', NULL, 0.0, 0.0, 0.0, 715);

INSERT INTO `meeting_individual_results` (`id`, `rank`, `is_play_off`, `is_out_of_race`, `is_disqualified`, `standard_points`, `meeting_individual_points`, `minutes`, `seconds`, `hundreds`, `meeting_program_id`, `swimmer_id`, `team_id`, `badge_id`, `user_id`, `created_at`, `updated_at`, `disqualification_code_type_id`, `goggle_cup_points`, `reaction_time`, `team_points`, `team_affiliation_id`)
  VALUES (197014, 1, 1, 0, 0, 875.6, 875.6, 10, 3, 15, 23167, 3314, 186, 6535, 1, '2015-03-01 01:08:58', '2015-03-01 01:08:58', NULL, 0.0, 0.0, 0.0, 381);

INSERT INTO `meeting_individual_results` (`id`, `rank`, `is_play_off`, `is_out_of_race`, `is_disqualified`, `standard_points`, `meeting_individual_points`, `minutes`, `seconds`, `hundreds`, `meeting_program_id`, `swimmer_id`, `team_id`, `badge_id`, `user_id`, `created_at`, `updated_at`, `disqualification_code_type_id`, `goggle_cup_points`, `reaction_time`, `team_points`, `team_affiliation_id`)
  VALUES (197015, 2, 1, 0, 0, 752.28, 752.28, 11, 42, 3, 23167, 3316, 496, 6537, 1, '2015-03-01 01:08:58', '2015-03-01 01:08:58', NULL, 0.0, 0.0, 0.0, 716);

INSERT INTO `meeting_individual_results` (`id`, `rank`, `is_play_off`, `is_out_of_race`, `is_disqualified`, `standard_points`, `meeting_individual_points`, `minutes`, `seconds`, `hundreds`, `meeting_program_id`, `swimmer_id`, `team_id`, `badge_id`, `user_id`, `created_at`, `updated_at`, `disqualification_code_type_id`, `goggle_cup_points`, `reaction_time`, `team_points`, `team_affiliation_id`)
  VALUES (197016, 3, 1, 0, 0, 623.75, 623.75, 14, 6, 68, 23167, 13769, 188, 17532, 1, '2015-03-01 01:08:58', '2015-03-01 01:08:58', NULL, 0.0, 0.0, 0.0, 383);

INSERT INTO `meeting_individual_results` (`id`, `rank`, `is_play_off`, `is_out_of_race`, `is_disqualified`, `standard_points`, `meeting_individual_points`, `minutes`, `seconds`, `hundreds`, `meeting_program_id`, `swimmer_id`, `team_id`, `badge_id`, `user_id`, `created_at`, `updated_at`, `disqualification_code_type_id`, `goggle_cup_points`, `reaction_time`, `team_points`, `team_affiliation_id`)
  VALUES (197017, 4, 1, 0, 0, 574.81, 574.81, 15, 18, 77, 23167, 9150, 493, 12886, 1, '2015-03-01 01:08:59', '2015-03-01 01:08:59', NULL, 0.0, 0.0, 0.0, 713);

INSERT INTO `meeting_individual_results` (`id`, `rank`, `is_play_off`, `is_out_of_race`, `is_disqualified`, `standard_points`, `meeting_individual_points`, `minutes`, `seconds`, `hundreds`, `meeting_program_id`, `swimmer_id`, `team_id`, `badge_id`, `user_id`, `created_at`, `updated_at`, `disqualification_code_type_id`, `goggle_cup_points`, `reaction_time`, `team_points`, `team_affiliation_id`)
  VALUES (197018, 1, 1, 0, 0, 849.8, 849.8, 11, 0, 26, 23168, 9383, 195, 12897, 1, '2015-03-01 01:08:59', '2015-03-01 01:08:59', NULL, 0.0, 0.0, 0.0, 390);

INSERT INTO `meeting_individual_results` (`id`, `rank`, `is_play_off`, `is_out_of_race`, `is_disqualified`, `standard_points`, `meeting_individual_points`, `minutes`, `seconds`, `hundreds`, `meeting_program_id`, `swimmer_id`, `team_id`, `badge_id`, `user_id`, `created_at`, `updated_at`, `disqualification_code_type_id`, `goggle_cup_points`, `reaction_time`, `team_points`, `team_affiliation_id`)
  VALUES (197019, 2, 1, 0, 0, 764.84, 764.84, 12, 13, 60, 23168, 11577, 495, 15353, 1, '2015-03-01 01:08:59', '2015-03-01 01:08:59', NULL, 0.0, 0.0, 0.0, 715);

INSERT INTO `meeting_individual_results` (`id`, `rank`, `is_play_off`, `is_out_of_race`, `is_disqualified`, `standard_points`, `meeting_individual_points`, `minutes`, `seconds`, `hundreds`, `meeting_program_id`, `swimmer_id`, `team_id`, `badge_id`, `user_id`, `created_at`, `updated_at`, `disqualification_code_type_id`, `goggle_cup_points`, `reaction_time`, `team_points`, `team_affiliation_id`)
  VALUES (197020, 3, 1, 0, 0, 647.72, 647.72, 14, 26, 25, 23168, 9083, 198, 13142, 1, '2015-03-01 01:08:59', '2015-03-01 01:08:59', NULL, 0.0, 0.0, 0.0, 393);

INSERT INTO `meeting_individual_results` (`id`, `rank`, `is_play_off`, `is_out_of_race`, `is_disqualified`, `standard_points`, `meeting_individual_points`, `minutes`, `seconds`, `hundreds`, `meeting_program_id`, `swimmer_id`, `team_id`, `badge_id`, `user_id`, `created_at`, `updated_at`, `disqualification_code_type_id`, `goggle_cup_points`, `reaction_time`, `team_points`, `team_affiliation_id`)
  VALUES (197021, 4, 1, 0, 0, 589.96, 589.96, 15, 51, 7, 23168, 3335, 188, 6556, 1, '2015-03-01 01:08:59', '2015-03-01 01:08:59', NULL, 0.0, 0.0, 0.0, 383);

INSERT INTO `meeting_individual_results` (`id`, `rank`, `is_play_off`, `is_out_of_race`, `is_disqualified`, `standard_points`, `meeting_individual_points`, `minutes`, `seconds`, `hundreds`, `meeting_program_id`, `swimmer_id`, `team_id`, `badge_id`, `user_id`, `created_at`, `updated_at`, `disqualification_code_type_id`, `goggle_cup_points`, `reaction_time`, `team_points`, `team_affiliation_id`)
  VALUES (197022, 5, 1, 0, 0, 584.28, 584.28, 16, 0, 31, 23168, 3337, 184, 6558, 1, '2015-03-01 01:08:59', '2015-03-01 01:08:59', NULL, 0.0, 0.0, 0.0, 379);

INSERT INTO `meeting_individual_results` (`id`, `rank`, `is_play_off`, `is_out_of_race`, `is_disqualified`, `standard_points`, `meeting_individual_points`, `minutes`, `seconds`, `hundreds`, `meeting_program_id`, `swimmer_id`, `team_id`, `badge_id`, `user_id`, `created_at`, `updated_at`, `disqualification_code_type_id`, `goggle_cup_points`, `reaction_time`, `team_points`, `team_affiliation_id`)
  VALUES (197023, 6, 1, 0, 0, 577.38, 577.38, 16, 11, 78, 23168, 9198, 188, 13064, 1, '2015-03-01 01:08:59', '2015-03-01 01:08:59', NULL, 0.0, 0.0, 0.0, 383);

INSERT INTO `meeting_individual_results` (`id`, `rank`, `is_play_off`, `is_out_of_race`, `is_disqualified`, `standard_points`, `meeting_individual_points`, `minutes`, `seconds`, `hundreds`, `meeting_program_id`, `swimmer_id`, `team_id`, `badge_id`, `user_id`, `created_at`, `updated_at`, `disqualification_code_type_id`, `goggle_cup_points`, `reaction_time`, `team_points`, `team_affiliation_id`)
  VALUES (197024, 1, 1, 0, 0, 810.1, 810.1, 12, 14, 17, 23169, 2019, 89, 5205, 1, '2015-03-01 01:08:59', '2015-03-01 01:08:59', NULL, 0.0, 0.0, 0.0, 282);

INSERT INTO `meeting_individual_results` (`id`, `rank`, `is_play_off`, `is_out_of_race`, `is_disqualified`, `standard_points`, `meeting_individual_points`, `minutes`, `seconds`, `hundreds`, `meeting_program_id`, `swimmer_id`, `team_id`, `badge_id`, `user_id`, `created_at`, `updated_at`, `disqualification_code_type_id`, `goggle_cup_points`, `reaction_time`, `team_points`, `team_affiliation_id`)
  VALUES (197025, 2, 1, 0, 0, 800.9, 800.9, 12, 22, 60, 23169, 9186, 495, 12977, 1, '2015-03-01 01:08:59', '2015-03-01 01:08:59', NULL, 0.0, 0.0, 0.0, 715);

INSERT INTO `meeting_individual_results` (`id`, `rank`, `is_play_off`, `is_out_of_race`, `is_disqualified`, `standard_points`, `meeting_individual_points`, `minutes`, `seconds`, `hundreds`, `meeting_program_id`, `swimmer_id`, `team_id`, `badge_id`, `user_id`, `created_at`, `updated_at`, `disqualification_code_type_id`, `goggle_cup_points`, `reaction_time`, `team_points`, `team_affiliation_id`)
  VALUES (197026, 1, 1, 0, 0, 724.43, 724.43, 16, 45, 65, 23170, 3385, 194, 6606, 1, '2015-03-01 01:08:59', '2015-03-01 01:08:59', NULL, 0.0, 0.0, 0.0, 389);

INSERT INTO `meeting_team_scores` (`id`, `sum_individual_points`, `sum_relay_points`, `team_id`, `meeting_id`, `created_at`, `updated_at`, `rank`, `user_id`, `sum_team_points`, `meeting_individual_points`, `meeting_relay_points`, `meeting_team_points`, `season_individual_points`, `season_relay_points`, `season_team_points`, `season_id`, `team_affiliation_id`)
  VALUES (5197, 32764.56, 0.0, 194, 13310, '2015-03-01 01:09:00', '2015-03-01 01:09:00', 0, 1, 0.0, 0.0, 0.0, 0.0, 0.0, 0.0, 0.0, 132, 389);

INSERT INTO `meeting_team_scores` (`id`, `sum_individual_points`, `sum_relay_points`, `team_id`, `meeting_id`, `created_at`, `updated_at`, `rank`, `user_id`, `sum_team_points`, `meeting_individual_points`, `meeting_relay_points`, `meeting_team_points`, `season_individual_points`, `season_relay_points`, `season_team_points`, `season_id`, `team_affiliation_id`)
  VALUES (5198, 26410.88, 0.0, 188, 13310, '2015-03-01 01:09:00', '2015-03-01 01:09:00', 0, 1, 0.0, 0.0, 0.0, 0.0, 0.0, 0.0, 0.0, 132, 383);

INSERT INTO `meeting_team_scores` (`id`, `sum_individual_points`, `sum_relay_points`, `team_id`, `meeting_id`, `created_at`, `updated_at`, `rank`, `user_id`, `sum_team_points`, `meeting_individual_points`, `meeting_relay_points`, `meeting_team_points`, `season_individual_points`, `season_relay_points`, `season_team_points`, `season_id`, `team_affiliation_id`)
  VALUES (5199, 23569.88, 0.0, 184, 13310, '2015-03-01 01:09:00', '2015-03-01 01:09:00', 0, 1, 0.0, 0.0, 0.0, 0.0, 0.0, 0.0, 0.0, 132, 379);

INSERT INTO `meeting_team_scores` (`id`, `sum_individual_points`, `sum_relay_points`, `team_id`, `meeting_id`, `created_at`, `updated_at`, `rank`, `user_id`, `sum_team_points`, `meeting_individual_points`, `meeting_relay_points`, `meeting_team_points`, `season_individual_points`, `season_relay_points`, `season_team_points`, `season_id`, `team_affiliation_id`)
  VALUES (5200, 20184.88, 0.0, 183, 13310, '2015-03-01 01:09:00', '2015-03-01 01:09:00', 0, 1, 0.0, 0.0, 0.0, 0.0, 0.0, 0.0, 0.0, 132, 378);

INSERT INTO `meeting_team_scores` (`id`, `sum_individual_points`, `sum_relay_points`, `team_id`, `meeting_id`, `created_at`, `updated_at`, `rank`, `user_id`, `sum_team_points`, `meeting_individual_points`, `meeting_relay_points`, `meeting_team_points`, `season_individual_points`, `season_relay_points`, `season_team_points`, `season_id`, `team_affiliation_id`)
  VALUES (5201, 19089.3, 0.0, 484, 13310, '2015-03-01 01:09:00', '2015-03-01 01:09:00', 0, 1, 0.0, 0.0, 0.0, 0.0, 0.0, 0.0, 0.0, 132, 704);

INSERT INTO `meeting_team_scores` (`id`, `sum_individual_points`, `sum_relay_points`, `team_id`, `meeting_id`, `created_at`, `updated_at`, `rank`, `user_id`, `sum_team_points`, `meeting_individual_points`, `meeting_relay_points`, `meeting_team_points`, `season_individual_points`, `season_relay_points`, `season_team_points`, `season_id`, `team_affiliation_id`)
  VALUES (5202, 12775.52, 0.0, 495, 13310, '2015-03-01 01:09:00', '2015-03-01 01:09:00', 0, 1, 0.0, 0.0, 0.0, 0.0, 0.0, 0.0, 0.0, 132, 715);

INSERT INTO `meeting_team_scores` (`id`, `sum_individual_points`, `sum_relay_points`, `team_id`, `meeting_id`, `created_at`, `updated_at`, `rank`, `user_id`, `sum_team_points`, `meeting_individual_points`, `meeting_relay_points`, `meeting_team_points`, `season_individual_points`, `season_relay_points`, `season_team_points`, `season_id`, `team_affiliation_id`)
  VALUES (5203, 12135.64, 0.0, 656, 13310, '2015-03-01 01:09:00', '2015-03-01 01:09:00', 0, 1, 0.0, 0.0, 0.0, 0.0, 0.0, 0.0, 0.0, 132, 876);

INSERT INTO `meeting_team_scores` (`id`, `sum_individual_points`, `sum_relay_points`, `team_id`, `meeting_id`, `created_at`, `updated_at`, `rank`, `user_id`, `sum_team_points`, `meeting_individual_points`, `meeting_relay_points`, `meeting_team_points`, `season_individual_points`, `season_relay_points`, `season_team_points`, `season_id`, `team_affiliation_id`)
  VALUES (5204, 10715.3, 0.0, 658, 13310, '2015-03-01 01:09:00', '2015-03-01 01:09:00', 0, 1, 0.0, 0.0, 0.0, 0.0, 0.0, 0.0, 0.0, 132, 878);

INSERT INTO `meeting_team_scores` (`id`, `sum_individual_points`, `sum_relay_points`, `team_id`, `meeting_id`, `created_at`, `updated_at`, `rank`, `user_id`, `sum_team_points`, `meeting_individual_points`, `meeting_relay_points`, `meeting_team_points`, `season_individual_points`, `season_relay_points`, `season_team_points`, `season_id`, `team_affiliation_id`)
  VALUES (5205, 8126.74, 0.0, 195, 13310, '2015-03-01 01:09:00', '2015-03-01 01:09:00', 0, 1, 0.0, 0.0, 0.0, 0.0, 0.0, 0.0, 0.0, 132, 390);

INSERT INTO `meeting_team_scores` (`id`, `sum_individual_points`, `sum_relay_points`, `team_id`, `meeting_id`, `created_at`, `updated_at`, `rank`, `user_id`, `sum_team_points`, `meeting_individual_points`, `meeting_relay_points`, `meeting_team_points`, `season_individual_points`, `season_relay_points`, `season_team_points`, `season_id`, `team_affiliation_id`)
  VALUES (5206, 7191.51, 0.0, 494, 13310, '2015-03-01 01:09:00', '2015-03-01 01:09:00', 0, 1, 0.0, 0.0, 0.0, 0.0, 0.0, 0.0, 0.0, 132, 714);

INSERT INTO `meeting_team_scores` (`id`, `sum_individual_points`, `sum_relay_points`, `team_id`, `meeting_id`, `created_at`, `updated_at`, `rank`, `user_id`, `sum_team_points`, `meeting_individual_points`, `meeting_relay_points`, `meeting_team_points`, `season_individual_points`, `season_relay_points`, `season_team_points`, `season_id`, `team_affiliation_id`)
  VALUES (5207, 7039.14, 0.0, 493, 13310, '2015-03-01 01:09:00', '2015-03-01 01:09:00', 0, 1, 0.0, 0.0, 0.0, 0.0, 0.0, 0.0, 0.0, 132, 713);

INSERT INTO `meeting_team_scores` (`id`, `sum_individual_points`, `sum_relay_points`, `team_id`, `meeting_id`, `created_at`, `updated_at`, `rank`, `user_id`, `sum_team_points`, `meeting_individual_points`, `meeting_relay_points`, `meeting_team_points`, `season_individual_points`, `season_relay_points`, `season_team_points`, `season_id`, `team_affiliation_id`)
  VALUES (5208, 6837.5, 0.0, 186, 13310, '2015-03-01 01:09:00', '2015-03-01 01:09:00', 0, 1, 0.0, 0.0, 0.0, 0.0, 0.0, 0.0, 0.0, 132, 381);

INSERT INTO `meeting_team_scores` (`id`, `sum_individual_points`, `sum_relay_points`, `team_id`, `meeting_id`, `created_at`, `updated_at`, `rank`, `user_id`, `sum_team_points`, `meeting_individual_points`, `meeting_relay_points`, `meeting_team_points`, `season_individual_points`, `season_relay_points`, `season_team_points`, `season_id`, `team_affiliation_id`)
  VALUES (5209, 5704.65, 0.0, 623, 13310, '2015-03-01 01:09:00', '2015-03-01 01:09:00', 0, 1, 0.0, 0.0, 0.0, 0.0, 0.0, 0.0, 0.0, 132, 843);

INSERT INTO `meeting_team_scores` (`id`, `sum_individual_points`, `sum_relay_points`, `team_id`, `meeting_id`, `created_at`, `updated_at`, `rank`, `user_id`, `sum_team_points`, `meeting_individual_points`, `meeting_relay_points`, `meeting_team_points`, `season_individual_points`, `season_relay_points`, `season_team_points`, `season_id`, `team_affiliation_id`)
  VALUES (5210, 4939.9, 0.0, 187, 13310, '2015-03-01 01:09:00', '2015-03-01 01:09:00', 0, 1, 0.0, 0.0, 0.0, 0.0, 0.0, 0.0, 0.0, 132, 382);

INSERT INTO `meeting_team_scores` (`id`, `sum_individual_points`, `sum_relay_points`, `team_id`, `meeting_id`, `created_at`, `updated_at`, `rank`, `user_id`, `sum_team_points`, `meeting_individual_points`, `meeting_relay_points`, `meeting_team_points`, `season_individual_points`, `season_relay_points`, `season_team_points`, `season_id`, `team_affiliation_id`)
  VALUES (5211, 4560.38, 0.0, 491, 13310, '2015-03-01 01:09:00', '2015-03-01 01:09:00', 0, 1, 0.0, 0.0, 0.0, 0.0, 0.0, 0.0, 0.0, 132, 711);

INSERT INTO `meeting_team_scores` (`id`, `sum_individual_points`, `sum_relay_points`, `team_id`, `meeting_id`, `created_at`, `updated_at`, `rank`, `user_id`, `sum_team_points`, `meeting_individual_points`, `meeting_relay_points`, `meeting_team_points`, `season_individual_points`, `season_relay_points`, `season_team_points`, `season_id`, `team_affiliation_id`)
  VALUES (5212, 3790.38, 0.0, 627, 13310, '2015-03-01 01:09:00', '2015-03-01 01:09:00', 0, 1, 0.0, 0.0, 0.0, 0.0, 0.0, 0.0, 0.0, 132, 847);

INSERT INTO `meeting_team_scores` (`id`, `sum_individual_points`, `sum_relay_points`, `team_id`, `meeting_id`, `created_at`, `updated_at`, `rank`, `user_id`, `sum_team_points`, `meeting_individual_points`, `meeting_relay_points`, `meeting_team_points`, `season_individual_points`, `season_relay_points`, `season_team_points`, `season_id`, `team_affiliation_id`)
  VALUES (5213, 3500.48, 0.0, 198, 13310, '2015-03-01 01:09:00', '2015-03-01 01:09:00', 0, 1, 0.0, 0.0, 0.0, 0.0, 0.0, 0.0, 0.0, 132, 393);

INSERT INTO `meeting_team_scores` (`id`, `sum_individual_points`, `sum_relay_points`, `team_id`, `meeting_id`, `created_at`, `updated_at`, `rank`, `user_id`, `sum_team_points`, `meeting_individual_points`, `meeting_relay_points`, `meeting_team_points`, `season_individual_points`, `season_relay_points`, `season_team_points`, `season_id`, `team_affiliation_id`)
  VALUES (5214, 3403.39, 0.0, 191, 13310, '2015-03-01 01:09:00', '2015-03-01 01:09:00', 0, 1, 0.0, 0.0, 0.0, 0.0, 0.0, 0.0, 0.0, 132, 386);

INSERT INTO `meeting_team_scores` (`id`, `sum_individual_points`, `sum_relay_points`, `team_id`, `meeting_id`, `created_at`, `updated_at`, `rank`, `user_id`, `sum_team_points`, `meeting_individual_points`, `meeting_relay_points`, `meeting_team_points`, `season_individual_points`, `season_relay_points`, `season_team_points`, `season_id`, `team_affiliation_id`)
  VALUES (5215, 3067.87, 0.0, 256, 13310, '2015-03-01 01:09:00', '2015-03-01 01:09:00', 0, 1, 0.0, 0.0, 0.0, 0.0, 0.0, 0.0, 0.0, 132, 453);

INSERT INTO `meeting_team_scores` (`id`, `sum_individual_points`, `sum_relay_points`, `team_id`, `meeting_id`, `created_at`, `updated_at`, `rank`, `user_id`, `sum_team_points`, `meeting_individual_points`, `meeting_relay_points`, `meeting_team_points`, `season_individual_points`, `season_relay_points`, `season_team_points`, `season_id`, `team_affiliation_id`)
  VALUES (5216, 2658.72, 0.0, 232, 13310, '2015-03-01 01:09:00', '2015-03-01 01:09:00', 0, 1, 0.0, 0.0, 0.0, 0.0, 0.0, 0.0, 0.0, 132, 427);

INSERT INTO `meeting_team_scores` (`id`, `sum_individual_points`, `sum_relay_points`, `team_id`, `meeting_id`, `created_at`, `updated_at`, `rank`, `user_id`, `sum_team_points`, `meeting_individual_points`, `meeting_relay_points`, `meeting_team_points`, `season_individual_points`, `season_relay_points`, `season_team_points`, `season_id`, `team_affiliation_id`)
  VALUES (5217, 2155.75, 0.0, 496, 13310, '2015-03-01 01:09:00', '2015-03-01 01:09:00', 0, 1, 0.0, 0.0, 0.0, 0.0, 0.0, 0.0, 0.0, 132, 716);

INSERT INTO `meeting_team_scores` (`id`, `sum_individual_points`, `sum_relay_points`, `team_id`, `meeting_id`, `created_at`, `updated_at`, `rank`, `user_id`, `sum_team_points`, `meeting_individual_points`, `meeting_relay_points`, `meeting_team_points`, `season_individual_points`, `season_relay_points`, `season_team_points`, `season_id`, `team_affiliation_id`)
  VALUES (5218, 1729.05, 0.0, 82, 13310, '2015-03-01 01:09:00', '2015-03-01 01:09:00', 0, 1, 0.0, 0.0, 0.0, 0.0, 0.0, 0.0, 0.0, 132, 275);

INSERT INTO `meeting_team_scores` (`id`, `sum_individual_points`, `sum_relay_points`, `team_id`, `meeting_id`, `created_at`, `updated_at`, `rank`, `user_id`, `sum_team_points`, `meeting_individual_points`, `meeting_relay_points`, `meeting_team_points`, `season_individual_points`, `season_relay_points`, `season_team_points`, `season_id`, `team_affiliation_id`)
  VALUES (5219, 1639.8, 0.0, 287, 13310, '2015-03-01 01:09:01', '2015-03-01 01:09:01', 0, 1, 0.0, 0.0, 0.0, 0.0, 0.0, 0.0, 0.0, 132, 484);

INSERT INTO `meeting_team_scores` (`id`, `sum_individual_points`, `sum_relay_points`, `team_id`, `meeting_id`, `created_at`, `updated_at`, `rank`, `user_id`, `sum_team_points`, `meeting_individual_points`, `meeting_relay_points`, `meeting_team_points`, `season_individual_points`, `season_relay_points`, `season_team_points`, `season_id`, `team_affiliation_id`)
  VALUES (5220, 1582.6, 0.0, 89, 13310, '2015-03-01 01:09:01', '2015-03-01 01:09:01', 0, 1, 0.0, 0.0, 0.0, 0.0, 0.0, 0.0, 0.0, 132, 282);

INSERT INTO `meeting_team_scores` (`id`, `sum_individual_points`, `sum_relay_points`, `team_id`, `meeting_id`, `created_at`, `updated_at`, `rank`, `user_id`, `sum_team_points`, `meeting_individual_points`, `meeting_relay_points`, `meeting_team_points`, `season_individual_points`, `season_relay_points`, `season_team_points`, `season_id`, `team_affiliation_id`)
  VALUES (5221, 1210.24, 0.0, 630, 13310, '2015-03-01 01:09:01', '2015-03-01 01:09:01', 0, 1, 0.0, 0.0, 0.0, 0.0, 0.0, 0.0, 0.0, 132, 850);

INSERT INTO `meeting_team_scores` (`id`, `sum_individual_points`, `sum_relay_points`, `team_id`, `meeting_id`, `created_at`, `updated_at`, `rank`, `user_id`, `sum_team_points`, `meeting_individual_points`, `meeting_relay_points`, `meeting_team_points`, `season_individual_points`, `season_relay_points`, `season_team_points`, `season_id`, `team_affiliation_id`)
  VALUES (5222, 0.0, 0.0, 253, 13310, '2015-03-01 01:09:01', '2015-03-01 01:09:01', 0, 1, 0.0, 0.0, 0.0, 0.0, 0.0, 0.0, 0.0, 132, 450);


-- Meeting 13310
-- 'Results acquired' flag setting:
UPDATE meetings SET are_results_acquired = '1' WHERE id = 13310;

-- --- BeginTimeCalculator: compute_for_all( 13310 )
-- ----------------------------------------------------
-- Using RESULTS to compute heat length.

-- Event #1, M.Prg: 23043, tot. athletes: 3
-- Tot. progr. duration: 174 (sec), Heat durations: [17428] (hds)
-- Session begin time: 2014-04-27 08:30:00 +0200, Computed begin time: 2014-04-27 08:32:00 +0200
UPDATE meeting_programs SET begin_time = '2014-04-27 08:32' WHERE id = 23043;

-- Event #2, M.Prg: 23044, tot. athletes: 1
-- Tot. progr. duration: 164 (sec), Heat durations: [16407] (hds)
-- Session begin time: 2014-04-27 08:30:00 +0200, Computed begin time: 2014-04-27 08:34:54 +0200
UPDATE meeting_programs SET begin_time = '2014-04-27 08:34' WHERE id = 23044;

-- Event #3, M.Prg: 23045, tot. athletes: 2
-- Tot. progr. duration: 192 (sec), Heat durations: [19211] (hds)
-- Session begin time: 2014-04-27 08:30:00 +0200, Computed begin time: 2014-04-27 08:37:38 +0200
UPDATE meeting_programs SET begin_time = '2014-04-27 08:37' WHERE id = 23045;

-- Event #4, M.Prg: 23046, tot. athletes: 5
-- Tot. progr. duration: 179 (sec), Heat durations: [17994] (hds)
-- Session begin time: 2014-04-27 08:30:00 +0200, Computed begin time: 2014-04-27 08:40:50 +0200
UPDATE meeting_programs SET begin_time = '2014-04-27 08:40' WHERE id = 23046;

-- Event #5, M.Prg: 23047, tot. athletes: 3
-- Tot. progr. duration: 165 (sec), Heat durations: [16578] (hds)
-- Session begin time: 2014-04-27 08:30:00 +0200, Computed begin time: 2014-04-27 08:43:49 +0200
UPDATE meeting_programs SET begin_time = '2014-04-27 08:43' WHERE id = 23047;

-- Event #6, M.Prg: 23048, tot. athletes: 2
-- Tot. progr. duration: 203 (sec), Heat durations: [20308] (hds)
-- Session begin time: 2014-04-27 08:30:00 +0200, Computed begin time: 2014-04-27 08:46:34 +0200
UPDATE meeting_programs SET begin_time = '2014-04-27 08:46' WHERE id = 23048;

-- Event #7, M.Prg: 23049, tot. athletes: 2
-- Tot. progr. duration: 215 (sec), Heat durations: [21536] (hds)
-- Session begin time: 2014-04-27 08:30:00 +0200, Computed begin time: 2014-04-27 08:49:57 +0200
UPDATE meeting_programs SET begin_time = '2014-04-27 08:49' WHERE id = 23049;

-- Event #8, M.Prg: 23050, tot. athletes: 3
-- Tot. progr. duration: 310 (sec), Heat durations: [31051] (hds)
-- Session begin time: 2014-04-27 08:30:00 +0200, Computed begin time: 2014-04-27 08:53:32 +0200
UPDATE meeting_programs SET begin_time = '2014-04-27 08:53' WHERE id = 23050;

-- Event #9, M.Prg: 23051, tot. athletes: 1
-- Tot. progr. duration: 312 (sec), Heat durations: [31239] (hds)
-- Session begin time: 2014-04-27 08:30:00 +0200, Computed begin time: 2014-04-27 08:58:42 +0200
UPDATE meeting_programs SET begin_time = '2014-04-27 08:58' WHERE id = 23051;

-- Event #10, M.Prg: 23052, tot. athletes: 1
-- Tot. progr. duration: 217 (sec), Heat durations: [21712] (hds)
-- Session begin time: 2014-04-27 08:30:00 +0200, Computed begin time: 2014-04-27 09:03:54 +0200
UPDATE meeting_programs SET begin_time = '2014-04-27 09:03' WHERE id = 23052;

-- Event #11, M.Prg: 23053, tot. athletes: 2
-- Tot. progr. duration: 170 (sec), Heat durations: [17043] (hds)
-- Session begin time: 2014-04-27 08:30:00 +0200, Computed begin time: 2014-04-27 09:07:31 +0200
UPDATE meeting_programs SET begin_time = '2014-04-27 09:07' WHERE id = 23053;

-- Event #12, M.Prg: 23054, tot. athletes: 2
-- Tot. progr. duration: 138 (sec), Heat durations: [13867] (hds)
-- Session begin time: 2014-04-27 08:30:00 +0200, Computed begin time: 2014-04-27 09:10:21 +0200
UPDATE meeting_programs SET begin_time = '2014-04-27 09:10' WHERE id = 23054;

-- Event #13, M.Prg: 23055, tot. athletes: 7
-- Tot. progr. duration: 217 (sec), Heat durations: [15758, 6000] (hds)
-- Session begin time: 2014-04-27 08:30:00 +0200, Computed begin time: 2014-04-27 09:12:39 +0200
UPDATE meeting_programs SET begin_time = '2014-04-27 09:12' WHERE id = 23055;

-- Event #14, M.Prg: 23056, tot. athletes: 3
-- Tot. progr. duration: 158 (sec), Heat durations: [15800] (hds)
-- Session begin time: 2014-04-27 08:30:00 +0200, Computed begin time: 2014-04-27 09:16:16 +0200
UPDATE meeting_programs SET begin_time = '2014-04-27 09:16' WHERE id = 23056;

-- Event #15, M.Prg: 23057, tot. athletes: 3
-- Tot. progr. duration: 174 (sec), Heat durations: [17496] (hds)
-- Session begin time: 2014-04-27 08:30:00 +0200, Computed begin time: 2014-04-27 09:18:54 +0200
UPDATE meeting_programs SET begin_time = '2014-04-27 09:18' WHERE id = 23057;

-- Event #16, M.Prg: 23058, tot. athletes: 5
-- Tot. progr. duration: 181 (sec), Heat durations: [18199] (hds)
-- Session begin time: 2014-04-27 08:30:00 +0200, Computed begin time: 2014-04-27 09:21:48 +0200
UPDATE meeting_programs SET begin_time = '2014-04-27 09:21' WHERE id = 23058;

-- Event #17, M.Prg: 23059, tot. athletes: 6
-- Tot. progr. duration: 173 (sec), Heat durations: [17388] (hds)
-- Session begin time: 2014-04-27 08:30:00 +0200, Computed begin time: 2014-04-27 09:24:49 +0200
UPDATE meeting_programs SET begin_time = '2014-04-27 09:24' WHERE id = 23059;

-- Event #18, M.Prg: 23060, tot. athletes: 1
-- Tot. progr. duration: 153 (sec), Heat durations: [15343] (hds)
-- Session begin time: 2014-04-27 08:30:00 +0200, Computed begin time: 2014-04-27 09:27:42 +0200
UPDATE meeting_programs SET begin_time = '2014-04-27 09:27' WHERE id = 23060;

-- Event #19, M.Prg: 23061, tot. athletes: 3
-- Tot. progr. duration: 215 (sec), Heat durations: [21523] (hds)
-- Session begin time: 2014-04-27 08:30:00 +0200, Computed begin time: 2014-04-27 09:30:15 +0200
UPDATE meeting_programs SET begin_time = '2014-04-27 09:30' WHERE id = 23061;

-- Event #20, M.Prg: 23062, tot. athletes: 5
-- Tot. progr. duration: 204 (sec), Heat durations: [20495] (hds)
-- Session begin time: 2014-04-27 08:30:00 +0200, Computed begin time: 2014-04-27 09:33:50 +0200
UPDATE meeting_programs SET begin_time = '2014-04-27 09:33' WHERE id = 23062;

-- Event #21, M.Prg: 23063, tot. athletes: 3
-- Tot. progr. duration: 232 (sec), Heat durations: [23298] (hds)
-- Session begin time: 2014-04-27 08:30:00 +0200, Computed begin time: 2014-04-27 09:37:14 +0200
UPDATE meeting_programs SET begin_time = '2014-04-27 09:37' WHERE id = 23063;

-- Event #22, M.Prg: 23064, tot. athletes: 1
-- Tot. progr. duration: 167 (sec), Heat durations: [16735] (hds)
-- Session begin time: 2014-04-27 08:30:00 +0200, Computed begin time: 2014-04-27 09:41:06 +0200
UPDATE meeting_programs SET begin_time = '2014-04-27 09:41' WHERE id = 23064;

-- Event #23, M.Prg: 23065, tot. athletes: 3
-- Tot. progr. duration: 153 (sec), Heat durations: [15349] (hds)
-- Session begin time: 2014-04-27 08:30:00 +0200, Computed begin time: 2014-04-27 09:43:53 +0200
UPDATE meeting_programs SET begin_time = '2014-04-27 09:43' WHERE id = 23065;

-- Event #24, M.Prg: 23066, tot. athletes: 1
-- Tot. progr. duration: 138 (sec), Heat durations: [13829] (hds)
-- Session begin time: 2014-04-27 08:30:00 +0200, Computed begin time: 2014-04-27 09:46:26 +0200
UPDATE meeting_programs SET begin_time = '2014-04-27 09:46' WHERE id = 23066;

-- Event #25, M.Prg: 23067, tot. athletes: 2
-- Tot. progr. duration: 166 (sec), Heat durations: [16645] (hds)
-- Session begin time: 2014-04-27 08:30:00 +0200, Computed begin time: 2014-04-27 09:48:44 +0200
UPDATE meeting_programs SET begin_time = '2014-04-27 09:48' WHERE id = 23067;

-- Event #26, M.Prg: 23068, tot. athletes: 1
-- Tot. progr. duration: 193 (sec), Heat durations: [19368] (hds)
-- Session begin time: 2014-04-27 08:30:00 +0200, Computed begin time: 2014-04-27 09:51:30 +0200
UPDATE meeting_programs SET begin_time = '2014-04-27 09:51' WHERE id = 23068;

-- Event #27, M.Prg: 23069, tot. athletes: 1
-- Tot. progr. duration: 181 (sec), Heat durations: [18102] (hds)
-- Session begin time: 2014-04-27 08:30:00 +0200, Computed begin time: 2014-04-27 09:54:43 +0200
UPDATE meeting_programs SET begin_time = '2014-04-27 09:54' WHERE id = 23069;

-- Event #28, M.Prg: 23070, tot. athletes: 1
-- Tot. progr. duration: 149 (sec), Heat durations: [14943] (hds)
-- Session begin time: 2014-04-27 08:30:00 +0200, Computed begin time: 2014-04-27 09:57:44 +0200
UPDATE meeting_programs SET begin_time = '2014-04-27 09:57' WHERE id = 23070;

-- Event #29, M.Prg: 23071, tot. athletes: 4
-- Tot. progr. duration: 161 (sec), Heat durations: [16117] (hds)
-- Session begin time: 2014-04-27 08:30:00 +0200, Computed begin time: 2014-04-27 10:00:13 +0200
UPDATE meeting_programs SET begin_time = '2014-04-27 10:00' WHERE id = 23071;

-- Event #30, M.Prg: 23072, tot. athletes: 5
-- Tot. progr. duration: 153 (sec), Heat durations: [15393] (hds)
-- Session begin time: 2014-04-27 08:30:00 +0200, Computed begin time: 2014-04-27 10:02:54 +0200
UPDATE meeting_programs SET begin_time = '2014-04-27 10:02' WHERE id = 23072;

-- Event #31, M.Prg: 23073, tot. athletes: 3
-- Tot. progr. duration: 138 (sec), Heat durations: [13867] (hds)
-- Session begin time: 2014-04-27 08:30:00 +0200, Computed begin time: 2014-04-27 10:05:27 +0200
UPDATE meeting_programs SET begin_time = '2014-04-27 10:05' WHERE id = 23073;

-- Event #32, M.Prg: 23074, tot. athletes: 7
-- Tot. progr. duration: 207 (sec), Heat durations: [14731, 6000] (hds)
-- Session begin time: 2014-04-27 08:30:00 +0200, Computed begin time: 2014-04-27 10:07:45 +0200
UPDATE meeting_programs SET begin_time = '2014-04-27 10:07' WHERE id = 23074;

-- Event #33, M.Prg: 23075, tot. athletes: 4
-- Tot. progr. duration: 172 (sec), Heat durations: [17271] (hds)
-- Session begin time: 2014-04-27 08:30:00 +0200, Computed begin time: 2014-04-27 10:11:12 +0200
UPDATE meeting_programs SET begin_time = '2014-04-27 10:11' WHERE id = 23075;

-- Event #34, M.Prg: 23076, tot. athletes: 2
-- Tot. progr. duration: 137 (sec), Heat durations: [13762] (hds)
-- Session begin time: 2014-04-27 08:30:00 +0200, Computed begin time: 2014-04-27 10:14:04 +0200
UPDATE meeting_programs SET begin_time = '2014-04-27 10:14' WHERE id = 23076;

-- Event #35, M.Prg: 23077, tot. athletes: 2
-- Tot. progr. duration: 179 (sec), Heat durations: [17930] (hds)
-- Session begin time: 2014-04-27 08:30:00 +0200, Computed begin time: 2014-04-27 10:16:21 +0200
UPDATE meeting_programs SET begin_time = '2014-04-27 10:16' WHERE id = 23077;

-- Event #36, M.Prg: 23078, tot. athletes: 2
-- Tot. progr. duration: 147 (sec), Heat durations: [14756] (hds)
-- Session begin time: 2014-04-27 08:30:00 +0200, Computed begin time: 2014-04-27 10:19:20 +0200
UPDATE meeting_programs SET begin_time = '2014-04-27 10:19' WHERE id = 23078;

-- Event #37, M.Prg: 23079, tot. athletes: 2
-- Tot. progr. duration: 216 (sec), Heat durations: [21647] (hds)
-- Session begin time: 2014-04-27 08:30:00 +0200, Computed begin time: 2014-04-27 10:21:47 +0200
UPDATE meeting_programs SET begin_time = '2014-04-27 10:21' WHERE id = 23079;

-- Event #38, M.Prg: 23080, tot. athletes: 1
-- Tot. progr. duration: 191 (sec), Heat durations: [19116] (hds)
-- Session begin time: 2014-04-27 08:30:00 +0200, Computed begin time: 2014-04-27 10:25:23 +0200
UPDATE meeting_programs SET begin_time = '2014-04-27 10:25' WHERE id = 23080;

-- Event #39, M.Prg: 23081, tot. athletes: 1
-- Tot. progr. duration: 215 (sec), Heat durations: [21562] (hds)
-- Session begin time: 2014-04-27 08:30:00 +0200, Computed begin time: 2014-04-27 10:28:34 +0200
UPDATE meeting_programs SET begin_time = '2014-04-27 10:28' WHERE id = 23081;

-- Event #40, M.Prg: 23082, tot. athletes: 3
-- Tot. progr. duration: 147 (sec), Heat durations: [14762] (hds)
-- Session begin time: 2014-04-27 08:30:00 +0200, Computed begin time: 2014-04-27 10:32:09 +0200
UPDATE meeting_programs SET begin_time = '2014-04-27 10:32' WHERE id = 23082;

-- Event #41, M.Prg: 23083, tot. athletes: 1
-- Tot. progr. duration: 179 (sec), Heat durations: [17913] (hds)
-- Session begin time: 2014-04-27 08:30:00 +0200, Computed begin time: 2014-04-27 10:34:36 +0200
UPDATE meeting_programs SET begin_time = '2014-04-27 10:34' WHERE id = 23083;

-- Event #42, M.Prg: 23084, tot. athletes: 2
-- Tot. progr. duration: 173 (sec), Heat durations: [17382] (hds)
-- Session begin time: 2014-04-27 08:30:00 +0200, Computed begin time: 2014-04-27 10:37:35 +0200
UPDATE meeting_programs SET begin_time = '2014-04-27 10:37' WHERE id = 23084;

-- Event #43, M.Prg: 23085, tot. athletes: 2
-- Tot. progr. duration: 200 (sec), Heat durations: [20098] (hds)
-- Session begin time: 2014-04-27 08:30:00 +0200, Computed begin time: 2014-04-27 10:40:28 +0200
UPDATE meeting_programs SET begin_time = '2014-04-27 10:40' WHERE id = 23085;

-- Event #44, M.Prg: 23086, tot. athletes: 1
-- Tot. progr. duration: 169 (sec), Heat durations: [16962] (hds)
-- Session begin time: 2014-04-27 08:30:00 +0200, Computed begin time: 2014-04-27 10:43:48 +0200
UPDATE meeting_programs SET begin_time = '2014-04-27 10:43' WHERE id = 23086;

-- Event #45, M.Prg: 23087, tot. athletes: 1
-- Tot. progr. duration: 178 (sec), Heat durations: [17876] (hds)
-- Session begin time: 2014-04-27 08:30:00 +0200, Computed begin time: 2014-04-27 10:46:37 +0200
UPDATE meeting_programs SET begin_time = '2014-04-27 10:46' WHERE id = 23087;

-- Event #46, M.Prg: 23088, tot. athletes: 1
-- Tot. progr. duration: 172 (sec), Heat durations: [17278] (hds)
-- Session begin time: 2014-04-27 08:30:00 +0200, Computed begin time: 2014-04-27 10:49:35 +0200
UPDATE meeting_programs SET begin_time = '2014-04-27 10:49' WHERE id = 23088;

-- Event #47, M.Prg: 23089, tot. athletes: 1
-- Tot. progr. duration: 211 (sec), Heat durations: [21122] (hds)
-- Session begin time: 2014-04-27 08:30:00 +0200, Computed begin time: 2014-04-27 10:52:27 +0200
UPDATE meeting_programs SET begin_time = '2014-04-27 10:52' WHERE id = 23089;

-- Event #48, M.Prg: 23090, tot. athletes: 1
-- Tot. progr. duration: 248 (sec), Heat durations: [24806] (hds)
-- Session begin time: 2014-04-27 08:30:00 +0200, Computed begin time: 2014-04-27 10:55:58 +0200
UPDATE meeting_programs SET begin_time = '2014-04-27 10:55' WHERE id = 23090;

-- Event #49, M.Prg: 23091, tot. athletes: 2
-- Tot. progr. duration: 164 (sec), Heat durations: [16482] (hds)
-- Session begin time: 2014-04-27 08:30:00 +0200, Computed begin time: 2014-04-27 11:00:06 +0200
UPDATE meeting_programs SET begin_time = '2014-04-27 11:00' WHERE id = 23091;

-- Event #50, M.Prg: 23092, tot. athletes: 5
-- Tot. progr. duration: 177 (sec), Heat durations: [17747] (hds)
-- Session begin time: 2014-04-27 08:30:00 +0200, Computed begin time: 2014-04-27 11:02:50 +0200
UPDATE meeting_programs SET begin_time = '2014-04-27 11:02' WHERE id = 23092;

-- Event #51, M.Prg: 23093, tot. athletes: 7
-- Tot. progr. duration: 318 (sec), Heat durations: [17192, 14643] (hds)
-- Session begin time: 2014-04-27 08:30:00 +0200, Computed begin time: 2014-04-27 11:05:47 +0200
UPDATE meeting_programs SET begin_time = '2014-04-27 11:05' WHERE id = 23093;

-- Event #52, M.Prg: 23094, tot. athletes: 4
-- Tot. progr. duration: 175 (sec), Heat durations: [17534] (hds)
-- Session begin time: 2014-04-27 08:30:00 +0200, Computed begin time: 2014-04-27 11:11:05 +0200
UPDATE meeting_programs SET begin_time = '2014-04-27 11:11' WHERE id = 23094;

-- Event #53, M.Prg: 23095, tot. athletes: 6
-- Tot. progr. duration: 162 (sec), Heat durations: [16265] (hds)
-- Session begin time: 2014-04-27 08:30:00 +0200, Computed begin time: 2014-04-27 11:14:00 +0200
UPDATE meeting_programs SET begin_time = '2014-04-27 11:14' WHERE id = 23095;

-- Event #54, M.Prg: 23096, tot. athletes: 7
-- Tot. progr. duration: 337 (sec), Heat durations: [19306, 14481] (hds)
-- Session begin time: 2014-04-27 08:30:00 +0200, Computed begin time: 2014-04-27 11:16:42 +0200
UPDATE meeting_programs SET begin_time = '2014-04-27 11:16' WHERE id = 23096;

-- Event #55, M.Prg: 23097, tot. athletes: 6
-- Tot. progr. duration: 172 (sec), Heat durations: [17253] (hds)
-- Session begin time: 2014-04-27 08:30:00 +0200, Computed begin time: 2014-04-27 11:22:19 +0200
UPDATE meeting_programs SET begin_time = '2014-04-27 11:22' WHERE id = 23097;

-- Event #56, M.Prg: 23098, tot. athletes: 4
-- Tot. progr. duration: 171 (sec), Heat durations: [17138] (hds)
-- Session begin time: 2014-04-27 08:30:00 +0200, Computed begin time: 2014-04-27 11:25:11 +0200
UPDATE meeting_programs SET begin_time = '2014-04-27 11:25' WHERE id = 23098;

-- Event #57, M.Prg: 23099, tot. athletes: 2
-- Tot. progr. duration: 160 (sec), Heat durations: [16052] (hds)
-- Session begin time: 2014-04-27 08:30:00 +0200, Computed begin time: 2014-04-27 11:28:02 +0200
UPDATE meeting_programs SET begin_time = '2014-04-27 11:28' WHERE id = 23099;

-- Event #58, M.Prg: 23100, tot. athletes: 2
-- Tot. progr. duration: 178 (sec), Heat durations: [17876] (hds)
-- Session begin time: 2014-04-27 08:30:00 +0200, Computed begin time: 2014-04-27 11:30:42 +0200
UPDATE meeting_programs SET begin_time = '2014-04-27 11:30' WHERE id = 23100;

-- Event #59, M.Prg: 23101, tot. athletes: 2
-- Tot. progr. duration: 183 (sec), Heat durations: [18320] (hds)
-- Session begin time: 2014-04-27 08:30:00 +0200, Computed begin time: 2014-04-27 11:33:40 +0200
UPDATE meeting_programs SET begin_time = '2014-04-27 11:33' WHERE id = 23101;

-- Event #60, M.Prg: 23102, tot. athletes: 1
-- Tot. progr. duration: 201 (sec), Heat durations: [20162] (hds)
-- Session begin time: 2014-04-27 08:30:00 +0200, Computed begin time: 2014-04-27 11:36:43 +0200
UPDATE meeting_programs SET begin_time = '2014-04-27 11:36' WHERE id = 23102;

-- Event #61, M.Prg: 23103, tot. athletes: 6
-- Tot. progr. duration: 168 (sec), Heat durations: [16832] (hds)
-- Session begin time: 2014-04-27 08:30:00 +0200, Computed begin time: 2014-04-27 11:40:04 +0200
UPDATE meeting_programs SET begin_time = '2014-04-27 11:40' WHERE id = 23103;

-- Event #62, M.Prg: 23104, tot. athletes: 1
-- Tot. progr. duration: 221 (sec), Heat durations: [22120] (hds)
-- Session begin time: 2014-04-27 08:30:00 +0200, Computed begin time: 2014-04-27 11:42:52 +0200
UPDATE meeting_programs SET begin_time = '2014-04-27 11:42' WHERE id = 23104;

-- Event #63, M.Prg: 23105, tot. athletes: 1
-- Tot. progr. duration: 232 (sec), Heat durations: [23220] (hds)
-- Session begin time: 2014-04-27 08:30:00 +0200, Computed begin time: 2014-04-27 11:46:33 +0200
UPDATE meeting_programs SET begin_time = '2014-04-27 11:46' WHERE id = 23105;

-- Event #64, M.Prg: 23106, tot. athletes: 1
-- Tot. progr. duration: 254 (sec), Heat durations: [25481] (hds)
-- Session begin time: 2014-04-27 08:30:00 +0200, Computed begin time: 2014-04-27 11:50:25 +0200
UPDATE meeting_programs SET begin_time = '2014-04-27 11:50' WHERE id = 23106;

-- Event #65, M.Prg: 23107, tot. athletes: 1
-- Tot. progr. duration: 342 (sec), Heat durations: [34201] (hds)
-- Session begin time: 2014-04-27 08:30:00 +0200, Computed begin time: 2014-04-27 11:54:39 +0200
UPDATE meeting_programs SET begin_time = '2014-04-27 11:54' WHERE id = 23107;

-- Event #66, M.Prg: 23108, tot. athletes: 1
-- Tot. progr. duration: 427 (sec), Heat durations: [42736] (hds)
-- Session begin time: 2014-04-27 08:30:00 +0200, Computed begin time: 2014-04-27 12:00:21 +0200
UPDATE meeting_programs SET begin_time = '2014-04-27 12:00' WHERE id = 23108;

-- Event #67, M.Prg: 23109, tot. athletes: 4
-- Tot. progr. duration: 283 (sec), Heat durations: [28387] (hds)
-- Session begin time: 2014-04-27 08:30:00 +0200, Computed begin time: 2014-04-27 12:07:28 +0200
UPDATE meeting_programs SET begin_time = '2014-04-27 12:07' WHERE id = 23109;

-- Event #68, M.Prg: 23110, tot. athletes: 1
-- Tot. progr. duration: 228 (sec), Heat durations: [22853] (hds)
-- Session begin time: 2014-04-27 08:30:00 +0200, Computed begin time: 2014-04-27 12:12:11 +0200
UPDATE meeting_programs SET begin_time = '2014-04-27 12:12' WHERE id = 23110;

-- Event #69, M.Prg: 23111, tot. athletes: 2
-- Tot. progr. duration: 283 (sec), Heat durations: [28339] (hds)
-- Session begin time: 2014-04-27 08:30:00 +0200, Computed begin time: 2014-04-27 12:15:59 +0200
UPDATE meeting_programs SET begin_time = '2014-04-27 12:15' WHERE id = 23111;

-- Event #70, M.Prg: 23112, tot. athletes: 1
-- Tot. progr. duration: 264 (sec), Heat durations: [26426] (hds)
-- Session begin time: 2014-04-27 08:30:00 +0200, Computed begin time: 2014-04-27 12:20:42 +0200
UPDATE meeting_programs SET begin_time = '2014-04-27 12:20' WHERE id = 23112;

-- Event #71, M.Prg: 23113, tot. athletes: 3
-- Tot. progr. duration: 263 (sec), Heat durations: [26343] (hds)
-- Session begin time: 2014-04-27 08:30:00 +0200, Computed begin time: 2014-04-27 12:25:06 +0200
UPDATE meeting_programs SET begin_time = '2014-04-27 12:25' WHERE id = 23113;

-- Event #72, M.Prg: 23114, tot. athletes: 2
-- Tot. progr. duration: 310 (sec), Heat durations: [31022] (hds)
-- Session begin time: 2014-04-27 08:30:00 +0200, Computed begin time: 2014-04-27 12:29:29 +0200
UPDATE meeting_programs SET begin_time = '2014-04-27 12:29' WHERE id = 23114;

-- Event #73, M.Prg: 23115, tot. athletes: 5
-- Tot. progr. duration: 299 (sec), Heat durations: [29952] (hds)
-- Session begin time: 2014-04-27 08:30:00 +0200, Computed begin time: 2014-04-27 12:34:39 +0200
UPDATE meeting_programs SET begin_time = '2014-04-27 12:34' WHERE id = 23115;

-- Event #74, M.Prg: 23116, tot. athletes: 2
-- Tot. progr. duration: 403 (sec), Heat durations: [40361] (hds)
-- Session begin time: 2014-04-27 08:30:00 +0200, Computed begin time: 2014-04-27 12:39:38 +0200
UPDATE meeting_programs SET begin_time = '2014-04-27 12:39' WHERE id = 23116;

-- Event #75, M.Prg: 23117, tot. athletes: 2
-- Tot. progr. duration: 320 (sec), Heat durations: [32082] (hds)
-- Session begin time: 2014-04-27 08:30:00 +0200, Computed begin time: 2014-04-27 12:46:21 +0200
UPDATE meeting_programs SET begin_time = '2014-04-27 12:46' WHERE id = 23117;

-- Event #76, M.Prg: 23118, tot. athletes: 2
-- Tot. progr. duration: 432 (sec), Heat durations: [43296] (hds)
-- Session begin time: 2014-04-27 08:30:00 +0200, Computed begin time: 2014-04-27 12:51:41 +0200
UPDATE meeting_programs SET begin_time = '2014-04-27 12:51' WHERE id = 23118;

-- Event #77, M.Prg: 23119, tot. athletes: 1
-- Tot. progr. duration: 282 (sec), Heat durations: [28280] (hds)
-- Session begin time: 2014-04-27 08:30:00 +0200, Computed begin time: 2014-04-27 12:58:53 +0200
UPDATE meeting_programs SET begin_time = '2014-04-27 12:58' WHERE id = 23119;

-- Event #78, M.Prg: 23120, tot. athletes: 2
-- Tot. progr. duration: 260 (sec), Heat durations: [26080] (hds)
-- Session begin time: 2014-04-27 08:30:00 +0200, Computed begin time: 2014-04-27 13:03:35 +0200
UPDATE meeting_programs SET begin_time = '2014-04-27 13:03' WHERE id = 23120;

-- Event #79, M.Prg: 23121, tot. athletes: 2
-- Tot. progr. duration: 98 (sec), Heat durations: [9836] (hds)
-- Session begin time: 2014-04-27 08:30:00 +0200, Computed begin time: 2014-04-27 13:07:55 +0200
UPDATE meeting_programs SET begin_time = '2014-04-27 13:07' WHERE id = 23121;

-- Event #80, M.Prg: 23122, tot. athletes: 3
-- Tot. progr. duration: 100 (sec), Heat durations: [10029] (hds)
-- Session begin time: 2014-04-27 08:30:00 +0200, Computed begin time: 2014-04-27 13:09:33 +0200
UPDATE meeting_programs SET begin_time = '2014-04-27 13:09' WHERE id = 23122;

-- Event #81, M.Prg: 23123, tot. athletes: 1
-- Tot. progr. duration: 94 (sec), Heat durations: [9419] (hds)
-- Session begin time: 2014-04-27 08:30:00 +0200, Computed begin time: 2014-04-27 13:11:13 +0200
UPDATE meeting_programs SET begin_time = '2014-04-27 13:11' WHERE id = 23123;

-- Event #82, M.Prg: 23124, tot. athletes: 1
-- Tot. progr. duration: 126 (sec), Heat durations: [12672] (hds)
-- Session begin time: 2014-04-27 08:30:00 +0200, Computed begin time: 2014-04-27 13:12:47 +0200
UPDATE meeting_programs SET begin_time = '2014-04-27 13:12' WHERE id = 23124;

-- Event #83, M.Prg: 23125, tot. athletes: 1
-- Tot. progr. duration: 111 (sec), Heat durations: [11175] (hds)
-- Session begin time: 2014-04-27 08:30:00 +0200, Computed begin time: 2014-04-27 13:14:53 +0200
UPDATE meeting_programs SET begin_time = '2014-04-27 13:14' WHERE id = 23125;

-- Event #84, M.Prg: 23126, tot. athletes: 1
-- Tot. progr. duration: 103 (sec), Heat durations: [10367] (hds)
-- Session begin time: 2014-04-27 08:30:00 +0200, Computed begin time: 2014-04-27 13:16:44 +0200
UPDATE meeting_programs SET begin_time = '2014-04-27 13:16' WHERE id = 23126;

-- Event #85, M.Prg: 23127, tot. athletes: 9
-- Tot. progr. duration: 197 (sec), Heat durations: [10743, 9051] (hds)
-- Session begin time: 2014-04-27 08:30:00 +0200, Computed begin time: 2014-04-27 13:18:27 +0200
UPDATE meeting_programs SET begin_time = '2014-04-27 13:18' WHERE id = 23127;

-- Event #86, M.Prg: 23128, tot. athletes: 5
-- Tot. progr. duration: 104 (sec), Heat durations: [10465] (hds)
-- Session begin time: 2014-04-27 08:30:00 +0200, Computed begin time: 2014-04-27 13:21:44 +0200
UPDATE meeting_programs SET begin_time = '2014-04-27 13:21' WHERE id = 23128;

-- Event #87, M.Prg: 23129, tot. athletes: 3
-- Tot. progr. duration: 98 (sec), Heat durations: [9826] (hds)
-- Session begin time: 2014-04-27 08:30:00 +0200, Computed begin time: 2014-04-27 13:23:28 +0200
UPDATE meeting_programs SET begin_time = '2014-04-27 13:23' WHERE id = 23129;

-- Event #88, M.Prg: 23130, tot. athletes: 2
-- Tot. progr. duration: 97 (sec), Heat durations: [9708] (hds)
-- Session begin time: 2014-04-27 08:30:00 +0200, Computed begin time: 2014-04-27 13:25:06 +0200
UPDATE meeting_programs SET begin_time = '2014-04-27 13:25' WHERE id = 23130;

-- Event #89, M.Prg: 23131, tot. athletes: 3
-- Tot. progr. duration: 127 (sec), Heat durations: [12765] (hds)
-- Session begin time: 2014-04-27 08:30:00 +0200, Computed begin time: 2014-04-27 13:26:43 +0200
UPDATE meeting_programs SET begin_time = '2014-04-27 13:26' WHERE id = 23131;

-- Event #90, M.Prg: 23132, tot. athletes: 2
-- Tot. progr. duration: 100 (sec), Heat durations: [10079] (hds)
-- Session begin time: 2014-04-27 08:30:00 +0200, Computed begin time: 2014-04-27 13:28:50 +0200
UPDATE meeting_programs SET begin_time = '2014-04-27 13:28' WHERE id = 23132;

-- Event #91, M.Prg: 23133, tot. athletes: 1
-- Tot. progr. duration: 114 (sec), Heat durations: [11405] (hds)
-- Session begin time: 2014-04-27 08:30:00 +0200, Computed begin time: 2014-04-27 13:30:30 +0200
UPDATE meeting_programs SET begin_time = '2014-04-27 13:30' WHERE id = 23133;

-- Event #92, M.Prg: 23134, tot. athletes: 1
-- Tot. progr. duration: 131 (sec), Heat durations: [13140] (hds)
-- Session begin time: 2014-04-27 08:30:00 +0200, Computed begin time: 2014-04-27 13:32:24 +0200
UPDATE meeting_programs SET begin_time = '2014-04-27 13:32' WHERE id = 23134;

-- Event #93, M.Prg: 23135, tot. athletes: 2
-- Tot. progr. duration: 125 (sec), Heat durations: [12546] (hds)
-- Session begin time: 2014-04-27 08:30:00 +0200, Computed begin time: 2014-04-27 13:34:35 +0200
UPDATE meeting_programs SET begin_time = '2014-04-27 13:34' WHERE id = 23135;

-- Event #94, M.Prg: 23136, tot. athletes: 3
-- Tot. progr. duration: 103 (sec), Heat durations: [10372] (hds)
-- Session begin time: 2014-04-27 08:30:00 +0200, Computed begin time: 2014-04-27 13:36:40 +0200
UPDATE meeting_programs SET begin_time = '2014-04-27 13:36' WHERE id = 23136;

-- Event #95, M.Prg: 23137, tot. athletes: 6
-- Tot. progr. duration: 103 (sec), Heat durations: [10326] (hds)
-- Session begin time: 2014-04-27 08:30:00 +0200, Computed begin time: 2014-04-27 13:38:23 +0200
UPDATE meeting_programs SET begin_time = '2014-04-27 13:38' WHERE id = 23137;

-- Event #96, M.Prg: 23138, tot. athletes: 3
-- Tot. progr. duration: 102 (sec), Heat durations: [10201] (hds)
-- Session begin time: 2014-04-27 08:30:00 +0200, Computed begin time: 2014-04-27 13:40:06 +0200
UPDATE meeting_programs SET begin_time = '2014-04-27 13:40' WHERE id = 23138;

-- Event #97, M.Prg: 23139, tot. athletes: 3
-- Tot. progr. duration: 107 (sec), Heat durations: [10730] (hds)
-- Session begin time: 2014-04-27 08:30:00 +0200, Computed begin time: 2014-04-27 13:41:48 +0200
UPDATE meeting_programs SET begin_time = '2014-04-27 13:41' WHERE id = 23139;

-- Event #98, M.Prg: 23140, tot. athletes: 6
-- Tot. progr. duration: 106 (sec), Heat durations: [10665] (hds)
-- Session begin time: 2014-04-27 08:30:00 +0200, Computed begin time: 2014-04-27 13:43:35 +0200
UPDATE meeting_programs SET begin_time = '2014-04-27 13:43' WHERE id = 23140;

-- Event #99, M.Prg: 23141, tot. athletes: 3
-- Tot. progr. duration: 102 (sec), Heat durations: [10240] (hds)
-- Session begin time: 2014-04-27 08:30:00 +0200, Computed begin time: 2014-04-27 13:45:21 +0200
UPDATE meeting_programs SET begin_time = '2014-04-27 13:45' WHERE id = 23141;

-- Event #100, M.Prg: 23142, tot. athletes: 2
-- Tot. progr. duration: 110 (sec), Heat durations: [11067] (hds)
-- Session begin time: 2014-04-27 08:30:00 +0200, Computed begin time: 2014-04-27 13:47:03 +0200
UPDATE meeting_programs SET begin_time = '2014-04-27 13:47' WHERE id = 23142;

-- Event #101, M.Prg: 23143, tot. athletes: 1
-- Tot. progr. duration: 110 (sec), Heat durations: [11080] (hds)
-- Session begin time: 2014-04-27 08:30:00 +0200, Computed begin time: 2014-04-27 13:48:53 +0200
UPDATE meeting_programs SET begin_time = '2014-04-27 13:48' WHERE id = 23143;

-- Event #102, M.Prg: 23144, tot. athletes: 2
-- Tot. progr. duration: 180 (sec), Heat durations: [18057] (hds)
-- Session begin time: 2014-04-27 08:30:00 +0200, Computed begin time: 2014-04-27 13:50:43 +0200
UPDATE meeting_programs SET begin_time = '2014-04-27 13:50' WHERE id = 23144;

-- Event #103, M.Prg: 23145, tot. athletes: 1
-- Tot. progr. duration: 166 (sec), Heat durations: [16654] (hds)
-- Session begin time: 2014-04-27 08:30:00 +0200, Computed begin time: 2014-04-27 13:53:43 +0200
UPDATE meeting_programs SET begin_time = '2014-04-27 13:53' WHERE id = 23145;

-- Event #104, M.Prg: 23146, tot. athletes: 3
-- Tot. progr. duration: 96 (sec), Heat durations: [9687] (hds)
-- Session begin time: 2014-04-27 08:30:00 +0200, Computed begin time: 2014-04-27 13:56:29 +0200
UPDATE meeting_programs SET begin_time = '2014-04-27 13:56' WHERE id = 23146;

-- Event #105, M.Prg: 23147, tot. athletes: 9
-- Tot. progr. duration: 200 (sec), Heat durations: [11177, 8849] (hds)
-- Session begin time: 2014-04-27 08:30:00 +0200, Computed begin time: 2014-04-27 13:58:05 +0200
UPDATE meeting_programs SET begin_time = '2014-04-27 13:58' WHERE id = 23147;

-- Event #106, M.Prg: 23148, tot. athletes: 12
-- Tot. progr. duration: 190 (sec), Heat durations: [9872, 9201] (hds)
-- Session begin time: 2014-04-27 08:30:00 +0200, Computed begin time: 2014-04-27 14:01:25 +0200
UPDATE meeting_programs SET begin_time = '2014-04-27 14:01' WHERE id = 23148;

-- Event #107, M.Prg: 23149, tot. athletes: 10
-- Tot. progr. duration: 189 (sec), Heat durations: [9724, 9233] (hds)
-- Session begin time: 2014-04-27 08:30:00 +0200, Computed begin time: 2014-04-27 14:04:35 +0200
UPDATE meeting_programs SET begin_time = '2014-04-27 14:04' WHERE id = 23149;

-- Event #108, M.Prg: 23150, tot. athletes: 10
-- Tot. progr. duration: 188 (sec), Heat durations: [9760, 9075] (hds)
-- Session begin time: 2014-04-27 08:30:00 +0200, Computed begin time: 2014-04-27 14:07:44 +0200
UPDATE meeting_programs SET begin_time = '2014-04-27 14:07' WHERE id = 23150;

-- Event #109, M.Prg: 23151, tot. athletes: 8
-- Tot. progr. duration: 192 (sec), Heat durations: [10110, 9174] (hds)
-- Session begin time: 2014-04-27 08:30:00 +0200, Computed begin time: 2014-04-27 14:10:52 +0200
UPDATE meeting_programs SET begin_time = '2014-04-27 14:10' WHERE id = 23151;

-- Event #110, M.Prg: 23152, tot. athletes: 9
-- Tot. progr. duration: 200 (sec), Heat durations: [10772, 9268] (hds)
-- Session begin time: 2014-04-27 08:30:00 +0200, Computed begin time: 2014-04-27 14:14:04 +0200
UPDATE meeting_programs SET begin_time = '2014-04-27 14:14' WHERE id = 23152;

-- Event #111, M.Prg: 23153, tot. athletes: 7
-- Tot. progr. duration: 192 (sec), Heat durations: [10032, 9227] (hds)
-- Session begin time: 2014-04-27 08:30:00 +0200, Computed begin time: 2014-04-27 14:17:24 +0200
UPDATE meeting_programs SET begin_time = '2014-04-27 14:17' WHERE id = 23153;

-- Event #112, M.Prg: 23154, tot. athletes: 3
-- Tot. progr. duration: 118 (sec), Heat durations: [11800] (hds)
-- Session begin time: 2014-04-27 08:30:00 +0200, Computed begin time: 2014-04-27 14:20:36 +0200
UPDATE meeting_programs SET begin_time = '2014-04-27 14:20' WHERE id = 23154;

-- Event #113, M.Prg: 23155, tot. athletes: 4
-- Tot. progr. duration: 104 (sec), Heat durations: [10443] (hds)
-- Session begin time: 2014-04-27 08:30:00 +0200, Computed begin time: 2014-04-27 14:22:34 +0200
UPDATE meeting_programs SET begin_time = '2014-04-27 14:22' WHERE id = 23155;

-- Event #114, M.Prg: 23156, tot. athletes: 3
-- Tot. progr. duration: 117 (sec), Heat durations: [11765] (hds)
-- Session begin time: 2014-04-27 08:30:00 +0200, Computed begin time: 2014-04-27 14:24:18 +0200
UPDATE meeting_programs SET begin_time = '2014-04-27 14:24' WHERE id = 23156;

-- Event #115, M.Prg: 23157, tot. athletes: 1
-- Tot. progr. duration: 102 (sec), Heat durations: [10242] (hds)
-- Session begin time: 2014-04-27 08:30:00 +0200, Computed begin time: 2014-04-27 14:26:15 +0200
UPDATE meeting_programs SET begin_time = '2014-04-27 14:26' WHERE id = 23157;

-- Event #116, M.Prg: 23158, tot. athletes: 10
-- Tot. progr. duration: 189 (sec), Heat durations: [9839, 9119] (hds)
-- Session begin time: 2014-04-27 08:30:00 +0200, Computed begin time: 2014-04-27 14:27:57 +0200
UPDATE meeting_programs SET begin_time = '2014-04-27 14:27' WHERE id = 23158;

-- Event #117, M.Prg: 23159, tot. athletes: 1
-- Tot. progr. duration: 1127 (sec), Heat durations: [112788] (hds)
-- Session begin time: 2014-04-27 08:30:00 +0200, Computed begin time: 2014-04-27 14:31:06 +0200
UPDATE meeting_programs SET begin_time = '2014-04-27 14:31' WHERE id = 23159;

-- Event #118, M.Prg: 23160, tot. athletes: 2
-- Tot. progr. duration: 983 (sec), Heat durations: [98342] (hds)
-- Session begin time: 2014-04-27 08:30:00 +0200, Computed begin time: 2014-04-27 14:49:53 +0200
UPDATE meeting_programs SET begin_time = '2014-04-27 14:49' WHERE id = 23160;

-- Event #119, M.Prg: 23161, tot. athletes: 2
-- Tot. progr. duration: 922 (sec), Heat durations: [92259] (hds)
-- Session begin time: 2014-04-27 08:30:00 +0200, Computed begin time: 2014-04-27 15:06:16 +0200
UPDATE meeting_programs SET begin_time = '2014-04-27 15:06' WHERE id = 23161;

-- Event #120, M.Prg: 23162, tot. athletes: 2
-- Tot. progr. duration: 880 (sec), Heat durations: [88033] (hds)
-- Session begin time: 2014-04-27 08:30:00 +0200, Computed begin time: 2014-04-27 15:21:38 +0200
UPDATE meeting_programs SET begin_time = '2014-04-27 15:21' WHERE id = 23162;

-- Event #121, M.Prg: 23163, tot. athletes: 1
-- Tot. progr. duration: 909 (sec), Heat durations: [90943] (hds)
-- Session begin time: 2014-04-27 08:30:00 +0200, Computed begin time: 2014-04-27 15:36:18 +0200
UPDATE meeting_programs SET begin_time = '2014-04-27 15:36' WHERE id = 23163;

-- Event #122, M.Prg: 23164, tot. athletes: 1
-- Tot. progr. duration: 982 (sec), Heat durations: [98264] (hds)
-- Session begin time: 2014-04-27 08:30:00 +0200, Computed begin time: 2014-04-27 15:51:27 +0200
UPDATE meeting_programs SET begin_time = '2014-04-27 15:51' WHERE id = 23164;

-- Event #123, M.Prg: 23165, tot. athletes: 2
-- Tot. progr. duration: 676 (sec), Heat durations: [67651] (hds)
-- Session begin time: 2014-04-27 08:30:00 +0200, Computed begin time: 2014-04-27 16:07:49 +0200
UPDATE meeting_programs SET begin_time = '2014-04-27 16:07' WHERE id = 23165;

-- Event #124, M.Prg: 23166, tot. athletes: 4
-- Tot. progr. duration: 771 (sec), Heat durations: [77125] (hds)
-- Session begin time: 2014-04-27 08:30:00 +0200, Computed begin time: 2014-04-27 16:19:05 +0200
UPDATE meeting_programs SET begin_time = '2014-04-27 16:19' WHERE id = 23166;

-- Event #125, M.Prg: 23167, tot. athletes: 4
-- Tot. progr. duration: 978 (sec), Heat durations: [97877] (hds)
-- Session begin time: 2014-04-27 08:30:00 +0200, Computed begin time: 2014-04-27 16:31:56 +0200
UPDATE meeting_programs SET begin_time = '2014-04-27 16:31' WHERE id = 23167;

-- Event #126, M.Prg: 23168, tot. athletes: 6
-- Tot. progr. duration: 1031 (sec), Heat durations: [103178] (hds)
-- Session begin time: 2014-04-27 08:30:00 +0200, Computed begin time: 2014-04-27 16:48:14 +0200
UPDATE meeting_programs SET begin_time = '2014-04-27 16:48' WHERE id = 23168;

-- Event #127, M.Prg: 23169, tot. athletes: 2
-- Tot. progr. duration: 802 (sec), Heat durations: [80260] (hds)
-- Session begin time: 2014-04-27 08:30:00 +0200, Computed begin time: 2014-04-27 17:05:25 +0200
UPDATE meeting_programs SET begin_time = '2014-04-27 17:05' WHERE id = 23169;

-- Event #128, M.Prg: 23170, tot. athletes: 1
-- Tot. progr. duration: 1065 (sec), Heat durations: [106565] (hds)
-- Session begin time: 2014-04-27 08:30:00 +0200, Computed begin time: 2014-04-27 17:18:47 +0200
UPDATE meeting_programs SET begin_time = '2014-04-27 17:18' WHERE id = 23170;


-- Last completed phase code: 30
