-- *** SQL Diff file for ris20140413ponente.txt ***
-- Timestamp: 201502282358
INSERT INTO `meeting_events` (`id`, `created_at`, `updated_at`, `event_order`, `begin_time`, `is_out_of_race`, `is_autofilled`, `notes`, `meeting_session_id`, `event_type_id`, `heat_type_id`, `user_id`, `has_separate_gender_start_list`, `has_separate_category_start_list`)
  VALUES (3188, '2015-03-01 00:03:12', '2015-03-01 00:03:12', 1, '2000-01-01 08:02:00', 0, 1, NULL, 513, 16, 3, 1, 1, 0);

INSERT INTO `meeting_programs` (`id`, `event_order`, `category_type_id`, `gender_type_id`, `user_id`, `created_at`, `updated_at`, `is_autofilled`, `is_out_of_race`, `begin_time`, `meeting_event_id`, `pool_type_id`, `time_standard_id`)
  VALUES (22135, 1, 694, 2, 1, '2015-03-01 00:03:12', '2015-03-01 00:03:12', 1, 0, '2000-01-01 08:02:00', 3188, 1, 2764);

INSERT INTO `meeting_programs` (`id`, `event_order`, `category_type_id`, `gender_type_id`, `user_id`, `created_at`, `updated_at`, `is_autofilled`, `is_out_of_race`, `begin_time`, `meeting_event_id`, `pool_type_id`, `time_standard_id`)
  VALUES (22136, 2, 695, 2, 1, '2015-03-01 00:03:12', '2015-03-01 00:03:12', 1, 0, '2000-01-01 08:04:00', 3188, 1, 2782);

INSERT INTO `meeting_programs` (`id`, `event_order`, `category_type_id`, `gender_type_id`, `user_id`, `created_at`, `updated_at`, `is_autofilled`, `is_out_of_race`, `begin_time`, `meeting_event_id`, `pool_type_id`, `time_standard_id`)
  VALUES (22137, 3, 696, 2, 1, '2015-03-01 00:03:12', '2015-03-01 00:03:12', 1, 0, '2000-01-01 08:06:00', 3188, 1, 2800);

INSERT INTO `meeting_programs` (`id`, `event_order`, `category_type_id`, `gender_type_id`, `user_id`, `created_at`, `updated_at`, `is_autofilled`, `is_out_of_race`, `begin_time`, `meeting_event_id`, `pool_type_id`, `time_standard_id`)
  VALUES (22138, 4, 697, 2, 1, '2015-03-01 00:03:12', '2015-03-01 00:03:12', 1, 0, '2000-01-01 08:08:00', 3188, 1, 2818);

INSERT INTO `meeting_programs` (`id`, `event_order`, `category_type_id`, `gender_type_id`, `user_id`, `created_at`, `updated_at`, `is_autofilled`, `is_out_of_race`, `begin_time`, `meeting_event_id`, `pool_type_id`, `time_standard_id`)
  VALUES (22139, 5, 698, 2, 1, '2015-03-01 00:03:12', '2015-03-01 00:03:12', 1, 0, '2000-01-01 08:10:00', 3188, 1, 2836);

INSERT INTO `meeting_programs` (`id`, `event_order`, `category_type_id`, `gender_type_id`, `user_id`, `created_at`, `updated_at`, `is_autofilled`, `is_out_of_race`, `begin_time`, `meeting_event_id`, `pool_type_id`, `time_standard_id`)
  VALUES (22140, 6, 694, 1, 1, '2015-03-01 00:03:12', '2015-03-01 00:03:12', 1, 0, '2000-01-01 08:12:00', 3188, 1, 2240);

INSERT INTO `meeting_programs` (`id`, `event_order`, `category_type_id`, `gender_type_id`, `user_id`, `created_at`, `updated_at`, `is_autofilled`, `is_out_of_race`, `begin_time`, `meeting_event_id`, `pool_type_id`, `time_standard_id`)
  VALUES (22141, 7, 695, 1, 1, '2015-03-01 00:03:12', '2015-03-01 00:03:12', 1, 0, '2000-01-01 08:14:00', 3188, 1, 2258);

INSERT INTO `meeting_programs` (`id`, `event_order`, `category_type_id`, `gender_type_id`, `user_id`, `created_at`, `updated_at`, `is_autofilled`, `is_out_of_race`, `begin_time`, `meeting_event_id`, `pool_type_id`, `time_standard_id`)
  VALUES (22142, 8, 696, 1, 1, '2015-03-01 00:03:12', '2015-03-01 00:03:12', 1, 0, '2000-01-01 08:16:00', 3188, 1, 2276);

INSERT INTO `meeting_programs` (`id`, `event_order`, `category_type_id`, `gender_type_id`, `user_id`, `created_at`, `updated_at`, `is_autofilled`, `is_out_of_race`, `begin_time`, `meeting_event_id`, `pool_type_id`, `time_standard_id`)
  VALUES (22143, 9, 697, 1, 1, '2015-03-01 00:03:12', '2015-03-01 00:03:12', 1, 0, '2000-01-01 08:18:00', 3188, 1, 2294);

INSERT INTO `meeting_programs` (`id`, `event_order`, `category_type_id`, `gender_type_id`, `user_id`, `created_at`, `updated_at`, `is_autofilled`, `is_out_of_race`, `begin_time`, `meeting_event_id`, `pool_type_id`, `time_standard_id`)
  VALUES (22144, 10, 698, 1, 1, '2015-03-01 00:03:13', '2015-03-01 00:03:13', 1, 0, '2000-01-01 08:20:00', 3188, 1, 2312);

INSERT INTO `meeting_programs` (`id`, `event_order`, `category_type_id`, `gender_type_id`, `user_id`, `created_at`, `updated_at`, `is_autofilled`, `is_out_of_race`, `begin_time`, `meeting_event_id`, `pool_type_id`, `time_standard_id`)
  VALUES (22145, 11, 701, 1, 1, '2015-03-01 00:03:13', '2015-03-01 00:03:13', 1, 0, '2000-01-01 08:22:00', 3188, 1, 2366);

INSERT INTO `meeting_programs` (`id`, `event_order`, `category_type_id`, `gender_type_id`, `user_id`, `created_at`, `updated_at`, `is_autofilled`, `is_out_of_race`, `begin_time`, `meeting_event_id`, `pool_type_id`, `time_standard_id`)
  VALUES (22146, 12, 702, 1, 1, '2015-03-01 00:03:13', '2015-03-01 00:03:13', 1, 0, '2000-01-01 08:24:00', 3188, 1, 2384);

INSERT INTO `meeting_programs` (`id`, `event_order`, `category_type_id`, `gender_type_id`, `user_id`, `created_at`, `updated_at`, `is_autofilled`, `is_out_of_race`, `begin_time`, `meeting_event_id`, `pool_type_id`, `time_standard_id`)
  VALUES (22147, 13, 703, 1, 1, '2015-03-01 00:03:13', '2015-03-01 00:03:13', 1, 0, '2000-01-01 08:26:00', 3188, 1, 2402);

INSERT INTO `meeting_events` (`id`, `created_at`, `updated_at`, `event_order`, `begin_time`, `is_out_of_race`, `is_autofilled`, `notes`, `meeting_session_id`, `event_type_id`, `heat_type_id`, `user_id`, `has_separate_gender_start_list`, `has_separate_category_start_list`)
  VALUES (3189, '2015-03-01 00:03:13', '2015-03-01 00:03:13', 2, '2000-01-01 08:28:00', 0, 1, NULL, 513, 12, 3, 1, 1, 0);

INSERT INTO `meeting_programs` (`id`, `event_order`, `category_type_id`, `gender_type_id`, `user_id`, `created_at`, `updated_at`, `is_autofilled`, `is_out_of_race`, `begin_time`, `meeting_event_id`, `pool_type_id`, `time_standard_id`)
  VALUES (22148, 14, 697, 2, 1, '2015-03-01 00:03:13', '2015-03-01 00:03:13', 1, 0, '2000-01-01 08:28:00', 3189, 1, 2824);

INSERT INTO `meeting_programs` (`id`, `event_order`, `category_type_id`, `gender_type_id`, `user_id`, `created_at`, `updated_at`, `is_autofilled`, `is_out_of_race`, `begin_time`, `meeting_event_id`, `pool_type_id`, `time_standard_id`)
  VALUES (22149, 15, 698, 2, 1, '2015-03-01 00:03:13', '2015-03-01 00:03:13', 1, 0, '2000-01-01 08:30:00', 3189, 1, 2842);

INSERT INTO `meeting_programs` (`id`, `event_order`, `category_type_id`, `gender_type_id`, `user_id`, `created_at`, `updated_at`, `is_autofilled`, `is_out_of_race`, `begin_time`, `meeting_event_id`, `pool_type_id`, `time_standard_id`)
  VALUES (22150, 16, 700, 2, 1, '2015-03-01 00:03:13', '2015-03-01 00:03:13', 1, 0, '2000-01-01 08:32:00', 3189, 1, 2878);

INSERT INTO `meeting_programs` (`id`, `event_order`, `category_type_id`, `gender_type_id`, `user_id`, `created_at`, `updated_at`, `is_autofilled`, `is_out_of_race`, `begin_time`, `meeting_event_id`, `pool_type_id`, `time_standard_id`)
  VALUES (22151, 17, 695, 1, 1, '2015-03-01 00:03:13', '2015-03-01 00:03:13', 1, 0, '2000-01-01 08:34:00', 3189, 1, 2264);

INSERT INTO `meeting_programs` (`id`, `event_order`, `category_type_id`, `gender_type_id`, `user_id`, `created_at`, `updated_at`, `is_autofilled`, `is_out_of_race`, `begin_time`, `meeting_event_id`, `pool_type_id`, `time_standard_id`)
  VALUES (22152, 18, 697, 1, 1, '2015-03-01 00:03:13', '2015-03-01 00:03:13', 1, 0, '2000-01-01 08:36:00', 3189, 1, 2300);

INSERT INTO `meeting_programs` (`id`, `event_order`, `category_type_id`, `gender_type_id`, `user_id`, `created_at`, `updated_at`, `is_autofilled`, `is_out_of_race`, `begin_time`, `meeting_event_id`, `pool_type_id`, `time_standard_id`)
  VALUES (22153, 19, 699, 1, 1, '2015-03-01 00:03:13', '2015-03-01 00:03:13', 1, 0, '2000-01-01 08:38:00', 3189, 1, 2336);

INSERT INTO `meeting_programs` (`id`, `event_order`, `category_type_id`, `gender_type_id`, `user_id`, `created_at`, `updated_at`, `is_autofilled`, `is_out_of_race`, `begin_time`, `meeting_event_id`, `pool_type_id`, `time_standard_id`)
  VALUES (22154, 20, 700, 1, 1, '2015-03-01 00:03:13', '2015-03-01 00:03:13', 1, 0, '2000-01-01 08:40:00', 3189, 1, 2354);

INSERT INTO `meeting_programs` (`id`, `event_order`, `category_type_id`, `gender_type_id`, `user_id`, `created_at`, `updated_at`, `is_autofilled`, `is_out_of_race`, `begin_time`, `meeting_event_id`, `pool_type_id`, `time_standard_id`)
  VALUES (22155, 21, 701, 1, 1, '2015-03-01 00:03:13', '2015-03-01 00:03:13', 1, 0, '2000-01-01 08:42:00', 3189, 1, 2372);

INSERT INTO `meeting_programs` (`id`, `event_order`, `category_type_id`, `gender_type_id`, `user_id`, `created_at`, `updated_at`, `is_autofilled`, `is_out_of_race`, `begin_time`, `meeting_event_id`, `pool_type_id`, `time_standard_id`)
  VALUES (22156, 22, 693, 1, 1, '2015-03-01 00:03:13', '2015-03-01 00:03:13', 1, 0, '2000-01-01 08:44:00', 3189, 1, NULL);

INSERT INTO `meeting_events` (`id`, `created_at`, `updated_at`, `event_order`, `begin_time`, `is_out_of_race`, `is_autofilled`, `notes`, `meeting_session_id`, `event_type_id`, `heat_type_id`, `user_id`, `has_separate_gender_start_list`, `has_separate_category_start_list`)
  VALUES (3190, '2015-03-01 00:03:13', '2015-03-01 00:03:13', 3, '2000-01-01 08:46:00', 0, 1, NULL, 513, 20, 3, 1, 1, 0);

INSERT INTO `meeting_programs` (`id`, `event_order`, `category_type_id`, `gender_type_id`, `user_id`, `created_at`, `updated_at`, `is_autofilled`, `is_out_of_race`, `begin_time`, `meeting_event_id`, `pool_type_id`, `time_standard_id`)
  VALUES (22157, 23, 694, 2, 1, '2015-03-01 00:03:13', '2015-03-01 00:03:13', 1, 0, '2000-01-01 08:46:00', 3190, 1, 2767);

INSERT INTO `meeting_programs` (`id`, `event_order`, `category_type_id`, `gender_type_id`, `user_id`, `created_at`, `updated_at`, `is_autofilled`, `is_out_of_race`, `begin_time`, `meeting_event_id`, `pool_type_id`, `time_standard_id`)
  VALUES (22158, 24, 695, 2, 1, '2015-03-01 00:03:14', '2015-03-01 00:03:14', 1, 0, '2000-01-01 08:48:00', 3190, 1, 2785);

INSERT INTO `meeting_programs` (`id`, `event_order`, `category_type_id`, `gender_type_id`, `user_id`, `created_at`, `updated_at`, `is_autofilled`, `is_out_of_race`, `begin_time`, `meeting_event_id`, `pool_type_id`, `time_standard_id`)
  VALUES (22159, 25, 696, 2, 1, '2015-03-01 00:03:14', '2015-03-01 00:03:14', 1, 0, '2000-01-01 08:50:00', 3190, 1, 2803);

INSERT INTO `meeting_programs` (`id`, `event_order`, `category_type_id`, `gender_type_id`, `user_id`, `created_at`, `updated_at`, `is_autofilled`, `is_out_of_race`, `begin_time`, `meeting_event_id`, `pool_type_id`, `time_standard_id`)
  VALUES (22160, 26, 697, 2, 1, '2015-03-01 00:03:14', '2015-03-01 00:03:14', 1, 0, '2000-01-01 08:52:00', 3190, 1, 2821);

INSERT INTO `meeting_programs` (`id`, `event_order`, `category_type_id`, `gender_type_id`, `user_id`, `created_at`, `updated_at`, `is_autofilled`, `is_out_of_race`, `begin_time`, `meeting_event_id`, `pool_type_id`, `time_standard_id`)
  VALUES (22161, 27, 698, 2, 1, '2015-03-01 00:03:14', '2015-03-01 00:03:14', 1, 0, '2000-01-01 08:54:00', 3190, 1, 2839);

INSERT INTO `meeting_programs` (`id`, `event_order`, `category_type_id`, `gender_type_id`, `user_id`, `created_at`, `updated_at`, `is_autofilled`, `is_out_of_race`, `begin_time`, `meeting_event_id`, `pool_type_id`, `time_standard_id`)
  VALUES (22162, 28, 699, 2, 1, '2015-03-01 00:03:14', '2015-03-01 00:03:14', 1, 0, '2000-01-01 08:56:00', 3190, 1, 2857);

INSERT INTO `meeting_programs` (`id`, `event_order`, `category_type_id`, `gender_type_id`, `user_id`, `created_at`, `updated_at`, `is_autofilled`, `is_out_of_race`, `begin_time`, `meeting_event_id`, `pool_type_id`, `time_standard_id`)
  VALUES (22163, 29, 700, 2, 1, '2015-03-01 00:03:14', '2015-03-01 00:03:14', 1, 0, '2000-01-01 08:58:00', 3190, 1, 2875);

INSERT INTO `meeting_programs` (`id`, `event_order`, `category_type_id`, `gender_type_id`, `user_id`, `created_at`, `updated_at`, `is_autofilled`, `is_out_of_race`, `begin_time`, `meeting_event_id`, `pool_type_id`, `time_standard_id`)
  VALUES (22164, 30, 694, 1, 1, '2015-03-01 00:03:14', '2015-03-01 00:03:14', 1, 0, '2000-01-01 09:00:00', 3190, 1, 2243);

INSERT INTO `meeting_programs` (`id`, `event_order`, `category_type_id`, `gender_type_id`, `user_id`, `created_at`, `updated_at`, `is_autofilled`, `is_out_of_race`, `begin_time`, `meeting_event_id`, `pool_type_id`, `time_standard_id`)
  VALUES (22165, 31, 695, 1, 1, '2015-03-01 00:03:14', '2015-03-01 00:03:14', 1, 0, '2000-01-01 09:02:00', 3190, 1, 2261);

INSERT INTO `meeting_programs` (`id`, `event_order`, `category_type_id`, `gender_type_id`, `user_id`, `created_at`, `updated_at`, `is_autofilled`, `is_out_of_race`, `begin_time`, `meeting_event_id`, `pool_type_id`, `time_standard_id`)
  VALUES (22166, 32, 696, 1, 1, '2015-03-01 00:03:14', '2015-03-01 00:03:14', 1, 0, '2000-01-01 09:04:00', 3190, 1, 2279);

INSERT INTO `meeting_programs` (`id`, `event_order`, `category_type_id`, `gender_type_id`, `user_id`, `created_at`, `updated_at`, `is_autofilled`, `is_out_of_race`, `begin_time`, `meeting_event_id`, `pool_type_id`, `time_standard_id`)
  VALUES (22167, 33, 697, 1, 1, '2015-03-01 00:03:14', '2015-03-01 00:03:14', 1, 0, '2000-01-01 09:06:00', 3190, 1, 2297);

INSERT INTO `meeting_programs` (`id`, `event_order`, `category_type_id`, `gender_type_id`, `user_id`, `created_at`, `updated_at`, `is_autofilled`, `is_out_of_race`, `begin_time`, `meeting_event_id`, `pool_type_id`, `time_standard_id`)
  VALUES (22168, 34, 698, 1, 1, '2015-03-01 00:03:14', '2015-03-01 00:03:14', 1, 0, '2000-01-01 09:08:00', 3190, 1, 2315);

INSERT INTO `meeting_programs` (`id`, `event_order`, `category_type_id`, `gender_type_id`, `user_id`, `created_at`, `updated_at`, `is_autofilled`, `is_out_of_race`, `begin_time`, `meeting_event_id`, `pool_type_id`, `time_standard_id`)
  VALUES (22169, 35, 699, 1, 1, '2015-03-01 00:03:14', '2015-03-01 00:03:14', 1, 0, '2000-01-01 09:10:00', 3190, 1, 2333);

INSERT INTO `meeting_programs` (`id`, `event_order`, `category_type_id`, `gender_type_id`, `user_id`, `created_at`, `updated_at`, `is_autofilled`, `is_out_of_race`, `begin_time`, `meeting_event_id`, `pool_type_id`, `time_standard_id`)
  VALUES (22170, 36, 700, 1, 1, '2015-03-01 00:03:15', '2015-03-01 00:03:15', 1, 0, '2000-01-01 09:12:00', 3190, 1, 2351);

INSERT INTO `meeting_programs` (`id`, `event_order`, `category_type_id`, `gender_type_id`, `user_id`, `created_at`, `updated_at`, `is_autofilled`, `is_out_of_race`, `begin_time`, `meeting_event_id`, `pool_type_id`, `time_standard_id`)
  VALUES (22171, 37, 701, 1, 1, '2015-03-01 00:03:15', '2015-03-01 00:03:15', 1, 0, '2000-01-01 09:14:00', 3190, 1, 2369);

INSERT INTO `meeting_programs` (`id`, `event_order`, `category_type_id`, `gender_type_id`, `user_id`, `created_at`, `updated_at`, `is_autofilled`, `is_out_of_race`, `begin_time`, `meeting_event_id`, `pool_type_id`, `time_standard_id`)
  VALUES (22172, 38, 693, 1, 1, '2015-03-01 00:03:15', '2015-03-01 00:03:15', 1, 0, '2000-01-01 09:16:00', 3190, 1, NULL);

INSERT INTO `meeting_events` (`id`, `created_at`, `updated_at`, `event_order`, `begin_time`, `is_out_of_race`, `is_autofilled`, `notes`, `meeting_session_id`, `event_type_id`, `heat_type_id`, `user_id`, `has_separate_gender_start_list`, `has_separate_category_start_list`)
  VALUES (3191, '2015-03-01 00:03:15', '2015-03-01 00:03:15', 4, '2000-01-01 09:18:00', 0, 1, NULL, 513, 3, 3, 1, 1, 0);

INSERT INTO `meeting_programs` (`id`, `event_order`, `category_type_id`, `gender_type_id`, `user_id`, `created_at`, `updated_at`, `is_autofilled`, `is_out_of_race`, `begin_time`, `meeting_event_id`, `pool_type_id`, `time_standard_id`)
  VALUES (22173, 39, 694, 2, 1, '2015-03-01 00:03:15', '2015-03-01 00:03:15', 1, 0, '2000-01-01 09:18:00', 3191, 1, 2758);

INSERT INTO `meeting_programs` (`id`, `event_order`, `category_type_id`, `gender_type_id`, `user_id`, `created_at`, `updated_at`, `is_autofilled`, `is_out_of_race`, `begin_time`, `meeting_event_id`, `pool_type_id`, `time_standard_id`)
  VALUES (22174, 40, 695, 2, 1, '2015-03-01 00:03:15', '2015-03-01 00:03:15', 1, 0, '2000-01-01 09:20:00', 3191, 1, 2776);

INSERT INTO `meeting_programs` (`id`, `event_order`, `category_type_id`, `gender_type_id`, `user_id`, `created_at`, `updated_at`, `is_autofilled`, `is_out_of_race`, `begin_time`, `meeting_event_id`, `pool_type_id`, `time_standard_id`)
  VALUES (22175, 41, 696, 2, 1, '2015-03-01 00:03:15', '2015-03-01 00:03:15', 1, 0, '2000-01-01 09:22:00', 3191, 1, 2794);

INSERT INTO `meeting_programs` (`id`, `event_order`, `category_type_id`, `gender_type_id`, `user_id`, `created_at`, `updated_at`, `is_autofilled`, `is_out_of_race`, `begin_time`, `meeting_event_id`, `pool_type_id`, `time_standard_id`)
  VALUES (22176, 42, 697, 2, 1, '2015-03-01 00:03:15', '2015-03-01 00:03:15', 1, 0, '2000-01-01 09:24:00', 3191, 1, 2812);

INSERT INTO `meeting_programs` (`id`, `event_order`, `category_type_id`, `gender_type_id`, `user_id`, `created_at`, `updated_at`, `is_autofilled`, `is_out_of_race`, `begin_time`, `meeting_event_id`, `pool_type_id`, `time_standard_id`)
  VALUES (22177, 43, 698, 2, 1, '2015-03-01 00:03:15', '2015-03-01 00:03:15', 1, 0, '2000-01-01 09:26:00', 3191, 1, 2830);

INSERT INTO `meeting_programs` (`id`, `event_order`, `category_type_id`, `gender_type_id`, `user_id`, `created_at`, `updated_at`, `is_autofilled`, `is_out_of_race`, `begin_time`, `meeting_event_id`, `pool_type_id`, `time_standard_id`)
  VALUES (22178, 44, 699, 2, 1, '2015-03-01 00:03:15', '2015-03-01 00:03:15', 1, 0, '2000-01-01 09:28:00', 3191, 1, 2848);

INSERT INTO `meeting_programs` (`id`, `event_order`, `category_type_id`, `gender_type_id`, `user_id`, `created_at`, `updated_at`, `is_autofilled`, `is_out_of_race`, `begin_time`, `meeting_event_id`, `pool_type_id`, `time_standard_id`)
  VALUES (22179, 45, 703, 2, 1, '2015-03-01 00:03:15', '2015-03-01 00:03:15', 1, 0, '2000-01-01 09:30:00', 3191, 1, 2920);

INSERT INTO `meeting_programs` (`id`, `event_order`, `category_type_id`, `gender_type_id`, `user_id`, `created_at`, `updated_at`, `is_autofilled`, `is_out_of_race`, `begin_time`, `meeting_event_id`, `pool_type_id`, `time_standard_id`)
  VALUES (22180, 46, 693, 2, 1, '2015-03-01 00:03:15', '2015-03-01 00:03:15', 1, 0, '2000-01-01 09:32:00', 3191, 1, NULL);

INSERT INTO `meeting_programs` (`id`, `event_order`, `category_type_id`, `gender_type_id`, `user_id`, `created_at`, `updated_at`, `is_autofilled`, `is_out_of_race`, `begin_time`, `meeting_event_id`, `pool_type_id`, `time_standard_id`)
  VALUES (22181, 47, 694, 1, 1, '2015-03-01 00:03:15', '2015-03-01 00:03:15', 1, 0, '2000-01-01 09:34:00', 3191, 1, 2234);

INSERT INTO `meeting_programs` (`id`, `event_order`, `category_type_id`, `gender_type_id`, `user_id`, `created_at`, `updated_at`, `is_autofilled`, `is_out_of_race`, `begin_time`, `meeting_event_id`, `pool_type_id`, `time_standard_id`)
  VALUES (22182, 48, 695, 1, 1, '2015-03-01 00:03:15', '2015-03-01 00:03:15', 1, 0, '2000-01-01 09:36:00', 3191, 1, 2252);

INSERT INTO `meeting_programs` (`id`, `event_order`, `category_type_id`, `gender_type_id`, `user_id`, `created_at`, `updated_at`, `is_autofilled`, `is_out_of_race`, `begin_time`, `meeting_event_id`, `pool_type_id`, `time_standard_id`)
  VALUES (22183, 49, 696, 1, 1, '2015-03-01 00:03:15', '2015-03-01 00:03:15', 1, 0, '2000-01-01 09:38:00', 3191, 1, 2270);

INSERT INTO `meeting_programs` (`id`, `event_order`, `category_type_id`, `gender_type_id`, `user_id`, `created_at`, `updated_at`, `is_autofilled`, `is_out_of_race`, `begin_time`, `meeting_event_id`, `pool_type_id`, `time_standard_id`)
  VALUES (22184, 50, 697, 1, 1, '2015-03-01 00:03:15', '2015-03-01 00:03:15', 1, 0, '2000-01-01 09:40:00', 3191, 1, 2288);

INSERT INTO `meeting_programs` (`id`, `event_order`, `category_type_id`, `gender_type_id`, `user_id`, `created_at`, `updated_at`, `is_autofilled`, `is_out_of_race`, `begin_time`, `meeting_event_id`, `pool_type_id`, `time_standard_id`)
  VALUES (22185, 51, 698, 1, 1, '2015-03-01 00:03:15', '2015-03-01 00:03:15', 1, 0, '2000-01-01 09:42:00', 3191, 1, 2306);

INSERT INTO `meeting_programs` (`id`, `event_order`, `category_type_id`, `gender_type_id`, `user_id`, `created_at`, `updated_at`, `is_autofilled`, `is_out_of_race`, `begin_time`, `meeting_event_id`, `pool_type_id`, `time_standard_id`)
  VALUES (22186, 52, 699, 1, 1, '2015-03-01 00:03:16', '2015-03-01 00:03:16', 1, 0, '2000-01-01 09:44:00', 3191, 1, 2324);

INSERT INTO `meeting_programs` (`id`, `event_order`, `category_type_id`, `gender_type_id`, `user_id`, `created_at`, `updated_at`, `is_autofilled`, `is_out_of_race`, `begin_time`, `meeting_event_id`, `pool_type_id`, `time_standard_id`)
  VALUES (22187, 53, 700, 1, 1, '2015-03-01 00:03:16', '2015-03-01 00:03:16', 1, 0, '2000-01-01 09:46:00', 3191, 1, 2342);

INSERT INTO `meeting_programs` (`id`, `event_order`, `category_type_id`, `gender_type_id`, `user_id`, `created_at`, `updated_at`, `is_autofilled`, `is_out_of_race`, `begin_time`, `meeting_event_id`, `pool_type_id`, `time_standard_id`)
  VALUES (22188, 54, 701, 1, 1, '2015-03-01 00:03:16', '2015-03-01 00:03:16', 1, 0, '2000-01-01 09:48:00', 3191, 1, 2360);

INSERT INTO `meeting_programs` (`id`, `event_order`, `category_type_id`, `gender_type_id`, `user_id`, `created_at`, `updated_at`, `is_autofilled`, `is_out_of_race`, `begin_time`, `meeting_event_id`, `pool_type_id`, `time_standard_id`)
  VALUES (22189, 55, 702, 1, 1, '2015-03-01 00:03:16', '2015-03-01 00:03:16', 1, 0, '2000-01-01 09:50:00', 3191, 1, 2378);

INSERT INTO `meeting_programs` (`id`, `event_order`, `category_type_id`, `gender_type_id`, `user_id`, `created_at`, `updated_at`, `is_autofilled`, `is_out_of_race`, `begin_time`, `meeting_event_id`, `pool_type_id`, `time_standard_id`)
  VALUES (22190, 56, 703, 1, 1, '2015-03-01 00:03:16', '2015-03-01 00:03:16', 1, 0, '2000-01-01 09:52:00', 3191, 1, 2396);

INSERT INTO `meeting_programs` (`id`, `event_order`, `category_type_id`, `gender_type_id`, `user_id`, `created_at`, `updated_at`, `is_autofilled`, `is_out_of_race`, `begin_time`, `meeting_event_id`, `pool_type_id`, `time_standard_id`)
  VALUES (22191, 57, 693, 1, 1, '2015-03-01 00:03:16', '2015-03-01 00:03:16', 1, 0, '2000-01-01 09:54:00', 3191, 1, NULL);

INSERT INTO `meeting_events` (`id`, `created_at`, `updated_at`, `event_order`, `begin_time`, `is_out_of_race`, `is_autofilled`, `notes`, `meeting_session_id`, `event_type_id`, `heat_type_id`, `user_id`, `has_separate_gender_start_list`, `has_separate_category_start_list`)
  VALUES (3192, '2015-03-01 00:03:16', '2015-03-01 00:03:16', 5, '2000-01-01 09:56:00', 0, 1, NULL, 513, 23, 3, 1, 1, 0);

INSERT INTO `meeting_programs` (`id`, `event_order`, `category_type_id`, `gender_type_id`, `user_id`, `created_at`, `updated_at`, `is_autofilled`, `is_out_of_race`, `begin_time`, `meeting_event_id`, `pool_type_id`, `time_standard_id`)
  VALUES (22192, 58, 694, 2, 1, '2015-03-01 00:03:16', '2015-03-01 00:03:16', 1, 0, '2000-01-01 09:56:00', 3192, 1, 2773);

INSERT INTO `meeting_programs` (`id`, `event_order`, `category_type_id`, `gender_type_id`, `user_id`, `created_at`, `updated_at`, `is_autofilled`, `is_out_of_race`, `begin_time`, `meeting_event_id`, `pool_type_id`, `time_standard_id`)
  VALUES (22193, 59, 697, 2, 1, '2015-03-01 00:03:16', '2015-03-01 00:03:16', 1, 0, '2000-01-01 09:58:00', 3192, 1, 2827);

INSERT INTO `meeting_programs` (`id`, `event_order`, `category_type_id`, `gender_type_id`, `user_id`, `created_at`, `updated_at`, `is_autofilled`, `is_out_of_race`, `begin_time`, `meeting_event_id`, `pool_type_id`, `time_standard_id`)
  VALUES (22194, 60, 698, 2, 1, '2015-03-01 00:03:16', '2015-03-01 00:03:16', 1, 0, '2000-01-01 10:00:00', 3192, 1, 2845);

INSERT INTO `meeting_programs` (`id`, `event_order`, `category_type_id`, `gender_type_id`, `user_id`, `created_at`, `updated_at`, `is_autofilled`, `is_out_of_race`, `begin_time`, `meeting_event_id`, `pool_type_id`, `time_standard_id`)
  VALUES (22195, 61, 699, 2, 1, '2015-03-01 00:03:16', '2015-03-01 00:03:16', 1, 0, '2000-01-01 10:02:00', 3192, 1, 2863);

INSERT INTO `meeting_programs` (`id`, `event_order`, `category_type_id`, `gender_type_id`, `user_id`, `created_at`, `updated_at`, `is_autofilled`, `is_out_of_race`, `begin_time`, `meeting_event_id`, `pool_type_id`, `time_standard_id`)
  VALUES (22196, 62, 693, 2, 1, '2015-03-01 00:03:16', '2015-03-01 00:03:16', 1, 0, '2000-01-01 10:04:00', 3192, 1, NULL);

INSERT INTO `meeting_programs` (`id`, `event_order`, `category_type_id`, `gender_type_id`, `user_id`, `created_at`, `updated_at`, `is_autofilled`, `is_out_of_race`, `begin_time`, `meeting_event_id`, `pool_type_id`, `time_standard_id`)
  VALUES (22197, 63, 694, 1, 1, '2015-03-01 00:03:16', '2015-03-01 00:03:16', 1, 0, '2000-01-01 10:06:00', 3192, 1, 2249);

INSERT INTO `meeting_programs` (`id`, `event_order`, `category_type_id`, `gender_type_id`, `user_id`, `created_at`, `updated_at`, `is_autofilled`, `is_out_of_race`, `begin_time`, `meeting_event_id`, `pool_type_id`, `time_standard_id`)
  VALUES (22198, 64, 695, 1, 1, '2015-03-01 00:03:17', '2015-03-01 00:03:17', 1, 0, '2000-01-01 10:08:00', 3192, 1, 2267);

INSERT INTO `meeting_programs` (`id`, `event_order`, `category_type_id`, `gender_type_id`, `user_id`, `created_at`, `updated_at`, `is_autofilled`, `is_out_of_race`, `begin_time`, `meeting_event_id`, `pool_type_id`, `time_standard_id`)
  VALUES (22199, 65, 696, 1, 1, '2015-03-01 00:03:17', '2015-03-01 00:03:17', 1, 0, '2000-01-01 10:10:00', 3192, 1, 2285);

INSERT INTO `meeting_programs` (`id`, `event_order`, `category_type_id`, `gender_type_id`, `user_id`, `created_at`, `updated_at`, `is_autofilled`, `is_out_of_race`, `begin_time`, `meeting_event_id`, `pool_type_id`, `time_standard_id`)
  VALUES (22200, 66, 697, 1, 1, '2015-03-01 00:03:17', '2015-03-01 00:03:17', 1, 0, '2000-01-01 10:12:00', 3192, 1, 2303);

INSERT INTO `meeting_programs` (`id`, `event_order`, `category_type_id`, `gender_type_id`, `user_id`, `created_at`, `updated_at`, `is_autofilled`, `is_out_of_race`, `begin_time`, `meeting_event_id`, `pool_type_id`, `time_standard_id`)
  VALUES (22201, 67, 698, 1, 1, '2015-03-01 00:03:17', '2015-03-01 00:03:17', 1, 0, '2000-01-01 10:14:00', 3192, 1, 2321);

INSERT INTO `meeting_programs` (`id`, `event_order`, `category_type_id`, `gender_type_id`, `user_id`, `created_at`, `updated_at`, `is_autofilled`, `is_out_of_race`, `begin_time`, `meeting_event_id`, `pool_type_id`, `time_standard_id`)
  VALUES (22202, 68, 699, 1, 1, '2015-03-01 00:03:17', '2015-03-01 00:03:17', 1, 0, '2000-01-01 10:16:00', 3192, 1, 2339);

INSERT INTO `meeting_programs` (`id`, `event_order`, `category_type_id`, `gender_type_id`, `user_id`, `created_at`, `updated_at`, `is_autofilled`, `is_out_of_race`, `begin_time`, `meeting_event_id`, `pool_type_id`, `time_standard_id`)
  VALUES (22203, 69, 700, 1, 1, '2015-03-01 00:03:17', '2015-03-01 00:03:17', 1, 0, '2000-01-01 10:18:00', 3192, 1, 2357);

INSERT INTO `meeting_programs` (`id`, `event_order`, `category_type_id`, `gender_type_id`, `user_id`, `created_at`, `updated_at`, `is_autofilled`, `is_out_of_race`, `begin_time`, `meeting_event_id`, `pool_type_id`, `time_standard_id`)
  VALUES (22204, 70, 701, 1, 1, '2015-03-01 00:03:17', '2015-03-01 00:03:17', 1, 0, '2000-01-01 10:20:00', 3192, 1, 2375);

INSERT INTO `meeting_programs` (`id`, `event_order`, `category_type_id`, `gender_type_id`, `user_id`, `created_at`, `updated_at`, `is_autofilled`, `is_out_of_race`, `begin_time`, `meeting_event_id`, `pool_type_id`, `time_standard_id`)
  VALUES (22205, 71, 693, 1, 1, '2015-03-01 00:03:17', '2015-03-01 00:03:17', 1, 0, '2000-01-01 10:22:00', 3192, 1, NULL);

INSERT INTO `meeting_events` (`id`, `created_at`, `updated_at`, `event_order`, `begin_time`, `is_out_of_race`, `is_autofilled`, `notes`, `meeting_session_id`, `event_type_id`, `heat_type_id`, `user_id`, `has_separate_gender_start_list`, `has_separate_category_start_list`)
  VALUES (3193, '2015-03-01 00:03:17', '2015-03-01 00:03:17', 6, '2000-01-01 10:24:00', 0, 1, NULL, 513, 21, 3, 1, 1, 0);

INSERT INTO `meeting_programs` (`id`, `event_order`, `category_type_id`, `gender_type_id`, `user_id`, `created_at`, `updated_at`, `is_autofilled`, `is_out_of_race`, `begin_time`, `meeting_event_id`, `pool_type_id`, `time_standard_id`)
  VALUES (22206, 72, 696, 2, 1, '2015-03-01 00:03:17', '2015-03-01 00:03:17', 1, 0, '2000-01-01 10:24:00', 3193, 1, 2804);

INSERT INTO `meeting_programs` (`id`, `event_order`, `category_type_id`, `gender_type_id`, `user_id`, `created_at`, `updated_at`, `is_autofilled`, `is_out_of_race`, `begin_time`, `meeting_event_id`, `pool_type_id`, `time_standard_id`)
  VALUES (22207, 73, 697, 2, 1, '2015-03-01 00:03:17', '2015-03-01 00:03:17', 1, 0, '2000-01-01 10:26:00', 3193, 1, 2822);

INSERT INTO `meeting_programs` (`id`, `event_order`, `category_type_id`, `gender_type_id`, `user_id`, `created_at`, `updated_at`, `is_autofilled`, `is_out_of_race`, `begin_time`, `meeting_event_id`, `pool_type_id`, `time_standard_id`)
  VALUES (22208, 74, 699, 2, 1, '2015-03-01 00:03:17', '2015-03-01 00:03:17', 1, 0, '2000-01-01 10:28:00', 3193, 1, 2858);

INSERT INTO `meeting_programs` (`id`, `event_order`, `category_type_id`, `gender_type_id`, `user_id`, `created_at`, `updated_at`, `is_autofilled`, `is_out_of_race`, `begin_time`, `meeting_event_id`, `pool_type_id`, `time_standard_id`)
  VALUES (22209, 75, 695, 1, 1, '2015-03-01 00:03:17', '2015-03-01 00:03:17', 1, 0, '2000-01-01 10:30:00', 3193, 1, 2262);

INSERT INTO `meeting_programs` (`id`, `event_order`, `category_type_id`, `gender_type_id`, `user_id`, `created_at`, `updated_at`, `is_autofilled`, `is_out_of_race`, `begin_time`, `meeting_event_id`, `pool_type_id`, `time_standard_id`)
  VALUES (22210, 76, 696, 1, 1, '2015-03-01 00:03:18', '2015-03-01 00:03:18', 1, 0, '2000-01-01 10:32:00', 3193, 1, 2280);

INSERT INTO `meeting_programs` (`id`, `event_order`, `category_type_id`, `gender_type_id`, `user_id`, `created_at`, `updated_at`, `is_autofilled`, `is_out_of_race`, `begin_time`, `meeting_event_id`, `pool_type_id`, `time_standard_id`)
  VALUES (22211, 77, 697, 1, 1, '2015-03-01 00:03:18', '2015-03-01 00:03:18', 1, 0, '2000-01-01 10:34:00', 3193, 1, 2298);

INSERT INTO `meeting_programs` (`id`, `event_order`, `category_type_id`, `gender_type_id`, `user_id`, `created_at`, `updated_at`, `is_autofilled`, `is_out_of_race`, `begin_time`, `meeting_event_id`, `pool_type_id`, `time_standard_id`)
  VALUES (22212, 78, 698, 1, 1, '2015-03-01 00:03:18', '2015-03-01 00:03:18', 1, 0, '2000-01-01 10:36:00', 3193, 1, 2316);

INSERT INTO `meeting_programs` (`id`, `event_order`, `category_type_id`, `gender_type_id`, `user_id`, `created_at`, `updated_at`, `is_autofilled`, `is_out_of_race`, `begin_time`, `meeting_event_id`, `pool_type_id`, `time_standard_id`)
  VALUES (22213, 79, 699, 1, 1, '2015-03-01 00:03:18', '2015-03-01 00:03:18', 1, 0, '2000-01-01 10:38:00', 3193, 1, 2334);

INSERT INTO `meeting_programs` (`id`, `event_order`, `category_type_id`, `gender_type_id`, `user_id`, `created_at`, `updated_at`, `is_autofilled`, `is_out_of_race`, `begin_time`, `meeting_event_id`, `pool_type_id`, `time_standard_id`)
  VALUES (22214, 80, 700, 1, 1, '2015-03-01 00:03:18', '2015-03-01 00:03:18', 1, 0, '2000-01-01 10:40:00', 3193, 1, 2352);

INSERT INTO `meeting_events` (`id`, `created_at`, `updated_at`, `event_order`, `begin_time`, `is_out_of_race`, `is_autofilled`, `notes`, `meeting_session_id`, `event_type_id`, `heat_type_id`, `user_id`, `has_separate_gender_start_list`, `has_separate_category_start_list`)
  VALUES (3194, '2015-03-01 00:03:18', '2015-03-01 00:03:18', 7, '2000-01-01 10:42:00', 0, 1, NULL, 513, 4, 3, 1, 1, 0);

INSERT INTO `meeting_programs` (`id`, `event_order`, `category_type_id`, `gender_type_id`, `user_id`, `created_at`, `updated_at`, `is_autofilled`, `is_out_of_race`, `begin_time`, `meeting_event_id`, `pool_type_id`, `time_standard_id`)
  VALUES (22215, 81, 694, 2, 1, '2015-03-01 00:03:18', '2015-03-01 00:03:18', 1, 0, '2000-01-01 10:42:00', 3194, 1, 2759);

INSERT INTO `meeting_programs` (`id`, `event_order`, `category_type_id`, `gender_type_id`, `user_id`, `created_at`, `updated_at`, `is_autofilled`, `is_out_of_race`, `begin_time`, `meeting_event_id`, `pool_type_id`, `time_standard_id`)
  VALUES (22216, 82, 695, 2, 1, '2015-03-01 00:03:18', '2015-03-01 00:03:18', 1, 0, '2000-01-01 10:44:00', 3194, 1, 2777);

INSERT INTO `meeting_programs` (`id`, `event_order`, `category_type_id`, `gender_type_id`, `user_id`, `created_at`, `updated_at`, `is_autofilled`, `is_out_of_race`, `begin_time`, `meeting_event_id`, `pool_type_id`, `time_standard_id`)
  VALUES (22217, 83, 696, 2, 1, '2015-03-01 00:03:18', '2015-03-01 00:03:18', 1, 0, '2000-01-01 10:46:00', 3194, 1, 2795);

INSERT INTO `meeting_programs` (`id`, `event_order`, `category_type_id`, `gender_type_id`, `user_id`, `created_at`, `updated_at`, `is_autofilled`, `is_out_of_race`, `begin_time`, `meeting_event_id`, `pool_type_id`, `time_standard_id`)
  VALUES (22218, 84, 697, 2, 1, '2015-03-01 00:03:18', '2015-03-01 00:03:18', 1, 0, '2000-01-01 10:48:00', 3194, 1, 2813);

INSERT INTO `meeting_programs` (`id`, `event_order`, `category_type_id`, `gender_type_id`, `user_id`, `created_at`, `updated_at`, `is_autofilled`, `is_out_of_race`, `begin_time`, `meeting_event_id`, `pool_type_id`, `time_standard_id`)
  VALUES (22219, 85, 698, 2, 1, '2015-03-01 00:03:18', '2015-03-01 00:03:18', 1, 0, '2000-01-01 10:50:00', 3194, 1, 2831);

INSERT INTO `meeting_programs` (`id`, `event_order`, `category_type_id`, `gender_type_id`, `user_id`, `created_at`, `updated_at`, `is_autofilled`, `is_out_of_race`, `begin_time`, `meeting_event_id`, `pool_type_id`, `time_standard_id`)
  VALUES (22220, 86, 699, 2, 1, '2015-03-01 00:03:18', '2015-03-01 00:03:18', 1, 0, '2000-01-01 10:52:00', 3194, 1, 2849);

INSERT INTO `meeting_programs` (`id`, `event_order`, `category_type_id`, `gender_type_id`, `user_id`, `created_at`, `updated_at`, `is_autofilled`, `is_out_of_race`, `begin_time`, `meeting_event_id`, `pool_type_id`, `time_standard_id`)
  VALUES (22221, 87, 700, 2, 1, '2015-03-01 00:03:18', '2015-03-01 00:03:18', 1, 0, '2000-01-01 10:54:00', 3194, 1, 2867);

INSERT INTO `meeting_programs` (`id`, `event_order`, `category_type_id`, `gender_type_id`, `user_id`, `created_at`, `updated_at`, `is_autofilled`, `is_out_of_race`, `begin_time`, `meeting_event_id`, `pool_type_id`, `time_standard_id`)
  VALUES (22222, 88, 703, 2, 1, '2015-03-01 00:03:18', '2015-03-01 00:03:18', 1, 0, '2000-01-01 10:56:00', 3194, 1, 2921);

INSERT INTO `meeting_programs` (`id`, `event_order`, `category_type_id`, `gender_type_id`, `user_id`, `created_at`, `updated_at`, `is_autofilled`, `is_out_of_race`, `begin_time`, `meeting_event_id`, `pool_type_id`, `time_standard_id`)
  VALUES (22223, 89, 694, 1, 1, '2015-03-01 00:03:18', '2015-03-01 00:03:18', 1, 0, '2000-01-01 10:58:00', 3194, 1, 2235);

INSERT INTO `meeting_programs` (`id`, `event_order`, `category_type_id`, `gender_type_id`, `user_id`, `created_at`, `updated_at`, `is_autofilled`, `is_out_of_race`, `begin_time`, `meeting_event_id`, `pool_type_id`, `time_standard_id`)
  VALUES (22224, 90, 695, 1, 1, '2015-03-01 00:03:18', '2015-03-01 00:03:18', 1, 0, '2000-01-01 11:00:00', 3194, 1, 2253);

INSERT INTO `meeting_programs` (`id`, `event_order`, `category_type_id`, `gender_type_id`, `user_id`, `created_at`, `updated_at`, `is_autofilled`, `is_out_of_race`, `begin_time`, `meeting_event_id`, `pool_type_id`, `time_standard_id`)
  VALUES (22225, 91, 696, 1, 1, '2015-03-01 00:03:19', '2015-03-01 00:03:19', 1, 0, '2000-01-01 11:02:00', 3194, 1, 2271);

INSERT INTO `meeting_programs` (`id`, `event_order`, `category_type_id`, `gender_type_id`, `user_id`, `created_at`, `updated_at`, `is_autofilled`, `is_out_of_race`, `begin_time`, `meeting_event_id`, `pool_type_id`, `time_standard_id`)
  VALUES (22226, 92, 697, 1, 1, '2015-03-01 00:03:19', '2015-03-01 00:03:19', 1, 0, '2000-01-01 11:04:00', 3194, 1, 2289);

INSERT INTO `meeting_programs` (`id`, `event_order`, `category_type_id`, `gender_type_id`, `user_id`, `created_at`, `updated_at`, `is_autofilled`, `is_out_of_race`, `begin_time`, `meeting_event_id`, `pool_type_id`, `time_standard_id`)
  VALUES (22227, 93, 698, 1, 1, '2015-03-01 00:03:19', '2015-03-01 00:03:19', 1, 0, '2000-01-01 11:06:00', 3194, 1, 2307);

INSERT INTO `meeting_programs` (`id`, `event_order`, `category_type_id`, `gender_type_id`, `user_id`, `created_at`, `updated_at`, `is_autofilled`, `is_out_of_race`, `begin_time`, `meeting_event_id`, `pool_type_id`, `time_standard_id`)
  VALUES (22228, 94, 699, 1, 1, '2015-03-01 00:03:19', '2015-03-01 00:03:19', 1, 0, '2000-01-01 11:08:00', 3194, 1, 2325);

INSERT INTO `meeting_programs` (`id`, `event_order`, `category_type_id`, `gender_type_id`, `user_id`, `created_at`, `updated_at`, `is_autofilled`, `is_out_of_race`, `begin_time`, `meeting_event_id`, `pool_type_id`, `time_standard_id`)
  VALUES (22229, 95, 700, 1, 1, '2015-03-01 00:03:19', '2015-03-01 00:03:19', 1, 0, '2000-01-01 11:10:00', 3194, 1, 2343);

INSERT INTO `meeting_programs` (`id`, `event_order`, `category_type_id`, `gender_type_id`, `user_id`, `created_at`, `updated_at`, `is_autofilled`, `is_out_of_race`, `begin_time`, `meeting_event_id`, `pool_type_id`, `time_standard_id`)
  VALUES (22230, 96, 701, 1, 1, '2015-03-01 00:03:19', '2015-03-01 00:03:19', 1, 0, '2000-01-01 11:12:00', 3194, 1, 2361);

INSERT INTO `meeting_programs` (`id`, `event_order`, `category_type_id`, `gender_type_id`, `user_id`, `created_at`, `updated_at`, `is_autofilled`, `is_out_of_race`, `begin_time`, `meeting_event_id`, `pool_type_id`, `time_standard_id`)
  VALUES (22231, 97, 703, 1, 1, '2015-03-01 00:03:19', '2015-03-01 00:03:19', 1, 0, '2000-01-01 11:14:00', 3194, 1, 2397);

INSERT INTO `meeting_events` (`id`, `created_at`, `updated_at`, `event_order`, `begin_time`, `is_out_of_race`, `is_autofilled`, `notes`, `meeting_session_id`, `event_type_id`, `heat_type_id`, `user_id`, `has_separate_gender_start_list`, `has_separate_category_start_list`)
  VALUES (3195, '2015-03-01 00:03:19', '2015-03-01 00:03:19', 8, '2000-01-01 11:16:00', 0, 1, NULL, 513, 5, 3, 1, 1, 0);

INSERT INTO `meeting_programs` (`id`, `event_order`, `category_type_id`, `gender_type_id`, `user_id`, `created_at`, `updated_at`, `is_autofilled`, `is_out_of_race`, `begin_time`, `meeting_event_id`, `pool_type_id`, `time_standard_id`)
  VALUES (22232, 98, 694, 2, 1, '2015-03-01 00:03:19', '2015-03-01 00:03:19', 1, 0, '2000-01-01 11:16:00', 3195, 1, 2760);

INSERT INTO `meeting_programs` (`id`, `event_order`, `category_type_id`, `gender_type_id`, `user_id`, `created_at`, `updated_at`, `is_autofilled`, `is_out_of_race`, `begin_time`, `meeting_event_id`, `pool_type_id`, `time_standard_id`)
  VALUES (22233, 99, 695, 2, 1, '2015-03-01 00:03:19', '2015-03-01 00:03:19', 1, 0, '2000-01-01 11:18:00', 3195, 1, 2778);

INSERT INTO `meeting_programs` (`id`, `event_order`, `category_type_id`, `gender_type_id`, `user_id`, `created_at`, `updated_at`, `is_autofilled`, `is_out_of_race`, `begin_time`, `meeting_event_id`, `pool_type_id`, `time_standard_id`)
  VALUES (22234, 100, 697, 2, 1, '2015-03-01 00:03:19', '2015-03-01 00:03:19', 1, 0, '2000-01-01 11:20:00', 3195, 1, 2814);

INSERT INTO `meeting_programs` (`id`, `event_order`, `category_type_id`, `gender_type_id`, `user_id`, `created_at`, `updated_at`, `is_autofilled`, `is_out_of_race`, `begin_time`, `meeting_event_id`, `pool_type_id`, `time_standard_id`)
  VALUES (22235, 101, 698, 2, 1, '2015-03-01 00:03:19', '2015-03-01 00:03:19', 1, 0, '2000-01-01 11:22:00', 3195, 1, 2832);

INSERT INTO `meeting_programs` (`id`, `event_order`, `category_type_id`, `gender_type_id`, `user_id`, `created_at`, `updated_at`, `is_autofilled`, `is_out_of_race`, `begin_time`, `meeting_event_id`, `pool_type_id`, `time_standard_id`)
  VALUES (22236, 102, 699, 2, 1, '2015-03-01 00:03:19', '2015-03-01 00:03:19', 1, 0, '2000-01-01 11:24:00', 3195, 1, 2850);

INSERT INTO `meeting_programs` (`id`, `event_order`, `category_type_id`, `gender_type_id`, `user_id`, `created_at`, `updated_at`, `is_autofilled`, `is_out_of_race`, `begin_time`, `meeting_event_id`, `pool_type_id`, `time_standard_id`)
  VALUES (22237, 103, 700, 2, 1, '2015-03-01 00:03:19', '2015-03-01 00:03:19', 1, 0, '2000-01-01 11:26:00', 3195, 1, 2868);

INSERT INTO `meeting_programs` (`id`, `event_order`, `category_type_id`, `gender_type_id`, `user_id`, `created_at`, `updated_at`, `is_autofilled`, `is_out_of_race`, `begin_time`, `meeting_event_id`, `pool_type_id`, `time_standard_id`)
  VALUES (22238, 104, 701, 2, 1, '2015-03-01 00:03:20', '2015-03-01 00:03:20', 1, 0, '2000-01-01 11:28:00', 3195, 1, 2886);

INSERT INTO `meeting_programs` (`id`, `event_order`, `category_type_id`, `gender_type_id`, `user_id`, `created_at`, `updated_at`, `is_autofilled`, `is_out_of_race`, `begin_time`, `meeting_event_id`, `pool_type_id`, `time_standard_id`)
  VALUES (22239, 105, 694, 1, 1, '2015-03-01 00:03:20', '2015-03-01 00:03:20', 1, 0, '2000-01-01 11:30:00', 3195, 1, 2236);

INSERT INTO `meeting_programs` (`id`, `event_order`, `category_type_id`, `gender_type_id`, `user_id`, `created_at`, `updated_at`, `is_autofilled`, `is_out_of_race`, `begin_time`, `meeting_event_id`, `pool_type_id`, `time_standard_id`)
  VALUES (22240, 106, 695, 1, 1, '2015-03-01 00:03:20', '2015-03-01 00:03:20', 1, 0, '2000-01-01 11:32:00', 3195, 1, 2254);

INSERT INTO `meeting_programs` (`id`, `event_order`, `category_type_id`, `gender_type_id`, `user_id`, `created_at`, `updated_at`, `is_autofilled`, `is_out_of_race`, `begin_time`, `meeting_event_id`, `pool_type_id`, `time_standard_id`)
  VALUES (22241, 107, 696, 1, 1, '2015-03-01 00:03:20', '2015-03-01 00:03:20', 1, 0, '2000-01-01 11:34:00', 3195, 1, 2272);

INSERT INTO `meeting_programs` (`id`, `event_order`, `category_type_id`, `gender_type_id`, `user_id`, `created_at`, `updated_at`, `is_autofilled`, `is_out_of_race`, `begin_time`, `meeting_event_id`, `pool_type_id`, `time_standard_id`)
  VALUES (22242, 108, 697, 1, 1, '2015-03-01 00:03:20', '2015-03-01 00:03:20', 1, 0, '2000-01-01 11:36:00', 3195, 1, 2290);

INSERT INTO `meeting_programs` (`id`, `event_order`, `category_type_id`, `gender_type_id`, `user_id`, `created_at`, `updated_at`, `is_autofilled`, `is_out_of_race`, `begin_time`, `meeting_event_id`, `pool_type_id`, `time_standard_id`)
  VALUES (22243, 109, 698, 1, 1, '2015-03-01 00:03:20', '2015-03-01 00:03:20', 1, 0, '2000-01-01 11:38:00', 3195, 1, 2308);

INSERT INTO `meeting_programs` (`id`, `event_order`, `category_type_id`, `gender_type_id`, `user_id`, `created_at`, `updated_at`, `is_autofilled`, `is_out_of_race`, `begin_time`, `meeting_event_id`, `pool_type_id`, `time_standard_id`)
  VALUES (22244, 110, 699, 1, 1, '2015-03-01 00:03:20', '2015-03-01 00:03:20', 1, 0, '2000-01-01 11:40:00', 3195, 1, 2326);

INSERT INTO `meeting_programs` (`id`, `event_order`, `category_type_id`, `gender_type_id`, `user_id`, `created_at`, `updated_at`, `is_autofilled`, `is_out_of_race`, `begin_time`, `meeting_event_id`, `pool_type_id`, `time_standard_id`)
  VALUES (22245, 111, 700, 1, 1, '2015-03-01 00:03:20', '2015-03-01 00:03:20', 1, 0, '2000-01-01 11:42:00', 3195, 1, 2344);

INSERT INTO `meeting_programs` (`id`, `event_order`, `category_type_id`, `gender_type_id`, `user_id`, `created_at`, `updated_at`, `is_autofilled`, `is_out_of_race`, `begin_time`, `meeting_event_id`, `pool_type_id`, `time_standard_id`)
  VALUES (22246, 112, 701, 1, 1, '2015-03-01 00:03:20', '2015-03-01 00:03:20', 1, 0, '2000-01-01 11:44:00', 3195, 1, 2362);

INSERT INTO `meeting_programs` (`id`, `event_order`, `category_type_id`, `gender_type_id`, `user_id`, `created_at`, `updated_at`, `is_autofilled`, `is_out_of_race`, `begin_time`, `meeting_event_id`, `pool_type_id`, `time_standard_id`)
  VALUES (22247, 113, 704, 1, 1, '2015-03-01 00:03:20', '2015-03-01 00:03:20', 1, 0, '2000-01-01 11:46:00', 3195, 1, 2416);

INSERT INTO `meeting_events` (`id`, `created_at`, `updated_at`, `event_order`, `begin_time`, `is_out_of_race`, `is_autofilled`, `notes`, `meeting_session_id`, `event_type_id`, `heat_type_id`, `user_id`, `has_separate_gender_start_list`, `has_separate_category_start_list`)
  VALUES (3196, '2015-03-01 00:03:20', '2015-03-01 00:03:20', 9, '2000-01-01 11:48:00', 0, 1, NULL, 513, 15, 3, 1, 1, 0);

INSERT INTO `meeting_programs` (`id`, `event_order`, `category_type_id`, `gender_type_id`, `user_id`, `created_at`, `updated_at`, `is_autofilled`, `is_out_of_race`, `begin_time`, `meeting_event_id`, `pool_type_id`, `time_standard_id`)
  VALUES (22248, 114, 694, 2, 1, '2015-03-01 00:03:20', '2015-03-01 00:03:20', 1, 0, '2000-01-01 11:48:00', 3196, 1, 2763);

INSERT INTO `meeting_programs` (`id`, `event_order`, `category_type_id`, `gender_type_id`, `user_id`, `created_at`, `updated_at`, `is_autofilled`, `is_out_of_race`, `begin_time`, `meeting_event_id`, `pool_type_id`, `time_standard_id`)
  VALUES (22249, 115, 695, 2, 1, '2015-03-01 00:03:20', '2015-03-01 00:03:20', 1, 0, '2000-01-01 11:50:00', 3196, 1, 2781);

INSERT INTO `meeting_programs` (`id`, `event_order`, `category_type_id`, `gender_type_id`, `user_id`, `created_at`, `updated_at`, `is_autofilled`, `is_out_of_race`, `begin_time`, `meeting_event_id`, `pool_type_id`, `time_standard_id`)
  VALUES (22250, 116, 697, 2, 1, '2015-03-01 00:03:20', '2015-03-01 00:03:20', 1, 0, '2000-01-01 11:52:00', 3196, 1, 2817);

INSERT INTO `meeting_programs` (`id`, `event_order`, `category_type_id`, `gender_type_id`, `user_id`, `created_at`, `updated_at`, `is_autofilled`, `is_out_of_race`, `begin_time`, `meeting_event_id`, `pool_type_id`, `time_standard_id`)
  VALUES (22251, 117, 698, 2, 1, '2015-03-01 00:03:20', '2015-03-01 00:03:20', 1, 0, '2000-01-01 11:54:00', 3196, 1, 2835);

INSERT INTO `meeting_programs` (`id`, `event_order`, `category_type_id`, `gender_type_id`, `user_id`, `created_at`, `updated_at`, `is_autofilled`, `is_out_of_race`, `begin_time`, `meeting_event_id`, `pool_type_id`, `time_standard_id`)
  VALUES (22252, 118, 699, 2, 1, '2015-03-01 00:03:21', '2015-03-01 00:03:21', 1, 0, '2000-01-01 11:56:00', 3196, 1, 2853);

INSERT INTO `meeting_programs` (`id`, `event_order`, `category_type_id`, `gender_type_id`, `user_id`, `created_at`, `updated_at`, `is_autofilled`, `is_out_of_race`, `begin_time`, `meeting_event_id`, `pool_type_id`, `time_standard_id`)
  VALUES (22253, 119, 700, 2, 1, '2015-03-01 00:03:21', '2015-03-01 00:03:21', 1, 0, '2000-01-01 11:58:00', 3196, 1, 2871);

INSERT INTO `meeting_programs` (`id`, `event_order`, `category_type_id`, `gender_type_id`, `user_id`, `created_at`, `updated_at`, `is_autofilled`, `is_out_of_race`, `begin_time`, `meeting_event_id`, `pool_type_id`, `time_standard_id`)
  VALUES (22254, 120, 694, 1, 1, '2015-03-01 00:03:21', '2015-03-01 00:03:21', 1, 0, '2000-01-01 12:00:00', 3196, 1, 2239);

INSERT INTO `meeting_programs` (`id`, `event_order`, `category_type_id`, `gender_type_id`, `user_id`, `created_at`, `updated_at`, `is_autofilled`, `is_out_of_race`, `begin_time`, `meeting_event_id`, `pool_type_id`, `time_standard_id`)
  VALUES (22255, 121, 695, 1, 1, '2015-03-01 00:03:21', '2015-03-01 00:03:21', 1, 0, '2000-01-01 12:02:00', 3196, 1, 2257);

INSERT INTO `meeting_programs` (`id`, `event_order`, `category_type_id`, `gender_type_id`, `user_id`, `created_at`, `updated_at`, `is_autofilled`, `is_out_of_race`, `begin_time`, `meeting_event_id`, `pool_type_id`, `time_standard_id`)
  VALUES (22256, 122, 696, 1, 1, '2015-03-01 00:03:21', '2015-03-01 00:03:21', 1, 0, '2000-01-01 12:04:00', 3196, 1, 2275);

INSERT INTO `meeting_programs` (`id`, `event_order`, `category_type_id`, `gender_type_id`, `user_id`, `created_at`, `updated_at`, `is_autofilled`, `is_out_of_race`, `begin_time`, `meeting_event_id`, `pool_type_id`, `time_standard_id`)
  VALUES (22257, 123, 697, 1, 1, '2015-03-01 00:03:21', '2015-03-01 00:03:21', 1, 0, '2000-01-01 12:06:00', 3196, 1, 2293);

INSERT INTO `meeting_programs` (`id`, `event_order`, `category_type_id`, `gender_type_id`, `user_id`, `created_at`, `updated_at`, `is_autofilled`, `is_out_of_race`, `begin_time`, `meeting_event_id`, `pool_type_id`, `time_standard_id`)
  VALUES (22258, 124, 699, 1, 1, '2015-03-01 00:03:21', '2015-03-01 00:03:21', 1, 0, '2000-01-01 12:08:00', 3196, 1, 2329);

INSERT INTO `meeting_programs` (`id`, `event_order`, `category_type_id`, `gender_type_id`, `user_id`, `created_at`, `updated_at`, `is_autofilled`, `is_out_of_race`, `begin_time`, `meeting_event_id`, `pool_type_id`, `time_standard_id`)
  VALUES (22259, 125, 700, 1, 1, '2015-03-01 00:03:21', '2015-03-01 00:03:21', 1, 0, '2000-01-01 12:10:00', 3196, 1, 2347);

INSERT INTO `meeting_programs` (`id`, `event_order`, `category_type_id`, `gender_type_id`, `user_id`, `created_at`, `updated_at`, `is_autofilled`, `is_out_of_race`, `begin_time`, `meeting_event_id`, `pool_type_id`, `time_standard_id`)
  VALUES (22260, 126, 701, 1, 1, '2015-03-01 00:03:21', '2015-03-01 00:03:21', 1, 0, '2000-01-01 12:12:00', 3196, 1, 2365);

INSERT INTO `meeting_programs` (`id`, `event_order`, `category_type_id`, `gender_type_id`, `user_id`, `created_at`, `updated_at`, `is_autofilled`, `is_out_of_race`, `begin_time`, `meeting_event_id`, `pool_type_id`, `time_standard_id`)
  VALUES (22261, 127, 702, 1, 1, '2015-03-01 00:03:21', '2015-03-01 00:03:21', 1, 0, '2000-01-01 12:14:00', 3196, 1, 2383);

INSERT INTO `meeting_programs` (`id`, `event_order`, `category_type_id`, `gender_type_id`, `user_id`, `created_at`, `updated_at`, `is_autofilled`, `is_out_of_race`, `begin_time`, `meeting_event_id`, `pool_type_id`, `time_standard_id`)
  VALUES (22262, 128, 693, 1, 1, '2015-03-01 00:03:21', '2015-03-01 00:03:21', 1, 0, '2000-01-01 12:16:00', 3196, 1, NULL);

INSERT INTO `meeting_events` (`id`, `created_at`, `updated_at`, `event_order`, `begin_time`, `is_out_of_race`, `is_autofilled`, `notes`, `meeting_session_id`, `event_type_id`, `heat_type_id`, `user_id`, `has_separate_gender_start_list`, `has_separate_category_start_list`)
  VALUES (3197, '2015-03-01 00:03:21', '2015-03-01 00:03:21', 10, '2000-01-01 12:18:00', 0, 1, NULL, 513, 11, 3, 1, 1, 0);

INSERT INTO `meeting_programs` (`id`, `event_order`, `category_type_id`, `gender_type_id`, `user_id`, `created_at`, `updated_at`, `is_autofilled`, `is_out_of_race`, `begin_time`, `meeting_event_id`, `pool_type_id`, `time_standard_id`)
  VALUES (22263, 129, 695, 2, 1, '2015-03-01 00:03:21', '2015-03-01 00:03:21', 1, 0, '2000-01-01 12:18:00', 3197, 1, 2787);

INSERT INTO `meeting_programs` (`id`, `event_order`, `category_type_id`, `gender_type_id`, `user_id`, `created_at`, `updated_at`, `is_autofilled`, `is_out_of_race`, `begin_time`, `meeting_event_id`, `pool_type_id`, `time_standard_id`)
  VALUES (22264, 130, 696, 2, 1, '2015-03-01 00:03:21', '2015-03-01 00:03:21', 1, 0, '2000-01-01 12:20:00', 3197, 1, 2805);

INSERT INTO `meeting_programs` (`id`, `event_order`, `category_type_id`, `gender_type_id`, `user_id`, `created_at`, `updated_at`, `is_autofilled`, `is_out_of_race`, `begin_time`, `meeting_event_id`, `pool_type_id`, `time_standard_id`)
  VALUES (22265, 131, 697, 2, 1, '2015-03-01 00:03:22', '2015-03-01 00:03:22', 1, 0, '2000-01-01 12:22:00', 3197, 1, 2823);

INSERT INTO `meeting_programs` (`id`, `event_order`, `category_type_id`, `gender_type_id`, `user_id`, `created_at`, `updated_at`, `is_autofilled`, `is_out_of_race`, `begin_time`, `meeting_event_id`, `pool_type_id`, `time_standard_id`)
  VALUES (22266, 132, 698, 2, 1, '2015-03-01 00:03:22', '2015-03-01 00:03:22', 1, 0, '2000-01-01 12:24:00', 3197, 1, 2841);

INSERT INTO `meeting_programs` (`id`, `event_order`, `category_type_id`, `gender_type_id`, `user_id`, `created_at`, `updated_at`, `is_autofilled`, `is_out_of_race`, `begin_time`, `meeting_event_id`, `pool_type_id`, `time_standard_id`)
  VALUES (22267, 133, 699, 2, 1, '2015-03-01 00:03:22', '2015-03-01 00:03:22', 1, 0, '2000-01-01 12:26:00', 3197, 1, 2859);

INSERT INTO `meeting_programs` (`id`, `event_order`, `category_type_id`, `gender_type_id`, `user_id`, `created_at`, `updated_at`, `is_autofilled`, `is_out_of_race`, `begin_time`, `meeting_event_id`, `pool_type_id`, `time_standard_id`)
  VALUES (22268, 134, 693, 2, 1, '2015-03-01 00:03:22', '2015-03-01 00:03:22', 1, 0, '2000-01-01 12:28:00', 3197, 1, NULL);

INSERT INTO `meeting_programs` (`id`, `event_order`, `category_type_id`, `gender_type_id`, `user_id`, `created_at`, `updated_at`, `is_autofilled`, `is_out_of_race`, `begin_time`, `meeting_event_id`, `pool_type_id`, `time_standard_id`)
  VALUES (22269, 135, 694, 1, 1, '2015-03-01 00:03:22', '2015-03-01 00:03:22', 1, 0, '2000-01-01 12:30:00', 3197, 1, 2245);

INSERT INTO `meeting_programs` (`id`, `event_order`, `category_type_id`, `gender_type_id`, `user_id`, `created_at`, `updated_at`, `is_autofilled`, `is_out_of_race`, `begin_time`, `meeting_event_id`, `pool_type_id`, `time_standard_id`)
  VALUES (22270, 136, 695, 1, 1, '2015-03-01 00:03:22', '2015-03-01 00:03:22', 1, 0, '2000-01-01 12:32:00', 3197, 1, 2263);

INSERT INTO `meeting_programs` (`id`, `event_order`, `category_type_id`, `gender_type_id`, `user_id`, `created_at`, `updated_at`, `is_autofilled`, `is_out_of_race`, `begin_time`, `meeting_event_id`, `pool_type_id`, `time_standard_id`)
  VALUES (22271, 137, 696, 1, 1, '2015-03-01 00:03:22', '2015-03-01 00:03:22', 1, 0, '2000-01-01 12:34:00', 3197, 1, 2281);

INSERT INTO `meeting_programs` (`id`, `event_order`, `category_type_id`, `gender_type_id`, `user_id`, `created_at`, `updated_at`, `is_autofilled`, `is_out_of_race`, `begin_time`, `meeting_event_id`, `pool_type_id`, `time_standard_id`)
  VALUES (22272, 138, 697, 1, 1, '2015-03-01 00:03:22', '2015-03-01 00:03:22', 1, 0, '2000-01-01 12:36:00', 3197, 1, 2299);

INSERT INTO `meeting_programs` (`id`, `event_order`, `category_type_id`, `gender_type_id`, `user_id`, `created_at`, `updated_at`, `is_autofilled`, `is_out_of_race`, `begin_time`, `meeting_event_id`, `pool_type_id`, `time_standard_id`)
  VALUES (22273, 139, 698, 1, 1, '2015-03-01 00:03:22', '2015-03-01 00:03:22', 1, 0, '2000-01-01 12:38:00', 3197, 1, 2317);

INSERT INTO `meeting_programs` (`id`, `event_order`, `category_type_id`, `gender_type_id`, `user_id`, `created_at`, `updated_at`, `is_autofilled`, `is_out_of_race`, `begin_time`, `meeting_event_id`, `pool_type_id`, `time_standard_id`)
  VALUES (22274, 140, 699, 1, 1, '2015-03-01 00:03:22', '2015-03-01 00:03:22', 1, 0, '2000-01-01 12:40:00', 3197, 1, 2335);

INSERT INTO `meeting_programs` (`id`, `event_order`, `category_type_id`, `gender_type_id`, `user_id`, `created_at`, `updated_at`, `is_autofilled`, `is_out_of_race`, `begin_time`, `meeting_event_id`, `pool_type_id`, `time_standard_id`)
  VALUES (22275, 141, 700, 1, 1, '2015-03-01 00:03:22', '2015-03-01 00:03:22', 1, 0, '2000-01-01 12:42:00', 3197, 1, 2353);

INSERT INTO `meeting_programs` (`id`, `event_order`, `category_type_id`, `gender_type_id`, `user_id`, `created_at`, `updated_at`, `is_autofilled`, `is_out_of_race`, `begin_time`, `meeting_event_id`, `pool_type_id`, `time_standard_id`)
  VALUES (22276, 142, 701, 1, 1, '2015-03-01 00:03:22', '2015-03-01 00:03:22', 1, 0, '2000-01-01 12:44:00', 3197, 1, 2371);

INSERT INTO `meeting_programs` (`id`, `event_order`, `category_type_id`, `gender_type_id`, `user_id`, `created_at`, `updated_at`, `is_autofilled`, `is_out_of_race`, `begin_time`, `meeting_event_id`, `pool_type_id`, `time_standard_id`)
  VALUES (22277, 143, 693, 1, 1, '2015-03-01 00:03:22', '2015-03-01 00:03:22', 1, 0, '2000-01-01 12:46:00', 3197, 1, NULL);

INSERT INTO `meeting_events` (`id`, `created_at`, `updated_at`, `event_order`, `begin_time`, `is_out_of_race`, `is_autofilled`, `notes`, `meeting_session_id`, `event_type_id`, `heat_type_id`, `user_id`, `has_separate_gender_start_list`, `has_separate_category_start_list`)
  VALUES (3198, '2015-03-01 00:03:23', '2015-03-01 00:03:23', 11, '2000-01-01 12:48:00', 0, 1, NULL, 513, 19, 3, 1, 1, 0);

INSERT INTO `meeting_programs` (`id`, `event_order`, `category_type_id`, `gender_type_id`, `user_id`, `created_at`, `updated_at`, `is_autofilled`, `is_out_of_race`, `begin_time`, `meeting_event_id`, `pool_type_id`, `time_standard_id`)
  VALUES (22278, 144, 694, 2, 1, '2015-03-01 00:03:23', '2015-03-01 00:03:23', 1, 0, '2000-01-01 12:48:00', 3198, 1, 2766);

INSERT INTO `meeting_programs` (`id`, `event_order`, `category_type_id`, `gender_type_id`, `user_id`, `created_at`, `updated_at`, `is_autofilled`, `is_out_of_race`, `begin_time`, `meeting_event_id`, `pool_type_id`, `time_standard_id`)
  VALUES (22279, 145, 695, 2, 1, '2015-03-01 00:03:23', '2015-03-01 00:03:23', 1, 0, '2000-01-01 12:50:00', 3198, 1, 2784);

INSERT INTO `meeting_programs` (`id`, `event_order`, `category_type_id`, `gender_type_id`, `user_id`, `created_at`, `updated_at`, `is_autofilled`, `is_out_of_race`, `begin_time`, `meeting_event_id`, `pool_type_id`, `time_standard_id`)
  VALUES (22280, 146, 696, 2, 1, '2015-03-01 00:03:23', '2015-03-01 00:03:23', 1, 0, '2000-01-01 12:52:00', 3198, 1, 2802);

INSERT INTO `meeting_programs` (`id`, `event_order`, `category_type_id`, `gender_type_id`, `user_id`, `created_at`, `updated_at`, `is_autofilled`, `is_out_of_race`, `begin_time`, `meeting_event_id`, `pool_type_id`, `time_standard_id`)
  VALUES (22281, 147, 697, 2, 1, '2015-03-01 00:03:23', '2015-03-01 00:03:23', 1, 0, '2000-01-01 12:54:00', 3198, 1, 2820);

INSERT INTO `meeting_programs` (`id`, `event_order`, `category_type_id`, `gender_type_id`, `user_id`, `created_at`, `updated_at`, `is_autofilled`, `is_out_of_race`, `begin_time`, `meeting_event_id`, `pool_type_id`, `time_standard_id`)
  VALUES (22282, 148, 698, 2, 1, '2015-03-01 00:03:23', '2015-03-01 00:03:23', 1, 0, '2000-01-01 12:56:00', 3198, 1, 2838);

INSERT INTO `meeting_programs` (`id`, `event_order`, `category_type_id`, `gender_type_id`, `user_id`, `created_at`, `updated_at`, `is_autofilled`, `is_out_of_race`, `begin_time`, `meeting_event_id`, `pool_type_id`, `time_standard_id`)
  VALUES (22283, 149, 699, 2, 1, '2015-03-01 00:03:23', '2015-03-01 00:03:23', 1, 0, '2000-01-01 12:58:00', 3198, 1, 2856);

INSERT INTO `meeting_programs` (`id`, `event_order`, `category_type_id`, `gender_type_id`, `user_id`, `created_at`, `updated_at`, `is_autofilled`, `is_out_of_race`, `begin_time`, `meeting_event_id`, `pool_type_id`, `time_standard_id`)
  VALUES (22284, 150, 700, 2, 1, '2015-03-01 00:03:23', '2015-03-01 00:03:23', 1, 0, '2000-01-01 13:00:00', 3198, 1, 2874);

INSERT INTO `meeting_programs` (`id`, `event_order`, `category_type_id`, `gender_type_id`, `user_id`, `created_at`, `updated_at`, `is_autofilled`, `is_out_of_race`, `begin_time`, `meeting_event_id`, `pool_type_id`, `time_standard_id`)
  VALUES (22285, 151, 701, 2, 1, '2015-03-01 00:03:23', '2015-03-01 00:03:23', 1, 0, '2000-01-01 13:02:00', 3198, 1, 2892);

INSERT INTO `meeting_programs` (`id`, `event_order`, `category_type_id`, `gender_type_id`, `user_id`, `created_at`, `updated_at`, `is_autofilled`, `is_out_of_race`, `begin_time`, `meeting_event_id`, `pool_type_id`, `time_standard_id`)
  VALUES (22286, 152, 694, 1, 1, '2015-03-01 00:03:23', '2015-03-01 00:03:23', 1, 0, '2000-01-01 13:04:00', 3198, 1, 2242);

INSERT INTO `meeting_programs` (`id`, `event_order`, `category_type_id`, `gender_type_id`, `user_id`, `created_at`, `updated_at`, `is_autofilled`, `is_out_of_race`, `begin_time`, `meeting_event_id`, `pool_type_id`, `time_standard_id`)
  VALUES (22287, 153, 695, 1, 1, '2015-03-01 00:03:23', '2015-03-01 00:03:23', 1, 0, '2000-01-01 13:06:00', 3198, 1, 2260);

INSERT INTO `meeting_programs` (`id`, `event_order`, `category_type_id`, `gender_type_id`, `user_id`, `created_at`, `updated_at`, `is_autofilled`, `is_out_of_race`, `begin_time`, `meeting_event_id`, `pool_type_id`, `time_standard_id`)
  VALUES (22288, 154, 696, 1, 1, '2015-03-01 00:03:23', '2015-03-01 00:03:23', 1, 0, '2000-01-01 13:08:00', 3198, 1, 2278);

INSERT INTO `meeting_programs` (`id`, `event_order`, `category_type_id`, `gender_type_id`, `user_id`, `created_at`, `updated_at`, `is_autofilled`, `is_out_of_race`, `begin_time`, `meeting_event_id`, `pool_type_id`, `time_standard_id`)
  VALUES (22289, 155, 697, 1, 1, '2015-03-01 00:03:24', '2015-03-01 00:03:24', 1, 0, '2000-01-01 13:10:00', 3198, 1, 2296);

INSERT INTO `meeting_programs` (`id`, `event_order`, `category_type_id`, `gender_type_id`, `user_id`, `created_at`, `updated_at`, `is_autofilled`, `is_out_of_race`, `begin_time`, `meeting_event_id`, `pool_type_id`, `time_standard_id`)
  VALUES (22290, 156, 698, 1, 1, '2015-03-01 00:03:24', '2015-03-01 00:03:24', 1, 0, '2000-01-01 13:12:00', 3198, 1, 2314);

INSERT INTO `meeting_programs` (`id`, `event_order`, `category_type_id`, `gender_type_id`, `user_id`, `created_at`, `updated_at`, `is_autofilled`, `is_out_of_race`, `begin_time`, `meeting_event_id`, `pool_type_id`, `time_standard_id`)
  VALUES (22291, 157, 699, 1, 1, '2015-03-01 00:03:24', '2015-03-01 00:03:24', 1, 0, '2000-01-01 13:14:00', 3198, 1, 2332);

INSERT INTO `meeting_programs` (`id`, `event_order`, `category_type_id`, `gender_type_id`, `user_id`, `created_at`, `updated_at`, `is_autofilled`, `is_out_of_race`, `begin_time`, `meeting_event_id`, `pool_type_id`, `time_standard_id`)
  VALUES (22292, 158, 700, 1, 1, '2015-03-01 00:03:24', '2015-03-01 00:03:24', 1, 0, '2000-01-01 13:16:00', 3198, 1, 2350);

INSERT INTO `meeting_programs` (`id`, `event_order`, `category_type_id`, `gender_type_id`, `user_id`, `created_at`, `updated_at`, `is_autofilled`, `is_out_of_race`, `begin_time`, `meeting_event_id`, `pool_type_id`, `time_standard_id`)
  VALUES (22293, 159, 701, 1, 1, '2015-03-01 00:03:24', '2015-03-01 00:03:24', 1, 0, '2000-01-01 13:18:00', 3198, 1, 2368);

INSERT INTO `meeting_programs` (`id`, `event_order`, `category_type_id`, `gender_type_id`, `user_id`, `created_at`, `updated_at`, `is_autofilled`, `is_out_of_race`, `begin_time`, `meeting_event_id`, `pool_type_id`, `time_standard_id`)
  VALUES (22294, 160, 693, 1, 1, '2015-03-01 00:03:24', '2015-03-01 00:03:24', 1, 0, '2000-01-01 13:20:00', 3198, 1, NULL);

INSERT INTO `meeting_events` (`id`, `created_at`, `updated_at`, `event_order`, `begin_time`, `is_out_of_race`, `is_autofilled`, `notes`, `meeting_session_id`, `event_type_id`, `heat_type_id`, `user_id`, `has_separate_gender_start_list`, `has_separate_category_start_list`)
  VALUES (3199, '2015-03-01 00:03:24', '2015-03-01 00:03:24', 12, '2000-01-01 13:22:00', 0, 1, NULL, 513, 2, 3, 1, 1, 0);

INSERT INTO `meeting_programs` (`id`, `event_order`, `category_type_id`, `gender_type_id`, `user_id`, `created_at`, `updated_at`, `is_autofilled`, `is_out_of_race`, `begin_time`, `meeting_event_id`, `pool_type_id`, `time_standard_id`)
  VALUES (22295, 161, 694, 2, 1, '2015-03-01 00:03:24', '2015-03-01 00:03:24', 1, 0, '2000-01-01 13:22:00', 3199, 1, 2757);

INSERT INTO `meeting_programs` (`id`, `event_order`, `category_type_id`, `gender_type_id`, `user_id`, `created_at`, `updated_at`, `is_autofilled`, `is_out_of_race`, `begin_time`, `meeting_event_id`, `pool_type_id`, `time_standard_id`)
  VALUES (22296, 162, 695, 2, 1, '2015-03-01 00:03:24', '2015-03-01 00:03:24', 1, 0, '2000-01-01 13:24:00', 3199, 1, 2775);

INSERT INTO `meeting_programs` (`id`, `event_order`, `category_type_id`, `gender_type_id`, `user_id`, `created_at`, `updated_at`, `is_autofilled`, `is_out_of_race`, `begin_time`, `meeting_event_id`, `pool_type_id`, `time_standard_id`)
  VALUES (22297, 163, 696, 2, 1, '2015-03-01 00:03:24', '2015-03-01 00:03:24', 1, 0, '2000-01-01 13:26:00', 3199, 1, 2793);

INSERT INTO `meeting_programs` (`id`, `event_order`, `category_type_id`, `gender_type_id`, `user_id`, `created_at`, `updated_at`, `is_autofilled`, `is_out_of_race`, `begin_time`, `meeting_event_id`, `pool_type_id`, `time_standard_id`)
  VALUES (22298, 164, 697, 2, 1, '2015-03-01 00:03:24', '2015-03-01 00:03:24', 1, 0, '2000-01-01 13:28:00', 3199, 1, 2811);

INSERT INTO `meeting_programs` (`id`, `event_order`, `category_type_id`, `gender_type_id`, `user_id`, `created_at`, `updated_at`, `is_autofilled`, `is_out_of_race`, `begin_time`, `meeting_event_id`, `pool_type_id`, `time_standard_id`)
  VALUES (22299, 165, 698, 2, 1, '2015-03-01 00:03:24', '2015-03-01 00:03:24', 1, 0, '2000-01-01 13:30:00', 3199, 1, 2829);

INSERT INTO `meeting_programs` (`id`, `event_order`, `category_type_id`, `gender_type_id`, `user_id`, `created_at`, `updated_at`, `is_autofilled`, `is_out_of_race`, `begin_time`, `meeting_event_id`, `pool_type_id`, `time_standard_id`)
  VALUES (22300, 166, 699, 2, 1, '2015-03-01 00:03:24', '2015-03-01 00:03:24', 1, 0, '2000-01-01 13:32:00', 3199, 1, 2847);

INSERT INTO `meeting_programs` (`id`, `event_order`, `category_type_id`, `gender_type_id`, `user_id`, `created_at`, `updated_at`, `is_autofilled`, `is_out_of_race`, `begin_time`, `meeting_event_id`, `pool_type_id`, `time_standard_id`)
  VALUES (22301, 167, 700, 2, 1, '2015-03-01 00:03:24', '2015-03-01 00:03:24', 1, 0, '2000-01-01 13:34:00', 3199, 1, 2865);

INSERT INTO `meeting_programs` (`id`, `event_order`, `category_type_id`, `gender_type_id`, `user_id`, `created_at`, `updated_at`, `is_autofilled`, `is_out_of_race`, `begin_time`, `meeting_event_id`, `pool_type_id`, `time_standard_id`)
  VALUES (22302, 168, 701, 2, 1, '2015-03-01 00:03:24', '2015-03-01 00:03:24', 1, 0, '2000-01-01 13:36:00', 3199, 1, 2883);

INSERT INTO `meeting_programs` (`id`, `event_order`, `category_type_id`, `gender_type_id`, `user_id`, `created_at`, `updated_at`, `is_autofilled`, `is_out_of_race`, `begin_time`, `meeting_event_id`, `pool_type_id`, `time_standard_id`)
  VALUES (22303, 169, 702, 2, 1, '2015-03-01 00:03:25', '2015-03-01 00:03:25', 1, 0, '2000-01-01 13:38:00', 3199, 1, 2901);

INSERT INTO `meeting_programs` (`id`, `event_order`, `category_type_id`, `gender_type_id`, `user_id`, `created_at`, `updated_at`, `is_autofilled`, `is_out_of_race`, `begin_time`, `meeting_event_id`, `pool_type_id`, `time_standard_id`)
  VALUES (22304, 170, 693, 2, 1, '2015-03-01 00:03:25', '2015-03-01 00:03:25', 1, 0, '2000-01-01 13:40:00', 3199, 1, NULL);

INSERT INTO `meeting_programs` (`id`, `event_order`, `category_type_id`, `gender_type_id`, `user_id`, `created_at`, `updated_at`, `is_autofilled`, `is_out_of_race`, `begin_time`, `meeting_event_id`, `pool_type_id`, `time_standard_id`)
  VALUES (22305, 171, 694, 1, 1, '2015-03-01 00:03:25', '2015-03-01 00:03:25', 1, 0, '2000-01-01 13:42:00', 3199, 1, 2233);

INSERT INTO `meeting_programs` (`id`, `event_order`, `category_type_id`, `gender_type_id`, `user_id`, `created_at`, `updated_at`, `is_autofilled`, `is_out_of_race`, `begin_time`, `meeting_event_id`, `pool_type_id`, `time_standard_id`)
  VALUES (22306, 172, 695, 1, 1, '2015-03-01 00:03:25', '2015-03-01 00:03:25', 1, 0, '2000-01-01 13:44:00', 3199, 1, 2251);

INSERT INTO `meeting_programs` (`id`, `event_order`, `category_type_id`, `gender_type_id`, `user_id`, `created_at`, `updated_at`, `is_autofilled`, `is_out_of_race`, `begin_time`, `meeting_event_id`, `pool_type_id`, `time_standard_id`)
  VALUES (22307, 173, 696, 1, 1, '2015-03-01 00:03:25', '2015-03-01 00:03:25', 1, 0, '2000-01-01 13:46:00', 3199, 1, 2269);

INSERT INTO `meeting_programs` (`id`, `event_order`, `category_type_id`, `gender_type_id`, `user_id`, `created_at`, `updated_at`, `is_autofilled`, `is_out_of_race`, `begin_time`, `meeting_event_id`, `pool_type_id`, `time_standard_id`)
  VALUES (22308, 174, 697, 1, 1, '2015-03-01 00:03:25', '2015-03-01 00:03:25', 1, 0, '2000-01-01 13:48:00', 3199, 1, 2287);

INSERT INTO `meeting_programs` (`id`, `event_order`, `category_type_id`, `gender_type_id`, `user_id`, `created_at`, `updated_at`, `is_autofilled`, `is_out_of_race`, `begin_time`, `meeting_event_id`, `pool_type_id`, `time_standard_id`)
  VALUES (22309, 175, 698, 1, 1, '2015-03-01 00:03:25', '2015-03-01 00:03:25', 1, 0, '2000-01-01 13:50:00', 3199, 1, 2305);

INSERT INTO `meeting_programs` (`id`, `event_order`, `category_type_id`, `gender_type_id`, `user_id`, `created_at`, `updated_at`, `is_autofilled`, `is_out_of_race`, `begin_time`, `meeting_event_id`, `pool_type_id`, `time_standard_id`)
  VALUES (22310, 176, 699, 1, 1, '2015-03-01 00:03:25', '2015-03-01 00:03:25', 1, 0, '2000-01-01 13:52:00', 3199, 1, 2323);

INSERT INTO `meeting_programs` (`id`, `event_order`, `category_type_id`, `gender_type_id`, `user_id`, `created_at`, `updated_at`, `is_autofilled`, `is_out_of_race`, `begin_time`, `meeting_event_id`, `pool_type_id`, `time_standard_id`)
  VALUES (22311, 177, 700, 1, 1, '2015-03-01 00:03:25', '2015-03-01 00:03:25', 1, 0, '2000-01-01 13:54:00', 3199, 1, 2341);

INSERT INTO `meeting_programs` (`id`, `event_order`, `category_type_id`, `gender_type_id`, `user_id`, `created_at`, `updated_at`, `is_autofilled`, `is_out_of_race`, `begin_time`, `meeting_event_id`, `pool_type_id`, `time_standard_id`)
  VALUES (22312, 178, 701, 1, 1, '2015-03-01 00:03:25', '2015-03-01 00:03:25', 1, 0, '2000-01-01 13:56:00', 3199, 1, 2359);

INSERT INTO `meeting_programs` (`id`, `event_order`, `category_type_id`, `gender_type_id`, `user_id`, `created_at`, `updated_at`, `is_autofilled`, `is_out_of_race`, `begin_time`, `meeting_event_id`, `pool_type_id`, `time_standard_id`)
  VALUES (22313, 179, 702, 1, 1, '2015-03-01 00:03:25', '2015-03-01 00:03:25', 1, 0, '2000-01-01 13:58:00', 3199, 1, 2377);

INSERT INTO `meeting_programs` (`id`, `event_order`, `category_type_id`, `gender_type_id`, `user_id`, `created_at`, `updated_at`, `is_autofilled`, `is_out_of_race`, `begin_time`, `meeting_event_id`, `pool_type_id`, `time_standard_id`)
  VALUES (22314, 180, 703, 1, 1, '2015-03-01 00:03:25', '2015-03-01 00:03:25', 1, 0, '2000-01-01 14:00:00', 3199, 1, 2395);

INSERT INTO `meeting_programs` (`id`, `event_order`, `category_type_id`, `gender_type_id`, `user_id`, `created_at`, `updated_at`, `is_autofilled`, `is_out_of_race`, `begin_time`, `meeting_event_id`, `pool_type_id`, `time_standard_id`)
  VALUES (22315, 181, 704, 1, 1, '2015-03-01 00:03:26', '2015-03-01 00:03:26', 1, 0, '2000-01-01 14:02:00', 3199, 1, 2413);

INSERT INTO `meeting_programs` (`id`, `event_order`, `category_type_id`, `gender_type_id`, `user_id`, `created_at`, `updated_at`, `is_autofilled`, `is_out_of_race`, `begin_time`, `meeting_event_id`, `pool_type_id`, `time_standard_id`)
  VALUES (22316, 182, 693, 1, 1, '2015-03-01 00:03:26', '2015-03-01 00:03:26', 1, 0, '2000-01-01 14:04:00', 3199, 1, NULL);

INSERT INTO `teams` (`id`, `name`, `editable_name`, `address`, `zip`, `phone_mobile`, `phone_number`, `fax_number`, `e_mail`, `contact_name`, `notes`, `name_variations`, `city_id`, `user_id`, `created_at`, `updated_at`, `home_page_url`)
  VALUES (718, 'IDEA SPORT', 'IDEA SPORT', NULL, NULL, NULL, NULL, NULL, NULL, NULL, NULL, 'IDEA SPORT', NULL, 1, '2015-03-01 00:03:26', '2015-03-01 00:03:26', NULL);

INSERT INTO `team_affiliations` (`id`, `number`, `name`, `must_calculate_goggle_cup`, `team_id`, `season_id`, `user_id`, `created_at`, `updated_at`, `is_autofilled`)
  VALUES (938, NULL, 'IDEA SPORT', 0, 718, 132, 1, '2015-03-01 00:03:26', '2015-03-01 00:03:26', 1);

INSERT INTO `swimmers` (`id`, `last_name`, `first_name`, `year_of_birth`, `phone_mobile`, `phone_number`, `e_mail`, `nickname`, `associated_user_id`, `gender_type_id`, `user_id`, `created_at`, `updated_at`, `complete_name`, `is_year_guessed`)
  VALUES (17683, 'BRESSAN', 'RICCARDO', 1983, NULL, NULL, NULL, '', NULL, 1, 1, '2015-03-01 00:03:26', '2015-03-01 00:03:26', 'BRESSAN RICCARDO', 0);

INSERT INTO `swimmers` (`id`, `last_name`, `first_name`, `year_of_birth`, `phone_mobile`, `phone_number`, `e_mail`, `nickname`, `associated_user_id`, `gender_type_id`, `user_id`, `created_at`, `updated_at`, `complete_name`, `is_year_guessed`)
  VALUES (17684, 'BRUNI', 'ALBERTO', 1990, NULL, NULL, NULL, '', NULL, 1, 1, '2015-03-01 00:03:26', '2015-03-01 00:03:26', 'BRUNI ALBERTO', 0);

INSERT INTO `swimmers` (`id`, `last_name`, `first_name`, `year_of_birth`, `phone_mobile`, `phone_number`, `e_mail`, `nickname`, `associated_user_id`, `gender_type_id`, `user_id`, `created_at`, `updated_at`, `complete_name`, `is_year_guessed`)
  VALUES (17685, 'CAVANNA', 'CARLO', 1980, NULL, NULL, NULL, '', NULL, 1, 1, '2015-03-01 00:03:26', '2015-03-01 00:03:26', 'CAVANNA CARLO', 0);

INSERT INTO `swimmers` (`id`, `last_name`, `first_name`, `year_of_birth`, `phone_mobile`, `phone_number`, `e_mail`, `nickname`, `associated_user_id`, `gender_type_id`, `user_id`, `created_at`, `updated_at`, `complete_name`, `is_year_guessed`)
  VALUES (17686, 'FERRUA', 'STEFANO', 1981, NULL, NULL, NULL, '', NULL, 1, 1, '2015-03-01 00:03:26', '2015-03-01 00:03:26', 'FERRUA STEFANO', 0);

INSERT INTO `swimmers` (`id`, `last_name`, `first_name`, `year_of_birth`, `phone_mobile`, `phone_number`, `e_mail`, `nickname`, `associated_user_id`, `gender_type_id`, `user_id`, `created_at`, `updated_at`, `complete_name`, `is_year_guessed`)
  VALUES (17687, 'GASTI', 'MASSIMILIANO', 1989, NULL, NULL, NULL, '', NULL, 1, 1, '2015-03-01 00:03:26', '2015-03-01 00:03:26', 'GASTI MASSIMILIANO', 0);

INSERT INTO `swimmers` (`id`, `last_name`, `first_name`, `year_of_birth`, `phone_mobile`, `phone_number`, `e_mail`, `nickname`, `associated_user_id`, `gender_type_id`, `user_id`, `created_at`, `updated_at`, `complete_name`, `is_year_guessed`)
  VALUES (17688, 'GAVAROTTI', 'GIORGIO', 1991, NULL, NULL, NULL, '', NULL, 1, 1, '2015-03-01 00:03:26', '2015-03-01 00:03:26', 'GAVAROTTI GIORGIO', 0);

INSERT INTO `swimmers` (`id`, `last_name`, `first_name`, `year_of_birth`, `phone_mobile`, `phone_number`, `e_mail`, `nickname`, `associated_user_id`, `gender_type_id`, `user_id`, `created_at`, `updated_at`, `complete_name`, `is_year_guessed`)
  VALUES (17689, 'GENESIO', 'GIORGIO', 1967, NULL, NULL, NULL, '', NULL, 1, 1, '2015-03-01 00:03:26', '2015-03-01 00:03:26', 'GENESIO GIORGIO', 0);

INSERT INTO `swimmers` (`id`, `last_name`, `first_name`, `year_of_birth`, `phone_mobile`, `phone_number`, `e_mail`, `nickname`, `associated_user_id`, `gender_type_id`, `user_id`, `created_at`, `updated_at`, `complete_name`, `is_year_guessed`)
  VALUES (17690, 'GIORDO', 'ANDREA', 1967, NULL, NULL, NULL, '', NULL, 1, 1, '2015-03-01 00:03:26', '2015-03-01 00:03:26', 'GIORDO ANDREA', 0);

INSERT INTO `swimmers` (`id`, `last_name`, `first_name`, `year_of_birth`, `phone_mobile`, `phone_number`, `e_mail`, `nickname`, `associated_user_id`, `gender_type_id`, `user_id`, `created_at`, `updated_at`, `complete_name`, `is_year_guessed`)
  VALUES (17691, 'MASALA', 'PIERPAOLO', 1972, NULL, NULL, NULL, '', NULL, 1, 1, '2015-03-01 00:03:26', '2015-03-01 00:03:26', 'MASALA PIERPAOLO', 0);

INSERT INTO `swimmers` (`id`, `last_name`, `first_name`, `year_of_birth`, `phone_mobile`, `phone_number`, `e_mail`, `nickname`, `associated_user_id`, `gender_type_id`, `user_id`, `created_at`, `updated_at`, `complete_name`, `is_year_guessed`)
  VALUES (17692, 'PAPA', 'ALESSANDRA', 1976, NULL, NULL, NULL, '', NULL, 2, 1, '2015-03-01 00:03:26', '2015-03-01 00:03:26', 'PAPA ALESSANDRA', 0);

INSERT INTO `swimmers` (`id`, `last_name`, `first_name`, `year_of_birth`, `phone_mobile`, `phone_number`, `e_mail`, `nickname`, `associated_user_id`, `gender_type_id`, `user_id`, `created_at`, `updated_at`, `complete_name`, `is_year_guessed`)
  VALUES (17693, 'PEROTTI', 'PAOLO', 1960, NULL, NULL, NULL, '', NULL, 1, 1, '2015-03-01 00:03:26', '2015-03-01 00:03:26', 'PEROTTI PAOLO', 0);

INSERT INTO `swimmers` (`id`, `last_name`, `first_name`, `year_of_birth`, `phone_mobile`, `phone_number`, `e_mail`, `nickname`, `associated_user_id`, `gender_type_id`, `user_id`, `created_at`, `updated_at`, `complete_name`, `is_year_guessed`)
  VALUES (17694, 'PUCE', 'LUCA', 1985, NULL, NULL, NULL, '', NULL, 1, 1, '2015-03-01 00:03:26', '2015-03-01 00:03:26', 'PUCE LUCA', 0);

INSERT INTO `swimmers` (`id`, `last_name`, `first_name`, `year_of_birth`, `phone_mobile`, `phone_number`, `e_mail`, `nickname`, `associated_user_id`, `gender_type_id`, `user_id`, `created_at`, `updated_at`, `complete_name`, `is_year_guessed`)
  VALUES (17695, 'SANNINO', 'LUIGI', 1980, NULL, NULL, NULL, '', NULL, 1, 1, '2015-03-01 00:03:26', '2015-03-01 00:03:26', 'SANNINO LUIGI', 0);

INSERT INTO `swimmers` (`id`, `last_name`, `first_name`, `year_of_birth`, `phone_mobile`, `phone_number`, `e_mail`, `nickname`, `associated_user_id`, `gender_type_id`, `user_id`, `created_at`, `updated_at`, `complete_name`, `is_year_guessed`)
  VALUES (17696, 'TRAVERSA', 'RICCARDO', 1989, NULL, NULL, NULL, '', NULL, 1, 1, '2015-03-01 00:03:26', '2015-03-01 00:03:26', 'TRAVERSA RICCARDO', 0);

INSERT INTO `swimmers` (`id`, `last_name`, `first_name`, `year_of_birth`, `phone_mobile`, `phone_number`, `e_mail`, `nickname`, `associated_user_id`, `gender_type_id`, `user_id`, `created_at`, `updated_at`, `complete_name`, `is_year_guessed`)
  VALUES (17697, 'VITTON MEA', 'ALBERTO', 1989, NULL, NULL, NULL, '', NULL, 1, 1, '2015-03-01 00:03:26', '2015-03-01 00:03:26', 'VITTON MEA ALBERTO', 0);

INSERT INTO `swimmers` (`id`, `last_name`, `first_name`, `year_of_birth`, `phone_mobile`, `phone_number`, `e_mail`, `nickname`, `associated_user_id`, `gender_type_id`, `user_id`, `created_at`, `updated_at`, `complete_name`, `is_year_guessed`)
  VALUES (17698, 'CARTASEGNA', 'FABIO', 1974, NULL, NULL, NULL, '', NULL, 1, 1, '2015-03-01 00:03:26', '2015-03-01 00:03:26', 'CARTASEGNA FABIO', 0);

INSERT INTO `swimmers` (`id`, `last_name`, `first_name`, `year_of_birth`, `phone_mobile`, `phone_number`, `e_mail`, `nickname`, `associated_user_id`, `gender_type_id`, `user_id`, `created_at`, `updated_at`, `complete_name`, `is_year_guessed`)
  VALUES (17699, 'GUAGLIARDO', 'MARCO', 1986, NULL, NULL, NULL, '', NULL, 1, 1, '2015-03-01 00:03:26', '2015-03-01 00:03:26', 'GUAGLIARDO MARCO', 0);

INSERT INTO `badges` (`id`, `number`, `season_id`, `swimmer_id`, `team_id`, `category_type_id`, `user_id`, `created_at`, `updated_at`, `entry_time_type_id`, `team_affiliation_id`)
  VALUES (21486, '?', 132, 17687, 215, 694, 1, '2015-03-01 00:03:26', '2015-03-01 00:03:26', 5, 410);

INSERT INTO `badges` (`id`, `number`, `season_id`, `swimmer_id`, `team_id`, `category_type_id`, `user_id`, `created_at`, `updated_at`, `entry_time_type_id`, `team_affiliation_id`)
  VALUES (21487, '?', 132, 17685, 358, 695, 1, '2015-03-01 00:03:26', '2015-03-01 00:03:26', 5, 575);

INSERT INTO `badges` (`id`, `number`, `season_id`, `swimmer_id`, `team_id`, `category_type_id`, `user_id`, `created_at`, `updated_at`, `entry_time_type_id`, `team_affiliation_id`)
  VALUES (21488, '?', 132, 17689, 284, 698, 1, '2015-03-01 00:03:26', '2015-03-01 00:03:26', 5, 481);

INSERT INTO `badges` (`id`, `number`, `season_id`, `swimmer_id`, `team_id`, `category_type_id`, `user_id`, `created_at`, `updated_at`, `entry_time_type_id`, `team_affiliation_id`)
  VALUES (21489, '?', 132, 17697, 288, 694, 1, '2015-03-01 00:03:26', '2015-03-01 00:03:26', 5, 485);

INSERT INTO `badges` (`id`, `number`, `season_id`, `swimmer_id`, `team_id`, `category_type_id`, `user_id`, `created_at`, `updated_at`, `entry_time_type_id`, `team_affiliation_id`)
  VALUES (21490, '?', 132, 17699, 282, 694, 1, '2015-03-01 00:03:26', '2015-03-01 00:03:26', 5, 479);

INSERT INTO `badges` (`id`, `number`, `season_id`, `swimmer_id`, `team_id`, `category_type_id`, `user_id`, `created_at`, `updated_at`, `entry_time_type_id`, `team_affiliation_id`)
  VALUES (21491, '?', 132, 17696, 560, 694, 1, '2015-03-01 00:03:26', '2015-03-01 00:03:26', 5, 780);

INSERT INTO `badges` (`id`, `number`, `season_id`, `swimmer_id`, `team_id`, `category_type_id`, `user_id`, `created_at`, `updated_at`, `entry_time_type_id`, `team_affiliation_id`)
  VALUES (21492, '?', 132, 17691, 718, 697, 1, '2015-03-01 00:03:26', '2015-03-01 00:03:26', 5, 938);

INSERT INTO `badges` (`id`, `number`, `season_id`, `swimmer_id`, `team_id`, `category_type_id`, `user_id`, `created_at`, `updated_at`, `entry_time_type_id`, `team_affiliation_id`)
  VALUES (21493, '?', 132, 17698, 109, 697, 1, '2015-03-01 00:03:26', '2015-03-01 00:03:26', 5, 302);

INSERT INTO `badges` (`id`, `number`, `season_id`, `swimmer_id`, `team_id`, `category_type_id`, `user_id`, `created_at`, `updated_at`, `entry_time_type_id`, `team_affiliation_id`)
  VALUES (21494, '?', 132, 17684, 560, 693, 1, '2015-03-01 00:03:26', '2015-03-01 00:03:26', 5, 780);

INSERT INTO `badges` (`id`, `number`, `season_id`, `swimmer_id`, `team_id`, `category_type_id`, `user_id`, `created_at`, `updated_at`, `entry_time_type_id`, `team_affiliation_id`)
  VALUES (21495, '?', 132, 17694, 221, 694, 1, '2015-03-01 00:03:26', '2015-03-01 00:03:26', 5, 416);

INSERT INTO `badges` (`id`, `number`, `season_id`, `swimmer_id`, `team_id`, `category_type_id`, `user_id`, `created_at`, `updated_at`, `entry_time_type_id`, `team_affiliation_id`)
  VALUES (21496, '?', 132, 17693, 78, 699, 1, '2015-03-01 00:03:27', '2015-03-01 00:03:27', 5, 271);

INSERT INTO `badges` (`id`, `number`, `season_id`, `swimmer_id`, `team_id`, `category_type_id`, `user_id`, `created_at`, `updated_at`, `entry_time_type_id`, `team_affiliation_id`)
  VALUES (21497, '?', 132, 17695, 221, 695, 1, '2015-03-01 00:03:27', '2015-03-01 00:03:27', 5, 416);

INSERT INTO `badges` (`id`, `number`, `season_id`, `swimmer_id`, `team_id`, `category_type_id`, `user_id`, `created_at`, `updated_at`, `entry_time_type_id`, `team_affiliation_id`)
  VALUES (21498, '?', 132, 17690, 279, 698, 1, '2015-03-01 00:03:27', '2015-03-01 00:03:27', 5, 476);

INSERT INTO `badges` (`id`, `number`, `season_id`, `swimmer_id`, `team_id`, `category_type_id`, `user_id`, `created_at`, `updated_at`, `entry_time_type_id`, `team_affiliation_id`)
  VALUES (21499, '?', 132, 17692, 215, 696, 1, '2015-03-01 00:03:27', '2015-03-01 00:03:27', 5, 410);

INSERT INTO `badges` (`id`, `number`, `season_id`, `swimmer_id`, `team_id`, `category_type_id`, `user_id`, `created_at`, `updated_at`, `entry_time_type_id`, `team_affiliation_id`)
  VALUES (21500, '?', 132, 17683, 499, 695, 1, '2015-03-01 00:03:27', '2015-03-01 00:03:27', 5, 719);

INSERT INTO `badges` (`id`, `number`, `season_id`, `swimmer_id`, `team_id`, `category_type_id`, `user_id`, `created_at`, `updated_at`, `entry_time_type_id`, `team_affiliation_id`)
  VALUES (21501, '?', 132, 17686, 94, 695, 1, '2015-03-01 00:03:27', '2015-03-01 00:03:27', 5, 287);

INSERT INTO `badges` (`id`, `number`, `season_id`, `swimmer_id`, `team_id`, `category_type_id`, `user_id`, `created_at`, `updated_at`, `entry_time_type_id`, `team_affiliation_id`)
  VALUES (21502, '?', 132, 17688, 288, 693, 1, '2015-03-01 00:03:27', '2015-03-01 00:03:27', 5, 485);

INSERT INTO `meeting_individual_results` (`id`, `rank`, `is_play_off`, `is_out_of_race`, `is_disqualified`, `standard_points`, `meeting_individual_points`, `minutes`, `seconds`, `hundreds`, `meeting_program_id`, `swimmer_id`, `team_id`, `badge_id`, `user_id`, `created_at`, `updated_at`, `disqualification_code_type_id`, `goggle_cup_points`, `reaction_time`, `team_points`, `team_affiliation_id`)
  VALUES (191979, 1, 1, 0, 0, 621.86, 621.86, 1, 41, 84, 22135, 9526, 221, 13203, 1, '2015-03-01 00:03:27', '2015-03-01 00:03:27', NULL, 0.0, 0.0, 0.0, 416);

INSERT INTO `meeting_individual_results` (`id`, `rank`, `is_play_off`, `is_out_of_race`, `is_disqualified`, `standard_points`, `meeting_individual_points`, `minutes`, `seconds`, `hundreds`, `meeting_program_id`, `swimmer_id`, `team_id`, `badge_id`, `user_id`, `created_at`, `updated_at`, `disqualification_code_type_id`, `goggle_cup_points`, `reaction_time`, `team_points`, `team_affiliation_id`)
  VALUES (191980, 1, 1, 0, 0, 926.07, 926.07, 1, 8, 44, 22136, 7558, 48, 11353, 1, '2015-03-01 00:03:27', '2015-03-01 00:03:27', NULL, 0.0, 0.0, 0.0, 241);

INSERT INTO `meeting_individual_results` (`id`, `rank`, `is_play_off`, `is_out_of_race`, `is_disqualified`, `standard_points`, `meeting_individual_points`, `minutes`, `seconds`, `hundreds`, `meeting_program_id`, `swimmer_id`, `team_id`, `badge_id`, `user_id`, `created_at`, `updated_at`, `disqualification_code_type_id`, `goggle_cup_points`, `reaction_time`, `team_points`, `team_affiliation_id`)
  VALUES (191981, 1, 1, 0, 0, 871.15, 871.15, 1, 14, 35, 22137, 12581, 215, 16322, 1, '2015-03-01 00:03:27', '2015-03-01 00:03:27', NULL, 0.0, 0.0, 0.0, 410);

INSERT INTO `meeting_individual_results` (`id`, `rank`, `is_play_off`, `is_out_of_race`, `is_disqualified`, `standard_points`, `meeting_individual_points`, `minutes`, `seconds`, `hundreds`, `meeting_program_id`, `swimmer_id`, `team_id`, `badge_id`, `user_id`, `created_at`, `updated_at`, `disqualification_code_type_id`, `goggle_cup_points`, `reaction_time`, `team_points`, `team_affiliation_id`)
  VALUES (191982, 2, 1, 0, 0, 673.78, 673.78, 1, 36, 13, 22137, 9452, 221, 13272, 1, '2015-03-01 00:03:27', '2015-03-01 00:03:27', NULL, 0.0, 0.0, 0.0, 416);

INSERT INTO `meeting_individual_results` (`id`, `rank`, `is_play_off`, `is_out_of_race`, `is_disqualified`, `standard_points`, `meeting_individual_points`, `minutes`, `seconds`, `hundreds`, `meeting_program_id`, `swimmer_id`, `team_id`, `badge_id`, `user_id`, `created_at`, `updated_at`, `disqualification_code_type_id`, `goggle_cup_points`, `reaction_time`, `team_points`, `team_affiliation_id`)
  VALUES (191983, 1, 1, 0, 0, 810.65, 810.65, 1, 21, 54, 22138, 7552, 48, 11151, 1, '2015-03-01 00:03:27', '2015-03-01 00:03:27', NULL, 0.0, 0.0, 0.0, 241);

INSERT INTO `meeting_individual_results` (`id`, `rank`, `is_play_off`, `is_out_of_race`, `is_disqualified`, `standard_points`, `meeting_individual_points`, `minutes`, `seconds`, `hundreds`, `meeting_program_id`, `swimmer_id`, `team_id`, `badge_id`, `user_id`, `created_at`, `updated_at`, `disqualification_code_type_id`, `goggle_cup_points`, `reaction_time`, `team_points`, `team_affiliation_id`)
  VALUES (191984, 2, 1, 0, 0, 739.7, 739.7, 1, 29, 36, 22138, 15952, 279, 19723, 1, '2015-03-01 00:03:27', '2015-03-01 00:03:27', NULL, 0.0, 0.0, 0.0, 476);

INSERT INTO `meeting_individual_results` (`id`, `rank`, `is_play_off`, `is_out_of_race`, `is_disqualified`, `standard_points`, `meeting_individual_points`, `minutes`, `seconds`, `hundreds`, `meeting_program_id`, `swimmer_id`, `team_id`, `badge_id`, `user_id`, `created_at`, `updated_at`, `disqualification_code_type_id`, `goggle_cup_points`, `reaction_time`, `team_points`, `team_affiliation_id`)
  VALUES (191985, 3, 1, 0, 1, 0.0, 0.0, 0, 0, 0, 22138, 2046, 87, 5236, 1, '2015-03-01 00:03:28', '2015-03-01 00:03:28', 1, 0.0, 0.0, 0.0, 280);

INSERT INTO `meeting_individual_results` (`id`, `rank`, `is_play_off`, `is_out_of_race`, `is_disqualified`, `standard_points`, `meeting_individual_points`, `minutes`, `seconds`, `hundreds`, `meeting_program_id`, `swimmer_id`, `team_id`, `badge_id`, `user_id`, `created_at`, `updated_at`, `disqualification_code_type_id`, `goggle_cup_points`, `reaction_time`, `team_points`, `team_affiliation_id`)
  VALUES (191986, 1, 1, 0, 0, 712.44, 712.44, 1, 36, 12, 22139, 11464, 109, 15270, 1, '2015-03-01 00:03:28', '2015-03-01 00:03:28', NULL, 0.0, 0.0, 0.0, 302);

INSERT INTO `meeting_individual_results` (`id`, `rank`, `is_play_off`, `is_out_of_race`, `is_disqualified`, `standard_points`, `meeting_individual_points`, `minutes`, `seconds`, `hundreds`, `meeting_program_id`, `swimmer_id`, `team_id`, `badge_id`, `user_id`, `created_at`, `updated_at`, `disqualification_code_type_id`, `goggle_cup_points`, `reaction_time`, `team_points`, `team_affiliation_id`)
  VALUES (191987, 2, 1, 0, 0, 694.88, 694.88, 1, 38, 55, 22139, 4728, 105, 8023, 1, '2015-03-01 00:03:28', '2015-03-01 00:03:28', NULL, 0.0, 0.0, 0.0, 298);

INSERT INTO `meeting_individual_results` (`id`, `rank`, `is_play_off`, `is_out_of_race`, `is_disqualified`, `standard_points`, `meeting_individual_points`, `minutes`, `seconds`, `hundreds`, `meeting_program_id`, `swimmer_id`, `team_id`, `badge_id`, `user_id`, `created_at`, `updated_at`, `disqualification_code_type_id`, `goggle_cup_points`, `reaction_time`, `team_points`, `team_affiliation_id`)
  VALUES (191988, 1, 1, 0, 0, 856.26, 856.26, 1, 4, 56, 22140, 17687, 215, 21486, 1, '2015-03-01 00:03:28', '2015-03-01 00:03:28', NULL, 0.0, 0.0, 0.0, 410);

INSERT INTO `meeting_individual_results` (`id`, `rank`, `is_play_off`, `is_out_of_race`, `is_disqualified`, `standard_points`, `meeting_individual_points`, `minutes`, `seconds`, `hundreds`, `meeting_program_id`, `swimmer_id`, `team_id`, `badge_id`, `user_id`, `created_at`, `updated_at`, `disqualification_code_type_id`, `goggle_cup_points`, `reaction_time`, `team_points`, `team_affiliation_id`)
  VALUES (191989, 1, 1, 0, 0, 696.07, 696.07, 1, 20, 38, 22141, 15996, 222, 19772, 1, '2015-03-01 00:03:28', '2015-03-01 00:03:28', NULL, 0.0, 0.0, 0.0, 417);

INSERT INTO `meeting_individual_results` (`id`, `rank`, `is_play_off`, `is_out_of_race`, `is_disqualified`, `standard_points`, `meeting_individual_points`, `minutes`, `seconds`, `hundreds`, `meeting_program_id`, `swimmer_id`, `team_id`, `badge_id`, `user_id`, `created_at`, `updated_at`, `disqualification_code_type_id`, `goggle_cup_points`, `reaction_time`, `team_points`, `team_affiliation_id`)
  VALUES (191990, 2, 1, 0, 0, 576.33, 576.33, 1, 37, 8, 22141, 17685, 358, 21487, 1, '2015-03-01 00:03:28', '2015-03-01 00:03:28', NULL, 0.0, 0.0, 0.0, 575);

INSERT INTO `meeting_individual_results` (`id`, `rank`, `is_play_off`, `is_out_of_race`, `is_disqualified`, `standard_points`, `meeting_individual_points`, `minutes`, `seconds`, `hundreds`, `meeting_program_id`, `swimmer_id`, `team_id`, `badge_id`, `user_id`, `created_at`, `updated_at`, `disqualification_code_type_id`, `goggle_cup_points`, `reaction_time`, `team_points`, `team_affiliation_id`)
  VALUES (191991, 1, 1, 0, 0, 813.13, 813.13, 1, 10, 69, 22142, 9780, 391, 13456, 1, '2015-03-01 00:03:28', '2015-03-01 00:03:28', NULL, 0.0, 0.0, 0.0, 611);

INSERT INTO `meeting_individual_results` (`id`, `rank`, `is_play_off`, `is_out_of_race`, `is_disqualified`, `standard_points`, `meeting_individual_points`, `minutes`, `seconds`, `hundreds`, `meeting_program_id`, `swimmer_id`, `team_id`, `badge_id`, `user_id`, `created_at`, `updated_at`, `disqualification_code_type_id`, `goggle_cup_points`, `reaction_time`, `team_points`, `team_affiliation_id`)
  VALUES (191992, 2, 1, 0, 0, 771.23, 771.23, 1, 14, 53, 22142, 16001, 78, 19745, 1, '2015-03-01 00:03:28', '2015-03-01 00:03:28', NULL, 0.0, 0.0, 0.0, 271);

INSERT INTO `meeting_individual_results` (`id`, `rank`, `is_play_off`, `is_out_of_race`, `is_disqualified`, `standard_points`, `meeting_individual_points`, `minutes`, `seconds`, `hundreds`, `meeting_program_id`, `swimmer_id`, `team_id`, `badge_id`, `user_id`, `created_at`, `updated_at`, `disqualification_code_type_id`, `goggle_cup_points`, `reaction_time`, `team_points`, `team_affiliation_id`)
  VALUES (191993, 3, 1, 0, 0, 672.6, 672.6, 1, 25, 46, 22142, 4706, 284, 8001, 1, '2015-03-01 00:03:28', '2015-03-01 00:03:28', NULL, 0.0, 0.0, 0.0, 481);

INSERT INTO `meeting_individual_results` (`id`, `rank`, `is_play_off`, `is_out_of_race`, `is_disqualified`, `standard_points`, `meeting_individual_points`, `minutes`, `seconds`, `hundreds`, `meeting_program_id`, `swimmer_id`, `team_id`, `badge_id`, `user_id`, `created_at`, `updated_at`, `disqualification_code_type_id`, `goggle_cup_points`, `reaction_time`, `team_points`, `team_affiliation_id`)
  VALUES (191994, 1, 1, 0, 0, 760.79, 760.79, 1, 16, 25, 22143, 3697, 223, 6923, 1, '2015-03-01 00:03:28', '2015-03-01 00:03:28', NULL, 0.0, 0.0, 0.0, 418);

INSERT INTO `meeting_individual_results` (`id`, `rank`, `is_play_off`, `is_out_of_race`, `is_disqualified`, `standard_points`, `meeting_individual_points`, `minutes`, `seconds`, `hundreds`, `meeting_program_id`, `swimmer_id`, `team_id`, `badge_id`, `user_id`, `created_at`, `updated_at`, `disqualification_code_type_id`, `goggle_cup_points`, `reaction_time`, `team_points`, `team_affiliation_id`)
  VALUES (191995, 1, 1, 0, 0, 626.37, 626.37, 1, 34, 64, 22144, 4193, 70, 7488, 1, '2015-03-01 00:03:28', '2015-03-01 00:03:28', NULL, 0.0, 0.0, 0.0, 263);

INSERT INTO `meeting_individual_results` (`id`, `rank`, `is_play_off`, `is_out_of_race`, `is_disqualified`, `standard_points`, `meeting_individual_points`, `minutes`, `seconds`, `hundreds`, `meeting_program_id`, `swimmer_id`, `team_id`, `badge_id`, `user_id`, `created_at`, `updated_at`, `disqualification_code_type_id`, `goggle_cup_points`, `reaction_time`, `team_points`, `team_affiliation_id`)
  VALUES (191996, 2, 1, 0, 1, 0.0, 0.0, 0, 0, 0, 22144, 14704, 358, 18582, 1, '2015-03-01 00:03:29', '2015-03-01 00:03:29', 1, 0.0, 0.0, 0.0, 575);

INSERT INTO `meeting_individual_results` (`id`, `rank`, `is_play_off`, `is_out_of_race`, `is_disqualified`, `standard_points`, `meeting_individual_points`, `minutes`, `seconds`, `hundreds`, `meeting_program_id`, `swimmer_id`, `team_id`, `badge_id`, `user_id`, `created_at`, `updated_at`, `disqualification_code_type_id`, `goggle_cup_points`, `reaction_time`, `team_points`, `team_affiliation_id`)
  VALUES (191997, 1, 1, 0, 0, 972.52, 972.52, 1, 11, 68, 22145, 4761, 78, 8056, 1, '2015-03-01 00:03:29', '2015-03-01 00:03:29', NULL, 0.0, 0.0, 0.0, 271);

INSERT INTO `meeting_individual_results` (`id`, `rank`, `is_play_off`, `is_out_of_race`, `is_disqualified`, `standard_points`, `meeting_individual_points`, `minutes`, `seconds`, `hundreds`, `meeting_program_id`, `swimmer_id`, `team_id`, `badge_id`, `user_id`, `created_at`, `updated_at`, `disqualification_code_type_id`, `goggle_cup_points`, `reaction_time`, `team_points`, `team_affiliation_id`)
  VALUES (191998, 1, 1, 0, 0, 604.4, 604.4, 2, 2, 17, 22146, 15995, 394, 19769, 1, '2015-03-01 00:03:29', '2015-03-01 00:03:29', NULL, 0.0, 0.0, 0.0, 614);

INSERT INTO `meeting_individual_results` (`id`, `rank`, `is_play_off`, `is_out_of_race`, `is_disqualified`, `standard_points`, `meeting_individual_points`, `minutes`, `seconds`, `hundreds`, `meeting_program_id`, `swimmer_id`, `team_id`, `badge_id`, `user_id`, `created_at`, `updated_at`, `disqualification_code_type_id`, `goggle_cup_points`, `reaction_time`, `team_points`, `team_affiliation_id`)
  VALUES (191999, 1, 1, 0, 0, 752.02, 752.02, 1, 44, 20, 22147, 7459, 215, 11379, 1, '2015-03-01 00:03:29', '2015-03-01 00:03:29', NULL, 0.0, 0.0, 0.0, 410);

INSERT INTO `meeting_individual_results` (`id`, `rank`, `is_play_off`, `is_out_of_race`, `is_disqualified`, `standard_points`, `meeting_individual_points`, `minutes`, `seconds`, `hundreds`, `meeting_program_id`, `swimmer_id`, `team_id`, `badge_id`, `user_id`, `created_at`, `updated_at`, `disqualification_code_type_id`, `goggle_cup_points`, `reaction_time`, `team_points`, `team_affiliation_id`)
  VALUES (192000, 1, 1, 0, 0, 643.21, 643.21, 1, 41, 32, 22148, 9456, 394, 13166, 1, '2015-03-01 00:03:29', '2015-03-01 00:03:29', NULL, 0.0, 0.0, 0.0, 614);

INSERT INTO `meeting_individual_results` (`id`, `rank`, `is_play_off`, `is_out_of_race`, `is_disqualified`, `standard_points`, `meeting_individual_points`, `minutes`, `seconds`, `hundreds`, `meeting_program_id`, `swimmer_id`, `team_id`, `badge_id`, `user_id`, `created_at`, `updated_at`, `disqualification_code_type_id`, `goggle_cup_points`, `reaction_time`, `team_points`, `team_affiliation_id`)
  VALUES (192001, 1, 1, 0, 0, 994.51, 994.51, 1, 7, 34, 22149, 2054, 87, 5244, 1, '2015-03-01 00:03:29', '2015-03-01 00:03:29', NULL, 0.0, 0.0, 0.0, 280);

INSERT INTO `meeting_individual_results` (`id`, `rank`, `is_play_off`, `is_out_of_race`, `is_disqualified`, `standard_points`, `meeting_individual_points`, `minutes`, `seconds`, `hundreds`, `meeting_program_id`, `swimmer_id`, `team_id`, `badge_id`, `user_id`, `created_at`, `updated_at`, `disqualification_code_type_id`, `goggle_cup_points`, `reaction_time`, `team_points`, `team_affiliation_id`)
  VALUES (192002, 1, 1, 0, 0, 661.85, 661.85, 1, 53, 56, 22150, 9424, 499, 13247, 1, '2015-03-01 00:03:29', '2015-03-01 00:03:29', NULL, 0.0, 0.0, 0.0, 719);

INSERT INTO `meeting_individual_results` (`id`, `rank`, `is_play_off`, `is_out_of_race`, `is_disqualified`, `standard_points`, `meeting_individual_points`, `minutes`, `seconds`, `hundreds`, `meeting_program_id`, `swimmer_id`, `team_id`, `badge_id`, `user_id`, `created_at`, `updated_at`, `disqualification_code_type_id`, `goggle_cup_points`, `reaction_time`, `team_points`, `team_affiliation_id`)
  VALUES (192003, 1, 1, 0, 0, 884.39, 884.39, 1, 1, 76, 22151, 3691, 226, 6915, 1, '2015-03-01 00:03:29', '2015-03-01 00:03:29', NULL, 0.0, 0.0, 0.0, 421);

INSERT INTO `meeting_individual_results` (`id`, `rank`, `is_play_off`, `is_out_of_race`, `is_disqualified`, `standard_points`, `meeting_individual_points`, `minutes`, `seconds`, `hundreds`, `meeting_program_id`, `swimmer_id`, `team_id`, `badge_id`, `user_id`, `created_at`, `updated_at`, `disqualification_code_type_id`, `goggle_cup_points`, `reaction_time`, `team_points`, `team_affiliation_id`)
  VALUES (192004, 2, 1, 0, 0, 783.64, 783.64, 1, 9, 70, 22151, 7703, 288, 11158, 1, '2015-03-01 00:03:29', '2015-03-01 00:03:29', NULL, 0.0, 0.0, 0.0, 485);

INSERT INTO `meeting_individual_results` (`id`, `rank`, `is_play_off`, `is_out_of_race`, `is_disqualified`, `standard_points`, `meeting_individual_points`, `minutes`, `seconds`, `hundreds`, `meeting_program_id`, `swimmer_id`, `team_id`, `badge_id`, `user_id`, `created_at`, `updated_at`, `disqualification_code_type_id`, `goggle_cup_points`, `reaction_time`, `team_points`, `team_affiliation_id`)
  VALUES (192005, 3, 1, 0, 0, 745.36, 745.36, 1, 13, 28, 22151, 14804, 594, 18598, 1, '2015-03-01 00:03:29', '2015-03-01 00:03:29', NULL, 0.0, 0.0, 0.0, 814);

INSERT INTO `meeting_individual_results` (`id`, `rank`, `is_play_off`, `is_out_of_race`, `is_disqualified`, `standard_points`, `meeting_individual_points`, `minutes`, `seconds`, `hundreds`, `meeting_program_id`, `swimmer_id`, `team_id`, `badge_id`, `user_id`, `created_at`, `updated_at`, `disqualification_code_type_id`, `goggle_cup_points`, `reaction_time`, `team_points`, `team_affiliation_id`)
  VALUES (192006, 4, 1, 0, 0, 645.47, 645.47, 1, 24, 62, 22151, 14793, 288, 18601, 1, '2015-03-01 00:03:29', '2015-03-01 00:03:29', NULL, 0.0, 0.0, 0.0, 485);

INSERT INTO `meeting_individual_results` (`id`, `rank`, `is_play_off`, `is_out_of_race`, `is_disqualified`, `standard_points`, `meeting_individual_points`, `minutes`, `seconds`, `hundreds`, `meeting_program_id`, `swimmer_id`, `team_id`, `badge_id`, `user_id`, `created_at`, `updated_at`, `disqualification_code_type_id`, `goggle_cup_points`, `reaction_time`, `team_points`, `team_affiliation_id`)
  VALUES (192007, 1, 1, 0, 0, 847.9, 847.9, 1, 6, 60, 22152, 4786, 216, 8081, 1, '2015-03-01 00:03:30', '2015-03-01 00:03:30', NULL, 0.0, 0.0, 0.0, 411);

INSERT INTO `meeting_individual_results` (`id`, `rank`, `is_play_off`, `is_out_of_race`, `is_disqualified`, `standard_points`, `meeting_individual_points`, `minutes`, `seconds`, `hundreds`, `meeting_program_id`, `swimmer_id`, `team_id`, `badge_id`, `user_id`, `created_at`, `updated_at`, `disqualification_code_type_id`, `goggle_cup_points`, `reaction_time`, `team_points`, `team_affiliation_id`)
  VALUES (192008, 2, 1, 0, 0, 804.19, 804.19, 1, 10, 22, 22152, 2240, 73, 5438, 1, '2015-03-01 00:03:30', '2015-03-01 00:03:30', NULL, 0.0, 0.0, 0.0, 266);

INSERT INTO `meeting_individual_results` (`id`, `rank`, `is_play_off`, `is_out_of_race`, `is_disqualified`, `standard_points`, `meeting_individual_points`, `minutes`, `seconds`, `hundreds`, `meeting_program_id`, `swimmer_id`, `team_id`, `badge_id`, `user_id`, `created_at`, `updated_at`, `disqualification_code_type_id`, `goggle_cup_points`, `reaction_time`, `team_points`, `team_affiliation_id`)
  VALUES (192009, 3, 1, 0, 0, 801.11, 801.11, 1, 10, 49, 22152, 7621, 357, 11320, 1, '2015-03-01 00:03:30', '2015-03-01 00:03:30', NULL, 0.0, 0.0, 0.0, 574);

INSERT INTO `meeting_individual_results` (`id`, `rank`, `is_play_off`, `is_out_of_race`, `is_disqualified`, `standard_points`, `meeting_individual_points`, `minutes`, `seconds`, `hundreds`, `meeting_program_id`, `swimmer_id`, `team_id`, `badge_id`, `user_id`, `created_at`, `updated_at`, `disqualification_code_type_id`, `goggle_cup_points`, `reaction_time`, `team_points`, `team_affiliation_id`)
  VALUES (192010, 4, 1, 0, 0, 698.37, 698.37, 1, 20, 86, 22152, 7458, 288, 11322, 1, '2015-03-01 00:03:30', '2015-03-01 00:03:30', NULL, 0.0, 0.0, 0.0, 485);

INSERT INTO `meeting_individual_results` (`id`, `rank`, `is_play_off`, `is_out_of_race`, `is_disqualified`, `standard_points`, `meeting_individual_points`, `minutes`, `seconds`, `hundreds`, `meeting_program_id`, `swimmer_id`, `team_id`, `badge_id`, `user_id`, `created_at`, `updated_at`, `disqualification_code_type_id`, `goggle_cup_points`, `reaction_time`, `team_points`, `team_affiliation_id`)
  VALUES (192011, 5, 1, 0, 0, 537.91, 537.91, 1, 44, 98, 22152, 7622, 287, 11325, 1, '2015-03-01 00:03:30', '2015-03-01 00:03:30', NULL, 0.0, 0.0, 0.0, 484);

INSERT INTO `meeting_individual_results` (`id`, `rank`, `is_play_off`, `is_out_of_race`, `is_disqualified`, `standard_points`, `meeting_individual_points`, `minutes`, `seconds`, `hundreds`, `meeting_program_id`, `swimmer_id`, `team_id`, `badge_id`, `user_id`, `created_at`, `updated_at`, `disqualification_code_type_id`, `goggle_cup_points`, `reaction_time`, `team_points`, `team_affiliation_id`)
  VALUES (192012, 1, 1, 0, 0, 801.07, 801.07, 1, 14, 50, 22153, 9457, 498, 13239, 1, '2015-03-01 00:03:30', '2015-03-01 00:03:30', NULL, 0.0, 0.0, 0.0, 718);

INSERT INTO `meeting_individual_results` (`id`, `rank`, `is_play_off`, `is_out_of_race`, `is_disqualified`, `standard_points`, `meeting_individual_points`, `minutes`, `seconds`, `hundreds`, `meeting_program_id`, `swimmer_id`, `team_id`, `badge_id`, `user_id`, `created_at`, `updated_at`, `disqualification_code_type_id`, `goggle_cup_points`, `reaction_time`, `team_points`, `team_affiliation_id`)
  VALUES (192013, 2, 1, 0, 0, 771.66, 771.66, 1, 17, 34, 22153, 7402, 414, 11340, 1, '2015-03-01 00:03:30', '2015-03-01 00:03:30', NULL, 0.0, 0.0, 0.0, 634);

INSERT INTO `meeting_individual_results` (`id`, `rank`, `is_play_off`, `is_out_of_race`, `is_disqualified`, `standard_points`, `meeting_individual_points`, `minutes`, `seconds`, `hundreds`, `meeting_program_id`, `swimmer_id`, `team_id`, `badge_id`, `user_id`, `created_at`, `updated_at`, `disqualification_code_type_id`, `goggle_cup_points`, `reaction_time`, `team_points`, `team_affiliation_id`)
  VALUES (192014, 3, 1, 0, 0, 533.67, 533.67, 1, 51, 83, 22153, 7565, 94, 11377, 1, '2015-03-01 00:03:30', '2015-03-01 00:03:30', NULL, 0.0, 0.0, 0.0, 287);

INSERT INTO `meeting_individual_results` (`id`, `rank`, `is_play_off`, `is_out_of_race`, `is_disqualified`, `standard_points`, `meeting_individual_points`, `minutes`, `seconds`, `hundreds`, `meeting_program_id`, `swimmer_id`, `team_id`, `badge_id`, `user_id`, `created_at`, `updated_at`, `disqualification_code_type_id`, `goggle_cup_points`, `reaction_time`, `team_points`, `team_affiliation_id`)
  VALUES (192015, 1, 1, 0, 0, 454.2, 454.2, 2, 18, 0, 22154, 9480, 498, 13298, 1, '2015-03-01 00:03:30', '2015-03-01 00:03:30', NULL, 0.0, 0.0, 0.0, 718);

INSERT INTO `meeting_individual_results` (`id`, `rank`, `is_play_off`, `is_out_of_race`, `is_disqualified`, `standard_points`, `meeting_individual_points`, `minutes`, `seconds`, `hundreds`, `meeting_program_id`, `swimmer_id`, `team_id`, `badge_id`, `user_id`, `created_at`, `updated_at`, `disqualification_code_type_id`, `goggle_cup_points`, `reaction_time`, `team_points`, `team_affiliation_id`)
  VALUES (192016, 1, 1, 0, 0, 681.65, 681.65, 1, 36, 34, 22155, 3716, 223, 6942, 1, '2015-03-01 00:03:30', '2015-03-01 00:03:30', NULL, 0.0, 0.0, 0.0, 418);

INSERT INTO `meeting_individual_results` (`id`, `rank`, `is_play_off`, `is_out_of_race`, `is_disqualified`, `standard_points`, `meeting_individual_points`, `minutes`, `seconds`, `hundreds`, `meeting_program_id`, `swimmer_id`, `team_id`, `badge_id`, `user_id`, `created_at`, `updated_at`, `disqualification_code_type_id`, `goggle_cup_points`, `reaction_time`, `team_points`, `team_affiliation_id`)
  VALUES (192017, 1, 1, 0, 0, 0.0, 0.0, 1, 8, 64, 22156, 7562, 413, 11420, 1, '2015-03-01 00:03:31', '2015-03-01 00:03:31', NULL, 0.0, 0.0, 0.0, 633);

INSERT INTO `meeting_individual_results` (`id`, `rank`, `is_play_off`, `is_out_of_race`, `is_disqualified`, `standard_points`, `meeting_individual_points`, `minutes`, `seconds`, `hundreds`, `meeting_program_id`, `swimmer_id`, `team_id`, `badge_id`, `user_id`, `created_at`, `updated_at`, `disqualification_code_type_id`, `goggle_cup_points`, `reaction_time`, `team_points`, `team_affiliation_id`)
  VALUES (192018, 2, 1, 0, 0, 0.0, 0.0, 1, 15, 96, 22156, 9542, 282, 13186, 1, '2015-03-01 00:03:31', '2015-03-01 00:03:31', NULL, 0.0, 0.0, 0.0, 479);

INSERT INTO `meeting_individual_results` (`id`, `rank`, `is_play_off`, `is_out_of_race`, `is_disqualified`, `standard_points`, `meeting_individual_points`, `minutes`, `seconds`, `hundreds`, `meeting_program_id`, `swimmer_id`, `team_id`, `badge_id`, `user_id`, `created_at`, `updated_at`, `disqualification_code_type_id`, `goggle_cup_points`, `reaction_time`, `team_points`, `team_affiliation_id`)
  VALUES (192019, 1, 1, 0, 0, 777.88, 777.88, 1, 30, 76, 22157, 7561, 411, 11170, 1, '2015-03-01 00:03:31', '2015-03-01 00:03:31', NULL, 0.0, 0.0, 0.0, 631);

INSERT INTO `meeting_individual_results` (`id`, `rank`, `is_play_off`, `is_out_of_race`, `is_disqualified`, `standard_points`, `meeting_individual_points`, `minutes`, `seconds`, `hundreds`, `meeting_program_id`, `swimmer_id`, `team_id`, `badge_id`, `user_id`, `created_at`, `updated_at`, `disqualification_code_type_id`, `goggle_cup_points`, `reaction_time`, `team_points`, `team_affiliation_id`)
  VALUES (192020, 1, 1, 0, 0, 789.99, 789.99, 1, 31, 14, 22158, 7654, 48, 11172, 1, '2015-03-01 00:03:31', '2015-03-01 00:03:31', NULL, 0.0, 0.0, 0.0, 241);

INSERT INTO `meeting_individual_results` (`id`, `rank`, `is_play_off`, `is_out_of_race`, `is_disqualified`, `standard_points`, `meeting_individual_points`, `minutes`, `seconds`, `hundreds`, `meeting_program_id`, `swimmer_id`, `team_id`, `badge_id`, `user_id`, `created_at`, `updated_at`, `disqualification_code_type_id`, `goggle_cup_points`, `reaction_time`, `team_points`, `team_affiliation_id`)
  VALUES (192021, 1, 1, 0, 0, 888.83, 888.83, 1, 21, 32, 22159, 2178, 110, 5371, 1, '2015-03-01 00:03:31', '2015-03-01 00:03:31', NULL, 0.0, 0.0, 0.0, 303);

INSERT INTO `meeting_individual_results` (`id`, `rank`, `is_play_off`, `is_out_of_race`, `is_disqualified`, `standard_points`, `meeting_individual_points`, `minutes`, `seconds`, `hundreds`, `meeting_program_id`, `swimmer_id`, `team_id`, `badge_id`, `user_id`, `created_at`, `updated_at`, `disqualification_code_type_id`, `goggle_cup_points`, `reaction_time`, `team_points`, `team_affiliation_id`)
  VALUES (192022, 2, 1, 0, 0, 749.64, 749.64, 1, 36, 42, 22159, 7489, 411, 11173, 1, '2015-03-01 00:03:31', '2015-03-01 00:03:31', NULL, 0.0, 0.0, 0.0, 631);

INSERT INTO `meeting_individual_results` (`id`, `rank`, `is_play_off`, `is_out_of_race`, `is_disqualified`, `standard_points`, `meeting_individual_points`, `minutes`, `seconds`, `hundreds`, `meeting_program_id`, `swimmer_id`, `team_id`, `badge_id`, `user_id`, `created_at`, `updated_at`, `disqualification_code_type_id`, `goggle_cup_points`, `reaction_time`, `team_points`, `team_affiliation_id`)
  VALUES (192023, 1, 1, 0, 0, 764.61, 764.61, 1, 36, 14, 22160, 15952, 279, 19723, 1, '2015-03-01 00:03:31', '2015-03-01 00:03:31', NULL, 0.0, 0.0, 0.0, 476);

INSERT INTO `meeting_individual_results` (`id`, `rank`, `is_play_off`, `is_out_of_race`, `is_disqualified`, `standard_points`, `meeting_individual_points`, `minutes`, `seconds`, `hundreds`, `meeting_program_id`, `swimmer_id`, `team_id`, `badge_id`, `user_id`, `created_at`, `updated_at`, `disqualification_code_type_id`, `goggle_cup_points`, `reaction_time`, `team_points`, `team_affiliation_id`)
  VALUES (192024, 2, 1, 0, 0, 674.78, 674.78, 1, 48, 94, 22160, 9629, 94, 13418, 1, '2015-03-01 00:03:31', '2015-03-01 00:03:31', NULL, 0.0, 0.0, 0.0, 287);

INSERT INTO `meeting_individual_results` (`id`, `rank`, `is_play_off`, `is_out_of_race`, `is_disqualified`, `standard_points`, `meeting_individual_points`, `minutes`, `seconds`, `hundreds`, `meeting_program_id`, `swimmer_id`, `team_id`, `badge_id`, `user_id`, `created_at`, `updated_at`, `disqualification_code_type_id`, `goggle_cup_points`, `reaction_time`, `team_points`, `team_affiliation_id`)
  VALUES (192025, 3, 1, 0, 0, 648.98, 648.98, 1, 53, 27, 22160, 9429, 221, 13307, 1, '2015-03-01 00:03:31', '2015-03-01 00:03:31', NULL, 0.0, 0.0, 0.0, 416);

INSERT INTO `meeting_individual_results` (`id`, `rank`, `is_play_off`, `is_out_of_race`, `is_disqualified`, `standard_points`, `meeting_individual_points`, `minutes`, `seconds`, `hundreds`, `meeting_program_id`, `swimmer_id`, `team_id`, `badge_id`, `user_id`, `created_at`, `updated_at`, `disqualification_code_type_id`, `goggle_cup_points`, `reaction_time`, `team_points`, `team_affiliation_id`)
  VALUES (192026, 1, 1, 0, 0, 868.4, 868.4, 1, 28, 22, 22161, 3683, 221, 6906, 1, '2015-03-01 00:03:31', '2015-03-01 00:03:31', NULL, 0.0, 0.0, 0.0, 416);

INSERT INTO `meeting_individual_results` (`id`, `rank`, `is_play_off`, `is_out_of_race`, `is_disqualified`, `standard_points`, `meeting_individual_points`, `minutes`, `seconds`, `hundreds`, `meeting_program_id`, `swimmer_id`, `team_id`, `badge_id`, `user_id`, `created_at`, `updated_at`, `disqualification_code_type_id`, `goggle_cup_points`, `reaction_time`, `team_points`, `team_affiliation_id`)
  VALUES (192027, 2, 1, 0, 0, 635.03, 635.03, 2, 0, 64, 22161, 9656, 94, 13420, 1, '2015-03-01 00:03:32', '2015-03-01 00:03:32', NULL, 0.0, 0.0, 0.0, 287);

INSERT INTO `meeting_individual_results` (`id`, `rank`, `is_play_off`, `is_out_of_race`, `is_disqualified`, `standard_points`, `meeting_individual_points`, `minutes`, `seconds`, `hundreds`, `meeting_program_id`, `swimmer_id`, `team_id`, `badge_id`, `user_id`, `created_at`, `updated_at`, `disqualification_code_type_id`, `goggle_cup_points`, `reaction_time`, `team_points`, `team_affiliation_id`)
  VALUES (192028, 3, 1, 0, 0, 615.19, 615.19, 2, 4, 53, 22161, 12755, 225, 16522, 1, '2015-03-01 00:03:32', '2015-03-01 00:03:32', NULL, 0.0, 0.0, 0.0, 420);

INSERT INTO `meeting_individual_results` (`id`, `rank`, `is_play_off`, `is_out_of_race`, `is_disqualified`, `standard_points`, `meeting_individual_points`, `minutes`, `seconds`, `hundreds`, `meeting_program_id`, `swimmer_id`, `team_id`, `badge_id`, `user_id`, `created_at`, `updated_at`, `disqualification_code_type_id`, `goggle_cup_points`, `reaction_time`, `team_points`, `team_affiliation_id`)
  VALUES (192029, 4, 1, 0, 0, 600.58, 600.58, 2, 7, 56, 22161, 12730, 223, 16501, 1, '2015-03-01 00:03:32', '2015-03-01 00:03:32', NULL, 0.0, 0.0, 0.0, 418);

INSERT INTO `meeting_individual_results` (`id`, `rank`, `is_play_off`, `is_out_of_race`, `is_disqualified`, `standard_points`, `meeting_individual_points`, `minutes`, `seconds`, `hundreds`, `meeting_program_id`, `swimmer_id`, `team_id`, `badge_id`, `user_id`, `created_at`, `updated_at`, `disqualification_code_type_id`, `goggle_cup_points`, `reaction_time`, `team_points`, `team_affiliation_id`)
  VALUES (192030, 5, 1, 0, 0, 574.55, 574.55, 2, 13, 34, 22161, 9510, 221, 13309, 1, '2015-03-01 00:03:32', '2015-03-01 00:03:32', NULL, 0.0, 0.0, 0.0, 416);

INSERT INTO `meeting_individual_results` (`id`, `rank`, `is_play_off`, `is_out_of_race`, `is_disqualified`, `standard_points`, `meeting_individual_points`, `minutes`, `seconds`, `hundreds`, `meeting_program_id`, `swimmer_id`, `team_id`, `badge_id`, `user_id`, `created_at`, `updated_at`, `disqualification_code_type_id`, `goggle_cup_points`, `reaction_time`, `team_points`, `team_affiliation_id`)
  VALUES (192031, 1, 1, 0, 0, 841.89, 841.89, 1, 35, 69, 22162, 4714, 221, 8009, 1, '2015-03-01 00:03:32', '2015-03-01 00:03:32', NULL, 0.0, 0.0, 0.0, 416);

INSERT INTO `meeting_individual_results` (`id`, `rank`, `is_play_off`, `is_out_of_race`, `is_disqualified`, `standard_points`, `meeting_individual_points`, `minutes`, `seconds`, `hundreds`, `meeting_program_id`, `swimmer_id`, `team_id`, `badge_id`, `user_id`, `created_at`, `updated_at`, `disqualification_code_type_id`, `goggle_cup_points`, `reaction_time`, `team_points`, `team_affiliation_id`)
  VALUES (192032, 2, 1, 0, 0, 821.54, 821.54, 1, 38, 6, 22162, 3686, 221, 6909, 1, '2015-03-01 00:03:32', '2015-03-01 00:03:32', NULL, 0.0, 0.0, 0.0, 416);

INSERT INTO `meeting_individual_results` (`id`, `rank`, `is_play_off`, `is_out_of_race`, `is_disqualified`, `standard_points`, `meeting_individual_points`, `minutes`, `seconds`, `hundreds`, `meeting_program_id`, `swimmer_id`, `team_id`, `badge_id`, `user_id`, `created_at`, `updated_at`, `disqualification_code_type_id`, `goggle_cup_points`, `reaction_time`, `team_points`, `team_affiliation_id`)
  VALUES (192033, 3, 1, 0, 0, 811.36, 811.36, 1, 39, 29, 22162, 12726, 221, 16502, 1, '2015-03-01 00:03:32', '2015-03-01 00:03:32', NULL, 0.0, 0.0, 0.0, 416);

INSERT INTO `meeting_individual_results` (`id`, `rank`, `is_play_off`, `is_out_of_race`, `is_disqualified`, `standard_points`, `meeting_individual_points`, `minutes`, `seconds`, `hundreds`, `meeting_program_id`, `swimmer_id`, `team_id`, `badge_id`, `user_id`, `created_at`, `updated_at`, `disqualification_code_type_id`, `goggle_cup_points`, `reaction_time`, `team_points`, `team_affiliation_id`)
  VALUES (192034, 4, 1, 0, 0, 767.6, 767.6, 1, 44, 95, 22162, 12550, 414, 16325, 1, '2015-03-01 00:03:32', '2015-03-01 00:03:32', NULL, 0.0, 0.0, 0.0, 634);

INSERT INTO `meeting_individual_results` (`id`, `rank`, `is_play_off`, `is_out_of_race`, `is_disqualified`, `standard_points`, `meeting_individual_points`, `minutes`, `seconds`, `hundreds`, `meeting_program_id`, `swimmer_id`, `team_id`, `badge_id`, `user_id`, `created_at`, `updated_at`, `disqualification_code_type_id`, `goggle_cup_points`, `reaction_time`, `team_points`, `team_affiliation_id`)
  VALUES (192035, 5, 1, 0, 0, 761.22, 761.22, 1, 45, 83, 22162, 9593, 221, 13192, 1, '2015-03-01 00:03:32', '2015-03-01 00:03:32', NULL, 0.0, 0.0, 0.0, 416);

INSERT INTO `meeting_individual_results` (`id`, `rank`, `is_play_off`, `is_out_of_race`, `is_disqualified`, `standard_points`, `meeting_individual_points`, `minutes`, `seconds`, `hundreds`, `meeting_program_id`, `swimmer_id`, `team_id`, `badge_id`, `user_id`, `created_at`, `updated_at`, `disqualification_code_type_id`, `goggle_cup_points`, `reaction_time`, `team_points`, `team_affiliation_id`)
  VALUES (192036, 1, 1, 0, 0, 919.89, 919.89, 1, 32, 87, 22163, 1907, 54, 5088, 1, '2015-03-01 00:03:32', '2015-03-01 00:03:32', NULL, 0.0, 0.0, 0.0, 247);

INSERT INTO `meeting_individual_results` (`id`, `rank`, `is_play_off`, `is_out_of_race`, `is_disqualified`, `standard_points`, `meeting_individual_points`, `minutes`, `seconds`, `hundreds`, `meeting_program_id`, `swimmer_id`, `team_id`, `badge_id`, `user_id`, `created_at`, `updated_at`, `disqualification_code_type_id`, `goggle_cup_points`, `reaction_time`, `team_points`, `team_affiliation_id`)
  VALUES (192037, 2, 1, 0, 0, 811.53, 811.53, 1, 45, 27, 22163, 9555, 221, 13169, 1, '2015-03-01 00:03:32', '2015-03-01 00:03:32', NULL, 0.0, 0.0, 0.0, 416);

INSERT INTO `meeting_individual_results` (`id`, `rank`, `is_play_off`, `is_out_of_race`, `is_disqualified`, `standard_points`, `meeting_individual_points`, `minutes`, `seconds`, `hundreds`, `meeting_program_id`, `swimmer_id`, `team_id`, `badge_id`, `user_id`, `created_at`, `updated_at`, `disqualification_code_type_id`, `goggle_cup_points`, `reaction_time`, `team_points`, `team_affiliation_id`)
  VALUES (192038, 1, 1, 0, 0, 822.04, 822.04, 1, 15, 41, 22164, 12705, 326, 16480, 1, '2015-03-01 00:03:33', '2015-03-01 00:03:33', NULL, 0.0, 0.0, 0.0, 543);

INSERT INTO `meeting_individual_results` (`id`, `rank`, `is_play_off`, `is_out_of_race`, `is_disqualified`, `standard_points`, `meeting_individual_points`, `minutes`, `seconds`, `hundreds`, `meeting_program_id`, `swimmer_id`, `team_id`, `badge_id`, `user_id`, `created_at`, `updated_at`, `disqualification_code_type_id`, `goggle_cup_points`, `reaction_time`, `team_points`, `team_affiliation_id`)
  VALUES (192039, 2, 1, 0, 0, 803.71, 803.71, 1, 17, 13, 22164, 15919, 560, 19807, 1, '2015-03-01 00:03:33', '2015-03-01 00:03:33', NULL, 0.0, 0.0, 0.0, 780);

INSERT INTO `meeting_individual_results` (`id`, `rank`, `is_play_off`, `is_out_of_race`, `is_disqualified`, `standard_points`, `meeting_individual_points`, `minutes`, `seconds`, `hundreds`, `meeting_program_id`, `swimmer_id`, `team_id`, `badge_id`, `user_id`, `created_at`, `updated_at`, `disqualification_code_type_id`, `goggle_cup_points`, `reaction_time`, `team_points`, `team_affiliation_id`)
  VALUES (192040, 1, 1, 0, 0, 716.08, 716.08, 1, 26, 15, 22165, 14804, 594, 18598, 1, '2015-03-01 00:03:33', '2015-03-01 00:03:33', NULL, 0.0, 0.0, 0.0, 814);

INSERT INTO `meeting_individual_results` (`id`, `rank`, `is_play_off`, `is_out_of_race`, `is_disqualified`, `standard_points`, `meeting_individual_points`, `minutes`, `seconds`, `hundreds`, `meeting_program_id`, `swimmer_id`, `team_id`, `badge_id`, `user_id`, `created_at`, `updated_at`, `disqualification_code_type_id`, `goggle_cup_points`, `reaction_time`, `team_points`, `team_affiliation_id`)
  VALUES (192041, 1, 1, 0, 0, 809.19, 809.19, 1, 17, 93, 22166, 9505, 223, 13213, 1, '2015-03-01 00:03:33', '2015-03-01 00:03:33', NULL, 0.0, 0.0, 0.0, 418);

INSERT INTO `meeting_individual_results` (`id`, `rank`, `is_play_off`, `is_out_of_race`, `is_disqualified`, `standard_points`, `meeting_individual_points`, `minutes`, `seconds`, `hundreds`, `meeting_program_id`, `swimmer_id`, `team_id`, `badge_id`, `user_id`, `created_at`, `updated_at`, `disqualification_code_type_id`, `goggle_cup_points`, `reaction_time`, `team_points`, `team_affiliation_id`)
  VALUES (192042, 2, 1, 0, 0, 739.97, 739.97, 1, 25, 22, 22166, 2191, 110, 5387, 1, '2015-03-01 00:03:33', '2015-03-01 00:03:33', NULL, 0.0, 0.0, 0.0, 303);

INSERT INTO `meeting_individual_results` (`id`, `rank`, `is_play_off`, `is_out_of_race`, `is_disqualified`, `standard_points`, `meeting_individual_points`, `minutes`, `seconds`, `hundreds`, `meeting_program_id`, `swimmer_id`, `team_id`, `badge_id`, `user_id`, `created_at`, `updated_at`, `disqualification_code_type_id`, `goggle_cup_points`, `reaction_time`, `team_points`, `team_affiliation_id`)
  VALUES (192043, 3, 1, 0, 1, 0.0, 0.0, 0, 0, 0, 22166, 9529, 221, 13197, 1, '2015-03-01 00:03:33', '2015-03-01 00:03:33', 1, 0.0, 0.0, 0.0, 416);

INSERT INTO `meeting_individual_results` (`id`, `rank`, `is_play_off`, `is_out_of_race`, `is_disqualified`, `standard_points`, `meeting_individual_points`, `minutes`, `seconds`, `hundreds`, `meeting_program_id`, `swimmer_id`, `team_id`, `badge_id`, `user_id`, `created_at`, `updated_at`, `disqualification_code_type_id`, `goggle_cup_points`, `reaction_time`, `team_points`, `team_affiliation_id`)
  VALUES (192044, 1, 1, 0, 0, 788.21, 788.21, 1, 21, 12, 22167, 14733, 414, 18546, 1, '2015-03-01 00:03:33', '2015-03-01 00:03:33', NULL, 0.0, 0.0, 0.0, 634);

INSERT INTO `meeting_individual_results` (`id`, `rank`, `is_play_off`, `is_out_of_race`, `is_disqualified`, `standard_points`, `meeting_individual_points`, `minutes`, `seconds`, `hundreds`, `meeting_program_id`, `swimmer_id`, `team_id`, `badge_id`, `user_id`, `created_at`, `updated_at`, `disqualification_code_type_id`, `goggle_cup_points`, `reaction_time`, `team_points`, `team_affiliation_id`)
  VALUES (192045, 2, 1, 0, 0, 755.08, 755.08, 1, 24, 68, 22167, 11703, 384, 15405, 1, '2015-03-01 00:03:33', '2015-03-01 00:03:33', NULL, 0.0, 0.0, 0.0, 604);

INSERT INTO `meeting_individual_results` (`id`, `rank`, `is_play_off`, `is_out_of_race`, `is_disqualified`, `standard_points`, `meeting_individual_points`, `minutes`, `seconds`, `hundreds`, `meeting_program_id`, `swimmer_id`, `team_id`, `badge_id`, `user_id`, `created_at`, `updated_at`, `disqualification_code_type_id`, `goggle_cup_points`, `reaction_time`, `team_points`, `team_affiliation_id`)
  VALUES (192046, 3, 1, 0, 0, 716.82, 716.82, 1, 29, 20, 22167, 4790, 221, 8085, 1, '2015-03-01 00:03:33', '2015-03-01 00:03:33', NULL, 0.0, 0.0, 0.0, 416);

INSERT INTO `meeting_individual_results` (`id`, `rank`, `is_play_off`, `is_out_of_race`, `is_disqualified`, `standard_points`, `meeting_individual_points`, `minutes`, `seconds`, `hundreds`, `meeting_program_id`, `swimmer_id`, `team_id`, `badge_id`, `user_id`, `created_at`, `updated_at`, `disqualification_code_type_id`, `goggle_cup_points`, `reaction_time`, `team_points`, `team_affiliation_id`)
  VALUES (192047, 4, 1, 0, 0, 696.29, 696.29, 1, 31, 83, 22167, 12546, 288, 16267, 1, '2015-03-01 00:03:33', '2015-03-01 00:03:33', NULL, 0.0, 0.0, 0.0, 485);

INSERT INTO `meeting_individual_results` (`id`, `rank`, `is_play_off`, `is_out_of_race`, `is_disqualified`, `standard_points`, `meeting_individual_points`, `minutes`, `seconds`, `hundreds`, `meeting_program_id`, `swimmer_id`, `team_id`, `badge_id`, `user_id`, `created_at`, `updated_at`, `disqualification_code_type_id`, `goggle_cup_points`, `reaction_time`, `team_points`, `team_affiliation_id`)
  VALUES (192048, 5, 1, 0, 0, 695.98, 695.98, 1, 31, 87, 22167, 9520, 221, 13200, 1, '2015-03-01 00:03:34', '2015-03-01 00:03:34', NULL, 0.0, 0.0, 0.0, 416);

INSERT INTO `meeting_individual_results` (`id`, `rank`, `is_play_off`, `is_out_of_race`, `is_disqualified`, `standard_points`, `meeting_individual_points`, `minutes`, `seconds`, `hundreds`, `meeting_program_id`, `swimmer_id`, `team_id`, `badge_id`, `user_id`, `created_at`, `updated_at`, `disqualification_code_type_id`, `goggle_cup_points`, `reaction_time`, `team_points`, `team_affiliation_id`)
  VALUES (192049, 1, 1, 0, 0, 924.28, 924.28, 1, 11, 58, 22168, 11504, 358, 15233, 1, '2015-03-01 00:03:34', '2015-03-01 00:03:34', NULL, 0.0, 0.0, 0.0, 575);

INSERT INTO `meeting_individual_results` (`id`, `rank`, `is_play_off`, `is_out_of_race`, `is_disqualified`, `standard_points`, `meeting_individual_points`, `minutes`, `seconds`, `hundreds`, `meeting_program_id`, `swimmer_id`, `team_id`, `badge_id`, `user_id`, `created_at`, `updated_at`, `disqualification_code_type_id`, `goggle_cup_points`, `reaction_time`, `team_points`, `team_affiliation_id`)
  VALUES (192050, 2, 1, 0, 0, 917.36, 917.36, 1, 12, 12, 22168, 9525, 223, 13238, 1, '2015-03-01 00:03:34', '2015-03-01 00:03:34', NULL, 0.0, 0.0, 0.0, 418);

INSERT INTO `meeting_individual_results` (`id`, `rank`, `is_play_off`, `is_out_of_race`, `is_disqualified`, `standard_points`, `meeting_individual_points`, `minutes`, `seconds`, `hundreds`, `meeting_program_id`, `swimmer_id`, `team_id`, `badge_id`, `user_id`, `created_at`, `updated_at`, `disqualification_code_type_id`, `goggle_cup_points`, `reaction_time`, `team_points`, `team_affiliation_id`)
  VALUES (192051, 3, 1, 0, 0, 805.85, 805.85, 1, 22, 10, 22168, 1988, 78, 5171, 1, '2015-03-01 00:03:34', '2015-03-01 00:03:34', NULL, 0.0, 0.0, 0.0, 271);

INSERT INTO `meeting_individual_results` (`id`, `rank`, `is_play_off`, `is_out_of_race`, `is_disqualified`, `standard_points`, `meeting_individual_points`, `minutes`, `seconds`, `hundreds`, `meeting_program_id`, `swimmer_id`, `team_id`, `badge_id`, `user_id`, `created_at`, `updated_at`, `disqualification_code_type_id`, `goggle_cup_points`, `reaction_time`, `team_points`, `team_affiliation_id`)
  VALUES (192052, 4, 1, 0, 0, 698.04, 698.04, 1, 34, 78, 22168, 17689, 284, 21488, 1, '2015-03-01 00:03:34', '2015-03-01 00:03:34', NULL, 0.0, 0.0, 0.0, 481);

INSERT INTO `meeting_individual_results` (`id`, `rank`, `is_play_off`, `is_out_of_race`, `is_disqualified`, `standard_points`, `meeting_individual_points`, `minutes`, `seconds`, `hundreds`, `meeting_program_id`, `swimmer_id`, `team_id`, `badge_id`, `user_id`, `created_at`, `updated_at`, `disqualification_code_type_id`, `goggle_cup_points`, `reaction_time`, `team_points`, `team_affiliation_id`)
  VALUES (192053, 1, 1, 0, 0, 754.6, 754.6, 1, 31, 81, 22169, 14791, 358, 18526, 1, '2015-03-01 00:03:34', '2015-03-01 00:03:34', NULL, 0.0, 0.0, 0.0, 575);

INSERT INTO `meeting_individual_results` (`id`, `rank`, `is_play_off`, `is_out_of_race`, `is_disqualified`, `standard_points`, `meeting_individual_points`, `minutes`, `seconds`, `hundreds`, `meeting_program_id`, `swimmer_id`, `team_id`, `badge_id`, `user_id`, `created_at`, `updated_at`, `disqualification_code_type_id`, `goggle_cup_points`, `reaction_time`, `team_points`, `team_affiliation_id`)
  VALUES (192054, 2, 1, 0, 0, 750.68, 750.68, 1, 32, 29, 22169, 15963, 279, 19767, 1, '2015-03-01 00:03:34', '2015-03-01 00:03:34', NULL, 0.0, 0.0, 0.0, 476);

INSERT INTO `meeting_individual_results` (`id`, `rank`, `is_play_off`, `is_out_of_race`, `is_disqualified`, `standard_points`, `meeting_individual_points`, `minutes`, `seconds`, `hundreds`, `meeting_program_id`, `swimmer_id`, `team_id`, `badge_id`, `user_id`, `created_at`, `updated_at`, `disqualification_code_type_id`, `goggle_cup_points`, `reaction_time`, `team_points`, `team_affiliation_id`)
  VALUES (192055, 1, 1, 0, 0, 840.01, 840.01, 1, 25, 57, 22170, 12494, 358, 16315, 1, '2015-03-01 00:03:34', '2015-03-01 00:03:34', NULL, 0.0, 0.0, 0.0, 575);

INSERT INTO `meeting_individual_results` (`id`, `rank`, `is_play_off`, `is_out_of_race`, `is_disqualified`, `standard_points`, `meeting_individual_points`, `minutes`, `seconds`, `hundreds`, `meeting_program_id`, `swimmer_id`, `team_id`, `badge_id`, `user_id`, `created_at`, `updated_at`, `disqualification_code_type_id`, `goggle_cup_points`, `reaction_time`, `team_points`, `team_affiliation_id`)
  VALUES (192056, 2, 1, 0, 0, 660.6, 660.6, 1, 48, 81, 22170, 4750, 225, 8045, 1, '2015-03-01 00:03:34', '2015-03-01 00:03:34', NULL, 0.0, 0.0, 0.0, 420);

INSERT INTO `meeting_individual_results` (`id`, `rank`, `is_play_off`, `is_out_of_race`, `is_disqualified`, `standard_points`, `meeting_individual_points`, `minutes`, `seconds`, `hundreds`, `meeting_program_id`, `swimmer_id`, `team_id`, `badge_id`, `user_id`, `created_at`, `updated_at`, `disqualification_code_type_id`, `goggle_cup_points`, `reaction_time`, `team_points`, `team_affiliation_id`)
  VALUES (192057, 1, 1, 0, 0, 841.69, 841.69, 1, 28, 56, 22171, 9637, 288, 13368, 1, '2015-03-01 00:03:34', '2015-03-01 00:03:34', NULL, 0.0, 0.0, 0.0, 485);

INSERT INTO `meeting_individual_results` (`id`, `rank`, `is_play_off`, `is_out_of_race`, `is_disqualified`, `standard_points`, `meeting_individual_points`, `minutes`, `seconds`, `hundreds`, `meeting_program_id`, `swimmer_id`, `team_id`, `badge_id`, `user_id`, `created_at`, `updated_at`, `disqualification_code_type_id`, `goggle_cup_points`, `reaction_time`, `team_points`, `team_affiliation_id`)
  VALUES (192058, 2, 1, 0, 0, 704.14, 704.14, 1, 45, 86, 22171, 3716, 223, 6942, 1, '2015-03-01 00:03:34', '2015-03-01 00:03:34', NULL, 0.0, 0.0, 0.0, 418);

INSERT INTO `meeting_individual_results` (`id`, `rank`, `is_play_off`, `is_out_of_race`, `is_disqualified`, `standard_points`, `meeting_individual_points`, `minutes`, `seconds`, `hundreds`, `meeting_program_id`, `swimmer_id`, `team_id`, `badge_id`, `user_id`, `created_at`, `updated_at`, `disqualification_code_type_id`, `goggle_cup_points`, `reaction_time`, `team_points`, `team_affiliation_id`)
  VALUES (192059, 1, 1, 0, 0, 0.0, 0.0, 1, 8, 51, 22172, 17121, 413, 20930, 1, '2015-03-01 00:03:35', '2015-03-01 00:03:35', NULL, 0.0, 0.0, 0.0, 633);

INSERT INTO `meeting_individual_results` (`id`, `rank`, `is_play_off`, `is_out_of_race`, `is_disqualified`, `standard_points`, `meeting_individual_points`, `minutes`, `seconds`, `hundreds`, `meeting_program_id`, `swimmer_id`, `team_id`, `badge_id`, `user_id`, `created_at`, `updated_at`, `disqualification_code_type_id`, `goggle_cup_points`, `reaction_time`, `team_points`, `team_affiliation_id`)
  VALUES (192060, 1, 1, 0, 0, 813.74, 813.74, 1, 9, 58, 22173, 11362, 499, 15148, 1, '2015-03-01 00:03:35', '2015-03-01 00:03:35', NULL, 0.0, 0.0, 0.0, 719);

INSERT INTO `meeting_individual_results` (`id`, `rank`, `is_play_off`, `is_out_of_race`, `is_disqualified`, `standard_points`, `meeting_individual_points`, `minutes`, `seconds`, `hundreds`, `meeting_program_id`, `swimmer_id`, `team_id`, `badge_id`, `user_id`, `created_at`, `updated_at`, `disqualification_code_type_id`, `goggle_cup_points`, `reaction_time`, `team_points`, `team_affiliation_id`)
  VALUES (192061, 2, 1, 0, 0, 628.2, 628.2, 1, 30, 13, 22173, 12565, 221, 16275, 1, '2015-03-01 00:03:35', '2015-03-01 00:03:35', NULL, 0.0, 0.0, 0.0, 416);

INSERT INTO `meeting_individual_results` (`id`, `rank`, `is_play_off`, `is_out_of_race`, `is_disqualified`, `standard_points`, `meeting_individual_points`, `minutes`, `seconds`, `hundreds`, `meeting_program_id`, `swimmer_id`, `team_id`, `badge_id`, `user_id`, `created_at`, `updated_at`, `disqualification_code_type_id`, `goggle_cup_points`, `reaction_time`, `team_points`, `team_affiliation_id`)
  VALUES (192062, 1, 1, 0, 0, 782.12, 782.12, 1, 12, 24, 22174, 7608, 288, 11212, 1, '2015-03-01 00:03:35', '2015-03-01 00:03:35', NULL, 0.0, 0.0, 0.0, 485);

INSERT INTO `meeting_individual_results` (`id`, `rank`, `is_play_off`, `is_out_of_race`, `is_disqualified`, `standard_points`, `meeting_individual_points`, `minutes`, `seconds`, `hundreds`, `meeting_program_id`, `swimmer_id`, `team_id`, `badge_id`, `user_id`, `created_at`, `updated_at`, `disqualification_code_type_id`, `goggle_cup_points`, `reaction_time`, `team_points`, `team_affiliation_id`)
  VALUES (192063, 2, 1, 0, 0, 739.05, 739.05, 1, 16, 45, 22174, 12725, 225, 16470, 1, '2015-03-01 00:03:35', '2015-03-01 00:03:35', NULL, 0.0, 0.0, 0.0, 420);

INSERT INTO `meeting_individual_results` (`id`, `rank`, `is_play_off`, `is_out_of_race`, `is_disqualified`, `standard_points`, `meeting_individual_points`, `minutes`, `seconds`, `hundreds`, `meeting_program_id`, `swimmer_id`, `team_id`, `badge_id`, `user_id`, `created_at`, `updated_at`, `disqualification_code_type_id`, `goggle_cup_points`, `reaction_time`, `team_points`, `team_affiliation_id`)
  VALUES (192064, 1, 1, 0, 0, 854.98, 854.98, 1, 7, 99, 22175, 9530, 326, 13271, 1, '2015-03-01 00:03:35', '2015-03-01 00:03:35', NULL, 0.0, 0.0, 0.0, 543);

INSERT INTO `meeting_individual_results` (`id`, `rank`, `is_play_off`, `is_out_of_race`, `is_disqualified`, `standard_points`, `meeting_individual_points`, `minutes`, `seconds`, `hundreds`, `meeting_program_id`, `swimmer_id`, `team_id`, `badge_id`, `user_id`, `created_at`, `updated_at`, `disqualification_code_type_id`, `goggle_cup_points`, `reaction_time`, `team_points`, `team_affiliation_id`)
  VALUES (192065, 2, 1, 0, 0, 708.3, 708.3, 1, 22, 7, 22175, 5688, 326, 9380, 1, '2015-03-01 00:03:35', '2015-03-01 00:03:35', NULL, 0.0, 0.0, 0.0, 543);

INSERT INTO `meeting_individual_results` (`id`, `rank`, `is_play_off`, `is_out_of_race`, `is_disqualified`, `standard_points`, `meeting_individual_points`, `minutes`, `seconds`, `hundreds`, `meeting_program_id`, `swimmer_id`, `team_id`, `badge_id`, `user_id`, `created_at`, `updated_at`, `disqualification_code_type_id`, `goggle_cup_points`, `reaction_time`, `team_points`, `team_affiliation_id`)
  VALUES (192066, 3, 1, 0, 0, 707.09, 707.09, 1, 22, 21, 22175, 7494, 215, 11214, 1, '2015-03-01 00:03:35', '2015-03-01 00:03:35', NULL, 0.0, 0.0, 0.0, 410);

INSERT INTO `meeting_individual_results` (`id`, `rank`, `is_play_off`, `is_out_of_race`, `is_disqualified`, `standard_points`, `meeting_individual_points`, `minutes`, `seconds`, `hundreds`, `meeting_program_id`, `swimmer_id`, `team_id`, `badge_id`, `user_id`, `created_at`, `updated_at`, `disqualification_code_type_id`, `goggle_cup_points`, `reaction_time`, `team_points`, `team_affiliation_id`)
  VALUES (192067, 4, 1, 0, 0, 661.24, 661.24, 1, 27, 91, 22175, 9452, 221, 13272, 1, '2015-03-01 00:03:35', '2015-03-01 00:03:35', NULL, 0.0, 0.0, 0.0, 416);

INSERT INTO `meeting_individual_results` (`id`, `rank`, `is_play_off`, `is_out_of_race`, `is_disqualified`, `standard_points`, `meeting_individual_points`, `minutes`, `seconds`, `hundreds`, `meeting_program_id`, `swimmer_id`, `team_id`, `badge_id`, `user_id`, `created_at`, `updated_at`, `disqualification_code_type_id`, `goggle_cup_points`, `reaction_time`, `team_points`, `team_affiliation_id`)
  VALUES (192068, 1, 1, 0, 0, 834.63, 834.63, 1, 10, 93, 22176, 3725, 223, 6952, 1, '2015-03-01 00:03:35', '2015-03-01 00:03:35', NULL, 0.0, 0.0, 0.0, 418);

INSERT INTO `meeting_individual_results` (`id`, `rank`, `is_play_off`, `is_out_of_race`, `is_disqualified`, `standard_points`, `meeting_individual_points`, `minutes`, `seconds`, `hundreds`, `meeting_program_id`, `swimmer_id`, `team_id`, `badge_id`, `user_id`, `created_at`, `updated_at`, `disqualification_code_type_id`, `goggle_cup_points`, `reaction_time`, `team_points`, `team_affiliation_id`)
  VALUES (192069, 2, 1, 0, 0, 626.85, 626.85, 1, 34, 44, 22176, 11364, 499, 15168, 1, '2015-03-01 00:03:36', '2015-03-01 00:03:36', NULL, 0.0, 0.0, 0.0, 719);

INSERT INTO `meeting_individual_results` (`id`, `rank`, `is_play_off`, `is_out_of_race`, `is_disqualified`, `standard_points`, `meeting_individual_points`, `minutes`, `seconds`, `hundreds`, `meeting_program_id`, `swimmer_id`, `team_id`, `badge_id`, `user_id`, `created_at`, `updated_at`, `disqualification_code_type_id`, `goggle_cup_points`, `reaction_time`, `team_points`, `team_affiliation_id`)
  VALUES (192070, 1, 1, 0, 0, 799.18, 799.18, 1, 15, 54, 22177, 4727, 215, 8022, 1, '2015-03-01 00:03:36', '2015-03-01 00:03:36', NULL, 0.0, 0.0, 0.0, 410);

INSERT INTO `meeting_individual_results` (`id`, `rank`, `is_play_off`, `is_out_of_race`, `is_disqualified`, `standard_points`, `meeting_individual_points`, `minutes`, `seconds`, `hundreds`, `meeting_program_id`, `swimmer_id`, `team_id`, `badge_id`, `user_id`, `created_at`, `updated_at`, `disqualification_code_type_id`, `goggle_cup_points`, `reaction_time`, `team_points`, `team_affiliation_id`)
  VALUES (192071, 2, 1, 0, 0, 792.15, 792.15, 1, 16, 21, 22177, 9473, 394, 13245, 1, '2015-03-01 00:03:36', '2015-03-01 00:03:36', NULL, 0.0, 0.0, 0.0, 614);

INSERT INTO `meeting_individual_results` (`id`, `rank`, `is_play_off`, `is_out_of_race`, `is_disqualified`, `standard_points`, `meeting_individual_points`, `minutes`, `seconds`, `hundreds`, `meeting_program_id`, `swimmer_id`, `team_id`, `badge_id`, `user_id`, `created_at`, `updated_at`, `disqualification_code_type_id`, `goggle_cup_points`, `reaction_time`, `team_points`, `team_affiliation_id`)
  VALUES (192072, 3, 1, 0, 0, 690.42, 690.42, 1, 27, 44, 22177, 7550, 48, 11299, 1, '2015-03-01 00:03:36', '2015-03-01 00:03:36', NULL, 0.0, 0.0, 0.0, 241);

INSERT INTO `meeting_individual_results` (`id`, `rank`, `is_play_off`, `is_out_of_race`, `is_disqualified`, `standard_points`, `meeting_individual_points`, `minutes`, `seconds`, `hundreds`, `meeting_program_id`, `swimmer_id`, `team_id`, `badge_id`, `user_id`, `created_at`, `updated_at`, `disqualification_code_type_id`, `goggle_cup_points`, `reaction_time`, `team_points`, `team_affiliation_id`)
  VALUES (192073, 4, 1, 0, 0, 689.79, 689.79, 1, 27, 52, 22177, 4728, 105, 8023, 1, '2015-03-01 00:03:36', '2015-03-01 00:03:36', NULL, 0.0, 0.0, 0.0, 298);

INSERT INTO `meeting_individual_results` (`id`, `rank`, `is_play_off`, `is_out_of_race`, `is_disqualified`, `standard_points`, `meeting_individual_points`, `minutes`, `seconds`, `hundreds`, `meeting_program_id`, `swimmer_id`, `team_id`, `badge_id`, `user_id`, `created_at`, `updated_at`, `disqualification_code_type_id`, `goggle_cup_points`, `reaction_time`, `team_points`, `team_affiliation_id`)
  VALUES (192074, 5, 1, 0, 0, 535.91, 535.91, 1, 52, 65, 22177, 9656, 94, 13420, 1, '2015-03-01 00:03:36', '2015-03-01 00:03:36', NULL, 0.0, 0.0, 0.0, 287);

INSERT INTO `meeting_individual_results` (`id`, `rank`, `is_play_off`, `is_out_of_race`, `is_disqualified`, `standard_points`, `meeting_individual_points`, `minutes`, `seconds`, `hundreds`, `meeting_program_id`, `swimmer_id`, `team_id`, `badge_id`, `user_id`, `created_at`, `updated_at`, `disqualification_code_type_id`, `goggle_cup_points`, `reaction_time`, `team_points`, `team_affiliation_id`)
  VALUES (192075, 1, 1, 0, 0, 907.93, 907.93, 1, 8, 75, 22178, 1901, 54, 5082, 1, '2015-03-01 00:03:36', '2015-03-01 00:03:36', NULL, 0.0, 0.0, 0.0, 247);

INSERT INTO `meeting_individual_results` (`id`, `rank`, `is_play_off`, `is_out_of_race`, `is_disqualified`, `standard_points`, `meeting_individual_points`, `minutes`, `seconds`, `hundreds`, `meeting_program_id`, `swimmer_id`, `team_id`, `badge_id`, `user_id`, `created_at`, `updated_at`, `disqualification_code_type_id`, `goggle_cup_points`, `reaction_time`, `team_points`, `team_affiliation_id`)
  VALUES (192076, 2, 1, 0, 0, 859.31, 859.31, 1, 12, 64, 22178, 12740, 221, 16473, 1, '2015-03-01 00:03:36', '2015-03-01 00:03:36', NULL, 0.0, 0.0, 0.0, 416);

INSERT INTO `meeting_individual_results` (`id`, `rank`, `is_play_off`, `is_out_of_race`, `is_disqualified`, `standard_points`, `meeting_individual_points`, `minutes`, `seconds`, `hundreds`, `meeting_program_id`, `swimmer_id`, `team_id`, `badge_id`, `user_id`, `created_at`, `updated_at`, `disqualification_code_type_id`, `goggle_cup_points`, `reaction_time`, `team_points`, `team_affiliation_id`)
  VALUES (192077, 3, 1, 0, 0, 595.44, 595.44, 1, 44, 83, 22178, 12595, 411, 16334, 1, '2015-03-01 00:03:36', '2015-03-01 00:03:36', NULL, 0.0, 0.0, 0.0, 631);

INSERT INTO `meeting_individual_results` (`id`, `rank`, `is_play_off`, `is_out_of_race`, `is_disqualified`, `standard_points`, `meeting_individual_points`, `minutes`, `seconds`, `hundreds`, `meeting_program_id`, `swimmer_id`, `team_id`, `badge_id`, `user_id`, `created_at`, `updated_at`, `disqualification_code_type_id`, `goggle_cup_points`, `reaction_time`, `team_points`, `team_affiliation_id`)
  VALUES (192078, 1, 1, 0, 0, 566.03, 566.03, 2, 21, 60, 22179, 4755, 279, 8050, 1, '2015-03-01 00:03:36', '2015-03-01 00:03:36', NULL, 0.0, 0.0, 0.0, 476);

INSERT INTO `meeting_individual_results` (`id`, `rank`, `is_play_off`, `is_out_of_race`, `is_disqualified`, `standard_points`, `meeting_individual_points`, `minutes`, `seconds`, `hundreds`, `meeting_program_id`, `swimmer_id`, `team_id`, `badge_id`, `user_id`, `created_at`, `updated_at`, `disqualification_code_type_id`, `goggle_cup_points`, `reaction_time`, `team_points`, `team_affiliation_id`)
  VALUES (192079, 1, 1, 0, 0, 0.0, 0.0, 1, 11, 60, 22180, 2355, 109, 5555, 1, '2015-03-01 00:03:36', '2015-03-01 00:03:36', NULL, 0.0, 0.0, 0.0, 302);

INSERT INTO `meeting_individual_results` (`id`, `rank`, `is_play_off`, `is_out_of_race`, `is_disqualified`, `standard_points`, `meeting_individual_points`, `minutes`, `seconds`, `hundreds`, `meeting_program_id`, `swimmer_id`, `team_id`, `badge_id`, `user_id`, `created_at`, `updated_at`, `disqualification_code_type_id`, `goggle_cup_points`, `reaction_time`, `team_points`, `team_affiliation_id`)
  VALUES (192080, 2, 1, 0, 0, 0.0, 0.0, 1, 11, 79, 22180, 9580, 326, 13170, 1, '2015-03-01 00:03:37', '2015-03-01 00:03:37', NULL, 0.0, 0.0, 0.0, 543);

INSERT INTO `meeting_individual_results` (`id`, `rank`, `is_play_off`, `is_out_of_race`, `is_disqualified`, `standard_points`, `meeting_individual_points`, `minutes`, `seconds`, `hundreds`, `meeting_program_id`, `swimmer_id`, `team_id`, `badge_id`, `user_id`, `created_at`, `updated_at`, `disqualification_code_type_id`, `goggle_cup_points`, `reaction_time`, `team_points`, `team_affiliation_id`)
  VALUES (192081, 1, 1, 0, 0, 908.43, 908.43, 0, 54, 93, 22181, 17687, 215, 21486, 1, '2015-03-01 00:03:37', '2015-03-01 00:03:37', NULL, 0.0, 0.0, 0.0, 410);

INSERT INTO `meeting_individual_results` (`id`, `rank`, `is_play_off`, `is_out_of_race`, `is_disqualified`, `standard_points`, `meeting_individual_points`, `minutes`, `seconds`, `hundreds`, `meeting_program_id`, `swimmer_id`, `team_id`, `badge_id`, `user_id`, `created_at`, `updated_at`, `disqualification_code_type_id`, `goggle_cup_points`, `reaction_time`, `team_points`, `team_affiliation_id`)
  VALUES (192082, 2, 1, 0, 0, 870.86, 870.86, 0, 57, 30, 22181, 7594, 414, 11183, 1, '2015-03-01 00:03:37', '2015-03-01 00:03:37', NULL, 0.0, 0.0, 0.0, 634);

INSERT INTO `meeting_individual_results` (`id`, `rank`, `is_play_off`, `is_out_of_race`, `is_disqualified`, `standard_points`, `meeting_individual_points`, `minutes`, `seconds`, `hundreds`, `meeting_program_id`, `swimmer_id`, `team_id`, `badge_id`, `user_id`, `created_at`, `updated_at`, `disqualification_code_type_id`, `goggle_cup_points`, `reaction_time`, `team_points`, `team_affiliation_id`)
  VALUES (192083, 3, 1, 0, 0, 819.24, 819.24, 1, 0, 91, 22181, 4729, 282, 8024, 1, '2015-03-01 00:03:37', '2015-03-01 00:03:37', NULL, 0.0, 0.0, 0.0, 479);

INSERT INTO `meeting_individual_results` (`id`, `rank`, `is_play_off`, `is_out_of_race`, `is_disqualified`, `standard_points`, `meeting_individual_points`, `minutes`, `seconds`, `hundreds`, `meeting_program_id`, `swimmer_id`, `team_id`, `badge_id`, `user_id`, `created_at`, `updated_at`, `disqualification_code_type_id`, `goggle_cup_points`, `reaction_time`, `team_points`, `team_affiliation_id`)
  VALUES (192084, 4, 1, 0, 0, 780.54, 780.54, 1, 3, 93, 22181, 17697, 288, 21489, 1, '2015-03-01 00:03:37', '2015-03-01 00:03:37', NULL, 0.0, 0.0, 0.0, 485);

INSERT INTO `meeting_individual_results` (`id`, `rank`, `is_play_off`, `is_out_of_race`, `is_disqualified`, `standard_points`, `meeting_individual_points`, `minutes`, `seconds`, `hundreds`, `meeting_program_id`, `swimmer_id`, `team_id`, `badge_id`, `user_id`, `created_at`, `updated_at`, `disqualification_code_type_id`, `goggle_cup_points`, `reaction_time`, `team_points`, `team_affiliation_id`)
  VALUES (192085, 5, 1, 0, 0, 779.57, 779.57, 1, 4, 1, 22181, 12604, 48, 16345, 1, '2015-03-01 00:03:37', '2015-03-01 00:03:37', NULL, 0.0, 0.0, 0.0, 241);

INSERT INTO `meeting_individual_results` (`id`, `rank`, `is_play_off`, `is_out_of_race`, `is_disqualified`, `standard_points`, `meeting_individual_points`, `minutes`, `seconds`, `hundreds`, `meeting_program_id`, `swimmer_id`, `team_id`, `badge_id`, `user_id`, `created_at`, `updated_at`, `disqualification_code_type_id`, `goggle_cup_points`, `reaction_time`, `team_points`, `team_affiliation_id`)
  VALUES (192086, 6, 1, 0, 0, 769.47, 769.47, 1, 4, 85, 22181, 12488, 288, 16288, 1, '2015-03-01 00:03:37', '2015-03-01 00:03:37', NULL, 0.0, 0.0, 0.0, 485);

INSERT INTO `meeting_individual_results` (`id`, `rank`, `is_play_off`, `is_out_of_race`, `is_disqualified`, `standard_points`, `meeting_individual_points`, `minutes`, `seconds`, `hundreds`, `meeting_program_id`, `swimmer_id`, `team_id`, `badge_id`, `user_id`, `created_at`, `updated_at`, `disqualification_code_type_id`, `goggle_cup_points`, `reaction_time`, `team_points`, `team_affiliation_id`)
  VALUES (192087, 7, 1, 0, 0, 768.99, 768.99, 1, 4, 89, 22181, 7704, 105, 11308, 1, '2015-03-01 00:03:37', '2015-03-01 00:03:37', NULL, 0.0, 0.0, 0.0, 298);

INSERT INTO `meeting_individual_results` (`id`, `rank`, `is_play_off`, `is_out_of_race`, `is_disqualified`, `standard_points`, `meeting_individual_points`, `minutes`, `seconds`, `hundreds`, `meeting_program_id`, `swimmer_id`, `team_id`, `badge_id`, `user_id`, `created_at`, `updated_at`, `disqualification_code_type_id`, `goggle_cup_points`, `reaction_time`, `team_points`, `team_affiliation_id`)
  VALUES (192088, 8, 1, 0, 0, 660.31, 660.31, 1, 15, 57, 22181, 17699, 282, 21490, 1, '2015-03-01 00:03:37', '2015-03-01 00:03:37', NULL, 0.0, 0.0, 0.0, 479);

INSERT INTO `meeting_individual_results` (`id`, `rank`, `is_play_off`, `is_out_of_race`, `is_disqualified`, `standard_points`, `meeting_individual_points`, `minutes`, `seconds`, `hundreds`, `meeting_program_id`, `swimmer_id`, `team_id`, `badge_id`, `user_id`, `created_at`, `updated_at`, `disqualification_code_type_id`, `goggle_cup_points`, `reaction_time`, `team_points`, `team_affiliation_id`)
  VALUES (192089, 9, 1, 0, 0, 610.85, 610.85, 1, 21, 69, 22181, 17696, 560, 21491, 1, '2015-03-01 00:03:37', '2015-03-01 00:03:37', NULL, 0.0, 0.0, 0.0, 780);

INSERT INTO `meeting_individual_results` (`id`, `rank`, `is_play_off`, `is_out_of_race`, `is_disqualified`, `standard_points`, `meeting_individual_points`, `minutes`, `seconds`, `hundreds`, `meeting_program_id`, `swimmer_id`, `team_id`, `badge_id`, `user_id`, `created_at`, `updated_at`, `disqualification_code_type_id`, `goggle_cup_points`, `reaction_time`, `team_points`, `team_affiliation_id`)
  VALUES (192090, 1, 1, 0, 0, 840.88, 840.88, 0, 59, 64, 22182, 3692, 218, 6916, 1, '2015-03-01 00:03:38', '2015-03-01 00:03:38', NULL, 0.0, 0.0, 0.0, 413);

INSERT INTO `meeting_individual_results` (`id`, `rank`, `is_play_off`, `is_out_of_race`, `is_disqualified`, `standard_points`, `meeting_individual_points`, `minutes`, `seconds`, `hundreds`, `meeting_program_id`, `swimmer_id`, `team_id`, `badge_id`, `user_id`, `created_at`, `updated_at`, `disqualification_code_type_id`, `goggle_cup_points`, `reaction_time`, `team_points`, `team_affiliation_id`)
  VALUES (192091, 2, 1, 0, 0, 825.79, 825.79, 1, 0, 73, 22182, 4731, 221, 8026, 1, '2015-03-01 00:03:38', '2015-03-01 00:03:38', NULL, 0.0, 0.0, 0.0, 416);

INSERT INTO `meeting_individual_results` (`id`, `rank`, `is_play_off`, `is_out_of_race`, `is_disqualified`, `standard_points`, `meeting_individual_points`, `minutes`, `seconds`, `hundreds`, `meeting_program_id`, `swimmer_id`, `team_id`, `badge_id`, `user_id`, `created_at`, `updated_at`, `disqualification_code_type_id`, `goggle_cup_points`, `reaction_time`, `team_points`, `team_affiliation_id`)
  VALUES (192092, 3, 1, 0, 0, 784.57, 784.57, 1, 3, 92, 22182, 7703, 288, 11158, 1, '2015-03-01 00:03:38', '2015-03-01 00:03:38', NULL, 0.0, 0.0, 0.0, 485);

INSERT INTO `meeting_individual_results` (`id`, `rank`, `is_play_off`, `is_out_of_race`, `is_disqualified`, `standard_points`, `meeting_individual_points`, `minutes`, `seconds`, `hundreds`, `meeting_program_id`, `swimmer_id`, `team_id`, `badge_id`, `user_id`, `created_at`, `updated_at`, `disqualification_code_type_id`, `goggle_cup_points`, `reaction_time`, `team_points`, `team_affiliation_id`)
  VALUES (192093, 4, 1, 0, 0, 780.18, 780.18, 1, 4, 28, 22182, 7612, 413, 11228, 1, '2015-03-01 00:03:38', '2015-03-01 00:03:38', NULL, 0.0, 0.0, 0.0, 633);

INSERT INTO `meeting_individual_results` (`id`, `rank`, `is_play_off`, `is_out_of_race`, `is_disqualified`, `standard_points`, `meeting_individual_points`, `minutes`, `seconds`, `hundreds`, `meeting_program_id`, `swimmer_id`, `team_id`, `badge_id`, `user_id`, `created_at`, `updated_at`, `disqualification_code_type_id`, `goggle_cup_points`, `reaction_time`, `team_points`, `team_affiliation_id`)
  VALUES (192094, 5, 1, 0, 0, 774.4, 774.4, 1, 4, 76, 22182, 15996, 222, 19772, 1, '2015-03-01 00:03:38', '2015-03-01 00:03:38', NULL, 0.0, 0.0, 0.0, 417);

INSERT INTO `meeting_individual_results` (`id`, `rank`, `is_play_off`, `is_out_of_race`, `is_disqualified`, `standard_points`, `meeting_individual_points`, `minutes`, `seconds`, `hundreds`, `meeting_program_id`, `swimmer_id`, `team_id`, `badge_id`, `user_id`, `created_at`, `updated_at`, `disqualification_code_type_id`, `goggle_cup_points`, `reaction_time`, `team_points`, `team_affiliation_id`)
  VALUES (192095, 6, 1, 0, 0, 762.04, 762.04, 1, 5, 81, 22182, 9568, 223, 13292, 1, '2015-03-01 00:03:38', '2015-03-01 00:03:38', NULL, 0.0, 0.0, 0.0, 418);

INSERT INTO `meeting_individual_results` (`id`, `rank`, `is_play_off`, `is_out_of_race`, `is_disqualified`, `standard_points`, `meeting_individual_points`, `minutes`, `seconds`, `hundreds`, `meeting_program_id`, `swimmer_id`, `team_id`, `badge_id`, `user_id`, `created_at`, `updated_at`, `disqualification_code_type_id`, `goggle_cup_points`, `reaction_time`, `team_points`, `team_affiliation_id`)
  VALUES (192096, 7, 1, 0, 0, 740.88, 740.88, 1, 7, 69, 22182, 12558, 384, 16294, 1, '2015-03-01 00:03:38', '2015-03-01 00:03:38', NULL, 0.0, 0.0, 0.0, 604);

INSERT INTO `meeting_individual_results` (`id`, `rank`, `is_play_off`, `is_out_of_race`, `is_disqualified`, `standard_points`, `meeting_individual_points`, `minutes`, `seconds`, `hundreds`, `meeting_program_id`, `swimmer_id`, `team_id`, `badge_id`, `user_id`, `created_at`, `updated_at`, `disqualification_code_type_id`, `goggle_cup_points`, `reaction_time`, `team_points`, `team_affiliation_id`)
  VALUES (192097, 8, 1, 0, 0, 721.48, 721.48, 1, 9, 51, 22182, 14793, 288, 18601, 1, '2015-03-01 00:03:38', '2015-03-01 00:03:38', NULL, 0.0, 0.0, 0.0, 485);

INSERT INTO `meeting_individual_results` (`id`, `rank`, `is_play_off`, `is_out_of_race`, `is_disqualified`, `standard_points`, `meeting_individual_points`, `minutes`, `seconds`, `hundreds`, `meeting_program_id`, `swimmer_id`, `team_id`, `badge_id`, `user_id`, `created_at`, `updated_at`, `disqualification_code_type_id`, `goggle_cup_points`, `reaction_time`, `team_points`, `team_affiliation_id`)
  VALUES (192098, 9, 1, 0, 0, 717.97, 717.97, 1, 9, 85, 22182, 16008, 279, 19809, 1, '2015-03-01 00:03:38', '2015-03-01 00:03:38', NULL, 0.0, 0.0, 0.0, 476);

INSERT INTO `meeting_individual_results` (`id`, `rank`, `is_play_off`, `is_out_of_race`, `is_disqualified`, `standard_points`, `meeting_individual_points`, `minutes`, `seconds`, `hundreds`, `meeting_program_id`, `swimmer_id`, `team_id`, `badge_id`, `user_id`, `created_at`, `updated_at`, `disqualification_code_type_id`, `goggle_cup_points`, `reaction_time`, `team_points`, `team_affiliation_id`)
  VALUES (192099, 1, 1, 0, 0, 935.12, 935.12, 0, 54, 56, 22183, 1946, 48, 5129, 1, '2015-03-01 00:03:38', '2015-03-01 00:03:38', NULL, 0.0, 0.0, 0.0, 241);

INSERT INTO `meeting_individual_results` (`id`, `rank`, `is_play_off`, `is_out_of_race`, `is_disqualified`, `standard_points`, `meeting_individual_points`, `minutes`, `seconds`, `hundreds`, `meeting_program_id`, `swimmer_id`, `team_id`, `badge_id`, `user_id`, `created_at`, `updated_at`, `disqualification_code_type_id`, `goggle_cup_points`, `reaction_time`, `team_points`, `team_affiliation_id`)
  VALUES (192100, 2, 1, 0, 0, 865.77, 865.77, 0, 58, 93, 22183, 6180, 357, 10117, 1, '2015-03-01 00:03:38', '2015-03-01 00:03:38', NULL, 0.0, 0.0, 0.0, 574);

INSERT INTO `meeting_individual_results` (`id`, `rank`, `is_play_off`, `is_out_of_race`, `is_disqualified`, `standard_points`, `meeting_individual_points`, `minutes`, `seconds`, `hundreds`, `meeting_program_id`, `swimmer_id`, `team_id`, `badge_id`, `user_id`, `created_at`, `updated_at`, `disqualification_code_type_id`, `goggle_cup_points`, `reaction_time`, `team_points`, `team_affiliation_id`)
  VALUES (192101, 3, 1, 0, 0, 844.14, 844.14, 1, 0, 44, 22183, 16004, 279, 19728, 1, '2015-03-01 00:03:39', '2015-03-01 00:03:39', NULL, 0.0, 0.0, 0.0, 476);

INSERT INTO `meeting_individual_results` (`id`, `rank`, `is_play_off`, `is_out_of_race`, `is_disqualified`, `standard_points`, `meeting_individual_points`, `minutes`, `seconds`, `hundreds`, `meeting_program_id`, `swimmer_id`, `team_id`, `badge_id`, `user_id`, `created_at`, `updated_at`, `disqualification_code_type_id`, `goggle_cup_points`, `reaction_time`, `team_points`, `team_affiliation_id`)
  VALUES (192102, 4, 1, 0, 0, 788.32, 788.32, 1, 4, 72, 22183, 4735, 221, 8030, 1, '2015-03-01 00:03:39', '2015-03-01 00:03:39', NULL, 0.0, 0.0, 0.0, 416);

INSERT INTO `meeting_individual_results` (`id`, `rank`, `is_play_off`, `is_out_of_race`, `is_disqualified`, `standard_points`, `meeting_individual_points`, `minutes`, `seconds`, `hundreds`, `meeting_program_id`, `swimmer_id`, `team_id`, `badge_id`, `user_id`, `created_at`, `updated_at`, `disqualification_code_type_id`, `goggle_cup_points`, `reaction_time`, `team_points`, `team_affiliation_id`)
  VALUES (192103, 5, 1, 0, 0, 753.51, 753.51, 1, 7, 71, 22183, 16007, 326, 19810, 1, '2015-03-01 00:03:39', '2015-03-01 00:03:39', NULL, 0.0, 0.0, 0.0, 543);

INSERT INTO `meeting_individual_results` (`id`, `rank`, `is_play_off`, `is_out_of_race`, `is_disqualified`, `standard_points`, `meeting_individual_points`, `minutes`, `seconds`, `hundreds`, `meeting_program_id`, `swimmer_id`, `team_id`, `badge_id`, `user_id`, `created_at`, `updated_at`, `disqualification_code_type_id`, `goggle_cup_points`, `reaction_time`, `team_points`, `team_affiliation_id`)
  VALUES (192104, 6, 1, 0, 0, 726.47, 726.47, 1, 10, 23, 22183, 9621, 272, 13407, 1, '2015-03-01 00:03:39', '2015-03-01 00:03:39', NULL, 0.0, 0.0, 0.0, 469);

INSERT INTO `meeting_individual_results` (`id`, `rank`, `is_play_off`, `is_out_of_race`, `is_disqualified`, `standard_points`, `meeting_individual_points`, `minutes`, `seconds`, `hundreds`, `meeting_program_id`, `swimmer_id`, `team_id`, `badge_id`, `user_id`, `created_at`, `updated_at`, `disqualification_code_type_id`, `goggle_cup_points`, `reaction_time`, `team_points`, `team_affiliation_id`)
  VALUES (192105, 7, 1, 0, 0, 703.53, 703.53, 1, 12, 52, 22183, 11705, 567, 15431, 1, '2015-03-01 00:03:39', '2015-03-01 00:03:39', NULL, 0.0, 0.0, 0.0, 787);

INSERT INTO `meeting_individual_results` (`id`, `rank`, `is_play_off`, `is_out_of_race`, `is_disqualified`, `standard_points`, `meeting_individual_points`, `minutes`, `seconds`, `hundreds`, `meeting_program_id`, `swimmer_id`, `team_id`, `badge_id`, `user_id`, `created_at`, `updated_at`, `disqualification_code_type_id`, `goggle_cup_points`, `reaction_time`, `team_points`, `team_affiliation_id`)
  VALUES (192106, 8, 1, 0, 0, 587.18, 587.18, 1, 26, 89, 22183, 12570, 384, 16361, 1, '2015-03-01 00:03:39', '2015-03-01 00:03:39', NULL, 0.0, 0.0, 0.0, 604);

INSERT INTO `meeting_individual_results` (`id`, `rank`, `is_play_off`, `is_out_of_race`, `is_disqualified`, `standard_points`, `meeting_individual_points`, `minutes`, `seconds`, `hundreds`, `meeting_program_id`, `swimmer_id`, `team_id`, `badge_id`, `user_id`, `created_at`, `updated_at`, `disqualification_code_type_id`, `goggle_cup_points`, `reaction_time`, `team_points`, `team_affiliation_id`)
  VALUES (192107, 1, 1, 0, 0, 916.95, 916.95, 0, 56, 59, 22184, 4740, 215, 8035, 1, '2015-03-01 00:03:39', '2015-03-01 00:03:39', NULL, 0.0, 0.0, 0.0, 410);

INSERT INTO `meeting_individual_results` (`id`, `rank`, `is_play_off`, `is_out_of_race`, `is_disqualified`, `standard_points`, `meeting_individual_points`, `minutes`, `seconds`, `hundreds`, `meeting_program_id`, `swimmer_id`, `team_id`, `badge_id`, `user_id`, `created_at`, `updated_at`, `disqualification_code_type_id`, `goggle_cup_points`, `reaction_time`, `team_points`, `team_affiliation_id`)
  VALUES (192108, 2, 1, 0, 0, 897.29, 897.29, 0, 57, 83, 22184, 7413, 48, 11161, 1, '2015-03-01 00:03:39', '2015-03-01 00:03:39', NULL, 0.0, 0.0, 0.0, 241);

INSERT INTO `meeting_individual_results` (`id`, `rank`, `is_play_off`, `is_out_of_race`, `is_disqualified`, `standard_points`, `meeting_individual_points`, `minutes`, `seconds`, `hundreds`, `meeting_program_id`, `swimmer_id`, `team_id`, `badge_id`, `user_id`, `created_at`, `updated_at`, `disqualification_code_type_id`, `goggle_cup_points`, `reaction_time`, `team_points`, `team_affiliation_id`)
  VALUES (192109, 3, 1, 0, 0, 883.08, 883.08, 0, 58, 76, 22184, 4007, 110, 7264, 1, '2015-03-01 00:03:39', '2015-03-01 00:03:39', NULL, 0.0, 0.0, 0.0, 303);

INSERT INTO `meeting_individual_results` (`id`, `rank`, `is_play_off`, `is_out_of_race`, `is_disqualified`, `standard_points`, `meeting_individual_points`, `minutes`, `seconds`, `hundreds`, `meeting_program_id`, `swimmer_id`, `team_id`, `badge_id`, `user_id`, `created_at`, `updated_at`, `disqualification_code_type_id`, `goggle_cup_points`, `reaction_time`, `team_points`, `team_affiliation_id`)
  VALUES (192110, 4, 1, 0, 0, 881.73, 881.73, 0, 58, 85, 22184, 15998, 684, 19760, 1, '2015-03-01 00:03:39', '2015-03-01 00:03:39', NULL, 0.0, 0.0, 0.0, 904);

INSERT INTO `meeting_individual_results` (`id`, `rank`, `is_play_off`, `is_out_of_race`, `is_disqualified`, `standard_points`, `meeting_individual_points`, `minutes`, `seconds`, `hundreds`, `meeting_program_id`, `swimmer_id`, `team_id`, `badge_id`, `user_id`, `created_at`, `updated_at`, `disqualification_code_type_id`, `goggle_cup_points`, `reaction_time`, `team_points`, `team_affiliation_id`)
  VALUES (192111, 5, 1, 0, 0, 837.48, 837.48, 1, 1, 96, 22184, 3732, 54, 6960, 1, '2015-03-01 00:03:40', '2015-03-01 00:03:40', NULL, 0.0, 0.0, 0.0, 247);

INSERT INTO `meeting_individual_results` (`id`, `rank`, `is_play_off`, `is_out_of_race`, `is_disqualified`, `standard_points`, `meeting_individual_points`, `minutes`, `seconds`, `hundreds`, `meeting_program_id`, `swimmer_id`, `team_id`, `badge_id`, `user_id`, `created_at`, `updated_at`, `disqualification_code_type_id`, `goggle_cup_points`, `reaction_time`, `team_points`, `team_affiliation_id`)
  VALUES (192112, 6, 1, 0, 0, 834.78, 834.78, 1, 2, 16, 22184, 15966, 225, 19811, 1, '2015-03-01 00:03:40', '2015-03-01 00:03:40', NULL, 0.0, 0.0, 0.0, 420);

INSERT INTO `meeting_individual_results` (`id`, `rank`, `is_play_off`, `is_out_of_race`, `is_disqualified`, `standard_points`, `meeting_individual_points`, `minutes`, `seconds`, `hundreds`, `meeting_program_id`, `swimmer_id`, `team_id`, `badge_id`, `user_id`, `created_at`, `updated_at`, `disqualification_code_type_id`, `goggle_cup_points`, `reaction_time`, `team_points`, `team_affiliation_id`)
  VALUES (192113, 7, 1, 0, 0, 832.5, 832.5, 1, 2, 33, 22184, 9502, 326, 13294, 1, '2015-03-01 00:03:40', '2015-03-01 00:03:40', NULL, 0.0, 0.0, 0.0, 543);

INSERT INTO `meeting_individual_results` (`id`, `rank`, `is_play_off`, `is_out_of_race`, `is_disqualified`, `standard_points`, `meeting_individual_points`, `minutes`, `seconds`, `hundreds`, `meeting_program_id`, `swimmer_id`, `team_id`, `badge_id`, `user_id`, `created_at`, `updated_at`, `disqualification_code_type_id`, `goggle_cup_points`, `reaction_time`, `team_points`, `team_affiliation_id`)
  VALUES (192114, 8, 1, 0, 0, 808.51, 808.51, 1, 4, 18, 22184, 8685, 466, 12362, 1, '2015-03-01 00:03:40', '2015-03-01 00:03:40', NULL, 0.0, 0.0, 0.0, 686);

INSERT INTO `meeting_individual_results` (`id`, `rank`, `is_play_off`, `is_out_of_race`, `is_disqualified`, `standard_points`, `meeting_individual_points`, `minutes`, `seconds`, `hundreds`, `meeting_program_id`, `swimmer_id`, `team_id`, `badge_id`, `user_id`, `created_at`, `updated_at`, `disqualification_code_type_id`, `goggle_cup_points`, `reaction_time`, `team_points`, `team_affiliation_id`)
  VALUES (192115, 9, 1, 0, 0, 808.0, 808.0, 1, 4, 22, 22184, 17691, 718, 21492, 1, '2015-03-01 00:03:40', '2015-03-01 00:03:40', NULL, 0.0, 0.0, 0.0, 938);

INSERT INTO `meeting_individual_results` (`id`, `rank`, `is_play_off`, `is_out_of_race`, `is_disqualified`, `standard_points`, `meeting_individual_points`, `minutes`, `seconds`, `hundreds`, `meeting_program_id`, `swimmer_id`, `team_id`, `badge_id`, `user_id`, `created_at`, `updated_at`, `disqualification_code_type_id`, `goggle_cup_points`, `reaction_time`, `team_points`, `team_affiliation_id`)
  VALUES (192116, 10, 1, 0, 0, 806.62, 806.62, 1, 4, 33, 22184, 3697, 223, 6923, 1, '2015-03-01 00:03:40', '2015-03-01 00:03:40', NULL, 0.0, 0.0, 0.0, 418);

INSERT INTO `meeting_individual_results` (`id`, `rank`, `is_play_off`, `is_out_of_race`, `is_disqualified`, `standard_points`, `meeting_individual_points`, `minutes`, `seconds`, `hundreds`, `meeting_program_id`, `swimmer_id`, `team_id`, `badge_id`, `user_id`, `created_at`, `updated_at`, `disqualification_code_type_id`, `goggle_cup_points`, `reaction_time`, `team_points`, `team_affiliation_id`)
  VALUES (192117, 11, 1, 0, 0, 799.66, 799.66, 1, 4, 89, 22184, 9436, 216, 13282, 1, '2015-03-01 00:03:40', '2015-03-01 00:03:40', NULL, 0.0, 0.0, 0.0, 411);

INSERT INTO `meeting_individual_results` (`id`, `rank`, `is_play_off`, `is_out_of_race`, `is_disqualified`, `standard_points`, `meeting_individual_points`, `minutes`, `seconds`, `hundreds`, `meeting_program_id`, `swimmer_id`, `team_id`, `badge_id`, `user_id`, `created_at`, `updated_at`, `disqualification_code_type_id`, `goggle_cup_points`, `reaction_time`, `team_points`, `team_affiliation_id`)
  VALUES (192118, 12, 1, 0, 0, 785.38, 785.38, 1, 6, 7, 22184, 6839, 384, 10587, 1, '2015-03-01 00:03:40', '2015-03-01 00:03:40', NULL, 0.0, 0.0, 0.0, 604);

INSERT INTO `meeting_individual_results` (`id`, `rank`, `is_play_off`, `is_out_of_race`, `is_disqualified`, `standard_points`, `meeting_individual_points`, `minutes`, `seconds`, `hundreds`, `meeting_program_id`, `swimmer_id`, `team_id`, `badge_id`, `user_id`, `created_at`, `updated_at`, `disqualification_code_type_id`, `goggle_cup_points`, `reaction_time`, `team_points`, `team_affiliation_id`)
  VALUES (192119, 13, 1, 0, 0, 778.08, 778.08, 1, 6, 69, 22184, 8710, 50, 12531, 1, '2015-03-01 00:03:40', '2015-03-01 00:03:40', NULL, 0.0, 0.0, 0.0, 243);

INSERT INTO `meeting_individual_results` (`id`, `rank`, `is_play_off`, `is_out_of_race`, `is_disqualified`, `standard_points`, `meeting_individual_points`, `minutes`, `seconds`, `hundreds`, `meeting_program_id`, `swimmer_id`, `team_id`, `badge_id`, `user_id`, `created_at`, `updated_at`, `disqualification_code_type_id`, `goggle_cup_points`, `reaction_time`, `team_points`, `team_affiliation_id`)
  VALUES (192120, 14, 1, 0, 0, 742.13, 742.13, 1, 9, 92, 22184, 4768, 225, 8063, 1, '2015-03-01 00:03:40', '2015-03-01 00:03:40', NULL, 0.0, 0.0, 0.0, 420);

INSERT INTO `meeting_individual_results` (`id`, `rank`, `is_play_off`, `is_out_of_race`, `is_disqualified`, `standard_points`, `meeting_individual_points`, `minutes`, `seconds`, `hundreds`, `meeting_program_id`, `swimmer_id`, `team_id`, `badge_id`, `user_id`, `created_at`, `updated_at`, `disqualification_code_type_id`, `goggle_cup_points`, `reaction_time`, `team_points`, `team_affiliation_id`)
  VALUES (192121, 15, 1, 0, 0, 733.53, 733.53, 1, 10, 74, 22184, 6824, 384, 10663, 1, '2015-03-01 00:03:41', '2015-03-01 00:03:41', NULL, 0.0, 0.0, 0.0, 604);

INSERT INTO `meeting_individual_results` (`id`, `rank`, `is_play_off`, `is_out_of_race`, `is_disqualified`, `standard_points`, `meeting_individual_points`, `minutes`, `seconds`, `hundreds`, `meeting_program_id`, `swimmer_id`, `team_id`, `badge_id`, `user_id`, `created_at`, `updated_at`, `disqualification_code_type_id`, `goggle_cup_points`, `reaction_time`, `team_points`, `team_affiliation_id`)
  VALUES (192122, 16, 1, 0, 0, 718.2, 718.2, 1, 12, 25, 22184, 9805, 391, 13582, 1, '2015-03-01 00:03:41', '2015-03-01 00:03:41', NULL, 0.0, 0.0, 0.0, 611);

INSERT INTO `meeting_individual_results` (`id`, `rank`, `is_play_off`, `is_out_of_race`, `is_disqualified`, `standard_points`, `meeting_individual_points`, `minutes`, `seconds`, `hundreds`, `meeting_program_id`, `swimmer_id`, `team_id`, `badge_id`, `user_id`, `created_at`, `updated_at`, `disqualification_code_type_id`, `goggle_cup_points`, `reaction_time`, `team_points`, `team_affiliation_id`)
  VALUES (192123, 17, 1, 0, 0, 685.83, 685.83, 1, 15, 66, 22184, 16000, 216, 19776, 1, '2015-03-01 00:03:41', '2015-03-01 00:03:41', NULL, 0.0, 0.0, 0.0, 411);

INSERT INTO `meeting_individual_results` (`id`, `rank`, `is_play_off`, `is_out_of_race`, `is_disqualified`, `standard_points`, `meeting_individual_points`, `minutes`, `seconds`, `hundreds`, `meeting_program_id`, `swimmer_id`, `team_id`, `badge_id`, `user_id`, `created_at`, `updated_at`, `disqualification_code_type_id`, `goggle_cup_points`, `reaction_time`, `team_points`, `team_affiliation_id`)
  VALUES (192124, 18, 1, 0, 0, 660.18, 660.18, 1, 18, 60, 22184, 14817, 215, 18622, 1, '2015-03-01 00:03:41', '2015-03-01 00:03:41', NULL, 0.0, 0.0, 0.0, 410);

INSERT INTO `meeting_individual_results` (`id`, `rank`, `is_play_off`, `is_out_of_race`, `is_disqualified`, `standard_points`, `meeting_individual_points`, `minutes`, `seconds`, `hundreds`, `meeting_program_id`, `swimmer_id`, `team_id`, `badge_id`, `user_id`, `created_at`, `updated_at`, `disqualification_code_type_id`, `goggle_cup_points`, `reaction_time`, `team_points`, `team_affiliation_id`)
  VALUES (192125, 19, 1, 0, 0, 611.55, 611.55, 1, 24, 85, 22184, 17698, 109, 21493, 1, '2015-03-01 00:03:41', '2015-03-01 00:03:41', NULL, 0.0, 0.0, 0.0, 302);

INSERT INTO `meeting_individual_results` (`id`, `rank`, `is_play_off`, `is_out_of_race`, `is_disqualified`, `standard_points`, `meeting_individual_points`, `minutes`, `seconds`, `hundreds`, `meeting_program_id`, `swimmer_id`, `team_id`, `badge_id`, `user_id`, `created_at`, `updated_at`, `disqualification_code_type_id`, `goggle_cup_points`, `reaction_time`, `team_points`, `team_affiliation_id`)
  VALUES (192126, 1, 1, 0, 0, 952.35, 952.35, 0, 55, 82, 22185, 3701, 225, 6927, 1, '2015-03-01 00:03:41', '2015-03-01 00:03:41', NULL, 0.0, 0.0, 0.0, 420);

INSERT INTO `meeting_individual_results` (`id`, `rank`, `is_play_off`, `is_out_of_race`, `is_disqualified`, `standard_points`, `meeting_individual_points`, `minutes`, `seconds`, `hundreds`, `meeting_program_id`, `swimmer_id`, `team_id`, `badge_id`, `user_id`, `created_at`, `updated_at`, `disqualification_code_type_id`, `goggle_cup_points`, `reaction_time`, `team_points`, `team_affiliation_id`)
  VALUES (192127, 2, 1, 0, 0, 882.18, 882.18, 1, 0, 26, 22185, 12492, 215, 16302, 1, '2015-03-01 00:03:41', '2015-03-01 00:03:41', NULL, 0.0, 0.0, 0.0, 410);

INSERT INTO `meeting_individual_results` (`id`, `rank`, `is_play_off`, `is_out_of_race`, `is_disqualified`, `standard_points`, `meeting_individual_points`, `minutes`, `seconds`, `hundreds`, `meeting_program_id`, `swimmer_id`, `team_id`, `badge_id`, `user_id`, `created_at`, `updated_at`, `disqualification_code_type_id`, `goggle_cup_points`, `reaction_time`, `team_points`, `team_affiliation_id`)
  VALUES (192128, 3, 1, 0, 0, 850.42, 850.42, 1, 2, 51, 22185, 15978, 279, 19721, 1, '2015-03-01 00:03:41', '2015-03-01 00:03:41', NULL, 0.0, 0.0, 0.0, 476);

INSERT INTO `meeting_individual_results` (`id`, `rank`, `is_play_off`, `is_out_of_race`, `is_disqualified`, `standard_points`, `meeting_individual_points`, `minutes`, `seconds`, `hundreds`, `meeting_program_id`, `swimmer_id`, `team_id`, `badge_id`, `user_id`, `created_at`, `updated_at`, `disqualification_code_type_id`, `goggle_cup_points`, `reaction_time`, `team_points`, `team_affiliation_id`)
  VALUES (192129, 4, 1, 0, 0, 822.27, 822.27, 1, 4, 65, 22185, 1988, 78, 5171, 1, '2015-03-01 00:03:41', '2015-03-01 00:03:41', NULL, 0.0, 0.0, 0.0, 271);

INSERT INTO `meeting_individual_results` (`id`, `rank`, `is_play_off`, `is_out_of_race`, `is_disqualified`, `standard_points`, `meeting_individual_points`, `minutes`, `seconds`, `hundreds`, `meeting_program_id`, `swimmer_id`, `team_id`, `badge_id`, `user_id`, `created_at`, `updated_at`, `disqualification_code_type_id`, `goggle_cup_points`, `reaction_time`, `team_points`, `team_affiliation_id`)
  VALUES (192130, 5, 1, 0, 0, 816.59, 816.59, 1, 5, 10, 22185, 7597, 414, 11372, 1, '2015-03-01 00:03:41', '2015-03-01 00:03:41', NULL, 0.0, 0.0, 0.0, 634);

INSERT INTO `meeting_individual_results` (`id`, `rank`, `is_play_off`, `is_out_of_race`, `is_disqualified`, `standard_points`, `meeting_individual_points`, `minutes`, `seconds`, `hundreds`, `meeting_program_id`, `swimmer_id`, `team_id`, `badge_id`, `user_id`, `created_at`, `updated_at`, `disqualification_code_type_id`, `goggle_cup_points`, `reaction_time`, `team_points`, `team_affiliation_id`)
  VALUES (192131, 6, 1, 0, 0, 810.24, 810.24, 1, 5, 61, 22185, 5715, 325, 9501, 1, '2015-03-01 00:03:42', '2015-03-01 00:03:42', NULL, 0.0, 0.0, 0.0, 542);

INSERT INTO `meeting_individual_results` (`id`, `rank`, `is_play_off`, `is_out_of_race`, `is_disqualified`, `standard_points`, `meeting_individual_points`, `minutes`, `seconds`, `hundreds`, `meeting_program_id`, `swimmer_id`, `team_id`, `badge_id`, `user_id`, `created_at`, `updated_at`, `disqualification_code_type_id`, `goggle_cup_points`, `reaction_time`, `team_points`, `team_affiliation_id`)
  VALUES (192132, 7, 1, 0, 0, 810.0, 810.0, 1, 5, 63, 22185, 8779, 50, 12536, 1, '2015-03-01 00:03:42', '2015-03-01 00:03:42', NULL, 0.0, 0.0, 0.0, 243);

INSERT INTO `meeting_individual_results` (`id`, `rank`, `is_play_off`, `is_out_of_race`, `is_disqualified`, `standard_points`, `meeting_individual_points`, `minutes`, `seconds`, `hundreds`, `meeting_program_id`, `swimmer_id`, `team_id`, `badge_id`, `user_id`, `created_at`, `updated_at`, `disqualification_code_type_id`, `goggle_cup_points`, `reaction_time`, `team_points`, `team_affiliation_id`)
  VALUES (192133, 8, 1, 0, 0, 770.32, 770.32, 1, 9, 1, 22185, 12586, 384, 16305, 1, '2015-03-01 00:03:42', '2015-03-01 00:03:42', NULL, 0.0, 0.0, 0.0, 604);

INSERT INTO `meeting_individual_results` (`id`, `rank`, `is_play_off`, `is_out_of_race`, `is_disqualified`, `standard_points`, `meeting_individual_points`, `minutes`, `seconds`, `hundreds`, `meeting_program_id`, `swimmer_id`, `team_id`, `badge_id`, `user_id`, `created_at`, `updated_at`, `disqualification_code_type_id`, `goggle_cup_points`, `reaction_time`, `team_points`, `team_affiliation_id`)
  VALUES (192134, 9, 1, 0, 0, 734.15, 734.15, 1, 12, 41, 22185, 4770, 273, 8065, 1, '2015-03-01 00:03:42', '2015-03-01 00:03:42', NULL, 0.0, 0.0, 0.0, 470);

INSERT INTO `meeting_individual_results` (`id`, `rank`, `is_play_off`, `is_out_of_race`, `is_disqualified`, `standard_points`, `meeting_individual_points`, `minutes`, `seconds`, `hundreds`, `meeting_program_id`, `swimmer_id`, `team_id`, `badge_id`, `user_id`, `created_at`, `updated_at`, `disqualification_code_type_id`, `goggle_cup_points`, `reaction_time`, `team_points`, `team_affiliation_id`)
  VALUES (192135, 10, 1, 0, 0, 729.92, 729.92, 1, 12, 83, 22185, 14829, 215, 18625, 1, '2015-03-01 00:03:42', '2015-03-01 00:03:42', NULL, 0.0, 0.0, 0.0, 410);

INSERT INTO `meeting_individual_results` (`id`, `rank`, `is_play_off`, `is_out_of_race`, `is_disqualified`, `standard_points`, `meeting_individual_points`, `minutes`, `seconds`, `hundreds`, `meeting_program_id`, `swimmer_id`, `team_id`, `badge_id`, `user_id`, `created_at`, `updated_at`, `disqualification_code_type_id`, `goggle_cup_points`, `reaction_time`, `team_points`, `team_affiliation_id`)
  VALUES (192136, 11, 1, 0, 0, 719.16, 719.16, 1, 13, 92, 22185, 9435, 222, 13296, 1, '2015-03-01 00:03:42', '2015-03-01 00:03:42', NULL, 0.0, 0.0, 0.0, 417);

INSERT INTO `meeting_individual_results` (`id`, `rank`, `is_play_off`, `is_out_of_race`, `is_disqualified`, `standard_points`, `meeting_individual_points`, `minutes`, `seconds`, `hundreds`, `meeting_program_id`, `swimmer_id`, `team_id`, `badge_id`, `user_id`, `created_at`, `updated_at`, `disqualification_code_type_id`, `goggle_cup_points`, `reaction_time`, `team_points`, `team_affiliation_id`)
  VALUES (192137, 12, 1, 0, 0, 708.61, 708.61, 1, 15, 2, 22185, 12694, 225, 16526, 1, '2015-03-01 00:03:42', '2015-03-01 00:03:42', NULL, 0.0, 0.0, 0.0, 420);

INSERT INTO `meeting_individual_results` (`id`, `rank`, `is_play_off`, `is_out_of_race`, `is_disqualified`, `standard_points`, `meeting_individual_points`, `minutes`, `seconds`, `hundreds`, `meeting_program_id`, `swimmer_id`, `team_id`, `badge_id`, `user_id`, `created_at`, `updated_at`, `disqualification_code_type_id`, `goggle_cup_points`, `reaction_time`, `team_points`, `team_affiliation_id`)
  VALUES (192138, 13, 1, 0, 0, 647.58, 647.58, 1, 22, 9, 22185, 12697, 326, 16514, 1, '2015-03-01 00:03:42', '2015-03-01 00:03:42', NULL, 0.0, 0.0, 0.0, 543);

INSERT INTO `meeting_individual_results` (`id`, `rank`, `is_play_off`, `is_out_of_race`, `is_disqualified`, `standard_points`, `meeting_individual_points`, `minutes`, `seconds`, `hundreds`, `meeting_program_id`, `swimmer_id`, `team_id`, `badge_id`, `user_id`, `created_at`, `updated_at`, `disqualification_code_type_id`, `goggle_cup_points`, `reaction_time`, `team_points`, `team_affiliation_id`)
  VALUES (192139, 14, 1, 0, 0, 550.82, 550.82, 1, 36, 51, 22185, 4748, 225, 8043, 1, '2015-03-01 00:03:42', '2015-03-01 00:03:42', NULL, 0.0, 0.0, 0.0, 420);

INSERT INTO `meeting_individual_results` (`id`, `rank`, `is_play_off`, `is_out_of_race`, `is_disqualified`, `standard_points`, `meeting_individual_points`, `minutes`, `seconds`, `hundreds`, `meeting_program_id`, `swimmer_id`, `team_id`, `badge_id`, `user_id`, `created_at`, `updated_at`, `disqualification_code_type_id`, `goggle_cup_points`, `reaction_time`, `team_points`, `team_affiliation_id`)
  VALUES (192140, 1, 1, 0, 0, 878.4, 878.4, 1, 2, 42, 22186, 7402, 414, 11340, 1, '2015-03-01 00:03:42', '2015-03-01 00:03:42', NULL, 0.0, 0.0, 0.0, 634);

INSERT INTO `meeting_individual_results` (`id`, `rank`, `is_play_off`, `is_out_of_race`, `is_disqualified`, `standard_points`, `meeting_individual_points`, `minutes`, `seconds`, `hundreds`, `meeting_program_id`, `swimmer_id`, `team_id`, `badge_id`, `user_id`, `created_at`, `updated_at`, `disqualification_code_type_id`, `goggle_cup_points`, `reaction_time`, `team_points`, `team_affiliation_id`)
  VALUES (192141, 2, 1, 0, 0, 832.4, 832.4, 1, 5, 87, 22186, 7580, 288, 11417, 1, '2015-03-01 00:03:43', '2015-03-01 00:03:43', NULL, 0.0, 0.0, 0.0, 485);

INSERT INTO `meeting_individual_results` (`id`, `rank`, `is_play_off`, `is_out_of_race`, `is_disqualified`, `standard_points`, `meeting_individual_points`, `minutes`, `seconds`, `hundreds`, `meeting_program_id`, `swimmer_id`, `team_id`, `badge_id`, `user_id`, `created_at`, `updated_at`, `disqualification_code_type_id`, `goggle_cup_points`, `reaction_time`, `team_points`, `team_affiliation_id`)
  VALUES (192142, 3, 1, 0, 0, 784.97, 784.97, 1, 9, 85, 22186, 3708, 222, 6934, 1, '2015-03-01 00:03:43', '2015-03-01 00:03:43', NULL, 0.0, 0.0, 0.0, 417);

INSERT INTO `meeting_individual_results` (`id`, `rank`, `is_play_off`, `is_out_of_race`, `is_disqualified`, `standard_points`, `meeting_individual_points`, `minutes`, `seconds`, `hundreds`, `meeting_program_id`, `swimmer_id`, `team_id`, `badge_id`, `user_id`, `created_at`, `updated_at`, `disqualification_code_type_id`, `goggle_cup_points`, `reaction_time`, `team_points`, `team_affiliation_id`)
  VALUES (192143, 4, 1, 0, 0, 782.95, 782.95, 1, 10, 3, 22186, 5792, 327, 9439, 1, '2015-03-01 00:03:43', '2015-03-01 00:03:43', NULL, 0.0, 0.0, 0.0, 544);

INSERT INTO `meeting_individual_results` (`id`, `rank`, `is_play_off`, `is_out_of_race`, `is_disqualified`, `standard_points`, `meeting_individual_points`, `minutes`, `seconds`, `hundreds`, `meeting_program_id`, `swimmer_id`, `team_id`, `badge_id`, `user_id`, `created_at`, `updated_at`, `disqualification_code_type_id`, `goggle_cup_points`, `reaction_time`, `team_points`, `team_affiliation_id`)
  VALUES (192144, 5, 1, 0, 0, 741.25, 741.25, 1, 13, 97, 22186, 3736, 78, 6965, 1, '2015-03-01 00:03:43', '2015-03-01 00:03:43', NULL, 0.0, 0.0, 0.0, 271);

INSERT INTO `meeting_individual_results` (`id`, `rank`, `is_play_off`, `is_out_of_race`, `is_disqualified`, `standard_points`, `meeting_individual_points`, `minutes`, `seconds`, `hundreds`, `meeting_program_id`, `swimmer_id`, `team_id`, `badge_id`, `user_id`, `created_at`, `updated_at`, `disqualification_code_type_id`, `goggle_cup_points`, `reaction_time`, `team_points`, `team_affiliation_id`)
  VALUES (192145, 6, 1, 0, 0, 736.76, 736.76, 1, 14, 42, 22186, 12686, 394, 16495, 1, '2015-03-01 00:03:43', '2015-03-01 00:03:43', NULL, 0.0, 0.0, 0.0, 614);

INSERT INTO `meeting_individual_results` (`id`, `rank`, `is_play_off`, `is_out_of_race`, `is_disqualified`, `standard_points`, `meeting_individual_points`, `minutes`, `seconds`, `hundreds`, `meeting_program_id`, `swimmer_id`, `team_id`, `badge_id`, `user_id`, `created_at`, `updated_at`, `disqualification_code_type_id`, `goggle_cup_points`, `reaction_time`, `team_points`, `team_affiliation_id`)
  VALUES (192146, 7, 1, 0, 0, 729.51, 729.51, 1, 15, 16, 22186, 15929, 225, 19815, 1, '2015-03-01 00:03:43', '2015-03-01 00:03:43', NULL, 0.0, 0.0, 0.0, 420);

INSERT INTO `meeting_individual_results` (`id`, `rank`, `is_play_off`, `is_out_of_race`, `is_disqualified`, `standard_points`, `meeting_individual_points`, `minutes`, `seconds`, `hundreds`, `meeting_program_id`, `swimmer_id`, `team_id`, `badge_id`, `user_id`, `created_at`, `updated_at`, `disqualification_code_type_id`, `goggle_cup_points`, `reaction_time`, `team_points`, `team_affiliation_id`)
  VALUES (192147, 8, 1, 0, 0, 717.01, 717.01, 1, 16, 47, 22186, 6818, 384, 10606, 1, '2015-03-01 00:03:43', '2015-03-01 00:03:43', NULL, 0.0, 0.0, 0.0, 604);

INSERT INTO `meeting_individual_results` (`id`, `rank`, `is_play_off`, `is_out_of_race`, `is_disqualified`, `standard_points`, `meeting_individual_points`, `minutes`, `seconds`, `hundreds`, `meeting_program_id`, `swimmer_id`, `team_id`, `badge_id`, `user_id`, `created_at`, `updated_at`, `disqualification_code_type_id`, `goggle_cup_points`, `reaction_time`, `team_points`, `team_affiliation_id`)
  VALUES (192148, 9, 1, 0, 0, 708.4, 708.4, 1, 17, 40, 22186, 9489, 326, 13182, 1, '2015-03-01 00:03:43', '2015-03-01 00:03:43', NULL, 0.0, 0.0, 0.0, 543);

INSERT INTO `meeting_individual_results` (`id`, `rank`, `is_play_off`, `is_out_of_race`, `is_disqualified`, `standard_points`, `meeting_individual_points`, `minutes`, `seconds`, `hundreds`, `meeting_program_id`, `swimmer_id`, `team_id`, `badge_id`, `user_id`, `created_at`, `updated_at`, `disqualification_code_type_id`, `goggle_cup_points`, `reaction_time`, `team_points`, `team_affiliation_id`)
  VALUES (192149, 10, 1, 0, 0, 626.84, 626.84, 1, 27, 47, 22186, 9577, 221, 13334, 1, '2015-03-01 00:03:43', '2015-03-01 00:03:43', NULL, 0.0, 0.0, 0.0, 416);

INSERT INTO `meeting_individual_results` (`id`, `rank`, `is_play_off`, `is_out_of_race`, `is_disqualified`, `standard_points`, `meeting_individual_points`, `minutes`, `seconds`, `hundreds`, `meeting_program_id`, `swimmer_id`, `team_id`, `badge_id`, `user_id`, `created_at`, `updated_at`, `disqualification_code_type_id`, `goggle_cup_points`, `reaction_time`, `team_points`, `team_affiliation_id`)
  VALUES (192150, 11, 1, 0, 0, 592.05, 592.05, 1, 32, 61, 22186, 12502, 384, 16314, 1, '2015-03-01 00:03:43', '2015-03-01 00:03:43', NULL, 0.0, 0.0, 0.0, 604);

INSERT INTO `meeting_individual_results` (`id`, `rank`, `is_play_off`, `is_out_of_race`, `is_disqualified`, `standard_points`, `meeting_individual_points`, `minutes`, `seconds`, `hundreds`, `meeting_program_id`, `swimmer_id`, `team_id`, `badge_id`, `user_id`, `created_at`, `updated_at`, `disqualification_code_type_id`, `goggle_cup_points`, `reaction_time`, `team_points`, `team_affiliation_id`)
  VALUES (192151, 1, 1, 0, 0, 894.66, 894.66, 1, 3, 51, 22187, 12524, 215, 16365, 1, '2015-03-01 00:03:43', '2015-03-01 00:03:43', NULL, 0.0, 0.0, 0.0, 410);

INSERT INTO `meeting_individual_results` (`id`, `rank`, `is_play_off`, `is_out_of_race`, `is_disqualified`, `standard_points`, `meeting_individual_points`, `minutes`, `seconds`, `hundreds`, `meeting_program_id`, `swimmer_id`, `team_id`, `badge_id`, `user_id`, `created_at`, `updated_at`, `disqualification_code_type_id`, `goggle_cup_points`, `reaction_time`, `team_points`, `team_affiliation_id`)
  VALUES (192152, 2, 1, 0, 0, 879.84, 879.84, 1, 4, 58, 22187, 12494, 358, 16315, 1, '2015-03-01 00:03:44', '2015-03-01 00:03:44', NULL, 0.0, 0.0, 0.0, 575);

INSERT INTO `meeting_individual_results` (`id`, `rank`, `is_play_off`, `is_out_of_race`, `is_disqualified`, `standard_points`, `meeting_individual_points`, `minutes`, `seconds`, `hundreds`, `meeting_program_id`, `swimmer_id`, `team_id`, `badge_id`, `user_id`, `created_at`, `updated_at`, `disqualification_code_type_id`, `goggle_cup_points`, `reaction_time`, `team_points`, `team_affiliation_id`)
  VALUES (192153, 3, 1, 0, 0, 720.7, 720.7, 1, 18, 84, 22187, 7581, 288, 11260, 1, '2015-03-01 00:03:44', '2015-03-01 00:03:44', NULL, 0.0, 0.0, 0.0, 485);

INSERT INTO `meeting_individual_results` (`id`, `rank`, `is_play_off`, `is_out_of_race`, `is_disqualified`, `standard_points`, `meeting_individual_points`, `minutes`, `seconds`, `hundreds`, `meeting_program_id`, `swimmer_id`, `team_id`, `badge_id`, `user_id`, `created_at`, `updated_at`, `disqualification_code_type_id`, `goggle_cup_points`, `reaction_time`, `team_points`, `team_affiliation_id`)
  VALUES (192154, 4, 1, 0, 0, 665.57, 665.57, 1, 25, 37, 22187, 15918, 326, 19713, 1, '2015-03-01 00:03:44', '2015-03-01 00:03:44', NULL, 0.0, 0.0, 0.0, 543);

INSERT INTO `meeting_individual_results` (`id`, `rank`, `is_play_off`, `is_out_of_race`, `is_disqualified`, `standard_points`, `meeting_individual_points`, `minutes`, `seconds`, `hundreds`, `meeting_program_id`, `swimmer_id`, `team_id`, `badge_id`, `user_id`, `created_at`, `updated_at`, `disqualification_code_type_id`, `goggle_cup_points`, `reaction_time`, `team_points`, `team_affiliation_id`)
  VALUES (192155, 1, 1, 0, 0, 876.01, 876.01, 1, 7, 83, 22188, 2018, 48, 5204, 1, '2015-03-01 00:03:44', '2015-03-01 00:03:44', NULL, 0.0, 0.0, 0.0, 241);

INSERT INTO `meeting_individual_results` (`id`, `rank`, `is_play_off`, `is_out_of_race`, `is_disqualified`, `standard_points`, `meeting_individual_points`, `minutes`, `seconds`, `hundreds`, `meeting_program_id`, `swimmer_id`, `team_id`, `badge_id`, `user_id`, `created_at`, `updated_at`, `disqualification_code_type_id`, `goggle_cup_points`, `reaction_time`, `team_points`, `team_affiliation_id`)
  VALUES (192156, 2, 1, 0, 0, 700.96, 700.96, 1, 24, 77, 22188, 9545, 326, 13287, 1, '2015-03-01 00:03:44', '2015-03-01 00:03:44', NULL, 0.0, 0.0, 0.0, 543);

INSERT INTO `meeting_individual_results` (`id`, `rank`, `is_play_off`, `is_out_of_race`, `is_disqualified`, `standard_points`, `meeting_individual_points`, `minutes`, `seconds`, `hundreds`, `meeting_program_id`, `swimmer_id`, `team_id`, `badge_id`, `user_id`, `created_at`, `updated_at`, `disqualification_code_type_id`, `goggle_cup_points`, `reaction_time`, `team_points`, `team_affiliation_id`)
  VALUES (192157, 3, 1, 0, 0, 700.05, 700.05, 1, 24, 88, 22188, 3717, 223, 6943, 1, '2015-03-01 00:03:44', '2015-03-01 00:03:44', NULL, 0.0, 0.0, 0.0, 418);

INSERT INTO `meeting_individual_results` (`id`, `rank`, `is_play_off`, `is_out_of_race`, `is_disqualified`, `standard_points`, `meeting_individual_points`, `minutes`, `seconds`, `hundreds`, `meeting_program_id`, `swimmer_id`, `team_id`, `badge_id`, `user_id`, `created_at`, `updated_at`, `disqualification_code_type_id`, `goggle_cup_points`, `reaction_time`, `team_points`, `team_affiliation_id`)
  VALUES (192158, 1, 1, 0, 0, 780.76, 780.76, 1, 18, 59, 22189, 14750, 282, 18632, 1, '2015-03-01 00:03:44', '2015-03-01 00:03:44', NULL, 0.0, 0.0, 0.0, 479);

INSERT INTO `meeting_individual_results` (`id`, `rank`, `is_play_off`, `is_out_of_race`, `is_disqualified`, `standard_points`, `meeting_individual_points`, `minutes`, `seconds`, `hundreds`, `meeting_program_id`, `swimmer_id`, `team_id`, `badge_id`, `user_id`, `created_at`, `updated_at`, `disqualification_code_type_id`, `goggle_cup_points`, `reaction_time`, `team_points`, `team_affiliation_id`)
  VALUES (192159, 2, 1, 0, 0, 613.23, 613.23, 1, 40, 6, 22189, 12747, 221, 16497, 1, '2015-03-01 00:03:44', '2015-03-01 00:03:44', NULL, 0.0, 0.0, 0.0, 416);

INSERT INTO `meeting_individual_results` (`id`, `rank`, `is_play_off`, `is_out_of_race`, `is_disqualified`, `standard_points`, `meeting_individual_points`, `minutes`, `seconds`, `hundreds`, `meeting_program_id`, `swimmer_id`, `team_id`, `badge_id`, `user_id`, `created_at`, `updated_at`, `disqualification_code_type_id`, `goggle_cup_points`, `reaction_time`, `team_points`, `team_affiliation_id`)
  VALUES (192160, 1, 1, 0, 0, 524.88, 524.88, 2, 5, 2, 22190, 9537, 221, 13354, 1, '2015-03-01 00:03:44', '2015-03-01 00:03:44', NULL, 0.0, 0.0, 0.0, 416);

INSERT INTO `meeting_individual_results` (`id`, `rank`, `is_play_off`, `is_out_of_race`, `is_disqualified`, `standard_points`, `meeting_individual_points`, `minutes`, `seconds`, `hundreds`, `meeting_program_id`, `swimmer_id`, `team_id`, `badge_id`, `user_id`, `created_at`, `updated_at`, `disqualification_code_type_id`, `goggle_cup_points`, `reaction_time`, `team_points`, `team_affiliation_id`)
  VALUES (192161, 1, 1, 0, 0, 0.0, 0.0, 1, 4, 71, 22191, 11416, 560, 15158, 1, '2015-03-01 00:03:44', '2015-03-01 00:03:44', NULL, 0.0, 0.0, 0.0, 780);

INSERT INTO `meeting_individual_results` (`id`, `rank`, `is_play_off`, `is_out_of_race`, `is_disqualified`, `standard_points`, `meeting_individual_points`, `minutes`, `seconds`, `hundreds`, `meeting_program_id`, `swimmer_id`, `team_id`, `badge_id`, `user_id`, `created_at`, `updated_at`, `disqualification_code_type_id`, `goggle_cup_points`, `reaction_time`, `team_points`, `team_affiliation_id`)
  VALUES (192162, 2, 1, 0, 0, 0.0, 0.0, 1, 4, 73, 22191, 12518, 288, 16271, 1, '2015-03-01 00:03:45', '2015-03-01 00:03:45', NULL, 0.0, 0.0, 0.0, 485);

INSERT INTO `meeting_individual_results` (`id`, `rank`, `is_play_off`, `is_out_of_race`, `is_disqualified`, `standard_points`, `meeting_individual_points`, `minutes`, `seconds`, `hundreds`, `meeting_program_id`, `swimmer_id`, `team_id`, `badge_id`, `user_id`, `created_at`, `updated_at`, `disqualification_code_type_id`, `goggle_cup_points`, `reaction_time`, `team_points`, `team_affiliation_id`)
  VALUES (192163, 3, 1, 0, 0, 0.0, 0.0, 1, 7, 6, 22191, 9542, 282, 13186, 1, '2015-03-01 00:03:45', '2015-03-01 00:03:45', NULL, 0.0, 0.0, 0.0, 479);

INSERT INTO `meeting_individual_results` (`id`, `rank`, `is_play_off`, `is_out_of_race`, `is_disqualified`, `standard_points`, `meeting_individual_points`, `minutes`, `seconds`, `hundreds`, `meeting_program_id`, `swimmer_id`, `team_id`, `badge_id`, `user_id`, `created_at`, `updated_at`, `disqualification_code_type_id`, `goggle_cup_points`, `reaction_time`, `team_points`, `team_affiliation_id`)
  VALUES (192164, 4, 1, 0, 0, 0.0, 0.0, 1, 14, 31, 22191, 17684, 560, 21494, 1, '2015-03-01 00:03:45', '2015-03-01 00:03:45', NULL, 0.0, 0.0, 0.0, 780);

INSERT INTO `meeting_individual_results` (`id`, `rank`, `is_play_off`, `is_out_of_race`, `is_disqualified`, `standard_points`, `meeting_individual_points`, `minutes`, `seconds`, `hundreds`, `meeting_program_id`, `swimmer_id`, `team_id`, `badge_id`, `user_id`, `created_at`, `updated_at`, `disqualification_code_type_id`, `goggle_cup_points`, `reaction_time`, `team_points`, `team_affiliation_id`)
  VALUES (192165, 1, 1, 0, 0, 911.75, 911.75, 2, 35, 24, 22192, 3743, 226, 6972, 1, '2015-03-01 00:03:45', '2015-03-01 00:03:45', NULL, 0.0, 0.0, 0.0, 421);

INSERT INTO `meeting_individual_results` (`id`, `rank`, `is_play_off`, `is_out_of_race`, `is_disqualified`, `standard_points`, `meeting_individual_points`, `minutes`, `seconds`, `hundreds`, `meeting_program_id`, `swimmer_id`, `team_id`, `badge_id`, `user_id`, `created_at`, `updated_at`, `disqualification_code_type_id`, `goggle_cup_points`, `reaction_time`, `team_points`, `team_affiliation_id`)
  VALUES (192166, 1, 1, 0, 0, 848.57, 848.57, 2, 51, 57, 22193, 3680, 54, 6903, 1, '2015-03-01 00:03:45', '2015-03-01 00:03:45', NULL, 0.0, 0.0, 0.0, 247);

INSERT INTO `meeting_individual_results` (`id`, `rank`, `is_play_off`, `is_out_of_race`, `is_disqualified`, `standard_points`, `meeting_individual_points`, `minutes`, `seconds`, `hundreds`, `meeting_program_id`, `swimmer_id`, `team_id`, `badge_id`, `user_id`, `created_at`, `updated_at`, `disqualification_code_type_id`, `goggle_cup_points`, `reaction_time`, `team_points`, `team_affiliation_id`)
  VALUES (192167, 1, 1, 0, 0, 925.71, 925.71, 2, 42, 61, 22194, 3682, 78, 6905, 1, '2015-03-01 00:03:45', '2015-03-01 00:03:45', NULL, 0.0, 0.0, 0.0, 271);

INSERT INTO `meeting_individual_results` (`id`, `rank`, `is_play_off`, `is_out_of_race`, `is_disqualified`, `standard_points`, `meeting_individual_points`, `minutes`, `seconds`, `hundreds`, `meeting_program_id`, `swimmer_id`, `team_id`, `badge_id`, `user_id`, `created_at`, `updated_at`, `disqualification_code_type_id`, `goggle_cup_points`, `reaction_time`, `team_points`, `team_affiliation_id`)
  VALUES (192168, 1, 1, 0, 0, 850.26, 850.26, 3, 2, 65, 22195, 7484, 288, 11180, 1, '2015-03-01 00:03:45', '2015-03-01 00:03:45', NULL, 0.0, 0.0, 0.0, 485);

INSERT INTO `meeting_individual_results` (`id`, `rank`, `is_play_off`, `is_out_of_race`, `is_disqualified`, `standard_points`, `meeting_individual_points`, `minutes`, `seconds`, `hundreds`, `meeting_program_id`, `swimmer_id`, `team_id`, `badge_id`, `user_id`, `created_at`, `updated_at`, `disqualification_code_type_id`, `goggle_cup_points`, `reaction_time`, `team_points`, `team_affiliation_id`)
  VALUES (192169, 2, 1, 0, 0, 658.25, 658.25, 3, 55, 93, 22195, 7406, 288, 11301, 1, '2015-03-01 00:03:45', '2015-03-01 00:03:45', NULL, 0.0, 0.0, 0.0, 485);

INSERT INTO `meeting_individual_results` (`id`, `rank`, `is_play_off`, `is_out_of_race`, `is_disqualified`, `standard_points`, `meeting_individual_points`, `minutes`, `seconds`, `hundreds`, `meeting_program_id`, `swimmer_id`, `team_id`, `badge_id`, `user_id`, `created_at`, `updated_at`, `disqualification_code_type_id`, `goggle_cup_points`, `reaction_time`, `team_points`, `team_affiliation_id`)
  VALUES (192170, 1, 1, 0, 0, 0.0, 0.0, 2, 49, 27, 22196, 4710, 109, 8005, 1, '2015-03-01 00:03:45', '2015-03-01 00:03:45', NULL, 0.0, 0.0, 0.0, 302);

INSERT INTO `meeting_individual_results` (`id`, `rank`, `is_play_off`, `is_out_of_race`, `is_disqualified`, `standard_points`, `meeting_individual_points`, `minutes`, `seconds`, `hundreds`, `meeting_program_id`, `swimmer_id`, `team_id`, `badge_id`, `user_id`, `created_at`, `updated_at`, `disqualification_code_type_id`, `goggle_cup_points`, `reaction_time`, `team_points`, `team_affiliation_id`)
  VALUES (192171, 2, 1, 0, 0, 0.0, 0.0, 2, 49, 97, 22196, 9587, 109, 13289, 1, '2015-03-01 00:03:45', '2015-03-01 00:03:45', NULL, 0.0, 0.0, 0.0, 302);

INSERT INTO `meeting_individual_results` (`id`, `rank`, `is_play_off`, `is_out_of_race`, `is_disqualified`, `standard_points`, `meeting_individual_points`, `minutes`, `seconds`, `hundreds`, `meeting_program_id`, `swimmer_id`, `team_id`, `badge_id`, `user_id`, `created_at`, `updated_at`, `disqualification_code_type_id`, `goggle_cup_points`, `reaction_time`, `team_points`, `team_affiliation_id`)
  VALUES (192172, 2, 1, 0, 1, 0.0, 0.0, 0, 0, 0, 22196, 7548, 288, 11182, 1, '2015-03-01 00:03:46', '2015-03-01 00:03:46', 11, 0.0, 0.0, 0.0, 485);

INSERT INTO `meeting_individual_results` (`id`, `rank`, `is_play_off`, `is_out_of_race`, `is_disqualified`, `standard_points`, `meeting_individual_points`, `minutes`, `seconds`, `hundreds`, `meeting_program_id`, `swimmer_id`, `team_id`, `badge_id`, `user_id`, `created_at`, `updated_at`, `disqualification_code_type_id`, `goggle_cup_points`, `reaction_time`, `team_points`, `team_affiliation_id`)
  VALUES (192173, 1, 1, 0, 0, 899.86, 899.86, 2, 17, 41, 22197, 7513, 48, 11363, 1, '2015-03-01 00:03:46', '2015-03-01 00:03:46', NULL, 0.0, 0.0, 0.0, 241);

INSERT INTO `meeting_individual_results` (`id`, `rank`, `is_play_off`, `is_out_of_race`, `is_disqualified`, `standard_points`, `meeting_individual_points`, `minutes`, `seconds`, `hundreds`, `meeting_program_id`, `swimmer_id`, `team_id`, `badge_id`, `user_id`, `created_at`, `updated_at`, `disqualification_code_type_id`, `goggle_cup_points`, `reaction_time`, `team_points`, `team_affiliation_id`)
  VALUES (192174, 1, 1, 0, 0, 884.45, 884.45, 2, 19, 77, 22198, 12559, 215, 16256, 1, '2015-03-01 00:03:46', '2015-03-01 00:03:46', NULL, 0.0, 0.0, 0.0, 410);

INSERT INTO `meeting_individual_results` (`id`, `rank`, `is_play_off`, `is_out_of_race`, `is_disqualified`, `standard_points`, `meeting_individual_points`, `minutes`, `seconds`, `hundreds`, `meeting_program_id`, `swimmer_id`, `team_id`, `badge_id`, `user_id`, `created_at`, `updated_at`, `disqualification_code_type_id`, `goggle_cup_points`, `reaction_time`, `team_points`, `team_affiliation_id`)
  VALUES (192175, 2, 1, 0, 0, 705.67, 705.67, 2, 55, 18, 22198, 7645, 414, 11229, 1, '2015-03-01 00:03:46', '2015-03-01 00:03:46', NULL, 0.0, 0.0, 0.0, 634);

INSERT INTO `meeting_individual_results` (`id`, `rank`, `is_play_off`, `is_out_of_race`, `is_disqualified`, `standard_points`, `meeting_individual_points`, `minutes`, `seconds`, `hundreds`, `meeting_program_id`, `swimmer_id`, `team_id`, `badge_id`, `user_id`, `created_at`, `updated_at`, `disqualification_code_type_id`, `goggle_cup_points`, `reaction_time`, `team_points`, `team_affiliation_id`)
  VALUES (192176, 1, 1, 0, 0, 848.83, 848.83, 2, 29, 37, 22199, 7601, 414, 11191, 1, '2015-03-01 00:03:46', '2015-03-01 00:03:46', NULL, 0.0, 0.0, 0.0, 634);

INSERT INTO `meeting_individual_results` (`id`, `rank`, `is_play_off`, `is_out_of_race`, `is_disqualified`, `standard_points`, `meeting_individual_points`, `minutes`, `seconds`, `hundreds`, `meeting_program_id`, `swimmer_id`, `team_id`, `badge_id`, `user_id`, `created_at`, `updated_at`, `disqualification_code_type_id`, `goggle_cup_points`, `reaction_time`, `team_points`, `team_affiliation_id`)
  VALUES (192177, 2, 1, 0, 0, 721.26, 721.26, 2, 55, 79, 22199, 4706, 284, 8001, 1, '2015-03-01 00:03:46', '2015-03-01 00:03:46', NULL, 0.0, 0.0, 0.0, 481);

INSERT INTO `meeting_individual_results` (`id`, `rank`, `is_play_off`, `is_out_of_race`, `is_disqualified`, `standard_points`, `meeting_individual_points`, `minutes`, `seconds`, `hundreds`, `meeting_program_id`, `swimmer_id`, `team_id`, `badge_id`, `user_id`, `created_at`, `updated_at`, `disqualification_code_type_id`, `goggle_cup_points`, `reaction_time`, `team_points`, `team_affiliation_id`)
  VALUES (192178, 1, 1, 0, 0, 796.91, 796.91, 2, 41, 85, 22200, 2240, 73, 5438, 1, '2015-03-01 00:03:46', '2015-03-01 00:03:46', NULL, 0.0, 0.0, 0.0, 266);

INSERT INTO `meeting_individual_results` (`id`, `rank`, `is_play_off`, `is_out_of_race`, `is_disqualified`, `standard_points`, `meeting_individual_points`, `minutes`, `seconds`, `hundreds`, `meeting_program_id`, `swimmer_id`, `team_id`, `badge_id`, `user_id`, `created_at`, `updated_at`, `disqualification_code_type_id`, `goggle_cup_points`, `reaction_time`, `team_points`, `team_affiliation_id`)
  VALUES (192179, 2, 1, 0, 0, 793.28, 793.28, 2, 42, 59, 22200, 12566, 411, 16362, 1, '2015-03-01 00:03:46', '2015-03-01 00:03:46', NULL, 0.0, 0.0, 0.0, 631);

INSERT INTO `meeting_individual_results` (`id`, `rank`, `is_play_off`, `is_out_of_race`, `is_disqualified`, `standard_points`, `meeting_individual_points`, `minutes`, `seconds`, `hundreds`, `meeting_program_id`, `swimmer_id`, `team_id`, `badge_id`, `user_id`, `created_at`, `updated_at`, `disqualification_code_type_id`, `goggle_cup_points`, `reaction_time`, `team_points`, `team_affiliation_id`)
  VALUES (192180, 1, 1, 0, 0, 902.31, 902.31, 2, 26, 90, 22201, 11504, 358, 15233, 1, '2015-03-01 00:03:46', '2015-03-01 00:03:46', NULL, 0.0, 0.0, 0.0, 575);

INSERT INTO `meeting_individual_results` (`id`, `rank`, `is_play_off`, `is_out_of_race`, `is_disqualified`, `standard_points`, `meeting_individual_points`, `minutes`, `seconds`, `hundreds`, `meeting_program_id`, `swimmer_id`, `team_id`, `badge_id`, `user_id`, `created_at`, `updated_at`, `disqualification_code_type_id`, `goggle_cup_points`, `reaction_time`, `team_points`, `team_affiliation_id`)
  VALUES (192181, 2, 1, 0, 0, 802.7, 802.7, 2, 45, 13, 22201, 6901, 384, 10633, 1, '2015-03-01 00:03:47', '2015-03-01 00:03:47', NULL, 0.0, 0.0, 0.0, 604);

INSERT INTO `meeting_individual_results` (`id`, `rank`, `is_play_off`, `is_out_of_race`, `is_disqualified`, `standard_points`, `meeting_individual_points`, `minutes`, `seconds`, `hundreds`, `meeting_program_id`, `swimmer_id`, `team_id`, `badge_id`, `user_id`, `created_at`, `updated_at`, `disqualification_code_type_id`, `goggle_cup_points`, `reaction_time`, `team_points`, `team_affiliation_id`)
  VALUES (192182, 1, 1, 0, 0, 829.74, 829.74, 2, 46, 22, 22202, 2000, 48, 5184, 1, '2015-03-01 00:03:47', '2015-03-01 00:03:47', NULL, 0.0, 0.0, 0.0, 241);

INSERT INTO `meeting_individual_results` (`id`, `rank`, `is_play_off`, `is_out_of_race`, `is_disqualified`, `standard_points`, `meeting_individual_points`, `minutes`, `seconds`, `hundreds`, `meeting_program_id`, `swimmer_id`, `team_id`, `badge_id`, `user_id`, `created_at`, `updated_at`, `disqualification_code_type_id`, `goggle_cup_points`, `reaction_time`, `team_points`, `team_affiliation_id`)
  VALUES (192183, 2, 1, 0, 0, 543.23, 543.23, 4, 13, 89, 22202, 3711, 223, 6937, 1, '2015-03-01 00:03:47', '2015-03-01 00:03:47', NULL, 0.0, 0.0, 0.0, 418);

INSERT INTO `meeting_individual_results` (`id`, `rank`, `is_play_off`, `is_out_of_race`, `is_disqualified`, `standard_points`, `meeting_individual_points`, `minutes`, `seconds`, `hundreds`, `meeting_program_id`, `swimmer_id`, `team_id`, `badge_id`, `user_id`, `created_at`, `updated_at`, `disqualification_code_type_id`, `goggle_cup_points`, `reaction_time`, `team_points`, `team_affiliation_id`)
  VALUES (192184, 1, 1, 0, 0, 623.67, 623.67, 3, 50, 81, 22203, 8796, 70, 12643, 1, '2015-03-01 00:03:47', '2015-03-01 00:03:47', NULL, 0.0, 0.0, 0.0, 263);

INSERT INTO `meeting_individual_results` (`id`, `rank`, `is_play_off`, `is_out_of_race`, `is_disqualified`, `standard_points`, `meeting_individual_points`, `minutes`, `seconds`, `hundreds`, `meeting_program_id`, `swimmer_id`, `team_id`, `badge_id`, `user_id`, `created_at`, `updated_at`, `disqualification_code_type_id`, `goggle_cup_points`, `reaction_time`, `team_points`, `team_affiliation_id`)
  VALUES (192185, 1, 1, 0, 0, 834.22, 834.22, 3, 0, 54, 22204, 9637, 288, 13368, 1, '2015-03-01 00:03:47', '2015-03-01 00:03:47', NULL, 0.0, 0.0, 0.0, 485);

INSERT INTO `meeting_individual_results` (`id`, `rank`, `is_play_off`, `is_out_of_race`, `is_disqualified`, `standard_points`, `meeting_individual_points`, `minutes`, `seconds`, `hundreds`, `meeting_program_id`, `swimmer_id`, `team_id`, `badge_id`, `user_id`, `created_at`, `updated_at`, `disqualification_code_type_id`, `goggle_cup_points`, `reaction_time`, `team_points`, `team_affiliation_id`)
  VALUES (192186, 1, 1, 0, 0, 0.0, 0.0, 2, 13, 1, 22205, 17121, 413, 20930, 1, '2015-03-01 00:03:47', '2015-03-01 00:03:47', NULL, 0.0, 0.0, 0.0, 633);

INSERT INTO `meeting_individual_results` (`id`, `rank`, `is_play_off`, `is_out_of_race`, `is_disqualified`, `standard_points`, `meeting_individual_points`, `minutes`, `seconds`, `hundreds`, `meeting_program_id`, `swimmer_id`, `team_id`, `badge_id`, `user_id`, `created_at`, `updated_at`, `disqualification_code_type_id`, `goggle_cup_points`, `reaction_time`, `team_points`, `team_affiliation_id`)
  VALUES (192187, 1, 1, 0, 0, 767.38, 767.38, 3, 28, 32, 22206, 7489, 411, 11173, 1, '2015-03-01 00:03:47', '2015-03-01 00:03:47', NULL, 0.0, 0.0, 0.0, 631);

INSERT INTO `meeting_individual_results` (`id`, `rank`, `is_play_off`, `is_out_of_race`, `is_disqualified`, `standard_points`, `meeting_individual_points`, `minutes`, `seconds`, `hundreds`, `meeting_program_id`, `swimmer_id`, `team_id`, `badge_id`, `user_id`, `created_at`, `updated_at`, `disqualification_code_type_id`, `goggle_cup_points`, `reaction_time`, `team_points`, `team_affiliation_id`)
  VALUES (192188, 1, 1, 0, 0, 737.64, 737.64, 3, 40, 27, 22207, 8702, 50, 12493, 1, '2015-03-01 00:03:47', '2015-03-01 00:03:47', NULL, 0.0, 0.0, 0.0, 243);

INSERT INTO `meeting_individual_results` (`id`, `rank`, `is_play_off`, `is_out_of_race`, `is_disqualified`, `standard_points`, `meeting_individual_points`, `minutes`, `seconds`, `hundreds`, `meeting_program_id`, `swimmer_id`, `team_id`, `badge_id`, `user_id`, `created_at`, `updated_at`, `disqualification_code_type_id`, `goggle_cup_points`, `reaction_time`, `team_points`, `team_affiliation_id`)
  VALUES (192189, 2, 1, 0, 0, 687.78, 687.78, 3, 56, 24, 22207, 9456, 394, 13166, 1, '2015-03-01 00:03:47', '2015-03-01 00:03:47', NULL, 0.0, 0.0, 0.0, 614);

INSERT INTO `meeting_individual_results` (`id`, `rank`, `is_play_off`, `is_out_of_race`, `is_disqualified`, `standard_points`, `meeting_individual_points`, `minutes`, `seconds`, `hundreds`, `meeting_program_id`, `swimmer_id`, `team_id`, `badge_id`, `user_id`, `created_at`, `updated_at`, `disqualification_code_type_id`, `goggle_cup_points`, `reaction_time`, `team_points`, `team_affiliation_id`)
  VALUES (192190, 3, 1, 0, 0, 671.9, 671.9, 4, 1, 82, 22207, 9507, 394, 13306, 1, '2015-03-01 00:03:47', '2015-03-01 00:03:47', NULL, 0.0, 0.0, 0.0, 614);

INSERT INTO `meeting_individual_results` (`id`, `rank`, `is_play_off`, `is_out_of_race`, `is_disqualified`, `standard_points`, `meeting_individual_points`, `minutes`, `seconds`, `hundreds`, `meeting_program_id`, `swimmer_id`, `team_id`, `badge_id`, `user_id`, `created_at`, `updated_at`, `disqualification_code_type_id`, `goggle_cup_points`, `reaction_time`, `team_points`, `team_affiliation_id`)
  VALUES (192191, 1, 1, 0, 0, 854.28, 854.28, 3, 25, 19, 22208, 4714, 221, 8009, 1, '2015-03-01 00:03:47', '2015-03-01 00:03:47', NULL, 0.0, 0.0, 0.0, 416);

INSERT INTO `meeting_individual_results` (`id`, `rank`, `is_play_off`, `is_out_of_race`, `is_disqualified`, `standard_points`, `meeting_individual_points`, `minutes`, `seconds`, `hundreds`, `meeting_program_id`, `swimmer_id`, `team_id`, `badge_id`, `user_id`, `created_at`, `updated_at`, `disqualification_code_type_id`, `goggle_cup_points`, `reaction_time`, `team_points`, `team_affiliation_id`)
  VALUES (192192, 2, 1, 0, 0, 830.36, 830.36, 3, 31, 10, 22208, 7605, 411, 11390, 1, '2015-03-01 00:03:47', '2015-03-01 00:03:47', NULL, 0.0, 0.0, 0.0, 631);

INSERT INTO `meeting_individual_results` (`id`, `rank`, `is_play_off`, `is_out_of_race`, `is_disqualified`, `standard_points`, `meeting_individual_points`, `minutes`, `seconds`, `hundreds`, `meeting_program_id`, `swimmer_id`, `team_id`, `badge_id`, `user_id`, `created_at`, `updated_at`, `disqualification_code_type_id`, `goggle_cup_points`, `reaction_time`, `team_points`, `team_affiliation_id`)
  VALUES (192193, 1, 1, 0, 0, 617.27, 617.27, 3, 41, 62, 22209, 17685, 358, 21487, 1, '2015-03-01 00:03:48', '2015-03-01 00:03:48', NULL, 0.0, 0.0, 0.0, 575);

INSERT INTO `meeting_individual_results` (`id`, `rank`, `is_play_off`, `is_out_of_race`, `is_disqualified`, `standard_points`, `meeting_individual_points`, `minutes`, `seconds`, `hundreds`, `meeting_program_id`, `swimmer_id`, `team_id`, `badge_id`, `user_id`, `created_at`, `updated_at`, `disqualification_code_type_id`, `goggle_cup_points`, `reaction_time`, `team_points`, `team_affiliation_id`)
  VALUES (192194, 1, 1, 0, 0, 846.82, 846.82, 2, 44, 77, 22210, 9780, 391, 13456, 1, '2015-03-01 00:03:48', '2015-03-01 00:03:48', NULL, 0.0, 0.0, 0.0, 611);

INSERT INTO `meeting_individual_results` (`id`, `rank`, `is_play_off`, `is_out_of_race`, `is_disqualified`, `standard_points`, `meeting_individual_points`, `minutes`, `seconds`, `hundreds`, `meeting_program_id`, `swimmer_id`, `team_id`, `badge_id`, `user_id`, `created_at`, `updated_at`, `disqualification_code_type_id`, `goggle_cup_points`, `reaction_time`, `team_points`, `team_affiliation_id`)
  VALUES (192195, 2, 1, 0, 0, 778.32, 778.32, 2, 59, 27, 22210, 9529, 221, 13197, 1, '2015-03-01 00:03:48', '2015-03-01 00:03:48', NULL, 0.0, 0.0, 0.0, 416);

INSERT INTO `meeting_individual_results` (`id`, `rank`, `is_play_off`, `is_out_of_race`, `is_disqualified`, `standard_points`, `meeting_individual_points`, `minutes`, `seconds`, `hundreds`, `meeting_program_id`, `swimmer_id`, `team_id`, `badge_id`, `user_id`, `created_at`, `updated_at`, `disqualification_code_type_id`, `goggle_cup_points`, `reaction_time`, `team_points`, `team_affiliation_id`)
  VALUES (192196, 1, 1, 0, 0, 705.98, 705.98, 3, 20, 63, 22211, 12546, 288, 16267, 1, '2015-03-01 00:03:48', '2015-03-01 00:03:48', NULL, 0.0, 0.0, 0.0, 485);

INSERT INTO `meeting_individual_results` (`id`, `rank`, `is_play_off`, `is_out_of_race`, `is_disqualified`, `standard_points`, `meeting_individual_points`, `minutes`, `seconds`, `hundreds`, `meeting_program_id`, `swimmer_id`, `team_id`, `badge_id`, `user_id`, `created_at`, `updated_at`, `disqualification_code_type_id`, `goggle_cup_points`, `reaction_time`, `team_points`, `team_affiliation_id`)
  VALUES (192197, 2, 1, 0, 0, 698.87, 698.87, 3, 22, 67, 22211, 6839, 384, 10587, 1, '2015-03-01 00:03:48', '2015-03-01 00:03:48', NULL, 0.0, 0.0, 0.0, 604);

INSERT INTO `meeting_individual_results` (`id`, `rank`, `is_play_off`, `is_out_of_race`, `is_disqualified`, `standard_points`, `meeting_individual_points`, `minutes`, `seconds`, `hundreds`, `meeting_program_id`, `swimmer_id`, `team_id`, `badge_id`, `user_id`, `created_at`, `updated_at`, `disqualification_code_type_id`, `goggle_cup_points`, `reaction_time`, `team_points`, `team_affiliation_id`)
  VALUES (192198, 3, 1, 0, 0, 695.68, 695.68, 3, 23, 60, 22211, 4790, 221, 8085, 1, '2015-03-01 00:03:48', '2015-03-01 00:03:48', NULL, 0.0, 0.0, 0.0, 416);

INSERT INTO `meeting_individual_results` (`id`, `rank`, `is_play_off`, `is_out_of_race`, `is_disqualified`, `standard_points`, `meeting_individual_points`, `minutes`, `seconds`, `hundreds`, `meeting_program_id`, `swimmer_id`, `team_id`, `badge_id`, `user_id`, `created_at`, `updated_at`, `disqualification_code_type_id`, `goggle_cup_points`, `reaction_time`, `team_points`, `team_affiliation_id`)
  VALUES (192199, 4, 1, 0, 0, 601.14, 601.14, 3, 55, 62, 22211, 14731, 499, 18614, 1, '2015-03-01 00:03:48', '2015-03-01 00:03:48', NULL, 0.0, 0.0, 0.0, 719);

INSERT INTO `meeting_individual_results` (`id`, `rank`, `is_play_off`, `is_out_of_race`, `is_disqualified`, `standard_points`, `meeting_individual_points`, `minutes`, `seconds`, `hundreds`, `meeting_program_id`, `swimmer_id`, `team_id`, `badge_id`, `user_id`, `created_at`, `updated_at`, `disqualification_code_type_id`, `goggle_cup_points`, `reaction_time`, `team_points`, `team_affiliation_id`)
  VALUES (192200, 1, 1, 0, 0, 886.24, 886.24, 2, 46, 23, 22212, 9570, 394, 13201, 1, '2015-03-01 00:03:48', '2015-03-01 00:03:48', NULL, 0.0, 0.0, 0.0, 614);

INSERT INTO `meeting_individual_results` (`id`, `rank`, `is_play_off`, `is_out_of_race`, `is_disqualified`, `standard_points`, `meeting_individual_points`, `minutes`, `seconds`, `hundreds`, `meeting_program_id`, `swimmer_id`, `team_id`, `badge_id`, `user_id`, `created_at`, `updated_at`, `disqualification_code_type_id`, `goggle_cup_points`, `reaction_time`, `team_points`, `team_affiliation_id`)
  VALUES (192201, 2, 1, 0, 0, 850.63, 850.63, 2, 53, 19, 22212, 3701, 225, 6927, 1, '2015-03-01 00:03:48', '2015-03-01 00:03:48', NULL, 0.0, 0.0, 0.0, 420);

INSERT INTO `meeting_individual_results` (`id`, `rank`, `is_play_off`, `is_out_of_race`, `is_disqualified`, `standard_points`, `meeting_individual_points`, `minutes`, `seconds`, `hundreds`, `meeting_program_id`, `swimmer_id`, `team_id`, `badge_id`, `user_id`, `created_at`, `updated_at`, `disqualification_code_type_id`, `goggle_cup_points`, `reaction_time`, `team_points`, `team_affiliation_id`)
  VALUES (192202, 3, 1, 0, 0, 698.76, 698.76, 3, 30, 83, 22212, 7574, 288, 11335, 1, '2015-03-01 00:03:48', '2015-03-01 00:03:48', NULL, 0.0, 0.0, 0.0, 485);

INSERT INTO `meeting_individual_results` (`id`, `rank`, `is_play_off`, `is_out_of_race`, `is_disqualified`, `standard_points`, `meeting_individual_points`, `minutes`, `seconds`, `hundreds`, `meeting_program_id`, `swimmer_id`, `team_id`, `badge_id`, `user_id`, `created_at`, `updated_at`, `disqualification_code_type_id`, `goggle_cup_points`, `reaction_time`, `team_points`, `team_affiliation_id`)
  VALUES (192203, 4, 1, 0, 0, 666.21, 666.21, 3, 41, 13, 22212, 4193, 70, 7488, 1, '2015-03-01 00:03:49', '2015-03-01 00:03:49', NULL, 0.0, 0.0, 0.0, 263);

INSERT INTO `meeting_individual_results` (`id`, `rank`, `is_play_off`, `is_out_of_race`, `is_disqualified`, `standard_points`, `meeting_individual_points`, `minutes`, `seconds`, `hundreds`, `meeting_program_id`, `swimmer_id`, `team_id`, `badge_id`, `user_id`, `created_at`, `updated_at`, `disqualification_code_type_id`, `goggle_cup_points`, `reaction_time`, `team_points`, `team_affiliation_id`)
  VALUES (192204, 1, 1, 0, 0, 597.57, 597.57, 4, 17, 96, 22213, 7556, 288, 11198, 1, '2015-03-01 00:03:49', '2015-03-01 00:03:49', NULL, 0.0, 0.0, 0.0, 485);

INSERT INTO `meeting_individual_results` (`id`, `rank`, `is_play_off`, `is_out_of_race`, `is_disqualified`, `standard_points`, `meeting_individual_points`, `minutes`, `seconds`, `hundreds`, `meeting_program_id`, `swimmer_id`, `team_id`, `badge_id`, `user_id`, `created_at`, `updated_at`, `disqualification_code_type_id`, `goggle_cup_points`, `reaction_time`, `team_points`, `team_affiliation_id`)
  VALUES (192205, 1, 1, 0, 0, 930.03, 930.03, 2, 51, 49, 22214, 2015, 78, 5201, 1, '2015-03-01 00:03:49', '2015-03-01 00:03:49', NULL, 0.0, 0.0, 0.0, 271);

INSERT INTO `meeting_individual_results` (`id`, `rank`, `is_play_off`, `is_out_of_race`, `is_disqualified`, `standard_points`, `meeting_individual_points`, `minutes`, `seconds`, `hundreds`, `meeting_program_id`, `swimmer_id`, `team_id`, `badge_id`, `user_id`, `created_at`, `updated_at`, `disqualification_code_type_id`, `goggle_cup_points`, `reaction_time`, `team_points`, `team_affiliation_id`)
  VALUES (192206, 2, 1, 0, 0, 678.07, 678.07, 3, 55, 21, 22214, 8796, 70, 12643, 1, '2015-03-01 00:03:49', '2015-03-01 00:03:49', NULL, 0.0, 0.0, 0.0, 263);

INSERT INTO `meeting_individual_results` (`id`, `rank`, `is_play_off`, `is_out_of_race`, `is_disqualified`, `standard_points`, `meeting_individual_points`, `minutes`, `seconds`, `hundreds`, `meeting_program_id`, `swimmer_id`, `team_id`, `badge_id`, `user_id`, `created_at`, `updated_at`, `disqualification_code_type_id`, `goggle_cup_points`, `reaction_time`, `team_points`, `team_affiliation_id`)
  VALUES (192207, 1, 1, 0, 0, 851.53, 851.53, 2, 26, 76, 22215, 3723, 221, 6949, 1, '2015-03-01 00:03:49', '2015-03-01 00:03:49', NULL, 0.0, 0.0, 0.0, 416);

INSERT INTO `meeting_individual_results` (`id`, `rank`, `is_play_off`, `is_out_of_race`, `is_disqualified`, `standard_points`, `meeting_individual_points`, `minutes`, `seconds`, `hundreds`, `meeting_program_id`, `swimmer_id`, `team_id`, `badge_id`, `user_id`, `created_at`, `updated_at`, `disqualification_code_type_id`, `goggle_cup_points`, `reaction_time`, `team_points`, `team_affiliation_id`)
  VALUES (192208, 2, 1, 0, 0, 783.95, 783.95, 2, 39, 41, 22215, 7702, 215, 11208, 1, '2015-03-01 00:03:49', '2015-03-01 00:03:49', NULL, 0.0, 0.0, 0.0, 410);

INSERT INTO `meeting_individual_results` (`id`, `rank`, `is_play_off`, `is_out_of_race`, `is_disqualified`, `standard_points`, `meeting_individual_points`, `minutes`, `seconds`, `hundreds`, `meeting_program_id`, `swimmer_id`, `team_id`, `badge_id`, `user_id`, `created_at`, `updated_at`, `disqualification_code_type_id`, `goggle_cup_points`, `reaction_time`, `team_points`, `team_affiliation_id`)
  VALUES (192209, 3, 1, 0, 0, 739.86, 739.86, 2, 48, 91, 22215, 4701, 105, 7996, 1, '2015-03-01 00:03:49', '2015-03-01 00:03:49', NULL, 0.0, 0.0, 0.0, 298);

INSERT INTO `meeting_individual_results` (`id`, `rank`, `is_play_off`, `is_out_of_race`, `is_disqualified`, `standard_points`, `meeting_individual_points`, `minutes`, `seconds`, `hundreds`, `meeting_program_id`, `swimmer_id`, `team_id`, `badge_id`, `user_id`, `created_at`, `updated_at`, `disqualification_code_type_id`, `goggle_cup_points`, `reaction_time`, `team_points`, `team_affiliation_id`)
  VALUES (192210, 1, 1, 0, 0, 873.31, 873.31, 2, 24, 37, 22216, 1881, 48, 5061, 1, '2015-03-01 00:03:49', '2015-03-01 00:03:49', NULL, 0.0, 0.0, 0.0, 241);

INSERT INTO `meeting_individual_results` (`id`, `rank`, `is_play_off`, `is_out_of_race`, `is_disqualified`, `standard_points`, `meeting_individual_points`, `minutes`, `seconds`, `hundreds`, `meeting_program_id`, `swimmer_id`, `team_id`, `badge_id`, `user_id`, `created_at`, `updated_at`, `disqualification_code_type_id`, `goggle_cup_points`, `reaction_time`, `team_points`, `team_affiliation_id`)
  VALUES (192211, 2, 1, 0, 0, 714.25, 714.25, 2, 56, 52, 22216, 12528, 414, 16342, 1, '2015-03-01 00:03:49', '2015-03-01 00:03:49', NULL, 0.0, 0.0, 0.0, 634);

INSERT INTO `meeting_individual_results` (`id`, `rank`, `is_play_off`, `is_out_of_race`, `is_disqualified`, `standard_points`, `meeting_individual_points`, `minutes`, `seconds`, `hundreds`, `meeting_program_id`, `swimmer_id`, `team_id`, `badge_id`, `user_id`, `created_at`, `updated_at`, `disqualification_code_type_id`, `goggle_cup_points`, `reaction_time`, `team_points`, `team_affiliation_id`)
  VALUES (192212, 3, 1, 0, 0, 635.93, 635.93, 3, 18, 26, 22216, 9467, 221, 13233, 1, '2015-03-01 00:03:49', '2015-03-01 00:03:49', NULL, 0.0, 0.0, 0.0, 416);

INSERT INTO `meeting_individual_results` (`id`, `rank`, `is_play_off`, `is_out_of_race`, `is_disqualified`, `standard_points`, `meeting_individual_points`, `minutes`, `seconds`, `hundreds`, `meeting_program_id`, `swimmer_id`, `team_id`, `badge_id`, `user_id`, `created_at`, `updated_at`, `disqualification_code_type_id`, `goggle_cup_points`, `reaction_time`, `team_points`, `team_affiliation_id`)
  VALUES (192213, 1, 1, 0, 0, 807.48, 807.48, 2, 36, 71, 22217, 7673, 288, 11213, 1, '2015-03-01 00:03:50', '2015-03-01 00:03:50', NULL, 0.0, 0.0, 0.0, 485);

INSERT INTO `meeting_individual_results` (`id`, `rank`, `is_play_off`, `is_out_of_race`, `is_disqualified`, `standard_points`, `meeting_individual_points`, `minutes`, `seconds`, `hundreds`, `meeting_program_id`, `swimmer_id`, `team_id`, `badge_id`, `user_id`, `created_at`, `updated_at`, `disqualification_code_type_id`, `goggle_cup_points`, `reaction_time`, `team_points`, `team_affiliation_id`)
  VALUES (192214, 2, 1, 0, 0, 689.29, 689.29, 3, 3, 58, 22217, 7494, 215, 11214, 1, '2015-03-01 00:03:50', '2015-03-01 00:03:50', NULL, 0.0, 0.0, 0.0, 410);

INSERT INTO `meeting_individual_results` (`id`, `rank`, `is_play_off`, `is_out_of_race`, `is_disqualified`, `standard_points`, `meeting_individual_points`, `minutes`, `seconds`, `hundreds`, `meeting_program_id`, `swimmer_id`, `team_id`, `badge_id`, `user_id`, `created_at`, `updated_at`, `disqualification_code_type_id`, `goggle_cup_points`, `reaction_time`, `team_points`, `team_affiliation_id`)
  VALUES (192215, 1, 1, 0, 0, 823.87, 823.87, 2, 36, 76, 22218, 16003, 78, 19716, 1, '2015-03-01 00:03:50', '2015-03-01 00:03:50', NULL, 0.0, 0.0, 0.0, 271);

INSERT INTO `meeting_individual_results` (`id`, `rank`, `is_play_off`, `is_out_of_race`, `is_disqualified`, `standard_points`, `meeting_individual_points`, `minutes`, `seconds`, `hundreds`, `meeting_program_id`, `swimmer_id`, `team_id`, `badge_id`, `user_id`, `created_at`, `updated_at`, `disqualification_code_type_id`, `goggle_cup_points`, `reaction_time`, `team_points`, `team_affiliation_id`)
  VALUES (192216, 2, 1, 0, 1, 0.0, 0.0, 0, 0, 0, 22218, 9507, 394, 13306, 1, '2015-03-01 00:03:50', '2015-03-01 00:03:50', 11, 0.0, 0.0, 0.0, 614);

INSERT INTO `meeting_individual_results` (`id`, `rank`, `is_play_off`, `is_out_of_race`, `is_disqualified`, `standard_points`, `meeting_individual_points`, `minutes`, `seconds`, `hundreds`, `meeting_program_id`, `swimmer_id`, `team_id`, `badge_id`, `user_id`, `created_at`, `updated_at`, `disqualification_code_type_id`, `goggle_cup_points`, `reaction_time`, `team_points`, `team_affiliation_id`)
  VALUES (192217, 1, 1, 0, 0, 930.98, 930.98, 2, 22, 14, 22219, 3683, 221, 6906, 1, '2015-03-01 00:03:50', '2015-03-01 00:03:50', NULL, 0.0, 0.0, 0.0, 416);

INSERT INTO `meeting_individual_results` (`id`, `rank`, `is_play_off`, `is_out_of_race`, `is_disqualified`, `standard_points`, `meeting_individual_points`, `minutes`, `seconds`, `hundreds`, `meeting_program_id`, `swimmer_id`, `team_id`, `badge_id`, `user_id`, `created_at`, `updated_at`, `disqualification_code_type_id`, `goggle_cup_points`, `reaction_time`, `team_points`, `team_affiliation_id`)
  VALUES (192218, 2, 1, 0, 0, 795.54, 795.54, 2, 46, 34, 22219, 4727, 215, 8022, 1, '2015-03-01 00:03:50', '2015-03-01 00:03:50', NULL, 0.0, 0.0, 0.0, 410);

INSERT INTO `meeting_individual_results` (`id`, `rank`, `is_play_off`, `is_out_of_race`, `is_disqualified`, `standard_points`, `meeting_individual_points`, `minutes`, `seconds`, `hundreds`, `meeting_program_id`, `swimmer_id`, `team_id`, `badge_id`, `user_id`, `created_at`, `updated_at`, `disqualification_code_type_id`, `goggle_cup_points`, `reaction_time`, `team_points`, `team_affiliation_id`)
  VALUES (192219, 3, 1, 0, 0, 691.63, 691.63, 3, 11, 33, 22219, 4763, 105, 8058, 1, '2015-03-01 00:03:50', '2015-03-01 00:03:50', NULL, 0.0, 0.0, 0.0, 298);

INSERT INTO `meeting_individual_results` (`id`, `rank`, `is_play_off`, `is_out_of_race`, `is_disqualified`, `standard_points`, `meeting_individual_points`, `minutes`, `seconds`, `hundreds`, `meeting_program_id`, `swimmer_id`, `team_id`, `badge_id`, `user_id`, `created_at`, `updated_at`, `disqualification_code_type_id`, `goggle_cup_points`, `reaction_time`, `team_points`, `team_affiliation_id`)
  VALUES (192220, 4, 1, 0, 0, 679.42, 679.42, 3, 14, 77, 22219, 7550, 48, 11299, 1, '2015-03-01 00:03:50', '2015-03-01 00:03:50', NULL, 0.0, 0.0, 0.0, 241);

INSERT INTO `meeting_individual_results` (`id`, `rank`, `is_play_off`, `is_out_of_race`, `is_disqualified`, `standard_points`, `meeting_individual_points`, `minutes`, `seconds`, `hundreds`, `meeting_program_id`, `swimmer_id`, `team_id`, `badge_id`, `user_id`, `created_at`, `updated_at`, `disqualification_code_type_id`, `goggle_cup_points`, `reaction_time`, `team_points`, `team_affiliation_id`)
  VALUES (192221, 1, 1, 0, 0, 873.2, 873.2, 2, 35, 44, 22220, 12577, 384, 16251, 1, '2015-03-01 00:03:50', '2015-03-01 00:03:50', NULL, 0.0, 0.0, 0.0, 604);

INSERT INTO `meeting_individual_results` (`id`, `rank`, `is_play_off`, `is_out_of_race`, `is_disqualified`, `standard_points`, `meeting_individual_points`, `minutes`, `seconds`, `hundreds`, `meeting_program_id`, `swimmer_id`, `team_id`, `badge_id`, `user_id`, `created_at`, `updated_at`, `disqualification_code_type_id`, `goggle_cup_points`, `reaction_time`, `team_points`, `team_affiliation_id`)
  VALUES (192222, 2, 1, 0, 0, 615.22, 615.22, 3, 40, 62, 22220, 2455, 109, 5655, 1, '2015-03-01 00:03:50', '2015-03-01 00:03:50', NULL, 0.0, 0.0, 0.0, 302);

INSERT INTO `meeting_individual_results` (`id`, `rank`, `is_play_off`, `is_out_of_race`, `is_disqualified`, `standard_points`, `meeting_individual_points`, `minutes`, `seconds`, `hundreds`, `meeting_program_id`, `swimmer_id`, `team_id`, `badge_id`, `user_id`, `created_at`, `updated_at`, `disqualification_code_type_id`, `goggle_cup_points`, `reaction_time`, `team_points`, `team_affiliation_id`)
  VALUES (192223, 3, 1, 0, 0, 578.12, 578.12, 3, 54, 78, 22220, 12595, 411, 16334, 1, '2015-03-01 00:03:51', '2015-03-01 00:03:51', NULL, 0.0, 0.0, 0.0, 631);

INSERT INTO `meeting_individual_results` (`id`, `rank`, `is_play_off`, `is_out_of_race`, `is_disqualified`, `standard_points`, `meeting_individual_points`, `minutes`, `seconds`, `hundreds`, `meeting_program_id`, `swimmer_id`, `team_id`, `badge_id`, `user_id`, `created_at`, `updated_at`, `disqualification_code_type_id`, `goggle_cup_points`, `reaction_time`, `team_points`, `team_affiliation_id`)
  VALUES (192224, 1, 1, 0, 0, 882.62, 882.62, 2, 44, 59, 22221, 1907, 54, 5088, 1, '2015-03-01 00:03:51', '2015-03-01 00:03:51', NULL, 0.0, 0.0, 0.0, 247);

INSERT INTO `meeting_individual_results` (`id`, `rank`, `is_play_off`, `is_out_of_race`, `is_disqualified`, `standard_points`, `meeting_individual_points`, `minutes`, `seconds`, `hundreds`, `meeting_program_id`, `swimmer_id`, `team_id`, `badge_id`, `user_id`, `created_at`, `updated_at`, `disqualification_code_type_id`, `goggle_cup_points`, `reaction_time`, `team_points`, `team_affiliation_id`)
  VALUES (192225, 2, 1, 0, 0, 608.31, 608.31, 3, 58, 81, 22221, 3688, 221, 6911, 1, '2015-03-01 00:03:51', '2015-03-01 00:03:51', NULL, 0.0, 0.0, 0.0, 416);

INSERT INTO `meeting_individual_results` (`id`, `rank`, `is_play_off`, `is_out_of_race`, `is_disqualified`, `standard_points`, `meeting_individual_points`, `minutes`, `seconds`, `hundreds`, `meeting_program_id`, `swimmer_id`, `team_id`, `badge_id`, `user_id`, `created_at`, `updated_at`, `disqualification_code_type_id`, `goggle_cup_points`, `reaction_time`, `team_points`, `team_affiliation_id`)
  VALUES (192226, 3, 1, 0, 0, 430.61, 430.61, 5, 37, 36, 22221, 7496, 288, 11304, 1, '2015-03-01 00:03:51', '2015-03-01 00:03:51', NULL, 0.0, 0.0, 0.0, 485);

INSERT INTO `meeting_individual_results` (`id`, `rank`, `is_play_off`, `is_out_of_race`, `is_disqualified`, `standard_points`, `meeting_individual_points`, `minutes`, `seconds`, `hundreds`, `meeting_program_id`, `swimmer_id`, `team_id`, `badge_id`, `user_id`, `created_at`, `updated_at`, `disqualification_code_type_id`, `goggle_cup_points`, `reaction_time`, `team_points`, `team_affiliation_id`)
  VALUES (192227, 1, 1, 0, 0, 600.5, 600.5, 4, 56, 72, 22222, 4755, 279, 8050, 1, '2015-03-01 00:03:51', '2015-03-01 00:03:51', NULL, 0.0, 0.0, 0.0, 476);

INSERT INTO `meeting_individual_results` (`id`, `rank`, `is_play_off`, `is_out_of_race`, `is_disqualified`, `standard_points`, `meeting_individual_points`, `minutes`, `seconds`, `hundreds`, `meeting_program_id`, `swimmer_id`, `team_id`, `badge_id`, `user_id`, `created_at`, `updated_at`, `disqualification_code_type_id`, `goggle_cup_points`, `reaction_time`, `team_points`, `team_affiliation_id`)
  VALUES (192228, 1, 1, 0, 0, 894.79, 894.79, 2, 4, 23, 22223, 12720, 109, 16468, 1, '2015-03-01 00:03:51', '2015-03-01 00:03:51', NULL, 0.0, 0.0, 0.0, 302);

INSERT INTO `meeting_individual_results` (`id`, `rank`, `is_play_off`, `is_out_of_race`, `is_disqualified`, `standard_points`, `meeting_individual_points`, `minutes`, `seconds`, `hundreds`, `meeting_program_id`, `swimmer_id`, `team_id`, `badge_id`, `user_id`, `created_at`, `updated_at`, `disqualification_code_type_id`, `goggle_cup_points`, `reaction_time`, `team_points`, `team_affiliation_id`)
  VALUES (192229, 2, 1, 0, 0, 844.94, 844.94, 2, 11, 56, 22223, 9618, 413, 13386, 1, '2015-03-01 00:03:51', '2015-03-01 00:03:51', NULL, 0.0, 0.0, 0.0, 633);

INSERT INTO `meeting_individual_results` (`id`, `rank`, `is_play_off`, `is_out_of_race`, `is_disqualified`, `standard_points`, `meeting_individual_points`, `minutes`, `seconds`, `hundreds`, `meeting_program_id`, `swimmer_id`, `team_id`, `badge_id`, `user_id`, `created_at`, `updated_at`, `disqualification_code_type_id`, `goggle_cup_points`, `reaction_time`, `team_points`, `team_affiliation_id`)
  VALUES (192230, 3, 1, 0, 0, 769.86, 769.86, 2, 24, 39, 22223, 12488, 288, 16288, 1, '2015-03-01 00:03:51', '2015-03-01 00:03:51', NULL, 0.0, 0.0, 0.0, 485);

INSERT INTO `meeting_individual_results` (`id`, `rank`, `is_play_off`, `is_out_of_race`, `is_disqualified`, `standard_points`, `meeting_individual_points`, `minutes`, `seconds`, `hundreds`, `meeting_program_id`, `swimmer_id`, `team_id`, `badge_id`, `user_id`, `created_at`, `updated_at`, `disqualification_code_type_id`, `goggle_cup_points`, `reaction_time`, `team_points`, `team_affiliation_id`)
  VALUES (192231, 1, 1, 0, 0, 830.07, 830.07, 2, 13, 88, 22224, 4731, 221, 8026, 1, '2015-03-01 00:03:51', '2015-03-01 00:03:51', NULL, 0.0, 0.0, 0.0, 416);

INSERT INTO `meeting_individual_results` (`id`, `rank`, `is_play_off`, `is_out_of_race`, `is_disqualified`, `standard_points`, `meeting_individual_points`, `minutes`, `seconds`, `hundreds`, `meeting_program_id`, `swimmer_id`, `team_id`, `badge_id`, `user_id`, `created_at`, `updated_at`, `disqualification_code_type_id`, `goggle_cup_points`, `reaction_time`, `team_points`, `team_affiliation_id`)
  VALUES (192232, 2, 1, 0, 0, 823.37, 823.37, 2, 14, 97, 22224, 12484, 221, 16259, 1, '2015-03-01 00:03:51', '2015-03-01 00:03:51', NULL, 0.0, 0.0, 0.0, 416);

INSERT INTO `meeting_individual_results` (`id`, `rank`, `is_play_off`, `is_out_of_race`, `is_disqualified`, `standard_points`, `meeting_individual_points`, `minutes`, `seconds`, `hundreds`, `meeting_program_id`, `swimmer_id`, `team_id`, `badge_id`, `user_id`, `created_at`, `updated_at`, `disqualification_code_type_id`, `goggle_cup_points`, `reaction_time`, `team_points`, `team_affiliation_id`)
  VALUES (192233, 1, 1, 0, 0, 864.39, 864.39, 2, 11, 4, 22225, 12592, 221, 16297, 1, '2015-03-01 00:03:51', '2015-03-01 00:03:51', NULL, 0.0, 0.0, 0.0, 416);

INSERT INTO `meeting_individual_results` (`id`, `rank`, `is_play_off`, `is_out_of_race`, `is_disqualified`, `standard_points`, `meeting_individual_points`, `minutes`, `seconds`, `hundreds`, `meeting_program_id`, `swimmer_id`, `team_id`, `badge_id`, `user_id`, `created_at`, `updated_at`, `disqualification_code_type_id`, `goggle_cup_points`, `reaction_time`, `team_points`, `team_affiliation_id`)
  VALUES (192234, 2, 1, 0, 0, 855.84, 855.84, 2, 12, 35, 22225, 2189, 105, 5385, 1, '2015-03-01 00:03:52', '2015-03-01 00:03:52', NULL, 0.0, 0.0, 0.0, 298);

INSERT INTO `meeting_individual_results` (`id`, `rank`, `is_play_off`, `is_out_of_race`, `is_disqualified`, `standard_points`, `meeting_individual_points`, `minutes`, `seconds`, `hundreds`, `meeting_program_id`, `swimmer_id`, `team_id`, `badge_id`, `user_id`, `created_at`, `updated_at`, `disqualification_code_type_id`, `goggle_cup_points`, `reaction_time`, `team_points`, `team_affiliation_id`)
  VALUES (192235, 3, 1, 0, 0, 819.79, 819.79, 2, 18, 17, 22225, 9648, 287, 13362, 1, '2015-03-01 00:03:52', '2015-03-01 00:03:52', NULL, 0.0, 0.0, 0.0, 484);

INSERT INTO `meeting_individual_results` (`id`, `rank`, `is_play_off`, `is_out_of_race`, `is_disqualified`, `standard_points`, `meeting_individual_points`, `minutes`, `seconds`, `hundreds`, `meeting_program_id`, `swimmer_id`, `team_id`, `badge_id`, `user_id`, `created_at`, `updated_at`, `disqualification_code_type_id`, `goggle_cup_points`, `reaction_time`, `team_points`, `team_affiliation_id`)
  VALUES (192236, 4, 1, 0, 0, 801.68, 801.68, 2, 21, 29, 22225, 9447, 394, 13251, 1, '2015-03-01 00:03:52', '2015-03-01 00:03:52', NULL, 0.0, 0.0, 0.0, 614);

INSERT INTO `meeting_individual_results` (`id`, `rank`, `is_play_off`, `is_out_of_race`, `is_disqualified`, `standard_points`, `meeting_individual_points`, `minutes`, `seconds`, `hundreds`, `meeting_program_id`, `swimmer_id`, `team_id`, `badge_id`, `user_id`, `created_at`, `updated_at`, `disqualification_code_type_id`, `goggle_cup_points`, `reaction_time`, `team_points`, `team_affiliation_id`)
  VALUES (192237, 5, 1, 0, 0, 789.72, 789.72, 2, 23, 43, 22225, 9449, 216, 13293, 1, '2015-03-01 00:03:52', '2015-03-01 00:03:52', NULL, 0.0, 0.0, 0.0, 411);

INSERT INTO `meeting_individual_results` (`id`, `rank`, `is_play_off`, `is_out_of_race`, `is_disqualified`, `standard_points`, `meeting_individual_points`, `minutes`, `seconds`, `hundreds`, `meeting_program_id`, `swimmer_id`, `team_id`, `badge_id`, `user_id`, `created_at`, `updated_at`, `disqualification_code_type_id`, `goggle_cup_points`, `reaction_time`, `team_points`, `team_affiliation_id`)
  VALUES (192238, 6, 1, 0, 0, 700.62, 700.62, 2, 41, 67, 22225, 4737, 216, 8032, 1, '2015-03-01 00:03:52', '2015-03-01 00:03:52', NULL, 0.0, 0.0, 0.0, 411);

INSERT INTO `meeting_individual_results` (`id`, `rank`, `is_play_off`, `is_out_of_race`, `is_disqualified`, `standard_points`, `meeting_individual_points`, `minutes`, `seconds`, `hundreds`, `meeting_program_id`, `swimmer_id`, `team_id`, `badge_id`, `user_id`, `created_at`, `updated_at`, `disqualification_code_type_id`, `goggle_cup_points`, `reaction_time`, `team_points`, `team_affiliation_id`)
  VALUES (192239, 1, 1, 0, 0, 834.72, 834.72, 2, 17, 77, 22226, 3696, 78, 6922, 1, '2015-03-01 00:03:52', '2015-03-01 00:03:52', NULL, 0.0, 0.0, 0.0, 271);

INSERT INTO `meeting_individual_results` (`id`, `rank`, `is_play_off`, `is_out_of_race`, `is_disqualified`, `standard_points`, `meeting_individual_points`, `minutes`, `seconds`, `hundreds`, `meeting_program_id`, `swimmer_id`, `team_id`, `badge_id`, `user_id`, `created_at`, `updated_at`, `disqualification_code_type_id`, `goggle_cup_points`, `reaction_time`, `team_points`, `team_affiliation_id`)
  VALUES (192240, 2, 1, 0, 0, 820.49, 820.49, 2, 20, 16, 22226, 9597, 221, 13254, 1, '2015-03-01 00:03:52', '2015-03-01 00:03:52', NULL, 0.0, 0.0, 0.0, 416);

INSERT INTO `meeting_individual_results` (`id`, `rank`, `is_play_off`, `is_out_of_race`, `is_disqualified`, `standard_points`, `meeting_individual_points`, `minutes`, `seconds`, `hundreds`, `meeting_program_id`, `swimmer_id`, `team_id`, `badge_id`, `user_id`, `created_at`, `updated_at`, `disqualification_code_type_id`, `goggle_cup_points`, `reaction_time`, `team_points`, `team_affiliation_id`)
  VALUES (192241, 3, 1, 0, 0, 806.9, 806.9, 2, 22, 52, 22226, 17691, 718, 21492, 1, '2015-03-01 00:03:52', '2015-03-01 00:03:52', NULL, 0.0, 0.0, 0.0, 938);

INSERT INTO `meeting_individual_results` (`id`, `rank`, `is_play_off`, `is_out_of_race`, `is_disqualified`, `standard_points`, `meeting_individual_points`, `minutes`, `seconds`, `hundreds`, `meeting_program_id`, `swimmer_id`, `team_id`, `badge_id`, `user_id`, `created_at`, `updated_at`, `disqualification_code_type_id`, `goggle_cup_points`, `reaction_time`, `team_points`, `team_affiliation_id`)
  VALUES (192242, 4, 1, 0, 0, 793.16, 793.16, 2, 24, 99, 22226, 8685, 466, 12362, 1, '2015-03-01 00:03:52', '2015-03-01 00:03:52', NULL, 0.0, 0.0, 0.0, 686);

INSERT INTO `meeting_individual_results` (`id`, `rank`, `is_play_off`, `is_out_of_race`, `is_disqualified`, `standard_points`, `meeting_individual_points`, `minutes`, `seconds`, `hundreds`, `meeting_program_id`, `swimmer_id`, `team_id`, `badge_id`, `user_id`, `created_at`, `updated_at`, `disqualification_code_type_id`, `goggle_cup_points`, `reaction_time`, `team_points`, `team_affiliation_id`)
  VALUES (192243, 5, 1, 0, 0, 721.64, 721.64, 2, 39, 36, 22226, 6824, 384, 10663, 1, '2015-03-01 00:03:52', '2015-03-01 00:03:52', NULL, 0.0, 0.0, 0.0, 604);

INSERT INTO `meeting_individual_results` (`id`, `rank`, `is_play_off`, `is_out_of_race`, `is_disqualified`, `standard_points`, `meeting_individual_points`, `minutes`, `seconds`, `hundreds`, `meeting_program_id`, `swimmer_id`, `team_id`, `badge_id`, `user_id`, `created_at`, `updated_at`, `disqualification_code_type_id`, `goggle_cup_points`, `reaction_time`, `team_points`, `team_affiliation_id`)
  VALUES (192244, 1, 1, 0, 0, 875.4, 875.4, 2, 13, 87, 22227, 3702, 221, 6928, 1, '2015-03-01 00:03:52', '2015-03-01 00:03:52', NULL, 0.0, 0.0, 0.0, 416);

INSERT INTO `meeting_individual_results` (`id`, `rank`, `is_play_off`, `is_out_of_race`, `is_disqualified`, `standard_points`, `meeting_individual_points`, `minutes`, `seconds`, `hundreds`, `meeting_program_id`, `swimmer_id`, `team_id`, `badge_id`, `user_id`, `created_at`, `updated_at`, `disqualification_code_type_id`, `goggle_cup_points`, `reaction_time`, `team_points`, `team_affiliation_id`)
  VALUES (192245, 2, 1, 0, 0, 830.66, 830.66, 2, 21, 8, 22227, 5715, 325, 9501, 1, '2015-03-01 00:03:53', '2015-03-01 00:03:53', NULL, 0.0, 0.0, 0.0, 542);

INSERT INTO `meeting_individual_results` (`id`, `rank`, `is_play_off`, `is_out_of_race`, `is_disqualified`, `standard_points`, `meeting_individual_points`, `minutes`, `seconds`, `hundreds`, `meeting_program_id`, `swimmer_id`, `team_id`, `badge_id`, `user_id`, `created_at`, `updated_at`, `disqualification_code_type_id`, `goggle_cup_points`, `reaction_time`, `team_points`, `team_affiliation_id`)
  VALUES (192246, 3, 1, 0, 0, 828.37, 828.37, 2, 21, 47, 22227, 9644, 414, 13399, 1, '2015-03-01 00:03:53', '2015-03-01 00:03:53', NULL, 0.0, 0.0, 0.0, 634);

INSERT INTO `meeting_individual_results` (`id`, `rank`, `is_play_off`, `is_out_of_race`, `is_disqualified`, `standard_points`, `meeting_individual_points`, `minutes`, `seconds`, `hundreds`, `meeting_program_id`, `swimmer_id`, `team_id`, `badge_id`, `user_id`, `created_at`, `updated_at`, `disqualification_code_type_id`, `goggle_cup_points`, `reaction_time`, `team_points`, `team_affiliation_id`)
  VALUES (192247, 4, 1, 0, 0, 766.4, 766.4, 2, 32, 91, 22227, 14704, 358, 18582, 1, '2015-03-01 00:03:53', '2015-03-01 00:03:53', NULL, 0.0, 0.0, 0.0, 575);

INSERT INTO `meeting_individual_results` (`id`, `rank`, `is_play_off`, `is_out_of_race`, `is_disqualified`, `standard_points`, `meeting_individual_points`, `minutes`, `seconds`, `hundreds`, `meeting_program_id`, `swimmer_id`, `team_id`, `badge_id`, `user_id`, `created_at`, `updated_at`, `disqualification_code_type_id`, `goggle_cup_points`, `reaction_time`, `team_points`, `team_affiliation_id`)
  VALUES (192248, 5, 1, 0, 0, 731.57, 731.57, 2, 40, 19, 22227, 12586, 384, 16305, 1, '2015-03-01 00:03:53', '2015-03-01 00:03:53', NULL, 0.0, 0.0, 0.0, 604);

INSERT INTO `meeting_individual_results` (`id`, `rank`, `is_play_off`, `is_out_of_race`, `is_disqualified`, `standard_points`, `meeting_individual_points`, `minutes`, `seconds`, `hundreds`, `meeting_program_id`, `swimmer_id`, `team_id`, `badge_id`, `user_id`, `created_at`, `updated_at`, `disqualification_code_type_id`, `goggle_cup_points`, `reaction_time`, `team_points`, `team_affiliation_id`)
  VALUES (192249, 6, 1, 0, 0, 699.6, 699.6, 2, 47, 51, 22227, 17689, 284, 21488, 1, '2015-03-01 00:03:53', '2015-03-01 00:03:53', NULL, 0.0, 0.0, 0.0, 481);

INSERT INTO `meeting_individual_results` (`id`, `rank`, `is_play_off`, `is_out_of_race`, `is_disqualified`, `standard_points`, `meeting_individual_points`, `minutes`, `seconds`, `hundreds`, `meeting_program_id`, `swimmer_id`, `team_id`, `badge_id`, `user_id`, `created_at`, `updated_at`, `disqualification_code_type_id`, `goggle_cup_points`, `reaction_time`, `team_points`, `team_affiliation_id`)
  VALUES (192250, 7, 1, 0, 0, 670.38, 670.38, 2, 54, 81, 22227, 2463, 109, 5663, 1, '2015-03-01 00:03:53', '2015-03-01 00:03:53', NULL, 0.0, 0.0, 0.0, 302);

INSERT INTO `meeting_individual_results` (`id`, `rank`, `is_play_off`, `is_out_of_race`, `is_disqualified`, `standard_points`, `meeting_individual_points`, `minutes`, `seconds`, `hundreds`, `meeting_program_id`, `swimmer_id`, `team_id`, `badge_id`, `user_id`, `created_at`, `updated_at`, `disqualification_code_type_id`, `goggle_cup_points`, `reaction_time`, `team_points`, `team_affiliation_id`)
  VALUES (192251, 1, 1, 0, 0, 890.43, 890.43, 2, 16, 44, 22228, 2000, 48, 5184, 1, '2015-03-01 00:03:53', '2015-03-01 00:03:53', NULL, 0.0, 0.0, 0.0, 241);

INSERT INTO `meeting_individual_results` (`id`, `rank`, `is_play_off`, `is_out_of_race`, `is_disqualified`, `standard_points`, `meeting_individual_points`, `minutes`, `seconds`, `hundreds`, `meeting_program_id`, `swimmer_id`, `team_id`, `badge_id`, `user_id`, `created_at`, `updated_at`, `disqualification_code_type_id`, `goggle_cup_points`, `reaction_time`, `team_points`, `team_affiliation_id`)
  VALUES (192252, 2, 1, 0, 0, 838.5, 838.5, 2, 24, 89, 22228, 4772, 223, 8067, 1, '2015-03-01 00:03:53', '2015-03-01 00:03:53', NULL, 0.0, 0.0, 0.0, 418);

INSERT INTO `meeting_individual_results` (`id`, `rank`, `is_play_off`, `is_out_of_race`, `is_disqualified`, `standard_points`, `meeting_individual_points`, `minutes`, `seconds`, `hundreds`, `meeting_program_id`, `swimmer_id`, `team_id`, `badge_id`, `user_id`, `created_at`, `updated_at`, `disqualification_code_type_id`, `goggle_cup_points`, `reaction_time`, `team_points`, `team_affiliation_id`)
  VALUES (192253, 3, 1, 0, 0, 760.6, 760.6, 2, 39, 73, 22228, 9489, 326, 13182, 1, '2015-03-01 00:03:53', '2015-03-01 00:03:53', NULL, 0.0, 0.0, 0.0, 543);

INSERT INTO `meeting_individual_results` (`id`, `rank`, `is_play_off`, `is_out_of_race`, `is_disqualified`, `standard_points`, `meeting_individual_points`, `minutes`, `seconds`, `hundreds`, `meeting_program_id`, `swimmer_id`, `team_id`, `badge_id`, `user_id`, `created_at`, `updated_at`, `disqualification_code_type_id`, `goggle_cup_points`, `reaction_time`, `team_points`, `team_affiliation_id`)
  VALUES (192254, 4, 1, 0, 0, 734.52, 734.52, 2, 45, 40, 22228, 14791, 358, 18526, 1, '2015-03-01 00:03:53', '2015-03-01 00:03:53', NULL, 0.0, 0.0, 0.0, 575);

INSERT INTO `meeting_individual_results` (`id`, `rank`, `is_play_off`, `is_out_of_race`, `is_disqualified`, `standard_points`, `meeting_individual_points`, `minutes`, `seconds`, `hundreds`, `meeting_program_id`, `swimmer_id`, `team_id`, `badge_id`, `user_id`, `created_at`, `updated_at`, `disqualification_code_type_id`, `goggle_cup_points`, `reaction_time`, `team_points`, `team_affiliation_id`)
  VALUES (192255, 1, 1, 0, 0, 804.05, 804.05, 2, 36, 47, 22229, 6283, 221, 10097, 1, '2015-03-01 00:03:54', '2015-03-01 00:03:54', NULL, 0.0, 0.0, 0.0, 416);

INSERT INTO `meeting_individual_results` (`id`, `rank`, `is_play_off`, `is_out_of_race`, `is_disqualified`, `standard_points`, `meeting_individual_points`, `minutes`, `seconds`, `hundreds`, `meeting_program_id`, `swimmer_id`, `team_id`, `badge_id`, `user_id`, `created_at`, `updated_at`, `disqualification_code_type_id`, `goggle_cup_points`, `reaction_time`, `team_points`, `team_affiliation_id`)
  VALUES (192256, 2, 1, 0, 0, 584.46, 584.46, 3, 35, 26, 22229, 7475, 288, 11261, 1, '2015-03-01 00:03:54', '2015-03-01 00:03:54', NULL, 0.0, 0.0, 0.0, 485);

INSERT INTO `meeting_individual_results` (`id`, `rank`, `is_play_off`, `is_out_of_race`, `is_disqualified`, `standard_points`, `meeting_individual_points`, `minutes`, `seconds`, `hundreds`, `meeting_program_id`, `swimmer_id`, `team_id`, `badge_id`, `user_id`, `created_at`, `updated_at`, `disqualification_code_type_id`, `goggle_cup_points`, `reaction_time`, `team_points`, `team_affiliation_id`)
  VALUES (192257, 1, 1, 0, 0, 912.34, 912.34, 2, 25, 56, 22230, 2018, 48, 5204, 1, '2015-03-01 00:03:54', '2015-03-01 00:03:54', NULL, 0.0, 0.0, 0.0, 241);

INSERT INTO `meeting_individual_results` (`id`, `rank`, `is_play_off`, `is_out_of_race`, `is_disqualified`, `standard_points`, `meeting_individual_points`, `minutes`, `seconds`, `hundreds`, `meeting_program_id`, `swimmer_id`, `team_id`, `badge_id`, `user_id`, `created_at`, `updated_at`, `disqualification_code_type_id`, `goggle_cup_points`, `reaction_time`, `team_points`, `team_affiliation_id`)
  VALUES (192258, 2, 1, 0, 0, 688.58, 688.58, 3, 12, 86, 22230, 3717, 223, 6943, 1, '2015-03-01 00:03:54', '2015-03-01 00:03:54', NULL, 0.0, 0.0, 0.0, 418);

INSERT INTO `meeting_individual_results` (`id`, `rank`, `is_play_off`, `is_out_of_race`, `is_disqualified`, `standard_points`, `meeting_individual_points`, `minutes`, `seconds`, `hundreds`, `meeting_program_id`, `swimmer_id`, `team_id`, `badge_id`, `user_id`, `created_at`, `updated_at`, `disqualification_code_type_id`, `goggle_cup_points`, `reaction_time`, `team_points`, `team_affiliation_id`)
  VALUES (192259, 1, 1, 0, 0, 738.87, 738.87, 3, 22, 58, 22231, 7459, 215, 11379, 1, '2015-03-01 00:03:54', '2015-03-01 00:03:54', NULL, 0.0, 0.0, 0.0, 410);

INSERT INTO `meeting_individual_results` (`id`, `rank`, `is_play_off`, `is_out_of_race`, `is_disqualified`, `standard_points`, `meeting_individual_points`, `minutes`, `seconds`, `hundreds`, `meeting_program_id`, `swimmer_id`, `team_id`, `badge_id`, `user_id`, `created_at`, `updated_at`, `disqualification_code_type_id`, `goggle_cup_points`, `reaction_time`, `team_points`, `team_affiliation_id`)
  VALUES (192260, 1, 1, 0, 0, 889.76, 889.76, 4, 58, 61, 22232, 7571, 413, 11204, 1, '2015-03-01 00:03:54', '2015-03-01 00:03:54', NULL, 0.0, 0.0, 0.0, 633);

INSERT INTO `meeting_individual_results` (`id`, `rank`, `is_play_off`, `is_out_of_race`, `is_disqualified`, `standard_points`, `meeting_individual_points`, `minutes`, `seconds`, `hundreds`, `meeting_program_id`, `swimmer_id`, `team_id`, `badge_id`, `user_id`, `created_at`, `updated_at`, `disqualification_code_type_id`, `goggle_cup_points`, `reaction_time`, `team_points`, `team_affiliation_id`)
  VALUES (192261, 2, 1, 0, 0, 880.12, 880.12, 5, 1, 88, 22232, 3723, 221, 6949, 1, '2015-03-01 00:03:54', '2015-03-01 00:03:54', NULL, 0.0, 0.0, 0.0, 416);

INSERT INTO `meeting_individual_results` (`id`, `rank`, `is_play_off`, `is_out_of_race`, `is_disqualified`, `standard_points`, `meeting_individual_points`, `minutes`, `seconds`, `hundreds`, `meeting_program_id`, `swimmer_id`, `team_id`, `badge_id`, `user_id`, `created_at`, `updated_at`, `disqualification_code_type_id`, `goggle_cup_points`, `reaction_time`, `team_points`, `team_affiliation_id`)
  VALUES (192262, 3, 1, 0, 0, 792.35, 792.35, 5, 35, 32, 22232, 7702, 215, 11208, 1, '2015-03-01 00:03:54', '2015-03-01 00:03:54', NULL, 0.0, 0.0, 0.0, 410);

INSERT INTO `meeting_individual_results` (`id`, `rank`, `is_play_off`, `is_out_of_race`, `is_disqualified`, `standard_points`, `meeting_individual_points`, `minutes`, `seconds`, `hundreds`, `meeting_program_id`, `swimmer_id`, `team_id`, `badge_id`, `user_id`, `created_at`, `updated_at`, `disqualification_code_type_id`, `goggle_cup_points`, `reaction_time`, `team_points`, `team_affiliation_id`)
  VALUES (192263, 1, 1, 0, 0, 886.93, 886.93, 4, 57, 34, 22233, 1881, 48, 5061, 1, '2015-03-01 00:03:54', '2015-03-01 00:03:54', NULL, 0.0, 0.0, 0.0, 241);

INSERT INTO `meeting_individual_results` (`id`, `rank`, `is_play_off`, `is_out_of_race`, `is_disqualified`, `standard_points`, `meeting_individual_points`, `minutes`, `seconds`, `hundreds`, `meeting_program_id`, `swimmer_id`, `team_id`, `badge_id`, `user_id`, `created_at`, `updated_at`, `disqualification_code_type_id`, `goggle_cup_points`, `reaction_time`, `team_points`, `team_affiliation_id`)
  VALUES (192264, 1, 1, 0, 0, 755.28, 755.28, 6, 0, 45, 22234, 4703, 281, 7998, 1, '2015-03-01 00:03:54', '2015-03-01 00:03:54', NULL, 0.0, 0.0, 0.0, 478);

INSERT INTO `meeting_individual_results` (`id`, `rank`, `is_play_off`, `is_out_of_race`, `is_disqualified`, `standard_points`, `meeting_individual_points`, `minutes`, `seconds`, `hundreds`, `meeting_program_id`, `swimmer_id`, `team_id`, `badge_id`, `user_id`, `created_at`, `updated_at`, `disqualification_code_type_id`, `goggle_cup_points`, `reaction_time`, `team_points`, `team_affiliation_id`)
  VALUES (192265, 1, 1, 0, 0, 810.2, 810.2, 5, 45, 94, 22235, 4704, 281, 7999, 1, '2015-03-01 00:03:55', '2015-03-01 00:03:55', NULL, 0.0, 0.0, 0.0, 478);

INSERT INTO `meeting_individual_results` (`id`, `rank`, `is_play_off`, `is_out_of_race`, `is_disqualified`, `standard_points`, `meeting_individual_points`, `minutes`, `seconds`, `hundreds`, `meeting_program_id`, `swimmer_id`, `team_id`, `badge_id`, `user_id`, `created_at`, `updated_at`, `disqualification_code_type_id`, `goggle_cup_points`, `reaction_time`, `team_points`, `team_affiliation_id`)
  VALUES (192266, 2, 1, 0, 0, 625.85, 625.85, 7, 27, 84, 22235, 11412, 499, 15141, 1, '2015-03-01 00:03:55', '2015-03-01 00:03:55', NULL, 0.0, 0.0, 0.0, 719);

INSERT INTO `meeting_individual_results` (`id`, `rank`, `is_play_off`, `is_out_of_race`, `is_disqualified`, `standard_points`, `meeting_individual_points`, `minutes`, `seconds`, `hundreds`, `meeting_program_id`, `swimmer_id`, `team_id`, `badge_id`, `user_id`, `created_at`, `updated_at`, `disqualification_code_type_id`, `goggle_cup_points`, `reaction_time`, `team_points`, `team_affiliation_id`)
  VALUES (192267, 3, 1, 0, 0, 608.68, 608.68, 7, 40, 47, 22235, 9460, 394, 13190, 1, '2015-03-01 00:03:55', '2015-03-01 00:03:55', NULL, 0.0, 0.0, 0.0, 614);

INSERT INTO `meeting_individual_results` (`id`, `rank`, `is_play_off`, `is_out_of_race`, `is_disqualified`, `standard_points`, `meeting_individual_points`, `minutes`, `seconds`, `hundreds`, `meeting_program_id`, `swimmer_id`, `team_id`, `badge_id`, `user_id`, `created_at`, `updated_at`, `disqualification_code_type_id`, `goggle_cup_points`, `reaction_time`, `team_points`, `team_affiliation_id`)
  VALUES (192268, 1, 1, 0, 0, 914.38, 914.38, 5, 13, 35, 22236, 1901, 54, 5082, 1, '2015-03-01 00:03:55', '2015-03-01 00:03:55', NULL, 0.0, 0.0, 0.0, 247);

INSERT INTO `meeting_individual_results` (`id`, `rank`, `is_play_off`, `is_out_of_race`, `is_disqualified`, `standard_points`, `meeting_individual_points`, `minutes`, `seconds`, `hundreds`, `meeting_program_id`, `swimmer_id`, `team_id`, `badge_id`, `user_id`, `created_at`, `updated_at`, `disqualification_code_type_id`, `goggle_cup_points`, `reaction_time`, `team_points`, `team_affiliation_id`)
  VALUES (192269, 1, 1, 0, 0, 755.12, 755.12, 6, 41, 99, 22237, 9424, 499, 13247, 1, '2015-03-01 00:03:55', '2015-03-01 00:03:55', NULL, 0.0, 0.0, 0.0, 719);

INSERT INTO `meeting_individual_results` (`id`, `rank`, `is_play_off`, `is_out_of_race`, `is_disqualified`, `standard_points`, `meeting_individual_points`, `minutes`, `seconds`, `hundreds`, `meeting_program_id`, `swimmer_id`, `team_id`, `badge_id`, `user_id`, `created_at`, `updated_at`, `disqualification_code_type_id`, `goggle_cup_points`, `reaction_time`, `team_points`, `team_affiliation_id`)
  VALUES (192270, 2, 1, 0, 0, 636.0, 636.0, 7, 57, 28, 22237, 3688, 221, 6911, 1, '2015-03-01 00:03:55', '2015-03-01 00:03:55', NULL, 0.0, 0.0, 0.0, 416);

INSERT INTO `meeting_individual_results` (`id`, `rank`, `is_play_off`, `is_out_of_race`, `is_disqualified`, `standard_points`, `meeting_individual_points`, `minutes`, `seconds`, `hundreds`, `meeting_program_id`, `swimmer_id`, `team_id`, `badge_id`, `user_id`, `created_at`, `updated_at`, `disqualification_code_type_id`, `goggle_cup_points`, `reaction_time`, `team_points`, `team_affiliation_id`)
  VALUES (192271, 1, 1, 0, 0, 901.98, 901.98, 6, 0, 76, 22238, 3726, 109, 6953, 1, '2015-03-01 00:03:55', '2015-03-01 00:03:55', NULL, 0.0, 0.0, 0.0, 302);

INSERT INTO `meeting_individual_results` (`id`, `rank`, `is_play_off`, `is_out_of_race`, `is_disqualified`, `standard_points`, `meeting_individual_points`, `minutes`, `seconds`, `hundreds`, `meeting_program_id`, `swimmer_id`, `team_id`, `badge_id`, `user_id`, `created_at`, `updated_at`, `disqualification_code_type_id`, `goggle_cup_points`, `reaction_time`, `team_points`, `team_affiliation_id`)
  VALUES (192272, 1, 1, 0, 0, 1012.34, 1012.34, 3, 55, 84, 22239, 17694, 221, 21495, 1, '2015-03-01 00:03:55', '2015-03-01 00:03:55', NULL, 0.0, 0.0, 0.0, 416);

INSERT INTO `meeting_individual_results` (`id`, `rank`, `is_play_off`, `is_out_of_race`, `is_disqualified`, `standard_points`, `meeting_individual_points`, `minutes`, `seconds`, `hundreds`, `meeting_program_id`, `swimmer_id`, `team_id`, `badge_id`, `user_id`, `created_at`, `updated_at`, `disqualification_code_type_id`, `goggle_cup_points`, `reaction_time`, `team_points`, `team_affiliation_id`)
  VALUES (192273, 2, 1, 0, 0, 901.49, 901.49, 4, 24, 84, 22239, 12720, 109, 16468, 1, '2015-03-01 00:03:55', '2015-03-01 00:03:55', NULL, 0.0, 0.0, 0.0, 302);

INSERT INTO `meeting_individual_results` (`id`, `rank`, `is_play_off`, `is_out_of_race`, `is_disqualified`, `standard_points`, `meeting_individual_points`, `minutes`, `seconds`, `hundreds`, `meeting_program_id`, `swimmer_id`, `team_id`, `badge_id`, `user_id`, `created_at`, `updated_at`, `disqualification_code_type_id`, `goggle_cup_points`, `reaction_time`, `team_points`, `team_affiliation_id`)
  VALUES (192274, 3, 1, 0, 0, 715.1, 715.1, 5, 33, 87, 22239, 2183, 105, 5376, 1, '2015-03-01 00:03:55', '2015-03-01 00:03:55', NULL, 0.0, 0.0, 0.0, 298);

INSERT INTO `meeting_individual_results` (`id`, `rank`, `is_play_off`, `is_out_of_race`, `is_disqualified`, `standard_points`, `meeting_individual_points`, `minutes`, `seconds`, `hundreds`, `meeting_program_id`, `swimmer_id`, `team_id`, `badge_id`, `user_id`, `created_at`, `updated_at`, `disqualification_code_type_id`, `goggle_cup_points`, `reaction_time`, `team_points`, `team_affiliation_id`)
  VALUES (192275, 1, 1, 0, 0, 905.28, 905.28, 4, 26, 47, 22240, 3691, 226, 6915, 1, '2015-03-01 00:03:55', '2015-03-01 00:03:55', NULL, 0.0, 0.0, 0.0, 421);

INSERT INTO `meeting_individual_results` (`id`, `rank`, `is_play_off`, `is_out_of_race`, `is_disqualified`, `standard_points`, `meeting_individual_points`, `minutes`, `seconds`, `hundreds`, `meeting_program_id`, `swimmer_id`, `team_id`, `badge_id`, `user_id`, `created_at`, `updated_at`, `disqualification_code_type_id`, `goggle_cup_points`, `reaction_time`, `team_points`, `team_affiliation_id`)
  VALUES (192276, 2, 1, 0, 0, 871.24, 871.24, 4, 36, 88, 22240, 3692, 218, 6916, 1, '2015-03-01 00:03:56', '2015-03-01 00:03:56', NULL, 0.0, 0.0, 0.0, 413);

INSERT INTO `meeting_individual_results` (`id`, `rank`, `is_play_off`, `is_out_of_race`, `is_disqualified`, `standard_points`, `meeting_individual_points`, `minutes`, `seconds`, `hundreds`, `meeting_program_id`, `swimmer_id`, `team_id`, `badge_id`, `user_id`, `created_at`, `updated_at`, `disqualification_code_type_id`, `goggle_cup_points`, `reaction_time`, `team_points`, `team_affiliation_id`)
  VALUES (192277, 3, 1, 0, 0, 659.86, 659.86, 6, 5, 58, 22240, 9571, 326, 13249, 1, '2015-03-01 00:03:56', '2015-03-01 00:03:56', NULL, 0.0, 0.0, 0.0, 543);

INSERT INTO `meeting_individual_results` (`id`, `rank`, `is_play_off`, `is_out_of_race`, `is_disqualified`, `standard_points`, `meeting_individual_points`, `minutes`, `seconds`, `hundreds`, `meeting_program_id`, `swimmer_id`, `team_id`, `badge_id`, `user_id`, `created_at`, `updated_at`, `disqualification_code_type_id`, `goggle_cup_points`, `reaction_time`, `team_points`, `team_affiliation_id`)
  VALUES (192278, 4, 1, 0, 0, 508.21, 508.21, 7, 54, 67, 22240, 12696, 221, 16488, 1, '2015-03-01 00:03:56', '2015-03-01 00:03:56', NULL, 0.0, 0.0, 0.0, 416);

INSERT INTO `meeting_individual_results` (`id`, `rank`, `is_play_off`, `is_out_of_race`, `is_disqualified`, `standard_points`, `meeting_individual_points`, `minutes`, `seconds`, `hundreds`, `meeting_program_id`, `swimmer_id`, `team_id`, `badge_id`, `user_id`, `created_at`, `updated_at`, `disqualification_code_type_id`, `goggle_cup_points`, `reaction_time`, `team_points`, `team_affiliation_id`)
  VALUES (192279, 1, 1, 0, 0, 831.81, 831.81, 4, 52, 76, 22241, 9648, 287, 13362, 1, '2015-03-01 00:03:56', '2015-03-01 00:03:56', NULL, 0.0, 0.0, 0.0, 484);

INSERT INTO `meeting_individual_results` (`id`, `rank`, `is_play_off`, `is_out_of_race`, `is_disqualified`, `standard_points`, `meeting_individual_points`, `minutes`, `seconds`, `hundreds`, `meeting_program_id`, `swimmer_id`, `team_id`, `badge_id`, `user_id`, `created_at`, `updated_at`, `disqualification_code_type_id`, `goggle_cup_points`, `reaction_time`, `team_points`, `team_affiliation_id`)
  VALUES (192280, 2, 1, 0, 0, 792.19, 792.19, 5, 7, 40, 22241, 9447, 394, 13251, 1, '2015-03-01 00:03:56', '2015-03-01 00:03:56', NULL, 0.0, 0.0, 0.0, 614);

INSERT INTO `meeting_individual_results` (`id`, `rank`, `is_play_off`, `is_out_of_race`, `is_disqualified`, `standard_points`, `meeting_individual_points`, `minutes`, `seconds`, `hundreds`, `meeting_program_id`, `swimmer_id`, `team_id`, `badge_id`, `user_id`, `created_at`, `updated_at`, `disqualification_code_type_id`, `goggle_cup_points`, `reaction_time`, `team_points`, `team_affiliation_id`)
  VALUES (192281, 1, 1, 0, 0, 885.73, 885.73, 4, 36, 71, 22242, 15998, 684, 19760, 1, '2015-03-01 00:03:56', '2015-03-01 00:03:56', NULL, 0.0, 0.0, 0.0, 904);

INSERT INTO `meeting_individual_results` (`id`, `rank`, `is_play_off`, `is_out_of_race`, `is_disqualified`, `standard_points`, `meeting_individual_points`, `minutes`, `seconds`, `hundreds`, `meeting_program_id`, `swimmer_id`, `team_id`, `badge_id`, `user_id`, `created_at`, `updated_at`, `disqualification_code_type_id`, `goggle_cup_points`, `reaction_time`, `team_points`, `team_affiliation_id`)
  VALUES (192282, 2, 1, 0, 0, 865.34, 865.34, 4, 43, 23, 22242, 3732, 54, 6960, 1, '2015-03-01 00:03:56', '2015-03-01 00:03:56', NULL, 0.0, 0.0, 0.0, 247);

INSERT INTO `meeting_individual_results` (`id`, `rank`, `is_play_off`, `is_out_of_race`, `is_disqualified`, `standard_points`, `meeting_individual_points`, `minutes`, `seconds`, `hundreds`, `meeting_program_id`, `swimmer_id`, `team_id`, `badge_id`, `user_id`, `created_at`, `updated_at`, `disqualification_code_type_id`, `goggle_cup_points`, `reaction_time`, `team_points`, `team_affiliation_id`)
  VALUES (192283, 3, 1, 0, 0, 853.44, 853.44, 4, 47, 18, 22242, 3696, 78, 6922, 1, '2015-03-01 00:03:56', '2015-03-01 00:03:56', NULL, 0.0, 0.0, 0.0, 271);

INSERT INTO `meeting_individual_results` (`id`, `rank`, `is_play_off`, `is_out_of_race`, `is_disqualified`, `standard_points`, `meeting_individual_points`, `minutes`, `seconds`, `hundreds`, `meeting_program_id`, `swimmer_id`, `team_id`, `badge_id`, `user_id`, `created_at`, `updated_at`, `disqualification_code_type_id`, `goggle_cup_points`, `reaction_time`, `team_points`, `team_affiliation_id`)
  VALUES (192284, 4, 1, 0, 0, 843.74, 843.74, 4, 50, 48, 22242, 9597, 221, 13254, 1, '2015-03-01 00:03:56', '2015-03-01 00:03:56', NULL, 0.0, 0.0, 0.0, 416);

INSERT INTO `meeting_individual_results` (`id`, `rank`, `is_play_off`, `is_out_of_race`, `is_disqualified`, `standard_points`, `meeting_individual_points`, `minutes`, `seconds`, `hundreds`, `meeting_program_id`, `swimmer_id`, `team_id`, `badge_id`, `user_id`, `created_at`, `updated_at`, `disqualification_code_type_id`, `goggle_cup_points`, `reaction_time`, `team_points`, `team_affiliation_id`)
  VALUES (192285, 5, 1, 0, 0, 741.1, 741.1, 5, 30, 71, 22242, 4708, 281, 8003, 1, '2015-03-01 00:03:56', '2015-03-01 00:03:56', NULL, 0.0, 0.0, 0.0, 478);

INSERT INTO `meeting_individual_results` (`id`, `rank`, `is_play_off`, `is_out_of_race`, `is_disqualified`, `standard_points`, `meeting_individual_points`, `minutes`, `seconds`, `hundreds`, `meeting_program_id`, `swimmer_id`, `team_id`, `badge_id`, `user_id`, `created_at`, `updated_at`, `disqualification_code_type_id`, `goggle_cup_points`, `reaction_time`, `team_points`, `team_affiliation_id`)
  VALUES (192286, 1, 1, 0, 0, 896.96, 896.96, 4, 42, 33, 22243, 3702, 221, 6928, 1, '2015-03-01 00:03:57', '2015-03-01 00:03:57', NULL, 0.0, 0.0, 0.0, 416);

INSERT INTO `meeting_individual_results` (`id`, `rank`, `is_play_off`, `is_out_of_race`, `is_disqualified`, `standard_points`, `meeting_individual_points`, `minutes`, `seconds`, `hundreds`, `meeting_program_id`, `swimmer_id`, `team_id`, `badge_id`, `user_id`, `created_at`, `updated_at`, `disqualification_code_type_id`, `goggle_cup_points`, `reaction_time`, `team_points`, `team_affiliation_id`)
  VALUES (192287, 2, 1, 0, 0, 792.51, 792.51, 5, 19, 54, 22243, 12560, 221, 16307, 1, '2015-03-01 00:03:57', '2015-03-01 00:03:57', NULL, 0.0, 0.0, 0.0, 416);

INSERT INTO `meeting_individual_results` (`id`, `rank`, `is_play_off`, `is_out_of_race`, `is_disqualified`, `standard_points`, `meeting_individual_points`, `minutes`, `seconds`, `hundreds`, `meeting_program_id`, `swimmer_id`, `team_id`, `badge_id`, `user_id`, `created_at`, `updated_at`, `disqualification_code_type_id`, `goggle_cup_points`, `reaction_time`, `team_points`, `team_affiliation_id`)
  VALUES (192288, 3, 1, 0, 0, 703.33, 703.33, 6, 0, 6, 22243, 4746, 225, 8041, 1, '2015-03-01 00:03:57', '2015-03-01 00:03:57', NULL, 0.0, 0.0, 0.0, 420);

INSERT INTO `meeting_individual_results` (`id`, `rank`, `is_play_off`, `is_out_of_race`, `is_disqualified`, `standard_points`, `meeting_individual_points`, `minutes`, `seconds`, `hundreds`, `meeting_program_id`, `swimmer_id`, `team_id`, `badge_id`, `user_id`, `created_at`, `updated_at`, `disqualification_code_type_id`, `goggle_cup_points`, `reaction_time`, `team_points`, `team_affiliation_id`)
  VALUES (192289, 4, 1, 0, 0, 688.08, 688.08, 6, 8, 4, 22243, 7574, 288, 11335, 1, '2015-03-01 00:03:57', '2015-03-01 00:03:57', NULL, 0.0, 0.0, 0.0, 485);

INSERT INTO `meeting_individual_results` (`id`, `rank`, `is_play_off`, `is_out_of_race`, `is_disqualified`, `standard_points`, `meeting_individual_points`, `minutes`, `seconds`, `hundreds`, `meeting_program_id`, `swimmer_id`, `team_id`, `badge_id`, `user_id`, `created_at`, `updated_at`, `disqualification_code_type_id`, `goggle_cup_points`, `reaction_time`, `team_points`, `team_affiliation_id`)
  VALUES (192290, 5, 1, 0, 0, 620.23, 620.23, 6, 48, 30, 22243, 9428, 326, 13332, 1, '2015-03-01 00:03:57', '2015-03-01 00:03:57', NULL, 0.0, 0.0, 0.0, 543);

INSERT INTO `meeting_individual_results` (`id`, `rank`, `is_play_off`, `is_out_of_race`, `is_disqualified`, `standard_points`, `meeting_individual_points`, `minutes`, `seconds`, `hundreds`, `meeting_program_id`, `swimmer_id`, `team_id`, `badge_id`, `user_id`, `created_at`, `updated_at`, `disqualification_code_type_id`, `goggle_cup_points`, `reaction_time`, `team_points`, `team_affiliation_id`)
  VALUES (192291, 1, 1, 0, 0, 886.47, 886.47, 4, 54, 1, 22244, 17693, 78, 21496, 1, '2015-03-01 00:03:57', '2015-03-01 00:03:57', NULL, 0.0, 0.0, 0.0, 271);

INSERT INTO `meeting_individual_results` (`id`, `rank`, `is_play_off`, `is_out_of_race`, `is_disqualified`, `standard_points`, `meeting_individual_points`, `minutes`, `seconds`, `hundreds`, `meeting_program_id`, `swimmer_id`, `team_id`, `badge_id`, `user_id`, `created_at`, `updated_at`, `disqualification_code_type_id`, `goggle_cup_points`, `reaction_time`, `team_points`, `team_affiliation_id`)
  VALUES (192292, 2, 1, 0, 0, 652.96, 652.96, 6, 39, 15, 22244, 7428, 288, 11165, 1, '2015-03-01 00:03:57', '2015-03-01 00:03:57', NULL, 0.0, 0.0, 0.0, 485);

INSERT INTO `meeting_individual_results` (`id`, `rank`, `is_play_off`, `is_out_of_race`, `is_disqualified`, `standard_points`, `meeting_individual_points`, `minutes`, `seconds`, `hundreds`, `meeting_program_id`, `swimmer_id`, `team_id`, `badge_id`, `user_id`, `created_at`, `updated_at`, `disqualification_code_type_id`, `goggle_cup_points`, `reaction_time`, `team_points`, `team_affiliation_id`)
  VALUES (192293, 3, 1, 0, 0, 599.87, 599.87, 7, 14, 48, 22244, 9493, 225, 13228, 1, '2015-03-01 00:03:57', '2015-03-01 00:03:57', NULL, 0.0, 0.0, 0.0, 420);

INSERT INTO `meeting_individual_results` (`id`, `rank`, `is_play_off`, `is_out_of_race`, `is_disqualified`, `standard_points`, `meeting_individual_points`, `minutes`, `seconds`, `hundreds`, `meeting_program_id`, `swimmer_id`, `team_id`, `badge_id`, `user_id`, `created_at`, `updated_at`, `disqualification_code_type_id`, `goggle_cup_points`, `reaction_time`, `team_points`, `team_affiliation_id`)
  VALUES (192294, 1, 1, 0, 0, 801.92, 801.92, 5, 38, 34, 22245, 6283, 221, 10097, 1, '2015-03-01 00:03:57', '2015-03-01 00:03:57', NULL, 0.0, 0.0, 0.0, 416);

INSERT INTO `meeting_individual_results` (`id`, `rank`, `is_play_off`, `is_out_of_race`, `is_disqualified`, `standard_points`, `meeting_individual_points`, `minutes`, `seconds`, `hundreds`, `meeting_program_id`, `swimmer_id`, `team_id`, `badge_id`, `user_id`, `created_at`, `updated_at`, `disqualification_code_type_id`, `goggle_cup_points`, `reaction_time`, `team_points`, `team_affiliation_id`)
  VALUES (192295, 2, 1, 0, 0, 687.5, 687.5, 6, 34, 65, 22245, 4750, 225, 8045, 1, '2015-03-01 00:03:57', '2015-03-01 00:03:57', NULL, 0.0, 0.0, 0.0, 420);

INSERT INTO `meeting_individual_results` (`id`, `rank`, `is_play_off`, `is_out_of_race`, `is_disqualified`, `standard_points`, `meeting_individual_points`, `minutes`, `seconds`, `hundreds`, `meeting_program_id`, `swimmer_id`, `team_id`, `badge_id`, `user_id`, `created_at`, `updated_at`, `disqualification_code_type_id`, `goggle_cup_points`, `reaction_time`, `team_points`, `team_affiliation_id`)
  VALUES (192296, 3, 1, 0, 0, 679.0, 679.0, 6, 39, 59, 22245, 15918, 326, 19713, 1, '2015-03-01 00:03:58', '2015-03-01 00:03:58', NULL, 0.0, 0.0, 0.0, 543);

INSERT INTO `meeting_individual_results` (`id`, `rank`, `is_play_off`, `is_out_of_race`, `is_disqualified`, `standard_points`, `meeting_individual_points`, `minutes`, `seconds`, `hundreds`, `meeting_program_id`, `swimmer_id`, `team_id`, `badge_id`, `user_id`, `created_at`, `updated_at`, `disqualification_code_type_id`, `goggle_cup_points`, `reaction_time`, `team_points`, `team_affiliation_id`)
  VALUES (192297, 1, 1, 0, 0, 601.44, 601.44, 7, 55, 86, 22246, 2205, 112, 5401, 1, '2015-03-01 00:03:58', '2015-03-01 00:03:58', NULL, 0.0, 0.0, 0.0, 305);

INSERT INTO `meeting_individual_results` (`id`, `rank`, `is_play_off`, `is_out_of_race`, `is_disqualified`, `standard_points`, `meeting_individual_points`, `minutes`, `seconds`, `hundreds`, `meeting_program_id`, `swimmer_id`, `team_id`, `badge_id`, `user_id`, `created_at`, `updated_at`, `disqualification_code_type_id`, `goggle_cup_points`, `reaction_time`, `team_points`, `team_affiliation_id`)
  VALUES (192298, 1, 1, 0, 0, 808.9, 808.9, 7, 9, 47, 22247, 3721, 225, 6947, 1, '2015-03-01 00:03:58', '2015-03-01 00:03:58', NULL, 0.0, 0.0, 0.0, 420);

INSERT INTO `meeting_individual_results` (`id`, `rank`, `is_play_off`, `is_out_of_race`, `is_disqualified`, `standard_points`, `meeting_individual_points`, `minutes`, `seconds`, `hundreds`, `meeting_program_id`, `swimmer_id`, `team_id`, `badge_id`, `user_id`, `created_at`, `updated_at`, `disqualification_code_type_id`, `goggle_cup_points`, `reaction_time`, `team_points`, `team_affiliation_id`)
  VALUES (192299, 1, 1, 0, 0, 839.89, 839.89, 0, 35, 35, 22248, 3743, 226, 6972, 1, '2015-03-01 00:03:58', '2015-03-01 00:03:58', NULL, 0.0, 0.0, 0.0, 421);

INSERT INTO `meeting_individual_results` (`id`, `rank`, `is_play_off`, `is_out_of_race`, `is_disqualified`, `standard_points`, `meeting_individual_points`, `minutes`, `seconds`, `hundreds`, `meeting_program_id`, `swimmer_id`, `team_id`, `badge_id`, `user_id`, `created_at`, `updated_at`, `disqualification_code_type_id`, `goggle_cup_points`, `reaction_time`, `team_points`, `team_affiliation_id`)
  VALUES (192300, 2, 1, 0, 0, 795.77, 795.77, 0, 37, 31, 22248, 11362, 499, 15148, 1, '2015-03-01 00:03:58', '2015-03-01 00:03:58', NULL, 0.0, 0.0, 0.0, 719);

INSERT INTO `meeting_individual_results` (`id`, `rank`, `is_play_off`, `is_out_of_race`, `is_disqualified`, `standard_points`, `meeting_individual_points`, `minutes`, `seconds`, `hundreds`, `meeting_program_id`, `swimmer_id`, `team_id`, `badge_id`, `user_id`, `created_at`, `updated_at`, `disqualification_code_type_id`, `goggle_cup_points`, `reaction_time`, `team_points`, `team_affiliation_id`)
  VALUES (192301, 1, 1, 0, 0, 901.59, 901.59, 0, 32, 72, 22249, 7558, 48, 11353, 1, '2015-03-01 00:03:58', '2015-03-01 00:03:58', NULL, 0.0, 0.0, 0.0, 241);

INSERT INTO `meeting_individual_results` (`id`, `rank`, `is_play_off`, `is_out_of_race`, `is_disqualified`, `standard_points`, `meeting_individual_points`, `minutes`, `seconds`, `hundreds`, `meeting_program_id`, `swimmer_id`, `team_id`, `badge_id`, `user_id`, `created_at`, `updated_at`, `disqualification_code_type_id`, `goggle_cup_points`, `reaction_time`, `team_points`, `team_affiliation_id`)
  VALUES (192302, 2, 1, 0, 0, 677.38, 677.38, 0, 43, 55, 22249, 7608, 288, 11212, 1, '2015-03-01 00:03:58', '2015-03-01 00:03:58', NULL, 0.0, 0.0, 0.0, 485);

INSERT INTO `meeting_individual_results` (`id`, `rank`, `is_play_off`, `is_out_of_race`, `is_disqualified`, `standard_points`, `meeting_individual_points`, `minutes`, `seconds`, `hundreds`, `meeting_program_id`, `swimmer_id`, `team_id`, `badge_id`, `user_id`, `created_at`, `updated_at`, `disqualification_code_type_id`, `goggle_cup_points`, `reaction_time`, `team_points`, `team_affiliation_id`)
  VALUES (192303, 1, 1, 0, 0, 880.97, 880.97, 0, 34, 95, 22250, 2046, 87, 5236, 1, '2015-03-01 00:03:58', '2015-03-01 00:03:58', NULL, 0.0, 0.0, 0.0, 280);

INSERT INTO `meeting_individual_results` (`id`, `rank`, `is_play_off`, `is_out_of_race`, `is_disqualified`, `standard_points`, `meeting_individual_points`, `minutes`, `seconds`, `hundreds`, `meeting_program_id`, `swimmer_id`, `team_id`, `badge_id`, `user_id`, `created_at`, `updated_at`, `disqualification_code_type_id`, `goggle_cup_points`, `reaction_time`, `team_points`, `team_affiliation_id`)
  VALUES (192304, 2, 1, 0, 0, 815.63, 815.63, 0, 37, 75, 22250, 7552, 48, 11151, 1, '2015-03-01 00:03:58', '2015-03-01 00:03:58', NULL, 0.0, 0.0, 0.0, 241);

INSERT INTO `meeting_individual_results` (`id`, `rank`, `is_play_off`, `is_out_of_race`, `is_disqualified`, `standard_points`, `meeting_individual_points`, `minutes`, `seconds`, `hundreds`, `meeting_program_id`, `swimmer_id`, `team_id`, `badge_id`, `user_id`, `created_at`, `updated_at`, `disqualification_code_type_id`, `goggle_cup_points`, `reaction_time`, `team_points`, `team_affiliation_id`)
  VALUES (192305, 3, 1, 0, 0, 785.06, 785.06, 0, 39, 22, 22250, 9517, 221, 13273, 1, '2015-03-01 00:03:58', '2015-03-01 00:03:58', NULL, 0.0, 0.0, 0.0, 416);

INSERT INTO `meeting_individual_results` (`id`, `rank`, `is_play_off`, `is_out_of_race`, `is_disqualified`, `standard_points`, `meeting_individual_points`, `minutes`, `seconds`, `hundreds`, `meeting_program_id`, `swimmer_id`, `team_id`, `badge_id`, `user_id`, `created_at`, `updated_at`, `disqualification_code_type_id`, `goggle_cup_points`, `reaction_time`, `team_points`, `team_affiliation_id`)
  VALUES (192306, 4, 1, 0, 0, 561.14, 561.14, 0, 54, 87, 22250, 9458, 394, 13308, 1, '2015-03-01 00:03:58', '2015-03-01 00:03:58', NULL, 0.0, 0.0, 0.0, 614);

INSERT INTO `meeting_individual_results` (`id`, `rank`, `is_play_off`, `is_out_of_race`, `is_disqualified`, `standard_points`, `meeting_individual_points`, `minutes`, `seconds`, `hundreds`, `meeting_program_id`, `swimmer_id`, `team_id`, `badge_id`, `user_id`, `created_at`, `updated_at`, `disqualification_code_type_id`, `goggle_cup_points`, `reaction_time`, `team_points`, `team_affiliation_id`)
  VALUES (192307, 1, 1, 0, 0, 902.4, 902.4, 0, 34, 94, 22251, 3682, 78, 6905, 1, '2015-03-01 00:03:59', '2015-03-01 00:03:59', NULL, 0.0, 0.0, 0.0, 271);

INSERT INTO `meeting_individual_results` (`id`, `rank`, `is_play_off`, `is_out_of_race`, `is_disqualified`, `standard_points`, `meeting_individual_points`, `minutes`, `seconds`, `hundreds`, `meeting_program_id`, `swimmer_id`, `team_id`, `badge_id`, `user_id`, `created_at`, `updated_at`, `disqualification_code_type_id`, `goggle_cup_points`, `reaction_time`, `team_points`, `team_affiliation_id`)
  VALUES (192308, 2, 1, 0, 0, 694.34, 694.34, 0, 45, 41, 22251, 11464, 109, 15270, 1, '2015-03-01 00:03:59', '2015-03-01 00:03:59', NULL, 0.0, 0.0, 0.0, 302);

INSERT INTO `meeting_individual_results` (`id`, `rank`, `is_play_off`, `is_out_of_race`, `is_disqualified`, `standard_points`, `meeting_individual_points`, `minutes`, `seconds`, `hundreds`, `meeting_program_id`, `swimmer_id`, `team_id`, `badge_id`, `user_id`, `created_at`, `updated_at`, `disqualification_code_type_id`, `goggle_cup_points`, `reaction_time`, `team_points`, `team_affiliation_id`)
  VALUES (192309, 3, 1, 0, 0, 549.02, 549.02, 0, 57, 43, 22251, 4763, 105, 8058, 1, '2015-03-01 00:03:59', '2015-03-01 00:03:59', NULL, 0.0, 0.0, 0.0, 298);

INSERT INTO `meeting_individual_results` (`id`, `rank`, `is_play_off`, `is_out_of_race`, `is_disqualified`, `standard_points`, `meeting_individual_points`, `minutes`, `seconds`, `hundreds`, `meeting_program_id`, `swimmer_id`, `team_id`, `badge_id`, `user_id`, `created_at`, `updated_at`, `disqualification_code_type_id`, `goggle_cup_points`, `reaction_time`, `team_points`, `team_affiliation_id`)
  VALUES (192310, 1, 1, 0, 0, 798.3, 798.3, 0, 41, 10, 22252, 7484, 288, 11180, 1, '2015-03-01 00:03:59', '2015-03-01 00:03:59', NULL, 0.0, 0.0, 0.0, 485);

INSERT INTO `meeting_individual_results` (`id`, `rank`, `is_play_off`, `is_out_of_race`, `is_disqualified`, `standard_points`, `meeting_individual_points`, `minutes`, `seconds`, `hundreds`, `meeting_program_id`, `swimmer_id`, `team_id`, `badge_id`, `user_id`, `created_at`, `updated_at`, `disqualification_code_type_id`, `goggle_cup_points`, `reaction_time`, `team_points`, `team_affiliation_id`)
  VALUES (192311, 2, 1, 0, 0, 791.94, 791.94, 0, 41, 43, 22252, 12726, 221, 16502, 1, '2015-03-01 00:03:59', '2015-03-01 00:03:59', NULL, 0.0, 0.0, 0.0, 416);

INSERT INTO `meeting_individual_results` (`id`, `rank`, `is_play_off`, `is_out_of_race`, `is_disqualified`, `standard_points`, `meeting_individual_points`, `minutes`, `seconds`, `hundreds`, `meeting_program_id`, `swimmer_id`, `team_id`, `badge_id`, `user_id`, `created_at`, `updated_at`, `disqualification_code_type_id`, `goggle_cup_points`, `reaction_time`, `team_points`, `team_affiliation_id`)
  VALUES (192312, 1, 1, 0, 0, 703.59, 703.59, 0, 50, 10, 22253, 15911, 78, 19710, 1, '2015-03-01 00:03:59', '2015-03-01 00:03:59', NULL, 0.0, 0.0, 0.0, 271);

INSERT INTO `meeting_individual_results` (`id`, `rank`, `is_play_off`, `is_out_of_race`, `is_disqualified`, `standard_points`, `meeting_individual_points`, `minutes`, `seconds`, `hundreds`, `meeting_program_id`, `swimmer_id`, `team_id`, `badge_id`, `user_id`, `created_at`, `updated_at`, `disqualification_code_type_id`, `goggle_cup_points`, `reaction_time`, `team_points`, `team_affiliation_id`)
  VALUES (192313, 2, 1, 0, 0, 638.7, 638.7, 0, 55, 19, 22253, 15907, 394, 19711, 1, '2015-03-01 00:03:59', '2015-03-01 00:03:59', NULL, 0.0, 0.0, 0.0, 614);

INSERT INTO `meeting_individual_results` (`id`, `rank`, `is_play_off`, `is_out_of_race`, `is_disqualified`, `standard_points`, `meeting_individual_points`, `minutes`, `seconds`, `hundreds`, `meeting_program_id`, `swimmer_id`, `team_id`, `badge_id`, `user_id`, `created_at`, `updated_at`, `disqualification_code_type_id`, `goggle_cup_points`, `reaction_time`, `team_points`, `team_affiliation_id`)
  VALUES (192314, 1, 1, 0, 0, 784.43, 784.43, 0, 32, 24, 22254, 15919, 560, 19807, 1, '2015-03-01 00:03:59', '2015-03-01 00:03:59', NULL, 0.0, 0.0, 0.0, 780);

INSERT INTO `meeting_individual_results` (`id`, `rank`, `is_play_off`, `is_out_of_race`, `is_disqualified`, `standard_points`, `meeting_individual_points`, `minutes`, `seconds`, `hundreds`, `meeting_program_id`, `swimmer_id`, `team_id`, `badge_id`, `user_id`, `created_at`, `updated_at`, `disqualification_code_type_id`, `goggle_cup_points`, `reaction_time`, `team_points`, `team_affiliation_id`)
  VALUES (192315, 2, 1, 0, 0, 770.57, 770.57, 0, 32, 82, 22254, 9564, 326, 13277, 1, '2015-03-01 00:03:59', '2015-03-01 00:03:59', NULL, 0.0, 0.0, 0.0, 543);

INSERT INTO `meeting_individual_results` (`id`, `rank`, `is_play_off`, `is_out_of_race`, `is_disqualified`, `standard_points`, `meeting_individual_points`, `minutes`, `seconds`, `hundreds`, `meeting_program_id`, `swimmer_id`, `team_id`, `badge_id`, `user_id`, `created_at`, `updated_at`, `disqualification_code_type_id`, `goggle_cup_points`, `reaction_time`, `team_points`, `team_affiliation_id`)
  VALUES (192316, 3, 1, 0, 0, 617.73, 617.73, 0, 40, 94, 22254, 17696, 560, 21491, 1, '2015-03-01 00:03:59', '2015-03-01 00:03:59', NULL, 0.0, 0.0, 0.0, 780);

INSERT INTO `meeting_individual_results` (`id`, `rank`, `is_play_off`, `is_out_of_race`, `is_disqualified`, `standard_points`, `meeting_individual_points`, `minutes`, `seconds`, `hundreds`, `meeting_program_id`, `swimmer_id`, `team_id`, `badge_id`, `user_id`, `created_at`, `updated_at`, `disqualification_code_type_id`, `goggle_cup_points`, `reaction_time`, `team_points`, `team_affiliation_id`)
  VALUES (192317, 4, 1, 0, 0, 563.63, 563.63, 0, 44, 87, 22254, 7664, 411, 11224, 1, '2015-03-01 00:04:00', '2015-03-01 00:04:00', NULL, 0.0, 0.0, 0.0, 631);

INSERT INTO `meeting_individual_results` (`id`, `rank`, `is_play_off`, `is_out_of_race`, `is_disqualified`, `standard_points`, `meeting_individual_points`, `minutes`, `seconds`, `hundreds`, `meeting_program_id`, `swimmer_id`, `team_id`, `badge_id`, `user_id`, `created_at`, `updated_at`, `disqualification_code_type_id`, `goggle_cup_points`, `reaction_time`, `team_points`, `team_affiliation_id`)
  VALUES (192318, 1, 1, 0, 0, 850.8, 850.8, 0, 30, 16, 22255, 12559, 215, 16256, 1, '2015-03-01 00:04:00', '2015-03-01 00:04:00', NULL, 0.0, 0.0, 0.0, 410);

INSERT INTO `meeting_individual_results` (`id`, `rank`, `is_play_off`, `is_out_of_race`, `is_disqualified`, `standard_points`, `meeting_individual_points`, `minutes`, `seconds`, `hundreds`, `meeting_program_id`, `swimmer_id`, `team_id`, `badge_id`, `user_id`, `created_at`, `updated_at`, `disqualification_code_type_id`, `goggle_cup_points`, `reaction_time`, `team_points`, `team_affiliation_id`)
  VALUES (192319, 1, 1, 0, 0, 711.98, 711.98, 0, 37, 22, 22256, 9621, 272, 13407, 1, '2015-03-01 00:04:00', '2015-03-01 00:04:00', NULL, 0.0, 0.0, 0.0, 469);

INSERT INTO `meeting_individual_results` (`id`, `rank`, `is_play_off`, `is_out_of_race`, `is_disqualified`, `standard_points`, `meeting_individual_points`, `minutes`, `seconds`, `hundreds`, `meeting_program_id`, `swimmer_id`, `team_id`, `badge_id`, `user_id`, `created_at`, `updated_at`, `disqualification_code_type_id`, `goggle_cup_points`, `reaction_time`, `team_points`, `team_affiliation_id`)
  VALUES (192320, 2, 1, 0, 0, 691.0, 691.0, 0, 38, 35, 22256, 9449, 216, 13293, 1, '2015-03-01 00:04:00', '2015-03-01 00:04:00', NULL, 0.0, 0.0, 0.0, 411);

INSERT INTO `meeting_individual_results` (`id`, `rank`, `is_play_off`, `is_out_of_race`, `is_disqualified`, `standard_points`, `meeting_individual_points`, `minutes`, `seconds`, `hundreds`, `meeting_program_id`, `swimmer_id`, `team_id`, `badge_id`, `user_id`, `created_at`, `updated_at`, `disqualification_code_type_id`, `goggle_cup_points`, `reaction_time`, `team_points`, `team_affiliation_id`)
  VALUES (192321, 1, 1, 0, 0, 902.76, 902.76, 0, 29, 72, 22257, 7413, 48, 11161, 1, '2015-03-01 00:04:00', '2015-03-01 00:04:00', NULL, 0.0, 0.0, 0.0, 241);

INSERT INTO `meeting_individual_results` (`id`, `rank`, `is_play_off`, `is_out_of_race`, `is_disqualified`, `standard_points`, `meeting_individual_points`, `minutes`, `seconds`, `hundreds`, `meeting_program_id`, `swimmer_id`, `team_id`, `badge_id`, `user_id`, `created_at`, `updated_at`, `disqualification_code_type_id`, `goggle_cup_points`, `reaction_time`, `team_points`, `team_affiliation_id`)
  VALUES (192322, 2, 1, 0, 0, 818.74, 818.74, 0, 32, 77, 22257, 4740, 215, 8035, 1, '2015-03-01 00:04:00', '2015-03-01 00:04:00', NULL, 0.0, 0.0, 0.0, 410);

INSERT INTO `meeting_individual_results` (`id`, `rank`, `is_play_off`, `is_out_of_race`, `is_disqualified`, `standard_points`, `meeting_individual_points`, `minutes`, `seconds`, `hundreds`, `meeting_program_id`, `swimmer_id`, `team_id`, `badge_id`, `user_id`, `created_at`, `updated_at`, `disqualification_code_type_id`, `goggle_cup_points`, `reaction_time`, `team_points`, `team_affiliation_id`)
  VALUES (192323, 3, 1, 0, 0, 707.17, 707.17, 0, 37, 94, 22257, 9588, 499, 13281, 1, '2015-03-01 00:04:00', '2015-03-01 00:04:00', NULL, 0.0, 0.0, 0.0, 719);

INSERT INTO `meeting_individual_results` (`id`, `rank`, `is_play_off`, `is_out_of_race`, `is_disqualified`, `standard_points`, `meeting_individual_points`, `minutes`, `seconds`, `hundreds`, `meeting_program_id`, `swimmer_id`, `team_id`, `badge_id`, `user_id`, `created_at`, `updated_at`, `disqualification_code_type_id`, `goggle_cup_points`, `reaction_time`, `team_points`, `team_affiliation_id`)
  VALUES (192324, 1, 1, 0, 0, 609.29, 609.29, 0, 46, 94, 22258, 7428, 288, 11165, 1, '2015-03-01 00:04:00', '2015-03-01 00:04:00', NULL, 0.0, 0.0, 0.0, 485);

INSERT INTO `meeting_individual_results` (`id`, `rank`, `is_play_off`, `is_out_of_race`, `is_disqualified`, `standard_points`, `meeting_individual_points`, `minutes`, `seconds`, `hundreds`, `meeting_program_id`, `swimmer_id`, `team_id`, `badge_id`, `user_id`, `created_at`, `updated_at`, `disqualification_code_type_id`, `goggle_cup_points`, `reaction_time`, `team_points`, `team_affiliation_id`)
  VALUES (192325, 2, 1, 0, 0, 507.18, 507.18, 0, 56, 39, 22258, 2153, 56, 5346, 1, '2015-03-01 00:04:00', '2015-03-01 00:04:00', NULL, 0.0, 0.0, 0.0, 249);

INSERT INTO `meeting_individual_results` (`id`, `rank`, `is_play_off`, `is_out_of_race`, `is_disqualified`, `standard_points`, `meeting_individual_points`, `minutes`, `seconds`, `hundreds`, `meeting_program_id`, `swimmer_id`, `team_id`, `badge_id`, `user_id`, `created_at`, `updated_at`, `disqualification_code_type_id`, `goggle_cup_points`, `reaction_time`, `team_points`, `team_affiliation_id`)
  VALUES (192326, 1, 1, 0, 0, 870.02, 870.02, 0, 34, 39, 22259, 12524, 215, 16365, 1, '2015-03-01 00:04:00', '2015-03-01 00:04:00', NULL, 0.0, 0.0, 0.0, 410);

INSERT INTO `meeting_individual_results` (`id`, `rank`, `is_play_off`, `is_out_of_race`, `is_disqualified`, `standard_points`, `meeting_individual_points`, `minutes`, `seconds`, `hundreds`, `meeting_program_id`, `swimmer_id`, `team_id`, `badge_id`, `user_id`, `created_at`, `updated_at`, `disqualification_code_type_id`, `goggle_cup_points`, `reaction_time`, `team_points`, `team_affiliation_id`)
  VALUES (192327, 2, 1, 0, 0, 677.54, 677.54, 0, 44, 16, 22259, 9523, 394, 13336, 1, '2015-03-01 00:04:00', '2015-03-01 00:04:00', NULL, 0.0, 0.0, 0.0, 614);

INSERT INTO `meeting_individual_results` (`id`, `rank`, `is_play_off`, `is_out_of_race`, `is_disqualified`, `standard_points`, `meeting_individual_points`, `minutes`, `seconds`, `hundreds`, `meeting_program_id`, `swimmer_id`, `team_id`, `badge_id`, `user_id`, `created_at`, `updated_at`, `disqualification_code_type_id`, `goggle_cup_points`, `reaction_time`, `team_points`, `team_affiliation_id`)
  VALUES (192328, 3, 1, 0, 0, 538.13, 538.13, 0, 55, 60, 22259, 7493, 288, 11200, 1, '2015-03-01 00:04:01', '2015-03-01 00:04:01', NULL, 0.0, 0.0, 0.0, 485);

INSERT INTO `meeting_individual_results` (`id`, `rank`, `is_play_off`, `is_out_of_race`, `is_disqualified`, `standard_points`, `meeting_individual_points`, `minutes`, `seconds`, `hundreds`, `meeting_program_id`, `swimmer_id`, `team_id`, `badge_id`, `user_id`, `created_at`, `updated_at`, `disqualification_code_type_id`, `goggle_cup_points`, `reaction_time`, `team_points`, `team_affiliation_id`)
  VALUES (192329, 1, 1, 0, 0, 930.71, 930.71, 0, 33, 77, 22260, 4761, 78, 8056, 1, '2015-03-01 00:04:01', '2015-03-01 00:04:01', NULL, 0.0, 0.0, 0.0, 271);

INSERT INTO `meeting_individual_results` (`id`, `rank`, `is_play_off`, `is_out_of_race`, `is_disqualified`, `standard_points`, `meeting_individual_points`, `minutes`, `seconds`, `hundreds`, `meeting_program_id`, `swimmer_id`, `team_id`, `badge_id`, `user_id`, `created_at`, `updated_at`, `disqualification_code_type_id`, `goggle_cup_points`, `reaction_time`, `team_points`, `team_affiliation_id`)
  VALUES (192330, 2, 1, 0, 0, 726.87, 726.87, 0, 43, 24, 22260, 9545, 326, 13287, 1, '2015-03-01 00:04:01', '2015-03-01 00:04:01', NULL, 0.0, 0.0, 0.0, 543);

INSERT INTO `meeting_individual_results` (`id`, `rank`, `is_play_off`, `is_out_of_race`, `is_disqualified`, `standard_points`, `meeting_individual_points`, `minutes`, `seconds`, `hundreds`, `meeting_program_id`, `swimmer_id`, `team_id`, `badge_id`, `user_id`, `created_at`, `updated_at`, `disqualification_code_type_id`, `goggle_cup_points`, `reaction_time`, `team_points`, `team_affiliation_id`)
  VALUES (192331, 1, 1, 0, 0, 590.32, 590.32, 0, 55, 58, 22261, 15995, 394, 19769, 1, '2015-03-01 00:04:01', '2015-03-01 00:04:01', NULL, 0.0, 0.0, 0.0, 614);

INSERT INTO `meeting_individual_results` (`id`, `rank`, `is_play_off`, `is_out_of_race`, `is_disqualified`, `standard_points`, `meeting_individual_points`, `minutes`, `seconds`, `hundreds`, `meeting_program_id`, `swimmer_id`, `team_id`, `badge_id`, `user_id`, `created_at`, `updated_at`, `disqualification_code_type_id`, `goggle_cup_points`, `reaction_time`, `team_points`, `team_affiliation_id`)
  VALUES (192332, 1, 1, 0, 0, 0.0, 0.0, 0, 35, 56, 22262, 11416, 560, 15158, 1, '2015-03-01 00:04:01', '2015-03-01 00:04:01', NULL, 0.0, 0.0, 0.0, 780);

INSERT INTO `meeting_individual_results` (`id`, `rank`, `is_play_off`, `is_out_of_race`, `is_disqualified`, `standard_points`, `meeting_individual_points`, `minutes`, `seconds`, `hundreds`, `meeting_program_id`, `swimmer_id`, `team_id`, `badge_id`, `user_id`, `created_at`, `updated_at`, `disqualification_code_type_id`, `goggle_cup_points`, `reaction_time`, `team_points`, `team_affiliation_id`)
  VALUES (192333, 1, 1, 0, 0, 702.62, 702.62, 0, 40, 15, 22263, 12725, 225, 16470, 1, '2015-03-01 00:04:01', '2015-03-01 00:04:01', NULL, 0.0, 0.0, 0.0, 420);

INSERT INTO `meeting_individual_results` (`id`, `rank`, `is_play_off`, `is_out_of_race`, `is_disqualified`, `standard_points`, `meeting_individual_points`, `minutes`, `seconds`, `hundreds`, `meeting_program_id`, `swimmer_id`, `team_id`, `badge_id`, `user_id`, `created_at`, `updated_at`, `disqualification_code_type_id`, `goggle_cup_points`, `reaction_time`, `team_points`, `team_affiliation_id`)
  VALUES (192334, 1, 1, 0, 0, 830.77, 830.77, 0, 34, 51, 22264, 9530, 326, 13271, 1, '2015-03-01 00:04:01', '2015-03-01 00:04:01', NULL, 0.0, 0.0, 0.0, 543);

INSERT INTO `meeting_individual_results` (`id`, `rank`, `is_play_off`, `is_out_of_race`, `is_disqualified`, `standard_points`, `meeting_individual_points`, `minutes`, `seconds`, `hundreds`, `meeting_program_id`, `swimmer_id`, `team_id`, `badge_id`, `user_id`, `created_at`, `updated_at`, `disqualification_code_type_id`, `goggle_cup_points`, `reaction_time`, `team_points`, `team_affiliation_id`)
  VALUES (192335, 1, 1, 0, 0, 700.75, 700.75, 0, 41, 47, 22265, 4703, 281, 7998, 1, '2015-03-01 00:04:01', '2015-03-01 00:04:01', NULL, 0.0, 0.0, 0.0, 478);

INSERT INTO `meeting_individual_results` (`id`, `rank`, `is_play_off`, `is_out_of_race`, `is_disqualified`, `standard_points`, `meeting_individual_points`, `minutes`, `seconds`, `hundreds`, `meeting_program_id`, `swimmer_id`, `team_id`, `badge_id`, `user_id`, `created_at`, `updated_at`, `disqualification_code_type_id`, `goggle_cup_points`, `reaction_time`, `team_points`, `team_affiliation_id`)
  VALUES (192336, 2, 1, 0, 0, 641.78, 641.78, 0, 45, 28, 22265, 15934, 394, 19746, 1, '2015-03-01 00:04:01', '2015-03-01 00:04:01', NULL, 0.0, 0.0, 0.0, 614);

INSERT INTO `meeting_individual_results` (`id`, `rank`, `is_play_off`, `is_out_of_race`, `is_disqualified`, `standard_points`, `meeting_individual_points`, `minutes`, `seconds`, `hundreds`, `meeting_program_id`, `swimmer_id`, `team_id`, `badge_id`, `user_id`, `created_at`, `updated_at`, `disqualification_code_type_id`, `goggle_cup_points`, `reaction_time`, `team_points`, `team_affiliation_id`)
  VALUES (192337, 1, 1, 0, 0, 981.44, 981.44, 0, 30, 17, 22266, 2054, 87, 5244, 1, '2015-03-01 00:04:01', '2015-03-01 00:04:01', NULL, 0.0, 0.0, 0.0, 280);

INSERT INTO `meeting_individual_results` (`id`, `rank`, `is_play_off`, `is_out_of_race`, `is_disqualified`, `standard_points`, `meeting_individual_points`, `minutes`, `seconds`, `hundreds`, `meeting_program_id`, `swimmer_id`, `team_id`, `badge_id`, `user_id`, `created_at`, `updated_at`, `disqualification_code_type_id`, `goggle_cup_points`, `reaction_time`, `team_points`, `team_affiliation_id`)
  VALUES (192338, 2, 1, 0, 0, 761.57, 761.57, 0, 38, 88, 22266, 4704, 281, 7999, 1, '2015-03-01 00:04:02', '2015-03-01 00:04:02', NULL, 0.0, 0.0, 0.0, 478);

INSERT INTO `meeting_individual_results` (`id`, `rank`, `is_play_off`, `is_out_of_race`, `is_disqualified`, `standard_points`, `meeting_individual_points`, `minutes`, `seconds`, `hundreds`, `meeting_program_id`, `swimmer_id`, `team_id`, `badge_id`, `user_id`, `created_at`, `updated_at`, `disqualification_code_type_id`, `goggle_cup_points`, `reaction_time`, `team_points`, `team_affiliation_id`)
  VALUES (192339, 3, 1, 0, 0, 547.02, 547.02, 0, 54, 13, 22266, 11412, 499, 15141, 1, '2015-03-01 00:04:02', '2015-03-01 00:04:02', NULL, 0.0, 0.0, 0.0, 719);

INSERT INTO `meeting_individual_results` (`id`, `rank`, `is_play_off`, `is_out_of_race`, `is_disqualified`, `standard_points`, `meeting_individual_points`, `minutes`, `seconds`, `hundreds`, `meeting_program_id`, `swimmer_id`, `team_id`, `badge_id`, `user_id`, `created_at`, `updated_at`, `disqualification_code_type_id`, `goggle_cup_points`, `reaction_time`, `team_points`, `team_affiliation_id`)
  VALUES (192340, 4, 1, 0, 0, 476.12, 476.12, 1, 2, 19, 22266, 12755, 225, 16522, 1, '2015-03-01 00:04:02', '2015-03-01 00:04:02', NULL, 0.0, 0.0, 0.0, 420);

INSERT INTO `meeting_individual_results` (`id`, `rank`, `is_play_off`, `is_out_of_race`, `is_disqualified`, `standard_points`, `meeting_individual_points`, `minutes`, `seconds`, `hundreds`, `meeting_program_id`, `swimmer_id`, `team_id`, `badge_id`, `user_id`, `created_at`, `updated_at`, `disqualification_code_type_id`, `goggle_cup_points`, `reaction_time`, `team_points`, `team_affiliation_id`)
  VALUES (192341, 1, 1, 0, 0, 862.5, 862.5, 0, 35, 71, 22267, 4784, 221, 8079, 1, '2015-03-01 00:04:02', '2015-03-01 00:04:02', NULL, 0.0, 0.0, 0.0, 416);

INSERT INTO `meeting_individual_results` (`id`, `rank`, `is_play_off`, `is_out_of_race`, `is_disqualified`, `standard_points`, `meeting_individual_points`, `minutes`, `seconds`, `hundreds`, `meeting_program_id`, `swimmer_id`, `team_id`, `badge_id`, `user_id`, `created_at`, `updated_at`, `disqualification_code_type_id`, `goggle_cup_points`, `reaction_time`, `team_points`, `team_affiliation_id`)
  VALUES (192342, 1, 1, 0, 0, 0.0, 0.0, 0, 32, 88, 22268, 2355, 109, 5555, 1, '2015-03-01 00:04:02', '2015-03-01 00:04:02', NULL, 0.0, 0.0, 0.0, 302);

INSERT INTO `meeting_individual_results` (`id`, `rank`, `is_play_off`, `is_out_of_race`, `is_disqualified`, `standard_points`, `meeting_individual_points`, `minutes`, `seconds`, `hundreds`, `meeting_program_id`, `swimmer_id`, `team_id`, `badge_id`, `user_id`, `created_at`, `updated_at`, `disqualification_code_type_id`, `goggle_cup_points`, `reaction_time`, `team_points`, `team_affiliation_id`)
  VALUES (192343, 2, 1, 0, 0, 0.0, 0.0, 0, 34, 74, 22268, 9580, 326, 13170, 1, '2015-03-01 00:04:02', '2015-03-01 00:04:02', NULL, 0.0, 0.0, 0.0, 543);

INSERT INTO `meeting_individual_results` (`id`, `rank`, `is_play_off`, `is_out_of_race`, `is_disqualified`, `standard_points`, `meeting_individual_points`, `minutes`, `seconds`, `hundreds`, `meeting_program_id`, `swimmer_id`, `team_id`, `badge_id`, `user_id`, `created_at`, `updated_at`, `disqualification_code_type_id`, `goggle_cup_points`, `reaction_time`, `team_points`, `team_affiliation_id`)
  VALUES (192344, 3, 1, 0, 0, 0.0, 0.0, 0, 34, 91, 22268, 17128, 413, 20923, 1, '2015-03-01 00:04:02', '2015-03-01 00:04:02', NULL, 0.0, 0.0, 0.0, 633);

INSERT INTO `meeting_individual_results` (`id`, `rank`, `is_play_off`, `is_out_of_race`, `is_disqualified`, `standard_points`, `meeting_individual_points`, `minutes`, `seconds`, `hundreds`, `meeting_program_id`, `swimmer_id`, `team_id`, `badge_id`, `user_id`, `created_at`, `updated_at`, `disqualification_code_type_id`, `goggle_cup_points`, `reaction_time`, `team_points`, `team_affiliation_id`)
  VALUES (192345, 1, 1, 0, 0, 882.65, 882.65, 0, 27, 44, 22269, 7513, 48, 11363, 1, '2015-03-01 00:04:02', '2015-03-01 00:04:02', NULL, 0.0, 0.0, 0.0, 241);

INSERT INTO `meeting_individual_results` (`id`, `rank`, `is_play_off`, `is_out_of_race`, `is_disqualified`, `standard_points`, `meeting_individual_points`, `minutes`, `seconds`, `hundreds`, `meeting_program_id`, `swimmer_id`, `team_id`, `badge_id`, `user_id`, `created_at`, `updated_at`, `disqualification_code_type_id`, `goggle_cup_points`, `reaction_time`, `team_points`, `team_affiliation_id`)
  VALUES (192346, 2, 1, 0, 0, 835.17, 835.17, 0, 29, 0, 22269, 9618, 413, 13386, 1, '2015-03-01 00:04:02', '2015-03-01 00:04:02', NULL, 0.0, 0.0, 0.0, 633);

INSERT INTO `meeting_individual_results` (`id`, `rank`, `is_play_off`, `is_out_of_race`, `is_disqualified`, `standard_points`, `meeting_individual_points`, `minutes`, `seconds`, `hundreds`, `meeting_program_id`, `swimmer_id`, `team_id`, `badge_id`, `user_id`, `created_at`, `updated_at`, `disqualification_code_type_id`, `goggle_cup_points`, `reaction_time`, `team_points`, `team_affiliation_id`)
  VALUES (192347, 3, 1, 0, 0, 828.32, 828.32, 0, 29, 24, 22269, 12741, 109, 16487, 1, '2015-03-01 00:04:02', '2015-03-01 00:04:02', NULL, 0.0, 0.0, 0.0, 302);

INSERT INTO `meeting_individual_results` (`id`, `rank`, `is_play_off`, `is_out_of_race`, `is_disqualified`, `standard_points`, `meeting_individual_points`, `minutes`, `seconds`, `hundreds`, `meeting_program_id`, `swimmer_id`, `team_id`, `badge_id`, `user_id`, `created_at`, `updated_at`, `disqualification_code_type_id`, `goggle_cup_points`, `reaction_time`, `team_points`, `team_affiliation_id`)
  VALUES (192348, 4, 1, 0, 0, 722.77, 722.77, 0, 33, 51, 22269, 2183, 105, 5376, 1, '2015-03-01 00:04:02', '2015-03-01 00:04:02', NULL, 0.0, 0.0, 0.0, 298);

INSERT INTO `meeting_individual_results` (`id`, `rank`, `is_play_off`, `is_out_of_race`, `is_disqualified`, `standard_points`, `meeting_individual_points`, `minutes`, `seconds`, `hundreds`, `meeting_program_id`, `swimmer_id`, `team_id`, `badge_id`, `user_id`, `created_at`, `updated_at`, `disqualification_code_type_id`, `goggle_cup_points`, `reaction_time`, `team_points`, `team_affiliation_id`)
  VALUES (192349, 5, 1, 0, 0, 712.56, 712.56, 0, 33, 99, 22269, 7704, 105, 11308, 1, '2015-03-01 00:04:03', '2015-03-01 00:04:03', NULL, 0.0, 0.0, 0.0, 298);

INSERT INTO `meeting_individual_results` (`id`, `rank`, `is_play_off`, `is_out_of_race`, `is_disqualified`, `standard_points`, `meeting_individual_points`, `minutes`, `seconds`, `hundreds`, `meeting_program_id`, `swimmer_id`, `team_id`, `badge_id`, `user_id`, `created_at`, `updated_at`, `disqualification_code_type_id`, `goggle_cup_points`, `reaction_time`, `team_points`, `team_affiliation_id`)
  VALUES (192350, 6, 1, 0, 1, 0.0, 0.0, 0, 0, 0, 22269, 17697, 288, 21489, 1, '2015-03-01 00:04:03', '2015-03-01 00:04:03', 1, 0.0, 0.0, 0.0, 485);

INSERT INTO `meeting_individual_results` (`id`, `rank`, `is_play_off`, `is_out_of_race`, `is_disqualified`, `standard_points`, `meeting_individual_points`, `minutes`, `seconds`, `hundreds`, `meeting_program_id`, `swimmer_id`, `team_id`, `badge_id`, `user_id`, `created_at`, `updated_at`, `disqualification_code_type_id`, `goggle_cup_points`, `reaction_time`, `team_points`, `team_affiliation_id`)
  VALUES (192351, 1, 1, 0, 0, 838.83, 838.83, 0, 29, 10, 22270, 4756, 221, 8051, 1, '2015-03-01 00:04:03', '2015-03-01 00:04:03', NULL, 0.0, 0.0, 0.0, 416);

INSERT INTO `meeting_individual_results` (`id`, `rank`, `is_play_off`, `is_out_of_race`, `is_disqualified`, `standard_points`, `meeting_individual_points`, `minutes`, `seconds`, `hundreds`, `meeting_program_id`, `swimmer_id`, `team_id`, `badge_id`, `user_id`, `created_at`, `updated_at`, `disqualification_code_type_id`, `goggle_cup_points`, `reaction_time`, `team_points`, `team_affiliation_id`)
  VALUES (192352, 2, 1, 0, 0, 796.67, 796.67, 0, 30, 64, 22270, 3941, 218, 7184, 1, '2015-03-01 00:04:03', '2015-03-01 00:04:03', NULL, 0.0, 0.0, 0.0, 413);

INSERT INTO `meeting_individual_results` (`id`, `rank`, `is_play_off`, `is_out_of_race`, `is_disqualified`, `standard_points`, `meeting_individual_points`, `minutes`, `seconds`, `hundreds`, `meeting_program_id`, `swimmer_id`, `team_id`, `badge_id`, `user_id`, `created_at`, `updated_at`, `disqualification_code_type_id`, `goggle_cup_points`, `reaction_time`, `team_points`, `team_affiliation_id`)
  VALUES (192353, 3, 1, 0, 0, 785.65, 785.65, 0, 31, 7, 22270, 17695, 221, 21497, 1, '2015-03-01 00:04:03', '2015-03-01 00:04:03', NULL, 0.0, 0.0, 0.0, 416);

INSERT INTO `meeting_individual_results` (`id`, `rank`, `is_play_off`, `is_out_of_race`, `is_disqualified`, `standard_points`, `meeting_individual_points`, `minutes`, `seconds`, `hundreds`, `meeting_program_id`, `swimmer_id`, `team_id`, `badge_id`, `user_id`, `created_at`, `updated_at`, `disqualification_code_type_id`, `goggle_cup_points`, `reaction_time`, `team_points`, `team_affiliation_id`)
  VALUES (192354, 4, 1, 0, 0, 780.12, 780.12, 0, 31, 29, 22270, 12484, 221, 16259, 1, '2015-03-01 00:04:03', '2015-03-01 00:04:03', NULL, 0.0, 0.0, 0.0, 416);

INSERT INTO `meeting_individual_results` (`id`, `rank`, `is_play_off`, `is_out_of_race`, `is_disqualified`, `standard_points`, `meeting_individual_points`, `minutes`, `seconds`, `hundreds`, `meeting_program_id`, `swimmer_id`, `team_id`, `badge_id`, `user_id`, `created_at`, `updated_at`, `disqualification_code_type_id`, `goggle_cup_points`, `reaction_time`, `team_points`, `team_affiliation_id`)
  VALUES (192355, 5, 1, 0, 0, 733.25, 733.25, 0, 33, 29, 22270, 7645, 414, 11229, 1, '2015-03-01 00:04:03', '2015-03-01 00:04:03', NULL, 0.0, 0.0, 0.0, 634);

INSERT INTO `meeting_individual_results` (`id`, `rank`, `is_play_off`, `is_out_of_race`, `is_disqualified`, `standard_points`, `meeting_individual_points`, `minutes`, `seconds`, `hundreds`, `meeting_program_id`, `swimmer_id`, `team_id`, `badge_id`, `user_id`, `created_at`, `updated_at`, `disqualification_code_type_id`, `goggle_cup_points`, `reaction_time`, `team_points`, `team_affiliation_id`)
  VALUES (192356, 6, 1, 0, 0, 683.95, 683.95, 0, 35, 69, 22270, 3728, 216, 6956, 1, '2015-03-01 00:04:03', '2015-03-01 00:04:03', NULL, 0.0, 0.0, 0.0, 411);

INSERT INTO `meeting_individual_results` (`id`, `rank`, `is_play_off`, `is_out_of_race`, `is_disqualified`, `standard_points`, `meeting_individual_points`, `minutes`, `seconds`, `hundreds`, `meeting_program_id`, `swimmer_id`, `team_id`, `badge_id`, `user_id`, `created_at`, `updated_at`, `disqualification_code_type_id`, `goggle_cup_points`, `reaction_time`, `team_points`, `team_affiliation_id`)
  VALUES (192357, 7, 1, 0, 0, 633.04, 633.04, 0, 38, 56, 22270, 12748, 394, 16508, 1, '2015-03-01 00:04:03', '2015-03-01 00:04:03', NULL, 0.0, 0.0, 0.0, 614);

INSERT INTO `meeting_individual_results` (`id`, `rank`, `is_play_off`, `is_out_of_race`, `is_disqualified`, `standard_points`, `meeting_individual_points`, `minutes`, `seconds`, `hundreds`, `meeting_program_id`, `swimmer_id`, `team_id`, `badge_id`, `user_id`, `created_at`, `updated_at`, `disqualification_code_type_id`, `goggle_cup_points`, `reaction_time`, `team_points`, `team_affiliation_id`)
  VALUES (192358, 1, 1, 0, 0, 825.88, 825.88, 0, 29, 75, 22271, 7601, 414, 11191, 1, '2015-03-01 00:04:03', '2015-03-01 00:04:03', NULL, 0.0, 0.0, 0.0, 634);

INSERT INTO `meeting_individual_results` (`id`, `rank`, `is_play_off`, `is_out_of_race`, `is_disqualified`, `standard_points`, `meeting_individual_points`, `minutes`, `seconds`, `hundreds`, `meeting_program_id`, `swimmer_id`, `team_id`, `badge_id`, `user_id`, `created_at`, `updated_at`, `disqualification_code_type_id`, `goggle_cup_points`, `reaction_time`, `team_points`, `team_affiliation_id`)
  VALUES (192359, 2, 1, 0, 0, 782.73, 782.73, 0, 31, 39, 22271, 6180, 357, 10117, 1, '2015-03-01 00:04:04', '2015-03-01 00:04:04', NULL, 0.0, 0.0, 0.0, 574);

INSERT INTO `meeting_individual_results` (`id`, `rank`, `is_play_off`, `is_out_of_race`, `is_disqualified`, `standard_points`, `meeting_individual_points`, `minutes`, `seconds`, `hundreds`, `meeting_program_id`, `swimmer_id`, `team_id`, `badge_id`, `user_id`, `created_at`, `updated_at`, `disqualification_code_type_id`, `goggle_cup_points`, `reaction_time`, `team_points`, `team_affiliation_id`)
  VALUES (192360, 3, 1, 0, 0, 702.0, 702.0, 0, 35, 0, 22271, 11705, 567, 15431, 1, '2015-03-01 00:04:04', '2015-03-01 00:04:04', NULL, 0.0, 0.0, 0.0, 787);

INSERT INTO `meeting_individual_results` (`id`, `rank`, `is_play_off`, `is_out_of_race`, `is_disqualified`, `standard_points`, `meeting_individual_points`, `minutes`, `seconds`, `hundreds`, `meeting_program_id`, `swimmer_id`, `team_id`, `badge_id`, `user_id`, `created_at`, `updated_at`, `disqualification_code_type_id`, `goggle_cup_points`, `reaction_time`, `team_points`, `team_affiliation_id`)
  VALUES (192361, 4, 1, 0, 0, 601.62, 601.62, 0, 40, 84, 22271, 12570, 384, 16361, 1, '2015-03-01 00:04:04', '2015-03-01 00:04:04', NULL, 0.0, 0.0, 0.0, 604);

INSERT INTO `meeting_individual_results` (`id`, `rank`, `is_play_off`, `is_out_of_race`, `is_disqualified`, `standard_points`, `meeting_individual_points`, `minutes`, `seconds`, `hundreds`, `meeting_program_id`, `swimmer_id`, `team_id`, `badge_id`, `user_id`, `created_at`, `updated_at`, `disqualification_code_type_id`, `goggle_cup_points`, `reaction_time`, `team_points`, `team_affiliation_id`)
  VALUES (192362, 5, 1, 0, 0, 547.83, 547.83, 0, 44, 85, 22271, 12688, 394, 16509, 1, '2015-03-01 00:04:04', '2015-03-01 00:04:04', NULL, 0.0, 0.0, 0.0, 614);

INSERT INTO `meeting_individual_results` (`id`, `rank`, `is_play_off`, `is_out_of_race`, `is_disqualified`, `standard_points`, `meeting_individual_points`, `minutes`, `seconds`, `hundreds`, `meeting_program_id`, `swimmer_id`, `team_id`, `badge_id`, `user_id`, `created_at`, `updated_at`, `disqualification_code_type_id`, `goggle_cup_points`, `reaction_time`, `team_points`, `team_affiliation_id`)
  VALUES (192363, 1, 1, 0, 0, 859.17, 859.17, 0, 29, 54, 22272, 4786, 216, 8081, 1, '2015-03-01 00:04:04', '2015-03-01 00:04:04', NULL, 0.0, 0.0, 0.0, 411);

INSERT INTO `meeting_individual_results` (`id`, `rank`, `is_play_off`, `is_out_of_race`, `is_disqualified`, `standard_points`, `meeting_individual_points`, `minutes`, `seconds`, `hundreds`, `meeting_program_id`, `swimmer_id`, `team_id`, `badge_id`, `user_id`, `created_at`, `updated_at`, `disqualification_code_type_id`, `goggle_cup_points`, `reaction_time`, `team_points`, `team_affiliation_id`)
  VALUES (192364, 2, 1, 0, 0, 832.4, 832.4, 0, 30, 49, 22272, 7621, 357, 11320, 1, '2015-03-01 00:04:04', '2015-03-01 00:04:04', NULL, 0.0, 0.0, 0.0, 574);

INSERT INTO `meeting_individual_results` (`id`, `rank`, `is_play_off`, `is_out_of_race`, `is_disqualified`, `standard_points`, `meeting_individual_points`, `minutes`, `seconds`, `hundreds`, `meeting_program_id`, `swimmer_id`, `team_id`, `badge_id`, `user_id`, `created_at`, `updated_at`, `disqualification_code_type_id`, `goggle_cup_points`, `reaction_time`, `team_points`, `team_affiliation_id`)
  VALUES (192365, 3, 1, 0, 0, 818.71, 818.71, 0, 31, 0, 22272, 12566, 411, 16362, 1, '2015-03-01 00:04:04', '2015-03-01 00:04:04', NULL, 0.0, 0.0, 0.0, 631);

INSERT INTO `meeting_individual_results` (`id`, `rank`, `is_play_off`, `is_out_of_race`, `is_disqualified`, `standard_points`, `meeting_individual_points`, `minutes`, `seconds`, `hundreds`, `meeting_program_id`, `swimmer_id`, `team_id`, `badge_id`, `user_id`, `created_at`, `updated_at`, `disqualification_code_type_id`, `goggle_cup_points`, `reaction_time`, `team_points`, `team_affiliation_id`)
  VALUES (192366, 4, 1, 0, 0, 767.46, 767.46, 0, 33, 7, 22272, 4787, 221, 8082, 1, '2015-03-01 00:04:04', '2015-03-01 00:04:04', NULL, 0.0, 0.0, 0.0, 416);

INSERT INTO `meeting_individual_results` (`id`, `rank`, `is_play_off`, `is_out_of_race`, `is_disqualified`, `standard_points`, `meeting_individual_points`, `minutes`, `seconds`, `hundreds`, `meeting_program_id`, `swimmer_id`, `team_id`, `badge_id`, `user_id`, `created_at`, `updated_at`, `disqualification_code_type_id`, `goggle_cup_points`, `reaction_time`, `team_points`, `team_affiliation_id`)
  VALUES (192367, 5, 1, 0, 0, 748.45, 748.45, 0, 33, 91, 22272, 7458, 288, 11322, 1, '2015-03-01 00:04:04', '2015-03-01 00:04:04', NULL, 0.0, 0.0, 0.0, 485);

INSERT INTO `meeting_individual_results` (`id`, `rank`, `is_play_off`, `is_out_of_race`, `is_disqualified`, `standard_points`, `meeting_individual_points`, `minutes`, `seconds`, `hundreds`, `meeting_program_id`, `swimmer_id`, `team_id`, `badge_id`, `user_id`, `created_at`, `updated_at`, `disqualification_code_type_id`, `goggle_cup_points`, `reaction_time`, `team_points`, `team_affiliation_id`)
  VALUES (192368, 6, 1, 0, 0, 710.13, 710.13, 0, 35, 74, 22272, 9805, 391, 13582, 1, '2015-03-01 00:04:04', '2015-03-01 00:04:04', NULL, 0.0, 0.0, 0.0, 611);

INSERT INTO `meeting_individual_results` (`id`, `rank`, `is_play_off`, `is_out_of_race`, `is_disqualified`, `standard_points`, `meeting_individual_points`, `minutes`, `seconds`, `hundreds`, `meeting_program_id`, `swimmer_id`, `team_id`, `badge_id`, `user_id`, `created_at`, `updated_at`, `disqualification_code_type_id`, `goggle_cup_points`, `reaction_time`, `team_points`, `team_affiliation_id`)
  VALUES (192369, 7, 1, 0, 0, 690.05, 690.05, 0, 36, 78, 22272, 4708, 281, 8003, 1, '2015-03-01 00:04:05', '2015-03-01 00:04:05', NULL, 0.0, 0.0, 0.0, 478);

INSERT INTO `meeting_individual_results` (`id`, `rank`, `is_play_off`, `is_out_of_race`, `is_disqualified`, `standard_points`, `meeting_individual_points`, `minutes`, `seconds`, `hundreds`, `meeting_program_id`, `swimmer_id`, `team_id`, `badge_id`, `user_id`, `created_at`, `updated_at`, `disqualification_code_type_id`, `goggle_cup_points`, `reaction_time`, `team_points`, `team_affiliation_id`)
  VALUES (192370, 8, 1, 0, 0, 685.76, 685.76, 0, 37, 1, 22272, 11456, 109, 15289, 1, '2015-03-01 00:04:05', '2015-03-01 00:04:05', NULL, 0.0, 0.0, 0.0, 302);

INSERT INTO `meeting_individual_results` (`id`, `rank`, `is_play_off`, `is_out_of_race`, `is_disqualified`, `standard_points`, `meeting_individual_points`, `minutes`, `seconds`, `hundreds`, `meeting_program_id`, `swimmer_id`, `team_id`, `badge_id`, `user_id`, `created_at`, `updated_at`, `disqualification_code_type_id`, `goggle_cup_points`, `reaction_time`, `team_points`, `team_affiliation_id`)
  VALUES (192371, 9, 1, 0, 0, 561.13, 561.13, 0, 45, 23, 22272, 7622, 287, 11325, 1, '2015-03-01 00:04:05', '2015-03-01 00:04:05', NULL, 0.0, 0.0, 0.0, 484);

INSERT INTO `meeting_individual_results` (`id`, `rank`, `is_play_off`, `is_out_of_race`, `is_disqualified`, `standard_points`, `meeting_individual_points`, `minutes`, `seconds`, `hundreds`, `meeting_program_id`, `swimmer_id`, `team_id`, `badge_id`, `user_id`, `created_at`, `updated_at`, `disqualification_code_type_id`, `goggle_cup_points`, `reaction_time`, `team_points`, `team_affiliation_id`)
  VALUES (192372, 10, 1, 0, 1, 0.0, 0.0, 0, 0, 0, 22272, 12687, 216, 16492, 1, '2015-03-01 00:04:05', '2015-03-01 00:04:05', 1, 0.0, 0.0, 0.0, 411);

INSERT INTO `meeting_individual_results` (`id`, `rank`, `is_play_off`, `is_out_of_race`, `is_disqualified`, `standard_points`, `meeting_individual_points`, `minutes`, `seconds`, `hundreds`, `meeting_program_id`, `swimmer_id`, `team_id`, `badge_id`, `user_id`, `created_at`, `updated_at`, `disqualification_code_type_id`, `goggle_cup_points`, `reaction_time`, `team_points`, `team_affiliation_id`)
  VALUES (192373, 1, 1, 0, 0, 805.08, 805.08, 0, 32, 27, 22273, 7597, 414, 11372, 1, '2015-03-01 00:04:05', '2015-03-01 00:04:05', NULL, 0.0, 0.0, 0.0, 634);

INSERT INTO `meeting_individual_results` (`id`, `rank`, `is_play_off`, `is_out_of_race`, `is_disqualified`, `standard_points`, `meeting_individual_points`, `minutes`, `seconds`, `hundreds`, `meeting_program_id`, `swimmer_id`, `team_id`, `badge_id`, `user_id`, `created_at`, `updated_at`, `disqualification_code_type_id`, `goggle_cup_points`, `reaction_time`, `team_points`, `team_affiliation_id`)
  VALUES (192374, 2, 1, 0, 0, 805.08, 805.08, 0, 32, 27, 22273, 6135, 357, 9949, 1, '2015-03-01 00:04:05', '2015-03-01 00:04:05', NULL, 0.0, 0.0, 0.0, 574);

INSERT INTO `meeting_individual_results` (`id`, `rank`, `is_play_off`, `is_out_of_race`, `is_disqualified`, `standard_points`, `meeting_individual_points`, `minutes`, `seconds`, `hundreds`, `meeting_program_id`, `swimmer_id`, `team_id`, `badge_id`, `user_id`, `created_at`, `updated_at`, `disqualification_code_type_id`, `goggle_cup_points`, `reaction_time`, `team_points`, `team_affiliation_id`)
  VALUES (192375, 3, 1, 0, 0, 782.29, 782.29, 0, 33, 21, 22273, 6901, 384, 10633, 1, '2015-03-01 00:04:05', '2015-03-01 00:04:05', NULL, 0.0, 0.0, 0.0, 604);

INSERT INTO `meeting_individual_results` (`id`, `rank`, `is_play_off`, `is_out_of_race`, `is_disqualified`, `standard_points`, `meeting_individual_points`, `minutes`, `seconds`, `hundreds`, `meeting_program_id`, `swimmer_id`, `team_id`, `badge_id`, `user_id`, `created_at`, `updated_at`, `disqualification_code_type_id`, `goggle_cup_points`, `reaction_time`, `team_points`, `team_affiliation_id`)
  VALUES (192376, 4, 1, 0, 0, 758.32, 758.32, 0, 34, 26, 22273, 17690, 279, 21498, 1, '2015-03-01 00:04:05', '2015-03-01 00:04:05', NULL, 0.0, 0.0, 0.0, 476);

INSERT INTO `meeting_individual_results` (`id`, `rank`, `is_play_off`, `is_out_of_race`, `is_disqualified`, `standard_points`, `meeting_individual_points`, `minutes`, `seconds`, `hundreds`, `meeting_program_id`, `swimmer_id`, `team_id`, `badge_id`, `user_id`, `created_at`, `updated_at`, `disqualification_code_type_id`, `goggle_cup_points`, `reaction_time`, `team_points`, `team_affiliation_id`)
  VALUES (192377, 5, 1, 0, 0, 745.91, 745.91, 0, 34, 83, 22273, 4770, 273, 8065, 1, '2015-03-01 00:04:05', '2015-03-01 00:04:05', NULL, 0.0, 0.0, 0.0, 470);

INSERT INTO `meeting_individual_results` (`id`, `rank`, `is_play_off`, `is_out_of_race`, `is_disqualified`, `standard_points`, `meeting_individual_points`, `minutes`, `seconds`, `hundreds`, `meeting_program_id`, `swimmer_id`, `team_id`, `badge_id`, `user_id`, `created_at`, `updated_at`, `disqualification_code_type_id`, `goggle_cup_points`, `reaction_time`, `team_points`, `team_affiliation_id`)
  VALUES (192378, 6, 1, 0, 0, 744.2, 744.2, 0, 34, 91, 22273, 4746, 225, 8041, 1, '2015-03-01 00:04:05', '2015-03-01 00:04:05', NULL, 0.0, 0.0, 0.0, 420);

INSERT INTO `meeting_individual_results` (`id`, `rank`, `is_play_off`, `is_out_of_race`, `is_disqualified`, `standard_points`, `meeting_individual_points`, `minutes`, `seconds`, `hundreds`, `meeting_program_id`, `swimmer_id`, `team_id`, `badge_id`, `user_id`, `created_at`, `updated_at`, `disqualification_code_type_id`, `goggle_cup_points`, `reaction_time`, `team_points`, `team_affiliation_id`)
  VALUES (192379, 7, 1, 0, 0, 709.84, 709.84, 0, 36, 60, 22273, 9435, 222, 13296, 1, '2015-03-01 00:04:05', '2015-03-01 00:04:05', NULL, 0.0, 0.0, 0.0, 417);

INSERT INTO `meeting_individual_results` (`id`, `rank`, `is_play_off`, `is_out_of_race`, `is_disqualified`, `standard_points`, `meeting_individual_points`, `minutes`, `seconds`, `hundreds`, `meeting_program_id`, `swimmer_id`, `team_id`, `badge_id`, `user_id`, `created_at`, `updated_at`, `disqualification_code_type_id`, `goggle_cup_points`, `reaction_time`, `team_points`, `team_affiliation_id`)
  VALUES (192380, 8, 1, 0, 0, 627.69, 627.69, 0, 41, 39, 22273, 12697, 326, 16514, 1, '2015-03-01 00:04:06', '2015-03-01 00:04:06', NULL, 0.0, 0.0, 0.0, 543);

INSERT INTO `meeting_individual_results` (`id`, `rank`, `is_play_off`, `is_out_of_race`, `is_disqualified`, `standard_points`, `meeting_individual_points`, `minutes`, `seconds`, `hundreds`, `meeting_program_id`, `swimmer_id`, `team_id`, `badge_id`, `user_id`, `created_at`, `updated_at`, `disqualification_code_type_id`, `goggle_cup_points`, `reaction_time`, `team_points`, `team_affiliation_id`)
  VALUES (192381, 9, 1, 0, 0, 615.06, 615.06, 0, 42, 24, 22273, 2463, 109, 5663, 1, '2015-03-01 00:04:06', '2015-03-01 00:04:06', NULL, 0.0, 0.0, 0.0, 302);

INSERT INTO `meeting_individual_results` (`id`, `rank`, `is_play_off`, `is_out_of_race`, `is_disqualified`, `standard_points`, `meeting_individual_points`, `minutes`, `seconds`, `hundreds`, `meeting_program_id`, `swimmer_id`, `team_id`, `badge_id`, `user_id`, `created_at`, `updated_at`, `disqualification_code_type_id`, `goggle_cup_points`, `reaction_time`, `team_points`, `team_affiliation_id`)
  VALUES (192382, 10, 1, 0, 0, 594.24, 594.24, 0, 43, 72, 22273, 9499, 223, 13331, 1, '2015-03-01 00:04:06', '2015-03-01 00:04:06', NULL, 0.0, 0.0, 0.0, 418);

INSERT INTO `meeting_individual_results` (`id`, `rank`, `is_play_off`, `is_out_of_race`, `is_disqualified`, `standard_points`, `meeting_individual_points`, `minutes`, `seconds`, `hundreds`, `meeting_program_id`, `swimmer_id`, `team_id`, `badge_id`, `user_id`, `created_at`, `updated_at`, `disqualification_code_type_id`, `goggle_cup_points`, `reaction_time`, `team_points`, `team_affiliation_id`)
  VALUES (192383, 1, 1, 0, 0, 847.3, 847.3, 0, 31, 50, 22274, 7580, 288, 11417, 1, '2015-03-01 00:04:06', '2015-03-01 00:04:06', NULL, 0.0, 0.0, 0.0, 485);

INSERT INTO `meeting_individual_results` (`id`, `rank`, `is_play_off`, `is_out_of_race`, `is_disqualified`, `standard_points`, `meeting_individual_points`, `minutes`, `seconds`, `hundreds`, `meeting_program_id`, `swimmer_id`, `team_id`, `badge_id`, `user_id`, `created_at`, `updated_at`, `disqualification_code_type_id`, `goggle_cup_points`, `reaction_time`, `team_points`, `team_affiliation_id`)
  VALUES (192384, 2, 1, 0, 0, 817.21, 817.21, 0, 32, 66, 22274, 9457, 498, 13239, 1, '2015-03-01 00:04:06', '2015-03-01 00:04:06', NULL, 0.0, 0.0, 0.0, 718);

INSERT INTO `meeting_individual_results` (`id`, `rank`, `is_play_off`, `is_out_of_race`, `is_disqualified`, `standard_points`, `meeting_individual_points`, `minutes`, `seconds`, `hundreds`, `meeting_program_id`, `swimmer_id`, `team_id`, `badge_id`, `user_id`, `created_at`, `updated_at`, `disqualification_code_type_id`, `goggle_cup_points`, `reaction_time`, `team_points`, `team_affiliation_id`)
  VALUES (192385, 3, 1, 0, 0, 663.11, 663.11, 0, 40, 25, 22274, 3736, 78, 6965, 1, '2015-03-01 00:04:06', '2015-03-01 00:04:06', NULL, 0.0, 0.0, 0.0, 271);

INSERT INTO `meeting_individual_results` (`id`, `rank`, `is_play_off`, `is_out_of_race`, `is_disqualified`, `standard_points`, `meeting_individual_points`, `minutes`, `seconds`, `hundreds`, `meeting_program_id`, `swimmer_id`, `team_id`, `badge_id`, `user_id`, `created_at`, `updated_at`, `disqualification_code_type_id`, `goggle_cup_points`, `reaction_time`, `team_points`, `team_affiliation_id`)
  VALUES (192386, 1, 1, 0, 0, 863.33, 863.33, 0, 32, 12, 22275, 2015, 78, 5201, 1, '2015-03-01 00:04:06', '2015-03-01 00:04:06', NULL, 0.0, 0.0, 0.0, 271);

INSERT INTO `meeting_individual_results` (`id`, `rank`, `is_play_off`, `is_out_of_race`, `is_disqualified`, `standard_points`, `meeting_individual_points`, `minutes`, `seconds`, `hundreds`, `meeting_program_id`, `swimmer_id`, `team_id`, `badge_id`, `user_id`, `created_at`, `updated_at`, `disqualification_code_type_id`, `goggle_cup_points`, `reaction_time`, `team_points`, `team_affiliation_id`)
  VALUES (192387, 2, 1, 0, 0, 646.39, 646.39, 0, 42, 90, 22275, 9523, 394, 13336, 1, '2015-03-01 00:04:06', '2015-03-01 00:04:06', NULL, 0.0, 0.0, 0.0, 614);

INSERT INTO `meeting_individual_results` (`id`, `rank`, `is_play_off`, `is_out_of_race`, `is_disqualified`, `standard_points`, `meeting_individual_points`, `minutes`, `seconds`, `hundreds`, `meeting_program_id`, `swimmer_id`, `team_id`, `badge_id`, `user_id`, `created_at`, `updated_at`, `disqualification_code_type_id`, `goggle_cup_points`, `reaction_time`, `team_points`, `team_affiliation_id`)
  VALUES (192388, 3, 1, 0, 1, 0.0, 0.0, 0, 0, 0, 22275, 9480, 498, 13298, 1, '2015-03-01 00:04:06', '2015-03-01 00:04:06', 1, 0.0, 0.0, 0.0, 718);

INSERT INTO `meeting_individual_results` (`id`, `rank`, `is_play_off`, `is_out_of_race`, `is_disqualified`, `standard_points`, `meeting_individual_points`, `minutes`, `seconds`, `hundreds`, `meeting_program_id`, `swimmer_id`, `team_id`, `badge_id`, `user_id`, `created_at`, `updated_at`, `disqualification_code_type_id`, `goggle_cup_points`, `reaction_time`, `team_points`, `team_affiliation_id`)
  VALUES (192389, 1, 1, 0, 0, 591.83, 591.83, 0, 48, 73, 22276, 2205, 112, 5401, 1, '2015-03-01 00:04:06', '2015-03-01 00:04:06', NULL, 0.0, 0.0, 0.0, 305);

INSERT INTO `meeting_individual_results` (`id`, `rank`, `is_play_off`, `is_out_of_race`, `is_disqualified`, `standard_points`, `meeting_individual_points`, `minutes`, `seconds`, `hundreds`, `meeting_program_id`, `swimmer_id`, `team_id`, `badge_id`, `user_id`, `created_at`, `updated_at`, `disqualification_code_type_id`, `goggle_cup_points`, `reaction_time`, `team_points`, `team_affiliation_id`)
  VALUES (192390, 2, 1, 0, 0, 549.75, 549.75, 0, 52, 46, 22276, 9534, 394, 13338, 1, '2015-03-01 00:04:07', '2015-03-01 00:04:07', NULL, 0.0, 0.0, 0.0, 614);

INSERT INTO `meeting_individual_results` (`id`, `rank`, `is_play_off`, `is_out_of_race`, `is_disqualified`, `standard_points`, `meeting_individual_points`, `minutes`, `seconds`, `hundreds`, `meeting_program_id`, `swimmer_id`, `team_id`, `badge_id`, `user_id`, `created_at`, `updated_at`, `disqualification_code_type_id`, `goggle_cup_points`, `reaction_time`, `team_points`, `team_affiliation_id`)
  VALUES (192391, 3, 1, 0, 0, 446.85, 446.85, 1, 4, 54, 22276, 9566, 394, 13299, 1, '2015-03-01 00:04:07', '2015-03-01 00:04:07', NULL, 0.0, 0.0, 0.0, 614);

INSERT INTO `meeting_individual_results` (`id`, `rank`, `is_play_off`, `is_out_of_race`, `is_disqualified`, `standard_points`, `meeting_individual_points`, `minutes`, `seconds`, `hundreds`, `meeting_program_id`, `swimmer_id`, `team_id`, `badge_id`, `user_id`, `created_at`, `updated_at`, `disqualification_code_type_id`, `goggle_cup_points`, `reaction_time`, `team_points`, `team_affiliation_id`)
  VALUES (192392, 1, 1, 0, 0, 0.0, 0.0, 0, 32, 65, 22277, 7604, 288, 11421, 1, '2015-03-01 00:04:07', '2015-03-01 00:04:07', NULL, 0.0, 0.0, 0.0, 485);

INSERT INTO `meeting_individual_results` (`id`, `rank`, `is_play_off`, `is_out_of_race`, `is_disqualified`, `standard_points`, `meeting_individual_points`, `minutes`, `seconds`, `hundreds`, `meeting_program_id`, `swimmer_id`, `team_id`, `badge_id`, `user_id`, `created_at`, `updated_at`, `disqualification_code_type_id`, `goggle_cup_points`, `reaction_time`, `team_points`, `team_affiliation_id`)
  VALUES (192393, 1, 1, 0, 0, 797.69, 797.69, 0, 40, 68, 22278, 7561, 411, 11170, 1, '2015-03-01 00:04:07', '2015-03-01 00:04:07', NULL, 0.0, 0.0, 0.0, 631);

INSERT INTO `meeting_individual_results` (`id`, `rank`, `is_play_off`, `is_out_of_race`, `is_disqualified`, `standard_points`, `meeting_individual_points`, `minutes`, `seconds`, `hundreds`, `meeting_program_id`, `swimmer_id`, `team_id`, `badge_id`, `user_id`, `created_at`, `updated_at`, `disqualification_code_type_id`, `goggle_cup_points`, `reaction_time`, `team_points`, `team_affiliation_id`)
  VALUES (192394, 2, 1, 0, 0, 666.32, 666.32, 0, 48, 70, 22278, 11694, 560, 15419, 1, '2015-03-01 00:04:07', '2015-03-01 00:04:07', NULL, 0.0, 0.0, 0.0, 780);

INSERT INTO `meeting_individual_results` (`id`, `rank`, `is_play_off`, `is_out_of_race`, `is_disqualified`, `standard_points`, `meeting_individual_points`, `minutes`, `seconds`, `hundreds`, `meeting_program_id`, `swimmer_id`, `team_id`, `badge_id`, `user_id`, `created_at`, `updated_at`, `disqualification_code_type_id`, `goggle_cup_points`, `reaction_time`, `team_points`, `team_affiliation_id`)
  VALUES (192395, 1, 1, 0, 0, 811.11, 811.11, 0, 40, 34, 22279, 7654, 48, 11172, 1, '2015-03-01 00:04:07', '2015-03-01 00:04:07', NULL, 0.0, 0.0, 0.0, 241);

INSERT INTO `meeting_individual_results` (`id`, `rank`, `is_play_off`, `is_out_of_race`, `is_disqualified`, `standard_points`, `meeting_individual_points`, `minutes`, `seconds`, `hundreds`, `meeting_program_id`, `swimmer_id`, `team_id`, `badge_id`, `user_id`, `created_at`, `updated_at`, `disqualification_code_type_id`, `goggle_cup_points`, `reaction_time`, `team_points`, `team_affiliation_id`)
  VALUES (192396, 2, 1, 0, 0, 702.6, 702.6, 0, 46, 57, 22279, 12528, 414, 16342, 1, '2015-03-01 00:04:07', '2015-03-01 00:04:07', NULL, 0.0, 0.0, 0.0, 634);

INSERT INTO `meeting_individual_results` (`id`, `rank`, `is_play_off`, `is_out_of_race`, `is_disqualified`, `standard_points`, `meeting_individual_points`, `minutes`, `seconds`, `hundreds`, `meeting_program_id`, `swimmer_id`, `team_id`, `badge_id`, `user_id`, `created_at`, `updated_at`, `disqualification_code_type_id`, `goggle_cup_points`, `reaction_time`, `team_points`, `team_affiliation_id`)
  VALUES (192397, 1, 1, 0, 0, 900.57, 900.57, 0, 36, 81, 22280, 2178, 110, 5371, 1, '2015-03-01 00:04:07', '2015-03-01 00:04:07', NULL, 0.0, 0.0, 0.0, 303);

INSERT INTO `meeting_individual_results` (`id`, `rank`, `is_play_off`, `is_out_of_race`, `is_disqualified`, `standard_points`, `meeting_individual_points`, `minutes`, `seconds`, `hundreds`, `meeting_program_id`, `swimmer_id`, `team_id`, `badge_id`, `user_id`, `created_at`, `updated_at`, `disqualification_code_type_id`, `goggle_cup_points`, `reaction_time`, `team_points`, `team_affiliation_id`)
  VALUES (192398, 2, 1, 0, 0, 563.11, 563.11, 0, 58, 87, 22280, 17692, 215, 21499, 1, '2015-03-01 00:04:07', '2015-03-01 00:04:07', NULL, 0.0, 0.0, 0.0, 410);

INSERT INTO `meeting_individual_results` (`id`, `rank`, `is_play_off`, `is_out_of_race`, `is_disqualified`, `standard_points`, `meeting_individual_points`, `minutes`, `seconds`, `hundreds`, `meeting_program_id`, `swimmer_id`, `team_id`, `badge_id`, `user_id`, `created_at`, `updated_at`, `disqualification_code_type_id`, `goggle_cup_points`, `reaction_time`, `team_points`, `team_affiliation_id`)
  VALUES (192399, 1, 1, 0, 0, 897.64, 897.64, 0, 37, 71, 22281, 16003, 78, 19716, 1, '2015-03-01 00:04:07', '2015-03-01 00:04:07', NULL, 0.0, 0.0, 0.0, 271);

INSERT INTO `meeting_individual_results` (`id`, `rank`, `is_play_off`, `is_out_of_race`, `is_disqualified`, `standard_points`, `meeting_individual_points`, `minutes`, `seconds`, `hundreds`, `meeting_program_id`, `swimmer_id`, `team_id`, `badge_id`, `user_id`, `created_at`, `updated_at`, `disqualification_code_type_id`, `goggle_cup_points`, `reaction_time`, `team_points`, `team_affiliation_id`)
  VALUES (192400, 2, 1, 0, 0, 717.31, 717.31, 0, 47, 19, 22281, 8702, 50, 12493, 1, '2015-03-01 00:04:07', '2015-03-01 00:04:07', NULL, 0.0, 0.0, 0.0, 243);

INSERT INTO `meeting_individual_results` (`id`, `rank`, `is_play_off`, `is_out_of_race`, `is_disqualified`, `standard_points`, `meeting_individual_points`, `minutes`, `seconds`, `hundreds`, `meeting_program_id`, `swimmer_id`, `team_id`, `badge_id`, `user_id`, `created_at`, `updated_at`, `disqualification_code_type_id`, `goggle_cup_points`, `reaction_time`, `team_points`, `team_affiliation_id`)
  VALUES (192401, 3, 1, 0, 0, 707.12, 707.12, 0, 47, 87, 22281, 15934, 394, 19746, 1, '2015-03-01 00:04:07', '2015-03-01 00:04:07', NULL, 0.0, 0.0, 0.0, 614);

INSERT INTO `meeting_individual_results` (`id`, `rank`, `is_play_off`, `is_out_of_race`, `is_disqualified`, `standard_points`, `meeting_individual_points`, `minutes`, `seconds`, `hundreds`, `meeting_program_id`, `swimmer_id`, `team_id`, `badge_id`, `user_id`, `created_at`, `updated_at`, `disqualification_code_type_id`, `goggle_cup_points`, `reaction_time`, `team_points`, `team_affiliation_id`)
  VALUES (192402, 4, 1, 0, 0, 688.29, 688.29, 0, 49, 18, 22281, 9629, 94, 13418, 1, '2015-03-01 00:04:08', '2015-03-01 00:04:08', NULL, 0.0, 0.0, 0.0, 287);

INSERT INTO `meeting_individual_results` (`id`, `rank`, `is_play_off`, `is_out_of_race`, `is_disqualified`, `standard_points`, `meeting_individual_points`, `minutes`, `seconds`, `hundreds`, `meeting_program_id`, `swimmer_id`, `team_id`, `badge_id`, `user_id`, `created_at`, `updated_at`, `disqualification_code_type_id`, `goggle_cup_points`, `reaction_time`, `team_points`, `team_affiliation_id`)
  VALUES (192403, 5, 1, 0, 0, 652.84, 652.84, 0, 51, 85, 22281, 9429, 221, 13307, 1, '2015-03-01 00:04:08', '2015-03-01 00:04:08', NULL, 0.0, 0.0, 0.0, 416);

INSERT INTO `meeting_individual_results` (`id`, `rank`, `is_play_off`, `is_out_of_race`, `is_disqualified`, `standard_points`, `meeting_individual_points`, `minutes`, `seconds`, `hundreds`, `meeting_program_id`, `swimmer_id`, `team_id`, `badge_id`, `user_id`, `created_at`, `updated_at`, `disqualification_code_type_id`, `goggle_cup_points`, `reaction_time`, `team_points`, `team_affiliation_id`)
  VALUES (192404, 6, 1, 0, 0, 636.16, 636.16, 0, 53, 21, 22281, 12751, 394, 16517, 1, '2015-03-01 00:04:08', '2015-03-01 00:04:08', NULL, 0.0, 0.0, 0.0, 614);

INSERT INTO `meeting_individual_results` (`id`, `rank`, `is_play_off`, `is_out_of_race`, `is_disqualified`, `standard_points`, `meeting_individual_points`, `minutes`, `seconds`, `hundreds`, `meeting_program_id`, `swimmer_id`, `team_id`, `badge_id`, `user_id`, `created_at`, `updated_at`, `disqualification_code_type_id`, `goggle_cup_points`, `reaction_time`, `team_points`, `team_affiliation_id`)
  VALUES (192405, 7, 1, 0, 0, 625.81, 625.81, 0, 54, 9, 22281, 12721, 221, 16518, 1, '2015-03-01 00:04:08', '2015-03-01 00:04:08', NULL, 0.0, 0.0, 0.0, 416);

INSERT INTO `meeting_individual_results` (`id`, `rank`, `is_play_off`, `is_out_of_race`, `is_disqualified`, `standard_points`, `meeting_individual_points`, `minutes`, `seconds`, `hundreds`, `meeting_program_id`, `swimmer_id`, `team_id`, `badge_id`, `user_id`, `created_at`, `updated_at`, `disqualification_code_type_id`, `goggle_cup_points`, `reaction_time`, `team_points`, `team_affiliation_id`)
  VALUES (192406, 1, 1, 0, 0, 673.25, 673.25, 0, 51, 14, 22282, 9460, 394, 13190, 1, '2015-03-01 00:04:08', '2015-03-01 00:04:08', NULL, 0.0, 0.0, 0.0, 614);

INSERT INTO `meeting_individual_results` (`id`, `rank`, `is_play_off`, `is_out_of_race`, `is_disqualified`, `standard_points`, `meeting_individual_points`, `minutes`, `seconds`, `hundreds`, `meeting_program_id`, `swimmer_id`, `team_id`, `badge_id`, `user_id`, `created_at`, `updated_at`, `disqualification_code_type_id`, `goggle_cup_points`, `reaction_time`, `team_points`, `team_affiliation_id`)
  VALUES (192407, 1, 1, 0, 0, 863.72, 863.72, 0, 42, 12, 22283, 4784, 221, 8079, 1, '2015-03-01 00:04:08', '2015-03-01 00:04:08', NULL, 0.0, 0.0, 0.0, 416);

INSERT INTO `meeting_individual_results` (`id`, `rank`, `is_play_off`, `is_out_of_race`, `is_disqualified`, `standard_points`, `meeting_individual_points`, `minutes`, `seconds`, `hundreds`, `meeting_program_id`, `swimmer_id`, `team_id`, `badge_id`, `user_id`, `created_at`, `updated_at`, `disqualification_code_type_id`, `goggle_cup_points`, `reaction_time`, `team_points`, `team_affiliation_id`)
  VALUES (192408, 2, 1, 0, 0, 815.33, 815.33, 0, 44, 62, 22283, 7605, 411, 11390, 1, '2015-03-01 00:04:08', '2015-03-01 00:04:08', NULL, 0.0, 0.0, 0.0, 631);

INSERT INTO `meeting_individual_results` (`id`, `rank`, `is_play_off`, `is_out_of_race`, `is_disqualified`, `standard_points`, `meeting_individual_points`, `minutes`, `seconds`, `hundreds`, `meeting_program_id`, `swimmer_id`, `team_id`, `badge_id`, `user_id`, `created_at`, `updated_at`, `disqualification_code_type_id`, `goggle_cup_points`, `reaction_time`, `team_points`, `team_affiliation_id`)
  VALUES (192409, 3, 1, 0, 0, 742.9, 742.9, 0, 48, 97, 22283, 12550, 414, 16325, 1, '2015-03-01 00:04:08', '2015-03-01 00:04:08', NULL, 0.0, 0.0, 0.0, 634);

INSERT INTO `meeting_individual_results` (`id`, `rank`, `is_play_off`, `is_out_of_race`, `is_disqualified`, `standard_points`, `meeting_individual_points`, `minutes`, `seconds`, `hundreds`, `meeting_program_id`, `swimmer_id`, `team_id`, `badge_id`, `user_id`, `created_at`, `updated_at`, `disqualification_code_type_id`, `goggle_cup_points`, `reaction_time`, `team_points`, `team_affiliation_id`)
  VALUES (192410, 4, 1, 0, 0, 739.43, 739.43, 0, 49, 20, 22283, 9593, 221, 13192, 1, '2015-03-01 00:04:08', '2015-03-01 00:04:08', NULL, 0.0, 0.0, 0.0, 416);

INSERT INTO `meeting_individual_results` (`id`, `rank`, `is_play_off`, `is_out_of_race`, `is_disqualified`, `standard_points`, `meeting_individual_points`, `minutes`, `seconds`, `hundreds`, `meeting_program_id`, `swimmer_id`, `team_id`, `badge_id`, `user_id`, `created_at`, `updated_at`, `disqualification_code_type_id`, `goggle_cup_points`, `reaction_time`, `team_points`, `team_affiliation_id`)
  VALUES (192411, 5, 1, 0, 0, 591.26, 591.26, 1, 1, 53, 22283, 2455, 109, 5655, 1, '2015-03-01 00:04:08', '2015-03-01 00:04:08', NULL, 0.0, 0.0, 0.0, 302);

INSERT INTO `meeting_individual_results` (`id`, `rank`, `is_play_off`, `is_out_of_race`, `is_disqualified`, `standard_points`, `meeting_individual_points`, `minutes`, `seconds`, `hundreds`, `meeting_program_id`, `swimmer_id`, `team_id`, `badge_id`, `user_id`, `created_at`, `updated_at`, `disqualification_code_type_id`, `goggle_cup_points`, `reaction_time`, `team_points`, `team_affiliation_id`)
  VALUES (192412, 6, 1, 0, 1, 0.0, 0.0, 0, 0, 0, 22283, 15908, 394, 19790, 1, '2015-03-01 00:04:09', '2015-03-01 00:04:09', 1, 0.0, 0.0, 0.0, 614);

INSERT INTO `meeting_individual_results` (`id`, `rank`, `is_play_off`, `is_out_of_race`, `is_disqualified`, `standard_points`, `meeting_individual_points`, `minutes`, `seconds`, `hundreds`, `meeting_program_id`, `swimmer_id`, `team_id`, `badge_id`, `user_id`, `created_at`, `updated_at`, `disqualification_code_type_id`, `goggle_cup_points`, `reaction_time`, `team_points`, `team_affiliation_id`)
  VALUES (192413, 6, 1, 0, 1, 0.0, 0.0, 0, 0, 0, 22283, 3686, 221, 6909, 1, '2015-03-01 00:04:09', '2015-03-01 00:04:09', 1, 0.0, 0.0, 0.0, 416);

INSERT INTO `meeting_individual_results` (`id`, `rank`, `is_play_off`, `is_out_of_race`, `is_disqualified`, `standard_points`, `meeting_individual_points`, `minutes`, `seconds`, `hundreds`, `meeting_program_id`, `swimmer_id`, `team_id`, `badge_id`, `user_id`, `created_at`, `updated_at`, `disqualification_code_type_id`, `goggle_cup_points`, `reaction_time`, `team_points`, `team_affiliation_id`)
  VALUES (192414, 1, 1, 0, 0, 801.88, 801.88, 0, 48, 0, 22284, 9555, 221, 13169, 1, '2015-03-01 00:04:09', '2015-03-01 00:04:09', NULL, 0.0, 0.0, 0.0, 416);

INSERT INTO `meeting_individual_results` (`id`, `rank`, `is_play_off`, `is_out_of_race`, `is_disqualified`, `standard_points`, `meeting_individual_points`, `minutes`, `seconds`, `hundreds`, `meeting_program_id`, `swimmer_id`, `team_id`, `badge_id`, `user_id`, `created_at`, `updated_at`, `disqualification_code_type_id`, `goggle_cup_points`, `reaction_time`, `team_points`, `team_affiliation_id`)
  VALUES (192415, 2, 1, 0, 0, 516.3, 516.3, 1, 14, 55, 22284, 15913, 394, 19792, 1, '2015-03-01 00:04:09', '2015-03-01 00:04:09', NULL, 0.0, 0.0, 0.0, 614);

INSERT INTO `meeting_individual_results` (`id`, `rank`, `is_play_off`, `is_out_of_race`, `is_disqualified`, `standard_points`, `meeting_individual_points`, `minutes`, `seconds`, `hundreds`, `meeting_program_id`, `swimmer_id`, `team_id`, `badge_id`, `user_id`, `created_at`, `updated_at`, `disqualification_code_type_id`, `goggle_cup_points`, `reaction_time`, `team_points`, `team_affiliation_id`)
  VALUES (192416, 3, 1, 0, 0, 443.48, 443.48, 1, 26, 79, 22284, 7496, 288, 11304, 1, '2015-03-01 00:04:09', '2015-03-01 00:04:09', NULL, 0.0, 0.0, 0.0, 485);

INSERT INTO `meeting_individual_results` (`id`, `rank`, `is_play_off`, `is_out_of_race`, `is_disqualified`, `standard_points`, `meeting_individual_points`, `minutes`, `seconds`, `hundreds`, `meeting_program_id`, `swimmer_id`, `team_id`, `badge_id`, `user_id`, `created_at`, `updated_at`, `disqualification_code_type_id`, `goggle_cup_points`, `reaction_time`, `team_points`, `team_affiliation_id`)
  VALUES (192417, 1, 1, 0, 0, 607.97, 607.97, 1, 6, 22, 22285, 15945, 394, 19793, 1, '2015-03-01 00:04:09', '2015-03-01 00:04:09', NULL, 0.0, 0.0, 0.0, 614);

INSERT INTO `meeting_individual_results` (`id`, `rank`, `is_play_off`, `is_out_of_race`, `is_disqualified`, `standard_points`, `meeting_individual_points`, `minutes`, `seconds`, `hundreds`, `meeting_program_id`, `swimmer_id`, `team_id`, `badge_id`, `user_id`, `created_at`, `updated_at`, `disqualification_code_type_id`, `goggle_cup_points`, `reaction_time`, `team_points`, `team_affiliation_id`)
  VALUES (192418, 1, 1, 0, 0, 857.1, 857.1, 0, 32, 96, 22286, 7594, 414, 11183, 1, '2015-03-01 00:04:09', '2015-03-01 00:04:09', NULL, 0.0, 0.0, 0.0, 634);

INSERT INTO `meeting_individual_results` (`id`, `rank`, `is_play_off`, `is_out_of_race`, `is_disqualified`, `standard_points`, `meeting_individual_points`, `minutes`, `seconds`, `hundreds`, `meeting_program_id`, `swimmer_id`, `team_id`, `badge_id`, `user_id`, `created_at`, `updated_at`, `disqualification_code_type_id`, `goggle_cup_points`, `reaction_time`, `team_points`, `team_affiliation_id`)
  VALUES (192419, 2, 1, 0, 0, 832.84, 832.84, 0, 33, 92, 22286, 12705, 326, 16480, 1, '2015-03-01 00:04:09', '2015-03-01 00:04:09', NULL, 0.0, 0.0, 0.0, 543);

INSERT INTO `meeting_individual_results` (`id`, `rank`, `is_play_off`, `is_out_of_race`, `is_disqualified`, `standard_points`, `meeting_individual_points`, `minutes`, `seconds`, `hundreds`, `meeting_program_id`, `swimmer_id`, `team_id`, `badge_id`, `user_id`, `created_at`, `updated_at`, `disqualification_code_type_id`, `goggle_cup_points`, `reaction_time`, `team_points`, `team_affiliation_id`)
  VALUES (192420, 3, 1, 0, 0, 713.74, 713.74, 0, 39, 58, 22286, 2457, 109, 5657, 1, '2015-03-01 00:04:09', '2015-03-01 00:04:09', NULL, 0.0, 0.0, 0.0, 302);

INSERT INTO `meeting_individual_results` (`id`, `rank`, `is_play_off`, `is_out_of_race`, `is_disqualified`, `standard_points`, `meeting_individual_points`, `minutes`, `seconds`, `hundreds`, `meeting_program_id`, `swimmer_id`, `team_id`, `badge_id`, `user_id`, `created_at`, `updated_at`, `disqualification_code_type_id`, `goggle_cup_points`, `reaction_time`, `team_points`, `team_affiliation_id`)
  VALUES (192421, 1, 1, 0, 0, 799.37, 799.37, 0, 35, 9, 22287, 9631, 413, 13391, 1, '2015-03-01 00:04:10', '2015-03-01 00:04:10', NULL, 0.0, 0.0, 0.0, 633);

INSERT INTO `meeting_individual_results` (`id`, `rank`, `is_play_off`, `is_out_of_race`, `is_disqualified`, `standard_points`, `meeting_individual_points`, `minutes`, `seconds`, `hundreds`, `meeting_program_id`, `swimmer_id`, `team_id`, `badge_id`, `user_id`, `created_at`, `updated_at`, `disqualification_code_type_id`, `goggle_cup_points`, `reaction_time`, `team_points`, `team_affiliation_id`)
  VALUES (192422, 2, 1, 0, 0, 776.79, 776.79, 0, 36, 11, 22287, 3941, 218, 7184, 1, '2015-03-01 00:04:10', '2015-03-01 00:04:10', NULL, 0.0, 0.0, 0.0, 413);

INSERT INTO `meeting_individual_results` (`id`, `rank`, `is_play_off`, `is_out_of_race`, `is_disqualified`, `standard_points`, `meeting_individual_points`, `minutes`, `seconds`, `hundreds`, `meeting_program_id`, `swimmer_id`, `team_id`, `badge_id`, `user_id`, `created_at`, `updated_at`, `disqualification_code_type_id`, `goggle_cup_points`, `reaction_time`, `team_points`, `team_affiliation_id`)
  VALUES (192423, 3, 1, 0, 0, 764.31, 764.31, 0, 36, 70, 22287, 4756, 221, 8051, 1, '2015-03-01 00:04:10', '2015-03-01 00:04:10', NULL, 0.0, 0.0, 0.0, 416);

INSERT INTO `meeting_individual_results` (`id`, `rank`, `is_play_off`, `is_out_of_race`, `is_disqualified`, `standard_points`, `meeting_individual_points`, `minutes`, `seconds`, `hundreds`, `meeting_program_id`, `swimmer_id`, `team_id`, `badge_id`, `user_id`, `created_at`, `updated_at`, `disqualification_code_type_id`, `goggle_cup_points`, `reaction_time`, `team_points`, `team_affiliation_id`)
  VALUES (192424, 4, 1, 0, 0, 749.0, 749.0, 0, 37, 45, 22287, 7568, 414, 11432, 1, '2015-03-01 00:04:10', '2015-03-01 00:04:10', NULL, 0.0, 0.0, 0.0, 634);

INSERT INTO `meeting_individual_results` (`id`, `rank`, `is_play_off`, `is_out_of_race`, `is_disqualified`, `standard_points`, `meeting_individual_points`, `minutes`, `seconds`, `hundreds`, `meeting_program_id`, `swimmer_id`, `team_id`, `badge_id`, `user_id`, `created_at`, `updated_at`, `disqualification_code_type_id`, `goggle_cup_points`, `reaction_time`, `team_points`, `team_affiliation_id`)
  VALUES (192425, 5, 1, 0, 0, 713.74, 713.74, 0, 39, 30, 22287, 4606, 272, 7901, 1, '2015-03-01 00:04:10', '2015-03-01 00:04:10', NULL, 0.0, 0.0, 0.0, 469);

INSERT INTO `meeting_individual_results` (`id`, `rank`, `is_play_off`, `is_out_of_race`, `is_disqualified`, `standard_points`, `meeting_individual_points`, `minutes`, `seconds`, `hundreds`, `meeting_program_id`, `swimmer_id`, `team_id`, `badge_id`, `user_id`, `created_at`, `updated_at`, `disqualification_code_type_id`, `goggle_cup_points`, `reaction_time`, `team_points`, `team_affiliation_id`)
  VALUES (192426, 6, 1, 0, 0, 689.53, 689.53, 0, 40, 68, 22287, 12748, 394, 16508, 1, '2015-03-01 00:04:10', '2015-03-01 00:04:10', NULL, 0.0, 0.0, 0.0, 614);

INSERT INTO `meeting_individual_results` (`id`, `rank`, `is_play_off`, `is_out_of_race`, `is_disqualified`, `standard_points`, `meeting_individual_points`, `minutes`, `seconds`, `hundreds`, `meeting_program_id`, `swimmer_id`, `team_id`, `badge_id`, `user_id`, `created_at`, `updated_at`, `disqualification_code_type_id`, `goggle_cup_points`, `reaction_time`, `team_points`, `team_affiliation_id`)
  VALUES (192427, 7, 1, 0, 0, 654.15, 654.15, 0, 42, 88, 22287, 17683, 499, 21500, 1, '2015-03-01 00:04:10', '2015-03-01 00:04:10', NULL, 0.0, 0.0, 0.0, 719);

INSERT INTO `meeting_individual_results` (`id`, `rank`, `is_play_off`, `is_out_of_race`, `is_disqualified`, `standard_points`, `meeting_individual_points`, `minutes`, `seconds`, `hundreds`, `meeting_program_id`, `swimmer_id`, `team_id`, `badge_id`, `user_id`, `created_at`, `updated_at`, `disqualification_code_type_id`, `goggle_cup_points`, `reaction_time`, `team_points`, `team_affiliation_id`)
  VALUES (192428, 8, 1, 0, 0, 580.99, 580.99, 0, 48, 28, 22287, 3728, 216, 6956, 1, '2015-03-01 00:04:10', '2015-03-01 00:04:10', NULL, 0.0, 0.0, 0.0, 411);

INSERT INTO `meeting_individual_results` (`id`, `rank`, `is_play_off`, `is_out_of_race`, `is_disqualified`, `standard_points`, `meeting_individual_points`, `minutes`, `seconds`, `hundreds`, `meeting_program_id`, `swimmer_id`, `team_id`, `badge_id`, `user_id`, `created_at`, `updated_at`, `disqualification_code_type_id`, `goggle_cup_points`, `reaction_time`, `team_points`, `team_affiliation_id`)
  VALUES (192429, 9, 1, 0, 0, 572.33, 572.33, 0, 49, 1, 22287, 17686, 94, 21501, 1, '2015-03-01 00:04:10', '2015-03-01 00:04:10', NULL, 0.0, 0.0, 0.0, 287);

INSERT INTO `meeting_individual_results` (`id`, `rank`, `is_play_off`, `is_out_of_race`, `is_disqualified`, `standard_points`, `meeting_individual_points`, `minutes`, `seconds`, `hundreds`, `meeting_program_id`, `swimmer_id`, `team_id`, `badge_id`, `user_id`, `created_at`, `updated_at`, `disqualification_code_type_id`, `goggle_cup_points`, `reaction_time`, `team_points`, `team_affiliation_id`)
  VALUES (192430, 1, 1, 0, 0, 738.65, 738.65, 0, 38, 99, 22288, 2191, 110, 5387, 1, '2015-03-01 00:04:10', '2015-03-01 00:04:10', NULL, 0.0, 0.0, 0.0, 303);

INSERT INTO `meeting_individual_results` (`id`, `rank`, `is_play_off`, `is_out_of_race`, `is_disqualified`, `standard_points`, `meeting_individual_points`, `minutes`, `seconds`, `hundreds`, `meeting_program_id`, `swimmer_id`, `team_id`, `badge_id`, `user_id`, `created_at`, `updated_at`, `disqualification_code_type_id`, `goggle_cup_points`, `reaction_time`, `team_points`, `team_affiliation_id`)
  VALUES (192431, 1, 1, 0, 0, 888.18, 888.18, 0, 32, 73, 22289, 4007, 110, 7264, 1, '2015-03-01 00:04:10', '2015-03-01 00:04:10', NULL, 0.0, 0.0, 0.0, 303);

INSERT INTO `meeting_individual_results` (`id`, `rank`, `is_play_off`, `is_out_of_race`, `is_disqualified`, `standard_points`, `meeting_individual_points`, `minutes`, `seconds`, `hundreds`, `meeting_program_id`, `swimmer_id`, `team_id`, `badge_id`, `user_id`, `created_at`, `updated_at`, `disqualification_code_type_id`, `goggle_cup_points`, `reaction_time`, `team_points`, `team_affiliation_id`)
  VALUES (192432, 2, 1, 0, 0, 857.52, 857.52, 0, 33, 90, 22289, 4787, 221, 8082, 1, '2015-03-01 00:04:11', '2015-03-01 00:04:11', NULL, 0.0, 0.0, 0.0, 416);

INSERT INTO `meeting_individual_results` (`id`, `rank`, `is_play_off`, `is_out_of_race`, `is_disqualified`, `standard_points`, `meeting_individual_points`, `minutes`, `seconds`, `hundreds`, `meeting_program_id`, `swimmer_id`, `team_id`, `badge_id`, `user_id`, `created_at`, `updated_at`, `disqualification_code_type_id`, `goggle_cup_points`, `reaction_time`, `team_points`, `team_affiliation_id`)
  VALUES (192433, 3, 1, 0, 0, 800.17, 800.17, 0, 36, 33, 22289, 14733, 414, 18546, 1, '2015-03-01 00:04:11', '2015-03-01 00:04:11', NULL, 0.0, 0.0, 0.0, 634);

INSERT INTO `meeting_individual_results` (`id`, `rank`, `is_play_off`, `is_out_of_race`, `is_disqualified`, `standard_points`, `meeting_individual_points`, `minutes`, `seconds`, `hundreds`, `meeting_program_id`, `swimmer_id`, `team_id`, `badge_id`, `user_id`, `created_at`, `updated_at`, `disqualification_code_type_id`, `goggle_cup_points`, `reaction_time`, `team_points`, `team_affiliation_id`)
  VALUES (192434, 4, 1, 0, 0, 773.76, 773.76, 0, 37, 57, 22289, 16010, 684, 19797, 1, '2015-03-01 00:04:11', '2015-03-01 00:04:11', NULL, 0.0, 0.0, 0.0, 904);

INSERT INTO `meeting_individual_results` (`id`, `rank`, `is_play_off`, `is_out_of_race`, `is_disqualified`, `standard_points`, `meeting_individual_points`, `minutes`, `seconds`, `hundreds`, `meeting_program_id`, `swimmer_id`, `team_id`, `badge_id`, `user_id`, `created_at`, `updated_at`, `disqualification_code_type_id`, `goggle_cup_points`, `reaction_time`, `team_points`, `team_affiliation_id`)
  VALUES (192435, 5, 1, 0, 0, 682.07, 682.07, 0, 42, 62, 22289, 9520, 221, 13200, 1, '2015-03-01 00:04:11', '2015-03-01 00:04:11', NULL, 0.0, 0.0, 0.0, 416);

INSERT INTO `meeting_individual_results` (`id`, `rank`, `is_play_off`, `is_out_of_race`, `is_disqualified`, `standard_points`, `meeting_individual_points`, `minutes`, `seconds`, `hundreds`, `meeting_program_id`, `swimmer_id`, `team_id`, `badge_id`, `user_id`, `created_at`, `updated_at`, `disqualification_code_type_id`, `goggle_cup_points`, `reaction_time`, `team_points`, `team_affiliation_id`)
  VALUES (192436, 6, 1, 0, 0, 636.8, 636.8, 0, 45, 65, 22289, 12728, 225, 16494, 1, '2015-03-01 00:04:11', '2015-03-01 00:04:11', NULL, 0.0, 0.0, 0.0, 420);

INSERT INTO `meeting_individual_results` (`id`, `rank`, `is_play_off`, `is_out_of_race`, `is_disqualified`, `standard_points`, `meeting_individual_points`, `minutes`, `seconds`, `hundreds`, `meeting_program_id`, `swimmer_id`, `team_id`, `badge_id`, `user_id`, `created_at`, `updated_at`, `disqualification_code_type_id`, `goggle_cup_points`, `reaction_time`, `team_points`, `team_affiliation_id`)
  VALUES (192437, 7, 1, 0, 0, 608.29, 608.29, 0, 47, 79, 22289, 14731, 499, 18614, 1, '2015-03-01 00:04:11', '2015-03-01 00:04:11', NULL, 0.0, 0.0, 0.0, 719);

INSERT INTO `meeting_individual_results` (`id`, `rank`, `is_play_off`, `is_out_of_race`, `is_disqualified`, `standard_points`, `meeting_individual_points`, `minutes`, `seconds`, `hundreds`, `meeting_program_id`, `swimmer_id`, `team_id`, `badge_id`, `user_id`, `created_at`, `updated_at`, `disqualification_code_type_id`, `goggle_cup_points`, `reaction_time`, `team_points`, `team_affiliation_id`)
  VALUES (192438, 8, 1, 0, 1, 0.0, 0.0, 0, 0, 0, 22289, 16000, 216, 19776, 1, '2015-03-01 00:04:11', '2015-03-01 00:04:11', 1, 0.0, 0.0, 0.0, 411);

INSERT INTO `meeting_individual_results` (`id`, `rank`, `is_play_off`, `is_out_of_race`, `is_disqualified`, `standard_points`, `meeting_individual_points`, `minutes`, `seconds`, `hundreds`, `meeting_program_id`, `swimmer_id`, `team_id`, `badge_id`, `user_id`, `created_at`, `updated_at`, `disqualification_code_type_id`, `goggle_cup_points`, `reaction_time`, `team_points`, `team_affiliation_id`)
  VALUES (192439, 1, 1, 0, 0, 910.98, 910.98, 0, 33, 14, 22290, 9525, 223, 13238, 1, '2015-03-01 00:04:11', '2015-03-01 00:04:11', NULL, 0.0, 0.0, 0.0, 418);

INSERT INTO `meeting_individual_results` (`id`, `rank`, `is_play_off`, `is_out_of_race`, `is_disqualified`, `standard_points`, `meeting_individual_points`, `minutes`, `seconds`, `hundreds`, `meeting_program_id`, `swimmer_id`, `team_id`, `badge_id`, `user_id`, `created_at`, `updated_at`, `disqualification_code_type_id`, `goggle_cup_points`, `reaction_time`, `team_points`, `team_affiliation_id`)
  VALUES (192440, 2, 1, 0, 0, 839.31, 839.31, 0, 35, 97, 22290, 6135, 357, 9949, 1, '2015-03-01 00:04:11', '2015-03-01 00:04:11', NULL, 0.0, 0.0, 0.0, 574);

INSERT INTO `meeting_individual_results` (`id`, `rank`, `is_play_off`, `is_out_of_race`, `is_disqualified`, `standard_points`, `meeting_individual_points`, `minutes`, `seconds`, `hundreds`, `meeting_program_id`, `swimmer_id`, `team_id`, `badge_id`, `user_id`, `created_at`, `updated_at`, `disqualification_code_type_id`, `goggle_cup_points`, `reaction_time`, `team_points`, `team_affiliation_id`)
  VALUES (192441, 3, 1, 0, 0, 830.54, 830.54, 0, 36, 35, 22290, 9570, 394, 13201, 1, '2015-03-01 00:04:11', '2015-03-01 00:04:11', NULL, 0.0, 0.0, 0.0, 614);

INSERT INTO `meeting_individual_results` (`id`, `rank`, `is_play_off`, `is_out_of_race`, `is_disqualified`, `standard_points`, `meeting_individual_points`, `minutes`, `seconds`, `hundreds`, `meeting_program_id`, `swimmer_id`, `team_id`, `badge_id`, `user_id`, `created_at`, `updated_at`, `disqualification_code_type_id`, `goggle_cup_points`, `reaction_time`, `team_points`, `team_affiliation_id`)
  VALUES (192442, 4, 1, 0, 0, 757.59, 757.59, 0, 39, 85, 22290, 17690, 279, 21498, 1, '2015-03-01 00:04:11', '2015-03-01 00:04:11', NULL, 0.0, 0.0, 0.0, 476);

INSERT INTO `meeting_individual_results` (`id`, `rank`, `is_play_off`, `is_out_of_race`, `is_disqualified`, `standard_points`, `meeting_individual_points`, `minutes`, `seconds`, `hundreds`, `meeting_program_id`, `swimmer_id`, `team_id`, `badge_id`, `user_id`, `created_at`, `updated_at`, `disqualification_code_type_id`, `goggle_cup_points`, `reaction_time`, `team_points`, `team_affiliation_id`)
  VALUES (192443, 5, 1, 0, 0, 603.92, 603.92, 0, 49, 99, 22290, 4748, 225, 8043, 1, '2015-03-01 00:04:12', '2015-03-01 00:04:12', NULL, 0.0, 0.0, 0.0, 420);

INSERT INTO `meeting_individual_results` (`id`, `rank`, `is_play_off`, `is_out_of_race`, `is_disqualified`, `standard_points`, `meeting_individual_points`, `minutes`, `seconds`, `hundreds`, `meeting_program_id`, `swimmer_id`, `team_id`, `badge_id`, `user_id`, `created_at`, `updated_at`, `disqualification_code_type_id`, `goggle_cup_points`, `reaction_time`, `team_points`, `team_affiliation_id`)
  VALUES (192444, 6, 1, 0, 0, 593.71, 593.71, 0, 50, 85, 22290, 9428, 326, 13332, 1, '2015-03-01 00:04:12', '2015-03-01 00:04:12', NULL, 0.0, 0.0, 0.0, 543);

INSERT INTO `meeting_individual_results` (`id`, `rank`, `is_play_off`, `is_out_of_race`, `is_disqualified`, `standard_points`, `meeting_individual_points`, `minutes`, `seconds`, `hundreds`, `meeting_program_id`, `swimmer_id`, `team_id`, `badge_id`, `user_id`, `created_at`, `updated_at`, `disqualification_code_type_id`, `goggle_cup_points`, `reaction_time`, `team_points`, `team_affiliation_id`)
  VALUES (192445, 7, 1, 0, 1, 0.0, 0.0, 0, 0, 0, 22290, 9531, 499, 13328, 1, '2015-03-01 00:04:12', '2015-03-01 00:04:12', 1, 0.0, 0.0, 0.0, 719);

INSERT INTO `meeting_individual_results` (`id`, `rank`, `is_play_off`, `is_out_of_race`, `is_disqualified`, `standard_points`, `meeting_individual_points`, `minutes`, `seconds`, `hundreds`, `meeting_program_id`, `swimmer_id`, `team_id`, `badge_id`, `user_id`, `created_at`, `updated_at`, `disqualification_code_type_id`, `goggle_cup_points`, `reaction_time`, `team_points`, `team_affiliation_id`)
  VALUES (192446, 1, 1, 0, 0, 700.79, 700.79, 0, 44, 45, 22291, 9498, 109, 13353, 1, '2015-03-01 00:04:12', '2015-03-01 00:04:12', NULL, 0.0, 0.0, 0.0, 302);

INSERT INTO `meeting_individual_results` (`id`, `rank`, `is_play_off`, `is_out_of_race`, `is_disqualified`, `standard_points`, `meeting_individual_points`, `minutes`, `seconds`, `hundreds`, `meeting_program_id`, `swimmer_id`, `team_id`, `badge_id`, `user_id`, `created_at`, `updated_at`, `disqualification_code_type_id`, `goggle_cup_points`, `reaction_time`, `team_points`, `team_affiliation_id`)
  VALUES (192447, 2, 1, 0, 0, 642.67, 642.67, 0, 48, 47, 22291, 12502, 384, 16314, 1, '2015-03-01 00:04:12', '2015-03-01 00:04:12', NULL, 0.0, 0.0, 0.0, 604);

INSERT INTO `meeting_individual_results` (`id`, `rank`, `is_play_off`, `is_out_of_race`, `is_disqualified`, `standard_points`, `meeting_individual_points`, `minutes`, `seconds`, `hundreds`, `meeting_program_id`, `swimmer_id`, `team_id`, `badge_id`, `user_id`, `created_at`, `updated_at`, `disqualification_code_type_id`, `goggle_cup_points`, `reaction_time`, `team_points`, `team_affiliation_id`)
  VALUES (192448, 3, 1, 0, 0, 600.89, 600.89, 0, 51, 84, 22291, 2153, 56, 5346, 1, '2015-03-01 00:04:12', '2015-03-01 00:04:12', NULL, 0.0, 0.0, 0.0, 249);

INSERT INTO `meeting_individual_results` (`id`, `rank`, `is_play_off`, `is_out_of_race`, `is_disqualified`, `standard_points`, `meeting_individual_points`, `minutes`, `seconds`, `hundreds`, `meeting_program_id`, `swimmer_id`, `team_id`, `badge_id`, `user_id`, `created_at`, `updated_at`, `disqualification_code_type_id`, `goggle_cup_points`, `reaction_time`, `team_points`, `team_affiliation_id`)
  VALUES (192449, 4, 1, 0, 0, 583.22, 583.22, 0, 53, 41, 22291, 7565, 94, 11377, 1, '2015-03-01 00:04:12', '2015-03-01 00:04:12', NULL, 0.0, 0.0, 0.0, 287);

INSERT INTO `meeting_individual_results` (`id`, `rank`, `is_play_off`, `is_out_of_race`, `is_disqualified`, `standard_points`, `meeting_individual_points`, `minutes`, `seconds`, `hundreds`, `meeting_program_id`, `swimmer_id`, `team_id`, `badge_id`, `user_id`, `created_at`, `updated_at`, `disqualification_code_type_id`, `goggle_cup_points`, `reaction_time`, `team_points`, `team_affiliation_id`)
  VALUES (192450, 5, 1, 0, 0, 577.49, 577.49, 0, 53, 94, 22291, 7556, 288, 11198, 1, '2015-03-01 00:04:12', '2015-03-01 00:04:12', NULL, 0.0, 0.0, 0.0, 485);

INSERT INTO `meeting_individual_results` (`id`, `rank`, `is_play_off`, `is_out_of_race`, `is_disqualified`, `standard_points`, `meeting_individual_points`, `minutes`, `seconds`, `hundreds`, `meeting_program_id`, `swimmer_id`, `team_id`, `badge_id`, `user_id`, `created_at`, `updated_at`, `disqualification_code_type_id`, `goggle_cup_points`, `reaction_time`, `team_points`, `team_affiliation_id`)
  VALUES (192451, 6, 1, 0, 0, 455.34, 455.34, 1, 8, 41, 22291, 3711, 223, 6937, 1, '2015-03-01 00:04:12', '2015-03-01 00:04:12', NULL, 0.0, 0.0, 0.0, 418);

INSERT INTO `meeting_individual_results` (`id`, `rank`, `is_play_off`, `is_out_of_race`, `is_disqualified`, `standard_points`, `meeting_individual_points`, `minutes`, `seconds`, `hundreds`, `meeting_program_id`, `swimmer_id`, `team_id`, `badge_id`, `user_id`, `created_at`, `updated_at`, `disqualification_code_type_id`, `goggle_cup_points`, `reaction_time`, `team_points`, `team_affiliation_id`)
  VALUES (192452, 1, 1, 0, 0, 725.1, 725.1, 0, 44, 78, 22292, 7493, 288, 11200, 1, '2015-03-01 00:04:12', '2015-03-01 00:04:12', NULL, 0.0, 0.0, 0.0, 485);

INSERT INTO `meeting_individual_results` (`id`, `rank`, `is_play_off`, `is_out_of_race`, `is_disqualified`, `standard_points`, `meeting_individual_points`, `minutes`, `seconds`, `hundreds`, `meeting_program_id`, `swimmer_id`, `team_id`, `badge_id`, `user_id`, `created_at`, `updated_at`, `disqualification_code_type_id`, `goggle_cup_points`, `reaction_time`, `team_points`, `team_affiliation_id`)
  VALUES (192453, 1, 1, 0, 0, 619.61, 619.61, 0, 54, 5, 22293, 9534, 394, 13338, 1, '2015-03-01 00:04:12', '2015-03-01 00:04:12', NULL, 0.0, 0.0, 0.0, 614);

INSERT INTO `meeting_individual_results` (`id`, `rank`, `is_play_off`, `is_out_of_race`, `is_disqualified`, `standard_points`, `meeting_individual_points`, `minutes`, `seconds`, `hundreds`, `meeting_program_id`, `swimmer_id`, `team_id`, `badge_id`, `user_id`, `created_at`, `updated_at`, `disqualification_code_type_id`, `goggle_cup_points`, `reaction_time`, `team_points`, `team_affiliation_id`)
  VALUES (192454, 2, 1, 0, 0, 521.16, 521.16, 1, 4, 26, 22293, 15982, 394, 19804, 1, '2015-03-01 00:04:13', '2015-03-01 00:04:13', NULL, 0.0, 0.0, 0.0, 614);

INSERT INTO `meeting_individual_results` (`id`, `rank`, `is_play_off`, `is_out_of_race`, `is_disqualified`, `standard_points`, `meeting_individual_points`, `minutes`, `seconds`, `hundreds`, `meeting_program_id`, `swimmer_id`, `team_id`, `badge_id`, `user_id`, `created_at`, `updated_at`, `disqualification_code_type_id`, `goggle_cup_points`, `reaction_time`, `team_points`, `team_affiliation_id`)
  VALUES (192455, 1, 1, 0, 0, 0.0, 0.0, 0, 38, 64, 22294, 7562, 413, 11420, 1, '2015-03-01 00:04:13', '2015-03-01 00:04:13', NULL, 0.0, 0.0, 0.0, 633);

INSERT INTO `meeting_individual_results` (`id`, `rank`, `is_play_off`, `is_out_of_race`, `is_disqualified`, `standard_points`, `meeting_individual_points`, `minutes`, `seconds`, `hundreds`, `meeting_program_id`, `swimmer_id`, `team_id`, `badge_id`, `user_id`, `created_at`, `updated_at`, `disqualification_code_type_id`, `goggle_cup_points`, `reaction_time`, `team_points`, `team_affiliation_id`)
  VALUES (192456, 2, 1, 0, 0, 0.0, 0.0, 0, 42, 9, 22294, 17688, 288, 21502, 1, '2015-03-01 00:04:13', '2015-03-01 00:04:13', NULL, 0.0, 0.0, 0.0, 485);

INSERT INTO `meeting_individual_results` (`id`, `rank`, `is_play_off`, `is_out_of_race`, `is_disqualified`, `standard_points`, `meeting_individual_points`, `minutes`, `seconds`, `hundreds`, `meeting_program_id`, `swimmer_id`, `team_id`, `badge_id`, `user_id`, `created_at`, `updated_at`, `disqualification_code_type_id`, `goggle_cup_points`, `reaction_time`, `team_points`, `team_affiliation_id`)
  VALUES (192457, 1, 1, 0, 0, 848.11, 848.11, 0, 30, 68, 22295, 7571, 413, 11204, 1, '2015-03-01 00:04:13', '2015-03-01 00:04:13', NULL, 0.0, 0.0, 0.0, 633);

INSERT INTO `meeting_individual_results` (`id`, `rank`, `is_play_off`, `is_out_of_race`, `is_disqualified`, `standard_points`, `meeting_individual_points`, `minutes`, `seconds`, `hundreds`, `meeting_program_id`, `swimmer_id`, `team_id`, `badge_id`, `user_id`, `created_at`, `updated_at`, `disqualification_code_type_id`, `goggle_cup_points`, `reaction_time`, `team_points`, `team_affiliation_id`)
  VALUES (192458, 2, 1, 0, 0, 743.43, 743.43, 0, 35, 0, 22295, 4701, 105, 7996, 1, '2015-03-01 00:04:13', '2015-03-01 00:04:13', NULL, 0.0, 0.0, 0.0, 298);

INSERT INTO `meeting_individual_results` (`id`, `rank`, `is_play_off`, `is_out_of_race`, `is_disqualified`, `standard_points`, `meeting_individual_points`, `minutes`, `seconds`, `hundreds`, `meeting_program_id`, `swimmer_id`, `team_id`, `badge_id`, `user_id`, `created_at`, `updated_at`, `disqualification_code_type_id`, `goggle_cup_points`, `reaction_time`, `team_points`, `team_affiliation_id`)
  VALUES (192459, 3, 1, 0, 0, 732.75, 732.75, 0, 35, 51, 22295, 11694, 560, 15419, 1, '2015-03-01 00:04:13', '2015-03-01 00:04:13', NULL, 0.0, 0.0, 0.0, 780);

INSERT INTO `meeting_individual_results` (`id`, `rank`, `is_play_off`, `is_out_of_race`, `is_disqualified`, `standard_points`, `meeting_individual_points`, `minutes`, `seconds`, `hundreds`, `meeting_program_id`, `swimmer_id`, `team_id`, `badge_id`, `user_id`, `created_at`, `updated_at`, `disqualification_code_type_id`, `goggle_cup_points`, `reaction_time`, `team_points`, `team_affiliation_id`)
  VALUES (192460, 4, 1, 0, 0, 714.44, 714.44, 0, 36, 42, 22295, 9526, 221, 13203, 1, '2015-03-01 00:04:13', '2015-03-01 00:04:13', NULL, 0.0, 0.0, 0.0, 416);

INSERT INTO `meeting_individual_results` (`id`, `rank`, `is_play_off`, `is_out_of_race`, `is_disqualified`, `standard_points`, `meeting_individual_points`, `minutes`, `seconds`, `hundreds`, `meeting_program_id`, `swimmer_id`, `team_id`, `badge_id`, `user_id`, `created_at`, `updated_at`, `disqualification_code_type_id`, `goggle_cup_points`, `reaction_time`, `team_points`, `team_affiliation_id`)
  VALUES (192461, 5, 1, 0, 0, 686.0, 686.0, 0, 37, 93, 22295, 12565, 221, 16275, 1, '2015-03-01 00:04:13', '2015-03-01 00:04:13', NULL, 0.0, 0.0, 0.0, 416);

INSERT INTO `meeting_individual_results` (`id`, `rank`, `is_play_off`, `is_out_of_race`, `is_disqualified`, `standard_points`, `meeting_individual_points`, `minutes`, `seconds`, `hundreds`, `meeting_program_id`, `swimmer_id`, `team_id`, `badge_id`, `user_id`, `created_at`, `updated_at`, `disqualification_code_type_id`, `goggle_cup_points`, `reaction_time`, `team_points`, `team_affiliation_id`)
  VALUES (192462, 1, 1, 0, 0, 614.73, 614.73, 0, 42, 10, 22296, 9467, 221, 13233, 1, '2015-03-01 00:04:13', '2015-03-01 00:04:13', NULL, 0.0, 0.0, 0.0, 416);

INSERT INTO `meeting_individual_results` (`id`, `rank`, `is_play_off`, `is_out_of_race`, `is_disqualified`, `standard_points`, `meeting_individual_points`, `minutes`, `seconds`, `hundreds`, `meeting_program_id`, `swimmer_id`, `team_id`, `badge_id`, `user_id`, `created_at`, `updated_at`, `disqualification_code_type_id`, `goggle_cup_points`, `reaction_time`, `team_points`, `team_affiliation_id`)
  VALUES (192463, 1, 1, 0, 0, 843.42, 843.42, 0, 31, 23, 22297, 12581, 215, 16322, 1, '2015-03-01 00:04:14', '2015-03-01 00:04:14', NULL, 0.0, 0.0, 0.0, 410);

INSERT INTO `meeting_individual_results` (`id`, `rank`, `is_play_off`, `is_out_of_race`, `is_disqualified`, `standard_points`, `meeting_individual_points`, `minutes`, `seconds`, `hundreds`, `meeting_program_id`, `swimmer_id`, `team_id`, `badge_id`, `user_id`, `created_at`, `updated_at`, `disqualification_code_type_id`, `goggle_cup_points`, `reaction_time`, `team_points`, `team_affiliation_id`)
  VALUES (192464, 2, 1, 0, 0, 840.19, 840.19, 0, 31, 35, 22297, 7673, 288, 11213, 1, '2015-03-01 00:04:14', '2015-03-01 00:04:14', NULL, 0.0, 0.0, 0.0, 485);

INSERT INTO `meeting_individual_results` (`id`, `rank`, `is_play_off`, `is_out_of_race`, `is_disqualified`, `standard_points`, `meeting_individual_points`, `minutes`, `seconds`, `hundreds`, `meeting_program_id`, `swimmer_id`, `team_id`, `badge_id`, `user_id`, `created_at`, `updated_at`, `disqualification_code_type_id`, `goggle_cup_points`, `reaction_time`, `team_points`, `team_affiliation_id`)
  VALUES (192465, 3, 1, 0, 0, 722.63, 722.63, 0, 36, 45, 22297, 5688, 326, 9380, 1, '2015-03-01 00:04:14', '2015-03-01 00:04:14', NULL, 0.0, 0.0, 0.0, 543);

INSERT INTO `meeting_individual_results` (`id`, `rank`, `is_play_off`, `is_out_of_race`, `is_disqualified`, `standard_points`, `meeting_individual_points`, `minutes`, `seconds`, `hundreds`, `meeting_program_id`, `swimmer_id`, `team_id`, `badge_id`, `user_id`, `created_at`, `updated_at`, `disqualification_code_type_id`, `goggle_cup_points`, `reaction_time`, `team_points`, `team_affiliation_id`)
  VALUES (192466, 4, 1, 0, 0, 571.86, 571.86, 0, 46, 6, 22297, 17692, 215, 21499, 1, '2015-03-01 00:04:14', '2015-03-01 00:04:14', NULL, 0.0, 0.0, 0.0, 410);

INSERT INTO `meeting_individual_results` (`id`, `rank`, `is_play_off`, `is_out_of_race`, `is_disqualified`, `standard_points`, `meeting_individual_points`, `minutes`, `seconds`, `hundreds`, `meeting_program_id`, `swimmer_id`, `team_id`, `badge_id`, `user_id`, `created_at`, `updated_at`, `disqualification_code_type_id`, `goggle_cup_points`, `reaction_time`, `team_points`, `team_affiliation_id`)
  VALUES (192467, 1, 1, 0, 0, 837.92, 837.92, 0, 31, 96, 22298, 3725, 223, 6952, 1, '2015-03-01 00:04:14', '2015-03-01 00:04:14', NULL, 0.0, 0.0, 0.0, 418);

INSERT INTO `meeting_individual_results` (`id`, `rank`, `is_play_off`, `is_out_of_race`, `is_disqualified`, `standard_points`, `meeting_individual_points`, `minutes`, `seconds`, `hundreds`, `meeting_program_id`, `swimmer_id`, `team_id`, `badge_id`, `user_id`, `created_at`, `updated_at`, `disqualification_code_type_id`, `goggle_cup_points`, `reaction_time`, `team_points`, `team_affiliation_id`)
  VALUES (192468, 2, 1, 0, 0, 811.27, 811.27, 0, 33, 1, 22298, 9517, 221, 13273, 1, '2015-03-01 00:04:14', '2015-03-01 00:04:14', NULL, 0.0, 0.0, 0.0, 416);

INSERT INTO `meeting_individual_results` (`id`, `rank`, `is_play_off`, `is_out_of_race`, `is_disqualified`, `standard_points`, `meeting_individual_points`, `minutes`, `seconds`, `hundreds`, `meeting_program_id`, `swimmer_id`, `team_id`, `badge_id`, `user_id`, `created_at`, `updated_at`, `disqualification_code_type_id`, `goggle_cup_points`, `reaction_time`, `team_points`, `team_affiliation_id`)
  VALUES (192469, 3, 1, 0, 0, 654.29, 654.29, 0, 40, 93, 22298, 11364, 499, 15168, 1, '2015-03-01 00:04:14', '2015-03-01 00:04:14', NULL, 0.0, 0.0, 0.0, 719);

INSERT INTO `meeting_individual_results` (`id`, `rank`, `is_play_off`, `is_out_of_race`, `is_disqualified`, `standard_points`, `meeting_individual_points`, `minutes`, `seconds`, `hundreds`, `meeting_program_id`, `swimmer_id`, `team_id`, `badge_id`, `user_id`, `created_at`, `updated_at`, `disqualification_code_type_id`, `goggle_cup_points`, `reaction_time`, `team_points`, `team_affiliation_id`)
  VALUES (192470, 4, 1, 0, 0, 646.86, 646.86, 0, 41, 40, 22298, 12721, 221, 16518, 1, '2015-03-01 00:04:14', '2015-03-01 00:04:14', NULL, 0.0, 0.0, 0.0, 416);

INSERT INTO `meeting_individual_results` (`id`, `rank`, `is_play_off`, `is_out_of_race`, `is_disqualified`, `standard_points`, `meeting_individual_points`, `minutes`, `seconds`, `hundreds`, `meeting_program_id`, `swimmer_id`, `team_id`, `badge_id`, `user_id`, `created_at`, `updated_at`, `disqualification_code_type_id`, `goggle_cup_points`, `reaction_time`, `team_points`, `team_affiliation_id`)
  VALUES (192471, 5, 1, 0, 0, 637.16, 637.16, 0, 42, 3, 22298, 9458, 394, 13308, 1, '2015-03-01 00:04:14', '2015-03-01 00:04:14', NULL, 0.0, 0.0, 0.0, 614);

INSERT INTO `meeting_individual_results` (`id`, `rank`, `is_play_off`, `is_out_of_race`, `is_disqualified`, `standard_points`, `meeting_individual_points`, `minutes`, `seconds`, `hundreds`, `meeting_program_id`, `swimmer_id`, `team_id`, `badge_id`, `user_id`, `created_at`, `updated_at`, `disqualification_code_type_id`, `goggle_cup_points`, `reaction_time`, `team_points`, `team_affiliation_id`)
  VALUES (192472, 6, 1, 0, 0, 607.95, 607.95, 0, 44, 5, 22298, 3680, 54, 6903, 1, '2015-03-01 00:04:14', '2015-03-01 00:04:14', NULL, 0.0, 0.0, 0.0, 247);

INSERT INTO `meeting_individual_results` (`id`, `rank`, `is_play_off`, `is_out_of_race`, `is_disqualified`, `standard_points`, `meeting_individual_points`, `minutes`, `seconds`, `hundreds`, `meeting_program_id`, `swimmer_id`, `team_id`, `badge_id`, `user_id`, `created_at`, `updated_at`, `disqualification_code_type_id`, `goggle_cup_points`, `reaction_time`, `team_points`, `team_affiliation_id`)
  VALUES (192473, 7, 1, 0, 0, 581.16, 581.16, 0, 46, 8, 22298, 12751, 394, 16517, 1, '2015-03-01 00:04:14', '2015-03-01 00:04:14', NULL, 0.0, 0.0, 0.0, 614);

INSERT INTO `meeting_individual_results` (`id`, `rank`, `is_play_off`, `is_out_of_race`, `is_disqualified`, `standard_points`, `meeting_individual_points`, `minutes`, `seconds`, `hundreds`, `meeting_program_id`, `swimmer_id`, `team_id`, `badge_id`, `user_id`, `created_at`, `updated_at`, `disqualification_code_type_id`, `goggle_cup_points`, `reaction_time`, `team_points`, `team_affiliation_id`)
  VALUES (192474, 1, 1, 0, 0, 774.3, 774.3, 0, 35, 18, 22299, 9473, 394, 13245, 1, '2015-03-01 00:04:15', '2015-03-01 00:04:15', NULL, 0.0, 0.0, 0.0, 614);

INSERT INTO `meeting_individual_results` (`id`, `rank`, `is_play_off`, `is_out_of_race`, `is_disqualified`, `standard_points`, `meeting_individual_points`, `minutes`, `seconds`, `hundreds`, `meeting_program_id`, `swimmer_id`, `team_id`, `badge_id`, `user_id`, `created_at`, `updated_at`, `disqualification_code_type_id`, `goggle_cup_points`, `reaction_time`, `team_points`, `team_affiliation_id`)
  VALUES (192475, 2, 1, 0, 0, 589.36, 589.36, 0, 46, 22, 22299, 12730, 223, 16501, 1, '2015-03-01 00:04:15', '2015-03-01 00:04:15', NULL, 0.0, 0.0, 0.0, 418);

INSERT INTO `meeting_individual_results` (`id`, `rank`, `is_play_off`, `is_out_of_race`, `is_disqualified`, `standard_points`, `meeting_individual_points`, `minutes`, `seconds`, `hundreds`, `meeting_program_id`, `swimmer_id`, `team_id`, `badge_id`, `user_id`, `created_at`, `updated_at`, `disqualification_code_type_id`, `goggle_cup_points`, `reaction_time`, `team_points`, `team_affiliation_id`)
  VALUES (192476, 3, 1, 0, 0, 498.54, 498.54, 0, 54, 64, 22299, 9510, 221, 13309, 1, '2015-03-01 00:04:15', '2015-03-01 00:04:15', NULL, 0.0, 0.0, 0.0, 416);

INSERT INTO `meeting_individual_results` (`id`, `rank`, `is_play_off`, `is_out_of_race`, `is_disqualified`, `standard_points`, `meeting_individual_points`, `minutes`, `seconds`, `hundreds`, `meeting_program_id`, `swimmer_id`, `team_id`, `badge_id`, `user_id`, `created_at`, `updated_at`, `disqualification_code_type_id`, `goggle_cup_points`, `reaction_time`, `team_points`, `team_affiliation_id`)
  VALUES (192477, 1, 1, 0, 0, 864.65, 864.65, 0, 32, 73, 22300, 12577, 384, 16251, 1, '2015-03-01 00:04:15', '2015-03-01 00:04:15', NULL, 0.0, 0.0, 0.0, 604);

INSERT INTO `meeting_individual_results` (`id`, `rank`, `is_play_off`, `is_out_of_race`, `is_disqualified`, `standard_points`, `meeting_individual_points`, `minutes`, `seconds`, `hundreds`, `meeting_program_id`, `swimmer_id`, `team_id`, `badge_id`, `user_id`, `created_at`, `updated_at`, `disqualification_code_type_id`, `goggle_cup_points`, `reaction_time`, `team_points`, `team_affiliation_id`)
  VALUES (192478, 2, 1, 0, 0, 839.76, 839.76, 0, 33, 70, 22300, 12740, 221, 16473, 1, '2015-03-01 00:04:15', '2015-03-01 00:04:15', NULL, 0.0, 0.0, 0.0, 416);

INSERT INTO `meeting_individual_results` (`id`, `rank`, `is_play_off`, `is_out_of_race`, `is_disqualified`, `standard_points`, `meeting_individual_points`, `minutes`, `seconds`, `hundreds`, `meeting_program_id`, `swimmer_id`, `team_id`, `badge_id`, `user_id`, `created_at`, `updated_at`, `disqualification_code_type_id`, `goggle_cup_points`, `reaction_time`, `team_points`, `team_affiliation_id`)
  VALUES (192479, 3, 1, 0, 0, 686.56, 686.56, 0, 41, 22, 22300, 7406, 288, 11301, 1, '2015-03-01 00:04:15', '2015-03-01 00:04:15', NULL, 0.0, 0.0, 0.0, 485);

INSERT INTO `meeting_individual_results` (`id`, `rank`, `is_play_off`, `is_out_of_race`, `is_disqualified`, `standard_points`, `meeting_individual_points`, `minutes`, `seconds`, `hundreds`, `meeting_program_id`, `swimmer_id`, `team_id`, `badge_id`, `user_id`, `created_at`, `updated_at`, `disqualification_code_type_id`, `goggle_cup_points`, `reaction_time`, `team_points`, `team_affiliation_id`)
  VALUES (192480, 4, 1, 0, 0, 534.67, 534.67, 0, 52, 93, 22300, 15908, 394, 19790, 1, '2015-03-01 00:04:15', '2015-03-01 00:04:15', NULL, 0.0, 0.0, 0.0, 614);

INSERT INTO `meeting_individual_results` (`id`, `rank`, `is_play_off`, `is_out_of_race`, `is_disqualified`, `standard_points`, `meeting_individual_points`, `minutes`, `seconds`, `hundreds`, `meeting_program_id`, `swimmer_id`, `team_id`, `badge_id`, `user_id`, `created_at`, `updated_at`, `disqualification_code_type_id`, `goggle_cup_points`, `reaction_time`, `team_points`, `team_affiliation_id`)
  VALUES (192481, 1, 1, 0, 0, 589.71, 589.71, 0, 49, 77, 22301, 15913, 394, 19792, 1, '2015-03-01 00:04:15', '2015-03-01 00:04:15', NULL, 0.0, 0.0, 0.0, 614);

INSERT INTO `meeting_individual_results` (`id`, `rank`, `is_play_off`, `is_out_of_race`, `is_disqualified`, `standard_points`, `meeting_individual_points`, `minutes`, `seconds`, `hundreds`, `meeting_program_id`, `swimmer_id`, `team_id`, `badge_id`, `user_id`, `created_at`, `updated_at`, `disqualification_code_type_id`, `goggle_cup_points`, `reaction_time`, `team_points`, `team_affiliation_id`)
  VALUES (192482, 2, 1, 0, 0, 586.41, 586.41, 0, 50, 5, 22301, 15907, 394, 19711, 1, '2015-03-01 00:04:15', '2015-03-01 00:04:15', NULL, 0.0, 0.0, 0.0, 614);

INSERT INTO `meeting_individual_results` (`id`, `rank`, `is_play_off`, `is_out_of_race`, `is_disqualified`, `standard_points`, `meeting_individual_points`, `minutes`, `seconds`, `hundreds`, `meeting_program_id`, `swimmer_id`, `team_id`, `badge_id`, `user_id`, `created_at`, `updated_at`, `disqualification_code_type_id`, `goggle_cup_points`, `reaction_time`, `team_points`, `team_affiliation_id`)
  VALUES (192483, 1, 1, 0, 0, 911.76, 911.76, 0, 33, 66, 22302, 3726, 109, 6953, 1, '2015-03-01 00:04:15', '2015-03-01 00:04:15', NULL, 0.0, 0.0, 0.0, 302);

INSERT INTO `meeting_individual_results` (`id`, `rank`, `is_play_off`, `is_out_of_race`, `is_disqualified`, `standard_points`, `meeting_individual_points`, `minutes`, `seconds`, `hundreds`, `meeting_program_id`, `swimmer_id`, `team_id`, `badge_id`, `user_id`, `created_at`, `updated_at`, `disqualification_code_type_id`, `goggle_cup_points`, `reaction_time`, `team_points`, `team_affiliation_id`)
  VALUES (192484, 2, 1, 0, 0, 509.21, 509.21, 1, 0, 27, 22302, 15945, 394, 19793, 1, '2015-03-01 00:04:16', '2015-03-01 00:04:16', NULL, 0.0, 0.0, 0.0, 614);

INSERT INTO `meeting_individual_results` (`id`, `rank`, `is_play_off`, `is_out_of_race`, `is_disqualified`, `standard_points`, `meeting_individual_points`, `minutes`, `seconds`, `hundreds`, `meeting_program_id`, `swimmer_id`, `team_id`, `badge_id`, `user_id`, `created_at`, `updated_at`, `disqualification_code_type_id`, `goggle_cup_points`, `reaction_time`, `team_points`, `team_affiliation_id`)
  VALUES (192485, 1, 1, 0, 0, 772.45, 772.45, 0, 42, 10, 22303, 15959, 78, 19806, 1, '2015-03-01 00:04:16', '2015-03-01 00:04:16', NULL, 0.0, 0.0, 0.0, 271);

INSERT INTO `meeting_individual_results` (`id`, `rank`, `is_play_off`, `is_out_of_race`, `is_disqualified`, `standard_points`, `meeting_individual_points`, `minutes`, `seconds`, `hundreds`, `meeting_program_id`, `swimmer_id`, `team_id`, `badge_id`, `user_id`, `created_at`, `updated_at`, `disqualification_code_type_id`, `goggle_cup_points`, `reaction_time`, `team_points`, `team_affiliation_id`)
  VALUES (192486, 1, 1, 0, 0, 0.0, 0.0, 0, 30, 93, 22304, 9587, 109, 13289, 1, '2015-03-01 00:04:16', '2015-03-01 00:04:16', NULL, 0.0, 0.0, 0.0, 302);

INSERT INTO `meeting_individual_results` (`id`, `rank`, `is_play_off`, `is_out_of_race`, `is_disqualified`, `standard_points`, `meeting_individual_points`, `minutes`, `seconds`, `hundreds`, `meeting_program_id`, `swimmer_id`, `team_id`, `badge_id`, `user_id`, `created_at`, `updated_at`, `disqualification_code_type_id`, `goggle_cup_points`, `reaction_time`, `team_points`, `team_affiliation_id`)
  VALUES (192487, 2, 1, 0, 0, 0.0, 0.0, 0, 31, 70, 22304, 4710, 109, 8005, 1, '2015-03-01 00:04:16', '2015-03-01 00:04:16', NULL, 0.0, 0.0, 0.0, 302);

INSERT INTO `meeting_individual_results` (`id`, `rank`, `is_play_off`, `is_out_of_race`, `is_disqualified`, `standard_points`, `meeting_individual_points`, `minutes`, `seconds`, `hundreds`, `meeting_program_id`, `swimmer_id`, `team_id`, `badge_id`, `user_id`, `created_at`, `updated_at`, `disqualification_code_type_id`, `goggle_cup_points`, `reaction_time`, `team_points`, `team_affiliation_id`)
  VALUES (192488, 3, 1, 0, 0, 0.0, 0.0, 0, 32, 95, 22304, 17128, 413, 20923, 1, '2015-03-01 00:04:16', '2015-03-01 00:04:16', NULL, 0.0, 0.0, 0.0, 633);

INSERT INTO `meeting_individual_results` (`id`, `rank`, `is_play_off`, `is_out_of_race`, `is_disqualified`, `standard_points`, `meeting_individual_points`, `minutes`, `seconds`, `hundreds`, `meeting_program_id`, `swimmer_id`, `team_id`, `badge_id`, `user_id`, `created_at`, `updated_at`, `disqualification_code_type_id`, `goggle_cup_points`, `reaction_time`, `team_points`, `team_affiliation_id`)
  VALUES (192489, 1, 1, 0, 0, 852.44, 852.44, 0, 26, 43, 22305, 12741, 109, 16487, 1, '2015-03-01 00:04:16', '2015-03-01 00:04:16', NULL, 0.0, 0.0, 0.0, 302);

INSERT INTO `meeting_individual_results` (`id`, `rank`, `is_play_off`, `is_out_of_race`, `is_disqualified`, `standard_points`, `meeting_individual_points`, `minutes`, `seconds`, `hundreds`, `meeting_program_id`, `swimmer_id`, `team_id`, `badge_id`, `user_id`, `created_at`, `updated_at`, `disqualification_code_type_id`, `goggle_cup_points`, `reaction_time`, `team_points`, `team_affiliation_id`)
  VALUES (192490, 2, 1, 0, 0, 846.04, 846.04, 0, 26, 63, 22305, 9564, 326, 13277, 1, '2015-03-01 00:04:16', '2015-03-01 00:04:16', NULL, 0.0, 0.0, 0.0, 543);

INSERT INTO `meeting_individual_results` (`id`, `rank`, `is_play_off`, `is_out_of_race`, `is_disqualified`, `standard_points`, `meeting_individual_points`, `minutes`, `seconds`, `hundreds`, `meeting_program_id`, `swimmer_id`, `team_id`, `badge_id`, `user_id`, `created_at`, `updated_at`, `disqualification_code_type_id`, `goggle_cup_points`, `reaction_time`, `team_points`, `team_affiliation_id`)
  VALUES (192491, 3, 1, 0, 0, 818.97, 818.97, 0, 27, 51, 22305, 4729, 282, 8024, 1, '2015-03-01 00:04:16', '2015-03-01 00:04:16', NULL, 0.0, 0.0, 0.0, 479);

INSERT INTO `meeting_individual_results` (`id`, `rank`, `is_play_off`, `is_out_of_race`, `is_disqualified`, `standard_points`, `meeting_individual_points`, `minutes`, `seconds`, `hundreds`, `meeting_program_id`, `swimmer_id`, `team_id`, `badge_id`, `user_id`, `created_at`, `updated_at`, `disqualification_code_type_id`, `goggle_cup_points`, `reaction_time`, `team_points`, `team_affiliation_id`)
  VALUES (192492, 4, 1, 0, 0, 776.63, 776.63, 0, 29, 1, 22305, 12604, 48, 16345, 1, '2015-03-01 00:04:16', '2015-03-01 00:04:16', NULL, 0.0, 0.0, 0.0, 241);

INSERT INTO `meeting_individual_results` (`id`, `rank`, `is_play_off`, `is_out_of_race`, `is_disqualified`, `standard_points`, `meeting_individual_points`, `minutes`, `seconds`, `hundreds`, `meeting_program_id`, `swimmer_id`, `team_id`, `badge_id`, `user_id`, `created_at`, `updated_at`, `disqualification_code_type_id`, `goggle_cup_points`, `reaction_time`, `team_points`, `team_affiliation_id`)
  VALUES (192493, 5, 1, 0, 0, 747.02, 747.02, 0, 30, 16, 22305, 2457, 109, 5657, 1, '2015-03-01 00:04:16', '2015-03-01 00:04:16', NULL, 0.0, 0.0, 0.0, 302);

INSERT INTO `meeting_individual_results` (`id`, `rank`, `is_play_off`, `is_out_of_race`, `is_disqualified`, `standard_points`, `meeting_individual_points`, `minutes`, `seconds`, `hundreds`, `meeting_program_id`, `swimmer_id`, `team_id`, `badge_id`, `user_id`, `created_at`, `updated_at`, `disqualification_code_type_id`, `goggle_cup_points`, `reaction_time`, `team_points`, `team_affiliation_id`)
  VALUES (192494, 6, 1, 0, 0, 703.4, 703.4, 0, 32, 3, 22305, 17699, 282, 21490, 1, '2015-03-01 00:04:16', '2015-03-01 00:04:16', NULL, 0.0, 0.0, 0.0, 479);

INSERT INTO `meeting_individual_results` (`id`, `rank`, `is_play_off`, `is_out_of_race`, `is_disqualified`, `standard_points`, `meeting_individual_points`, `minutes`, `seconds`, `hundreds`, `meeting_program_id`, `swimmer_id`, `team_id`, `badge_id`, `user_id`, `created_at`, `updated_at`, `disqualification_code_type_id`, `goggle_cup_points`, `reaction_time`, `team_points`, `team_affiliation_id`)
  VALUES (192495, 7, 1, 0, 0, 675.56, 675.56, 0, 33, 35, 22305, 7664, 411, 11224, 1, '2015-03-01 00:04:17', '2015-03-01 00:04:17', NULL, 0.0, 0.0, 0.0, 631);

INSERT INTO `meeting_individual_results` (`id`, `rank`, `is_play_off`, `is_out_of_race`, `is_disqualified`, `standard_points`, `meeting_individual_points`, `minutes`, `seconds`, `hundreds`, `meeting_program_id`, `swimmer_id`, `team_id`, `badge_id`, `user_id`, `created_at`, `updated_at`, `disqualification_code_type_id`, `goggle_cup_points`, `reaction_time`, `team_points`, `team_affiliation_id`)
  VALUES (192496, 1, 1, 0, 0, 838.73, 838.73, 0, 26, 85, 22306, 9631, 413, 13391, 1, '2015-03-01 00:04:17', '2015-03-01 00:04:17', NULL, 0.0, 0.0, 0.0, 633);

INSERT INTO `meeting_individual_results` (`id`, `rank`, `is_play_off`, `is_out_of_race`, `is_disqualified`, `standard_points`, `meeting_individual_points`, `minutes`, `seconds`, `hundreds`, `meeting_program_id`, `swimmer_id`, `team_id`, `badge_id`, `user_id`, `created_at`, `updated_at`, `disqualification_code_type_id`, `goggle_cup_points`, `reaction_time`, `team_points`, `team_affiliation_id`)
  VALUES (192497, 2, 1, 0, 0, 778.7, 778.7, 0, 28, 92, 22306, 17695, 221, 21497, 1, '2015-03-01 00:04:17', '2015-03-01 00:04:17', NULL, 0.0, 0.0, 0.0, 416);

INSERT INTO `meeting_individual_results` (`id`, `rank`, `is_play_off`, `is_out_of_race`, `is_disqualified`, `standard_points`, `meeting_individual_points`, `minutes`, `seconds`, `hundreds`, `meeting_program_id`, `swimmer_id`, `team_id`, `badge_id`, `user_id`, `created_at`, `updated_at`, `disqualification_code_type_id`, `goggle_cup_points`, `reaction_time`, `team_points`, `team_affiliation_id`)
  VALUES (192498, 3, 1, 0, 0, 772.03, 772.03, 0, 29, 17, 22306, 7612, 413, 11228, 1, '2015-03-01 00:04:17', '2015-03-01 00:04:17', NULL, 0.0, 0.0, 0.0, 633);

INSERT INTO `meeting_individual_results` (`id`, `rank`, `is_play_off`, `is_out_of_race`, `is_disqualified`, `standard_points`, `meeting_individual_points`, `minutes`, `seconds`, `hundreds`, `meeting_program_id`, `swimmer_id`, `team_id`, `badge_id`, `user_id`, `created_at`, `updated_at`, `disqualification_code_type_id`, `goggle_cup_points`, `reaction_time`, `team_points`, `team_affiliation_id`)
  VALUES (192499, 4, 1, 0, 0, 763.13, 763.13, 0, 29, 51, 22306, 7568, 414, 11432, 1, '2015-03-01 00:04:17', '2015-03-01 00:04:17', NULL, 0.0, 0.0, 0.0, 634);

INSERT INTO `meeting_individual_results` (`id`, `rank`, `is_play_off`, `is_out_of_race`, `is_disqualified`, `standard_points`, `meeting_individual_points`, `minutes`, `seconds`, `hundreds`, `meeting_program_id`, `swimmer_id`, `team_id`, `badge_id`, `user_id`, `created_at`, `updated_at`, `disqualification_code_type_id`, `goggle_cup_points`, `reaction_time`, `team_points`, `team_affiliation_id`)
  VALUES (192500, 5, 1, 0, 0, 745.94, 745.94, 0, 30, 19, 22306, 9568, 223, 13292, 1, '2015-03-01 00:04:17', '2015-03-01 00:04:17', NULL, 0.0, 0.0, 0.0, 418);

INSERT INTO `meeting_individual_results` (`id`, `rank`, `is_play_off`, `is_out_of_race`, `is_disqualified`, `standard_points`, `meeting_individual_points`, `minutes`, `seconds`, `hundreds`, `meeting_program_id`, `swimmer_id`, `team_id`, `badge_id`, `user_id`, `created_at`, `updated_at`, `disqualification_code_type_id`, `goggle_cup_points`, `reaction_time`, `team_points`, `team_affiliation_id`)
  VALUES (192501, 6, 1, 0, 0, 734.75, 734.75, 0, 30, 65, 22306, 12558, 384, 16294, 1, '2015-03-01 00:04:17', '2015-03-01 00:04:17', NULL, 0.0, 0.0, 0.0, 604);

INSERT INTO `meeting_individual_results` (`id`, `rank`, `is_play_off`, `is_out_of_race`, `is_disqualified`, `standard_points`, `meeting_individual_points`, `minutes`, `seconds`, `hundreds`, `meeting_program_id`, `swimmer_id`, `team_id`, `badge_id`, `user_id`, `created_at`, `updated_at`, `disqualification_code_type_id`, `goggle_cup_points`, `reaction_time`, `team_points`, `team_affiliation_id`)
  VALUES (192502, 7, 1, 0, 0, 731.64, 731.64, 0, 30, 78, 22306, 17683, 499, 21500, 1, '2015-03-01 00:04:17', '2015-03-01 00:04:17', NULL, 0.0, 0.0, 0.0, 719);

INSERT INTO `meeting_individual_results` (`id`, `rank`, `is_play_off`, `is_out_of_race`, `is_disqualified`, `standard_points`, `meeting_individual_points`, `minutes`, `seconds`, `hundreds`, `meeting_program_id`, `swimmer_id`, `team_id`, `badge_id`, `user_id`, `created_at`, `updated_at`, `disqualification_code_type_id`, `goggle_cup_points`, `reaction_time`, `team_points`, `team_affiliation_id`)
  VALUES (192503, 8, 1, 0, 0, 696.78, 696.78, 0, 32, 32, 22306, 16008, 279, 19809, 1, '2015-03-01 00:04:17', '2015-03-01 00:04:17', NULL, 0.0, 0.0, 0.0, 476);

INSERT INTO `meeting_individual_results` (`id`, `rank`, `is_play_off`, `is_out_of_race`, `is_disqualified`, `standard_points`, `meeting_individual_points`, `minutes`, `seconds`, `hundreds`, `meeting_program_id`, `swimmer_id`, `team_id`, `badge_id`, `user_id`, `created_at`, `updated_at`, `disqualification_code_type_id`, `goggle_cup_points`, `reaction_time`, `team_points`, `team_affiliation_id`)
  VALUES (192504, 9, 1, 0, 0, 674.66, 674.66, 0, 33, 38, 22306, 4606, 272, 7901, 1, '2015-03-01 00:04:17', '2015-03-01 00:04:17', NULL, 0.0, 0.0, 0.0, 469);

INSERT INTO `meeting_individual_results` (`id`, `rank`, `is_play_off`, `is_out_of_race`, `is_disqualified`, `standard_points`, `meeting_individual_points`, `minutes`, `seconds`, `hundreds`, `meeting_program_id`, `swimmer_id`, `team_id`, `badge_id`, `user_id`, `created_at`, `updated_at`, `disqualification_code_type_id`, `goggle_cup_points`, `reaction_time`, `team_points`, `team_affiliation_id`)
  VALUES (192505, 1, 1, 0, 0, 942.05, 942.05, 0, 24, 33, 22307, 1946, 48, 5129, 1, '2015-03-01 00:04:18', '2015-03-01 00:04:18', NULL, 0.0, 0.0, 0.0, 241);

INSERT INTO `meeting_individual_results` (`id`, `rank`, `is_play_off`, `is_out_of_race`, `is_disqualified`, `standard_points`, `meeting_individual_points`, `minutes`, `seconds`, `hundreds`, `meeting_program_id`, `swimmer_id`, `team_id`, `badge_id`, `user_id`, `created_at`, `updated_at`, `disqualification_code_type_id`, `goggle_cup_points`, `reaction_time`, `team_points`, `team_affiliation_id`)
  VALUES (192506, 2, 1, 0, 0, 874.48, 874.48, 0, 26, 21, 22307, 12592, 221, 16297, 1, '2015-03-01 00:04:18', '2015-03-01 00:04:18', NULL, 0.0, 0.0, 0.0, 416);

INSERT INTO `meeting_individual_results` (`id`, `rank`, `is_play_off`, `is_out_of_race`, `is_disqualified`, `standard_points`, `meeting_individual_points`, `minutes`, `seconds`, `hundreds`, `meeting_program_id`, `swimmer_id`, `team_id`, `badge_id`, `user_id`, `created_at`, `updated_at`, `disqualification_code_type_id`, `goggle_cup_points`, `reaction_time`, `team_points`, `team_affiliation_id`)
  VALUES (192507, 3, 1, 0, 0, 842.96, 842.96, 0, 27, 19, 22307, 2189, 105, 5385, 1, '2015-03-01 00:04:18', '2015-03-01 00:04:18', NULL, 0.0, 0.0, 0.0, 298);

INSERT INTO `meeting_individual_results` (`id`, `rank`, `is_play_off`, `is_out_of_race`, `is_disqualified`, `standard_points`, `meeting_individual_points`, `minutes`, `seconds`, `hundreds`, `meeting_program_id`, `swimmer_id`, `team_id`, `badge_id`, `user_id`, `created_at`, `updated_at`, `disqualification_code_type_id`, `goggle_cup_points`, `reaction_time`, `team_points`, `team_affiliation_id`)
  VALUES (192508, 4, 1, 0, 0, 810.75, 810.75, 0, 28, 27, 22307, 4735, 221, 8030, 1, '2015-03-01 00:04:18', '2015-03-01 00:04:18', NULL, 0.0, 0.0, 0.0, 416);

INSERT INTO `meeting_individual_results` (`id`, `rank`, `is_play_off`, `is_out_of_race`, `is_disqualified`, `standard_points`, `meeting_individual_points`, `minutes`, `seconds`, `hundreds`, `meeting_program_id`, `swimmer_id`, `team_id`, `badge_id`, `user_id`, `created_at`, `updated_at`, `disqualification_code_type_id`, `goggle_cup_points`, `reaction_time`, `team_points`, `team_affiliation_id`)
  VALUES (192509, 5, 1, 0, 0, 755.44, 755.44, 0, 30, 34, 22307, 16007, 326, 19810, 1, '2015-03-01 00:04:18', '2015-03-01 00:04:18', NULL, 0.0, 0.0, 0.0, 543);

INSERT INTO `meeting_individual_results` (`id`, `rank`, `is_play_off`, `is_out_of_race`, `is_disqualified`, `standard_points`, `meeting_individual_points`, `minutes`, `seconds`, `hundreds`, `meeting_program_id`, `swimmer_id`, `team_id`, `badge_id`, `user_id`, `created_at`, `updated_at`, `disqualification_code_type_id`, `goggle_cup_points`, `reaction_time`, `team_points`, `team_affiliation_id`)
  VALUES (192510, 6, 1, 0, 0, 725.32, 725.32, 0, 31, 60, 22307, 6750, 94, 10527, 1, '2015-03-01 00:04:18', '2015-03-01 00:04:18', NULL, 0.0, 0.0, 0.0, 287);

INSERT INTO `meeting_individual_results` (`id`, `rank`, `is_play_off`, `is_out_of_race`, `is_disqualified`, `standard_points`, `meeting_individual_points`, `minutes`, `seconds`, `hundreds`, `meeting_program_id`, `swimmer_id`, `team_id`, `badge_id`, `user_id`, `created_at`, `updated_at`, `disqualification_code_type_id`, `goggle_cup_points`, `reaction_time`, `team_points`, `team_affiliation_id`)
  VALUES (192511, 7, 1, 0, 0, 704.58, 704.58, 0, 32, 53, 22307, 4737, 216, 8032, 1, '2015-03-01 00:04:18', '2015-03-01 00:04:18', NULL, 0.0, 0.0, 0.0, 411);

INSERT INTO `meeting_individual_results` (`id`, `rank`, `is_play_off`, `is_out_of_race`, `is_disqualified`, `standard_points`, `meeting_individual_points`, `minutes`, `seconds`, `hundreds`, `meeting_program_id`, `swimmer_id`, `team_id`, `badge_id`, `user_id`, `created_at`, `updated_at`, `disqualification_code_type_id`, `goggle_cup_points`, `reaction_time`, `team_points`, `team_affiliation_id`)
  VALUES (192512, 8, 1, 0, 0, 668.22, 668.22, 0, 34, 30, 22307, 12688, 394, 16509, 1, '2015-03-01 00:04:18', '2015-03-01 00:04:18', NULL, 0.0, 0.0, 0.0, 614);

INSERT INTO `meeting_individual_results` (`id`, `rank`, `is_play_off`, `is_out_of_race`, `is_disqualified`, `standard_points`, `meeting_individual_points`, `minutes`, `seconds`, `hundreds`, `meeting_program_id`, `swimmer_id`, `team_id`, `badge_id`, `user_id`, `created_at`, `updated_at`, `disqualification_code_type_id`, `goggle_cup_points`, `reaction_time`, `team_points`, `team_affiliation_id`)
  VALUES (192513, 1, 1, 0, 0, 809.65, 809.65, 0, 29, 21, 22308, 9588, 499, 13281, 1, '2015-03-01 00:04:18', '2015-03-01 00:04:18', NULL, 0.0, 0.0, 0.0, 719);

INSERT INTO `meeting_individual_results` (`id`, `rank`, `is_play_off`, `is_out_of_race`, `is_disqualified`, `standard_points`, `meeting_individual_points`, `minutes`, `seconds`, `hundreds`, `meeting_program_id`, `swimmer_id`, `team_id`, `badge_id`, `user_id`, `created_at`, `updated_at`, `disqualification_code_type_id`, `goggle_cup_points`, `reaction_time`, `team_points`, `team_affiliation_id`)
  VALUES (192514, 2, 1, 0, 0, 756.07, 756.07, 0, 31, 28, 22308, 9436, 216, 13282, 1, '2015-03-01 00:04:18', '2015-03-01 00:04:18', NULL, 0.0, 0.0, 0.0, 411);

INSERT INTO `meeting_individual_results` (`id`, `rank`, `is_play_off`, `is_out_of_race`, `is_disqualified`, `standard_points`, `meeting_individual_points`, `minutes`, `seconds`, `hundreds`, `meeting_program_id`, `swimmer_id`, `team_id`, `badge_id`, `user_id`, `created_at`, `updated_at`, `disqualification_code_type_id`, `goggle_cup_points`, `reaction_time`, `team_points`, `team_affiliation_id`)
  VALUES (192515, 3, 1, 0, 0, 740.22, 740.22, 0, 31, 95, 22308, 11456, 109, 15289, 1, '2015-03-01 00:04:19', '2015-03-01 00:04:19', NULL, 0.0, 0.0, 0.0, 302);

INSERT INTO `meeting_individual_results` (`id`, `rank`, `is_play_off`, `is_out_of_race`, `is_disqualified`, `standard_points`, `meeting_individual_points`, `minutes`, `seconds`, `hundreds`, `meeting_program_id`, `swimmer_id`, `team_id`, `badge_id`, `user_id`, `created_at`, `updated_at`, `disqualification_code_type_id`, `goggle_cup_points`, `reaction_time`, `team_points`, `team_affiliation_id`)
  VALUES (192516, 4, 1, 0, 0, 711.06, 711.06, 0, 33, 26, 22308, 11703, 384, 15405, 1, '2015-03-01 00:04:19', '2015-03-01 00:04:19', NULL, 0.0, 0.0, 0.0, 604);

INSERT INTO `meeting_individual_results` (`id`, `rank`, `is_play_off`, `is_out_of_race`, `is_disqualified`, `standard_points`, `meeting_individual_points`, `minutes`, `seconds`, `hundreds`, `meeting_program_id`, `swimmer_id`, `team_id`, `badge_id`, `user_id`, `created_at`, `updated_at`, `disqualification_code_type_id`, `goggle_cup_points`, `reaction_time`, `team_points`, `team_affiliation_id`)
  VALUES (192517, 5, 1, 0, 0, 695.18, 695.18, 0, 34, 2, 22308, 14817, 215, 18622, 1, '2015-03-01 00:04:19', '2015-03-01 00:04:19', NULL, 0.0, 0.0, 0.0, 410);

INSERT INTO `meeting_individual_results` (`id`, `rank`, `is_play_off`, `is_out_of_race`, `is_disqualified`, `standard_points`, `meeting_individual_points`, `minutes`, `seconds`, `hundreds`, `meeting_program_id`, `swimmer_id`, `team_id`, `badge_id`, `user_id`, `created_at`, `updated_at`, `disqualification_code_type_id`, `goggle_cup_points`, `reaction_time`, `team_points`, `team_affiliation_id`)
  VALUES (192518, 6, 1, 0, 0, 654.4, 654.4, 0, 36, 14, 22308, 12728, 225, 16494, 1, '2015-03-01 00:04:19', '2015-03-01 00:04:19', NULL, 0.0, 0.0, 0.0, 420);

INSERT INTO `meeting_individual_results` (`id`, `rank`, `is_play_off`, `is_out_of_race`, `is_disqualified`, `standard_points`, `meeting_individual_points`, `minutes`, `seconds`, `hundreds`, `meeting_program_id`, `swimmer_id`, `team_id`, `badge_id`, `user_id`, `created_at`, `updated_at`, `disqualification_code_type_id`, `goggle_cup_points`, `reaction_time`, `team_points`, `team_affiliation_id`)
  VALUES (192519, 1, 1, 0, 0, 876.96, 876.96, 0, 27, 39, 22309, 12492, 215, 16302, 1, '2015-03-01 00:04:19', '2015-03-01 00:04:19', NULL, 0.0, 0.0, 0.0, 410);

INSERT INTO `meeting_individual_results` (`id`, `rank`, `is_play_off`, `is_out_of_race`, `is_disqualified`, `standard_points`, `meeting_individual_points`, `minutes`, `seconds`, `hundreds`, `meeting_program_id`, `swimmer_id`, `team_id`, `badge_id`, `user_id`, `created_at`, `updated_at`, `disqualification_code_type_id`, `goggle_cup_points`, `reaction_time`, `team_points`, `team_affiliation_id`)
  VALUES (192520, 2, 1, 0, 0, 850.57, 850.57, 0, 28, 24, 22309, 9644, 414, 13399, 1, '2015-03-01 00:04:19', '2015-03-01 00:04:19', NULL, 0.0, 0.0, 0.0, 634);

INSERT INTO `meeting_individual_results` (`id`, `rank`, `is_play_off`, `is_out_of_race`, `is_disqualified`, `standard_points`, `meeting_individual_points`, `minutes`, `seconds`, `hundreds`, `meeting_program_id`, `swimmer_id`, `team_id`, `badge_id`, `user_id`, `created_at`, `updated_at`, `disqualification_code_type_id`, `goggle_cup_points`, `reaction_time`, `team_points`, `team_affiliation_id`)
  VALUES (192521, 3, 1, 0, 0, 834.03, 834.03, 0, 28, 80, 22309, 15978, 279, 19721, 1, '2015-03-01 00:04:19', '2015-03-01 00:04:19', NULL, 0.0, 0.0, 0.0, 476);

INSERT INTO `meeting_individual_results` (`id`, `rank`, `is_play_off`, `is_out_of_race`, `is_disqualified`, `standard_points`, `meeting_individual_points`, `minutes`, `seconds`, `hundreds`, `meeting_program_id`, `swimmer_id`, `team_id`, `badge_id`, `user_id`, `created_at`, `updated_at`, `disqualification_code_type_id`, `goggle_cup_points`, `reaction_time`, `team_points`, `team_affiliation_id`)
  VALUES (192522, 4, 1, 0, 0, 795.1, 795.1, 0, 30, 21, 22309, 8779, 50, 12536, 1, '2015-03-01 00:04:19', '2015-03-01 00:04:19', NULL, 0.0, 0.0, 0.0, 243);

INSERT INTO `meeting_individual_results` (`id`, `rank`, `is_play_off`, `is_out_of_race`, `is_disqualified`, `standard_points`, `meeting_individual_points`, `minutes`, `seconds`, `hundreds`, `meeting_program_id`, `swimmer_id`, `team_id`, `badge_id`, `user_id`, `created_at`, `updated_at`, `disqualification_code_type_id`, `goggle_cup_points`, `reaction_time`, `team_points`, `team_affiliation_id`)
  VALUES (192523, 5, 1, 0, 0, 736.58, 736.58, 0, 32, 61, 22309, 12694, 225, 16526, 1, '2015-03-01 00:04:19', '2015-03-01 00:04:19', NULL, 0.0, 0.0, 0.0, 420);

INSERT INTO `meeting_individual_results` (`id`, `rank`, `is_play_off`, `is_out_of_race`, `is_disqualified`, `standard_points`, `meeting_individual_points`, `minutes`, `seconds`, `hundreds`, `meeting_program_id`, `swimmer_id`, `team_id`, `badge_id`, `user_id`, `created_at`, `updated_at`, `disqualification_code_type_id`, `goggle_cup_points`, `reaction_time`, `team_points`, `team_affiliation_id`)
  VALUES (192524, 6, 1, 0, 0, 716.59, 716.59, 0, 33, 52, 22309, 14829, 215, 18625, 1, '2015-03-01 00:04:19', '2015-03-01 00:04:19', NULL, 0.0, 0.0, 0.0, 410);

INSERT INTO `meeting_individual_results` (`id`, `rank`, `is_play_off`, `is_out_of_race`, `is_disqualified`, `standard_points`, `meeting_individual_points`, `minutes`, `seconds`, `hundreds`, `meeting_program_id`, `swimmer_id`, `team_id`, `badge_id`, `user_id`, `created_at`, `updated_at`, `disqualification_code_type_id`, `goggle_cup_points`, `reaction_time`, `team_points`, `team_affiliation_id`)
  VALUES (192525, 7, 1, 0, 0, 701.52, 701.52, 0, 34, 24, 22309, 9531, 499, 13328, 1, '2015-03-01 00:04:20', '2015-03-01 00:04:20', NULL, 0.0, 0.0, 0.0, 719);

INSERT INTO `meeting_individual_results` (`id`, `rank`, `is_play_off`, `is_out_of_race`, `is_disqualified`, `standard_points`, `meeting_individual_points`, `minutes`, `seconds`, `hundreds`, `meeting_program_id`, `swimmer_id`, `team_id`, `badge_id`, `user_id`, `created_at`, `updated_at`, `disqualification_code_type_id`, `goggle_cup_points`, `reaction_time`, `team_points`, `team_affiliation_id`)
  VALUES (192526, 8, 1, 0, 0, 641.22, 641.22, 0, 37, 46, 22309, 9499, 223, 13331, 1, '2015-03-01 00:04:20', '2015-03-01 00:04:20', NULL, 0.0, 0.0, 0.0, 418);

INSERT INTO `meeting_individual_results` (`id`, `rank`, `is_play_off`, `is_out_of_race`, `is_disqualified`, `standard_points`, `meeting_individual_points`, `minutes`, `seconds`, `hundreds`, `meeting_program_id`, `swimmer_id`, `team_id`, `badge_id`, `user_id`, `created_at`, `updated_at`, `disqualification_code_type_id`, `goggle_cup_points`, `reaction_time`, `team_points`, `team_affiliation_id`)
  VALUES (192527, 1, 1, 0, 0, 820.36, 820.36, 0, 30, 6, 22310, 4772, 223, 8067, 1, '2015-03-01 00:04:20', '2015-03-01 00:04:20', NULL, 0.0, 0.0, 0.0, 418);

INSERT INTO `meeting_individual_results` (`id`, `rank`, `is_play_off`, `is_out_of_race`, `is_disqualified`, `standard_points`, `meeting_individual_points`, `minutes`, `seconds`, `hundreds`, `meeting_program_id`, `swimmer_id`, `team_id`, `badge_id`, `user_id`, `created_at`, `updated_at`, `disqualification_code_type_id`, `goggle_cup_points`, `reaction_time`, `team_points`, `team_affiliation_id`)
  VALUES (192528, 2, 1, 0, 0, 774.5, 774.5, 0, 31, 84, 22310, 3708, 222, 6934, 1, '2015-03-01 00:04:20', '2015-03-01 00:04:20', NULL, 0.0, 0.0, 0.0, 417);

INSERT INTO `meeting_individual_results` (`id`, `rank`, `is_play_off`, `is_out_of_race`, `is_disqualified`, `standard_points`, `meeting_individual_points`, `minutes`, `seconds`, `hundreds`, `meeting_program_id`, `swimmer_id`, `team_id`, `badge_id`, `user_id`, `created_at`, `updated_at`, `disqualification_code_type_id`, `goggle_cup_points`, `reaction_time`, `team_points`, `team_affiliation_id`)
  VALUES (192529, 3, 1, 0, 0, 769.9, 769.9, 0, 32, 3, 22310, 6818, 384, 10606, 1, '2015-03-01 00:04:20', '2015-03-01 00:04:20', NULL, 0.0, 0.0, 0.0, 604);

INSERT INTO `meeting_individual_results` (`id`, `rank`, `is_play_off`, `is_out_of_race`, `is_disqualified`, `standard_points`, `meeting_individual_points`, `minutes`, `seconds`, `hundreds`, `meeting_program_id`, `swimmer_id`, `team_id`, `badge_id`, `user_id`, `created_at`, `updated_at`, `disqualification_code_type_id`, `goggle_cup_points`, `reaction_time`, `team_points`, `team_affiliation_id`)
  VALUES (192530, 4, 1, 0, 0, 762.29, 762.29, 0, 32, 35, 22310, 5792, 327, 9439, 1, '2015-03-01 00:04:20', '2015-03-01 00:04:20', NULL, 0.0, 0.0, 0.0, 544);

INSERT INTO `meeting_individual_results` (`id`, `rank`, `is_play_off`, `is_out_of_race`, `is_disqualified`, `standard_points`, `meeting_individual_points`, `minutes`, `seconds`, `hundreds`, `meeting_program_id`, `swimmer_id`, `team_id`, `badge_id`, `user_id`, `created_at`, `updated_at`, `disqualification_code_type_id`, `goggle_cup_points`, `reaction_time`, `team_points`, `team_affiliation_id`)
  VALUES (192531, 5, 1, 0, 0, 752.98, 752.98, 0, 32, 75, 22310, 15963, 279, 19767, 1, '2015-03-01 00:04:20', '2015-03-01 00:04:20', NULL, 0.0, 0.0, 0.0, 476);

INSERT INTO `meeting_individual_results` (`id`, `rank`, `is_play_off`, `is_out_of_race`, `is_disqualified`, `standard_points`, `meeting_individual_points`, `minutes`, `seconds`, `hundreds`, `meeting_program_id`, `swimmer_id`, `team_id`, `badge_id`, `user_id`, `created_at`, `updated_at`, `disqualification_code_type_id`, `goggle_cup_points`, `reaction_time`, `team_points`, `team_affiliation_id`)
  VALUES (192532, 6, 1, 0, 0, 733.27, 733.27, 0, 33, 63, 22310, 12686, 394, 16495, 1, '2015-03-01 00:04:20', '2015-03-01 00:04:20', NULL, 0.0, 0.0, 0.0, 614);

INSERT INTO `meeting_individual_results` (`id`, `rank`, `is_play_off`, `is_out_of_race`, `is_disqualified`, `standard_points`, `meeting_individual_points`, `minutes`, `seconds`, `hundreds`, `meeting_program_id`, `swimmer_id`, `team_id`, `badge_id`, `user_id`, `created_at`, `updated_at`, `disqualification_code_type_id`, `goggle_cup_points`, `reaction_time`, `team_points`, `team_affiliation_id`)
  VALUES (192533, 7, 1, 0, 0, 664.87, 664.87, 0, 37, 9, 22310, 9493, 225, 13228, 1, '2015-03-01 00:04:20', '2015-03-01 00:04:20', NULL, 0.0, 0.0, 0.0, 420);

INSERT INTO `meeting_individual_results` (`id`, `rank`, `is_play_off`, `is_out_of_race`, `is_disqualified`, `standard_points`, `meeting_individual_points`, `minutes`, `seconds`, `hundreds`, `meeting_program_id`, `swimmer_id`, `team_id`, `badge_id`, `user_id`, `created_at`, `updated_at`, `disqualification_code_type_id`, `goggle_cup_points`, `reaction_time`, `team_points`, `team_affiliation_id`)
  VALUES (192534, 8, 1, 0, 0, 521.57, 521.57, 0, 47, 28, 22310, 9498, 109, 13353, 1, '2015-03-01 00:04:20', '2015-03-01 00:04:20', NULL, 0.0, 0.0, 0.0, 302);

INSERT INTO `meeting_individual_results` (`id`, `rank`, `is_play_off`, `is_out_of_race`, `is_disqualified`, `standard_points`, `meeting_individual_points`, `minutes`, `seconds`, `hundreds`, `meeting_program_id`, `swimmer_id`, `team_id`, `badge_id`, `user_id`, `created_at`, `updated_at`, `disqualification_code_type_id`, `goggle_cup_points`, `reaction_time`, `team_points`, `team_affiliation_id`)
  VALUES (192535, 1, 1, 0, 0, 721.99, 721.99, 0, 35, 25, 22311, 7581, 288, 11260, 1, '2015-03-01 00:04:20', '2015-03-01 00:04:20', NULL, 0.0, 0.0, 0.0, 485);

INSERT INTO `meeting_individual_results` (`id`, `rank`, `is_play_off`, `is_out_of_race`, `is_disqualified`, `standard_points`, `meeting_individual_points`, `minutes`, `seconds`, `hundreds`, `meeting_program_id`, `swimmer_id`, `team_id`, `badge_id`, `user_id`, `created_at`, `updated_at`, `disqualification_code_type_id`, `goggle_cup_points`, `reaction_time`, `team_points`, `team_affiliation_id`)
  VALUES (192536, 2, 1, 0, 0, 662.24, 662.24, 0, 38, 43, 22311, 7475, 288, 11261, 1, '2015-03-01 00:04:21', '2015-03-01 00:04:21', NULL, 0.0, 0.0, 0.0, 485);

INSERT INTO `meeting_individual_results` (`id`, `rank`, `is_play_off`, `is_out_of_race`, `is_disqualified`, `standard_points`, `meeting_individual_points`, `minutes`, `seconds`, `hundreds`, `meeting_program_id`, `swimmer_id`, `team_id`, `badge_id`, `user_id`, `created_at`, `updated_at`, `disqualification_code_type_id`, `goggle_cup_points`, `reaction_time`, `team_points`, `team_affiliation_id`)
  VALUES (192537, 1, 1, 0, 0, 534.43, 534.43, 0, 49, 23, 22312, 9566, 394, 13299, 1, '2015-03-01 00:04:21', '2015-03-01 00:04:21', NULL, 0.0, 0.0, 0.0, 614);

INSERT INTO `meeting_individual_results` (`id`, `rank`, `is_play_off`, `is_out_of_race`, `is_disqualified`, `standard_points`, `meeting_individual_points`, `minutes`, `seconds`, `hundreds`, `meeting_program_id`, `swimmer_id`, `team_id`, `badge_id`, `user_id`, `created_at`, `updated_at`, `disqualification_code_type_id`, `goggle_cup_points`, `reaction_time`, `team_points`, `team_affiliation_id`)
  VALUES (192538, 2, 1, 0, 0, 480.37, 480.37, 0, 54, 77, 22312, 15982, 394, 19804, 1, '2015-03-01 00:04:21', '2015-03-01 00:04:21', NULL, 0.0, 0.0, 0.0, 614);

INSERT INTO `meeting_individual_results` (`id`, `rank`, `is_play_off`, `is_out_of_race`, `is_disqualified`, `standard_points`, `meeting_individual_points`, `minutes`, `seconds`, `hundreds`, `meeting_program_id`, `swimmer_id`, `team_id`, `badge_id`, `user_id`, `created_at`, `updated_at`, `disqualification_code_type_id`, `goggle_cup_points`, `reaction_time`, `team_points`, `team_affiliation_id`)
  VALUES (192539, 1, 1, 0, 0, 786.11, 786.11, 0, 34, 55, 22313, 14750, 282, 18632, 1, '2015-03-01 00:04:21', '2015-03-01 00:04:21', NULL, 0.0, 0.0, 0.0, 479);

INSERT INTO `meeting_individual_results` (`id`, `rank`, `is_play_off`, `is_out_of_race`, `is_disqualified`, `standard_points`, `meeting_individual_points`, `minutes`, `seconds`, `hundreds`, `meeting_program_id`, `swimmer_id`, `team_id`, `badge_id`, `user_id`, `created_at`, `updated_at`, `disqualification_code_type_id`, `goggle_cup_points`, `reaction_time`, `team_points`, `team_affiliation_id`)
  VALUES (192540, 2, 1, 0, 0, 633.54, 633.54, 0, 42, 87, 22313, 12747, 221, 16497, 1, '2015-03-01 00:04:21', '2015-03-01 00:04:21', NULL, 0.0, 0.0, 0.0, 416);

INSERT INTO `meeting_individual_results` (`id`, `rank`, `is_play_off`, `is_out_of_race`, `is_disqualified`, `standard_points`, `meeting_individual_points`, `minutes`, `seconds`, `hundreds`, `meeting_program_id`, `swimmer_id`, `team_id`, `badge_id`, `user_id`, `created_at`, `updated_at`, `disqualification_code_type_id`, `goggle_cup_points`, `reaction_time`, `team_points`, `team_affiliation_id`)
  VALUES (192541, 1, 1, 0, 0, 549.55, 549.55, 0, 52, 37, 22314, 9537, 221, 13354, 1, '2015-03-01 00:04:21', '2015-03-01 00:04:21', NULL, 0.0, 0.0, 0.0, 416);

INSERT INTO `meeting_individual_results` (`id`, `rank`, `is_play_off`, `is_out_of_race`, `is_disqualified`, `standard_points`, `meeting_individual_points`, `minutes`, `seconds`, `hundreds`, `meeting_program_id`, `swimmer_id`, `team_id`, `badge_id`, `user_id`, `created_at`, `updated_at`, `disqualification_code_type_id`, `goggle_cup_points`, `reaction_time`, `team_points`, `team_affiliation_id`)
  VALUES (192542, 1, 1, 0, 0, 806.94, 806.94, 0, 38, 90, 22315, 3721, 225, 6947, 1, '2015-03-01 00:04:21', '2015-03-01 00:04:21', NULL, 0.0, 0.0, 0.0, 420);

INSERT INTO `meeting_individual_results` (`id`, `rank`, `is_play_off`, `is_out_of_race`, `is_disqualified`, `standard_points`, `meeting_individual_points`, `minutes`, `seconds`, `hundreds`, `meeting_program_id`, `swimmer_id`, `team_id`, `badge_id`, `user_id`, `created_at`, `updated_at`, `disqualification_code_type_id`, `goggle_cup_points`, `reaction_time`, `team_points`, `team_affiliation_id`)
  VALUES (192543, 1, 1, 0, 0, 0.0, 0.0, 0, 28, 65, 22316, 12518, 288, 16271, 1, '2015-03-01 00:04:21', '2015-03-01 00:04:21', NULL, 0.0, 0.0, 0.0, 485);

INSERT INTO `meeting_individual_results` (`id`, `rank`, `is_play_off`, `is_out_of_race`, `is_disqualified`, `standard_points`, `meeting_individual_points`, `minutes`, `seconds`, `hundreds`, `meeting_program_id`, `swimmer_id`, `team_id`, `badge_id`, `user_id`, `created_at`, `updated_at`, `disqualification_code_type_id`, `goggle_cup_points`, `reaction_time`, `team_points`, `team_affiliation_id`)
  VALUES (192544, 2, 1, 0, 0, 0.0, 0.0, 0, 29, 32, 22316, 7604, 288, 11421, 1, '2015-03-01 00:04:21', '2015-03-01 00:04:21', NULL, 0.0, 0.0, 0.0, 485);

INSERT INTO `meeting_individual_results` (`id`, `rank`, `is_play_off`, `is_out_of_race`, `is_disqualified`, `standard_points`, `meeting_individual_points`, `minutes`, `seconds`, `hundreds`, `meeting_program_id`, `swimmer_id`, `team_id`, `badge_id`, `user_id`, `created_at`, `updated_at`, `disqualification_code_type_id`, `goggle_cup_points`, `reaction_time`, `team_points`, `team_affiliation_id`)
  VALUES (192545, 3, 1, 0, 0, 0.0, 0.0, 0, 32, 68, 22316, 17684, 560, 21494, 1, '2015-03-01 00:04:21', '2015-03-01 00:04:21', NULL, 0.0, 0.0, 0.0, 780);

INSERT INTO `meeting_individual_results` (`id`, `rank`, `is_play_off`, `is_out_of_race`, `is_disqualified`, `standard_points`, `meeting_individual_points`, `minutes`, `seconds`, `hundreds`, `meeting_program_id`, `swimmer_id`, `team_id`, `badge_id`, `user_id`, `created_at`, `updated_at`, `disqualification_code_type_id`, `goggle_cup_points`, `reaction_time`, `team_points`, `team_affiliation_id`)
  VALUES (192546, 4, 1, 0, 0, 0.0, 0.0, 0, 35, 49, 22316, 17688, 288, 21502, 1, '2015-03-01 00:04:22', '2015-03-01 00:04:22', NULL, 0.0, 0.0, 0.0, 485);

INSERT INTO `meeting_team_scores` (`id`, `sum_individual_points`, `sum_relay_points`, `team_id`, `meeting_id`, `created_at`, `updated_at`, `rank`, `user_id`, `sum_team_points`, `meeting_individual_points`, `meeting_relay_points`, `meeting_team_points`, `season_individual_points`, `season_relay_points`, `season_team_points`, `season_id`, `team_affiliation_id`)
  VALUES (4910, 50551.24, 0.0, 221, 13304, '2015-03-01 00:04:22', '2015-03-01 00:04:22', 0, 1, 0.0, 0.0, 0.0, 0.0, 0.0, 0.0, 0.0, 132, 416);

INSERT INTO `meeting_team_scores` (`id`, `sum_individual_points`, `sum_relay_points`, `team_id`, `meeting_id`, `created_at`, `updated_at`, `rank`, `user_id`, `sum_team_points`, `meeting_individual_points`, `meeting_relay_points`, `meeting_team_points`, `season_individual_points`, `season_relay_points`, `season_team_points`, `season_id`, `team_affiliation_id`)
  VALUES (4911, 26211.13, 0.0, 288, 13304, '2015-03-01 00:04:22', '2015-03-01 00:04:22', 0, 1, 0.0, 0.0, 0.0, 0.0, 0.0, 0.0, 0.0, 132, 485);

INSERT INTO `meeting_team_scores` (`id`, `sum_individual_points`, `sum_relay_points`, `team_id`, `meeting_id`, `created_at`, `updated_at`, `rank`, `user_id`, `sum_team_points`, `meeting_individual_points`, `meeting_relay_points`, `meeting_team_points`, `season_individual_points`, `season_relay_points`, `season_team_points`, `season_id`, `team_affiliation_id`)
  VALUES (4912, 25588.88, 0.0, 394, 13304, '2015-03-01 00:04:22', '2015-03-01 00:04:22', 0, 1, 0.0, 0.0, 0.0, 0.0, 0.0, 0.0, 0.0, 132, 614);

INSERT INTO `meeting_team_scores` (`id`, `sum_individual_points`, `sum_relay_points`, `team_id`, `meeting_id`, `created_at`, `updated_at`, `rank`, `user_id`, `sum_team_points`, `meeting_individual_points`, `meeting_relay_points`, `meeting_team_points`, `season_individual_points`, `season_relay_points`, `season_team_points`, `season_id`, `team_affiliation_id`)
  VALUES (4913, 19079.05, 0.0, 215, 13304, '2015-03-01 00:04:22', '2015-03-01 00:04:22', 0, 1, 0.0, 0.0, 0.0, 0.0, 0.0, 0.0, 0.0, 132, 410);

INSERT INTO `meeting_team_scores` (`id`, `sum_individual_points`, `sum_relay_points`, `team_id`, `meeting_id`, `created_at`, `updated_at`, `rank`, `user_id`, `sum_team_points`, `meeting_individual_points`, `meeting_relay_points`, `meeting_team_points`, `season_individual_points`, `season_relay_points`, `season_team_points`, `season_id`, `team_affiliation_id`)
  VALUES (4914, 18709.57, 0.0, 48, 13304, '2015-03-01 00:04:22', '2015-03-01 00:04:22', 0, 1, 0.0, 0.0, 0.0, 0.0, 0.0, 0.0, 0.0, 132, 241);

INSERT INTO `meeting_team_scores` (`id`, `sum_individual_points`, `sum_relay_points`, `team_id`, `meeting_id`, `created_at`, `updated_at`, `rank`, `user_id`, `sum_team_points`, `meeting_individual_points`, `meeting_relay_points`, `meeting_team_points`, `season_individual_points`, `season_relay_points`, `season_team_points`, `season_id`, `team_affiliation_id`)
  VALUES (4915, 15820.12, 0.0, 414, 13304, '2015-03-01 00:04:22', '2015-03-01 00:04:22', 0, 1, 0.0, 0.0, 0.0, 0.0, 0.0, 0.0, 0.0, 132, 634);

INSERT INTO `meeting_team_scores` (`id`, `sum_individual_points`, `sum_relay_points`, `team_id`, `meeting_id`, `created_at`, `updated_at`, `rank`, `user_id`, `sum_team_points`, `meeting_individual_points`, `meeting_relay_points`, `meeting_team_points`, `season_individual_points`, `season_relay_points`, `season_team_points`, `season_id`, `team_affiliation_id`)
  VALUES (4916, 15100.59, 0.0, 78, 13304, '2015-03-01 00:04:22', '2015-03-01 00:04:22', 0, 1, 0.0, 0.0, 0.0, 0.0, 0.0, 0.0, 0.0, 132, 271);

INSERT INTO `meeting_team_scores` (`id`, `sum_individual_points`, `sum_relay_points`, `team_id`, `meeting_id`, `created_at`, `updated_at`, `rank`, `user_id`, `sum_team_points`, `meeting_individual_points`, `meeting_relay_points`, `meeting_team_points`, `season_individual_points`, `season_relay_points`, `season_team_points`, `season_id`, `team_affiliation_id`)
  VALUES (4917, 14764.11, 0.0, 326, 13304, '2015-03-01 00:04:22', '2015-03-01 00:04:22', 0, 1, 0.0, 0.0, 0.0, 0.0, 0.0, 0.0, 0.0, 132, 543);

INSERT INTO `meeting_team_scores` (`id`, `sum_individual_points`, `sum_relay_points`, `team_id`, `meeting_id`, `created_at`, `updated_at`, `rank`, `user_id`, `sum_team_points`, `meeting_individual_points`, `meeting_relay_points`, `meeting_team_points`, `season_individual_points`, `season_relay_points`, `season_team_points`, `season_id`, `team_affiliation_id`)
  VALUES (4918, 14208.16, 0.0, 225, 13304, '2015-03-01 00:04:22', '2015-03-01 00:04:22', 0, 1, 0.0, 0.0, 0.0, 0.0, 0.0, 0.0, 0.0, 132, 420);

INSERT INTO `meeting_team_scores` (`id`, `sum_individual_points`, `sum_relay_points`, `team_id`, `meeting_id`, `created_at`, `updated_at`, `rank`, `user_id`, `sum_team_points`, `meeting_individual_points`, `meeting_relay_points`, `meeting_team_points`, `season_individual_points`, `season_relay_points`, `season_team_points`, `season_id`, `team_affiliation_id`)
  VALUES (4919, 13841.86, 0.0, 223, 13304, '2015-03-01 00:04:22', '2015-03-01 00:04:22', 0, 1, 0.0, 0.0, 0.0, 0.0, 0.0, 0.0, 0.0, 132, 418);

INSERT INTO `meeting_team_scores` (`id`, `sum_individual_points`, `sum_relay_points`, `team_id`, `meeting_id`, `created_at`, `updated_at`, `rank`, `user_id`, `sum_team_points`, `meeting_individual_points`, `meeting_relay_points`, `meeting_team_points`, `season_individual_points`, `season_relay_points`, `season_team_points`, `season_id`, `team_affiliation_id`)
  VALUES (4920, 12683.52, 0.0, 109, 13304, '2015-03-01 00:04:22', '2015-03-01 00:04:22', 0, 1, 0.0, 0.0, 0.0, 0.0, 0.0, 0.0, 0.0, 132, 302);

INSERT INTO `meeting_team_scores` (`id`, `sum_individual_points`, `sum_relay_points`, `team_id`, `meeting_id`, `created_at`, `updated_at`, `rank`, `user_id`, `sum_team_points`, `meeting_individual_points`, `meeting_relay_points`, `meeting_team_points`, `season_individual_points`, `season_relay_points`, `season_team_points`, `season_id`, `team_affiliation_id`)
  VALUES (4921, 12505.39, 0.0, 384, 13304, '2015-03-01 00:04:22', '2015-03-01 00:04:22', 0, 1, 0.0, 0.0, 0.0, 0.0, 0.0, 0.0, 0.0, 132, 604);

INSERT INTO `meeting_team_scores` (`id`, `sum_individual_points`, `sum_relay_points`, `team_id`, `meeting_id`, `created_at`, `updated_at`, `rank`, `user_id`, `sum_team_points`, `meeting_individual_points`, `meeting_relay_points`, `meeting_team_points`, `season_individual_points`, `season_relay_points`, `season_team_points`, `season_id`, `team_affiliation_id`)
  VALUES (4922, 10294.05, 0.0, 499, 13304, '2015-03-01 00:04:22', '2015-03-01 00:04:22', 0, 1, 0.0, 0.0, 0.0, 0.0, 0.0, 0.0, 0.0, 132, 719);

INSERT INTO `meeting_team_scores` (`id`, `sum_individual_points`, `sum_relay_points`, `team_id`, `meeting_id`, `created_at`, `updated_at`, `rank`, `user_id`, `sum_team_points`, `meeting_individual_points`, `meeting_relay_points`, `meeting_team_points`, `season_individual_points`, `season_relay_points`, `season_team_points`, `season_id`, `team_affiliation_id`)
  VALUES (4923, 8915.78, 0.0, 279, 13304, '2015-03-01 00:04:22', '2015-03-01 00:04:22', 0, 1, 0.0, 0.0, 0.0, 0.0, 0.0, 0.0, 0.0, 132, 476);

INSERT INTO `meeting_team_scores` (`id`, `sum_individual_points`, `sum_relay_points`, `team_id`, `meeting_id`, `created_at`, `updated_at`, `rank`, `user_id`, `sum_team_points`, `meeting_individual_points`, `meeting_relay_points`, `meeting_team_points`, `season_individual_points`, `season_relay_points`, `season_team_points`, `season_id`, `team_affiliation_id`)
  VALUES (4924, 8763.02, 0.0, 411, 13304, '2015-03-01 00:04:22', '2015-03-01 00:04:22', 0, 1, 0.0, 0.0, 0.0, 0.0, 0.0, 0.0, 0.0, 132, 631);

INSERT INTO `meeting_team_scores` (`id`, `sum_individual_points`, `sum_relay_points`, `team_id`, `meeting_id`, `created_at`, `updated_at`, `rank`, `user_id`, `sum_team_points`, `meeting_individual_points`, `meeting_relay_points`, `meeting_team_points`, `season_individual_points`, `season_relay_points`, `season_team_points`, `season_id`, `team_affiliation_id`)
  VALUES (4925, 8726.83, 0.0, 105, 13304, '2015-03-01 00:04:22', '2015-03-01 00:04:22', 0, 1, 0.0, 0.0, 0.0, 0.0, 0.0, 0.0, 0.0, 132, 298);

INSERT INTO `meeting_team_scores` (`id`, `sum_individual_points`, `sum_relay_points`, `team_id`, `meeting_id`, `created_at`, `updated_at`, `rank`, `user_id`, `sum_team_points`, `meeting_individual_points`, `meeting_relay_points`, `meeting_team_points`, `season_individual_points`, `season_relay_points`, `season_team_points`, `season_id`, `team_affiliation_id`)
  VALUES (4926, 6995.56, 0.0, 358, 13304, '2015-03-01 00:04:22', '2015-03-01 00:04:22', 0, 1, 0.0, 0.0, 0.0, 0.0, 0.0, 0.0, 0.0, 132, 575);

INSERT INTO `meeting_team_scores` (`id`, `sum_individual_points`, `sum_relay_points`, `team_id`, `meeting_id`, `created_at`, `updated_at`, `rank`, `user_id`, `sum_team_points`, `meeting_individual_points`, `meeting_relay_points`, `meeting_team_points`, `season_individual_points`, `season_relay_points`, `season_team_points`, `season_id`, `team_affiliation_id`)
  VALUES (4927, 6784.16, 0.0, 54, 13304, '2015-03-01 00:04:22', '2015-03-01 00:04:22', 0, 1, 0.0, 0.0, 0.0, 0.0, 0.0, 0.0, 0.0, 132, 247);

INSERT INTO `meeting_team_scores` (`id`, `sum_individual_points`, `sum_relay_points`, `team_id`, `meeting_id`, `created_at`, `updated_at`, `rank`, `user_id`, `sum_team_points`, `meeting_individual_points`, `meeting_relay_points`, `meeting_team_points`, `season_individual_points`, `season_relay_points`, `season_team_points`, `season_id`, `team_affiliation_id`)
  VALUES (4928, 6614.0, 0.0, 216, 13304, '2015-03-01 00:04:22', '2015-03-01 00:04:22', 0, 1, 0.0, 0.0, 0.0, 0.0, 0.0, 0.0, 0.0, 132, 411);

INSERT INTO `meeting_team_scores` (`id`, `sum_individual_points`, `sum_relay_points`, `team_id`, `meeting_id`, `created_at`, `updated_at`, `rank`, `user_id`, `sum_team_points`, `meeting_individual_points`, `meeting_relay_points`, `meeting_team_points`, `season_individual_points`, `season_relay_points`, `season_team_points`, `season_id`, `team_affiliation_id`)
  VALUES (4929, 6608.29, 0.0, 413, 13304, '2015-03-01 00:04:22', '2015-03-01 00:04:22', 0, 1, 0.0, 0.0, 0.0, 0.0, 0.0, 0.0, 0.0, 132, 633);

INSERT INTO `meeting_team_scores` (`id`, `sum_individual_points`, `sum_relay_points`, `team_id`, `meeting_id`, `created_at`, `updated_at`, `rank`, `user_id`, `sum_team_points`, `meeting_individual_points`, `meeting_relay_points`, `meeting_team_points`, `season_individual_points`, `season_relay_points`, `season_team_points`, `season_id`, `team_affiliation_id`)
  VALUES (4930, 5039.28, 0.0, 110, 13304, '2015-03-01 00:04:22', '2015-03-01 00:04:22', 0, 1, 0.0, 0.0, 0.0, 0.0, 0.0, 0.0, 0.0, 132, 303);

INSERT INTO `meeting_team_scores` (`id`, `sum_individual_points`, `sum_relay_points`, `team_id`, `meeting_id`, `created_at`, `updated_at`, `rank`, `user_id`, `sum_team_points`, `meeting_individual_points`, `meeting_relay_points`, `meeting_team_points`, `season_individual_points`, `season_relay_points`, `season_team_points`, `season_id`, `team_affiliation_id`)
  VALUES (4931, 4926.4, 0.0, 357, 13304, '2015-03-01 00:04:23', '2015-03-01 00:04:23', 0, 1, 0.0, 0.0, 0.0, 0.0, 0.0, 0.0, 0.0, 132, 574);

INSERT INTO `meeting_team_scores` (`id`, `sum_individual_points`, `sum_relay_points`, `team_id`, `meeting_id`, `created_at`, `updated_at`, `rank`, `user_id`, `sum_team_points`, `meeting_individual_points`, `meeting_relay_points`, `meeting_team_points`, `season_individual_points`, `season_relay_points`, `season_team_points`, `season_id`, `team_affiliation_id`)
  VALUES (4932, 4568.79, 0.0, 282, 13304, '2015-03-01 00:04:23', '2015-03-01 00:04:23', 0, 1, 0.0, 0.0, 0.0, 0.0, 0.0, 0.0, 0.0, 132, 479);

INSERT INTO `meeting_team_scores` (`id`, `sum_individual_points`, `sum_relay_points`, `team_id`, `meeting_id`, `created_at`, `updated_at`, `rank`, `user_id`, `sum_team_points`, `meeting_individual_points`, `meeting_relay_points`, `meeting_team_points`, `season_individual_points`, `season_relay_points`, `season_team_points`, `season_id`, `team_affiliation_id`)
  VALUES (4933, 4458.95, 0.0, 281, 13304, '2015-03-01 00:04:23', '2015-03-01 00:04:23', 0, 1, 0.0, 0.0, 0.0, 0.0, 0.0, 0.0, 0.0, 132, 478);

INSERT INTO `meeting_team_scores` (`id`, `sum_individual_points`, `sum_relay_points`, `team_id`, `meeting_id`, `created_at`, `updated_at`, `rank`, `user_id`, `sum_team_points`, `meeting_individual_points`, `meeting_relay_points`, `meeting_team_points`, `season_individual_points`, `season_relay_points`, `season_team_points`, `season_id`, `team_affiliation_id`)
  VALUES (4934, 4376.22, 0.0, 94, 13304, '2015-03-01 00:04:23', '2015-03-01 00:04:23', 0, 1, 0.0, 0.0, 0.0, 0.0, 0.0, 0.0, 0.0, 132, 287);

INSERT INTO `meeting_team_scores` (`id`, `sum_individual_points`, `sum_relay_points`, `team_id`, `meeting_id`, `created_at`, `updated_at`, `rank`, `user_id`, `sum_team_points`, `meeting_individual_points`, `meeting_relay_points`, `meeting_team_points`, `season_individual_points`, `season_relay_points`, `season_team_points`, `season_id`, `team_affiliation_id`)
  VALUES (4935, 3739.78, 0.0, 222, 13304, '2015-03-01 00:04:23', '2015-03-01 00:04:23', 0, 1, 0.0, 0.0, 0.0, 0.0, 0.0, 0.0, 0.0, 132, 417);

INSERT INTO `meeting_team_scores` (`id`, `sum_individual_points`, `sum_relay_points`, `team_id`, `meeting_id`, `created_at`, `updated_at`, `rank`, `user_id`, `sum_team_points`, `meeting_individual_points`, `meeting_relay_points`, `meeting_team_points`, `season_individual_points`, `season_relay_points`, `season_team_points`, `season_id`, `team_affiliation_id`)
  VALUES (4936, 3604.94, 0.0, 560, 13304, '2015-03-01 00:04:23', '2015-03-01 00:04:23', 0, 1, 0.0, 0.0, 0.0, 0.0, 0.0, 0.0, 0.0, 132, 780);

INSERT INTO `meeting_team_scores` (`id`, `sum_individual_points`, `sum_relay_points`, `team_id`, `meeting_id`, `created_at`, `updated_at`, `rank`, `user_id`, `sum_team_points`, `meeting_individual_points`, `meeting_relay_points`, `meeting_team_points`, `season_individual_points`, `season_relay_points`, `season_team_points`, `season_id`, `team_affiliation_id`)
  VALUES (4937, 3541.31, 0.0, 226, 13304, '2015-03-01 00:04:23', '2015-03-01 00:04:23', 0, 1, 0.0, 0.0, 0.0, 0.0, 0.0, 0.0, 0.0, 132, 421);

INSERT INTO `meeting_team_scores` (`id`, `sum_individual_points`, `sum_relay_points`, `team_id`, `meeting_id`, `created_at`, `updated_at`, `rank`, `user_id`, `sum_team_points`, `meeting_individual_points`, `meeting_relay_points`, `meeting_team_points`, `season_individual_points`, `season_relay_points`, `season_team_points`, `season_id`, `team_affiliation_id`)
  VALUES (4938, 3285.58, 0.0, 218, 13304, '2015-03-01 00:04:23', '2015-03-01 00:04:23', 0, 1, 0.0, 0.0, 0.0, 0.0, 0.0, 0.0, 0.0, 132, 413);

INSERT INTO `meeting_team_scores` (`id`, `sum_individual_points`, `sum_relay_points`, `team_id`, `meeting_id`, `created_at`, `updated_at`, `rank`, `user_id`, `sum_team_points`, `meeting_individual_points`, `meeting_relay_points`, `meeting_team_points`, `season_individual_points`, `season_relay_points`, `season_team_points`, `season_id`, `team_affiliation_id`)
  VALUES (4939, 3060.05, 0.0, 50, 13304, '2015-03-01 00:04:23', '2015-03-01 00:04:23', 0, 1, 0.0, 0.0, 0.0, 0.0, 0.0, 0.0, 0.0, 132, 243);

INSERT INTO `meeting_team_scores` (`id`, `sum_individual_points`, `sum_relay_points`, `team_id`, `meeting_id`, `created_at`, `updated_at`, `rank`, `user_id`, `sum_team_points`, `meeting_individual_points`, `meeting_relay_points`, `meeting_team_points`, `season_individual_points`, `season_relay_points`, `season_team_points`, `season_id`, `team_affiliation_id`)
  VALUES (4940, 2856.92, 0.0, 87, 13304, '2015-03-01 00:04:23', '2015-03-01 00:04:23', 0, 1, 0.0, 0.0, 0.0, 0.0, 0.0, 0.0, 0.0, 132, 280);

INSERT INTO `meeting_team_scores` (`id`, `sum_individual_points`, `sum_relay_points`, `team_id`, `meeting_id`, `created_at`, `updated_at`, `rank`, `user_id`, `sum_team_points`, `meeting_individual_points`, `meeting_relay_points`, `meeting_team_points`, `season_individual_points`, `season_relay_points`, `season_team_points`, `season_id`, `team_affiliation_id`)
  VALUES (4941, 2791.5, 0.0, 284, 13304, '2015-03-01 00:04:23', '2015-03-01 00:04:23', 0, 1, 0.0, 0.0, 0.0, 0.0, 0.0, 0.0, 0.0, 132, 481);

INSERT INTO `meeting_team_scores` (`id`, `sum_individual_points`, `sum_relay_points`, `team_id`, `meeting_id`, `created_at`, `updated_at`, `rank`, `user_id`, `sum_team_points`, `meeting_individual_points`, `meeting_relay_points`, `meeting_team_points`, `season_individual_points`, `season_relay_points`, `season_team_points`, `season_id`, `team_affiliation_id`)
  VALUES (4942, 2594.32, 0.0, 70, 13304, '2015-03-01 00:04:23', '2015-03-01 00:04:23', 0, 1, 0.0, 0.0, 0.0, 0.0, 0.0, 0.0, 0.0, 132, 263);

INSERT INTO `meeting_team_scores` (`id`, `sum_individual_points`, `sum_relay_points`, `team_id`, `meeting_id`, `created_at`, `updated_at`, `rank`, `user_id`, `sum_team_points`, `meeting_individual_points`, `meeting_relay_points`, `meeting_team_points`, `season_individual_points`, `season_relay_points`, `season_team_points`, `season_id`, `team_affiliation_id`)
  VALUES (4943, 2541.22, 0.0, 684, 13304, '2015-03-01 00:04:23', '2015-03-01 00:04:23', 0, 1, 0.0, 0.0, 0.0, 0.0, 0.0, 0.0, 0.0, 132, 904);

INSERT INTO `meeting_team_scores` (`id`, `sum_individual_points`, `sum_relay_points`, `team_id`, `meeting_id`, `created_at`, `updated_at`, `rank`, `user_id`, `sum_team_points`, `meeting_individual_points`, `meeting_relay_points`, `meeting_team_points`, `season_individual_points`, `season_relay_points`, `season_team_points`, `season_id`, `team_affiliation_id`)
  VALUES (4944, 2370.08, 0.0, 391, 13304, '2015-03-01 00:04:23', '2015-03-01 00:04:23', 0, 1, 0.0, 0.0, 0.0, 0.0, 0.0, 0.0, 0.0, 132, 611);

INSERT INTO `meeting_team_scores` (`id`, `sum_individual_points`, `sum_relay_points`, `team_id`, `meeting_id`, `created_at`, `updated_at`, `rank`, `user_id`, `sum_team_points`, `meeting_individual_points`, `meeting_relay_points`, `meeting_team_points`, `season_individual_points`, `season_relay_points`, `season_team_points`, `season_id`, `team_affiliation_id`)
  VALUES (4945, 2189.51, 0.0, 287, 13304, '2015-03-01 00:04:23', '2015-03-01 00:04:23', 0, 1, 0.0, 0.0, 0.0, 0.0, 0.0, 0.0, 0.0, 132, 484);

INSERT INTO `meeting_team_scores` (`id`, `sum_individual_points`, `sum_relay_points`, `team_id`, `meeting_id`, `created_at`, `updated_at`, `rank`, `user_id`, `sum_team_points`, `meeting_individual_points`, `meeting_relay_points`, `meeting_team_points`, `season_individual_points`, `season_relay_points`, `season_team_points`, `season_id`, `team_affiliation_id`)
  VALUES (4946, 2152.19, 0.0, 272, 13304, '2015-03-01 00:04:23', '2015-03-01 00:04:23', 0, 1, 0.0, 0.0, 0.0, 0.0, 0.0, 0.0, 0.0, 132, 469);

INSERT INTO `meeting_team_scores` (`id`, `sum_individual_points`, `sum_relay_points`, `team_id`, `meeting_id`, `created_at`, `updated_at`, `rank`, `user_id`, `sum_team_points`, `meeting_individual_points`, `meeting_relay_points`, `meeting_team_points`, `season_individual_points`, `season_relay_points`, `season_team_points`, `season_id`, `team_affiliation_id`)
  VALUES (4947, 2072.48, 0.0, 498, 13304, '2015-03-01 00:04:23', '2015-03-01 00:04:23', 0, 1, 0.0, 0.0, 0.0, 0.0, 0.0, 0.0, 0.0, 132, 718);

INSERT INTO `meeting_team_scores` (`id`, `sum_individual_points`, `sum_relay_points`, `team_id`, `meeting_id`, `created_at`, `updated_at`, `rank`, `user_id`, `sum_team_points`, `meeting_individual_points`, `meeting_relay_points`, `meeting_team_points`, `season_individual_points`, `season_relay_points`, `season_team_points`, `season_id`, `team_affiliation_id`)
  VALUES (4948, 1640.9, 0.0, 325, 13304, '2015-03-01 00:04:23', '2015-03-01 00:04:23', 0, 1, 0.0, 0.0, 0.0, 0.0, 0.0, 0.0, 0.0, 132, 542);

INSERT INTO `meeting_team_scores` (`id`, `sum_individual_points`, `sum_relay_points`, `team_id`, `meeting_id`, `created_at`, `updated_at`, `rank`, `user_id`, `sum_team_points`, `meeting_individual_points`, `meeting_relay_points`, `meeting_team_points`, `season_individual_points`, `season_relay_points`, `season_team_points`, `season_id`, `team_affiliation_id`)
  VALUES (4949, 1601.67, 0.0, 466, 13304, '2015-03-01 00:04:23', '2015-03-01 00:04:23', 0, 1, 0.0, 0.0, 0.0, 0.0, 0.0, 0.0, 0.0, 132, 686);

INSERT INTO `meeting_team_scores` (`id`, `sum_individual_points`, `sum_relay_points`, `team_id`, `meeting_id`, `created_at`, `updated_at`, `rank`, `user_id`, `sum_team_points`, `meeting_individual_points`, `meeting_relay_points`, `meeting_team_points`, `season_individual_points`, `season_relay_points`, `season_team_points`, `season_id`, `team_affiliation_id`)
  VALUES (4950, 1601.1, 0.0, 73, 13304, '2015-03-01 00:04:23', '2015-03-01 00:04:23', 0, 1, 0.0, 0.0, 0.0, 0.0, 0.0, 0.0, 0.0, 132, 266);

INSERT INTO `meeting_team_scores` (`id`, `sum_individual_points`, `sum_relay_points`, `team_id`, `meeting_id`, `created_at`, `updated_at`, `rank`, `user_id`, `sum_team_points`, `meeting_individual_points`, `meeting_relay_points`, `meeting_team_points`, `season_individual_points`, `season_relay_points`, `season_team_points`, `season_id`, `team_affiliation_id`)
  VALUES (4951, 1545.24, 0.0, 327, 13304, '2015-03-01 00:04:23', '2015-03-01 00:04:23', 0, 1, 0.0, 0.0, 0.0, 0.0, 0.0, 0.0, 0.0, 132, 544);

INSERT INTO `meeting_team_scores` (`id`, `sum_individual_points`, `sum_relay_points`, `team_id`, `meeting_id`, `created_at`, `updated_at`, `rank`, `user_id`, `sum_team_points`, `meeting_individual_points`, `meeting_relay_points`, `meeting_team_points`, `season_individual_points`, `season_relay_points`, `season_team_points`, `season_id`, `team_affiliation_id`)
  VALUES (4952, 1461.44, 0.0, 594, 13304, '2015-03-01 00:04:24', '2015-03-01 00:04:24', 0, 1, 0.0, 0.0, 0.0, 0.0, 0.0, 0.0, 0.0, 132, 814);

INSERT INTO `meeting_team_scores` (`id`, `sum_individual_points`, `sum_relay_points`, `team_id`, `meeting_id`, `created_at`, `updated_at`, `rank`, `user_id`, `sum_team_points`, `meeting_individual_points`, `meeting_relay_points`, `meeting_team_points`, `season_individual_points`, `season_relay_points`, `season_team_points`, `season_id`, `team_affiliation_id`)
  VALUES (4953, 1405.53, 0.0, 567, 13304, '2015-03-01 00:04:24', '2015-03-01 00:04:24', 0, 1, 0.0, 0.0, 0.0, 0.0, 0.0, 0.0, 0.0, 132, 787);

INSERT INTO `meeting_team_scores` (`id`, `sum_individual_points`, `sum_relay_points`, `team_id`, `meeting_id`, `created_at`, `updated_at`, `rank`, `user_id`, `sum_team_points`, `meeting_individual_points`, `meeting_relay_points`, `meeting_team_points`, `season_individual_points`, `season_relay_points`, `season_team_points`, `season_id`, `team_affiliation_id`)
  VALUES (4954, 1193.27, 0.0, 112, 13304, '2015-03-01 00:04:24', '2015-03-01 00:04:24', 0, 1, 0.0, 0.0, 0.0, 0.0, 0.0, 0.0, 0.0, 132, 305);

INSERT INTO `meeting_team_scores` (`id`, `sum_individual_points`, `sum_relay_points`, `team_id`, `meeting_id`, `created_at`, `updated_at`, `rank`, `user_id`, `sum_team_points`, `meeting_individual_points`, `meeting_relay_points`, `meeting_team_points`, `season_individual_points`, `season_relay_points`, `season_team_points`, `season_id`, `team_affiliation_id`)
  VALUES (4955, 1108.07, 0.0, 56, 13304, '2015-03-01 00:04:24', '2015-03-01 00:04:24', 0, 1, 0.0, 0.0, 0.0, 0.0, 0.0, 0.0, 0.0, 132, 249);

INSERT INTO `meeting_team_scores` (`id`, `sum_individual_points`, `sum_relay_points`, `team_id`, `meeting_id`, `created_at`, `updated_at`, `rank`, `user_id`, `sum_team_points`, `meeting_individual_points`, `meeting_relay_points`, `meeting_team_points`, `season_individual_points`, `season_relay_points`, `season_team_points`, `season_id`, `team_affiliation_id`)
  VALUES (4956, 806.9, 0.0, 718, 13304, '2015-03-01 00:04:24', '2015-03-01 00:04:24', 0, 1, 0.0, 0.0, 0.0, 0.0, 0.0, 0.0, 0.0, 132, 938);

INSERT INTO `meeting_team_scores` (`id`, `sum_individual_points`, `sum_relay_points`, `team_id`, `meeting_id`, `created_at`, `updated_at`, `rank`, `user_id`, `sum_team_points`, `meeting_individual_points`, `meeting_relay_points`, `meeting_team_points`, `season_individual_points`, `season_relay_points`, `season_team_points`, `season_id`, `team_affiliation_id`)
  VALUES (4957, 745.91, 0.0, 273, 13304, '2015-03-01 00:04:24', '2015-03-01 00:04:24', 0, 1, 0.0, 0.0, 0.0, 0.0, 0.0, 0.0, 0.0, 132, 470);


-- Meeting 13304
-- 'Results acquired' flag setting:
UPDATE meetings SET are_results_acquired = '1' WHERE id = 13304;

-- --- BeginTimeCalculator: compute_for_all( 13304 )
-- ----------------------------------------------------
-- Using RESULTS to compute heat length.

-- Event #1, M.Prg: 22135, tot. athletes: 1
-- Tot. progr. duration: 161 (sec), Heat durations: [16184] (hds)
-- Session begin time: 2014-04-13 08:30:00 +0200, Computed begin time: 2014-04-13 08:32:00 +0200
UPDATE meeting_programs SET begin_time = '2014-04-13 08:32' WHERE id = 22135;

-- Event #2, M.Prg: 22136, tot. athletes: 1
-- Tot. progr. duration: 128 (sec), Heat durations: [12844] (hds)
-- Session begin time: 2014-04-13 08:30:00 +0200, Computed begin time: 2014-04-13 08:34:41 +0200
UPDATE meeting_programs SET begin_time = '2014-04-13 08:34' WHERE id = 22136;

-- Event #3, M.Prg: 22137, tot. athletes: 2
-- Tot. progr. duration: 156 (sec), Heat durations: [15613] (hds)
-- Session begin time: 2014-04-13 08:30:00 +0200, Computed begin time: 2014-04-13 08:36:49 +0200
UPDATE meeting_programs SET begin_time = '2014-04-13 08:36' WHERE id = 22137;

-- Event #4, M.Prg: 22138, tot. athletes: 3
-- Tot. progr. duration: 149 (sec), Heat durations: [14936] (hds)
-- Session begin time: 2014-04-13 08:30:00 +0200, Computed begin time: 2014-04-13 08:39:25 +0200
UPDATE meeting_programs SET begin_time = '2014-04-13 08:39' WHERE id = 22138;

-- Event #5, M.Prg: 22139, tot. athletes: 2
-- Tot. progr. duration: 158 (sec), Heat durations: [15855] (hds)
-- Session begin time: 2014-04-13 08:30:00 +0200, Computed begin time: 2014-04-13 08:41:54 +0200
UPDATE meeting_programs SET begin_time = '2014-04-13 08:41' WHERE id = 22139;

-- Event #6, M.Prg: 22140, tot. athletes: 1
-- Tot. progr. duration: 124 (sec), Heat durations: [12456] (hds)
-- Session begin time: 2014-04-13 08:30:00 +0200, Computed begin time: 2014-04-13 08:44:32 +0200
UPDATE meeting_programs SET begin_time = '2014-04-13 08:44' WHERE id = 22140;

-- Event #7, M.Prg: 22141, tot. athletes: 2
-- Tot. progr. duration: 157 (sec), Heat durations: [15708] (hds)
-- Session begin time: 2014-04-13 08:30:00 +0200, Computed begin time: 2014-04-13 08:46:36 +0200
UPDATE meeting_programs SET begin_time = '2014-04-13 08:46' WHERE id = 22141;

-- Event #8, M.Prg: 22142, tot. athletes: 3
-- Tot. progr. duration: 145 (sec), Heat durations: [14546] (hds)
-- Session begin time: 2014-04-13 08:30:00 +0200, Computed begin time: 2014-04-13 08:49:13 +0200
UPDATE meeting_programs SET begin_time = '2014-04-13 08:49' WHERE id = 22142;

-- Event #9, M.Prg: 22143, tot. athletes: 1
-- Tot. progr. duration: 136 (sec), Heat durations: [13625] (hds)
-- Session begin time: 2014-04-13 08:30:00 +0200, Computed begin time: 2014-04-13 08:51:38 +0200
UPDATE meeting_programs SET begin_time = '2014-04-13 08:51' WHERE id = 22143;

-- Event #10, M.Prg: 22144, tot. athletes: 2
-- Tot. progr. duration: 154 (sec), Heat durations: [15464] (hds)
-- Session begin time: 2014-04-13 08:30:00 +0200, Computed begin time: 2014-04-13 08:53:54 +0200
UPDATE meeting_programs SET begin_time = '2014-04-13 08:53' WHERE id = 22144;

-- Event #11, M.Prg: 22145, tot. athletes: 1
-- Tot. progr. duration: 131 (sec), Heat durations: [13168] (hds)
-- Session begin time: 2014-04-13 08:30:00 +0200, Computed begin time: 2014-04-13 08:56:28 +0200
UPDATE meeting_programs SET begin_time = '2014-04-13 08:56' WHERE id = 22145;

-- Event #12, M.Prg: 22146, tot. athletes: 1
-- Tot. progr. duration: 182 (sec), Heat durations: [18217] (hds)
-- Session begin time: 2014-04-13 08:30:00 +0200, Computed begin time: 2014-04-13 08:58:39 +0200
UPDATE meeting_programs SET begin_time = '2014-04-13 08:58' WHERE id = 22146;

-- Event #13, M.Prg: 22147, tot. athletes: 1
-- Tot. progr. duration: 164 (sec), Heat durations: [16420] (hds)
-- Session begin time: 2014-04-13 08:30:00 +0200, Computed begin time: 2014-04-13 09:01:41 +0200
UPDATE meeting_programs SET begin_time = '2014-04-13 09:01' WHERE id = 22147;

-- Event #14, M.Prg: 22148, tot. athletes: 1
-- Tot. progr. duration: 161 (sec), Heat durations: [16132] (hds)
-- Session begin time: 2014-04-13 08:30:00 +0200, Computed begin time: 2014-04-13 09:04:25 +0200
UPDATE meeting_programs SET begin_time = '2014-04-13 09:04' WHERE id = 22148;

-- Event #15, M.Prg: 22149, tot. athletes: 1
-- Tot. progr. duration: 127 (sec), Heat durations: [12734] (hds)
-- Session begin time: 2014-04-13 08:30:00 +0200, Computed begin time: 2014-04-13 09:07:06 +0200
UPDATE meeting_programs SET begin_time = '2014-04-13 09:07' WHERE id = 22149;

-- Event #16, M.Prg: 22150, tot. athletes: 1
-- Tot. progr. duration: 173 (sec), Heat durations: [17356] (hds)
-- Session begin time: 2014-04-13 08:30:00 +0200, Computed begin time: 2014-04-13 09:09:13 +0200
UPDATE meeting_programs SET begin_time = '2014-04-13 09:09' WHERE id = 22150;

-- Event #17, M.Prg: 22151, tot. athletes: 4
-- Tot. progr. duration: 144 (sec), Heat durations: [14462] (hds)
-- Session begin time: 2014-04-13 08:30:00 +0200, Computed begin time: 2014-04-13 09:12:06 +0200
UPDATE meeting_programs SET begin_time = '2014-04-13 09:12' WHERE id = 22151;

-- Event #18, M.Prg: 22152, tot. athletes: 5
-- Tot. progr. duration: 164 (sec), Heat durations: [16498] (hds)
-- Session begin time: 2014-04-13 08:30:00 +0200, Computed begin time: 2014-04-13 09:14:30 +0200
UPDATE meeting_programs SET begin_time = '2014-04-13 09:14' WHERE id = 22152;

-- Event #19, M.Prg: 22153, tot. athletes: 3
-- Tot. progr. duration: 171 (sec), Heat durations: [17183] (hds)
-- Session begin time: 2014-04-13 08:30:00 +0200, Computed begin time: 2014-04-13 09:17:14 +0200
UPDATE meeting_programs SET begin_time = '2014-04-13 09:17' WHERE id = 22153;

-- Event #20, M.Prg: 22154, tot. athletes: 1
-- Tot. progr. duration: 198 (sec), Heat durations: [19800] (hds)
-- Session begin time: 2014-04-13 08:30:00 +0200, Computed begin time: 2014-04-13 09:20:05 +0200
UPDATE meeting_programs SET begin_time = '2014-04-13 09:20' WHERE id = 22154;

-- Event #21, M.Prg: 22155, tot. athletes: 1
-- Tot. progr. duration: 156 (sec), Heat durations: [15634] (hds)
-- Session begin time: 2014-04-13 08:30:00 +0200, Computed begin time: 2014-04-13 09:23:23 +0200
UPDATE meeting_programs SET begin_time = '2014-04-13 09:23' WHERE id = 22155;

-- Event #22, M.Prg: 22156, tot. athletes: 2
-- Tot. progr. duration: 135 (sec), Heat durations: [13596] (hds)
-- Session begin time: 2014-04-13 08:30:00 +0200, Computed begin time: 2014-04-13 09:25:59 +0200
UPDATE meeting_programs SET begin_time = '2014-04-13 09:25' WHERE id = 22156;

-- Event #23, M.Prg: 22157, tot. athletes: 1
-- Tot. progr. duration: 150 (sec), Heat durations: [15076] (hds)
-- Session begin time: 2014-04-13 08:30:00 +0200, Computed begin time: 2014-04-13 09:28:14 +0200
UPDATE meeting_programs SET begin_time = '2014-04-13 09:28' WHERE id = 22157;

-- Event #24, M.Prg: 22158, tot. athletes: 1
-- Tot. progr. duration: 151 (sec), Heat durations: [15114] (hds)
-- Session begin time: 2014-04-13 08:30:00 +0200, Computed begin time: 2014-04-13 09:30:44 +0200
UPDATE meeting_programs SET begin_time = '2014-04-13 09:30' WHERE id = 22158;

-- Event #25, M.Prg: 22159, tot. athletes: 2
-- Tot. progr. duration: 156 (sec), Heat durations: [15642] (hds)
-- Session begin time: 2014-04-13 08:30:00 +0200, Computed begin time: 2014-04-13 09:33:15 +0200
UPDATE meeting_programs SET begin_time = '2014-04-13 09:33' WHERE id = 22159;

-- Event #26, M.Prg: 22160, tot. athletes: 3
-- Tot. progr. duration: 173 (sec), Heat durations: [17327] (hds)
-- Session begin time: 2014-04-13 08:30:00 +0200, Computed begin time: 2014-04-13 09:35:51 +0200
UPDATE meeting_programs SET begin_time = '2014-04-13 09:35' WHERE id = 22160;

-- Event #27, M.Prg: 22161, tot. athletes: 5
-- Tot. progr. duration: 193 (sec), Heat durations: [19334] (hds)
-- Session begin time: 2014-04-13 08:30:00 +0200, Computed begin time: 2014-04-13 09:38:44 +0200
UPDATE meeting_programs SET begin_time = '2014-04-13 09:38' WHERE id = 22161;

-- Event #28, M.Prg: 22162, tot. athletes: 5
-- Tot. progr. duration: 165 (sec), Heat durations: [16583] (hds)
-- Session begin time: 2014-04-13 08:30:00 +0200, Computed begin time: 2014-04-13 09:41:57 +0200
UPDATE meeting_programs SET begin_time = '2014-04-13 09:41' WHERE id = 22162;

-- Event #29, M.Prg: 22163, tot. athletes: 2
-- Tot. progr. duration: 165 (sec), Heat durations: [16527] (hds)
-- Session begin time: 2014-04-13 08:30:00 +0200, Computed begin time: 2014-04-13 09:44:42 +0200
UPDATE meeting_programs SET begin_time = '2014-04-13 09:44' WHERE id = 22163;

-- Event #30, M.Prg: 22164, tot. athletes: 2
-- Tot. progr. duration: 137 (sec), Heat durations: [13713] (hds)
-- Session begin time: 2014-04-13 08:30:00 +0200, Computed begin time: 2014-04-13 09:47:27 +0200
UPDATE meeting_programs SET begin_time = '2014-04-13 09:47' WHERE id = 22164;

-- Event #31, M.Prg: 22165, tot. athletes: 1
-- Tot. progr. duration: 146 (sec), Heat durations: [14615] (hds)
-- Session begin time: 2014-04-13 08:30:00 +0200, Computed begin time: 2014-04-13 09:49:44 +0200
UPDATE meeting_programs SET begin_time = '2014-04-13 09:49' WHERE id = 22165;

-- Event #32, M.Prg: 22166, tot. athletes: 3
-- Tot. progr. duration: 145 (sec), Heat durations: [14522] (hds)
-- Session begin time: 2014-04-13 08:30:00 +0200, Computed begin time: 2014-04-13 09:52:10 +0200
UPDATE meeting_programs SET begin_time = '2014-04-13 09:52' WHERE id = 22166;

-- Event #33, M.Prg: 22167, tot. athletes: 5
-- Tot. progr. duration: 151 (sec), Heat durations: [15187] (hds)
-- Session begin time: 2014-04-13 08:30:00 +0200, Computed begin time: 2014-04-13 09:54:35 +0200
UPDATE meeting_programs SET begin_time = '2014-04-13 09:54' WHERE id = 22167;

-- Event #34, M.Prg: 22168, tot. athletes: 4
-- Tot. progr. duration: 154 (sec), Heat durations: [15478] (hds)
-- Session begin time: 2014-04-13 08:30:00 +0200, Computed begin time: 2014-04-13 09:57:06 +0200
UPDATE meeting_programs SET begin_time = '2014-04-13 09:57' WHERE id = 22168;

-- Event #35, M.Prg: 22169, tot. athletes: 2
-- Tot. progr. duration: 152 (sec), Heat durations: [15229] (hds)
-- Session begin time: 2014-04-13 08:30:00 +0200, Computed begin time: 2014-04-13 09:59:40 +0200
UPDATE meeting_programs SET begin_time = '2014-04-13 09:59' WHERE id = 22169;

-- Event #36, M.Prg: 22170, tot. athletes: 2
-- Tot. progr. duration: 168 (sec), Heat durations: [16881] (hds)
-- Session begin time: 2014-04-13 08:30:00 +0200, Computed begin time: 2014-04-13 10:02:12 +0200
UPDATE meeting_programs SET begin_time = '2014-04-13 10:02' WHERE id = 22170;

-- Event #37, M.Prg: 22171, tot. athletes: 2
-- Tot. progr. duration: 165 (sec), Heat durations: [16586] (hds)
-- Session begin time: 2014-04-13 08:30:00 +0200, Computed begin time: 2014-04-13 10:05:00 +0200
UPDATE meeting_programs SET begin_time = '2014-04-13 10:05' WHERE id = 22171;

-- Event #38, M.Prg: 22172, tot. athletes: 1
-- Tot. progr. duration: 128 (sec), Heat durations: [12851] (hds)
-- Session begin time: 2014-04-13 08:30:00 +0200, Computed begin time: 2014-04-13 10:07:45 +0200
UPDATE meeting_programs SET begin_time = '2014-04-13 10:07' WHERE id = 22172;

-- Event #39, M.Prg: 22173, tot. athletes: 2
-- Tot. progr. duration: 150 (sec), Heat durations: [15013] (hds)
-- Session begin time: 2014-04-13 08:30:00 +0200, Computed begin time: 2014-04-13 10:09:53 +0200
UPDATE meeting_programs SET begin_time = '2014-04-13 10:09' WHERE id = 22173;

-- Event #40, M.Prg: 22174, tot. athletes: 2
-- Tot. progr. duration: 136 (sec), Heat durations: [13645] (hds)
-- Session begin time: 2014-04-13 08:30:00 +0200, Computed begin time: 2014-04-13 10:12:23 +0200
UPDATE meeting_programs SET begin_time = '2014-04-13 10:12' WHERE id = 22174;

-- Event #41, M.Prg: 22175, tot. athletes: 4
-- Tot. progr. duration: 147 (sec), Heat durations: [14791] (hds)
-- Session begin time: 2014-04-13 08:30:00 +0200, Computed begin time: 2014-04-13 10:14:39 +0200
UPDATE meeting_programs SET begin_time = '2014-04-13 10:14' WHERE id = 22175;

-- Event #42, M.Prg: 22176, tot. athletes: 2
-- Tot. progr. duration: 154 (sec), Heat durations: [15444] (hds)
-- Session begin time: 2014-04-13 08:30:00 +0200, Computed begin time: 2014-04-13 10:17:06 +0200
UPDATE meeting_programs SET begin_time = '2014-04-13 10:17' WHERE id = 22176;

-- Event #43, M.Prg: 22177, tot. athletes: 5
-- Tot. progr. duration: 172 (sec), Heat durations: [17265] (hds)
-- Session begin time: 2014-04-13 08:30:00 +0200, Computed begin time: 2014-04-13 10:19:40 +0200
UPDATE meeting_programs SET begin_time = '2014-04-13 10:19' WHERE id = 22177;

-- Event #44, M.Prg: 22178, tot. athletes: 3
-- Tot. progr. duration: 164 (sec), Heat durations: [16483] (hds)
-- Session begin time: 2014-04-13 08:30:00 +0200, Computed begin time: 2014-04-13 10:22:32 +0200
UPDATE meeting_programs SET begin_time = '2014-04-13 10:22' WHERE id = 22178;

-- Event #45, M.Prg: 22179, tot. athletes: 1
-- Tot. progr. duration: 201 (sec), Heat durations: [20160] (hds)
-- Session begin time: 2014-04-13 08:30:00 +0200, Computed begin time: 2014-04-13 10:25:16 +0200
UPDATE meeting_programs SET begin_time = '2014-04-13 10:25' WHERE id = 22179;

-- Event #46, M.Prg: 22180, tot. athletes: 2
-- Tot. progr. duration: 131 (sec), Heat durations: [13179] (hds)
-- Session begin time: 2014-04-13 08:30:00 +0200, Computed begin time: 2014-04-13 10:28:37 +0200
UPDATE meeting_programs SET begin_time = '2014-04-13 10:28' WHERE id = 22180;

-- Event #47, M.Prg: 22181, tot. athletes: 9
-- Tot. progr. duration: 256 (sec), Heat durations: [14169, 11493] (hds)
-- Session begin time: 2014-04-13 08:30:00 +0200, Computed begin time: 2014-04-13 10:30:48 +0200
UPDATE meeting_programs SET begin_time = '2014-04-13 10:30' WHERE id = 22181;

-- Event #48, M.Prg: 22182, tot. athletes: 9
-- Tot. progr. duration: 249 (sec), Heat durations: [12985, 11964] (hds)
-- Session begin time: 2014-04-13 08:30:00 +0200, Computed begin time: 2014-04-13 10:35:04 +0200
UPDATE meeting_programs SET begin_time = '2014-04-13 10:35' WHERE id = 22182;

-- Event #49, M.Prg: 22183, tot. athletes: 8
-- Tot. progr. duration: 146 (sec), Heat durations: [14689] (hds)
-- Session begin time: 2014-04-13 08:30:00 +0200, Computed begin time: 2014-04-13 10:39:13 +0200
UPDATE meeting_programs SET begin_time = '2014-04-13 10:39' WHERE id = 22183;

-- Event #50, M.Prg: 22184, tot. athletes: 19
-- Tot. progr. duration: 388 (sec), Heat durations: [14485, 12489, 11876] (hds)
-- Session begin time: 2014-04-13 08:30:00 +0200, Computed begin time: 2014-04-13 10:41:39 +0200
UPDATE meeting_programs SET begin_time = '2014-04-13 10:41' WHERE id = 22184;

-- Event #51, M.Prg: 22185, tot. athletes: 14
-- Tot. progr. duration: 282 (sec), Heat durations: [15651, 12561] (hds)
-- Session begin time: 2014-04-13 08:30:00 +0200, Computed begin time: 2014-04-13 10:48:07 +0200
UPDATE meeting_programs SET begin_time = '2014-04-13 10:48' WHERE id = 22185;

-- Event #52, M.Prg: 22186, tot. athletes: 11
-- Tot. progr. duration: 282 (sec), Heat durations: [15261, 12985] (hds)
-- Session begin time: 2014-04-13 08:30:00 +0200, Computed begin time: 2014-04-13 10:52:49 +0200
UPDATE meeting_programs SET begin_time = '2014-04-13 10:52' WHERE id = 22186;

-- Event #53, M.Prg: 22187, tot. athletes: 4
-- Tot. progr. duration: 145 (sec), Heat durations: [14537] (hds)
-- Session begin time: 2014-04-13 08:30:00 +0200, Computed begin time: 2014-04-13 10:57:31 +0200
UPDATE meeting_programs SET begin_time = '2014-04-13 10:57' WHERE id = 22187;

-- Event #54, M.Prg: 22188, tot. athletes: 3
-- Tot. progr. duration: 144 (sec), Heat durations: [14488] (hds)
-- Session begin time: 2014-04-13 08:30:00 +0200, Computed begin time: 2014-04-13 10:59:56 +0200
UPDATE meeting_programs SET begin_time = '2014-04-13 10:59' WHERE id = 22188;

-- Event #55, M.Prg: 22189, tot. athletes: 2
-- Tot. progr. duration: 160 (sec), Heat durations: [16006] (hds)
-- Session begin time: 2014-04-13 08:30:00 +0200, Computed begin time: 2014-04-13 11:02:20 +0200
UPDATE meeting_programs SET begin_time = '2014-04-13 11:02' WHERE id = 22189;

-- Event #56, M.Prg: 22190, tot. athletes: 1
-- Tot. progr. duration: 185 (sec), Heat durations: [18502] (hds)
-- Session begin time: 2014-04-13 08:30:00 +0200, Computed begin time: 2014-04-13 11:05:00 +0200
UPDATE meeting_programs SET begin_time = '2014-04-13 11:05' WHERE id = 22190;

-- Event #57, M.Prg: 22191, tot. athletes: 4
-- Tot. progr. duration: 134 (sec), Heat durations: [13431] (hds)
-- Session begin time: 2014-04-13 08:30:00 +0200, Computed begin time: 2014-04-13 11:08:05 +0200
UPDATE meeting_programs SET begin_time = '2014-04-13 11:08' WHERE id = 22191;

-- Event #58, M.Prg: 22192, tot. athletes: 1
-- Tot. progr. duration: 215 (sec), Heat durations: [21524] (hds)
-- Session begin time: 2014-04-13 08:30:00 +0200, Computed begin time: 2014-04-13 11:10:19 +0200
UPDATE meeting_programs SET begin_time = '2014-04-13 11:10' WHERE id = 22192;

-- Event #59, M.Prg: 22193, tot. athletes: 1
-- Tot. progr. duration: 231 (sec), Heat durations: [23157] (hds)
-- Session begin time: 2014-04-13 08:30:00 +0200, Computed begin time: 2014-04-13 11:13:54 +0200
UPDATE meeting_programs SET begin_time = '2014-04-13 11:13' WHERE id = 22193;

-- Event #60, M.Prg: 22194, tot. athletes: 1
-- Tot. progr. duration: 222 (sec), Heat durations: [22261] (hds)
-- Session begin time: 2014-04-13 08:30:00 +0200, Computed begin time: 2014-04-13 11:17:45 +0200
UPDATE meeting_programs SET begin_time = '2014-04-13 11:17' WHERE id = 22194;

-- Event #61, M.Prg: 22195, tot. athletes: 2
-- Tot. progr. duration: 295 (sec), Heat durations: [29593] (hds)
-- Session begin time: 2014-04-13 08:30:00 +0200, Computed begin time: 2014-04-13 11:21:27 +0200
UPDATE meeting_programs SET begin_time = '2014-04-13 11:21' WHERE id = 22195;

-- Event #62, M.Prg: 22196, tot. athletes: 3
-- Tot. progr. duration: 229 (sec), Heat durations: [22997] (hds)
-- Session begin time: 2014-04-13 08:30:00 +0200, Computed begin time: 2014-04-13 11:26:22 +0200
UPDATE meeting_programs SET begin_time = '2014-04-13 11:26' WHERE id = 22196;

-- Event #63, M.Prg: 22197, tot. athletes: 1
-- Tot. progr. duration: 197 (sec), Heat durations: [19741] (hds)
-- Session begin time: 2014-04-13 08:30:00 +0200, Computed begin time: 2014-04-13 11:30:11 +0200
UPDATE meeting_programs SET begin_time = '2014-04-13 11:30' WHERE id = 22197;

-- Event #64, M.Prg: 22198, tot. athletes: 2
-- Tot. progr. duration: 235 (sec), Heat durations: [23518] (hds)
-- Session begin time: 2014-04-13 08:30:00 +0200, Computed begin time: 2014-04-13 11:33:28 +0200
UPDATE meeting_programs SET begin_time = '2014-04-13 11:33' WHERE id = 22198;

-- Event #65, M.Prg: 22199, tot. athletes: 2
-- Tot. progr. duration: 235 (sec), Heat durations: [23579] (hds)
-- Session begin time: 2014-04-13 08:30:00 +0200, Computed begin time: 2014-04-13 11:37:23 +0200
UPDATE meeting_programs SET begin_time = '2014-04-13 11:37' WHERE id = 22199;

-- Event #66, M.Prg: 22200, tot. athletes: 2
-- Tot. progr. duration: 222 (sec), Heat durations: [22259] (hds)
-- Session begin time: 2014-04-13 08:30:00 +0200, Computed begin time: 2014-04-13 11:41:18 +0200
UPDATE meeting_programs SET begin_time = '2014-04-13 11:41' WHERE id = 22200;

-- Event #67, M.Prg: 22201, tot. athletes: 2
-- Tot. progr. duration: 225 (sec), Heat durations: [22513] (hds)
-- Session begin time: 2014-04-13 08:30:00 +0200, Computed begin time: 2014-04-13 11:45:00 +0200
UPDATE meeting_programs SET begin_time = '2014-04-13 11:45' WHERE id = 22201;

-- Event #68, M.Prg: 22202, tot. athletes: 2
-- Tot. progr. duration: 313 (sec), Heat durations: [31389] (hds)
-- Session begin time: 2014-04-13 08:30:00 +0200, Computed begin time: 2014-04-13 11:48:45 +0200
UPDATE meeting_programs SET begin_time = '2014-04-13 11:48' WHERE id = 22202;

-- Event #69, M.Prg: 22203, tot. athletes: 1
-- Tot. progr. duration: 290 (sec), Heat durations: [29081] (hds)
-- Session begin time: 2014-04-13 08:30:00 +0200, Computed begin time: 2014-04-13 11:53:58 +0200
UPDATE meeting_programs SET begin_time = '2014-04-13 11:53' WHERE id = 22203;

-- Event #70, M.Prg: 22204, tot. athletes: 1
-- Tot. progr. duration: 240 (sec), Heat durations: [24054] (hds)
-- Session begin time: 2014-04-13 08:30:00 +0200, Computed begin time: 2014-04-13 11:58:48 +0200
UPDATE meeting_programs SET begin_time = '2014-04-13 11:58' WHERE id = 22204;

-- Event #71, M.Prg: 22205, tot. athletes: 1
-- Tot. progr. duration: 193 (sec), Heat durations: [19301] (hds)
-- Session begin time: 2014-04-13 08:30:00 +0200, Computed begin time: 2014-04-13 12:02:48 +0200
UPDATE meeting_programs SET begin_time = '2014-04-13 12:02' WHERE id = 22205;

-- Event #72, M.Prg: 22206, tot. athletes: 1
-- Tot. progr. duration: 268 (sec), Heat durations: [26832] (hds)
-- Session begin time: 2014-04-13 08:30:00 +0200, Computed begin time: 2014-04-13 12:06:01 +0200
UPDATE meeting_programs SET begin_time = '2014-04-13 12:06' WHERE id = 22206;

-- Event #73, M.Prg: 22207, tot. athletes: 3
-- Tot. progr. duration: 301 (sec), Heat durations: [30182] (hds)
-- Session begin time: 2014-04-13 08:30:00 +0200, Computed begin time: 2014-04-13 12:10:29 +0200
UPDATE meeting_programs SET begin_time = '2014-04-13 12:10' WHERE id = 22207;

-- Event #74, M.Prg: 22208, tot. athletes: 2
-- Tot. progr. duration: 271 (sec), Heat durations: [27110] (hds)
-- Session begin time: 2014-04-13 08:30:00 +0200, Computed begin time: 2014-04-13 12:15:30 +0200
UPDATE meeting_programs SET begin_time = '2014-04-13 12:15' WHERE id = 22208;

-- Event #75, M.Prg: 22209, tot. athletes: 1
-- Tot. progr. duration: 281 (sec), Heat durations: [28162] (hds)
-- Session begin time: 2014-04-13 08:30:00 +0200, Computed begin time: 2014-04-13 12:20:01 +0200
UPDATE meeting_programs SET begin_time = '2014-04-13 12:20' WHERE id = 22209;

-- Event #76, M.Prg: 22210, tot. athletes: 2
-- Tot. progr. duration: 239 (sec), Heat durations: [23927] (hds)
-- Session begin time: 2014-04-13 08:30:00 +0200, Computed begin time: 2014-04-13 12:24:42 +0200
UPDATE meeting_programs SET begin_time = '2014-04-13 12:24' WHERE id = 22210;

-- Event #77, M.Prg: 22211, tot. athletes: 4
-- Tot. progr. duration: 295 (sec), Heat durations: [29562] (hds)
-- Session begin time: 2014-04-13 08:30:00 +0200, Computed begin time: 2014-04-13 12:28:41 +0200
UPDATE meeting_programs SET begin_time = '2014-04-13 12:28' WHERE id = 22211;

-- Event #78, M.Prg: 22212, tot. athletes: 4
-- Tot. progr. duration: 281 (sec), Heat durations: [28113] (hds)
-- Session begin time: 2014-04-13 08:30:00 +0200, Computed begin time: 2014-04-13 12:33:36 +0200
UPDATE meeting_programs SET begin_time = '2014-04-13 12:33' WHERE id = 22212;

-- Event #79, M.Prg: 22213, tot. athletes: 1
-- Tot. progr. duration: 317 (sec), Heat durations: [31796] (hds)
-- Session begin time: 2014-04-13 08:30:00 +0200, Computed begin time: 2014-04-13 12:38:17 +0200
UPDATE meeting_programs SET begin_time = '2014-04-13 12:38' WHERE id = 22213;

-- Event #80, M.Prg: 22214, tot. athletes: 2
-- Tot. progr. duration: 295 (sec), Heat durations: [29521] (hds)
-- Session begin time: 2014-04-13 08:30:00 +0200, Computed begin time: 2014-04-13 12:43:34 +0200
UPDATE meeting_programs SET begin_time = '2014-04-13 12:43' WHERE id = 22214;

-- Event #81, M.Prg: 22215, tot. athletes: 3
-- Tot. progr. duration: 228 (sec), Heat durations: [22891] (hds)
-- Session begin time: 2014-04-13 08:30:00 +0200, Computed begin time: 2014-04-13 12:48:29 +0200
UPDATE meeting_programs SET begin_time = '2014-04-13 12:48' WHERE id = 22215;

-- Event #82, M.Prg: 22216, tot. athletes: 3
-- Tot. progr. duration: 258 (sec), Heat durations: [25826] (hds)
-- Session begin time: 2014-04-13 08:30:00 +0200, Computed begin time: 2014-04-13 12:52:17 +0200
UPDATE meeting_programs SET begin_time = '2014-04-13 12:52' WHERE id = 22216;

-- Event #83, M.Prg: 22217, tot. athletes: 2
-- Tot. progr. duration: 243 (sec), Heat durations: [24358] (hds)
-- Session begin time: 2014-04-13 08:30:00 +0200, Computed begin time: 2014-04-13 12:56:35 +0200
UPDATE meeting_programs SET begin_time = '2014-04-13 12:56' WHERE id = 22217;

-- Event #84, M.Prg: 22218, tot. athletes: 2
-- Tot. progr. duration: 216 (sec), Heat durations: [21676] (hds)
-- Session begin time: 2014-04-13 08:30:00 +0200, Computed begin time: 2014-04-13 13:00:38 +0200
UPDATE meeting_programs SET begin_time = '2014-04-13 13:00' WHERE id = 22218;

-- Event #85, M.Prg: 22219, tot. athletes: 4
-- Tot. progr. duration: 254 (sec), Heat durations: [25477] (hds)
-- Session begin time: 2014-04-13 08:30:00 +0200, Computed begin time: 2014-04-13 13:04:14 +0200
UPDATE meeting_programs SET begin_time = '2014-04-13 13:04' WHERE id = 22219;

-- Event #86, M.Prg: 22220, tot. athletes: 3
-- Tot. progr. duration: 294 (sec), Heat durations: [29478] (hds)
-- Session begin time: 2014-04-13 08:30:00 +0200, Computed begin time: 2014-04-13 13:08:28 +0200
UPDATE meeting_programs SET begin_time = '2014-04-13 13:08' WHERE id = 22220;

-- Event #87, M.Prg: 22221, tot. athletes: 3
-- Tot. progr. duration: 397 (sec), Heat durations: [39736] (hds)
-- Session begin time: 2014-04-13 08:30:00 +0200, Computed begin time: 2014-04-13 13:13:22 +0200
UPDATE meeting_programs SET begin_time = '2014-04-13 13:13' WHERE id = 22221;

-- Event #88, M.Prg: 22222, tot. athletes: 1
-- Tot. progr. duration: 356 (sec), Heat durations: [35672] (hds)
-- Session begin time: 2014-04-13 08:30:00 +0200, Computed begin time: 2014-04-13 13:19:59 +0200
UPDATE meeting_programs SET begin_time = '2014-04-13 13:19' WHERE id = 22222;

-- Event #89, M.Prg: 22223, tot. athletes: 3
-- Tot. progr. duration: 204 (sec), Heat durations: [20439] (hds)
-- Session begin time: 2014-04-13 08:30:00 +0200, Computed begin time: 2014-04-13 13:25:55 +0200
UPDATE meeting_programs SET begin_time = '2014-04-13 13:25' WHERE id = 22223;

-- Event #90, M.Prg: 22224, tot. athletes: 2
-- Tot. progr. duration: 194 (sec), Heat durations: [19497] (hds)
-- Session begin time: 2014-04-13 08:30:00 +0200, Computed begin time: 2014-04-13 13:29:19 +0200
UPDATE meeting_programs SET begin_time = '2014-04-13 13:29' WHERE id = 22224;

-- Event #91, M.Prg: 22225, tot. athletes: 6
-- Tot. progr. duration: 221 (sec), Heat durations: [22167] (hds)
-- Session begin time: 2014-04-13 08:30:00 +0200, Computed begin time: 2014-04-13 13:32:33 +0200
UPDATE meeting_programs SET begin_time = '2014-04-13 13:32' WHERE id = 22225;

-- Event #92, M.Prg: 22226, tot. athletes: 5
-- Tot. progr. duration: 219 (sec), Heat durations: [21936] (hds)
-- Session begin time: 2014-04-13 08:30:00 +0200, Computed begin time: 2014-04-13 13:36:14 +0200
UPDATE meeting_programs SET begin_time = '2014-04-13 13:36' WHERE id = 22226;

-- Event #93, M.Prg: 22227, tot. athletes: 7
-- Tot. progr. duration: 234 (sec), Heat durations: [23481] (hds)
-- Session begin time: 2014-04-13 08:30:00 +0200, Computed begin time: 2014-04-13 13:39:53 +0200
UPDATE meeting_programs SET begin_time = '2014-04-13 13:39' WHERE id = 22227;

-- Event #94, M.Prg: 22228, tot. athletes: 4
-- Tot. progr. duration: 225 (sec), Heat durations: [22540] (hds)
-- Session begin time: 2014-04-13 08:30:00 +0200, Computed begin time: 2014-04-13 13:43:47 +0200
UPDATE meeting_programs SET begin_time = '2014-04-13 13:43' WHERE id = 22228;

-- Event #95, M.Prg: 22229, tot. athletes: 2
-- Tot. progr. duration: 275 (sec), Heat durations: [27526] (hds)
-- Session begin time: 2014-04-13 08:30:00 +0200, Computed begin time: 2014-04-13 13:47:32 +0200
UPDATE meeting_programs SET begin_time = '2014-04-13 13:47' WHERE id = 22229;

-- Event #96, M.Prg: 22230, tot. athletes: 2
-- Tot. progr. duration: 252 (sec), Heat durations: [25286] (hds)
-- Session begin time: 2014-04-13 08:30:00 +0200, Computed begin time: 2014-04-13 13:52:07 +0200
UPDATE meeting_programs SET begin_time = '2014-04-13 13:52' WHERE id = 22230;

-- Event #97, M.Prg: 22231, tot. athletes: 1
-- Tot. progr. duration: 262 (sec), Heat durations: [26258] (hds)
-- Session begin time: 2014-04-13 08:30:00 +0200, Computed begin time: 2014-04-13 13:56:19 +0200
UPDATE meeting_programs SET begin_time = '2014-04-13 13:56' WHERE id = 22231;

-- Event #98, M.Prg: 22232, tot. athletes: 3
-- Tot. progr. duration: 395 (sec), Heat durations: [39532] (hds)
-- Session begin time: 2014-04-13 08:30:00 +0200, Computed begin time: 2014-04-13 14:00:41 +0200
UPDATE meeting_programs SET begin_time = '2014-04-13 14:00' WHERE id = 22232;

-- Event #99, M.Prg: 22233, tot. athletes: 1
-- Tot. progr. duration: 357 (sec), Heat durations: [35734] (hds)
-- Session begin time: 2014-04-13 08:30:00 +0200, Computed begin time: 2014-04-13 14:07:16 +0200
UPDATE meeting_programs SET begin_time = '2014-04-13 14:07' WHERE id = 22233;

-- Event #100, M.Prg: 22234, tot. athletes: 1
-- Tot. progr. duration: 420 (sec), Heat durations: [42045] (hds)
-- Session begin time: 2014-04-13 08:30:00 +0200, Computed begin time: 2014-04-13 14:13:13 +0200
UPDATE meeting_programs SET begin_time = '2014-04-13 14:13' WHERE id = 22234;

-- Event #101, M.Prg: 22235, tot. athletes: 3
-- Tot. progr. duration: 520 (sec), Heat durations: [52047] (hds)
-- Session begin time: 2014-04-13 08:30:00 +0200, Computed begin time: 2014-04-13 14:20:13 +0200
UPDATE meeting_programs SET begin_time = '2014-04-13 14:20' WHERE id = 22235;

-- Event #102, M.Prg: 22236, tot. athletes: 1
-- Tot. progr. duration: 373 (sec), Heat durations: [37335] (hds)
-- Session begin time: 2014-04-13 08:30:00 +0200, Computed begin time: 2014-04-13 14:28:53 +0200
UPDATE meeting_programs SET begin_time = '2014-04-13 14:28' WHERE id = 22236;

-- Event #103, M.Prg: 22237, tot. athletes: 2
-- Tot. progr. duration: 537 (sec), Heat durations: [53728] (hds)
-- Session begin time: 2014-04-13 08:30:00 +0200, Computed begin time: 2014-04-13 14:35:06 +0200
UPDATE meeting_programs SET begin_time = '2014-04-13 14:35' WHERE id = 22237;

-- Event #104, M.Prg: 22238, tot. athletes: 1
-- Tot. progr. duration: 420 (sec), Heat durations: [42076] (hds)
-- Session begin time: 2014-04-13 08:30:00 +0200, Computed begin time: 2014-04-13 14:44:03 +0200
UPDATE meeting_programs SET begin_time = '2014-04-13 14:44' WHERE id = 22238;

-- Event #105, M.Prg: 22239, tot. athletes: 3
-- Tot. progr. duration: 393 (sec), Heat durations: [39387] (hds)
-- Session begin time: 2014-04-13 08:30:00 +0200, Computed begin time: 2014-04-13 14:51:03 +0200
UPDATE meeting_programs SET begin_time = '2014-04-13 14:51' WHERE id = 22239;

-- Event #106, M.Prg: 22240, tot. athletes: 4
-- Tot. progr. duration: 534 (sec), Heat durations: [53467] (hds)
-- Session begin time: 2014-04-13 08:30:00 +0200, Computed begin time: 2014-04-13 14:57:36 +0200
UPDATE meeting_programs SET begin_time = '2014-04-13 14:57' WHERE id = 22240;

-- Event #107, M.Prg: 22241, tot. athletes: 2
-- Tot. progr. duration: 367 (sec), Heat durations: [36740] (hds)
-- Session begin time: 2014-04-13 08:30:00 +0200, Computed begin time: 2014-04-13 15:06:30 +0200
UPDATE meeting_programs SET begin_time = '2014-04-13 15:06' WHERE id = 22241;

-- Event #108, M.Prg: 22242, tot. athletes: 5
-- Tot. progr. duration: 390 (sec), Heat durations: [39071] (hds)
-- Session begin time: 2014-04-13 08:30:00 +0200, Computed begin time: 2014-04-13 15:12:37 +0200
UPDATE meeting_programs SET begin_time = '2014-04-13 15:12' WHERE id = 22242;

-- Event #109, M.Prg: 22243, tot. athletes: 5
-- Tot. progr. duration: 468 (sec), Heat durations: [46830] (hds)
-- Session begin time: 2014-04-13 08:30:00 +0200, Computed begin time: 2014-04-13 15:19:07 +0200
UPDATE meeting_programs SET begin_time = '2014-04-13 15:19' WHERE id = 22243;

-- Event #110, M.Prg: 22244, tot. athletes: 3
-- Tot. progr. duration: 494 (sec), Heat durations: [49448] (hds)
-- Session begin time: 2014-04-13 08:30:00 +0200, Computed begin time: 2014-04-13 15:26:55 +0200
UPDATE meeting_programs SET begin_time = '2014-04-13 15:26' WHERE id = 22244;

-- Event #111, M.Prg: 22245, tot. athletes: 3
-- Tot. progr. duration: 459 (sec), Heat durations: [45959] (hds)
-- Session begin time: 2014-04-13 08:30:00 +0200, Computed begin time: 2014-04-13 15:35:09 +0200
UPDATE meeting_programs SET begin_time = '2014-04-13 15:35' WHERE id = 22245;

-- Event #112, M.Prg: 22246, tot. athletes: 1
-- Tot. progr. duration: 535 (sec), Heat durations: [53586] (hds)
-- Session begin time: 2014-04-13 08:30:00 +0200, Computed begin time: 2014-04-13 15:42:48 +0200
UPDATE meeting_programs SET begin_time = '2014-04-13 15:42' WHERE id = 22246;

-- Event #113, M.Prg: 22247, tot. athletes: 1
-- Tot. progr. duration: 489 (sec), Heat durations: [48947] (hds)
-- Session begin time: 2014-04-13 08:30:00 +0200, Computed begin time: 2014-04-13 15:51:43 +0200
UPDATE meeting_programs SET begin_time = '2014-04-13 15:51' WHERE id = 22247;

-- Event #114, M.Prg: 22248, tot. athletes: 2
-- Tot. progr. duration: 97 (sec), Heat durations: [9731] (hds)
-- Session begin time: 2014-04-13 08:30:00 +0200, Computed begin time: 2014-04-13 15:59:52 +0200
UPDATE meeting_programs SET begin_time = '2014-04-13 15:59' WHERE id = 22248;

-- Event #115, M.Prg: 22249, tot. athletes: 2
-- Tot. progr. duration: 103 (sec), Heat durations: [10355] (hds)
-- Session begin time: 2014-04-13 08:30:00 +0200, Computed begin time: 2014-04-13 16:01:29 +0200
UPDATE meeting_programs SET begin_time = '2014-04-13 16:01' WHERE id = 22249;

-- Event #116, M.Prg: 22250, tot. athletes: 4
-- Tot. progr. duration: 114 (sec), Heat durations: [11487] (hds)
-- Session begin time: 2014-04-13 08:30:00 +0200, Computed begin time: 2014-04-13 16:03:12 +0200
UPDATE meeting_programs SET begin_time = '2014-04-13 16:03' WHERE id = 22250;

-- Event #117, M.Prg: 22251, tot. athletes: 3
-- Tot. progr. duration: 117 (sec), Heat durations: [11743] (hds)
-- Session begin time: 2014-04-13 08:30:00 +0200, Computed begin time: 2014-04-13 16:05:06 +0200
UPDATE meeting_programs SET begin_time = '2014-04-13 16:05' WHERE id = 22251;

-- Event #118, M.Prg: 22252, tot. athletes: 2
-- Tot. progr. duration: 101 (sec), Heat durations: [10143] (hds)
-- Session begin time: 2014-04-13 08:30:00 +0200, Computed begin time: 2014-04-13 16:07:03 +0200
UPDATE meeting_programs SET begin_time = '2014-04-13 16:07' WHERE id = 22252;

-- Event #119, M.Prg: 22253, tot. athletes: 2
-- Tot. progr. duration: 115 (sec), Heat durations: [11519] (hds)
-- Session begin time: 2014-04-13 08:30:00 +0200, Computed begin time: 2014-04-13 16:08:44 +0200
UPDATE meeting_programs SET begin_time = '2014-04-13 16:08' WHERE id = 22253;

-- Event #120, M.Prg: 22254, tot. athletes: 4
-- Tot. progr. duration: 104 (sec), Heat durations: [10487] (hds)
-- Session begin time: 2014-04-13 08:30:00 +0200, Computed begin time: 2014-04-13 16:10:39 +0200
UPDATE meeting_programs SET begin_time = '2014-04-13 16:10' WHERE id = 22254;

-- Event #121, M.Prg: 22255, tot. athletes: 1
-- Tot. progr. duration: 90 (sec), Heat durations: [9016] (hds)
-- Session begin time: 2014-04-13 08:30:00 +0200, Computed begin time: 2014-04-13 16:12:23 +0200
UPDATE meeting_programs SET begin_time = '2014-04-13 16:12' WHERE id = 22255;

-- Event #122, M.Prg: 22256, tot. athletes: 2
-- Tot. progr. duration: 98 (sec), Heat durations: [9835] (hds)
-- Session begin time: 2014-04-13 08:30:00 +0200, Computed begin time: 2014-04-13 16:13:53 +0200
UPDATE meeting_programs SET begin_time = '2014-04-13 16:13' WHERE id = 22256;

-- Event #123, M.Prg: 22257, tot. athletes: 3
-- Tot. progr. duration: 97 (sec), Heat durations: [9794] (hds)
-- Session begin time: 2014-04-13 08:30:00 +0200, Computed begin time: 2014-04-13 16:15:31 +0200
UPDATE meeting_programs SET begin_time = '2014-04-13 16:15' WHERE id = 22257;

-- Event #124, M.Prg: 22258, tot. athletes: 2
-- Tot. progr. duration: 116 (sec), Heat durations: [11639] (hds)
-- Session begin time: 2014-04-13 08:30:00 +0200, Computed begin time: 2014-04-13 16:17:08 +0200
UPDATE meeting_programs SET begin_time = '2014-04-13 16:17' WHERE id = 22258;

-- Event #125, M.Prg: 22259, tot. athletes: 3
-- Tot. progr. duration: 115 (sec), Heat durations: [11560] (hds)
-- Session begin time: 2014-04-13 08:30:00 +0200, Computed begin time: 2014-04-13 16:19:04 +0200
UPDATE meeting_programs SET begin_time = '2014-04-13 16:19' WHERE id = 22259;

-- Event #126, M.Prg: 22260, tot. athletes: 2
-- Tot. progr. duration: 103 (sec), Heat durations: [10324] (hds)
-- Session begin time: 2014-04-13 08:30:00 +0200, Computed begin time: 2014-04-13 16:20:59 +0200
UPDATE meeting_programs SET begin_time = '2014-04-13 16:20' WHERE id = 22260;

-- Event #127, M.Prg: 22261, tot. athletes: 1
-- Tot. progr. duration: 115 (sec), Heat durations: [11558] (hds)
-- Session begin time: 2014-04-13 08:30:00 +0200, Computed begin time: 2014-04-13 16:22:42 +0200
UPDATE meeting_programs SET begin_time = '2014-04-13 16:22' WHERE id = 22261;

-- Event #128, M.Prg: 22262, tot. athletes: 1
-- Tot. progr. duration: 95 (sec), Heat durations: [9556] (hds)
-- Session begin time: 2014-04-13 08:30:00 +0200, Computed begin time: 2014-04-13 16:24:37 +0200
UPDATE meeting_programs SET begin_time = '2014-04-13 16:24' WHERE id = 22262;

-- Event #129, M.Prg: 22263, tot. athletes: 1
-- Tot. progr. duration: 100 (sec), Heat durations: [10015] (hds)
-- Session begin time: 2014-04-13 08:30:00 +0200, Computed begin time: 2014-04-13 16:26:12 +0200
UPDATE meeting_programs SET begin_time = '2014-04-13 16:26' WHERE id = 22263;

-- Event #130, M.Prg: 22264, tot. athletes: 1
-- Tot. progr. duration: 94 (sec), Heat durations: [9451] (hds)
-- Session begin time: 2014-04-13 08:30:00 +0200, Computed begin time: 2014-04-13 16:27:52 +0200
UPDATE meeting_programs SET begin_time = '2014-04-13 16:27' WHERE id = 22264;

-- Event #131, M.Prg: 22265, tot. athletes: 2
-- Tot. progr. duration: 105 (sec), Heat durations: [10528] (hds)
-- Session begin time: 2014-04-13 08:30:00 +0200, Computed begin time: 2014-04-13 16:29:26 +0200
UPDATE meeting_programs SET begin_time = '2014-04-13 16:29' WHERE id = 22265;

-- Event #132, M.Prg: 22266, tot. athletes: 4
-- Tot. progr. duration: 122 (sec), Heat durations: [12219] (hds)
-- Session begin time: 2014-04-13 08:30:00 +0200, Computed begin time: 2014-04-13 16:31:11 +0200
UPDATE meeting_programs SET begin_time = '2014-04-13 16:31' WHERE id = 22266;

-- Event #133, M.Prg: 22267, tot. athletes: 1
-- Tot. progr. duration: 95 (sec), Heat durations: [9571] (hds)
-- Session begin time: 2014-04-13 08:30:00 +0200, Computed begin time: 2014-04-13 16:33:13 +0200
UPDATE meeting_programs SET begin_time = '2014-04-13 16:33' WHERE id = 22267;

-- Event #134, M.Prg: 22268, tot. athletes: 3
-- Tot. progr. duration: 94 (sec), Heat durations: [9491] (hds)
-- Session begin time: 2014-04-13 08:30:00 +0200, Computed begin time: 2014-04-13 16:34:48 +0200
UPDATE meeting_programs SET begin_time = '2014-04-13 16:34' WHERE id = 22268;

-- Event #135, M.Prg: 22269, tot. athletes: 6
-- Tot. progr. duration: 93 (sec), Heat durations: [9399] (hds)
-- Session begin time: 2014-04-13 08:30:00 +0200, Computed begin time: 2014-04-13 16:36:22 +0200
UPDATE meeting_programs SET begin_time = '2014-04-13 16:36' WHERE id = 22269;

-- Event #136, M.Prg: 22270, tot. athletes: 7
-- Tot. progr. duration: 98 (sec), Heat durations: [9856] (hds)
-- Session begin time: 2014-04-13 08:30:00 +0200, Computed begin time: 2014-04-13 16:37:55 +0200
UPDATE meeting_programs SET begin_time = '2014-04-13 16:37' WHERE id = 22270;

-- Event #137, M.Prg: 22271, tot. athletes: 5
-- Tot. progr. duration: 104 (sec), Heat durations: [10485] (hds)
-- Session begin time: 2014-04-13 08:30:00 +0200, Computed begin time: 2014-04-13 16:39:33 +0200
UPDATE meeting_programs SET begin_time = '2014-04-13 16:39' WHERE id = 22271;

-- Event #138, M.Prg: 22272, tot. athletes: 10
-- Tot. progr. duration: 194 (sec), Heat durations: [10523, 8954] (hds)
-- Session begin time: 2014-04-13 08:30:00 +0200, Computed begin time: 2014-04-13 16:41:17 +0200
UPDATE meeting_programs SET begin_time = '2014-04-13 16:41' WHERE id = 22272;

-- Event #139, M.Prg: 22273, tot. athletes: 10
-- Tot. progr. duration: 195 (sec), Heat durations: [10372, 9227] (hds)
-- Session begin time: 2014-04-13 08:30:00 +0200, Computed begin time: 2014-04-13 16:44:31 +0200
UPDATE meeting_programs SET begin_time = '2014-04-13 16:44' WHERE id = 22273;

-- Event #140, M.Prg: 22274, tot. athletes: 3
-- Tot. progr. duration: 100 (sec), Heat durations: [10025] (hds)
-- Session begin time: 2014-04-13 08:30:00 +0200, Computed begin time: 2014-04-13 16:47:46 +0200
UPDATE meeting_programs SET begin_time = '2014-04-13 16:47' WHERE id = 22274;

-- Event #141, M.Prg: 22275, tot. athletes: 3
-- Tot. progr. duration: 102 (sec), Heat durations: [10290] (hds)
-- Session begin time: 2014-04-13 08:30:00 +0200, Computed begin time: 2014-04-13 16:49:26 +0200
UPDATE meeting_programs SET begin_time = '2014-04-13 16:49' WHERE id = 22275;

-- Event #142, M.Prg: 22276, tot. athletes: 3
-- Tot. progr. duration: 124 (sec), Heat durations: [12454] (hds)
-- Session begin time: 2014-04-13 08:30:00 +0200, Computed begin time: 2014-04-13 16:51:08 +0200
UPDATE meeting_programs SET begin_time = '2014-04-13 16:51' WHERE id = 22276;

-- Event #143, M.Prg: 22277, tot. athletes: 1
-- Tot. progr. duration: 92 (sec), Heat durations: [9265] (hds)
-- Session begin time: 2014-04-13 08:30:00 +0200, Computed begin time: 2014-04-13 16:53:12 +0200
UPDATE meeting_programs SET begin_time = '2014-04-13 16:53' WHERE id = 22277;

-- Event #144, M.Prg: 22278, tot. athletes: 2
-- Tot. progr. duration: 108 (sec), Heat durations: [10870] (hds)
-- Session begin time: 2014-04-13 08:30:00 +0200, Computed begin time: 2014-04-13 16:54:44 +0200
UPDATE meeting_programs SET begin_time = '2014-04-13 16:54' WHERE id = 22278;

-- Event #145, M.Prg: 22279, tot. athletes: 2
-- Tot. progr. duration: 106 (sec), Heat durations: [10657] (hds)
-- Session begin time: 2014-04-13 08:30:00 +0200, Computed begin time: 2014-04-13 16:56:32 +0200
UPDATE meeting_programs SET begin_time = '2014-04-13 16:56' WHERE id = 22279;

-- Event #146, M.Prg: 22280, tot. athletes: 2
-- Tot. progr. duration: 118 (sec), Heat durations: [11887] (hds)
-- Session begin time: 2014-04-13 08:30:00 +0200, Computed begin time: 2014-04-13 16:58:18 +0200
UPDATE meeting_programs SET begin_time = '2014-04-13 16:58' WHERE id = 22280;

-- Event #147, M.Prg: 22281, tot. athletes: 7
-- Tot. progr. duration: 114 (sec), Heat durations: [11409] (hds)
-- Session begin time: 2014-04-13 08:30:00 +0200, Computed begin time: 2014-04-13 17:00:16 +0200
UPDATE meeting_programs SET begin_time = '2014-04-13 17:00' WHERE id = 22281;

-- Event #148, M.Prg: 22282, tot. athletes: 1
-- Tot. progr. duration: 111 (sec), Heat durations: [11114] (hds)
-- Session begin time: 2014-04-13 08:30:00 +0200, Computed begin time: 2014-04-13 17:02:10 +0200
UPDATE meeting_programs SET begin_time = '2014-04-13 17:02' WHERE id = 22282;

-- Event #149, M.Prg: 22283, tot. athletes: 7
-- Tot. progr. duration: 121 (sec), Heat durations: [12153] (hds)
-- Session begin time: 2014-04-13 08:30:00 +0200, Computed begin time: 2014-04-13 17:04:01 +0200
UPDATE meeting_programs SET begin_time = '2014-04-13 17:04' WHERE id = 22283;

-- Event #150, M.Prg: 22284, tot. athletes: 3
-- Tot. progr. duration: 146 (sec), Heat durations: [14679] (hds)
-- Session begin time: 2014-04-13 08:30:00 +0200, Computed begin time: 2014-04-13 17:06:02 +0200
UPDATE meeting_programs SET begin_time = '2014-04-13 17:06' WHERE id = 22284;

-- Event #151, M.Prg: 22285, tot. athletes: 1
-- Tot. progr. duration: 126 (sec), Heat durations: [12622] (hds)
-- Session begin time: 2014-04-13 08:30:00 +0200, Computed begin time: 2014-04-13 17:08:28 +0200
UPDATE meeting_programs SET begin_time = '2014-04-13 17:08' WHERE id = 22285;

-- Event #152, M.Prg: 22286, tot. athletes: 3
-- Tot. progr. duration: 99 (sec), Heat durations: [9958] (hds)
-- Session begin time: 2014-04-13 08:30:00 +0200, Computed begin time: 2014-04-13 17:10:34 +0200
UPDATE meeting_programs SET begin_time = '2014-04-13 17:10' WHERE id = 22286;

-- Event #153, M.Prg: 22287, tot. athletes: 9
-- Tot. progr. duration: 204 (sec), Heat durations: [10901, 9509] (hds)
-- Session begin time: 2014-04-13 08:30:00 +0200, Computed begin time: 2014-04-13 17:12:13 +0200
UPDATE meeting_programs SET begin_time = '2014-04-13 17:12' WHERE id = 22287;

-- Event #154, M.Prg: 22288, tot. athletes: 1
-- Tot. progr. duration: 98 (sec), Heat durations: [9899] (hds)
-- Session begin time: 2014-04-13 08:30:00 +0200, Computed begin time: 2014-04-13 17:15:37 +0200
UPDATE meeting_programs SET begin_time = '2014-04-13 17:15' WHERE id = 22288;

-- Event #155, M.Prg: 22289, tot. athletes: 8
-- Tot. progr. duration: 107 (sec), Heat durations: [10779] (hds)
-- Session begin time: 2014-04-13 08:30:00 +0200, Computed begin time: 2014-04-13 17:17:15 +0200
UPDATE meeting_programs SET begin_time = '2014-04-13 17:17' WHERE id = 22289;

-- Event #156, M.Prg: 22290, tot. athletes: 7
-- Tot. progr. duration: 110 (sec), Heat durations: [11085] (hds)
-- Session begin time: 2014-04-13 08:30:00 +0200, Computed begin time: 2014-04-13 17:19:02 +0200
UPDATE meeting_programs SET begin_time = '2014-04-13 17:19' WHERE id = 22290;

-- Event #157, M.Prg: 22291, tot. athletes: 6
-- Tot. progr. duration: 128 (sec), Heat durations: [12841] (hds)
-- Session begin time: 2014-04-13 08:30:00 +0200, Computed begin time: 2014-04-13 17:20:52 +0200
UPDATE meeting_programs SET begin_time = '2014-04-13 17:20' WHERE id = 22291;

-- Event #158, M.Prg: 22292, tot. athletes: 1
-- Tot. progr. duration: 104 (sec), Heat durations: [10478] (hds)
-- Session begin time: 2014-04-13 08:30:00 +0200, Computed begin time: 2014-04-13 17:23:00 +0200
UPDATE meeting_programs SET begin_time = '2014-04-13 17:23' WHERE id = 22292;

-- Event #159, M.Prg: 22293, tot. athletes: 2
-- Tot. progr. duration: 124 (sec), Heat durations: [12426] (hds)
-- Session begin time: 2014-04-13 08:30:00 +0200, Computed begin time: 2014-04-13 17:24:44 +0200
UPDATE meeting_programs SET begin_time = '2014-04-13 17:24' WHERE id = 22293;

-- Event #160, M.Prg: 22294, tot. athletes: 2
-- Tot. progr. duration: 102 (sec), Heat durations: [10209] (hds)
-- Session begin time: 2014-04-13 08:30:00 +0200, Computed begin time: 2014-04-13 17:26:48 +0200
UPDATE meeting_programs SET begin_time = '2014-04-13 17:26' WHERE id = 22294;

-- Event #161, M.Prg: 22295, tot. athletes: 5
-- Tot. progr. duration: 97 (sec), Heat durations: [9793] (hds)
-- Session begin time: 2014-04-13 08:30:00 +0200, Computed begin time: 2014-04-13 17:28:30 +0200
UPDATE meeting_programs SET begin_time = '2014-04-13 17:28' WHERE id = 22295;

-- Event #162, M.Prg: 22296, tot. athletes: 1
-- Tot. progr. duration: 102 (sec), Heat durations: [10210] (hds)
-- Session begin time: 2014-04-13 08:30:00 +0200, Computed begin time: 2014-04-13 17:30:07 +0200
UPDATE meeting_programs SET begin_time = '2014-04-13 17:30' WHERE id = 22296;

-- Event #163, M.Prg: 22297, tot. athletes: 4
-- Tot. progr. duration: 106 (sec), Heat durations: [10606] (hds)
-- Session begin time: 2014-04-13 08:30:00 +0200, Computed begin time: 2014-04-13 17:31:49 +0200
UPDATE meeting_programs SET begin_time = '2014-04-13 17:31' WHERE id = 22297;

-- Event #164, M.Prg: 22298, tot. athletes: 7
-- Tot. progr. duration: 106 (sec), Heat durations: [10608] (hds)
-- Session begin time: 2014-04-13 08:30:00 +0200, Computed begin time: 2014-04-13 17:33:35 +0200
UPDATE meeting_programs SET begin_time = '2014-04-13 17:33' WHERE id = 22298;

-- Event #165, M.Prg: 22299, tot. athletes: 3
-- Tot. progr. duration: 114 (sec), Heat durations: [11464] (hds)
-- Session begin time: 2014-04-13 08:30:00 +0200, Computed begin time: 2014-04-13 17:35:21 +0200
UPDATE meeting_programs SET begin_time = '2014-04-13 17:35' WHERE id = 22299;

-- Event #166, M.Prg: 22300, tot. athletes: 4
-- Tot. progr. duration: 112 (sec), Heat durations: [11293] (hds)
-- Session begin time: 2014-04-13 08:30:00 +0200, Computed begin time: 2014-04-13 17:37:15 +0200
UPDATE meeting_programs SET begin_time = '2014-04-13 17:37' WHERE id = 22300;

-- Event #167, M.Prg: 22301, tot. athletes: 2
-- Tot. progr. duration: 110 (sec), Heat durations: [11005] (hds)
-- Session begin time: 2014-04-13 08:30:00 +0200, Computed begin time: 2014-04-13 17:39:07 +0200
UPDATE meeting_programs SET begin_time = '2014-04-13 17:39' WHERE id = 22301;

-- Event #168, M.Prg: 22302, tot. athletes: 2
-- Tot. progr. duration: 120 (sec), Heat durations: [12027] (hds)
-- Session begin time: 2014-04-13 08:30:00 +0200, Computed begin time: 2014-04-13 17:40:57 +0200
UPDATE meeting_programs SET begin_time = '2014-04-13 17:40' WHERE id = 22302;

-- Event #169, M.Prg: 22303, tot. athletes: 1
-- Tot. progr. duration: 102 (sec), Heat durations: [10210] (hds)
-- Session begin time: 2014-04-13 08:30:00 +0200, Computed begin time: 2014-04-13 17:42:57 +0200
UPDATE meeting_programs SET begin_time = '2014-04-13 17:42' WHERE id = 22303;

-- Event #170, M.Prg: 22304, tot. athletes: 3
-- Tot. progr. duration: 92 (sec), Heat durations: [9295] (hds)
-- Session begin time: 2014-04-13 08:30:00 +0200, Computed begin time: 2014-04-13 17:44:39 +0200
UPDATE meeting_programs SET begin_time = '2014-04-13 17:44' WHERE id = 22304;

-- Event #171, M.Prg: 22305, tot. athletes: 7
-- Tot. progr. duration: 93 (sec), Heat durations: [9335] (hds)
-- Session begin time: 2014-04-13 08:30:00 +0200, Computed begin time: 2014-04-13 17:46:11 +0200
UPDATE meeting_programs SET begin_time = '2014-04-13 17:46' WHERE id = 22305;

-- Event #172, M.Prg: 22306, tot. athletes: 9
-- Tot. progr. duration: 180 (sec), Heat durations: [9338, 8685] (hds)
-- Session begin time: 2014-04-13 08:30:00 +0200, Computed begin time: 2014-04-13 17:47:44 +0200
UPDATE meeting_programs SET begin_time = '2014-04-13 17:47' WHERE id = 22306;

-- Event #173, M.Prg: 22307, tot. athletes: 8
-- Tot. progr. duration: 94 (sec), Heat durations: [9430] (hds)
-- Session begin time: 2014-04-13 08:30:00 +0200, Computed begin time: 2014-04-13 17:50:44 +0200
UPDATE meeting_programs SET begin_time = '2014-04-13 17:50' WHERE id = 22307;

-- Event #174, M.Prg: 22308, tot. athletes: 6
-- Tot. progr. duration: 96 (sec), Heat durations: [9614] (hds)
-- Session begin time: 2014-04-13 08:30:00 +0200, Computed begin time: 2014-04-13 17:52:18 +0200
UPDATE meeting_programs SET begin_time = '2014-04-13 17:52' WHERE id = 22308;

-- Event #175, M.Prg: 22309, tot. athletes: 8
-- Tot. progr. duration: 97 (sec), Heat durations: [9746] (hds)
-- Session begin time: 2014-04-13 08:30:00 +0200, Computed begin time: 2014-04-13 17:53:54 +0200
UPDATE meeting_programs SET begin_time = '2014-04-13 17:53' WHERE id = 22309;

-- Event #176, M.Prg: 22310, tot. athletes: 8
-- Tot. progr. duration: 107 (sec), Heat durations: [10728] (hds)
-- Session begin time: 2014-04-13 08:30:00 +0200, Computed begin time: 2014-04-13 17:55:31 +0200
UPDATE meeting_programs SET begin_time = '2014-04-13 17:55' WHERE id = 22310;

-- Event #177, M.Prg: 22311, tot. athletes: 2
-- Tot. progr. duration: 98 (sec), Heat durations: [9843] (hds)
-- Session begin time: 2014-04-13 08:30:00 +0200, Computed begin time: 2014-04-13 17:57:18 +0200
UPDATE meeting_programs SET begin_time = '2014-04-13 17:57' WHERE id = 22311;

-- Event #178, M.Prg: 22312, tot. athletes: 2
-- Tot. progr. duration: 114 (sec), Heat durations: [11477] (hds)
-- Session begin time: 2014-04-13 08:30:00 +0200, Computed begin time: 2014-04-13 17:58:56 +0200
UPDATE meeting_programs SET begin_time = '2014-04-13 17:58' WHERE id = 22312;

-- Event #179, M.Prg: 22313, tot. athletes: 2
-- Tot. progr. duration: 102 (sec), Heat durations: [10287] (hds)
-- Session begin time: 2014-04-13 08:30:00 +0200, Computed begin time: 2014-04-13 18:00:50 +0200
UPDATE meeting_programs SET begin_time = '2014-04-13 18:00' WHERE id = 22313;

-- Event #180, M.Prg: 22314, tot. athletes: 1
-- Tot. progr. duration: 112 (sec), Heat durations: [11237] (hds)
-- Session begin time: 2014-04-13 08:30:00 +0200, Computed begin time: 2014-04-13 18:02:32 +0200
UPDATE meeting_programs SET begin_time = '2014-04-13 18:02' WHERE id = 22314;

-- Event #181, M.Prg: 22315, tot. athletes: 1
-- Tot. progr. duration: 98 (sec), Heat durations: [9890] (hds)
-- Session begin time: 2014-04-13 08:30:00 +0200, Computed begin time: 2014-04-13 18:04:24 +0200
UPDATE meeting_programs SET begin_time = '2014-04-13 18:04' WHERE id = 22315;

-- Event #182, M.Prg: 22316, tot. athletes: 4
-- Tot. progr. duration: 95 (sec), Heat durations: [9549] (hds)
-- Session begin time: 2014-04-13 08:30:00 +0200, Computed begin time: 2014-04-13 18:06:02 +0200
UPDATE meeting_programs SET begin_time = '2014-04-13 18:06' WHERE id = 22316;


-- Last completed phase code: 30
