-- *** SQL Diff file for ris20140323campodipietra.txt ***
-- Timestamp: 201502262347
INSERT INTO `meeting_events` (`id`, `created_at`, `updated_at`, `event_order`, `begin_time`, `is_out_of_race`, `is_autofilled`, `notes`, `meeting_session_id`, `event_type_id`, `heat_type_id`, `user_id`, `has_separate_gender_start_list`, `has_separate_category_start_list`)
  VALUES (3067, '2015-02-26 23:51:13', '2015-02-26 23:51:13', 1, '2000-01-01 08:02:00', 0, 1, NULL, 501, 16, 3, 1, 1, 0);

INSERT INTO `meeting_programs` (`id`, `event_order`, `category_type_id`, `gender_type_id`, `user_id`, `created_at`, `updated_at`, `is_autofilled`, `is_out_of_race`, `begin_time`, `meeting_event_id`, `pool_type_id`, `time_standard_id`)
  VALUES (20123, 1, 696, 2, 1, '2015-02-26 23:51:14', '2015-02-26 23:51:14', 1, 0, '2000-01-01 08:02:00', 3067, 1, 2800);

INSERT INTO `meeting_programs` (`id`, `event_order`, `category_type_id`, `gender_type_id`, `user_id`, `created_at`, `updated_at`, `is_autofilled`, `is_out_of_race`, `begin_time`, `meeting_event_id`, `pool_type_id`, `time_standard_id`)
  VALUES (20124, 2, 697, 2, 1, '2015-02-26 23:51:14', '2015-02-26 23:51:14', 1, 0, '2000-01-01 08:04:00', 3067, 1, 2818);

INSERT INTO `meeting_programs` (`id`, `event_order`, `category_type_id`, `gender_type_id`, `user_id`, `created_at`, `updated_at`, `is_autofilled`, `is_out_of_race`, `begin_time`, `meeting_event_id`, `pool_type_id`, `time_standard_id`)
  VALUES (20125, 3, 698, 2, 1, '2015-02-26 23:51:14', '2015-02-26 23:51:14', 1, 0, '2000-01-01 08:06:00', 3067, 1, 2836);

INSERT INTO `meeting_programs` (`id`, `event_order`, `category_type_id`, `gender_type_id`, `user_id`, `created_at`, `updated_at`, `is_autofilled`, `is_out_of_race`, `begin_time`, `meeting_event_id`, `pool_type_id`, `time_standard_id`)
  VALUES (20126, 4, 699, 2, 1, '2015-02-26 23:51:14', '2015-02-26 23:51:14', 1, 0, '2000-01-01 08:08:00', 3067, 1, 2854);

INSERT INTO `meeting_programs` (`id`, `event_order`, `category_type_id`, `gender_type_id`, `user_id`, `created_at`, `updated_at`, `is_autofilled`, `is_out_of_race`, `begin_time`, `meeting_event_id`, `pool_type_id`, `time_standard_id`)
  VALUES (20127, 5, 700, 2, 1, '2015-02-26 23:51:14', '2015-02-26 23:51:14', 1, 0, '2000-01-01 08:10:00', 3067, 1, 2872);

INSERT INTO `meeting_programs` (`id`, `event_order`, `category_type_id`, `gender_type_id`, `user_id`, `created_at`, `updated_at`, `is_autofilled`, `is_out_of_race`, `begin_time`, `meeting_event_id`, `pool_type_id`, `time_standard_id`)
  VALUES (20128, 6, 694, 1, 1, '2015-02-26 23:51:14', '2015-02-26 23:51:14', 1, 0, '2000-01-01 08:12:00', 3067, 1, 2240);

INSERT INTO `meeting_programs` (`id`, `event_order`, `category_type_id`, `gender_type_id`, `user_id`, `created_at`, `updated_at`, `is_autofilled`, `is_out_of_race`, `begin_time`, `meeting_event_id`, `pool_type_id`, `time_standard_id`)
  VALUES (20129, 7, 695, 1, 1, '2015-02-26 23:51:14', '2015-02-26 23:51:14', 1, 0, '2000-01-01 08:14:00', 3067, 1, 2258);

INSERT INTO `meeting_programs` (`id`, `event_order`, `category_type_id`, `gender_type_id`, `user_id`, `created_at`, `updated_at`, `is_autofilled`, `is_out_of_race`, `begin_time`, `meeting_event_id`, `pool_type_id`, `time_standard_id`)
  VALUES (20130, 8, 696, 1, 1, '2015-02-26 23:51:14', '2015-02-26 23:51:14', 1, 0, '2000-01-01 08:16:00', 3067, 1, 2276);

INSERT INTO `meeting_programs` (`id`, `event_order`, `category_type_id`, `gender_type_id`, `user_id`, `created_at`, `updated_at`, `is_autofilled`, `is_out_of_race`, `begin_time`, `meeting_event_id`, `pool_type_id`, `time_standard_id`)
  VALUES (20131, 9, 697, 1, 1, '2015-02-26 23:51:14', '2015-02-26 23:51:14', 1, 0, '2000-01-01 08:18:00', 3067, 1, 2294);

INSERT INTO `meeting_programs` (`id`, `event_order`, `category_type_id`, `gender_type_id`, `user_id`, `created_at`, `updated_at`, `is_autofilled`, `is_out_of_race`, `begin_time`, `meeting_event_id`, `pool_type_id`, `time_standard_id`)
  VALUES (20132, 10, 698, 1, 1, '2015-02-26 23:51:14', '2015-02-26 23:51:14', 1, 0, '2000-01-01 08:20:00', 3067, 1, 2312);

INSERT INTO `meeting_programs` (`id`, `event_order`, `category_type_id`, `gender_type_id`, `user_id`, `created_at`, `updated_at`, `is_autofilled`, `is_out_of_race`, `begin_time`, `meeting_event_id`, `pool_type_id`, `time_standard_id`)
  VALUES (20133, 11, 700, 1, 1, '2015-02-26 23:51:14', '2015-02-26 23:51:14', 1, 0, '2000-01-01 08:22:00', 3067, 1, 2348);

INSERT INTO `meeting_programs` (`id`, `event_order`, `category_type_id`, `gender_type_id`, `user_id`, `created_at`, `updated_at`, `is_autofilled`, `is_out_of_race`, `begin_time`, `meeting_event_id`, `pool_type_id`, `time_standard_id`)
  VALUES (20134, 12, 702, 1, 1, '2015-02-26 23:51:14', '2015-02-26 23:51:14', 1, 0, '2000-01-01 08:24:00', 3067, 1, 2384);

INSERT INTO `meeting_programs` (`id`, `event_order`, `category_type_id`, `gender_type_id`, `user_id`, `created_at`, `updated_at`, `is_autofilled`, `is_out_of_race`, `begin_time`, `meeting_event_id`, `pool_type_id`, `time_standard_id`)
  VALUES (20135, 13, 704, 1, 1, '2015-02-26 23:51:14', '2015-02-26 23:51:14', 1, 0, '2000-01-01 08:26:00', 3067, 1, 2420);

INSERT INTO `meeting_programs` (`id`, `event_order`, `category_type_id`, `gender_type_id`, `user_id`, `created_at`, `updated_at`, `is_autofilled`, `is_out_of_race`, `begin_time`, `meeting_event_id`, `pool_type_id`, `time_standard_id`)
  VALUES (20136, 14, 693, 1, 1, '2015-02-26 23:51:15', '2015-02-26 23:51:15', 1, 0, '2000-01-01 08:28:00', 3067, 1, NULL);

INSERT INTO `meeting_events` (`id`, `created_at`, `updated_at`, `event_order`, `begin_time`, `is_out_of_race`, `is_autofilled`, `notes`, `meeting_session_id`, `event_type_id`, `heat_type_id`, `user_id`, `has_separate_gender_start_list`, `has_separate_category_start_list`)
  VALUES (3068, '2015-02-26 23:51:15', '2015-02-26 23:51:15', 2, '2000-01-01 08:30:00', 0, 1, NULL, 501, 22, 3, 1, 1, 0);

INSERT INTO `meeting_programs` (`id`, `event_order`, `category_type_id`, `gender_type_id`, `user_id`, `created_at`, `updated_at`, `is_autofilled`, `is_out_of_race`, `begin_time`, `meeting_event_id`, `pool_type_id`, `time_standard_id`)
  VALUES (20137, 15, 694, 2, 1, '2015-02-26 23:51:15', '2015-02-26 23:51:15', 1, 0, '2000-01-01 08:30:00', 3068, 1, 2772);

INSERT INTO `meeting_programs` (`id`, `event_order`, `category_type_id`, `gender_type_id`, `user_id`, `created_at`, `updated_at`, `is_autofilled`, `is_out_of_race`, `begin_time`, `meeting_event_id`, `pool_type_id`, `time_standard_id`)
  VALUES (20138, 16, 696, 2, 1, '2015-02-26 23:51:15', '2015-02-26 23:51:15', 1, 0, '2000-01-01 08:32:00', 3068, 1, 2808);

INSERT INTO `meeting_programs` (`id`, `event_order`, `category_type_id`, `gender_type_id`, `user_id`, `created_at`, `updated_at`, `is_autofilled`, `is_out_of_race`, `begin_time`, `meeting_event_id`, `pool_type_id`, `time_standard_id`)
  VALUES (20139, 17, 694, 1, 1, '2015-02-26 23:51:15', '2015-02-26 23:51:15', 1, 0, '2000-01-01 08:34:00', 3068, 1, 2248);

INSERT INTO `meeting_programs` (`id`, `event_order`, `category_type_id`, `gender_type_id`, `user_id`, `created_at`, `updated_at`, `is_autofilled`, `is_out_of_race`, `begin_time`, `meeting_event_id`, `pool_type_id`, `time_standard_id`)
  VALUES (20140, 18, 695, 1, 1, '2015-02-26 23:51:15', '2015-02-26 23:51:15', 1, 0, '2000-01-01 08:36:00', 3068, 1, 2266);

INSERT INTO `meeting_programs` (`id`, `event_order`, `category_type_id`, `gender_type_id`, `user_id`, `created_at`, `updated_at`, `is_autofilled`, `is_out_of_race`, `begin_time`, `meeting_event_id`, `pool_type_id`, `time_standard_id`)
  VALUES (20141, 19, 696, 1, 1, '2015-02-26 23:51:15', '2015-02-26 23:51:15', 1, 0, '2000-01-01 08:38:00', 3068, 1, 2284);

INSERT INTO `meeting_programs` (`id`, `event_order`, `category_type_id`, `gender_type_id`, `user_id`, `created_at`, `updated_at`, `is_autofilled`, `is_out_of_race`, `begin_time`, `meeting_event_id`, `pool_type_id`, `time_standard_id`)
  VALUES (20142, 20, 697, 1, 1, '2015-02-26 23:51:15', '2015-02-26 23:51:15', 1, 0, '2000-01-01 08:40:00', 3068, 1, 2302);

INSERT INTO `meeting_programs` (`id`, `event_order`, `category_type_id`, `gender_type_id`, `user_id`, `created_at`, `updated_at`, `is_autofilled`, `is_out_of_race`, `begin_time`, `meeting_event_id`, `pool_type_id`, `time_standard_id`)
  VALUES (20143, 21, 698, 1, 1, '2015-02-26 23:51:15', '2015-02-26 23:51:15', 1, 0, '2000-01-01 08:42:00', 3068, 1, 2320);

INSERT INTO `meeting_programs` (`id`, `event_order`, `category_type_id`, `gender_type_id`, `user_id`, `created_at`, `updated_at`, `is_autofilled`, `is_out_of_race`, `begin_time`, `meeting_event_id`, `pool_type_id`, `time_standard_id`)
  VALUES (20144, 22, 699, 1, 1, '2015-02-26 23:51:15', '2015-02-26 23:51:15', 1, 0, '2000-01-01 08:44:00', 3068, 1, 2338);

INSERT INTO `meeting_programs` (`id`, `event_order`, `category_type_id`, `gender_type_id`, `user_id`, `created_at`, `updated_at`, `is_autofilled`, `is_out_of_race`, `begin_time`, `meeting_event_id`, `pool_type_id`, `time_standard_id`)
  VALUES (20145, 23, 702, 1, 1, '2015-02-26 23:51:15', '2015-02-26 23:51:15', 1, 0, '2000-01-01 08:46:00', 3068, 1, 2392);

INSERT INTO `meeting_programs` (`id`, `event_order`, `category_type_id`, `gender_type_id`, `user_id`, `created_at`, `updated_at`, `is_autofilled`, `is_out_of_race`, `begin_time`, `meeting_event_id`, `pool_type_id`, `time_standard_id`)
  VALUES (20146, 24, 693, 1, 1, '2015-02-26 23:51:15', '2015-02-26 23:51:15', 1, 0, '2000-01-01 08:48:00', 3068, 1, NULL);

INSERT INTO `meeting_events` (`id`, `created_at`, `updated_at`, `event_order`, `begin_time`, `is_out_of_race`, `is_autofilled`, `notes`, `meeting_session_id`, `event_type_id`, `heat_type_id`, `user_id`, `has_separate_gender_start_list`, `has_separate_category_start_list`)
  VALUES (3069, '2015-02-26 23:51:15', '2015-02-26 23:51:15', 3, '2000-01-01 08:50:00', 0, 1, NULL, 501, 20, 3, 1, 1, 0);

INSERT INTO `meeting_programs` (`id`, `event_order`, `category_type_id`, `gender_type_id`, `user_id`, `created_at`, `updated_at`, `is_autofilled`, `is_out_of_race`, `begin_time`, `meeting_event_id`, `pool_type_id`, `time_standard_id`)
  VALUES (20147, 25, 696, 2, 1, '2015-02-26 23:51:15', '2015-02-26 23:51:15', 1, 0, '2000-01-01 08:50:00', 3069, 1, 2803);

INSERT INTO `meeting_programs` (`id`, `event_order`, `category_type_id`, `gender_type_id`, `user_id`, `created_at`, `updated_at`, `is_autofilled`, `is_out_of_race`, `begin_time`, `meeting_event_id`, `pool_type_id`, `time_standard_id`)
  VALUES (20148, 26, 697, 2, 1, '2015-02-26 23:51:15', '2015-02-26 23:51:15', 1, 0, '2000-01-01 08:52:00', 3069, 1, 2821);

INSERT INTO `meeting_programs` (`id`, `event_order`, `category_type_id`, `gender_type_id`, `user_id`, `created_at`, `updated_at`, `is_autofilled`, `is_out_of_race`, `begin_time`, `meeting_event_id`, `pool_type_id`, `time_standard_id`)
  VALUES (20149, 27, 699, 2, 1, '2015-02-26 23:51:16', '2015-02-26 23:51:16', 1, 0, '2000-01-01 08:54:00', 3069, 1, 2857);

INSERT INTO `meeting_programs` (`id`, `event_order`, `category_type_id`, `gender_type_id`, `user_id`, `created_at`, `updated_at`, `is_autofilled`, `is_out_of_race`, `begin_time`, `meeting_event_id`, `pool_type_id`, `time_standard_id`)
  VALUES (20150, 28, 702, 2, 1, '2015-02-26 23:51:16', '2015-02-26 23:51:16', 1, 0, '2000-01-01 08:56:00', 3069, 1, 2911);

INSERT INTO `meeting_programs` (`id`, `event_order`, `category_type_id`, `gender_type_id`, `user_id`, `created_at`, `updated_at`, `is_autofilled`, `is_out_of_race`, `begin_time`, `meeting_event_id`, `pool_type_id`, `time_standard_id`)
  VALUES (20151, 29, 694, 1, 1, '2015-02-26 23:51:16', '2015-02-26 23:51:16', 1, 0, '2000-01-01 08:58:00', 3069, 1, 2243);

INSERT INTO `meeting_programs` (`id`, `event_order`, `category_type_id`, `gender_type_id`, `user_id`, `created_at`, `updated_at`, `is_autofilled`, `is_out_of_race`, `begin_time`, `meeting_event_id`, `pool_type_id`, `time_standard_id`)
  VALUES (20152, 30, 695, 1, 1, '2015-02-26 23:51:16', '2015-02-26 23:51:16', 1, 0, '2000-01-01 09:00:00', 3069, 1, 2261);

INSERT INTO `meeting_programs` (`id`, `event_order`, `category_type_id`, `gender_type_id`, `user_id`, `created_at`, `updated_at`, `is_autofilled`, `is_out_of_race`, `begin_time`, `meeting_event_id`, `pool_type_id`, `time_standard_id`)
  VALUES (20153, 31, 696, 1, 1, '2015-02-26 23:51:16', '2015-02-26 23:51:16', 1, 0, '2000-01-01 09:02:00', 3069, 1, 2279);

INSERT INTO `meeting_programs` (`id`, `event_order`, `category_type_id`, `gender_type_id`, `user_id`, `created_at`, `updated_at`, `is_autofilled`, `is_out_of_race`, `begin_time`, `meeting_event_id`, `pool_type_id`, `time_standard_id`)
  VALUES (20154, 32, 697, 1, 1, '2015-02-26 23:51:16', '2015-02-26 23:51:16', 1, 0, '2000-01-01 09:04:00', 3069, 1, 2297);

INSERT INTO `meeting_programs` (`id`, `event_order`, `category_type_id`, `gender_type_id`, `user_id`, `created_at`, `updated_at`, `is_autofilled`, `is_out_of_race`, `begin_time`, `meeting_event_id`, `pool_type_id`, `time_standard_id`)
  VALUES (20155, 33, 698, 1, 1, '2015-02-26 23:51:16', '2015-02-26 23:51:16', 1, 0, '2000-01-01 09:06:00', 3069, 1, 2315);

INSERT INTO `meeting_programs` (`id`, `event_order`, `category_type_id`, `gender_type_id`, `user_id`, `created_at`, `updated_at`, `is_autofilled`, `is_out_of_race`, `begin_time`, `meeting_event_id`, `pool_type_id`, `time_standard_id`)
  VALUES (20156, 34, 699, 1, 1, '2015-02-26 23:51:16', '2015-02-26 23:51:16', 1, 0, '2000-01-01 09:08:00', 3069, 1, 2333);

INSERT INTO `meeting_programs` (`id`, `event_order`, `category_type_id`, `gender_type_id`, `user_id`, `created_at`, `updated_at`, `is_autofilled`, `is_out_of_race`, `begin_time`, `meeting_event_id`, `pool_type_id`, `time_standard_id`)
  VALUES (20157, 35, 700, 1, 1, '2015-02-26 23:51:16', '2015-02-26 23:51:16', 1, 0, '2000-01-01 09:10:00', 3069, 1, 2351);

INSERT INTO `meeting_programs` (`id`, `event_order`, `category_type_id`, `gender_type_id`, `user_id`, `created_at`, `updated_at`, `is_autofilled`, `is_out_of_race`, `begin_time`, `meeting_event_id`, `pool_type_id`, `time_standard_id`)
  VALUES (20158, 36, 703, 1, 1, '2015-02-26 23:51:16', '2015-02-26 23:51:16', 1, 0, '2000-01-01 09:12:00', 3069, 1, 2405);

INSERT INTO `meeting_events` (`id`, `created_at`, `updated_at`, `event_order`, `begin_time`, `is_out_of_race`, `is_autofilled`, `notes`, `meeting_session_id`, `event_type_id`, `heat_type_id`, `user_id`, `has_separate_gender_start_list`, `has_separate_category_start_list`)
  VALUES (3070, '2015-02-26 23:51:16', '2015-02-26 23:51:16', 4, '2000-01-01 09:14:00', 0, 1, NULL, 501, 3, 3, 1, 1, 0);

INSERT INTO `meeting_programs` (`id`, `event_order`, `category_type_id`, `gender_type_id`, `user_id`, `created_at`, `updated_at`, `is_autofilled`, `is_out_of_race`, `begin_time`, `meeting_event_id`, `pool_type_id`, `time_standard_id`)
  VALUES (20159, 37, 694, 2, 1, '2015-02-26 23:51:16', '2015-02-26 23:51:16', 1, 0, '2000-01-01 09:14:00', 3070, 1, 2758);

INSERT INTO `meeting_programs` (`id`, `event_order`, `category_type_id`, `gender_type_id`, `user_id`, `created_at`, `updated_at`, `is_autofilled`, `is_out_of_race`, `begin_time`, `meeting_event_id`, `pool_type_id`, `time_standard_id`)
  VALUES (20160, 38, 696, 2, 1, '2015-02-26 23:51:16', '2015-02-26 23:51:16', 1, 0, '2000-01-01 09:16:00', 3070, 1, 2794);

INSERT INTO `meeting_programs` (`id`, `event_order`, `category_type_id`, `gender_type_id`, `user_id`, `created_at`, `updated_at`, `is_autofilled`, `is_out_of_race`, `begin_time`, `meeting_event_id`, `pool_type_id`, `time_standard_id`)
  VALUES (20161, 39, 697, 2, 1, '2015-02-26 23:51:16', '2015-02-26 23:51:16', 1, 0, '2000-01-01 09:18:00', 3070, 1, 2812);

INSERT INTO `meeting_programs` (`id`, `event_order`, `category_type_id`, `gender_type_id`, `user_id`, `created_at`, `updated_at`, `is_autofilled`, `is_out_of_race`, `begin_time`, `meeting_event_id`, `pool_type_id`, `time_standard_id`)
  VALUES (20162, 40, 698, 2, 1, '2015-02-26 23:51:16', '2015-02-26 23:51:16', 1, 0, '2000-01-01 09:20:00', 3070, 1, 2830);

INSERT INTO `meeting_programs` (`id`, `event_order`, `category_type_id`, `gender_type_id`, `user_id`, `created_at`, `updated_at`, `is_autofilled`, `is_out_of_race`, `begin_time`, `meeting_event_id`, `pool_type_id`, `time_standard_id`)
  VALUES (20163, 41, 694, 1, 1, '2015-02-26 23:51:17', '2015-02-26 23:51:17', 1, 0, '2000-01-01 09:22:00', 3070, 1, 2234);

INSERT INTO `meeting_programs` (`id`, `event_order`, `category_type_id`, `gender_type_id`, `user_id`, `created_at`, `updated_at`, `is_autofilled`, `is_out_of_race`, `begin_time`, `meeting_event_id`, `pool_type_id`, `time_standard_id`)
  VALUES (20164, 42, 695, 1, 1, '2015-02-26 23:51:17', '2015-02-26 23:51:17', 1, 0, '2000-01-01 09:24:00', 3070, 1, 2252);

INSERT INTO `meeting_programs` (`id`, `event_order`, `category_type_id`, `gender_type_id`, `user_id`, `created_at`, `updated_at`, `is_autofilled`, `is_out_of_race`, `begin_time`, `meeting_event_id`, `pool_type_id`, `time_standard_id`)
  VALUES (20165, 43, 696, 1, 1, '2015-02-26 23:51:17', '2015-02-26 23:51:17', 1, 0, '2000-01-01 09:26:00', 3070, 1, 2270);

INSERT INTO `meeting_programs` (`id`, `event_order`, `category_type_id`, `gender_type_id`, `user_id`, `created_at`, `updated_at`, `is_autofilled`, `is_out_of_race`, `begin_time`, `meeting_event_id`, `pool_type_id`, `time_standard_id`)
  VALUES (20166, 44, 697, 1, 1, '2015-02-26 23:51:17', '2015-02-26 23:51:17', 1, 0, '2000-01-01 09:28:00', 3070, 1, 2288);

INSERT INTO `meeting_programs` (`id`, `event_order`, `category_type_id`, `gender_type_id`, `user_id`, `created_at`, `updated_at`, `is_autofilled`, `is_out_of_race`, `begin_time`, `meeting_event_id`, `pool_type_id`, `time_standard_id`)
  VALUES (20167, 45, 698, 1, 1, '2015-02-26 23:51:17', '2015-02-26 23:51:17', 1, 0, '2000-01-01 09:30:00', 3070, 1, 2306);

INSERT INTO `meeting_programs` (`id`, `event_order`, `category_type_id`, `gender_type_id`, `user_id`, `created_at`, `updated_at`, `is_autofilled`, `is_out_of_race`, `begin_time`, `meeting_event_id`, `pool_type_id`, `time_standard_id`)
  VALUES (20168, 46, 699, 1, 1, '2015-02-26 23:51:17', '2015-02-26 23:51:17', 1, 0, '2000-01-01 09:32:00', 3070, 1, 2324);

INSERT INTO `meeting_programs` (`id`, `event_order`, `category_type_id`, `gender_type_id`, `user_id`, `created_at`, `updated_at`, `is_autofilled`, `is_out_of_race`, `begin_time`, `meeting_event_id`, `pool_type_id`, `time_standard_id`)
  VALUES (20169, 47, 700, 1, 1, '2015-02-26 23:51:17', '2015-02-26 23:51:17', 1, 0, '2000-01-01 09:34:00', 3070, 1, 2342);

INSERT INTO `meeting_programs` (`id`, `event_order`, `category_type_id`, `gender_type_id`, `user_id`, `created_at`, `updated_at`, `is_autofilled`, `is_out_of_race`, `begin_time`, `meeting_event_id`, `pool_type_id`, `time_standard_id`)
  VALUES (20170, 48, 701, 1, 1, '2015-02-26 23:51:17', '2015-02-26 23:51:17', 1, 0, '2000-01-01 09:36:00', 3070, 1, 2360);

INSERT INTO `meeting_programs` (`id`, `event_order`, `category_type_id`, `gender_type_id`, `user_id`, `created_at`, `updated_at`, `is_autofilled`, `is_out_of_race`, `begin_time`, `meeting_event_id`, `pool_type_id`, `time_standard_id`)
  VALUES (20171, 49, 702, 1, 1, '2015-02-26 23:51:17', '2015-02-26 23:51:17', 1, 0, '2000-01-01 09:38:00', 3070, 1, 2378);

INSERT INTO `meeting_programs` (`id`, `event_order`, `category_type_id`, `gender_type_id`, `user_id`, `created_at`, `updated_at`, `is_autofilled`, `is_out_of_race`, `begin_time`, `meeting_event_id`, `pool_type_id`, `time_standard_id`)
  VALUES (20172, 50, 703, 1, 1, '2015-02-26 23:51:17', '2015-02-26 23:51:17', 1, 0, '2000-01-01 09:40:00', 3070, 1, 2396);

INSERT INTO `meeting_programs` (`id`, `event_order`, `category_type_id`, `gender_type_id`, `user_id`, `created_at`, `updated_at`, `is_autofilled`, `is_out_of_race`, `begin_time`, `meeting_event_id`, `pool_type_id`, `time_standard_id`)
  VALUES (20173, 51, 704, 1, 1, '2015-02-26 23:51:17', '2015-02-26 23:51:17', 1, 0, '2000-01-01 09:42:00', 3070, 1, 2414);

INSERT INTO `meeting_programs` (`id`, `event_order`, `category_type_id`, `gender_type_id`, `user_id`, `created_at`, `updated_at`, `is_autofilled`, `is_out_of_race`, `begin_time`, `meeting_event_id`, `pool_type_id`, `time_standard_id`)
  VALUES (20174, 52, 693, 1, 1, '2015-02-26 23:51:17', '2015-02-26 23:51:17', 1, 0, '2000-01-01 09:44:00', 3070, 1, NULL);

INSERT INTO `meeting_events` (`id`, `created_at`, `updated_at`, `event_order`, `begin_time`, `is_out_of_race`, `is_autofilled`, `notes`, `meeting_session_id`, `event_type_id`, `heat_type_id`, `user_id`, `has_separate_gender_start_list`, `has_separate_category_start_list`)
  VALUES (3071, '2015-02-26 23:51:17', '2015-02-26 23:51:17', 5, '2000-01-01 09:46:00', 0, 1, NULL, 501, 4, 3, 1, 1, 0);

INSERT INTO `meeting_programs` (`id`, `event_order`, `category_type_id`, `gender_type_id`, `user_id`, `created_at`, `updated_at`, `is_autofilled`, `is_out_of_race`, `begin_time`, `meeting_event_id`, `pool_type_id`, `time_standard_id`)
  VALUES (20175, 53, 694, 2, 1, '2015-02-26 23:51:18', '2015-02-26 23:51:18', 1, 0, '2000-01-01 09:46:00', 3071, 1, 2759);

INSERT INTO `meeting_programs` (`id`, `event_order`, `category_type_id`, `gender_type_id`, `user_id`, `created_at`, `updated_at`, `is_autofilled`, `is_out_of_race`, `begin_time`, `meeting_event_id`, `pool_type_id`, `time_standard_id`)
  VALUES (20176, 54, 695, 2, 1, '2015-02-26 23:51:18', '2015-02-26 23:51:18', 1, 0, '2000-01-01 09:48:00', 3071, 1, 2777);

INSERT INTO `meeting_programs` (`id`, `event_order`, `category_type_id`, `gender_type_id`, `user_id`, `created_at`, `updated_at`, `is_autofilled`, `is_out_of_race`, `begin_time`, `meeting_event_id`, `pool_type_id`, `time_standard_id`)
  VALUES (20177, 55, 696, 2, 1, '2015-02-26 23:51:18', '2015-02-26 23:51:18', 1, 0, '2000-01-01 09:50:00', 3071, 1, 2795);

INSERT INTO `meeting_programs` (`id`, `event_order`, `category_type_id`, `gender_type_id`, `user_id`, `created_at`, `updated_at`, `is_autofilled`, `is_out_of_race`, `begin_time`, `meeting_event_id`, `pool_type_id`, `time_standard_id`)
  VALUES (20178, 56, 697, 2, 1, '2015-02-26 23:51:18', '2015-02-26 23:51:18', 1, 0, '2000-01-01 09:52:00', 3071, 1, 2813);

INSERT INTO `meeting_programs` (`id`, `event_order`, `category_type_id`, `gender_type_id`, `user_id`, `created_at`, `updated_at`, `is_autofilled`, `is_out_of_race`, `begin_time`, `meeting_event_id`, `pool_type_id`, `time_standard_id`)
  VALUES (20179, 57, 698, 2, 1, '2015-02-26 23:51:18', '2015-02-26 23:51:18', 1, 0, '2000-01-01 09:54:00', 3071, 1, 2831);

INSERT INTO `meeting_programs` (`id`, `event_order`, `category_type_id`, `gender_type_id`, `user_id`, `created_at`, `updated_at`, `is_autofilled`, `is_out_of_race`, `begin_time`, `meeting_event_id`, `pool_type_id`, `time_standard_id`)
  VALUES (20180, 58, 693, 2, 1, '2015-02-26 23:51:18', '2015-02-26 23:51:18', 1, 0, '2000-01-01 09:56:00', 3071, 1, NULL);

INSERT INTO `meeting_programs` (`id`, `event_order`, `category_type_id`, `gender_type_id`, `user_id`, `created_at`, `updated_at`, `is_autofilled`, `is_out_of_race`, `begin_time`, `meeting_event_id`, `pool_type_id`, `time_standard_id`)
  VALUES (20181, 59, 694, 1, 1, '2015-02-26 23:51:18', '2015-02-26 23:51:18', 1, 0, '2000-01-01 09:58:00', 3071, 1, 2235);

INSERT INTO `meeting_programs` (`id`, `event_order`, `category_type_id`, `gender_type_id`, `user_id`, `created_at`, `updated_at`, `is_autofilled`, `is_out_of_race`, `begin_time`, `meeting_event_id`, `pool_type_id`, `time_standard_id`)
  VALUES (20182, 60, 695, 1, 1, '2015-02-26 23:51:18', '2015-02-26 23:51:18', 1, 0, '2000-01-01 10:00:00', 3071, 1, 2253);

INSERT INTO `meeting_programs` (`id`, `event_order`, `category_type_id`, `gender_type_id`, `user_id`, `created_at`, `updated_at`, `is_autofilled`, `is_out_of_race`, `begin_time`, `meeting_event_id`, `pool_type_id`, `time_standard_id`)
  VALUES (20183, 61, 696, 1, 1, '2015-02-26 23:51:18', '2015-02-26 23:51:18', 1, 0, '2000-01-01 10:02:00', 3071, 1, 2271);

INSERT INTO `meeting_programs` (`id`, `event_order`, `category_type_id`, `gender_type_id`, `user_id`, `created_at`, `updated_at`, `is_autofilled`, `is_out_of_race`, `begin_time`, `meeting_event_id`, `pool_type_id`, `time_standard_id`)
  VALUES (20184, 62, 697, 1, 1, '2015-02-26 23:51:18', '2015-02-26 23:51:18', 1, 0, '2000-01-01 10:04:00', 3071, 1, 2289);

INSERT INTO `meeting_programs` (`id`, `event_order`, `category_type_id`, `gender_type_id`, `user_id`, `created_at`, `updated_at`, `is_autofilled`, `is_out_of_race`, `begin_time`, `meeting_event_id`, `pool_type_id`, `time_standard_id`)
  VALUES (20185, 63, 698, 1, 1, '2015-02-26 23:51:18', '2015-02-26 23:51:18', 1, 0, '2000-01-01 10:06:00', 3071, 1, 2307);

INSERT INTO `meeting_programs` (`id`, `event_order`, `category_type_id`, `gender_type_id`, `user_id`, `created_at`, `updated_at`, `is_autofilled`, `is_out_of_race`, `begin_time`, `meeting_event_id`, `pool_type_id`, `time_standard_id`)
  VALUES (20186, 64, 699, 1, 1, '2015-02-26 23:51:18', '2015-02-26 23:51:18', 1, 0, '2000-01-01 10:08:00', 3071, 1, 2325);

INSERT INTO `meeting_programs` (`id`, `event_order`, `category_type_id`, `gender_type_id`, `user_id`, `created_at`, `updated_at`, `is_autofilled`, `is_out_of_race`, `begin_time`, `meeting_event_id`, `pool_type_id`, `time_standard_id`)
  VALUES (20187, 65, 700, 1, 1, '2015-02-26 23:51:18', '2015-02-26 23:51:18', 1, 0, '2000-01-01 10:10:00', 3071, 1, 2343);

INSERT INTO `meeting_programs` (`id`, `event_order`, `category_type_id`, `gender_type_id`, `user_id`, `created_at`, `updated_at`, `is_autofilled`, `is_out_of_race`, `begin_time`, `meeting_event_id`, `pool_type_id`, `time_standard_id`)
  VALUES (20188, 66, 702, 1, 1, '2015-02-26 23:51:19', '2015-02-26 23:51:19', 1, 0, '2000-01-01 10:12:00', 3071, 1, 2379);

INSERT INTO `meeting_programs` (`id`, `event_order`, `category_type_id`, `gender_type_id`, `user_id`, `created_at`, `updated_at`, `is_autofilled`, `is_out_of_race`, `begin_time`, `meeting_event_id`, `pool_type_id`, `time_standard_id`)
  VALUES (20189, 67, 706, 1, 1, '2015-02-26 23:51:19', '2015-02-26 23:51:19', 1, 0, '2000-01-01 10:14:00', 3071, 1, 2451);

INSERT INTO `meeting_programs` (`id`, `event_order`, `category_type_id`, `gender_type_id`, `user_id`, `created_at`, `updated_at`, `is_autofilled`, `is_out_of_race`, `begin_time`, `meeting_event_id`, `pool_type_id`, `time_standard_id`)
  VALUES (20190, 68, 693, 1, 1, '2015-02-26 23:51:19', '2015-02-26 23:51:19', 1, 0, '2000-01-01 10:16:00', 3071, 1, NULL);

INSERT INTO `meeting_events` (`id`, `created_at`, `updated_at`, `event_order`, `begin_time`, `is_out_of_race`, `is_autofilled`, `notes`, `meeting_session_id`, `event_type_id`, `heat_type_id`, `user_id`, `has_separate_gender_start_list`, `has_separate_category_start_list`)
  VALUES (3072, '2015-02-26 23:51:19', '2015-02-26 23:51:19', 6, '2000-01-01 10:18:00', 0, 1, NULL, 501, 15, 3, 1, 1, 0);

INSERT INTO `meeting_programs` (`id`, `event_order`, `category_type_id`, `gender_type_id`, `user_id`, `created_at`, `updated_at`, `is_autofilled`, `is_out_of_race`, `begin_time`, `meeting_event_id`, `pool_type_id`, `time_standard_id`)
  VALUES (20191, 69, 696, 2, 1, '2015-02-26 23:51:19', '2015-02-26 23:51:19', 1, 0, '2000-01-01 10:18:00', 3072, 1, 2799);

INSERT INTO `meeting_programs` (`id`, `event_order`, `category_type_id`, `gender_type_id`, `user_id`, `created_at`, `updated_at`, `is_autofilled`, `is_out_of_race`, `begin_time`, `meeting_event_id`, `pool_type_id`, `time_standard_id`)
  VALUES (20192, 70, 697, 2, 1, '2015-02-26 23:51:19', '2015-02-26 23:51:19', 1, 0, '2000-01-01 10:20:00', 3072, 1, 2817);

INSERT INTO `meeting_programs` (`id`, `event_order`, `category_type_id`, `gender_type_id`, `user_id`, `created_at`, `updated_at`, `is_autofilled`, `is_out_of_race`, `begin_time`, `meeting_event_id`, `pool_type_id`, `time_standard_id`)
  VALUES (20193, 71, 698, 2, 1, '2015-02-26 23:51:19', '2015-02-26 23:51:19', 1, 0, '2000-01-01 10:22:00', 3072, 1, 2835);

INSERT INTO `meeting_programs` (`id`, `event_order`, `category_type_id`, `gender_type_id`, `user_id`, `created_at`, `updated_at`, `is_autofilled`, `is_out_of_race`, `begin_time`, `meeting_event_id`, `pool_type_id`, `time_standard_id`)
  VALUES (20194, 72, 699, 2, 1, '2015-02-26 23:51:19', '2015-02-26 23:51:19', 1, 0, '2000-01-01 10:24:00', 3072, 1, 2853);

INSERT INTO `meeting_programs` (`id`, `event_order`, `category_type_id`, `gender_type_id`, `user_id`, `created_at`, `updated_at`, `is_autofilled`, `is_out_of_race`, `begin_time`, `meeting_event_id`, `pool_type_id`, `time_standard_id`)
  VALUES (20195, 73, 702, 2, 1, '2015-02-26 23:51:19', '2015-02-26 23:51:19', 1, 0, '2000-01-01 10:26:00', 3072, 1, 2907);

INSERT INTO `meeting_programs` (`id`, `event_order`, `category_type_id`, `gender_type_id`, `user_id`, `created_at`, `updated_at`, `is_autofilled`, `is_out_of_race`, `begin_time`, `meeting_event_id`, `pool_type_id`, `time_standard_id`)
  VALUES (20196, 74, 694, 1, 1, '2015-02-26 23:51:19', '2015-02-26 23:51:19', 1, 0, '2000-01-01 10:28:00', 3072, 1, 2239);

INSERT INTO `meeting_programs` (`id`, `event_order`, `category_type_id`, `gender_type_id`, `user_id`, `created_at`, `updated_at`, `is_autofilled`, `is_out_of_race`, `begin_time`, `meeting_event_id`, `pool_type_id`, `time_standard_id`)
  VALUES (20197, 75, 695, 1, 1, '2015-02-26 23:51:19', '2015-02-26 23:51:19', 1, 0, '2000-01-01 10:30:00', 3072, 1, 2257);

INSERT INTO `meeting_programs` (`id`, `event_order`, `category_type_id`, `gender_type_id`, `user_id`, `created_at`, `updated_at`, `is_autofilled`, `is_out_of_race`, `begin_time`, `meeting_event_id`, `pool_type_id`, `time_standard_id`)
  VALUES (20198, 76, 696, 1, 1, '2015-02-26 23:51:19', '2015-02-26 23:51:19', 1, 0, '2000-01-01 10:32:00', 3072, 1, 2275);

INSERT INTO `meeting_programs` (`id`, `event_order`, `category_type_id`, `gender_type_id`, `user_id`, `created_at`, `updated_at`, `is_autofilled`, `is_out_of_race`, `begin_time`, `meeting_event_id`, `pool_type_id`, `time_standard_id`)
  VALUES (20199, 77, 697, 1, 1, '2015-02-26 23:51:19', '2015-02-26 23:51:19', 1, 0, '2000-01-01 10:34:00', 3072, 1, 2293);

INSERT INTO `meeting_programs` (`id`, `event_order`, `category_type_id`, `gender_type_id`, `user_id`, `created_at`, `updated_at`, `is_autofilled`, `is_out_of_race`, `begin_time`, `meeting_event_id`, `pool_type_id`, `time_standard_id`)
  VALUES (20200, 78, 698, 1, 1, '2015-02-26 23:51:20', '2015-02-26 23:51:20', 1, 0, '2000-01-01 10:36:00', 3072, 1, 2311);

INSERT INTO `meeting_programs` (`id`, `event_order`, `category_type_id`, `gender_type_id`, `user_id`, `created_at`, `updated_at`, `is_autofilled`, `is_out_of_race`, `begin_time`, `meeting_event_id`, `pool_type_id`, `time_standard_id`)
  VALUES (20201, 79, 699, 1, 1, '2015-02-26 23:51:20', '2015-02-26 23:51:20', 1, 0, '2000-01-01 10:38:00', 3072, 1, 2329);

INSERT INTO `meeting_programs` (`id`, `event_order`, `category_type_id`, `gender_type_id`, `user_id`, `created_at`, `updated_at`, `is_autofilled`, `is_out_of_race`, `begin_time`, `meeting_event_id`, `pool_type_id`, `time_standard_id`)
  VALUES (20202, 80, 704, 1, 1, '2015-02-26 23:51:20', '2015-02-26 23:51:20', 1, 0, '2000-01-01 10:40:00', 3072, 1, 2419);

INSERT INTO `meeting_events` (`id`, `created_at`, `updated_at`, `event_order`, `begin_time`, `is_out_of_race`, `is_autofilled`, `notes`, `meeting_session_id`, `event_type_id`, `heat_type_id`, `user_id`, `has_separate_gender_start_list`, `has_separate_category_start_list`)
  VALUES (3073, '2015-02-26 23:51:20', '2015-02-26 23:51:20', 7, '2000-01-01 10:42:00', 0, 1, NULL, 501, 11, 3, 1, 1, 0);

INSERT INTO `meeting_programs` (`id`, `event_order`, `category_type_id`, `gender_type_id`, `user_id`, `created_at`, `updated_at`, `is_autofilled`, `is_out_of_race`, `begin_time`, `meeting_event_id`, `pool_type_id`, `time_standard_id`)
  VALUES (20203, 81, 694, 2, 1, '2015-02-26 23:51:20', '2015-02-26 23:51:20', 1, 0, '2000-01-01 10:42:00', 3073, 1, 2769);

INSERT INTO `meeting_programs` (`id`, `event_order`, `category_type_id`, `gender_type_id`, `user_id`, `created_at`, `updated_at`, `is_autofilled`, `is_out_of_race`, `begin_time`, `meeting_event_id`, `pool_type_id`, `time_standard_id`)
  VALUES (20204, 82, 695, 2, 1, '2015-02-26 23:51:20', '2015-02-26 23:51:20', 1, 0, '2000-01-01 10:44:00', 3073, 1, 2787);

INSERT INTO `meeting_programs` (`id`, `event_order`, `category_type_id`, `gender_type_id`, `user_id`, `created_at`, `updated_at`, `is_autofilled`, `is_out_of_race`, `begin_time`, `meeting_event_id`, `pool_type_id`, `time_standard_id`)
  VALUES (20205, 83, 696, 2, 1, '2015-02-26 23:51:20', '2015-02-26 23:51:20', 1, 0, '2000-01-01 10:46:00', 3073, 1, 2805);

INSERT INTO `meeting_programs` (`id`, `event_order`, `category_type_id`, `gender_type_id`, `user_id`, `created_at`, `updated_at`, `is_autofilled`, `is_out_of_race`, `begin_time`, `meeting_event_id`, `pool_type_id`, `time_standard_id`)
  VALUES (20206, 84, 697, 2, 1, '2015-02-26 23:51:20', '2015-02-26 23:51:20', 1, 0, '2000-01-01 10:48:00', 3073, 1, 2823);

INSERT INTO `meeting_programs` (`id`, `event_order`, `category_type_id`, `gender_type_id`, `user_id`, `created_at`, `updated_at`, `is_autofilled`, `is_out_of_race`, `begin_time`, `meeting_event_id`, `pool_type_id`, `time_standard_id`)
  VALUES (20207, 85, 698, 2, 1, '2015-02-26 23:51:20', '2015-02-26 23:51:20', 1, 0, '2000-01-01 10:50:00', 3073, 1, 2841);

INSERT INTO `meeting_programs` (`id`, `event_order`, `category_type_id`, `gender_type_id`, `user_id`, `created_at`, `updated_at`, `is_autofilled`, `is_out_of_race`, `begin_time`, `meeting_event_id`, `pool_type_id`, `time_standard_id`)
  VALUES (20208, 86, 694, 1, 1, '2015-02-26 23:51:20', '2015-02-26 23:51:20', 1, 0, '2000-01-01 10:52:00', 3073, 1, 2245);

INSERT INTO `meeting_programs` (`id`, `event_order`, `category_type_id`, `gender_type_id`, `user_id`, `created_at`, `updated_at`, `is_autofilled`, `is_out_of_race`, `begin_time`, `meeting_event_id`, `pool_type_id`, `time_standard_id`)
  VALUES (20209, 87, 695, 1, 1, '2015-02-26 23:51:20', '2015-02-26 23:51:20', 1, 0, '2000-01-01 10:54:00', 3073, 1, 2263);

INSERT INTO `meeting_programs` (`id`, `event_order`, `category_type_id`, `gender_type_id`, `user_id`, `created_at`, `updated_at`, `is_autofilled`, `is_out_of_race`, `begin_time`, `meeting_event_id`, `pool_type_id`, `time_standard_id`)
  VALUES (20210, 88, 696, 1, 1, '2015-02-26 23:51:20', '2015-02-26 23:51:20', 1, 0, '2000-01-01 10:56:00', 3073, 1, 2281);

INSERT INTO `meeting_programs` (`id`, `event_order`, `category_type_id`, `gender_type_id`, `user_id`, `created_at`, `updated_at`, `is_autofilled`, `is_out_of_race`, `begin_time`, `meeting_event_id`, `pool_type_id`, `time_standard_id`)
  VALUES (20211, 89, 697, 1, 1, '2015-02-26 23:51:20', '2015-02-26 23:51:20', 1, 0, '2000-01-01 10:58:00', 3073, 1, 2299);

INSERT INTO `meeting_programs` (`id`, `event_order`, `category_type_id`, `gender_type_id`, `user_id`, `created_at`, `updated_at`, `is_autofilled`, `is_out_of_race`, `begin_time`, `meeting_event_id`, `pool_type_id`, `time_standard_id`)
  VALUES (20212, 90, 698, 1, 1, '2015-02-26 23:51:21', '2015-02-26 23:51:21', 1, 0, '2000-01-01 11:00:00', 3073, 1, 2317);

INSERT INTO `meeting_programs` (`id`, `event_order`, `category_type_id`, `gender_type_id`, `user_id`, `created_at`, `updated_at`, `is_autofilled`, `is_out_of_race`, `begin_time`, `meeting_event_id`, `pool_type_id`, `time_standard_id`)
  VALUES (20213, 91, 699, 1, 1, '2015-02-26 23:51:21', '2015-02-26 23:51:21', 1, 0, '2000-01-01 11:02:00', 3073, 1, 2335);

INSERT INTO `meeting_programs` (`id`, `event_order`, `category_type_id`, `gender_type_id`, `user_id`, `created_at`, `updated_at`, `is_autofilled`, `is_out_of_race`, `begin_time`, `meeting_event_id`, `pool_type_id`, `time_standard_id`)
  VALUES (20214, 92, 700, 1, 1, '2015-02-26 23:51:21', '2015-02-26 23:51:21', 1, 0, '2000-01-01 11:04:00', 3073, 1, 2353);

INSERT INTO `meeting_programs` (`id`, `event_order`, `category_type_id`, `gender_type_id`, `user_id`, `created_at`, `updated_at`, `is_autofilled`, `is_out_of_race`, `begin_time`, `meeting_event_id`, `pool_type_id`, `time_standard_id`)
  VALUES (20215, 93, 701, 1, 1, '2015-02-26 23:51:21', '2015-02-26 23:51:21', 1, 0, '2000-01-01 11:06:00', 3073, 1, 2371);

INSERT INTO `meeting_programs` (`id`, `event_order`, `category_type_id`, `gender_type_id`, `user_id`, `created_at`, `updated_at`, `is_autofilled`, `is_out_of_race`, `begin_time`, `meeting_event_id`, `pool_type_id`, `time_standard_id`)
  VALUES (20216, 94, 693, 1, 1, '2015-02-26 23:51:21', '2015-02-26 23:51:21', 1, 0, '2000-01-01 11:08:00', 3073, 1, NULL);

INSERT INTO `meeting_events` (`id`, `created_at`, `updated_at`, `event_order`, `begin_time`, `is_out_of_race`, `is_autofilled`, `notes`, `meeting_session_id`, `event_type_id`, `heat_type_id`, `user_id`, `has_separate_gender_start_list`, `has_separate_category_start_list`)
  VALUES (3074, '2015-02-26 23:51:21', '2015-02-26 23:51:21', 8, '2000-01-01 11:10:00', 0, 1, NULL, 501, 19, 3, 1, 1, 0);

INSERT INTO `meeting_programs` (`id`, `event_order`, `category_type_id`, `gender_type_id`, `user_id`, `created_at`, `updated_at`, `is_autofilled`, `is_out_of_race`, `begin_time`, `meeting_event_id`, `pool_type_id`, `time_standard_id`)
  VALUES (20217, 95, 694, 2, 1, '2015-02-26 23:51:21', '2015-02-26 23:51:21', 1, 0, '2000-01-01 11:10:00', 3074, 1, 2766);

INSERT INTO `meeting_programs` (`id`, `event_order`, `category_type_id`, `gender_type_id`, `user_id`, `created_at`, `updated_at`, `is_autofilled`, `is_out_of_race`, `begin_time`, `meeting_event_id`, `pool_type_id`, `time_standard_id`)
  VALUES (20218, 96, 695, 2, 1, '2015-02-26 23:51:21', '2015-02-26 23:51:21', 1, 0, '2000-01-01 11:12:00', 3074, 1, 2784);

INSERT INTO `meeting_programs` (`id`, `event_order`, `category_type_id`, `gender_type_id`, `user_id`, `created_at`, `updated_at`, `is_autofilled`, `is_out_of_race`, `begin_time`, `meeting_event_id`, `pool_type_id`, `time_standard_id`)
  VALUES (20219, 97, 696, 2, 1, '2015-02-26 23:51:21', '2015-02-26 23:51:21', 1, 0, '2000-01-01 11:14:00', 3074, 1, 2802);

INSERT INTO `meeting_programs` (`id`, `event_order`, `category_type_id`, `gender_type_id`, `user_id`, `created_at`, `updated_at`, `is_autofilled`, `is_out_of_race`, `begin_time`, `meeting_event_id`, `pool_type_id`, `time_standard_id`)
  VALUES (20220, 98, 697, 2, 1, '2015-02-26 23:51:21', '2015-02-26 23:51:21', 1, 0, '2000-01-01 11:16:00', 3074, 1, 2820);

INSERT INTO `meeting_programs` (`id`, `event_order`, `category_type_id`, `gender_type_id`, `user_id`, `created_at`, `updated_at`, `is_autofilled`, `is_out_of_race`, `begin_time`, `meeting_event_id`, `pool_type_id`, `time_standard_id`)
  VALUES (20221, 99, 698, 2, 1, '2015-02-26 23:51:21', '2015-02-26 23:51:21', 1, 0, '2000-01-01 11:18:00', 3074, 1, 2838);

INSERT INTO `meeting_programs` (`id`, `event_order`, `category_type_id`, `gender_type_id`, `user_id`, `created_at`, `updated_at`, `is_autofilled`, `is_out_of_race`, `begin_time`, `meeting_event_id`, `pool_type_id`, `time_standard_id`)
  VALUES (20222, 100, 693, 2, 1, '2015-02-26 23:51:21', '2015-02-26 23:51:21', 1, 0, '2000-01-01 11:20:00', 3074, 1, NULL);

INSERT INTO `meeting_programs` (`id`, `event_order`, `category_type_id`, `gender_type_id`, `user_id`, `created_at`, `updated_at`, `is_autofilled`, `is_out_of_race`, `begin_time`, `meeting_event_id`, `pool_type_id`, `time_standard_id`)
  VALUES (20223, 101, 694, 1, 1, '2015-02-26 23:51:21', '2015-02-26 23:51:21', 1, 0, '2000-01-01 11:22:00', 3074, 1, 2242);

INSERT INTO `meeting_programs` (`id`, `event_order`, `category_type_id`, `gender_type_id`, `user_id`, `created_at`, `updated_at`, `is_autofilled`, `is_out_of_race`, `begin_time`, `meeting_event_id`, `pool_type_id`, `time_standard_id`)
  VALUES (20224, 102, 695, 1, 1, '2015-02-26 23:51:22', '2015-02-26 23:51:22', 1, 0, '2000-01-01 11:24:00', 3074, 1, 2260);

INSERT INTO `meeting_programs` (`id`, `event_order`, `category_type_id`, `gender_type_id`, `user_id`, `created_at`, `updated_at`, `is_autofilled`, `is_out_of_race`, `begin_time`, `meeting_event_id`, `pool_type_id`, `time_standard_id`)
  VALUES (20225, 103, 696, 1, 1, '2015-02-26 23:51:22', '2015-02-26 23:51:22', 1, 0, '2000-01-01 11:26:00', 3074, 1, 2278);

INSERT INTO `meeting_programs` (`id`, `event_order`, `category_type_id`, `gender_type_id`, `user_id`, `created_at`, `updated_at`, `is_autofilled`, `is_out_of_race`, `begin_time`, `meeting_event_id`, `pool_type_id`, `time_standard_id`)
  VALUES (20226, 104, 697, 1, 1, '2015-02-26 23:51:22', '2015-02-26 23:51:22', 1, 0, '2000-01-01 11:28:00', 3074, 1, 2296);

INSERT INTO `meeting_programs` (`id`, `event_order`, `category_type_id`, `gender_type_id`, `user_id`, `created_at`, `updated_at`, `is_autofilled`, `is_out_of_race`, `begin_time`, `meeting_event_id`, `pool_type_id`, `time_standard_id`)
  VALUES (20227, 105, 698, 1, 1, '2015-02-26 23:51:22', '2015-02-26 23:51:22', 1, 0, '2000-01-01 11:30:00', 3074, 1, 2314);

INSERT INTO `meeting_programs` (`id`, `event_order`, `category_type_id`, `gender_type_id`, `user_id`, `created_at`, `updated_at`, `is_autofilled`, `is_out_of_race`, `begin_time`, `meeting_event_id`, `pool_type_id`, `time_standard_id`)
  VALUES (20228, 106, 699, 1, 1, '2015-02-26 23:51:22', '2015-02-26 23:51:22', 1, 0, '2000-01-01 11:32:00', 3074, 1, 2332);

INSERT INTO `meeting_programs` (`id`, `event_order`, `category_type_id`, `gender_type_id`, `user_id`, `created_at`, `updated_at`, `is_autofilled`, `is_out_of_race`, `begin_time`, `meeting_event_id`, `pool_type_id`, `time_standard_id`)
  VALUES (20229, 107, 700, 1, 1, '2015-02-26 23:51:22', '2015-02-26 23:51:22', 1, 0, '2000-01-01 11:34:00', 3074, 1, 2350);

INSERT INTO `meeting_programs` (`id`, `event_order`, `category_type_id`, `gender_type_id`, `user_id`, `created_at`, `updated_at`, `is_autofilled`, `is_out_of_race`, `begin_time`, `meeting_event_id`, `pool_type_id`, `time_standard_id`)
  VALUES (20230, 108, 702, 1, 1, '2015-02-26 23:51:22', '2015-02-26 23:51:22', 1, 0, '2000-01-01 11:36:00', 3074, 1, 2386);

INSERT INTO `meeting_programs` (`id`, `event_order`, `category_type_id`, `gender_type_id`, `user_id`, `created_at`, `updated_at`, `is_autofilled`, `is_out_of_race`, `begin_time`, `meeting_event_id`, `pool_type_id`, `time_standard_id`)
  VALUES (20231, 109, 704, 1, 1, '2015-02-26 23:51:22', '2015-02-26 23:51:22', 1, 0, '2000-01-01 11:38:00', 3074, 1, 2422);

INSERT INTO `meeting_events` (`id`, `created_at`, `updated_at`, `event_order`, `begin_time`, `is_out_of_race`, `is_autofilled`, `notes`, `meeting_session_id`, `event_type_id`, `heat_type_id`, `user_id`, `has_separate_gender_start_list`, `has_separate_category_start_list`)
  VALUES (3075, '2015-02-26 23:51:22', '2015-02-26 23:51:22', 9, '2000-01-01 11:40:00', 0, 1, NULL, 501, 2, 3, 1, 1, 0);

INSERT INTO `meeting_programs` (`id`, `event_order`, `category_type_id`, `gender_type_id`, `user_id`, `created_at`, `updated_at`, `is_autofilled`, `is_out_of_race`, `begin_time`, `meeting_event_id`, `pool_type_id`, `time_standard_id`)
  VALUES (20232, 110, 694, 2, 1, '2015-02-26 23:51:22', '2015-02-26 23:51:22', 1, 0, '2000-01-01 11:40:00', 3075, 1, 2757);

INSERT INTO `meeting_programs` (`id`, `event_order`, `category_type_id`, `gender_type_id`, `user_id`, `created_at`, `updated_at`, `is_autofilled`, `is_out_of_race`, `begin_time`, `meeting_event_id`, `pool_type_id`, `time_standard_id`)
  VALUES (20233, 111, 695, 2, 1, '2015-02-26 23:51:22', '2015-02-26 23:51:22', 1, 0, '2000-01-01 11:42:00', 3075, 1, 2775);

INSERT INTO `meeting_programs` (`id`, `event_order`, `category_type_id`, `gender_type_id`, `user_id`, `created_at`, `updated_at`, `is_autofilled`, `is_out_of_race`, `begin_time`, `meeting_event_id`, `pool_type_id`, `time_standard_id`)
  VALUES (20234, 112, 696, 2, 1, '2015-02-26 23:51:22', '2015-02-26 23:51:22', 1, 0, '2000-01-01 11:44:00', 3075, 1, 2793);

INSERT INTO `meeting_programs` (`id`, `event_order`, `category_type_id`, `gender_type_id`, `user_id`, `created_at`, `updated_at`, `is_autofilled`, `is_out_of_race`, `begin_time`, `meeting_event_id`, `pool_type_id`, `time_standard_id`)
  VALUES (20235, 113, 697, 2, 1, '2015-02-26 23:51:22', '2015-02-26 23:51:22', 1, 0, '2000-01-01 11:46:00', 3075, 1, 2811);

INSERT INTO `meeting_programs` (`id`, `event_order`, `category_type_id`, `gender_type_id`, `user_id`, `created_at`, `updated_at`, `is_autofilled`, `is_out_of_race`, `begin_time`, `meeting_event_id`, `pool_type_id`, `time_standard_id`)
  VALUES (20236, 114, 698, 2, 1, '2015-02-26 23:51:23', '2015-02-26 23:51:23', 1, 0, '2000-01-01 11:48:00', 3075, 1, 2829);

INSERT INTO `meeting_programs` (`id`, `event_order`, `category_type_id`, `gender_type_id`, `user_id`, `created_at`, `updated_at`, `is_autofilled`, `is_out_of_race`, `begin_time`, `meeting_event_id`, `pool_type_id`, `time_standard_id`)
  VALUES (20237, 115, 700, 2, 1, '2015-02-26 23:51:23', '2015-02-26 23:51:23', 1, 0, '2000-01-01 11:50:00', 3075, 1, 2865);

INSERT INTO `meeting_programs` (`id`, `event_order`, `category_type_id`, `gender_type_id`, `user_id`, `created_at`, `updated_at`, `is_autofilled`, `is_out_of_race`, `begin_time`, `meeting_event_id`, `pool_type_id`, `time_standard_id`)
  VALUES (20238, 116, 694, 1, 1, '2015-02-26 23:51:23', '2015-02-26 23:51:23', 1, 0, '2000-01-01 11:52:00', 3075, 1, 2233);

INSERT INTO `meeting_programs` (`id`, `event_order`, `category_type_id`, `gender_type_id`, `user_id`, `created_at`, `updated_at`, `is_autofilled`, `is_out_of_race`, `begin_time`, `meeting_event_id`, `pool_type_id`, `time_standard_id`)
  VALUES (20239, 117, 695, 1, 1, '2015-02-26 23:51:23', '2015-02-26 23:51:23', 1, 0, '2000-01-01 11:54:00', 3075, 1, 2251);

INSERT INTO `meeting_programs` (`id`, `event_order`, `category_type_id`, `gender_type_id`, `user_id`, `created_at`, `updated_at`, `is_autofilled`, `is_out_of_race`, `begin_time`, `meeting_event_id`, `pool_type_id`, `time_standard_id`)
  VALUES (20240, 118, 696, 1, 1, '2015-02-26 23:51:23', '2015-02-26 23:51:23', 1, 0, '2000-01-01 11:56:00', 3075, 1, 2269);

INSERT INTO `meeting_programs` (`id`, `event_order`, `category_type_id`, `gender_type_id`, `user_id`, `created_at`, `updated_at`, `is_autofilled`, `is_out_of_race`, `begin_time`, `meeting_event_id`, `pool_type_id`, `time_standard_id`)
  VALUES (20241, 119, 697, 1, 1, '2015-02-26 23:51:23', '2015-02-26 23:51:23', 1, 0, '2000-01-01 11:58:00', 3075, 1, 2287);

INSERT INTO `meeting_programs` (`id`, `event_order`, `category_type_id`, `gender_type_id`, `user_id`, `created_at`, `updated_at`, `is_autofilled`, `is_out_of_race`, `begin_time`, `meeting_event_id`, `pool_type_id`, `time_standard_id`)
  VALUES (20242, 120, 698, 1, 1, '2015-02-26 23:51:23', '2015-02-26 23:51:23', 1, 0, '2000-01-01 12:00:00', 3075, 1, 2305);

INSERT INTO `meeting_programs` (`id`, `event_order`, `category_type_id`, `gender_type_id`, `user_id`, `created_at`, `updated_at`, `is_autofilled`, `is_out_of_race`, `begin_time`, `meeting_event_id`, `pool_type_id`, `time_standard_id`)
  VALUES (20243, 121, 699, 1, 1, '2015-02-26 23:51:23', '2015-02-26 23:51:23', 1, 0, '2000-01-01 12:02:00', 3075, 1, 2323);

INSERT INTO `meeting_programs` (`id`, `event_order`, `category_type_id`, `gender_type_id`, `user_id`, `created_at`, `updated_at`, `is_autofilled`, `is_out_of_race`, `begin_time`, `meeting_event_id`, `pool_type_id`, `time_standard_id`)
  VALUES (20244, 122, 700, 1, 1, '2015-02-26 23:51:23', '2015-02-26 23:51:23', 1, 0, '2000-01-01 12:04:00', 3075, 1, 2341);

INSERT INTO `meeting_programs` (`id`, `event_order`, `category_type_id`, `gender_type_id`, `user_id`, `created_at`, `updated_at`, `is_autofilled`, `is_out_of_race`, `begin_time`, `meeting_event_id`, `pool_type_id`, `time_standard_id`)
  VALUES (20245, 123, 701, 1, 1, '2015-02-26 23:51:23', '2015-02-26 23:51:23', 1, 0, '2000-01-01 12:06:00', 3075, 1, 2359);

INSERT INTO `meeting_programs` (`id`, `event_order`, `category_type_id`, `gender_type_id`, `user_id`, `created_at`, `updated_at`, `is_autofilled`, `is_out_of_race`, `begin_time`, `meeting_event_id`, `pool_type_id`, `time_standard_id`)
  VALUES (20246, 124, 702, 1, 1, '2015-02-26 23:51:23', '2015-02-26 23:51:23', 1, 0, '2000-01-01 12:08:00', 3075, 1, 2377);

INSERT INTO `meeting_programs` (`id`, `event_order`, `category_type_id`, `gender_type_id`, `user_id`, `created_at`, `updated_at`, `is_autofilled`, `is_out_of_race`, `begin_time`, `meeting_event_id`, `pool_type_id`, `time_standard_id`)
  VALUES (20247, 125, 704, 1, 1, '2015-02-26 23:51:23', '2015-02-26 23:51:23', 1, 0, '2000-01-01 12:10:00', 3075, 1, 2413);

INSERT INTO `meeting_programs` (`id`, `event_order`, `category_type_id`, `gender_type_id`, `user_id`, `created_at`, `updated_at`, `is_autofilled`, `is_out_of_race`, `begin_time`, `meeting_event_id`, `pool_type_id`, `time_standard_id`)
  VALUES (20248, 126, 693, 1, 1, '2015-02-26 23:51:23', '2015-02-26 23:51:23', 1, 0, '2000-01-01 12:12:00', 3075, 1, NULL);

INSERT INTO `meeting_events` (`id`, `created_at`, `updated_at`, `event_order`, `begin_time`, `is_out_of_race`, `is_autofilled`, `notes`, `meeting_session_id`, `event_type_id`, `heat_type_id`, `user_id`, `has_separate_gender_start_list`, `has_separate_category_start_list`)
  VALUES (3076, '2015-02-26 23:51:24', '2015-02-26 23:51:24', 10, '2000-01-01 12:14:00', 0, 1, NULL, 501, 6, 3, 1, 1, 0);

INSERT INTO `meeting_programs` (`id`, `event_order`, `category_type_id`, `gender_type_id`, `user_id`, `created_at`, `updated_at`, `is_autofilled`, `is_out_of_race`, `begin_time`, `meeting_event_id`, `pool_type_id`, `time_standard_id`)
  VALUES (20249, 127, 694, 2, 1, '2015-02-26 23:51:24', '2015-02-26 23:51:24', 1, 0, '2000-01-01 12:14:00', 3076, 1, 2761);

INSERT INTO `meeting_programs` (`id`, `event_order`, `category_type_id`, `gender_type_id`, `user_id`, `created_at`, `updated_at`, `is_autofilled`, `is_out_of_race`, `begin_time`, `meeting_event_id`, `pool_type_id`, `time_standard_id`)
  VALUES (20250, 128, 696, 2, 1, '2015-02-26 23:51:24', '2015-02-26 23:51:24', 1, 0, '2000-01-01 12:16:00', 3076, 1, 2797);

INSERT INTO `meeting_programs` (`id`, `event_order`, `category_type_id`, `gender_type_id`, `user_id`, `created_at`, `updated_at`, `is_autofilled`, `is_out_of_race`, `begin_time`, `meeting_event_id`, `pool_type_id`, `time_standard_id`)
  VALUES (20251, 129, 697, 2, 1, '2015-02-26 23:51:24', '2015-02-26 23:51:24', 1, 0, '2000-01-01 12:18:00', 3076, 1, 2815);

INSERT INTO `meeting_programs` (`id`, `event_order`, `category_type_id`, `gender_type_id`, `user_id`, `created_at`, `updated_at`, `is_autofilled`, `is_out_of_race`, `begin_time`, `meeting_event_id`, `pool_type_id`, `time_standard_id`)
  VALUES (20252, 130, 698, 2, 1, '2015-02-26 23:51:24', '2015-02-26 23:51:24', 1, 0, '2000-01-01 12:20:00', 3076, 1, 2833);

INSERT INTO `meeting_programs` (`id`, `event_order`, `category_type_id`, `gender_type_id`, `user_id`, `created_at`, `updated_at`, `is_autofilled`, `is_out_of_race`, `begin_time`, `meeting_event_id`, `pool_type_id`, `time_standard_id`)
  VALUES (20253, 131, 699, 2, 1, '2015-02-26 23:51:24', '2015-02-26 23:51:24', 1, 0, '2000-01-01 12:22:00', 3076, 1, 2851);

INSERT INTO `meeting_programs` (`id`, `event_order`, `category_type_id`, `gender_type_id`, `user_id`, `created_at`, `updated_at`, `is_autofilled`, `is_out_of_race`, `begin_time`, `meeting_event_id`, `pool_type_id`, `time_standard_id`)
  VALUES (20254, 132, 694, 1, 1, '2015-02-26 23:51:24', '2015-02-26 23:51:24', 1, 0, '2000-01-01 12:24:00', 3076, 1, 2237);

INSERT INTO `meeting_programs` (`id`, `event_order`, `category_type_id`, `gender_type_id`, `user_id`, `created_at`, `updated_at`, `is_autofilled`, `is_out_of_race`, `begin_time`, `meeting_event_id`, `pool_type_id`, `time_standard_id`)
  VALUES (20255, 133, 695, 1, 1, '2015-02-26 23:51:24', '2015-02-26 23:51:24', 1, 0, '2000-01-01 12:26:00', 3076, 1, 2255);

INSERT INTO `meeting_programs` (`id`, `event_order`, `category_type_id`, `gender_type_id`, `user_id`, `created_at`, `updated_at`, `is_autofilled`, `is_out_of_race`, `begin_time`, `meeting_event_id`, `pool_type_id`, `time_standard_id`)
  VALUES (20256, 134, 696, 1, 1, '2015-02-26 23:51:24', '2015-02-26 23:51:24', 1, 0, '2000-01-01 12:28:00', 3076, 1, 2273);

INSERT INTO `meeting_programs` (`id`, `event_order`, `category_type_id`, `gender_type_id`, `user_id`, `created_at`, `updated_at`, `is_autofilled`, `is_out_of_race`, `begin_time`, `meeting_event_id`, `pool_type_id`, `time_standard_id`)
  VALUES (20257, 135, 697, 1, 1, '2015-02-26 23:51:24', '2015-02-26 23:51:24', 1, 0, '2000-01-01 12:30:00', 3076, 1, 2291);

INSERT INTO `meeting_programs` (`id`, `event_order`, `category_type_id`, `gender_type_id`, `user_id`, `created_at`, `updated_at`, `is_autofilled`, `is_out_of_race`, `begin_time`, `meeting_event_id`, `pool_type_id`, `time_standard_id`)
  VALUES (20258, 136, 698, 1, 1, '2015-02-26 23:51:24', '2015-02-26 23:51:24', 1, 0, '2000-01-01 12:32:00', 3076, 1, 2309);

INSERT INTO `meeting_programs` (`id`, `event_order`, `category_type_id`, `gender_type_id`, `user_id`, `created_at`, `updated_at`, `is_autofilled`, `is_out_of_race`, `begin_time`, `meeting_event_id`, `pool_type_id`, `time_standard_id`)
  VALUES (20259, 137, 699, 1, 1, '2015-02-26 23:51:24', '2015-02-26 23:51:24', 1, 0, '2000-01-01 12:34:00', 3076, 1, 2327);

INSERT INTO `meeting_programs` (`id`, `event_order`, `category_type_id`, `gender_type_id`, `user_id`, `created_at`, `updated_at`, `is_autofilled`, `is_out_of_race`, `begin_time`, `meeting_event_id`, `pool_type_id`, `time_standard_id`)
  VALUES (20260, 138, 700, 1, 1, '2015-02-26 23:51:24', '2015-02-26 23:51:24', 1, 0, '2000-01-01 12:36:00', 3076, 1, 2345);

INSERT INTO `meeting_programs` (`id`, `event_order`, `category_type_id`, `gender_type_id`, `user_id`, `created_at`, `updated_at`, `is_autofilled`, `is_out_of_race`, `begin_time`, `meeting_event_id`, `pool_type_id`, `time_standard_id`)
  VALUES (20261, 139, 706, 1, 1, '2015-02-26 23:51:25', '2015-02-26 23:51:25', 1, 0, '2000-01-01 12:38:00', 3076, 1, 2453);

INSERT INTO `meeting_programs` (`id`, `event_order`, `category_type_id`, `gender_type_id`, `user_id`, `created_at`, `updated_at`, `is_autofilled`, `is_out_of_race`, `begin_time`, `meeting_event_id`, `pool_type_id`, `time_standard_id`)
  VALUES (20262, 140, 693, 1, 1, '2015-02-26 23:51:25', '2015-02-26 23:51:25', 1, 0, '2000-01-01 12:40:00', 3076, 1, NULL);

INSERT INTO `meeting_events` (`id`, `created_at`, `updated_at`, `event_order`, `begin_time`, `is_out_of_race`, `is_autofilled`, `notes`, `meeting_session_id`, `event_type_id`, `heat_type_id`, `user_id`, `has_separate_gender_start_list`, `has_separate_category_start_list`)
  VALUES (3077, '2015-02-26 23:51:25', '2015-02-26 23:51:25', 11, '2000-01-01 12:40:30', 0, 1, NULL, 501, 25, 3, 1, 1, 0);

INSERT INTO `meeting_programs` (`id`, `event_order`, `category_type_id`, `gender_type_id`, `user_id`, `created_at`, `updated_at`, `is_autofilled`, `is_out_of_race`, `begin_time`, `meeting_event_id`, `pool_type_id`, `time_standard_id`)
  VALUES (20263, 1, 711, 2, 1, '2015-02-26 23:51:25', '2015-02-26 23:51:25', 1, 0, '2000-01-01 12:40:30', 3077, 1, 4302);

INSERT INTO `meeting_programs` (`id`, `event_order`, `category_type_id`, `gender_type_id`, `user_id`, `created_at`, `updated_at`, `is_autofilled`, `is_out_of_race`, `begin_time`, `meeting_event_id`, `pool_type_id`, `time_standard_id`)
  VALUES (20264, 2, 712, 2, 1, '2015-02-26 23:51:25', '2015-02-26 23:51:25', 1, 0, '2000-01-01 12:40:30', 3077, 1, 4311);

INSERT INTO `meeting_programs` (`id`, `event_order`, `category_type_id`, `gender_type_id`, `user_id`, `created_at`, `updated_at`, `is_autofilled`, `is_out_of_race`, `begin_time`, `meeting_event_id`, `pool_type_id`, `time_standard_id`)
  VALUES (20265, 3, 711, 1, 1, '2015-02-26 23:51:25', '2015-02-26 23:51:25', 1, 0, '2000-01-01 12:40:00', 3077, 1, 4304);

INSERT INTO `meeting_programs` (`id`, `event_order`, `category_type_id`, `gender_type_id`, `user_id`, `created_at`, `updated_at`, `is_autofilled`, `is_out_of_race`, `begin_time`, `meeting_event_id`, `pool_type_id`, `time_standard_id`)
  VALUES (20266, 4, 712, 1, 1, '2015-02-26 23:51:25', '2015-02-26 23:51:25', 1, 0, '2000-01-01 12:40:30', 3077, 1, 4305);

INSERT INTO `teams` (`id`, `name`, `editable_name`, `address`, `zip`, `phone_mobile`, `phone_number`, `fax_number`, `e_mail`, `contact_name`, `notes`, `name_variations`, `city_id`, `user_id`, `created_at`, `updated_at`, `home_page_url`)
  VALUES (703, 'ASTERMOLI NUOTO', 'ASTERMOLI NUOTO', NULL, NULL, NULL, NULL, NULL, NULL, NULL, NULL, 'ASTERMOLI NUOTO', NULL, 1, '2015-02-26 23:51:25', '2015-02-26 23:51:25', NULL);

INSERT INTO `team_affiliations` (`id`, `number`, `name`, `must_calculate_goggle_cup`, `team_id`, `season_id`, `user_id`, `created_at`, `updated_at`, `is_autofilled`)
  VALUES (923, NULL, 'ASTERMOLI NUOTO', 0, 703, 132, 1, '2015-02-26 23:51:25', '2015-02-26 23:51:25', 1);

INSERT INTO `teams` (`id`, `name`, `editable_name`, `address`, `zip`, `phone_mobile`, `phone_number`, `fax_number`, `e_mail`, `contact_name`, `notes`, `name_variations`, `city_id`, `user_id`, `created_at`, `updated_at`, `home_page_url`)
  VALUES (704, 'NUOTO MEDITERRANEO', 'NUOTO MEDITERRANEO', NULL, NULL, NULL, NULL, NULL, NULL, NULL, NULL, 'NUOTO MEDITERRANEO', NULL, 1, '2015-02-26 23:51:25', '2015-02-26 23:51:25', NULL);

INSERT INTO `team_affiliations` (`id`, `number`, `name`, `must_calculate_goggle_cup`, `team_id`, `season_id`, `user_id`, `created_at`, `updated_at`, `is_autofilled`)
  VALUES (924, NULL, 'NUOTO MEDITERRANEO', 0, 704, 132, 1, '2015-02-26 23:51:25', '2015-02-26 23:51:25', 1);

INSERT INTO `swimmers` (`id`, `last_name`, `first_name`, `year_of_birth`, `phone_mobile`, `phone_number`, `e_mail`, `nickname`, `associated_user_id`, `gender_type_id`, `user_id`, `created_at`, `updated_at`, `complete_name`, `is_year_guessed`)
  VALUES (17138, 'AIZZI', 'IVAN', 1970, NULL, NULL, NULL, '', NULL, 1, 1, '2015-02-26 23:51:25', '2015-02-26 23:51:25', 'AIZZI IVAN', 0);

INSERT INTO `swimmers` (`id`, `last_name`, `first_name`, `year_of_birth`, `phone_mobile`, `phone_number`, `e_mail`, `nickname`, `associated_user_id`, `gender_type_id`, `user_id`, `created_at`, `updated_at`, `complete_name`, `is_year_guessed`)
  VALUES (17139, 'ALFONSO', 'GIANCARLO', 1976, NULL, NULL, NULL, '', NULL, 1, 1, '2015-02-26 23:51:25', '2015-02-26 23:51:25', 'ALFONSO GIANCARLO', 0);

INSERT INTO `swimmers` (`id`, `last_name`, `first_name`, `year_of_birth`, `phone_mobile`, `phone_number`, `e_mail`, `nickname`, `associated_user_id`, `gender_type_id`, `user_id`, `created_at`, `updated_at`, `complete_name`, `is_year_guessed`)
  VALUES (17140, 'AMODEI', 'GIORGIA', 1989, NULL, NULL, NULL, '', NULL, 2, 1, '2015-02-26 23:51:25', '2015-02-26 23:51:25', 'AMODEI GIORGIA', 0);

INSERT INTO `swimmers` (`id`, `last_name`, `first_name`, `year_of_birth`, `phone_mobile`, `phone_number`, `e_mail`, `nickname`, `associated_user_id`, `gender_type_id`, `user_id`, `created_at`, `updated_at`, `complete_name`, `is_year_guessed`)
  VALUES (17141, 'BOZZA', 'PAOLO', 1963, NULL, NULL, NULL, '', NULL, 1, 1, '2015-02-26 23:51:25', '2015-02-26 23:51:25', 'BOZZA PAOLO', 0);

INSERT INTO `swimmers` (`id`, `last_name`, `first_name`, `year_of_birth`, `phone_mobile`, `phone_number`, `e_mail`, `nickname`, `associated_user_id`, `gender_type_id`, `user_id`, `created_at`, `updated_at`, `complete_name`, `is_year_guessed`)
  VALUES (17142, 'CARRINO', 'ANNA MARIA', 1963, NULL, NULL, NULL, '', NULL, 2, 1, '2015-02-26 23:51:25', '2015-02-26 23:51:25', 'CARRINO ANNA MARIA', 0);

INSERT INTO `swimmers` (`id`, `last_name`, `first_name`, `year_of_birth`, `phone_mobile`, `phone_number`, `e_mail`, `nickname`, `associated_user_id`, `gender_type_id`, `user_id`, `created_at`, `updated_at`, `complete_name`, `is_year_guessed`)
  VALUES (17143, 'CASCIOTTO', 'FORTUNATO', 1956, NULL, NULL, NULL, '', NULL, 1, 1, '2015-02-26 23:51:25', '2015-02-26 23:51:25', 'CASCIOTTO FORTUNATO', 0);

INSERT INTO `swimmers` (`id`, `last_name`, `first_name`, `year_of_birth`, `phone_mobile`, `phone_number`, `e_mail`, `nickname`, `associated_user_id`, `gender_type_id`, `user_id`, `created_at`, `updated_at`, `complete_name`, `is_year_guessed`)
  VALUES (17144, 'CASOLINO', 'DOMENICANTONIO', 1927, NULL, NULL, NULL, '', NULL, 1, 1, '2015-02-26 23:51:25', '2015-02-26 23:51:25', 'CASOLINO DOMENICANTONIO', 0);

INSERT INTO `swimmers` (`id`, `last_name`, `first_name`, `year_of_birth`, `phone_mobile`, `phone_number`, `e_mail`, `nickname`, `associated_user_id`, `gender_type_id`, `user_id`, `created_at`, `updated_at`, `complete_name`, `is_year_guessed`)
  VALUES (17145, 'CASTELLI', 'ENRICO', 1970, NULL, NULL, NULL, '', NULL, 1, 1, '2015-02-26 23:51:25', '2015-02-26 23:51:25', 'CASTELLI ENRICO', 0);

INSERT INTO `swimmers` (`id`, `last_name`, `first_name`, `year_of_birth`, `phone_mobile`, `phone_number`, `e_mail`, `nickname`, `associated_user_id`, `gender_type_id`, `user_id`, `created_at`, `updated_at`, `complete_name`, `is_year_guessed`)
  VALUES (17146, 'CECCARANI', 'LUCREZIA', 1974, NULL, NULL, NULL, '', NULL, 2, 1, '2015-02-26 23:51:25', '2015-02-26 23:51:25', 'CECCARANI LUCREZIA', 0);

INSERT INTO `swimmers` (`id`, `last_name`, `first_name`, `year_of_birth`, `phone_mobile`, `phone_number`, `e_mail`, `nickname`, `associated_user_id`, `gender_type_id`, `user_id`, `created_at`, `updated_at`, `complete_name`, `is_year_guessed`)
  VALUES (17147, 'CINQUEGRANI', 'FRANCESCO', 1964, NULL, NULL, NULL, '', NULL, 1, 1, '2015-02-26 23:51:25', '2015-02-26 23:51:25', 'CINQUEGRANI FRANCESCO', 0);

INSERT INTO `swimmers` (`id`, `last_name`, `first_name`, `year_of_birth`, `phone_mobile`, `phone_number`, `e_mail`, `nickname`, `associated_user_id`, `gender_type_id`, `user_id`, `created_at`, `updated_at`, `complete_name`, `is_year_guessed`)
  VALUES (17148, 'COLONNETTA', 'FORTUNATO', 1967, NULL, NULL, NULL, '', NULL, 1, 1, '2015-02-26 23:51:25', '2015-02-26 23:51:25', 'COLONNETTA FORTUNATO', 0);

INSERT INTO `swimmers` (`id`, `last_name`, `first_name`, `year_of_birth`, `phone_mobile`, `phone_number`, `e_mail`, `nickname`, `associated_user_id`, `gender_type_id`, `user_id`, `created_at`, `updated_at`, `complete_name`, `is_year_guessed`)
  VALUES (17149, 'D\'ALBIS', 'VINCENZO', 1994, NULL, NULL, NULL, '', NULL, 1, 1, '2015-02-26 23:51:25', '2015-02-26 23:51:25', 'D\'ALBIS VINCENZO', 0);

INSERT INTO `swimmers` (`id`, `last_name`, `first_name`, `year_of_birth`, `phone_mobile`, `phone_number`, `e_mail`, `nickname`, `associated_user_id`, `gender_type_id`, `user_id`, `created_at`, `updated_at`, `complete_name`, `is_year_guessed`)
  VALUES (17150, 'DAMIANO', 'FAUSTA', 1970, NULL, NULL, NULL, '', NULL, 2, 1, '2015-02-26 23:51:25', '2015-02-26 23:51:25', 'DAMIANO FAUSTA', 0);

INSERT INTO `swimmers` (`id`, `last_name`, `first_name`, `year_of_birth`, `phone_mobile`, `phone_number`, `e_mail`, `nickname`, `associated_user_id`, `gender_type_id`, `user_id`, `created_at`, `updated_at`, `complete_name`, `is_year_guessed`)
  VALUES (17151, 'DI CESARE', 'VINCENZO', 1979, NULL, NULL, NULL, '', NULL, 1, 1, '2015-02-26 23:51:25', '2015-02-26 23:51:25', 'DI CESARE VINCENZO', 0);

INSERT INTO `swimmers` (`id`, `last_name`, `first_name`, `year_of_birth`, `phone_mobile`, `phone_number`, `e_mail`, `nickname`, `associated_user_id`, `gender_type_id`, `user_id`, `created_at`, `updated_at`, `complete_name`, `is_year_guessed`)
  VALUES (17152, 'DI FOGLIO', 'MICHELE', 1968, NULL, NULL, NULL, '', NULL, 1, 1, '2015-02-26 23:51:25', '2015-02-26 23:51:25', 'DI FOGLIO MICHELE', 0);

INSERT INTO `swimmers` (`id`, `last_name`, `first_name`, `year_of_birth`, `phone_mobile`, `phone_number`, `e_mail`, `nickname`, `associated_user_id`, `gender_type_id`, `user_id`, `created_at`, `updated_at`, `complete_name`, `is_year_guessed`)
  VALUES (17153, 'DI FROSCIA', 'MARCO', 1982, NULL, NULL, NULL, '', NULL, 1, 1, '2015-02-26 23:51:25', '2015-02-26 23:51:25', 'DI FROSCIA MARCO', 0);

INSERT INTO `swimmers` (`id`, `last_name`, `first_name`, `year_of_birth`, `phone_mobile`, `phone_number`, `e_mail`, `nickname`, `associated_user_id`, `gender_type_id`, `user_id`, `created_at`, `updated_at`, `complete_name`, `is_year_guessed`)
  VALUES (17154, 'DI STEFANO', 'MARIA', 1974, NULL, NULL, NULL, '', NULL, 2, 1, '2015-02-26 23:51:25', '2015-02-26 23:51:25', 'DI STEFANO MARIA', 0);

INSERT INTO `swimmers` (`id`, `last_name`, `first_name`, `year_of_birth`, `phone_mobile`, `phone_number`, `e_mail`, `nickname`, `associated_user_id`, `gender_type_id`, `user_id`, `created_at`, `updated_at`, `complete_name`, `is_year_guessed`)
  VALUES (17155, 'D`ALAURO', 'MARIO', 1984, NULL, NULL, NULL, '', NULL, 1, 1, '2015-02-26 23:51:25', '2015-02-26 23:51:25', 'D`ALAURO MARIO', 0);

INSERT INTO `swimmers` (`id`, `last_name`, `first_name`, `year_of_birth`, `phone_mobile`, `phone_number`, `e_mail`, `nickname`, `associated_user_id`, `gender_type_id`, `user_id`, `created_at`, `updated_at`, `complete_name`, `is_year_guessed`)
  VALUES (17156, 'D`ANOLFO', 'PIERO', 1986, NULL, NULL, NULL, '', NULL, 1, 1, '2015-02-26 23:51:25', '2015-02-26 23:51:25', 'D`ANOLFO PIERO', 0);

INSERT INTO `swimmers` (`id`, `last_name`, `first_name`, `year_of_birth`, `phone_mobile`, `phone_number`, `e_mail`, `nickname`, `associated_user_id`, `gender_type_id`, `user_id`, `created_at`, `updated_at`, `complete_name`, `is_year_guessed`)
  VALUES (17157, 'FERRAIOLI', 'CARLO', 1965, NULL, NULL, NULL, '', NULL, 1, 1, '2015-02-26 23:51:25', '2015-02-26 23:51:25', 'FERRAIOLI CARLO', 0);

INSERT INTO `swimmers` (`id`, `last_name`, `first_name`, `year_of_birth`, `phone_mobile`, `phone_number`, `e_mail`, `nickname`, `associated_user_id`, `gender_type_id`, `user_id`, `created_at`, `updated_at`, `complete_name`, `is_year_guessed`)
  VALUES (17158, 'HAILE`', 'LUKAS', 1974, NULL, NULL, NULL, '', NULL, 1, 1, '2015-02-26 23:51:25', '2015-02-26 23:51:25', 'HAILE` LUKAS', 0);

INSERT INTO `swimmers` (`id`, `last_name`, `first_name`, `year_of_birth`, `phone_mobile`, `phone_number`, `e_mail`, `nickname`, `associated_user_id`, `gender_type_id`, `user_id`, `created_at`, `updated_at`, `complete_name`, `is_year_guessed`)
  VALUES (17159, 'IOSUE', 'DAVIDE', 1988, NULL, NULL, NULL, '', NULL, 1, 1, '2015-02-26 23:51:25', '2015-02-26 23:51:25', 'IOSUE DAVIDE', 0);

INSERT INTO `swimmers` (`id`, `last_name`, `first_name`, `year_of_birth`, `phone_mobile`, `phone_number`, `e_mail`, `nickname`, `associated_user_id`, `gender_type_id`, `user_id`, `created_at`, `updated_at`, `complete_name`, `is_year_guessed`)
  VALUES (17160, 'MANES', 'STEFANIA', 1969, NULL, NULL, NULL, '', NULL, 2, 1, '2015-02-26 23:51:26', '2015-02-26 23:51:26', 'MANES STEFANIA', 0);

INSERT INTO `swimmers` (`id`, `last_name`, `first_name`, `year_of_birth`, `phone_mobile`, `phone_number`, `e_mail`, `nickname`, `associated_user_id`, `gender_type_id`, `user_id`, `created_at`, `updated_at`, `complete_name`, `is_year_guessed`)
  VALUES (17161, 'MANFREDI SELVAGGI', 'ALBERTO', 1968, NULL, NULL, NULL, '', NULL, 1, 1, '2015-02-26 23:51:26', '2015-02-26 23:51:26', 'MANFREDI SELVAGGI ALBERTO', 0);

INSERT INTO `swimmers` (`id`, `last_name`, `first_name`, `year_of_birth`, `phone_mobile`, `phone_number`, `e_mail`, `nickname`, `associated_user_id`, `gender_type_id`, `user_id`, `created_at`, `updated_at`, `complete_name`, `is_year_guessed`)
  VALUES (17162, 'MASELLI', 'ENZO', 1980, NULL, NULL, NULL, '', NULL, 1, 1, '2015-02-26 23:51:26', '2015-02-26 23:51:26', 'MASELLI ENZO', 0);

INSERT INTO `swimmers` (`id`, `last_name`, `first_name`, `year_of_birth`, `phone_mobile`, `phone_number`, `e_mail`, `nickname`, `associated_user_id`, `gender_type_id`, `user_id`, `created_at`, `updated_at`, `complete_name`, `is_year_guessed`)
  VALUES (17163, 'PELLEGRINO', 'FEDERICA', 1970, NULL, NULL, NULL, '', NULL, 2, 1, '2015-02-26 23:51:26', '2015-02-26 23:51:26', 'PELLEGRINO FEDERICA', 0);

INSERT INTO `swimmers` (`id`, `last_name`, `first_name`, `year_of_birth`, `phone_mobile`, `phone_number`, `e_mail`, `nickname`, `associated_user_id`, `gender_type_id`, `user_id`, `created_at`, `updated_at`, `complete_name`, `is_year_guessed`)
  VALUES (17164, 'POZZUTO', 'ANTONIO', 1981, NULL, NULL, NULL, '', NULL, 1, 1, '2015-02-26 23:51:26', '2015-02-26 23:51:26', 'POZZUTO ANTONIO', 0);

INSERT INTO `swimmers` (`id`, `last_name`, `first_name`, `year_of_birth`, `phone_mobile`, `phone_number`, `e_mail`, `nickname`, `associated_user_id`, `gender_type_id`, `user_id`, `created_at`, `updated_at`, `complete_name`, `is_year_guessed`)
  VALUES (17165, 'QUARTA', 'CRISTIAN', 1970, NULL, NULL, NULL, '', NULL, 1, 1, '2015-02-26 23:51:26', '2015-02-26 23:51:26', 'QUARTA CRISTIAN', 0);

INSERT INTO `swimmers` (`id`, `last_name`, `first_name`, `year_of_birth`, `phone_mobile`, `phone_number`, `e_mail`, `nickname`, `associated_user_id`, `gender_type_id`, `user_id`, `created_at`, `updated_at`, `complete_name`, `is_year_guessed`)
  VALUES (17166, 'QUARTA', 'VINCENZO', 1947, NULL, NULL, NULL, '', NULL, 1, 1, '2015-02-26 23:51:26', '2015-02-26 23:51:26', 'QUARTA VINCENZO', 0);

INSERT INTO `swimmers` (`id`, `last_name`, `first_name`, `year_of_birth`, `phone_mobile`, `phone_number`, `e_mail`, `nickname`, `associated_user_id`, `gender_type_id`, `user_id`, `created_at`, `updated_at`, `complete_name`, `is_year_guessed`)
  VALUES (17167, 'RAMPINO', 'ROBERTO', 1984, NULL, NULL, NULL, '', NULL, 1, 1, '2015-02-26 23:51:26', '2015-02-26 23:51:26', 'RAMPINO ROBERTO', 0);

INSERT INTO `swimmers` (`id`, `last_name`, `first_name`, `year_of_birth`, `phone_mobile`, `phone_number`, `e_mail`, `nickname`, `associated_user_id`, `gender_type_id`, `user_id`, `created_at`, `updated_at`, `complete_name`, `is_year_guessed`)
  VALUES (17168, 'RICCIO', 'VALERIO', 1993, NULL, NULL, NULL, '', NULL, 1, 1, '2015-02-26 23:51:26', '2015-02-26 23:51:26', 'RICCIO VALERIO', 0);

INSERT INTO `swimmers` (`id`, `last_name`, `first_name`, `year_of_birth`, `phone_mobile`, `phone_number`, `e_mail`, `nickname`, `associated_user_id`, `gender_type_id`, `user_id`, `created_at`, `updated_at`, `complete_name`, `is_year_guessed`)
  VALUES (17169, 'SANTI', 'ALESSANDRA LUCIA', 1975, NULL, NULL, NULL, '', NULL, 2, 1, '2015-02-26 23:51:26', '2015-02-26 23:51:26', 'SANTI ALESSANDRA LUCIA', 0);

INSERT INTO `swimmers` (`id`, `last_name`, `first_name`, `year_of_birth`, `phone_mobile`, `phone_number`, `e_mail`, `nickname`, `associated_user_id`, `gender_type_id`, `user_id`, `created_at`, `updated_at`, `complete_name`, `is_year_guessed`)
  VALUES (17170, 'TOMAT', 'KRISTIAN', 1973, NULL, NULL, NULL, '', NULL, 1, 1, '2015-02-26 23:51:26', '2015-02-26 23:51:26', 'TOMAT KRISTIAN', 0);

INSERT INTO `swimmers` (`id`, `last_name`, `first_name`, `year_of_birth`, `phone_mobile`, `phone_number`, `e_mail`, `nickname`, `associated_user_id`, `gender_type_id`, `user_id`, `created_at`, `updated_at`, `complete_name`, `is_year_guessed`)
  VALUES (17171, 'ZACCARO', 'MAURIZIO', 1960, NULL, NULL, NULL, '', NULL, 1, 1, '2015-02-26 23:51:26', '2015-02-26 23:51:26', 'ZACCARO MAURIZIO', 0);

INSERT INTO `swimmers` (`id`, `last_name`, `first_name`, `year_of_birth`, `phone_mobile`, `phone_number`, `e_mail`, `nickname`, `associated_user_id`, `gender_type_id`, `user_id`, `created_at`, `updated_at`, `complete_name`, `is_year_guessed`)
  VALUES (17172, 'ZIPPO', 'GIUSEPPE', 1981, NULL, NULL, NULL, '', NULL, 1, 1, '2015-02-26 23:51:26', '2015-02-26 23:51:26', 'ZIPPO GIUSEPPE', 0);

INSERT INTO `swimmers` (`id`, `last_name`, `first_name`, `year_of_birth`, `phone_mobile`, `phone_number`, `e_mail`, `nickname`, `associated_user_id`, `gender_type_id`, `user_id`, `created_at`, `updated_at`, `complete_name`, `is_year_guessed`)
  VALUES (17173, 'PAOLO', 'DANIELE', 1988, NULL, NULL, NULL, '', NULL, 1, 1, '2015-02-26 23:51:26', '2015-02-26 23:51:26', 'PAOLO DANIELE', 0);

INSERT INTO `badges` (`id`, `number`, `season_id`, `swimmer_id`, `team_id`, `category_type_id`, `user_id`, `created_at`, `updated_at`, `entry_time_type_id`, `team_affiliation_id`)
  VALUES (20941, '?', 132, 17142, 704, 699, 1, '2015-02-26 23:51:26', '2015-02-26 23:51:26', 5, 924);

INSERT INTO `badges` (`id`, `number`, `season_id`, `swimmer_id`, `team_id`, `category_type_id`, `user_id`, `created_at`, `updated_at`, `entry_time_type_id`, `team_affiliation_id`)
  VALUES (20942, '?', 132, 17158, 439, 697, 1, '2015-02-26 23:51:26', '2015-02-26 23:51:26', 5, 659);

INSERT INTO `badges` (`id`, `number`, `season_id`, `swimmer_id`, `team_id`, `category_type_id`, `user_id`, `created_at`, `updated_at`, `entry_time_type_id`, `team_affiliation_id`)
  VALUES (20943, '?', 132, 17167, 496, 695, 1, '2015-02-26 23:51:26', '2015-02-26 23:51:26', 5, 716);

INSERT INTO `badges` (`id`, `number`, `season_id`, `swimmer_id`, `team_id`, `category_type_id`, `user_id`, `created_at`, `updated_at`, `entry_time_type_id`, `team_affiliation_id`)
  VALUES (20944, '?', 132, 17161, 185, 698, 1, '2015-02-26 23:51:26', '2015-02-26 23:51:26', 5, 380);

INSERT INTO `badges` (`id`, `number`, `season_id`, `swimmer_id`, `team_id`, `category_type_id`, `user_id`, `created_at`, `updated_at`, `entry_time_type_id`, `team_affiliation_id`)
  VALUES (20945, '?', 132, 17168, 240, 693, 1, '2015-02-26 23:51:26', '2015-02-26 23:51:26', 5, 435);

INSERT INTO `badges` (`id`, `number`, `season_id`, `swimmer_id`, `team_id`, `category_type_id`, `user_id`, `created_at`, `updated_at`, `entry_time_type_id`, `team_affiliation_id`)
  VALUES (20946, '?', 132, 17169, 439, 696, 1, '2015-02-26 23:51:26', '2015-02-26 23:51:26', 5, 659);

INSERT INTO `badges` (`id`, `number`, `season_id`, `swimmer_id`, `team_id`, `category_type_id`, `user_id`, `created_at`, `updated_at`, `entry_time_type_id`, `team_affiliation_id`)
  VALUES (20947, '?', 132, 17146, 439, 697, 1, '2015-02-26 23:51:26', '2015-02-26 23:51:26', 5, 659);

INSERT INTO `badges` (`id`, `number`, `season_id`, `swimmer_id`, `team_id`, `category_type_id`, `user_id`, `created_at`, `updated_at`, `entry_time_type_id`, `team_affiliation_id`)
  VALUES (20948, '?', 132, 17154, 185, 697, 1, '2015-02-26 23:51:26', '2015-02-26 23:51:26', 5, 380);

INSERT INTO `badges` (`id`, `number`, `season_id`, `swimmer_id`, `team_id`, `category_type_id`, `user_id`, `created_at`, `updated_at`, `entry_time_type_id`, `team_affiliation_id`)
  VALUES (20949, '?', 132, 17173, 496, 694, 1, '2015-02-26 23:51:26', '2015-02-26 23:51:26', 5, 716);

INSERT INTO `badges` (`id`, `number`, `season_id`, `swimmer_id`, `team_id`, `category_type_id`, `user_id`, `created_at`, `updated_at`, `entry_time_type_id`, `team_affiliation_id`)
  VALUES (20950, '?', 132, 17153, 496, 695, 1, '2015-02-26 23:51:26', '2015-02-26 23:51:26', 5, 716);

INSERT INTO `badges` (`id`, `number`, `season_id`, `swimmer_id`, `team_id`, `category_type_id`, `user_id`, `created_at`, `updated_at`, `entry_time_type_id`, `team_affiliation_id`)
  VALUES (20951, '?', 132, 17138, 496, 697, 1, '2015-02-26 23:51:26', '2015-02-26 23:51:26', 5, 716);

INSERT INTO `badges` (`id`, `number`, `season_id`, `swimmer_id`, `team_id`, `category_type_id`, `user_id`, `created_at`, `updated_at`, `entry_time_type_id`, `team_affiliation_id`)
  VALUES (20952, '?', 132, 17147, 496, 699, 1, '2015-02-26 23:51:26', '2015-02-26 23:51:26', 5, 716);

INSERT INTO `badges` (`id`, `number`, `season_id`, `swimmer_id`, `team_id`, `category_type_id`, `user_id`, `created_at`, `updated_at`, `entry_time_type_id`, `team_affiliation_id`)
  VALUES (20953, '?', 132, 17163, 206, 697, 1, '2015-02-26 23:51:26', '2015-02-26 23:51:26', 5, 401);

INSERT INTO `badges` (`id`, `number`, `season_id`, `swimmer_id`, `team_id`, `category_type_id`, `user_id`, `created_at`, `updated_at`, `entry_time_type_id`, `team_affiliation_id`)
  VALUES (20954, '?', 132, 17156, 496, 694, 1, '2015-02-26 23:51:26', '2015-02-26 23:51:26', 5, 716);

INSERT INTO `badges` (`id`, `number`, `season_id`, `swimmer_id`, `team_id`, `category_type_id`, `user_id`, `created_at`, `updated_at`, `entry_time_type_id`, `team_affiliation_id`)
  VALUES (20955, '?', 132, 17139, 185, 696, 1, '2015-02-26 23:51:27', '2015-02-26 23:51:27', 5, 380);

INSERT INTO `badges` (`id`, `number`, `season_id`, `swimmer_id`, `team_id`, `category_type_id`, `user_id`, `created_at`, `updated_at`, `entry_time_type_id`, `team_affiliation_id`)
  VALUES (20956, '?', 132, 17170, 206, 697, 1, '2015-02-26 23:51:27', '2015-02-26 23:51:27', 5, 401);

INSERT INTO `badges` (`id`, `number`, `season_id`, `swimmer_id`, `team_id`, `category_type_id`, `user_id`, `created_at`, `updated_at`, `entry_time_type_id`, `team_affiliation_id`)
  VALUES (20957, '?', 132, 17145, 704, 697, 1, '2015-02-26 23:51:27', '2015-02-26 23:51:27', 5, 924);

INSERT INTO `badges` (`id`, `number`, `season_id`, `swimmer_id`, `team_id`, `category_type_id`, `user_id`, `created_at`, `updated_at`, `entry_time_type_id`, `team_affiliation_id`)
  VALUES (20958, '?', 132, 17148, 439, 698, 1, '2015-02-26 23:51:27', '2015-02-26 23:51:27', 5, 659);

INSERT INTO `badges` (`id`, `number`, `season_id`, `swimmer_id`, `team_id`, `category_type_id`, `user_id`, `created_at`, `updated_at`, `entry_time_type_id`, `team_affiliation_id`)
  VALUES (20959, '?', 132, 17152, 383, 698, 1, '2015-02-26 23:51:27', '2015-02-26 23:51:27', 5, 603);

INSERT INTO `badges` (`id`, `number`, `season_id`, `swimmer_id`, `team_id`, `category_type_id`, `user_id`, `created_at`, `updated_at`, `entry_time_type_id`, `team_affiliation_id`)
  VALUES (20960, '?', 132, 17141, 496, 699, 1, '2015-02-26 23:51:27', '2015-02-26 23:51:27', 5, 716);

INSERT INTO `badges` (`id`, `number`, `season_id`, `swimmer_id`, `team_id`, `category_type_id`, `user_id`, `created_at`, `updated_at`, `entry_time_type_id`, `team_affiliation_id`)
  VALUES (20961, '?', 132, 17140, 115, 694, 1, '2015-02-26 23:51:27', '2015-02-26 23:51:27', 5, 308);

INSERT INTO `badges` (`id`, `number`, `season_id`, `swimmer_id`, `team_id`, `category_type_id`, `user_id`, `created_at`, `updated_at`, `entry_time_type_id`, `team_affiliation_id`)
  VALUES (20962, '?', 132, 17144, 703, 706, 1, '2015-02-26 23:51:27', '2015-02-26 23:51:27', 5, 923);

INSERT INTO `badges` (`id`, `number`, `season_id`, `swimmer_id`, `team_id`, `category_type_id`, `user_id`, `created_at`, `updated_at`, `entry_time_type_id`, `team_affiliation_id`)
  VALUES (20963, '?', 132, 17149, 190, 693, 1, '2015-02-26 23:51:27', '2015-02-26 23:51:27', 5, 385);

INSERT INTO `badges` (`id`, `number`, `season_id`, `swimmer_id`, `team_id`, `category_type_id`, `user_id`, `created_at`, `updated_at`, `entry_time_type_id`, `team_affiliation_id`)
  VALUES (20964, '?', 132, 17150, 185, 697, 1, '2015-02-26 23:51:27', '2015-02-26 23:51:27', 5, 380);

INSERT INTO `badges` (`id`, `number`, `season_id`, `swimmer_id`, `team_id`, `category_type_id`, `user_id`, `created_at`, `updated_at`, `entry_time_type_id`, `team_affiliation_id`)
  VALUES (20965, '?', 132, 17160, 185, 698, 1, '2015-02-26 23:51:27', '2015-02-26 23:51:27', 5, 380);

INSERT INTO `badges` (`id`, `number`, `season_id`, `swimmer_id`, `team_id`, `category_type_id`, `user_id`, `created_at`, `updated_at`, `entry_time_type_id`, `team_affiliation_id`)
  VALUES (20966, '?', 132, 17159, 496, 694, 1, '2015-02-26 23:51:27', '2015-02-26 23:51:27', 5, 716);

INSERT INTO `badges` (`id`, `number`, `season_id`, `swimmer_id`, `team_id`, `category_type_id`, `user_id`, `created_at`, `updated_at`, `entry_time_type_id`, `team_affiliation_id`)
  VALUES (20967, '?', 132, 17172, 185, 695, 1, '2015-02-26 23:51:27', '2015-02-26 23:51:27', 5, 380);

INSERT INTO `badges` (`id`, `number`, `season_id`, `swimmer_id`, `team_id`, `category_type_id`, `user_id`, `created_at`, `updated_at`, `entry_time_type_id`, `team_affiliation_id`)
  VALUES (20968, '?', 132, 17171, 496, 699, 1, '2015-02-26 23:51:27', '2015-02-26 23:51:27', 5, 716);

INSERT INTO `badges` (`id`, `number`, `season_id`, `swimmer_id`, `team_id`, `category_type_id`, `user_id`, `created_at`, `updated_at`, `entry_time_type_id`, `team_affiliation_id`)
  VALUES (20969, '?', 132, 17157, 194, 698, 1, '2015-02-26 23:51:27', '2015-02-26 23:51:27', 5, 389);

INSERT INTO `badges` (`id`, `number`, `season_id`, `swimmer_id`, `team_id`, `category_type_id`, `user_id`, `created_at`, `updated_at`, `entry_time_type_id`, `team_affiliation_id`)
  VALUES (20970, '?', 132, 17143, 704, 700, 1, '2015-02-26 23:51:27', '2015-02-26 23:51:27', 5, 924);

INSERT INTO `badges` (`id`, `number`, `season_id`, `swimmer_id`, `team_id`, `category_type_id`, `user_id`, `created_at`, `updated_at`, `entry_time_type_id`, `team_affiliation_id`)
  VALUES (20971, '?', 132, 17164, 185, 695, 1, '2015-02-26 23:51:27', '2015-02-26 23:51:27', 5, 380);

INSERT INTO `badges` (`id`, `number`, `season_id`, `swimmer_id`, `team_id`, `category_type_id`, `user_id`, `created_at`, `updated_at`, `entry_time_type_id`, `team_affiliation_id`)
  VALUES (20972, '?', 132, 17155, 185, 695, 1, '2015-02-26 23:51:27', '2015-02-26 23:51:27', 5, 380);

INSERT INTO `badges` (`id`, `number`, `season_id`, `swimmer_id`, `team_id`, `category_type_id`, `user_id`, `created_at`, `updated_at`, `entry_time_type_id`, `team_affiliation_id`)
  VALUES (20973, '?', 132, 17165, 704, 697, 1, '2015-02-26 23:51:27', '2015-02-26 23:51:27', 5, 924);

INSERT INTO `badges` (`id`, `number`, `season_id`, `swimmer_id`, `team_id`, `category_type_id`, `user_id`, `created_at`, `updated_at`, `entry_time_type_id`, `team_affiliation_id`)
  VALUES (20974, '?', 132, 17166, 704, 702, 1, '2015-02-26 23:51:28', '2015-02-26 23:51:28', 5, 924);

INSERT INTO `badges` (`id`, `number`, `season_id`, `swimmer_id`, `team_id`, `category_type_id`, `user_id`, `created_at`, `updated_at`, `entry_time_type_id`, `team_affiliation_id`)
  VALUES (20975, '?', 132, 17162, 439, 695, 1, '2015-02-26 23:51:28', '2015-02-26 23:51:28', 5, 659);

INSERT INTO `badges` (`id`, `number`, `season_id`, `swimmer_id`, `team_id`, `category_type_id`, `user_id`, `created_at`, `updated_at`, `entry_time_type_id`, `team_affiliation_id`)
  VALUES (20976, '?', 132, 17151, 439, 696, 1, '2015-02-26 23:51:28', '2015-02-26 23:51:28', 5, 659);

INSERT INTO `meeting_individual_results` (`id`, `rank`, `is_play_off`, `is_out_of_race`, `is_disqualified`, `standard_points`, `meeting_individual_points`, `minutes`, `seconds`, `hundreds`, `meeting_program_id`, `swimmer_id`, `team_id`, `badge_id`, `user_id`, `created_at`, `updated_at`, `disqualification_code_type_id`, `goggle_cup_points`, `reaction_time`, `team_points`, `team_affiliation_id`)
  VALUES (182007, 1, 1, 0, 0, 756.57, 756.57, 1, 25, 61, 20123, 9162, 185, 13000, 1, '2015-02-26 23:51:28', '2015-02-26 23:51:28', NULL, 0.0, 0.0, 0.0, 380);

INSERT INTO `meeting_individual_results` (`id`, `rank`, `is_play_off`, `is_out_of_race`, `is_disqualified`, `standard_points`, `meeting_individual_points`, `minutes`, `seconds`, `hundreds`, `meeting_program_id`, `swimmer_id`, `team_id`, `badge_id`, `user_id`, `created_at`, `updated_at`, `disqualification_code_type_id`, `goggle_cup_points`, `reaction_time`, `team_points`, `team_affiliation_id`)
  VALUES (182008, 1, 1, 0, 0, 818.47, 818.47, 1, 20, 76, 20124, 7016, 203, 10546, 1, '2015-02-26 23:51:28', '2015-02-26 23:51:28', NULL, 0.0, 0.0, 0.0, 398);

INSERT INTO `meeting_individual_results` (`id`, `rank`, `is_play_off`, `is_out_of_race`, `is_disqualified`, `standard_points`, `meeting_individual_points`, `minutes`, `seconds`, `hundreds`, `meeting_program_id`, `swimmer_id`, `team_id`, `badge_id`, `user_id`, `created_at`, `updated_at`, `disqualification_code_type_id`, `goggle_cup_points`, `reaction_time`, `team_points`, `team_affiliation_id`)
  VALUES (182009, 1, 1, 0, 0, 651.45, 651.45, 1, 45, 12, 20125, 15402, 190, 19260, 1, '2015-02-26 23:51:28', '2015-02-26 23:51:28', NULL, 0.0, 0.0, 0.0, 385);

INSERT INTO `meeting_individual_results` (`id`, `rank`, `is_play_off`, `is_out_of_race`, `is_disqualified`, `standard_points`, `meeting_individual_points`, `minutes`, `seconds`, `hundreds`, `meeting_program_id`, `swimmer_id`, `team_id`, `badge_id`, `user_id`, `created_at`, `updated_at`, `disqualification_code_type_id`, `goggle_cup_points`, `reaction_time`, `team_points`, `team_affiliation_id`)
  VALUES (182010, 1, 1, 0, 0, 559.8, 559.8, 2, 7, 1, 20126, 17142, 704, 20941, 1, '2015-02-26 23:51:28', '2015-02-26 23:51:28', NULL, 0.0, 0.0, 0.0, 924);

INSERT INTO `meeting_individual_results` (`id`, `rank`, `is_play_off`, `is_out_of_race`, `is_disqualified`, `standard_points`, `meeting_individual_points`, `minutes`, `seconds`, `hundreds`, `meeting_program_id`, `swimmer_id`, `team_id`, `badge_id`, `user_id`, `created_at`, `updated_at`, `disqualification_code_type_id`, `goggle_cup_points`, `reaction_time`, `team_points`, `team_affiliation_id`)
  VALUES (182011, 1, 1, 0, 0, 471.33, 471.33, 2, 43, 26, 20127, 12404, 185, 16175, 1, '2015-02-26 23:51:28', '2015-02-26 23:51:28', NULL, 0.0, 0.0, 0.0, 380);

INSERT INTO `meeting_individual_results` (`id`, `rank`, `is_play_off`, `is_out_of_race`, `is_disqualified`, `standard_points`, `meeting_individual_points`, `minutes`, `seconds`, `hundreds`, `meeting_program_id`, `swimmer_id`, `team_id`, `badge_id`, `user_id`, `created_at`, `updated_at`, `disqualification_code_type_id`, `goggle_cup_points`, `reaction_time`, `team_points`, `team_affiliation_id`)
  VALUES (182012, 1, 1, 0, 0, 748.44, 748.44, 1, 13, 86, 20128, 12457, 185, 16220, 1, '2015-02-26 23:51:28', '2015-02-26 23:51:28', NULL, 0.0, 0.0, 0.0, 380);

INSERT INTO `meeting_individual_results` (`id`, `rank`, `is_play_off`, `is_out_of_race`, `is_disqualified`, `standard_points`, `meeting_individual_points`, `minutes`, `seconds`, `hundreds`, `meeting_program_id`, `swimmer_id`, `team_id`, `badge_id`, `user_id`, `created_at`, `updated_at`, `disqualification_code_type_id`, `goggle_cup_points`, `reaction_time`, `team_points`, `team_affiliation_id`)
  VALUES (182013, 2, 1, 0, 0, 742.01, 742.01, 1, 14, 50, 20128, 2582, 115, 5782, 1, '2015-02-26 23:51:28', '2015-02-26 23:51:28', NULL, 0.0, 0.0, 0.0, 308);

INSERT INTO `meeting_individual_results` (`id`, `rank`, `is_play_off`, `is_out_of_race`, `is_disqualified`, `standard_points`, `meeting_individual_points`, `minutes`, `seconds`, `hundreds`, `meeting_program_id`, `swimmer_id`, `team_id`, `badge_id`, `user_id`, `created_at`, `updated_at`, `disqualification_code_type_id`, `goggle_cup_points`, `reaction_time`, `team_points`, `team_affiliation_id`)
  VALUES (182014, 3, 1, 0, 0, 669.49, 669.49, 1, 22, 57, 20128, 9301, 490, 12841, 1, '2015-02-26 23:51:28', '2015-02-26 23:51:28', NULL, 0.0, 0.0, 0.0, 710);

INSERT INTO `meeting_individual_results` (`id`, `rank`, `is_play_off`, `is_out_of_race`, `is_disqualified`, `standard_points`, `meeting_individual_points`, `minutes`, `seconds`, `hundreds`, `meeting_program_id`, `swimmer_id`, `team_id`, `badge_id`, `user_id`, `created_at`, `updated_at`, `disqualification_code_type_id`, `goggle_cup_points`, `reaction_time`, `team_points`, `team_affiliation_id`)
  VALUES (182015, 4, 1, 0, 0, 584.36, 584.36, 1, 34, 60, 20128, 11783, 190, 15553, 1, '2015-02-26 23:51:29', '2015-02-26 23:51:29', NULL, 0.0, 0.0, 0.0, 385);

INSERT INTO `meeting_individual_results` (`id`, `rank`, `is_play_off`, `is_out_of_race`, `is_disqualified`, `standard_points`, `meeting_individual_points`, `minutes`, `seconds`, `hundreds`, `meeting_program_id`, `swimmer_id`, `team_id`, `badge_id`, `user_id`, `created_at`, `updated_at`, `disqualification_code_type_id`, `goggle_cup_points`, `reaction_time`, `team_points`, `team_affiliation_id`)
  VALUES (182016, 5, 1, 0, 0, 517.55, 517.55, 1, 46, 81, 20128, 3301, 190, 6522, 1, '2015-02-26 23:51:29', '2015-02-26 23:51:29', NULL, 0.0, 0.0, 0.0, 385);

INSERT INTO `meeting_individual_results` (`id`, `rank`, `is_play_off`, `is_out_of_race`, `is_disqualified`, `standard_points`, `meeting_individual_points`, `minutes`, `seconds`, `hundreds`, `meeting_program_id`, `swimmer_id`, `team_id`, `badge_id`, `user_id`, `created_at`, `updated_at`, `disqualification_code_type_id`, `goggle_cup_points`, `reaction_time`, `team_points`, `team_affiliation_id`)
  VALUES (182017, 1, 1, 0, 0, 658.31, 658.31, 1, 24, 99, 20129, 2477, 115, 5677, 1, '2015-02-26 23:51:29', '2015-02-26 23:51:29', NULL, 0.0, 0.0, 0.0, 308);

INSERT INTO `meeting_individual_results` (`id`, `rank`, `is_play_off`, `is_out_of_race`, `is_disqualified`, `standard_points`, `meeting_individual_points`, `minutes`, `seconds`, `hundreds`, `meeting_program_id`, `swimmer_id`, `team_id`, `badge_id`, `user_id`, `created_at`, `updated_at`, `disqualification_code_type_id`, `goggle_cup_points`, `reaction_time`, `team_points`, `team_affiliation_id`)
  VALUES (182018, 2, 1, 0, 0, 651.79, 651.79, 1, 25, 84, 20129, 13614, 624, 17341, 1, '2015-02-26 23:51:29', '2015-02-26 23:51:29', NULL, 0.0, 0.0, 0.0, 844);

INSERT INTO `meeting_individual_results` (`id`, `rank`, `is_play_off`, `is_out_of_race`, `is_disqualified`, `standard_points`, `meeting_individual_points`, `minutes`, `seconds`, `hundreds`, `meeting_program_id`, `swimmer_id`, `team_id`, `badge_id`, `user_id`, `created_at`, `updated_at`, `disqualification_code_type_id`, `goggle_cup_points`, `reaction_time`, `team_points`, `team_affiliation_id`)
  VALUES (182019, 1, 1, 0, 0, 844.3, 844.3, 1, 8, 8, 20130, 6752, 370, 10510, 1, '2015-02-26 23:51:29', '2015-02-26 23:51:29', NULL, 0.0, 0.0, 0.0, 589);

INSERT INTO `meeting_individual_results` (`id`, `rank`, `is_play_off`, `is_out_of_race`, `is_disqualified`, `standard_points`, `meeting_individual_points`, `minutes`, `seconds`, `hundreds`, `meeting_program_id`, `swimmer_id`, `team_id`, `badge_id`, `user_id`, `created_at`, `updated_at`, `disqualification_code_type_id`, `goggle_cup_points`, `reaction_time`, `team_points`, `team_affiliation_id`)
  VALUES (182020, 2, 1, 0, 0, 720.3, 720.3, 1, 19, 80, 20130, 2478, 115, 5678, 1, '2015-02-26 23:51:29', '2015-02-26 23:51:29', NULL, 0.0, 0.0, 0.0, 308);

INSERT INTO `meeting_individual_results` (`id`, `rank`, `is_play_off`, `is_out_of_race`, `is_disqualified`, `standard_points`, `meeting_individual_points`, `minutes`, `seconds`, `hundreds`, `meeting_program_id`, `swimmer_id`, `team_id`, `badge_id`, `user_id`, `created_at`, `updated_at`, `disqualification_code_type_id`, `goggle_cup_points`, `reaction_time`, `team_points`, `team_affiliation_id`)
  VALUES (182021, 3, 1, 0, 0, 607.16, 607.16, 1, 34, 67, 20130, 8132, 439, 11779, 1, '2015-02-26 23:51:29', '2015-02-26 23:51:29', NULL, 0.0, 0.0, 0.0, 659);

INSERT INTO `meeting_individual_results` (`id`, `rank`, `is_play_off`, `is_out_of_race`, `is_disqualified`, `standard_points`, `meeting_individual_points`, `minutes`, `seconds`, `hundreds`, `meeting_program_id`, `swimmer_id`, `team_id`, `badge_id`, `user_id`, `created_at`, `updated_at`, `disqualification_code_type_id`, `goggle_cup_points`, `reaction_time`, `team_points`, `team_affiliation_id`)
  VALUES (182022, 4, 1, 0, 0, 564.19, 564.19, 1, 41, 88, 20130, 13574, 490, 17343, 1, '2015-02-26 23:51:29', '2015-02-26 23:51:29', NULL, 0.0, 0.0, 0.0, 710);

INSERT INTO `meeting_individual_results` (`id`, `rank`, `is_play_off`, `is_out_of_race`, `is_disqualified`, `standard_points`, `meeting_individual_points`, `minutes`, `seconds`, `hundreds`, `meeting_program_id`, `swimmer_id`, `team_id`, `badge_id`, `user_id`, `created_at`, `updated_at`, `disqualification_code_type_id`, `goggle_cup_points`, `reaction_time`, `team_points`, `team_affiliation_id`)
  VALUES (182023, 1, 1, 0, 0, 806.82, 806.82, 1, 11, 90, 20131, 17158, 439, 20942, 1, '2015-02-26 23:51:29', '2015-02-26 23:51:29', NULL, 0.0, 0.0, 0.0, 659);

INSERT INTO `meeting_individual_results` (`id`, `rank`, `is_play_off`, `is_out_of_race`, `is_disqualified`, `standard_points`, `meeting_individual_points`, `minutes`, `seconds`, `hundreds`, `meeting_program_id`, `swimmer_id`, `team_id`, `badge_id`, `user_id`, `created_at`, `updated_at`, `disqualification_code_type_id`, `goggle_cup_points`, `reaction_time`, `team_points`, `team_affiliation_id`)
  VALUES (182024, 2, 1, 0, 0, 754.26, 754.26, 1, 16, 91, 20131, 8002, 432, 12036, 1, '2015-02-26 23:51:29', '2015-02-26 23:51:29', NULL, 0.0, 0.0, 0.0, 652);

INSERT INTO `meeting_individual_results` (`id`, `rank`, `is_play_off`, `is_out_of_race`, `is_disqualified`, `standard_points`, `meeting_individual_points`, `minutes`, `seconds`, `hundreds`, `meeting_program_id`, `swimmer_id`, `team_id`, `badge_id`, `user_id`, `created_at`, `updated_at`, `disqualification_code_type_id`, `goggle_cup_points`, `reaction_time`, `team_points`, `team_affiliation_id`)
  VALUES (182025, 3, 1, 0, 0, 288.23, 288.23, 3, 21, 26, 20131, 11576, 188, 15362, 1, '2015-02-26 23:51:30', '2015-02-26 23:51:30', NULL, 0.0, 0.0, 0.0, 383);

INSERT INTO `meeting_individual_results` (`id`, `rank`, `is_play_off`, `is_out_of_race`, `is_disqualified`, `standard_points`, `meeting_individual_points`, `minutes`, `seconds`, `hundreds`, `meeting_program_id`, `swimmer_id`, `team_id`, `badge_id`, `user_id`, `created_at`, `updated_at`, `disqualification_code_type_id`, `goggle_cup_points`, `reaction_time`, `team_points`, `team_affiliation_id`)
  VALUES (182026, 1, 1, 0, 0, 509.23, 509.23, 1, 56, 41, 20132, 11571, 190, 15315, 1, '2015-02-26 23:51:30', '2015-02-26 23:51:30', NULL, 0.0, 0.0, 0.0, 385);

INSERT INTO `meeting_individual_results` (`id`, `rank`, `is_play_off`, `is_out_of_race`, `is_disqualified`, `standard_points`, `meeting_individual_points`, `minutes`, `seconds`, `hundreds`, `meeting_program_id`, `swimmer_id`, `team_id`, `badge_id`, `user_id`, `created_at`, `updated_at`, `disqualification_code_type_id`, `goggle_cup_points`, `reaction_time`, `team_points`, `team_affiliation_id`)
  VALUES (182027, 1, 1, 0, 0, 706.69, 706.69, 1, 32, 36, 20133, 3333, 188, 6554, 1, '2015-02-26 23:51:30', '2015-02-26 23:51:30', NULL, 0.0, 0.0, 0.0, 383);

INSERT INTO `meeting_individual_results` (`id`, `rank`, `is_play_off`, `is_out_of_race`, `is_disqualified`, `standard_points`, `meeting_individual_points`, `minutes`, `seconds`, `hundreds`, `meeting_program_id`, `swimmer_id`, `team_id`, `badge_id`, `user_id`, `created_at`, `updated_at`, `disqualification_code_type_id`, `goggle_cup_points`, `reaction_time`, `team_points`, `team_affiliation_id`)
  VALUES (182028, 1, 1, 0, 0, 644.22, 644.22, 1, 54, 62, 20134, 3341, 194, 6562, 1, '2015-02-26 23:51:30', '2015-02-26 23:51:30', NULL, 0.0, 0.0, 0.0, 389);

INSERT INTO `meeting_individual_results` (`id`, `rank`, `is_play_off`, `is_out_of_race`, `is_disqualified`, `standard_points`, `meeting_individual_points`, `minutes`, `seconds`, `hundreds`, `meeting_program_id`, `swimmer_id`, `team_id`, `badge_id`, `user_id`, `created_at`, `updated_at`, `disqualification_code_type_id`, `goggle_cup_points`, `reaction_time`, `team_points`, `team_affiliation_id`)
  VALUES (182029, 2, 1, 0, 0, 587.38, 587.38, 2, 5, 71, 20134, 3342, 194, 6563, 1, '2015-02-26 23:51:30', '2015-02-26 23:51:30', NULL, 0.0, 0.0, 0.0, 389);

INSERT INTO `meeting_individual_results` (`id`, `rank`, `is_play_off`, `is_out_of_race`, `is_disqualified`, `standard_points`, `meeting_individual_points`, `minutes`, `seconds`, `hundreds`, `meeting_program_id`, `swimmer_id`, `team_id`, `badge_id`, `user_id`, `created_at`, `updated_at`, `disqualification_code_type_id`, `goggle_cup_points`, `reaction_time`, `team_points`, `team_affiliation_id`)
  VALUES (182030, 1, 1, 0, 0, 698.24, 698.24, 2, 0, 79, 20135, 3345, 188, 6566, 1, '2015-02-26 23:51:30', '2015-02-26 23:51:30', NULL, 0.0, 0.0, 0.0, 383);

INSERT INTO `meeting_individual_results` (`id`, `rank`, `is_play_off`, `is_out_of_race`, `is_disqualified`, `standard_points`, `meeting_individual_points`, `minutes`, `seconds`, `hundreds`, `meeting_program_id`, `swimmer_id`, `team_id`, `badge_id`, `user_id`, `created_at`, `updated_at`, `disqualification_code_type_id`, `goggle_cup_points`, `reaction_time`, `team_points`, `team_affiliation_id`)
  VALUES (182031, 2, 1, 0, 0, 672.41, 672.41, 2, 5, 43, 20135, 13556, 188, 17544, 1, '2015-02-26 23:51:30', '2015-02-26 23:51:30', NULL, 0.0, 0.0, 0.0, 383);

INSERT INTO `meeting_individual_results` (`id`, `rank`, `is_play_off`, `is_out_of_race`, `is_disqualified`, `standard_points`, `meeting_individual_points`, `minutes`, `seconds`, `hundreds`, `meeting_program_id`, `swimmer_id`, `team_id`, `badge_id`, `user_id`, `created_at`, `updated_at`, `disqualification_code_type_id`, `goggle_cup_points`, `reaction_time`, `team_points`, `team_affiliation_id`)
  VALUES (182032, 1, 1, 0, 0, 0.0, 0.0, 1, 20, 93, 20136, 11853, 190, 16087, 1, '2015-02-26 23:51:30', '2015-02-26 23:51:30', NULL, 0.0, 0.0, 0.0, 385);

INSERT INTO `meeting_individual_results` (`id`, `rank`, `is_play_off`, `is_out_of_race`, `is_disqualified`, `standard_points`, `meeting_individual_points`, `minutes`, `seconds`, `hundreds`, `meeting_program_id`, `swimmer_id`, `team_id`, `badge_id`, `user_id`, `created_at`, `updated_at`, `disqualification_code_type_id`, `goggle_cup_points`, `reaction_time`, `team_points`, `team_affiliation_id`)
  VALUES (182033, 1, 1, 0, 0, 593.22, 593.22, 1, 48, 88, 20137, 13684, 624, 17409, 1, '2015-02-26 23:51:30', '2015-02-26 23:51:30', NULL, 0.0, 0.0, 0.0, 844);

INSERT INTO `meeting_individual_results` (`id`, `rank`, `is_play_off`, `is_out_of_race`, `is_disqualified`, `standard_points`, `meeting_individual_points`, `minutes`, `seconds`, `hundreds`, `meeting_program_id`, `swimmer_id`, `team_id`, `badge_id`, `user_id`, `created_at`, `updated_at`, `disqualification_code_type_id`, `goggle_cup_points`, `reaction_time`, `team_points`, `team_affiliation_id`)
  VALUES (182034, 1, 1, 0, 0, 917.77, 917.77, 1, 12, 24, 20138, 14493, 116, 18360, 1, '2015-02-26 23:51:30', '2015-02-26 23:51:30', NULL, 0.0, 0.0, 0.0, 309);

INSERT INTO `meeting_individual_results` (`id`, `rank`, `is_play_off`, `is_out_of_race`, `is_disqualified`, `standard_points`, `meeting_individual_points`, `minutes`, `seconds`, `hundreds`, `meeting_program_id`, `swimmer_id`, `team_id`, `badge_id`, `user_id`, `created_at`, `updated_at`, `disqualification_code_type_id`, `goggle_cup_points`, `reaction_time`, `team_points`, `team_affiliation_id`)
  VALUES (182035, 2, 1, 0, 0, 822.89, 822.89, 1, 20, 57, 20138, 12440, 185, 16173, 1, '2015-02-26 23:51:31', '2015-02-26 23:51:31', NULL, 0.0, 0.0, 0.0, 380);

INSERT INTO `meeting_individual_results` (`id`, `rank`, `is_play_off`, `is_out_of_race`, `is_disqualified`, `standard_points`, `meeting_individual_points`, `minutes`, `seconds`, `hundreds`, `meeting_program_id`, `swimmer_id`, `team_id`, `badge_id`, `user_id`, `created_at`, `updated_at`, `disqualification_code_type_id`, `goggle_cup_points`, `reaction_time`, `team_points`, `team_affiliation_id`)
  VALUES (182036, 1, 1, 0, 0, 858.43, 858.43, 1, 5, 41, 20139, 12422, 185, 16176, 1, '2015-02-26 23:51:31', '2015-02-26 23:51:31', NULL, 0.0, 0.0, 0.0, 380);

INSERT INTO `meeting_individual_results` (`id`, `rank`, `is_play_off`, `is_out_of_race`, `is_disqualified`, `standard_points`, `meeting_individual_points`, `minutes`, `seconds`, `hundreds`, `meeting_program_id`, `swimmer_id`, `team_id`, `badge_id`, `user_id`, `created_at`, `updated_at`, `disqualification_code_type_id`, `goggle_cup_points`, `reaction_time`, `team_points`, `team_affiliation_id`)
  VALUES (182037, 1, 1, 0, 0, 805.27, 805.27, 1, 10, 20, 20140, 9120, 186, 13010, 1, '2015-02-26 23:51:31', '2015-02-26 23:51:31', NULL, 0.0, 0.0, 0.0, 381);

INSERT INTO `meeting_individual_results` (`id`, `rank`, `is_play_off`, `is_out_of_race`, `is_disqualified`, `standard_points`, `meeting_individual_points`, `minutes`, `seconds`, `hundreds`, `meeting_program_id`, `swimmer_id`, `team_id`, `badge_id`, `user_id`, `created_at`, `updated_at`, `disqualification_code_type_id`, `goggle_cup_points`, `reaction_time`, `team_points`, `team_affiliation_id`)
  VALUES (182038, 2, 1, 0, 0, 787.22, 787.22, 1, 11, 81, 20140, 17167, 496, 20943, 1, '2015-02-26 23:51:31', '2015-02-26 23:51:31', NULL, 0.0, 0.0, 0.0, 716);

INSERT INTO `meeting_individual_results` (`id`, `rank`, `is_play_off`, `is_out_of_race`, `is_disqualified`, `standard_points`, `meeting_individual_points`, `minutes`, `seconds`, `hundreds`, `meeting_program_id`, `swimmer_id`, `team_id`, `badge_id`, `user_id`, `created_at`, `updated_at`, `disqualification_code_type_id`, `goggle_cup_points`, `reaction_time`, `team_points`, `team_affiliation_id`)
  VALUES (182039, 1, 1, 0, 0, 644.28, 644.28, 1, 29, 48, 20141, 13459, 240, 17095, 1, '2015-02-26 23:51:31', '2015-02-26 23:51:31', NULL, 0.0, 0.0, 0.0, 435);

INSERT INTO `meeting_individual_results` (`id`, `rank`, `is_play_off`, `is_out_of_race`, `is_disqualified`, `standard_points`, `meeting_individual_points`, `minutes`, `seconds`, `hundreds`, `meeting_program_id`, `swimmer_id`, `team_id`, `badge_id`, `user_id`, `created_at`, `updated_at`, `disqualification_code_type_id`, `goggle_cup_points`, `reaction_time`, `team_points`, `team_affiliation_id`)
  VALUES (182040, 1, 1, 0, 0, 851.86, 851.86, 1, 9, 46, 20142, 12413, 185, 16184, 1, '2015-02-26 23:51:31', '2015-02-26 23:51:31', NULL, 0.0, 0.0, 0.0, 380);

INSERT INTO `meeting_individual_results` (`id`, `rank`, `is_play_off`, `is_out_of_race`, `is_disqualified`, `standard_points`, `meeting_individual_points`, `minutes`, `seconds`, `hundreds`, `meeting_program_id`, `swimmer_id`, `team_id`, `badge_id`, `user_id`, `created_at`, `updated_at`, `disqualification_code_type_id`, `goggle_cup_points`, `reaction_time`, `team_points`, `team_affiliation_id`)
  VALUES (182041, 2, 1, 0, 0, 678.32, 678.32, 1, 27, 23, 20142, 12405, 185, 16239, 1, '2015-02-26 23:51:31', '2015-02-26 23:51:31', NULL, 0.0, 0.0, 0.0, 380);

INSERT INTO `meeting_individual_results` (`id`, `rank`, `is_play_off`, `is_out_of_race`, `is_disqualified`, `standard_points`, `meeting_individual_points`, `minutes`, `seconds`, `hundreds`, `meeting_program_id`, `swimmer_id`, `team_id`, `badge_id`, `user_id`, `created_at`, `updated_at`, `disqualification_code_type_id`, `goggle_cup_points`, `reaction_time`, `team_points`, `team_affiliation_id`)
  VALUES (182042, 3, 1, 0, 0, 661.78, 661.78, 1, 29, 41, 20142, 13640, 624, 17483, 1, '2015-02-26 23:51:31', '2015-02-26 23:51:31', NULL, 0.0, 0.0, 0.0, 844);

INSERT INTO `meeting_individual_results` (`id`, `rank`, `is_play_off`, `is_out_of_race`, `is_disqualified`, `standard_points`, `meeting_individual_points`, `minutes`, `seconds`, `hundreds`, `meeting_program_id`, `swimmer_id`, `team_id`, `badge_id`, `user_id`, `created_at`, `updated_at`, `disqualification_code_type_id`, `goggle_cup_points`, `reaction_time`, `team_points`, `team_affiliation_id`)
  VALUES (182043, 4, 1, 0, 0, 626.27, 626.27, 1, 34, 48, 20142, 13715, 624, 17429, 1, '2015-02-26 23:51:31', '2015-02-26 23:51:31', NULL, 0.0, 0.0, 0.0, 844);

INSERT INTO `meeting_individual_results` (`id`, `rank`, `is_play_off`, `is_out_of_race`, `is_disqualified`, `standard_points`, `meeting_individual_points`, `minutes`, `seconds`, `hundreds`, `meeting_program_id`, `swimmer_id`, `team_id`, `badge_id`, `user_id`, `created_at`, `updated_at`, `disqualification_code_type_id`, `goggle_cup_points`, `reaction_time`, `team_points`, `team_affiliation_id`)
  VALUES (182044, 1, 1, 0, 0, 682.86, 682.86, 1, 28, 51, 20143, 17161, 185, 20944, 1, '2015-02-26 23:51:31', '2015-02-26 23:51:31', NULL, 0.0, 0.0, 0.0, 380);

INSERT INTO `meeting_individual_results` (`id`, `rank`, `is_play_off`, `is_out_of_race`, `is_disqualified`, `standard_points`, `meeting_individual_points`, `minutes`, `seconds`, `hundreds`, `meeting_program_id`, `swimmer_id`, `team_id`, `badge_id`, `user_id`, `created_at`, `updated_at`, `disqualification_code_type_id`, `goggle_cup_points`, `reaction_time`, `team_points`, `team_affiliation_id`)
  VALUES (182045, 2, 1, 0, 0, 667.11, 667.11, 1, 30, 60, 20143, 13686, 439, 17461, 1, '2015-02-26 23:51:32', '2015-02-26 23:51:32', NULL, 0.0, 0.0, 0.0, 659);

INSERT INTO `meeting_individual_results` (`id`, `rank`, `is_play_off`, `is_out_of_race`, `is_disqualified`, `standard_points`, `meeting_individual_points`, `minutes`, `seconds`, `hundreds`, `meeting_program_id`, `swimmer_id`, `team_id`, `badge_id`, `user_id`, `created_at`, `updated_at`, `disqualification_code_type_id`, `goggle_cup_points`, `reaction_time`, `team_points`, `team_affiliation_id`)
  VALUES (182046, 1, 1, 0, 0, 876.19, 876.19, 1, 11, 40, 20144, 9119, 490, 12889, 1, '2015-02-26 23:51:32', '2015-02-26 23:51:32', NULL, 0.0, 0.0, 0.0, 710);

INSERT INTO `meeting_individual_results` (`id`, `rank`, `is_play_off`, `is_out_of_race`, `is_disqualified`, `standard_points`, `meeting_individual_points`, `minutes`, `seconds`, `hundreds`, `meeting_program_id`, `swimmer_id`, `team_id`, `badge_id`, `user_id`, `created_at`, `updated_at`, `disqualification_code_type_id`, `goggle_cup_points`, `reaction_time`, `team_points`, `team_affiliation_id`)
  VALUES (182047, 1, 1, 0, 0, 638.46, 638.46, 1, 53, 46, 20145, 6852, 240, 10729, 1, '2015-02-26 23:51:32', '2015-02-26 23:51:32', NULL, 0.0, 0.0, 0.0, 435);

INSERT INTO `meeting_individual_results` (`id`, `rank`, `is_play_off`, `is_out_of_race`, `is_disqualified`, `standard_points`, `meeting_individual_points`, `minutes`, `seconds`, `hundreds`, `meeting_program_id`, `swimmer_id`, `team_id`, `badge_id`, `user_id`, `created_at`, `updated_at`, `disqualification_code_type_id`, `goggle_cup_points`, `reaction_time`, `team_points`, `team_affiliation_id`)
  VALUES (182048, 1, 1, 0, 0, 0.0, 0.0, 1, 9, 4, 20146, 17168, 240, 20945, 1, '2015-02-26 23:51:32', '2015-02-26 23:51:32', NULL, 0.0, 0.0, 0.0, 435);

INSERT INTO `meeting_individual_results` (`id`, `rank`, `is_play_off`, `is_out_of_race`, `is_disqualified`, `standard_points`, `meeting_individual_points`, `minutes`, `seconds`, `hundreds`, `meeting_program_id`, `swimmer_id`, `team_id`, `badge_id`, `user_id`, `created_at`, `updated_at`, `disqualification_code_type_id`, `goggle_cup_points`, `reaction_time`, `team_points`, `team_affiliation_id`)
  VALUES (182049, 2, 1, 0, 0, 0.0, 0.0, 1, 11, 79, 20146, 12427, 185, 16233, 1, '2015-02-26 23:51:32', '2015-02-26 23:51:32', NULL, 0.0, 0.0, 0.0, 380);

INSERT INTO `meeting_individual_results` (`id`, `rank`, `is_play_off`, `is_out_of_race`, `is_disqualified`, `standard_points`, `meeting_individual_points`, `minutes`, `seconds`, `hundreds`, `meeting_program_id`, `swimmer_id`, `team_id`, `badge_id`, `user_id`, `created_at`, `updated_at`, `disqualification_code_type_id`, `goggle_cup_points`, `reaction_time`, `team_points`, `team_affiliation_id`)
  VALUES (182050, 3, 1, 0, 0, 0.0, 0.0, 1, 30, 22, 20146, 11552, 490, 15336, 1, '2015-02-26 23:51:32', '2015-02-26 23:51:32', NULL, 0.0, 0.0, 0.0, 710);

INSERT INTO `meeting_individual_results` (`id`, `rank`, `is_play_off`, `is_out_of_race`, `is_disqualified`, `standard_points`, `meeting_individual_points`, `minutes`, `seconds`, `hundreds`, `meeting_program_id`, `swimmer_id`, `team_id`, `badge_id`, `user_id`, `created_at`, `updated_at`, `disqualification_code_type_id`, `goggle_cup_points`, `reaction_time`, `team_points`, `team_affiliation_id`)
  VALUES (182051, 1, 1, 0, 0, 860.68, 860.68, 1, 23, 98, 20147, 12423, 185, 16187, 1, '2015-02-26 23:51:32', '2015-02-26 23:51:32', NULL, 0.0, 0.0, 0.0, 380);

INSERT INTO `meeting_individual_results` (`id`, `rank`, `is_play_off`, `is_out_of_race`, `is_disqualified`, `standard_points`, `meeting_individual_points`, `minutes`, `seconds`, `hundreds`, `meeting_program_id`, `swimmer_id`, `team_id`, `badge_id`, `user_id`, `created_at`, `updated_at`, `disqualification_code_type_id`, `goggle_cup_points`, `reaction_time`, `team_points`, `team_affiliation_id`)
  VALUES (182052, 2, 1, 0, 0, 693.93, 693.93, 1, 44, 16, 20147, 17169, 439, 20946, 1, '2015-02-26 23:51:32', '2015-02-26 23:51:32', NULL, 0.0, 0.0, 0.0, 659);

INSERT INTO `meeting_individual_results` (`id`, `rank`, `is_play_off`, `is_out_of_race`, `is_disqualified`, `standard_points`, `meeting_individual_points`, `minutes`, `seconds`, `hundreds`, `meeting_program_id`, `swimmer_id`, `team_id`, `badge_id`, `user_id`, `created_at`, `updated_at`, `disqualification_code_type_id`, `goggle_cup_points`, `reaction_time`, `team_points`, `team_affiliation_id`)
  VALUES (182053, 1, 1, 0, 0, 746.37, 746.37, 1, 38, 49, 20148, 17146, 439, 20947, 1, '2015-02-26 23:51:32', '2015-02-26 23:51:32', NULL, 0.0, 0.0, 0.0, 659);

INSERT INTO `meeting_individual_results` (`id`, `rank`, `is_play_off`, `is_out_of_race`, `is_disqualified`, `standard_points`, `meeting_individual_points`, `minutes`, `seconds`, `hundreds`, `meeting_program_id`, `swimmer_id`, `team_id`, `badge_id`, `user_id`, `created_at`, `updated_at`, `disqualification_code_type_id`, `goggle_cup_points`, `reaction_time`, `team_points`, `team_affiliation_id`)
  VALUES (182054, 2, 1, 0, 0, 745.92, 745.92, 1, 38, 55, 20148, 17154, 185, 20948, 1, '2015-02-26 23:51:32', '2015-02-26 23:51:32', NULL, 0.0, 0.0, 0.0, 380);

INSERT INTO `meeting_individual_results` (`id`, `rank`, `is_play_off`, `is_out_of_race`, `is_disqualified`, `standard_points`, `meeting_individual_points`, `minutes`, `seconds`, `hundreds`, `meeting_program_id`, `swimmer_id`, `team_id`, `badge_id`, `user_id`, `created_at`, `updated_at`, `disqualification_code_type_id`, `goggle_cup_points`, `reaction_time`, `team_points`, `team_affiliation_id`)
  VALUES (182055, 1, 1, 0, 0, 830.52, 830.52, 1, 37, 0, 20149, 8350, 382, 11985, 1, '2015-02-26 23:51:33', '2015-02-26 23:51:33', NULL, 0.0, 0.0, 0.0, 602);

INSERT INTO `meeting_individual_results` (`id`, `rank`, `is_play_off`, `is_out_of_race`, `is_disqualified`, `standard_points`, `meeting_individual_points`, `minutes`, `seconds`, `hundreds`, `meeting_program_id`, `swimmer_id`, `team_id`, `badge_id`, `user_id`, `created_at`, `updated_at`, `disqualification_code_type_id`, `goggle_cup_points`, `reaction_time`, `team_points`, `team_affiliation_id`)
  VALUES (182056, 1, 1, 0, 0, 755.98, 755.98, 2, 4, 17, 20150, 3290, 194, 6511, 1, '2015-02-26 23:51:33', '2015-02-26 23:51:33', NULL, 0.0, 0.0, 0.0, 389);

INSERT INTO `meeting_individual_results` (`id`, `rank`, `is_play_off`, `is_out_of_race`, `is_disqualified`, `standard_points`, `meeting_individual_points`, `minutes`, `seconds`, `hundreds`, `meeting_program_id`, `swimmer_id`, `team_id`, `badge_id`, `user_id`, `created_at`, `updated_at`, `disqualification_code_type_id`, `goggle_cup_points`, `reaction_time`, `team_points`, `team_affiliation_id`)
  VALUES (182057, 1, 1, 0, 0, 773.42, 773.42, 1, 20, 15, 20151, 12453, 185, 16191, 1, '2015-02-26 23:51:33', '2015-02-26 23:51:33', NULL, 0.0, 0.0, 0.0, 380);

INSERT INTO `meeting_individual_results` (`id`, `rank`, `is_play_off`, `is_out_of_race`, `is_disqualified`, `standard_points`, `meeting_individual_points`, `minutes`, `seconds`, `hundreds`, `meeting_program_id`, `swimmer_id`, `team_id`, `badge_id`, `user_id`, `created_at`, `updated_at`, `disqualification_code_type_id`, `goggle_cup_points`, `reaction_time`, `team_points`, `team_affiliation_id`)
  VALUES (182058, 2, 1, 0, 0, 677.26, 677.26, 1, 31, 53, 20151, 9301, 490, 12841, 1, '2015-02-26 23:51:33', '2015-02-26 23:51:33', NULL, 0.0, 0.0, 0.0, 710);

INSERT INTO `meeting_individual_results` (`id`, `rank`, `is_play_off`, `is_out_of_race`, `is_disqualified`, `standard_points`, `meeting_individual_points`, `minutes`, `seconds`, `hundreds`, `meeting_program_id`, `swimmer_id`, `team_id`, `badge_id`, `user_id`, `created_at`, `updated_at`, `disqualification_code_type_id`, `goggle_cup_points`, `reaction_time`, `team_points`, `team_affiliation_id`)
  VALUES (182059, 3, 1, 0, 0, 673.58, 673.58, 1, 32, 3, 20151, 12456, 185, 16192, 1, '2015-02-26 23:51:33', '2015-02-26 23:51:33', NULL, 0.0, 0.0, 0.0, 380);

INSERT INTO `meeting_individual_results` (`id`, `rank`, `is_play_off`, `is_out_of_race`, `is_disqualified`, `standard_points`, `meeting_individual_points`, `minutes`, `seconds`, `hundreds`, `meeting_program_id`, `swimmer_id`, `team_id`, `badge_id`, `user_id`, `created_at`, `updated_at`, `disqualification_code_type_id`, `goggle_cup_points`, `reaction_time`, `team_points`, `team_affiliation_id`)
  VALUES (182060, 4, 1, 0, 0, 655.7, 655.7, 1, 34, 54, 20151, 9321, 490, 13102, 1, '2015-02-26 23:51:33', '2015-02-26 23:51:33', NULL, 0.0, 0.0, 0.0, 710);

INSERT INTO `meeting_individual_results` (`id`, `rank`, `is_play_off`, `is_out_of_race`, `is_disqualified`, `standard_points`, `meeting_individual_points`, `minutes`, `seconds`, `hundreds`, `meeting_program_id`, `swimmer_id`, `team_id`, `badge_id`, `user_id`, `created_at`, `updated_at`, `disqualification_code_type_id`, `goggle_cup_points`, `reaction_time`, `team_points`, `team_affiliation_id`)
  VALUES (182061, 5, 1, 0, 0, 607.27, 607.27, 1, 42, 8, 20151, 17173, 496, 20949, 1, '2015-02-26 23:51:33', '2015-02-26 23:51:33', NULL, 0.0, 0.0, 0.0, 716);

INSERT INTO `meeting_individual_results` (`id`, `rank`, `is_play_off`, `is_out_of_race`, `is_disqualified`, `standard_points`, `meeting_individual_points`, `minutes`, `seconds`, `hundreds`, `meeting_program_id`, `swimmer_id`, `team_id`, `badge_id`, `user_id`, `created_at`, `updated_at`, `disqualification_code_type_id`, `goggle_cup_points`, `reaction_time`, `team_points`, `team_affiliation_id`)
  VALUES (182062, 6, 1, 0, 0, 586.03, 586.03, 1, 45, 78, 20151, 3300, 186, 6521, 1, '2015-02-26 23:51:33', '2015-02-26 23:51:33', NULL, 0.0, 0.0, 0.0, 381);

INSERT INTO `meeting_individual_results` (`id`, `rank`, `is_play_off`, `is_out_of_race`, `is_disqualified`, `standard_points`, `meeting_individual_points`, `minutes`, `seconds`, `hundreds`, `meeting_program_id`, `swimmer_id`, `team_id`, `badge_id`, `user_id`, `created_at`, `updated_at`, `disqualification_code_type_id`, `goggle_cup_points`, `reaction_time`, `team_points`, `team_affiliation_id`)
  VALUES (182063, 1, 1, 0, 0, 659.72, 659.72, 1, 33, 51, 20152, 6995, 372, 10748, 1, '2015-02-26 23:51:33', '2015-02-26 23:51:33', NULL, 0.0, 0.0, 0.0, 592);

INSERT INTO `meeting_individual_results` (`id`, `rank`, `is_play_off`, `is_out_of_race`, `is_disqualified`, `standard_points`, `meeting_individual_points`, `minutes`, `seconds`, `hundreds`, `meeting_program_id`, `swimmer_id`, `team_id`, `badge_id`, `user_id`, `created_at`, `updated_at`, `disqualification_code_type_id`, `goggle_cup_points`, `reaction_time`, `team_points`, `team_affiliation_id`)
  VALUES (182064, 2, 1, 0, 0, 548.94, 548.94, 1, 52, 38, 20152, 17153, 496, 20950, 1, '2015-02-26 23:51:33', '2015-02-26 23:51:33', NULL, 0.0, 0.0, 0.0, 716);

INSERT INTO `meeting_individual_results` (`id`, `rank`, `is_play_off`, `is_out_of_race`, `is_disqualified`, `standard_points`, `meeting_individual_points`, `minutes`, `seconds`, `hundreds`, `meeting_program_id`, `swimmer_id`, `team_id`, `badge_id`, `user_id`, `created_at`, `updated_at`, `disqualification_code_type_id`, `goggle_cup_points`, `reaction_time`, `team_points`, `team_affiliation_id`)
  VALUES (182065, 1, 1, 0, 0, 675.81, 675.81, 1, 33, 31, 20153, 8132, 439, 11779, 1, '2015-02-26 23:51:34', '2015-02-26 23:51:34', NULL, 0.0, 0.0, 0.0, 659);

INSERT INTO `meeting_individual_results` (`id`, `rank`, `is_play_off`, `is_out_of_race`, `is_disqualified`, `standard_points`, `meeting_individual_points`, `minutes`, `seconds`, `hundreds`, `meeting_program_id`, `swimmer_id`, `team_id`, `badge_id`, `user_id`, `created_at`, `updated_at`, `disqualification_code_type_id`, `goggle_cup_points`, `reaction_time`, `team_points`, `team_affiliation_id`)
  VALUES (182066, 2, 1, 0, 0, 623.25, 623.25, 1, 41, 18, 20153, 12439, 185, 16195, 1, '2015-02-26 23:51:34', '2015-02-26 23:51:34', NULL, 0.0, 0.0, 0.0, 380);

INSERT INTO `meeting_individual_results` (`id`, `rank`, `is_play_off`, `is_out_of_race`, `is_disqualified`, `standard_points`, `meeting_individual_points`, `minutes`, `seconds`, `hundreds`, `meeting_program_id`, `swimmer_id`, `team_id`, `badge_id`, `user_id`, `created_at`, `updated_at`, `disqualification_code_type_id`, `goggle_cup_points`, `reaction_time`, `team_points`, `team_affiliation_id`)
  VALUES (182067, 1, 1, 0, 0, 759.56, 759.56, 1, 24, 18, 20154, 12405, 185, 16239, 1, '2015-02-26 23:51:34', '2015-02-26 23:51:34', NULL, 0.0, 0.0, 0.0, 380);

INSERT INTO `meeting_individual_results` (`id`, `rank`, `is_play_off`, `is_out_of_race`, `is_disqualified`, `standard_points`, `meeting_individual_points`, `minutes`, `seconds`, `hundreds`, `meeting_program_id`, `swimmer_id`, `team_id`, `badge_id`, `user_id`, `created_at`, `updated_at`, `disqualification_code_type_id`, `goggle_cup_points`, `reaction_time`, `team_points`, `team_affiliation_id`)
  VALUES (182068, 2, 1, 0, 0, 745.22, 745.22, 1, 25, 80, 20154, 12472, 185, 16196, 1, '2015-02-26 23:51:34', '2015-02-26 23:51:34', NULL, 0.0, 0.0, 0.0, 380);

INSERT INTO `meeting_individual_results` (`id`, `rank`, `is_play_off`, `is_out_of_race`, `is_disqualified`, `standard_points`, `meeting_individual_points`, `minutes`, `seconds`, `hundreds`, `meeting_program_id`, `swimmer_id`, `team_id`, `badge_id`, `user_id`, `created_at`, `updated_at`, `disqualification_code_type_id`, `goggle_cup_points`, `reaction_time`, `team_points`, `team_affiliation_id`)
  VALUES (182069, 3, 1, 0, 0, 590.07, 590.07, 1, 48, 36, 20154, 17138, 496, 20951, 1, '2015-02-26 23:51:34', '2015-02-26 23:51:34', NULL, 0.0, 0.0, 0.0, 716);

INSERT INTO `meeting_individual_results` (`id`, `rank`, `is_play_off`, `is_out_of_race`, `is_disqualified`, `standard_points`, `meeting_individual_points`, `minutes`, `seconds`, `hundreds`, `meeting_program_id`, `swimmer_id`, `team_id`, `badge_id`, `user_id`, `created_at`, `updated_at`, `disqualification_code_type_id`, `goggle_cup_points`, `reaction_time`, `team_points`, `team_affiliation_id`)
  VALUES (182070, 1, 1, 0, 0, 845.6, 845.6, 1, 18, 24, 20155, 3375, 195, 6596, 1, '2015-02-26 23:51:34', '2015-02-26 23:51:34', NULL, 0.0, 0.0, 0.0, 390);

INSERT INTO `meeting_individual_results` (`id`, `rank`, `is_play_off`, `is_out_of_race`, `is_disqualified`, `standard_points`, `meeting_individual_points`, `minutes`, `seconds`, `hundreds`, `meeting_program_id`, `swimmer_id`, `team_id`, `badge_id`, `user_id`, `created_at`, `updated_at`, `disqualification_code_type_id`, `goggle_cup_points`, `reaction_time`, `team_points`, `team_affiliation_id`)
  VALUES (182071, 2, 1, 0, 0, 643.77, 643.77, 1, 42, 77, 20155, 1999, 82, 5183, 1, '2015-02-26 23:51:34', '2015-02-26 23:51:34', NULL, 0.0, 0.0, 0.0, 275);

INSERT INTO `meeting_individual_results` (`id`, `rank`, `is_play_off`, `is_out_of_race`, `is_disqualified`, `standard_points`, `meeting_individual_points`, `minutes`, `seconds`, `hundreds`, `meeting_program_id`, `swimmer_id`, `team_id`, `badge_id`, `user_id`, `created_at`, `updated_at`, `disqualification_code_type_id`, `goggle_cup_points`, `reaction_time`, `team_points`, `team_affiliation_id`)
  VALUES (182072, 3, 1, 0, 0, 614.13, 614.13, 1, 47, 73, 20155, 6991, 383, 10670, 1, '2015-02-26 23:51:34', '2015-02-26 23:51:34', NULL, 0.0, 0.0, 0.0, 603);

INSERT INTO `meeting_individual_results` (`id`, `rank`, `is_play_off`, `is_out_of_race`, `is_disqualified`, `standard_points`, `meeting_individual_points`, `minutes`, `seconds`, `hundreds`, `meeting_program_id`, `swimmer_id`, `team_id`, `badge_id`, `user_id`, `created_at`, `updated_at`, `disqualification_code_type_id`, `goggle_cup_points`, `reaction_time`, `team_points`, `team_affiliation_id`)
  VALUES (182073, 1, 1, 0, 0, 511.82, 511.82, 2, 15, 36, 20156, 17147, 496, 20952, 1, '2015-02-26 23:51:34', '2015-02-26 23:51:34', NULL, 0.0, 0.0, 0.0, 716);

INSERT INTO `meeting_individual_results` (`id`, `rank`, `is_play_off`, `is_out_of_race`, `is_disqualified`, `standard_points`, `meeting_individual_points`, `minutes`, `seconds`, `hundreds`, `meeting_program_id`, `swimmer_id`, `team_id`, `badge_id`, `user_id`, `created_at`, `updated_at`, `disqualification_code_type_id`, `goggle_cup_points`, `reaction_time`, `team_points`, `team_affiliation_id`)
  VALUES (182074, 1, 1, 0, 0, 640.13, 640.13, 1, 52, 29, 20157, 13680, 624, 17471, 1, '2015-02-26 23:51:35', '2015-02-26 23:51:35', NULL, 0.0, 0.0, 0.0, 844);

INSERT INTO `meeting_individual_results` (`id`, `rank`, `is_play_off`, `is_out_of_race`, `is_disqualified`, `standard_points`, `meeting_individual_points`, `minutes`, `seconds`, `hundreds`, `meeting_program_id`, `swimmer_id`, `team_id`, `badge_id`, `user_id`, `created_at`, `updated_at`, `disqualification_code_type_id`, `goggle_cup_points`, `reaction_time`, `team_points`, `team_affiliation_id`)
  VALUES (182075, 1, 1, 0, 0, 612.57, 612.57, 2, 18, 32, 20158, 3344, 188, 6565, 1, '2015-02-26 23:51:35', '2015-02-26 23:51:35', NULL, 0.0, 0.0, 0.0, 383);

INSERT INTO `meeting_individual_results` (`id`, `rank`, `is_play_off`, `is_out_of_race`, `is_disqualified`, `standard_points`, `meeting_individual_points`, `minutes`, `seconds`, `hundreds`, `meeting_program_id`, `swimmer_id`, `team_id`, `badge_id`, `user_id`, `created_at`, `updated_at`, `disqualification_code_type_id`, `goggle_cup_points`, `reaction_time`, `team_points`, `team_affiliation_id`)
  VALUES (182076, 1, 1, 0, 0, 723.21, 723.21, 1, 18, 29, 20159, 9280, 185, 12802, 1, '2015-02-26 23:51:35', '2015-02-26 23:51:35', NULL, 0.0, 0.0, 0.0, 380);

INSERT INTO `meeting_individual_results` (`id`, `rank`, `is_play_off`, `is_out_of_race`, `is_disqualified`, `standard_points`, `meeting_individual_points`, `minutes`, `seconds`, `hundreds`, `meeting_program_id`, `swimmer_id`, `team_id`, `badge_id`, `user_id`, `created_at`, `updated_at`, `disqualification_code_type_id`, `goggle_cup_points`, `reaction_time`, `team_points`, `team_affiliation_id`)
  VALUES (182077, 2, 1, 0, 0, 700.22, 700.22, 1, 20, 86, 20159, 9390, 490, 12803, 1, '2015-02-26 23:51:35', '2015-02-26 23:51:35', NULL, 0.0, 0.0, 0.0, 710);

INSERT INTO `meeting_individual_results` (`id`, `rank`, `is_play_off`, `is_out_of_race`, `is_disqualified`, `standard_points`, `meeting_individual_points`, `minutes`, `seconds`, `hundreds`, `meeting_program_id`, `swimmer_id`, `team_id`, `badge_id`, `user_id`, `created_at`, `updated_at`, `disqualification_code_type_id`, `goggle_cup_points`, `reaction_time`, `team_points`, `team_affiliation_id`)
  VALUES (182078, 3, 1, 0, 0, 668.0, 668.0, 1, 24, 76, 20159, 12443, 185, 16200, 1, '2015-02-26 23:51:35', '2015-02-26 23:51:35', NULL, 0.0, 0.0, 0.0, 380);

INSERT INTO `meeting_individual_results` (`id`, `rank`, `is_play_off`, `is_out_of_race`, `is_disqualified`, `standard_points`, `meeting_individual_points`, `minutes`, `seconds`, `hundreds`, `meeting_program_id`, `swimmer_id`, `team_id`, `badge_id`, `user_id`, `created_at`, `updated_at`, `disqualification_code_type_id`, `goggle_cup_points`, `reaction_time`, `team_points`, `team_affiliation_id`)
  VALUES (182079, 1, 1, 0, 0, 936.83, 936.83, 1, 2, 5, 20160, 14493, 116, 18360, 1, '2015-02-26 23:51:35', '2015-02-26 23:51:35', NULL, 0.0, 0.0, 0.0, 309);

INSERT INTO `meeting_individual_results` (`id`, `rank`, `is_play_off`, `is_out_of_race`, `is_disqualified`, `standard_points`, `meeting_individual_points`, `minutes`, `seconds`, `hundreds`, `meeting_program_id`, `swimmer_id`, `team_id`, `badge_id`, `user_id`, `created_at`, `updated_at`, `disqualification_code_type_id`, `goggle_cup_points`, `reaction_time`, `team_points`, `team_affiliation_id`)
  VALUES (182080, 1, 1, 0, 0, 880.3, 880.3, 1, 7, 25, 20161, 17163, 206, 20953, 1, '2015-02-26 23:51:35', '2015-02-26 23:51:35', NULL, 0.0, 0.0, 0.0, 401);

INSERT INTO `meeting_individual_results` (`id`, `rank`, `is_play_off`, `is_out_of_race`, `is_disqualified`, `standard_points`, `meeting_individual_points`, `minutes`, `seconds`, `hundreds`, `meeting_program_id`, `swimmer_id`, `team_id`, `badge_id`, `user_id`, `created_at`, `updated_at`, `disqualification_code_type_id`, `goggle_cup_points`, `reaction_time`, `team_points`, `team_affiliation_id`)
  VALUES (182081, 1, 1, 0, 0, 738.2, 738.2, 1, 21, 78, 20162, 9360, 186, 12819, 1, '2015-02-26 23:51:35', '2015-02-26 23:51:35', NULL, 0.0, 0.0, 0.0, 381);

INSERT INTO `meeting_individual_results` (`id`, `rank`, `is_play_off`, `is_out_of_race`, `is_disqualified`, `standard_points`, `meeting_individual_points`, `minutes`, `seconds`, `hundreds`, `meeting_program_id`, `swimmer_id`, `team_id`, `badge_id`, `user_id`, `created_at`, `updated_at`, `disqualification_code_type_id`, `goggle_cup_points`, `reaction_time`, `team_points`, `team_affiliation_id`)
  VALUES (182082, 2, 1, 0, 0, 660.36, 660.36, 1, 31, 42, 20162, 12451, 185, 16203, 1, '2015-02-26 23:51:35', '2015-02-26 23:51:35', NULL, 0.0, 0.0, 0.0, 380);

INSERT INTO `meeting_individual_results` (`id`, `rank`, `is_play_off`, `is_out_of_race`, `is_disqualified`, `standard_points`, `meeting_individual_points`, `minutes`, `seconds`, `hundreds`, `meeting_program_id`, `swimmer_id`, `team_id`, `badge_id`, `user_id`, `created_at`, `updated_at`, `disqualification_code_type_id`, `goggle_cup_points`, `reaction_time`, `team_points`, `team_affiliation_id`)
  VALUES (182083, 1, 1, 0, 0, 806.01, 806.01, 1, 1, 91, 20163, 17156, 496, 20954, 1, '2015-02-26 23:51:36', '2015-02-26 23:51:36', NULL, 0.0, 0.0, 0.0, 716);

INSERT INTO `meeting_individual_results` (`id`, `rank`, `is_play_off`, `is_out_of_race`, `is_disqualified`, `standard_points`, `meeting_individual_points`, `minutes`, `seconds`, `hundreds`, `meeting_program_id`, `swimmer_id`, `team_id`, `badge_id`, `user_id`, `created_at`, `updated_at`, `disqualification_code_type_id`, `goggle_cup_points`, `reaction_time`, `team_points`, `team_affiliation_id`)
  VALUES (182084, 2, 1, 0, 0, 648.81, 648.81, 1, 16, 91, 20163, 12447, 185, 16224, 1, '2015-02-26 23:51:36', '2015-02-26 23:51:36', NULL, 0.0, 0.0, 0.0, 380);

INSERT INTO `meeting_individual_results` (`id`, `rank`, `is_play_off`, `is_out_of_race`, `is_disqualified`, `standard_points`, `meeting_individual_points`, `minutes`, `seconds`, `hundreds`, `meeting_program_id`, `swimmer_id`, `team_id`, `badge_id`, `user_id`, `created_at`, `updated_at`, `disqualification_code_type_id`, `goggle_cup_points`, `reaction_time`, `team_points`, `team_affiliation_id`)
  VALUES (182085, 3, 1, 0, 0, 630.45, 630.45, 1, 19, 15, 20163, 3300, 186, 6521, 1, '2015-02-26 23:51:36', '2015-02-26 23:51:36', NULL, 0.0, 0.0, 0.0, 381);

INSERT INTO `meeting_individual_results` (`id`, `rank`, `is_play_off`, `is_out_of_race`, `is_disqualified`, `standard_points`, `meeting_individual_points`, `minutes`, `seconds`, `hundreds`, `meeting_program_id`, `swimmer_id`, `team_id`, `badge_id`, `user_id`, `created_at`, `updated_at`, `disqualification_code_type_id`, `goggle_cup_points`, `reaction_time`, `team_points`, `team_affiliation_id`)
  VALUES (182086, 4, 1, 0, 0, 494.6, 494.6, 1, 40, 89, 20163, 12436, 185, 16206, 1, '2015-02-26 23:51:36', '2015-02-26 23:51:36', NULL, 0.0, 0.0, 0.0, 380);

INSERT INTO `meeting_individual_results` (`id`, `rank`, `is_play_off`, `is_out_of_race`, `is_disqualified`, `standard_points`, `meeting_individual_points`, `minutes`, `seconds`, `hundreds`, `meeting_program_id`, `swimmer_id`, `team_id`, `badge_id`, `user_id`, `created_at`, `updated_at`, `disqualification_code_type_id`, `goggle_cup_points`, `reaction_time`, `team_points`, `team_affiliation_id`)
  VALUES (182087, 1, 1, 0, 0, 813.86, 813.86, 1, 1, 62, 20164, 15668, 383, 19479, 1, '2015-02-26 23:51:36', '2015-02-26 23:51:36', NULL, 0.0, 0.0, 0.0, 603);

INSERT INTO `meeting_individual_results` (`id`, `rank`, `is_play_off`, `is_out_of_race`, `is_disqualified`, `standard_points`, `meeting_individual_points`, `minutes`, `seconds`, `hundreds`, `meeting_program_id`, `swimmer_id`, `team_id`, `badge_id`, `user_id`, `created_at`, `updated_at`, `disqualification_code_type_id`, `goggle_cup_points`, `reaction_time`, `team_points`, `team_affiliation_id`)
  VALUES (182088, 2, 1, 0, 0, 761.58, 761.58, 1, 5, 85, 20164, 13731, 490, 17550, 1, '2015-02-26 23:51:36', '2015-02-26 23:51:36', NULL, 0.0, 0.0, 0.0, 710);

INSERT INTO `meeting_individual_results` (`id`, `rank`, `is_play_off`, `is_out_of_race`, `is_disqualified`, `standard_points`, `meeting_individual_points`, `minutes`, `seconds`, `hundreds`, `meeting_program_id`, `swimmer_id`, `team_id`, `badge_id`, `user_id`, `created_at`, `updated_at`, `disqualification_code_type_id`, `goggle_cup_points`, `reaction_time`, `team_points`, `team_affiliation_id`)
  VALUES (182089, 3, 1, 0, 0, 753.46, 753.46, 1, 6, 56, 20164, 14695, 438, 18247, 1, '2015-02-26 23:51:36', '2015-02-26 23:51:36', NULL, 0.0, 0.0, 0.0, 658);

INSERT INTO `meeting_individual_results` (`id`, `rank`, `is_play_off`, `is_out_of_race`, `is_disqualified`, `standard_points`, `meeting_individual_points`, `minutes`, `seconds`, `hundreds`, `meeting_program_id`, `swimmer_id`, `team_id`, `badge_id`, `user_id`, `created_at`, `updated_at`, `disqualification_code_type_id`, `goggle_cup_points`, `reaction_time`, `team_points`, `team_affiliation_id`)
  VALUES (182090, 4, 1, 0, 0, 708.83, 708.83, 1, 10, 75, 20164, 11681, 185, 15429, 1, '2015-02-26 23:51:36', '2015-02-26 23:51:36', NULL, 0.0, 0.0, 0.0, 380);

INSERT INTO `meeting_individual_results` (`id`, `rank`, `is_play_off`, `is_out_of_race`, `is_disqualified`, `standard_points`, `meeting_individual_points`, `minutes`, `seconds`, `hundreds`, `meeting_program_id`, `swimmer_id`, `team_id`, `badge_id`, `user_id`, `created_at`, `updated_at`, `disqualification_code_type_id`, `goggle_cup_points`, `reaction_time`, `team_points`, `team_affiliation_id`)
  VALUES (182091, 1, 1, 0, 0, 553.48, 553.48, 1, 32, 18, 20165, 17139, 185, 20955, 1, '2015-02-26 23:51:36', '2015-02-26 23:51:36', NULL, 0.0, 0.0, 0.0, 380);

INSERT INTO `meeting_individual_results` (`id`, `rank`, `is_play_off`, `is_out_of_race`, `is_disqualified`, `standard_points`, `meeting_individual_points`, `minutes`, `seconds`, `hundreds`, `meeting_program_id`, `swimmer_id`, `team_id`, `badge_id`, `user_id`, `created_at`, `updated_at`, `disqualification_code_type_id`, `goggle_cup_points`, `reaction_time`, `team_points`, `team_affiliation_id`)
  VALUES (182092, 1, 1, 0, 0, 770.68, 770.68, 1, 7, 33, 20166, 17170, 206, 20956, 1, '2015-02-26 23:51:36', '2015-02-26 23:51:36', NULL, 0.0, 0.0, 0.0, 401);

INSERT INTO `meeting_individual_results` (`id`, `rank`, `is_play_off`, `is_out_of_race`, `is_disqualified`, `standard_points`, `meeting_individual_points`, `minutes`, `seconds`, `hundreds`, `meeting_program_id`, `swimmer_id`, `team_id`, `badge_id`, `user_id`, `created_at`, `updated_at`, `disqualification_code_type_id`, `goggle_cup_points`, `reaction_time`, `team_points`, `team_affiliation_id`)
  VALUES (182093, 2, 1, 0, 0, 584.68, 584.68, 1, 28, 75, 20166, 6902, 383, 10723, 1, '2015-02-26 23:51:37', '2015-02-26 23:51:37', NULL, 0.0, 0.0, 0.0, 603);

INSERT INTO `meeting_individual_results` (`id`, `rank`, `is_play_off`, `is_out_of_race`, `is_disqualified`, `standard_points`, `meeting_individual_points`, `minutes`, `seconds`, `hundreds`, `meeting_program_id`, `swimmer_id`, `team_id`, `badge_id`, `user_id`, `created_at`, `updated_at`, `disqualification_code_type_id`, `goggle_cup_points`, `reaction_time`, `team_points`, `team_affiliation_id`)
  VALUES (182094, 3, 1, 0, 0, 455.1, 455.1, 1, 54, 2, 20166, 17145, 704, 20957, 1, '2015-02-26 23:51:37', '2015-02-26 23:51:37', NULL, 0.0, 0.0, 0.0, 924);

INSERT INTO `meeting_individual_results` (`id`, `rank`, `is_play_off`, `is_out_of_race`, `is_disqualified`, `standard_points`, `meeting_individual_points`, `minutes`, `seconds`, `hundreds`, `meeting_program_id`, `swimmer_id`, `team_id`, `badge_id`, `user_id`, `created_at`, `updated_at`, `disqualification_code_type_id`, `goggle_cup_points`, `reaction_time`, `team_points`, `team_affiliation_id`)
  VALUES (182095, 1, 1, 0, 0, 872.05, 872.05, 1, 0, 96, 20167, 3314, 186, 6535, 1, '2015-02-26 23:51:37', '2015-02-26 23:51:37', NULL, 0.0, 0.0, 0.0, 381);

INSERT INTO `meeting_individual_results` (`id`, `rank`, `is_play_off`, `is_out_of_race`, `is_disqualified`, `standard_points`, `meeting_individual_points`, `minutes`, `seconds`, `hundreds`, `meeting_program_id`, `swimmer_id`, `team_id`, `badge_id`, `user_id`, `created_at`, `updated_at`, `disqualification_code_type_id`, `goggle_cup_points`, `reaction_time`, `team_points`, `team_affiliation_id`)
  VALUES (182096, 2, 1, 0, 0, 854.52, 854.52, 1, 2, 21, 20167, 17148, 439, 20958, 1, '2015-02-26 23:51:37', '2015-02-26 23:51:37', NULL, 0.0, 0.0, 0.0, 659);

INSERT INTO `meeting_individual_results` (`id`, `rank`, `is_play_off`, `is_out_of_race`, `is_disqualified`, `standard_points`, `meeting_individual_points`, `minutes`, `seconds`, `hundreds`, `meeting_program_id`, `swimmer_id`, `team_id`, `badge_id`, `user_id`, `created_at`, `updated_at`, `disqualification_code_type_id`, `goggle_cup_points`, `reaction_time`, `team_points`, `team_affiliation_id`)
  VALUES (182097, 3, 1, 0, 0, 631.28, 631.28, 1, 24, 21, 20167, 17152, 383, 20959, 1, '2015-02-26 23:51:37', '2015-02-26 23:51:37', NULL, 0.0, 0.0, 0.0, 603);

INSERT INTO `meeting_individual_results` (`id`, `rank`, `is_play_off`, `is_out_of_race`, `is_disqualified`, `standard_points`, `meeting_individual_points`, `minutes`, `seconds`, `hundreds`, `meeting_program_id`, `swimmer_id`, `team_id`, `badge_id`, `user_id`, `created_at`, `updated_at`, `disqualification_code_type_id`, `goggle_cup_points`, `reaction_time`, `team_points`, `team_affiliation_id`)
  VALUES (182098, 4, 1, 0, 0, 601.09, 601.09, 1, 28, 44, 20167, 1999, 82, 5183, 1, '2015-02-26 23:51:37', '2015-02-26 23:51:37', NULL, 0.0, 0.0, 0.0, 275);

INSERT INTO `meeting_individual_results` (`id`, `rank`, `is_play_off`, `is_out_of_race`, `is_disqualified`, `standard_points`, `meeting_individual_points`, `minutes`, `seconds`, `hundreds`, `meeting_program_id`, `swimmer_id`, `team_id`, `badge_id`, `user_id`, `created_at`, `updated_at`, `disqualification_code_type_id`, `goggle_cup_points`, `reaction_time`, `team_points`, `team_affiliation_id`)
  VALUES (182099, 5, 1, 0, 0, 593.44, 593.44, 1, 29, 58, 20167, 12469, 185, 16213, 1, '2015-02-26 23:51:37', '2015-02-26 23:51:37', NULL, 0.0, 0.0, 0.0, 380);

INSERT INTO `meeting_individual_results` (`id`, `rank`, `is_play_off`, `is_out_of_race`, `is_disqualified`, `standard_points`, `meeting_individual_points`, `minutes`, `seconds`, `hundreds`, `meeting_program_id`, `swimmer_id`, `team_id`, `badge_id`, `user_id`, `created_at`, `updated_at`, `disqualification_code_type_id`, `goggle_cup_points`, `reaction_time`, `team_points`, `team_affiliation_id`)
  VALUES (182100, 6, 1, 0, 0, 569.23, 569.23, 1, 33, 39, 20167, 11607, 490, 15364, 1, '2015-02-26 23:51:37', '2015-02-26 23:51:37', NULL, 0.0, 0.0, 0.0, 710);

INSERT INTO `meeting_individual_results` (`id`, `rank`, `is_play_off`, `is_out_of_race`, `is_disqualified`, `standard_points`, `meeting_individual_points`, `minutes`, `seconds`, `hundreds`, `meeting_program_id`, `swimmer_id`, `team_id`, `badge_id`, `user_id`, `created_at`, `updated_at`, `disqualification_code_type_id`, `goggle_cup_points`, `reaction_time`, `team_points`, `team_affiliation_id`)
  VALUES (182101, 1, 1, 0, 0, 904.04, 904.04, 1, 0, 65, 20168, 9119, 490, 12889, 1, '2015-02-26 23:51:37', '2015-02-26 23:51:37', NULL, 0.0, 0.0, 0.0, 710);

INSERT INTO `meeting_individual_results` (`id`, `rank`, `is_play_off`, `is_out_of_race`, `is_disqualified`, `standard_points`, `meeting_individual_points`, `minutes`, `seconds`, `hundreds`, `meeting_program_id`, `swimmer_id`, `team_id`, `badge_id`, `user_id`, `created_at`, `updated_at`, `disqualification_code_type_id`, `goggle_cup_points`, `reaction_time`, `team_points`, `team_affiliation_id`)
  VALUES (182102, 2, 1, 0, 0, 801.73, 801.73, 1, 8, 39, 20168, 6855, 372, 10603, 1, '2015-02-26 23:51:37', '2015-02-26 23:51:37', NULL, 0.0, 0.0, 0.0, 592);

INSERT INTO `meeting_individual_results` (`id`, `rank`, `is_play_off`, `is_out_of_race`, `is_disqualified`, `standard_points`, `meeting_individual_points`, `minutes`, `seconds`, `hundreds`, `meeting_program_id`, `swimmer_id`, `team_id`, `badge_id`, `user_id`, `created_at`, `updated_at`, `disqualification_code_type_id`, `goggle_cup_points`, `reaction_time`, `team_points`, `team_affiliation_id`)
  VALUES (182103, 3, 1, 0, 0, 527.36, 527.36, 1, 43, 97, 20168, 12470, 185, 16215, 1, '2015-02-26 23:51:38', '2015-02-26 23:51:38', NULL, 0.0, 0.0, 0.0, 380);

INSERT INTO `meeting_individual_results` (`id`, `rank`, `is_play_off`, `is_out_of_race`, `is_disqualified`, `standard_points`, `meeting_individual_points`, `minutes`, `seconds`, `hundreds`, `meeting_program_id`, `swimmer_id`, `team_id`, `badge_id`, `user_id`, `created_at`, `updated_at`, `disqualification_code_type_id`, `goggle_cup_points`, `reaction_time`, `team_points`, `team_affiliation_id`)
  VALUES (182104, 4, 1, 0, 0, 526.15, 526.15, 1, 44, 21, 20168, 15655, 383, 19463, 1, '2015-02-26 23:51:38', '2015-02-26 23:51:38', NULL, 0.0, 0.0, 0.0, 603);

INSERT INTO `meeting_individual_results` (`id`, `rank`, `is_play_off`, `is_out_of_race`, `is_disqualified`, `standard_points`, `meeting_individual_points`, `minutes`, `seconds`, `hundreds`, `meeting_program_id`, `swimmer_id`, `team_id`, `badge_id`, `user_id`, `created_at`, `updated_at`, `disqualification_code_type_id`, `goggle_cup_points`, `reaction_time`, `team_points`, `team_affiliation_id`)
  VALUES (182105, 5, 1, 0, 0, 478.74, 478.74, 1, 54, 53, 20168, 15678, 192, 19464, 1, '2015-02-26 23:51:38', '2015-02-26 23:51:38', NULL, 0.0, 0.0, 0.0, 387);

INSERT INTO `meeting_individual_results` (`id`, `rank`, `is_play_off`, `is_out_of_race`, `is_disqualified`, `standard_points`, `meeting_individual_points`, `minutes`, `seconds`, `hundreds`, `meeting_program_id`, `swimmer_id`, `team_id`, `badge_id`, `user_id`, `created_at`, `updated_at`, `disqualification_code_type_id`, `goggle_cup_points`, `reaction_time`, `team_points`, `team_affiliation_id`)
  VALUES (182106, 6, 1, 0, 0, 473.16, 473.16, 1, 55, 88, 20168, 17141, 496, 20960, 1, '2015-02-26 23:51:38', '2015-02-26 23:51:38', NULL, 0.0, 0.0, 0.0, 716);

INSERT INTO `meeting_individual_results` (`id`, `rank`, `is_play_off`, `is_out_of_race`, `is_disqualified`, `standard_points`, `meeting_individual_points`, `minutes`, `seconds`, `hundreds`, `meeting_program_id`, `swimmer_id`, `team_id`, `badge_id`, `user_id`, `created_at`, `updated_at`, `disqualification_code_type_id`, `goggle_cup_points`, `reaction_time`, `team_points`, `team_affiliation_id`)
  VALUES (182107, 1, 1, 0, 0, 691.07, 691.07, 1, 22, 22, 20169, 15673, 383, 19465, 1, '2015-02-26 23:51:38', '2015-02-26 23:51:38', NULL, 0.0, 0.0, 0.0, 603);

INSERT INTO `meeting_individual_results` (`id`, `rank`, `is_play_off`, `is_out_of_race`, `is_disqualified`, `standard_points`, `meeting_individual_points`, `minutes`, `seconds`, `hundreds`, `meeting_program_id`, `swimmer_id`, `team_id`, `badge_id`, `user_id`, `created_at`, `updated_at`, `disqualification_code_type_id`, `goggle_cup_points`, `reaction_time`, `team_points`, `team_affiliation_id`)
  VALUES (182108, 1, 1, 0, 0, 423.13, 423.13, 2, 20, 43, 20170, 9195, 185, 12904, 1, '2015-02-26 23:51:38', '2015-02-26 23:51:38', NULL, 0.0, 0.0, 0.0, 380);

INSERT INTO `meeting_individual_results` (`id`, `rank`, `is_play_off`, `is_out_of_race`, `is_disqualified`, `standard_points`, `meeting_individual_points`, `minutes`, `seconds`, `hundreds`, `meeting_program_id`, `swimmer_id`, `team_id`, `badge_id`, `user_id`, `created_at`, `updated_at`, `disqualification_code_type_id`, `goggle_cup_points`, `reaction_time`, `team_points`, `team_affiliation_id`)
  VALUES (182109, 1, 1, 0, 0, 667.83, 667.83, 1, 31, 88, 20171, 3340, 188, 6561, 1, '2015-02-26 23:51:38', '2015-02-26 23:51:38', NULL, 0.0, 0.0, 0.0, 383);

INSERT INTO `meeting_individual_results` (`id`, `rank`, `is_play_off`, `is_out_of_race`, `is_disqualified`, `standard_points`, `meeting_individual_points`, `minutes`, `seconds`, `hundreds`, `meeting_program_id`, `swimmer_id`, `team_id`, `badge_id`, `user_id`, `created_at`, `updated_at`, `disqualification_code_type_id`, `goggle_cup_points`, `reaction_time`, `team_points`, `team_affiliation_id`)
  VALUES (182110, 2, 1, 0, 0, 493.25, 493.25, 2, 4, 40, 20171, 13204, 383, 17028, 1, '2015-02-26 23:51:38', '2015-02-26 23:51:38', NULL, 0.0, 0.0, 0.0, 603);

INSERT INTO `meeting_individual_results` (`id`, `rank`, `is_play_off`, `is_out_of_race`, `is_disqualified`, `standard_points`, `meeting_individual_points`, `minutes`, `seconds`, `hundreds`, `meeting_program_id`, `swimmer_id`, `team_id`, `badge_id`, `user_id`, `created_at`, `updated_at`, `disqualification_code_type_id`, `goggle_cup_points`, `reaction_time`, `team_points`, `team_affiliation_id`)
  VALUES (182111, 1, 1, 0, 0, 619.12, 619.12, 1, 45, 99, 20172, 3344, 188, 6565, 1, '2015-02-26 23:51:38', '2015-02-26 23:51:38', NULL, 0.0, 0.0, 0.0, 383);

INSERT INTO `meeting_individual_results` (`id`, `rank`, `is_play_off`, `is_out_of_race`, `is_disqualified`, `standard_points`, `meeting_individual_points`, `minutes`, `seconds`, `hundreds`, `meeting_program_id`, `swimmer_id`, `team_id`, `badge_id`, `user_id`, `created_at`, `updated_at`, `disqualification_code_type_id`, `goggle_cup_points`, `reaction_time`, `team_points`, `team_affiliation_id`)
  VALUES (182112, 1, 1, 0, 0, 715.96, 715.96, 1, 39, 60, 20173, 3385, 194, 6606, 1, '2015-02-26 23:51:38', '2015-02-26 23:51:38', NULL, 0.0, 0.0, 0.0, 389);

INSERT INTO `meeting_individual_results` (`id`, `rank`, `is_play_off`, `is_out_of_race`, `is_disqualified`, `standard_points`, `meeting_individual_points`, `minutes`, `seconds`, `hundreds`, `meeting_program_id`, `swimmer_id`, `team_id`, `badge_id`, `user_id`, `created_at`, `updated_at`, `disqualification_code_type_id`, `goggle_cup_points`, `reaction_time`, `team_points`, `team_affiliation_id`)
  VALUES (182113, 1, 1, 0, 0, 0.0, 0.0, 1, 18, 23, 20174, 11616, 490, 15349, 1, '2015-02-26 23:51:39', '2015-02-26 23:51:39', NULL, 0.0, 0.0, 0.0, 710);

INSERT INTO `meeting_individual_results` (`id`, `rank`, `is_play_off`, `is_out_of_race`, `is_disqualified`, `standard_points`, `meeting_individual_points`, `minutes`, `seconds`, `hundreds`, `meeting_program_id`, `swimmer_id`, `team_id`, `badge_id`, `user_id`, `created_at`, `updated_at`, `disqualification_code_type_id`, `goggle_cup_points`, `reaction_time`, `team_points`, `team_affiliation_id`)
  VALUES (182114, 1, 1, 0, 0, 792.71, 792.71, 2, 37, 65, 20175, 17140, 115, 20961, 1, '2015-02-26 23:51:39', '2015-02-26 23:51:39', NULL, 0.0, 0.0, 0.0, 308);

INSERT INTO `meeting_individual_results` (`id`, `rank`, `is_play_off`, `is_out_of_race`, `is_disqualified`, `standard_points`, `meeting_individual_points`, `minutes`, `seconds`, `hundreds`, `meeting_program_id`, `swimmer_id`, `team_id`, `badge_id`, `user_id`, `created_at`, `updated_at`, `disqualification_code_type_id`, `goggle_cup_points`, `reaction_time`, `team_points`, `team_affiliation_id`)
  VALUES (182115, 2, 1, 0, 0, 691.74, 691.74, 3, 0, 66, 20175, 9390, 490, 12803, 1, '2015-02-26 23:51:39', '2015-02-26 23:51:39', NULL, 0.0, 0.0, 0.0, 710);

INSERT INTO `meeting_individual_results` (`id`, `rank`, `is_play_off`, `is_out_of_race`, `is_disqualified`, `standard_points`, `meeting_individual_points`, `minutes`, `seconds`, `hundreds`, `meeting_program_id`, `swimmer_id`, `team_id`, `badge_id`, `user_id`, `created_at`, `updated_at`, `disqualification_code_type_id`, `goggle_cup_points`, `reaction_time`, `team_points`, `team_affiliation_id`)
  VALUES (182116, 3, 1, 0, 0, 675.48, 675.48, 3, 5, 1, 20175, 11600, 190, 15306, 1, '2015-02-26 23:51:39', '2015-02-26 23:51:39', NULL, 0.0, 0.0, 0.0, 385);

INSERT INTO `meeting_individual_results` (`id`, `rank`, `is_play_off`, `is_out_of_race`, `is_disqualified`, `standard_points`, `meeting_individual_points`, `minutes`, `seconds`, `hundreds`, `meeting_program_id`, `swimmer_id`, `team_id`, `badge_id`, `user_id`, `created_at`, `updated_at`, `disqualification_code_type_id`, `goggle_cup_points`, `reaction_time`, `team_points`, `team_affiliation_id`)
  VALUES (182117, 1, 1, 0, 0, 786.62, 786.62, 2, 40, 28, 20176, 2553, 115, 5753, 1, '2015-02-26 23:51:39', '2015-02-26 23:51:39', NULL, 0.0, 0.0, 0.0, 308);

INSERT INTO `meeting_individual_results` (`id`, `rank`, `is_play_off`, `is_out_of_race`, `is_disqualified`, `standard_points`, `meeting_individual_points`, `minutes`, `seconds`, `hundreds`, `meeting_program_id`, `swimmer_id`, `team_id`, `badge_id`, `user_id`, `created_at`, `updated_at`, `disqualification_code_type_id`, `goggle_cup_points`, `reaction_time`, `team_points`, `team_affiliation_id`)
  VALUES (182118, 2, 1, 0, 0, 643.3, 643.3, 3, 15, 99, 20176, 11615, 490, 15338, 1, '2015-02-26 23:51:39', '2015-02-26 23:51:39', NULL, 0.0, 0.0, 0.0, 710);

INSERT INTO `meeting_individual_results` (`id`, `rank`, `is_play_off`, `is_out_of_race`, `is_disqualified`, `standard_points`, `meeting_individual_points`, `minutes`, `seconds`, `hundreds`, `meeting_program_id`, `swimmer_id`, `team_id`, `badge_id`, `user_id`, `created_at`, `updated_at`, `disqualification_code_type_id`, `goggle_cup_points`, `reaction_time`, `team_points`, `team_affiliation_id`)
  VALUES (182119, 3, 1, 0, 0, 592.45, 592.45, 3, 32, 81, 20176, 15411, 190, 19372, 1, '2015-02-26 23:51:39', '2015-02-26 23:51:39', NULL, 0.0, 0.0, 0.0, 385);

INSERT INTO `meeting_individual_results` (`id`, `rank`, `is_play_off`, `is_out_of_race`, `is_disqualified`, `standard_points`, `meeting_individual_points`, `minutes`, `seconds`, `hundreds`, `meeting_program_id`, `swimmer_id`, `team_id`, `badge_id`, `user_id`, `created_at`, `updated_at`, `disqualification_code_type_id`, `goggle_cup_points`, `reaction_time`, `team_points`, `team_affiliation_id`)
  VALUES (182120, 1, 1, 0, 0, 793.45, 793.45, 2, 39, 48, 20177, 2471, 115, 5671, 1, '2015-02-26 23:51:39', '2015-02-26 23:51:39', NULL, 0.0, 0.0, 0.0, 308);

INSERT INTO `meeting_individual_results` (`id`, `rank`, `is_play_off`, `is_out_of_race`, `is_disqualified`, `standard_points`, `meeting_individual_points`, `minutes`, `seconds`, `hundreds`, `meeting_program_id`, `swimmer_id`, `team_id`, `badge_id`, `user_id`, `created_at`, `updated_at`, `disqualification_code_type_id`, `goggle_cup_points`, `reaction_time`, `team_points`, `team_affiliation_id`)
  VALUES (182121, 2, 1, 0, 0, 735.91, 735.91, 2, 51, 95, 20177, 12414, 185, 16201, 1, '2015-02-26 23:51:39', '2015-02-26 23:51:39', NULL, 0.0, 0.0, 0.0, 380);

INSERT INTO `meeting_individual_results` (`id`, `rank`, `is_play_off`, `is_out_of_race`, `is_disqualified`, `standard_points`, `meeting_individual_points`, `minutes`, `seconds`, `hundreds`, `meeting_program_id`, `swimmer_id`, `team_id`, `badge_id`, `user_id`, `created_at`, `updated_at`, `disqualification_code_type_id`, `goggle_cup_points`, `reaction_time`, `team_points`, `team_affiliation_id`)
  VALUES (182122, 1, 1, 0, 0, 747.14, 747.14, 2, 52, 86, 20178, 17146, 439, 20947, 1, '2015-02-26 23:51:39', '2015-02-26 23:51:39', NULL, 0.0, 0.0, 0.0, 659);

INSERT INTO `meeting_individual_results` (`id`, `rank`, `is_play_off`, `is_out_of_race`, `is_disqualified`, `standard_points`, `meeting_individual_points`, `minutes`, `seconds`, `hundreds`, `meeting_program_id`, `swimmer_id`, `team_id`, `badge_id`, `user_id`, `created_at`, `updated_at`, `disqualification_code_type_id`, `goggle_cup_points`, `reaction_time`, `team_points`, `team_affiliation_id`)
  VALUES (182123, 2, 1, 0, 0, 737.49, 737.49, 2, 55, 12, 20178, 12421, 319, 16202, 1, '2015-02-26 23:51:40', '2015-02-26 23:51:40', NULL, 0.0, 0.0, 0.0, 536);

INSERT INTO `meeting_individual_results` (`id`, `rank`, `is_play_off`, `is_out_of_race`, `is_disqualified`, `standard_points`, `meeting_individual_points`, `minutes`, `seconds`, `hundreds`, `meeting_program_id`, `swimmer_id`, `team_id`, `badge_id`, `user_id`, `created_at`, `updated_at`, `disqualification_code_type_id`, `goggle_cup_points`, `reaction_time`, `team_points`, `team_affiliation_id`)
  VALUES (182124, 1, 1, 0, 0, 636.35, 636.35, 3, 27, 95, 20179, 15402, 190, 19260, 1, '2015-02-26 23:51:40', '2015-02-26 23:51:40', NULL, 0.0, 0.0, 0.0, 385);

INSERT INTO `meeting_individual_results` (`id`, `rank`, `is_play_off`, `is_out_of_race`, `is_disqualified`, `standard_points`, `meeting_individual_points`, `minutes`, `seconds`, `hundreds`, `meeting_program_id`, `swimmer_id`, `team_id`, `badge_id`, `user_id`, `created_at`, `updated_at`, `disqualification_code_type_id`, `goggle_cup_points`, `reaction_time`, `team_points`, `team_affiliation_id`)
  VALUES (182125, 1, 1, 0, 0, 0.0, 0.0, 3, 30, 8, 20180, 11816, 190, 15913, 1, '2015-02-26 23:51:40', '2015-02-26 23:51:40', NULL, 0.0, 0.0, 0.0, 385);

INSERT INTO `meeting_individual_results` (`id`, `rank`, `is_play_off`, `is_out_of_race`, `is_disqualified`, `standard_points`, `meeting_individual_points`, `minutes`, `seconds`, `hundreds`, `meeting_program_id`, `swimmer_id`, `team_id`, `badge_id`, `user_id`, `created_at`, `updated_at`, `disqualification_code_type_id`, `goggle_cup_points`, `reaction_time`, `team_points`, `team_affiliation_id`)
  VALUES (182126, 1, 1, 0, 0, 920.12, 920.12, 2, 0, 81, 20181, 3364, 192, 6585, 1, '2015-02-26 23:51:40', '2015-02-26 23:51:40', NULL, 0.0, 0.0, 0.0, 387);

INSERT INTO `meeting_individual_results` (`id`, `rank`, `is_play_off`, `is_out_of_race`, `is_disqualified`, `standard_points`, `meeting_individual_points`, `minutes`, `seconds`, `hundreds`, `meeting_program_id`, `swimmer_id`, `team_id`, `badge_id`, `user_id`, `created_at`, `updated_at`, `disqualification_code_type_id`, `goggle_cup_points`, `reaction_time`, `team_points`, `team_affiliation_id`)
  VALUES (182127, 2, 1, 0, 0, 756.4, 756.4, 2, 26, 96, 20181, 3297, 190, 6518, 1, '2015-02-26 23:51:40', '2015-02-26 23:51:40', NULL, 0.0, 0.0, 0.0, 385);

INSERT INTO `meeting_individual_results` (`id`, `rank`, `is_play_off`, `is_out_of_race`, `is_disqualified`, `standard_points`, `meeting_individual_points`, `minutes`, `seconds`, `hundreds`, `meeting_program_id`, `swimmer_id`, `team_id`, `badge_id`, `user_id`, `created_at`, `updated_at`, `disqualification_code_type_id`, `goggle_cup_points`, `reaction_time`, `team_points`, `team_affiliation_id`)
  VALUES (182128, 3, 1, 0, 0, 690.78, 690.78, 2, 40, 92, 20181, 3299, 190, 6520, 1, '2015-02-26 23:51:40', '2015-02-26 23:51:40', NULL, 0.0, 0.0, 0.0, 385);

INSERT INTO `meeting_individual_results` (`id`, `rank`, `is_play_off`, `is_out_of_race`, `is_disqualified`, `standard_points`, `meeting_individual_points`, `minutes`, `seconds`, `hundreds`, `meeting_program_id`, `swimmer_id`, `team_id`, `badge_id`, `user_id`, `created_at`, `updated_at`, `disqualification_code_type_id`, `goggle_cup_points`, `reaction_time`, `team_points`, `team_affiliation_id`)
  VALUES (182129, 1, 1, 0, 0, 834.43, 834.43, 2, 13, 18, 20182, 3303, 190, 6524, 1, '2015-02-26 23:51:40', '2015-02-26 23:51:40', NULL, 0.0, 0.0, 0.0, 385);

INSERT INTO `meeting_individual_results` (`id`, `rank`, `is_play_off`, `is_out_of_race`, `is_disqualified`, `standard_points`, `meeting_individual_points`, `minutes`, `seconds`, `hundreds`, `meeting_program_id`, `swimmer_id`, `team_id`, `badge_id`, `user_id`, `created_at`, `updated_at`, `disqualification_code_type_id`, `goggle_cup_points`, `reaction_time`, `team_points`, `team_affiliation_id`)
  VALUES (182130, 2, 1, 0, 0, 793.22, 793.22, 2, 20, 10, 20182, 3302, 190, 6523, 1, '2015-02-26 23:51:40', '2015-02-26 23:51:40', NULL, 0.0, 0.0, 0.0, 385);

INSERT INTO `meeting_individual_results` (`id`, `rank`, `is_play_off`, `is_out_of_race`, `is_disqualified`, `standard_points`, `meeting_individual_points`, `minutes`, `seconds`, `hundreds`, `meeting_program_id`, `swimmer_id`, `team_id`, `badge_id`, `user_id`, `created_at`, `updated_at`, `disqualification_code_type_id`, `goggle_cup_points`, `reaction_time`, `team_points`, `team_affiliation_id`)
  VALUES (182131, 3, 1, 0, 0, 755.42, 755.42, 2, 27, 11, 20182, 15549, 190, 19307, 1, '2015-02-26 23:51:40', '2015-02-26 23:51:40', NULL, 0.0, 0.0, 0.0, 385);

INSERT INTO `meeting_individual_results` (`id`, `rank`, `is_play_off`, `is_out_of_race`, `is_disqualified`, `standard_points`, `meeting_individual_points`, `minutes`, `seconds`, `hundreds`, `meeting_program_id`, `swimmer_id`, `team_id`, `badge_id`, `user_id`, `created_at`, `updated_at`, `disqualification_code_type_id`, `goggle_cup_points`, `reaction_time`, `team_points`, `team_affiliation_id`)
  VALUES (182132, 4, 1, 0, 0, 722.19, 722.19, 2, 33, 88, 20182, 5247, 115, 8917, 1, '2015-02-26 23:51:40', '2015-02-26 23:51:40', NULL, 0.0, 0.0, 0.0, 308);

INSERT INTO `meeting_individual_results` (`id`, `rank`, `is_play_off`, `is_out_of_race`, `is_disqualified`, `standard_points`, `meeting_individual_points`, `minutes`, `seconds`, `hundreds`, `meeting_program_id`, `swimmer_id`, `team_id`, `badge_id`, `user_id`, `created_at`, `updated_at`, `disqualification_code_type_id`, `goggle_cup_points`, `reaction_time`, `team_points`, `team_affiliation_id`)
  VALUES (182133, 5, 1, 0, 0, 634.45, 634.45, 2, 55, 16, 20182, 12320, 190, 15731, 1, '2015-02-26 23:51:41', '2015-02-26 23:51:41', NULL, 0.0, 0.0, 0.0, 385);

INSERT INTO `meeting_individual_results` (`id`, `rank`, `is_play_off`, `is_out_of_race`, `is_disqualified`, `standard_points`, `meeting_individual_points`, `minutes`, `seconds`, `hundreds`, `meeting_program_id`, `swimmer_id`, `team_id`, `badge_id`, `user_id`, `created_at`, `updated_at`, `disqualification_code_type_id`, `goggle_cup_points`, `reaction_time`, `team_points`, `team_affiliation_id`)
  VALUES (182134, 6, 1, 0, 0, 540.75, 540.75, 3, 25, 51, 20182, 12446, 185, 16208, 1, '2015-02-26 23:51:41', '2015-02-26 23:51:41', NULL, 0.0, 0.0, 0.0, 380);

INSERT INTO `meeting_individual_results` (`id`, `rank`, `is_play_off`, `is_out_of_race`, `is_disqualified`, `standard_points`, `meeting_individual_points`, `minutes`, `seconds`, `hundreds`, `meeting_program_id`, `swimmer_id`, `team_id`, `badge_id`, `user_id`, `created_at`, `updated_at`, `disqualification_code_type_id`, `goggle_cup_points`, `reaction_time`, `team_points`, `team_affiliation_id`)
  VALUES (182135, 7, 1, 0, 0, 493.69, 493.69, 3, 45, 10, 20182, 13257, 190, 17056, 1, '2015-02-26 23:51:41', '2015-02-26 23:51:41', NULL, 0.0, 0.0, 0.0, 385);

INSERT INTO `meeting_individual_results` (`id`, `rank`, `is_play_off`, `is_out_of_race`, `is_disqualified`, `standard_points`, `meeting_individual_points`, `minutes`, `seconds`, `hundreds`, `meeting_program_id`, `swimmer_id`, `team_id`, `badge_id`, `user_id`, `created_at`, `updated_at`, `disqualification_code_type_id`, `goggle_cup_points`, `reaction_time`, `team_points`, `team_affiliation_id`)
  VALUES (182136, 1, 1, 0, 0, 825.58, 825.58, 2, 17, 20, 20183, 16699, 189, 20511, 1, '2015-02-26 23:51:41', '2015-02-26 23:51:41', NULL, 0.0, 0.0, 0.0, 384);

INSERT INTO `meeting_individual_results` (`id`, `rank`, `is_play_off`, `is_out_of_race`, `is_disqualified`, `standard_points`, `meeting_individual_points`, `minutes`, `seconds`, `hundreds`, `meeting_program_id`, `swimmer_id`, `team_id`, `badge_id`, `user_id`, `created_at`, `updated_at`, `disqualification_code_type_id`, `goggle_cup_points`, `reaction_time`, `team_points`, `team_affiliation_id`)
  VALUES (182137, 2, 1, 0, 0, 577.47, 577.47, 3, 16, 15, 20183, 12416, 185, 16210, 1, '2015-02-26 23:51:41', '2015-02-26 23:51:41', NULL, 0.0, 0.0, 0.0, 380);

INSERT INTO `meeting_individual_results` (`id`, `rank`, `is_play_off`, `is_out_of_race`, `is_disqualified`, `standard_points`, `meeting_individual_points`, `minutes`, `seconds`, `hundreds`, `meeting_program_id`, `swimmer_id`, `team_id`, `badge_id`, `user_id`, `created_at`, `updated_at`, `disqualification_code_type_id`, `goggle_cup_points`, `reaction_time`, `team_points`, `team_affiliation_id`)
  VALUES (182138, 1, 1, 0, 0, 770.42, 770.42, 2, 29, 27, 20184, 11560, 490, 15330, 1, '2015-02-26 23:51:41', '2015-02-26 23:51:41', NULL, 0.0, 0.0, 0.0, 710);

INSERT INTO `meeting_individual_results` (`id`, `rank`, `is_play_off`, `is_out_of_race`, `is_disqualified`, `standard_points`, `meeting_individual_points`, `minutes`, `seconds`, `hundreds`, `meeting_program_id`, `swimmer_id`, `team_id`, `badge_id`, `user_id`, `created_at`, `updated_at`, `disqualification_code_type_id`, `goggle_cup_points`, `reaction_time`, `team_points`, `team_affiliation_id`)
  VALUES (182139, 2, 1, 0, 0, 735.72, 735.72, 2, 36, 31, 20184, 15479, 190, 19410, 1, '2015-02-26 23:51:41', '2015-02-26 23:51:41', NULL, 0.0, 0.0, 0.0, 385);

INSERT INTO `meeting_individual_results` (`id`, `rank`, `is_play_off`, `is_out_of_race`, `is_disqualified`, `standard_points`, `meeting_individual_points`, `minutes`, `seconds`, `hundreds`, `meeting_program_id`, `swimmer_id`, `team_id`, `badge_id`, `user_id`, `created_at`, `updated_at`, `disqualification_code_type_id`, `goggle_cup_points`, `reaction_time`, `team_points`, `team_affiliation_id`)
  VALUES (182140, 3, 1, 0, 0, 730.16, 730.16, 2, 37, 50, 20184, 3312, 190, 6533, 1, '2015-02-26 23:51:41', '2015-02-26 23:51:41', NULL, 0.0, 0.0, 0.0, 385);

INSERT INTO `meeting_individual_results` (`id`, `rank`, `is_play_off`, `is_out_of_race`, `is_disqualified`, `standard_points`, `meeting_individual_points`, `minutes`, `seconds`, `hundreds`, `meeting_program_id`, `swimmer_id`, `team_id`, `badge_id`, `user_id`, `created_at`, `updated_at`, `disqualification_code_type_id`, `goggle_cup_points`, `reaction_time`, `team_points`, `team_affiliation_id`)
  VALUES (182141, 4, 1, 0, 0, 709.53, 709.53, 2, 42, 8, 20184, 15664, 115, 19456, 1, '2015-02-26 23:51:41', '2015-02-26 23:51:41', NULL, 0.0, 0.0, 0.0, 308);

INSERT INTO `meeting_individual_results` (`id`, `rank`, `is_play_off`, `is_out_of_race`, `is_disqualified`, `standard_points`, `meeting_individual_points`, `minutes`, `seconds`, `hundreds`, `meeting_program_id`, `swimmer_id`, `team_id`, `badge_id`, `user_id`, `created_at`, `updated_at`, `disqualification_code_type_id`, `goggle_cup_points`, `reaction_time`, `team_points`, `team_affiliation_id`)
  VALUES (182142, 5, 1, 0, 0, 629.41, 629.41, 3, 2, 71, 20184, 9375, 490, 12873, 1, '2015-02-26 23:51:41', '2015-02-26 23:51:41', NULL, 0.0, 0.0, 0.0, 710);

INSERT INTO `meeting_individual_results` (`id`, `rank`, `is_play_off`, `is_out_of_race`, `is_disqualified`, `standard_points`, `meeting_individual_points`, `minutes`, `seconds`, `hundreds`, `meeting_program_id`, `swimmer_id`, `team_id`, `badge_id`, `user_id`, `created_at`, `updated_at`, `disqualification_code_type_id`, `goggle_cup_points`, `reaction_time`, `team_points`, `team_affiliation_id`)
  VALUES (182143, 6, 1, 0, 0, 601.5, 601.5, 3, 11, 19, 20184, 12449, 185, 16230, 1, '2015-02-26 23:51:42', '2015-02-26 23:51:42', NULL, 0.0, 0.0, 0.0, 380);

INSERT INTO `meeting_individual_results` (`id`, `rank`, `is_play_off`, `is_out_of_race`, `is_disqualified`, `standard_points`, `meeting_individual_points`, `minutes`, `seconds`, `hundreds`, `meeting_program_id`, `swimmer_id`, `team_id`, `badge_id`, `user_id`, `created_at`, `updated_at`, `disqualification_code_type_id`, `goggle_cup_points`, `reaction_time`, `team_points`, `team_affiliation_id`)
  VALUES (182144, 7, 1, 0, 0, 522.54, 522.54, 3, 40, 8, 20184, 12179, 190, 15795, 1, '2015-02-26 23:51:42', '2015-02-26 23:51:42', NULL, 0.0, 0.0, 0.0, 385);

INSERT INTO `meeting_individual_results` (`id`, `rank`, `is_play_off`, `is_out_of_race`, `is_disqualified`, `standard_points`, `meeting_individual_points`, `minutes`, `seconds`, `hundreds`, `meeting_program_id`, `swimmer_id`, `team_id`, `badge_id`, `user_id`, `created_at`, `updated_at`, `disqualification_code_type_id`, `goggle_cup_points`, `reaction_time`, `team_points`, `team_affiliation_id`)
  VALUES (182145, 1, 1, 0, 0, 674.55, 674.55, 2, 53, 73, 20185, 17161, 185, 20944, 1, '2015-02-26 23:51:42', '2015-02-26 23:51:42', NULL, 0.0, 0.0, 0.0, 380);

INSERT INTO `meeting_individual_results` (`id`, `rank`, `is_play_off`, `is_out_of_race`, `is_disqualified`, `standard_points`, `meeting_individual_points`, `minutes`, `seconds`, `hundreds`, `meeting_program_id`, `swimmer_id`, `team_id`, `badge_id`, `user_id`, `created_at`, `updated_at`, `disqualification_code_type_id`, `goggle_cup_points`, `reaction_time`, `team_points`, `team_affiliation_id`)
  VALUES (182146, 2, 1, 0, 0, 614.11, 614.11, 3, 10, 83, 20185, 16683, 435, 20503, 1, '2015-02-26 23:51:42', '2015-02-26 23:51:42', NULL, 0.0, 0.0, 0.0, 655);

INSERT INTO `meeting_individual_results` (`id`, `rank`, `is_play_off`, `is_out_of_race`, `is_disqualified`, `standard_points`, `meeting_individual_points`, `minutes`, `seconds`, `hundreds`, `meeting_program_id`, `swimmer_id`, `team_id`, `badge_id`, `user_id`, `created_at`, `updated_at`, `disqualification_code_type_id`, `goggle_cup_points`, `reaction_time`, `team_points`, `team_affiliation_id`)
  VALUES (182147, 3, 1, 0, 0, 600.45, 600.45, 3, 15, 17, 20185, 3324, 190, 6545, 1, '2015-02-26 23:51:42', '2015-02-26 23:51:42', NULL, 0.0, 0.0, 0.0, 385);

INSERT INTO `meeting_individual_results` (`id`, `rank`, `is_play_off`, `is_out_of_race`, `is_disqualified`, `standard_points`, `meeting_individual_points`, `minutes`, `seconds`, `hundreds`, `meeting_program_id`, `swimmer_id`, `team_id`, `badge_id`, `user_id`, `created_at`, `updated_at`, `disqualification_code_type_id`, `goggle_cup_points`, `reaction_time`, `team_points`, `team_affiliation_id`)
  VALUES (182148, 4, 1, 0, 0, 585.8, 585.8, 3, 20, 5, 20185, 11610, 190, 15316, 1, '2015-02-26 23:51:42', '2015-02-26 23:51:42', NULL, 0.0, 0.0, 0.0, 385);

INSERT INTO `meeting_individual_results` (`id`, `rank`, `is_play_off`, `is_out_of_race`, `is_disqualified`, `standard_points`, `meeting_individual_points`, `minutes`, `seconds`, `hundreds`, `meeting_program_id`, `swimmer_id`, `team_id`, `badge_id`, `user_id`, `created_at`, `updated_at`, `disqualification_code_type_id`, `goggle_cup_points`, `reaction_time`, `team_points`, `team_affiliation_id`)
  VALUES (182149, 5, 1, 0, 0, 568.66, 568.66, 3, 26, 8, 20185, 3323, 190, 6544, 1, '2015-02-26 23:51:42', '2015-02-26 23:51:42', NULL, 0.0, 0.0, 0.0, 385);

INSERT INTO `meeting_individual_results` (`id`, `rank`, `is_play_off`, `is_out_of_race`, `is_disqualified`, `standard_points`, `meeting_individual_points`, `minutes`, `seconds`, `hundreds`, `meeting_program_id`, `swimmer_id`, `team_id`, `badge_id`, `user_id`, `created_at`, `updated_at`, `disqualification_code_type_id`, `goggle_cup_points`, `reaction_time`, `team_points`, `team_affiliation_id`)
  VALUES (182150, 6, 1, 0, 0, 562.33, 562.33, 3, 28, 40, 20185, 6991, 383, 10670, 1, '2015-02-26 23:51:42', '2015-02-26 23:51:42', NULL, 0.0, 0.0, 0.0, 603);

INSERT INTO `meeting_individual_results` (`id`, `rank`, `is_play_off`, `is_out_of_race`, `is_disqualified`, `standard_points`, `meeting_individual_points`, `minutes`, `seconds`, `hundreds`, `meeting_program_id`, `swimmer_id`, `team_id`, `badge_id`, `user_id`, `created_at`, `updated_at`, `disqualification_code_type_id`, `goggle_cup_points`, `reaction_time`, `team_points`, `team_affiliation_id`)
  VALUES (182151, 1, 1, 0, 0, 817.01, 817.01, 2, 28, 70, 20186, 6189, 203, 10163, 1, '2015-02-26 23:51:42', '2015-02-26 23:51:42', NULL, 0.0, 0.0, 0.0, 398);

INSERT INTO `meeting_individual_results` (`id`, `rank`, `is_play_off`, `is_out_of_race`, `is_disqualified`, `standard_points`, `meeting_individual_points`, `minutes`, `seconds`, `hundreds`, `meeting_program_id`, `swimmer_id`, `team_id`, `badge_id`, `user_id`, `created_at`, `updated_at`, `disqualification_code_type_id`, `goggle_cup_points`, `reaction_time`, `team_points`, `team_affiliation_id`)
  VALUES (182152, 2, 1, 0, 0, 527.8, 527.8, 3, 50, 18, 20186, 9257, 490, 13139, 1, '2015-02-26 23:51:43', '2015-02-26 23:51:43', NULL, 0.0, 0.0, 0.0, 710);

INSERT INTO `meeting_individual_results` (`id`, `rank`, `is_play_off`, `is_out_of_race`, `is_disqualified`, `standard_points`, `meeting_individual_points`, `minutes`, `seconds`, `hundreds`, `meeting_program_id`, `swimmer_id`, `team_id`, `badge_id`, `user_id`, `created_at`, `updated_at`, `disqualification_code_type_id`, `goggle_cup_points`, `reaction_time`, `team_points`, `team_affiliation_id`)
  VALUES (182153, 3, 1, 0, 0, 497.52, 497.52, 4, 4, 19, 20186, 15678, 192, 19464, 1, '2015-02-26 23:51:43', '2015-02-26 23:51:43', NULL, 0.0, 0.0, 0.0, 387);

INSERT INTO `meeting_individual_results` (`id`, `rank`, `is_play_off`, `is_out_of_race`, `is_disqualified`, `standard_points`, `meeting_individual_points`, `minutes`, `seconds`, `hundreds`, `meeting_program_id`, `swimmer_id`, `team_id`, `badge_id`, `user_id`, `created_at`, `updated_at`, `disqualification_code_type_id`, `goggle_cup_points`, `reaction_time`, `team_points`, `team_affiliation_id`)
  VALUES (182154, 1, 1, 0, 0, 738.36, 738.36, 2, 50, 39, 20187, 3332, 194, 6553, 1, '2015-02-26 23:51:43', '2015-02-26 23:51:43', NULL, 0.0, 0.0, 0.0, 389);

INSERT INTO `meeting_individual_results` (`id`, `rank`, `is_play_off`, `is_out_of_race`, `is_disqualified`, `standard_points`, `meeting_individual_points`, `minutes`, `seconds`, `hundreds`, `meeting_program_id`, `swimmer_id`, `team_id`, `badge_id`, `user_id`, `created_at`, `updated_at`, `disqualification_code_type_id`, `goggle_cup_points`, `reaction_time`, `team_points`, `team_affiliation_id`)
  VALUES (182155, 1, 1, 0, 0, 513.96, 513.96, 4, 30, 78, 20188, 13204, 383, 17028, 1, '2015-02-26 23:51:43', '2015-02-26 23:51:43', NULL, 0.0, 0.0, 0.0, 603);

INSERT INTO `meeting_individual_results` (`id`, `rank`, `is_play_off`, `is_out_of_race`, `is_disqualified`, `standard_points`, `meeting_individual_points`, `minutes`, `seconds`, `hundreds`, `meeting_program_id`, `swimmer_id`, `team_id`, `badge_id`, `user_id`, `created_at`, `updated_at`, `disqualification_code_type_id`, `goggle_cup_points`, `reaction_time`, `team_points`, `team_affiliation_id`)
  VALUES (182156, 1, 1, 0, 0, 875.45, 875.45, 3, 54, 21, 20189, 17144, 703, 20962, 1, '2015-02-26 23:51:43', '2015-02-26 23:51:43', NULL, 0.0, 0.0, 0.0, 923);

INSERT INTO `meeting_individual_results` (`id`, `rank`, `is_play_off`, `is_out_of_race`, `is_disqualified`, `standard_points`, `meeting_individual_points`, `minutes`, `seconds`, `hundreds`, `meeting_program_id`, `swimmer_id`, `team_id`, `badge_id`, `user_id`, `created_at`, `updated_at`, `disqualification_code_type_id`, `goggle_cup_points`, `reaction_time`, `team_points`, `team_affiliation_id`)
  VALUES (182157, 1, 1, 0, 0, 0.0, 0.0, 2, 43, 72, 20190, 3349, 190, 6570, 1, '2015-02-26 23:51:43', '2015-02-26 23:51:43', NULL, 0.0, 0.0, 0.0, 385);

INSERT INTO `meeting_individual_results` (`id`, `rank`, `is_play_off`, `is_out_of_race`, `is_disqualified`, `standard_points`, `meeting_individual_points`, `minutes`, `seconds`, `hundreds`, `meeting_program_id`, `swimmer_id`, `team_id`, `badge_id`, `user_id`, `created_at`, `updated_at`, `disqualification_code_type_id`, `goggle_cup_points`, `reaction_time`, `team_points`, `team_affiliation_id`)
  VALUES (182158, 2, 1, 0, 0, 0.0, 0.0, 2, 53, 33, 20190, 17149, 190, 20963, 1, '2015-02-26 23:51:43', '2015-02-26 23:51:43', NULL, 0.0, 0.0, 0.0, 385);

INSERT INTO `meeting_individual_results` (`id`, `rank`, `is_play_off`, `is_out_of_race`, `is_disqualified`, `standard_points`, `meeting_individual_points`, `minutes`, `seconds`, `hundreds`, `meeting_program_id`, `swimmer_id`, `team_id`, `badge_id`, `user_id`, `created_at`, `updated_at`, `disqualification_code_type_id`, `goggle_cup_points`, `reaction_time`, `team_points`, `team_affiliation_id`)
  VALUES (182159, 3, 1, 0, 0, 0.0, 0.0, 2, 58, 92, 20190, 11552, 490, 15336, 1, '2015-02-26 23:51:43', '2015-02-26 23:51:43', NULL, 0.0, 0.0, 0.0, 710);

INSERT INTO `meeting_individual_results` (`id`, `rank`, `is_play_off`, `is_out_of_race`, `is_disqualified`, `standard_points`, `meeting_individual_points`, `minutes`, `seconds`, `hundreds`, `meeting_program_id`, `swimmer_id`, `team_id`, `badge_id`, `user_id`, `created_at`, `updated_at`, `disqualification_code_type_id`, `goggle_cup_points`, `reaction_time`, `team_points`, `team_affiliation_id`)
  VALUES (182160, 1, 1, 0, 0, 766.89, 766.89, 0, 39, 51, 20191, 9162, 185, 13000, 1, '2015-02-26 23:51:43', '2015-02-26 23:51:43', NULL, 0.0, 0.0, 0.0, 380);

INSERT INTO `meeting_individual_results` (`id`, `rank`, `is_play_off`, `is_out_of_race`, `is_disqualified`, `standard_points`, `meeting_individual_points`, `minutes`, `seconds`, `hundreds`, `meeting_program_id`, `swimmer_id`, `team_id`, `badge_id`, `user_id`, `created_at`, `updated_at`, `disqualification_code_type_id`, `goggle_cup_points`, `reaction_time`, `team_points`, `team_affiliation_id`)
  VALUES (182161, 1, 1, 0, 0, 426.99, 426.99, 1, 12, 11, 20192, 17150, 185, 20964, 1, '2015-02-26 23:51:43', '2015-02-26 23:51:43', NULL, 0.0, 0.0, 0.0, 380);

INSERT INTO `meeting_individual_results` (`id`, `rank`, `is_play_off`, `is_out_of_race`, `is_disqualified`, `standard_points`, `meeting_individual_points`, `minutes`, `seconds`, `hundreds`, `meeting_program_id`, `swimmer_id`, `team_id`, `badge_id`, `user_id`, `created_at`, `updated_at`, `disqualification_code_type_id`, `goggle_cup_points`, `reaction_time`, `team_points`, `team_affiliation_id`)
  VALUES (182162, 1, 1, 0, 0, 608.69, 608.69, 0, 51, 80, 20193, 17160, 185, 20965, 1, '2015-02-26 23:51:44', '2015-02-26 23:51:44', NULL, 0.0, 0.0, 0.0, 380);

INSERT INTO `meeting_individual_results` (`id`, `rank`, `is_play_off`, `is_out_of_race`, `is_disqualified`, `standard_points`, `meeting_individual_points`, `minutes`, `seconds`, `hundreds`, `meeting_program_id`, `swimmer_id`, `team_id`, `badge_id`, `user_id`, `created_at`, `updated_at`, `disqualification_code_type_id`, `goggle_cup_points`, `reaction_time`, `team_points`, `team_affiliation_id`)
  VALUES (182163, 1, 1, 0, 0, 579.99, 579.99, 0, 56, 57, 20194, 17142, 704, 20941, 1, '2015-02-26 23:51:44', '2015-02-26 23:51:44', NULL, 0.0, 0.0, 0.0, 924);

INSERT INTO `meeting_individual_results` (`id`, `rank`, `is_play_off`, `is_out_of_race`, `is_disqualified`, `standard_points`, `meeting_individual_points`, `minutes`, `seconds`, `hundreds`, `meeting_program_id`, `swimmer_id`, `team_id`, `badge_id`, `user_id`, `created_at`, `updated_at`, `disqualification_code_type_id`, `goggle_cup_points`, `reaction_time`, `team_points`, `team_affiliation_id`)
  VALUES (182164, 1, 1, 0, 0, 644.04, 644.04, 0, 59, 8, 20195, 3290, 194, 6511, 1, '2015-02-26 23:51:44', '2015-02-26 23:51:44', NULL, 0.0, 0.0, 0.0, 389);

INSERT INTO `meeting_individual_results` (`id`, `rank`, `is_play_off`, `is_out_of_race`, `is_disqualified`, `standard_points`, `meeting_individual_points`, `minutes`, `seconds`, `hundreds`, `meeting_program_id`, `swimmer_id`, `team_id`, `badge_id`, `user_id`, `created_at`, `updated_at`, `disqualification_code_type_id`, `goggle_cup_points`, `reaction_time`, `team_points`, `team_affiliation_id`)
  VALUES (182165, 1, 1, 0, 0, 766.83, 766.83, 0, 32, 98, 20196, 12457, 185, 16220, 1, '2015-02-26 23:51:44', '2015-02-26 23:51:44', NULL, 0.0, 0.0, 0.0, 380);

INSERT INTO `meeting_individual_results` (`id`, `rank`, `is_play_off`, `is_out_of_race`, `is_disqualified`, `standard_points`, `meeting_individual_points`, `minutes`, `seconds`, `hundreds`, `meeting_program_id`, `swimmer_id`, `team_id`, `badge_id`, `user_id`, `created_at`, `updated_at`, `disqualification_code_type_id`, `goggle_cup_points`, `reaction_time`, `team_points`, `team_affiliation_id`)
  VALUES (182166, 2, 1, 0, 0, 463.36, 463.36, 0, 54, 58, 20196, 17159, 496, 20966, 1, '2015-02-26 23:51:44', '2015-02-26 23:51:44', NULL, 0.0, 0.0, 0.0, 716);

INSERT INTO `meeting_individual_results` (`id`, `rank`, `is_play_off`, `is_out_of_race`, `is_disqualified`, `standard_points`, `meeting_individual_points`, `minutes`, `seconds`, `hundreds`, `meeting_program_id`, `swimmer_id`, `team_id`, `badge_id`, `user_id`, `created_at`, `updated_at`, `disqualification_code_type_id`, `goggle_cup_points`, `reaction_time`, `team_points`, `team_affiliation_id`)
  VALUES (182167, 1, 1, 0, 0, 629.69, 629.69, 0, 40, 75, 20197, 17172, 185, 20967, 1, '2015-02-26 23:51:44', '2015-02-26 23:51:44', NULL, 0.0, 0.0, 0.0, 380);

INSERT INTO `meeting_individual_results` (`id`, `rank`, `is_play_off`, `is_out_of_race`, `is_disqualified`, `standard_points`, `meeting_individual_points`, `minutes`, `seconds`, `hundreds`, `meeting_program_id`, `swimmer_id`, `team_id`, `badge_id`, `user_id`, `created_at`, `updated_at`, `disqualification_code_type_id`, `goggle_cup_points`, `reaction_time`, `team_points`, `team_affiliation_id`)
  VALUES (182168, 1, 1, 0, 0, 572.73, 572.73, 0, 46, 27, 20198, 13574, 490, 17343, 1, '2015-02-26 23:51:44', '2015-02-26 23:51:44', NULL, 0.0, 0.0, 0.0, 710);

INSERT INTO `meeting_individual_results` (`id`, `rank`, `is_play_off`, `is_out_of_race`, `is_disqualified`, `standard_points`, `meeting_individual_points`, `minutes`, `seconds`, `hundreds`, `meeting_program_id`, `swimmer_id`, `team_id`, `badge_id`, `user_id`, `created_at`, `updated_at`, `disqualification_code_type_id`, `goggle_cup_points`, `reaction_time`, `team_points`, `team_affiliation_id`)
  VALUES (182169, 1, 1, 0, 0, 280.5, 280.5, 1, 35, 65, 20199, 11576, 188, 15362, 1, '2015-02-26 23:51:44', '2015-02-26 23:51:44', NULL, 0.0, 0.0, 0.0, 383);

INSERT INTO `meeting_individual_results` (`id`, `rank`, `is_play_off`, `is_out_of_race`, `is_disqualified`, `standard_points`, `meeting_individual_points`, `minutes`, `seconds`, `hundreds`, `meeting_program_id`, `swimmer_id`, `team_id`, `badge_id`, `user_id`, `created_at`, `updated_at`, `disqualification_code_type_id`, `goggle_cup_points`, `reaction_time`, `team_points`, `team_affiliation_id`)
  VALUES (182170, 1, 1, 0, 0, 803.97, 803.97, 0, 34, 23, 20200, 8333, 439, 12169, 1, '2015-02-26 23:51:44', '2015-02-26 23:51:44', NULL, 0.0, 0.0, 0.0, 659);

INSERT INTO `meeting_individual_results` (`id`, `rank`, `is_play_off`, `is_out_of_race`, `is_disqualified`, `standard_points`, `meeting_individual_points`, `minutes`, `seconds`, `hundreds`, `meeting_program_id`, `swimmer_id`, `team_id`, `badge_id`, `user_id`, `created_at`, `updated_at`, `disqualification_code_type_id`, `goggle_cup_points`, `reaction_time`, `team_points`, `team_affiliation_id`)
  VALUES (182171, 1, 1, 0, 0, 428.98, 428.98, 1, 6, 67, 20201, 17171, 496, 20968, 1, '2015-02-26 23:51:44', '2015-02-26 23:51:44', NULL, 0.0, 0.0, 0.0, 716);

INSERT INTO `meeting_individual_results` (`id`, `rank`, `is_play_off`, `is_out_of_race`, `is_disqualified`, `standard_points`, `meeting_individual_points`, `minutes`, `seconds`, `hundreds`, `meeting_program_id`, `swimmer_id`, `team_id`, `badge_id`, `user_id`, `created_at`, `updated_at`, `disqualification_code_type_id`, `goggle_cup_points`, `reaction_time`, `team_points`, `team_affiliation_id`)
  VALUES (182172, 1, 1, 0, 0, 701.87, 701.87, 0, 53, 97, 20202, 3345, 188, 6566, 1, '2015-02-26 23:51:45', '2015-02-26 23:51:45', NULL, 0.0, 0.0, 0.0, 383);

INSERT INTO `meeting_individual_results` (`id`, `rank`, `is_play_off`, `is_out_of_race`, `is_disqualified`, `standard_points`, `meeting_individual_points`, `minutes`, `seconds`, `hundreds`, `meeting_program_id`, `swimmer_id`, `team_id`, `badge_id`, `user_id`, `created_at`, `updated_at`, `disqualification_code_type_id`, `goggle_cup_points`, `reaction_time`, `team_points`, `team_affiliation_id`)
  VALUES (182173, 2, 1, 0, 0, 496.01, 496.01, 1, 16, 37, 20202, 10781, 188, 14380, 1, '2015-02-26 23:51:45', '2015-02-26 23:51:45', NULL, 0.0, 0.0, 0.0, 383);

INSERT INTO `meeting_individual_results` (`id`, `rank`, `is_play_off`, `is_out_of_race`, `is_disqualified`, `standard_points`, `meeting_individual_points`, `minutes`, `seconds`, `hundreds`, `meeting_program_id`, `swimmer_id`, `team_id`, `badge_id`, `user_id`, `created_at`, `updated_at`, `disqualification_code_type_id`, `goggle_cup_points`, `reaction_time`, `team_points`, `team_affiliation_id`)
  VALUES (182174, 1, 1, 0, 0, 761.68, 761.68, 0, 36, 80, 20203, 17140, 115, 20961, 1, '2015-02-26 23:51:45', '2015-02-26 23:51:45', NULL, 0.0, 0.0, 0.0, 308);

INSERT INTO `meeting_individual_results` (`id`, `rank`, `is_play_off`, `is_out_of_race`, `is_disqualified`, `standard_points`, `meeting_individual_points`, `minutes`, `seconds`, `hundreds`, `meeting_program_id`, `swimmer_id`, `team_id`, `badge_id`, `user_id`, `created_at`, `updated_at`, `disqualification_code_type_id`, `goggle_cup_points`, `reaction_time`, `team_points`, `team_affiliation_id`)
  VALUES (182175, 2, 1, 0, 0, 678.04, 678.04, 0, 41, 34, 20203, 11600, 190, 15306, 1, '2015-02-26 23:51:45', '2015-02-26 23:51:45', NULL, 0.0, 0.0, 0.0, 385);

INSERT INTO `meeting_individual_results` (`id`, `rank`, `is_play_off`, `is_out_of_race`, `is_disqualified`, `standard_points`, `meeting_individual_points`, `minutes`, `seconds`, `hundreds`, `meeting_program_id`, `swimmer_id`, `team_id`, `badge_id`, `user_id`, `created_at`, `updated_at`, `disqualification_code_type_id`, `goggle_cup_points`, `reaction_time`, `team_points`, `team_affiliation_id`)
  VALUES (182176, 3, 1, 0, 0, 632.59, 632.59, 0, 44, 31, 20203, 11590, 190, 15307, 1, '2015-02-26 23:51:45', '2015-02-26 23:51:45', NULL, 0.0, 0.0, 0.0, 385);

INSERT INTO `meeting_individual_results` (`id`, `rank`, `is_play_off`, `is_out_of_race`, `is_disqualified`, `standard_points`, `meeting_individual_points`, `minutes`, `seconds`, `hundreds`, `meeting_program_id`, `swimmer_id`, `team_id`, `badge_id`, `user_id`, `created_at`, `updated_at`, `disqualification_code_type_id`, `goggle_cup_points`, `reaction_time`, `team_points`, `team_affiliation_id`)
  VALUES (182177, 1, 1, 0, 0, 760.99, 760.99, 0, 37, 7, 20204, 2553, 115, 5753, 1, '2015-02-26 23:51:45', '2015-02-26 23:51:45', NULL, 0.0, 0.0, 0.0, 308);

INSERT INTO `meeting_individual_results` (`id`, `rank`, `is_play_off`, `is_out_of_race`, `is_disqualified`, `standard_points`, `meeting_individual_points`, `minutes`, `seconds`, `hundreds`, `meeting_program_id`, `swimmer_id`, `team_id`, `badge_id`, `user_id`, `created_at`, `updated_at`, `disqualification_code_type_id`, `goggle_cup_points`, `reaction_time`, `team_points`, `team_affiliation_id`)
  VALUES (182178, 1, 1, 0, 0, 853.27, 853.27, 0, 33, 60, 20205, 12440, 185, 16173, 1, '2015-02-26 23:51:45', '2015-02-26 23:51:45', NULL, 0.0, 0.0, 0.0, 380);

INSERT INTO `meeting_individual_results` (`id`, `rank`, `is_play_off`, `is_out_of_race`, `is_disqualified`, `standard_points`, `meeting_individual_points`, `minutes`, `seconds`, `hundreds`, `meeting_program_id`, `swimmer_id`, `team_id`, `badge_id`, `user_id`, `created_at`, `updated_at`, `disqualification_code_type_id`, `goggle_cup_points`, `reaction_time`, `team_points`, `team_affiliation_id`)
  VALUES (182179, 2, 1, 0, 0, 640.38, 640.38, 0, 44, 77, 20205, 9244, 194, 12812, 1, '2015-02-26 23:51:45', '2015-02-26 23:51:45', NULL, 0.0, 0.0, 0.0, 389);

INSERT INTO `meeting_individual_results` (`id`, `rank`, `is_play_off`, `is_out_of_race`, `is_disqualified`, `standard_points`, `meeting_individual_points`, `minutes`, `seconds`, `hundreds`, `meeting_program_id`, `swimmer_id`, `team_id`, `badge_id`, `user_id`, `created_at`, `updated_at`, `disqualification_code_type_id`, `goggle_cup_points`, `reaction_time`, `team_points`, `team_affiliation_id`)
  VALUES (182180, 1, 1, 0, 0, 668.97, 668.97, 0, 43, 44, 20206, 9299, 194, 12816, 1, '2015-02-26 23:51:45', '2015-02-26 23:51:45', NULL, 0.0, 0.0, 0.0, 389);

INSERT INTO `meeting_individual_results` (`id`, `rank`, `is_play_off`, `is_out_of_race`, `is_disqualified`, `standard_points`, `meeting_individual_points`, `minutes`, `seconds`, `hundreds`, `meeting_program_id`, `swimmer_id`, `team_id`, `badge_id`, `user_id`, `created_at`, `updated_at`, `disqualification_code_type_id`, `goggle_cup_points`, `reaction_time`, `team_points`, `team_affiliation_id`)
  VALUES (182181, 1, 1, 0, 0, 642.86, 642.86, 0, 46, 6, 20207, 15616, 190, 19356, 1, '2015-02-26 23:51:45', '2015-02-26 23:51:45', NULL, 0.0, 0.0, 0.0, 385);

INSERT INTO `meeting_individual_results` (`id`, `rank`, `is_play_off`, `is_out_of_race`, `is_disqualified`, `standard_points`, `meeting_individual_points`, `minutes`, `seconds`, `hundreds`, `meeting_program_id`, `swimmer_id`, `team_id`, `badge_id`, `user_id`, `created_at`, `updated_at`, `disqualification_code_type_id`, `goggle_cup_points`, `reaction_time`, `team_points`, `team_affiliation_id`)
  VALUES (182182, 1, 1, 0, 0, 863.77, 863.77, 0, 28, 4, 20208, 12422, 185, 16176, 1, '2015-02-26 23:51:46', '2015-02-26 23:51:46', NULL, 0.0, 0.0, 0.0, 380);

INSERT INTO `meeting_individual_results` (`id`, `rank`, `is_play_off`, `is_out_of_race`, `is_disqualified`, `standard_points`, `meeting_individual_points`, `minutes`, `seconds`, `hundreds`, `meeting_program_id`, `swimmer_id`, `team_id`, `badge_id`, `user_id`, `created_at`, `updated_at`, `disqualification_code_type_id`, `goggle_cup_points`, `reaction_time`, `team_points`, `team_affiliation_id`)
  VALUES (182183, 2, 1, 0, 0, 703.05, 703.05, 0, 34, 45, 20208, 3296, 194, 6517, 1, '2015-02-26 23:51:46', '2015-02-26 23:51:46', NULL, 0.0, 0.0, 0.0, 389);

INSERT INTO `meeting_individual_results` (`id`, `rank`, `is_play_off`, `is_out_of_race`, `is_disqualified`, `standard_points`, `meeting_individual_points`, `minutes`, `seconds`, `hundreds`, `meeting_program_id`, `swimmer_id`, `team_id`, `badge_id`, `user_id`, `created_at`, `updated_at`, `disqualification_code_type_id`, `goggle_cup_points`, `reaction_time`, `team_points`, `team_affiliation_id`)
  VALUES (182184, 3, 1, 0, 0, 613.79, 613.79, 0, 39, 46, 20208, 12015, 190, 16045, 1, '2015-02-26 23:51:46', '2015-02-26 23:51:46', NULL, 0.0, 0.0, 0.0, 385);

INSERT INTO `meeting_individual_results` (`id`, `rank`, `is_play_off`, `is_out_of_race`, `is_disqualified`, `standard_points`, `meeting_individual_points`, `minutes`, `seconds`, `hundreds`, `meeting_program_id`, `swimmer_id`, `team_id`, `badge_id`, `user_id`, `created_at`, `updated_at`, `disqualification_code_type_id`, `goggle_cup_points`, `reaction_time`, `team_points`, `team_affiliation_id`)
  VALUES (182185, 1, 1, 0, 0, 882.18, 882.18, 0, 27, 67, 20209, 3520, 240, 6741, 1, '2015-02-26 23:51:46', '2015-02-26 23:51:46', NULL, 0.0, 0.0, 0.0, 435);

INSERT INTO `meeting_individual_results` (`id`, `rank`, `is_play_off`, `is_out_of_race`, `is_disqualified`, `standard_points`, `meeting_individual_points`, `minutes`, `seconds`, `hundreds`, `meeting_program_id`, `swimmer_id`, `team_id`, `badge_id`, `user_id`, `created_at`, `updated_at`, `disqualification_code_type_id`, `goggle_cup_points`, `reaction_time`, `team_points`, `team_affiliation_id`)
  VALUES (182186, 2, 1, 0, 0, 813.94, 813.94, 0, 29, 99, 20209, 3303, 190, 6524, 1, '2015-02-26 23:51:46', '2015-02-26 23:51:46', NULL, 0.0, 0.0, 0.0, 385);

INSERT INTO `meeting_individual_results` (`id`, `rank`, `is_play_off`, `is_out_of_race`, `is_disqualified`, `standard_points`, `meeting_individual_points`, `minutes`, `seconds`, `hundreds`, `meeting_program_id`, `swimmer_id`, `team_id`, `badge_id`, `user_id`, `created_at`, `updated_at`, `disqualification_code_type_id`, `goggle_cup_points`, `reaction_time`, `team_points`, `team_affiliation_id`)
  VALUES (182187, 3, 1, 0, 0, 781.12, 781.12, 0, 31, 25, 20209, 9120, 186, 13010, 1, '2015-02-26 23:51:46', '2015-02-26 23:51:46', NULL, 0.0, 0.0, 0.0, 381);

INSERT INTO `meeting_individual_results` (`id`, `rank`, `is_play_off`, `is_out_of_race`, `is_disqualified`, `standard_points`, `meeting_individual_points`, `minutes`, `seconds`, `hundreds`, `meeting_program_id`, `swimmer_id`, `team_id`, `badge_id`, `user_id`, `created_at`, `updated_at`, `disqualification_code_type_id`, `goggle_cup_points`, `reaction_time`, `team_points`, `team_affiliation_id`)
  VALUES (182188, 4, 1, 0, 0, 712.91, 712.91, 0, 34, 24, 20209, 16979, 490, 20786, 1, '2015-02-26 23:51:46', '2015-02-26 23:51:46', NULL, 0.0, 0.0, 0.0, 710);

INSERT INTO `meeting_individual_results` (`id`, `rank`, `is_play_off`, `is_out_of_race`, `is_disqualified`, `standard_points`, `meeting_individual_points`, `minutes`, `seconds`, `hundreds`, `meeting_program_id`, `swimmer_id`, `team_id`, `badge_id`, `user_id`, `created_at`, `updated_at`, `disqualification_code_type_id`, `goggle_cup_points`, `reaction_time`, `team_points`, `team_affiliation_id`)
  VALUES (182189, 5, 1, 0, 0, 710.63, 710.63, 0, 34, 35, 20209, 3302, 190, 6523, 1, '2015-02-26 23:51:46', '2015-02-26 23:51:46', NULL, 0.0, 0.0, 0.0, 385);

INSERT INTO `meeting_individual_results` (`id`, `rank`, `is_play_off`, `is_out_of_race`, `is_disqualified`, `standard_points`, `meeting_individual_points`, `minutes`, `seconds`, `hundreds`, `meeting_program_id`, `swimmer_id`, `team_id`, `badge_id`, `user_id`, `created_at`, `updated_at`, `disqualification_code_type_id`, `goggle_cup_points`, `reaction_time`, `team_points`, `team_affiliation_id`)
  VALUES (182190, 6, 1, 0, 0, 707.74, 707.74, 0, 34, 49, 20209, 5247, 115, 8917, 1, '2015-02-26 23:51:46', '2015-02-26 23:51:46', NULL, 0.0, 0.0, 0.0, 308);

INSERT INTO `meeting_individual_results` (`id`, `rank`, `is_play_off`, `is_out_of_race`, `is_disqualified`, `standard_points`, `meeting_individual_points`, `minutes`, `seconds`, `hundreds`, `meeting_program_id`, `swimmer_id`, `team_id`, `badge_id`, `user_id`, `created_at`, `updated_at`, `disqualification_code_type_id`, `goggle_cup_points`, `reaction_time`, `team_points`, `team_affiliation_id`)
  VALUES (182191, 7, 1, 0, 0, 432.34, 432.34, 0, 56, 46, 20209, 13257, 190, 17056, 1, '2015-02-26 23:51:46', '2015-02-26 23:51:46', NULL, 0.0, 0.0, 0.0, 385);

INSERT INTO `meeting_individual_results` (`id`, `rank`, `is_play_off`, `is_out_of_race`, `is_disqualified`, `standard_points`, `meeting_individual_points`, `minutes`, `seconds`, `hundreds`, `meeting_program_id`, `swimmer_id`, `team_id`, `badge_id`, `user_id`, `created_at`, `updated_at`, `disqualification_code_type_id`, `goggle_cup_points`, `reaction_time`, `team_points`, `team_affiliation_id`)
  VALUES (182192, 8, 1, 0, 1, 0.0, 0.0, 0, 0, 0, 20209, 14695, 438, 18247, 1, '2015-02-26 23:51:47', '2015-02-26 23:51:47', 1, 0.0, 0.0, 0.0, 658);

INSERT INTO `meeting_individual_results` (`id`, `rank`, `is_play_off`, `is_out_of_race`, `is_disqualified`, `standard_points`, `meeting_individual_points`, `minutes`, `seconds`, `hundreds`, `meeting_program_id`, `swimmer_id`, `team_id`, `badge_id`, `user_id`, `created_at`, `updated_at`, `disqualification_code_type_id`, `goggle_cup_points`, `reaction_time`, `team_points`, `team_affiliation_id`)
  VALUES (182193, 1, 1, 0, 0, 823.39, 823.39, 0, 29, 84, 20210, 16699, 189, 20511, 1, '2015-02-26 23:51:47', '2015-02-26 23:51:47', NULL, 0.0, 0.0, 0.0, 384);

INSERT INTO `meeting_individual_results` (`id`, `rank`, `is_play_off`, `is_out_of_race`, `is_disqualified`, `standard_points`, `meeting_individual_points`, `minutes`, `seconds`, `hundreds`, `meeting_program_id`, `swimmer_id`, `team_id`, `badge_id`, `user_id`, `created_at`, `updated_at`, `disqualification_code_type_id`, `goggle_cup_points`, `reaction_time`, `team_points`, `team_affiliation_id`)
  VALUES (182194, 2, 1, 0, 0, 761.86, 761.86, 0, 32, 25, 20210, 3308, 185, 6529, 1, '2015-02-26 23:51:47', '2015-02-26 23:51:47', NULL, 0.0, 0.0, 0.0, 380);

INSERT INTO `meeting_individual_results` (`id`, `rank`, `is_play_off`, `is_out_of_race`, `is_disqualified`, `standard_points`, `meeting_individual_points`, `minutes`, `seconds`, `hundreds`, `meeting_program_id`, `swimmer_id`, `team_id`, `badge_id`, `user_id`, `created_at`, `updated_at`, `disqualification_code_type_id`, `goggle_cup_points`, `reaction_time`, `team_points`, `team_affiliation_id`)
  VALUES (182195, 3, 1, 0, 0, 542.74, 542.74, 0, 45, 27, 20210, 11556, 190, 15312, 1, '2015-02-26 23:51:47', '2015-02-26 23:51:47', NULL, 0.0, 0.0, 0.0, 385);

INSERT INTO `meeting_individual_results` (`id`, `rank`, `is_play_off`, `is_out_of_race`, `is_disqualified`, `standard_points`, `meeting_individual_points`, `minutes`, `seconds`, `hundreds`, `meeting_program_id`, `swimmer_id`, `team_id`, `badge_id`, `user_id`, `created_at`, `updated_at`, `disqualification_code_type_id`, `goggle_cup_points`, `reaction_time`, `team_points`, `team_affiliation_id`)
  VALUES (182196, 1, 1, 0, 0, 854.55, 854.55, 0, 29, 70, 20211, 12413, 185, 16184, 1, '2015-02-26 23:51:47', '2015-02-26 23:51:47', NULL, 0.0, 0.0, 0.0, 380);

INSERT INTO `meeting_individual_results` (`id`, `rank`, `is_play_off`, `is_out_of_race`, `is_disqualified`, `standard_points`, `meeting_individual_points`, `minutes`, `seconds`, `hundreds`, `meeting_program_id`, `swimmer_id`, `team_id`, `badge_id`, `user_id`, `created_at`, `updated_at`, `disqualification_code_type_id`, `goggle_cup_points`, `reaction_time`, `team_points`, `team_affiliation_id`)
  VALUES (182197, 2, 1, 0, 0, 831.86, 831.86, 0, 30, 51, 20211, 17158, 439, 20942, 1, '2015-02-26 23:51:47', '2015-02-26 23:51:47', NULL, 0.0, 0.0, 0.0, 659);

INSERT INTO `meeting_individual_results` (`id`, `rank`, `is_play_off`, `is_out_of_race`, `is_disqualified`, `standard_points`, `meeting_individual_points`, `minutes`, `seconds`, `hundreds`, `meeting_program_id`, `swimmer_id`, `team_id`, `badge_id`, `user_id`, `created_at`, `updated_at`, `disqualification_code_type_id`, `goggle_cup_points`, `reaction_time`, `team_points`, `team_affiliation_id`)
  VALUES (182198, 3, 1, 0, 0, 831.31, 831.31, 0, 30, 53, 20211, 8002, 432, 12036, 1, '2015-02-26 23:51:47', '2015-02-26 23:51:47', NULL, 0.0, 0.0, 0.0, 652);

INSERT INTO `meeting_individual_results` (`id`, `rank`, `is_play_off`, `is_out_of_race`, `is_disqualified`, `standard_points`, `meeting_individual_points`, `minutes`, `seconds`, `hundreds`, `meeting_program_id`, `swimmer_id`, `team_id`, `badge_id`, `user_id`, `created_at`, `updated_at`, `disqualification_code_type_id`, `goggle_cup_points`, `reaction_time`, `team_points`, `team_affiliation_id`)
  VALUES (182199, 4, 1, 0, 0, 697.44, 697.44, 0, 36, 39, 20211, 15479, 190, 19410, 1, '2015-02-26 23:51:47', '2015-02-26 23:51:47', NULL, 0.0, 0.0, 0.0, 385);

INSERT INTO `meeting_individual_results` (`id`, `rank`, `is_play_off`, `is_out_of_race`, `is_disqualified`, `standard_points`, `meeting_individual_points`, `minutes`, `seconds`, `hundreds`, `meeting_program_id`, `swimmer_id`, `team_id`, `badge_id`, `user_id`, `created_at`, `updated_at`, `disqualification_code_type_id`, `goggle_cup_points`, `reaction_time`, `team_points`, `team_affiliation_id`)
  VALUES (182200, 5, 1, 0, 0, 615.57, 615.57, 0, 41, 23, 20211, 9375, 490, 12873, 1, '2015-02-26 23:51:47', '2015-02-26 23:51:47', NULL, 0.0, 0.0, 0.0, 710);

INSERT INTO `meeting_individual_results` (`id`, `rank`, `is_play_off`, `is_out_of_race`, `is_disqualified`, `standard_points`, `meeting_individual_points`, `minutes`, `seconds`, `hundreds`, `meeting_program_id`, `swimmer_id`, `team_id`, `badge_id`, `user_id`, `created_at`, `updated_at`, `disqualification_code_type_id`, `goggle_cup_points`, `reaction_time`, `team_points`, `team_affiliation_id`)
  VALUES (182201, 6, 1, 0, 0, 590.37, 590.37, 0, 42, 99, 20211, 12449, 185, 16230, 1, '2015-02-26 23:51:47', '2015-02-26 23:51:47', NULL, 0.0, 0.0, 0.0, 380);

INSERT INTO `meeting_individual_results` (`id`, `rank`, `is_play_off`, `is_out_of_race`, `is_disqualified`, `standard_points`, `meeting_individual_points`, `minutes`, `seconds`, `hundreds`, `meeting_program_id`, `swimmer_id`, `team_id`, `badge_id`, `user_id`, `created_at`, `updated_at`, `disqualification_code_type_id`, `goggle_cup_points`, `reaction_time`, `team_points`, `team_affiliation_id`)
  VALUES (182202, 7, 1, 0, 0, 470.35, 470.35, 0, 53, 96, 20211, 11833, 190, 16129, 1, '2015-02-26 23:51:48', '2015-02-26 23:51:48', NULL, 0.0, 0.0, 0.0, 385);

INSERT INTO `meeting_individual_results` (`id`, `rank`, `is_play_off`, `is_out_of_race`, `is_disqualified`, `standard_points`, `meeting_individual_points`, `minutes`, `seconds`, `hundreds`, `meeting_program_id`, `swimmer_id`, `team_id`, `badge_id`, `user_id`, `created_at`, `updated_at`, `disqualification_code_type_id`, `goggle_cup_points`, `reaction_time`, `team_points`, `team_affiliation_id`)
  VALUES (182203, 1, 1, 0, 0, 825.81, 825.81, 0, 31, 46, 20212, 8333, 439, 12169, 1, '2015-02-26 23:51:48', '2015-02-26 23:51:48', NULL, 0.0, 0.0, 0.0, 659);

INSERT INTO `meeting_individual_results` (`id`, `rank`, `is_play_off`, `is_out_of_race`, `is_disqualified`, `standard_points`, `meeting_individual_points`, `minutes`, `seconds`, `hundreds`, `meeting_program_id`, `swimmer_id`, `team_id`, `badge_id`, `user_id`, `created_at`, `updated_at`, `disqualification_code_type_id`, `goggle_cup_points`, `reaction_time`, `team_points`, `team_affiliation_id`)
  VALUES (182204, 2, 1, 0, 0, 750.43, 750.43, 0, 34, 62, 20212, 17157, 194, 20969, 1, '2015-02-26 23:51:48', '2015-02-26 23:51:48', NULL, 0.0, 0.0, 0.0, 389);

INSERT INTO `meeting_individual_results` (`id`, `rank`, `is_play_off`, `is_out_of_race`, `is_disqualified`, `standard_points`, `meeting_individual_points`, `minutes`, `seconds`, `hundreds`, `meeting_program_id`, `swimmer_id`, `team_id`, `badge_id`, `user_id`, `created_at`, `updated_at`, `disqualification_code_type_id`, `goggle_cup_points`, `reaction_time`, `team_points`, `team_affiliation_id`)
  VALUES (182205, 3, 1, 0, 0, 670.62, 670.62, 0, 38, 74, 20212, 12460, 185, 16222, 1, '2015-02-26 23:51:48', '2015-02-26 23:51:48', NULL, 0.0, 0.0, 0.0, 380);

INSERT INTO `meeting_individual_results` (`id`, `rank`, `is_play_off`, `is_out_of_race`, `is_disqualified`, `standard_points`, `meeting_individual_points`, `minutes`, `seconds`, `hundreds`, `meeting_program_id`, `swimmer_id`, `team_id`, `badge_id`, `user_id`, `created_at`, `updated_at`, `disqualification_code_type_id`, `goggle_cup_points`, `reaction_time`, `team_points`, `team_affiliation_id`)
  VALUES (182206, 1, 1, 0, 0, 773.85, 773.85, 0, 34, 49, 20213, 3330, 185, 6551, 1, '2015-02-26 23:51:48', '2015-02-26 23:51:48', NULL, 0.0, 0.0, 0.0, 380);

INSERT INTO `meeting_individual_results` (`id`, `rank`, `is_play_off`, `is_out_of_race`, `is_disqualified`, `standard_points`, `meeting_individual_points`, `minutes`, `seconds`, `hundreds`, `meeting_program_id`, `swimmer_id`, `team_id`, `badge_id`, `user_id`, `created_at`, `updated_at`, `disqualification_code_type_id`, `goggle_cup_points`, `reaction_time`, `team_points`, `team_affiliation_id`)
  VALUES (182207, 1, 1, 0, 0, 749.86, 749.86, 0, 36, 98, 20214, 3332, 194, 6553, 1, '2015-02-26 23:51:48', '2015-02-26 23:51:48', NULL, 0.0, 0.0, 0.0, 389);

INSERT INTO `meeting_individual_results` (`id`, `rank`, `is_play_off`, `is_out_of_race`, `is_disqualified`, `standard_points`, `meeting_individual_points`, `minutes`, `seconds`, `hundreds`, `meeting_program_id`, `swimmer_id`, `team_id`, `badge_id`, `user_id`, `created_at`, `updated_at`, `disqualification_code_type_id`, `goggle_cup_points`, `reaction_time`, `team_points`, `team_affiliation_id`)
  VALUES (182208, 2, 1, 0, 0, 652.16, 652.16, 0, 42, 52, 20214, 3334, 188, 6555, 1, '2015-02-26 23:51:48', '2015-02-26 23:51:48', NULL, 0.0, 0.0, 0.0, 383);

INSERT INTO `meeting_individual_results` (`id`, `rank`, `is_play_off`, `is_out_of_race`, `is_disqualified`, `standard_points`, `meeting_individual_points`, `minutes`, `seconds`, `hundreds`, `meeting_program_id`, `swimmer_id`, `team_id`, `badge_id`, `user_id`, `created_at`, `updated_at`, `disqualification_code_type_id`, `goggle_cup_points`, `reaction_time`, `team_points`, `team_affiliation_id`)
  VALUES (182209, 3, 1, 0, 0, 545.54, 545.54, 0, 50, 83, 20214, 17143, 704, 20970, 1, '2015-02-26 23:51:48', '2015-02-26 23:51:48', NULL, 0.0, 0.0, 0.0, 924);

INSERT INTO `meeting_individual_results` (`id`, `rank`, `is_play_off`, `is_out_of_race`, `is_disqualified`, `standard_points`, `meeting_individual_points`, `minutes`, `seconds`, `hundreds`, `meeting_program_id`, `swimmer_id`, `team_id`, `badge_id`, `user_id`, `created_at`, `updated_at`, `disqualification_code_type_id`, `goggle_cup_points`, `reaction_time`, `team_points`, `team_affiliation_id`)
  VALUES (182210, 1, 1, 0, 0, 702.9, 702.9, 0, 41, 3, 20215, 12403, 185, 16217, 1, '2015-02-26 23:51:48', '2015-02-26 23:51:48', NULL, 0.0, 0.0, 0.0, 380);

INSERT INTO `meeting_individual_results` (`id`, `rank`, `is_play_off`, `is_out_of_race`, `is_disqualified`, `standard_points`, `meeting_individual_points`, `minutes`, `seconds`, `hundreds`, `meeting_program_id`, `swimmer_id`, `team_id`, `badge_id`, `user_id`, `created_at`, `updated_at`, `disqualification_code_type_id`, `goggle_cup_points`, `reaction_time`, `team_points`, `team_affiliation_id`)
  VALUES (182211, 1, 1, 0, 0, 0.0, 0.0, 0, 29, 95, 20216, 12427, 185, 16233, 1, '2015-02-26 23:51:49', '2015-02-26 23:51:49', NULL, 0.0, 0.0, 0.0, 380);

INSERT INTO `meeting_individual_results` (`id`, `rank`, `is_play_off`, `is_out_of_race`, `is_disqualified`, `standard_points`, `meeting_individual_points`, `minutes`, `seconds`, `hundreds`, `meeting_program_id`, `swimmer_id`, `team_id`, `badge_id`, `user_id`, `created_at`, `updated_at`, `disqualification_code_type_id`, `goggle_cup_points`, `reaction_time`, `team_points`, `team_affiliation_id`)
  VALUES (182212, 2, 1, 0, 0, 0.0, 0.0, 0, 31, 30, 20216, 11853, 190, 16087, 1, '2015-02-26 23:51:49', '2015-02-26 23:51:49', NULL, 0.0, 0.0, 0.0, 385);

INSERT INTO `meeting_individual_results` (`id`, `rank`, `is_play_off`, `is_out_of_race`, `is_disqualified`, `standard_points`, `meeting_individual_points`, `minutes`, `seconds`, `hundreds`, `meeting_program_id`, `swimmer_id`, `team_id`, `badge_id`, `user_id`, `created_at`, `updated_at`, `disqualification_code_type_id`, `goggle_cup_points`, `reaction_time`, `team_points`, `team_affiliation_id`)
  VALUES (182213, 3, 1, 0, 0, 0.0, 0.0, 0, 33, 98, 20216, 17149, 190, 20963, 1, '2015-02-26 23:51:49', '2015-02-26 23:51:49', NULL, 0.0, 0.0, 0.0, 385);

INSERT INTO `meeting_individual_results` (`id`, `rank`, `is_play_off`, `is_out_of_race`, `is_disqualified`, `standard_points`, `meeting_individual_points`, `minutes`, `seconds`, `hundreds`, `meeting_program_id`, `swimmer_id`, `team_id`, `badge_id`, `user_id`, `created_at`, `updated_at`, `disqualification_code_type_id`, `goggle_cup_points`, `reaction_time`, `team_points`, `team_affiliation_id`)
  VALUES (182214, 1, 1, 0, 0, 711.0, 711.0, 0, 45, 64, 20217, 11590, 190, 15307, 1, '2015-02-26 23:51:49', '2015-02-26 23:51:49', NULL, 0.0, 0.0, 0.0, 385);

INSERT INTO `meeting_individual_results` (`id`, `rank`, `is_play_off`, `is_out_of_race`, `is_disqualified`, `standard_points`, `meeting_individual_points`, `minutes`, `seconds`, `hundreds`, `meeting_program_id`, `swimmer_id`, `team_id`, `badge_id`, `user_id`, `created_at`, `updated_at`, `disqualification_code_type_id`, `goggle_cup_points`, `reaction_time`, `team_points`, `team_affiliation_id`)
  VALUES (182215, 2, 1, 0, 0, 627.3, 627.3, 0, 51, 73, 20217, 13684, 624, 17409, 1, '2015-02-26 23:51:49', '2015-02-26 23:51:49', NULL, 0.0, 0.0, 0.0, 844);

INSERT INTO `meeting_individual_results` (`id`, `rank`, `is_play_off`, `is_out_of_race`, `is_disqualified`, `standard_points`, `meeting_individual_points`, `minutes`, `seconds`, `hundreds`, `meeting_program_id`, `swimmer_id`, `team_id`, `badge_id`, `user_id`, `created_at`, `updated_at`, `disqualification_code_type_id`, `goggle_cup_points`, `reaction_time`, `team_points`, `team_affiliation_id`)
  VALUES (182216, 1, 1, 0, 0, 661.41, 661.41, 0, 49, 47, 20218, 15411, 190, 19372, 1, '2015-02-26 23:51:49', '2015-02-26 23:51:49', NULL, 0.0, 0.0, 0.0, 385);

INSERT INTO `meeting_individual_results` (`id`, `rank`, `is_play_off`, `is_out_of_race`, `is_disqualified`, `standard_points`, `meeting_individual_points`, `minutes`, `seconds`, `hundreds`, `meeting_program_id`, `swimmer_id`, `team_id`, `badge_id`, `user_id`, `created_at`, `updated_at`, `disqualification_code_type_id`, `goggle_cup_points`, `reaction_time`, `team_points`, `team_affiliation_id`)
  VALUES (182217, 1, 1, 0, 0, 847.39, 847.39, 0, 39, 12, 20219, 12423, 185, 16187, 1, '2015-02-26 23:51:49', '2015-02-26 23:51:49', NULL, 0.0, 0.0, 0.0, 380);

INSERT INTO `meeting_individual_results` (`id`, `rank`, `is_play_off`, `is_out_of_race`, `is_disqualified`, `standard_points`, `meeting_individual_points`, `minutes`, `seconds`, `hundreds`, `meeting_program_id`, `swimmer_id`, `team_id`, `badge_id`, `user_id`, `created_at`, `updated_at`, `disqualification_code_type_id`, `goggle_cup_points`, `reaction_time`, `team_points`, `team_affiliation_id`)
  VALUES (182218, 2, 1, 0, 0, 798.8, 798.8, 0, 41, 50, 20219, 2471, 115, 5671, 1, '2015-02-26 23:51:49', '2015-02-26 23:51:49', NULL, 0.0, 0.0, 0.0, 308);

INSERT INTO `meeting_individual_results` (`id`, `rank`, `is_play_off`, `is_out_of_race`, `is_disqualified`, `standard_points`, `meeting_individual_points`, `minutes`, `seconds`, `hundreds`, `meeting_program_id`, `swimmer_id`, `team_id`, `badge_id`, `user_id`, `created_at`, `updated_at`, `disqualification_code_type_id`, `goggle_cup_points`, `reaction_time`, `team_points`, `team_affiliation_id`)
  VALUES (182219, 3, 1, 0, 0, 701.74, 701.74, 0, 47, 24, 20219, 3839, 211, 7069, 1, '2015-02-26 23:51:49', '2015-02-26 23:51:49', NULL, 0.0, 0.0, 0.0, 406);

INSERT INTO `meeting_individual_results` (`id`, `rank`, `is_play_off`, `is_out_of_race`, `is_disqualified`, `standard_points`, `meeting_individual_points`, `minutes`, `seconds`, `hundreds`, `meeting_program_id`, `swimmer_id`, `team_id`, `badge_id`, `user_id`, `created_at`, `updated_at`, `disqualification_code_type_id`, `goggle_cup_points`, `reaction_time`, `team_points`, `team_affiliation_id`)
  VALUES (182220, 1, 1, 0, 0, 775.49, 775.49, 0, 43, 65, 20220, 17154, 185, 20948, 1, '2015-02-26 23:51:49', '2015-02-26 23:51:49', NULL, 0.0, 0.0, 0.0, 380);

INSERT INTO `meeting_individual_results` (`id`, `rank`, `is_play_off`, `is_out_of_race`, `is_disqualified`, `standard_points`, `meeting_individual_points`, `minutes`, `seconds`, `hundreds`, `meeting_program_id`, `swimmer_id`, `team_id`, `badge_id`, `user_id`, `created_at`, `updated_at`, `disqualification_code_type_id`, `goggle_cup_points`, `reaction_time`, `team_points`, `team_affiliation_id`)
  VALUES (182221, 2, 1, 0, 0, 763.25, 763.25, 0, 44, 35, 20220, 8293, 188, 11829, 1, '2015-02-26 23:51:50', '2015-02-26 23:51:50', NULL, 0.0, 0.0, 0.0, 383);

INSERT INTO `meeting_individual_results` (`id`, `rank`, `is_play_off`, `is_out_of_race`, `is_disqualified`, `standard_points`, `meeting_individual_points`, `minutes`, `seconds`, `hundreds`, `meeting_program_id`, `swimmer_id`, `team_id`, `badge_id`, `user_id`, `created_at`, `updated_at`, `disqualification_code_type_id`, `goggle_cup_points`, `reaction_time`, `team_points`, `team_affiliation_id`)
  VALUES (182222, 3, 1, 0, 0, 763.07, 763.07, 0, 44, 36, 20220, 7016, 203, 10546, 1, '2015-02-26 23:51:50', '2015-02-26 23:51:50', NULL, 0.0, 0.0, 0.0, 398);

INSERT INTO `meeting_individual_results` (`id`, `rank`, `is_play_off`, `is_out_of_race`, `is_disqualified`, `standard_points`, `meeting_individual_points`, `minutes`, `seconds`, `hundreds`, `meeting_program_id`, `swimmer_id`, `team_id`, `badge_id`, `user_id`, `created_at`, `updated_at`, `disqualification_code_type_id`, `goggle_cup_points`, `reaction_time`, `team_points`, `team_affiliation_id`)
  VALUES (182223, 4, 1, 0, 0, 674.71, 674.71, 0, 50, 17, 20220, 12421, 319, 16202, 1, '2015-02-26 23:51:50', '2015-02-26 23:51:50', NULL, 0.0, 0.0, 0.0, 536);

INSERT INTO `meeting_individual_results` (`id`, `rank`, `is_play_off`, `is_out_of_race`, `is_disqualified`, `standard_points`, `meeting_individual_points`, `minutes`, `seconds`, `hundreds`, `meeting_program_id`, `swimmer_id`, `team_id`, `badge_id`, `user_id`, `created_at`, `updated_at`, `disqualification_code_type_id`, `goggle_cup_points`, `reaction_time`, `team_points`, `team_affiliation_id`)
  VALUES (182224, 1, 1, 0, 0, 632.9, 632.9, 0, 54, 40, 20221, 15616, 190, 19356, 1, '2015-02-26 23:51:50', '2015-02-26 23:51:50', NULL, 0.0, 0.0, 0.0, 385);

INSERT INTO `meeting_individual_results` (`id`, `rank`, `is_play_off`, `is_out_of_race`, `is_disqualified`, `standard_points`, `meeting_individual_points`, `minutes`, `seconds`, `hundreds`, `meeting_program_id`, `swimmer_id`, `team_id`, `badge_id`, `user_id`, `created_at`, `updated_at`, `disqualification_code_type_id`, `goggle_cup_points`, `reaction_time`, `team_points`, `team_affiliation_id`)
  VALUES (182225, 2, 1, 0, 0, 592.91, 592.91, 0, 58, 7, 20221, 17160, 185, 20965, 1, '2015-02-26 23:51:50', '2015-02-26 23:51:50', NULL, 0.0, 0.0, 0.0, 380);

INSERT INTO `meeting_individual_results` (`id`, `rank`, `is_play_off`, `is_out_of_race`, `is_disqualified`, `standard_points`, `meeting_individual_points`, `minutes`, `seconds`, `hundreds`, `meeting_program_id`, `swimmer_id`, `team_id`, `badge_id`, `user_id`, `created_at`, `updated_at`, `disqualification_code_type_id`, `goggle_cup_points`, `reaction_time`, `team_points`, `team_affiliation_id`)
  VALUES (182226, 1, 1, 0, 0, 0.0, 0.0, 0, 48, 9, 20222, 11816, 190, 15913, 1, '2015-02-26 23:51:50', '2015-02-26 23:51:50', NULL, 0.0, 0.0, 0.0, 385);

INSERT INTO `meeting_individual_results` (`id`, `rank`, `is_play_off`, `is_out_of_race`, `is_disqualified`, `standard_points`, `meeting_individual_points`, `minutes`, `seconds`, `hundreds`, `meeting_program_id`, `swimmer_id`, `team_id`, `badge_id`, `user_id`, `created_at`, `updated_at`, `disqualification_code_type_id`, `goggle_cup_points`, `reaction_time`, `team_points`, `team_affiliation_id`)
  VALUES (182227, 1, 1, 0, 0, 697.7, 697.7, 0, 40, 49, 20223, 12456, 185, 16192, 1, '2015-02-26 23:51:50', '2015-02-26 23:51:50', NULL, 0.0, 0.0, 0.0, 380);

INSERT INTO `meeting_individual_results` (`id`, `rank`, `is_play_off`, `is_out_of_race`, `is_disqualified`, `standard_points`, `meeting_individual_points`, `minutes`, `seconds`, `hundreds`, `meeting_program_id`, `swimmer_id`, `team_id`, `badge_id`, `user_id`, `created_at`, `updated_at`, `disqualification_code_type_id`, `goggle_cup_points`, `reaction_time`, `team_points`, `team_affiliation_id`)
  VALUES (182228, 2, 1, 0, 0, 684.19, 684.19, 0, 41, 29, 20223, 3296, 194, 6517, 1, '2015-02-26 23:51:50', '2015-02-26 23:51:50', NULL, 0.0, 0.0, 0.0, 389);

INSERT INTO `meeting_individual_results` (`id`, `rank`, `is_play_off`, `is_out_of_race`, `is_disqualified`, `standard_points`, `meeting_individual_points`, `minutes`, `seconds`, `hundreds`, `meeting_program_id`, `swimmer_id`, `team_id`, `badge_id`, `user_id`, `created_at`, `updated_at`, `disqualification_code_type_id`, `goggle_cup_points`, `reaction_time`, `team_points`, `team_affiliation_id`)
  VALUES (182229, 3, 1, 0, 0, 678.76, 678.76, 0, 41, 62, 20223, 3297, 190, 6518, 1, '2015-02-26 23:51:50', '2015-02-26 23:51:50', NULL, 0.0, 0.0, 0.0, 385);

INSERT INTO `meeting_individual_results` (`id`, `rank`, `is_play_off`, `is_out_of_race`, `is_disqualified`, `standard_points`, `meeting_individual_points`, `minutes`, `seconds`, `hundreds`, `meeting_program_id`, `swimmer_id`, `team_id`, `badge_id`, `user_id`, `created_at`, `updated_at`, `disqualification_code_type_id`, `goggle_cup_points`, `reaction_time`, `team_points`, `team_affiliation_id`)
  VALUES (182230, 4, 1, 0, 0, 676.16, 676.16, 0, 41, 78, 20223, 17173, 496, 20949, 1, '2015-02-26 23:51:50', '2015-02-26 23:51:50', NULL, 0.0, 0.0, 0.0, 716);

INSERT INTO `meeting_individual_results` (`id`, `rank`, `is_play_off`, `is_out_of_race`, `is_disqualified`, `standard_points`, `meeting_individual_points`, `minutes`, `seconds`, `hundreds`, `meeting_program_id`, `swimmer_id`, `team_id`, `badge_id`, `user_id`, `created_at`, `updated_at`, `disqualification_code_type_id`, `goggle_cup_points`, `reaction_time`, `team_points`, `team_affiliation_id`)
  VALUES (182231, 5, 1, 0, 0, 657.89, 657.89, 0, 42, 94, 20223, 3301, 190, 6522, 1, '2015-02-26 23:51:51', '2015-02-26 23:51:51', NULL, 0.0, 0.0, 0.0, 385);

INSERT INTO `meeting_individual_results` (`id`, `rank`, `is_play_off`, `is_out_of_race`, `is_disqualified`, `standard_points`, `meeting_individual_points`, `minutes`, `seconds`, `hundreds`, `meeting_program_id`, `swimmer_id`, `team_id`, `badge_id`, `user_id`, `created_at`, `updated_at`, `disqualification_code_type_id`, `goggle_cup_points`, `reaction_time`, `team_points`, `team_affiliation_id`)
  VALUES (182232, 6, 1, 0, 0, 655.0, 655.0, 0, 43, 13, 20223, 9321, 490, 13102, 1, '2015-02-26 23:51:51', '2015-02-26 23:51:51', NULL, 0.0, 0.0, 0.0, 710);

INSERT INTO `meeting_individual_results` (`id`, `rank`, `is_play_off`, `is_out_of_race`, `is_disqualified`, `standard_points`, `meeting_individual_points`, `minutes`, `seconds`, `hundreds`, `meeting_program_id`, `swimmer_id`, `team_id`, `badge_id`, `user_id`, `created_at`, `updated_at`, `disqualification_code_type_id`, `goggle_cup_points`, `reaction_time`, `team_points`, `team_affiliation_id`)
  VALUES (182233, 7, 1, 0, 0, 615.47, 615.47, 0, 45, 90, 20223, 11783, 190, 15553, 1, '2015-02-26 23:51:51', '2015-02-26 23:51:51', NULL, 0.0, 0.0, 0.0, 385);

INSERT INTO `meeting_individual_results` (`id`, `rank`, `is_play_off`, `is_out_of_race`, `is_disqualified`, `standard_points`, `meeting_individual_points`, `minutes`, `seconds`, `hundreds`, `meeting_program_id`, `swimmer_id`, `team_id`, `badge_id`, `user_id`, `created_at`, `updated_at`, `disqualification_code_type_id`, `goggle_cup_points`, `reaction_time`, `team_points`, `team_affiliation_id`)
  VALUES (182234, 8, 1, 0, 0, 565.45, 565.45, 0, 49, 96, 20223, 12015, 190, 16045, 1, '2015-02-26 23:51:51', '2015-02-26 23:51:51', NULL, 0.0, 0.0, 0.0, 385);

INSERT INTO `meeting_individual_results` (`id`, `rank`, `is_play_off`, `is_out_of_race`, `is_disqualified`, `standard_points`, `meeting_individual_points`, `minutes`, `seconds`, `hundreds`, `meeting_program_id`, `swimmer_id`, `team_id`, `badge_id`, `user_id`, `created_at`, `updated_at`, `disqualification_code_type_id`, `goggle_cup_points`, `reaction_time`, `team_points`, `team_affiliation_id`)
  VALUES (182235, 1, 1, 0, 0, 736.61, 736.61, 0, 38, 8, 20224, 15549, 190, 19307, 1, '2015-02-26 23:51:51', '2015-02-26 23:51:51', NULL, 0.0, 0.0, 0.0, 385);

INSERT INTO `meeting_individual_results` (`id`, `rank`, `is_play_off`, `is_out_of_race`, `is_disqualified`, `standard_points`, `meeting_individual_points`, `minutes`, `seconds`, `hundreds`, `meeting_program_id`, `swimmer_id`, `team_id`, `badge_id`, `user_id`, `created_at`, `updated_at`, `disqualification_code_type_id`, `goggle_cup_points`, `reaction_time`, `team_points`, `team_affiliation_id`)
  VALUES (182236, 2, 1, 0, 0, 702.66, 702.66, 0, 39, 92, 20224, 13731, 490, 17550, 1, '2015-02-26 23:51:51', '2015-02-26 23:51:51', NULL, 0.0, 0.0, 0.0, 710);

INSERT INTO `meeting_individual_results` (`id`, `rank`, `is_play_off`, `is_out_of_race`, `is_disqualified`, `standard_points`, `meeting_individual_points`, `minutes`, `seconds`, `hundreds`, `meeting_program_id`, `swimmer_id`, `team_id`, `badge_id`, `user_id`, `created_at`, `updated_at`, `disqualification_code_type_id`, `goggle_cup_points`, `reaction_time`, `team_points`, `team_affiliation_id`)
  VALUES (182237, 3, 1, 0, 0, 626.4, 626.4, 0, 44, 78, 20224, 12320, 190, 15731, 1, '2015-02-26 23:51:51', '2015-02-26 23:51:51', NULL, 0.0, 0.0, 0.0, 385);

INSERT INTO `meeting_individual_results` (`id`, `rank`, `is_play_off`, `is_out_of_race`, `is_disqualified`, `standard_points`, `meeting_individual_points`, `minutes`, `seconds`, `hundreds`, `meeting_program_id`, `swimmer_id`, `team_id`, `badge_id`, `user_id`, `created_at`, `updated_at`, `disqualification_code_type_id`, `goggle_cup_points`, `reaction_time`, `team_points`, `team_affiliation_id`)
  VALUES (182238, 4, 1, 0, 0, 574.21, 574.21, 0, 48, 85, 20224, 17164, 185, 20971, 1, '2015-02-26 23:51:51', '2015-02-26 23:51:51', NULL, 0.0, 0.0, 0.0, 380);

INSERT INTO `meeting_individual_results` (`id`, `rank`, `is_play_off`, `is_out_of_race`, `is_disqualified`, `standard_points`, `meeting_individual_points`, `minutes`, `seconds`, `hundreds`, `meeting_program_id`, `swimmer_id`, `team_id`, `badge_id`, `user_id`, `created_at`, `updated_at`, `disqualification_code_type_id`, `goggle_cup_points`, `reaction_time`, `team_points`, `team_affiliation_id`)
  VALUES (182239, 5, 1, 0, 0, 560.66, 560.66, 0, 50, 3, 20224, 17153, 496, 20950, 1, '2015-02-26 23:51:51', '2015-02-26 23:51:51', NULL, 0.0, 0.0, 0.0, 716);

INSERT INTO `meeting_individual_results` (`id`, `rank`, `is_play_off`, `is_out_of_race`, `is_disqualified`, `standard_points`, `meeting_individual_points`, `minutes`, `seconds`, `hundreds`, `meeting_program_id`, `swimmer_id`, `team_id`, `badge_id`, `user_id`, `created_at`, `updated_at`, `disqualification_code_type_id`, `goggle_cup_points`, `reaction_time`, `team_points`, `team_affiliation_id`)
  VALUES (182240, 6, 1, 0, 0, 560.33, 560.33, 0, 50, 6, 20224, 17155, 185, 20972, 1, '2015-02-26 23:51:51', '2015-02-26 23:51:51', NULL, 0.0, 0.0, 0.0, 380);

INSERT INTO `meeting_individual_results` (`id`, `rank`, `is_play_off`, `is_out_of_race`, `is_disqualified`, `standard_points`, `meeting_individual_points`, `minutes`, `seconds`, `hundreds`, `meeting_program_id`, `swimmer_id`, `team_id`, `badge_id`, `user_id`, `created_at`, `updated_at`, `disqualification_code_type_id`, `goggle_cup_points`, `reaction_time`, `team_points`, `team_affiliation_id`)
  VALUES (182241, 1, 1, 0, 0, 726.17, 726.17, 0, 39, 66, 20225, 11556, 190, 15312, 1, '2015-02-26 23:51:52', '2015-02-26 23:51:52', NULL, 0.0, 0.0, 0.0, 385);

INSERT INTO `meeting_individual_results` (`id`, `rank`, `is_play_off`, `is_out_of_race`, `is_disqualified`, `standard_points`, `meeting_individual_points`, `minutes`, `seconds`, `hundreds`, `meeting_program_id`, `swimmer_id`, `team_id`, `badge_id`, `user_id`, `created_at`, `updated_at`, `disqualification_code_type_id`, `goggle_cup_points`, `reaction_time`, `team_points`, `team_affiliation_id`)
  VALUES (182242, 2, 1, 0, 0, 672.11, 672.11, 0, 42, 85, 20225, 12439, 185, 16195, 1, '2015-02-26 23:51:52', '2015-02-26 23:51:52', NULL, 0.0, 0.0, 0.0, 380);

INSERT INTO `meeting_individual_results` (`id`, `rank`, `is_play_off`, `is_out_of_race`, `is_disqualified`, `standard_points`, `meeting_individual_points`, `minutes`, `seconds`, `hundreds`, `meeting_program_id`, `swimmer_id`, `team_id`, `badge_id`, `user_id`, `created_at`, `updated_at`, `disqualification_code_type_id`, `goggle_cup_points`, `reaction_time`, `team_points`, `team_affiliation_id`)
  VALUES (182243, 3, 1, 0, 0, 602.38, 602.38, 0, 47, 81, 20225, 12416, 185, 16210, 1, '2015-02-26 23:51:52', '2015-02-26 23:51:52', NULL, 0.0, 0.0, 0.0, 380);

INSERT INTO `meeting_individual_results` (`id`, `rank`, `is_play_off`, `is_out_of_race`, `is_disqualified`, `standard_points`, `meeting_individual_points`, `minutes`, `seconds`, `hundreds`, `meeting_program_id`, `swimmer_id`, `team_id`, `badge_id`, `user_id`, `created_at`, `updated_at`, `disqualification_code_type_id`, `goggle_cup_points`, `reaction_time`, `team_points`, `team_affiliation_id`)
  VALUES (182244, 1, 1, 0, 0, 786.31, 786.31, 0, 36, 97, 20226, 3312, 190, 6533, 1, '2015-02-26 23:51:52', '2015-02-26 23:51:52', NULL, 0.0, 0.0, 0.0, 385);

INSERT INTO `meeting_individual_results` (`id`, `rank`, `is_play_off`, `is_out_of_race`, `is_disqualified`, `standard_points`, `meeting_individual_points`, `minutes`, `seconds`, `hundreds`, `meeting_program_id`, `swimmer_id`, `team_id`, `badge_id`, `user_id`, `created_at`, `updated_at`, `disqualification_code_type_id`, `goggle_cup_points`, `reaction_time`, `team_points`, `team_affiliation_id`)
  VALUES (182245, 2, 1, 0, 0, 753.3, 753.3, 0, 38, 59, 20226, 12472, 185, 16196, 1, '2015-02-26 23:51:52', '2015-02-26 23:51:52', NULL, 0.0, 0.0, 0.0, 380);

INSERT INTO `meeting_individual_results` (`id`, `rank`, `is_play_off`, `is_out_of_race`, `is_disqualified`, `standard_points`, `meeting_individual_points`, `minutes`, `seconds`, `hundreds`, `meeting_program_id`, `swimmer_id`, `team_id`, `badge_id`, `user_id`, `created_at`, `updated_at`, `disqualification_code_type_id`, `goggle_cup_points`, `reaction_time`, `team_points`, `team_affiliation_id`)
  VALUES (182246, 3, 1, 0, 0, 667.66, 667.66, 0, 43, 54, 20226, 11833, 190, 16129, 1, '2015-02-26 23:51:52', '2015-02-26 23:51:52', NULL, 0.0, 0.0, 0.0, 385);

INSERT INTO `meeting_individual_results` (`id`, `rank`, `is_play_off`, `is_out_of_race`, `is_disqualified`, `standard_points`, `meeting_individual_points`, `minutes`, `seconds`, `hundreds`, `meeting_program_id`, `swimmer_id`, `team_id`, `badge_id`, `user_id`, `created_at`, `updated_at`, `disqualification_code_type_id`, `goggle_cup_points`, `reaction_time`, `team_points`, `team_affiliation_id`)
  VALUES (182247, 4, 1, 0, 0, 650.34, 650.34, 0, 44, 70, 20226, 13640, 624, 17483, 1, '2015-02-26 23:51:52', '2015-02-26 23:51:52', NULL, 0.0, 0.0, 0.0, 844);

INSERT INTO `meeting_individual_results` (`id`, `rank`, `is_play_off`, `is_out_of_race`, `is_disqualified`, `standard_points`, `meeting_individual_points`, `minutes`, `seconds`, `hundreds`, `meeting_program_id`, `swimmer_id`, `team_id`, `badge_id`, `user_id`, `created_at`, `updated_at`, `disqualification_code_type_id`, `goggle_cup_points`, `reaction_time`, `team_points`, `team_affiliation_id`)
  VALUES (182248, 5, 1, 0, 0, 634.99, 634.99, 0, 45, 78, 20226, 13715, 624, 17429, 1, '2015-02-26 23:51:52', '2015-02-26 23:51:52', NULL, 0.0, 0.0, 0.0, 844);

INSERT INTO `meeting_individual_results` (`id`, `rank`, `is_play_off`, `is_out_of_race`, `is_disqualified`, `standard_points`, `meeting_individual_points`, `minutes`, `seconds`, `hundreds`, `meeting_program_id`, `swimmer_id`, `team_id`, `badge_id`, `user_id`, `created_at`, `updated_at`, `disqualification_code_type_id`, `goggle_cup_points`, `reaction_time`, `team_points`, `team_affiliation_id`)
  VALUES (182249, 6, 1, 0, 0, 618.64, 618.64, 0, 46, 99, 20226, 17138, 496, 20951, 1, '2015-02-26 23:51:52', '2015-02-26 23:51:52', NULL, 0.0, 0.0, 0.0, 716);

INSERT INTO `meeting_individual_results` (`id`, `rank`, `is_play_off`, `is_out_of_race`, `is_disqualified`, `standard_points`, `meeting_individual_points`, `minutes`, `seconds`, `hundreds`, `meeting_program_id`, `swimmer_id`, `team_id`, `badge_id`, `user_id`, `created_at`, `updated_at`, `disqualification_code_type_id`, `goggle_cup_points`, `reaction_time`, `team_points`, `team_affiliation_id`)
  VALUES (182250, 7, 1, 0, 0, 550.78, 550.78, 0, 52, 78, 20226, 17165, 704, 20973, 1, '2015-02-26 23:51:52', '2015-02-26 23:51:52', NULL, 0.0, 0.0, 0.0, 924);

INSERT INTO `meeting_individual_results` (`id`, `rank`, `is_play_off`, `is_out_of_race`, `is_disqualified`, `standard_points`, `meeting_individual_points`, `minutes`, `seconds`, `hundreds`, `meeting_program_id`, `swimmer_id`, `team_id`, `badge_id`, `user_id`, `created_at`, `updated_at`, `disqualification_code_type_id`, `goggle_cup_points`, `reaction_time`, `team_points`, `team_affiliation_id`)
  VALUES (182251, 8, 1, 0, 0, 542.25, 542.25, 0, 53, 61, 20226, 12179, 190, 15795, 1, '2015-02-26 23:51:53', '2015-02-26 23:51:53', NULL, 0.0, 0.0, 0.0, 385);

INSERT INTO `meeting_individual_results` (`id`, `rank`, `is_play_off`, `is_out_of_race`, `is_disqualified`, `standard_points`, `meeting_individual_points`, `minutes`, `seconds`, `hundreds`, `meeting_program_id`, `swimmer_id`, `team_id`, `badge_id`, `user_id`, `created_at`, `updated_at`, `disqualification_code_type_id`, `goggle_cup_points`, `reaction_time`, `team_points`, `team_affiliation_id`)
  VALUES (182252, 9, 1, 0, 0, 464.01, 464.01, 1, 2, 65, 20226, 17145, 704, 20957, 1, '2015-02-26 23:51:53', '2015-02-26 23:51:53', NULL, 0.0, 0.0, 0.0, 924);

INSERT INTO `meeting_individual_results` (`id`, `rank`, `is_play_off`, `is_out_of_race`, `is_disqualified`, `standard_points`, `meeting_individual_points`, `minutes`, `seconds`, `hundreds`, `meeting_program_id`, `swimmer_id`, `team_id`, `badge_id`, `user_id`, `created_at`, `updated_at`, `disqualification_code_type_id`, `goggle_cup_points`, `reaction_time`, `team_points`, `team_affiliation_id`)
  VALUES (182253, 1, 1, 0, 0, 775.69, 775.69, 0, 38, 92, 20227, 17157, 194, 20969, 1, '2015-02-26 23:51:53', '2015-02-26 23:51:53', NULL, 0.0, 0.0, 0.0, 389);

INSERT INTO `meeting_individual_results` (`id`, `rank`, `is_play_off`, `is_out_of_race`, `is_disqualified`, `standard_points`, `meeting_individual_points`, `minutes`, `seconds`, `hundreds`, `meeting_program_id`, `swimmer_id`, `team_id`, `badge_id`, `user_id`, `created_at`, `updated_at`, `disqualification_code_type_id`, `goggle_cup_points`, `reaction_time`, `team_points`, `team_affiliation_id`)
  VALUES (182254, 2, 1, 0, 0, 681.03, 681.03, 0, 44, 33, 20227, 12434, 185, 16197, 1, '2015-02-26 23:51:53', '2015-02-26 23:51:53', NULL, 0.0, 0.0, 0.0, 380);

INSERT INTO `meeting_individual_results` (`id`, `rank`, `is_play_off`, `is_out_of_race`, `is_disqualified`, `standard_points`, `meeting_individual_points`, `minutes`, `seconds`, `hundreds`, `meeting_program_id`, `swimmer_id`, `team_id`, `badge_id`, `user_id`, `created_at`, `updated_at`, `disqualification_code_type_id`, `goggle_cup_points`, `reaction_time`, `team_points`, `team_affiliation_id`)
  VALUES (182255, 3, 1, 0, 0, 646.19, 646.19, 0, 46, 72, 20227, 13686, 439, 17461, 1, '2015-02-26 23:51:53', '2015-02-26 23:51:53', NULL, 0.0, 0.0, 0.0, 659);

INSERT INTO `meeting_individual_results` (`id`, `rank`, `is_play_off`, `is_out_of_race`, `is_disqualified`, `standard_points`, `meeting_individual_points`, `minutes`, `seconds`, `hundreds`, `meeting_program_id`, `swimmer_id`, `team_id`, `badge_id`, `user_id`, `created_at`, `updated_at`, `disqualification_code_type_id`, `goggle_cup_points`, `reaction_time`, `team_points`, `team_affiliation_id`)
  VALUES (182256, 4, 1, 0, 0, 612.0, 612.0, 0, 49, 33, 20227, 3323, 190, 6544, 1, '2015-02-26 23:51:53', '2015-02-26 23:51:53', NULL, 0.0, 0.0, 0.0, 385);

INSERT INTO `meeting_individual_results` (`id`, `rank`, `is_play_off`, `is_out_of_race`, `is_disqualified`, `standard_points`, `meeting_individual_points`, `minutes`, `seconds`, `hundreds`, `meeting_program_id`, `swimmer_id`, `team_id`, `badge_id`, `user_id`, `created_at`, `updated_at`, `disqualification_code_type_id`, `goggle_cup_points`, `reaction_time`, `team_points`, `team_affiliation_id`)
  VALUES (182257, 5, 1, 0, 0, 590.34, 590.34, 0, 51, 14, 20227, 3324, 190, 6545, 1, '2015-02-26 23:51:53', '2015-02-26 23:51:53', NULL, 0.0, 0.0, 0.0, 385);

INSERT INTO `meeting_individual_results` (`id`, `rank`, `is_play_off`, `is_out_of_race`, `is_disqualified`, `standard_points`, `meeting_individual_points`, `minutes`, `seconds`, `hundreds`, `meeting_program_id`, `swimmer_id`, `team_id`, `badge_id`, `user_id`, `created_at`, `updated_at`, `disqualification_code_type_id`, `goggle_cup_points`, `reaction_time`, `team_points`, `team_affiliation_id`)
  VALUES (182258, 1, 1, 0, 0, 553.19, 553.19, 0, 56, 31, 20228, 17147, 496, 20952, 1, '2015-02-26 23:51:53', '2015-02-26 23:51:53', NULL, 0.0, 0.0, 0.0, 716);

INSERT INTO `meeting_individual_results` (`id`, `rank`, `is_play_off`, `is_out_of_race`, `is_disqualified`, `standard_points`, `meeting_individual_points`, `minutes`, `seconds`, `hundreds`, `meeting_program_id`, `swimmer_id`, `team_id`, `badge_id`, `user_id`, `created_at`, `updated_at`, `disqualification_code_type_id`, `goggle_cup_points`, `reaction_time`, `team_points`, `team_affiliation_id`)
  VALUES (182259, 2, 1, 0, 0, 509.65, 509.65, 1, 1, 12, 20228, 9257, 490, 13139, 1, '2015-02-26 23:51:53', '2015-02-26 23:51:53', NULL, 0.0, 0.0, 0.0, 710);

INSERT INTO `meeting_individual_results` (`id`, `rank`, `is_play_off`, `is_out_of_race`, `is_disqualified`, `standard_points`, `meeting_individual_points`, `minutes`, `seconds`, `hundreds`, `meeting_program_id`, `swimmer_id`, `team_id`, `badge_id`, `user_id`, `created_at`, `updated_at`, `disqualification_code_type_id`, `goggle_cup_points`, `reaction_time`, `team_points`, `team_affiliation_id`)
  VALUES (182260, 1, 1, 0, 0, 679.86, 679.86, 0, 47, 76, 20229, 13680, 624, 17471, 1, '2015-02-26 23:51:53', '2015-02-26 23:51:53', NULL, 0.0, 0.0, 0.0, 844);

INSERT INTO `meeting_individual_results` (`id`, `rank`, `is_play_off`, `is_out_of_race`, `is_disqualified`, `standard_points`, `meeting_individual_points`, `minutes`, `seconds`, `hundreds`, `meeting_program_id`, `swimmer_id`, `team_id`, `badge_id`, `user_id`, `created_at`, `updated_at`, `disqualification_code_type_id`, `goggle_cup_points`, `reaction_time`, `team_points`, `team_affiliation_id`)
  VALUES (182261, 2, 1, 0, 0, 583.89, 583.89, 0, 55, 61, 20229, 17143, 704, 20970, 1, '2015-02-26 23:51:54', '2015-02-26 23:51:54', NULL, 0.0, 0.0, 0.0, 924);

INSERT INTO `meeting_individual_results` (`id`, `rank`, `is_play_off`, `is_out_of_race`, `is_disqualified`, `standard_points`, `meeting_individual_points`, `minutes`, `seconds`, `hundreds`, `meeting_program_id`, `swimmer_id`, `team_id`, `badge_id`, `user_id`, `created_at`, `updated_at`, `disqualification_code_type_id`, `goggle_cup_points`, `reaction_time`, `team_points`, `team_affiliation_id`)
  VALUES (182262, 1, 1, 0, 0, 696.51, 696.51, 0, 50, 15, 20230, 3341, 194, 6562, 1, '2015-02-26 23:51:54', '2015-02-26 23:51:54', NULL, 0.0, 0.0, 0.0, 389);

INSERT INTO `meeting_individual_results` (`id`, `rank`, `is_play_off`, `is_out_of_race`, `is_disqualified`, `standard_points`, `meeting_individual_points`, `minutes`, `seconds`, `hundreds`, `meeting_program_id`, `swimmer_id`, `team_id`, `badge_id`, `user_id`, `created_at`, `updated_at`, `disqualification_code_type_id`, `goggle_cup_points`, `reaction_time`, `team_points`, `team_affiliation_id`)
  VALUES (182263, 2, 1, 0, 0, 672.25, 672.25, 0, 51, 96, 20230, 6852, 240, 10729, 1, '2015-02-26 23:51:54', '2015-02-26 23:51:54', NULL, 0.0, 0.0, 0.0, 435);

INSERT INTO `meeting_individual_results` (`id`, `rank`, `is_play_off`, `is_out_of_race`, `is_disqualified`, `standard_points`, `meeting_individual_points`, `minutes`, `seconds`, `hundreds`, `meeting_program_id`, `swimmer_id`, `team_id`, `badge_id`, `user_id`, `created_at`, `updated_at`, `disqualification_code_type_id`, `goggle_cup_points`, `reaction_time`, `team_points`, `team_affiliation_id`)
  VALUES (182264, 3, 1, 0, 0, 592.74, 592.74, 0, 58, 93, 20230, 3342, 194, 6563, 1, '2015-02-26 23:51:54', '2015-02-26 23:51:54', NULL, 0.0, 0.0, 0.0, 389);

INSERT INTO `meeting_individual_results` (`id`, `rank`, `is_play_off`, `is_out_of_race`, `is_disqualified`, `standard_points`, `meeting_individual_points`, `minutes`, `seconds`, `hundreds`, `meeting_program_id`, `swimmer_id`, `team_id`, `badge_id`, `user_id`, `created_at`, `updated_at`, `disqualification_code_type_id`, `goggle_cup_points`, `reaction_time`, `team_points`, `team_affiliation_id`)
  VALUES (182265, 4, 1, 0, 0, 435.21, 435.21, 1, 20, 26, 20230, 17166, 704, 20974, 1, '2015-02-26 23:51:54', '2015-02-26 23:51:54', NULL, 0.0, 0.0, 0.0, 924);

INSERT INTO `meeting_individual_results` (`id`, `rank`, `is_play_off`, `is_out_of_race`, `is_disqualified`, `standard_points`, `meeting_individual_points`, `minutes`, `seconds`, `hundreds`, `meeting_program_id`, `swimmer_id`, `team_id`, `badge_id`, `user_id`, `created_at`, `updated_at`, `disqualification_code_type_id`, `goggle_cup_points`, `reaction_time`, `team_points`, `team_affiliation_id`)
  VALUES (182266, 1, 1, 0, 0, 692.24, 692.24, 0, 57, 87, 20231, 13556, 188, 17544, 1, '2015-02-26 23:51:54', '2015-02-26 23:51:54', NULL, 0.0, 0.0, 0.0, 383);

INSERT INTO `meeting_individual_results` (`id`, `rank`, `is_play_off`, `is_out_of_race`, `is_disqualified`, `standard_points`, `meeting_individual_points`, `minutes`, `seconds`, `hundreds`, `meeting_program_id`, `swimmer_id`, `team_id`, `badge_id`, `user_id`, `created_at`, `updated_at`, `disqualification_code_type_id`, `goggle_cup_points`, `reaction_time`, `team_points`, `team_affiliation_id`)
  VALUES (182267, 1, 1, 0, 0, 764.17, 764.17, 0, 34, 5, 20232, 9280, 185, 12802, 1, '2015-02-26 23:51:54', '2015-02-26 23:51:54', NULL, 0.0, 0.0, 0.0, 380);

INSERT INTO `meeting_individual_results` (`id`, `rank`, `is_play_off`, `is_out_of_race`, `is_disqualified`, `standard_points`, `meeting_individual_points`, `minutes`, `seconds`, `hundreds`, `meeting_program_id`, `swimmer_id`, `team_id`, `badge_id`, `user_id`, `created_at`, `updated_at`, `disqualification_code_type_id`, `goggle_cup_points`, `reaction_time`, `team_points`, `team_affiliation_id`)
  VALUES (182268, 1, 1, 0, 0, 651.89, 651.89, 0, 39, 70, 20233, 11615, 490, 15338, 1, '2015-02-26 23:51:54', '2015-02-26 23:51:54', NULL, 0.0, 0.0, 0.0, 710);

INSERT INTO `meeting_individual_results` (`id`, `rank`, `is_play_off`, `is_out_of_race`, `is_disqualified`, `standard_points`, `meeting_individual_points`, `minutes`, `seconds`, `hundreds`, `meeting_program_id`, `swimmer_id`, `team_id`, `badge_id`, `user_id`, `created_at`, `updated_at`, `disqualification_code_type_id`, `goggle_cup_points`, `reaction_time`, `team_points`, `team_affiliation_id`)
  VALUES (182269, 1, 1, 0, 0, 718.69, 718.69, 0, 36, 65, 20234, 12468, 185, 16235, 1, '2015-02-26 23:51:54', '2015-02-26 23:51:54', NULL, 0.0, 0.0, 0.0, 380);

INSERT INTO `meeting_individual_results` (`id`, `rank`, `is_play_off`, `is_out_of_race`, `is_disqualified`, `standard_points`, `meeting_individual_points`, `minutes`, `seconds`, `hundreds`, `meeting_program_id`, `swimmer_id`, `team_id`, `badge_id`, `user_id`, `created_at`, `updated_at`, `disqualification_code_type_id`, `goggle_cup_points`, `reaction_time`, `team_points`, `team_affiliation_id`)
  VALUES (182270, 2, 1, 0, 0, 695.17, 695.17, 0, 37, 89, 20234, 17169, 439, 20946, 1, '2015-02-26 23:51:55', '2015-02-26 23:51:55', NULL, 0.0, 0.0, 0.0, 659);

INSERT INTO `meeting_individual_results` (`id`, `rank`, `is_play_off`, `is_out_of_race`, `is_disqualified`, `standard_points`, `meeting_individual_points`, `minutes`, `seconds`, `hundreds`, `meeting_program_id`, `swimmer_id`, `team_id`, `badge_id`, `user_id`, `created_at`, `updated_at`, `disqualification_code_type_id`, `goggle_cup_points`, `reaction_time`, `team_points`, `team_affiliation_id`)
  VALUES (182271, 1, 1, 0, 0, 875.74, 875.74, 0, 30, 58, 20235, 17163, 206, 20953, 1, '2015-02-26 23:51:55', '2015-02-26 23:51:55', NULL, 0.0, 0.0, 0.0, 401);

INSERT INTO `meeting_individual_results` (`id`, `rank`, `is_play_off`, `is_out_of_race`, `is_disqualified`, `standard_points`, `meeting_individual_points`, `minutes`, `seconds`, `hundreds`, `meeting_program_id`, `swimmer_id`, `team_id`, `badge_id`, `user_id`, `created_at`, `updated_at`, `disqualification_code_type_id`, `goggle_cup_points`, `reaction_time`, `team_points`, `team_affiliation_id`)
  VALUES (182272, 1, 1, 0, 0, 768.84, 768.84, 0, 35, 43, 20236, 9360, 186, 12819, 1, '2015-02-26 23:51:55', '2015-02-26 23:51:55', NULL, 0.0, 0.0, 0.0, 381);

INSERT INTO `meeting_individual_results` (`id`, `rank`, `is_play_off`, `is_out_of_race`, `is_disqualified`, `standard_points`, `meeting_individual_points`, `minutes`, `seconds`, `hundreds`, `meeting_program_id`, `swimmer_id`, `team_id`, `badge_id`, `user_id`, `created_at`, `updated_at`, `disqualification_code_type_id`, `goggle_cup_points`, `reaction_time`, `team_points`, `team_affiliation_id`)
  VALUES (182273, 1, 1, 0, 0, 399.05, 399.05, 1, 13, 55, 20237, 12404, 185, 16175, 1, '2015-02-26 23:51:55', '2015-02-26 23:51:55', NULL, 0.0, 0.0, 0.0, 380);

INSERT INTO `meeting_individual_results` (`id`, `rank`, `is_play_off`, `is_out_of_race`, `is_disqualified`, `standard_points`, `meeting_individual_points`, `minutes`, `seconds`, `hundreds`, `meeting_program_id`, `swimmer_id`, `team_id`, `badge_id`, `user_id`, `created_at`, `updated_at`, `disqualification_code_type_id`, `goggle_cup_points`, `reaction_time`, `team_points`, `team_affiliation_id`)
  VALUES (182274, 1, 1, 0, 0, 694.3, 694.3, 0, 32, 45, 20238, 12447, 185, 16224, 1, '2015-02-26 23:51:55', '2015-02-26 23:51:55', NULL, 0.0, 0.0, 0.0, 380);

INSERT INTO `meeting_individual_results` (`id`, `rank`, `is_play_off`, `is_out_of_race`, `is_disqualified`, `standard_points`, `meeting_individual_points`, `minutes`, `seconds`, `hundreds`, `meeting_program_id`, `swimmer_id`, `team_id`, `badge_id`, `user_id`, `created_at`, `updated_at`, `disqualification_code_type_id`, `goggle_cup_points`, `reaction_time`, `team_points`, `team_affiliation_id`)
  VALUES (182275, 2, 1, 0, 0, 547.38, 547.38, 0, 41, 16, 20238, 17159, 496, 20966, 1, '2015-02-26 23:51:55', '2015-02-26 23:51:55', NULL, 0.0, 0.0, 0.0, 716);

INSERT INTO `meeting_individual_results` (`id`, `rank`, `is_play_off`, `is_out_of_race`, `is_disqualified`, `standard_points`, `meeting_individual_points`, `minutes`, `seconds`, `hundreds`, `meeting_program_id`, `swimmer_id`, `team_id`, `badge_id`, `user_id`, `created_at`, `updated_at`, `disqualification_code_type_id`, `goggle_cup_points`, `reaction_time`, `team_points`, `team_affiliation_id`)
  VALUES (182276, 3, 1, 0, 0, 506.06, 506.06, 0, 44, 52, 20238, 12436, 185, 16206, 1, '2015-02-26 23:51:55', '2015-02-26 23:51:55', NULL, 0.0, 0.0, 0.0, 380);

INSERT INTO `meeting_individual_results` (`id`, `rank`, `is_play_off`, `is_out_of_race`, `is_disqualified`, `standard_points`, `meeting_individual_points`, `minutes`, `seconds`, `hundreds`, `meeting_program_id`, `swimmer_id`, `team_id`, `badge_id`, `user_id`, `created_at`, `updated_at`, `disqualification_code_type_id`, `goggle_cup_points`, `reaction_time`, `team_points`, `team_affiliation_id`)
  VALUES (182277, 4, 1, 0, 1, 0.0, 0.0, 0, 0, 0, 20238, 17156, 496, 20954, 1, '2015-02-26 23:51:55', '2015-02-26 23:51:55', 1, 0.0, 0.0, 0.0, 716);

INSERT INTO `meeting_individual_results` (`id`, `rank`, `is_play_off`, `is_out_of_race`, `is_disqualified`, `standard_points`, `meeting_individual_points`, `minutes`, `seconds`, `hundreds`, `meeting_program_id`, `swimmer_id`, `team_id`, `badge_id`, `user_id`, `created_at`, `updated_at`, `disqualification_code_type_id`, `goggle_cup_points`, `reaction_time`, `team_points`, `team_affiliation_id`)
  VALUES (182278, 1, 1, 0, 0, 807.46, 807.46, 0, 27, 89, 20239, 15668, 383, 19479, 1, '2015-02-26 23:51:55', '2015-02-26 23:51:55', NULL, 0.0, 0.0, 0.0, 603);

INSERT INTO `meeting_individual_results` (`id`, `rank`, `is_play_off`, `is_out_of_race`, `is_disqualified`, `standard_points`, `meeting_individual_points`, `minutes`, `seconds`, `hundreds`, `meeting_program_id`, `swimmer_id`, `team_id`, `badge_id`, `user_id`, `created_at`, `updated_at`, `disqualification_code_type_id`, `goggle_cup_points`, `reaction_time`, `team_points`, `team_affiliation_id`)
  VALUES (182279, 2, 1, 0, 0, 803.71, 803.71, 0, 28, 2, 20239, 17167, 496, 20943, 1, '2015-02-26 23:51:56', '2015-02-26 23:51:56', NULL, 0.0, 0.0, 0.0, 716);

INSERT INTO `meeting_individual_results` (`id`, `rank`, `is_play_off`, `is_out_of_race`, `is_disqualified`, `standard_points`, `meeting_individual_points`, `minutes`, `seconds`, `hundreds`, `meeting_program_id`, `swimmer_id`, `team_id`, `badge_id`, `user_id`, `created_at`, `updated_at`, `disqualification_code_type_id`, `goggle_cup_points`, `reaction_time`, `team_points`, `team_affiliation_id`)
  VALUES (182280, 3, 1, 0, 0, 736.19, 736.19, 0, 30, 59, 20239, 11681, 185, 15429, 1, '2015-02-26 23:51:56', '2015-02-26 23:51:56', NULL, 0.0, 0.0, 0.0, 380);

INSERT INTO `meeting_individual_results` (`id`, `rank`, `is_play_off`, `is_out_of_race`, `is_disqualified`, `standard_points`, `meeting_individual_points`, `minutes`, `seconds`, `hundreds`, `meeting_program_id`, `swimmer_id`, `team_id`, `badge_id`, `user_id`, `created_at`, `updated_at`, `disqualification_code_type_id`, `goggle_cup_points`, `reaction_time`, `team_points`, `team_affiliation_id`)
  VALUES (182281, 4, 1, 0, 0, 714.69, 714.69, 0, 31, 51, 20239, 16979, 490, 20786, 1, '2015-02-26 23:51:56', '2015-02-26 23:51:56', NULL, 0.0, 0.0, 0.0, 710);

INSERT INTO `meeting_individual_results` (`id`, `rank`, `is_play_off`, `is_out_of_race`, `is_disqualified`, `standard_points`, `meeting_individual_points`, `minutes`, `seconds`, `hundreds`, `meeting_program_id`, `swimmer_id`, `team_id`, `badge_id`, `user_id`, `created_at`, `updated_at`, `disqualification_code_type_id`, `goggle_cup_points`, `reaction_time`, `team_points`, `team_affiliation_id`)
  VALUES (182282, 5, 1, 0, 0, 688.26, 688.26, 0, 32, 72, 20239, 13614, 624, 17341, 1, '2015-02-26 23:51:56', '2015-02-26 23:51:56', NULL, 0.0, 0.0, 0.0, 844);

INSERT INTO `meeting_individual_results` (`id`, `rank`, `is_play_off`, `is_out_of_race`, `is_disqualified`, `standard_points`, `meeting_individual_points`, `minutes`, `seconds`, `hundreds`, `meeting_program_id`, `swimmer_id`, `team_id`, `badge_id`, `user_id`, `created_at`, `updated_at`, `disqualification_code_type_id`, `goggle_cup_points`, `reaction_time`, `team_points`, `team_affiliation_id`)
  VALUES (182283, 6, 1, 0, 0, 678.72, 678.72, 0, 33, 18, 20239, 17172, 185, 20967, 1, '2015-02-26 23:51:56', '2015-02-26 23:51:56', NULL, 0.0, 0.0, 0.0, 380);

INSERT INTO `meeting_individual_results` (`id`, `rank`, `is_play_off`, `is_out_of_race`, `is_disqualified`, `standard_points`, `meeting_individual_points`, `minutes`, `seconds`, `hundreds`, `meeting_program_id`, `swimmer_id`, `team_id`, `badge_id`, `user_id`, `created_at`, `updated_at`, `disqualification_code_type_id`, `goggle_cup_points`, `reaction_time`, `team_points`, `team_affiliation_id`)
  VALUES (182284, 7, 1, 0, 0, 671.64, 671.64, 0, 33, 53, 20239, 6995, 372, 10748, 1, '2015-02-26 23:51:56', '2015-02-26 23:51:56', NULL, 0.0, 0.0, 0.0, 592);

INSERT INTO `meeting_individual_results` (`id`, `rank`, `is_play_off`, `is_out_of_race`, `is_disqualified`, `standard_points`, `meeting_individual_points`, `minutes`, `seconds`, `hundreds`, `meeting_program_id`, `swimmer_id`, `team_id`, `badge_id`, `user_id`, `created_at`, `updated_at`, `disqualification_code_type_id`, `goggle_cup_points`, `reaction_time`, `team_points`, `team_affiliation_id`)
  VALUES (182285, 8, 1, 0, 0, 636.16, 636.16, 0, 35, 40, 20239, 17155, 185, 20972, 1, '2015-02-26 23:51:56', '2015-02-26 23:51:56', NULL, 0.0, 0.0, 0.0, 380);

INSERT INTO `meeting_individual_results` (`id`, `rank`, `is_play_off`, `is_out_of_race`, `is_disqualified`, `standard_points`, `meeting_individual_points`, `minutes`, `seconds`, `hundreds`, `meeting_program_id`, `swimmer_id`, `team_id`, `badge_id`, `user_id`, `created_at`, `updated_at`, `disqualification_code_type_id`, `goggle_cup_points`, `reaction_time`, `team_points`, `team_affiliation_id`)
  VALUES (182286, 9, 1, 0, 0, 635.98, 635.98, 0, 35, 41, 20239, 12446, 185, 16208, 1, '2015-02-26 23:51:56', '2015-02-26 23:51:56', NULL, 0.0, 0.0, 0.0, 380);

INSERT INTO `meeting_individual_results` (`id`, `rank`, `is_play_off`, `is_out_of_race`, `is_disqualified`, `standard_points`, `meeting_individual_points`, `minutes`, `seconds`, `hundreds`, `meeting_program_id`, `swimmer_id`, `team_id`, `badge_id`, `user_id`, `created_at`, `updated_at`, `disqualification_code_type_id`, `goggle_cup_points`, `reaction_time`, `team_points`, `team_affiliation_id`)
  VALUES (182287, 10, 1, 0, 0, 601.66, 601.66, 0, 37, 43, 20239, 17162, 439, 20975, 1, '2015-02-26 23:51:56', '2015-02-26 23:51:56', NULL, 0.0, 0.0, 0.0, 659);

INSERT INTO `meeting_individual_results` (`id`, `rank`, `is_play_off`, `is_out_of_race`, `is_disqualified`, `standard_points`, `meeting_individual_points`, `minutes`, `seconds`, `hundreds`, `meeting_program_id`, `swimmer_id`, `team_id`, `badge_id`, `user_id`, `created_at`, `updated_at`, `disqualification_code_type_id`, `goggle_cup_points`, `reaction_time`, `team_points`, `team_affiliation_id`)
  VALUES (182288, 11, 1, 0, 0, 600.53, 600.53, 0, 37, 50, 20239, 17164, 185, 20971, 1, '2015-02-26 23:51:56', '2015-02-26 23:51:56', NULL, 0.0, 0.0, 0.0, 380);

INSERT INTO `meeting_individual_results` (`id`, `rank`, `is_play_off`, `is_out_of_race`, `is_disqualified`, `standard_points`, `meeting_individual_points`, `minutes`, `seconds`, `hundreds`, `meeting_program_id`, `swimmer_id`, `team_id`, `badge_id`, `user_id`, `created_at`, `updated_at`, `disqualification_code_type_id`, `goggle_cup_points`, `reaction_time`, `team_points`, `team_affiliation_id`)
  VALUES (182289, 1, 1, 0, 0, 787.9, 787.9, 0, 29, 9, 20240, 3308, 185, 6529, 1, '2015-02-26 23:51:56', '2015-02-26 23:51:56', NULL, 0.0, 0.0, 0.0, 380);

INSERT INTO `meeting_individual_results` (`id`, `rank`, `is_play_off`, `is_out_of_race`, `is_disqualified`, `standard_points`, `meeting_individual_points`, `minutes`, `seconds`, `hundreds`, `meeting_program_id`, `swimmer_id`, `team_id`, `badge_id`, `user_id`, `created_at`, `updated_at`, `disqualification_code_type_id`, `goggle_cup_points`, `reaction_time`, `team_points`, `team_affiliation_id`)
  VALUES (182290, 2, 1, 0, 0, 705.67, 705.67, 0, 32, 48, 20240, 13459, 240, 17095, 1, '2015-02-26 23:51:57', '2015-02-26 23:51:57', NULL, 0.0, 0.0, 0.0, 435);

INSERT INTO `meeting_individual_results` (`id`, `rank`, `is_play_off`, `is_out_of_race`, `is_disqualified`, `standard_points`, `meeting_individual_points`, `minutes`, `seconds`, `hundreds`, `meeting_program_id`, `swimmer_id`, `team_id`, `badge_id`, `user_id`, `created_at`, `updated_at`, `disqualification_code_type_id`, `goggle_cup_points`, `reaction_time`, `team_points`, `team_affiliation_id`)
  VALUES (182291, 3, 1, 0, 0, 698.57, 698.57, 0, 32, 81, 20240, 17151, 439, 20976, 1, '2015-02-26 23:51:57', '2015-02-26 23:51:57', NULL, 0.0, 0.0, 0.0, 659);

INSERT INTO `meeting_individual_results` (`id`, `rank`, `is_play_off`, `is_out_of_race`, `is_disqualified`, `standard_points`, `meeting_individual_points`, `minutes`, `seconds`, `hundreds`, `meeting_program_id`, `swimmer_id`, `team_id`, `badge_id`, `user_id`, `created_at`, `updated_at`, `disqualification_code_type_id`, `goggle_cup_points`, `reaction_time`, `team_points`, `team_affiliation_id`)
  VALUES (182292, 4, 1, 0, 0, 594.86, 594.86, 0, 38, 53, 20240, 17139, 185, 20955, 1, '2015-02-26 23:51:57', '2015-02-26 23:51:57', NULL, 0.0, 0.0, 0.0, 380);

INSERT INTO `meeting_individual_results` (`id`, `rank`, `is_play_off`, `is_out_of_race`, `is_disqualified`, `standard_points`, `meeting_individual_points`, `minutes`, `seconds`, `hundreds`, `meeting_program_id`, `swimmer_id`, `team_id`, `badge_id`, `user_id`, `created_at`, `updated_at`, `disqualification_code_type_id`, `goggle_cup_points`, `reaction_time`, `team_points`, `team_affiliation_id`)
  VALUES (182293, 1, 1, 0, 0, 812.99, 812.99, 0, 29, 9, 20241, 17170, 206, 20956, 1, '2015-02-26 23:51:57', '2015-02-26 23:51:57', NULL, 0.0, 0.0, 0.0, 401);

INSERT INTO `meeting_individual_results` (`id`, `rank`, `is_play_off`, `is_out_of_race`, `is_disqualified`, `standard_points`, `meeting_individual_points`, `minutes`, `seconds`, `hundreds`, `meeting_program_id`, `swimmer_id`, `team_id`, `badge_id`, `user_id`, `created_at`, `updated_at`, `disqualification_code_type_id`, `goggle_cup_points`, `reaction_time`, `team_points`, `team_affiliation_id`)
  VALUES (182294, 2, 1, 0, 0, 602.55, 602.55, 0, 39, 25, 20241, 6902, 383, 10723, 1, '2015-02-26 23:51:57', '2015-02-26 23:51:57', NULL, 0.0, 0.0, 0.0, 603);

INSERT INTO `meeting_individual_results` (`id`, `rank`, `is_play_off`, `is_out_of_race`, `is_disqualified`, `standard_points`, `meeting_individual_points`, `minutes`, `seconds`, `hundreds`, `meeting_program_id`, `swimmer_id`, `team_id`, `badge_id`, `user_id`, `created_at`, `updated_at`, `disqualification_code_type_id`, `goggle_cup_points`, `reaction_time`, `team_points`, `team_affiliation_id`)
  VALUES (182295, 3, 1, 0, 0, 523.23, 523.23, 0, 45, 20, 20241, 17165, 704, 20973, 1, '2015-02-26 23:51:57', '2015-02-26 23:51:57', NULL, 0.0, 0.0, 0.0, 924);

INSERT INTO `meeting_individual_results` (`id`, `rank`, `is_play_off`, `is_out_of_race`, `is_disqualified`, `standard_points`, `meeting_individual_points`, `minutes`, `seconds`, `hundreds`, `meeting_program_id`, `swimmer_id`, `team_id`, `badge_id`, `user_id`, `created_at`, `updated_at`, `disqualification_code_type_id`, `goggle_cup_points`, `reaction_time`, `team_points`, `team_affiliation_id`)
  VALUES (182296, 1, 1, 0, 0, 874.09, 874.09, 0, 27, 48, 20242, 3314, 186, 6535, 1, '2015-02-26 23:51:57', '2015-02-26 23:51:57', NULL, 0.0, 0.0, 0.0, 381);

INSERT INTO `meeting_individual_results` (`id`, `rank`, `is_play_off`, `is_out_of_race`, `is_disqualified`, `standard_points`, `meeting_individual_points`, `minutes`, `seconds`, `hundreds`, `meeting_program_id`, `swimmer_id`, `team_id`, `badge_id`, `user_id`, `created_at`, `updated_at`, `disqualification_code_type_id`, `goggle_cup_points`, `reaction_time`, `team_points`, `team_affiliation_id`)
  VALUES (182297, 2, 1, 0, 0, 863.41, 863.41, 0, 27, 82, 20242, 17148, 439, 20958, 1, '2015-02-26 23:51:57', '2015-02-26 23:51:57', NULL, 0.0, 0.0, 0.0, 659);

INSERT INTO `meeting_individual_results` (`id`, `rank`, `is_play_off`, `is_out_of_race`, `is_disqualified`, `standard_points`, `meeting_individual_points`, `minutes`, `seconds`, `hundreds`, `meeting_program_id`, `swimmer_id`, `team_id`, `badge_id`, `user_id`, `created_at`, `updated_at`, `disqualification_code_type_id`, `goggle_cup_points`, `reaction_time`, `team_points`, `team_affiliation_id`)
  VALUES (182298, 3, 1, 0, 0, 843.99, 843.99, 0, 28, 46, 20242, 3375, 195, 6596, 1, '2015-02-26 23:51:57', '2015-02-26 23:51:57', NULL, 0.0, 0.0, 0.0, 390);

INSERT INTO `meeting_individual_results` (`id`, `rank`, `is_play_off`, `is_out_of_race`, `is_disqualified`, `standard_points`, `meeting_individual_points`, `minutes`, `seconds`, `hundreds`, `meeting_program_id`, `swimmer_id`, `team_id`, `badge_id`, `user_id`, `created_at`, `updated_at`, `disqualification_code_type_id`, `goggle_cup_points`, `reaction_time`, `team_points`, `team_affiliation_id`)
  VALUES (182299, 4, 1, 0, 0, 781.65, 781.65, 0, 30, 73, 20242, 12460, 185, 16222, 1, '2015-02-26 23:51:57', '2015-02-26 23:51:57', NULL, 0.0, 0.0, 0.0, 380);

INSERT INTO `meeting_individual_results` (`id`, `rank`, `is_play_off`, `is_out_of_race`, `is_disqualified`, `standard_points`, `meeting_individual_points`, `minutes`, `seconds`, `hundreds`, `meeting_program_id`, `swimmer_id`, `team_id`, `badge_id`, `user_id`, `created_at`, `updated_at`, `disqualification_code_type_id`, `goggle_cup_points`, `reaction_time`, `team_points`, `team_affiliation_id`)
  VALUES (182300, 5, 1, 0, 0, 660.25, 660.25, 0, 36, 38, 20242, 12434, 185, 16197, 1, '2015-02-26 23:51:58', '2015-02-26 23:51:58', NULL, 0.0, 0.0, 0.0, 380);

INSERT INTO `meeting_individual_results` (`id`, `rank`, `is_play_off`, `is_out_of_race`, `is_disqualified`, `standard_points`, `meeting_individual_points`, `minutes`, `seconds`, `hundreds`, `meeting_program_id`, `swimmer_id`, `team_id`, `badge_id`, `user_id`, `created_at`, `updated_at`, `disqualification_code_type_id`, `goggle_cup_points`, `reaction_time`, `team_points`, `team_affiliation_id`)
  VALUES (182301, 6, 1, 0, 0, 637.81, 637.81, 0, 37, 66, 20242, 17152, 383, 20959, 1, '2015-02-26 23:51:58', '2015-02-26 23:51:58', NULL, 0.0, 0.0, 0.0, 603);

INSERT INTO `meeting_individual_results` (`id`, `rank`, `is_play_off`, `is_out_of_race`, `is_disqualified`, `standard_points`, `meeting_individual_points`, `minutes`, `seconds`, `hundreds`, `meeting_program_id`, `swimmer_id`, `team_id`, `badge_id`, `user_id`, `created_at`, `updated_at`, `disqualification_code_type_id`, `goggle_cup_points`, `reaction_time`, `team_points`, `team_affiliation_id`)
  VALUES (182302, 7, 1, 0, 0, 615.27, 615.27, 0, 39, 4, 20242, 12469, 185, 16213, 1, '2015-02-26 23:51:58', '2015-02-26 23:51:58', NULL, 0.0, 0.0, 0.0, 380);

INSERT INTO `meeting_individual_results` (`id`, `rank`, `is_play_off`, `is_out_of_race`, `is_disqualified`, `standard_points`, `meeting_individual_points`, `minutes`, `seconds`, `hundreds`, `meeting_program_id`, `swimmer_id`, `team_id`, `badge_id`, `user_id`, `created_at`, `updated_at`, `disqualification_code_type_id`, `goggle_cup_points`, `reaction_time`, `team_points`, `team_affiliation_id`)
  VALUES (182303, 8, 1, 0, 0, 599.9, 599.9, 0, 40, 4, 20242, 11607, 490, 15364, 1, '2015-02-26 23:51:58', '2015-02-26 23:51:58', NULL, 0.0, 0.0, 0.0, 710);

INSERT INTO `meeting_individual_results` (`id`, `rank`, `is_play_off`, `is_out_of_race`, `is_disqualified`, `standard_points`, `meeting_individual_points`, `minutes`, `seconds`, `hundreds`, `meeting_program_id`, `swimmer_id`, `team_id`, `badge_id`, `user_id`, `created_at`, `updated_at`, `disqualification_code_type_id`, `goggle_cup_points`, `reaction_time`, `team_points`, `team_affiliation_id`)
  VALUES (182304, 1, 1, 0, 0, 817.1, 817.1, 0, 30, 18, 20243, 6855, 372, 10603, 1, '2015-02-26 23:51:58', '2015-02-26 23:51:58', NULL, 0.0, 0.0, 0.0, 592);

INSERT INTO `meeting_individual_results` (`id`, `rank`, `is_play_off`, `is_out_of_race`, `is_disqualified`, `standard_points`, `meeting_individual_points`, `minutes`, `seconds`, `hundreds`, `meeting_program_id`, `swimmer_id`, `team_id`, `badge_id`, `user_id`, `created_at`, `updated_at`, `disqualification_code_type_id`, `goggle_cup_points`, `reaction_time`, `team_points`, `team_affiliation_id`)
  VALUES (182305, 2, 1, 0, 0, 565.99, 565.99, 0, 43, 57, 20243, 15655, 383, 19463, 1, '2015-02-26 23:51:58', '2015-02-26 23:51:58', NULL, 0.0, 0.0, 0.0, 603);

INSERT INTO `meeting_individual_results` (`id`, `rank`, `is_play_off`, `is_out_of_race`, `is_disqualified`, `standard_points`, `meeting_individual_points`, `minutes`, `seconds`, `hundreds`, `meeting_program_id`, `swimmer_id`, `team_id`, `badge_id`, `user_id`, `created_at`, `updated_at`, `disqualification_code_type_id`, `goggle_cup_points`, `reaction_time`, `team_points`, `team_affiliation_id`)
  VALUES (182306, 3, 1, 0, 0, 563.66, 563.66, 0, 43, 75, 20243, 12470, 185, 16215, 1, '2015-02-26 23:51:58', '2015-02-26 23:51:58', NULL, 0.0, 0.0, 0.0, 380);

INSERT INTO `meeting_individual_results` (`id`, `rank`, `is_play_off`, `is_out_of_race`, `is_disqualified`, `standard_points`, `meeting_individual_points`, `minutes`, `seconds`, `hundreds`, `meeting_program_id`, `swimmer_id`, `team_id`, `badge_id`, `user_id`, `created_at`, `updated_at`, `disqualification_code_type_id`, `goggle_cup_points`, `reaction_time`, `team_points`, `team_affiliation_id`)
  VALUES (182307, 4, 1, 0, 0, 514.72, 514.72, 0, 47, 91, 20243, 17141, 496, 20960, 1, '2015-02-26 23:51:58', '2015-02-26 23:51:58', NULL, 0.0, 0.0, 0.0, 716);

INSERT INTO `meeting_individual_results` (`id`, `rank`, `is_play_off`, `is_out_of_race`, `is_disqualified`, `standard_points`, `meeting_individual_points`, `minutes`, `seconds`, `hundreds`, `meeting_program_id`, `swimmer_id`, `team_id`, `badge_id`, `user_id`, `created_at`, `updated_at`, `disqualification_code_type_id`, `goggle_cup_points`, `reaction_time`, `team_points`, `team_affiliation_id`)
  VALUES (182308, 5, 1, 0, 0, 423.57, 423.57, 0, 58, 22, 20243, 17171, 496, 20968, 1, '2015-02-26 23:51:58', '2015-02-26 23:51:58', NULL, 0.0, 0.0, 0.0, 716);

INSERT INTO `meeting_individual_results` (`id`, `rank`, `is_play_off`, `is_out_of_race`, `is_disqualified`, `standard_points`, `meeting_individual_points`, `minutes`, `seconds`, `hundreds`, `meeting_program_id`, `swimmer_id`, `team_id`, `badge_id`, `user_id`, `created_at`, `updated_at`, `disqualification_code_type_id`, `goggle_cup_points`, `reaction_time`, `team_points`, `team_affiliation_id`)
  VALUES (182309, 6, 1, 0, 1, 0.0, 0.0, 0, 0, 0, 20243, 3330, 185, 6551, 1, '2015-02-26 23:51:59', '2015-02-26 23:51:59', 1, 0.0, 0.0, 0.0, 380);

INSERT INTO `meeting_individual_results` (`id`, `rank`, `is_play_off`, `is_out_of_race`, `is_disqualified`, `standard_points`, `meeting_individual_points`, `minutes`, `seconds`, `hundreds`, `meeting_program_id`, `swimmer_id`, `team_id`, `badge_id`, `user_id`, `created_at`, `updated_at`, `disqualification_code_type_id`, `goggle_cup_points`, `reaction_time`, `team_points`, `team_affiliation_id`)
  VALUES (182310, 1, 1, 0, 0, 694.41, 694.41, 0, 36, 65, 20244, 15673, 383, 19465, 1, '2015-02-26 23:51:59', '2015-02-26 23:51:59', NULL, 0.0, 0.0, 0.0, 603);

INSERT INTO `meeting_individual_results` (`id`, `rank`, `is_play_off`, `is_out_of_race`, `is_disqualified`, `standard_points`, `meeting_individual_points`, `minutes`, `seconds`, `hundreds`, `meeting_program_id`, `swimmer_id`, `team_id`, `badge_id`, `user_id`, `created_at`, `updated_at`, `disqualification_code_type_id`, `goggle_cup_points`, `reaction_time`, `team_points`, `team_affiliation_id`)
  VALUES (182311, 1, 1, 0, 0, 718.85, 718.85, 0, 36, 60, 20245, 12403, 185, 16217, 1, '2015-02-26 23:51:59', '2015-02-26 23:51:59', NULL, 0.0, 0.0, 0.0, 380);

INSERT INTO `meeting_individual_results` (`id`, `rank`, `is_play_off`, `is_out_of_race`, `is_disqualified`, `standard_points`, `meeting_individual_points`, `minutes`, `seconds`, `hundreds`, `meeting_program_id`, `swimmer_id`, `team_id`, `badge_id`, `user_id`, `created_at`, `updated_at`, `disqualification_code_type_id`, `goggle_cup_points`, `reaction_time`, `team_points`, `team_affiliation_id`)
  VALUES (182312, 2, 1, 0, 0, 432.16, 432.16, 1, 0, 88, 20245, 9195, 185, 12904, 1, '2015-02-26 23:51:59', '2015-02-26 23:51:59', NULL, 0.0, 0.0, 0.0, 380);

INSERT INTO `meeting_individual_results` (`id`, `rank`, `is_play_off`, `is_out_of_race`, `is_disqualified`, `standard_points`, `meeting_individual_points`, `minutes`, `seconds`, `hundreds`, `meeting_program_id`, `swimmer_id`, `team_id`, `badge_id`, `user_id`, `created_at`, `updated_at`, `disqualification_code_type_id`, `goggle_cup_points`, `reaction_time`, `team_points`, `team_affiliation_id`)
  VALUES (182313, 1, 1, 0, 0, 666.83, 666.83, 0, 40, 73, 20246, 3340, 188, 6561, 1, '2015-02-26 23:51:59', '2015-02-26 23:51:59', NULL, 0.0, 0.0, 0.0, 383);

INSERT INTO `meeting_individual_results` (`id`, `rank`, `is_play_off`, `is_out_of_race`, `is_disqualified`, `standard_points`, `meeting_individual_points`, `minutes`, `seconds`, `hundreds`, `meeting_program_id`, `swimmer_id`, `team_id`, `badge_id`, `user_id`, `created_at`, `updated_at`, `disqualification_code_type_id`, `goggle_cup_points`, `reaction_time`, `team_points`, `team_affiliation_id`)
  VALUES (182314, 2, 1, 0, 0, 488.23, 488.23, 0, 55, 63, 20246, 17166, 704, 20974, 1, '2015-02-26 23:51:59', '2015-02-26 23:51:59', NULL, 0.0, 0.0, 0.0, 924);

INSERT INTO `meeting_individual_results` (`id`, `rank`, `is_play_off`, `is_out_of_race`, `is_disqualified`, `standard_points`, `meeting_individual_points`, `minutes`, `seconds`, `hundreds`, `meeting_program_id`, `swimmer_id`, `team_id`, `badge_id`, `user_id`, `created_at`, `updated_at`, `disqualification_code_type_id`, `goggle_cup_points`, `reaction_time`, `team_points`, `team_affiliation_id`)
  VALUES (182315, 1, 1, 0, 0, 728.64, 728.64, 0, 43, 8, 20247, 3385, 194, 6606, 1, '2015-02-26 23:51:59', '2015-02-26 23:51:59', NULL, 0.0, 0.0, 0.0, 389);

INSERT INTO `meeting_individual_results` (`id`, `rank`, `is_play_off`, `is_out_of_race`, `is_disqualified`, `standard_points`, `meeting_individual_points`, `minutes`, `seconds`, `hundreds`, `meeting_program_id`, `swimmer_id`, `team_id`, `badge_id`, `user_id`, `created_at`, `updated_at`, `disqualification_code_type_id`, `goggle_cup_points`, `reaction_time`, `team_points`, `team_affiliation_id`)
  VALUES (182316, 2, 1, 0, 0, 404.35, 404.35, 1, 17, 63, 20247, 10781, 188, 14380, 1, '2015-02-26 23:51:59', '2015-02-26 23:51:59', NULL, 0.0, 0.0, 0.0, 383);

INSERT INTO `meeting_individual_results` (`id`, `rank`, `is_play_off`, `is_out_of_race`, `is_disqualified`, `standard_points`, `meeting_individual_points`, `minutes`, `seconds`, `hundreds`, `meeting_program_id`, `swimmer_id`, `team_id`, `badge_id`, `user_id`, `created_at`, `updated_at`, `disqualification_code_type_id`, `goggle_cup_points`, `reaction_time`, `team_points`, `team_affiliation_id`)
  VALUES (182317, 1, 1, 0, 0, 0.0, 0.0, 0, 27, 48, 20248, 17168, 240, 20945, 1, '2015-02-26 23:51:59', '2015-02-26 23:51:59', NULL, 0.0, 0.0, 0.0, 435);

INSERT INTO `meeting_individual_results` (`id`, `rank`, `is_play_off`, `is_out_of_race`, `is_disqualified`, `standard_points`, `meeting_individual_points`, `minutes`, `seconds`, `hundreds`, `meeting_program_id`, `swimmer_id`, `team_id`, `badge_id`, `user_id`, `created_at`, `updated_at`, `disqualification_code_type_id`, `goggle_cup_points`, `reaction_time`, `team_points`, `team_affiliation_id`)
  VALUES (182318, 2, 1, 0, 0, 0.0, 0.0, 0, 33, 67, 20248, 11616, 490, 15349, 1, '2015-02-26 23:51:59', '2015-02-26 23:51:59', NULL, 0.0, 0.0, 0.0, 710);

INSERT INTO `meeting_individual_results` (`id`, `rank`, `is_play_off`, `is_out_of_race`, `is_disqualified`, `standard_points`, `meeting_individual_points`, `minutes`, `seconds`, `hundreds`, `meeting_program_id`, `swimmer_id`, `team_id`, `badge_id`, `user_id`, `created_at`, `updated_at`, `disqualification_code_type_id`, `goggle_cup_points`, `reaction_time`, `team_points`, `team_affiliation_id`)
  VALUES (182319, 1, 1, 0, 0, 692.49, 692.49, 13, 9, 56, 20249, 12443, 185, 16200, 1, '2015-02-26 23:52:00', '2015-02-26 23:52:00', NULL, 0.0, 0.0, 0.0, 380);

INSERT INTO `meeting_individual_results` (`id`, `rank`, `is_play_off`, `is_out_of_race`, `is_disqualified`, `standard_points`, `meeting_individual_points`, `minutes`, `seconds`, `hundreds`, `meeting_program_id`, `swimmer_id`, `team_id`, `badge_id`, `user_id`, `created_at`, `updated_at`, `disqualification_code_type_id`, `goggle_cup_points`, `reaction_time`, `team_points`, `team_affiliation_id`)
  VALUES (182320, 1, 1, 0, 0, 781.5, 781.5, 11, 49, 90, 20250, 3839, 211, 7069, 1, '2015-02-26 23:52:00', '2015-02-26 23:52:00', NULL, 0.0, 0.0, 0.0, 406);

INSERT INTO `meeting_individual_results` (`id`, `rank`, `is_play_off`, `is_out_of_race`, `is_disqualified`, `standard_points`, `meeting_individual_points`, `minutes`, `seconds`, `hundreds`, `meeting_program_id`, `swimmer_id`, `team_id`, `badge_id`, `user_id`, `created_at`, `updated_at`, `disqualification_code_type_id`, `goggle_cup_points`, `reaction_time`, `team_points`, `team_affiliation_id`)
  VALUES (182321, 2, 1, 0, 0, 757.57, 757.57, 12, 12, 33, 20250, 12414, 185, 16201, 1, '2015-02-26 23:52:00', '2015-02-26 23:52:00', NULL, 0.0, 0.0, 0.0, 380);

INSERT INTO `meeting_individual_results` (`id`, `rank`, `is_play_off`, `is_out_of_race`, `is_disqualified`, `standard_points`, `meeting_individual_points`, `minutes`, `seconds`, `hundreds`, `meeting_program_id`, `swimmer_id`, `team_id`, `badge_id`, `user_id`, `created_at`, `updated_at`, `disqualification_code_type_id`, `goggle_cup_points`, `reaction_time`, `team_points`, `team_affiliation_id`)
  VALUES (182322, 3, 1, 0, 0, 661.87, 661.87, 13, 58, 22, 20250, 9244, 194, 12812, 1, '2015-02-26 23:52:00', '2015-02-26 23:52:00', NULL, 0.0, 0.0, 0.0, 389);

INSERT INTO `meeting_individual_results` (`id`, `rank`, `is_play_off`, `is_out_of_race`, `is_disqualified`, `standard_points`, `meeting_individual_points`, `minutes`, `seconds`, `hundreds`, `meeting_program_id`, `swimmer_id`, `team_id`, `badge_id`, `user_id`, `created_at`, `updated_at`, `disqualification_code_type_id`, `goggle_cup_points`, `reaction_time`, `team_points`, `team_affiliation_id`)
  VALUES (182323, 1, 1, 0, 0, 842.37, 842.37, 11, 11, 38, 20251, 3400, 203, 6621, 1, '2015-02-26 23:52:00', '2015-02-26 23:52:00', NULL, 0.0, 0.0, 0.0, 398);

INSERT INTO `meeting_individual_results` (`id`, `rank`, `is_play_off`, `is_out_of_race`, `is_disqualified`, `standard_points`, `meeting_individual_points`, `minutes`, `seconds`, `hundreds`, `meeting_program_id`, `swimmer_id`, `team_id`, `badge_id`, `user_id`, `created_at`, `updated_at`, `disqualification_code_type_id`, `goggle_cup_points`, `reaction_time`, `team_points`, `team_affiliation_id`)
  VALUES (182324, 2, 1, 0, 0, 736.69, 736.69, 12, 47, 69, 20251, 8293, 188, 11829, 1, '2015-02-26 23:52:00', '2015-02-26 23:52:00', NULL, 0.0, 0.0, 0.0, 383);

INSERT INTO `meeting_individual_results` (`id`, `rank`, `is_play_off`, `is_out_of_race`, `is_disqualified`, `standard_points`, `meeting_individual_points`, `minutes`, `seconds`, `hundreds`, `meeting_program_id`, `swimmer_id`, `team_id`, `badge_id`, `user_id`, `created_at`, `updated_at`, `disqualification_code_type_id`, `goggle_cup_points`, `reaction_time`, `team_points`, `team_affiliation_id`)
  VALUES (182325, 3, 1, 0, 0, 688.56, 688.56, 13, 41, 35, 20251, 9299, 194, 12816, 1, '2015-02-26 23:52:00', '2015-02-26 23:52:00', NULL, 0.0, 0.0, 0.0, 389);

INSERT INTO `meeting_individual_results` (`id`, `rank`, `is_play_off`, `is_out_of_race`, `is_disqualified`, `standard_points`, `meeting_individual_points`, `minutes`, `seconds`, `hundreds`, `meeting_program_id`, `swimmer_id`, `team_id`, `badge_id`, `user_id`, `created_at`, `updated_at`, `disqualification_code_type_id`, `goggle_cup_points`, `reaction_time`, `team_points`, `team_affiliation_id`)
  VALUES (182326, 1, 1, 0, 0, 660.82, 660.82, 14, 31, 52, 20252, 12451, 185, 16203, 1, '2015-02-26 23:52:00', '2015-02-26 23:52:00', NULL, 0.0, 0.0, 0.0, 380);

INSERT INTO `meeting_individual_results` (`id`, `rank`, `is_play_off`, `is_out_of_race`, `is_disqualified`, `standard_points`, `meeting_individual_points`, `minutes`, `seconds`, `hundreds`, `meeting_program_id`, `swimmer_id`, `team_id`, `badge_id`, `user_id`, `created_at`, `updated_at`, `disqualification_code_type_id`, `goggle_cup_points`, `reaction_time`, `team_points`, `team_affiliation_id`)
  VALUES (182327, 1, 1, 0, 0, 802.76, 802.76, 12, 17, 23, 20253, 8350, 382, 11985, 1, '2015-02-26 23:52:00', '2015-02-26 23:52:00', NULL, 0.0, 0.0, 0.0, 602);

INSERT INTO `meeting_individual_results` (`id`, `rank`, `is_play_off`, `is_out_of_race`, `is_disqualified`, `standard_points`, `meeting_individual_points`, `minutes`, `seconds`, `hundreds`, `meeting_program_id`, `swimmer_id`, `team_id`, `badge_id`, `user_id`, `created_at`, `updated_at`, `disqualification_code_type_id`, `goggle_cup_points`, `reaction_time`, `team_points`, `team_affiliation_id`)
  VALUES (182328, 1, 1, 0, 0, 898.5, 898.5, 9, 19, 89, 20254, 3364, 192, 6585, 1, '2015-02-26 23:52:00', '2015-02-26 23:52:00', NULL, 0.0, 0.0, 0.0, 387);

INSERT INTO `meeting_individual_results` (`id`, `rank`, `is_play_off`, `is_out_of_race`, `is_disqualified`, `standard_points`, `meeting_individual_points`, `minutes`, `seconds`, `hundreds`, `meeting_program_id`, `swimmer_id`, `team_id`, `badge_id`, `user_id`, `created_at`, `updated_at`, `disqualification_code_type_id`, `goggle_cup_points`, `reaction_time`, `team_points`, `team_affiliation_id`)
  VALUES (182329, 2, 1, 0, 0, 756.59, 756.59, 11, 4, 90, 20254, 2582, 115, 5782, 1, '2015-02-26 23:52:00', '2015-02-26 23:52:00', NULL, 0.0, 0.0, 0.0, 308);

INSERT INTO `meeting_individual_results` (`id`, `rank`, `is_play_off`, `is_out_of_race`, `is_disqualified`, `standard_points`, `meeting_individual_points`, `minutes`, `seconds`, `hundreds`, `meeting_program_id`, `swimmer_id`, `team_id`, `badge_id`, `user_id`, `created_at`, `updated_at`, `disqualification_code_type_id`, `goggle_cup_points`, `reaction_time`, `team_points`, `team_affiliation_id`)
  VALUES (182330, 3, 1, 0, 0, 750.04, 750.04, 11, 10, 71, 20254, 12453, 185, 16191, 1, '2015-02-26 23:52:01', '2015-02-26 23:52:01', NULL, 0.0, 0.0, 0.0, 380);

INSERT INTO `meeting_individual_results` (`id`, `rank`, `is_play_off`, `is_out_of_race`, `is_disqualified`, `standard_points`, `meeting_individual_points`, `minutes`, `seconds`, `hundreds`, `meeting_program_id`, `swimmer_id`, `team_id`, `badge_id`, `user_id`, `created_at`, `updated_at`, `disqualification_code_type_id`, `goggle_cup_points`, `reaction_time`, `team_points`, `team_affiliation_id`)
  VALUES (182331, 4, 1, 0, 0, 675.78, 675.78, 12, 24, 41, 20254, 3299, 190, 6520, 1, '2015-02-26 23:52:01', '2015-02-26 23:52:01', NULL, 0.0, 0.0, 0.0, 385);

INSERT INTO `meeting_individual_results` (`id`, `rank`, `is_play_off`, `is_out_of_race`, `is_disqualified`, `standard_points`, `meeting_individual_points`, `minutes`, `seconds`, `hundreds`, `meeting_program_id`, `swimmer_id`, `team_id`, `badge_id`, `user_id`, `created_at`, `updated_at`, `disqualification_code_type_id`, `goggle_cup_points`, `reaction_time`, `team_points`, `team_affiliation_id`)
  VALUES (182332, 1, 1, 0, 0, 880.78, 880.78, 9, 37, 7, 20255, 3520, 240, 6741, 1, '2015-02-26 23:52:01', '2015-02-26 23:52:01', NULL, 0.0, 0.0, 0.0, 435);

INSERT INTO `meeting_individual_results` (`id`, `rank`, `is_play_off`, `is_out_of_race`, `is_disqualified`, `standard_points`, `meeting_individual_points`, `minutes`, `seconds`, `hundreds`, `meeting_program_id`, `swimmer_id`, `team_id`, `badge_id`, `user_id`, `created_at`, `updated_at`, `disqualification_code_type_id`, `goggle_cup_points`, `reaction_time`, `team_points`, `team_affiliation_id`)
  VALUES (182333, 2, 1, 0, 0, 742.39, 742.39, 11, 24, 64, 20255, 2477, 115, 5677, 1, '2015-02-26 23:52:01', '2015-02-26 23:52:01', NULL, 0.0, 0.0, 0.0, 308);

INSERT INTO `meeting_individual_results` (`id`, `rank`, `is_play_off`, `is_out_of_race`, `is_disqualified`, `standard_points`, `meeting_individual_points`, `minutes`, `seconds`, `hundreds`, `meeting_program_id`, `swimmer_id`, `team_id`, `badge_id`, `user_id`, `created_at`, `updated_at`, `disqualification_code_type_id`, `goggle_cup_points`, `reaction_time`, `team_points`, `team_affiliation_id`)
  VALUES (182334, 1, 1, 0, 0, 958.12, 958.12, 8, 51, 49, 20256, 6752, 370, 10510, 1, '2015-02-26 23:52:01', '2015-02-26 23:52:01', NULL, 0.0, 0.0, 0.0, 589);

INSERT INTO `meeting_individual_results` (`id`, `rank`, `is_play_off`, `is_out_of_race`, `is_disqualified`, `standard_points`, `meeting_individual_points`, `minutes`, `seconds`, `hundreds`, `meeting_program_id`, `swimmer_id`, `team_id`, `badge_id`, `user_id`, `created_at`, `updated_at`, `disqualification_code_type_id`, `goggle_cup_points`, `reaction_time`, `team_points`, `team_affiliation_id`)
  VALUES (182335, 2, 1, 0, 0, 761.89, 761.89, 11, 8, 38, 20256, 2478, 115, 5678, 1, '2015-02-26 23:52:01', '2015-02-26 23:52:01', NULL, 0.0, 0.0, 0.0, 308);

INSERT INTO `meeting_individual_results` (`id`, `rank`, `is_play_off`, `is_out_of_race`, `is_disqualified`, `standard_points`, `meeting_individual_points`, `minutes`, `seconds`, `hundreds`, `meeting_program_id`, `swimmer_id`, `team_id`, `badge_id`, `user_id`, `created_at`, `updated_at`, `disqualification_code_type_id`, `goggle_cup_points`, `reaction_time`, `team_points`, `team_affiliation_id`)
  VALUES (182336, 1, 1, 0, 0, 752.83, 752.83, 11, 18, 85, 20257, 11560, 490, 15330, 1, '2015-02-26 23:52:01', '2015-02-26 23:52:01', NULL, 0.0, 0.0, 0.0, 710);

INSERT INTO `meeting_individual_results` (`id`, `rank`, `is_play_off`, `is_out_of_race`, `is_disqualified`, `standard_points`, `meeting_individual_points`, `minutes`, `seconds`, `hundreds`, `meeting_program_id`, `swimmer_id`, `team_id`, `badge_id`, `user_id`, `created_at`, `updated_at`, `disqualification_code_type_id`, `goggle_cup_points`, `reaction_time`, `team_points`, `team_affiliation_id`)
  VALUES (182337, 2, 1, 0, 0, 723.82, 723.82, 11, 46, 6, 20257, 15664, 115, 19456, 1, '2015-02-26 23:52:01', '2015-02-26 23:52:01', NULL, 0.0, 0.0, 0.0, 308);

INSERT INTO `meeting_individual_results` (`id`, `rank`, `is_play_off`, `is_out_of_race`, `is_disqualified`, `standard_points`, `meeting_individual_points`, `minutes`, `seconds`, `hundreds`, `meeting_program_id`, `swimmer_id`, `team_id`, `badge_id`, `user_id`, `created_at`, `updated_at`, `disqualification_code_type_id`, `goggle_cup_points`, `reaction_time`, `team_points`, `team_affiliation_id`)
  VALUES (182338, 1, 1, 0, 0, 855.78, 855.78, 10, 17, 12, 20258, 6992, 189, 10685, 1, '2015-02-26 23:52:01', '2015-02-26 23:52:01', NULL, 0.0, 0.0, 0.0, 384);

INSERT INTO `meeting_individual_results` (`id`, `rank`, `is_play_off`, `is_out_of_race`, `is_disqualified`, `standard_points`, `meeting_individual_points`, `minutes`, `seconds`, `hundreds`, `meeting_program_id`, `swimmer_id`, `team_id`, `badge_id`, `user_id`, `created_at`, `updated_at`, `disqualification_code_type_id`, `goggle_cup_points`, `reaction_time`, `team_points`, `team_affiliation_id`)
  VALUES (182339, 2, 1, 0, 0, 621.58, 621.58, 14, 9, 64, 20258, 16683, 435, 20503, 1, '2015-02-26 23:52:02', '2015-02-26 23:52:02', NULL, 0.0, 0.0, 0.0, 655);

INSERT INTO `meeting_individual_results` (`id`, `rank`, `is_play_off`, `is_out_of_race`, `is_disqualified`, `standard_points`, `meeting_individual_points`, `minutes`, `seconds`, `hundreds`, `meeting_program_id`, `swimmer_id`, `team_id`, `badge_id`, `user_id`, `created_at`, `updated_at`, `disqualification_code_type_id`, `goggle_cup_points`, `reaction_time`, `team_points`, `team_affiliation_id`)
  VALUES (182340, 3, 1, 0, 0, 610.78, 610.78, 14, 24, 67, 20258, 11610, 190, 15316, 1, '2015-02-26 23:52:02', '2015-02-26 23:52:02', NULL, 0.0, 0.0, 0.0, 385);

INSERT INTO `meeting_individual_results` (`id`, `rank`, `is_play_off`, `is_out_of_race`, `is_disqualified`, `standard_points`, `meeting_individual_points`, `minutes`, `seconds`, `hundreds`, `meeting_program_id`, `swimmer_id`, `team_id`, `badge_id`, `user_id`, `created_at`, `updated_at`, `disqualification_code_type_id`, `goggle_cup_points`, `reaction_time`, `team_points`, `team_affiliation_id`)
  VALUES (182341, 4, 1, 0, 0, 574.44, 574.44, 15, 19, 37, 20258, 11571, 190, 15315, 1, '2015-02-26 23:52:02', '2015-02-26 23:52:02', NULL, 0.0, 0.0, 0.0, 385);

INSERT INTO `meeting_individual_results` (`id`, `rank`, `is_play_off`, `is_out_of_race`, `is_disqualified`, `standard_points`, `meeting_individual_points`, `minutes`, `seconds`, `hundreds`, `meeting_program_id`, `swimmer_id`, `team_id`, `badge_id`, `user_id`, `created_at`, `updated_at`, `disqualification_code_type_id`, `goggle_cup_points`, `reaction_time`, `team_points`, `team_affiliation_id`)
  VALUES (182342, 1, 1, 0, 0, 826.81, 826.81, 11, 2, 22, 20259, 6189, 203, 10163, 1, '2015-02-26 23:52:02', '2015-02-26 23:52:02', NULL, 0.0, 0.0, 0.0, 398);

INSERT INTO `meeting_individual_results` (`id`, `rank`, `is_play_off`, `is_out_of_race`, `is_disqualified`, `standard_points`, `meeting_individual_points`, `minutes`, `seconds`, `hundreds`, `meeting_program_id`, `swimmer_id`, `team_id`, `badge_id`, `user_id`, `created_at`, `updated_at`, `disqualification_code_type_id`, `goggle_cup_points`, `reaction_time`, `team_points`, `team_affiliation_id`)
  VALUES (182343, 1, 1, 0, 0, 705.54, 705.54, 13, 15, 26, 20260, 3333, 188, 6554, 1, '2015-02-26 23:52:02', '2015-02-26 23:52:02', NULL, 0.0, 0.0, 0.0, 383);

INSERT INTO `meeting_individual_results` (`id`, `rank`, `is_play_off`, `is_out_of_race`, `is_disqualified`, `standard_points`, `meeting_individual_points`, `minutes`, `seconds`, `hundreds`, `meeting_program_id`, `swimmer_id`, `team_id`, `badge_id`, `user_id`, `created_at`, `updated_at`, `disqualification_code_type_id`, `goggle_cup_points`, `reaction_time`, `team_points`, `team_affiliation_id`)
  VALUES (182344, 2, 1, 0, 0, 648.81, 648.81, 14, 24, 80, 20260, 3334, 188, 6555, 1, '2015-02-26 23:52:02', '2015-02-26 23:52:02', NULL, 0.0, 0.0, 0.0, 383);

INSERT INTO `meeting_individual_results` (`id`, `rank`, `is_play_off`, `is_out_of_race`, `is_disqualified`, `standard_points`, `meeting_individual_points`, `minutes`, `seconds`, `hundreds`, `meeting_program_id`, `swimmer_id`, `team_id`, `badge_id`, `user_id`, `created_at`, `updated_at`, `disqualification_code_type_id`, `goggle_cup_points`, `reaction_time`, `team_points`, `team_affiliation_id`)
  VALUES (182345, 1, 1, 0, 0, 957.31, 957.31, 16, 34, 16, 20261, 17144, 703, 20962, 1, '2015-02-26 23:52:02', '2015-02-26 23:52:02', NULL, 0.0, 0.0, 0.0, 923);

INSERT INTO `meeting_individual_results` (`id`, `rank`, `is_play_off`, `is_out_of_race`, `is_disqualified`, `standard_points`, `meeting_individual_points`, `minutes`, `seconds`, `hundreds`, `meeting_program_id`, `swimmer_id`, `team_id`, `badge_id`, `user_id`, `created_at`, `updated_at`, `disqualification_code_type_id`, `goggle_cup_points`, `reaction_time`, `team_points`, `team_affiliation_id`)
  VALUES (182346, 1, 1, 0, 0, 0.0, 0.0, 12, 32, 89, 20262, 3349, 190, 6570, 1, '2015-02-26 23:52:02', '2015-02-26 23:52:02', NULL, 0.0, 0.0, 0.0, 385);

INSERT INTO `meeting_relay_results` (`id`, `created_at`, `updated_at`, `rank`, `is_play_off`, `is_out_of_race`, `is_disqualified`, `standard_points`, `meeting_points`, `minutes`, `seconds`, `hundreds`, `team_id`, `user_id`, `meeting_program_id`, `disqualification_code_type_id`, `relay_header`, `reaction_time`, `entry_minutes`, `entry_seconds`, `entry_hundreds`, `team_affiliation_id`, `entry_time_type_id`)
  VALUES (9660, '2015-02-26 23:52:02', '2015-02-26 23:52:02', 1, 1, 0, 0, 831.72, 831.72, 2, 13, 94, 185, 1, 20263, NULL, 'EMMEDUE SSD', 0.0, NULL, NULL, NULL, 380, NULL);

INSERT INTO `meeting_relay_results` (`id`, `created_at`, `updated_at`, `rank`, `is_play_off`, `is_out_of_race`, `is_disqualified`, `standard_points`, `meeting_points`, `minutes`, `seconds`, `hundreds`, `team_id`, `user_id`, `meeting_program_id`, `disqualification_code_type_id`, `relay_header`, `reaction_time`, `entry_minutes`, `entry_seconds`, `entry_hundreds`, `team_affiliation_id`, `entry_time_type_id`)
  VALUES (9661, '2015-02-26 23:52:02', '2015-02-26 23:52:02', 2, 1, 0, 0, 729.54, 729.54, 2, 32, 70, 190, 1, 20263, NULL, 'NEW OLIMPIC SSD', 0.0, NULL, NULL, NULL, 385, NULL);

INSERT INTO `meeting_relay_results` (`id`, `created_at`, `updated_at`, `rank`, `is_play_off`, `is_out_of_race`, `is_disqualified`, `standard_points`, `meeting_points`, `minutes`, `seconds`, `hundreds`, `team_id`, `user_id`, `meeting_program_id`, `disqualification_code_type_id`, `relay_header`, `reaction_time`, `entry_minutes`, `entry_seconds`, `entry_hundreds`, `team_affiliation_id`, `entry_time_type_id`)
  VALUES (9662, '2015-02-26 23:52:02', '2015-02-26 23:52:02', 1, 1, 0, 1, 0.0, 0.0, 0, 0, 0, 185, 1, 20264, 1, 'EMMEDUE SSD', 0.0, NULL, NULL, NULL, 380, NULL);

INSERT INTO `meeting_relay_results` (`id`, `created_at`, `updated_at`, `rank`, `is_play_off`, `is_out_of_race`, `is_disqualified`, `standard_points`, `meeting_points`, `minutes`, `seconds`, `hundreds`, `team_id`, `user_id`, `meeting_program_id`, `disqualification_code_type_id`, `relay_header`, `reaction_time`, `entry_minutes`, `entry_seconds`, `entry_hundreds`, `team_affiliation_id`, `entry_time_type_id`)
  VALUES (9663, '2015-02-26 23:52:03', '2015-02-26 23:52:03', 1, 1, 0, 0, 863.08, 863.08, 1, 50, 50, 185, 1, 20265, NULL, 'EMMEDUE SSD', 0.0, NULL, NULL, NULL, 380, NULL);

INSERT INTO `meeting_relay_results` (`id`, `created_at`, `updated_at`, `rank`, `is_play_off`, `is_out_of_race`, `is_disqualified`, `standard_points`, `meeting_points`, `minutes`, `seconds`, `hundreds`, `team_id`, `user_id`, `meeting_program_id`, `disqualification_code_type_id`, `relay_header`, `reaction_time`, `entry_minutes`, `entry_seconds`, `entry_hundreds`, `team_affiliation_id`, `entry_time_type_id`)
  VALUES (9664, '2015-02-26 23:52:03', '2015-02-26 23:52:03', 2, 1, 0, 0, 830.03, 830.03, 1, 54, 90, 190, 1, 20265, NULL, 'NEW OLIMPIC SSD', 0.0, NULL, NULL, NULL, 385, NULL);

INSERT INTO `meeting_relay_results` (`id`, `created_at`, `updated_at`, `rank`, `is_play_off`, `is_out_of_race`, `is_disqualified`, `standard_points`, `meeting_points`, `minutes`, `seconds`, `hundreds`, `team_id`, `user_id`, `meeting_program_id`, `disqualification_code_type_id`, `relay_header`, `reaction_time`, `entry_minutes`, `entry_seconds`, `entry_hundreds`, `team_affiliation_id`, `entry_time_type_id`)
  VALUES (9665, '2015-02-26 23:52:03', '2015-02-26 23:52:03', 3, 1, 0, 0, 797.01, 797.01, 1, 59, 66, 115, 1, 20265, NULL, 'AS ACQUAZZURRA ATR', 0.0, NULL, NULL, NULL, 308, NULL);

INSERT INTO `meeting_relay_results` (`id`, `created_at`, `updated_at`, `rank`, `is_play_off`, `is_out_of_race`, `is_disqualified`, `standard_points`, `meeting_points`, `minutes`, `seconds`, `hundreds`, `team_id`, `user_id`, `meeting_program_id`, `disqualification_code_type_id`, `relay_header`, `reaction_time`, `entry_minutes`, `entry_seconds`, `entry_hundreds`, `team_affiliation_id`, `entry_time_type_id`)
  VALUES (9666, '2015-02-26 23:52:03', '2015-02-26 23:52:03', 4, 1, 0, 0, 765.29, 765.29, 2, 4, 62, 490, 1, 20265, NULL, 'JOLLY NUOTO CL. BEN', 0.0, NULL, NULL, NULL, 710, NULL);

INSERT INTO `meeting_relay_results` (`id`, `created_at`, `updated_at`, `rank`, `is_play_off`, `is_out_of_race`, `is_disqualified`, `standard_points`, `meeting_points`, `minutes`, `seconds`, `hundreds`, `team_id`, `user_id`, `meeting_program_id`, `disqualification_code_type_id`, `relay_header`, `reaction_time`, `entry_minutes`, `entry_seconds`, `entry_hundreds`, `team_affiliation_id`, `entry_time_type_id`)
  VALUES (9667, '2015-02-26 23:52:03', '2015-02-26 23:52:03', 5, 1, 0, 0, 721.19, 721.19, 2, 12, 24, 496, 1, 20265, NULL, 'SPORTING CLUB NUOTO', 0.0, NULL, NULL, NULL, 716, NULL);

INSERT INTO `meeting_relay_results` (`id`, `created_at`, `updated_at`, `rank`, `is_play_off`, `is_out_of_race`, `is_disqualified`, `standard_points`, `meeting_points`, `minutes`, `seconds`, `hundreds`, `team_id`, `user_id`, `meeting_program_id`, `disqualification_code_type_id`, `relay_header`, `reaction_time`, `entry_minutes`, `entry_seconds`, `entry_hundreds`, `team_affiliation_id`, `entry_time_type_id`)
  VALUES (9668, '2015-02-26 23:52:03', '2015-02-26 23:52:03', 0, 1, 1, 0, 758.29, 758.29, 2, 5, 77, 190, 1, 20265, NULL, 'NEW OLIMPIC SSD', 0.0, NULL, NULL, NULL, 385, NULL);

INSERT INTO `meeting_relay_results` (`id`, `created_at`, `updated_at`, `rank`, `is_play_off`, `is_out_of_race`, `is_disqualified`, `standard_points`, `meeting_points`, `minutes`, `seconds`, `hundreds`, `team_id`, `user_id`, `meeting_program_id`, `disqualification_code_type_id`, `relay_header`, `reaction_time`, `entry_minutes`, `entry_seconds`, `entry_hundreds`, `team_affiliation_id`, `entry_time_type_id`)
  VALUES (9669, '2015-02-26 23:52:03', '2015-02-26 23:52:03', 0, 1, 1, 0, 673.47, 673.47, 2, 21, 61, 190, 1, 20265, NULL, 'NEW OLIMPIC SSD', 0.0, NULL, NULL, NULL, 385, NULL);

INSERT INTO `meeting_relay_results` (`id`, `created_at`, `updated_at`, `rank`, `is_play_off`, `is_out_of_race`, `is_disqualified`, `standard_points`, `meeting_points`, `minutes`, `seconds`, `hundreds`, `team_id`, `user_id`, `meeting_program_id`, `disqualification_code_type_id`, `relay_header`, `reaction_time`, `entry_minutes`, `entry_seconds`, `entry_hundreds`, `team_affiliation_id`, `entry_time_type_id`)
  VALUES (9670, '2015-02-26 23:52:03', '2015-02-26 23:52:03', 0, 1, 1, 1, 0.0, 0.0, 0, 0, 0, 185, 1, 20265, 1, 'EMMEDUE SSD', 0.0, NULL, NULL, NULL, 380, NULL);

INSERT INTO `meeting_relay_results` (`id`, `created_at`, `updated_at`, `rank`, `is_play_off`, `is_out_of_race`, `is_disqualified`, `standard_points`, `meeting_points`, `minutes`, `seconds`, `hundreds`, `team_id`, `user_id`, `meeting_program_id`, `disqualification_code_type_id`, `relay_header`, `reaction_time`, `entry_minutes`, `entry_seconds`, `entry_hundreds`, `team_affiliation_id`, `entry_time_type_id`)
  VALUES (9671, '2015-02-26 23:52:03', '2015-02-26 23:52:03', 1, 1, 0, 0, 754.25, 754.25, 2, 9, 93, 190, 1, 20266, NULL, 'NEW OLIMPIC SSD', 0.0, NULL, NULL, NULL, 385, NULL);

INSERT INTO `meeting_relay_results` (`id`, `created_at`, `updated_at`, `rank`, `is_play_off`, `is_out_of_race`, `is_disqualified`, `standard_points`, `meeting_points`, `minutes`, `seconds`, `hundreds`, `team_id`, `user_id`, `meeting_program_id`, `disqualification_code_type_id`, `relay_header`, `reaction_time`, `entry_minutes`, `entry_seconds`, `entry_hundreds`, `team_affiliation_id`, `entry_time_type_id`)
  VALUES (9672, '2015-02-26 23:52:03', '2015-02-26 23:52:03', 2, 1, 0, 0, 748.61, 748.61, 2, 10, 91, 185, 1, 20266, NULL, 'EMMEDUE SSD', 0.0, NULL, NULL, NULL, 380, NULL);

INSERT INTO `meeting_relay_results` (`id`, `created_at`, `updated_at`, `rank`, `is_play_off`, `is_out_of_race`, `is_disqualified`, `standard_points`, `meeting_points`, `minutes`, `seconds`, `hundreds`, `team_id`, `user_id`, `meeting_program_id`, `disqualification_code_type_id`, `relay_header`, `reaction_time`, `entry_minutes`, `entry_seconds`, `entry_hundreds`, `team_affiliation_id`, `entry_time_type_id`)
  VALUES (9673, '2015-02-26 23:52:03', '2015-02-26 23:52:03', 3, 1, 0, 0, 497.79, 497.79, 3, 16, 87, 496, 1, 20266, NULL, 'SPORTING CLUB NUOTO', 0.0, NULL, NULL, NULL, 716, NULL);

INSERT INTO `meeting_relay_results` (`id`, `created_at`, `updated_at`, `rank`, `is_play_off`, `is_out_of_race`, `is_disqualified`, `standard_points`, `meeting_points`, `minutes`, `seconds`, `hundreds`, `team_id`, `user_id`, `meeting_program_id`, `disqualification_code_type_id`, `relay_header`, `reaction_time`, `entry_minutes`, `entry_seconds`, `entry_hundreds`, `team_affiliation_id`, `entry_time_type_id`)
  VALUES (9674, '2015-02-26 23:52:03', '2015-02-26 23:52:03', 0, 1, 1, 0, 672.2, 672.2, 2, 25, 79, 185, 1, 20266, NULL, 'EMMEDUE SSD', 0.0, NULL, NULL, NULL, 380, NULL);

INSERT INTO `meeting_relay_results` (`id`, `created_at`, `updated_at`, `rank`, `is_play_off`, `is_out_of_race`, `is_disqualified`, `standard_points`, `meeting_points`, `minutes`, `seconds`, `hundreds`, `team_id`, `user_id`, `meeting_program_id`, `disqualification_code_type_id`, `relay_header`, `reaction_time`, `entry_minutes`, `entry_seconds`, `entry_hundreds`, `team_affiliation_id`, `entry_time_type_id`)
  VALUES (9675, '2015-02-26 23:52:03', '2015-02-26 23:52:03', 0, 1, 1, 0, 640.15, 640.15, 2, 33, 9, 190, 1, 20266, NULL, 'NEW OLIMPIC SSD', 0.0, NULL, NULL, NULL, 385, NULL);

INSERT INTO `meeting_team_scores` (`id`, `sum_individual_points`, `sum_relay_points`, `team_id`, `meeting_id`, `created_at`, `updated_at`, `rank`, `user_id`, `sum_team_points`, `meeting_individual_points`, `meeting_relay_points`, `meeting_team_points`, `season_individual_points`, `season_relay_points`, `season_team_points`, `season_id`, `team_affiliation_id`)
  VALUES (4356, 61806.49, 0.0, 185, 13291, '2015-02-26 23:52:03', '2015-02-26 23:52:03', 0, 1, 0.0, 0.0, 0.0, 0.0, 0.0, 0.0, 0.0, 132, 380);

INSERT INTO `meeting_team_scores` (`id`, `sum_individual_points`, `sum_relay_points`, `team_id`, `meeting_id`, `created_at`, `updated_at`, `rank`, `user_id`, `sum_team_points`, `meeting_individual_points`, `meeting_relay_points`, `meeting_team_points`, `season_individual_points`, `season_relay_points`, `season_team_points`, `season_id`, `team_affiliation_id`)
  VALUES (4357, 35402.57, 0.0, 190, 13291, '2015-02-26 23:52:03', '2015-02-26 23:52:03', 0, 1, 0.0, 0.0, 0.0, 0.0, 0.0, 0.0, 0.0, 132, 385);

INSERT INTO `meeting_team_scores` (`id`, `sum_individual_points`, `sum_relay_points`, `team_id`, `meeting_id`, `created_at`, `updated_at`, `rank`, `user_id`, `sum_team_points`, `meeting_individual_points`, `meeting_relay_points`, `meeting_team_points`, `season_individual_points`, `season_relay_points`, `season_team_points`, `season_id`, `team_affiliation_id`)
  VALUES (4358, 17658.98, 0.0, 490, 13291, '2015-02-26 23:52:04', '2015-02-26 23:52:04', 0, 1, 0.0, 0.0, 0.0, 0.0, 0.0, 0.0, 0.0, 132, 710);

INSERT INTO `meeting_team_scores` (`id`, `sum_individual_points`, `sum_relay_points`, `team_id`, `meeting_id`, `created_at`, `updated_at`, `rank`, `user_id`, `sum_team_points`, `meeting_individual_points`, `meeting_relay_points`, `meeting_team_points`, `season_individual_points`, `season_relay_points`, `season_team_points`, `season_id`, `team_affiliation_id`)
  VALUES (4359, 14643.3, 0.0, 496, 13291, '2015-02-26 23:52:04', '2015-02-26 23:52:04', 0, 1, 0.0, 0.0, 0.0, 0.0, 0.0, 0.0, 0.0, 132, 716);

INSERT INTO `meeting_team_scores` (`id`, `sum_individual_points`, `sum_relay_points`, `team_id`, `meeting_id`, `created_at`, `updated_at`, `rank`, `user_id`, `sum_team_points`, `meeting_individual_points`, `meeting_relay_points`, `meeting_team_points`, `season_individual_points`, `season_relay_points`, `season_team_points`, `season_id`, `team_affiliation_id`)
  VALUES (4360, 13533.04, 0.0, 115, 13291, '2015-02-26 23:52:04', '2015-02-26 23:52:04', 0, 1, 0.0, 0.0, 0.0, 0.0, 0.0, 0.0, 0.0, 132, 308);

INSERT INTO `meeting_team_scores` (`id`, `sum_individual_points`, `sum_relay_points`, `team_id`, `meeting_id`, `created_at`, `updated_at`, `rank`, `user_id`, `sum_team_points`, `meeting_individual_points`, `meeting_relay_points`, `meeting_team_points`, `season_individual_points`, `season_relay_points`, `season_team_points`, `season_id`, `team_affiliation_id`)
  VALUES (4361, 13257.14, 0.0, 439, 13291, '2015-02-26 23:52:04', '2015-02-26 23:52:04', 0, 1, 0.0, 0.0, 0.0, 0.0, 0.0, 0.0, 0.0, 132, 659);

INSERT INTO `meeting_team_scores` (`id`, `sum_individual_points`, `sum_relay_points`, `team_id`, `meeting_id`, `created_at`, `updated_at`, `rank`, `user_id`, `sum_team_points`, `meeting_individual_points`, `meeting_relay_points`, `meeting_team_points`, `season_individual_points`, `season_relay_points`, `season_team_points`, `season_id`, `team_affiliation_id`)
  VALUES (4362, 12426.83, 0.0, 194, 13291, '2015-02-26 23:52:04', '2015-02-26 23:52:04', 0, 1, 0.0, 0.0, 0.0, 0.0, 0.0, 0.0, 0.0, 132, 389);

INSERT INTO `meeting_team_scores` (`id`, `sum_individual_points`, `sum_relay_points`, `team_id`, `meeting_id`, `created_at`, `updated_at`, `rank`, `user_id`, `sum_team_points`, `meeting_individual_points`, `meeting_relay_points`, `meeting_team_points`, `season_individual_points`, `season_relay_points`, `season_team_points`, `season_id`, `team_affiliation_id`)
  VALUES (4363, 11013.34, 0.0, 188, 13291, '2015-02-26 23:52:04', '2015-02-26 23:52:04', 0, 1, 0.0, 0.0, 0.0, 0.0, 0.0, 0.0, 0.0, 132, 383);

INSERT INTO `meeting_team_scores` (`id`, `sum_individual_points`, `sum_relay_points`, `team_id`, `meeting_id`, `created_at`, `updated_at`, `rank`, `user_id`, `sum_team_points`, `meeting_individual_points`, `meeting_relay_points`, `meeting_team_points`, `season_individual_points`, `season_relay_points`, `season_team_points`, `season_id`, `team_affiliation_id`)
  VALUES (4364, 8738.93, 0.0, 383, 13291, '2015-02-26 23:52:04', '2015-02-26 23:52:04', 0, 1, 0.0, 0.0, 0.0, 0.0, 0.0, 0.0, 0.0, 132, 603);

INSERT INTO `meeting_team_scores` (`id`, `sum_individual_points`, `sum_relay_points`, `team_id`, `meeting_id`, `created_at`, `updated_at`, `rank`, `user_id`, `sum_team_points`, `meeting_individual_points`, `meeting_relay_points`, `meeting_team_points`, `season_individual_points`, `season_relay_points`, `season_team_points`, `season_id`, `team_affiliation_id`)
  VALUES (4365, 6453.94, 0.0, 624, 13291, '2015-02-26 23:52:04', '2015-02-26 23:52:04', 0, 1, 0.0, 0.0, 0.0, 0.0, 0.0, 0.0, 0.0, 132, 844);

INSERT INTO `meeting_team_scores` (`id`, `sum_individual_points`, `sum_relay_points`, `team_id`, `meeting_id`, `created_at`, `updated_at`, `rank`, `user_id`, `sum_team_points`, `meeting_individual_points`, `meeting_relay_points`, `meeting_team_points`, `season_individual_points`, `season_relay_points`, `season_team_points`, `season_id`, `team_affiliation_id`)
  VALUES (4366, 6056.05, 0.0, 186, 13291, '2015-02-26 23:52:04', '2015-02-26 23:52:04', 0, 1, 0.0, 0.0, 0.0, 0.0, 0.0, 0.0, 0.0, 132, 381);

INSERT INTO `meeting_team_scores` (`id`, `sum_individual_points`, `sum_relay_points`, `team_id`, `meeting_id`, `created_at`, `updated_at`, `rank`, `user_id`, `sum_team_points`, `meeting_individual_points`, `meeting_relay_points`, `meeting_team_points`, `season_individual_points`, `season_relay_points`, `season_team_points`, `season_id`, `team_affiliation_id`)
  VALUES (4367, 5185.78, 0.0, 704, 13291, '2015-02-26 23:52:04', '2015-02-26 23:52:04', 0, 1, 0.0, 0.0, 0.0, 0.0, 0.0, 0.0, 0.0, 132, 924);

INSERT INTO `meeting_team_scores` (`id`, `sum_individual_points`, `sum_relay_points`, `team_id`, `meeting_id`, `created_at`, `updated_at`, `rank`, `user_id`, `sum_team_points`, `meeting_individual_points`, `meeting_relay_points`, `meeting_team_points`, `season_individual_points`, `season_relay_points`, `season_team_points`, `season_id`, `team_affiliation_id`)
  VALUES (4368, 4423.62, 0.0, 240, 13291, '2015-02-26 23:52:04', '2015-02-26 23:52:04', 0, 1, 0.0, 0.0, 0.0, 0.0, 0.0, 0.0, 0.0, 132, 435);

INSERT INTO `meeting_team_scores` (`id`, `sum_individual_points`, `sum_relay_points`, `team_id`, `meeting_id`, `created_at`, `updated_at`, `rank`, `user_id`, `sum_team_points`, `meeting_individual_points`, `meeting_relay_points`, `meeting_team_points`, `season_individual_points`, `season_relay_points`, `season_team_points`, `season_id`, `team_affiliation_id`)
  VALUES (4369, 4067.73, 0.0, 203, 13291, '2015-02-26 23:52:04', '2015-02-26 23:52:04', 0, 1, 0.0, 0.0, 0.0, 0.0, 0.0, 0.0, 0.0, 132, 398);

INSERT INTO `meeting_team_scores` (`id`, `sum_individual_points`, `sum_relay_points`, `team_id`, `meeting_id`, `created_at`, `updated_at`, `rank`, `user_id`, `sum_team_points`, `meeting_individual_points`, `meeting_relay_points`, `meeting_team_points`, `season_individual_points`, `season_relay_points`, `season_team_points`, `season_id`, `team_affiliation_id`)
  VALUES (4370, 3339.71, 0.0, 206, 13291, '2015-02-26 23:52:04', '2015-02-26 23:52:04', 0, 1, 0.0, 0.0, 0.0, 0.0, 0.0, 0.0, 0.0, 132, 401);

INSERT INTO `meeting_team_scores` (`id`, `sum_individual_points`, `sum_relay_points`, `team_id`, `meeting_id`, `created_at`, `updated_at`, `rank`, `user_id`, `sum_team_points`, `meeting_individual_points`, `meeting_relay_points`, `meeting_team_points`, `season_individual_points`, `season_relay_points`, `season_team_points`, `season_id`, `team_affiliation_id`)
  VALUES (4371, 2950.19, 0.0, 372, 13291, '2015-02-26 23:52:04', '2015-02-26 23:52:04', 0, 1, 0.0, 0.0, 0.0, 0.0, 0.0, 0.0, 0.0, 132, 592);

INSERT INTO `meeting_team_scores` (`id`, `sum_individual_points`, `sum_relay_points`, `team_id`, `meeting_id`, `created_at`, `updated_at`, `rank`, `user_id`, `sum_team_points`, `meeting_individual_points`, `meeting_relay_points`, `meeting_team_points`, `season_individual_points`, `season_relay_points`, `season_team_points`, `season_id`, `team_affiliation_id`)
  VALUES (4372, 2794.88, 0.0, 192, 13291, '2015-02-26 23:52:04', '2015-02-26 23:52:04', 0, 1, 0.0, 0.0, 0.0, 0.0, 0.0, 0.0, 0.0, 132, 387);

INSERT INTO `meeting_team_scores` (`id`, `sum_individual_points`, `sum_relay_points`, `team_id`, `meeting_id`, `created_at`, `updated_at`, `rank`, `user_id`, `sum_team_points`, `meeting_individual_points`, `meeting_relay_points`, `meeting_team_points`, `season_individual_points`, `season_relay_points`, `season_team_points`, `season_id`, `team_affiliation_id`)
  VALUES (4373, 2504.75, 0.0, 189, 13291, '2015-02-26 23:52:04', '2015-02-26 23:52:04', 0, 1, 0.0, 0.0, 0.0, 0.0, 0.0, 0.0, 0.0, 132, 384);

INSERT INTO `meeting_team_scores` (`id`, `sum_individual_points`, `sum_relay_points`, `team_id`, `meeting_id`, `created_at`, `updated_at`, `rank`, `user_id`, `sum_team_points`, `meeting_individual_points`, `meeting_relay_points`, `meeting_team_points`, `season_individual_points`, `season_relay_points`, `season_team_points`, `season_id`, `team_affiliation_id`)
  VALUES (4374, 1854.6, 0.0, 116, 13291, '2015-02-26 23:52:04', '2015-02-26 23:52:04', 0, 1, 0.0, 0.0, 0.0, 0.0, 0.0, 0.0, 0.0, 132, 309);

INSERT INTO `meeting_team_scores` (`id`, `sum_individual_points`, `sum_relay_points`, `team_id`, `meeting_id`, `created_at`, `updated_at`, `rank`, `user_id`, `sum_team_points`, `meeting_individual_points`, `meeting_relay_points`, `meeting_team_points`, `season_individual_points`, `season_relay_points`, `season_team_points`, `season_id`, `team_affiliation_id`)
  VALUES (4375, 1832.76, 0.0, 703, 13291, '2015-02-26 23:52:04', '2015-02-26 23:52:04', 0, 1, 0.0, 0.0, 0.0, 0.0, 0.0, 0.0, 0.0, 132, 923);

INSERT INTO `meeting_team_scores` (`id`, `sum_individual_points`, `sum_relay_points`, `team_id`, `meeting_id`, `created_at`, `updated_at`, `rank`, `user_id`, `sum_team_points`, `meeting_individual_points`, `meeting_relay_points`, `meeting_team_points`, `season_individual_points`, `season_relay_points`, `season_team_points`, `season_id`, `team_affiliation_id`)
  VALUES (4376, 1802.42, 0.0, 370, 13291, '2015-02-26 23:52:04', '2015-02-26 23:52:04', 0, 1, 0.0, 0.0, 0.0, 0.0, 0.0, 0.0, 0.0, 132, 589);

INSERT INTO `meeting_team_scores` (`id`, `sum_individual_points`, `sum_relay_points`, `team_id`, `meeting_id`, `created_at`, `updated_at`, `rank`, `user_id`, `sum_team_points`, `meeting_individual_points`, `meeting_relay_points`, `meeting_team_points`, `season_individual_points`, `season_relay_points`, `season_team_points`, `season_id`, `team_affiliation_id`)
  VALUES (4377, 1689.59, 0.0, 195, 13291, '2015-02-26 23:52:04', '2015-02-26 23:52:04', 0, 1, 0.0, 0.0, 0.0, 0.0, 0.0, 0.0, 0.0, 132, 390);

INSERT INTO `meeting_team_scores` (`id`, `sum_individual_points`, `sum_relay_points`, `team_id`, `meeting_id`, `created_at`, `updated_at`, `rank`, `user_id`, `sum_team_points`, `meeting_individual_points`, `meeting_relay_points`, `meeting_team_points`, `season_individual_points`, `season_relay_points`, `season_team_points`, `season_id`, `team_affiliation_id`)
  VALUES (4378, 1633.28, 0.0, 382, 13291, '2015-02-26 23:52:04', '2015-02-26 23:52:04', 0, 1, 0.0, 0.0, 0.0, 0.0, 0.0, 0.0, 0.0, 132, 602);

INSERT INTO `meeting_team_scores` (`id`, `sum_individual_points`, `sum_relay_points`, `team_id`, `meeting_id`, `created_at`, `updated_at`, `rank`, `user_id`, `sum_team_points`, `meeting_individual_points`, `meeting_relay_points`, `meeting_team_points`, `season_individual_points`, `season_relay_points`, `season_team_points`, `season_id`, `team_affiliation_id`)
  VALUES (4379, 1585.57, 0.0, 432, 13291, '2015-02-26 23:52:05', '2015-02-26 23:52:05', 0, 1, 0.0, 0.0, 0.0, 0.0, 0.0, 0.0, 0.0, 132, 652);

INSERT INTO `meeting_team_scores` (`id`, `sum_individual_points`, `sum_relay_points`, `team_id`, `meeting_id`, `created_at`, `updated_at`, `rank`, `user_id`, `sum_team_points`, `meeting_individual_points`, `meeting_relay_points`, `meeting_team_points`, `season_individual_points`, `season_relay_points`, `season_team_points`, `season_id`, `team_affiliation_id`)
  VALUES (4380, 1483.24, 0.0, 211, 13291, '2015-02-26 23:52:05', '2015-02-26 23:52:05', 0, 1, 0.0, 0.0, 0.0, 0.0, 0.0, 0.0, 0.0, 132, 406);

INSERT INTO `meeting_team_scores` (`id`, `sum_individual_points`, `sum_relay_points`, `team_id`, `meeting_id`, `created_at`, `updated_at`, `rank`, `user_id`, `sum_team_points`, `meeting_individual_points`, `meeting_relay_points`, `meeting_team_points`, `season_individual_points`, `season_relay_points`, `season_team_points`, `season_id`, `team_affiliation_id`)
  VALUES (4381, 1412.2, 0.0, 319, 13291, '2015-02-26 23:52:05', '2015-02-26 23:52:05', 0, 1, 0.0, 0.0, 0.0, 0.0, 0.0, 0.0, 0.0, 132, 536);

INSERT INTO `meeting_team_scores` (`id`, `sum_individual_points`, `sum_relay_points`, `team_id`, `meeting_id`, `created_at`, `updated_at`, `rank`, `user_id`, `sum_team_points`, `meeting_individual_points`, `meeting_relay_points`, `meeting_team_points`, `season_individual_points`, `season_relay_points`, `season_team_points`, `season_id`, `team_affiliation_id`)
  VALUES (4382, 1244.86, 0.0, 82, 13291, '2015-02-26 23:52:05', '2015-02-26 23:52:05', 0, 1, 0.0, 0.0, 0.0, 0.0, 0.0, 0.0, 0.0, 132, 275);

INSERT INTO `meeting_team_scores` (`id`, `sum_individual_points`, `sum_relay_points`, `team_id`, `meeting_id`, `created_at`, `updated_at`, `rank`, `user_id`, `sum_team_points`, `meeting_individual_points`, `meeting_relay_points`, `meeting_team_points`, `season_individual_points`, `season_relay_points`, `season_team_points`, `season_id`, `team_affiliation_id`)
  VALUES (4383, 1235.69, 0.0, 435, 13291, '2015-02-26 23:52:05', '2015-02-26 23:52:05', 0, 1, 0.0, 0.0, 0.0, 0.0, 0.0, 0.0, 0.0, 132, 655);

INSERT INTO `meeting_team_scores` (`id`, `sum_individual_points`, `sum_relay_points`, `team_id`, `meeting_id`, `created_at`, `updated_at`, `rank`, `user_id`, `sum_team_points`, `meeting_individual_points`, `meeting_relay_points`, `meeting_team_points`, `season_individual_points`, `season_relay_points`, `season_team_points`, `season_id`, `team_affiliation_id`)
  VALUES (4384, 753.46, 0.0, 438, 13291, '2015-02-26 23:52:05', '2015-02-26 23:52:05', 0, 1, 0.0, 0.0, 0.0, 0.0, 0.0, 0.0, 0.0, 132, 658);


-- Meeting 13291
-- 'Results acquired' flag setting:
UPDATE meetings SET are_results_acquired = '1' WHERE id = 13291;

-- --- BeginTimeCalculator: compute_for_all( 13291 )
-- ----------------------------------------------------
-- Using RESULTS to compute heat length.

-- Event #1, M.Prg: 20123, tot. athletes: 1
-- Tot. progr. duration: 145 (sec), Heat durations: [14561] (hds)
-- Session begin time: 2014-03-23 08:30:00 +0100, Computed begin time: 2014-03-23 08:32:00 +0100
UPDATE meeting_programs SET begin_time = '2014-03-23 08:32' WHERE id = 20123;

-- Event #1, M.Prg: 20263, tot. athletes: 0
-- Tot. progr. duration: 0 (sec), Heat durations: [] (hds)
-- Session begin time: 2014-03-23 08:30:00 +0100, Computed begin time: 2014-03-23 08:34:25 +0100
UPDATE meeting_programs SET begin_time = '2014-03-23 08:34' WHERE id = 20263;

-- Event #2, M.Prg: 20124, tot. athletes: 1
-- Tot. progr. duration: 140 (sec), Heat durations: [14076] (hds)
-- Session begin time: 2014-03-23 08:30:00 +0100, Computed begin time: 2014-03-23 08:34:25 +0100
UPDATE meeting_programs SET begin_time = '2014-03-23 08:34' WHERE id = 20124;

-- Event #2, M.Prg: 20264, tot. athletes: 0
-- Tot. progr. duration: 0 (sec), Heat durations: [] (hds)
-- Session begin time: 2014-03-23 08:30:00 +0100, Computed begin time: 2014-03-23 08:36:45 +0100
UPDATE meeting_programs SET begin_time = '2014-03-23 08:36' WHERE id = 20264;

-- Event #3, M.Prg: 20125, tot. athletes: 1
-- Tot. progr. duration: 165 (sec), Heat durations: [16512] (hds)
-- Session begin time: 2014-03-23 08:30:00 +0100, Computed begin time: 2014-03-23 08:36:45 +0100
UPDATE meeting_programs SET begin_time = '2014-03-23 08:36' WHERE id = 20125;

-- Event #3, M.Prg: 20265, tot. athletes: 0
-- Tot. progr. duration: 0 (sec), Heat durations: [] (hds)
-- Session begin time: 2014-03-23 08:30:00 +0100, Computed begin time: 2014-03-23 08:39:30 +0100
UPDATE meeting_programs SET begin_time = '2014-03-23 08:39' WHERE id = 20265;

-- Event #4, M.Prg: 20126, tot. athletes: 1
-- Tot. progr. duration: 187 (sec), Heat durations: [18701] (hds)
-- Session begin time: 2014-03-23 08:30:00 +0100, Computed begin time: 2014-03-23 08:39:30 +0100
UPDATE meeting_programs SET begin_time = '2014-03-23 08:39' WHERE id = 20126;

-- Event #4, M.Prg: 20266, tot. athletes: 0
-- Tot. progr. duration: 0 (sec), Heat durations: [] (hds)
-- Session begin time: 2014-03-23 08:30:00 +0100, Computed begin time: 2014-03-23 08:42:37 +0100
UPDATE meeting_programs SET begin_time = '2014-03-23 08:42' WHERE id = 20266;

-- Event #5, M.Prg: 20127, tot. athletes: 1
-- Tot. progr. duration: 223 (sec), Heat durations: [22326] (hds)
-- Session begin time: 2014-03-23 08:30:00 +0100, Computed begin time: 2014-03-23 08:42:37 +0100
UPDATE meeting_programs SET begin_time = '2014-03-23 08:42' WHERE id = 20127;

-- Event #6, M.Prg: 20128, tot. athletes: 5
-- Tot. progr. duration: 166 (sec), Heat durations: [16681] (hds)
-- Session begin time: 2014-03-23 08:30:00 +0100, Computed begin time: 2014-03-23 08:46:20 +0100
UPDATE meeting_programs SET begin_time = '2014-03-23 08:46' WHERE id = 20128;

-- Event #7, M.Prg: 20129, tot. athletes: 2
-- Tot. progr. duration: 145 (sec), Heat durations: [14584] (hds)
-- Session begin time: 2014-03-23 08:30:00 +0100, Computed begin time: 2014-03-23 08:49:06 +0100
UPDATE meeting_programs SET begin_time = '2014-03-23 08:49' WHERE id = 20129;

-- Event #8, M.Prg: 20130, tot. athletes: 4
-- Tot. progr. duration: 161 (sec), Heat durations: [16188] (hds)
-- Session begin time: 2014-03-23 08:30:00 +0100, Computed begin time: 2014-03-23 08:51:31 +0100
UPDATE meeting_programs SET begin_time = '2014-03-23 08:51' WHERE id = 20130;

-- Event #9, M.Prg: 20131, tot. athletes: 3
-- Tot. progr. duration: 261 (sec), Heat durations: [26126] (hds)
-- Session begin time: 2014-03-23 08:30:00 +0100, Computed begin time: 2014-03-23 08:54:12 +0100
UPDATE meeting_programs SET begin_time = '2014-03-23 08:54' WHERE id = 20131;

-- Event #10, M.Prg: 20132, tot. athletes: 1
-- Tot. progr. duration: 176 (sec), Heat durations: [17641] (hds)
-- Session begin time: 2014-03-23 08:30:00 +0100, Computed begin time: 2014-03-23 08:58:33 +0100
UPDATE meeting_programs SET begin_time = '2014-03-23 08:58' WHERE id = 20132;

-- Event #11, M.Prg: 20133, tot. athletes: 1
-- Tot. progr. duration: 152 (sec), Heat durations: [15236] (hds)
-- Session begin time: 2014-03-23 08:30:00 +0100, Computed begin time: 2014-03-23 09:01:29 +0100
UPDATE meeting_programs SET begin_time = '2014-03-23 09:01' WHERE id = 20133;

-- Event #12, M.Prg: 20134, tot. athletes: 2
-- Tot. progr. duration: 185 (sec), Heat durations: [18571] (hds)
-- Session begin time: 2014-03-23 08:30:00 +0100, Computed begin time: 2014-03-23 09:04:01 +0100
UPDATE meeting_programs SET begin_time = '2014-03-23 09:04' WHERE id = 20134;

-- Event #13, M.Prg: 20135, tot. athletes: 2
-- Tot. progr. duration: 185 (sec), Heat durations: [18543] (hds)
-- Session begin time: 2014-03-23 08:30:00 +0100, Computed begin time: 2014-03-23 09:07:06 +0100
UPDATE meeting_programs SET begin_time = '2014-03-23 09:07' WHERE id = 20135;

-- Event #14, M.Prg: 20136, tot. athletes: 1
-- Tot. progr. duration: 140 (sec), Heat durations: [14093] (hds)
-- Session begin time: 2014-03-23 08:30:00 +0100, Computed begin time: 2014-03-23 09:10:11 +0100
UPDATE meeting_programs SET begin_time = '2014-03-23 09:10' WHERE id = 20136;

-- Event #15, M.Prg: 20137, tot. athletes: 1
-- Tot. progr. duration: 168 (sec), Heat durations: [16888] (hds)
-- Session begin time: 2014-03-23 08:30:00 +0100, Computed begin time: 2014-03-23 09:12:31 +0100
UPDATE meeting_programs SET begin_time = '2014-03-23 09:12' WHERE id = 20137;

-- Event #16, M.Prg: 20138, tot. athletes: 2
-- Tot. progr. duration: 140 (sec), Heat durations: [14057] (hds)
-- Session begin time: 2014-03-23 08:30:00 +0100, Computed begin time: 2014-03-23 09:15:19 +0100
UPDATE meeting_programs SET begin_time = '2014-03-23 09:15' WHERE id = 20138;

-- Event #17, M.Prg: 20139, tot. athletes: 1
-- Tot. progr. duration: 125 (sec), Heat durations: [12541] (hds)
-- Session begin time: 2014-03-23 08:30:00 +0100, Computed begin time: 2014-03-23 09:17:39 +0100
UPDATE meeting_programs SET begin_time = '2014-03-23 09:17' WHERE id = 20139;

-- Event #18, M.Prg: 20140, tot. athletes: 2
-- Tot. progr. duration: 131 (sec), Heat durations: [13181] (hds)
-- Session begin time: 2014-03-23 08:30:00 +0100, Computed begin time: 2014-03-23 09:19:44 +0100
UPDATE meeting_programs SET begin_time = '2014-03-23 09:19' WHERE id = 20140;

-- Event #19, M.Prg: 20141, tot. athletes: 1
-- Tot. progr. duration: 149 (sec), Heat durations: [14948] (hds)
-- Session begin time: 2014-03-23 08:30:00 +0100, Computed begin time: 2014-03-23 09:21:55 +0100
UPDATE meeting_programs SET begin_time = '2014-03-23 09:21' WHERE id = 20141;

-- Event #20, M.Prg: 20142, tot. athletes: 4
-- Tot. progr. duration: 154 (sec), Heat durations: [15448] (hds)
-- Session begin time: 2014-03-23 08:30:00 +0100, Computed begin time: 2014-03-23 09:24:24 +0100
UPDATE meeting_programs SET begin_time = '2014-03-23 09:24' WHERE id = 20142;

-- Event #21, M.Prg: 20143, tot. athletes: 2
-- Tot. progr. duration: 150 (sec), Heat durations: [15060] (hds)
-- Session begin time: 2014-03-23 08:30:00 +0100, Computed begin time: 2014-03-23 09:26:58 +0100
UPDATE meeting_programs SET begin_time = '2014-03-23 09:26' WHERE id = 20143;

-- Event #22, M.Prg: 20144, tot. athletes: 1
-- Tot. progr. duration: 131 (sec), Heat durations: [13140] (hds)
-- Session begin time: 2014-03-23 08:30:00 +0100, Computed begin time: 2014-03-23 09:29:28 +0100
UPDATE meeting_programs SET begin_time = '2014-03-23 09:29' WHERE id = 20144;

-- Event #23, M.Prg: 20145, tot. athletes: 1
-- Tot. progr. duration: 173 (sec), Heat durations: [17346] (hds)
-- Session begin time: 2014-03-23 08:30:00 +0100, Computed begin time: 2014-03-23 09:31:39 +0100
UPDATE meeting_programs SET begin_time = '2014-03-23 09:31' WHERE id = 20145;

-- Event #24, M.Prg: 20146, tot. athletes: 3
-- Tot. progr. duration: 150 (sec), Heat durations: [15022] (hds)
-- Session begin time: 2014-03-23 08:30:00 +0100, Computed begin time: 2014-03-23 09:34:32 +0100
UPDATE meeting_programs SET begin_time = '2014-03-23 09:34' WHERE id = 20146;

-- Event #25, M.Prg: 20147, tot. athletes: 2
-- Tot. progr. duration: 164 (sec), Heat durations: [16416] (hds)
-- Session begin time: 2014-03-23 08:30:00 +0100, Computed begin time: 2014-03-23 09:37:02 +0100
UPDATE meeting_programs SET begin_time = '2014-03-23 09:37' WHERE id = 20147;

-- Event #26, M.Prg: 20148, tot. athletes: 2
-- Tot. progr. duration: 158 (sec), Heat durations: [15855] (hds)
-- Session begin time: 2014-03-23 08:30:00 +0100, Computed begin time: 2014-03-23 09:39:46 +0100
UPDATE meeting_programs SET begin_time = '2014-03-23 09:39' WHERE id = 20148;

-- Event #27, M.Prg: 20149, tot. athletes: 1
-- Tot. progr. duration: 157 (sec), Heat durations: [15700] (hds)
-- Session begin time: 2014-03-23 08:30:00 +0100, Computed begin time: 2014-03-23 09:42:24 +0100
UPDATE meeting_programs SET begin_time = '2014-03-23 09:42' WHERE id = 20149;

-- Event #28, M.Prg: 20150, tot. athletes: 1
-- Tot. progr. duration: 184 (sec), Heat durations: [18417] (hds)
-- Session begin time: 2014-03-23 08:30:00 +0100, Computed begin time: 2014-03-23 09:45:01 +0100
UPDATE meeting_programs SET begin_time = '2014-03-23 09:45' WHERE id = 20150;

-- Event #29, M.Prg: 20151, tot. athletes: 6
-- Tot. progr. duration: 165 (sec), Heat durations: [16578] (hds)
-- Session begin time: 2014-03-23 08:30:00 +0100, Computed begin time: 2014-03-23 09:48:05 +0100
UPDATE meeting_programs SET begin_time = '2014-03-23 09:48' WHERE id = 20151;

-- Event #30, M.Prg: 20152, tot. athletes: 2
-- Tot. progr. duration: 172 (sec), Heat durations: [17238] (hds)
-- Session begin time: 2014-03-23 08:30:00 +0100, Computed begin time: 2014-03-23 09:50:50 +0100
UPDATE meeting_programs SET begin_time = '2014-03-23 09:50' WHERE id = 20152;

-- Event #31, M.Prg: 20153, tot. athletes: 2
-- Tot. progr. duration: 161 (sec), Heat durations: [16118] (hds)
-- Session begin time: 2014-03-23 08:30:00 +0100, Computed begin time: 2014-03-23 09:53:42 +0100
UPDATE meeting_programs SET begin_time = '2014-03-23 09:53' WHERE id = 20153;

-- Event #32, M.Prg: 20154, tot. athletes: 3
-- Tot. progr. duration: 168 (sec), Heat durations: [16836] (hds)
-- Session begin time: 2014-03-23 08:30:00 +0100, Computed begin time: 2014-03-23 09:56:23 +0100
UPDATE meeting_programs SET begin_time = '2014-03-23 09:56' WHERE id = 20154;

-- Event #33, M.Prg: 20155, tot. athletes: 3
-- Tot. progr. duration: 167 (sec), Heat durations: [16773] (hds)
-- Session begin time: 2014-03-23 08:30:00 +0100, Computed begin time: 2014-03-23 09:59:11 +0100
UPDATE meeting_programs SET begin_time = '2014-03-23 09:59' WHERE id = 20155;

-- Event #34, M.Prg: 20156, tot. athletes: 1
-- Tot. progr. duration: 195 (sec), Heat durations: [19536] (hds)
-- Session begin time: 2014-03-23 08:30:00 +0100, Computed begin time: 2014-03-23 10:01:58 +0100
UPDATE meeting_programs SET begin_time = '2014-03-23 10:01' WHERE id = 20156;

-- Event #35, M.Prg: 20157, tot. athletes: 1
-- Tot. progr. duration: 172 (sec), Heat durations: [17229] (hds)
-- Session begin time: 2014-03-23 08:30:00 +0100, Computed begin time: 2014-03-23 10:05:13 +0100
UPDATE meeting_programs SET begin_time = '2014-03-23 10:05' WHERE id = 20157;

-- Event #36, M.Prg: 20158, tot. athletes: 1
-- Tot. progr. duration: 198 (sec), Heat durations: [19832] (hds)
-- Session begin time: 2014-03-23 08:30:00 +0100, Computed begin time: 2014-03-23 10:08:05 +0100
UPDATE meeting_programs SET begin_time = '2014-03-23 10:08' WHERE id = 20158;

-- Event #37, M.Prg: 20159, tot. athletes: 3
-- Tot. progr. duration: 144 (sec), Heat durations: [14476] (hds)
-- Session begin time: 2014-03-23 08:30:00 +0100, Computed begin time: 2014-03-23 10:11:23 +0100
UPDATE meeting_programs SET begin_time = '2014-03-23 10:11' WHERE id = 20159;

-- Event #38, M.Prg: 20160, tot. athletes: 1
-- Tot. progr. duration: 122 (sec), Heat durations: [12205] (hds)
-- Session begin time: 2014-03-23 08:30:00 +0100, Computed begin time: 2014-03-23 10:13:47 +0100
UPDATE meeting_programs SET begin_time = '2014-03-23 10:13' WHERE id = 20160;

-- Event #39, M.Prg: 20161, tot. athletes: 1
-- Tot. progr. duration: 127 (sec), Heat durations: [12725] (hds)
-- Session begin time: 2014-03-23 08:30:00 +0100, Computed begin time: 2014-03-23 10:15:49 +0100
UPDATE meeting_programs SET begin_time = '2014-03-23 10:15' WHERE id = 20161;

-- Event #40, M.Prg: 20162, tot. athletes: 2
-- Tot. progr. duration: 151 (sec), Heat durations: [15142] (hds)
-- Session begin time: 2014-03-23 08:30:00 +0100, Computed begin time: 2014-03-23 10:17:56 +0100
UPDATE meeting_programs SET begin_time = '2014-03-23 10:17' WHERE id = 20162;

-- Event #41, M.Prg: 20163, tot. athletes: 4
-- Tot. progr. duration: 160 (sec), Heat durations: [16089] (hds)
-- Session begin time: 2014-03-23 08:30:00 +0100, Computed begin time: 2014-03-23 10:20:27 +0100
UPDATE meeting_programs SET begin_time = '2014-03-23 10:20' WHERE id = 20163;

-- Event #42, M.Prg: 20164, tot. athletes: 4
-- Tot. progr. duration: 130 (sec), Heat durations: [13075] (hds)
-- Session begin time: 2014-03-23 08:30:00 +0100, Computed begin time: 2014-03-23 10:23:07 +0100
UPDATE meeting_programs SET begin_time = '2014-03-23 10:23' WHERE id = 20164;

-- Event #43, M.Prg: 20165, tot. athletes: 1
-- Tot. progr. duration: 152 (sec), Heat durations: [15218] (hds)
-- Session begin time: 2014-03-23 08:30:00 +0100, Computed begin time: 2014-03-23 10:25:17 +0100
UPDATE meeting_programs SET begin_time = '2014-03-23 10:25' WHERE id = 20165;

-- Event #44, M.Prg: 20166, tot. athletes: 3
-- Tot. progr. duration: 174 (sec), Heat durations: [17402] (hds)
-- Session begin time: 2014-03-23 08:30:00 +0100, Computed begin time: 2014-03-23 10:27:49 +0100
UPDATE meeting_programs SET begin_time = '2014-03-23 10:27' WHERE id = 20166;

-- Event #45, M.Prg: 20167, tot. athletes: 6
-- Tot. progr. duration: 153 (sec), Heat durations: [15339] (hds)
-- Session begin time: 2014-03-23 08:30:00 +0100, Computed begin time: 2014-03-23 10:30:43 +0100
UPDATE meeting_programs SET begin_time = '2014-03-23 10:30' WHERE id = 20167;

-- Event #46, M.Prg: 20168, tot. athletes: 6
-- Tot. progr. duration: 175 (sec), Heat durations: [17588] (hds)
-- Session begin time: 2014-03-23 08:30:00 +0100, Computed begin time: 2014-03-23 10:33:16 +0100
UPDATE meeting_programs SET begin_time = '2014-03-23 10:33' WHERE id = 20168;

-- Event #47, M.Prg: 20169, tot. athletes: 1
-- Tot. progr. duration: 142 (sec), Heat durations: [14222] (hds)
-- Session begin time: 2014-03-23 08:30:00 +0100, Computed begin time: 2014-03-23 10:36:11 +0100
UPDATE meeting_programs SET begin_time = '2014-03-23 10:36' WHERE id = 20169;

-- Event #48, M.Prg: 20170, tot. athletes: 1
-- Tot. progr. duration: 200 (sec), Heat durations: [20043] (hds)
-- Session begin time: 2014-03-23 08:30:00 +0100, Computed begin time: 2014-03-23 10:38:33 +0100
UPDATE meeting_programs SET begin_time = '2014-03-23 10:38' WHERE id = 20170;

-- Event #49, M.Prg: 20171, tot. athletes: 2
-- Tot. progr. duration: 184 (sec), Heat durations: [18440] (hds)
-- Session begin time: 2014-03-23 08:30:00 +0100, Computed begin time: 2014-03-23 10:41:53 +0100
UPDATE meeting_programs SET begin_time = '2014-03-23 10:41' WHERE id = 20171;

-- Event #50, M.Prg: 20172, tot. athletes: 1
-- Tot. progr. duration: 165 (sec), Heat durations: [16599] (hds)
-- Session begin time: 2014-03-23 08:30:00 +0100, Computed begin time: 2014-03-23 10:44:57 +0100
UPDATE meeting_programs SET begin_time = '2014-03-23 10:44' WHERE id = 20172;

-- Event #51, M.Prg: 20173, tot. athletes: 1
-- Tot. progr. duration: 159 (sec), Heat durations: [15960] (hds)
-- Session begin time: 2014-03-23 08:30:00 +0100, Computed begin time: 2014-03-23 10:47:42 +0100
UPDATE meeting_programs SET begin_time = '2014-03-23 10:47' WHERE id = 20173;

-- Event #52, M.Prg: 20174, tot. athletes: 1
-- Tot. progr. duration: 138 (sec), Heat durations: [13823] (hds)
-- Session begin time: 2014-03-23 08:30:00 +0100, Computed begin time: 2014-03-23 10:50:21 +0100
UPDATE meeting_programs SET begin_time = '2014-03-23 10:50' WHERE id = 20174;

-- Event #53, M.Prg: 20175, tot. athletes: 3
-- Tot. progr. duration: 245 (sec), Heat durations: [24501] (hds)
-- Session begin time: 2014-03-23 08:30:00 +0100, Computed begin time: 2014-03-23 10:52:39 +0100
UPDATE meeting_programs SET begin_time = '2014-03-23 10:52' WHERE id = 20175;

-- Event #54, M.Prg: 20176, tot. athletes: 3
-- Tot. progr. duration: 272 (sec), Heat durations: [27281] (hds)
-- Session begin time: 2014-03-23 08:30:00 +0100, Computed begin time: 2014-03-23 10:56:44 +0100
UPDATE meeting_programs SET begin_time = '2014-03-23 10:56' WHERE id = 20176;

-- Event #55, M.Prg: 20177, tot. athletes: 2
-- Tot. progr. duration: 231 (sec), Heat durations: [23195] (hds)
-- Session begin time: 2014-03-23 08:30:00 +0100, Computed begin time: 2014-03-23 11:01:16 +0100
UPDATE meeting_programs SET begin_time = '2014-03-23 11:01' WHERE id = 20177;

-- Event #56, M.Prg: 20178, tot. athletes: 2
-- Tot. progr. duration: 235 (sec), Heat durations: [23512] (hds)
-- Session begin time: 2014-03-23 08:30:00 +0100, Computed begin time: 2014-03-23 11:05:07 +0100
UPDATE meeting_programs SET begin_time = '2014-03-23 11:05' WHERE id = 20178;

-- Event #57, M.Prg: 20179, tot. athletes: 1
-- Tot. progr. duration: 267 (sec), Heat durations: [26795] (hds)
-- Session begin time: 2014-03-23 08:30:00 +0100, Computed begin time: 2014-03-23 11:09:02 +0100
UPDATE meeting_programs SET begin_time = '2014-03-23 11:09' WHERE id = 20179;

-- Event #58, M.Prg: 20180, tot. athletes: 1
-- Tot. progr. duration: 270 (sec), Heat durations: [27008] (hds)
-- Session begin time: 2014-03-23 08:30:00 +0100, Computed begin time: 2014-03-23 11:13:29 +0100
UPDATE meeting_programs SET begin_time = '2014-03-23 11:13' WHERE id = 20180;

-- Event #59, M.Prg: 20181, tot. athletes: 3
-- Tot. progr. duration: 220 (sec), Heat durations: [22092] (hds)
-- Session begin time: 2014-03-23 08:30:00 +0100, Computed begin time: 2014-03-23 11:17:59 +0100
UPDATE meeting_programs SET begin_time = '2014-03-23 11:17' WHERE id = 20181;

-- Event #60, M.Prg: 20182, tot. athletes: 7
-- Tot. progr. duration: 285 (sec), Heat durations: [28510] (hds)
-- Session begin time: 2014-03-23 08:30:00 +0100, Computed begin time: 2014-03-23 11:21:39 +0100
UPDATE meeting_programs SET begin_time = '2014-03-23 11:21' WHERE id = 20182;

-- Event #61, M.Prg: 20183, tot. athletes: 2
-- Tot. progr. duration: 256 (sec), Heat durations: [25615] (hds)
-- Session begin time: 2014-03-23 08:30:00 +0100, Computed begin time: 2014-03-23 11:26:24 +0100
UPDATE meeting_programs SET begin_time = '2014-03-23 11:26' WHERE id = 20183;

-- Event #62, M.Prg: 20184, tot. athletes: 7
-- Tot. progr. duration: 280 (sec), Heat durations: [28008] (hds)
-- Session begin time: 2014-03-23 08:30:00 +0100, Computed begin time: 2014-03-23 11:30:40 +0100
UPDATE meeting_programs SET begin_time = '2014-03-23 11:30' WHERE id = 20184;

-- Event #63, M.Prg: 20185, tot. athletes: 6
-- Tot. progr. duration: 268 (sec), Heat durations: [26840] (hds)
-- Session begin time: 2014-03-23 08:30:00 +0100, Computed begin time: 2014-03-23 11:35:20 +0100
UPDATE meeting_programs SET begin_time = '2014-03-23 11:35' WHERE id = 20185;

-- Event #64, M.Prg: 20186, tot. athletes: 3
-- Tot. progr. duration: 304 (sec), Heat durations: [30419] (hds)
-- Session begin time: 2014-03-23 08:30:00 +0100, Computed begin time: 2014-03-23 11:39:48 +0100
UPDATE meeting_programs SET begin_time = '2014-03-23 11:39' WHERE id = 20186;

-- Event #65, M.Prg: 20187, tot. athletes: 1
-- Tot. progr. duration: 230 (sec), Heat durations: [23039] (hds)
-- Session begin time: 2014-03-23 08:30:00 +0100, Computed begin time: 2014-03-23 11:44:52 +0100
UPDATE meeting_programs SET begin_time = '2014-03-23 11:44' WHERE id = 20187;

-- Event #66, M.Prg: 20188, tot. athletes: 1
-- Tot. progr. duration: 330 (sec), Heat durations: [33078] (hds)
-- Session begin time: 2014-03-23 08:30:00 +0100, Computed begin time: 2014-03-23 11:48:42 +0100
UPDATE meeting_programs SET begin_time = '2014-03-23 11:48' WHERE id = 20188;

-- Event #67, M.Prg: 20189, tot. athletes: 1
-- Tot. progr. duration: 294 (sec), Heat durations: [29421] (hds)
-- Session begin time: 2014-03-23 08:30:00 +0100, Computed begin time: 2014-03-23 11:54:12 +0100
UPDATE meeting_programs SET begin_time = '2014-03-23 11:54' WHERE id = 20189;

-- Event #68, M.Prg: 20190, tot. athletes: 3
-- Tot. progr. duration: 238 (sec), Heat durations: [23892] (hds)
-- Session begin time: 2014-03-23 08:30:00 +0100, Computed begin time: 2014-03-23 11:59:06 +0100
UPDATE meeting_programs SET begin_time = '2014-03-23 11:59' WHERE id = 20190;

-- Event #69, M.Prg: 20191, tot. athletes: 1
-- Tot. progr. duration: 99 (sec), Heat durations: [9951] (hds)
-- Session begin time: 2014-03-23 08:30:00 +0100, Computed begin time: 2014-03-23 12:03:04 +0100
UPDATE meeting_programs SET begin_time = '2014-03-23 12:03' WHERE id = 20191;

-- Event #70, M.Prg: 20192, tot. athletes: 1
-- Tot. progr. duration: 132 (sec), Heat durations: [13211] (hds)
-- Session begin time: 2014-03-23 08:30:00 +0100, Computed begin time: 2014-03-23 12:04:43 +0100
UPDATE meeting_programs SET begin_time = '2014-03-23 12:04' WHERE id = 20192;

-- Event #71, M.Prg: 20193, tot. athletes: 1
-- Tot. progr. duration: 111 (sec), Heat durations: [11180] (hds)
-- Session begin time: 2014-03-23 08:30:00 +0100, Computed begin time: 2014-03-23 12:06:55 +0100
UPDATE meeting_programs SET begin_time = '2014-03-23 12:06' WHERE id = 20193;

-- Event #72, M.Prg: 20194, tot. athletes: 1
-- Tot. progr. duration: 116 (sec), Heat durations: [11657] (hds)
-- Session begin time: 2014-03-23 08:30:00 +0100, Computed begin time: 2014-03-23 12:08:46 +0100
UPDATE meeting_programs SET begin_time = '2014-03-23 12:08' WHERE id = 20194;

-- Event #73, M.Prg: 20195, tot. athletes: 1
-- Tot. progr. duration: 119 (sec), Heat durations: [11908] (hds)
-- Session begin time: 2014-03-23 08:30:00 +0100, Computed begin time: 2014-03-23 12:10:42 +0100
UPDATE meeting_programs SET begin_time = '2014-03-23 12:10' WHERE id = 20195;

-- Event #74, M.Prg: 20196, tot. athletes: 2
-- Tot. progr. duration: 114 (sec), Heat durations: [11458] (hds)
-- Session begin time: 2014-03-23 08:30:00 +0100, Computed begin time: 2014-03-23 12:12:41 +0100
UPDATE meeting_programs SET begin_time = '2014-03-23 12:12' WHERE id = 20196;

-- Event #75, M.Prg: 20197, tot. athletes: 1
-- Tot. progr. duration: 100 (sec), Heat durations: [10075] (hds)
-- Session begin time: 2014-03-23 08:30:00 +0100, Computed begin time: 2014-03-23 12:14:35 +0100
UPDATE meeting_programs SET begin_time = '2014-03-23 12:14' WHERE id = 20197;

-- Event #76, M.Prg: 20198, tot. athletes: 1
-- Tot. progr. duration: 106 (sec), Heat durations: [10627] (hds)
-- Session begin time: 2014-03-23 08:30:00 +0100, Computed begin time: 2014-03-23 12:16:15 +0100
UPDATE meeting_programs SET begin_time = '2014-03-23 12:16' WHERE id = 20198;

-- Event #77, M.Prg: 20199, tot. athletes: 1
-- Tot. progr. duration: 155 (sec), Heat durations: [15565] (hds)
-- Session begin time: 2014-03-23 08:30:00 +0100, Computed begin time: 2014-03-23 12:18:01 +0100
UPDATE meeting_programs SET begin_time = '2014-03-23 12:18' WHERE id = 20199;

-- Event #78, M.Prg: 20200, tot. athletes: 1
-- Tot. progr. duration: 94 (sec), Heat durations: [9423] (hds)
-- Session begin time: 2014-03-23 08:30:00 +0100, Computed begin time: 2014-03-23 12:20:36 +0100
UPDATE meeting_programs SET begin_time = '2014-03-23 12:20' WHERE id = 20200;

-- Event #79, M.Prg: 20201, tot. athletes: 1
-- Tot. progr. duration: 126 (sec), Heat durations: [12667] (hds)
-- Session begin time: 2014-03-23 08:30:00 +0100, Computed begin time: 2014-03-23 12:22:10 +0100
UPDATE meeting_programs SET begin_time = '2014-03-23 12:22' WHERE id = 20201;

-- Event #80, M.Prg: 20202, tot. athletes: 2
-- Tot. progr. duration: 136 (sec), Heat durations: [13637] (hds)
-- Session begin time: 2014-03-23 08:30:00 +0100, Computed begin time: 2014-03-23 12:24:16 +0100
UPDATE meeting_programs SET begin_time = '2014-03-23 12:24' WHERE id = 20202;

-- Event #81, M.Prg: 20203, tot. athletes: 3
-- Tot. progr. duration: 104 (sec), Heat durations: [10431] (hds)
-- Session begin time: 2014-03-23 08:30:00 +0100, Computed begin time: 2014-03-23 12:26:32 +0100
UPDATE meeting_programs SET begin_time = '2014-03-23 12:26' WHERE id = 20203;

-- Event #82, M.Prg: 20204, tot. athletes: 1
-- Tot. progr. duration: 97 (sec), Heat durations: [9707] (hds)
-- Session begin time: 2014-03-23 08:30:00 +0100, Computed begin time: 2014-03-23 12:28:16 +0100
UPDATE meeting_programs SET begin_time = '2014-03-23 12:28' WHERE id = 20204;

-- Event #83, M.Prg: 20205, tot. athletes: 2
-- Tot. progr. duration: 104 (sec), Heat durations: [10477] (hds)
-- Session begin time: 2014-03-23 08:30:00 +0100, Computed begin time: 2014-03-23 12:29:53 +0100
UPDATE meeting_programs SET begin_time = '2014-03-23 12:29' WHERE id = 20205;

-- Event #84, M.Prg: 20206, tot. athletes: 1
-- Tot. progr. duration: 103 (sec), Heat durations: [10344] (hds)
-- Session begin time: 2014-03-23 08:30:00 +0100, Computed begin time: 2014-03-23 12:31:37 +0100
UPDATE meeting_programs SET begin_time = '2014-03-23 12:31' WHERE id = 20206;

-- Event #85, M.Prg: 20207, tot. athletes: 1
-- Tot. progr. duration: 106 (sec), Heat durations: [10606] (hds)
-- Session begin time: 2014-03-23 08:30:00 +0100, Computed begin time: 2014-03-23 12:33:20 +0100
UPDATE meeting_programs SET begin_time = '2014-03-23 12:33' WHERE id = 20207;

-- Event #86, M.Prg: 20208, tot. athletes: 3
-- Tot. progr. duration: 99 (sec), Heat durations: [9946] (hds)
-- Session begin time: 2014-03-23 08:30:00 +0100, Computed begin time: 2014-03-23 12:35:06 +0100
UPDATE meeting_programs SET begin_time = '2014-03-23 12:35' WHERE id = 20208;

-- Event #87, M.Prg: 20209, tot. athletes: 8
-- Tot. progr. duration: 176 (sec), Heat durations: [11646, 6000] (hds)
-- Session begin time: 2014-03-23 08:30:00 +0100, Computed begin time: 2014-03-23 12:36:45 +0100
UPDATE meeting_programs SET begin_time = '2014-03-23 12:36' WHERE id = 20209;

-- Event #88, M.Prg: 20210, tot. athletes: 3
-- Tot. progr. duration: 105 (sec), Heat durations: [10527] (hds)
-- Session begin time: 2014-03-23 08:30:00 +0100, Computed begin time: 2014-03-23 12:39:41 +0100
UPDATE meeting_programs SET begin_time = '2014-03-23 12:39' WHERE id = 20210;

-- Event #89, M.Prg: 20211, tot. athletes: 7
-- Tot. progr. duration: 113 (sec), Heat durations: [11396] (hds)
-- Session begin time: 2014-03-23 08:30:00 +0100, Computed begin time: 2014-03-23 12:41:26 +0100
UPDATE meeting_programs SET begin_time = '2014-03-23 12:41' WHERE id = 20211;

-- Event #90, M.Prg: 20212, tot. athletes: 3
-- Tot. progr. duration: 98 (sec), Heat durations: [9874] (hds)
-- Session begin time: 2014-03-23 08:30:00 +0100, Computed begin time: 2014-03-23 12:43:19 +0100
UPDATE meeting_programs SET begin_time = '2014-03-23 12:43' WHERE id = 20212;

-- Event #91, M.Prg: 20213, tot. athletes: 1
-- Tot. progr. duration: 94 (sec), Heat durations: [9449] (hds)
-- Session begin time: 2014-03-23 08:30:00 +0100, Computed begin time: 2014-03-23 12:44:57 +0100
UPDATE meeting_programs SET begin_time = '2014-03-23 12:44' WHERE id = 20213;

-- Event #92, M.Prg: 20214, tot. athletes: 3
-- Tot. progr. duration: 110 (sec), Heat durations: [11083] (hds)
-- Session begin time: 2014-03-23 08:30:00 +0100, Computed begin time: 2014-03-23 12:46:31 +0100
UPDATE meeting_programs SET begin_time = '2014-03-23 12:46' WHERE id = 20214;

-- Event #93, M.Prg: 20215, tot. athletes: 1
-- Tot. progr. duration: 101 (sec), Heat durations: [10103] (hds)
-- Session begin time: 2014-03-23 08:30:00 +0100, Computed begin time: 2014-03-23 12:48:21 +0100
UPDATE meeting_programs SET begin_time = '2014-03-23 12:48' WHERE id = 20215;

-- Event #94, M.Prg: 20216, tot. athletes: 3
-- Tot. progr. duration: 93 (sec), Heat durations: [9398] (hds)
-- Session begin time: 2014-03-23 08:30:00 +0100, Computed begin time: 2014-03-23 12:50:02 +0100
UPDATE meeting_programs SET begin_time = '2014-03-23 12:50' WHERE id = 20216;

-- Event #95, M.Prg: 20217, tot. athletes: 2
-- Tot. progr. duration: 111 (sec), Heat durations: [11173] (hds)
-- Session begin time: 2014-03-23 08:30:00 +0100, Computed begin time: 2014-03-23 12:51:35 +0100
UPDATE meeting_programs SET begin_time = '2014-03-23 12:51' WHERE id = 20217;

-- Event #96, M.Prg: 20218, tot. athletes: 1
-- Tot. progr. duration: 109 (sec), Heat durations: [10947] (hds)
-- Session begin time: 2014-03-23 08:30:00 +0100, Computed begin time: 2014-03-23 12:53:26 +0100
UPDATE meeting_programs SET begin_time = '2014-03-23 12:53' WHERE id = 20218;

-- Event #97, M.Prg: 20219, tot. athletes: 3
-- Tot. progr. duration: 107 (sec), Heat durations: [10724] (hds)
-- Session begin time: 2014-03-23 08:30:00 +0100, Computed begin time: 2014-03-23 12:55:15 +0100
UPDATE meeting_programs SET begin_time = '2014-03-23 12:55' WHERE id = 20219;

-- Event #98, M.Prg: 20220, tot. athletes: 4
-- Tot. progr. duration: 110 (sec), Heat durations: [11017] (hds)
-- Session begin time: 2014-03-23 08:30:00 +0100, Computed begin time: 2014-03-23 12:57:02 +0100
UPDATE meeting_programs SET begin_time = '2014-03-23 12:57' WHERE id = 20220;

-- Event #99, M.Prg: 20221, tot. athletes: 2
-- Tot. progr. duration: 118 (sec), Heat durations: [11807] (hds)
-- Session begin time: 2014-03-23 08:30:00 +0100, Computed begin time: 2014-03-23 12:58:52 +0100
UPDATE meeting_programs SET begin_time = '2014-03-23 12:58' WHERE id = 20221;

-- Event #100, M.Prg: 20222, tot. athletes: 1
-- Tot. progr. duration: 108 (sec), Heat durations: [10809] (hds)
-- Session begin time: 2014-03-23 08:30:00 +0100, Computed begin time: 2014-03-23 13:00:50 +0100
UPDATE meeting_programs SET begin_time = '2014-03-23 13:00' WHERE id = 20222;

-- Event #101, M.Prg: 20223, tot. athletes: 8
-- Tot. progr. duration: 210 (sec), Heat durations: [10996, 10049] (hds)
-- Session begin time: 2014-03-23 08:30:00 +0100, Computed begin time: 2014-03-23 13:02:38 +0100
UPDATE meeting_programs SET begin_time = '2014-03-23 13:02' WHERE id = 20223;

-- Event #102, M.Prg: 20224, tot. athletes: 6
-- Tot. progr. duration: 110 (sec), Heat durations: [11006] (hds)
-- Session begin time: 2014-03-23 08:30:00 +0100, Computed begin time: 2014-03-23 13:06:08 +0100
UPDATE meeting_programs SET begin_time = '2014-03-23 13:06' WHERE id = 20224;

-- Event #103, M.Prg: 20225, tot. athletes: 3
-- Tot. progr. duration: 107 (sec), Heat durations: [10781] (hds)
-- Session begin time: 2014-03-23 08:30:00 +0100, Computed begin time: 2014-03-23 13:07:58 +0100
UPDATE meeting_programs SET begin_time = '2014-03-23 13:07' WHERE id = 20225;

-- Event #104, M.Prg: 20226, tot. athletes: 9
-- Tot. progr. duration: 221 (sec), Heat durations: [12265, 9859] (hds)
-- Session begin time: 2014-03-23 08:30:00 +0100, Computed begin time: 2014-03-23 13:09:45 +0100
UPDATE meeting_programs SET begin_time = '2014-03-23 13:09' WHERE id = 20226;

-- Event #105, M.Prg: 20227, tot. athletes: 5
-- Tot. progr. duration: 111 (sec), Heat durations: [11114] (hds)
-- Session begin time: 2014-03-23 08:30:00 +0100, Computed begin time: 2014-03-23 13:13:26 +0100
UPDATE meeting_programs SET begin_time = '2014-03-23 13:13' WHERE id = 20227;

-- Event #106, M.Prg: 20228, tot. athletes: 2
-- Tot. progr. duration: 121 (sec), Heat durations: [12112] (hds)
-- Session begin time: 2014-03-23 08:30:00 +0100, Computed begin time: 2014-03-23 13:15:17 +0100
UPDATE meeting_programs SET begin_time = '2014-03-23 13:15' WHERE id = 20228;

-- Event #107, M.Prg: 20229, tot. athletes: 2
-- Tot. progr. duration: 115 (sec), Heat durations: [11561] (hds)
-- Session begin time: 2014-03-23 08:30:00 +0100, Computed begin time: 2014-03-23 13:17:18 +0100
UPDATE meeting_programs SET begin_time = '2014-03-23 13:17' WHERE id = 20229;

-- Event #108, M.Prg: 20230, tot. athletes: 4
-- Tot. progr. duration: 140 (sec), Heat durations: [14026] (hds)
-- Session begin time: 2014-03-23 08:30:00 +0100, Computed begin time: 2014-03-23 13:19:13 +0100
UPDATE meeting_programs SET begin_time = '2014-03-23 13:19' WHERE id = 20230;

-- Event #109, M.Prg: 20231, tot. athletes: 1
-- Tot. progr. duration: 117 (sec), Heat durations: [11787] (hds)
-- Session begin time: 2014-03-23 08:30:00 +0100, Computed begin time: 2014-03-23 13:21:33 +0100
UPDATE meeting_programs SET begin_time = '2014-03-23 13:21' WHERE id = 20231;

-- Event #110, M.Prg: 20232, tot. athletes: 1
-- Tot. progr. duration: 94 (sec), Heat durations: [9405] (hds)
-- Session begin time: 2014-03-23 08:30:00 +0100, Computed begin time: 2014-03-23 13:23:30 +0100
UPDATE meeting_programs SET begin_time = '2014-03-23 13:23' WHERE id = 20232;

-- Event #111, M.Prg: 20233, tot. athletes: 1
-- Tot. progr. duration: 99 (sec), Heat durations: [9970] (hds)
-- Session begin time: 2014-03-23 08:30:00 +0100, Computed begin time: 2014-03-23 13:25:04 +0100
UPDATE meeting_programs SET begin_time = '2014-03-23 13:25' WHERE id = 20233;

-- Event #112, M.Prg: 20234, tot. athletes: 2
-- Tot. progr. duration: 97 (sec), Heat durations: [9789] (hds)
-- Session begin time: 2014-03-23 08:30:00 +0100, Computed begin time: 2014-03-23 13:26:43 +0100
UPDATE meeting_programs SET begin_time = '2014-03-23 13:26' WHERE id = 20234;

-- Event #113, M.Prg: 20235, tot. athletes: 1
-- Tot. progr. duration: 90 (sec), Heat durations: [9058] (hds)
-- Session begin time: 2014-03-23 08:30:00 +0100, Computed begin time: 2014-03-23 13:28:20 +0100
UPDATE meeting_programs SET begin_time = '2014-03-23 13:28' WHERE id = 20235;

-- Event #114, M.Prg: 20236, tot. athletes: 1
-- Tot. progr. duration: 95 (sec), Heat durations: [9543] (hds)
-- Session begin time: 2014-03-23 08:30:00 +0100, Computed begin time: 2014-03-23 13:29:50 +0100
UPDATE meeting_programs SET begin_time = '2014-03-23 13:29' WHERE id = 20236;

-- Event #115, M.Prg: 20237, tot. athletes: 1
-- Tot. progr. duration: 133 (sec), Heat durations: [13355] (hds)
-- Session begin time: 2014-03-23 08:30:00 +0100, Computed begin time: 2014-03-23 13:31:25 +0100
UPDATE meeting_programs SET begin_time = '2014-03-23 13:31' WHERE id = 20237;

-- Event #116, M.Prg: 20238, tot. athletes: 4
-- Tot. progr. duration: 104 (sec), Heat durations: [10452] (hds)
-- Session begin time: 2014-03-23 08:30:00 +0100, Computed begin time: 2014-03-23 13:33:38 +0100
UPDATE meeting_programs SET begin_time = '2014-03-23 13:33' WHERE id = 20238;

-- Event #117, M.Prg: 20239, tot. athletes: 11
-- Tot. progr. duration: 189 (sec), Heat durations: [9750, 9151] (hds)
-- Session begin time: 2014-03-23 08:30:00 +0100, Computed begin time: 2014-03-23 13:35:22 +0100
UPDATE meeting_programs SET begin_time = '2014-03-23 13:35' WHERE id = 20239;

-- Event #118, M.Prg: 20240, tot. athletes: 4
-- Tot. progr. duration: 98 (sec), Heat durations: [9853] (hds)
-- Session begin time: 2014-03-23 08:30:00 +0100, Computed begin time: 2014-03-23 13:38:31 +0100
UPDATE meeting_programs SET begin_time = '2014-03-23 13:38' WHERE id = 20240;

-- Event #119, M.Prg: 20241, tot. athletes: 3
-- Tot. progr. duration: 105 (sec), Heat durations: [10520] (hds)
-- Session begin time: 2014-03-23 08:30:00 +0100, Computed begin time: 2014-03-23 13:40:09 +0100
UPDATE meeting_programs SET begin_time = '2014-03-23 13:40' WHERE id = 20241;

-- Event #120, M.Prg: 20242, tot. athletes: 8
-- Tot. progr. duration: 187 (sec), Heat durations: [10004, 8748] (hds)
-- Session begin time: 2014-03-23 08:30:00 +0100, Computed begin time: 2014-03-23 13:41:54 +0100
UPDATE meeting_programs SET begin_time = '2014-03-23 13:41' WHERE id = 20242;

-- Event #121, M.Prg: 20243, tot. athletes: 6
-- Tot. progr. duration: 118 (sec), Heat durations: [11822] (hds)
-- Session begin time: 2014-03-23 08:30:00 +0100, Computed begin time: 2014-03-23 13:45:01 +0100
UPDATE meeting_programs SET begin_time = '2014-03-23 13:45' WHERE id = 20243;

-- Event #122, M.Prg: 20244, tot. athletes: 1
-- Tot. progr. duration: 96 (sec), Heat durations: [9665] (hds)
-- Session begin time: 2014-03-23 08:30:00 +0100, Computed begin time: 2014-03-23 13:46:59 +0100
UPDATE meeting_programs SET begin_time = '2014-03-23 13:46' WHERE id = 20244;

-- Event #123, M.Prg: 20245, tot. athletes: 2
-- Tot. progr. duration: 120 (sec), Heat durations: [12088] (hds)
-- Session begin time: 2014-03-23 08:30:00 +0100, Computed begin time: 2014-03-23 13:48:35 +0100
UPDATE meeting_programs SET begin_time = '2014-03-23 13:48' WHERE id = 20245;

-- Event #124, M.Prg: 20246, tot. athletes: 2
-- Tot. progr. duration: 115 (sec), Heat durations: [11563] (hds)
-- Session begin time: 2014-03-23 08:30:00 +0100, Computed begin time: 2014-03-23 13:50:35 +0100
UPDATE meeting_programs SET begin_time = '2014-03-23 13:50' WHERE id = 20246;

-- Event #125, M.Prg: 20247, tot. athletes: 2
-- Tot. progr. duration: 137 (sec), Heat durations: [13763] (hds)
-- Session begin time: 2014-03-23 08:30:00 +0100, Computed begin time: 2014-03-23 13:52:30 +0100
UPDATE meeting_programs SET begin_time = '2014-03-23 13:52' WHERE id = 20247;

-- Event #126, M.Prg: 20248, tot. athletes: 2
-- Tot. progr. duration: 93 (sec), Heat durations: [9367] (hds)
-- Session begin time: 2014-03-23 08:30:00 +0100, Computed begin time: 2014-03-23 13:54:47 +0100
UPDATE meeting_programs SET begin_time = '2014-03-23 13:54' WHERE id = 20248;

-- Event #127, M.Prg: 20249, tot. athletes: 1
-- Tot. progr. duration: 849 (sec), Heat durations: [84956] (hds)
-- Session begin time: 2014-03-23 08:30:00 +0100, Computed begin time: 2014-03-23 13:56:20 +0100
UPDATE meeting_programs SET begin_time = '2014-03-23 13:56' WHERE id = 20249;

-- Event #128, M.Prg: 20250, tot. athletes: 3
-- Tot. progr. duration: 898 (sec), Heat durations: [89822] (hds)
-- Session begin time: 2014-03-23 08:30:00 +0100, Computed begin time: 2014-03-23 14:10:29 +0100
UPDATE meeting_programs SET begin_time = '2014-03-23 14:10' WHERE id = 20250;

-- Event #129, M.Prg: 20251, tot. athletes: 3
-- Tot. progr. duration: 881 (sec), Heat durations: [88135] (hds)
-- Session begin time: 2014-03-23 08:30:00 +0100, Computed begin time: 2014-03-23 14:25:27 +0100
UPDATE meeting_programs SET begin_time = '2014-03-23 14:25' WHERE id = 20251;

-- Event #130, M.Prg: 20252, tot. athletes: 1
-- Tot. progr. duration: 931 (sec), Heat durations: [93152] (hds)
-- Session begin time: 2014-03-23 08:30:00 +0100, Computed begin time: 2014-03-23 14:40:08 +0100
UPDATE meeting_programs SET begin_time = '2014-03-23 14:40' WHERE id = 20252;

-- Event #131, M.Prg: 20253, tot. athletes: 1
-- Tot. progr. duration: 797 (sec), Heat durations: [79723] (hds)
-- Session begin time: 2014-03-23 08:30:00 +0100, Computed begin time: 2014-03-23 14:55:39 +0100
UPDATE meeting_programs SET begin_time = '2014-03-23 14:55' WHERE id = 20253;

-- Event #132, M.Prg: 20254, tot. athletes: 4
-- Tot. progr. duration: 804 (sec), Heat durations: [80441] (hds)
-- Session begin time: 2014-03-23 08:30:00 +0100, Computed begin time: 2014-03-23 15:08:56 +0100
UPDATE meeting_programs SET begin_time = '2014-03-23 15:08' WHERE id = 20254;

-- Event #133, M.Prg: 20255, tot. athletes: 2
-- Tot. progr. duration: 744 (sec), Heat durations: [74464] (hds)
-- Session begin time: 2014-03-23 08:30:00 +0100, Computed begin time: 2014-03-23 15:22:20 +0100
UPDATE meeting_programs SET begin_time = '2014-03-23 15:22' WHERE id = 20255;

-- Event #134, M.Prg: 20256, tot. athletes: 2
-- Tot. progr. duration: 728 (sec), Heat durations: [72838] (hds)
-- Session begin time: 2014-03-23 08:30:00 +0100, Computed begin time: 2014-03-23 15:34:44 +0100
UPDATE meeting_programs SET begin_time = '2014-03-23 15:34' WHERE id = 20256;

-- Event #135, M.Prg: 20257, tot. athletes: 2
-- Tot. progr. duration: 766 (sec), Heat durations: [76606] (hds)
-- Session begin time: 2014-03-23 08:30:00 +0100, Computed begin time: 2014-03-23 15:46:52 +0100
UPDATE meeting_programs SET begin_time = '2014-03-23 15:46' WHERE id = 20257;

-- Event #136, M.Prg: 20258, tot. athletes: 4
-- Tot. progr. duration: 979 (sec), Heat durations: [97937] (hds)
-- Session begin time: 2014-03-23 08:30:00 +0100, Computed begin time: 2014-03-23 15:59:38 +0100
UPDATE meeting_programs SET begin_time = '2014-03-23 15:59' WHERE id = 20258;

-- Event #137, M.Prg: 20259, tot. athletes: 1
-- Tot. progr. duration: 722 (sec), Heat durations: [72222] (hds)
-- Session begin time: 2014-03-23 08:30:00 +0100, Computed begin time: 2014-03-23 16:15:57 +0100
UPDATE meeting_programs SET begin_time = '2014-03-23 16:15' WHERE id = 20259;

-- Event #138, M.Prg: 20260, tot. athletes: 2
-- Tot. progr. duration: 924 (sec), Heat durations: [92480] (hds)
-- Session begin time: 2014-03-23 08:30:00 +0100, Computed begin time: 2014-03-23 16:27:59 +0100
UPDATE meeting_programs SET begin_time = '2014-03-23 16:27' WHERE id = 20260;

-- Event #139, M.Prg: 20261, tot. athletes: 1
-- Tot. progr. duration: 1054 (sec), Heat durations: [105416] (hds)
-- Session begin time: 2014-03-23 08:30:00 +0100, Computed begin time: 2014-03-23 16:43:23 +0100
UPDATE meeting_programs SET begin_time = '2014-03-23 16:43' WHERE id = 20261;

-- Event #140, M.Prg: 20262, tot. athletes: 1
-- Tot. progr. duration: 812 (sec), Heat durations: [81289] (hds)
-- Session begin time: 2014-03-23 08:30:00 +0100, Computed begin time: 2014-03-23 17:00:57 +0100
UPDATE meeting_programs SET begin_time = '2014-03-23 17:00' WHERE id = 20262;


-- Last completed phase code: 30
