-- *** SQL Diff file for ris20160528canosadipugliasottolestelle.txt ***
-- Timestamp: 201605300623
INSERT INTO `meeting_events` (`id`, `created_at`, `updated_at`, `event_order`, `begin_time`, `is_out_of_race`, `is_autofilled`, `notes`, `meeting_session_id`, `event_type_id`, `heat_type_id`, `user_id`, `has_separate_gender_start_list`, `has_separate_category_start_list`)
  VALUES (6587, '2016-05-30 06:26:40', '2016-05-30 06:26:40', 1, '2000-01-01 08:02:00', 0, 1, NULL, 1235, 16, 3, 1, 1, 0);

INSERT INTO `meeting_programs` (`id`, `event_order`, `category_type_id`, `gender_type_id`, `user_id`, `created_at`, `updated_at`, `is_autofilled`, `is_out_of_race`, `begin_time`, `meeting_event_id`, `pool_type_id`, `time_standard_id`)
  VALUES (73271, 1, 910, 2, 1, '2016-05-30 06:26:40', '2016-05-30 06:26:40', 1, 0, '2000-01-01 08:02:00', 6587, 1, 4545);

INSERT INTO `meeting_programs` (`id`, `event_order`, `category_type_id`, `gender_type_id`, `user_id`, `created_at`, `updated_at`, `is_autofilled`, `is_out_of_race`, `begin_time`, `meeting_event_id`, `pool_type_id`, `time_standard_id`)
  VALUES (73272, 2, 911, 2, 1, '2016-05-30 06:26:40', '2016-05-30 06:26:40', 1, 0, '2000-01-01 08:04:00', 6587, 1, 4563);

INSERT INTO `meeting_programs` (`id`, `event_order`, `category_type_id`, `gender_type_id`, `user_id`, `created_at`, `updated_at`, `is_autofilled`, `is_out_of_race`, `begin_time`, `meeting_event_id`, `pool_type_id`, `time_standard_id`)
  VALUES (73273, 3, 913, 2, 1, '2016-05-30 06:26:40', '2016-05-30 06:26:40', 1, 0, '2000-01-01 08:06:00', 6587, 1, 4599);

INSERT INTO `meeting_programs` (`id`, `event_order`, `category_type_id`, `gender_type_id`, `user_id`, `created_at`, `updated_at`, `is_autofilled`, `is_out_of_race`, `begin_time`, `meeting_event_id`, `pool_type_id`, `time_standard_id`)
  VALUES (73274, 4, 908, 1, 1, '2016-05-30 06:26:40', '2016-05-30 06:26:40', 1, 0, '2000-01-01 08:08:00', 6587, 1, 5038);

INSERT INTO `meeting_programs` (`id`, `event_order`, `category_type_id`, `gender_type_id`, `user_id`, `created_at`, `updated_at`, `is_autofilled`, `is_out_of_race`, `begin_time`, `meeting_event_id`, `pool_type_id`, `time_standard_id`)
  VALUES (73275, 5, 909, 1, 1, '2016-05-30 06:26:40', '2016-05-30 06:26:40', 1, 0, '2000-01-01 08:10:00', 6587, 1, 5056);

INSERT INTO `meeting_programs` (`id`, `event_order`, `category_type_id`, `gender_type_id`, `user_id`, `created_at`, `updated_at`, `is_autofilled`, `is_out_of_race`, `begin_time`, `meeting_event_id`, `pool_type_id`, `time_standard_id`)
  VALUES (73276, 6, 910, 1, 1, '2016-05-30 06:26:40', '2016-05-30 06:26:40', 1, 0, '2000-01-01 08:12:00', 6587, 1, 5074);

INSERT INTO `meeting_programs` (`id`, `event_order`, `category_type_id`, `gender_type_id`, `user_id`, `created_at`, `updated_at`, `is_autofilled`, `is_out_of_race`, `begin_time`, `meeting_event_id`, `pool_type_id`, `time_standard_id`)
  VALUES (73277, 7, 911, 1, 1, '2016-05-30 06:26:40', '2016-05-30 06:26:40', 1, 0, '2000-01-01 08:14:00', 6587, 1, 5092);

INSERT INTO `meeting_programs` (`id`, `event_order`, `category_type_id`, `gender_type_id`, `user_id`, `created_at`, `updated_at`, `is_autofilled`, `is_out_of_race`, `begin_time`, `meeting_event_id`, `pool_type_id`, `time_standard_id`)
  VALUES (73278, 8, 914, 1, 1, '2016-05-30 06:26:40', '2016-05-30 06:26:40', 1, 0, '2000-01-01 08:16:00', 6587, 1, 5146);

INSERT INTO `meeting_programs` (`id`, `event_order`, `category_type_id`, `gender_type_id`, `user_id`, `created_at`, `updated_at`, `is_autofilled`, `is_out_of_race`, `begin_time`, `meeting_event_id`, `pool_type_id`, `time_standard_id`)
  VALUES (73279, 9, 924, 1, 1, '2016-05-30 06:26:40', '2016-05-30 06:26:40', 1, 0, '2000-01-01 08:18:00', 6587, 1, NULL);

INSERT INTO `meeting_events` (`id`, `created_at`, `updated_at`, `event_order`, `begin_time`, `is_out_of_race`, `is_autofilled`, `notes`, `meeting_session_id`, `event_type_id`, `heat_type_id`, `user_id`, `has_separate_gender_start_list`, `has_separate_category_start_list`)
  VALUES (6588, '2016-05-30 06:26:41', '2016-05-30 06:26:41', 2, '2000-01-01 08:20:00', 0, 1, NULL, 1235, 22, 3, 1, 1, 0);

INSERT INTO `meeting_programs` (`id`, `event_order`, `category_type_id`, `gender_type_id`, `user_id`, `created_at`, `updated_at`, `is_autofilled`, `is_out_of_race`, `begin_time`, `meeting_event_id`, `pool_type_id`, `time_standard_id`)
  VALUES (73280, 10, 910, 2, 1, '2016-05-30 06:26:41', '2016-05-30 06:26:41', 1, 0, '2000-01-01 08:20:00', 6588, 1, 4547);

INSERT INTO `meeting_programs` (`id`, `event_order`, `category_type_id`, `gender_type_id`, `user_id`, `created_at`, `updated_at`, `is_autofilled`, `is_out_of_race`, `begin_time`, `meeting_event_id`, `pool_type_id`, `time_standard_id`)
  VALUES (73281, 11, 911, 2, 1, '2016-05-30 06:26:41', '2016-05-30 06:26:41', 1, 0, '2000-01-01 08:22:00', 6588, 1, 4565);

INSERT INTO `meeting_programs` (`id`, `event_order`, `category_type_id`, `gender_type_id`, `user_id`, `created_at`, `updated_at`, `is_autofilled`, `is_out_of_race`, `begin_time`, `meeting_event_id`, `pool_type_id`, `time_standard_id`)
  VALUES (73282, 12, 912, 2, 1, '2016-05-30 06:26:41', '2016-05-30 06:26:41', 1, 0, '2000-01-01 08:24:00', 6588, 1, 4583);

INSERT INTO `meeting_programs` (`id`, `event_order`, `category_type_id`, `gender_type_id`, `user_id`, `created_at`, `updated_at`, `is_autofilled`, `is_out_of_race`, `begin_time`, `meeting_event_id`, `pool_type_id`, `time_standard_id`)
  VALUES (73283, 13, 924, 2, 1, '2016-05-30 06:26:41', '2016-05-30 06:26:41', 1, 0, '2000-01-01 08:26:00', 6588, 1, NULL);

INSERT INTO `meeting_programs` (`id`, `event_order`, `category_type_id`, `gender_type_id`, `user_id`, `created_at`, `updated_at`, `is_autofilled`, `is_out_of_race`, `begin_time`, `meeting_event_id`, `pool_type_id`, `time_standard_id`)
  VALUES (73284, 14, 908, 1, 1, '2016-05-30 06:26:41', '2016-05-30 06:26:41', 1, 0, '2000-01-01 08:28:00', 6588, 1, 5040);

INSERT INTO `meeting_programs` (`id`, `event_order`, `category_type_id`, `gender_type_id`, `user_id`, `created_at`, `updated_at`, `is_autofilled`, `is_out_of_race`, `begin_time`, `meeting_event_id`, `pool_type_id`, `time_standard_id`)
  VALUES (73285, 15, 909, 1, 1, '2016-05-30 06:26:41', '2016-05-30 06:26:41', 1, 0, '2000-01-01 08:30:00', 6588, 1, 5058);

INSERT INTO `meeting_programs` (`id`, `event_order`, `category_type_id`, `gender_type_id`, `user_id`, `created_at`, `updated_at`, `is_autofilled`, `is_out_of_race`, `begin_time`, `meeting_event_id`, `pool_type_id`, `time_standard_id`)
  VALUES (73286, 16, 910, 1, 1, '2016-05-30 06:26:41', '2016-05-30 06:26:41', 1, 0, '2000-01-01 08:32:00', 6588, 1, 5076);

INSERT INTO `meeting_programs` (`id`, `event_order`, `category_type_id`, `gender_type_id`, `user_id`, `created_at`, `updated_at`, `is_autofilled`, `is_out_of_race`, `begin_time`, `meeting_event_id`, `pool_type_id`, `time_standard_id`)
  VALUES (73287, 17, 911, 1, 1, '2016-05-30 06:26:41', '2016-05-30 06:26:41', 1, 0, '2000-01-01 08:34:00', 6588, 1, 5094);

INSERT INTO `meeting_programs` (`id`, `event_order`, `category_type_id`, `gender_type_id`, `user_id`, `created_at`, `updated_at`, `is_autofilled`, `is_out_of_race`, `begin_time`, `meeting_event_id`, `pool_type_id`, `time_standard_id`)
  VALUES (73288, 18, 912, 1, 1, '2016-05-30 06:26:41', '2016-05-30 06:26:41', 1, 0, '2000-01-01 08:36:00', 6588, 1, 5112);

INSERT INTO `meeting_programs` (`id`, `event_order`, `category_type_id`, `gender_type_id`, `user_id`, `created_at`, `updated_at`, `is_autofilled`, `is_out_of_race`, `begin_time`, `meeting_event_id`, `pool_type_id`, `time_standard_id`)
  VALUES (73289, 19, 913, 1, 1, '2016-05-30 06:26:41', '2016-05-30 06:26:41', 1, 0, '2000-01-01 08:38:00', 6588, 1, 5130);

INSERT INTO `meeting_programs` (`id`, `event_order`, `category_type_id`, `gender_type_id`, `user_id`, `created_at`, `updated_at`, `is_autofilled`, `is_out_of_race`, `begin_time`, `meeting_event_id`, `pool_type_id`, `time_standard_id`)
  VALUES (73290, 20, 914, 1, 1, '2016-05-30 06:26:41', '2016-05-30 06:26:41', 1, 0, '2000-01-01 08:40:00', 6588, 1, 5148);

INSERT INTO `meeting_programs` (`id`, `event_order`, `category_type_id`, `gender_type_id`, `user_id`, `created_at`, `updated_at`, `is_autofilled`, `is_out_of_race`, `begin_time`, `meeting_event_id`, `pool_type_id`, `time_standard_id`)
  VALUES (73291, 21, 915, 1, 1, '2016-05-30 06:26:41', '2016-05-30 06:26:41', 1, 0, '2000-01-01 08:42:00', 6588, 1, 5166);

INSERT INTO `meeting_programs` (`id`, `event_order`, `category_type_id`, `gender_type_id`, `user_id`, `created_at`, `updated_at`, `is_autofilled`, `is_out_of_race`, `begin_time`, `meeting_event_id`, `pool_type_id`, `time_standard_id`)
  VALUES (73292, 22, 924, 1, 1, '2016-05-30 06:26:41', '2016-05-30 06:26:41', 1, 0, '2000-01-01 08:44:00', 6588, 1, NULL);

INSERT INTO `meeting_events` (`id`, `created_at`, `updated_at`, `event_order`, `begin_time`, `is_out_of_race`, `is_autofilled`, `notes`, `meeting_session_id`, `event_type_id`, `heat_type_id`, `user_id`, `has_separate_gender_start_list`, `has_separate_category_start_list`)
  VALUES (6589, '2016-05-30 06:26:41', '2016-05-30 06:26:41', 3, '2000-01-01 08:46:00', 0, 1, NULL, 1235, 5, 3, 1, 1, 0);

INSERT INTO `meeting_programs` (`id`, `event_order`, `category_type_id`, `gender_type_id`, `user_id`, `created_at`, `updated_at`, `is_autofilled`, `is_out_of_race`, `begin_time`, `meeting_event_id`, `pool_type_id`, `time_standard_id`)
  VALUES (73293, 23, 908, 2, 1, '2016-05-30 06:26:41', '2016-05-30 06:26:41', 1, 0, '2000-01-01 08:46:00', 6589, 1, 4521);

INSERT INTO `meeting_programs` (`id`, `event_order`, `category_type_id`, `gender_type_id`, `user_id`, `created_at`, `updated_at`, `is_autofilled`, `is_out_of_race`, `begin_time`, `meeting_event_id`, `pool_type_id`, `time_standard_id`)
  VALUES (73294, 24, 909, 2, 1, '2016-05-30 06:26:42', '2016-05-30 06:26:42', 1, 0, '2000-01-01 08:48:00', 6589, 1, 4539);

INSERT INTO `meeting_programs` (`id`, `event_order`, `category_type_id`, `gender_type_id`, `user_id`, `created_at`, `updated_at`, `is_autofilled`, `is_out_of_race`, `begin_time`, `meeting_event_id`, `pool_type_id`, `time_standard_id`)
  VALUES (73295, 25, 910, 2, 1, '2016-05-30 06:26:42', '2016-05-30 06:26:42', 1, 0, '2000-01-01 08:50:00', 6589, 1, 4557);

INSERT INTO `meeting_programs` (`id`, `event_order`, `category_type_id`, `gender_type_id`, `user_id`, `created_at`, `updated_at`, `is_autofilled`, `is_out_of_race`, `begin_time`, `meeting_event_id`, `pool_type_id`, `time_standard_id`)
  VALUES (73296, 26, 911, 2, 1, '2016-05-30 06:26:42', '2016-05-30 06:26:42', 1, 0, '2000-01-01 08:52:00', 6589, 1, 4575);

INSERT INTO `meeting_programs` (`id`, `event_order`, `category_type_id`, `gender_type_id`, `user_id`, `created_at`, `updated_at`, `is_autofilled`, `is_out_of_race`, `begin_time`, `meeting_event_id`, `pool_type_id`, `time_standard_id`)
  VALUES (73297, 27, 912, 2, 1, '2016-05-30 06:26:42', '2016-05-30 06:26:42', 1, 0, '2000-01-01 08:54:00', 6589, 1, 4593);

INSERT INTO `meeting_programs` (`id`, `event_order`, `category_type_id`, `gender_type_id`, `user_id`, `created_at`, `updated_at`, `is_autofilled`, `is_out_of_race`, `begin_time`, `meeting_event_id`, `pool_type_id`, `time_standard_id`)
  VALUES (73298, 28, 908, 1, 1, '2016-05-30 06:26:42', '2016-05-30 06:26:42', 1, 0, '2000-01-01 08:56:00', 6589, 1, 5050);

INSERT INTO `meeting_programs` (`id`, `event_order`, `category_type_id`, `gender_type_id`, `user_id`, `created_at`, `updated_at`, `is_autofilled`, `is_out_of_race`, `begin_time`, `meeting_event_id`, `pool_type_id`, `time_standard_id`)
  VALUES (73299, 29, 909, 1, 1, '2016-05-30 06:26:42', '2016-05-30 06:26:42', 1, 0, '2000-01-01 08:58:00', 6589, 1, 5068);

INSERT INTO `meeting_programs` (`id`, `event_order`, `category_type_id`, `gender_type_id`, `user_id`, `created_at`, `updated_at`, `is_autofilled`, `is_out_of_race`, `begin_time`, `meeting_event_id`, `pool_type_id`, `time_standard_id`)
  VALUES (73300, 30, 910, 1, 1, '2016-05-30 06:26:42', '2016-05-30 06:26:42', 1, 0, '2000-01-01 09:00:00', 6589, 1, 5086);

INSERT INTO `meeting_programs` (`id`, `event_order`, `category_type_id`, `gender_type_id`, `user_id`, `created_at`, `updated_at`, `is_autofilled`, `is_out_of_race`, `begin_time`, `meeting_event_id`, `pool_type_id`, `time_standard_id`)
  VALUES (73301, 31, 911, 1, 1, '2016-05-30 06:26:42', '2016-05-30 06:26:42', 1, 0, '2000-01-01 09:02:00', 6589, 1, 5104);

INSERT INTO `meeting_programs` (`id`, `event_order`, `category_type_id`, `gender_type_id`, `user_id`, `created_at`, `updated_at`, `is_autofilled`, `is_out_of_race`, `begin_time`, `meeting_event_id`, `pool_type_id`, `time_standard_id`)
  VALUES (73302, 32, 912, 1, 1, '2016-05-30 06:26:42', '2016-05-30 06:26:42', 1, 0, '2000-01-01 09:04:00', 6589, 1, 5122);

INSERT INTO `meeting_programs` (`id`, `event_order`, `category_type_id`, `gender_type_id`, `user_id`, `created_at`, `updated_at`, `is_autofilled`, `is_out_of_race`, `begin_time`, `meeting_event_id`, `pool_type_id`, `time_standard_id`)
  VALUES (73303, 33, 914, 1, 1, '2016-05-30 06:26:42', '2016-05-30 06:26:42', 1, 0, '2000-01-01 09:06:00', 6589, 1, 5158);

INSERT INTO `meeting_programs` (`id`, `event_order`, `category_type_id`, `gender_type_id`, `user_id`, `created_at`, `updated_at`, `is_autofilled`, `is_out_of_race`, `begin_time`, `meeting_event_id`, `pool_type_id`, `time_standard_id`)
  VALUES (73304, 34, 916, 1, 1, '2016-05-30 06:26:42', '2016-05-30 06:26:42', 1, 0, '2000-01-01 09:08:00', 6589, 1, 5194);

INSERT INTO `meeting_programs` (`id`, `event_order`, `category_type_id`, `gender_type_id`, `user_id`, `created_at`, `updated_at`, `is_autofilled`, `is_out_of_race`, `begin_time`, `meeting_event_id`, `pool_type_id`, `time_standard_id`)
  VALUES (73305, 35, 924, 1, 1, '2016-05-30 06:26:42', '2016-05-30 06:26:42', 1, 0, '2000-01-01 09:10:00', 6589, 1, NULL);

INSERT INTO `meeting_events` (`id`, `created_at`, `updated_at`, `event_order`, `begin_time`, `is_out_of_race`, `is_autofilled`, `notes`, `meeting_session_id`, `event_type_id`, `heat_type_id`, `user_id`, `has_separate_gender_start_list`, `has_separate_category_start_list`)
  VALUES (6590, '2016-05-30 06:26:42', '2016-05-30 06:26:42', 4, '2000-01-01 09:12:00', 0, 1, NULL, 1235, 11, 3, 1, 1, 0);

INSERT INTO `meeting_programs` (`id`, `event_order`, `category_type_id`, `gender_type_id`, `user_id`, `created_at`, `updated_at`, `is_autofilled`, `is_out_of_race`, `begin_time`, `meeting_event_id`, `pool_type_id`, `time_standard_id`)
  VALUES (73306, 36, 910, 2, 1, '2016-05-30 06:26:42', '2016-05-30 06:26:42', 1, 0, '2000-01-01 09:12:00', 6590, 1, 4559);

INSERT INTO `meeting_programs` (`id`, `event_order`, `category_type_id`, `gender_type_id`, `user_id`, `created_at`, `updated_at`, `is_autofilled`, `is_out_of_race`, `begin_time`, `meeting_event_id`, `pool_type_id`, `time_standard_id`)
  VALUES (73307, 37, 911, 2, 1, '2016-05-30 06:26:42', '2016-05-30 06:26:42', 1, 0, '2000-01-01 09:14:00', 6590, 1, 4577);

INSERT INTO `meeting_programs` (`id`, `event_order`, `category_type_id`, `gender_type_id`, `user_id`, `created_at`, `updated_at`, `is_autofilled`, `is_out_of_race`, `begin_time`, `meeting_event_id`, `pool_type_id`, `time_standard_id`)
  VALUES (73308, 38, 913, 2, 1, '2016-05-30 06:26:42', '2016-05-30 06:26:42', 1, 0, '2000-01-01 09:16:00', 6590, 1, 4613);

INSERT INTO `meeting_programs` (`id`, `event_order`, `category_type_id`, `gender_type_id`, `user_id`, `created_at`, `updated_at`, `is_autofilled`, `is_out_of_race`, `begin_time`, `meeting_event_id`, `pool_type_id`, `time_standard_id`)
  VALUES (73309, 39, 924, 2, 1, '2016-05-30 06:26:42', '2016-05-30 06:26:42', 1, 0, '2000-01-01 09:18:00', 6590, 1, NULL);

INSERT INTO `meeting_programs` (`id`, `event_order`, `category_type_id`, `gender_type_id`, `user_id`, `created_at`, `updated_at`, `is_autofilled`, `is_out_of_race`, `begin_time`, `meeting_event_id`, `pool_type_id`, `time_standard_id`)
  VALUES (73310, 40, 908, 1, 1, '2016-05-30 06:26:43', '2016-05-30 06:26:43', 1, 0, '2000-01-01 09:20:00', 6590, 1, 5052);

INSERT INTO `meeting_programs` (`id`, `event_order`, `category_type_id`, `gender_type_id`, `user_id`, `created_at`, `updated_at`, `is_autofilled`, `is_out_of_race`, `begin_time`, `meeting_event_id`, `pool_type_id`, `time_standard_id`)
  VALUES (73311, 41, 909, 1, 1, '2016-05-30 06:26:43', '2016-05-30 06:26:43', 1, 0, '2000-01-01 09:22:00', 6590, 1, 5070);

INSERT INTO `meeting_programs` (`id`, `event_order`, `category_type_id`, `gender_type_id`, `user_id`, `created_at`, `updated_at`, `is_autofilled`, `is_out_of_race`, `begin_time`, `meeting_event_id`, `pool_type_id`, `time_standard_id`)
  VALUES (73312, 42, 910, 1, 1, '2016-05-30 06:26:43', '2016-05-30 06:26:43', 1, 0, '2000-01-01 09:24:00', 6590, 1, 5088);

INSERT INTO `meeting_programs` (`id`, `event_order`, `category_type_id`, `gender_type_id`, `user_id`, `created_at`, `updated_at`, `is_autofilled`, `is_out_of_race`, `begin_time`, `meeting_event_id`, `pool_type_id`, `time_standard_id`)
  VALUES (73313, 43, 911, 1, 1, '2016-05-30 06:26:43', '2016-05-30 06:26:43', 1, 0, '2000-01-01 09:26:00', 6590, 1, 5106);

INSERT INTO `meeting_programs` (`id`, `event_order`, `category_type_id`, `gender_type_id`, `user_id`, `created_at`, `updated_at`, `is_autofilled`, `is_out_of_race`, `begin_time`, `meeting_event_id`, `pool_type_id`, `time_standard_id`)
  VALUES (73314, 44, 912, 1, 1, '2016-05-30 06:26:43', '2016-05-30 06:26:43', 1, 0, '2000-01-01 09:28:00', 6590, 1, 5124);

INSERT INTO `meeting_programs` (`id`, `event_order`, `category_type_id`, `gender_type_id`, `user_id`, `created_at`, `updated_at`, `is_autofilled`, `is_out_of_race`, `begin_time`, `meeting_event_id`, `pool_type_id`, `time_standard_id`)
  VALUES (73315, 45, 914, 1, 1, '2016-05-30 06:26:43', '2016-05-30 06:26:43', 1, 0, '2000-01-01 09:30:00', 6590, 1, 5160);

INSERT INTO `meeting_programs` (`id`, `event_order`, `category_type_id`, `gender_type_id`, `user_id`, `created_at`, `updated_at`, `is_autofilled`, `is_out_of_race`, `begin_time`, `meeting_event_id`, `pool_type_id`, `time_standard_id`)
  VALUES (73316, 46, 915, 1, 1, '2016-05-30 06:26:43', '2016-05-30 06:26:43', 1, 0, '2000-01-01 09:32:00', 6590, 1, 5178);

INSERT INTO `meeting_programs` (`id`, `event_order`, `category_type_id`, `gender_type_id`, `user_id`, `created_at`, `updated_at`, `is_autofilled`, `is_out_of_race`, `begin_time`, `meeting_event_id`, `pool_type_id`, `time_standard_id`)
  VALUES (73317, 47, 924, 1, 1, '2016-05-30 06:26:43', '2016-05-30 06:26:43', 1, 0, '2000-01-01 09:34:00', 6590, 1, NULL);

INSERT INTO `meeting_events` (`id`, `created_at`, `updated_at`, `event_order`, `begin_time`, `is_out_of_race`, `is_autofilled`, `notes`, `meeting_session_id`, `event_type_id`, `heat_type_id`, `user_id`, `has_separate_gender_start_list`, `has_separate_category_start_list`)
  VALUES (6591, '2016-05-30 06:26:43', '2016-05-30 06:26:43', 5, '2000-01-01 09:36:00', 0, 1, NULL, 1235, 19, 3, 1, 1, 0);

INSERT INTO `meeting_programs` (`id`, `event_order`, `category_type_id`, `gender_type_id`, `user_id`, `created_at`, `updated_at`, `is_autofilled`, `is_out_of_race`, `begin_time`, `meeting_event_id`, `pool_type_id`, `time_standard_id`)
  VALUES (73318, 48, 910, 2, 1, '2016-05-30 06:26:43', '2016-05-30 06:26:43', 1, 0, '2000-01-01 09:36:00', 6591, 1, 4560);

INSERT INTO `meeting_programs` (`id`, `event_order`, `category_type_id`, `gender_type_id`, `user_id`, `created_at`, `updated_at`, `is_autofilled`, `is_out_of_race`, `begin_time`, `meeting_event_id`, `pool_type_id`, `time_standard_id`)
  VALUES (73319, 49, 911, 2, 1, '2016-05-30 06:26:43', '2016-05-30 06:26:43', 1, 0, '2000-01-01 09:38:00', 6591, 1, 4578);

INSERT INTO `meeting_programs` (`id`, `event_order`, `category_type_id`, `gender_type_id`, `user_id`, `created_at`, `updated_at`, `is_autofilled`, `is_out_of_race`, `begin_time`, `meeting_event_id`, `pool_type_id`, `time_standard_id`)
  VALUES (73320, 50, 913, 2, 1, '2016-05-30 06:26:43', '2016-05-30 06:26:43', 1, 0, '2000-01-01 09:40:00', 6591, 1, 4614);

INSERT INTO `meeting_programs` (`id`, `event_order`, `category_type_id`, `gender_type_id`, `user_id`, `created_at`, `updated_at`, `is_autofilled`, `is_out_of_race`, `begin_time`, `meeting_event_id`, `pool_type_id`, `time_standard_id`)
  VALUES (73321, 51, 915, 2, 1, '2016-05-30 06:26:43', '2016-05-30 06:26:43', 1, 0, '2000-01-01 09:42:00', 6591, 1, 4650);

INSERT INTO `meeting_programs` (`id`, `event_order`, `category_type_id`, `gender_type_id`, `user_id`, `created_at`, `updated_at`, `is_autofilled`, `is_out_of_race`, `begin_time`, `meeting_event_id`, `pool_type_id`, `time_standard_id`)
  VALUES (73322, 52, 908, 1, 1, '2016-05-30 06:26:43', '2016-05-30 06:26:43', 1, 0, '2000-01-01 09:44:00', 6591, 1, 5053);

INSERT INTO `meeting_programs` (`id`, `event_order`, `category_type_id`, `gender_type_id`, `user_id`, `created_at`, `updated_at`, `is_autofilled`, `is_out_of_race`, `begin_time`, `meeting_event_id`, `pool_type_id`, `time_standard_id`)
  VALUES (73323, 53, 909, 1, 1, '2016-05-30 06:26:44', '2016-05-30 06:26:44', 1, 0, '2000-01-01 09:46:00', 6591, 1, 5071);

INSERT INTO `meeting_programs` (`id`, `event_order`, `category_type_id`, `gender_type_id`, `user_id`, `created_at`, `updated_at`, `is_autofilled`, `is_out_of_race`, `begin_time`, `meeting_event_id`, `pool_type_id`, `time_standard_id`)
  VALUES (73324, 54, 910, 1, 1, '2016-05-30 06:26:44', '2016-05-30 06:26:44', 1, 0, '2000-01-01 09:48:00', 6591, 1, 5089);

INSERT INTO `meeting_programs` (`id`, `event_order`, `category_type_id`, `gender_type_id`, `user_id`, `created_at`, `updated_at`, `is_autofilled`, `is_out_of_race`, `begin_time`, `meeting_event_id`, `pool_type_id`, `time_standard_id`)
  VALUES (73325, 55, 911, 1, 1, '2016-05-30 06:26:44', '2016-05-30 06:26:44', 1, 0, '2000-01-01 09:50:00', 6591, 1, 5107);

INSERT INTO `meeting_programs` (`id`, `event_order`, `category_type_id`, `gender_type_id`, `user_id`, `created_at`, `updated_at`, `is_autofilled`, `is_out_of_race`, `begin_time`, `meeting_event_id`, `pool_type_id`, `time_standard_id`)
  VALUES (73326, 56, 912, 1, 1, '2016-05-30 06:26:44', '2016-05-30 06:26:44', 1, 0, '2000-01-01 09:52:00', 6591, 1, 5125);

INSERT INTO `meeting_programs` (`id`, `event_order`, `category_type_id`, `gender_type_id`, `user_id`, `created_at`, `updated_at`, `is_autofilled`, `is_out_of_race`, `begin_time`, `meeting_event_id`, `pool_type_id`, `time_standard_id`)
  VALUES (73327, 57, 913, 1, 1, '2016-05-30 06:26:44', '2016-05-30 06:26:44', 1, 0, '2000-01-01 09:54:00', 6591, 1, 5143);

INSERT INTO `meeting_programs` (`id`, `event_order`, `category_type_id`, `gender_type_id`, `user_id`, `created_at`, `updated_at`, `is_autofilled`, `is_out_of_race`, `begin_time`, `meeting_event_id`, `pool_type_id`, `time_standard_id`)
  VALUES (73328, 58, 914, 1, 1, '2016-05-30 06:26:44', '2016-05-30 06:26:44', 1, 0, '2000-01-01 09:56:00', 6591, 1, 5161);

INSERT INTO `meeting_programs` (`id`, `event_order`, `category_type_id`, `gender_type_id`, `user_id`, `created_at`, `updated_at`, `is_autofilled`, `is_out_of_race`, `begin_time`, `meeting_event_id`, `pool_type_id`, `time_standard_id`)
  VALUES (73329, 59, 915, 1, 1, '2016-05-30 06:26:44', '2016-05-30 06:26:44', 1, 0, '2000-01-01 09:58:00', 6591, 1, 5179);

INSERT INTO `meeting_programs` (`id`, `event_order`, `category_type_id`, `gender_type_id`, `user_id`, `created_at`, `updated_at`, `is_autofilled`, `is_out_of_race`, `begin_time`, `meeting_event_id`, `pool_type_id`, `time_standard_id`)
  VALUES (73330, 60, 916, 1, 1, '2016-05-30 06:26:44', '2016-05-30 06:26:44', 1, 0, '2000-01-01 10:00:00', 6591, 1, 5197);

INSERT INTO `meeting_programs` (`id`, `event_order`, `category_type_id`, `gender_type_id`, `user_id`, `created_at`, `updated_at`, `is_autofilled`, `is_out_of_race`, `begin_time`, `meeting_event_id`, `pool_type_id`, `time_standard_id`)
  VALUES (73331, 61, 924, 1, 1, '2016-05-30 06:26:44', '2016-05-30 06:26:44', 1, 0, '2000-01-01 10:02:00', 6591, 1, NULL);

INSERT INTO `meeting_events` (`id`, `created_at`, `updated_at`, `event_order`, `begin_time`, `is_out_of_race`, `is_autofilled`, `notes`, `meeting_session_id`, `event_type_id`, `heat_type_id`, `user_id`, `has_separate_gender_start_list`, `has_separate_category_start_list`)
  VALUES (6592, '2016-05-30 06:26:44', '2016-05-30 06:26:44', 6, '2000-01-01 10:04:00', 0, 1, NULL, 1235, 2, 3, 1, 1, 0);

INSERT INTO `meeting_programs` (`id`, `event_order`, `category_type_id`, `gender_type_id`, `user_id`, `created_at`, `updated_at`, `is_autofilled`, `is_out_of_race`, `begin_time`, `meeting_event_id`, `pool_type_id`, `time_standard_id`)
  VALUES (73332, 62, 908, 2, 1, '2016-05-30 06:26:44', '2016-05-30 06:26:44', 1, 0, '2000-01-01 10:04:00', 6592, 1, 4525);

INSERT INTO `meeting_programs` (`id`, `event_order`, `category_type_id`, `gender_type_id`, `user_id`, `created_at`, `updated_at`, `is_autofilled`, `is_out_of_race`, `begin_time`, `meeting_event_id`, `pool_type_id`, `time_standard_id`)
  VALUES (73333, 63, 909, 2, 1, '2016-05-30 06:26:44', '2016-05-30 06:26:44', 1, 0, '2000-01-01 10:06:00', 6592, 1, 4543);

INSERT INTO `meeting_programs` (`id`, `event_order`, `category_type_id`, `gender_type_id`, `user_id`, `created_at`, `updated_at`, `is_autofilled`, `is_out_of_race`, `begin_time`, `meeting_event_id`, `pool_type_id`, `time_standard_id`)
  VALUES (73334, 64, 910, 2, 1, '2016-05-30 06:26:44', '2016-05-30 06:26:44', 1, 0, '2000-01-01 10:08:00', 6592, 1, 4561);

INSERT INTO `meeting_programs` (`id`, `event_order`, `category_type_id`, `gender_type_id`, `user_id`, `created_at`, `updated_at`, `is_autofilled`, `is_out_of_race`, `begin_time`, `meeting_event_id`, `pool_type_id`, `time_standard_id`)
  VALUES (73335, 65, 911, 2, 1, '2016-05-30 06:26:44', '2016-05-30 06:26:44', 1, 0, '2000-01-01 10:10:00', 6592, 1, 4579);

INSERT INTO `meeting_programs` (`id`, `event_order`, `category_type_id`, `gender_type_id`, `user_id`, `created_at`, `updated_at`, `is_autofilled`, `is_out_of_race`, `begin_time`, `meeting_event_id`, `pool_type_id`, `time_standard_id`)
  VALUES (73336, 66, 913, 2, 1, '2016-05-30 06:26:44', '2016-05-30 06:26:44', 1, 0, '2000-01-01 10:12:00', 6592, 1, 4615);

INSERT INTO `meeting_programs` (`id`, `event_order`, `category_type_id`, `gender_type_id`, `user_id`, `created_at`, `updated_at`, `is_autofilled`, `is_out_of_race`, `begin_time`, `meeting_event_id`, `pool_type_id`, `time_standard_id`)
  VALUES (73337, 67, 915, 2, 1, '2016-05-30 06:26:45', '2016-05-30 06:26:45', 1, 0, '2000-01-01 10:14:00', 6592, 1, 4651);

INSERT INTO `meeting_programs` (`id`, `event_order`, `category_type_id`, `gender_type_id`, `user_id`, `created_at`, `updated_at`, `is_autofilled`, `is_out_of_race`, `begin_time`, `meeting_event_id`, `pool_type_id`, `time_standard_id`)
  VALUES (73338, 68, 924, 2, 1, '2016-05-30 06:26:45', '2016-05-30 06:26:45', 1, 0, '2000-01-01 10:16:00', 6592, 1, NULL);

INSERT INTO `meeting_programs` (`id`, `event_order`, `category_type_id`, `gender_type_id`, `user_id`, `created_at`, `updated_at`, `is_autofilled`, `is_out_of_race`, `begin_time`, `meeting_event_id`, `pool_type_id`, `time_standard_id`)
  VALUES (73339, 69, 908, 1, 1, '2016-05-30 06:26:45', '2016-05-30 06:26:45', 1, 0, '2000-01-01 10:18:00', 6592, 1, 5054);

INSERT INTO `meeting_programs` (`id`, `event_order`, `category_type_id`, `gender_type_id`, `user_id`, `created_at`, `updated_at`, `is_autofilled`, `is_out_of_race`, `begin_time`, `meeting_event_id`, `pool_type_id`, `time_standard_id`)
  VALUES (73340, 70, 909, 1, 1, '2016-05-30 06:26:45', '2016-05-30 06:26:45', 1, 0, '2000-01-01 10:20:00', 6592, 1, 5072);

INSERT INTO `meeting_programs` (`id`, `event_order`, `category_type_id`, `gender_type_id`, `user_id`, `created_at`, `updated_at`, `is_autofilled`, `is_out_of_race`, `begin_time`, `meeting_event_id`, `pool_type_id`, `time_standard_id`)
  VALUES (73341, 71, 910, 1, 1, '2016-05-30 06:26:45', '2016-05-30 06:26:45', 1, 0, '2000-01-01 10:22:00', 6592, 1, 5090);

INSERT INTO `meeting_programs` (`id`, `event_order`, `category_type_id`, `gender_type_id`, `user_id`, `created_at`, `updated_at`, `is_autofilled`, `is_out_of_race`, `begin_time`, `meeting_event_id`, `pool_type_id`, `time_standard_id`)
  VALUES (73342, 72, 911, 1, 1, '2016-05-30 06:26:45', '2016-05-30 06:26:45', 1, 0, '2000-01-01 10:24:00', 6592, 1, 5108);

INSERT INTO `meeting_programs` (`id`, `event_order`, `category_type_id`, `gender_type_id`, `user_id`, `created_at`, `updated_at`, `is_autofilled`, `is_out_of_race`, `begin_time`, `meeting_event_id`, `pool_type_id`, `time_standard_id`)
  VALUES (73343, 73, 912, 1, 1, '2016-05-30 06:26:45', '2016-05-30 06:26:45', 1, 0, '2000-01-01 10:26:00', 6592, 1, 5126);

INSERT INTO `meeting_programs` (`id`, `event_order`, `category_type_id`, `gender_type_id`, `user_id`, `created_at`, `updated_at`, `is_autofilled`, `is_out_of_race`, `begin_time`, `meeting_event_id`, `pool_type_id`, `time_standard_id`)
  VALUES (73344, 74, 913, 1, 1, '2016-05-30 06:26:45', '2016-05-30 06:26:45', 1, 0, '2000-01-01 10:28:00', 6592, 1, 5144);

INSERT INTO `meeting_programs` (`id`, `event_order`, `category_type_id`, `gender_type_id`, `user_id`, `created_at`, `updated_at`, `is_autofilled`, `is_out_of_race`, `begin_time`, `meeting_event_id`, `pool_type_id`, `time_standard_id`)
  VALUES (73345, 75, 914, 1, 1, '2016-05-30 06:26:45', '2016-05-30 06:26:45', 1, 0, '2000-01-01 10:30:00', 6592, 1, 5162);

INSERT INTO `meeting_programs` (`id`, `event_order`, `category_type_id`, `gender_type_id`, `user_id`, `created_at`, `updated_at`, `is_autofilled`, `is_out_of_race`, `begin_time`, `meeting_event_id`, `pool_type_id`, `time_standard_id`)
  VALUES (73346, 76, 915, 1, 1, '2016-05-30 06:26:45', '2016-05-30 06:26:45', 1, 0, '2000-01-01 10:32:00', 6592, 1, 5180);

INSERT INTO `meeting_programs` (`id`, `event_order`, `category_type_id`, `gender_type_id`, `user_id`, `created_at`, `updated_at`, `is_autofilled`, `is_out_of_race`, `begin_time`, `meeting_event_id`, `pool_type_id`, `time_standard_id`)
  VALUES (73347, 77, 916, 1, 1, '2016-05-30 06:26:45', '2016-05-30 06:26:45', 1, 0, '2000-01-01 10:34:00', 6592, 1, 5198);

INSERT INTO `meeting_programs` (`id`, `event_order`, `category_type_id`, `gender_type_id`, `user_id`, `created_at`, `updated_at`, `is_autofilled`, `is_out_of_race`, `begin_time`, `meeting_event_id`, `pool_type_id`, `time_standard_id`)
  VALUES (73348, 78, 924, 1, 1, '2016-05-30 06:26:45', '2016-05-30 06:26:45', 1, 0, '2000-01-01 10:36:00', 6592, 1, NULL);

INSERT INTO `teams` (`id`, `name`, `editable_name`, `address`, `zip`, `phone_mobile`, `phone_number`, `fax_number`, `e_mail`, `contact_name`, `notes`, `name_variations`, `city_id`, `user_id`, `created_at`, `updated_at`, `home_page_url`)
  VALUES (969, 'Asd Campania Sport', 'Asd Campania Sport', NULL, NULL, NULL, NULL, NULL, NULL, NULL, NULL, 'Asd Campania Sport', NULL, 1, '2016-05-30 06:26:45', '2016-05-30 06:26:45', NULL);

INSERT INTO `team_affiliations` (`id`, `number`, `name`, `must_calculate_goggle_cup`, `team_id`, `season_id`, `user_id`, `created_at`, `updated_at`, `is_autofilled`)
  VALUES (2409, NULL, 'Asd Campania Sport', 0, 969, 152, 1, '2016-05-30 06:26:45', '2016-05-30 06:26:45', 1);

INSERT INTO `swimmers` (`id`, `last_name`, `first_name`, `year_of_birth`, `phone_mobile`, `phone_number`, `e_mail`, `nickname`, `associated_user_id`, `gender_type_id`, `user_id`, `created_at`, `updated_at`, `complete_name`, `is_year_guessed`)
  VALUES (27294, 'SICOLO', 'SIMONA', 1995, NULL, NULL, NULL, '', NULL, 2, 1, '2016-05-30 06:26:45', '2016-05-30 06:26:45', 'SICOLO SIMONA', 0);

INSERT INTO `badges` (`id`, `number`, `season_id`, `swimmer_id`, `team_id`, `category_type_id`, `user_id`, `created_at`, `updated_at`, `entry_time_type_id`, `team_affiliation_id`, `final_rank`)
  VALUES (55370, '?', 152, 12440, 185, 910, 1, '2016-05-30 06:26:45', '2016-05-30 06:26:45', 5, 1791, NULL);

INSERT INTO `badges` (`id`, `number`, `season_id`, `swimmer_id`, `team_id`, `category_type_id`, `user_id`, `created_at`, `updated_at`, `entry_time_type_id`, `team_affiliation_id`, `final_rank`)
  VALUES (55371, '?', 152, 27294, 724, 924, 1, '2016-05-30 06:26:45', '2016-05-30 06:26:45', 5, 2002, NULL);

INSERT INTO `badges` (`id`, `number`, `season_id`, `swimmer_id`, `team_id`, `category_type_id`, `user_id`, `created_at`, `updated_at`, `entry_time_type_id`, `team_affiliation_id`, `final_rank`)
  VALUES (55372, '?', 152, 18310, 571, 910, 1, '2016-05-30 06:26:45', '2016-05-30 06:26:45', 5, 2339, NULL);

INSERT INTO `badges` (`id`, `number`, `season_id`, `swimmer_id`, `team_id`, `category_type_id`, `user_id`, `created_at`, `updated_at`, `entry_time_type_id`, `team_affiliation_id`, `final_rank`)
  VALUES (55373, '?', 152, 18315, 969, 915, 1, '2016-05-30 06:26:45', '2016-05-30 06:26:45', 5, 2409, NULL);

INSERT INTO `meeting_individual_results` (`id`, `rank`, `is_play_off`, `is_out_of_race`, `is_disqualified`, `standard_points`, `meeting_individual_points`, `minutes`, `seconds`, `hundreds`, `meeting_program_id`, `swimmer_id`, `team_id`, `badge_id`, `user_id`, `created_at`, `updated_at`, `disqualification_code_type_id`, `goggle_cup_points`, `reaction_time`, `team_points`, `team_affiliation_id`, `is_personal_best`, `is_season_type_best`)
  VALUES (433951, 1, 1, 0, 0, 645.96, 645.96, 1, 39, 17, 73271, 12213, 571, 44095, 1, '2016-05-30 06:26:46', '2016-05-30 06:26:46', NULL, 0.0, 0.0, 0.0, 2339, 0, 0);

INSERT INTO `meeting_individual_results` (`id`, `rank`, `is_play_off`, `is_out_of_race`, `is_disqualified`, `standard_points`, `meeting_individual_points`, `minutes`, `seconds`, `hundreds`, `meeting_program_id`, `swimmer_id`, `team_id`, `badge_id`, `user_id`, `created_at`, `updated_at`, `disqualification_code_type_id`, `goggle_cup_points`, `reaction_time`, `team_points`, `team_affiliation_id`, `is_personal_best`, `is_season_type_best`)
  VALUES (433952, 1, 1, 0, 0, 611.13, 611.13, 1, 48, 16, 73272, 11800, 589, 44075, 1, '2016-05-30 06:26:46', '2016-05-30 06:26:46', NULL, 0.0, 0.0, 0.0, 2350, 0, 0);

INSERT INTO `meeting_individual_results` (`id`, `rank`, `is_play_off`, `is_out_of_race`, `is_disqualified`, `standard_points`, `meeting_individual_points`, `minutes`, `seconds`, `hundreds`, `meeting_program_id`, `swimmer_id`, `team_id`, `badge_id`, `user_id`, `created_at`, `updated_at`, `disqualification_code_type_id`, `goggle_cup_points`, `reaction_time`, `team_points`, `team_affiliation_id`, `is_personal_best`, `is_season_type_best`)
  VALUES (433953, 1, 1, 0, 0, 612.91, 612.91, 1, 55, 22, 73273, 13243, 372, 44665, 1, '2016-05-30 06:26:46', '2016-05-30 06:26:46', NULL, 0.0, 0.0, 0.0, 1600, 0, 0);

INSERT INTO `meeting_individual_results` (`id`, `rank`, `is_play_off`, `is_out_of_race`, `is_disqualified`, `standard_points`, `meeting_individual_points`, `minutes`, `seconds`, `hundreds`, `meeting_program_id`, `swimmer_id`, `team_id`, `badge_id`, `user_id`, `created_at`, `updated_at`, `disqualification_code_type_id`, `goggle_cup_points`, `reaction_time`, `team_points`, `team_affiliation_id`, `is_personal_best`, `is_season_type_best`)
  VALUES (433954, 2, 1, 0, 0, 598.12, 598.12, 1, 58, 7, 73273, 12297, 372, 44612, 1, '2016-05-30 06:26:46', '2016-05-30 06:26:46', NULL, 0.0, 0.0, 0.0, 1600, 0, 0);

INSERT INTO `meeting_individual_results` (`id`, `rank`, `is_play_off`, `is_out_of_race`, `is_disqualified`, `standard_points`, `meeting_individual_points`, `minutes`, `seconds`, `hundreds`, `meeting_program_id`, `swimmer_id`, `team_id`, `badge_id`, `user_id`, `created_at`, `updated_at`, `disqualification_code_type_id`, `goggle_cup_points`, `reaction_time`, `team_points`, `team_affiliation_id`, `is_personal_best`, `is_season_type_best`)
  VALUES (433955, 1, 1, 0, 0, 691.53, 691.53, 1, 19, 62, 73274, 12348, 583, 47332, 1, '2016-05-30 06:26:46', '2016-05-30 06:26:46', NULL, 0.0, 0.0, 0.0, 2345, 0, 0);

INSERT INTO `meeting_individual_results` (`id`, `rank`, `is_play_off`, `is_out_of_race`, `is_disqualified`, `standard_points`, `meeting_individual_points`, `minutes`, `seconds`, `hundreds`, `meeting_program_id`, `swimmer_id`, `team_id`, `badge_id`, `user_id`, `created_at`, `updated_at`, `disqualification_code_type_id`, `goggle_cup_points`, `reaction_time`, `team_points`, `team_affiliation_id`, `is_personal_best`, `is_season_type_best`)
  VALUES (433956, 2, 1, 0, 0, 620.11, 620.11, 1, 28, 79, 73274, 12133, 571, 44099, 1, '2016-05-30 06:26:46', '2016-05-30 06:26:46', NULL, 0.0, 0.0, 0.0, 2339, 0, 0);

INSERT INTO `meeting_individual_results` (`id`, `rank`, `is_play_off`, `is_out_of_race`, `is_disqualified`, `standard_points`, `meeting_individual_points`, `minutes`, `seconds`, `hundreds`, `meeting_program_id`, `swimmer_id`, `team_id`, `badge_id`, `user_id`, `created_at`, `updated_at`, `disqualification_code_type_id`, `goggle_cup_points`, `reaction_time`, `team_points`, `team_affiliation_id`, `is_personal_best`, `is_season_type_best`)
  VALUES (433957, 3, 1, 0, 0, 618.86, 618.86, 1, 28, 97, 73274, 24072, 724, 44526, 1, '2016-05-30 06:26:46', '2016-05-30 06:26:46', NULL, 0.0, 0.0, 0.0, 2002, 0, 0);

INSERT INTO `meeting_individual_results` (`id`, `rank`, `is_play_off`, `is_out_of_race`, `is_disqualified`, `standard_points`, `meeting_individual_points`, `minutes`, `seconds`, `hundreds`, `meeting_program_id`, `swimmer_id`, `team_id`, `badge_id`, `user_id`, `created_at`, `updated_at`, `disqualification_code_type_id`, `goggle_cup_points`, `reaction_time`, `team_points`, `team_affiliation_id`, `is_personal_best`, `is_season_type_best`)
  VALUES (433958, 1, 1, 0, 0, 596.38, 596.38, 1, 33, 28, 73275, 13238, 372, 44485, 1, '2016-05-30 06:26:46', '2016-05-30 06:26:46', NULL, 0.0, 0.0, 0.0, 1600, 0, 0);

INSERT INTO `meeting_individual_results` (`id`, `rank`, `is_play_off`, `is_out_of_race`, `is_disqualified`, `standard_points`, `meeting_individual_points`, `minutes`, `seconds`, `hundreds`, `meeting_program_id`, `swimmer_id`, `team_id`, `badge_id`, `user_id`, `created_at`, `updated_at`, `disqualification_code_type_id`, `goggle_cup_points`, `reaction_time`, `team_points`, `team_affiliation_id`, `is_personal_best`, `is_season_type_best`)
  VALUES (433959, 2, 1, 0, 0, 465.64, 465.64, 1, 59, 47, 73275, 13280, 578, 43821, 1, '2016-05-30 06:26:46', '2016-05-30 06:26:46', NULL, 0.0, 0.0, 0.0, 2340, 0, 0);

INSERT INTO `meeting_individual_results` (`id`, `rank`, `is_play_off`, `is_out_of_race`, `is_disqualified`, `standard_points`, `meeting_individual_points`, `minutes`, `seconds`, `hundreds`, `meeting_program_id`, `swimmer_id`, `team_id`, `badge_id`, `user_id`, `created_at`, `updated_at`, `disqualification_code_type_id`, `goggle_cup_points`, `reaction_time`, `team_points`, `team_affiliation_id`, `is_personal_best`, `is_season_type_best`)
  VALUES (433960, 1, 1, 0, 0, 649.86, 649.86, 1, 28, 5, 73276, 11946, 589, 44027, 1, '2016-05-30 06:26:46', '2016-05-30 06:26:46', NULL, 0.0, 0.0, 0.0, 2350, 0, 0);

INSERT INTO `meeting_individual_results` (`id`, `rank`, `is_play_off`, `is_out_of_race`, `is_disqualified`, `standard_points`, `meeting_individual_points`, `minutes`, `seconds`, `hundreds`, `meeting_program_id`, `swimmer_id`, `team_id`, `badge_id`, `user_id`, `created_at`, `updated_at`, `disqualification_code_type_id`, `goggle_cup_points`, `reaction_time`, `team_points`, `team_affiliation_id`, `is_personal_best`, `is_season_type_best`)
  VALUES (433961, 1, 1, 0, 0, 559.85, 559.85, 1, 43, 42, 73277, 20565, 591, 43772, 1, '2016-05-30 06:26:46', '2016-05-30 06:26:46', NULL, 0.0, 0.0, 0.0, 2352, 0, 0);

INSERT INTO `meeting_individual_results` (`id`, `rank`, `is_play_off`, `is_out_of_race`, `is_disqualified`, `standard_points`, `meeting_individual_points`, `minutes`, `seconds`, `hundreds`, `meeting_program_id`, `swimmer_id`, `team_id`, `badge_id`, `user_id`, `created_at`, `updated_at`, `disqualification_code_type_id`, `goggle_cup_points`, `reaction_time`, `team_points`, `team_affiliation_id`, `is_personal_best`, `is_season_type_best`)
  VALUES (433962, 2, 1, 0, 0, 404.05, 404.05, 2, 23, 30, 73277, 12141, 571, 44714, 1, '2016-05-30 06:26:46', '2016-05-30 06:26:46', NULL, 0.0, 0.0, 0.0, 2339, 0, 0);

INSERT INTO `meeting_individual_results` (`id`, `rank`, `is_play_off`, `is_out_of_race`, `is_disqualified`, `standard_points`, `meeting_individual_points`, `minutes`, `seconds`, `hundreds`, `meeting_program_id`, `swimmer_id`, `team_id`, `badge_id`, `user_id`, `created_at`, `updated_at`, `disqualification_code_type_id`, `goggle_cup_points`, `reaction_time`, `team_points`, `team_affiliation_id`, `is_personal_best`, `is_season_type_best`)
  VALUES (433963, 1, 1, 0, 0, 780.68, 780.68, 1, 23, 21, 73278, 23897, 296, 43684, 1, '2016-05-30 06:26:47', '2016-05-30 06:26:47', NULL, 0.0, 0.0, 0.0, 2140, 0, 0);

INSERT INTO `meeting_individual_results` (`id`, `rank`, `is_play_off`, `is_out_of_race`, `is_disqualified`, `standard_points`, `meeting_individual_points`, `minutes`, `seconds`, `hundreds`, `meeting_program_id`, `swimmer_id`, `team_id`, `badge_id`, `user_id`, `created_at`, `updated_at`, `disqualification_code_type_id`, `goggle_cup_points`, `reaction_time`, `team_points`, `team_affiliation_id`, `is_personal_best`, `is_season_type_best`)
  VALUES (433964, 2, 1, 0, 0, 765.23, 765.23, 1, 24, 89, 73278, 12212, 578, 43859, 1, '2016-05-30 06:26:47', '2016-05-30 06:26:47', NULL, 0.0, 0.0, 0.0, 2340, 0, 0);

INSERT INTO `meeting_individual_results` (`id`, `rank`, `is_play_off`, `is_out_of_race`, `is_disqualified`, `standard_points`, `meeting_individual_points`, `minutes`, `seconds`, `hundreds`, `meeting_program_id`, `swimmer_id`, `team_id`, `badge_id`, `user_id`, `created_at`, `updated_at`, `disqualification_code_type_id`, `goggle_cup_points`, `reaction_time`, `team_points`, `team_affiliation_id`, `is_personal_best`, `is_season_type_best`)
  VALUES (433965, 3, 1, 0, 0, 728.66, 728.66, 1, 29, 15, 73278, 11778, 372, 43685, 1, '2016-05-30 06:26:47', '2016-05-30 06:26:47', NULL, 0.0, 0.0, 0.0, 1600, 0, 0);

INSERT INTO `meeting_individual_results` (`id`, `rank`, `is_play_off`, `is_out_of_race`, `is_disqualified`, `standard_points`, `meeting_individual_points`, `minutes`, `seconds`, `hundreds`, `meeting_program_id`, `swimmer_id`, `team_id`, `badge_id`, `user_id`, `created_at`, `updated_at`, `disqualification_code_type_id`, `goggle_cup_points`, `reaction_time`, `team_points`, `team_affiliation_id`, `is_personal_best`, `is_season_type_best`)
  VALUES (433966, 4, 1, 0, 0, 582.39, 582.39, 1, 51, 54, 73278, 12167, 724, 44032, 1, '2016-05-30 06:26:47', '2016-05-30 06:26:47', NULL, 0.0, 0.0, 0.0, 2002, 0, 0);

INSERT INTO `meeting_individual_results` (`id`, `rank`, `is_play_off`, `is_out_of_race`, `is_disqualified`, `standard_points`, `meeting_individual_points`, `minutes`, `seconds`, `hundreds`, `meeting_program_id`, `swimmer_id`, `team_id`, `badge_id`, `user_id`, `created_at`, `updated_at`, `disqualification_code_type_id`, `goggle_cup_points`, `reaction_time`, `team_points`, `team_affiliation_id`, `is_personal_best`, `is_season_type_best`)
  VALUES (433967, 1, 1, 0, 0, 0.0, 0.0, 1, 35, 61, 73279, 23934, 571, 44093, 1, '2016-05-30 06:26:47', '2016-05-30 06:26:47', NULL, 0.0, 0.0, 0.0, 2339, 0, 0);

INSERT INTO `meeting_individual_results` (`id`, `rank`, `is_play_off`, `is_out_of_race`, `is_disqualified`, `standard_points`, `meeting_individual_points`, `minutes`, `seconds`, `hundreds`, `meeting_program_id`, `swimmer_id`, `team_id`, `badge_id`, `user_id`, `created_at`, `updated_at`, `disqualification_code_type_id`, `goggle_cup_points`, `reaction_time`, `team_points`, `team_affiliation_id`, `is_personal_best`, `is_season_type_best`)
  VALUES (433968, 1, 1, 0, 0, 746.3, 746.3, 1, 28, 53, 73280, 12440, 185, 55370, 1, '2016-05-30 06:26:47', '2016-05-30 06:26:47', NULL, 0.0, 0.0, 0.0, 1791, 0, 0);

INSERT INTO `meeting_individual_results` (`id`, `rank`, `is_play_off`, `is_out_of_race`, `is_disqualified`, `standard_points`, `meeting_individual_points`, `minutes`, `seconds`, `hundreds`, `meeting_program_id`, `swimmer_id`, `team_id`, `badge_id`, `user_id`, `created_at`, `updated_at`, `disqualification_code_type_id`, `goggle_cup_points`, `reaction_time`, `team_points`, `team_affiliation_id`, `is_personal_best`, `is_season_type_best`)
  VALUES (433969, 2, 1, 0, 0, 609.22, 609.22, 1, 48, 45, 73280, 11619, 296, 44096, 1, '2016-05-30 06:26:47', '2016-05-30 06:26:47', NULL, 0.0, 0.0, 0.0, 2140, 0, 0);

INSERT INTO `meeting_individual_results` (`id`, `rank`, `is_play_off`, `is_out_of_race`, `is_disqualified`, `standard_points`, `meeting_individual_points`, `minutes`, `seconds`, `hundreds`, `meeting_program_id`, `swimmer_id`, `team_id`, `badge_id`, `user_id`, `created_at`, `updated_at`, `disqualification_code_type_id`, `goggle_cup_points`, `reaction_time`, `team_points`, `team_affiliation_id`, `is_personal_best`, `is_season_type_best`)
  VALUES (433970, 1, 1, 0, 0, 774.86, 774.86, 1, 26, 30, 73281, 12065, 372, 36034, 1, '2016-05-30 06:26:47', '2016-05-30 06:26:47', NULL, 0.0, 0.0, 0.0, 1600, 0, 0);

INSERT INTO `meeting_individual_results` (`id`, `rank`, `is_play_off`, `is_out_of_race`, `is_disqualified`, `standard_points`, `meeting_individual_points`, `minutes`, `seconds`, `hundreds`, `meeting_program_id`, `swimmer_id`, `team_id`, `badge_id`, `user_id`, `created_at`, `updated_at`, `disqualification_code_type_id`, `goggle_cup_points`, `reaction_time`, `team_points`, `team_affiliation_id`, `is_personal_best`, `is_season_type_best`)
  VALUES (433971, 1, 1, 0, 0, 601.67, 601.67, 1, 53, 70, 73282, 20246, 591, 43716, 1, '2016-05-30 06:26:47', '2016-05-30 06:26:47', NULL, 0.0, 0.0, 0.0, 2352, 0, 0);

INSERT INTO `meeting_individual_results` (`id`, `rank`, `is_play_off`, `is_out_of_race`, `is_disqualified`, `standard_points`, `meeting_individual_points`, `minutes`, `seconds`, `hundreds`, `meeting_program_id`, `swimmer_id`, `team_id`, `badge_id`, `user_id`, `created_at`, `updated_at`, `disqualification_code_type_id`, `goggle_cup_points`, `reaction_time`, `team_points`, `team_affiliation_id`, `is_personal_best`, `is_season_type_best`)
  VALUES (433972, 1, 1, 0, 0, 0.0, 0.0, 1, 30, 99, 73283, 27294, 724, 55371, 1, '2016-05-30 06:26:47', '2016-05-30 06:26:47', NULL, 0.0, 0.0, 0.0, 2002, 0, 0);

INSERT INTO `meeting_individual_results` (`id`, `rank`, `is_play_off`, `is_out_of_race`, `is_disqualified`, `standard_points`, `meeting_individual_points`, `minutes`, `seconds`, `hundreds`, `meeting_program_id`, `swimmer_id`, `team_id`, `badge_id`, `user_id`, `created_at`, `updated_at`, `disqualification_code_type_id`, `goggle_cup_points`, `reaction_time`, `team_points`, `team_affiliation_id`, `is_personal_best`, `is_season_type_best`)
  VALUES (433973, 2, 1, 0, 0, 0.0, 0.0, 1, 47, 48, 73283, 12278, 571, 44516, 1, '2016-05-30 06:26:47', '2016-05-30 06:26:47', NULL, 0.0, 0.0, 0.0, 2339, 0, 0);

INSERT INTO `meeting_individual_results` (`id`, `rank`, `is_play_off`, `is_out_of_race`, `is_disqualified`, `standard_points`, `meeting_individual_points`, `minutes`, `seconds`, `hundreds`, `meeting_program_id`, `swimmer_id`, `team_id`, `badge_id`, `user_id`, `created_at`, `updated_at`, `disqualification_code_type_id`, `goggle_cup_points`, `reaction_time`, `team_points`, `team_affiliation_id`, `is_personal_best`, `is_season_type_best`)
  VALUES (433974, 1, 1, 0, 0, 832.36, 832.36, 1, 6, 87, 73284, 12073, 372, 43758, 1, '2016-05-30 06:26:47', '2016-05-30 06:26:47', NULL, 0.0, 0.0, 0.0, 1600, 0, 0);

INSERT INTO `meeting_individual_results` (`id`, `rank`, `is_play_off`, `is_out_of_race`, `is_disqualified`, `standard_points`, `meeting_individual_points`, `minutes`, `seconds`, `hundreds`, `meeting_program_id`, `swimmer_id`, `team_id`, `badge_id`, `user_id`, `created_at`, `updated_at`, `disqualification_code_type_id`, `goggle_cup_points`, `reaction_time`, `team_points`, `team_affiliation_id`, `is_personal_best`, `is_season_type_best`)
  VALUES (433975, 2, 1, 0, 0, 775.32, 775.32, 1, 11, 79, 73284, 12363, 583, 44076, 1, '2016-05-30 06:26:48', '2016-05-30 06:26:48', NULL, 0.0, 0.0, 0.0, 2345, 0, 0);

INSERT INTO `meeting_individual_results` (`id`, `rank`, `is_play_off`, `is_out_of_race`, `is_disqualified`, `standard_points`, `meeting_individual_points`, `minutes`, `seconds`, `hundreds`, `meeting_program_id`, `swimmer_id`, `team_id`, `badge_id`, `user_id`, `created_at`, `updated_at`, `disqualification_code_type_id`, `goggle_cup_points`, `reaction_time`, `team_points`, `team_affiliation_id`, `is_personal_best`, `is_season_type_best`)
  VALUES (433976, 1, 1, 0, 0, 821.11, 821.11, 1, 8, 20, 73285, 3187, 177, 44140, 1, '2016-05-30 06:26:48', '2016-05-30 06:26:48', NULL, 0.0, 0.0, 0.0, 2225, 0, 0);

INSERT INTO `meeting_individual_results` (`id`, `rank`, `is_play_off`, `is_out_of_race`, `is_disqualified`, `standard_points`, `meeting_individual_points`, `minutes`, `seconds`, `hundreds`, `meeting_program_id`, `swimmer_id`, `team_id`, `badge_id`, `user_id`, `created_at`, `updated_at`, `disqualification_code_type_id`, `goggle_cup_points`, `reaction_time`, `team_points`, `team_affiliation_id`, `is_personal_best`, `is_season_type_best`)
  VALUES (433977, 2, 1, 0, 0, 767.65, 767.65, 1, 12, 95, 73285, 13283, 589, 44111, 1, '2016-05-30 06:26:48', '2016-05-30 06:26:48', NULL, 0.0, 0.0, 0.0, 2350, 0, 0);

INSERT INTO `meeting_individual_results` (`id`, `rank`, `is_play_off`, `is_out_of_race`, `is_disqualified`, `standard_points`, `meeting_individual_points`, `minutes`, `seconds`, `hundreds`, `meeting_program_id`, `swimmer_id`, `team_id`, `badge_id`, `user_id`, `created_at`, `updated_at`, `disqualification_code_type_id`, `goggle_cup_points`, `reaction_time`, `team_points`, `team_affiliation_id`, `is_personal_best`, `is_season_type_best`)
  VALUES (433978, 3, 1, 0, 0, 518.13, 518.13, 1, 48, 8, 73285, 13280, 578, 43821, 1, '2016-05-30 06:26:48', '2016-05-30 06:26:48', NULL, 0.0, 0.0, 0.0, 2340, 0, 0);

INSERT INTO `meeting_individual_results` (`id`, `rank`, `is_play_off`, `is_out_of_race`, `is_disqualified`, `standard_points`, `meeting_individual_points`, `minutes`, `seconds`, `hundreds`, `meeting_program_id`, `swimmer_id`, `team_id`, `badge_id`, `user_id`, `created_at`, `updated_at`, `disqualification_code_type_id`, `goggle_cup_points`, `reaction_time`, `team_points`, `team_affiliation_id`, `is_personal_best`, `is_season_type_best`)
  VALUES (433979, 1, 1, 0, 0, 749.93, 749.93, 1, 16, 46, 73286, 3308, 185, 35355, 1, '2016-05-30 06:26:48', '2016-05-30 06:26:48', NULL, 0.0, 0.0, 0.0, 1791, 0, 0);

INSERT INTO `meeting_individual_results` (`id`, `rank`, `is_play_off`, `is_out_of_race`, `is_disqualified`, `standard_points`, `meeting_individual_points`, `minutes`, `seconds`, `hundreds`, `meeting_program_id`, `swimmer_id`, `team_id`, `badge_id`, `user_id`, `created_at`, `updated_at`, `disqualification_code_type_id`, `goggle_cup_points`, `reaction_time`, `team_points`, `team_affiliation_id`, `is_personal_best`, `is_season_type_best`)
  VALUES (433980, 2, 1, 0, 0, 679.71, 679.71, 1, 24, 36, 73286, 12379, 589, 44113, 1, '2016-05-30 06:26:48', '2016-05-30 06:26:48', NULL, 0.0, 0.0, 0.0, 2350, 0, 0);

INSERT INTO `meeting_individual_results` (`id`, `rank`, `is_play_off`, `is_out_of_race`, `is_disqualified`, `standard_points`, `meeting_individual_points`, `minutes`, `seconds`, `hundreds`, `meeting_program_id`, `swimmer_id`, `team_id`, `badge_id`, `user_id`, `created_at`, `updated_at`, `disqualification_code_type_id`, `goggle_cup_points`, `reaction_time`, `team_points`, `team_affiliation_id`, `is_personal_best`, `is_season_type_best`)
  VALUES (433981, 3, 1, 0, 0, 589.68, 589.68, 1, 37, 24, 73286, 15581, 208, 43876, 1, '2016-05-30 06:26:48', '2016-05-30 06:26:48', NULL, 0.0, 0.0, 0.0, 2349, 0, 0);

INSERT INTO `meeting_individual_results` (`id`, `rank`, `is_play_off`, `is_out_of_race`, `is_disqualified`, `standard_points`, `meeting_individual_points`, `minutes`, `seconds`, `hundreds`, `meeting_program_id`, `swimmer_id`, `team_id`, `badge_id`, `user_id`, `created_at`, `updated_at`, `disqualification_code_type_id`, `goggle_cup_points`, `reaction_time`, `team_points`, `team_affiliation_id`, `is_personal_best`, `is_season_type_best`)
  VALUES (433982, 1, 1, 0, 0, 713.3, 713.3, 1, 22, 28, 73287, 11950, 372, 43839, 1, '2016-05-30 06:26:48', '2016-05-30 06:26:48', NULL, 0.0, 0.0, 0.0, 1600, 0, 0);

INSERT INTO `meeting_individual_results` (`id`, `rank`, `is_play_off`, `is_out_of_race`, `is_disqualified`, `standard_points`, `meeting_individual_points`, `minutes`, `seconds`, `hundreds`, `meeting_program_id`, `swimmer_id`, `team_id`, `badge_id`, `user_id`, `created_at`, `updated_at`, `disqualification_code_type_id`, `goggle_cup_points`, `reaction_time`, `team_points`, `team_affiliation_id`, `is_personal_best`, `is_season_type_best`)
  VALUES (433983, 2, 1, 0, 0, 672.9, 672.9, 1, 27, 22, 73287, 12090, 573, 44107, 1, '2016-05-30 06:26:48', '2016-05-30 06:26:48', NULL, 0.0, 0.0, 0.0, 2407, 0, 0);

INSERT INTO `meeting_individual_results` (`id`, `rank`, `is_play_off`, `is_out_of_race`, `is_disqualified`, `standard_points`, `meeting_individual_points`, `minutes`, `seconds`, `hundreds`, `meeting_program_id`, `swimmer_id`, `team_id`, `badge_id`, `user_id`, `created_at`, `updated_at`, `disqualification_code_type_id`, `goggle_cup_points`, `reaction_time`, `team_points`, `team_affiliation_id`, `is_personal_best`, `is_season_type_best`)
  VALUES (433984, 3, 1, 0, 0, 661.97, 661.97, 1, 28, 66, 73287, 12386, 724, 44029, 1, '2016-05-30 06:26:48', '2016-05-30 06:26:48', NULL, 0.0, 0.0, 0.0, 2002, 0, 0);

INSERT INTO `meeting_individual_results` (`id`, `rank`, `is_play_off`, `is_out_of_race`, `is_disqualified`, `standard_points`, `meeting_individual_points`, `minutes`, `seconds`, `hundreds`, `meeting_program_id`, `swimmer_id`, `team_id`, `badge_id`, `user_id`, `created_at`, `updated_at`, `disqualification_code_type_id`, `goggle_cup_points`, `reaction_time`, `team_points`, `team_affiliation_id`, `is_personal_best`, `is_season_type_best`)
  VALUES (433985, 4, 1, 0, 0, 570.53, 570.53, 1, 42, 87, 73287, 20597, 577, 43769, 1, '2016-05-30 06:26:48', '2016-05-30 06:26:48', NULL, 0.0, 0.0, 0.0, 2144, 0, 0);

INSERT INTO `meeting_individual_results` (`id`, `rank`, `is_play_off`, `is_out_of_race`, `is_disqualified`, `standard_points`, `meeting_individual_points`, `minutes`, `seconds`, `hundreds`, `meeting_program_id`, `swimmer_id`, `team_id`, `badge_id`, `user_id`, `created_at`, `updated_at`, `disqualification_code_type_id`, `goggle_cup_points`, `reaction_time`, `team_points`, `team_affiliation_id`, `is_personal_best`, `is_season_type_best`)
  VALUES (433986, 1, 1, 0, 0, 708.94, 708.94, 1, 25, 0, 73288, 11820, 724, 44108, 1, '2016-05-30 06:26:48', '2016-05-30 06:26:48', NULL, 0.0, 0.0, 0.0, 2002, 0, 0);

INSERT INTO `meeting_individual_results` (`id`, `rank`, `is_play_off`, `is_out_of_race`, `is_disqualified`, `standard_points`, `meeting_individual_points`, `minutes`, `seconds`, `hundreds`, `meeting_program_id`, `swimmer_id`, `team_id`, `badge_id`, `user_id`, `created_at`, `updated_at`, `disqualification_code_type_id`, `goggle_cup_points`, `reaction_time`, `team_points`, `team_affiliation_id`, `is_personal_best`, `is_season_type_best`)
  VALUES (433987, 2, 1, 0, 0, 651.25, 651.25, 1, 32, 53, 73288, 19796, 564, 43921, 1, '2016-05-30 06:26:48', '2016-05-30 06:26:48', NULL, 0.0, 0.0, 0.0, 2143, 0, 0);

INSERT INTO `meeting_individual_results` (`id`, `rank`, `is_play_off`, `is_out_of_race`, `is_disqualified`, `standard_points`, `meeting_individual_points`, `minutes`, `seconds`, `hundreds`, `meeting_program_id`, `swimmer_id`, `team_id`, `badge_id`, `user_id`, `created_at`, `updated_at`, `disqualification_code_type_id`, `goggle_cup_points`, `reaction_time`, `team_points`, `team_affiliation_id`, `is_personal_best`, `is_season_type_best`)
  VALUES (433988, 3, 1, 0, 0, 565.08, 565.08, 1, 46, 64, 73288, 23939, 589, 44058, 1, '2016-05-30 06:26:49', '2016-05-30 06:26:49', NULL, 0.0, 0.0, 0.0, 2350, 0, 0);

INSERT INTO `meeting_individual_results` (`id`, `rank`, `is_play_off`, `is_out_of_race`, `is_disqualified`, `standard_points`, `meeting_individual_points`, `minutes`, `seconds`, `hundreds`, `meeting_program_id`, `swimmer_id`, `team_id`, `badge_id`, `user_id`, `created_at`, `updated_at`, `disqualification_code_type_id`, `goggle_cup_points`, `reaction_time`, `team_points`, `team_affiliation_id`, `is_personal_best`, `is_season_type_best`)
  VALUES (433989, 4, 1, 0, 0, 544.11, 544.11, 1, 50, 75, 73288, 3324, 190, 34007, 1, '2016-05-30 06:26:49', '2016-05-30 06:26:49', NULL, 0.0, 0.0, 0.0, 1685, 0, 0);

INSERT INTO `meeting_individual_results` (`id`, `rank`, `is_play_off`, `is_out_of_race`, `is_disqualified`, `standard_points`, `meeting_individual_points`, `minutes`, `seconds`, `hundreds`, `meeting_program_id`, `swimmer_id`, `team_id`, `badge_id`, `user_id`, `created_at`, `updated_at`, `disqualification_code_type_id`, `goggle_cup_points`, `reaction_time`, `team_points`, `team_affiliation_id`, `is_personal_best`, `is_season_type_best`)
  VALUES (433990, 1, 1, 0, 0, 772.7, 772.7, 1, 20, 16, 73289, 23860, 577, 44006, 1, '2016-05-30 06:26:49', '2016-05-30 06:26:49', NULL, 0.0, 0.0, 0.0, 2144, 0, 0);

INSERT INTO `meeting_individual_results` (`id`, `rank`, `is_play_off`, `is_out_of_race`, `is_disqualified`, `standard_points`, `meeting_individual_points`, `minutes`, `seconds`, `hundreds`, `meeting_program_id`, `swimmer_id`, `team_id`, `badge_id`, `user_id`, `created_at`, `updated_at`, `disqualification_code_type_id`, `goggle_cup_points`, `reaction_time`, `team_points`, `team_affiliation_id`, `is_personal_best`, `is_season_type_best`)
  VALUES (433991, 1, 1, 0, 0, 745.66, 745.66, 1, 27, 5, 73290, 11965, 577, 43860, 1, '2016-05-30 06:26:49', '2016-05-30 06:26:49', NULL, 0.0, 0.0, 0.0, 2144, 0, 0);

INSERT INTO `meeting_individual_results` (`id`, `rank`, `is_play_off`, `is_out_of_race`, `is_disqualified`, `standard_points`, `meeting_individual_points`, `minutes`, `seconds`, `hundreds`, `meeting_program_id`, `swimmer_id`, `team_id`, `badge_id`, `user_id`, `created_at`, `updated_at`, `disqualification_code_type_id`, `goggle_cup_points`, `reaction_time`, `team_points`, `team_affiliation_id`, `is_personal_best`, `is_season_type_best`)
  VALUES (433992, 2, 1, 0, 0, 606.13, 606.13, 1, 47, 9, 73290, 12167, 724, 44032, 1, '2016-05-30 06:26:49', '2016-05-30 06:26:49', NULL, 0.0, 0.0, 0.0, 2002, 0, 0);

INSERT INTO `meeting_individual_results` (`id`, `rank`, `is_play_off`, `is_out_of_race`, `is_disqualified`, `standard_points`, `meeting_individual_points`, `minutes`, `seconds`, `hundreds`, `meeting_program_id`, `swimmer_id`, `team_id`, `badge_id`, `user_id`, `created_at`, `updated_at`, `disqualification_code_type_id`, `goggle_cup_points`, `reaction_time`, `team_points`, `team_affiliation_id`, `is_personal_best`, `is_season_type_best`)
  VALUES (433993, 1, 1, 0, 0, 799.17, 799.17, 1, 24, 25, 73291, 12111, 582, 45601, 1, '2016-05-30 06:26:49', '2016-05-30 06:26:49', NULL, 0.0, 0.0, 0.0, 2170, 0, 0);

INSERT INTO `meeting_individual_results` (`id`, `rank`, `is_play_off`, `is_out_of_race`, `is_disqualified`, `standard_points`, `meeting_individual_points`, `minutes`, `seconds`, `hundreds`, `meeting_program_id`, `swimmer_id`, `team_id`, `badge_id`, `user_id`, `created_at`, `updated_at`, `disqualification_code_type_id`, `goggle_cup_points`, `reaction_time`, `team_points`, `team_affiliation_id`, `is_personal_best`, `is_season_type_best`)
  VALUES (433994, 1, 1, 0, 0, 0.0, 0.0, 1, 9, 55, 73292, 20317, 564, 43927, 1, '2016-05-30 06:26:49', '2016-05-30 06:26:49', NULL, 0.0, 0.0, 0.0, 2143, 0, 0);

INSERT INTO `meeting_individual_results` (`id`, `rank`, `is_play_off`, `is_out_of_race`, `is_disqualified`, `standard_points`, `meeting_individual_points`, `minutes`, `seconds`, `hundreds`, `meeting_program_id`, `swimmer_id`, `team_id`, `badge_id`, `user_id`, `created_at`, `updated_at`, `disqualification_code_type_id`, `goggle_cup_points`, `reaction_time`, `team_points`, `team_affiliation_id`, `is_personal_best`, `is_season_type_best`)
  VALUES (433995, 2, 1, 0, 0, 0.0, 0.0, 1, 13, 22, 73292, 12314, 724, 44117, 1, '2016-05-30 06:26:49', '2016-05-30 06:26:49', NULL, 0.0, 0.0, 0.0, 2002, 0, 0);

INSERT INTO `meeting_individual_results` (`id`, `rank`, `is_play_off`, `is_out_of_race`, `is_disqualified`, `standard_points`, `meeting_individual_points`, `minutes`, `seconds`, `hundreds`, `meeting_program_id`, `swimmer_id`, `team_id`, `badge_id`, `user_id`, `created_at`, `updated_at`, `disqualification_code_type_id`, `goggle_cup_points`, `reaction_time`, `team_points`, `team_affiliation_id`, `is_personal_best`, `is_season_type_best`)
  VALUES (433996, 3, 1, 0, 0, 0.0, 0.0, 1, 18, 76, 73292, 13246, 589, 44070, 1, '2016-05-30 06:26:49', '2016-05-30 06:26:49', NULL, 0.0, 0.0, 0.0, 2350, 0, 0);

INSERT INTO `meeting_individual_results` (`id`, `rank`, `is_play_off`, `is_out_of_race`, `is_disqualified`, `standard_points`, `meeting_individual_points`, `minutes`, `seconds`, `hundreds`, `meeting_program_id`, `swimmer_id`, `team_id`, `badge_id`, `user_id`, `created_at`, `updated_at`, `disqualification_code_type_id`, `goggle_cup_points`, `reaction_time`, `team_points`, `team_affiliation_id`, `is_personal_best`, `is_season_type_best`)
  VALUES (433997, 1, 1, 0, 0, 746.88, 746.88, 5, 52, 64, 73293, 9280, 185, 35525, 1, '2016-05-30 06:26:49', '2016-05-30 06:26:49', NULL, 0.0, 0.0, 0.0, 1791, 0, 0);

INSERT INTO `meeting_individual_results` (`id`, `rank`, `is_play_off`, `is_out_of_race`, `is_disqualified`, `standard_points`, `meeting_individual_points`, `minutes`, `seconds`, `hundreds`, `meeting_program_id`, `swimmer_id`, `team_id`, `badge_id`, `user_id`, `created_at`, `updated_at`, `disqualification_code_type_id`, `goggle_cup_points`, `reaction_time`, `team_points`, `team_affiliation_id`, `is_personal_best`, `is_season_type_best`)
  VALUES (433998, 2, 1, 0, 0, 698.27, 698.27, 6, 17, 19, 73293, 15584, 922, 43788, 1, '2016-05-30 06:26:49', '2016-05-30 06:26:49', NULL, 0.0, 0.0, 0.0, 2147, 0, 0);

INSERT INTO `meeting_individual_results` (`id`, `rank`, `is_play_off`, `is_out_of_race`, `is_disqualified`, `standard_points`, `meeting_individual_points`, `minutes`, `seconds`, `hundreds`, `meeting_program_id`, `swimmer_id`, `team_id`, `badge_id`, `user_id`, `created_at`, `updated_at`, `disqualification_code_type_id`, `goggle_cup_points`, `reaction_time`, `team_points`, `team_affiliation_id`, `is_personal_best`, `is_season_type_best`)
  VALUES (433999, 1, 1, 0, 0, 689.73, 689.73, 6, 21, 48, 73294, 13271, 724, 43878, 1, '2016-05-30 06:26:49', '2016-05-30 06:26:49', NULL, 0.0, 0.0, 0.0, 2002, 0, 0);

INSERT INTO `meeting_individual_results` (`id`, `rank`, `is_play_off`, `is_out_of_race`, `is_disqualified`, `standard_points`, `meeting_individual_points`, `minutes`, `seconds`, `hundreds`, `meeting_program_id`, `swimmer_id`, `team_id`, `badge_id`, `user_id`, `created_at`, `updated_at`, `disqualification_code_type_id`, `goggle_cup_points`, `reaction_time`, `team_points`, `team_affiliation_id`, `is_personal_best`, `is_season_type_best`)
  VALUES (434000, 1, 1, 0, 0, 662.61, 662.61, 6, 43, 54, 73295, 12213, 571, 44095, 1, '2016-05-30 06:26:49', '2016-05-30 06:26:49', NULL, 0.0, 0.0, 0.0, 2339, 0, 0);

INSERT INTO `meeting_individual_results` (`id`, `rank`, `is_play_off`, `is_out_of_race`, `is_disqualified`, `standard_points`, `meeting_individual_points`, `minutes`, `seconds`, `hundreds`, `meeting_program_id`, `swimmer_id`, `team_id`, `badge_id`, `user_id`, `created_at`, `updated_at`, `disqualification_code_type_id`, `goggle_cup_points`, `reaction_time`, `team_points`, `team_affiliation_id`, `is_personal_best`, `is_season_type_best`)
  VALUES (434001, 1, 1, 0, 0, 531.88, 531.88, 8, 28, 69, 73296, 20657, 571, 44044, 1, '2016-05-30 06:26:50', '2016-05-30 06:26:50', NULL, 0.0, 0.0, 0.0, 2339, 0, 0);

INSERT INTO `meeting_individual_results` (`id`, `rank`, `is_play_off`, `is_out_of_race`, `is_disqualified`, `standard_points`, `meeting_individual_points`, `minutes`, `seconds`, `hundreds`, `meeting_program_id`, `swimmer_id`, `team_id`, `badge_id`, `user_id`, `created_at`, `updated_at`, `disqualification_code_type_id`, `goggle_cup_points`, `reaction_time`, `team_points`, `team_affiliation_id`, `is_personal_best`, `is_season_type_best`)
  VALUES (434002, 1, 1, 0, 0, 597.24, 597.24, 7, 48, 20, 73297, 20246, 591, 43716, 1, '2016-05-30 06:26:50', '2016-05-30 06:26:50', NULL, 0.0, 0.0, 0.0, 2352, 0, 0);

INSERT INTO `meeting_individual_results` (`id`, `rank`, `is_play_off`, `is_out_of_race`, `is_disqualified`, `standard_points`, `meeting_individual_points`, `minutes`, `seconds`, `hundreds`, `meeting_program_id`, `swimmer_id`, `team_id`, `badge_id`, `user_id`, `created_at`, `updated_at`, `disqualification_code_type_id`, `goggle_cup_points`, `reaction_time`, `team_points`, `team_affiliation_id`, `is_personal_best`, `is_season_type_best`)
  VALUES (434003, 1, 1, 0, 0, 899.33, 899.33, 4, 24, 22, 73298, 12042, 724, 43666, 1, '2016-05-30 06:26:50', '2016-05-30 06:26:50', NULL, 0.0, 0.0, 0.0, 2002, 0, 0);

INSERT INTO `meeting_individual_results` (`id`, `rank`, `is_play_off`, `is_out_of_race`, `is_disqualified`, `standard_points`, `meeting_individual_points`, `minutes`, `seconds`, `hundreds`, `meeting_program_id`, `swimmer_id`, `team_id`, `badge_id`, `user_id`, `created_at`, `updated_at`, `disqualification_code_type_id`, `goggle_cup_points`, `reaction_time`, `team_points`, `team_affiliation_id`, `is_personal_best`, `is_season_type_best`)
  VALUES (434004, 2, 1, 0, 0, 847.83, 847.83, 4, 40, 27, 73298, 12136, 724, 43695, 1, '2016-05-30 06:26:50', '2016-05-30 06:26:50', NULL, 0.0, 0.0, 0.0, 2002, 0, 0);

INSERT INTO `meeting_individual_results` (`id`, `rank`, `is_play_off`, `is_out_of_race`, `is_disqualified`, `standard_points`, `meeting_individual_points`, `minutes`, `seconds`, `hundreds`, `meeting_program_id`, `swimmer_id`, `team_id`, `badge_id`, `user_id`, `created_at`, `updated_at`, `disqualification_code_type_id`, `goggle_cup_points`, `reaction_time`, `team_points`, `team_affiliation_id`, `is_personal_best`, `is_season_type_best`)
  VALUES (434005, 3, 1, 0, 0, 755.09, 755.09, 5, 14, 69, 73298, 12348, 583, 47332, 1, '2016-05-30 06:26:50', '2016-05-30 06:26:50', NULL, 0.0, 0.0, 0.0, 2345, 0, 0);

INSERT INTO `meeting_individual_results` (`id`, `rank`, `is_play_off`, `is_out_of_race`, `is_disqualified`, `standard_points`, `meeting_individual_points`, `minutes`, `seconds`, `hundreds`, `meeting_program_id`, `swimmer_id`, `team_id`, `badge_id`, `user_id`, `created_at`, `updated_at`, `disqualification_code_type_id`, `goggle_cup_points`, `reaction_time`, `team_points`, `team_affiliation_id`, `is_personal_best`, `is_season_type_best`)
  VALUES (434006, 1, 1, 0, 0, 751.69, 751.69, 5, 20, 13, 73299, 12152, 372, 36058, 1, '2016-05-30 06:26:50', '2016-05-30 06:26:50', NULL, 0.0, 0.0, 0.0, 1600, 0, 0);

INSERT INTO `meeting_individual_results` (`id`, `rank`, `is_play_off`, `is_out_of_race`, `is_disqualified`, `standard_points`, `meeting_individual_points`, `minutes`, `seconds`, `hundreds`, `meeting_program_id`, `swimmer_id`, `team_id`, `badge_id`, `user_id`, `created_at`, `updated_at`, `disqualification_code_type_id`, `goggle_cup_points`, `reaction_time`, `team_points`, `team_affiliation_id`, `is_personal_best`, `is_season_type_best`)
  VALUES (434007, 1, 1, 0, 0, 797.88, 797.88, 5, 4, 27, 73300, 11893, 577, 43823, 1, '2016-05-30 06:26:50', '2016-05-30 06:26:50', NULL, 0.0, 0.0, 0.0, 2144, 0, 0);

INSERT INTO `meeting_individual_results` (`id`, `rank`, `is_play_off`, `is_out_of_race`, `is_disqualified`, `standard_points`, `meeting_individual_points`, `minutes`, `seconds`, `hundreds`, `meeting_program_id`, `swimmer_id`, `team_id`, `badge_id`, `user_id`, `created_at`, `updated_at`, `disqualification_code_type_id`, `goggle_cup_points`, `reaction_time`, `team_points`, `team_affiliation_id`, `is_personal_best`, `is_season_type_best`)
  VALUES (434008, 2, 1, 0, 0, 782.85, 782.85, 5, 10, 11, 73300, 11574, 564, 44539, 1, '2016-05-30 06:26:50', '2016-05-30 06:26:50', NULL, 0.0, 0.0, 0.0, 2143, 0, 0);

INSERT INTO `meeting_individual_results` (`id`, `rank`, `is_play_off`, `is_out_of_race`, `is_disqualified`, `standard_points`, `meeting_individual_points`, `minutes`, `seconds`, `hundreds`, `meeting_program_id`, `swimmer_id`, `team_id`, `badge_id`, `user_id`, `created_at`, `updated_at`, `disqualification_code_type_id`, `goggle_cup_points`, `reaction_time`, `team_points`, `team_affiliation_id`, `is_personal_best`, `is_season_type_best`)
  VALUES (434009, 3, 1, 0, 0, 637.06, 637.06, 6, 21, 8, 73300, 24081, 571, 44549, 1, '2016-05-30 06:26:50', '2016-05-30 06:26:50', NULL, 0.0, 0.0, 0.0, 2339, 0, 0);

INSERT INTO `meeting_individual_results` (`id`, `rank`, `is_play_off`, `is_out_of_race`, `is_disqualified`, `standard_points`, `meeting_individual_points`, `minutes`, `seconds`, `hundreds`, `meeting_program_id`, `swimmer_id`, `team_id`, `badge_id`, `user_id`, `created_at`, `updated_at`, `disqualification_code_type_id`, `goggle_cup_points`, `reaction_time`, `team_points`, `team_affiliation_id`, `is_personal_best`, `is_season_type_best`)
  VALUES (434010, 1, 1, 0, 0, 758.77, 758.77, 5, 22, 51, 73301, 12472, 185, 37949, 1, '2016-05-30 06:26:50', '2016-05-30 06:26:50', NULL, 0.0, 0.0, 0.0, 1791, 0, 0);

INSERT INTO `meeting_individual_results` (`id`, `rank`, `is_play_off`, `is_out_of_race`, `is_disqualified`, `standard_points`, `meeting_individual_points`, `minutes`, `seconds`, `hundreds`, `meeting_program_id`, `swimmer_id`, `team_id`, `badge_id`, `user_id`, `created_at`, `updated_at`, `disqualification_code_type_id`, `goggle_cup_points`, `reaction_time`, `team_points`, `team_affiliation_id`, `is_personal_best`, `is_season_type_best`)
  VALUES (434011, 2, 1, 0, 0, 682.44, 682.44, 5, 58, 58, 73301, 12029, 563, 43838, 1, '2016-05-30 06:26:50', '2016-05-30 06:26:50', NULL, 0.0, 0.0, 0.0, 2141, 0, 0);

INSERT INTO `meeting_individual_results` (`id`, `rank`, `is_play_off`, `is_out_of_race`, `is_disqualified`, `standard_points`, `meeting_individual_points`, `minutes`, `seconds`, `hundreds`, `meeting_program_id`, `swimmer_id`, `team_id`, `badge_id`, `user_id`, `created_at`, `updated_at`, `disqualification_code_type_id`, `goggle_cup_points`, `reaction_time`, `team_points`, `team_affiliation_id`, `is_personal_best`, `is_season_type_best`)
  VALUES (434012, 3, 1, 0, 0, 661.5, 661.5, 6, 9, 93, 73301, 15521, 563, 45533, 1, '2016-05-30 06:26:51', '2016-05-30 06:26:51', NULL, 0.0, 0.0, 0.0, 2141, 0, 0);

INSERT INTO `meeting_individual_results` (`id`, `rank`, `is_play_off`, `is_out_of_race`, `is_disqualified`, `standard_points`, `meeting_individual_points`, `minutes`, `seconds`, `hundreds`, `meeting_program_id`, `swimmer_id`, `team_id`, `badge_id`, `user_id`, `created_at`, `updated_at`, `disqualification_code_type_id`, `goggle_cup_points`, `reaction_time`, `team_points`, `team_affiliation_id`, `is_personal_best`, `is_season_type_best`)
  VALUES (434013, 4, 1, 0, 0, 656.6, 656.6, 6, 12, 69, 73301, 12386, 724, 44029, 1, '2016-05-30 06:26:51', '2016-05-30 06:26:51', NULL, 0.0, 0.0, 0.0, 2002, 0, 0);

INSERT INTO `meeting_individual_results` (`id`, `rank`, `is_play_off`, `is_out_of_race`, `is_disqualified`, `standard_points`, `meeting_individual_points`, `minutes`, `seconds`, `hundreds`, `meeting_program_id`, `swimmer_id`, `team_id`, `badge_id`, `user_id`, `created_at`, `updated_at`, `disqualification_code_type_id`, `goggle_cup_points`, `reaction_time`, `team_points`, `team_affiliation_id`, `is_personal_best`, `is_season_type_best`)
  VALUES (434014, 1, 1, 0, 0, 638.85, 638.85, 6, 33, 27, 73302, 12193, 563, 44569, 1, '2016-05-30 06:26:51', '2016-05-30 06:26:51', NULL, 0.0, 0.0, 0.0, 2141, 0, 0);

INSERT INTO `meeting_individual_results` (`id`, `rank`, `is_play_off`, `is_out_of_race`, `is_disqualified`, `standard_points`, `meeting_individual_points`, `minutes`, `seconds`, `hundreds`, `meeting_program_id`, `swimmer_id`, `team_id`, `badge_id`, `user_id`, `created_at`, `updated_at`, `disqualification_code_type_id`, `goggle_cup_points`, `reaction_time`, `team_points`, `team_affiliation_id`, `is_personal_best`, `is_season_type_best`)
  VALUES (434015, 2, 1, 0, 0, 572.27, 572.27, 7, 19, 2, 73302, 12219, 571, 44057, 1, '2016-05-30 06:26:51', '2016-05-30 06:26:51', NULL, 0.0, 0.0, 0.0, 2339, 0, 0);

INSERT INTO `meeting_individual_results` (`id`, `rank`, `is_play_off`, `is_out_of_race`, `is_disqualified`, `standard_points`, `meeting_individual_points`, `minutes`, `seconds`, `hundreds`, `meeting_program_id`, `swimmer_id`, `team_id`, `badge_id`, `user_id`, `created_at`, `updated_at`, `disqualification_code_type_id`, `goggle_cup_points`, `reaction_time`, `team_points`, `team_affiliation_id`, `is_personal_best`, `is_season_type_best`)
  VALUES (434016, 1, 1, 0, 0, 806.12, 806.12, 5, 35, 72, 73303, 11778, 372, 43685, 1, '2016-05-30 06:26:51', '2016-05-30 06:26:51', NULL, 0.0, 0.0, 0.0, 1600, 0, 0);

INSERT INTO `meeting_individual_results` (`id`, `rank`, `is_play_off`, `is_out_of_race`, `is_disqualified`, `standard_points`, `meeting_individual_points`, `minutes`, `seconds`, `hundreds`, `meeting_program_id`, `swimmer_id`, `team_id`, `badge_id`, `user_id`, `created_at`, `updated_at`, `disqualification_code_type_id`, `goggle_cup_points`, `reaction_time`, `team_points`, `team_affiliation_id`, `is_personal_best`, `is_season_type_best`)
  VALUES (434017, 2, 1, 0, 0, 668.07, 668.07, 6, 45, 9, 73303, 12353, 563, 43862, 1, '2016-05-30 06:26:51', '2016-05-30 06:26:51', NULL, 0.0, 0.0, 0.0, 2141, 0, 0);

INSERT INTO `meeting_individual_results` (`id`, `rank`, `is_play_off`, `is_out_of_race`, `is_disqualified`, `standard_points`, `meeting_individual_points`, `minutes`, `seconds`, `hundreds`, `meeting_program_id`, `swimmer_id`, `team_id`, `badge_id`, `user_id`, `created_at`, `updated_at`, `disqualification_code_type_id`, `goggle_cup_points`, `reaction_time`, `team_points`, `team_affiliation_id`, `is_personal_best`, `is_season_type_best`)
  VALUES (434018, 3, 1, 0, 0, 640.26, 640.26, 7, 2, 69, 73303, 24475, 724, 45503, 1, '2016-05-30 06:26:51', '2016-05-30 06:26:51', NULL, 0.0, 0.0, 0.0, 2002, 0, 0);

INSERT INTO `meeting_individual_results` (`id`, `rank`, `is_play_off`, `is_out_of_race`, `is_disqualified`, `standard_points`, `meeting_individual_points`, `minutes`, `seconds`, `hundreds`, `meeting_program_id`, `swimmer_id`, `team_id`, `badge_id`, `user_id`, `created_at`, `updated_at`, `disqualification_code_type_id`, `goggle_cup_points`, `reaction_time`, `team_points`, `team_affiliation_id`, `is_personal_best`, `is_season_type_best`)
  VALUES (434019, 4, 1, 0, 0, 625.47, 625.47, 7, 12, 68, 73303, 15457, 922, 43896, 1, '2016-05-30 06:26:51', '2016-05-30 06:26:51', NULL, 0.0, 0.0, 0.0, 2147, 0, 0);

INSERT INTO `meeting_individual_results` (`id`, `rank`, `is_play_off`, `is_out_of_race`, `is_disqualified`, `standard_points`, `meeting_individual_points`, `minutes`, `seconds`, `hundreds`, `meeting_program_id`, `swimmer_id`, `team_id`, `badge_id`, `user_id`, `created_at`, `updated_at`, `disqualification_code_type_id`, `goggle_cup_points`, `reaction_time`, `team_points`, `team_affiliation_id`, `is_personal_best`, `is_season_type_best`)
  VALUES (434020, 1, 1, 0, 0, 499.24, 499.24, 9, 59, 69, 73304, 19803, 183, 37848, 1, '2016-05-30 06:26:51', '2016-05-30 06:26:51', NULL, 0.0, 0.0, 0.0, 2408, 0, 0);

INSERT INTO `meeting_individual_results` (`id`, `rank`, `is_play_off`, `is_out_of_race`, `is_disqualified`, `standard_points`, `meeting_individual_points`, `minutes`, `seconds`, `hundreds`, `meeting_program_id`, `swimmer_id`, `team_id`, `badge_id`, `user_id`, `created_at`, `updated_at`, `disqualification_code_type_id`, `goggle_cup_points`, `reaction_time`, `team_points`, `team_affiliation_id`, `is_personal_best`, `is_season_type_best`)
  VALUES (434021, 1, 1, 0, 0, 0.0, 0.0, 6, 0, 16, 73305, 20580, 922, 43874, 1, '2016-05-30 06:26:51', '2016-05-30 06:26:51', NULL, 0.0, 0.0, 0.0, 2147, 0, 0);

INSERT INTO `meeting_individual_results` (`id`, `rank`, `is_play_off`, `is_out_of_race`, `is_disqualified`, `standard_points`, `meeting_individual_points`, `minutes`, `seconds`, `hundreds`, `meeting_program_id`, `swimmer_id`, `team_id`, `badge_id`, `user_id`, `created_at`, `updated_at`, `disqualification_code_type_id`, `goggle_cup_points`, `reaction_time`, `team_points`, `team_affiliation_id`, `is_personal_best`, `is_season_type_best`)
  VALUES (434022, 1, 1, 0, 0, 492.75, 492.75, 0, 57, 94, 73306, 18310, 571, 55372, 1, '2016-05-30 06:26:51', '2016-05-30 06:26:51', NULL, 0.0, 0.0, 0.0, 2339, 0, 0);

INSERT INTO `meeting_individual_results` (`id`, `rank`, `is_play_off`, `is_out_of_race`, `is_disqualified`, `standard_points`, `meeting_individual_points`, `minutes`, `seconds`, `hundreds`, `meeting_program_id`, `swimmer_id`, `team_id`, `badge_id`, `user_id`, `created_at`, `updated_at`, `disqualification_code_type_id`, `goggle_cup_points`, `reaction_time`, `team_points`, `team_affiliation_id`, `is_personal_best`, `is_season_type_best`)
  VALUES (434023, 1, 1, 0, 0, 486.49, 486.49, 0, 59, 57, 73307, 20657, 571, 44044, 1, '2016-05-30 06:26:51', '2016-05-30 06:26:51', NULL, 0.0, 0.0, 0.0, 2339, 0, 0);

INSERT INTO `meeting_individual_results` (`id`, `rank`, `is_play_off`, `is_out_of_race`, `is_disqualified`, `standard_points`, `meeting_individual_points`, `minutes`, `seconds`, `hundreds`, `meeting_program_id`, `swimmer_id`, `team_id`, `badge_id`, `user_id`, `created_at`, `updated_at`, `disqualification_code_type_id`, `goggle_cup_points`, `reaction_time`, `team_points`, `team_affiliation_id`, `is_personal_best`, `is_season_type_best`)
  VALUES (434024, 1, 1, 0, 0, 619.37, 619.37, 0, 49, 55, 73308, 13215, 372, 44379, 1, '2016-05-30 06:26:52', '2016-05-30 06:26:52', NULL, 0.0, 0.0, 0.0, 1600, 0, 0);

INSERT INTO `meeting_individual_results` (`id`, `rank`, `is_play_off`, `is_out_of_race`, `is_disqualified`, `standard_points`, `meeting_individual_points`, `minutes`, `seconds`, `hundreds`, `meeting_program_id`, `swimmer_id`, `team_id`, `badge_id`, `user_id`, `created_at`, `updated_at`, `disqualification_code_type_id`, `goggle_cup_points`, `reaction_time`, `team_points`, `team_affiliation_id`, `is_personal_best`, `is_season_type_best`)
  VALUES (434025, 1, 1, 0, 0, 0.0, 0.0, 0, 37, 29, 73309, 20625, 571, 44045, 1, '2016-05-30 06:26:52', '2016-05-30 06:26:52', NULL, 0.0, 0.0, 0.0, 2339, 0, 0);

INSERT INTO `meeting_individual_results` (`id`, `rank`, `is_play_off`, `is_out_of_race`, `is_disqualified`, `standard_points`, `meeting_individual_points`, `minutes`, `seconds`, `hundreds`, `meeting_program_id`, `swimmer_id`, `team_id`, `badge_id`, `user_id`, `created_at`, `updated_at`, `disqualification_code_type_id`, `goggle_cup_points`, `reaction_time`, `team_points`, `team_affiliation_id`, `is_personal_best`, `is_season_type_best`)
  VALUES (434026, 1, 1, 0, 0, 649.07, 649.07, 0, 36, 93, 73310, 23922, 922, 44078, 1, '2016-05-30 06:26:52', '2016-05-30 06:26:52', NULL, 0.0, 0.0, 0.0, 2147, 0, 0);

INSERT INTO `meeting_individual_results` (`id`, `rank`, `is_play_off`, `is_out_of_race`, `is_disqualified`, `standard_points`, `meeting_individual_points`, `minutes`, `seconds`, `hundreds`, `meeting_program_id`, `swimmer_id`, `team_id`, `badge_id`, `user_id`, `created_at`, `updated_at`, `disqualification_code_type_id`, `goggle_cup_points`, `reaction_time`, `team_points`, `team_affiliation_id`, `is_personal_best`, `is_season_type_best`)
  VALUES (434027, 1, 1, 0, 0, 709.55, 709.55, 0, 34, 36, 73311, 12152, 372, 36058, 1, '2016-05-30 06:26:52', '2016-05-30 06:26:52', NULL, 0.0, 0.0, 0.0, 1600, 0, 0);

INSERT INTO `meeting_individual_results` (`id`, `rank`, `is_play_off`, `is_out_of_race`, `is_disqualified`, `standard_points`, `meeting_individual_points`, `minutes`, `seconds`, `hundreds`, `meeting_program_id`, `swimmer_id`, `team_id`, `badge_id`, `user_id`, `created_at`, `updated_at`, `disqualification_code_type_id`, `goggle_cup_points`, `reaction_time`, `team_points`, `team_affiliation_id`, `is_personal_best`, `is_season_type_best`)
  VALUES (434028, 2, 1, 0, 0, 675.35, 675.35, 0, 36, 10, 73311, 11849, 296, 43727, 1, '2016-05-30 06:26:52', '2016-05-30 06:26:52', NULL, 0.0, 0.0, 0.0, 2140, 0, 0);

INSERT INTO `meeting_individual_results` (`id`, `rank`, `is_play_off`, `is_out_of_race`, `is_disqualified`, `standard_points`, `meeting_individual_points`, `minutes`, `seconds`, `hundreds`, `meeting_program_id`, `swimmer_id`, `team_id`, `badge_id`, `user_id`, `created_at`, `updated_at`, `disqualification_code_type_id`, `goggle_cup_points`, `reaction_time`, `team_points`, `team_affiliation_id`, `is_personal_best`, `is_season_type_best`)
  VALUES (434029, 1, 1, 0, 0, 696.15, 696.15, 0, 35, 28, 73312, 11574, 564, 44539, 1, '2016-05-30 06:26:52', '2016-05-30 06:26:52', NULL, 0.0, 0.0, 0.0, 2143, 0, 0);

INSERT INTO `meeting_individual_results` (`id`, `rank`, `is_play_off`, `is_out_of_race`, `is_disqualified`, `standard_points`, `meeting_individual_points`, `minutes`, `seconds`, `hundreds`, `meeting_program_id`, `swimmer_id`, `team_id`, `badge_id`, `user_id`, `created_at`, `updated_at`, `disqualification_code_type_id`, `goggle_cup_points`, `reaction_time`, `team_points`, `team_affiliation_id`, `is_personal_best`, `is_season_type_best`)
  VALUES (434030, 2, 1, 0, 0, 654.58, 654.58, 0, 37, 52, 73312, 12379, 589, 44113, 1, '2016-05-30 06:26:52', '2016-05-30 06:26:52', NULL, 0.0, 0.0, 0.0, 2350, 0, 0);

INSERT INTO `meeting_individual_results` (`id`, `rank`, `is_play_off`, `is_out_of_race`, `is_disqualified`, `standard_points`, `meeting_individual_points`, `minutes`, `seconds`, `hundreds`, `meeting_program_id`, `swimmer_id`, `team_id`, `badge_id`, `user_id`, `created_at`, `updated_at`, `disqualification_code_type_id`, `goggle_cup_points`, `reaction_time`, `team_points`, `team_affiliation_id`, `is_personal_best`, `is_season_type_best`)
  VALUES (434031, 3, 1, 0, 0, 643.1, 643.1, 0, 38, 19, 73312, 11946, 589, 44027, 1, '2016-05-30 06:26:52', '2016-05-30 06:26:52', NULL, 0.0, 0.0, 0.0, 2350, 0, 0);

INSERT INTO `meeting_individual_results` (`id`, `rank`, `is_play_off`, `is_out_of_race`, `is_disqualified`, `standard_points`, `meeting_individual_points`, `minutes`, `seconds`, `hundreds`, `meeting_program_id`, `swimmer_id`, `team_id`, `badge_id`, `user_id`, `created_at`, `updated_at`, `disqualification_code_type_id`, `goggle_cup_points`, `reaction_time`, `team_points`, `team_affiliation_id`, `is_personal_best`, `is_season_type_best`)
  VALUES (434032, 1, 1, 0, 0, 484.53, 484.53, 0, 52, 3, 73313, 12141, 571, 44714, 1, '2016-05-30 06:26:52', '2016-05-30 06:26:52', NULL, 0.0, 0.0, 0.0, 2339, 0, 0);

INSERT INTO `meeting_individual_results` (`id`, `rank`, `is_play_off`, `is_out_of_race`, `is_disqualified`, `standard_points`, `meeting_individual_points`, `minutes`, `seconds`, `hundreds`, `meeting_program_id`, `swimmer_id`, `team_id`, `badge_id`, `user_id`, `created_at`, `updated_at`, `disqualification_code_type_id`, `goggle_cup_points`, `reaction_time`, `team_points`, `team_affiliation_id`, `is_personal_best`, `is_season_type_best`)
  VALUES (434033, 1, 1, 0, 0, 554.08, 554.08, 0, 46, 69, 73314, 12219, 571, 44057, 1, '2016-05-30 06:26:52', '2016-05-30 06:26:52', NULL, 0.0, 0.0, 0.0, 2339, 0, 0);

INSERT INTO `meeting_individual_results` (`id`, `rank`, `is_play_off`, `is_out_of_race`, `is_disqualified`, `standard_points`, `meeting_individual_points`, `minutes`, `seconds`, `hundreds`, `meeting_program_id`, `swimmer_id`, `team_id`, `badge_id`, `user_id`, `created_at`, `updated_at`, `disqualification_code_type_id`, `goggle_cup_points`, `reaction_time`, `team_points`, `team_affiliation_id`, `is_personal_best`, `is_season_type_best`)
  VALUES (434034, 2, 1, 0, 0, 536.61, 536.61, 0, 48, 21, 73314, 3323, 190, 43774, 1, '2016-05-30 06:26:52', '2016-05-30 06:26:52', NULL, 0.0, 0.0, 0.0, 1685, 0, 0);

INSERT INTO `meeting_individual_results` (`id`, `rank`, `is_play_off`, `is_out_of_race`, `is_disqualified`, `standard_points`, `meeting_individual_points`, `minutes`, `seconds`, `hundreds`, `meeting_program_id`, `swimmer_id`, `team_id`, `badge_id`, `user_id`, `created_at`, `updated_at`, `disqualification_code_type_id`, `goggle_cup_points`, `reaction_time`, `team_points`, `team_affiliation_id`, `is_personal_best`, `is_season_type_best`)
  VALUES (434035, 1, 1, 0, 0, 566.23, 566.23, 0, 48, 39, 73315, 20264, 573, 43780, 1, '2016-05-30 06:26:52', '2016-05-30 06:26:52', NULL, 0.0, 0.0, 0.0, 2407, 0, 0);

INSERT INTO `meeting_individual_results` (`id`, `rank`, `is_play_off`, `is_out_of_race`, `is_disqualified`, `standard_points`, `meeting_individual_points`, `minutes`, `seconds`, `hundreds`, `meeting_program_id`, `swimmer_id`, `team_id`, `badge_id`, `user_id`, `created_at`, `updated_at`, `disqualification_code_type_id`, `goggle_cup_points`, `reaction_time`, `team_points`, `team_affiliation_id`, `is_personal_best`, `is_season_type_best`)
  VALUES (434036, 1, 1, 0, 0, 762.57, 762.57, 0, 37, 40, 73316, 18315, 969, 55373, 1, '2016-05-30 06:26:52', '2016-05-30 06:26:52', NULL, 0.0, 0.0, 0.0, 2409, 0, 0);

INSERT INTO `meeting_individual_results` (`id`, `rank`, `is_play_off`, `is_out_of_race`, `is_disqualified`, `standard_points`, `meeting_individual_points`, `minutes`, `seconds`, `hundreds`, `meeting_program_id`, `swimmer_id`, `team_id`, `badge_id`, `user_id`, `created_at`, `updated_at`, `disqualification_code_type_id`, `goggle_cup_points`, `reaction_time`, `team_points`, `team_affiliation_id`, `is_personal_best`, `is_season_type_best`)
  VALUES (434037, 1, 1, 0, 0, 0.0, 0.0, 0, 31, 64, 73317, 23921, 804, 44038, 1, '2016-05-30 06:26:52', '2016-05-30 06:26:52', NULL, 0.0, 0.0, 0.0, 2142, 0, 0);

INSERT INTO `meeting_individual_results` (`id`, `rank`, `is_play_off`, `is_out_of_race`, `is_disqualified`, `standard_points`, `meeting_individual_points`, `minutes`, `seconds`, `hundreds`, `meeting_program_id`, `swimmer_id`, `team_id`, `badge_id`, `user_id`, `created_at`, `updated_at`, `disqualification_code_type_id`, `goggle_cup_points`, `reaction_time`, `team_points`, `team_affiliation_id`, `is_personal_best`, `is_season_type_best`)
  VALUES (434038, 2, 1, 0, 0, 0.0, 0.0, 0, 34, 10, 73317, 13246, 589, 44070, 1, '2016-05-30 06:26:53', '2016-05-30 06:26:53', NULL, 0.0, 0.0, 0.0, 2350, 0, 0);

INSERT INTO `meeting_individual_results` (`id`, `rank`, `is_play_off`, `is_out_of_race`, `is_disqualified`, `standard_points`, `meeting_individual_points`, `minutes`, `seconds`, `hundreds`, `meeting_program_id`, `swimmer_id`, `team_id`, `badge_id`, `user_id`, `created_at`, `updated_at`, `disqualification_code_type_id`, `goggle_cup_points`, `reaction_time`, `team_points`, `team_affiliation_id`, `is_personal_best`, `is_season_type_best`)
  VALUES (434039, 1, 1, 0, 0, 576.61, 576.61, 0, 57, 30, 73318, 18310, 571, 55372, 1, '2016-05-30 06:26:53', '2016-05-30 06:26:53', NULL, 0.0, 0.0, 0.0, 2339, 0, 0);

INSERT INTO `meeting_individual_results` (`id`, `rank`, `is_play_off`, `is_out_of_race`, `is_disqualified`, `standard_points`, `meeting_individual_points`, `minutes`, `seconds`, `hundreds`, `meeting_program_id`, `swimmer_id`, `team_id`, `badge_id`, `user_id`, `created_at`, `updated_at`, `disqualification_code_type_id`, `goggle_cup_points`, `reaction_time`, `team_points`, `team_affiliation_id`, `is_personal_best`, `is_season_type_best`)
  VALUES (434040, 1, 1, 0, 0, 669.98, 669.98, 0, 50, 33, 73319, 13236, 563, 44471, 1, '2016-05-30 06:26:53', '2016-05-30 06:26:53', NULL, 0.0, 0.0, 0.0, 2141, 0, 0);

INSERT INTO `meeting_individual_results` (`id`, `rank`, `is_play_off`, `is_out_of_race`, `is_disqualified`, `standard_points`, `meeting_individual_points`, `minutes`, `seconds`, `hundreds`, `meeting_program_id`, `swimmer_id`, `team_id`, `badge_id`, `user_id`, `created_at`, `updated_at`, `disqualification_code_type_id`, `goggle_cup_points`, `reaction_time`, `team_points`, `team_affiliation_id`, `is_personal_best`, `is_season_type_best`)
  VALUES (434041, 2, 1, 0, 0, 618.49, 618.49, 0, 54, 52, 73319, 20588, 210, 47176, 1, '2016-05-30 06:26:53', '2016-05-30 06:26:53', NULL, 0.0, 0.0, 0.0, 1599, 0, 0);

INSERT INTO `meeting_individual_results` (`id`, `rank`, `is_play_off`, `is_out_of_race`, `is_disqualified`, `standard_points`, `meeting_individual_points`, `minutes`, `seconds`, `hundreds`, `meeting_program_id`, `swimmer_id`, `team_id`, `badge_id`, `user_id`, `created_at`, `updated_at`, `disqualification_code_type_id`, `goggle_cup_points`, `reaction_time`, `team_points`, `team_affiliation_id`, `is_personal_best`, `is_season_type_best`)
  VALUES (434042, 1, 1, 0, 0, 667.16, 667.16, 0, 53, 84, 73320, 13215, 372, 44379, 1, '2016-05-30 06:26:53', '2016-05-30 06:26:53', NULL, 0.0, 0.0, 0.0, 1600, 0, 0);

INSERT INTO `meeting_individual_results` (`id`, `rank`, `is_play_off`, `is_out_of_race`, `is_disqualified`, `standard_points`, `meeting_individual_points`, `minutes`, `seconds`, `hundreds`, `meeting_program_id`, `swimmer_id`, `team_id`, `badge_id`, `user_id`, `created_at`, `updated_at`, `disqualification_code_type_id`, `goggle_cup_points`, `reaction_time`, `team_points`, `team_affiliation_id`, `is_personal_best`, `is_season_type_best`)
  VALUES (434043, 2, 1, 0, 0, 641.09, 641.09, 0, 56, 3, 73320, 13243, 372, 44665, 1, '2016-05-30 06:26:53', '2016-05-30 06:26:53', NULL, 0.0, 0.0, 0.0, 1600, 0, 0);

INSERT INTO `meeting_individual_results` (`id`, `rank`, `is_play_off`, `is_out_of_race`, `is_disqualified`, `standard_points`, `meeting_individual_points`, `minutes`, `seconds`, `hundreds`, `meeting_program_id`, `swimmer_id`, `team_id`, `badge_id`, `user_id`, `created_at`, `updated_at`, `disqualification_code_type_id`, `goggle_cup_points`, `reaction_time`, `team_points`, `team_affiliation_id`, `is_personal_best`, `is_season_type_best`)
  VALUES (434044, 1, 1, 0, 0, 705.75, 705.75, 0, 56, 89, 73321, 11748, 563, 43966, 1, '2016-05-30 06:26:53', '2016-05-30 06:26:53', NULL, 0.0, 0.0, 0.0, 2141, 0, 0);

INSERT INTO `meeting_individual_results` (`id`, `rank`, `is_play_off`, `is_out_of_race`, `is_disqualified`, `standard_points`, `meeting_individual_points`, `minutes`, `seconds`, `hundreds`, `meeting_program_id`, `swimmer_id`, `team_id`, `badge_id`, `user_id`, `created_at`, `updated_at`, `disqualification_code_type_id`, `goggle_cup_points`, `reaction_time`, `team_points`, `team_affiliation_id`, `is_personal_best`, `is_season_type_best`)
  VALUES (434045, 1, 1, 0, 0, 902.57, 902.57, 0, 30, 79, 73322, 12073, 372, 43758, 1, '2016-05-30 06:26:53', '2016-05-30 06:26:53', NULL, 0.0, 0.0, 0.0, 1600, 0, 0);

INSERT INTO `meeting_individual_results` (`id`, `rank`, `is_play_off`, `is_out_of_race`, `is_disqualified`, `standard_points`, `meeting_individual_points`, `minutes`, `seconds`, `hundreds`, `meeting_program_id`, `swimmer_id`, `team_id`, `badge_id`, `user_id`, `created_at`, `updated_at`, `disqualification_code_type_id`, `goggle_cup_points`, `reaction_time`, `team_points`, `team_affiliation_id`, `is_personal_best`, `is_season_type_best`)
  VALUES (434046, 2, 1, 0, 0, 688.21, 688.21, 0, 40, 38, 73322, 12456, 185, 43638, 1, '2016-05-30 06:26:53', '2016-05-30 06:26:53', NULL, 0.0, 0.0, 0.0, 1791, 0, 0);

INSERT INTO `meeting_individual_results` (`id`, `rank`, `is_play_off`, `is_out_of_race`, `is_disqualified`, `standard_points`, `meeting_individual_points`, `minutes`, `seconds`, `hundreds`, `meeting_program_id`, `swimmer_id`, `team_id`, `badge_id`, `user_id`, `created_at`, `updated_at`, `disqualification_code_type_id`, `goggle_cup_points`, `reaction_time`, `team_points`, `team_affiliation_id`, `is_personal_best`, `is_season_type_best`)
  VALUES (434047, 3, 1, 0, 0, 649.6, 649.6, 0, 42, 78, 73322, 12133, 571, 44099, 1, '2016-05-30 06:26:53', '2016-05-30 06:26:53', NULL, 0.0, 0.0, 0.0, 2339, 0, 0);

INSERT INTO `meeting_individual_results` (`id`, `rank`, `is_play_off`, `is_out_of_race`, `is_disqualified`, `standard_points`, `meeting_individual_points`, `minutes`, `seconds`, `hundreds`, `meeting_program_id`, `swimmer_id`, `team_id`, `badge_id`, `user_id`, `created_at`, `updated_at`, `disqualification_code_type_id`, `goggle_cup_points`, `reaction_time`, `team_points`, `team_affiliation_id`, `is_personal_best`, `is_season_type_best`)
  VALUES (434048, 1, 1, 0, 0, 681.32, 681.32, 0, 41, 17, 73323, 11849, 296, 43727, 1, '2016-05-30 06:26:53', '2016-05-30 06:26:53', NULL, 0.0, 0.0, 0.0, 2140, 0, 0);

INSERT INTO `meeting_individual_results` (`id`, `rank`, `is_play_off`, `is_out_of_race`, `is_disqualified`, `standard_points`, `meeting_individual_points`, `minutes`, `seconds`, `hundreds`, `meeting_program_id`, `swimmer_id`, `team_id`, `badge_id`, `user_id`, `created_at`, `updated_at`, `disqualification_code_type_id`, `goggle_cup_points`, `reaction_time`, `team_points`, `team_affiliation_id`, `is_personal_best`, `is_season_type_best`)
  VALUES (434049, 2, 1, 0, 0, 611.38, 611.38, 0, 45, 88, 73323, 13238, 372, 44485, 1, '2016-05-30 06:26:53', '2016-05-30 06:26:53', NULL, 0.0, 0.0, 0.0, 1600, 0, 0);

INSERT INTO `meeting_individual_results` (`id`, `rank`, `is_play_off`, `is_out_of_race`, `is_disqualified`, `standard_points`, `meeting_individual_points`, `minutes`, `seconds`, `hundreds`, `meeting_program_id`, `swimmer_id`, `team_id`, `badge_id`, `user_id`, `created_at`, `updated_at`, `disqualification_code_type_id`, `goggle_cup_points`, `reaction_time`, `team_points`, `team_affiliation_id`, `is_personal_best`, `is_season_type_best`)
  VALUES (434050, 1, 1, 0, 0, 817.23, 817.23, 0, 35, 18, 73324, 13206, 584, 44725, 1, '2016-05-30 06:26:54', '2016-05-30 06:26:54', NULL, 0.0, 0.0, 0.0, 2344, 0, 0);

INSERT INTO `meeting_individual_results` (`id`, `rank`, `is_play_off`, `is_out_of_race`, `is_disqualified`, `standard_points`, `meeting_individual_points`, `minutes`, `seconds`, `hundreds`, `meeting_program_id`, `swimmer_id`, `team_id`, `badge_id`, `user_id`, `created_at`, `updated_at`, `disqualification_code_type_id`, `goggle_cup_points`, `reaction_time`, `team_points`, `team_affiliation_id`, `is_personal_best`, `is_season_type_best`)
  VALUES (434051, 2, 1, 0, 0, 696.8, 696.8, 0, 41, 26, 73324, 11939, 584, 44547, 1, '2016-05-30 06:26:54', '2016-05-30 06:26:54', NULL, 0.0, 0.0, 0.0, 2344, 0, 0);

INSERT INTO `meeting_individual_results` (`id`, `rank`, `is_play_off`, `is_out_of_race`, `is_disqualified`, `standard_points`, `meeting_individual_points`, `minutes`, `seconds`, `hundreds`, `meeting_program_id`, `swimmer_id`, `team_id`, `badge_id`, `user_id`, `created_at`, `updated_at`, `disqualification_code_type_id`, `goggle_cup_points`, `reaction_time`, `team_points`, `team_affiliation_id`, `is_personal_best`, `is_season_type_best`)
  VALUES (434052, 3, 1, 0, 0, 606.54, 606.54, 0, 47, 40, 73324, 20271, 564, 43766, 1, '2016-05-30 06:26:54', '2016-05-30 06:26:54', NULL, 0.0, 0.0, 0.0, 2143, 0, 0);

INSERT INTO `meeting_individual_results` (`id`, `rank`, `is_play_off`, `is_out_of_race`, `is_disqualified`, `standard_points`, `meeting_individual_points`, `minutes`, `seconds`, `hundreds`, `meeting_program_id`, `swimmer_id`, `team_id`, `badge_id`, `user_id`, `created_at`, `updated_at`, `disqualification_code_type_id`, `goggle_cup_points`, `reaction_time`, `team_points`, `team_affiliation_id`, `is_personal_best`, `is_season_type_best`)
  VALUES (434053, 1, 1, 0, 0, 718.11, 718.11, 0, 40, 30, 73325, 12472, 185, 37949, 1, '2016-05-30 06:26:54', '2016-05-30 06:26:54', NULL, 0.0, 0.0, 0.0, 1791, 0, 0);

INSERT INTO `meeting_individual_results` (`id`, `rank`, `is_play_off`, `is_out_of_race`, `is_disqualified`, `standard_points`, `meeting_individual_points`, `minutes`, `seconds`, `hundreds`, `meeting_program_id`, `swimmer_id`, `team_id`, `badge_id`, `user_id`, `created_at`, `updated_at`, `disqualification_code_type_id`, `goggle_cup_points`, `reaction_time`, `team_points`, `team_affiliation_id`, `is_personal_best`, `is_season_type_best`)
  VALUES (434054, 2, 1, 0, 0, 716.16, 716.16, 0, 40, 41, 73325, 11950, 372, 43839, 1, '2016-05-30 06:26:54', '2016-05-30 06:26:54', NULL, 0.0, 0.0, 0.0, 1600, 0, 0);

INSERT INTO `meeting_individual_results` (`id`, `rank`, `is_play_off`, `is_out_of_race`, `is_disqualified`, `standard_points`, `meeting_individual_points`, `minutes`, `seconds`, `hundreds`, `meeting_program_id`, `swimmer_id`, `team_id`, `badge_id`, `user_id`, `created_at`, `updated_at`, `disqualification_code_type_id`, `goggle_cup_points`, `reaction_time`, `team_points`, `team_affiliation_id`, `is_personal_best`, `is_season_type_best`)
  VALUES (434055, 3, 1, 0, 0, 695.67, 695.67, 0, 41, 60, 73325, 20597, 577, 43769, 1, '2016-05-30 06:26:54', '2016-05-30 06:26:54', NULL, 0.0, 0.0, 0.0, 2144, 0, 0);

INSERT INTO `meeting_individual_results` (`id`, `rank`, `is_play_off`, `is_out_of_race`, `is_disqualified`, `standard_points`, `meeting_individual_points`, `minutes`, `seconds`, `hundreds`, `meeting_program_id`, `swimmer_id`, `team_id`, `badge_id`, `user_id`, `created_at`, `updated_at`, `disqualification_code_type_id`, `goggle_cup_points`, `reaction_time`, `team_points`, `team_affiliation_id`, `is_personal_best`, `is_season_type_best`)
  VALUES (434056, 4, 1, 0, 0, 686.6, 686.6, 0, 42, 15, 73325, 20847, 584, 45451, 1, '2016-05-30 06:26:54', '2016-05-30 06:26:54', NULL, 0.0, 0.0, 0.0, 2344, 0, 0);

INSERT INTO `meeting_individual_results` (`id`, `rank`, `is_play_off`, `is_out_of_race`, `is_disqualified`, `standard_points`, `meeting_individual_points`, `minutes`, `seconds`, `hundreds`, `meeting_program_id`, `swimmer_id`, `team_id`, `badge_id`, `user_id`, `created_at`, `updated_at`, `disqualification_code_type_id`, `goggle_cup_points`, `reaction_time`, `team_points`, `team_affiliation_id`, `is_personal_best`, `is_season_type_best`)
  VALUES (434057, 1, 1, 0, 0, 701.69, 701.69, 0, 42, 54, 73326, 11820, 724, 44108, 1, '2016-05-30 06:26:54', '2016-05-30 06:26:54', NULL, 0.0, 0.0, 0.0, 2002, 0, 0);

INSERT INTO `meeting_individual_results` (`id`, `rank`, `is_play_off`, `is_out_of_race`, `is_disqualified`, `standard_points`, `meeting_individual_points`, `minutes`, `seconds`, `hundreds`, `meeting_program_id`, `swimmer_id`, `team_id`, `badge_id`, `user_id`, `created_at`, `updated_at`, `disqualification_code_type_id`, `goggle_cup_points`, `reaction_time`, `team_points`, `team_affiliation_id`, `is_personal_best`, `is_season_type_best`)
  VALUES (434058, 2, 1, 0, 0, 633.76, 633.76, 0, 47, 10, 73326, 3323, 190, 43774, 1, '2016-05-30 06:26:54', '2016-05-30 06:26:54', NULL, 0.0, 0.0, 0.0, 1685, 0, 0);

INSERT INTO `meeting_individual_results` (`id`, `rank`, `is_play_off`, `is_out_of_race`, `is_disqualified`, `standard_points`, `meeting_individual_points`, `minutes`, `seconds`, `hundreds`, `meeting_program_id`, `swimmer_id`, `team_id`, `badge_id`, `user_id`, `created_at`, `updated_at`, `disqualification_code_type_id`, `goggle_cup_points`, `reaction_time`, `team_points`, `team_affiliation_id`, `is_personal_best`, `is_season_type_best`)
  VALUES (434059, 3, 1, 0, 0, 616.86, 616.86, 0, 48, 39, 73326, 20241, 296, 44067, 1, '2016-05-30 06:26:54', '2016-05-30 06:26:54', NULL, 0.0, 0.0, 0.0, 2140, 0, 0);

INSERT INTO `meeting_individual_results` (`id`, `rank`, `is_play_off`, `is_out_of_race`, `is_disqualified`, `standard_points`, `meeting_individual_points`, `minutes`, `seconds`, `hundreds`, `meeting_program_id`, `swimmer_id`, `team_id`, `badge_id`, `user_id`, `created_at`, `updated_at`, `disqualification_code_type_id`, `goggle_cup_points`, `reaction_time`, `team_points`, `team_affiliation_id`, `is_personal_best`, `is_season_type_best`)
  VALUES (434060, 4, 1, 0, 0, 533.23, 533.23, 0, 55, 98, 73326, 3324, 190, 34007, 1, '2016-05-30 06:26:54', '2016-05-30 06:26:54', NULL, 0.0, 0.0, 0.0, 1685, 0, 0);

INSERT INTO `meeting_individual_results` (`id`, `rank`, `is_play_off`, `is_out_of_race`, `is_disqualified`, `standard_points`, `meeting_individual_points`, `minutes`, `seconds`, `hundreds`, `meeting_program_id`, `swimmer_id`, `team_id`, `badge_id`, `user_id`, `created_at`, `updated_at`, `disqualification_code_type_id`, `goggle_cup_points`, `reaction_time`, `team_points`, `team_affiliation_id`, `is_personal_best`, `is_season_type_best`)
  VALUES (434061, 1, 1, 0, 0, 714.91, 714.91, 0, 43, 39, 73327, 15400, 577, 43777, 1, '2016-05-30 06:26:55', '2016-05-30 06:26:55', NULL, 0.0, 0.0, 0.0, 2144, 0, 0);

INSERT INTO `meeting_individual_results` (`id`, `rank`, `is_play_off`, `is_out_of_race`, `is_disqualified`, `standard_points`, `meeting_individual_points`, `minutes`, `seconds`, `hundreds`, `meeting_program_id`, `swimmer_id`, `team_id`, `badge_id`, `user_id`, `created_at`, `updated_at`, `disqualification_code_type_id`, `goggle_cup_points`, `reaction_time`, `team_points`, `team_affiliation_id`, `is_personal_best`, `is_season_type_best`)
  VALUES (434062, 2, 1, 0, 0, 617.44, 617.44, 0, 50, 24, 73327, 11587, 190, 34243, 1, '2016-05-30 06:26:55', '2016-05-30 06:26:55', NULL, 0.0, 0.0, 0.0, 1685, 0, 0);

INSERT INTO `meeting_individual_results` (`id`, `rank`, `is_play_off`, `is_out_of_race`, `is_disqualified`, `standard_points`, `meeting_individual_points`, `minutes`, `seconds`, `hundreds`, `meeting_program_id`, `swimmer_id`, `team_id`, `badge_id`, `user_id`, `created_at`, `updated_at`, `disqualification_code_type_id`, `goggle_cup_points`, `reaction_time`, `team_points`, `team_affiliation_id`, `is_personal_best`, `is_season_type_best`)
  VALUES (434063, 1, 1, 0, 0, 666.81, 666.81, 0, 48, 14, 73328, 20264, 573, 43780, 1, '2016-05-30 06:26:55', '2016-05-30 06:26:55', NULL, 0.0, 0.0, 0.0, 2407, 0, 0);

INSERT INTO `meeting_individual_results` (`id`, `rank`, `is_play_off`, `is_out_of_race`, `is_disqualified`, `standard_points`, `meeting_individual_points`, `minutes`, `seconds`, `hundreds`, `meeting_program_id`, `swimmer_id`, `team_id`, `badge_id`, `user_id`, `created_at`, `updated_at`, `disqualification_code_type_id`, `goggle_cup_points`, `reaction_time`, `team_points`, `team_affiliation_id`, `is_personal_best`, `is_season_type_best`)
  VALUES (434064, 1, 1, 0, 0, 849.9, 849.9, 0, 39, 24, 73329, 12111, 582, 45601, 1, '2016-05-30 06:26:55', '2016-05-30 06:26:55', NULL, 0.0, 0.0, 0.0, 2170, 0, 0);

INSERT INTO `meeting_individual_results` (`id`, `rank`, `is_play_off`, `is_out_of_race`, `is_disqualified`, `standard_points`, `meeting_individual_points`, `minutes`, `seconds`, `hundreds`, `meeting_program_id`, `swimmer_id`, `team_id`, `badge_id`, `user_id`, `created_at`, `updated_at`, `disqualification_code_type_id`, `goggle_cup_points`, `reaction_time`, `team_points`, `team_affiliation_id`, `is_personal_best`, `is_season_type_best`)
  VALUES (434065, 2, 1, 0, 0, 624.41, 624.41, 0, 53, 41, 73329, 12144, 571, 44059, 1, '2016-05-30 06:26:55', '2016-05-30 06:26:55', NULL, 0.0, 0.0, 0.0, 2339, 0, 0);

INSERT INTO `meeting_individual_results` (`id`, `rank`, `is_play_off`, `is_out_of_race`, `is_disqualified`, `standard_points`, `meeting_individual_points`, `minutes`, `seconds`, `hundreds`, `meeting_program_id`, `swimmer_id`, `team_id`, `badge_id`, `user_id`, `created_at`, `updated_at`, `disqualification_code_type_id`, `goggle_cup_points`, `reaction_time`, `team_points`, `team_affiliation_id`, `is_personal_best`, `is_season_type_best`)
  VALUES (434066, 1, 1, 0, 0, 663.48, 663.48, 0, 52, 30, 73330, 13287, 584, 44018, 1, '2016-05-30 06:26:55', '2016-05-30 06:26:55', NULL, 0.0, 0.0, 0.0, 2344, 0, 0);

INSERT INTO `meeting_individual_results` (`id`, `rank`, `is_play_off`, `is_out_of_race`, `is_disqualified`, `standard_points`, `meeting_individual_points`, `minutes`, `seconds`, `hundreds`, `meeting_program_id`, `swimmer_id`, `team_id`, `badge_id`, `user_id`, `created_at`, `updated_at`, `disqualification_code_type_id`, `goggle_cup_points`, `reaction_time`, `team_points`, `team_affiliation_id`, `is_personal_best`, `is_season_type_best`)
  VALUES (434067, 1, 1, 0, 0, 0.0, 0.0, 0, 40, 82, 73331, 20591, 571, 44599, 1, '2016-05-30 06:26:55', '2016-05-30 06:26:55', NULL, 0.0, 0.0, 0.0, 2339, 0, 0);

INSERT INTO `meeting_individual_results` (`id`, `rank`, `is_play_off`, `is_out_of_race`, `is_disqualified`, `standard_points`, `meeting_individual_points`, `minutes`, `seconds`, `hundreds`, `meeting_program_id`, `swimmer_id`, `team_id`, `badge_id`, `user_id`, `created_at`, `updated_at`, `disqualification_code_type_id`, `goggle_cup_points`, `reaction_time`, `team_points`, `team_affiliation_id`, `is_personal_best`, `is_season_type_best`)
  VALUES (434068, 1, 1, 0, 0, 758.16, 758.16, 0, 33, 99, 73332, 9280, 185, 35525, 1, '2016-05-30 06:26:55', '2016-05-30 06:26:55', NULL, 0.0, 0.0, 0.0, 1791, 0, 0);

INSERT INTO `meeting_individual_results` (`id`, `rank`, `is_play_off`, `is_out_of_race`, `is_disqualified`, `standard_points`, `meeting_individual_points`, `minutes`, `seconds`, `hundreds`, `meeting_program_id`, `swimmer_id`, `team_id`, `badge_id`, `user_id`, `created_at`, `updated_at`, `disqualification_code_type_id`, `goggle_cup_points`, `reaction_time`, `team_points`, `team_affiliation_id`, `is_personal_best`, `is_season_type_best`)
  VALUES (434069, 2, 1, 0, 0, 710.31, 710.31, 0, 36, 28, 73332, 15584, 922, 43788, 1, '2016-05-30 06:26:55', '2016-05-30 06:26:55', NULL, 0.0, 0.0, 0.0, 2147, 0, 0);

INSERT INTO `meeting_individual_results` (`id`, `rank`, `is_play_off`, `is_out_of_race`, `is_disqualified`, `standard_points`, `meeting_individual_points`, `minutes`, `seconds`, `hundreds`, `meeting_program_id`, `swimmer_id`, `team_id`, `badge_id`, `user_id`, `created_at`, `updated_at`, `disqualification_code_type_id`, `goggle_cup_points`, `reaction_time`, `team_points`, `team_affiliation_id`, `is_personal_best`, `is_season_type_best`)
  VALUES (434070, 1, 1, 0, 0, 711.88, 711.88, 0, 36, 20, 73333, 13271, 724, 43878, 1, '2016-05-30 06:26:55', '2016-05-30 06:26:55', NULL, 0.0, 0.0, 0.0, 2002, 0, 0);

INSERT INTO `meeting_individual_results` (`id`, `rank`, `is_play_off`, `is_out_of_race`, `is_disqualified`, `standard_points`, `meeting_individual_points`, `minutes`, `seconds`, `hundreds`, `meeting_program_id`, `swimmer_id`, `team_id`, `badge_id`, `user_id`, `created_at`, `updated_at`, `disqualification_code_type_id`, `goggle_cup_points`, `reaction_time`, `team_points`, `team_affiliation_id`, `is_personal_best`, `is_season_type_best`)
  VALUES (434071, 1, 1, 0, 0, 724.26, 724.26, 0, 36, 23, 73334, 12440, 185, 55370, 1, '2016-05-30 06:26:55', '2016-05-30 06:26:55', NULL, 0.0, 0.0, 0.0, 1791, 0, 0);

INSERT INTO `meeting_individual_results` (`id`, `rank`, `is_play_off`, `is_out_of_race`, `is_disqualified`, `standard_points`, `meeting_individual_points`, `minutes`, `seconds`, `hundreds`, `meeting_program_id`, `swimmer_id`, `team_id`, `badge_id`, `user_id`, `created_at`, `updated_at`, `disqualification_code_type_id`, `goggle_cup_points`, `reaction_time`, `team_points`, `team_affiliation_id`, `is_personal_best`, `is_season_type_best`)
  VALUES (434072, 2, 1, 0, 0, 617.27, 617.27, 0, 42, 51, 73334, 11619, 296, 44096, 1, '2016-05-30 06:26:55', '2016-05-30 06:26:55', NULL, 0.0, 0.0, 0.0, 2140, 0, 0);

INSERT INTO `meeting_individual_results` (`id`, `rank`, `is_play_off`, `is_out_of_race`, `is_disqualified`, `standard_points`, `meeting_individual_points`, `minutes`, `seconds`, `hundreds`, `meeting_program_id`, `swimmer_id`, `team_id`, `badge_id`, `user_id`, `created_at`, `updated_at`, `disqualification_code_type_id`, `goggle_cup_points`, `reaction_time`, `team_points`, `team_affiliation_id`, `is_personal_best`, `is_season_type_best`)
  VALUES (434073, 1, 1, 0, 0, 803.9, 803.9, 0, 33, 30, 73335, 12065, 372, 36034, 1, '2016-05-30 06:26:55', '2016-05-30 06:26:55', NULL, 0.0, 0.0, 0.0, 1600, 0, 0);

INSERT INTO `meeting_individual_results` (`id`, `rank`, `is_play_off`, `is_out_of_race`, `is_disqualified`, `standard_points`, `meeting_individual_points`, `minutes`, `seconds`, `hundreds`, `meeting_program_id`, `swimmer_id`, `team_id`, `badge_id`, `user_id`, `created_at`, `updated_at`, `disqualification_code_type_id`, `goggle_cup_points`, `reaction_time`, `team_points`, `team_affiliation_id`, `is_personal_best`, `is_season_type_best`)
  VALUES (434074, 2, 1, 0, 0, 646.62, 646.62, 0, 41, 40, 73335, 11800, 589, 44075, 1, '2016-05-30 06:26:56', '2016-05-30 06:26:56', NULL, 0.0, 0.0, 0.0, 2350, 0, 0);

INSERT INTO `meeting_individual_results` (`id`, `rank`, `is_play_off`, `is_out_of_race`, `is_disqualified`, `standard_points`, `meeting_individual_points`, `minutes`, `seconds`, `hundreds`, `meeting_program_id`, `swimmer_id`, `team_id`, `badge_id`, `user_id`, `created_at`, `updated_at`, `disqualification_code_type_id`, `goggle_cup_points`, `reaction_time`, `team_points`, `team_affiliation_id`, `is_personal_best`, `is_season_type_best`)
  VALUES (434075, 3, 1, 0, 0, 585.78, 585.78, 0, 45, 70, 73335, 13236, 563, 44471, 1, '2016-05-30 06:26:56', '2016-05-30 06:26:56', NULL, 0.0, 0.0, 0.0, 2141, 0, 0);

INSERT INTO `meeting_individual_results` (`id`, `rank`, `is_play_off`, `is_out_of_race`, `is_disqualified`, `standard_points`, `meeting_individual_points`, `minutes`, `seconds`, `hundreds`, `meeting_program_id`, `swimmer_id`, `team_id`, `badge_id`, `user_id`, `created_at`, `updated_at`, `disqualification_code_type_id`, `goggle_cup_points`, `reaction_time`, `team_points`, `team_affiliation_id`, `is_personal_best`, `is_season_type_best`)
  VALUES (434076, 4, 1, 0, 0, 584.63, 584.63, 0, 45, 79, 73335, 20588, 210, 47176, 1, '2016-05-30 06:26:56', '2016-05-30 06:26:56', NULL, 0.0, 0.0, 0.0, 1599, 0, 0);

INSERT INTO `meeting_individual_results` (`id`, `rank`, `is_play_off`, `is_out_of_race`, `is_disqualified`, `standard_points`, `meeting_individual_points`, `minutes`, `seconds`, `hundreds`, `meeting_program_id`, `swimmer_id`, `team_id`, `badge_id`, `user_id`, `created_at`, `updated_at`, `disqualification_code_type_id`, `goggle_cup_points`, `reaction_time`, `team_points`, `team_affiliation_id`, `is_personal_best`, `is_season_type_best`)
  VALUES (434077, 1, 1, 0, 0, 616.65, 616.65, 0, 45, 52, 73336, 12297, 372, 44612, 1, '2016-05-30 06:26:56', '2016-05-30 06:26:56', NULL, 0.0, 0.0, 0.0, 1600, 0, 0);

INSERT INTO `meeting_individual_results` (`id`, `rank`, `is_play_off`, `is_out_of_race`, `is_disqualified`, `standard_points`, `meeting_individual_points`, `minutes`, `seconds`, `hundreds`, `meeting_program_id`, `swimmer_id`, `team_id`, `badge_id`, `user_id`, `created_at`, `updated_at`, `disqualification_code_type_id`, `goggle_cup_points`, `reaction_time`, `team_points`, `team_affiliation_id`, `is_personal_best`, `is_season_type_best`)
  VALUES (434078, 1, 1, 0, 0, 727.58, 727.58, 0, 42, 3, 73337, 11748, 563, 43966, 1, '2016-05-30 06:26:56', '2016-05-30 06:26:56', NULL, 0.0, 0.0, 0.0, 2141, 0, 0);

INSERT INTO `meeting_individual_results` (`id`, `rank`, `is_play_off`, `is_out_of_race`, `is_disqualified`, `standard_points`, `meeting_individual_points`, `minutes`, `seconds`, `hundreds`, `meeting_program_id`, `swimmer_id`, `team_id`, `badge_id`, `user_id`, `created_at`, `updated_at`, `disqualification_code_type_id`, `goggle_cup_points`, `reaction_time`, `team_points`, `team_affiliation_id`, `is_personal_best`, `is_season_type_best`)
  VALUES (434079, 1, 1, 0, 0, 0.0, 0.0, 0, 31, 63, 73338, 20625, 571, 44045, 1, '2016-05-30 06:26:56', '2016-05-30 06:26:56', NULL, 0.0, 0.0, 0.0, 2339, 0, 0);

INSERT INTO `meeting_individual_results` (`id`, `rank`, `is_play_off`, `is_out_of_race`, `is_disqualified`, `standard_points`, `meeting_individual_points`, `minutes`, `seconds`, `hundreds`, `meeting_program_id`, `swimmer_id`, `team_id`, `badge_id`, `user_id`, `created_at`, `updated_at`, `disqualification_code_type_id`, `goggle_cup_points`, `reaction_time`, `team_points`, `team_affiliation_id`, `is_personal_best`, `is_season_type_best`)
  VALUES (434080, 2, 1, 0, 0, 0.0, 0.0, 0, 35, 45, 73338, 27294, 724, 55371, 1, '2016-05-30 06:26:56', '2016-05-30 06:26:56', NULL, 0.0, 0.0, 0.0, 2002, 0, 0);

INSERT INTO `meeting_individual_results` (`id`, `rank`, `is_play_off`, `is_out_of_race`, `is_disqualified`, `standard_points`, `meeting_individual_points`, `minutes`, `seconds`, `hundreds`, `meeting_program_id`, `swimmer_id`, `team_id`, `badge_id`, `user_id`, `created_at`, `updated_at`, `disqualification_code_type_id`, `goggle_cup_points`, `reaction_time`, `team_points`, `team_affiliation_id`, `is_personal_best`, `is_season_type_best`)
  VALUES (434081, 1, 1, 0, 0, 833.46, 833.46, 0, 26, 72, 73339, 12042, 724, 43666, 1, '2016-05-30 06:26:56', '2016-05-30 06:26:56', NULL, 0.0, 0.0, 0.0, 2002, 0, 0);

INSERT INTO `meeting_individual_results` (`id`, `rank`, `is_play_off`, `is_out_of_race`, `is_disqualified`, `standard_points`, `meeting_individual_points`, `minutes`, `seconds`, `hundreds`, `meeting_program_id`, `swimmer_id`, `team_id`, `badge_id`, `user_id`, `created_at`, `updated_at`, `disqualification_code_type_id`, `goggle_cup_points`, `reaction_time`, `team_points`, `team_affiliation_id`, `is_personal_best`, `is_season_type_best`)
  VALUES (434082, 2, 1, 0, 0, 822.99, 822.99, 0, 27, 6, 73339, 12136, 724, 43695, 1, '2016-05-30 06:26:56', '2016-05-30 06:26:56', NULL, 0.0, 0.0, 0.0, 2002, 0, 0);

INSERT INTO `meeting_individual_results` (`id`, `rank`, `is_play_off`, `is_out_of_race`, `is_disqualified`, `standard_points`, `meeting_individual_points`, `minutes`, `seconds`, `hundreds`, `meeting_program_id`, `swimmer_id`, `team_id`, `badge_id`, `user_id`, `created_at`, `updated_at`, `disqualification_code_type_id`, `goggle_cup_points`, `reaction_time`, `team_points`, `team_affiliation_id`, `is_personal_best`, `is_season_type_best`)
  VALUES (434083, 3, 1, 0, 0, 801.08, 801.08, 0, 27, 80, 73339, 12363, 583, 44076, 1, '2016-05-30 06:26:56', '2016-05-30 06:26:56', NULL, 0.0, 0.0, 0.0, 2345, 0, 0);

INSERT INTO `meeting_individual_results` (`id`, `rank`, `is_play_off`, `is_out_of_race`, `is_disqualified`, `standard_points`, `meeting_individual_points`, `minutes`, `seconds`, `hundreds`, `meeting_program_id`, `swimmer_id`, `team_id`, `badge_id`, `user_id`, `created_at`, `updated_at`, `disqualification_code_type_id`, `goggle_cup_points`, `reaction_time`, `team_points`, `team_affiliation_id`, `is_personal_best`, `is_season_type_best`)
  VALUES (434084, 4, 1, 0, 0, 717.46, 717.46, 0, 31, 4, 73339, 23922, 922, 44078, 1, '2016-05-30 06:26:56', '2016-05-30 06:26:56', NULL, 0.0, 0.0, 0.0, 2147, 0, 0);

INSERT INTO `meeting_individual_results` (`id`, `rank`, `is_play_off`, `is_out_of_race`, `is_disqualified`, `standard_points`, `meeting_individual_points`, `minutes`, `seconds`, `hundreds`, `meeting_program_id`, `swimmer_id`, `team_id`, `badge_id`, `user_id`, `created_at`, `updated_at`, `disqualification_code_type_id`, `goggle_cup_points`, `reaction_time`, `team_points`, `team_affiliation_id`, `is_personal_best`, `is_season_type_best`)
  VALUES (434085, 5, 1, 0, 0, 690.97, 690.97, 0, 32, 23, 73339, 12456, 185, 43638, 1, '2016-05-30 06:26:56', '2016-05-30 06:26:56', NULL, 0.0, 0.0, 0.0, 1791, 0, 0);

INSERT INTO `meeting_individual_results` (`id`, `rank`, `is_play_off`, `is_out_of_race`, `is_disqualified`, `standard_points`, `meeting_individual_points`, `minutes`, `seconds`, `hundreds`, `meeting_program_id`, `swimmer_id`, `team_id`, `badge_id`, `user_id`, `created_at`, `updated_at`, `disqualification_code_type_id`, `goggle_cup_points`, `reaction_time`, `team_points`, `team_affiliation_id`, `is_personal_best`, `is_season_type_best`)
  VALUES (434086, 6, 1, 0, 0, 647.57, 647.57, 0, 34, 39, 73339, 24072, 724, 44526, 1, '2016-05-30 06:26:56', '2016-05-30 06:26:56', NULL, 0.0, 0.0, 0.0, 2002, 0, 0);

INSERT INTO `meeting_individual_results` (`id`, `rank`, `is_play_off`, `is_out_of_race`, `is_disqualified`, `standard_points`, `meeting_individual_points`, `minutes`, `seconds`, `hundreds`, `meeting_program_id`, `swimmer_id`, `team_id`, `badge_id`, `user_id`, `created_at`, `updated_at`, `disqualification_code_type_id`, `goggle_cup_points`, `reaction_time`, `team_points`, `team_affiliation_id`, `is_personal_best`, `is_season_type_best`)
  VALUES (434087, 1, 1, 0, 0, 824.26, 824.26, 0, 27, 20, 73340, 3187, 177, 44140, 1, '2016-05-30 06:26:56', '2016-05-30 06:26:56', NULL, 0.0, 0.0, 0.0, 2225, 0, 0);

INSERT INTO `meeting_individual_results` (`id`, `rank`, `is_play_off`, `is_out_of_race`, `is_disqualified`, `standard_points`, `meeting_individual_points`, `minutes`, `seconds`, `hundreds`, `meeting_program_id`, `swimmer_id`, `team_id`, `badge_id`, `user_id`, `created_at`, `updated_at`, `disqualification_code_type_id`, `goggle_cup_points`, `reaction_time`, `team_points`, `team_affiliation_id`, `is_personal_best`, `is_season_type_best`)
  VALUES (434088, 2, 1, 0, 0, 774.71, 774.71, 0, 28, 94, 73340, 13283, 589, 44111, 1, '2016-05-30 06:26:56', '2016-05-30 06:26:56', NULL, 0.0, 0.0, 0.0, 2350, 0, 0);

INSERT INTO `meeting_individual_results` (`id`, `rank`, `is_play_off`, `is_out_of_race`, `is_disqualified`, `standard_points`, `meeting_individual_points`, `minutes`, `seconds`, `hundreds`, `meeting_program_id`, `swimmer_id`, `team_id`, `badge_id`, `user_id`, `created_at`, `updated_at`, `disqualification_code_type_id`, `goggle_cup_points`, `reaction_time`, `team_points`, `team_affiliation_id`, `is_personal_best`, `is_season_type_best`)
  VALUES (434089, 1, 1, 0, 0, 816.39, 816.39, 0, 27, 94, 73341, 11893, 577, 43823, 1, '2016-05-30 06:26:57', '2016-05-30 06:26:57', NULL, 0.0, 0.0, 0.0, 2144, 0, 0);

INSERT INTO `meeting_individual_results` (`id`, `rank`, `is_play_off`, `is_out_of_race`, `is_disqualified`, `standard_points`, `meeting_individual_points`, `minutes`, `seconds`, `hundreds`, `meeting_program_id`, `swimmer_id`, `team_id`, `badge_id`, `user_id`, `created_at`, `updated_at`, `disqualification_code_type_id`, `goggle_cup_points`, `reaction_time`, `team_points`, `team_affiliation_id`, `is_personal_best`, `is_season_type_best`)
  VALUES (434090, 2, 1, 0, 0, 786.01, 786.01, 0, 29, 2, 73341, 3308, 185, 35355, 1, '2016-05-30 06:26:57', '2016-05-30 06:26:57', NULL, 0.0, 0.0, 0.0, 1791, 0, 0);

INSERT INTO `meeting_individual_results` (`id`, `rank`, `is_play_off`, `is_out_of_race`, `is_disqualified`, `standard_points`, `meeting_individual_points`, `minutes`, `seconds`, `hundreds`, `meeting_program_id`, `swimmer_id`, `team_id`, `badge_id`, `user_id`, `created_at`, `updated_at`, `disqualification_code_type_id`, `goggle_cup_points`, `reaction_time`, `team_points`, `team_affiliation_id`, `is_personal_best`, `is_season_type_best`)
  VALUES (434091, 3, 1, 0, 0, 721.84, 721.84, 0, 31, 60, 73341, 11939, 584, 44547, 1, '2016-05-30 06:26:57', '2016-05-30 06:26:57', NULL, 0.0, 0.0, 0.0, 2344, 0, 0);

INSERT INTO `meeting_individual_results` (`id`, `rank`, `is_play_off`, `is_out_of_race`, `is_disqualified`, `standard_points`, `meeting_individual_points`, `minutes`, `seconds`, `hundreds`, `meeting_program_id`, `swimmer_id`, `team_id`, `badge_id`, `user_id`, `created_at`, `updated_at`, `disqualification_code_type_id`, `goggle_cup_points`, `reaction_time`, `team_points`, `team_affiliation_id`, `is_personal_best`, `is_season_type_best`)
  VALUES (434092, 4, 1, 0, 0, 704.01, 704.01, 0, 32, 40, 73341, 13206, 584, 44725, 1, '2016-05-30 06:26:57', '2016-05-30 06:26:57', NULL, 0.0, 0.0, 0.0, 2344, 0, 0);

INSERT INTO `meeting_individual_results` (`id`, `rank`, `is_play_off`, `is_out_of_race`, `is_disqualified`, `standard_points`, `meeting_individual_points`, `minutes`, `seconds`, `hundreds`, `meeting_program_id`, `swimmer_id`, `team_id`, `badge_id`, `user_id`, `created_at`, `updated_at`, `disqualification_code_type_id`, `goggle_cup_points`, `reaction_time`, `team_points`, `team_affiliation_id`, `is_personal_best`, `is_season_type_best`)
  VALUES (434093, 5, 1, 0, 0, 656.97, 656.97, 0, 34, 72, 73341, 24081, 571, 44549, 1, '2016-05-30 06:26:57', '2016-05-30 06:26:57', NULL, 0.0, 0.0, 0.0, 2339, 0, 0);

INSERT INTO `meeting_individual_results` (`id`, `rank`, `is_play_off`, `is_out_of_race`, `is_disqualified`, `standard_points`, `meeting_individual_points`, `minutes`, `seconds`, `hundreds`, `meeting_program_id`, `swimmer_id`, `team_id`, `badge_id`, `user_id`, `created_at`, `updated_at`, `disqualification_code_type_id`, `goggle_cup_points`, `reaction_time`, `team_points`, `team_affiliation_id`, `is_personal_best`, `is_season_type_best`)
  VALUES (434094, 6, 1, 0, 0, 638.22, 638.22, 0, 35, 74, 73341, 15581, 208, 43876, 1, '2016-05-30 06:26:57', '2016-05-30 06:26:57', NULL, 0.0, 0.0, 0.0, 2349, 0, 0);

INSERT INTO `meeting_individual_results` (`id`, `rank`, `is_play_off`, `is_out_of_race`, `is_disqualified`, `standard_points`, `meeting_individual_points`, `minutes`, `seconds`, `hundreds`, `meeting_program_id`, `swimmer_id`, `team_id`, `badge_id`, `user_id`, `created_at`, `updated_at`, `disqualification_code_type_id`, `goggle_cup_points`, `reaction_time`, `team_points`, `team_affiliation_id`, `is_personal_best`, `is_season_type_best`)
  VALUES (434095, 7, 1, 0, 0, 582.18, 582.18, 0, 39, 18, 73341, 20271, 564, 43766, 1, '2016-05-30 06:26:57', '2016-05-30 06:26:57', NULL, 0.0, 0.0, 0.0, 2143, 0, 0);

INSERT INTO `meeting_individual_results` (`id`, `rank`, `is_play_off`, `is_out_of_race`, `is_disqualified`, `standard_points`, `meeting_individual_points`, `minutes`, `seconds`, `hundreds`, `meeting_program_id`, `swimmer_id`, `team_id`, `badge_id`, `user_id`, `created_at`, `updated_at`, `disqualification_code_type_id`, `goggle_cup_points`, `reaction_time`, `team_points`, `team_affiliation_id`, `is_personal_best`, `is_season_type_best`)
  VALUES (434096, 1, 1, 0, 0, 738.73, 738.73, 0, 31, 73, 73342, 12090, 573, 44107, 1, '2016-05-30 06:26:57', '2016-05-30 06:26:57', NULL, 0.0, 0.0, 0.0, 2407, 0, 0);

INSERT INTO `meeting_individual_results` (`id`, `rank`, `is_play_off`, `is_out_of_race`, `is_disqualified`, `standard_points`, `meeting_individual_points`, `minutes`, `seconds`, `hundreds`, `meeting_program_id`, `swimmer_id`, `team_id`, `badge_id`, `user_id`, `created_at`, `updated_at`, `disqualification_code_type_id`, `goggle_cup_points`, `reaction_time`, `team_points`, `team_affiliation_id`, `is_personal_best`, `is_season_type_best`)
  VALUES (434097, 2, 1, 0, 0, 718.58, 718.58, 0, 32, 62, 73342, 12029, 563, 43838, 1, '2016-05-30 06:26:57', '2016-05-30 06:26:57', NULL, 0.0, 0.0, 0.0, 2141, 0, 0);

INSERT INTO `meeting_individual_results` (`id`, `rank`, `is_play_off`, `is_out_of_race`, `is_disqualified`, `standard_points`, `meeting_individual_points`, `minutes`, `seconds`, `hundreds`, `meeting_program_id`, `swimmer_id`, `team_id`, `badge_id`, `user_id`, `created_at`, `updated_at`, `disqualification_code_type_id`, `goggle_cup_points`, `reaction_time`, `team_points`, `team_affiliation_id`, `is_personal_best`, `is_season_type_best`)
  VALUES (434098, 3, 1, 0, 0, 703.06, 703.06, 0, 33, 34, 73342, 15521, 563, 45533, 1, '2016-05-30 06:26:57', '2016-05-30 06:26:57', NULL, 0.0, 0.0, 0.0, 2141, 0, 0);

INSERT INTO `meeting_individual_results` (`id`, `rank`, `is_play_off`, `is_out_of_race`, `is_disqualified`, `standard_points`, `meeting_individual_points`, `minutes`, `seconds`, `hundreds`, `meeting_program_id`, `swimmer_id`, `team_id`, `badge_id`, `user_id`, `created_at`, `updated_at`, `disqualification_code_type_id`, `goggle_cup_points`, `reaction_time`, `team_points`, `team_affiliation_id`, `is_personal_best`, `is_season_type_best`)
  VALUES (434099, 4, 1, 0, 0, 679.42, 679.42, 0, 34, 50, 73342, 20847, 584, 45451, 1, '2016-05-30 06:26:57', '2016-05-30 06:26:57', NULL, 0.0, 0.0, 0.0, 2344, 0, 0);

INSERT INTO `meeting_individual_results` (`id`, `rank`, `is_play_off`, `is_out_of_race`, `is_disqualified`, `standard_points`, `meeting_individual_points`, `minutes`, `seconds`, `hundreds`, `meeting_program_id`, `swimmer_id`, `team_id`, `badge_id`, `user_id`, `created_at`, `updated_at`, `disqualification_code_type_id`, `goggle_cup_points`, `reaction_time`, `team_points`, `team_affiliation_id`, `is_personal_best`, `is_season_type_best`)
  VALUES (434100, 5, 1, 0, 0, 614.26, 614.26, 0, 38, 16, 73342, 20565, 591, 43772, 1, '2016-05-30 06:26:57', '2016-05-30 06:26:57', NULL, 0.0, 0.0, 0.0, 2352, 0, 0);

INSERT INTO `meeting_individual_results` (`id`, `rank`, `is_play_off`, `is_out_of_race`, `is_disqualified`, `standard_points`, `meeting_individual_points`, `minutes`, `seconds`, `hundreds`, `meeting_program_id`, `swimmer_id`, `team_id`, `badge_id`, `user_id`, `created_at`, `updated_at`, `disqualification_code_type_id`, `goggle_cup_points`, `reaction_time`, `team_points`, `team_affiliation_id`, `is_personal_best`, `is_season_type_best`)
  VALUES (434101, 1, 1, 0, 0, 702.62, 702.62, 0, 34, 3, 73343, 19796, 564, 43921, 1, '2016-05-30 06:26:58', '2016-05-30 06:26:58', NULL, 0.0, 0.0, 0.0, 2143, 0, 0);

INSERT INTO `meeting_individual_results` (`id`, `rank`, `is_play_off`, `is_out_of_race`, `is_disqualified`, `standard_points`, `meeting_individual_points`, `minutes`, `seconds`, `hundreds`, `meeting_program_id`, `swimmer_id`, `team_id`, `badge_id`, `user_id`, `created_at`, `updated_at`, `disqualification_code_type_id`, `goggle_cup_points`, `reaction_time`, `team_points`, `team_affiliation_id`, `is_personal_best`, `is_season_type_best`)
  VALUES (434102, 2, 1, 0, 0, 664.91, 664.91, 0, 35, 96, 73343, 12193, 563, 44569, 1, '2016-05-30 06:26:58', '2016-05-30 06:26:58', NULL, 0.0, 0.0, 0.0, 2141, 0, 0);

INSERT INTO `meeting_individual_results` (`id`, `rank`, `is_play_off`, `is_out_of_race`, `is_disqualified`, `standard_points`, `meeting_individual_points`, `minutes`, `seconds`, `hundreds`, `meeting_program_id`, `swimmer_id`, `team_id`, `badge_id`, `user_id`, `created_at`, `updated_at`, `disqualification_code_type_id`, `goggle_cup_points`, `reaction_time`, `team_points`, `team_affiliation_id`, `is_personal_best`, `is_season_type_best`)
  VALUES (434103, 3, 1, 0, 0, 636.07, 636.07, 0, 37, 59, 73343, 20241, 296, 44067, 1, '2016-05-30 06:26:58', '2016-05-30 06:26:58', NULL, 0.0, 0.0, 0.0, 2140, 0, 0);

INSERT INTO `meeting_individual_results` (`id`, `rank`, `is_play_off`, `is_out_of_race`, `is_disqualified`, `standard_points`, `meeting_individual_points`, `minutes`, `seconds`, `hundreds`, `meeting_program_id`, `swimmer_id`, `team_id`, `badge_id`, `user_id`, `created_at`, `updated_at`, `disqualification_code_type_id`, `goggle_cup_points`, `reaction_time`, `team_points`, `team_affiliation_id`, `is_personal_best`, `is_season_type_best`)
  VALUES (434104, 4, 1, 0, 0, 615.44, 615.44, 0, 38, 85, 73343, 23939, 589, 44058, 1, '2016-05-30 06:26:58', '2016-05-30 06:26:58', NULL, 0.0, 0.0, 0.0, 2350, 0, 0);

INSERT INTO `meeting_individual_results` (`id`, `rank`, `is_play_off`, `is_out_of_race`, `is_disqualified`, `standard_points`, `meeting_individual_points`, `minutes`, `seconds`, `hundreds`, `meeting_program_id`, `swimmer_id`, `team_id`, `badge_id`, `user_id`, `created_at`, `updated_at`, `disqualification_code_type_id`, `goggle_cup_points`, `reaction_time`, `team_points`, `team_affiliation_id`, `is_personal_best`, `is_season_type_best`)
  VALUES (434105, 1, 1, 0, 0, 798.7, 798.7, 0, 30, 85, 73344, 23860, 577, 44006, 1, '2016-05-30 06:26:58', '2016-05-30 06:26:58', NULL, 0.0, 0.0, 0.0, 2144, 0, 0);

INSERT INTO `meeting_individual_results` (`id`, `rank`, `is_play_off`, `is_out_of_race`, `is_disqualified`, `standard_points`, `meeting_individual_points`, `minutes`, `seconds`, `hundreds`, `meeting_program_id`, `swimmer_id`, `team_id`, `badge_id`, `user_id`, `created_at`, `updated_at`, `disqualification_code_type_id`, `goggle_cup_points`, `reaction_time`, `team_points`, `team_affiliation_id`, `is_personal_best`, `is_season_type_best`)
  VALUES (434106, 2, 1, 0, 0, 704.2, 704.2, 0, 34, 99, 73344, 15400, 577, 43777, 1, '2016-05-30 06:26:58', '2016-05-30 06:26:58', NULL, 0.0, 0.0, 0.0, 2144, 0, 0);

INSERT INTO `meeting_individual_results` (`id`, `rank`, `is_play_off`, `is_out_of_race`, `is_disqualified`, `standard_points`, `meeting_individual_points`, `minutes`, `seconds`, `hundreds`, `meeting_program_id`, `swimmer_id`, `team_id`, `badge_id`, `user_id`, `created_at`, `updated_at`, `disqualification_code_type_id`, `goggle_cup_points`, `reaction_time`, `team_points`, `team_affiliation_id`, `is_personal_best`, `is_season_type_best`)
  VALUES (434107, 3, 1, 0, 0, 552.34, 552.34, 0, 44, 61, 73344, 11587, 190, 34243, 1, '2016-05-30 06:26:58', '2016-05-30 06:26:58', NULL, 0.0, 0.0, 0.0, 1685, 0, 0);

INSERT INTO `meeting_individual_results` (`id`, `rank`, `is_play_off`, `is_out_of_race`, `is_disqualified`, `standard_points`, `meeting_individual_points`, `minutes`, `seconds`, `hundreds`, `meeting_program_id`, `swimmer_id`, `team_id`, `badge_id`, `user_id`, `created_at`, `updated_at`, `disqualification_code_type_id`, `goggle_cup_points`, `reaction_time`, `team_points`, `team_affiliation_id`, `is_personal_best`, `is_season_type_best`)
  VALUES (434108, 1, 1, 0, 0, 796.91, 796.91, 0, 31, 71, 73345, 11965, 577, 43860, 1, '2016-05-30 06:26:58', '2016-05-30 06:26:58', NULL, 0.0, 0.0, 0.0, 2144, 0, 0);

INSERT INTO `meeting_individual_results` (`id`, `rank`, `is_play_off`, `is_out_of_race`, `is_disqualified`, `standard_points`, `meeting_individual_points`, `minutes`, `seconds`, `hundreds`, `meeting_program_id`, `swimmer_id`, `team_id`, `badge_id`, `user_id`, `created_at`, `updated_at`, `disqualification_code_type_id`, `goggle_cup_points`, `reaction_time`, `team_points`, `team_affiliation_id`, `is_personal_best`, `is_season_type_best`)
  VALUES (434109, 2, 1, 0, 0, 772.78, 772.78, 0, 32, 70, 73345, 12212, 578, 43859, 1, '2016-05-30 06:26:58', '2016-05-30 06:26:58', NULL, 0.0, 0.0, 0.0, 2340, 0, 0);

INSERT INTO `meeting_individual_results` (`id`, `rank`, `is_play_off`, `is_out_of_race`, `is_disqualified`, `standard_points`, `meeting_individual_points`, `minutes`, `seconds`, `hundreds`, `meeting_program_id`, `swimmer_id`, `team_id`, `badge_id`, `user_id`, `created_at`, `updated_at`, `disqualification_code_type_id`, `goggle_cup_points`, `reaction_time`, `team_points`, `team_affiliation_id`, `is_personal_best`, `is_season_type_best`)
  VALUES (434110, 3, 1, 0, 0, 769.49, 769.49, 0, 32, 84, 73345, 23897, 296, 43684, 1, '2016-05-30 06:26:58', '2016-05-30 06:26:58', NULL, 0.0, 0.0, 0.0, 2140, 0, 0);

INSERT INTO `meeting_individual_results` (`id`, `rank`, `is_play_off`, `is_out_of_race`, `is_disqualified`, `standard_points`, `meeting_individual_points`, `minutes`, `seconds`, `hundreds`, `meeting_program_id`, `swimmer_id`, `team_id`, `badge_id`, `user_id`, `created_at`, `updated_at`, `disqualification_code_type_id`, `goggle_cup_points`, `reaction_time`, `team_points`, `team_affiliation_id`, `is_personal_best`, `is_season_type_best`)
  VALUES (434111, 4, 1, 0, 0, 668.87, 668.87, 0, 37, 78, 73345, 24475, 724, 45503, 1, '2016-05-30 06:26:58', '2016-05-30 06:26:58', NULL, 0.0, 0.0, 0.0, 2002, 0, 0);

INSERT INTO `meeting_individual_results` (`id`, `rank`, `is_play_off`, `is_out_of_race`, `is_disqualified`, `standard_points`, `meeting_individual_points`, `minutes`, `seconds`, `hundreds`, `meeting_program_id`, `swimmer_id`, `team_id`, `badge_id`, `user_id`, `created_at`, `updated_at`, `disqualification_code_type_id`, `goggle_cup_points`, `reaction_time`, `team_points`, `team_affiliation_id`, `is_personal_best`, `is_season_type_best`)
  VALUES (434112, 5, 1, 0, 0, 609.8, 609.8, 0, 41, 44, 73345, 12353, 563, 43862, 1, '2016-05-30 06:26:58', '2016-05-30 06:26:58', NULL, 0.0, 0.0, 0.0, 2141, 0, 0);

INSERT INTO `meeting_individual_results` (`id`, `rank`, `is_play_off`, `is_out_of_race`, `is_disqualified`, `standard_points`, `meeting_individual_points`, `minutes`, `seconds`, `hundreds`, `meeting_program_id`, `swimmer_id`, `team_id`, `badge_id`, `user_id`, `created_at`, `updated_at`, `disqualification_code_type_id`, `goggle_cup_points`, `reaction_time`, `team_points`, `team_affiliation_id`, `is_personal_best`, `is_season_type_best`)
  VALUES (434113, 1, 1, 0, 0, 738.83, 738.83, 0, 35, 15, 73346, 18315, 969, 55373, 1, '2016-05-30 06:26:58', '2016-05-30 06:26:58', NULL, 0.0, 0.0, 0.0, 2409, 0, 0);

INSERT INTO `meeting_individual_results` (`id`, `rank`, `is_play_off`, `is_out_of_race`, `is_disqualified`, `standard_points`, `meeting_individual_points`, `minutes`, `seconds`, `hundreds`, `meeting_program_id`, `swimmer_id`, `team_id`, `badge_id`, `user_id`, `created_at`, `updated_at`, `disqualification_code_type_id`, `goggle_cup_points`, `reaction_time`, `team_points`, `team_affiliation_id`, `is_personal_best`, `is_season_type_best`)
  VALUES (434114, 2, 1, 0, 0, 452.12, 452.12, 0, 57, 44, 73346, 12144, 571, 44059, 1, '2016-05-30 06:26:59', '2016-05-30 06:26:59', NULL, 0.0, 0.0, 0.0, 2339, 0, 0);

INSERT INTO `meeting_individual_results` (`id`, `rank`, `is_play_off`, `is_out_of_race`, `is_disqualified`, `standard_points`, `meeting_individual_points`, `minutes`, `seconds`, `hundreds`, `meeting_program_id`, `swimmer_id`, `team_id`, `badge_id`, `user_id`, `created_at`, `updated_at`, `disqualification_code_type_id`, `goggle_cup_points`, `reaction_time`, `team_points`, `team_affiliation_id`, `is_personal_best`, `is_season_type_best`)
  VALUES (434115, 1, 1, 0, 0, 528.85, 528.85, 0, 51, 13, 73347, 13287, 584, 44018, 1, '2016-05-30 06:26:59', '2016-05-30 06:26:59', NULL, 0.0, 0.0, 0.0, 2344, 0, 0);

INSERT INTO `meeting_individual_results` (`id`, `rank`, `is_play_off`, `is_out_of_race`, `is_disqualified`, `standard_points`, `meeting_individual_points`, `minutes`, `seconds`, `hundreds`, `meeting_program_id`, `swimmer_id`, `team_id`, `badge_id`, `user_id`, `created_at`, `updated_at`, `disqualification_code_type_id`, `goggle_cup_points`, `reaction_time`, `team_points`, `team_affiliation_id`, `is_personal_best`, `is_season_type_best`)
  VALUES (434116, 2, 1, 0, 0, 461.99, 461.99, 0, 58, 53, 73347, 19803, 183, 37848, 1, '2016-05-30 06:26:59', '2016-05-30 06:26:59', NULL, 0.0, 0.0, 0.0, 2408, 0, 0);

INSERT INTO `meeting_individual_results` (`id`, `rank`, `is_play_off`, `is_out_of_race`, `is_disqualified`, `standard_points`, `meeting_individual_points`, `minutes`, `seconds`, `hundreds`, `meeting_program_id`, `swimmer_id`, `team_id`, `badge_id`, `user_id`, `created_at`, `updated_at`, `disqualification_code_type_id`, `goggle_cup_points`, `reaction_time`, `team_points`, `team_affiliation_id`, `is_personal_best`, `is_season_type_best`)
  VALUES (434117, 1, 1, 0, 0, 0.0, 0.0, 0, 26, 73, 73348, 12314, 724, 44117, 1, '2016-05-30 06:26:59', '2016-05-30 06:26:59', NULL, 0.0, 0.0, 0.0, 2002, 0, 0);

INSERT INTO `meeting_individual_results` (`id`, `rank`, `is_play_off`, `is_out_of_race`, `is_disqualified`, `standard_points`, `meeting_individual_points`, `minutes`, `seconds`, `hundreds`, `meeting_program_id`, `swimmer_id`, `team_id`, `badge_id`, `user_id`, `created_at`, `updated_at`, `disqualification_code_type_id`, `goggle_cup_points`, `reaction_time`, `team_points`, `team_affiliation_id`, `is_personal_best`, `is_season_type_best`)
  VALUES (434118, 2, 1, 0, 0, 0.0, 0.0, 0, 27, 18, 73348, 20317, 564, 43927, 1, '2016-05-30 06:26:59', '2016-05-30 06:26:59', NULL, 0.0, 0.0, 0.0, 2143, 0, 0);

INSERT INTO `meeting_individual_results` (`id`, `rank`, `is_play_off`, `is_out_of_race`, `is_disqualified`, `standard_points`, `meeting_individual_points`, `minutes`, `seconds`, `hundreds`, `meeting_program_id`, `swimmer_id`, `team_id`, `badge_id`, `user_id`, `created_at`, `updated_at`, `disqualification_code_type_id`, `goggle_cup_points`, `reaction_time`, `team_points`, `team_affiliation_id`, `is_personal_best`, `is_season_type_best`)
  VALUES (434119, 3, 1, 0, 0, 0.0, 0.0, 0, 28, 78, 73348, 23921, 804, 44038, 1, '2016-05-30 06:26:59', '2016-05-30 06:26:59', NULL, 0.0, 0.0, 0.0, 2142, 0, 0);

INSERT INTO `meeting_individual_results` (`id`, `rank`, `is_play_off`, `is_out_of_race`, `is_disqualified`, `standard_points`, `meeting_individual_points`, `minutes`, `seconds`, `hundreds`, `meeting_program_id`, `swimmer_id`, `team_id`, `badge_id`, `user_id`, `created_at`, `updated_at`, `disqualification_code_type_id`, `goggle_cup_points`, `reaction_time`, `team_points`, `team_affiliation_id`, `is_personal_best`, `is_season_type_best`)
  VALUES (434120, 4, 1, 0, 0, 0.0, 0.0, 0, 30, 31, 73348, 20580, 922, 43874, 1, '2016-05-30 06:26:59', '2016-05-30 06:26:59', NULL, 0.0, 0.0, 0.0, 2147, 0, 0);

INSERT INTO `meeting_individual_results` (`id`, `rank`, `is_play_off`, `is_out_of_race`, `is_disqualified`, `standard_points`, `meeting_individual_points`, `minutes`, `seconds`, `hundreds`, `meeting_program_id`, `swimmer_id`, `team_id`, `badge_id`, `user_id`, `created_at`, `updated_at`, `disqualification_code_type_id`, `goggle_cup_points`, `reaction_time`, `team_points`, `team_affiliation_id`, `is_personal_best`, `is_season_type_best`)
  VALUES (434121, 5, 1, 0, 0, 0.0, 0.0, 0, 33, 65, 73348, 23934, 571, 44093, 1, '2016-05-30 06:26:59', '2016-05-30 06:26:59', NULL, 0.0, 0.0, 0.0, 2339, 0, 0);

INSERT INTO `meeting_individual_results` (`id`, `rank`, `is_play_off`, `is_out_of_race`, `is_disqualified`, `standard_points`, `meeting_individual_points`, `minutes`, `seconds`, `hundreds`, `meeting_program_id`, `swimmer_id`, `team_id`, `badge_id`, `user_id`, `created_at`, `updated_at`, `disqualification_code_type_id`, `goggle_cup_points`, `reaction_time`, `team_points`, `team_affiliation_id`, `is_personal_best`, `is_season_type_best`)
  VALUES (434122, 6, 1, 0, 0, 0.0, 0.0, 0, 34, 82, 73348, 20591, 571, 44599, 1, '2016-05-30 06:26:59', '2016-05-30 06:26:59', NULL, 0.0, 0.0, 0.0, 2339, 0, 0);

INSERT INTO `meeting_team_scores` (`id`, `sum_individual_points`, `sum_relay_points`, `team_id`, `meeting_id`, `created_at`, `updated_at`, `rank`, `user_id`, `sum_team_points`, `meeting_individual_points`, `meeting_relay_points`, `meeting_team_points`, `season_individual_points`, `season_relay_points`, `season_team_points`, `season_id`, `team_affiliation_id`)
  VALUES (17264, 12702.23, 0.0, 372, 15338, '2016-05-30 06:26:59', '2016-05-30 06:26:59', 0, 1, 0.0, 0.0, 0.0, 0.0, 0.0, 0.0, 0.0, 152, 1600);

INSERT INTO `meeting_team_scores` (`id`, `sum_individual_points`, `sum_relay_points`, `team_id`, `meeting_id`, `created_at`, `updated_at`, `rank`, `user_id`, `sum_team_points`, `meeting_individual_points`, `meeting_relay_points`, `meeting_team_points`, `season_individual_points`, `season_relay_points`, `season_team_points`, `season_id`, `team_affiliation_id`)
  VALUES (17265, 11298.5, 0.0, 724, 15338, '2016-05-30 06:26:59', '2016-05-30 06:26:59', 0, 1, 0.0, 0.0, 0.0, 0.0, 0.0, 0.0, 0.0, 152, 2002);

INSERT INTO `meeting_team_scores` (`id`, `sum_individual_points`, `sum_relay_points`, `team_id`, `meeting_id`, `created_at`, `updated_at`, `rank`, `user_id`, `sum_team_points`, `meeting_individual_points`, `meeting_relay_points`, `meeting_team_points`, `season_individual_points`, `season_relay_points`, `season_team_points`, `season_id`, `team_affiliation_id`)
  VALUES (17266, 9051.5, 0.0, 571, 15338, '2016-05-30 06:26:59', '2016-05-30 06:26:59', 0, 1, 0.0, 0.0, 0.0, 0.0, 0.0, 0.0, 0.0, 152, 2339);

INSERT INTO `meeting_team_scores` (`id`, `sum_individual_points`, `sum_relay_points`, `team_id`, `meeting_id`, `created_at`, `updated_at`, `rank`, `user_id`, `sum_team_points`, `meeting_individual_points`, `meeting_relay_points`, `meeting_team_points`, `season_individual_points`, `season_relay_points`, `season_team_points`, `season_id`, `team_affiliation_id`)
  VALUES (17267, 8036.3, 0.0, 563, 15338, '2016-05-30 06:26:59', '2016-05-30 06:26:59', 0, 1, 0.0, 0.0, 0.0, 0.0, 0.0, 0.0, 0.0, 152, 2141);

INSERT INTO `meeting_team_scores` (`id`, `sum_individual_points`, `sum_relay_points`, `team_id`, `meeting_id`, `created_at`, `updated_at`, `rank`, `user_id`, `sum_team_points`, `meeting_individual_points`, `meeting_relay_points`, `meeting_team_points`, `season_individual_points`, `season_relay_points`, `season_team_points`, `season_id`, `team_affiliation_id`)
  VALUES (17268, 7413.55, 0.0, 577, 15338, '2016-05-30 06:26:59', '2016-05-30 06:26:59', 0, 1, 0.0, 0.0, 0.0, 0.0, 0.0, 0.0, 0.0, 152, 2144);

INSERT INTO `meeting_team_scores` (`id`, `sum_individual_points`, `sum_relay_points`, `team_id`, `meeting_id`, `created_at`, `updated_at`, `rank`, `user_id`, `sum_team_points`, `meeting_individual_points`, `meeting_relay_points`, `meeting_team_points`, `season_individual_points`, `season_relay_points`, `season_team_points`, `season_id`, `team_affiliation_id`)
  VALUES (17269, 7367.6, 0.0, 185, 15338, '2016-05-30 06:26:59', '2016-05-30 06:26:59', 0, 1, 0.0, 0.0, 0.0, 0.0, 0.0, 0.0, 0.0, 152, 1791);

INSERT INTO `meeting_team_scores` (`id`, `sum_individual_points`, `sum_relay_points`, `team_id`, `meeting_id`, `created_at`, `updated_at`, `rank`, `user_id`, `sum_team_points`, `meeting_individual_points`, `meeting_relay_points`, `meeting_team_points`, `season_individual_points`, `season_relay_points`, `season_team_points`, `season_id`, `team_affiliation_id`)
  VALUES (17270, 6607.88, 0.0, 589, 15338, '2016-05-30 06:26:59', '2016-05-30 06:26:59', 0, 1, 0.0, 0.0, 0.0, 0.0, 0.0, 0.0, 0.0, 152, 2350);

INSERT INTO `meeting_team_scores` (`id`, `sum_individual_points`, `sum_relay_points`, `team_id`, `meeting_id`, `created_at`, `updated_at`, `rank`, `user_id`, `sum_team_points`, `meeting_individual_points`, `meeting_relay_points`, `meeting_team_points`, `season_individual_points`, `season_relay_points`, `season_team_points`, `season_id`, `team_affiliation_id`)
  VALUES (17271, 5498.23, 0.0, 584, 15338, '2016-05-30 06:27:00', '2016-05-30 06:27:00', 0, 1, 0.0, 0.0, 0.0, 0.0, 0.0, 0.0, 0.0, 152, 2344);

INSERT INTO `meeting_team_scores` (`id`, `sum_individual_points`, `sum_relay_points`, `team_id`, `meeting_id`, `created_at`, `updated_at`, `rank`, `user_id`, `sum_team_points`, `meeting_individual_points`, `meeting_relay_points`, `meeting_team_points`, `season_individual_points`, `season_relay_points`, `season_team_points`, `season_id`, `team_affiliation_id`)
  VALUES (17272, 5386.26, 0.0, 296, 15338, '2016-05-30 06:27:00', '2016-05-30 06:27:00', 0, 1, 0.0, 0.0, 0.0, 0.0, 0.0, 0.0, 0.0, 152, 2140);

INSERT INTO `meeting_team_scores` (`id`, `sum_individual_points`, `sum_relay_points`, `team_id`, `meeting_id`, `created_at`, `updated_at`, `rank`, `user_id`, `sum_team_points`, `meeting_individual_points`, `meeting_relay_points`, `meeting_team_points`, `season_individual_points`, `season_relay_points`, `season_team_points`, `season_id`, `team_affiliation_id`)
  VALUES (17273, 4021.59, 0.0, 564, 15338, '2016-05-30 06:27:00', '2016-05-30 06:27:00', 0, 1, 0.0, 0.0, 0.0, 0.0, 0.0, 0.0, 0.0, 152, 2143);

INSERT INTO `meeting_team_scores` (`id`, `sum_individual_points`, `sum_relay_points`, `team_id`, `meeting_id`, `created_at`, `updated_at`, `rank`, `user_id`, `sum_team_points`, `meeting_individual_points`, `meeting_relay_points`, `meeting_team_points`, `season_individual_points`, `season_relay_points`, `season_team_points`, `season_id`, `team_affiliation_id`)
  VALUES (17274, 3417.49, 0.0, 190, 15338, '2016-05-30 06:27:00', '2016-05-30 06:27:00', 0, 1, 0.0, 0.0, 0.0, 0.0, 0.0, 0.0, 0.0, 152, 1685);

INSERT INTO `meeting_team_scores` (`id`, `sum_individual_points`, `sum_relay_points`, `team_id`, `meeting_id`, `created_at`, `updated_at`, `rank`, `user_id`, `sum_team_points`, `meeting_individual_points`, `meeting_relay_points`, `meeting_team_points`, `season_individual_points`, `season_relay_points`, `season_team_points`, `season_id`, `team_affiliation_id`)
  VALUES (17275, 3400.58, 0.0, 922, 15338, '2016-05-30 06:27:00', '2016-05-30 06:27:00', 0, 1, 0.0, 0.0, 0.0, 0.0, 0.0, 0.0, 0.0, 152, 2147);

INSERT INTO `meeting_team_scores` (`id`, `sum_individual_points`, `sum_relay_points`, `team_id`, `meeting_id`, `created_at`, `updated_at`, `rank`, `user_id`, `sum_team_points`, `meeting_individual_points`, `meeting_relay_points`, `meeting_team_points`, `season_individual_points`, `season_relay_points`, `season_team_points`, `season_id`, `team_affiliation_id`)
  VALUES (17276, 3023.02, 0.0, 583, 15338, '2016-05-30 06:27:00', '2016-05-30 06:27:00', 0, 1, 0.0, 0.0, 0.0, 0.0, 0.0, 0.0, 0.0, 152, 2345);

INSERT INTO `meeting_team_scores` (`id`, `sum_individual_points`, `sum_relay_points`, `team_id`, `meeting_id`, `created_at`, `updated_at`, `rank`, `user_id`, `sum_team_points`, `meeting_individual_points`, `meeting_relay_points`, `meeting_team_points`, `season_individual_points`, `season_relay_points`, `season_team_points`, `season_id`, `team_affiliation_id`)
  VALUES (17277, 2644.67, 0.0, 573, 15338, '2016-05-30 06:27:00', '2016-05-30 06:27:00', 0, 1, 0.0, 0.0, 0.0, 0.0, 0.0, 0.0, 0.0, 152, 2407);

INSERT INTO `meeting_team_scores` (`id`, `sum_individual_points`, `sum_relay_points`, `team_id`, `meeting_id`, `created_at`, `updated_at`, `rank`, `user_id`, `sum_team_points`, `meeting_individual_points`, `meeting_relay_points`, `meeting_team_points`, `season_individual_points`, `season_relay_points`, `season_team_points`, `season_id`, `team_affiliation_id`)
  VALUES (17278, 2521.78, 0.0, 578, 15338, '2016-05-30 06:27:00', '2016-05-30 06:27:00', 0, 1, 0.0, 0.0, 0.0, 0.0, 0.0, 0.0, 0.0, 152, 2340);

INSERT INTO `meeting_team_scores` (`id`, `sum_individual_points`, `sum_relay_points`, `team_id`, `meeting_id`, `created_at`, `updated_at`, `rank`, `user_id`, `sum_team_points`, `meeting_individual_points`, `meeting_relay_points`, `meeting_team_points`, `season_individual_points`, `season_relay_points`, `season_team_points`, `season_id`, `team_affiliation_id`)
  VALUES (17279, 2373.02, 0.0, 591, 15338, '2016-05-30 06:27:00', '2016-05-30 06:27:00', 0, 1, 0.0, 0.0, 0.0, 0.0, 0.0, 0.0, 0.0, 152, 2352);

INSERT INTO `meeting_team_scores` (`id`, `sum_individual_points`, `sum_relay_points`, `team_id`, `meeting_id`, `created_at`, `updated_at`, `rank`, `user_id`, `sum_team_points`, `meeting_individual_points`, `meeting_relay_points`, `meeting_team_points`, `season_individual_points`, `season_relay_points`, `season_team_points`, `season_id`, `team_affiliation_id`)
  VALUES (17280, 1649.07, 0.0, 582, 15338, '2016-05-30 06:27:00', '2016-05-30 06:27:00', 0, 1, 0.0, 0.0, 0.0, 0.0, 0.0, 0.0, 0.0, 152, 2170);

INSERT INTO `meeting_team_scores` (`id`, `sum_individual_points`, `sum_relay_points`, `team_id`, `meeting_id`, `created_at`, `updated_at`, `rank`, `user_id`, `sum_team_points`, `meeting_individual_points`, `meeting_relay_points`, `meeting_team_points`, `season_individual_points`, `season_relay_points`, `season_team_points`, `season_id`, `team_affiliation_id`)
  VALUES (17281, 1645.37, 0.0, 177, 15338, '2016-05-30 06:27:00', '2016-05-30 06:27:00', 0, 1, 0.0, 0.0, 0.0, 0.0, 0.0, 0.0, 0.0, 152, 2225);

INSERT INTO `meeting_team_scores` (`id`, `sum_individual_points`, `sum_relay_points`, `team_id`, `meeting_id`, `created_at`, `updated_at`, `rank`, `user_id`, `sum_team_points`, `meeting_individual_points`, `meeting_relay_points`, `meeting_team_points`, `season_individual_points`, `season_relay_points`, `season_team_points`, `season_id`, `team_affiliation_id`)
  VALUES (17282, 1501.4, 0.0, 969, 15338, '2016-05-30 06:27:00', '2016-05-30 06:27:00', 0, 1, 0.0, 0.0, 0.0, 0.0, 0.0, 0.0, 0.0, 152, 2409);

INSERT INTO `meeting_team_scores` (`id`, `sum_individual_points`, `sum_relay_points`, `team_id`, `meeting_id`, `created_at`, `updated_at`, `rank`, `user_id`, `sum_team_points`, `meeting_individual_points`, `meeting_relay_points`, `meeting_team_points`, `season_individual_points`, `season_relay_points`, `season_team_points`, `season_id`, `team_affiliation_id`)
  VALUES (17283, 1227.9, 0.0, 208, 15338, '2016-05-30 06:27:00', '2016-05-30 06:27:00', 0, 1, 0.0, 0.0, 0.0, 0.0, 0.0, 0.0, 0.0, 152, 2349);

INSERT INTO `meeting_team_scores` (`id`, `sum_individual_points`, `sum_relay_points`, `team_id`, `meeting_id`, `created_at`, `updated_at`, `rank`, `user_id`, `sum_team_points`, `meeting_individual_points`, `meeting_relay_points`, `meeting_team_points`, `season_individual_points`, `season_relay_points`, `season_team_points`, `season_id`, `team_affiliation_id`)
  VALUES (17284, 1203.12, 0.0, 210, 15338, '2016-05-30 06:27:00', '2016-05-30 06:27:00', 0, 1, 0.0, 0.0, 0.0, 0.0, 0.0, 0.0, 0.0, 152, 1599);

INSERT INTO `meeting_team_scores` (`id`, `sum_individual_points`, `sum_relay_points`, `team_id`, `meeting_id`, `created_at`, `updated_at`, `rank`, `user_id`, `sum_team_points`, `meeting_individual_points`, `meeting_relay_points`, `meeting_team_points`, `season_individual_points`, `season_relay_points`, `season_team_points`, `season_id`, `team_affiliation_id`)
  VALUES (17285, 961.23, 0.0, 183, 15338, '2016-05-30 06:27:00', '2016-05-30 06:27:00', 0, 1, 0.0, 0.0, 0.0, 0.0, 0.0, 0.0, 0.0, 152, 2408);

INSERT INTO `meeting_team_scores` (`id`, `sum_individual_points`, `sum_relay_points`, `team_id`, `meeting_id`, `created_at`, `updated_at`, `rank`, `user_id`, `sum_team_points`, `meeting_individual_points`, `meeting_relay_points`, `meeting_team_points`, `season_individual_points`, `season_relay_points`, `season_team_points`, `season_id`, `team_affiliation_id`)
  VALUES (17286, 0.0, 0.0, 804, 15338, '2016-05-30 06:27:00', '2016-05-30 06:27:00', 0, 1, 0.0, 0.0, 0.0, 0.0, 0.0, 0.0, 0.0, 152, 2142);


-- Meeting 15338
-- 'Results acquired' flag setting:
UPDATE meetings SET are_results_acquired = '1' WHERE id = 15338;

-- --- BeginTimeCalculator: compute_for_all( 15338 )
-- ----------------------------------------------------
-- Using RESULTS to compute heat length.

-- Event #1, M.Prg: 73271, tot. athletes: 1
-- Tot. progr. duration: 159 (sec), Heat durations: [15917] (hds)
-- Session begin time: 2016-05-28 08:30:00 +0200, Computed begin time: 2016-05-28 08:32:00 +0200
UPDATE meeting_programs SET begin_time = '2016-05-28 08:32' WHERE id = 73271;

-- Event #2, M.Prg: 73272, tot. athletes: 1
-- Tot. progr. duration: 168 (sec), Heat durations: [16816] (hds)
-- Session begin time: 2016-05-28 08:30:00 +0200, Computed begin time: 2016-05-28 08:34:39 +0200
UPDATE meeting_programs SET begin_time = '2016-05-28 08:34' WHERE id = 73272;

-- Event #3, M.Prg: 73273, tot. athletes: 2
-- Tot. progr. duration: 178 (sec), Heat durations: [17807] (hds)
-- Session begin time: 2016-05-28 08:30:00 +0200, Computed begin time: 2016-05-28 08:37:27 +0200
UPDATE meeting_programs SET begin_time = '2016-05-28 08:37' WHERE id = 73273;

-- Event #4, M.Prg: 73274, tot. athletes: 3
-- Tot. progr. duration: 148 (sec), Heat durations: [14897] (hds)
-- Session begin time: 2016-05-28 08:30:00 +0200, Computed begin time: 2016-05-28 08:40:25 +0200
UPDATE meeting_programs SET begin_time = '2016-05-28 08:40' WHERE id = 73274;

-- Event #5, M.Prg: 73275, tot. athletes: 2
-- Tot. progr. duration: 179 (sec), Heat durations: [17947] (hds)
-- Session begin time: 2016-05-28 08:30:00 +0200, Computed begin time: 2016-05-28 08:42:53 +0200
UPDATE meeting_programs SET begin_time = '2016-05-28 08:42' WHERE id = 73275;

-- Event #6, M.Prg: 73276, tot. athletes: 1
-- Tot. progr. duration: 148 (sec), Heat durations: [14805] (hds)
-- Session begin time: 2016-05-28 08:30:00 +0200, Computed begin time: 2016-05-28 08:45:52 +0200
UPDATE meeting_programs SET begin_time = '2016-05-28 08:45' WHERE id = 73276;

-- Event #7, M.Prg: 73277, tot. athletes: 2
-- Tot. progr. duration: 203 (sec), Heat durations: [20330] (hds)
-- Session begin time: 2016-05-28 08:30:00 +0200, Computed begin time: 2016-05-28 08:48:20 +0200
UPDATE meeting_programs SET begin_time = '2016-05-28 08:48' WHERE id = 73277;

-- Event #8, M.Prg: 73278, tot. athletes: 4
-- Tot. progr. duration: 171 (sec), Heat durations: [17154] (hds)
-- Session begin time: 2016-05-28 08:30:00 +0200, Computed begin time: 2016-05-28 08:51:43 +0200
UPDATE meeting_programs SET begin_time = '2016-05-28 08:51' WHERE id = 73278;

-- Event #9, M.Prg: 73279, tot. athletes: 1
-- Tot. progr. duration: 155 (sec), Heat durations: [15561] (hds)
-- Session begin time: 2016-05-28 08:30:00 +0200, Computed begin time: 2016-05-28 08:54:34 +0200
UPDATE meeting_programs SET begin_time = '2016-05-28 08:54' WHERE id = 73279;

-- Event #10, M.Prg: 73280, tot. athletes: 2
-- Tot. progr. duration: 168 (sec), Heat durations: [16845] (hds)
-- Session begin time: 2016-05-28 08:30:00 +0200, Computed begin time: 2016-05-28 08:57:09 +0200
UPDATE meeting_programs SET begin_time = '2016-05-28 08:57' WHERE id = 73280;

-- Event #11, M.Prg: 73281, tot. athletes: 1
-- Tot. progr. duration: 146 (sec), Heat durations: [14630] (hds)
-- Session begin time: 2016-05-28 08:30:00 +0200, Computed begin time: 2016-05-28 08:59:57 +0200
UPDATE meeting_programs SET begin_time = '2016-05-28 08:59' WHERE id = 73281;

-- Event #12, M.Prg: 73282, tot. athletes: 1
-- Tot. progr. duration: 173 (sec), Heat durations: [17370] (hds)
-- Session begin time: 2016-05-28 08:30:00 +0200, Computed begin time: 2016-05-28 09:02:23 +0200
UPDATE meeting_programs SET begin_time = '2016-05-28 09:02' WHERE id = 73282;

-- Event #13, M.Prg: 73283, tot. athletes: 2
-- Tot. progr. duration: 167 (sec), Heat durations: [16748] (hds)
-- Session begin time: 2016-05-28 08:30:00 +0200, Computed begin time: 2016-05-28 09:05:16 +0200
UPDATE meeting_programs SET begin_time = '2016-05-28 09:05' WHERE id = 73283;

-- Event #14, M.Prg: 73284, tot. athletes: 2
-- Tot. progr. duration: 131 (sec), Heat durations: [13179] (hds)
-- Session begin time: 2016-05-28 08:30:00 +0200, Computed begin time: 2016-05-28 09:08:03 +0200
UPDATE meeting_programs SET begin_time = '2016-05-28 09:08' WHERE id = 73284;

-- Event #15, M.Prg: 73285, tot. athletes: 3
-- Tot. progr. duration: 168 (sec), Heat durations: [16808] (hds)
-- Session begin time: 2016-05-28 08:30:00 +0200, Computed begin time: 2016-05-28 09:10:14 +0200
UPDATE meeting_programs SET begin_time = '2016-05-28 09:10' WHERE id = 73285;

-- Event #16, M.Prg: 73286, tot. athletes: 3
-- Tot. progr. duration: 157 (sec), Heat durations: [15724] (hds)
-- Session begin time: 2016-05-28 08:30:00 +0200, Computed begin time: 2016-05-28 09:13:02 +0200
UPDATE meeting_programs SET begin_time = '2016-05-28 09:13' WHERE id = 73286;

-- Event #17, M.Prg: 73287, tot. athletes: 4
-- Tot. progr. duration: 162 (sec), Heat durations: [16287] (hds)
-- Session begin time: 2016-05-28 08:30:00 +0200, Computed begin time: 2016-05-28 09:15:39 +0200
UPDATE meeting_programs SET begin_time = '2016-05-28 09:15' WHERE id = 73287;

-- Event #18, M.Prg: 73288, tot. athletes: 4
-- Tot. progr. duration: 170 (sec), Heat durations: [17075] (hds)
-- Session begin time: 2016-05-28 08:30:00 +0200, Computed begin time: 2016-05-28 09:18:21 +0200
UPDATE meeting_programs SET begin_time = '2016-05-28 09:18' WHERE id = 73288;

-- Event #19, M.Prg: 73289, tot. athletes: 1
-- Tot. progr. duration: 140 (sec), Heat durations: [14016] (hds)
-- Session begin time: 2016-05-28 08:30:00 +0200, Computed begin time: 2016-05-28 09:21:11 +0200
UPDATE meeting_programs SET begin_time = '2016-05-28 09:21' WHERE id = 73289;

-- Event #20, M.Prg: 73290, tot. athletes: 2
-- Tot. progr. duration: 167 (sec), Heat durations: [16709] (hds)
-- Session begin time: 2016-05-28 08:30:00 +0200, Computed begin time: 2016-05-28 09:23:31 +0200
UPDATE meeting_programs SET begin_time = '2016-05-28 09:23' WHERE id = 73290;

-- Event #21, M.Prg: 73291, tot. athletes: 1
-- Tot. progr. duration: 144 (sec), Heat durations: [14425] (hds)
-- Session begin time: 2016-05-28 08:30:00 +0200, Computed begin time: 2016-05-28 09:26:18 +0200
UPDATE meeting_programs SET begin_time = '2016-05-28 09:26' WHERE id = 73291;

-- Event #22, M.Prg: 73292, tot. athletes: 3
-- Tot. progr. duration: 138 (sec), Heat durations: [13876] (hds)
-- Session begin time: 2016-05-28 08:30:00 +0200, Computed begin time: 2016-05-28 09:28:42 +0200
UPDATE meeting_programs SET begin_time = '2016-05-28 09:28' WHERE id = 73292;

-- Event #23, M.Prg: 73293, tot. athletes: 2
-- Tot. progr. duration: 437 (sec), Heat durations: [43719] (hds)
-- Session begin time: 2016-05-28 08:30:00 +0200, Computed begin time: 2016-05-28 09:31:00 +0200
UPDATE meeting_programs SET begin_time = '2016-05-28 09:31' WHERE id = 73293;

-- Event #24, M.Prg: 73294, tot. athletes: 1
-- Tot. progr. duration: 441 (sec), Heat durations: [44148] (hds)
-- Session begin time: 2016-05-28 08:30:00 +0200, Computed begin time: 2016-05-28 09:38:17 +0200
UPDATE meeting_programs SET begin_time = '2016-05-28 09:38' WHERE id = 73294;

-- Event #25, M.Prg: 73295, tot. athletes: 1
-- Tot. progr. duration: 463 (sec), Heat durations: [46354] (hds)
-- Session begin time: 2016-05-28 08:30:00 +0200, Computed begin time: 2016-05-28 09:45:38 +0200
UPDATE meeting_programs SET begin_time = '2016-05-28 09:45' WHERE id = 73295;

-- Event #26, M.Prg: 73296, tot. athletes: 1
-- Tot. progr. duration: 568 (sec), Heat durations: [56869] (hds)
-- Session begin time: 2016-05-28 08:30:00 +0200, Computed begin time: 2016-05-28 09:53:21 +0200
UPDATE meeting_programs SET begin_time = '2016-05-28 09:53' WHERE id = 73296;

-- Event #27, M.Prg: 73297, tot. athletes: 1
-- Tot. progr. duration: 528 (sec), Heat durations: [52820] (hds)
-- Session begin time: 2016-05-28 08:30:00 +0200, Computed begin time: 2016-05-28 10:02:49 +0200
UPDATE meeting_programs SET begin_time = '2016-05-28 10:02' WHERE id = 73297;

-- Event #28, M.Prg: 73298, tot. athletes: 3
-- Tot. progr. duration: 374 (sec), Heat durations: [37469] (hds)
-- Session begin time: 2016-05-28 08:30:00 +0200, Computed begin time: 2016-05-28 10:11:37 +0200
UPDATE meeting_programs SET begin_time = '2016-05-28 10:11' WHERE id = 73298;

-- Event #29, M.Prg: 73299, tot. athletes: 1
-- Tot. progr. duration: 380 (sec), Heat durations: [38013] (hds)
-- Session begin time: 2016-05-28 08:30:00 +0200, Computed begin time: 2016-05-28 10:17:51 +0200
UPDATE meeting_programs SET begin_time = '2016-05-28 10:17' WHERE id = 73299;

-- Event #30, M.Prg: 73300, tot. athletes: 3
-- Tot. progr. duration: 441 (sec), Heat durations: [44108] (hds)
-- Session begin time: 2016-05-28 08:30:00 +0200, Computed begin time: 2016-05-28 10:24:11 +0200
UPDATE meeting_programs SET begin_time = '2016-05-28 10:24' WHERE id = 73300;

-- Event #31, M.Prg: 73301, tot. athletes: 4
-- Tot. progr. duration: 432 (sec), Heat durations: [43269] (hds)
-- Session begin time: 2016-05-28 08:30:00 +0200, Computed begin time: 2016-05-28 10:31:32 +0200
UPDATE meeting_programs SET begin_time = '2016-05-28 10:31' WHERE id = 73301;

-- Event #32, M.Prg: 73302, tot. athletes: 2
-- Tot. progr. duration: 499 (sec), Heat durations: [49902] (hds)
-- Session begin time: 2016-05-28 08:30:00 +0200, Computed begin time: 2016-05-28 10:38:44 +0200
UPDATE meeting_programs SET begin_time = '2016-05-28 10:38' WHERE id = 73302;

-- Event #33, M.Prg: 73303, tot. athletes: 4
-- Tot. progr. duration: 492 (sec), Heat durations: [49268] (hds)
-- Session begin time: 2016-05-28 08:30:00 +0200, Computed begin time: 2016-05-28 10:47:03 +0200
UPDATE meeting_programs SET begin_time = '2016-05-28 10:47' WHERE id = 73303;

-- Event #34, M.Prg: 73304, tot. athletes: 1
-- Tot. progr. duration: 659 (sec), Heat durations: [65969] (hds)
-- Session begin time: 2016-05-28 08:30:00 +0200, Computed begin time: 2016-05-28 10:55:15 +0200
UPDATE meeting_programs SET begin_time = '2016-05-28 10:55' WHERE id = 73304;

-- Event #35, M.Prg: 73305, tot. athletes: 1
-- Tot. progr. duration: 420 (sec), Heat durations: [42016] (hds)
-- Session begin time: 2016-05-28 08:30:00 +0200, Computed begin time: 2016-05-28 11:06:14 +0200
UPDATE meeting_programs SET begin_time = '2016-05-28 11:06' WHERE id = 73305;

-- Event #36, M.Prg: 73306, tot. athletes: 1
-- Tot. progr. duration: 117 (sec), Heat durations: [11794] (hds)
-- Session begin time: 2016-05-28 08:30:00 +0200, Computed begin time: 2016-05-28 11:13:14 +0200
UPDATE meeting_programs SET begin_time = '2016-05-28 11:13' WHERE id = 73306;

-- Event #37, M.Prg: 73307, tot. athletes: 1
-- Tot. progr. duration: 119 (sec), Heat durations: [11957] (hds)
-- Session begin time: 2016-05-28 08:30:00 +0200, Computed begin time: 2016-05-28 11:15:11 +0200
UPDATE meeting_programs SET begin_time = '2016-05-28 11:15' WHERE id = 73307;

-- Event #38, M.Prg: 73308, tot. athletes: 1
-- Tot. progr. duration: 109 (sec), Heat durations: [10955] (hds)
-- Session begin time: 2016-05-28 08:30:00 +0200, Computed begin time: 2016-05-28 11:17:10 +0200
UPDATE meeting_programs SET begin_time = '2016-05-28 11:17' WHERE id = 73308;

-- Event #39, M.Prg: 73309, tot. athletes: 1
-- Tot. progr. duration: 97 (sec), Heat durations: [9729] (hds)
-- Session begin time: 2016-05-28 08:30:00 +0200, Computed begin time: 2016-05-28 11:18:59 +0200
UPDATE meeting_programs SET begin_time = '2016-05-28 11:18' WHERE id = 73309;

-- Event #40, M.Prg: 73310, tot. athletes: 1
-- Tot. progr. duration: 96 (sec), Heat durations: [9693] (hds)
-- Session begin time: 2016-05-28 08:30:00 +0200, Computed begin time: 2016-05-28 11:20:36 +0200
UPDATE meeting_programs SET begin_time = '2016-05-28 11:20' WHERE id = 73310;

-- Event #41, M.Prg: 73311, tot. athletes: 2
-- Tot. progr. duration: 96 (sec), Heat durations: [9610] (hds)
-- Session begin time: 2016-05-28 08:30:00 +0200, Computed begin time: 2016-05-28 11:22:12 +0200
UPDATE meeting_programs SET begin_time = '2016-05-28 11:22' WHERE id = 73311;

-- Event #42, M.Prg: 73312, tot. athletes: 3
-- Tot. progr. duration: 98 (sec), Heat durations: [9819] (hds)
-- Session begin time: 2016-05-28 08:30:00 +0200, Computed begin time: 2016-05-28 11:23:48 +0200
UPDATE meeting_programs SET begin_time = '2016-05-28 11:23' WHERE id = 73312;

-- Event #43, M.Prg: 73313, tot. athletes: 1
-- Tot. progr. duration: 112 (sec), Heat durations: [11203] (hds)
-- Session begin time: 2016-05-28 08:30:00 +0200, Computed begin time: 2016-05-28 11:25:26 +0200
UPDATE meeting_programs SET begin_time = '2016-05-28 11:25' WHERE id = 73313;

-- Event #44, M.Prg: 73314, tot. athletes: 2
-- Tot. progr. duration: 108 (sec), Heat durations: [10821] (hds)
-- Session begin time: 2016-05-28 08:30:00 +0200, Computed begin time: 2016-05-28 11:27:18 +0200
UPDATE meeting_programs SET begin_time = '2016-05-28 11:27' WHERE id = 73314;

-- Event #45, M.Prg: 73315, tot. athletes: 1
-- Tot. progr. duration: 108 (sec), Heat durations: [10839] (hds)
-- Session begin time: 2016-05-28 08:30:00 +0200, Computed begin time: 2016-05-28 11:29:06 +0200
UPDATE meeting_programs SET begin_time = '2016-05-28 11:29' WHERE id = 73315;

-- Event #46, M.Prg: 73316, tot. athletes: 1
-- Tot. progr. duration: 97 (sec), Heat durations: [9740] (hds)
-- Session begin time: 2016-05-28 08:30:00 +0200, Computed begin time: 2016-05-28 11:30:54 +0200
UPDATE meeting_programs SET begin_time = '2016-05-28 11:30' WHERE id = 73316;

-- Event #47, M.Prg: 73317, tot. athletes: 2
-- Tot. progr. duration: 94 (sec), Heat durations: [9410] (hds)
-- Session begin time: 2016-05-28 08:30:00 +0200, Computed begin time: 2016-05-28 11:32:31 +0200
UPDATE meeting_programs SET begin_time = '2016-05-28 11:32' WHERE id = 73317;

-- Event #48, M.Prg: 73318, tot. athletes: 1
-- Tot. progr. duration: 117 (sec), Heat durations: [11730] (hds)
-- Session begin time: 2016-05-28 08:30:00 +0200, Computed begin time: 2016-05-28 11:34:05 +0200
UPDATE meeting_programs SET begin_time = '2016-05-28 11:34' WHERE id = 73318;

-- Event #49, M.Prg: 73319, tot. athletes: 2
-- Tot. progr. duration: 114 (sec), Heat durations: [11452] (hds)
-- Session begin time: 2016-05-28 08:30:00 +0200, Computed begin time: 2016-05-28 11:36:02 +0200
UPDATE meeting_programs SET begin_time = '2016-05-28 11:36' WHERE id = 73319;

-- Event #50, M.Prg: 73320, tot. athletes: 2
-- Tot. progr. duration: 116 (sec), Heat durations: [11603] (hds)
-- Session begin time: 2016-05-28 08:30:00 +0200, Computed begin time: 2016-05-28 11:37:56 +0200
UPDATE meeting_programs SET begin_time = '2016-05-28 11:37' WHERE id = 73320;

-- Event #51, M.Prg: 73321, tot. athletes: 1
-- Tot. progr. duration: 116 (sec), Heat durations: [11689] (hds)
-- Session begin time: 2016-05-28 08:30:00 +0200, Computed begin time: 2016-05-28 11:39:52 +0200
UPDATE meeting_programs SET begin_time = '2016-05-28 11:39' WHERE id = 73321;

-- Event #52, M.Prg: 73322, tot. athletes: 3
-- Tot. progr. duration: 102 (sec), Heat durations: [10278] (hds)
-- Session begin time: 2016-05-28 08:30:00 +0200, Computed begin time: 2016-05-28 11:41:48 +0200
UPDATE meeting_programs SET begin_time = '2016-05-28 11:41' WHERE id = 73322;

-- Event #53, M.Prg: 73323, tot. athletes: 2
-- Tot. progr. duration: 105 (sec), Heat durations: [10588] (hds)
-- Session begin time: 2016-05-28 08:30:00 +0200, Computed begin time: 2016-05-28 11:43:30 +0200
UPDATE meeting_programs SET begin_time = '2016-05-28 11:43' WHERE id = 73323;

-- Event #54, M.Prg: 73324, tot. athletes: 3
-- Tot. progr. duration: 107 (sec), Heat durations: [10740] (hds)
-- Session begin time: 2016-05-28 08:30:00 +0200, Computed begin time: 2016-05-28 11:45:15 +0200
UPDATE meeting_programs SET begin_time = '2016-05-28 11:45' WHERE id = 73324;

-- Event #55, M.Prg: 73325, tot. athletes: 4
-- Tot. progr. duration: 102 (sec), Heat durations: [10215] (hds)
-- Session begin time: 2016-05-28 08:30:00 +0200, Computed begin time: 2016-05-28 11:47:02 +0200
UPDATE meeting_programs SET begin_time = '2016-05-28 11:47' WHERE id = 73325;

-- Event #56, M.Prg: 73326, tot. athletes: 4
-- Tot. progr. duration: 115 (sec), Heat durations: [11598] (hds)
-- Session begin time: 2016-05-28 08:30:00 +0200, Computed begin time: 2016-05-28 11:48:44 +0200
UPDATE meeting_programs SET begin_time = '2016-05-28 11:48' WHERE id = 73326;

-- Event #57, M.Prg: 73327, tot. athletes: 2
-- Tot. progr. duration: 110 (sec), Heat durations: [11024] (hds)
-- Session begin time: 2016-05-28 08:30:00 +0200, Computed begin time: 2016-05-28 11:50:39 +0200
UPDATE meeting_programs SET begin_time = '2016-05-28 11:50' WHERE id = 73327;

-- Event #58, M.Prg: 73328, tot. athletes: 1
-- Tot. progr. duration: 108 (sec), Heat durations: [10814] (hds)
-- Session begin time: 2016-05-28 08:30:00 +0200, Computed begin time: 2016-05-28 11:52:29 +0200
UPDATE meeting_programs SET begin_time = '2016-05-28 11:52' WHERE id = 73328;

-- Event #59, M.Prg: 73329, tot. athletes: 2
-- Tot. progr. duration: 113 (sec), Heat durations: [11341] (hds)
-- Session begin time: 2016-05-28 08:30:00 +0200, Computed begin time: 2016-05-28 11:54:17 +0200
UPDATE meeting_programs SET begin_time = '2016-05-28 11:54' WHERE id = 73329;

-- Event #60, M.Prg: 73330, tot. athletes: 1
-- Tot. progr. duration: 112 (sec), Heat durations: [11230] (hds)
-- Session begin time: 2016-05-28 08:30:00 +0200, Computed begin time: 2016-05-28 11:56:10 +0200
UPDATE meeting_programs SET begin_time = '2016-05-28 11:56' WHERE id = 73330;

-- Event #61, M.Prg: 73331, tot. athletes: 1
-- Tot. progr. duration: 100 (sec), Heat durations: [10082] (hds)
-- Session begin time: 2016-05-28 08:30:00 +0200, Computed begin time: 2016-05-28 11:58:02 +0200
UPDATE meeting_programs SET begin_time = '2016-05-28 11:58' WHERE id = 73331;

-- Event #62, M.Prg: 73332, tot. athletes: 2
-- Tot. progr. duration: 96 (sec), Heat durations: [9628] (hds)
-- Session begin time: 2016-05-28 08:30:00 +0200, Computed begin time: 2016-05-28 11:59:42 +0200
UPDATE meeting_programs SET begin_time = '2016-05-28 11:59' WHERE id = 73332;

-- Event #63, M.Prg: 73333, tot. athletes: 1
-- Tot. progr. duration: 96 (sec), Heat durations: [9620] (hds)
-- Session begin time: 2016-05-28 08:30:00 +0200, Computed begin time: 2016-05-28 12:01:18 +0200
UPDATE meeting_programs SET begin_time = '2016-05-28 12:01' WHERE id = 73333;

-- Event #64, M.Prg: 73334, tot. athletes: 2
-- Tot. progr. duration: 102 (sec), Heat durations: [10251] (hds)
-- Session begin time: 2016-05-28 08:30:00 +0200, Computed begin time: 2016-05-28 12:02:54 +0200
UPDATE meeting_programs SET begin_time = '2016-05-28 12:02' WHERE id = 73334;

-- Event #65, M.Prg: 73335, tot. athletes: 4
-- Tot. progr. duration: 105 (sec), Heat durations: [10579] (hds)
-- Session begin time: 2016-05-28 08:30:00 +0200, Computed begin time: 2016-05-28 12:04:36 +0200
UPDATE meeting_programs SET begin_time = '2016-05-28 12:04' WHERE id = 73335;

-- Event #66, M.Prg: 73336, tot. athletes: 1
-- Tot. progr. duration: 105 (sec), Heat durations: [10552] (hds)
-- Session begin time: 2016-05-28 08:30:00 +0200, Computed begin time: 2016-05-28 12:06:21 +0200
UPDATE meeting_programs SET begin_time = '2016-05-28 12:06' WHERE id = 73336;

-- Event #67, M.Prg: 73337, tot. athletes: 1
-- Tot. progr. duration: 102 (sec), Heat durations: [10203] (hds)
-- Session begin time: 2016-05-28 08:30:00 +0200, Computed begin time: 2016-05-28 12:08:06 +0200
UPDATE meeting_programs SET begin_time = '2016-05-28 12:08' WHERE id = 73337;

-- Event #68, M.Prg: 73338, tot. athletes: 2
-- Tot. progr. duration: 95 (sec), Heat durations: [9545] (hds)
-- Session begin time: 2016-05-28 08:30:00 +0200, Computed begin time: 2016-05-28 12:09:48 +0200
UPDATE meeting_programs SET begin_time = '2016-05-28 12:09' WHERE id = 73338;

-- Event #69, M.Prg: 73339, tot. athletes: 6
-- Tot. progr. duration: 181 (sec), Heat durations: [9439, 8672] (hds)
-- Session begin time: 2016-05-28 08:30:00 +0200, Computed begin time: 2016-05-28 12:11:23 +0200
UPDATE meeting_programs SET begin_time = '2016-05-28 12:11' WHERE id = 73339;

-- Event #70, M.Prg: 73340, tot. athletes: 2
-- Tot. progr. duration: 88 (sec), Heat durations: [8894] (hds)
-- Session begin time: 2016-05-28 08:30:00 +0200, Computed begin time: 2016-05-28 12:14:24 +0200
UPDATE meeting_programs SET begin_time = '2016-05-28 12:14' WHERE id = 73340;

-- Event #71, M.Prg: 73341, tot. athletes: 7
-- Tot. progr. duration: 188 (sec), Heat durations: [9918, 8902] (hds)
-- Session begin time: 2016-05-28 08:30:00 +0200, Computed begin time: 2016-05-28 12:15:52 +0200
UPDATE meeting_programs SET begin_time = '2016-05-28 12:15' WHERE id = 73341;

-- Event #72, M.Prg: 73342, tot. athletes: 5
-- Tot. progr. duration: 98 (sec), Heat durations: [9816] (hds)
-- Session begin time: 2016-05-28 08:30:00 +0200, Computed begin time: 2016-05-28 12:19:00 +0200
UPDATE meeting_programs SET begin_time = '2016-05-28 12:19' WHERE id = 73342;

-- Event #73, M.Prg: 73343, tot. athletes: 4
-- Tot. progr. duration: 98 (sec), Heat durations: [9885] (hds)
-- Session begin time: 2016-05-28 08:30:00 +0200, Computed begin time: 2016-05-28 12:20:38 +0200
UPDATE meeting_programs SET begin_time = '2016-05-28 12:20' WHERE id = 73343;

-- Event #74, M.Prg: 73344, tot. athletes: 3
-- Tot. progr. duration: 104 (sec), Heat durations: [10461] (hds)
-- Session begin time: 2016-05-28 08:30:00 +0200, Computed begin time: 2016-05-28 12:22:16 +0200
UPDATE meeting_programs SET begin_time = '2016-05-28 12:22' WHERE id = 73344;

-- Event #75, M.Prg: 73345, tot. athletes: 5
-- Tot. progr. duration: 101 (sec), Heat durations: [10144] (hds)
-- Session begin time: 2016-05-28 08:30:00 +0200, Computed begin time: 2016-05-28 12:24:00 +0200
UPDATE meeting_programs SET begin_time = '2016-05-28 12:24' WHERE id = 73345;

-- Event #76, M.Prg: 73346, tot. athletes: 2
-- Tot. progr. duration: 117 (sec), Heat durations: [11744] (hds)
-- Session begin time: 2016-05-28 08:30:00 +0200, Computed begin time: 2016-05-28 12:25:41 +0200
UPDATE meeting_programs SET begin_time = '2016-05-28 12:25' WHERE id = 73346;

-- Event #77, M.Prg: 73347, tot. athletes: 2
-- Tot. progr. duration: 118 (sec), Heat durations: [11853] (hds)
-- Session begin time: 2016-05-28 08:30:00 +0200, Computed begin time: 2016-05-28 12:27:38 +0200
UPDATE meeting_programs SET begin_time = '2016-05-28 12:27' WHERE id = 73347;

-- Event #78, M.Prg: 73348, tot. athletes: 6
-- Tot. progr. duration: 181 (sec), Heat durations: [9482, 8673] (hds)
-- Session begin time: 2016-05-28 08:30:00 +0200, Computed begin time: 2016-05-28 12:29:36 +0200
UPDATE meeting_programs SET begin_time = '2016-05-28 12:29' WHERE id = 73348;


-- Last completed phase code: 30
