-- *** SQL Diff file for ris20141207bolzanomercatinodibolzano.txt ***
-- Timestamp: 201605241832
INSERT INTO `meeting_events` (`id`, `created_at`, `updated_at`, `event_order`, `begin_time`, `is_out_of_race`, `is_autofilled`, `notes`, `meeting_session_id`, `event_type_id`, `heat_type_id`, `user_id`, `has_separate_gender_start_list`, `has_separate_category_start_list`)
  VALUES (6351, '2016-05-24 18:33:07', '2016-05-24 18:33:07', 1, '2000-01-01 08:02:00', 0, 1, NULL, 789, 16, 3, 1, 1, 0);

INSERT INTO `meeting_programs` (`id`, `event_order`, `category_type_id`, `gender_type_id`, `user_id`, `created_at`, `updated_at`, `is_autofilled`, `is_out_of_race`, `begin_time`, `meeting_event_id`, `pool_type_id`, `time_standard_id`)
  VALUES (69378, 1, 837, 2, 1, '2016-05-24 18:33:07', '2016-05-24 18:33:07', 1, 0, '2000-01-01 08:02:00', 6351, 1, 3849);

INSERT INTO `meeting_programs` (`id`, `event_order`, `category_type_id`, `gender_type_id`, `user_id`, `created_at`, `updated_at`, `is_autofilled`, `is_out_of_race`, `begin_time`, `meeting_event_id`, `pool_type_id`, `time_standard_id`)
  VALUES (69379, 2, 838, 2, 1, '2016-05-24 18:33:07', '2016-05-24 18:33:07', 1, 0, '2000-01-01 08:04:00', 6351, 1, 3867);

INSERT INTO `meeting_programs` (`id`, `event_order`, `category_type_id`, `gender_type_id`, `user_id`, `created_at`, `updated_at`, `is_autofilled`, `is_out_of_race`, `begin_time`, `meeting_event_id`, `pool_type_id`, `time_standard_id`)
  VALUES (69380, 3, 839, 2, 1, '2016-05-24 18:33:07', '2016-05-24 18:33:07', 1, 0, '2000-01-01 08:06:00', 6351, 1, 3885);

INSERT INTO `meeting_programs` (`id`, `event_order`, `category_type_id`, `gender_type_id`, `user_id`, `created_at`, `updated_at`, `is_autofilled`, `is_out_of_race`, `begin_time`, `meeting_event_id`, `pool_type_id`, `time_standard_id`)
  VALUES (69381, 4, 840, 2, 1, '2016-05-24 18:33:07', '2016-05-24 18:33:07', 1, 0, '2000-01-01 08:08:00', 6351, 1, 3903);

INSERT INTO `meeting_programs` (`id`, `event_order`, `category_type_id`, `gender_type_id`, `user_id`, `created_at`, `updated_at`, `is_autofilled`, `is_out_of_race`, `begin_time`, `meeting_event_id`, `pool_type_id`, `time_standard_id`)
  VALUES (69382, 5, 841, 2, 1, '2016-05-24 18:33:07', '2016-05-24 18:33:07', 1, 0, '2000-01-01 08:10:00', 6351, 1, 3921);

INSERT INTO `meeting_programs` (`id`, `event_order`, `category_type_id`, `gender_type_id`, `user_id`, `created_at`, `updated_at`, `is_autofilled`, `is_out_of_race`, `begin_time`, `meeting_event_id`, `pool_type_id`, `time_standard_id`)
  VALUES (69383, 6, 835, 1, 1, '2016-05-24 18:33:07', '2016-05-24 18:33:07', 1, 0, '2000-01-01 08:12:00', 6351, 1, 3289);

INSERT INTO `meeting_programs` (`id`, `event_order`, `category_type_id`, `gender_type_id`, `user_id`, `created_at`, `updated_at`, `is_autofilled`, `is_out_of_race`, `begin_time`, `meeting_event_id`, `pool_type_id`, `time_standard_id`)
  VALUES (69384, 7, 836, 1, 1, '2016-05-24 18:33:07', '2016-05-24 18:33:07', 1, 0, '2000-01-01 08:14:00', 6351, 1, 3307);

INSERT INTO `meeting_programs` (`id`, `event_order`, `category_type_id`, `gender_type_id`, `user_id`, `created_at`, `updated_at`, `is_autofilled`, `is_out_of_race`, `begin_time`, `meeting_event_id`, `pool_type_id`, `time_standard_id`)
  VALUES (69385, 8, 837, 1, 1, '2016-05-24 18:33:07', '2016-05-24 18:33:07', 1, 0, '2000-01-01 08:16:00', 6351, 1, 3325);

INSERT INTO `meeting_programs` (`id`, `event_order`, `category_type_id`, `gender_type_id`, `user_id`, `created_at`, `updated_at`, `is_autofilled`, `is_out_of_race`, `begin_time`, `meeting_event_id`, `pool_type_id`, `time_standard_id`)
  VALUES (69386, 9, 838, 1, 1, '2016-05-24 18:33:07', '2016-05-24 18:33:07', 1, 0, '2000-01-01 08:18:00', 6351, 1, 3343);

INSERT INTO `meeting_programs` (`id`, `event_order`, `category_type_id`, `gender_type_id`, `user_id`, `created_at`, `updated_at`, `is_autofilled`, `is_out_of_race`, `begin_time`, `meeting_event_id`, `pool_type_id`, `time_standard_id`)
  VALUES (69387, 10, 839, 1, 1, '2016-05-24 18:33:07', '2016-05-24 18:33:07', 1, 0, '2000-01-01 08:20:00', 6351, 1, 3361);

INSERT INTO `meeting_programs` (`id`, `event_order`, `category_type_id`, `gender_type_id`, `user_id`, `created_at`, `updated_at`, `is_autofilled`, `is_out_of_race`, `begin_time`, `meeting_event_id`, `pool_type_id`, `time_standard_id`)
  VALUES (69388, 11, 842, 1, 1, '2016-05-24 18:33:07', '2016-05-24 18:33:07', 1, 0, '2000-01-01 08:22:00', 6351, 1, 3415);

INSERT INTO `meeting_programs` (`id`, `event_order`, `category_type_id`, `gender_type_id`, `user_id`, `created_at`, `updated_at`, `is_autofilled`, `is_out_of_race`, `begin_time`, `meeting_event_id`, `pool_type_id`, `time_standard_id`)
  VALUES (69389, 12, 843, 1, 1, '2016-05-24 18:33:08', '2016-05-24 18:33:08', 1, 0, '2000-01-01 08:24:00', 6351, 1, 3433);

INSERT INTO `meeting_programs` (`id`, `event_order`, `category_type_id`, `gender_type_id`, `user_id`, `created_at`, `updated_at`, `is_autofilled`, `is_out_of_race`, `begin_time`, `meeting_event_id`, `pool_type_id`, `time_standard_id`)
  VALUES (69390, 13, 833, 1, 1, '2016-05-24 18:33:08', '2016-05-24 18:33:08', 1, 0, '2000-01-01 08:26:00', 6351, 1, NULL);

INSERT INTO `meeting_events` (`id`, `created_at`, `updated_at`, `event_order`, `begin_time`, `is_out_of_race`, `is_autofilled`, `notes`, `meeting_session_id`, `event_type_id`, `heat_type_id`, `user_id`, `has_separate_gender_start_list`, `has_separate_category_start_list`)
  VALUES (6352, '2016-05-24 18:33:08', '2016-05-24 18:33:08', 2, '2000-01-01 08:28:00', 0, 1, NULL, 789, 12, 3, 1, 1, 0);

INSERT INTO `meeting_programs` (`id`, `event_order`, `category_type_id`, `gender_type_id`, `user_id`, `created_at`, `updated_at`, `is_autofilled`, `is_out_of_race`, `begin_time`, `meeting_event_id`, `pool_type_id`, `time_standard_id`)
  VALUES (69391, 14, 834, 1, 1, '2016-05-24 18:33:08', '2016-05-24 18:33:08', 1, 0, '2000-01-01 08:28:00', 6352, 1, 3277);

INSERT INTO `meeting_programs` (`id`, `event_order`, `category_type_id`, `gender_type_id`, `user_id`, `created_at`, `updated_at`, `is_autofilled`, `is_out_of_race`, `begin_time`, `meeting_event_id`, `pool_type_id`, `time_standard_id`)
  VALUES (69392, 15, 835, 1, 1, '2016-05-24 18:33:08', '2016-05-24 18:33:08', 1, 0, '2000-01-01 08:30:00', 6352, 1, 3295);

INSERT INTO `meeting_programs` (`id`, `event_order`, `category_type_id`, `gender_type_id`, `user_id`, `created_at`, `updated_at`, `is_autofilled`, `is_out_of_race`, `begin_time`, `meeting_event_id`, `pool_type_id`, `time_standard_id`)
  VALUES (69393, 16, 837, 1, 1, '2016-05-24 18:33:08', '2016-05-24 18:33:08', 1, 0, '2000-01-01 08:32:00', 6352, 1, 3331);

INSERT INTO `meeting_programs` (`id`, `event_order`, `category_type_id`, `gender_type_id`, `user_id`, `created_at`, `updated_at`, `is_autofilled`, `is_out_of_race`, `begin_time`, `meeting_event_id`, `pool_type_id`, `time_standard_id`)
  VALUES (69394, 17, 838, 1, 1, '2016-05-24 18:33:08', '2016-05-24 18:33:08', 1, 0, '2000-01-01 08:34:00', 6352, 1, 3349);

INSERT INTO `meeting_programs` (`id`, `event_order`, `category_type_id`, `gender_type_id`, `user_id`, `created_at`, `updated_at`, `is_autofilled`, `is_out_of_race`, `begin_time`, `meeting_event_id`, `pool_type_id`, `time_standard_id`)
  VALUES (69395, 18, 840, 1, 1, '2016-05-24 18:33:08', '2016-05-24 18:33:08', 1, 0, '2000-01-01 08:36:00', 6352, 1, 3385);

INSERT INTO `meeting_programs` (`id`, `event_order`, `category_type_id`, `gender_type_id`, `user_id`, `created_at`, `updated_at`, `is_autofilled`, `is_out_of_race`, `begin_time`, `meeting_event_id`, `pool_type_id`, `time_standard_id`)
  VALUES (69396, 19, 841, 1, 1, '2016-05-24 18:33:08', '2016-05-24 18:33:08', 1, 0, '2000-01-01 08:38:00', 6352, 1, 3403);

INSERT INTO `meeting_events` (`id`, `created_at`, `updated_at`, `event_order`, `begin_time`, `is_out_of_race`, `is_autofilled`, `notes`, `meeting_session_id`, `event_type_id`, `heat_type_id`, `user_id`, `has_separate_gender_start_list`, `has_separate_category_start_list`)
  VALUES (6353, '2016-05-24 18:33:08', '2016-05-24 18:33:08', 3, '2000-01-01 08:40:00', 0, 1, NULL, 789, 22, 3, 1, 1, 0);

INSERT INTO `meeting_programs` (`id`, `event_order`, `category_type_id`, `gender_type_id`, `user_id`, `created_at`, `updated_at`, `is_autofilled`, `is_out_of_race`, `begin_time`, `meeting_event_id`, `pool_type_id`, `time_standard_id`)
  VALUES (69397, 20, 834, 2, 1, '2016-05-24 18:33:08', '2016-05-24 18:33:08', 1, 0, '2000-01-01 08:40:00', 6353, 1, 3803);

INSERT INTO `meeting_programs` (`id`, `event_order`, `category_type_id`, `gender_type_id`, `user_id`, `created_at`, `updated_at`, `is_autofilled`, `is_out_of_race`, `begin_time`, `meeting_event_id`, `pool_type_id`, `time_standard_id`)
  VALUES (69398, 21, 835, 2, 1, '2016-05-24 18:33:08', '2016-05-24 18:33:08', 1, 0, '2000-01-01 08:42:00', 6353, 1, 3821);

INSERT INTO `meeting_programs` (`id`, `event_order`, `category_type_id`, `gender_type_id`, `user_id`, `created_at`, `updated_at`, `is_autofilled`, `is_out_of_race`, `begin_time`, `meeting_event_id`, `pool_type_id`, `time_standard_id`)
  VALUES (69399, 22, 836, 2, 1, '2016-05-24 18:33:08', '2016-05-24 18:33:08', 1, 0, '2000-01-01 08:44:00', 6353, 1, 3839);

INSERT INTO `meeting_programs` (`id`, `event_order`, `category_type_id`, `gender_type_id`, `user_id`, `created_at`, `updated_at`, `is_autofilled`, `is_out_of_race`, `begin_time`, `meeting_event_id`, `pool_type_id`, `time_standard_id`)
  VALUES (69400, 23, 837, 2, 1, '2016-05-24 18:33:08', '2016-05-24 18:33:08', 1, 0, '2000-01-01 08:46:00', 6353, 1, 3857);

INSERT INTO `meeting_programs` (`id`, `event_order`, `category_type_id`, `gender_type_id`, `user_id`, `created_at`, `updated_at`, `is_autofilled`, `is_out_of_race`, `begin_time`, `meeting_event_id`, `pool_type_id`, `time_standard_id`)
  VALUES (69401, 24, 838, 2, 1, '2016-05-24 18:33:08', '2016-05-24 18:33:08', 1, 0, '2000-01-01 08:48:00', 6353, 1, 3875);

INSERT INTO `meeting_programs` (`id`, `event_order`, `category_type_id`, `gender_type_id`, `user_id`, `created_at`, `updated_at`, `is_autofilled`, `is_out_of_race`, `begin_time`, `meeting_event_id`, `pool_type_id`, `time_standard_id`)
  VALUES (69402, 25, 839, 2, 1, '2016-05-24 18:33:08', '2016-05-24 18:33:08', 1, 0, '2000-01-01 08:50:00', 6353, 1, 3893);

INSERT INTO `meeting_programs` (`id`, `event_order`, `category_type_id`, `gender_type_id`, `user_id`, `created_at`, `updated_at`, `is_autofilled`, `is_out_of_race`, `begin_time`, `meeting_event_id`, `pool_type_id`, `time_standard_id`)
  VALUES (69403, 26, 840, 2, 1, '2016-05-24 18:33:09', '2016-05-24 18:33:09', 1, 0, '2000-01-01 08:52:00', 6353, 1, 3911);

INSERT INTO `meeting_programs` (`id`, `event_order`, `category_type_id`, `gender_type_id`, `user_id`, `created_at`, `updated_at`, `is_autofilled`, `is_out_of_race`, `begin_time`, `meeting_event_id`, `pool_type_id`, `time_standard_id`)
  VALUES (69404, 27, 841, 2, 1, '2016-05-24 18:33:09', '2016-05-24 18:33:09', 1, 0, '2000-01-01 08:54:00', 6353, 1, 3929);

INSERT INTO `meeting_programs` (`id`, `event_order`, `category_type_id`, `gender_type_id`, `user_id`, `created_at`, `updated_at`, `is_autofilled`, `is_out_of_race`, `begin_time`, `meeting_event_id`, `pool_type_id`, `time_standard_id`)
  VALUES (69405, 28, 842, 2, 1, '2016-05-24 18:33:09', '2016-05-24 18:33:09', 1, 0, '2000-01-01 08:56:00', 6353, 1, 3947);

INSERT INTO `meeting_programs` (`id`, `event_order`, `category_type_id`, `gender_type_id`, `user_id`, `created_at`, `updated_at`, `is_autofilled`, `is_out_of_race`, `begin_time`, `meeting_event_id`, `pool_type_id`, `time_standard_id`)
  VALUES (69406, 29, 834, 1, 1, '2016-05-24 18:33:09', '2016-05-24 18:33:09', 1, 0, '2000-01-01 08:58:00', 6353, 1, 3279);

INSERT INTO `meeting_programs` (`id`, `event_order`, `category_type_id`, `gender_type_id`, `user_id`, `created_at`, `updated_at`, `is_autofilled`, `is_out_of_race`, `begin_time`, `meeting_event_id`, `pool_type_id`, `time_standard_id`)
  VALUES (69407, 30, 835, 1, 1, '2016-05-24 18:33:09', '2016-05-24 18:33:09', 1, 0, '2000-01-01 09:00:00', 6353, 1, 3297);

INSERT INTO `meeting_programs` (`id`, `event_order`, `category_type_id`, `gender_type_id`, `user_id`, `created_at`, `updated_at`, `is_autofilled`, `is_out_of_race`, `begin_time`, `meeting_event_id`, `pool_type_id`, `time_standard_id`)
  VALUES (69408, 31, 836, 1, 1, '2016-05-24 18:33:09', '2016-05-24 18:33:09', 1, 0, '2000-01-01 09:02:00', 6353, 1, 3315);

INSERT INTO `meeting_programs` (`id`, `event_order`, `category_type_id`, `gender_type_id`, `user_id`, `created_at`, `updated_at`, `is_autofilled`, `is_out_of_race`, `begin_time`, `meeting_event_id`, `pool_type_id`, `time_standard_id`)
  VALUES (69409, 32, 837, 1, 1, '2016-05-24 18:33:09', '2016-05-24 18:33:09', 1, 0, '2000-01-01 09:04:00', 6353, 1, 3333);

INSERT INTO `meeting_programs` (`id`, `event_order`, `category_type_id`, `gender_type_id`, `user_id`, `created_at`, `updated_at`, `is_autofilled`, `is_out_of_race`, `begin_time`, `meeting_event_id`, `pool_type_id`, `time_standard_id`)
  VALUES (69410, 33, 838, 1, 1, '2016-05-24 18:33:09', '2016-05-24 18:33:09', 1, 0, '2000-01-01 09:06:00', 6353, 1, 3351);

INSERT INTO `meeting_programs` (`id`, `event_order`, `category_type_id`, `gender_type_id`, `user_id`, `created_at`, `updated_at`, `is_autofilled`, `is_out_of_race`, `begin_time`, `meeting_event_id`, `pool_type_id`, `time_standard_id`)
  VALUES (69411, 34, 839, 1, 1, '2016-05-24 18:33:09', '2016-05-24 18:33:09', 1, 0, '2000-01-01 09:08:00', 6353, 1, 3369);

INSERT INTO `meeting_programs` (`id`, `event_order`, `category_type_id`, `gender_type_id`, `user_id`, `created_at`, `updated_at`, `is_autofilled`, `is_out_of_race`, `begin_time`, `meeting_event_id`, `pool_type_id`, `time_standard_id`)
  VALUES (69412, 35, 840, 1, 1, '2016-05-24 18:33:09', '2016-05-24 18:33:09', 1, 0, '2000-01-01 09:10:00', 6353, 1, 3387);

INSERT INTO `meeting_programs` (`id`, `event_order`, `category_type_id`, `gender_type_id`, `user_id`, `created_at`, `updated_at`, `is_autofilled`, `is_out_of_race`, `begin_time`, `meeting_event_id`, `pool_type_id`, `time_standard_id`)
  VALUES (69413, 36, 841, 1, 1, '2016-05-24 18:33:09', '2016-05-24 18:33:09', 1, 0, '2000-01-01 09:12:00', 6353, 1, 3405);

INSERT INTO `meeting_programs` (`id`, `event_order`, `category_type_id`, `gender_type_id`, `user_id`, `created_at`, `updated_at`, `is_autofilled`, `is_out_of_race`, `begin_time`, `meeting_event_id`, `pool_type_id`, `time_standard_id`)
  VALUES (69414, 37, 842, 1, 1, '2016-05-24 18:33:09', '2016-05-24 18:33:09', 1, 0, '2000-01-01 09:14:00', 6353, 1, 3423);

INSERT INTO `meeting_programs` (`id`, `event_order`, `category_type_id`, `gender_type_id`, `user_id`, `created_at`, `updated_at`, `is_autofilled`, `is_out_of_race`, `begin_time`, `meeting_event_id`, `pool_type_id`, `time_standard_id`)
  VALUES (69415, 38, 833, 1, 1, '2016-05-24 18:33:09', '2016-05-24 18:33:09', 1, 0, '2000-01-01 09:16:00', 6353, 1, NULL);

INSERT INTO `meeting_events` (`id`, `created_at`, `updated_at`, `event_order`, `begin_time`, `is_out_of_race`, `is_autofilled`, `notes`, `meeting_session_id`, `event_type_id`, `heat_type_id`, `user_id`, `has_separate_gender_start_list`, `has_separate_category_start_list`)
  VALUES (6354, '2016-05-24 18:33:09', '2016-05-24 18:33:09', 4, '2000-01-01 09:18:00', 0, 1, NULL, 789, 20, 3, 1, 1, 0);

INSERT INTO `meeting_programs` (`id`, `event_order`, `category_type_id`, `gender_type_id`, `user_id`, `created_at`, `updated_at`, `is_autofilled`, `is_out_of_race`, `begin_time`, `meeting_event_id`, `pool_type_id`, `time_standard_id`)
  VALUES (69416, 39, 835, 2, 1, '2016-05-24 18:33:09', '2016-05-24 18:33:09', 1, 0, '2000-01-01 09:18:00', 6354, 1, 3816);

INSERT INTO `meeting_programs` (`id`, `event_order`, `category_type_id`, `gender_type_id`, `user_id`, `created_at`, `updated_at`, `is_autofilled`, `is_out_of_race`, `begin_time`, `meeting_event_id`, `pool_type_id`, `time_standard_id`)
  VALUES (69417, 40, 836, 2, 1, '2016-05-24 18:33:10', '2016-05-24 18:33:10', 1, 0, '2000-01-01 09:20:00', 6354, 1, 3834);

INSERT INTO `meeting_programs` (`id`, `event_order`, `category_type_id`, `gender_type_id`, `user_id`, `created_at`, `updated_at`, `is_autofilled`, `is_out_of_race`, `begin_time`, `meeting_event_id`, `pool_type_id`, `time_standard_id`)
  VALUES (69418, 41, 838, 2, 1, '2016-05-24 18:33:10', '2016-05-24 18:33:10', 1, 0, '2000-01-01 09:22:00', 6354, 1, 3870);

INSERT INTO `meeting_programs` (`id`, `event_order`, `category_type_id`, `gender_type_id`, `user_id`, `created_at`, `updated_at`, `is_autofilled`, `is_out_of_race`, `begin_time`, `meeting_event_id`, `pool_type_id`, `time_standard_id`)
  VALUES (69419, 42, 839, 2, 1, '2016-05-24 18:33:10', '2016-05-24 18:33:10', 1, 0, '2000-01-01 09:24:00', 6354, 1, 3888);

INSERT INTO `meeting_programs` (`id`, `event_order`, `category_type_id`, `gender_type_id`, `user_id`, `created_at`, `updated_at`, `is_autofilled`, `is_out_of_race`, `begin_time`, `meeting_event_id`, `pool_type_id`, `time_standard_id`)
  VALUES (69420, 43, 840, 2, 1, '2016-05-24 18:33:10', '2016-05-24 18:33:10', 1, 0, '2000-01-01 09:26:00', 6354, 1, 3906);

INSERT INTO `meeting_programs` (`id`, `event_order`, `category_type_id`, `gender_type_id`, `user_id`, `created_at`, `updated_at`, `is_autofilled`, `is_out_of_race`, `begin_time`, `meeting_event_id`, `pool_type_id`, `time_standard_id`)
  VALUES (69421, 44, 833, 2, 1, '2016-05-24 18:33:10', '2016-05-24 18:33:10', 1, 0, '2000-01-01 09:28:00', 6354, 1, NULL);

INSERT INTO `meeting_programs` (`id`, `event_order`, `category_type_id`, `gender_type_id`, `user_id`, `created_at`, `updated_at`, `is_autofilled`, `is_out_of_race`, `begin_time`, `meeting_event_id`, `pool_type_id`, `time_standard_id`)
  VALUES (69422, 45, 834, 1, 1, '2016-05-24 18:33:10', '2016-05-24 18:33:10', 1, 0, '2000-01-01 09:30:00', 6354, 1, 3274);

INSERT INTO `meeting_programs` (`id`, `event_order`, `category_type_id`, `gender_type_id`, `user_id`, `created_at`, `updated_at`, `is_autofilled`, `is_out_of_race`, `begin_time`, `meeting_event_id`, `pool_type_id`, `time_standard_id`)
  VALUES (69423, 46, 835, 1, 1, '2016-05-24 18:33:10', '2016-05-24 18:33:10', 1, 0, '2000-01-01 09:32:00', 6354, 1, 3292);

INSERT INTO `meeting_programs` (`id`, `event_order`, `category_type_id`, `gender_type_id`, `user_id`, `created_at`, `updated_at`, `is_autofilled`, `is_out_of_race`, `begin_time`, `meeting_event_id`, `pool_type_id`, `time_standard_id`)
  VALUES (69424, 47, 836, 1, 1, '2016-05-24 18:33:10', '2016-05-24 18:33:10', 1, 0, '2000-01-01 09:34:00', 6354, 1, 3310);

INSERT INTO `meeting_programs` (`id`, `event_order`, `category_type_id`, `gender_type_id`, `user_id`, `created_at`, `updated_at`, `is_autofilled`, `is_out_of_race`, `begin_time`, `meeting_event_id`, `pool_type_id`, `time_standard_id`)
  VALUES (69425, 48, 837, 1, 1, '2016-05-24 18:33:10', '2016-05-24 18:33:10', 1, 0, '2000-01-01 09:36:00', 6354, 1, 3328);

INSERT INTO `meeting_programs` (`id`, `event_order`, `category_type_id`, `gender_type_id`, `user_id`, `created_at`, `updated_at`, `is_autofilled`, `is_out_of_race`, `begin_time`, `meeting_event_id`, `pool_type_id`, `time_standard_id`)
  VALUES (69426, 49, 838, 1, 1, '2016-05-24 18:33:10', '2016-05-24 18:33:10', 1, 0, '2000-01-01 09:38:00', 6354, 1, 3346);

INSERT INTO `meeting_programs` (`id`, `event_order`, `category_type_id`, `gender_type_id`, `user_id`, `created_at`, `updated_at`, `is_autofilled`, `is_out_of_race`, `begin_time`, `meeting_event_id`, `pool_type_id`, `time_standard_id`)
  VALUES (69427, 50, 839, 1, 1, '2016-05-24 18:33:10', '2016-05-24 18:33:10', 1, 0, '2000-01-01 09:40:00', 6354, 1, 3364);

INSERT INTO `meeting_programs` (`id`, `event_order`, `category_type_id`, `gender_type_id`, `user_id`, `created_at`, `updated_at`, `is_autofilled`, `is_out_of_race`, `begin_time`, `meeting_event_id`, `pool_type_id`, `time_standard_id`)
  VALUES (69428, 51, 840, 1, 1, '2016-05-24 18:33:10', '2016-05-24 18:33:10', 1, 0, '2000-01-01 09:42:00', 6354, 1, 3382);

INSERT INTO `meeting_programs` (`id`, `event_order`, `category_type_id`, `gender_type_id`, `user_id`, `created_at`, `updated_at`, `is_autofilled`, `is_out_of_race`, `begin_time`, `meeting_event_id`, `pool_type_id`, `time_standard_id`)
  VALUES (69429, 52, 842, 1, 1, '2016-05-24 18:33:10', '2016-05-24 18:33:10', 1, 0, '2000-01-01 09:44:00', 6354, 1, 3418);

INSERT INTO `meeting_programs` (`id`, `event_order`, `category_type_id`, `gender_type_id`, `user_id`, `created_at`, `updated_at`, `is_autofilled`, `is_out_of_race`, `begin_time`, `meeting_event_id`, `pool_type_id`, `time_standard_id`)
  VALUES (69430, 53, 845, 1, 1, '2016-05-24 18:33:10', '2016-05-24 18:33:10', 1, 0, '2000-01-01 09:46:00', 6354, 1, 3472);

INSERT INTO `meeting_programs` (`id`, `event_order`, `category_type_id`, `gender_type_id`, `user_id`, `created_at`, `updated_at`, `is_autofilled`, `is_out_of_race`, `begin_time`, `meeting_event_id`, `pool_type_id`, `time_standard_id`)
  VALUES (69431, 54, 833, 1, 1, '2016-05-24 18:33:11', '2016-05-24 18:33:11', 1, 0, '2000-01-01 09:48:00', 6354, 1, NULL);

INSERT INTO `meeting_events` (`id`, `created_at`, `updated_at`, `event_order`, `begin_time`, `is_out_of_race`, `is_autofilled`, `notes`, `meeting_session_id`, `event_type_id`, `heat_type_id`, `user_id`, `has_separate_gender_start_list`, `has_separate_category_start_list`)
  VALUES (6355, '2016-05-24 18:33:11', '2016-05-24 18:33:11', 5, '2000-01-01 09:50:00', 0, 1, NULL, 789, 3, 3, 1, 1, 0);

INSERT INTO `meeting_programs` (`id`, `event_order`, `category_type_id`, `gender_type_id`, `user_id`, `created_at`, `updated_at`, `is_autofilled`, `is_out_of_race`, `begin_time`, `meeting_event_id`, `pool_type_id`, `time_standard_id`)
  VALUES (69432, 55, 835, 2, 1, '2016-05-24 18:33:11', '2016-05-24 18:33:11', 1, 0, '2000-01-01 09:50:00', 6355, 1, 3807);

INSERT INTO `meeting_programs` (`id`, `event_order`, `category_type_id`, `gender_type_id`, `user_id`, `created_at`, `updated_at`, `is_autofilled`, `is_out_of_race`, `begin_time`, `meeting_event_id`, `pool_type_id`, `time_standard_id`)
  VALUES (69433, 56, 836, 2, 1, '2016-05-24 18:33:11', '2016-05-24 18:33:11', 1, 0, '2000-01-01 09:52:00', 6355, 1, 3825);

INSERT INTO `meeting_programs` (`id`, `event_order`, `category_type_id`, `gender_type_id`, `user_id`, `created_at`, `updated_at`, `is_autofilled`, `is_out_of_race`, `begin_time`, `meeting_event_id`, `pool_type_id`, `time_standard_id`)
  VALUES (69434, 57, 837, 2, 1, '2016-05-24 18:33:11', '2016-05-24 18:33:11', 1, 0, '2000-01-01 09:54:00', 6355, 1, 3843);

INSERT INTO `meeting_programs` (`id`, `event_order`, `category_type_id`, `gender_type_id`, `user_id`, `created_at`, `updated_at`, `is_autofilled`, `is_out_of_race`, `begin_time`, `meeting_event_id`, `pool_type_id`, `time_standard_id`)
  VALUES (69435, 58, 838, 2, 1, '2016-05-24 18:33:11', '2016-05-24 18:33:11', 1, 0, '2000-01-01 09:56:00', 6355, 1, 3861);

INSERT INTO `meeting_programs` (`id`, `event_order`, `category_type_id`, `gender_type_id`, `user_id`, `created_at`, `updated_at`, `is_autofilled`, `is_out_of_race`, `begin_time`, `meeting_event_id`, `pool_type_id`, `time_standard_id`)
  VALUES (69436, 59, 839, 2, 1, '2016-05-24 18:33:11', '2016-05-24 18:33:11', 1, 0, '2000-01-01 09:58:00', 6355, 1, 3879);

INSERT INTO `meeting_programs` (`id`, `event_order`, `category_type_id`, `gender_type_id`, `user_id`, `created_at`, `updated_at`, `is_autofilled`, `is_out_of_race`, `begin_time`, `meeting_event_id`, `pool_type_id`, `time_standard_id`)
  VALUES (69437, 60, 841, 2, 1, '2016-05-24 18:33:11', '2016-05-24 18:33:11', 1, 0, '2000-01-01 10:00:00', 6355, 1, 3915);

INSERT INTO `meeting_programs` (`id`, `event_order`, `category_type_id`, `gender_type_id`, `user_id`, `created_at`, `updated_at`, `is_autofilled`, `is_out_of_race`, `begin_time`, `meeting_event_id`, `pool_type_id`, `time_standard_id`)
  VALUES (69438, 61, 833, 2, 1, '2016-05-24 18:33:11', '2016-05-24 18:33:11', 1, 0, '2000-01-01 10:02:00', 6355, 1, NULL);

INSERT INTO `meeting_programs` (`id`, `event_order`, `category_type_id`, `gender_type_id`, `user_id`, `created_at`, `updated_at`, `is_autofilled`, `is_out_of_race`, `begin_time`, `meeting_event_id`, `pool_type_id`, `time_standard_id`)
  VALUES (69439, 62, 834, 1, 1, '2016-05-24 18:33:11', '2016-05-24 18:33:11', 1, 0, '2000-01-01 10:04:00', 6355, 1, 3265);

INSERT INTO `meeting_programs` (`id`, `event_order`, `category_type_id`, `gender_type_id`, `user_id`, `created_at`, `updated_at`, `is_autofilled`, `is_out_of_race`, `begin_time`, `meeting_event_id`, `pool_type_id`, `time_standard_id`)
  VALUES (69440, 63, 835, 1, 1, '2016-05-24 18:33:11', '2016-05-24 18:33:11', 1, 0, '2000-01-01 10:06:00', 6355, 1, 3283);

INSERT INTO `meeting_programs` (`id`, `event_order`, `category_type_id`, `gender_type_id`, `user_id`, `created_at`, `updated_at`, `is_autofilled`, `is_out_of_race`, `begin_time`, `meeting_event_id`, `pool_type_id`, `time_standard_id`)
  VALUES (69441, 64, 836, 1, 1, '2016-05-24 18:33:11', '2016-05-24 18:33:11', 1, 0, '2000-01-01 10:08:00', 6355, 1, 3301);

INSERT INTO `meeting_programs` (`id`, `event_order`, `category_type_id`, `gender_type_id`, `user_id`, `created_at`, `updated_at`, `is_autofilled`, `is_out_of_race`, `begin_time`, `meeting_event_id`, `pool_type_id`, `time_standard_id`)
  VALUES (69442, 65, 837, 1, 1, '2016-05-24 18:33:11', '2016-05-24 18:33:11', 1, 0, '2000-01-01 10:10:00', 6355, 1, 3319);

INSERT INTO `meeting_programs` (`id`, `event_order`, `category_type_id`, `gender_type_id`, `user_id`, `created_at`, `updated_at`, `is_autofilled`, `is_out_of_race`, `begin_time`, `meeting_event_id`, `pool_type_id`, `time_standard_id`)
  VALUES (69443, 66, 838, 1, 1, '2016-05-24 18:33:11', '2016-05-24 18:33:11', 1, 0, '2000-01-01 10:12:00', 6355, 1, 3337);

INSERT INTO `meeting_programs` (`id`, `event_order`, `category_type_id`, `gender_type_id`, `user_id`, `created_at`, `updated_at`, `is_autofilled`, `is_out_of_race`, `begin_time`, `meeting_event_id`, `pool_type_id`, `time_standard_id`)
  VALUES (69444, 67, 839, 1, 1, '2016-05-24 18:33:12', '2016-05-24 18:33:12', 1, 0, '2000-01-01 10:14:00', 6355, 1, 3355);

INSERT INTO `meeting_programs` (`id`, `event_order`, `category_type_id`, `gender_type_id`, `user_id`, `created_at`, `updated_at`, `is_autofilled`, `is_out_of_race`, `begin_time`, `meeting_event_id`, `pool_type_id`, `time_standard_id`)
  VALUES (69445, 68, 842, 1, 1, '2016-05-24 18:33:12', '2016-05-24 18:33:12', 1, 0, '2000-01-01 10:16:00', 6355, 1, 3409);

INSERT INTO `meeting_programs` (`id`, `event_order`, `category_type_id`, `gender_type_id`, `user_id`, `created_at`, `updated_at`, `is_autofilled`, `is_out_of_race`, `begin_time`, `meeting_event_id`, `pool_type_id`, `time_standard_id`)
  VALUES (69446, 69, 833, 1, 1, '2016-05-24 18:33:12', '2016-05-24 18:33:12', 1, 0, '2000-01-01 10:18:00', 6355, 1, NULL);

INSERT INTO `meeting_events` (`id`, `created_at`, `updated_at`, `event_order`, `begin_time`, `is_out_of_race`, `is_autofilled`, `notes`, `meeting_session_id`, `event_type_id`, `heat_type_id`, `user_id`, `has_separate_gender_start_list`, `has_separate_category_start_list`)
  VALUES (6356, '2016-05-24 18:33:12', '2016-05-24 18:33:12', 6, '2000-01-01 10:20:00', 0, 1, NULL, 789, 17, 3, 1, 1, 0);

INSERT INTO `meeting_programs` (`id`, `event_order`, `category_type_id`, `gender_type_id`, `user_id`, `created_at`, `updated_at`, `is_autofilled`, `is_out_of_race`, `begin_time`, `meeting_event_id`, `pool_type_id`, `time_standard_id`)
  VALUES (69447, 70, 841, 2, 1, '2016-05-24 18:33:12', '2016-05-24 18:33:12', 1, 0, '2000-01-01 10:20:00', 6356, 1, 3922);

INSERT INTO `meeting_programs` (`id`, `event_order`, `category_type_id`, `gender_type_id`, `user_id`, `created_at`, `updated_at`, `is_autofilled`, `is_out_of_race`, `begin_time`, `meeting_event_id`, `pool_type_id`, `time_standard_id`)
  VALUES (69448, 71, 835, 1, 1, '2016-05-24 18:33:12', '2016-05-24 18:33:12', 1, 0, '2000-01-01 10:22:00', 6356, 1, 3290);

INSERT INTO `meeting_programs` (`id`, `event_order`, `category_type_id`, `gender_type_id`, `user_id`, `created_at`, `updated_at`, `is_autofilled`, `is_out_of_race`, `begin_time`, `meeting_event_id`, `pool_type_id`, `time_standard_id`)
  VALUES (69449, 72, 839, 1, 1, '2016-05-24 18:33:12', '2016-05-24 18:33:12', 1, 0, '2000-01-01 10:24:00', 6356, 1, 3362);

INSERT INTO `meeting_programs` (`id`, `event_order`, `category_type_id`, `gender_type_id`, `user_id`, `created_at`, `updated_at`, `is_autofilled`, `is_out_of_race`, `begin_time`, `meeting_event_id`, `pool_type_id`, `time_standard_id`)
  VALUES (69450, 73, 840, 1, 1, '2016-05-24 18:33:12', '2016-05-24 18:33:12', 1, 0, '2000-01-01 10:26:00', 6356, 1, 3380);

INSERT INTO `meeting_programs` (`id`, `event_order`, `category_type_id`, `gender_type_id`, `user_id`, `created_at`, `updated_at`, `is_autofilled`, `is_out_of_race`, `begin_time`, `meeting_event_id`, `pool_type_id`, `time_standard_id`)
  VALUES (69451, 74, 843, 1, 1, '2016-05-24 18:33:12', '2016-05-24 18:33:12', 1, 0, '2000-01-01 10:28:00', 6356, 1, 3434);

INSERT INTO `meeting_events` (`id`, `created_at`, `updated_at`, `event_order`, `begin_time`, `is_out_of_race`, `is_autofilled`, `notes`, `meeting_session_id`, `event_type_id`, `heat_type_id`, `user_id`, `has_separate_gender_start_list`, `has_separate_category_start_list`)
  VALUES (6357, '2016-05-24 18:33:12', '2016-05-24 18:33:12', 7, '2000-01-01 10:30:00', 0, 1, NULL, 789, 21, 3, 1, 1, 0);

INSERT INTO `meeting_programs` (`id`, `event_order`, `category_type_id`, `gender_type_id`, `user_id`, `created_at`, `updated_at`, `is_autofilled`, `is_out_of_race`, `begin_time`, `meeting_event_id`, `pool_type_id`, `time_standard_id`)
  VALUES (69452, 75, 836, 2, 1, '2016-05-24 18:33:12', '2016-05-24 18:33:12', 1, 0, '2000-01-01 10:30:00', 6357, 1, 3835);

INSERT INTO `meeting_programs` (`id`, `event_order`, `category_type_id`, `gender_type_id`, `user_id`, `created_at`, `updated_at`, `is_autofilled`, `is_out_of_race`, `begin_time`, `meeting_event_id`, `pool_type_id`, `time_standard_id`)
  VALUES (69453, 76, 837, 2, 1, '2016-05-24 18:33:12', '2016-05-24 18:33:12', 1, 0, '2000-01-01 10:32:00', 6357, 1, 3853);

INSERT INTO `meeting_programs` (`id`, `event_order`, `category_type_id`, `gender_type_id`, `user_id`, `created_at`, `updated_at`, `is_autofilled`, `is_out_of_race`, `begin_time`, `meeting_event_id`, `pool_type_id`, `time_standard_id`)
  VALUES (69454, 77, 838, 2, 1, '2016-05-24 18:33:12', '2016-05-24 18:33:12', 1, 0, '2000-01-01 10:34:00', 6357, 1, 3871);

INSERT INTO `meeting_programs` (`id`, `event_order`, `category_type_id`, `gender_type_id`, `user_id`, `created_at`, `updated_at`, `is_autofilled`, `is_out_of_race`, `begin_time`, `meeting_event_id`, `pool_type_id`, `time_standard_id`)
  VALUES (69455, 78, 840, 2, 1, '2016-05-24 18:33:12', '2016-05-24 18:33:12', 1, 0, '2000-01-01 10:36:00', 6357, 1, 3907);

INSERT INTO `meeting_programs` (`id`, `event_order`, `category_type_id`, `gender_type_id`, `user_id`, `created_at`, `updated_at`, `is_autofilled`, `is_out_of_race`, `begin_time`, `meeting_event_id`, `pool_type_id`, `time_standard_id`)
  VALUES (69456, 79, 834, 1, 1, '2016-05-24 18:33:12', '2016-05-24 18:33:12', 1, 0, '2000-01-01 10:38:00', 6357, 1, 3275);

INSERT INTO `meeting_programs` (`id`, `event_order`, `category_type_id`, `gender_type_id`, `user_id`, `created_at`, `updated_at`, `is_autofilled`, `is_out_of_race`, `begin_time`, `meeting_event_id`, `pool_type_id`, `time_standard_id`)
  VALUES (69457, 80, 835, 1, 1, '2016-05-24 18:33:12', '2016-05-24 18:33:12', 1, 0, '2000-01-01 10:40:00', 6357, 1, 3293);

INSERT INTO `meeting_programs` (`id`, `event_order`, `category_type_id`, `gender_type_id`, `user_id`, `created_at`, `updated_at`, `is_autofilled`, `is_out_of_race`, `begin_time`, `meeting_event_id`, `pool_type_id`, `time_standard_id`)
  VALUES (69458, 81, 836, 1, 1, '2016-05-24 18:33:13', '2016-05-24 18:33:13', 1, 0, '2000-01-01 10:42:00', 6357, 1, 3311);

INSERT INTO `meeting_programs` (`id`, `event_order`, `category_type_id`, `gender_type_id`, `user_id`, `created_at`, `updated_at`, `is_autofilled`, `is_out_of_race`, `begin_time`, `meeting_event_id`, `pool_type_id`, `time_standard_id`)
  VALUES (69459, 82, 837, 1, 1, '2016-05-24 18:33:13', '2016-05-24 18:33:13', 1, 0, '2000-01-01 10:44:00', 6357, 1, 3329);

INSERT INTO `meeting_programs` (`id`, `event_order`, `category_type_id`, `gender_type_id`, `user_id`, `created_at`, `updated_at`, `is_autofilled`, `is_out_of_race`, `begin_time`, `meeting_event_id`, `pool_type_id`, `time_standard_id`)
  VALUES (69460, 83, 838, 1, 1, '2016-05-24 18:33:13', '2016-05-24 18:33:13', 1, 0, '2000-01-01 10:46:00', 6357, 1, 3347);

INSERT INTO `meeting_programs` (`id`, `event_order`, `category_type_id`, `gender_type_id`, `user_id`, `created_at`, `updated_at`, `is_autofilled`, `is_out_of_race`, `begin_time`, `meeting_event_id`, `pool_type_id`, `time_standard_id`)
  VALUES (69461, 84, 839, 1, 1, '2016-05-24 18:33:13', '2016-05-24 18:33:13', 1, 0, '2000-01-01 10:48:00', 6357, 1, 3365);

INSERT INTO `meeting_programs` (`id`, `event_order`, `category_type_id`, `gender_type_id`, `user_id`, `created_at`, `updated_at`, `is_autofilled`, `is_out_of_race`, `begin_time`, `meeting_event_id`, `pool_type_id`, `time_standard_id`)
  VALUES (69462, 85, 840, 1, 1, '2016-05-24 18:33:13', '2016-05-24 18:33:13', 1, 0, '2000-01-01 10:50:00', 6357, 1, 3383);

INSERT INTO `meeting_programs` (`id`, `event_order`, `category_type_id`, `gender_type_id`, `user_id`, `created_at`, `updated_at`, `is_autofilled`, `is_out_of_race`, `begin_time`, `meeting_event_id`, `pool_type_id`, `time_standard_id`)
  VALUES (69463, 86, 841, 1, 1, '2016-05-24 18:33:13', '2016-05-24 18:33:13', 1, 0, '2000-01-01 10:52:00', 6357, 1, 3401);

INSERT INTO `meeting_programs` (`id`, `event_order`, `category_type_id`, `gender_type_id`, `user_id`, `created_at`, `updated_at`, `is_autofilled`, `is_out_of_race`, `begin_time`, `meeting_event_id`, `pool_type_id`, `time_standard_id`)
  VALUES (69464, 87, 842, 1, 1, '2016-05-24 18:33:13', '2016-05-24 18:33:13', 1, 0, '2000-01-01 10:54:00', 6357, 1, 3419);

INSERT INTO `meeting_programs` (`id`, `event_order`, `category_type_id`, `gender_type_id`, `user_id`, `created_at`, `updated_at`, `is_autofilled`, `is_out_of_race`, `begin_time`, `meeting_event_id`, `pool_type_id`, `time_standard_id`)
  VALUES (69465, 88, 843, 1, 1, '2016-05-24 18:33:13', '2016-05-24 18:33:13', 1, 0, '2000-01-01 10:56:00', 6357, 1, 3437);

INSERT INTO `meeting_programs` (`id`, `event_order`, `category_type_id`, `gender_type_id`, `user_id`, `created_at`, `updated_at`, `is_autofilled`, `is_out_of_race`, `begin_time`, `meeting_event_id`, `pool_type_id`, `time_standard_id`)
  VALUES (69466, 89, 845, 1, 1, '2016-05-24 18:33:13', '2016-05-24 18:33:13', 1, 0, '2000-01-01 10:58:00', 6357, 1, 3473);

INSERT INTO `meeting_events` (`id`, `created_at`, `updated_at`, `event_order`, `begin_time`, `is_out_of_race`, `is_autofilled`, `notes`, `meeting_session_id`, `event_type_id`, `heat_type_id`, `user_id`, `has_separate_gender_start_list`, `has_separate_category_start_list`)
  VALUES (6358, '2016-05-24 18:33:13', '2016-05-24 18:33:13', 8, '2000-01-01 11:00:00', 0, 1, NULL, 789, 4, 3, 1, 1, 0);

INSERT INTO `meeting_programs` (`id`, `event_order`, `category_type_id`, `gender_type_id`, `user_id`, `created_at`, `updated_at`, `is_autofilled`, `is_out_of_race`, `begin_time`, `meeting_event_id`, `pool_type_id`, `time_standard_id`)
  VALUES (69467, 90, 835, 2, 1, '2016-05-24 18:33:13', '2016-05-24 18:33:13', 1, 0, '2000-01-01 11:00:00', 6358, 1, 3808);

INSERT INTO `meeting_programs` (`id`, `event_order`, `category_type_id`, `gender_type_id`, `user_id`, `created_at`, `updated_at`, `is_autofilled`, `is_out_of_race`, `begin_time`, `meeting_event_id`, `pool_type_id`, `time_standard_id`)
  VALUES (69468, 91, 836, 2, 1, '2016-05-24 18:33:13', '2016-05-24 18:33:13', 1, 0, '2000-01-01 11:02:00', 6358, 1, 3826);

INSERT INTO `meeting_programs` (`id`, `event_order`, `category_type_id`, `gender_type_id`, `user_id`, `created_at`, `updated_at`, `is_autofilled`, `is_out_of_race`, `begin_time`, `meeting_event_id`, `pool_type_id`, `time_standard_id`)
  VALUES (69469, 92, 838, 2, 1, '2016-05-24 18:33:13', '2016-05-24 18:33:13', 1, 0, '2000-01-01 11:04:00', 6358, 1, 3862);

INSERT INTO `meeting_programs` (`id`, `event_order`, `category_type_id`, `gender_type_id`, `user_id`, `created_at`, `updated_at`, `is_autofilled`, `is_out_of_race`, `begin_time`, `meeting_event_id`, `pool_type_id`, `time_standard_id`)
  VALUES (69470, 93, 839, 2, 1, '2016-05-24 18:33:13', '2016-05-24 18:33:13', 1, 0, '2000-01-01 11:06:00', 6358, 1, 3880);

INSERT INTO `meeting_programs` (`id`, `event_order`, `category_type_id`, `gender_type_id`, `user_id`, `created_at`, `updated_at`, `is_autofilled`, `is_out_of_race`, `begin_time`, `meeting_event_id`, `pool_type_id`, `time_standard_id`)
  VALUES (69471, 94, 834, 1, 1, '2016-05-24 18:33:13', '2016-05-24 18:33:13', 1, 0, '2000-01-01 11:08:00', 6358, 1, 3266);

INSERT INTO `meeting_programs` (`id`, `event_order`, `category_type_id`, `gender_type_id`, `user_id`, `created_at`, `updated_at`, `is_autofilled`, `is_out_of_race`, `begin_time`, `meeting_event_id`, `pool_type_id`, `time_standard_id`)
  VALUES (69472, 95, 835, 1, 1, '2016-05-24 18:33:14', '2016-05-24 18:33:14', 1, 0, '2000-01-01 11:10:00', 6358, 1, 3284);

INSERT INTO `meeting_programs` (`id`, `event_order`, `category_type_id`, `gender_type_id`, `user_id`, `created_at`, `updated_at`, `is_autofilled`, `is_out_of_race`, `begin_time`, `meeting_event_id`, `pool_type_id`, `time_standard_id`)
  VALUES (69473, 96, 837, 1, 1, '2016-05-24 18:33:14', '2016-05-24 18:33:14', 1, 0, '2000-01-01 11:12:00', 6358, 1, 3320);

INSERT INTO `meeting_programs` (`id`, `event_order`, `category_type_id`, `gender_type_id`, `user_id`, `created_at`, `updated_at`, `is_autofilled`, `is_out_of_race`, `begin_time`, `meeting_event_id`, `pool_type_id`, `time_standard_id`)
  VALUES (69474, 97, 838, 1, 1, '2016-05-24 18:33:14', '2016-05-24 18:33:14', 1, 0, '2000-01-01 11:14:00', 6358, 1, 3338);

INSERT INTO `meeting_programs` (`id`, `event_order`, `category_type_id`, `gender_type_id`, `user_id`, `created_at`, `updated_at`, `is_autofilled`, `is_out_of_race`, `begin_time`, `meeting_event_id`, `pool_type_id`, `time_standard_id`)
  VALUES (69475, 98, 839, 1, 1, '2016-05-24 18:33:14', '2016-05-24 18:33:14', 1, 0, '2000-01-01 11:16:00', 6358, 1, 3356);

INSERT INTO `meeting_programs` (`id`, `event_order`, `category_type_id`, `gender_type_id`, `user_id`, `created_at`, `updated_at`, `is_autofilled`, `is_out_of_race`, `begin_time`, `meeting_event_id`, `pool_type_id`, `time_standard_id`)
  VALUES (69476, 99, 841, 1, 1, '2016-05-24 18:33:14', '2016-05-24 18:33:14', 1, 0, '2000-01-01 11:18:00', 6358, 1, 3392);

INSERT INTO `meeting_programs` (`id`, `event_order`, `category_type_id`, `gender_type_id`, `user_id`, `created_at`, `updated_at`, `is_autofilled`, `is_out_of_race`, `begin_time`, `meeting_event_id`, `pool_type_id`, `time_standard_id`)
  VALUES (69477, 100, 842, 1, 1, '2016-05-24 18:33:14', '2016-05-24 18:33:14', 1, 0, '2000-01-01 11:20:00', 6358, 1, 3410);

INSERT INTO `meeting_events` (`id`, `created_at`, `updated_at`, `event_order`, `begin_time`, `is_out_of_race`, `is_autofilled`, `notes`, `meeting_session_id`, `event_type_id`, `heat_type_id`, `user_id`, `has_separate_gender_start_list`, `has_separate_category_start_list`)
  VALUES (6359, '2016-05-24 18:33:14', '2016-05-24 18:33:14', 9, '2000-01-01 11:22:00', 0, 1, NULL, 789, 24, 3, 1, 1, 0);

INSERT INTO `meeting_programs` (`id`, `event_order`, `category_type_id`, `gender_type_id`, `user_id`, `created_at`, `updated_at`, `is_autofilled`, `is_out_of_race`, `begin_time`, `meeting_event_id`, `pool_type_id`, `time_standard_id`)
  VALUES (69478, 101, 834, 1, 1, '2016-05-24 18:33:14', '2016-05-24 18:33:14', 1, 0, '2000-01-01 11:22:00', 6359, 1, 3281);

INSERT INTO `meeting_programs` (`id`, `event_order`, `category_type_id`, `gender_type_id`, `user_id`, `created_at`, `updated_at`, `is_autofilled`, `is_out_of_race`, `begin_time`, `meeting_event_id`, `pool_type_id`, `time_standard_id`)
  VALUES (69479, 102, 838, 1, 1, '2016-05-24 18:33:14', '2016-05-24 18:33:14', 1, 0, '2000-01-01 11:24:00', 6359, 1, 3353);

INSERT INTO `meeting_programs` (`id`, `event_order`, `category_type_id`, `gender_type_id`, `user_id`, `created_at`, `updated_at`, `is_autofilled`, `is_out_of_race`, `begin_time`, `meeting_event_id`, `pool_type_id`, `time_standard_id`)
  VALUES (69480, 103, 839, 1, 1, '2016-05-24 18:33:14', '2016-05-24 18:33:14', 1, 0, '2000-01-01 11:26:00', 6359, 1, 3371);

INSERT INTO `meeting_programs` (`id`, `event_order`, `category_type_id`, `gender_type_id`, `user_id`, `created_at`, `updated_at`, `is_autofilled`, `is_out_of_race`, `begin_time`, `meeting_event_id`, `pool_type_id`, `time_standard_id`)
  VALUES (69481, 104, 841, 1, 1, '2016-05-24 18:33:14', '2016-05-24 18:33:14', 1, 0, '2000-01-01 11:28:00', 6359, 1, 3407);

INSERT INTO `meeting_programs` (`id`, `event_order`, `category_type_id`, `gender_type_id`, `user_id`, `created_at`, `updated_at`, `is_autofilled`, `is_out_of_race`, `begin_time`, `meeting_event_id`, `pool_type_id`, `time_standard_id`)
  VALUES (69482, 105, 843, 1, 1, '2016-05-24 18:33:14', '2016-05-24 18:33:14', 1, 0, '2000-01-01 11:30:00', 6359, 1, 3443);

INSERT INTO `meeting_events` (`id`, `created_at`, `updated_at`, `event_order`, `begin_time`, `is_out_of_race`, `is_autofilled`, `notes`, `meeting_session_id`, `event_type_id`, `heat_type_id`, `user_id`, `has_separate_gender_start_list`, `has_separate_category_start_list`)
  VALUES (6360, '2016-05-24 18:33:14', '2016-05-24 18:33:14', 10, '2000-01-01 11:32:00', 0, 1, NULL, 789, 11, 3, 1, 1, 0);

INSERT INTO `meeting_programs` (`id`, `event_order`, `category_type_id`, `gender_type_id`, `user_id`, `created_at`, `updated_at`, `is_autofilled`, `is_out_of_race`, `begin_time`, `meeting_event_id`, `pool_type_id`, `time_standard_id`)
  VALUES (69483, 106, 834, 2, 1, '2016-05-24 18:33:14', '2016-05-24 18:33:14', 1, 0, '2000-01-01 11:32:00', 6360, 1, 3800);

INSERT INTO `meeting_programs` (`id`, `event_order`, `category_type_id`, `gender_type_id`, `user_id`, `created_at`, `updated_at`, `is_autofilled`, `is_out_of_race`, `begin_time`, `meeting_event_id`, `pool_type_id`, `time_standard_id`)
  VALUES (69484, 107, 835, 2, 1, '2016-05-24 18:33:14', '2016-05-24 18:33:14', 1, 0, '2000-01-01 11:34:00', 6360, 1, 3818);

INSERT INTO `meeting_programs` (`id`, `event_order`, `category_type_id`, `gender_type_id`, `user_id`, `created_at`, `updated_at`, `is_autofilled`, `is_out_of_race`, `begin_time`, `meeting_event_id`, `pool_type_id`, `time_standard_id`)
  VALUES (69485, 108, 836, 2, 1, '2016-05-24 18:33:15', '2016-05-24 18:33:15', 1, 0, '2000-01-01 11:36:00', 6360, 1, 3836);

INSERT INTO `meeting_programs` (`id`, `event_order`, `category_type_id`, `gender_type_id`, `user_id`, `created_at`, `updated_at`, `is_autofilled`, `is_out_of_race`, `begin_time`, `meeting_event_id`, `pool_type_id`, `time_standard_id`)
  VALUES (69486, 109, 838, 2, 1, '2016-05-24 18:33:15', '2016-05-24 18:33:15', 1, 0, '2000-01-01 11:38:00', 6360, 1, 3872);

INSERT INTO `meeting_programs` (`id`, `event_order`, `category_type_id`, `gender_type_id`, `user_id`, `created_at`, `updated_at`, `is_autofilled`, `is_out_of_race`, `begin_time`, `meeting_event_id`, `pool_type_id`, `time_standard_id`)
  VALUES (69487, 110, 839, 2, 1, '2016-05-24 18:33:15', '2016-05-24 18:33:15', 1, 0, '2000-01-01 11:40:00', 6360, 1, 3890);

INSERT INTO `meeting_programs` (`id`, `event_order`, `category_type_id`, `gender_type_id`, `user_id`, `created_at`, `updated_at`, `is_autofilled`, `is_out_of_race`, `begin_time`, `meeting_event_id`, `pool_type_id`, `time_standard_id`)
  VALUES (69488, 111, 842, 2, 1, '2016-05-24 18:33:15', '2016-05-24 18:33:15', 1, 0, '2000-01-01 11:42:00', 6360, 1, 3944);

INSERT INTO `meeting_programs` (`id`, `event_order`, `category_type_id`, `gender_type_id`, `user_id`, `created_at`, `updated_at`, `is_autofilled`, `is_out_of_race`, `begin_time`, `meeting_event_id`, `pool_type_id`, `time_standard_id`)
  VALUES (69489, 112, 833, 2, 1, '2016-05-24 18:33:15', '2016-05-24 18:33:15', 1, 0, '2000-01-01 11:44:00', 6360, 1, NULL);

INSERT INTO `meeting_programs` (`id`, `event_order`, `category_type_id`, `gender_type_id`, `user_id`, `created_at`, `updated_at`, `is_autofilled`, `is_out_of_race`, `begin_time`, `meeting_event_id`, `pool_type_id`, `time_standard_id`)
  VALUES (69490, 113, 834, 1, 1, '2016-05-24 18:33:15', '2016-05-24 18:33:15', 1, 0, '2000-01-01 11:46:00', 6360, 1, 3276);

INSERT INTO `meeting_programs` (`id`, `event_order`, `category_type_id`, `gender_type_id`, `user_id`, `created_at`, `updated_at`, `is_autofilled`, `is_out_of_race`, `begin_time`, `meeting_event_id`, `pool_type_id`, `time_standard_id`)
  VALUES (69491, 114, 835, 1, 1, '2016-05-24 18:33:15', '2016-05-24 18:33:15', 1, 0, '2000-01-01 11:48:00', 6360, 1, 3294);

INSERT INTO `meeting_programs` (`id`, `event_order`, `category_type_id`, `gender_type_id`, `user_id`, `created_at`, `updated_at`, `is_autofilled`, `is_out_of_race`, `begin_time`, `meeting_event_id`, `pool_type_id`, `time_standard_id`)
  VALUES (69492, 115, 836, 1, 1, '2016-05-24 18:33:15', '2016-05-24 18:33:15', 1, 0, '2000-01-01 11:50:00', 6360, 1, 3312);

INSERT INTO `meeting_programs` (`id`, `event_order`, `category_type_id`, `gender_type_id`, `user_id`, `created_at`, `updated_at`, `is_autofilled`, `is_out_of_race`, `begin_time`, `meeting_event_id`, `pool_type_id`, `time_standard_id`)
  VALUES (69493, 116, 837, 1, 1, '2016-05-24 18:33:15', '2016-05-24 18:33:15', 1, 0, '2000-01-01 11:52:00', 6360, 1, 3330);

INSERT INTO `meeting_programs` (`id`, `event_order`, `category_type_id`, `gender_type_id`, `user_id`, `created_at`, `updated_at`, `is_autofilled`, `is_out_of_race`, `begin_time`, `meeting_event_id`, `pool_type_id`, `time_standard_id`)
  VALUES (69494, 117, 838, 1, 1, '2016-05-24 18:33:15', '2016-05-24 18:33:15', 1, 0, '2000-01-01 11:54:00', 6360, 1, 3348);

INSERT INTO `meeting_programs` (`id`, `event_order`, `category_type_id`, `gender_type_id`, `user_id`, `created_at`, `updated_at`, `is_autofilled`, `is_out_of_race`, `begin_time`, `meeting_event_id`, `pool_type_id`, `time_standard_id`)
  VALUES (69495, 118, 839, 1, 1, '2016-05-24 18:33:15', '2016-05-24 18:33:15', 1, 0, '2000-01-01 11:56:00', 6360, 1, 3366);

INSERT INTO `meeting_programs` (`id`, `event_order`, `category_type_id`, `gender_type_id`, `user_id`, `created_at`, `updated_at`, `is_autofilled`, `is_out_of_race`, `begin_time`, `meeting_event_id`, `pool_type_id`, `time_standard_id`)
  VALUES (69496, 119, 833, 1, 1, '2016-05-24 18:33:15', '2016-05-24 18:33:15', 1, 0, '2000-01-01 11:58:00', 6360, 1, NULL);

INSERT INTO `meeting_events` (`id`, `created_at`, `updated_at`, `event_order`, `begin_time`, `is_out_of_race`, `is_autofilled`, `notes`, `meeting_session_id`, `event_type_id`, `heat_type_id`, `user_id`, `has_separate_gender_start_list`, `has_separate_category_start_list`)
  VALUES (6361, '2016-05-24 18:33:15', '2016-05-24 18:33:15', 11, '2000-01-01 11:58:30', 0, 1, NULL, 789, 26, 3, 1, 1, 0);

INSERT INTO `meeting_programs` (`id`, `event_order`, `category_type_id`, `gender_type_id`, `user_id`, `created_at`, `updated_at`, `is_autofilled`, `is_out_of_race`, `begin_time`, `meeting_event_id`, `pool_type_id`, `time_standard_id`)
  VALUES (69497, 1, 850, 1, 1, '2016-05-24 18:33:15', '2016-05-24 18:33:15', 1, 0, '2000-01-01 11:58:30', 6361, 1, 4418);

INSERT INTO `meeting_programs` (`id`, `event_order`, `category_type_id`, `gender_type_id`, `user_id`, `created_at`, `updated_at`, `is_autofilled`, `is_out_of_race`, `begin_time`, `meeting_event_id`, `pool_type_id`, `time_standard_id`)
  VALUES (69498, 2, 851, 1, 1, '2016-05-24 18:33:16', '2016-05-24 18:33:16', 1, 0, '2000-01-01 11:58:30', 6361, 1, 4419);

INSERT INTO `meeting_programs` (`id`, `event_order`, `category_type_id`, `gender_type_id`, `user_id`, `created_at`, `updated_at`, `is_autofilled`, `is_out_of_race`, `begin_time`, `meeting_event_id`, `pool_type_id`, `time_standard_id`)
  VALUES (69499, 3, 852, 1, 1, '2016-05-24 18:33:16', '2016-05-24 18:33:16', 1, 0, '2000-01-01 11:58:00', 6361, 1, 4420);

INSERT INTO `meeting_programs` (`id`, `event_order`, `category_type_id`, `gender_type_id`, `user_id`, `created_at`, `updated_at`, `is_autofilled`, `is_out_of_race`, `begin_time`, `meeting_event_id`, `pool_type_id`, `time_standard_id`)
  VALUES (69500, 4, 853, 1, 1, '2016-05-24 18:33:16', '2016-05-24 18:33:16', 1, 0, '2000-01-01 11:58:30', 6361, 1, 4421);

INSERT INTO `swimmers` (`id`, `last_name`, `first_name`, `year_of_birth`, `phone_mobile`, `phone_number`, `e_mail`, `nickname`, `associated_user_id`, `gender_type_id`, `user_id`, `created_at`, `updated_at`, `complete_name`, `is_year_guessed`)
  VALUES (27017, 'BONSEMBIANTE', 'ENRICO', 1991, NULL, NULL, NULL, '', NULL, 1, 1, '2016-05-24 18:33:16', '2016-05-24 18:33:16', 'BONSEMBIANTE ENRICO', 0);

INSERT INTO `swimmers` (`id`, `last_name`, `first_name`, `year_of_birth`, `phone_mobile`, `phone_number`, `e_mail`, `nickname`, `associated_user_id`, `gender_type_id`, `user_id`, `created_at`, `updated_at`, `complete_name`, `is_year_guessed`)
  VALUES (27018, 'FROMMEL', 'DAVID', 1991, NULL, NULL, NULL, '', NULL, 1, 1, '2016-05-24 18:33:16', '2016-05-24 18:33:16', 'FROMMEL DAVID', 0);

INSERT INTO `swimmers` (`id`, `last_name`, `first_name`, `year_of_birth`, `phone_mobile`, `phone_number`, `e_mail`, `nickname`, `associated_user_id`, `gender_type_id`, `user_id`, `created_at`, `updated_at`, `complete_name`, `is_year_guessed`)
  VALUES (27019, 'INGROSSO', 'ANDREA', 1985, NULL, NULL, NULL, '', NULL, 1, 1, '2016-05-24 18:33:16', '2016-05-24 18:33:16', 'INGROSSO ANDREA', 0);

INSERT INTO `swimmers` (`id`, `last_name`, `first_name`, `year_of_birth`, `phone_mobile`, `phone_number`, `e_mail`, `nickname`, `associated_user_id`, `gender_type_id`, `user_id`, `created_at`, `updated_at`, `complete_name`, `is_year_guessed`)
  VALUES (27020, 'LISTA', 'LORENZO', 1990, NULL, NULL, NULL, '', NULL, 1, 1, '2016-05-24 18:33:16', '2016-05-24 18:33:16', 'LISTA LORENZO', 0);

INSERT INTO `swimmers` (`id`, `last_name`, `first_name`, `year_of_birth`, `phone_mobile`, `phone_number`, `e_mail`, `nickname`, `associated_user_id`, `gender_type_id`, `user_id`, `created_at`, `updated_at`, `complete_name`, `is_year_guessed`)
  VALUES (27021, 'PAJEK', 'ARNO', 1968, NULL, NULL, NULL, '', NULL, 1, 1, '2016-05-24 18:33:16', '2016-05-24 18:33:16', 'PAJEK ARNO', 0);

INSERT INTO `swimmers` (`id`, `last_name`, `first_name`, `year_of_birth`, `phone_mobile`, `phone_number`, `e_mail`, `nickname`, `associated_user_id`, `gender_type_id`, `user_id`, `created_at`, `updated_at`, `complete_name`, `is_year_guessed`)
  VALUES (27022, 'VALNER', 'PAOLA', 1988, NULL, NULL, NULL, '', NULL, 2, 1, '2016-05-24 18:33:16', '2016-05-24 18:33:16', 'VALNER PAOLA', 0);

INSERT INTO `badges` (`id`, `number`, `season_id`, `swimmer_id`, `team_id`, `category_type_id`, `user_id`, `created_at`, `updated_at`, `entry_time_type_id`, `team_affiliation_id`, `final_rank`)
  VALUES (54510, '?', 142, 21275, 518, 834, 1, '2016-05-24 18:33:16', '2016-05-24 18:33:16', 5, 1350, NULL);

INSERT INTO `badges` (`id`, `number`, `season_id`, `swimmer_id`, `team_id`, `category_type_id`, `user_id`, `created_at`, `updated_at`, `entry_time_type_id`, `team_affiliation_id`, `final_rank`)
  VALUES (54511, '?', 142, 27020, 518, 834, 1, '2016-05-24 18:33:16', '2016-05-24 18:33:16', 5, 1350, NULL);

INSERT INTO `badges` (`id`, `number`, `season_id`, `swimmer_id`, `team_id`, `category_type_id`, `user_id`, `created_at`, `updated_at`, `entry_time_type_id`, `team_affiliation_id`, `final_rank`)
  VALUES (54512, '?', 142, 27022, 449, 834, 1, '2016-05-24 18:33:16', '2016-05-24 18:33:16', 5, 1192, NULL);

INSERT INTO `badges` (`id`, `number`, `season_id`, `swimmer_id`, `team_id`, `category_type_id`, `user_id`, `created_at`, `updated_at`, `entry_time_type_id`, `team_affiliation_id`, `final_rank`)
  VALUES (54513, '?', 142, 27021, 781, 838, 1, '2016-05-24 18:33:16', '2016-05-24 18:33:16', 5, 1317, NULL);

INSERT INTO `badges` (`id`, `number`, `season_id`, `swimmer_id`, `team_id`, `category_type_id`, `user_id`, `created_at`, `updated_at`, `entry_time_type_id`, `team_affiliation_id`, `final_rank`)
  VALUES (54514, '?', 142, 27017, 164, 833, 1, '2016-05-24 18:33:16', '2016-05-24 18:33:16', 5, 1232, NULL);

INSERT INTO `badges` (`id`, `number`, `season_id`, `swimmer_id`, `team_id`, `category_type_id`, `user_id`, `created_at`, `updated_at`, `entry_time_type_id`, `team_affiliation_id`, `final_rank`)
  VALUES (54515, '?', 142, 10549, 518, 835, 1, '2016-05-24 18:33:16', '2016-05-24 18:33:16', 5, 1350, NULL);

INSERT INTO `badges` (`id`, `number`, `season_id`, `swimmer_id`, `team_id`, `category_type_id`, `user_id`, `created_at`, `updated_at`, `entry_time_type_id`, `team_affiliation_id`, `final_rank`)
  VALUES (54516, '?', 142, 14301, 451, 833, 1, '2016-05-24 18:33:16', '2016-05-24 18:33:16', 5, 1347, NULL);

INSERT INTO `badges` (`id`, `number`, `season_id`, `swimmer_id`, `team_id`, `category_type_id`, `user_id`, `created_at`, `updated_at`, `entry_time_type_id`, `team_affiliation_id`, `final_rank`)
  VALUES (54517, '?', 142, 11305, 456, 837, 1, '2016-05-24 18:33:16', '2016-05-24 18:33:16', 5, 1349, NULL);

INSERT INTO `badges` (`id`, `number`, `season_id`, `swimmer_id`, `team_id`, `category_type_id`, `user_id`, `created_at`, `updated_at`, `entry_time_type_id`, `team_affiliation_id`, `final_rank`)
  VALUES (54518, '?', 142, 11356, 518, 838, 1, '2016-05-24 18:33:16', '2016-05-24 18:33:16', 5, 1350, NULL);

INSERT INTO `badges` (`id`, `number`, `season_id`, `swimmer_id`, `team_id`, `category_type_id`, `user_id`, `created_at`, `updated_at`, `entry_time_type_id`, `team_affiliation_id`, `final_rank`)
  VALUES (54519, '?', 142, 11332, 451, 842, 1, '2016-05-24 18:33:16', '2016-05-24 18:33:16', 5, 1347, NULL);

INSERT INTO `badges` (`id`, `number`, `season_id`, `swimmer_id`, `team_id`, `category_type_id`, `user_id`, `created_at`, `updated_at`, `entry_time_type_id`, `team_affiliation_id`, `final_rank`)
  VALUES (54520, '?', 142, 27018, 462, 833, 1, '2016-05-24 18:33:16', '2016-05-24 18:33:16', 5, 1291, NULL);

INSERT INTO `badges` (`id`, `number`, `season_id`, `swimmer_id`, `team_id`, `category_type_id`, `user_id`, `created_at`, `updated_at`, `entry_time_type_id`, `team_affiliation_id`, `final_rank`)
  VALUES (54521, '?', 142, 27019, 451, 835, 1, '2016-05-24 18:33:16', '2016-05-24 18:33:16', 5, 1347, NULL);

INSERT INTO `meeting_individual_results` (`id`, `rank`, `is_play_off`, `is_out_of_race`, `is_disqualified`, `standard_points`, `meeting_individual_points`, `minutes`, `seconds`, `hundreds`, `meeting_program_id`, `swimmer_id`, `team_id`, `badge_id`, `user_id`, `created_at`, `updated_at`, `disqualification_code_type_id`, `goggle_cup_points`, `reaction_time`, `team_points`, `team_affiliation_id`, `is_personal_best`, `is_season_type_best`)
  VALUES (415669, 1, 1, 0, 0, 719.89, 719.89, 1, 31, 82, 69378, 7505, 265, 30340, 1, '2016-05-24 18:33:16', '2016-05-24 18:33:16', NULL, 0.0, 0.0, 0.0, 1223, 0, 0);

INSERT INTO `meeting_individual_results` (`id`, `rank`, `is_play_off`, `is_out_of_race`, `is_disqualified`, `standard_points`, `meeting_individual_points`, `minutes`, `seconds`, `hundreds`, `meeting_program_id`, `swimmer_id`, `team_id`, `badge_id`, `user_id`, `created_at`, `updated_at`, `disqualification_code_type_id`, `goggle_cup_points`, `reaction_time`, `team_points`, `team_affiliation_id`, `is_personal_best`, `is_season_type_best`)
  VALUES (415670, 2, 1, 0, 0, 705.22, 705.22, 1, 33, 73, 69378, 5703, 333, 24761, 1, '2016-05-24 18:33:16', '2016-05-24 18:33:16', NULL, 0.0, 0.0, 0.0, 1002, 0, 0);

INSERT INTO `meeting_individual_results` (`id`, `rank`, `is_play_off`, `is_out_of_race`, `is_disqualified`, `standard_points`, `meeting_individual_points`, `minutes`, `seconds`, `hundreds`, `meeting_program_id`, `swimmer_id`, `team_id`, `badge_id`, `user_id`, `created_at`, `updated_at`, `disqualification_code_type_id`, `goggle_cup_points`, `reaction_time`, `team_points`, `team_affiliation_id`, `is_personal_best`, `is_season_type_best`)
  VALUES (415671, 3, 1, 0, 0, 681.65, 681.65, 1, 36, 97, 69378, 11347, 456, 27841, 1, '2016-05-24 18:33:17', '2016-05-24 18:33:17', NULL, 0.0, 0.0, 0.0, 1349, 0, 0);

INSERT INTO `meeting_individual_results` (`id`, `rank`, `is_play_off`, `is_out_of_race`, `is_disqualified`, `standard_points`, `meeting_individual_points`, `minutes`, `seconds`, `hundreds`, `meeting_program_id`, `swimmer_id`, `team_id`, `badge_id`, `user_id`, `created_at`, `updated_at`, `disqualification_code_type_id`, `goggle_cup_points`, `reaction_time`, `team_points`, `team_affiliation_id`, `is_personal_best`, `is_season_type_best`)
  VALUES (415672, 1, 1, 0, 0, 924.62, 924.62, 1, 13, 89, 69379, 6952, 89, 49999, 1, '2016-05-24 18:33:17', '2016-05-24 18:33:17', NULL, 0.0, 0.0, 0.0, 965, 0, 0);

INSERT INTO `meeting_individual_results` (`id`, `rank`, `is_play_off`, `is_out_of_race`, `is_disqualified`, `standard_points`, `meeting_individual_points`, `minutes`, `seconds`, `hundreds`, `meeting_program_id`, `swimmer_id`, `team_id`, `badge_id`, `user_id`, `created_at`, `updated_at`, `disqualification_code_type_id`, `goggle_cup_points`, `reaction_time`, `team_points`, `team_affiliation_id`, `is_personal_best`, `is_season_type_best`)
  VALUES (415673, 1, 1, 0, 0, 726.7, 726.7, 1, 37, 84, 69380, 7500, 451, 27887, 1, '2016-05-24 18:33:17', '2016-05-24 18:33:17', NULL, 0.0, 0.0, 0.0, 1347, 0, 0);

INSERT INTO `meeting_individual_results` (`id`, `rank`, `is_play_off`, `is_out_of_race`, `is_disqualified`, `standard_points`, `meeting_individual_points`, `minutes`, `seconds`, `hundreds`, `meeting_program_id`, `swimmer_id`, `team_id`, `badge_id`, `user_id`, `created_at`, `updated_at`, `disqualification_code_type_id`, `goggle_cup_points`, `reaction_time`, `team_points`, `team_affiliation_id`, `is_personal_best`, `is_season_type_best`)
  VALUES (415674, 1, 1, 0, 0, 748.58, 748.58, 1, 42, 14, 69381, 11355, 451, 53612, 1, '2016-05-24 18:33:17', '2016-05-24 18:33:17', NULL, 0.0, 0.0, 0.0, 1347, 0, 0);

INSERT INTO `meeting_individual_results` (`id`, `rank`, `is_play_off`, `is_out_of_race`, `is_disqualified`, `standard_points`, `meeting_individual_points`, `minutes`, `seconds`, `hundreds`, `meeting_program_id`, `swimmer_id`, `team_id`, `badge_id`, `user_id`, `created_at`, `updated_at`, `disqualification_code_type_id`, `goggle_cup_points`, `reaction_time`, `team_points`, `team_affiliation_id`, `is_personal_best`, `is_season_type_best`)
  VALUES (415675, 1, 1, 0, 0, 725.19, 725.19, 1, 52, 4, 69382, 11328, 467, 51488, 1, '2016-05-24 18:33:17', '2016-05-24 18:33:17', NULL, 0.0, 0.0, 0.0, 1275, 0, 0);

INSERT INTO `meeting_individual_results` (`id`, `rank`, `is_play_off`, `is_out_of_race`, `is_disqualified`, `standard_points`, `meeting_individual_points`, `minutes`, `seconds`, `hundreds`, `meeting_program_id`, `swimmer_id`, `team_id`, `badge_id`, `user_id`, `created_at`, `updated_at`, `disqualification_code_type_id`, `goggle_cup_points`, `reaction_time`, `team_points`, `team_affiliation_id`, `is_personal_best`, `is_season_type_best`)
  VALUES (415676, 1, 1, 0, 0, 654.42, 654.42, 1, 25, 48, 69383, 19006, 7, 25305, 1, '2016-05-24 18:33:17', '2016-05-24 18:33:17', NULL, 0.0, 0.0, 0.0, 1046, 0, 0);

INSERT INTO `meeting_individual_results` (`id`, `rank`, `is_play_off`, `is_out_of_race`, `is_disqualified`, `standard_points`, `meeting_individual_points`, `minutes`, `seconds`, `hundreds`, `meeting_program_id`, `swimmer_id`, `team_id`, `badge_id`, `user_id`, `created_at`, `updated_at`, `disqualification_code_type_id`, `goggle_cup_points`, `reaction_time`, `team_points`, `team_affiliation_id`, `is_personal_best`, `is_season_type_best`)
  VALUES (415677, 1, 1, 0, 0, 819.18, 819.18, 1, 9, 85, 69384, 6656, 7, 25208, 1, '2016-05-24 18:33:17', '2016-05-24 18:33:17', NULL, 0.0, 0.0, 0.0, 1046, 0, 0);

INSERT INTO `meeting_individual_results` (`id`, `rank`, `is_play_off`, `is_out_of_race`, `is_disqualified`, `standard_points`, `meeting_individual_points`, `minutes`, `seconds`, `hundreds`, `meeting_program_id`, `swimmer_id`, `team_id`, `badge_id`, `user_id`, `created_at`, `updated_at`, `disqualification_code_type_id`, `goggle_cup_points`, `reaction_time`, `team_points`, `team_affiliation_id`, `is_personal_best`, `is_season_type_best`)
  VALUES (415678, 1, 1, 0, 0, 809.86, 809.86, 1, 11, 63, 69385, 21687, 272, 49780, 1, '2016-05-24 18:33:17', '2016-05-24 18:33:17', NULL, 0.0, 0.0, 0.0, 1260, 0, 0);

INSERT INTO `meeting_individual_results` (`id`, `rank`, `is_play_off`, `is_out_of_race`, `is_disqualified`, `standard_points`, `meeting_individual_points`, `minutes`, `seconds`, `hundreds`, `meeting_program_id`, `swimmer_id`, `team_id`, `badge_id`, `user_id`, `created_at`, `updated_at`, `disqualification_code_type_id`, `goggle_cup_points`, `reaction_time`, `team_points`, `team_affiliation_id`, `is_personal_best`, `is_season_type_best`)
  VALUES (415679, 1, 1, 0, 0, 953.68, 953.68, 1, 1, 96, 69386, 8621, 458, 27026, 1, '2016-05-24 18:33:17', '2016-05-24 18:33:17', NULL, 0.0, 0.0, 0.0, 1294, 0, 0);

INSERT INTO `meeting_individual_results` (`id`, `rank`, `is_play_off`, `is_out_of_race`, `is_disqualified`, `standard_points`, `meeting_individual_points`, `minutes`, `seconds`, `hundreds`, `meeting_program_id`, `swimmer_id`, `team_id`, `badge_id`, `user_id`, `created_at`, `updated_at`, `disqualification_code_type_id`, `goggle_cup_points`, `reaction_time`, `team_points`, `team_affiliation_id`, `is_personal_best`, `is_season_type_best`)
  VALUES (415680, 1, 1, 0, 0, 716.46, 716.46, 1, 25, 88, 69387, 12620, 451, 49164, 1, '2016-05-24 18:33:17', '2016-05-24 18:33:17', NULL, 0.0, 0.0, 0.0, 1347, 0, 0);

INSERT INTO `meeting_individual_results` (`id`, `rank`, `is_play_off`, `is_out_of_race`, `is_disqualified`, `standard_points`, `meeting_individual_points`, `minutes`, `seconds`, `hundreds`, `meeting_program_id`, `swimmer_id`, `team_id`, `badge_id`, `user_id`, `created_at`, `updated_at`, `disqualification_code_type_id`, `goggle_cup_points`, `reaction_time`, `team_points`, `team_affiliation_id`, `is_personal_best`, `is_season_type_best`)
  VALUES (415681, 2, 1, 0, 0, 702.16, 702.16, 1, 27, 63, 69387, 5636, 333, 22539, 1, '2016-05-24 18:33:17', '2016-05-24 18:33:17', NULL, 0.0, 0.0, 0.0, 1002, 0, 0);

INSERT INTO `meeting_individual_results` (`id`, `rank`, `is_play_off`, `is_out_of_race`, `is_disqualified`, `standard_points`, `meeting_individual_points`, `minutes`, `seconds`, `hundreds`, `meeting_program_id`, `swimmer_id`, `team_id`, `badge_id`, `user_id`, `created_at`, `updated_at`, `disqualification_code_type_id`, `goggle_cup_points`, `reaction_time`, `team_points`, `team_affiliation_id`, `is_personal_best`, `is_season_type_best`)
  VALUES (415682, 1, 1, 0, 0, 804.58, 804.58, 1, 31, 70, 69388, 8518, 102, 25552, 1, '2016-05-24 18:33:18', '2016-05-24 18:33:18', NULL, 0.0, 0.0, 0.0, 996, 0, 0);

INSERT INTO `meeting_individual_results` (`id`, `rank`, `is_play_off`, `is_out_of_race`, `is_disqualified`, `standard_points`, `meeting_individual_points`, `minutes`, `seconds`, `hundreds`, `meeting_program_id`, `swimmer_id`, `team_id`, `badge_id`, `user_id`, `created_at`, `updated_at`, `disqualification_code_type_id`, `goggle_cup_points`, `reaction_time`, `team_points`, `team_affiliation_id`, `is_personal_best`, `is_season_type_best`)
  VALUES (415683, 1, 1, 0, 1, 0.0, 0.0, 0, 0, 0, 69389, 8542, 462, 27276, 1, '2016-05-24 18:33:18', '2016-05-24 18:33:18', 11, 0.0, 0.0, 0.0, 1291, 0, 0);

INSERT INTO `meeting_individual_results` (`id`, `rank`, `is_play_off`, `is_out_of_race`, `is_disqualified`, `standard_points`, `meeting_individual_points`, `minutes`, `seconds`, `hundreds`, `meeting_program_id`, `swimmer_id`, `team_id`, `badge_id`, `user_id`, `created_at`, `updated_at`, `disqualification_code_type_id`, `goggle_cup_points`, `reaction_time`, `team_points`, `team_affiliation_id`, `is_personal_best`, `is_season_type_best`)
  VALUES (415684, 1, 1, 0, 1, 0.0, 0.0, 0, 0, 0, 69390, 26510, 518, 52709, 1, '2016-05-24 18:33:18', '2016-05-24 18:33:18', 11, 0.0, 0.0, 0.0, 1350, 0, 0);

INSERT INTO `meeting_individual_results` (`id`, `rank`, `is_play_off`, `is_out_of_race`, `is_disqualified`, `standard_points`, `meeting_individual_points`, `minutes`, `seconds`, `hundreds`, `meeting_program_id`, `swimmer_id`, `team_id`, `badge_id`, `user_id`, `created_at`, `updated_at`, `disqualification_code_type_id`, `goggle_cup_points`, `reaction_time`, `team_points`, `team_affiliation_id`, `is_personal_best`, `is_season_type_best`)
  VALUES (415685, 1, 1, 0, 0, 817.92, 817.92, 1, 5, 85, 69391, 21275, 518, 54510, 1, '2016-05-24 18:33:18', '2016-05-24 18:33:18', NULL, 0.0, 0.0, 0.0, 1350, 0, 0);

INSERT INTO `meeting_individual_results` (`id`, `rank`, `is_play_off`, `is_out_of_race`, `is_disqualified`, `standard_points`, `meeting_individual_points`, `minutes`, `seconds`, `hundreds`, `meeting_program_id`, `swimmer_id`, `team_id`, `badge_id`, `user_id`, `created_at`, `updated_at`, `disqualification_code_type_id`, `goggle_cup_points`, `reaction_time`, `team_points`, `team_affiliation_id`, `is_personal_best`, `is_season_type_best`)
  VALUES (415686, 2, 1, 0, 0, 793.23, 793.23, 1, 7, 90, 69391, 27020, 518, 54511, 1, '2016-05-24 18:33:18', '2016-05-24 18:33:18', NULL, 0.0, 0.0, 0.0, 1350, 0, 0);

INSERT INTO `meeting_individual_results` (`id`, `rank`, `is_play_off`, `is_out_of_race`, `is_disqualified`, `standard_points`, `meeting_individual_points`, `minutes`, `seconds`, `hundreds`, `meeting_program_id`, `swimmer_id`, `team_id`, `badge_id`, `user_id`, `created_at`, `updated_at`, `disqualification_code_type_id`, `goggle_cup_points`, `reaction_time`, `team_points`, `team_affiliation_id`, `is_personal_best`, `is_season_type_best`)
  VALUES (415687, 1, 1, 0, 0, 667.48, 667.48, 1, 21, 83, 69392, 8673, 456, 27859, 1, '2016-05-24 18:33:18', '2016-05-24 18:33:18', NULL, 0.0, 0.0, 0.0, 1349, 0, 0);

INSERT INTO `meeting_individual_results` (`id`, `rank`, `is_play_off`, `is_out_of_race`, `is_disqualified`, `standard_points`, `meeting_individual_points`, `minutes`, `seconds`, `hundreds`, `meeting_program_id`, `swimmer_id`, `team_id`, `badge_id`, `user_id`, `created_at`, `updated_at`, `disqualification_code_type_id`, `goggle_cup_points`, `reaction_time`, `team_points`, `team_affiliation_id`, `is_personal_best`, `is_season_type_best`)
  VALUES (415688, 2, 1, 0, 1, 0.0, 0.0, 0, 0, 0, 69392, 2866, 144, 24667, 1, '2016-05-24 18:33:18', '2016-05-24 18:33:18', 11, 0.0, 0.0, 0.0, 1003, 0, 0);

INSERT INTO `meeting_individual_results` (`id`, `rank`, `is_play_off`, `is_out_of_race`, `is_disqualified`, `standard_points`, `meeting_individual_points`, `minutes`, `seconds`, `hundreds`, `meeting_program_id`, `swimmer_id`, `team_id`, `badge_id`, `user_id`, `created_at`, `updated_at`, `disqualification_code_type_id`, `goggle_cup_points`, `reaction_time`, `team_points`, `team_affiliation_id`, `is_personal_best`, `is_season_type_best`)
  VALUES (415689, 1, 1, 0, 0, 831.56, 831.56, 1, 7, 80, 69393, 5696, 819, 31928, 1, '2016-05-24 18:33:18', '2016-05-24 18:33:18', NULL, 0.0, 0.0, 0.0, 1528, 0, 0);

INSERT INTO `meeting_individual_results` (`id`, `rank`, `is_play_off`, `is_out_of_race`, `is_disqualified`, `standard_points`, `meeting_individual_points`, `minutes`, `seconds`, `hundreds`, `meeting_program_id`, `swimmer_id`, `team_id`, `badge_id`, `user_id`, `created_at`, `updated_at`, `disqualification_code_type_id`, `goggle_cup_points`, `reaction_time`, `team_points`, `team_affiliation_id`, `is_personal_best`, `is_season_type_best`)
  VALUES (415690, 2, 1, 0, 0, 774.66, 774.66, 1, 12, 78, 69393, 2240, 59, 22585, 1, '2016-05-24 18:33:18', '2016-05-24 18:33:18', NULL, 0.0, 0.0, 0.0, 975, 0, 0);

INSERT INTO `meeting_individual_results` (`id`, `rank`, `is_play_off`, `is_out_of_race`, `is_disqualified`, `standard_points`, `meeting_individual_points`, `minutes`, `seconds`, `hundreds`, `meeting_program_id`, `swimmer_id`, `team_id`, `badge_id`, `user_id`, `created_at`, `updated_at`, `disqualification_code_type_id`, `goggle_cup_points`, `reaction_time`, `team_points`, `team_affiliation_id`, `is_personal_best`, `is_season_type_best`)
  VALUES (415691, 1, 1, 0, 0, 919.3, 919.3, 1, 2, 95, 69394, 8617, 462, 49212, 1, '2016-05-24 18:33:18', '2016-05-24 18:33:18', NULL, 0.0, 0.0, 0.0, 1291, 0, 0);

INSERT INTO `meeting_individual_results` (`id`, `rank`, `is_play_off`, `is_out_of_race`, `is_disqualified`, `standard_points`, `meeting_individual_points`, `minutes`, `seconds`, `hundreds`, `meeting_program_id`, `swimmer_id`, `team_id`, `badge_id`, `user_id`, `created_at`, `updated_at`, `disqualification_code_type_id`, `goggle_cup_points`, `reaction_time`, `team_points`, `team_affiliation_id`, `is_personal_best`, `is_season_type_best`)
  VALUES (415692, 1, 1, 0, 0, 640.0, 640.0, 1, 37, 39, 69395, 3334, 188, 22409, 1, '2016-05-24 18:33:18', '2016-05-24 18:33:18', NULL, 0.0, 0.0, 0.0, 983, 0, 0);

INSERT INTO `meeting_individual_results` (`id`, `rank`, `is_play_off`, `is_out_of_race`, `is_disqualified`, `standard_points`, `meeting_individual_points`, `minutes`, `seconds`, `hundreds`, `meeting_program_id`, `swimmer_id`, `team_id`, `badge_id`, `user_id`, `created_at`, `updated_at`, `disqualification_code_type_id`, `goggle_cup_points`, `reaction_time`, `team_points`, `team_affiliation_id`, `is_personal_best`, `is_season_type_best`)
  VALUES (415693, 2, 1, 0, 0, 616.09, 616.09, 1, 41, 17, 69395, 2591, 128, 53158, 1, '2016-05-24 18:33:19', '2016-05-24 18:33:19', NULL, 0.0, 0.0, 0.0, 1393, 0, 0);

INSERT INTO `meeting_individual_results` (`id`, `rank`, `is_play_off`, `is_out_of_race`, `is_disqualified`, `standard_points`, `meeting_individual_points`, `minutes`, `seconds`, `hundreds`, `meeting_program_id`, `swimmer_id`, `team_id`, `badge_id`, `user_id`, `created_at`, `updated_at`, `disqualification_code_type_id`, `goggle_cup_points`, `reaction_time`, `team_points`, `team_affiliation_id`, `is_personal_best`, `is_season_type_best`)
  VALUES (415694, 1, 1, 0, 0, 679.53, 679.53, 1, 36, 64, 69396, 11326, 456, 52047, 1, '2016-05-24 18:33:19', '2016-05-24 18:33:19', NULL, 0.0, 0.0, 0.0, 1349, 0, 0);

INSERT INTO `meeting_individual_results` (`id`, `rank`, `is_play_off`, `is_out_of_race`, `is_disqualified`, `standard_points`, `meeting_individual_points`, `minutes`, `seconds`, `hundreds`, `meeting_program_id`, `swimmer_id`, `team_id`, `badge_id`, `user_id`, `created_at`, `updated_at`, `disqualification_code_type_id`, `goggle_cup_points`, `reaction_time`, `team_points`, `team_affiliation_id`, `is_personal_best`, `is_season_type_best`)
  VALUES (415695, 1, 1, 0, 0, 818.7, 818.7, 1, 18, 82, 69397, 27022, 449, 54512, 1, '2016-05-24 18:33:19', '2016-05-24 18:33:19', NULL, 0.0, 0.0, 0.0, 1192, 0, 0);

INSERT INTO `meeting_individual_results` (`id`, `rank`, `is_play_off`, `is_out_of_race`, `is_disqualified`, `standard_points`, `meeting_individual_points`, `minutes`, `seconds`, `hundreds`, `meeting_program_id`, `swimmer_id`, `team_id`, `badge_id`, `user_id`, `created_at`, `updated_at`, `disqualification_code_type_id`, `goggle_cup_points`, `reaction_time`, `team_points`, `team_affiliation_id`, `is_personal_best`, `is_season_type_best`)
  VALUES (415696, 1, 1, 0, 0, 693.53, 693.53, 1, 32, 80, 69398, 11316, 451, 53616, 1, '2016-05-24 18:33:19', '2016-05-24 18:33:19', NULL, 0.0, 0.0, 0.0, 1347, 0, 0);

INSERT INTO `meeting_individual_results` (`id`, `rank`, `is_play_off`, `is_out_of_race`, `is_disqualified`, `standard_points`, `meeting_individual_points`, `minutes`, `seconds`, `hundreds`, `meeting_program_id`, `swimmer_id`, `team_id`, `badge_id`, `user_id`, `created_at`, `updated_at`, `disqualification_code_type_id`, `goggle_cup_points`, `reaction_time`, `team_points`, `team_affiliation_id`, `is_personal_best`, `is_season_type_best`)
  VALUES (415697, 2, 1, 0, 0, 689.82, 689.82, 1, 33, 30, 69398, 14099, 518, 52792, 1, '2016-05-24 18:33:19', '2016-05-24 18:33:19', NULL, 0.0, 0.0, 0.0, 1350, 0, 0);

INSERT INTO `meeting_individual_results` (`id`, `rank`, `is_play_off`, `is_out_of_race`, `is_disqualified`, `standard_points`, `meeting_individual_points`, `minutes`, `seconds`, `hundreds`, `meeting_program_id`, `swimmer_id`, `team_id`, `badge_id`, `user_id`, `created_at`, `updated_at`, `disqualification_code_type_id`, `goggle_cup_points`, `reaction_time`, `team_points`, `team_affiliation_id`, `is_personal_best`, `is_season_type_best`)
  VALUES (415698, 1, 1, 0, 1, 0.0, 0.0, 0, 0, 0, 69399, 17622, 102, 52050, 1, '2016-05-24 18:33:19', '2016-05-24 18:33:19', 11, 0.0, 0.0, 0.0, 996, 0, 0);

INSERT INTO `meeting_individual_results` (`id`, `rank`, `is_play_off`, `is_out_of_race`, `is_disqualified`, `standard_points`, `meeting_individual_points`, `minutes`, `seconds`, `hundreds`, `meeting_program_id`, `swimmer_id`, `team_id`, `badge_id`, `user_id`, `created_at`, `updated_at`, `disqualification_code_type_id`, `goggle_cup_points`, `reaction_time`, `team_points`, `team_affiliation_id`, `is_personal_best`, `is_season_type_best`)
  VALUES (415699, 1, 1, 0, 0, 724.53, 724.53, 1, 32, 46, 69400, 11347, 456, 27841, 1, '2016-05-24 18:33:19', '2016-05-24 18:33:19', NULL, 0.0, 0.0, 0.0, 1349, 0, 0);

INSERT INTO `meeting_individual_results` (`id`, `rank`, `is_play_off`, `is_out_of_race`, `is_disqualified`, `standard_points`, `meeting_individual_points`, `minutes`, `seconds`, `hundreds`, `meeting_program_id`, `swimmer_id`, `team_id`, `badge_id`, `user_id`, `created_at`, `updated_at`, `disqualification_code_type_id`, `goggle_cup_points`, `reaction_time`, `team_points`, `team_affiliation_id`, `is_personal_best`, `is_season_type_best`)
  VALUES (415700, 2, 1, 0, 1, 0.0, 0.0, 0, 0, 0, 69400, 8587, 456, 27886, 1, '2016-05-24 18:33:19', '2016-05-24 18:33:19', 11, 0.0, 0.0, 0.0, 1349, 0, 0);

INSERT INTO `meeting_individual_results` (`id`, `rank`, `is_play_off`, `is_out_of_race`, `is_disqualified`, `standard_points`, `meeting_individual_points`, `minutes`, `seconds`, `hundreds`, `meeting_program_id`, `swimmer_id`, `team_id`, `badge_id`, `user_id`, `created_at`, `updated_at`, `disqualification_code_type_id`, `goggle_cup_points`, `reaction_time`, `team_points`, `team_affiliation_id`, `is_personal_best`, `is_season_type_best`)
  VALUES (415701, 1, 1, 0, 0, 802.2, 802.2, 1, 25, 34, 69401, 8435, 469, 27160, 1, '2016-05-24 18:33:19', '2016-05-24 18:33:19', NULL, 0.0, 0.0, 0.0, 2262, 0, 0);

INSERT INTO `meeting_individual_results` (`id`, `rank`, `is_play_off`, `is_out_of_race`, `is_disqualified`, `standard_points`, `meeting_individual_points`, `minutes`, `seconds`, `hundreds`, `meeting_program_id`, `swimmer_id`, `team_id`, `badge_id`, `user_id`, `created_at`, `updated_at`, `disqualification_code_type_id`, `goggle_cup_points`, `reaction_time`, `team_points`, `team_affiliation_id`, `is_personal_best`, `is_season_type_best`)
  VALUES (415702, 1, 1, 0, 0, 817.23, 817.23, 1, 27, 43, 69402, 7737, 164, 25934, 1, '2016-05-24 18:33:19', '2016-05-24 18:33:19', NULL, 0.0, 0.0, 0.0, 1232, 0, 0);

INSERT INTO `meeting_individual_results` (`id`, `rank`, `is_play_off`, `is_out_of_race`, `is_disqualified`, `standard_points`, `meeting_individual_points`, `minutes`, `seconds`, `hundreds`, `meeting_program_id`, `swimmer_id`, `team_id`, `badge_id`, `user_id`, `created_at`, `updated_at`, `disqualification_code_type_id`, `goggle_cup_points`, `reaction_time`, `team_points`, `team_affiliation_id`, `is_personal_best`, `is_season_type_best`)
  VALUES (415703, 1, 1, 0, 0, 564.82, 564.82, 2, 14, 6, 69403, 18074, 723, 48283, 1, '2016-05-24 18:33:19', '2016-05-24 18:33:19', NULL, 0.0, 0.0, 0.0, 2232, 0, 0);

INSERT INTO `meeting_individual_results` (`id`, `rank`, `is_play_off`, `is_out_of_race`, `is_disqualified`, `standard_points`, `meeting_individual_points`, `minutes`, `seconds`, `hundreds`, `meeting_program_id`, `swimmer_id`, `team_id`, `badge_id`, `user_id`, `created_at`, `updated_at`, `disqualification_code_type_id`, `goggle_cup_points`, `reaction_time`, `team_points`, `team_affiliation_id`, `is_personal_best`, `is_season_type_best`)
  VALUES (415704, 1, 1, 0, 0, 851.61, 851.61, 1, 34, 48, 69404, 6730, 364, 26037, 1, '2016-05-24 18:33:20', '2016-05-24 18:33:20', NULL, 0.0, 0.0, 0.0, 1159, 0, 0);

INSERT INTO `meeting_individual_results` (`id`, `rank`, `is_play_off`, `is_out_of_race`, `is_disqualified`, `standard_points`, `meeting_individual_points`, `minutes`, `seconds`, `hundreds`, `meeting_program_id`, `swimmer_id`, `team_id`, `badge_id`, `user_id`, `created_at`, `updated_at`, `disqualification_code_type_id`, `goggle_cup_points`, `reaction_time`, `team_points`, `team_affiliation_id`, `is_personal_best`, `is_season_type_best`)
  VALUES (415705, 1, 1, 0, 0, 596.07, 596.07, 2, 21, 9, 69405, 2686, 164, 25760, 1, '2016-05-24 18:33:20', '2016-05-24 18:33:20', NULL, 0.0, 0.0, 0.0, 1232, 0, 0);

INSERT INTO `meeting_individual_results` (`id`, `rank`, `is_play_off`, `is_out_of_race`, `is_disqualified`, `standard_points`, `meeting_individual_points`, `minutes`, `seconds`, `hundreds`, `meeting_program_id`, `swimmer_id`, `team_id`, `badge_id`, `user_id`, `created_at`, `updated_at`, `disqualification_code_type_id`, `goggle_cup_points`, `reaction_time`, `team_points`, `team_affiliation_id`, `is_personal_best`, `is_season_type_best`)
  VALUES (415706, 1, 1, 0, 0, 802.53, 802.53, 1, 9, 43, 69406, 4595, 265, 27431, 1, '2016-05-24 18:33:20', '2016-05-24 18:33:20', NULL, 0.0, 0.0, 0.0, 1223, 0, 0);

INSERT INTO `meeting_individual_results` (`id`, `rank`, `is_play_off`, `is_out_of_race`, `is_disqualified`, `standard_points`, `meeting_individual_points`, `minutes`, `seconds`, `hundreds`, `meeting_program_id`, `swimmer_id`, `team_id`, `badge_id`, `user_id`, `created_at`, `updated_at`, `disqualification_code_type_id`, `goggle_cup_points`, `reaction_time`, `team_points`, `team_affiliation_id`, `is_personal_best`, `is_season_type_best`)
  VALUES (415707, 2, 1, 0, 0, 784.24, 784.24, 1, 11, 5, 69406, 21275, 518, 54510, 1, '2016-05-24 18:33:20', '2016-05-24 18:33:20', NULL, 0.0, 0.0, 0.0, 1350, 0, 0);

INSERT INTO `meeting_individual_results` (`id`, `rank`, `is_play_off`, `is_out_of_race`, `is_disqualified`, `standard_points`, `meeting_individual_points`, `minutes`, `seconds`, `hundreds`, `meeting_program_id`, `swimmer_id`, `team_id`, `badge_id`, `user_id`, `created_at`, `updated_at`, `disqualification_code_type_id`, `goggle_cup_points`, `reaction_time`, `team_points`, `team_affiliation_id`, `is_personal_best`, `is_season_type_best`)
  VALUES (415708, 3, 1, 0, 0, 727.8, 727.8, 1, 16, 56, 69406, 17031, 451, 53615, 1, '2016-05-24 18:33:20', '2016-05-24 18:33:20', NULL, 0.0, 0.0, 0.0, 1347, 0, 0);

INSERT INTO `meeting_individual_results` (`id`, `rank`, `is_play_off`, `is_out_of_race`, `is_disqualified`, `standard_points`, `meeting_individual_points`, `minutes`, `seconds`, `hundreds`, `meeting_program_id`, `swimmer_id`, `team_id`, `badge_id`, `user_id`, `created_at`, `updated_at`, `disqualification_code_type_id`, `goggle_cup_points`, `reaction_time`, `team_points`, `team_affiliation_id`, `is_personal_best`, `is_season_type_best`)
  VALUES (415709, 4, 1, 0, 1, 0.0, 0.0, 0, 0, 0, 69406, 11308, 518, 52712, 1, '2016-05-24 18:33:20', '2016-05-24 18:33:20', 1, 0.0, 0.0, 0.0, 1350, 0, 0);

INSERT INTO `meeting_individual_results` (`id`, `rank`, `is_play_off`, `is_out_of_race`, `is_disqualified`, `standard_points`, `meeting_individual_points`, `minutes`, `seconds`, `hundreds`, `meeting_program_id`, `swimmer_id`, `team_id`, `badge_id`, `user_id`, `created_at`, `updated_at`, `disqualification_code_type_id`, `goggle_cup_points`, `reaction_time`, `team_points`, `team_affiliation_id`, `is_personal_best`, `is_season_type_best`)
  VALUES (415710, 1, 1, 0, 0, 913.84, 913.84, 1, 1, 86, 69407, 5864, 45, 24777, 1, '2016-05-24 18:33:20', '2016-05-24 18:33:20', NULL, 0.0, 0.0, 0.0, 966, 0, 0);

INSERT INTO `meeting_individual_results` (`id`, `rank`, `is_play_off`, `is_out_of_race`, `is_disqualified`, `standard_points`, `meeting_individual_points`, `minutes`, `seconds`, `hundreds`, `meeting_program_id`, `swimmer_id`, `team_id`, `badge_id`, `user_id`, `created_at`, `updated_at`, `disqualification_code_type_id`, `goggle_cup_points`, `reaction_time`, `team_points`, `team_affiliation_id`, `is_personal_best`, `is_season_type_best`)
  VALUES (415711, 2, 1, 0, 0, 826.82, 826.82, 1, 8, 37, 69407, 11351, 449, 26231, 1, '2016-05-24 18:33:20', '2016-05-24 18:33:20', NULL, 0.0, 0.0, 0.0, 1192, 0, 0);

INSERT INTO `meeting_individual_results` (`id`, `rank`, `is_play_off`, `is_out_of_race`, `is_disqualified`, `standard_points`, `meeting_individual_points`, `minutes`, `seconds`, `hundreds`, `meeting_program_id`, `swimmer_id`, `team_id`, `badge_id`, `user_id`, `created_at`, `updated_at`, `disqualification_code_type_id`, `goggle_cup_points`, `reaction_time`, `team_points`, `team_affiliation_id`, `is_personal_best`, `is_season_type_best`)
  VALUES (415712, 3, 1, 0, 0, 725.95, 725.95, 1, 17, 87, 69407, 8673, 456, 27859, 1, '2016-05-24 18:33:20', '2016-05-24 18:33:20', NULL, 0.0, 0.0, 0.0, 1349, 0, 0);

INSERT INTO `meeting_individual_results` (`id`, `rank`, `is_play_off`, `is_out_of_race`, `is_disqualified`, `standard_points`, `meeting_individual_points`, `minutes`, `seconds`, `hundreds`, `meeting_program_id`, `swimmer_id`, `team_id`, `badge_id`, `user_id`, `created_at`, `updated_at`, `disqualification_code_type_id`, `goggle_cup_points`, `reaction_time`, `team_points`, `team_affiliation_id`, `is_personal_best`, `is_season_type_best`)
  VALUES (415713, 4, 1, 0, 1, 0.0, 0.0, 0, 0, 0, 69407, 2866, 144, 24667, 1, '2016-05-24 18:33:20', '2016-05-24 18:33:20', 11, 0.0, 0.0, 0.0, 1003, 0, 0);

INSERT INTO `meeting_individual_results` (`id`, `rank`, `is_play_off`, `is_out_of_race`, `is_disqualified`, `standard_points`, `meeting_individual_points`, `minutes`, `seconds`, `hundreds`, `meeting_program_id`, `swimmer_id`, `team_id`, `badge_id`, `user_id`, `created_at`, `updated_at`, `disqualification_code_type_id`, `goggle_cup_points`, `reaction_time`, `team_points`, `team_affiliation_id`, `is_personal_best`, `is_season_type_best`)
  VALUES (415714, 1, 1, 0, 0, 826.07, 826.07, 1, 9, 57, 69408, 6656, 7, 25208, 1, '2016-05-24 18:33:20', '2016-05-24 18:33:20', NULL, 0.0, 0.0, 0.0, 1046, 0, 0);

INSERT INTO `meeting_individual_results` (`id`, `rank`, `is_play_off`, `is_out_of_race`, `is_disqualified`, `standard_points`, `meeting_individual_points`, `minutes`, `seconds`, `hundreds`, `meeting_program_id`, `swimmer_id`, `team_id`, `badge_id`, `user_id`, `created_at`, `updated_at`, `disqualification_code_type_id`, `goggle_cup_points`, `reaction_time`, `team_points`, `team_affiliation_id`, `is_personal_best`, `is_season_type_best`)
  VALUES (415715, 2, 1, 0, 0, 779.25, 779.25, 1, 13, 75, 69408, 7770, 164, 48196, 1, '2016-05-24 18:33:21', '2016-05-24 18:33:21', NULL, 0.0, 0.0, 0.0, 1232, 0, 0);

INSERT INTO `meeting_individual_results` (`id`, `rank`, `is_play_off`, `is_out_of_race`, `is_disqualified`, `standard_points`, `meeting_individual_points`, `minutes`, `seconds`, `hundreds`, `meeting_program_id`, `swimmer_id`, `team_id`, `badge_id`, `user_id`, `created_at`, `updated_at`, `disqualification_code_type_id`, `goggle_cup_points`, `reaction_time`, `team_points`, `team_affiliation_id`, `is_personal_best`, `is_season_type_best`)
  VALUES (415716, 3, 1, 0, 1, 0.0, 0.0, 0, 0, 0, 69408, 7861, 164, 25946, 1, '2016-05-24 18:33:21', '2016-05-24 18:33:21', 11, 0.0, 0.0, 0.0, 1232, 0, 0);

INSERT INTO `meeting_individual_results` (`id`, `rank`, `is_play_off`, `is_out_of_race`, `is_disqualified`, `standard_points`, `meeting_individual_points`, `minutes`, `seconds`, `hundreds`, `meeting_program_id`, `swimmer_id`, `team_id`, `badge_id`, `user_id`, `created_at`, `updated_at`, `disqualification_code_type_id`, `goggle_cup_points`, `reaction_time`, `team_points`, `team_affiliation_id`, `is_personal_best`, `is_season_type_best`)
  VALUES (415717, 1, 1, 0, 0, 792.44, 792.44, 1, 14, 34, 69409, 2240, 59, 22585, 1, '2016-05-24 18:33:21', '2016-05-24 18:33:21', NULL, 0.0, 0.0, 0.0, 975, 0, 0);

INSERT INTO `meeting_individual_results` (`id`, `rank`, `is_play_off`, `is_out_of_race`, `is_disqualified`, `standard_points`, `meeting_individual_points`, `minutes`, `seconds`, `hundreds`, `meeting_program_id`, `swimmer_id`, `team_id`, `badge_id`, `user_id`, `created_at`, `updated_at`, `disqualification_code_type_id`, `goggle_cup_points`, `reaction_time`, `team_points`, `team_affiliation_id`, `is_personal_best`, `is_season_type_best`)
  VALUES (415718, 2, 1, 0, 0, 782.34, 782.34, 1, 15, 30, 69409, 12619, 451, 49185, 1, '2016-05-24 18:33:21', '2016-05-24 18:33:21', NULL, 0.0, 0.0, 0.0, 1347, 0, 0);

INSERT INTO `meeting_individual_results` (`id`, `rank`, `is_play_off`, `is_out_of_race`, `is_disqualified`, `standard_points`, `meeting_individual_points`, `minutes`, `seconds`, `hundreds`, `meeting_program_id`, `swimmer_id`, `team_id`, `badge_id`, `user_id`, `created_at`, `updated_at`, `disqualification_code_type_id`, `goggle_cup_points`, `reaction_time`, `team_points`, `team_affiliation_id`, `is_personal_best`, `is_season_type_best`)
  VALUES (415719, 3, 1, 0, 0, 752.55, 752.55, 1, 18, 28, 69409, 6903, 373, 28094, 1, '2016-05-24 18:33:21', '2016-05-24 18:33:21', NULL, 0.0, 0.0, 0.0, 1245, 0, 0);

INSERT INTO `meeting_individual_results` (`id`, `rank`, `is_play_off`, `is_out_of_race`, `is_disqualified`, `standard_points`, `meeting_individual_points`, `minutes`, `seconds`, `hundreds`, `meeting_program_id`, `swimmer_id`, `team_id`, `badge_id`, `user_id`, `created_at`, `updated_at`, `disqualification_code_type_id`, `goggle_cup_points`, `reaction_time`, `team_points`, `team_affiliation_id`, `is_personal_best`, `is_season_type_best`)
  VALUES (415720, 4, 1, 0, 0, 643.12, 643.12, 1, 31, 60, 69409, 26495, 723, 52727, 1, '2016-05-24 18:33:21', '2016-05-24 18:33:21', NULL, 0.0, 0.0, 0.0, 2232, 0, 0);

INSERT INTO `meeting_individual_results` (`id`, `rank`, `is_play_off`, `is_out_of_race`, `is_disqualified`, `standard_points`, `meeting_individual_points`, `minutes`, `seconds`, `hundreds`, `meeting_program_id`, `swimmer_id`, `team_id`, `badge_id`, `user_id`, `created_at`, `updated_at`, `disqualification_code_type_id`, `goggle_cup_points`, `reaction_time`, `team_points`, `team_affiliation_id`, `is_personal_best`, `is_season_type_best`)
  VALUES (415721, 5, 1, 0, 0, 580.85, 580.85, 1, 41, 42, 69409, 19209, 164, 25826, 1, '2016-05-24 18:33:21', '2016-05-24 18:33:21', NULL, 0.0, 0.0, 0.0, 1232, 0, 0);

INSERT INTO `meeting_individual_results` (`id`, `rank`, `is_play_off`, `is_out_of_race`, `is_disqualified`, `standard_points`, `meeting_individual_points`, `minutes`, `seconds`, `hundreds`, `meeting_program_id`, `swimmer_id`, `team_id`, `badge_id`, `user_id`, `created_at`, `updated_at`, `disqualification_code_type_id`, `goggle_cup_points`, `reaction_time`, `team_points`, `team_affiliation_id`, `is_personal_best`, `is_season_type_best`)
  VALUES (415722, 1, 1, 0, 0, 771.37, 771.37, 1, 18, 25, 69410, 27021, 781, 54513, 1, '2016-05-24 18:33:21', '2016-05-24 18:33:21', NULL, 0.0, 0.0, 0.0, 1317, 0, 0);

INSERT INTO `meeting_individual_results` (`id`, `rank`, `is_play_off`, `is_out_of_race`, `is_disqualified`, `standard_points`, `meeting_individual_points`, `minutes`, `seconds`, `hundreds`, `meeting_program_id`, `swimmer_id`, `team_id`, `badge_id`, `user_id`, `created_at`, `updated_at`, `disqualification_code_type_id`, `goggle_cup_points`, `reaction_time`, `team_points`, `team_affiliation_id`, `is_personal_best`, `is_season_type_best`)
  VALUES (415723, 2, 1, 0, 0, 699.34, 699.34, 1, 26, 31, 69410, 11344, 456, 52053, 1, '2016-05-24 18:33:21', '2016-05-24 18:33:21', NULL, 0.0, 0.0, 0.0, 1349, 0, 0);

INSERT INTO `meeting_individual_results` (`id`, `rank`, `is_play_off`, `is_out_of_race`, `is_disqualified`, `standard_points`, `meeting_individual_points`, `minutes`, `seconds`, `hundreds`, `meeting_program_id`, `swimmer_id`, `team_id`, `badge_id`, `user_id`, `created_at`, `updated_at`, `disqualification_code_type_id`, `goggle_cup_points`, `reaction_time`, `team_points`, `team_affiliation_id`, `is_personal_best`, `is_season_type_best`)
  VALUES (415724, 3, 1, 0, 0, 644.94, 644.94, 1, 33, 59, 69410, 2786, 164, 25891, 1, '2016-05-24 18:33:21', '2016-05-24 18:33:21', NULL, 0.0, 0.0, 0.0, 1232, 0, 0);

INSERT INTO `meeting_individual_results` (`id`, `rank`, `is_play_off`, `is_out_of_race`, `is_disqualified`, `standard_points`, `meeting_individual_points`, `minutes`, `seconds`, `hundreds`, `meeting_program_id`, `swimmer_id`, `team_id`, `badge_id`, `user_id`, `created_at`, `updated_at`, `disqualification_code_type_id`, `goggle_cup_points`, `reaction_time`, `team_points`, `team_affiliation_id`, `is_personal_best`, `is_season_type_best`)
  VALUES (415725, 4, 1, 0, 1, 0.0, 0.0, 0, 0, 0, 69410, 8429, 451, 27911, 1, '2016-05-24 18:33:21', '2016-05-24 18:33:21', 11, 0.0, 0.0, 0.0, 1347, 0, 0);

INSERT INTO `meeting_individual_results` (`id`, `rank`, `is_play_off`, `is_out_of_race`, `is_disqualified`, `standard_points`, `meeting_individual_points`, `minutes`, `seconds`, `hundreds`, `meeting_program_id`, `swimmer_id`, `team_id`, `badge_id`, `user_id`, `created_at`, `updated_at`, `disqualification_code_type_id`, `goggle_cup_points`, `reaction_time`, `team_points`, `team_affiliation_id`, `is_personal_best`, `is_season_type_best`)
  VALUES (415726, 4, 1, 0, 1, 0.0, 0.0, 0, 0, 0, 69410, 11341, 462, 27025, 1, '2016-05-24 18:33:22', '2016-05-24 18:33:22', 1, 0.0, 0.0, 0.0, 1291, 0, 0);

INSERT INTO `meeting_individual_results` (`id`, `rank`, `is_play_off`, `is_out_of_race`, `is_disqualified`, `standard_points`, `meeting_individual_points`, `minutes`, `seconds`, `hundreds`, `meeting_program_id`, `swimmer_id`, `team_id`, `badge_id`, `user_id`, `created_at`, `updated_at`, `disqualification_code_type_id`, `goggle_cup_points`, `reaction_time`, `team_points`, `team_affiliation_id`, `is_personal_best`, `is_season_type_best`)
  VALUES (415727, 1, 1, 0, 0, 800.52, 800.52, 1, 17, 65, 69411, 11304, 451, 52046, 1, '2016-05-24 18:33:22', '2016-05-24 18:33:22', NULL, 0.0, 0.0, 0.0, 1347, 0, 0);

INSERT INTO `meeting_individual_results` (`id`, `rank`, `is_play_off`, `is_out_of_race`, `is_disqualified`, `standard_points`, `meeting_individual_points`, `minutes`, `seconds`, `hundreds`, `meeting_program_id`, `swimmer_id`, `team_id`, `badge_id`, `user_id`, `created_at`, `updated_at`, `disqualification_code_type_id`, `goggle_cup_points`, `reaction_time`, `team_points`, `team_affiliation_id`, `is_personal_best`, `is_season_type_best`)
  VALUES (415728, 2, 1, 0, 0, 723.3, 723.3, 1, 25, 94, 69411, 19776, 467, 27875, 1, '2016-05-24 18:33:22', '2016-05-24 18:33:22', NULL, 0.0, 0.0, 0.0, 1275, 0, 0);

INSERT INTO `meeting_individual_results` (`id`, `rank`, `is_play_off`, `is_out_of_race`, `is_disqualified`, `standard_points`, `meeting_individual_points`, `minutes`, `seconds`, `hundreds`, `meeting_program_id`, `swimmer_id`, `team_id`, `badge_id`, `user_id`, `created_at`, `updated_at`, `disqualification_code_type_id`, `goggle_cup_points`, `reaction_time`, `team_points`, `team_affiliation_id`, `is_personal_best`, `is_season_type_best`)
  VALUES (415729, 3, 1, 0, 0, 705.32, 705.32, 1, 28, 13, 69411, 19182, 164, 25950, 1, '2016-05-24 18:33:22', '2016-05-24 18:33:22', NULL, 0.0, 0.0, 0.0, 1232, 0, 0);

INSERT INTO `meeting_individual_results` (`id`, `rank`, `is_play_off`, `is_out_of_race`, `is_disqualified`, `standard_points`, `meeting_individual_points`, `minutes`, `seconds`, `hundreds`, `meeting_program_id`, `swimmer_id`, `team_id`, `badge_id`, `user_id`, `created_at`, `updated_at`, `disqualification_code_type_id`, `goggle_cup_points`, `reaction_time`, `team_points`, `team_affiliation_id`, `is_personal_best`, `is_season_type_best`)
  VALUES (415730, 4, 1, 0, 0, 685.64, 685.64, 1, 30, 66, 69411, 12613, 364, 27916, 1, '2016-05-24 18:33:22', '2016-05-24 18:33:22', NULL, 0.0, 0.0, 0.0, 1159, 0, 0);

INSERT INTO `meeting_individual_results` (`id`, `rank`, `is_play_off`, `is_out_of_race`, `is_disqualified`, `standard_points`, `meeting_individual_points`, `minutes`, `seconds`, `hundreds`, `meeting_program_id`, `swimmer_id`, `team_id`, `badge_id`, `user_id`, `created_at`, `updated_at`, `disqualification_code_type_id`, `goggle_cup_points`, `reaction_time`, `team_points`, `team_affiliation_id`, `is_personal_best`, `is_season_type_best`)
  VALUES (415731, 5, 1, 0, 1, 0.0, 0.0, 0, 0, 0, 69411, 5824, 72, 25834, 1, '2016-05-24 18:33:22', '2016-05-24 18:33:22', 1, 0.0, 0.0, 0.0, 984, 0, 0);

INSERT INTO `meeting_individual_results` (`id`, `rank`, `is_play_off`, `is_out_of_race`, `is_disqualified`, `standard_points`, `meeting_individual_points`, `minutes`, `seconds`, `hundreds`, `meeting_program_id`, `swimmer_id`, `team_id`, `badge_id`, `user_id`, `created_at`, `updated_at`, `disqualification_code_type_id`, `goggle_cup_points`, `reaction_time`, `team_points`, `team_affiliation_id`, `is_personal_best`, `is_season_type_best`)
  VALUES (415732, 1, 1, 0, 0, 790.97, 790.97, 1, 22, 81, 69412, 2798, 177, 22407, 1, '2016-05-24 18:33:22', '2016-05-24 18:33:22', NULL, 0.0, 0.0, 0.0, 1005, 0, 0);

INSERT INTO `meeting_individual_results` (`id`, `rank`, `is_play_off`, `is_out_of_race`, `is_disqualified`, `standard_points`, `meeting_individual_points`, `minutes`, `seconds`, `hundreds`, `meeting_program_id`, `swimmer_id`, `team_id`, `badge_id`, `user_id`, `created_at`, `updated_at`, `disqualification_code_type_id`, `goggle_cup_points`, `reaction_time`, `team_points`, `team_affiliation_id`, `is_personal_best`, `is_season_type_best`)
  VALUES (415733, 1, 1, 0, 0, 817.7, 817.7, 1, 22, 72, 69413, 23303, 132, 48683, 1, '2016-05-24 18:33:22', '2016-05-24 18:33:22', NULL, 0.0, 0.0, 0.0, 1190, 0, 0);

INSERT INTO `meeting_individual_results` (`id`, `rank`, `is_play_off`, `is_out_of_race`, `is_disqualified`, `standard_points`, `meeting_individual_points`, `minutes`, `seconds`, `hundreds`, `meeting_program_id`, `swimmer_id`, `team_id`, `badge_id`, `user_id`, `created_at`, `updated_at`, `disqualification_code_type_id`, `goggle_cup_points`, `reaction_time`, `team_points`, `team_affiliation_id`, `is_personal_best`, `is_season_type_best`)
  VALUES (415734, 2, 1, 0, 1, 0.0, 0.0, 0, 0, 0, 69413, 11326, 456, 52047, 1, '2016-05-24 18:33:22', '2016-05-24 18:33:22', 1, 0.0, 0.0, 0.0, 1349, 0, 0);

INSERT INTO `meeting_individual_results` (`id`, `rank`, `is_play_off`, `is_out_of_race`, `is_disqualified`, `standard_points`, `meeting_individual_points`, `minutes`, `seconds`, `hundreds`, `meeting_program_id`, `swimmer_id`, `team_id`, `badge_id`, `user_id`, `created_at`, `updated_at`, `disqualification_code_type_id`, `goggle_cup_points`, `reaction_time`, `team_points`, `team_affiliation_id`, `is_personal_best`, `is_season_type_best`)
  VALUES (415735, 1, 1, 0, 0, 786.45, 786.45, 1, 32, 11, 69414, 17047, 467, 49224, 1, '2016-05-24 18:33:22', '2016-05-24 18:33:22', NULL, 0.0, 0.0, 0.0, 1275, 0, 0);

INSERT INTO `meeting_individual_results` (`id`, `rank`, `is_play_off`, `is_out_of_race`, `is_disqualified`, `standard_points`, `meeting_individual_points`, `minutes`, `seconds`, `hundreds`, `meeting_program_id`, `swimmer_id`, `team_id`, `badge_id`, `user_id`, `created_at`, `updated_at`, `disqualification_code_type_id`, `goggle_cup_points`, `reaction_time`, `team_points`, `team_affiliation_id`, `is_personal_best`, `is_season_type_best`)
  VALUES (415736, 2, 1, 0, 0, 713.34, 713.34, 1, 41, 55, 69414, 11313, 467, 26935, 1, '2016-05-24 18:33:22', '2016-05-24 18:33:22', NULL, 0.0, 0.0, 0.0, 1275, 0, 0);

INSERT INTO `meeting_individual_results` (`id`, `rank`, `is_play_off`, `is_out_of_race`, `is_disqualified`, `standard_points`, `meeting_individual_points`, `minutes`, `seconds`, `hundreds`, `meeting_program_id`, `swimmer_id`, `team_id`, `badge_id`, `user_id`, `created_at`, `updated_at`, `disqualification_code_type_id`, `goggle_cup_points`, `reaction_time`, `team_points`, `team_affiliation_id`, `is_personal_best`, `is_season_type_best`)
  VALUES (415737, 1, 1, 0, 0, 0.0, 0.0, 1, 5, 9, 69415, 26510, 518, 52709, 1, '2016-05-24 18:33:23', '2016-05-24 18:33:23', NULL, 0.0, 0.0, 0.0, 1350, 0, 0);

INSERT INTO `meeting_individual_results` (`id`, `rank`, `is_play_off`, `is_out_of_race`, `is_disqualified`, `standard_points`, `meeting_individual_points`, `minutes`, `seconds`, `hundreds`, `meeting_program_id`, `swimmer_id`, `team_id`, `badge_id`, `user_id`, `created_at`, `updated_at`, `disqualification_code_type_id`, `goggle_cup_points`, `reaction_time`, `team_points`, `team_affiliation_id`, `is_personal_best`, `is_season_type_best`)
  VALUES (415738, 2, 1, 0, 0, 0.0, 0.0, 1, 10, 14, 69415, 19183, 164, 25849, 1, '2016-05-24 18:33:23', '2016-05-24 18:33:23', NULL, 0.0, 0.0, 0.0, 1232, 0, 0);

INSERT INTO `meeting_individual_results` (`id`, `rank`, `is_play_off`, `is_out_of_race`, `is_disqualified`, `standard_points`, `meeting_individual_points`, `minutes`, `seconds`, `hundreds`, `meeting_program_id`, `swimmer_id`, `team_id`, `badge_id`, `user_id`, `created_at`, `updated_at`, `disqualification_code_type_id`, `goggle_cup_points`, `reaction_time`, `team_points`, `team_affiliation_id`, `is_personal_best`, `is_season_type_best`)
  VALUES (415739, 3, 1, 0, 0, 0.0, 0.0, 1, 19, 20, 69415, 19137, 164, 25894, 1, '2016-05-24 18:33:23', '2016-05-24 18:33:23', NULL, 0.0, 0.0, 0.0, 1232, 0, 0);

INSERT INTO `meeting_individual_results` (`id`, `rank`, `is_play_off`, `is_out_of_race`, `is_disqualified`, `standard_points`, `meeting_individual_points`, `minutes`, `seconds`, `hundreds`, `meeting_program_id`, `swimmer_id`, `team_id`, `badge_id`, `user_id`, `created_at`, `updated_at`, `disqualification_code_type_id`, `goggle_cup_points`, `reaction_time`, `team_points`, `team_affiliation_id`, `is_personal_best`, `is_season_type_best`)
  VALUES (415740, 4, 1, 0, 0, 0.0, 0.0, 1, 20, 51, 69415, 27017, 164, 54514, 1, '2016-05-24 18:33:23', '2016-05-24 18:33:23', NULL, 0.0, 0.0, 0.0, 1232, 0, 0);

INSERT INTO `meeting_individual_results` (`id`, `rank`, `is_play_off`, `is_out_of_race`, `is_disqualified`, `standard_points`, `meeting_individual_points`, `minutes`, `seconds`, `hundreds`, `meeting_program_id`, `swimmer_id`, `team_id`, `badge_id`, `user_id`, `created_at`, `updated_at`, `disqualification_code_type_id`, `goggle_cup_points`, `reaction_time`, `team_points`, `team_affiliation_id`, `is_personal_best`, `is_season_type_best`)
  VALUES (415741, 1, 1, 0, 1, 0.0, 0.0, 0, 0, 0, 69416, 26747, 451, 53617, 1, '2016-05-24 18:33:23', '2016-05-24 18:33:23', 11, 0.0, 0.0, 0.0, 1347, 0, 0);

INSERT INTO `meeting_individual_results` (`id`, `rank`, `is_play_off`, `is_out_of_race`, `is_disqualified`, `standard_points`, `meeting_individual_points`, `minutes`, `seconds`, `hundreds`, `meeting_program_id`, `swimmer_id`, `team_id`, `badge_id`, `user_id`, `created_at`, `updated_at`, `disqualification_code_type_id`, `goggle_cup_points`, `reaction_time`, `team_points`, `team_affiliation_id`, `is_personal_best`, `is_season_type_best`)
  VALUES (415742, 1, 1, 0, 0, 803.38, 803.38, 1, 29, 97, 69417, 8508, 456, 49191, 1, '2016-05-24 18:33:23', '2016-05-24 18:33:23', NULL, 0.0, 0.0, 0.0, 1349, 0, 0);

INSERT INTO `meeting_individual_results` (`id`, `rank`, `is_play_off`, `is_out_of_race`, `is_disqualified`, `standard_points`, `meeting_individual_points`, `minutes`, `seconds`, `hundreds`, `meeting_program_id`, `swimmer_id`, `team_id`, `badge_id`, `user_id`, `created_at`, `updated_at`, `disqualification_code_type_id`, `goggle_cup_points`, `reaction_time`, `team_points`, `team_affiliation_id`, `is_personal_best`, `is_season_type_best`)
  VALUES (415743, 2, 1, 0, 0, 735.15, 735.15, 1, 38, 32, 69417, 8475, 364, 26063, 1, '2016-05-24 18:33:23', '2016-05-24 18:33:23', NULL, 0.0, 0.0, 0.0, 1159, 0, 0);

INSERT INTO `meeting_individual_results` (`id`, `rank`, `is_play_off`, `is_out_of_race`, `is_disqualified`, `standard_points`, `meeting_individual_points`, `minutes`, `seconds`, `hundreds`, `meeting_program_id`, `swimmer_id`, `team_id`, `badge_id`, `user_id`, `created_at`, `updated_at`, `disqualification_code_type_id`, `goggle_cup_points`, `reaction_time`, `team_points`, `team_affiliation_id`, `is_personal_best`, `is_season_type_best`)
  VALUES (415744, 1, 1, 0, 0, 866.06, 866.06, 1, 27, 65, 69418, 8563, 469, 49193, 1, '2016-05-24 18:33:23', '2016-05-24 18:33:23', NULL, 0.0, 0.0, 0.0, 2262, 0, 0);

INSERT INTO `meeting_individual_results` (`id`, `rank`, `is_play_off`, `is_out_of_race`, `is_disqualified`, `standard_points`, `meeting_individual_points`, `minutes`, `seconds`, `hundreds`, `meeting_program_id`, `swimmer_id`, `team_id`, `badge_id`, `user_id`, `created_at`, `updated_at`, `disqualification_code_type_id`, `goggle_cup_points`, `reaction_time`, `team_points`, `team_affiliation_id`, `is_personal_best`, `is_season_type_best`)
  VALUES (415745, 1, 1, 0, 0, 850.09, 850.09, 1, 33, 39, 69419, 2668, 164, 25562, 1, '2016-05-24 18:33:23', '2016-05-24 18:33:23', NULL, 0.0, 0.0, 0.0, 1232, 0, 0);

INSERT INTO `meeting_individual_results` (`id`, `rank`, `is_play_off`, `is_out_of_race`, `is_disqualified`, `standard_points`, `meeting_individual_points`, `minutes`, `seconds`, `hundreds`, `meeting_program_id`, `swimmer_id`, `team_id`, `badge_id`, `user_id`, `created_at`, `updated_at`, `disqualification_code_type_id`, `goggle_cup_points`, `reaction_time`, `team_points`, `team_affiliation_id`, `is_personal_best`, `is_season_type_best`)
  VALUES (415746, 2, 1, 0, 0, 714.84, 714.84, 1, 51, 6, 69419, 11307, 451, 53618, 1, '2016-05-24 18:33:23', '2016-05-24 18:33:23', NULL, 0.0, 0.0, 0.0, 1347, 0, 0);

INSERT INTO `meeting_individual_results` (`id`, `rank`, `is_play_off`, `is_out_of_race`, `is_disqualified`, `standard_points`, `meeting_individual_points`, `minutes`, `seconds`, `hundreds`, `meeting_program_id`, `swimmer_id`, `team_id`, `badge_id`, `user_id`, `created_at`, `updated_at`, `disqualification_code_type_id`, `goggle_cup_points`, `reaction_time`, `team_points`, `team_affiliation_id`, `is_personal_best`, `is_season_type_best`)
  VALUES (415747, 1, 1, 0, 0, 862.79, 862.79, 1, 38, 46, 69420, 11311, 451, 53619, 1, '2016-05-24 18:33:23', '2016-05-24 18:33:23', NULL, 0.0, 0.0, 0.0, 1347, 0, 0);

INSERT INTO `meeting_individual_results` (`id`, `rank`, `is_play_off`, `is_out_of_race`, `is_disqualified`, `standard_points`, `meeting_individual_points`, `minutes`, `seconds`, `hundreds`, `meeting_program_id`, `swimmer_id`, `team_id`, `badge_id`, `user_id`, `created_at`, `updated_at`, `disqualification_code_type_id`, `goggle_cup_points`, `reaction_time`, `team_points`, `team_affiliation_id`, `is_personal_best`, `is_season_type_best`)
  VALUES (415748, 1, 1, 0, 0, 0.0, 0.0, 1, 19, 44, 69421, 26743, 451, 53606, 1, '2016-05-24 18:33:24', '2016-05-24 18:33:24', NULL, 0.0, 0.0, 0.0, 1347, 0, 0);

INSERT INTO `meeting_individual_results` (`id`, `rank`, `is_play_off`, `is_out_of_race`, `is_disqualified`, `standard_points`, `meeting_individual_points`, `minutes`, `seconds`, `hundreds`, `meeting_program_id`, `swimmer_id`, `team_id`, `badge_id`, `user_id`, `created_at`, `updated_at`, `disqualification_code_type_id`, `goggle_cup_points`, `reaction_time`, `team_points`, `team_affiliation_id`, `is_personal_best`, `is_season_type_best`)
  VALUES (415749, 1, 1, 0, 0, 904.55, 904.55, 1, 7, 89, 69422, 11336, 518, 49217, 1, '2016-05-24 18:33:24', '2016-05-24 18:33:24', NULL, 0.0, 0.0, 0.0, 1350, 0, 0);

INSERT INTO `meeting_individual_results` (`id`, `rank`, `is_play_off`, `is_out_of_race`, `is_disqualified`, `standard_points`, `meeting_individual_points`, `minutes`, `seconds`, `hundreds`, `meeting_program_id`, `swimmer_id`, `team_id`, `badge_id`, `user_id`, `created_at`, `updated_at`, `disqualification_code_type_id`, `goggle_cup_points`, `reaction_time`, `team_points`, `team_affiliation_id`, `is_personal_best`, `is_season_type_best`)
  VALUES (415750, 2, 1, 0, 0, 661.53, 661.53, 1, 32, 83, 69422, 23942, 723, 52720, 1, '2016-05-24 18:33:24', '2016-05-24 18:33:24', NULL, 0.0, 0.0, 0.0, 2232, 0, 0);

INSERT INTO `meeting_individual_results` (`id`, `rank`, `is_play_off`, `is_out_of_race`, `is_disqualified`, `standard_points`, `meeting_individual_points`, `minutes`, `seconds`, `hundreds`, `meeting_program_id`, `swimmer_id`, `team_id`, `badge_id`, `user_id`, `created_at`, `updated_at`, `disqualification_code_type_id`, `goggle_cup_points`, `reaction_time`, `team_points`, `team_affiliation_id`, `is_personal_best`, `is_season_type_best`)
  VALUES (415751, 1, 1, 0, 0, 760.97, 760.97, 1, 20, 87, 69423, 4325, 265, 27438, 1, '2016-05-24 18:33:24', '2016-05-24 18:33:24', NULL, 0.0, 0.0, 0.0, 1223, 0, 0);

INSERT INTO `meeting_individual_results` (`id`, `rank`, `is_play_off`, `is_out_of_race`, `is_disqualified`, `standard_points`, `meeting_individual_points`, `minutes`, `seconds`, `hundreds`, `meeting_program_id`, `swimmer_id`, `team_id`, `badge_id`, `user_id`, `created_at`, `updated_at`, `disqualification_code_type_id`, `goggle_cup_points`, `reaction_time`, `team_points`, `team_affiliation_id`, `is_personal_best`, `is_season_type_best`)
  VALUES (415752, 2, 1, 0, 0, 664.79, 664.79, 1, 32, 57, 69423, 10549, 518, 54515, 1, '2016-05-24 18:33:24', '2016-05-24 18:33:24', NULL, 0.0, 0.0, 0.0, 1350, 0, 0);

INSERT INTO `meeting_individual_results` (`id`, `rank`, `is_play_off`, `is_out_of_race`, `is_disqualified`, `standard_points`, `meeting_individual_points`, `minutes`, `seconds`, `hundreds`, `meeting_program_id`, `swimmer_id`, `team_id`, `badge_id`, `user_id`, `created_at`, `updated_at`, `disqualification_code_type_id`, `goggle_cup_points`, `reaction_time`, `team_points`, `team_affiliation_id`, `is_personal_best`, `is_season_type_best`)
  VALUES (415753, 3, 1, 0, 0, 637.06, 637.06, 1, 36, 60, 69423, 19006, 7, 25305, 1, '2016-05-24 18:33:24', '2016-05-24 18:33:24', NULL, 0.0, 0.0, 0.0, 1046, 0, 0);

INSERT INTO `meeting_individual_results` (`id`, `rank`, `is_play_off`, `is_out_of_race`, `is_disqualified`, `standard_points`, `meeting_individual_points`, `minutes`, `seconds`, `hundreds`, `meeting_program_id`, `swimmer_id`, `team_id`, `badge_id`, `user_id`, `created_at`, `updated_at`, `disqualification_code_type_id`, `goggle_cup_points`, `reaction_time`, `team_points`, `team_affiliation_id`, `is_personal_best`, `is_season_type_best`)
  VALUES (415754, 4, 1, 0, 0, 577.46, 577.46, 1, 46, 57, 69423, 19113, 164, 25801, 1, '2016-05-24 18:33:24', '2016-05-24 18:33:24', NULL, 0.0, 0.0, 0.0, 1232, 0, 0);

INSERT INTO `meeting_individual_results` (`id`, `rank`, `is_play_off`, `is_out_of_race`, `is_disqualified`, `standard_points`, `meeting_individual_points`, `minutes`, `seconds`, `hundreds`, `meeting_program_id`, `swimmer_id`, `team_id`, `badge_id`, `user_id`, `created_at`, `updated_at`, `disqualification_code_type_id`, `goggle_cup_points`, `reaction_time`, `team_points`, `team_affiliation_id`, `is_personal_best`, `is_season_type_best`)
  VALUES (415755, 1, 1, 0, 0, 786.06, 786.06, 1, 19, 79, 69424, 6145, 265, 49432, 1, '2016-05-24 18:33:24', '2016-05-24 18:33:24', NULL, 0.0, 0.0, 0.0, 1223, 0, 0);

INSERT INTO `meeting_individual_results` (`id`, `rank`, `is_play_off`, `is_out_of_race`, `is_disqualified`, `standard_points`, `meeting_individual_points`, `minutes`, `seconds`, `hundreds`, `meeting_program_id`, `swimmer_id`, `team_id`, `badge_id`, `user_id`, `created_at`, `updated_at`, `disqualification_code_type_id`, `goggle_cup_points`, `reaction_time`, `team_points`, `team_affiliation_id`, `is_personal_best`, `is_season_type_best`)
  VALUES (415756, 2, 1, 0, 0, 753.94, 753.94, 1, 23, 19, 69424, 11338, 451, 49183, 1, '2016-05-24 18:33:24', '2016-05-24 18:33:24', NULL, 0.0, 0.0, 0.0, 1347, 0, 0);

INSERT INTO `meeting_individual_results` (`id`, `rank`, `is_play_off`, `is_out_of_race`, `is_disqualified`, `standard_points`, `meeting_individual_points`, `minutes`, `seconds`, `hundreds`, `meeting_program_id`, `swimmer_id`, `team_id`, `badge_id`, `user_id`, `created_at`, `updated_at`, `disqualification_code_type_id`, `goggle_cup_points`, `reaction_time`, `team_points`, `team_affiliation_id`, `is_personal_best`, `is_season_type_best`)
  VALUES (415757, 3, 1, 0, 0, 663.63, 663.63, 1, 34, 51, 69424, 8510, 102, 25636, 1, '2016-05-24 18:33:24', '2016-05-24 18:33:24', NULL, 0.0, 0.0, 0.0, 996, 0, 0);

INSERT INTO `meeting_individual_results` (`id`, `rank`, `is_play_off`, `is_out_of_race`, `is_disqualified`, `standard_points`, `meeting_individual_points`, `minutes`, `seconds`, `hundreds`, `meeting_program_id`, `swimmer_id`, `team_id`, `badge_id`, `user_id`, `created_at`, `updated_at`, `disqualification_code_type_id`, `goggle_cup_points`, `reaction_time`, `team_points`, `team_affiliation_id`, `is_personal_best`, `is_season_type_best`)
  VALUES (415758, 4, 1, 0, 1, 0.0, 0.0, 0, 0, 0, 69424, 8437, 364, 49194, 1, '2016-05-24 18:33:24', '2016-05-24 18:33:24', 11, 0.0, 0.0, 0.0, 1159, 0, 0);

INSERT INTO `meeting_individual_results` (`id`, `rank`, `is_play_off`, `is_out_of_race`, `is_disqualified`, `standard_points`, `meeting_individual_points`, `minutes`, `seconds`, `hundreds`, `meeting_program_id`, `swimmer_id`, `team_id`, `badge_id`, `user_id`, `created_at`, `updated_at`, `disqualification_code_type_id`, `goggle_cup_points`, `reaction_time`, `team_points`, `team_affiliation_id`, `is_personal_best`, `is_season_type_best`)
  VALUES (415759, 1, 1, 0, 0, 730.7, 730.7, 1, 27, 45, 69425, 12643, 102, 25644, 1, '2016-05-24 18:33:24', '2016-05-24 18:33:24', NULL, 0.0, 0.0, 0.0, 996, 0, 0);

INSERT INTO `meeting_individual_results` (`id`, `rank`, `is_play_off`, `is_out_of_race`, `is_disqualified`, `standard_points`, `meeting_individual_points`, `minutes`, `seconds`, `hundreds`, `meeting_program_id`, `swimmer_id`, `team_id`, `badge_id`, `user_id`, `created_at`, `updated_at`, `disqualification_code_type_id`, `goggle_cup_points`, `reaction_time`, `team_points`, `team_affiliation_id`, `is_personal_best`, `is_season_type_best`)
  VALUES (415760, 2, 1, 0, 0, 729.54, 729.54, 1, 27, 59, 69425, 24969, 308, 48245, 1, '2016-05-24 18:33:25', '2016-05-24 18:33:25', NULL, 0.0, 0.0, 0.0, 1227, 0, 0);

INSERT INTO `meeting_individual_results` (`id`, `rank`, `is_play_off`, `is_out_of_race`, `is_disqualified`, `standard_points`, `meeting_individual_points`, `minutes`, `seconds`, `hundreds`, `meeting_program_id`, `swimmer_id`, `team_id`, `badge_id`, `user_id`, `created_at`, `updated_at`, `disqualification_code_type_id`, `goggle_cup_points`, `reaction_time`, `team_points`, `team_affiliation_id`, `is_personal_best`, `is_season_type_best`)
  VALUES (415761, 3, 1, 0, 0, 729.2, 729.2, 1, 27, 63, 69425, 6903, 373, 28094, 1, '2016-05-24 18:33:25', '2016-05-24 18:33:25', NULL, 0.0, 0.0, 0.0, 1245, 0, 0);

INSERT INTO `meeting_individual_results` (`id`, `rank`, `is_play_off`, `is_out_of_race`, `is_disqualified`, `standard_points`, `meeting_individual_points`, `minutes`, `seconds`, `hundreds`, `meeting_program_id`, `swimmer_id`, `team_id`, `badge_id`, `user_id`, `created_at`, `updated_at`, `disqualification_code_type_id`, `goggle_cup_points`, `reaction_time`, `team_points`, `team_affiliation_id`, `is_personal_best`, `is_season_type_best`)
  VALUES (415762, 4, 1, 0, 0, 725.39, 725.39, 1, 28, 9, 69425, 8517, 456, 27869, 1, '2016-05-24 18:33:25', '2016-05-24 18:33:25', NULL, 0.0, 0.0, 0.0, 1349, 0, 0);

INSERT INTO `meeting_individual_results` (`id`, `rank`, `is_play_off`, `is_out_of_race`, `is_disqualified`, `standard_points`, `meeting_individual_points`, `minutes`, `seconds`, `hundreds`, `meeting_program_id`, `swimmer_id`, `team_id`, `badge_id`, `user_id`, `created_at`, `updated_at`, `disqualification_code_type_id`, `goggle_cup_points`, `reaction_time`, `team_points`, `team_affiliation_id`, `is_personal_best`, `is_season_type_best`)
  VALUES (415763, 5, 1, 0, 0, 560.97, 560.97, 1, 53, 91, 69425, 21295, 456, 52045, 1, '2016-05-24 18:33:25', '2016-05-24 18:33:25', NULL, 0.0, 0.0, 0.0, 1349, 0, 0);

INSERT INTO `meeting_individual_results` (`id`, `rank`, `is_play_off`, `is_out_of_race`, `is_disqualified`, `standard_points`, `meeting_individual_points`, `minutes`, `seconds`, `hundreds`, `meeting_program_id`, `swimmer_id`, `team_id`, `badge_id`, `user_id`, `created_at`, `updated_at`, `disqualification_code_type_id`, `goggle_cup_points`, `reaction_time`, `team_points`, `team_affiliation_id`, `is_personal_best`, `is_season_type_best`)
  VALUES (415764, 1, 1, 0, 0, 677.53, 677.53, 1, 36, 38, 69426, 21286, 456, 49232, 1, '2016-05-24 18:33:25', '2016-05-24 18:33:25', NULL, 0.0, 0.0, 0.0, 1349, 0, 0);

INSERT INTO `meeting_individual_results` (`id`, `rank`, `is_play_off`, `is_out_of_race`, `is_disqualified`, `standard_points`, `meeting_individual_points`, `minutes`, `seconds`, `hundreds`, `meeting_program_id`, `swimmer_id`, `team_id`, `badge_id`, `user_id`, `created_at`, `updated_at`, `disqualification_code_type_id`, `goggle_cup_points`, `reaction_time`, `team_points`, `team_affiliation_id`, `is_personal_best`, `is_season_type_best`)
  VALUES (415765, 2, 1, 0, 0, 638.51, 638.51, 1, 42, 27, 69426, 21293, 456, 51485, 1, '2016-05-24 18:33:25', '2016-05-24 18:33:25', NULL, 0.0, 0.0, 0.0, 1349, 0, 0);

INSERT INTO `meeting_individual_results` (`id`, `rank`, `is_play_off`, `is_out_of_race`, `is_disqualified`, `standard_points`, `meeting_individual_points`, `minutes`, `seconds`, `hundreds`, `meeting_program_id`, `swimmer_id`, `team_id`, `badge_id`, `user_id`, `created_at`, `updated_at`, `disqualification_code_type_id`, `goggle_cup_points`, `reaction_time`, `team_points`, `team_affiliation_id`, `is_personal_best`, `is_season_type_best`)
  VALUES (415766, 3, 1, 0, 1, 0.0, 0.0, 0, 0, 0, 69426, 8429, 451, 27911, 1, '2016-05-24 18:33:25', '2016-05-24 18:33:25', 11, 0.0, 0.0, 0.0, 1347, 0, 0);

INSERT INTO `meeting_individual_results` (`id`, `rank`, `is_play_off`, `is_out_of_race`, `is_disqualified`, `standard_points`, `meeting_individual_points`, `minutes`, `seconds`, `hundreds`, `meeting_program_id`, `swimmer_id`, `team_id`, `badge_id`, `user_id`, `created_at`, `updated_at`, `disqualification_code_type_id`, `goggle_cup_points`, `reaction_time`, `team_points`, `team_affiliation_id`, `is_personal_best`, `is_season_type_best`)
  VALUES (415767, 1, 1, 0, 1, 0.0, 0.0, 0, 0, 0, 69427, 14835, 102, 25722, 1, '2016-05-24 18:33:25', '2016-05-24 18:33:25', 11, 0.0, 0.0, 0.0, 996, 0, 0);

INSERT INTO `meeting_individual_results` (`id`, `rank`, `is_play_off`, `is_out_of_race`, `is_disqualified`, `standard_points`, `meeting_individual_points`, `minutes`, `seconds`, `hundreds`, `meeting_program_id`, `swimmer_id`, `team_id`, `badge_id`, `user_id`, `created_at`, `updated_at`, `disqualification_code_type_id`, `goggle_cup_points`, `reaction_time`, `team_points`, `team_affiliation_id`, `is_personal_best`, `is_season_type_best`)
  VALUES (415768, 1, 1, 0, 0, 801.36, 801.36, 1, 29, 61, 69428, 2798, 177, 22407, 1, '2016-05-24 18:33:25', '2016-05-24 18:33:25', NULL, 0.0, 0.0, 0.0, 1005, 0, 0);

INSERT INTO `meeting_individual_results` (`id`, `rank`, `is_play_off`, `is_out_of_race`, `is_disqualified`, `standard_points`, `meeting_individual_points`, `minutes`, `seconds`, `hundreds`, `meeting_program_id`, `swimmer_id`, `team_id`, `badge_id`, `user_id`, `created_at`, `updated_at`, `disqualification_code_type_id`, `goggle_cup_points`, `reaction_time`, `team_points`, `team_affiliation_id`, `is_personal_best`, `is_season_type_best`)
  VALUES (415769, 2, 1, 0, 0, 784.81, 784.81, 1, 31, 50, 69428, 7805, 164, 25840, 1, '2016-05-24 18:33:25', '2016-05-24 18:33:25', NULL, 0.0, 0.0, 0.0, 1232, 0, 0);

INSERT INTO `meeting_individual_results` (`id`, `rank`, `is_play_off`, `is_out_of_race`, `is_disqualified`, `standard_points`, `meeting_individual_points`, `minutes`, `seconds`, `hundreds`, `meeting_program_id`, `swimmer_id`, `team_id`, `badge_id`, `user_id`, `created_at`, `updated_at`, `disqualification_code_type_id`, `goggle_cup_points`, `reaction_time`, `team_points`, `team_affiliation_id`, `is_personal_best`, `is_season_type_best`)
  VALUES (415770, 3, 1, 0, 0, 688.63, 688.63, 1, 44, 28, 69428, 11342, 364, 26084, 1, '2016-05-24 18:33:25', '2016-05-24 18:33:25', NULL, 0.0, 0.0, 0.0, 1159, 0, 0);

INSERT INTO `meeting_individual_results` (`id`, `rank`, `is_play_off`, `is_out_of_race`, `is_disqualified`, `standard_points`, `meeting_individual_points`, `minutes`, `seconds`, `hundreds`, `meeting_program_id`, `swimmer_id`, `team_id`, `badge_id`, `user_id`, `created_at`, `updated_at`, `disqualification_code_type_id`, `goggle_cup_points`, `reaction_time`, `team_points`, `team_affiliation_id`, `is_personal_best`, `is_season_type_best`)
  VALUES (415771, 1, 1, 0, 1, 0.0, 0.0, 0, 0, 0, 69429, 2159, 102, 25732, 1, '2016-05-24 18:33:26', '2016-05-24 18:33:26', 11, 0.0, 0.0, 0.0, 996, 0, 0);

INSERT INTO `meeting_individual_results` (`id`, `rank`, `is_play_off`, `is_out_of_race`, `is_disqualified`, `standard_points`, `meeting_individual_points`, `minutes`, `seconds`, `hundreds`, `meeting_program_id`, `swimmer_id`, `team_id`, `badge_id`, `user_id`, `created_at`, `updated_at`, `disqualification_code_type_id`, `goggle_cup_points`, `reaction_time`, `team_points`, `team_affiliation_id`, `is_personal_best`, `is_season_type_best`)
  VALUES (415772, 1, 1, 0, 0, 808.2, 808.2, 2, 3, 72, 69430, 8480, 364, 26290, 1, '2016-05-24 18:33:26', '2016-05-24 18:33:26', NULL, 0.0, 0.0, 0.0, 1159, 0, 0);

INSERT INTO `meeting_individual_results` (`id`, `rank`, `is_play_off`, `is_out_of_race`, `is_disqualified`, `standard_points`, `meeting_individual_points`, `minutes`, `seconds`, `hundreds`, `meeting_program_id`, `swimmer_id`, `team_id`, `badge_id`, `user_id`, `created_at`, `updated_at`, `disqualification_code_type_id`, `goggle_cup_points`, `reaction_time`, `team_points`, `team_affiliation_id`, `is_personal_best`, `is_season_type_best`)
  VALUES (415773, 1, 1, 0, 0, 0.0, 0.0, 1, 13, 15, 69431, 19116, 164, 25850, 1, '2016-05-24 18:33:26', '2016-05-24 18:33:26', NULL, 0.0, 0.0, 0.0, 1232, 0, 0);

INSERT INTO `meeting_individual_results` (`id`, `rank`, `is_play_off`, `is_out_of_race`, `is_disqualified`, `standard_points`, `meeting_individual_points`, `minutes`, `seconds`, `hundreds`, `meeting_program_id`, `swimmer_id`, `team_id`, `badge_id`, `user_id`, `created_at`, `updated_at`, `disqualification_code_type_id`, `goggle_cup_points`, `reaction_time`, `team_points`, `team_affiliation_id`, `is_personal_best`, `is_season_type_best`)
  VALUES (415774, 2, 1, 0, 0, 0.0, 0.0, 1, 30, 70, 69431, 19137, 164, 25894, 1, '2016-05-24 18:33:26', '2016-05-24 18:33:26', NULL, 0.0, 0.0, 0.0, 1232, 0, 0);

INSERT INTO `meeting_individual_results` (`id`, `rank`, `is_play_off`, `is_out_of_race`, `is_disqualified`, `standard_points`, `meeting_individual_points`, `minutes`, `seconds`, `hundreds`, `meeting_program_id`, `swimmer_id`, `team_id`, `badge_id`, `user_id`, `created_at`, `updated_at`, `disqualification_code_type_id`, `goggle_cup_points`, `reaction_time`, `team_points`, `team_affiliation_id`, `is_personal_best`, `is_season_type_best`)
  VALUES (415775, 1, 1, 0, 0, 752.43, 752.43, 1, 15, 9, 69432, 12641, 451, 53622, 1, '2016-05-24 18:33:26', '2016-05-24 18:33:26', NULL, 0.0, 0.0, 0.0, 1347, 0, 0);

INSERT INTO `meeting_individual_results` (`id`, `rank`, `is_play_off`, `is_out_of_race`, `is_disqualified`, `standard_points`, `meeting_individual_points`, `minutes`, `seconds`, `hundreds`, `meeting_program_id`, `swimmer_id`, `team_id`, `badge_id`, `user_id`, `created_at`, `updated_at`, `disqualification_code_type_id`, `goggle_cup_points`, `reaction_time`, `team_points`, `team_affiliation_id`, `is_personal_best`, `is_season_type_best`)
  VALUES (415776, 2, 1, 0, 1, 0.0, 0.0, 0, 0, 0, 69432, 15108, 265, 49769, 1, '2016-05-24 18:33:26', '2016-05-24 18:33:26', 11, 0.0, 0.0, 0.0, 1223, 0, 0);

INSERT INTO `meeting_individual_results` (`id`, `rank`, `is_play_off`, `is_out_of_race`, `is_disqualified`, `standard_points`, `meeting_individual_points`, `minutes`, `seconds`, `hundreds`, `meeting_program_id`, `swimmer_id`, `team_id`, `badge_id`, `user_id`, `created_at`, `updated_at`, `disqualification_code_type_id`, `goggle_cup_points`, `reaction_time`, `team_points`, `team_affiliation_id`, `is_personal_best`, `is_season_type_best`)
  VALUES (415777, 1, 1, 0, 0, 806.11, 806.11, 1, 12, 0, 69433, 11331, 451, 49172, 1, '2016-05-24 18:33:26', '2016-05-24 18:33:26', NULL, 0.0, 0.0, 0.0, 1347, 0, 0);

INSERT INTO `meeting_individual_results` (`id`, `rank`, `is_play_off`, `is_out_of_race`, `is_disqualified`, `standard_points`, `meeting_individual_points`, `minutes`, `seconds`, `hundreds`, `meeting_program_id`, `swimmer_id`, `team_id`, `badge_id`, `user_id`, `created_at`, `updated_at`, `disqualification_code_type_id`, `goggle_cup_points`, `reaction_time`, `team_points`, `team_affiliation_id`, `is_personal_best`, `is_season_type_best`)
  VALUES (415778, 2, 1, 0, 1, 0.0, 0.0, 0, 0, 0, 69433, 17622, 102, 52050, 1, '2016-05-24 18:33:26', '2016-05-24 18:33:26', 11, 0.0, 0.0, 0.0, 996, 0, 0);

INSERT INTO `meeting_individual_results` (`id`, `rank`, `is_play_off`, `is_out_of_race`, `is_disqualified`, `standard_points`, `meeting_individual_points`, `minutes`, `seconds`, `hundreds`, `meeting_program_id`, `swimmer_id`, `team_id`, `badge_id`, `user_id`, `created_at`, `updated_at`, `disqualification_code_type_id`, `goggle_cup_points`, `reaction_time`, `team_points`, `team_affiliation_id`, `is_personal_best`, `is_season_type_best`)
  VALUES (415779, 1, 1, 0, 0, 767.11, 767.11, 1, 16, 86, 69434, 5703, 333, 24761, 1, '2016-05-24 18:33:26', '2016-05-24 18:33:26', NULL, 0.0, 0.0, 0.0, 1002, 0, 0);

INSERT INTO `meeting_individual_results` (`id`, `rank`, `is_play_off`, `is_out_of_race`, `is_disqualified`, `standard_points`, `meeting_individual_points`, `minutes`, `seconds`, `hundreds`, `meeting_program_id`, `swimmer_id`, `team_id`, `badge_id`, `user_id`, `created_at`, `updated_at`, `disqualification_code_type_id`, `goggle_cup_points`, `reaction_time`, `team_points`, `team_affiliation_id`, `is_personal_best`, `is_season_type_best`)
  VALUES (415780, 2, 1, 0, 0, 750.51, 750.51, 1, 18, 56, 69434, 7505, 265, 30340, 1, '2016-05-24 18:33:26', '2016-05-24 18:33:26', NULL, 0.0, 0.0, 0.0, 1223, 0, 0);

INSERT INTO `meeting_individual_results` (`id`, `rank`, `is_play_off`, `is_out_of_race`, `is_disqualified`, `standard_points`, `meeting_individual_points`, `minutes`, `seconds`, `hundreds`, `meeting_program_id`, `swimmer_id`, `team_id`, `badge_id`, `user_id`, `created_at`, `updated_at`, `disqualification_code_type_id`, `goggle_cup_points`, `reaction_time`, `team_points`, `team_affiliation_id`, `is_personal_best`, `is_season_type_best`)
  VALUES (415781, 3, 1, 0, 1, 0.0, 0.0, 0, 0, 0, 69434, 3287, 188, 22300, 1, '2016-05-24 18:33:26', '2016-05-24 18:33:26', 11, 0.0, 0.0, 0.0, 983, 0, 0);

INSERT INTO `meeting_individual_results` (`id`, `rank`, `is_play_off`, `is_out_of_race`, `is_disqualified`, `standard_points`, `meeting_individual_points`, `minutes`, `seconds`, `hundreds`, `meeting_program_id`, `swimmer_id`, `team_id`, `badge_id`, `user_id`, `created_at`, `updated_at`, `disqualification_code_type_id`, `goggle_cup_points`, `reaction_time`, `team_points`, `team_affiliation_id`, `is_personal_best`, `is_season_type_best`)
  VALUES (415782, 3, 1, 0, 1, 0.0, 0.0, 0, 0, 0, 69434, 8587, 456, 27886, 1, '2016-05-24 18:33:27', '2016-05-24 18:33:27', 11, 0.0, 0.0, 0.0, 1349, 0, 0);

INSERT INTO `meeting_individual_results` (`id`, `rank`, `is_play_off`, `is_out_of_race`, `is_disqualified`, `standard_points`, `meeting_individual_points`, `minutes`, `seconds`, `hundreds`, `meeting_program_id`, `swimmer_id`, `team_id`, `badge_id`, `user_id`, `created_at`, `updated_at`, `disqualification_code_type_id`, `goggle_cup_points`, `reaction_time`, `team_points`, `team_affiliation_id`, `is_personal_best`, `is_season_type_best`)
  VALUES (415783, 1, 1, 0, 0, 913.37, 913.37, 1, 5, 68, 69435, 6952, 89, 49999, 1, '2016-05-24 18:33:27', '2016-05-24 18:33:27', NULL, 0.0, 0.0, 0.0, 965, 0, 0);

INSERT INTO `meeting_individual_results` (`id`, `rank`, `is_play_off`, `is_out_of_race`, `is_disqualified`, `standard_points`, `meeting_individual_points`, `minutes`, `seconds`, `hundreds`, `meeting_program_id`, `swimmer_id`, `team_id`, `badge_id`, `user_id`, `created_at`, `updated_at`, `disqualification_code_type_id`, `goggle_cup_points`, `reaction_time`, `team_points`, `team_affiliation_id`, `is_personal_best`, `is_season_type_best`)
  VALUES (415784, 2, 1, 0, 0, 694.41, 694.41, 1, 26, 39, 69435, 10769, 89, 50099, 1, '2016-05-24 18:33:27', '2016-05-24 18:33:27', NULL, 0.0, 0.0, 0.0, 965, 0, 0);

INSERT INTO `meeting_individual_results` (`id`, `rank`, `is_play_off`, `is_out_of_race`, `is_disqualified`, `standard_points`, `meeting_individual_points`, `minutes`, `seconds`, `hundreds`, `meeting_program_id`, `swimmer_id`, `team_id`, `badge_id`, `user_id`, `created_at`, `updated_at`, `disqualification_code_type_id`, `goggle_cup_points`, `reaction_time`, `team_points`, `team_affiliation_id`, `is_personal_best`, `is_season_type_best`)
  VALUES (415785, 3, 1, 0, 1, 0.0, 0.0, 0, 0, 0, 69435, 8435, 469, 27160, 1, '2016-05-24 18:33:27', '2016-05-24 18:33:27', 11, 0.0, 0.0, 0.0, 2262, 0, 0);

INSERT INTO `meeting_individual_results` (`id`, `rank`, `is_play_off`, `is_out_of_race`, `is_disqualified`, `standard_points`, `meeting_individual_points`, `minutes`, `seconds`, `hundreds`, `meeting_program_id`, `swimmer_id`, `team_id`, `badge_id`, `user_id`, `created_at`, `updated_at`, `disqualification_code_type_id`, `goggle_cup_points`, `reaction_time`, `team_points`, `team_affiliation_id`, `is_personal_best`, `is_season_type_best`)
  VALUES (415786, 1, 1, 0, 0, 752.54, 752.54, 1, 22, 76, 69436, 7500, 451, 27887, 1, '2016-05-24 18:33:27', '2016-05-24 18:33:27', NULL, 0.0, 0.0, 0.0, 1347, 0, 0);

INSERT INTO `meeting_individual_results` (`id`, `rank`, `is_play_off`, `is_out_of_race`, `is_disqualified`, `standard_points`, `meeting_individual_points`, `minutes`, `seconds`, `hundreds`, `meeting_program_id`, `swimmer_id`, `team_id`, `badge_id`, `user_id`, `created_at`, `updated_at`, `disqualification_code_type_id`, `goggle_cup_points`, `reaction_time`, `team_points`, `team_affiliation_id`, `is_personal_best`, `is_season_type_best`)
  VALUES (415787, 1, 1, 0, 0, 643.71, 643.71, 1, 46, 88, 69437, 11328, 467, 51488, 1, '2016-05-24 18:33:27', '2016-05-24 18:33:27', NULL, 0.0, 0.0, 0.0, 1275, 0, 0);

INSERT INTO `meeting_individual_results` (`id`, `rank`, `is_play_off`, `is_out_of_race`, `is_disqualified`, `standard_points`, `meeting_individual_points`, `minutes`, `seconds`, `hundreds`, `meeting_program_id`, `swimmer_id`, `team_id`, `badge_id`, `user_id`, `created_at`, `updated_at`, `disqualification_code_type_id`, `goggle_cup_points`, `reaction_time`, `team_points`, `team_affiliation_id`, `is_personal_best`, `is_season_type_best`)
  VALUES (415788, 1, 1, 0, 0, 0.0, 0.0, 1, 27, 18, 69438, 25659, 723, 48287, 1, '2016-05-24 18:33:27', '2016-05-24 18:33:27', NULL, 0.0, 0.0, 0.0, 2232, 0, 0);

INSERT INTO `meeting_individual_results` (`id`, `rank`, `is_play_off`, `is_out_of_race`, `is_disqualified`, `standard_points`, `meeting_individual_points`, `minutes`, `seconds`, `hundreds`, `meeting_program_id`, `swimmer_id`, `team_id`, `badge_id`, `user_id`, `created_at`, `updated_at`, `disqualification_code_type_id`, `goggle_cup_points`, `reaction_time`, `team_points`, `team_affiliation_id`, `is_personal_best`, `is_season_type_best`)
  VALUES (415789, 1, 1, 0, 1, 0.0, 0.0, 0, 0, 0, 69438, 14301, 451, 54516, 1, '2016-05-24 18:33:27', '2016-05-24 18:33:27', 11, 0.0, 0.0, 0.0, 1347, 0, 0);

INSERT INTO `meeting_individual_results` (`id`, `rank`, `is_play_off`, `is_out_of_race`, `is_disqualified`, `standard_points`, `meeting_individual_points`, `minutes`, `seconds`, `hundreds`, `meeting_program_id`, `swimmer_id`, `team_id`, `badge_id`, `user_id`, `created_at`, `updated_at`, `disqualification_code_type_id`, `goggle_cup_points`, `reaction_time`, `team_points`, `team_affiliation_id`, `is_personal_best`, `is_season_type_best`)
  VALUES (415790, 1, 1, 0, 0, 902.95, 902.95, 0, 54, 92, 69439, 3364, 186, 22316, 1, '2016-05-24 18:33:27', '2016-05-24 18:33:27', NULL, 0.0, 0.0, 0.0, 978, 0, 0);

INSERT INTO `meeting_individual_results` (`id`, `rank`, `is_play_off`, `is_out_of_race`, `is_disqualified`, `standard_points`, `meeting_individual_points`, `minutes`, `seconds`, `hundreds`, `meeting_program_id`, `swimmer_id`, `team_id`, `badge_id`, `user_id`, `created_at`, `updated_at`, `disqualification_code_type_id`, `goggle_cup_points`, `reaction_time`, `team_points`, `team_affiliation_id`, `is_personal_best`, `is_season_type_best`)
  VALUES (415791, 2, 1, 0, 0, 880.35, 880.35, 0, 56, 33, 69439, 11337, 518, 27853, 1, '2016-05-24 18:33:27', '2016-05-24 18:33:27', NULL, 0.0, 0.0, 0.0, 1350, 0, 0);

INSERT INTO `meeting_individual_results` (`id`, `rank`, `is_play_off`, `is_out_of_race`, `is_disqualified`, `standard_points`, `meeting_individual_points`, `minutes`, `seconds`, `hundreds`, `meeting_program_id`, `swimmer_id`, `team_id`, `badge_id`, `user_id`, `created_at`, `updated_at`, `disqualification_code_type_id`, `goggle_cup_points`, `reaction_time`, `team_points`, `team_affiliation_id`, `is_personal_best`, `is_season_type_best`)
  VALUES (415792, 3, 1, 0, 0, 808.97, 808.97, 1, 1, 30, 69439, 8498, 364, 27855, 1, '2016-05-24 18:33:28', '2016-05-24 18:33:28', NULL, 0.0, 0.0, 0.0, 1159, 0, 0);

INSERT INTO `meeting_individual_results` (`id`, `rank`, `is_play_off`, `is_out_of_race`, `is_disqualified`, `standard_points`, `meeting_individual_points`, `minutes`, `seconds`, `hundreds`, `meeting_program_id`, `swimmer_id`, `team_id`, `badge_id`, `user_id`, `created_at`, `updated_at`, `disqualification_code_type_id`, `goggle_cup_points`, `reaction_time`, `team_points`, `team_affiliation_id`, `is_personal_best`, `is_season_type_best`)
  VALUES (415793, 4, 1, 0, 0, 807.65, 807.65, 1, 1, 40, 69439, 19769, 518, 27854, 1, '2016-05-24 18:33:28', '2016-05-24 18:33:28', NULL, 0.0, 0.0, 0.0, 1350, 0, 0);

INSERT INTO `meeting_individual_results` (`id`, `rank`, `is_play_off`, `is_out_of_race`, `is_disqualified`, `standard_points`, `meeting_individual_points`, `minutes`, `seconds`, `hundreds`, `meeting_program_id`, `swimmer_id`, `team_id`, `badge_id`, `user_id`, `created_at`, `updated_at`, `disqualification_code_type_id`, `goggle_cup_points`, `reaction_time`, `team_points`, `team_affiliation_id`, `is_personal_best`, `is_season_type_best`)
  VALUES (415794, 5, 1, 0, 0, 644.19, 644.19, 1, 16, 98, 69439, 23942, 723, 52720, 1, '2016-05-24 18:33:28', '2016-05-24 18:33:28', NULL, 0.0, 0.0, 0.0, 2232, 0, 0);

INSERT INTO `meeting_individual_results` (`id`, `rank`, `is_play_off`, `is_out_of_race`, `is_disqualified`, `standard_points`, `meeting_individual_points`, `minutes`, `seconds`, `hundreds`, `meeting_program_id`, `swimmer_id`, `team_id`, `badge_id`, `user_id`, `created_at`, `updated_at`, `disqualification_code_type_id`, `goggle_cup_points`, `reaction_time`, `team_points`, `team_affiliation_id`, `is_personal_best`, `is_season_type_best`)
  VALUES (415795, 1, 1, 0, 0, 930.77, 930.77, 0, 53, 88, 69440, 5864, 45, 24777, 1, '2016-05-24 18:33:28', '2016-05-24 18:33:28', NULL, 0.0, 0.0, 0.0, 966, 0, 0);

INSERT INTO `meeting_individual_results` (`id`, `rank`, `is_play_off`, `is_out_of_race`, `is_disqualified`, `standard_points`, `meeting_individual_points`, `minutes`, `seconds`, `hundreds`, `meeting_program_id`, `swimmer_id`, `team_id`, `badge_id`, `user_id`, `created_at`, `updated_at`, `disqualification_code_type_id`, `goggle_cup_points`, `reaction_time`, `team_points`, `team_affiliation_id`, `is_personal_best`, `is_season_type_best`)
  VALUES (415796, 2, 1, 0, 0, 905.07, 905.07, 0, 55, 41, 69440, 18061, 164, 25782, 1, '2016-05-24 18:33:28', '2016-05-24 18:33:28', NULL, 0.0, 0.0, 0.0, 1232, 0, 0);

INSERT INTO `meeting_individual_results` (`id`, `rank`, `is_play_off`, `is_out_of_race`, `is_disqualified`, `standard_points`, `meeting_individual_points`, `minutes`, `seconds`, `hundreds`, `meeting_program_id`, `swimmer_id`, `team_id`, `badge_id`, `user_id`, `created_at`, `updated_at`, `disqualification_code_type_id`, `goggle_cup_points`, `reaction_time`, `team_points`, `team_affiliation_id`, `is_personal_best`, `is_season_type_best`)
  VALUES (415797, 3, 1, 0, 0, 867.2, 867.2, 0, 57, 83, 69440, 11310, 449, 26230, 1, '2016-05-24 18:33:28', '2016-05-24 18:33:28', NULL, 0.0, 0.0, 0.0, 1192, 0, 0);

INSERT INTO `meeting_individual_results` (`id`, `rank`, `is_play_off`, `is_out_of_race`, `is_disqualified`, `standard_points`, `meeting_individual_points`, `minutes`, `seconds`, `hundreds`, `meeting_program_id`, `swimmer_id`, `team_id`, `badge_id`, `user_id`, `created_at`, `updated_at`, `disqualification_code_type_id`, `goggle_cup_points`, `reaction_time`, `team_points`, `team_affiliation_id`, `is_personal_best`, `is_season_type_best`)
  VALUES (415798, 4, 1, 0, 0, 839.47, 839.47, 0, 59, 74, 69440, 11351, 449, 26231, 1, '2016-05-24 18:33:28', '2016-05-24 18:33:28', NULL, 0.0, 0.0, 0.0, 1192, 0, 0);

INSERT INTO `meeting_individual_results` (`id`, `rank`, `is_play_off`, `is_out_of_race`, `is_disqualified`, `standard_points`, `meeting_individual_points`, `minutes`, `seconds`, `hundreds`, `meeting_program_id`, `swimmer_id`, `team_id`, `badge_id`, `user_id`, `created_at`, `updated_at`, `disqualification_code_type_id`, `goggle_cup_points`, `reaction_time`, `team_points`, `team_affiliation_id`, `is_personal_best`, `is_season_type_best`)
  VALUES (415799, 5, 1, 0, 0, 805.36, 805.36, 1, 2, 27, 69440, 18477, 144, 22481, 1, '2016-05-24 18:33:28', '2016-05-24 18:33:28', NULL, 0.0, 0.0, 0.0, 1003, 0, 0);

INSERT INTO `meeting_individual_results` (`id`, `rank`, `is_play_off`, `is_out_of_race`, `is_disqualified`, `standard_points`, `meeting_individual_points`, `minutes`, `seconds`, `hundreds`, `meeting_program_id`, `swimmer_id`, `team_id`, `badge_id`, `user_id`, `created_at`, `updated_at`, `disqualification_code_type_id`, `goggle_cup_points`, `reaction_time`, `team_points`, `team_affiliation_id`, `is_personal_best`, `is_season_type_best`)
  VALUES (415800, 6, 1, 0, 0, 778.24, 778.24, 1, 4, 44, 69440, 2088, 7, 27345, 1, '2016-05-24 18:33:28', '2016-05-24 18:33:28', NULL, 0.0, 0.0, 0.0, 1046, 0, 0);

INSERT INTO `meeting_individual_results` (`id`, `rank`, `is_play_off`, `is_out_of_race`, `is_disqualified`, `standard_points`, `meeting_individual_points`, `minutes`, `seconds`, `hundreds`, `meeting_program_id`, `swimmer_id`, `team_id`, `badge_id`, `user_id`, `created_at`, `updated_at`, `disqualification_code_type_id`, `goggle_cup_points`, `reaction_time`, `team_points`, `team_affiliation_id`, `is_personal_best`, `is_season_type_best`)
  VALUES (415801, 7, 1, 0, 0, 735.01, 735.01, 1, 8, 23, 69440, 5849, 333, 22713, 1, '2016-05-24 18:33:28', '2016-05-24 18:33:28', NULL, 0.0, 0.0, 0.0, 1002, 0, 0);

INSERT INTO `meeting_individual_results` (`id`, `rank`, `is_play_off`, `is_out_of_race`, `is_disqualified`, `standard_points`, `meeting_individual_points`, `minutes`, `seconds`, `hundreds`, `meeting_program_id`, `swimmer_id`, `team_id`, `badge_id`, `user_id`, `created_at`, `updated_at`, `disqualification_code_type_id`, `goggle_cup_points`, `reaction_time`, `team_points`, `team_affiliation_id`, `is_personal_best`, `is_season_type_best`)
  VALUES (415802, 1, 1, 0, 0, 708.07, 708.07, 1, 11, 97, 69441, 8510, 102, 25636, 1, '2016-05-24 18:33:28', '2016-05-24 18:33:28', NULL, 0.0, 0.0, 0.0, 996, 0, 0);

INSERT INTO `meeting_individual_results` (`id`, `rank`, `is_play_off`, `is_out_of_race`, `is_disqualified`, `standard_points`, `meeting_individual_points`, `minutes`, `seconds`, `hundreds`, `meeting_program_id`, `swimmer_id`, `team_id`, `badge_id`, `user_id`, `created_at`, `updated_at`, `disqualification_code_type_id`, `goggle_cup_points`, `reaction_time`, `team_points`, `team_affiliation_id`, `is_personal_best`, `is_season_type_best`)
  VALUES (415803, 2, 1, 0, 0, 611.69, 611.69, 1, 23, 31, 69441, 12683, 451, 49239, 1, '2016-05-24 18:33:28', '2016-05-24 18:33:28', NULL, 0.0, 0.0, 0.0, 1347, 0, 0);

INSERT INTO `meeting_individual_results` (`id`, `rank`, `is_play_off`, `is_out_of_race`, `is_disqualified`, `standard_points`, `meeting_individual_points`, `minutes`, `seconds`, `hundreds`, `meeting_program_id`, `swimmer_id`, `team_id`, `badge_id`, `user_id`, `created_at`, `updated_at`, `disqualification_code_type_id`, `goggle_cup_points`, `reaction_time`, `team_points`, `team_affiliation_id`, `is_personal_best`, `is_season_type_best`)
  VALUES (415804, 1, 1, 0, 0, 812.23, 812.23, 1, 3, 80, 69442, 4608, 272, 26621, 1, '2016-05-24 18:33:29', '2016-05-24 18:33:29', NULL, 0.0, 0.0, 0.0, 1260, 0, 0);

INSERT INTO `meeting_individual_results` (`id`, `rank`, `is_play_off`, `is_out_of_race`, `is_disqualified`, `standard_points`, `meeting_individual_points`, `minutes`, `seconds`, `hundreds`, `meeting_program_id`, `swimmer_id`, `team_id`, `badge_id`, `user_id`, `created_at`, `updated_at`, `disqualification_code_type_id`, `goggle_cup_points`, `reaction_time`, `team_points`, `team_affiliation_id`, `is_personal_best`, `is_season_type_best`)
  VALUES (415805, 2, 1, 0, 0, 720.12, 720.12, 1, 11, 96, 69442, 12643, 102, 25644, 1, '2016-05-24 18:33:29', '2016-05-24 18:33:29', NULL, 0.0, 0.0, 0.0, 996, 0, 0);

INSERT INTO `meeting_individual_results` (`id`, `rank`, `is_play_off`, `is_out_of_race`, `is_disqualified`, `standard_points`, `meeting_individual_points`, `minutes`, `seconds`, `hundreds`, `meeting_program_id`, `swimmer_id`, `team_id`, `badge_id`, `user_id`, `created_at`, `updated_at`, `disqualification_code_type_id`, `goggle_cup_points`, `reaction_time`, `team_points`, `team_affiliation_id`, `is_personal_best`, `is_season_type_best`)
  VALUES (415806, 3, 1, 0, 0, 694.27, 694.27, 1, 14, 64, 69442, 12651, 451, 53609, 1, '2016-05-24 18:33:29', '2016-05-24 18:33:29', NULL, 0.0, 0.0, 0.0, 1347, 0, 0);

INSERT INTO `meeting_individual_results` (`id`, `rank`, `is_play_off`, `is_out_of_race`, `is_disqualified`, `standard_points`, `meeting_individual_points`, `minutes`, `seconds`, `hundreds`, `meeting_program_id`, `swimmer_id`, `team_id`, `badge_id`, `user_id`, `created_at`, `updated_at`, `disqualification_code_type_id`, `goggle_cup_points`, `reaction_time`, `team_points`, `team_affiliation_id`, `is_personal_best`, `is_season_type_best`)
  VALUES (415807, 4, 1, 0, 0, 638.18, 638.18, 1, 21, 20, 69442, 26495, 723, 52727, 1, '2016-05-24 18:33:29', '2016-05-24 18:33:29', NULL, 0.0, 0.0, 0.0, 2232, 0, 0);

INSERT INTO `meeting_individual_results` (`id`, `rank`, `is_play_off`, `is_out_of_race`, `is_disqualified`, `standard_points`, `meeting_individual_points`, `minutes`, `seconds`, `hundreds`, `meeting_program_id`, `swimmer_id`, `team_id`, `badge_id`, `user_id`, `created_at`, `updated_at`, `disqualification_code_type_id`, `goggle_cup_points`, `reaction_time`, `team_points`, `team_affiliation_id`, `is_personal_best`, `is_season_type_best`)
  VALUES (415808, 5, 1, 0, 1, 0.0, 0.0, 0, 0, 0, 69442, 8927, 265, 27443, 1, '2016-05-24 18:33:29', '2016-05-24 18:33:29', 11, 0.0, 0.0, 0.0, 1223, 0, 0);

INSERT INTO `meeting_individual_results` (`id`, `rank`, `is_play_off`, `is_out_of_race`, `is_disqualified`, `standard_points`, `meeting_individual_points`, `minutes`, `seconds`, `hundreds`, `meeting_program_id`, `swimmer_id`, `team_id`, `badge_id`, `user_id`, `created_at`, `updated_at`, `disqualification_code_type_id`, `goggle_cup_points`, `reaction_time`, `team_points`, `team_affiliation_id`, `is_personal_best`, `is_season_type_best`)
  VALUES (415809, 5, 1, 0, 1, 0.0, 0.0, 0, 0, 0, 69442, 11305, 456, 54517, 1, '2016-05-24 18:33:29', '2016-05-24 18:33:29', 11, 0.0, 0.0, 0.0, 1349, 0, 0);

INSERT INTO `meeting_individual_results` (`id`, `rank`, `is_play_off`, `is_out_of_race`, `is_disqualified`, `standard_points`, `meeting_individual_points`, `minutes`, `seconds`, `hundreds`, `meeting_program_id`, `swimmer_id`, `team_id`, `badge_id`, `user_id`, `created_at`, `updated_at`, `disqualification_code_type_id`, `goggle_cup_points`, `reaction_time`, `team_points`, `team_affiliation_id`, `is_personal_best`, `is_season_type_best`)
  VALUES (415810, 5, 1, 0, 1, 0.0, 0.0, 0, 0, 0, 69442, 21687, 272, 49780, 1, '2016-05-24 18:33:29', '2016-05-24 18:33:29', 11, 0.0, 0.0, 0.0, 1260, 0, 0);

INSERT INTO `meeting_individual_results` (`id`, `rank`, `is_play_off`, `is_out_of_race`, `is_disqualified`, `standard_points`, `meeting_individual_points`, `minutes`, `seconds`, `hundreds`, `meeting_program_id`, `swimmer_id`, `team_id`, `badge_id`, `user_id`, `created_at`, `updated_at`, `disqualification_code_type_id`, `goggle_cup_points`, `reaction_time`, `team_points`, `team_affiliation_id`, `is_personal_best`, `is_season_type_best`)
  VALUES (415811, 1, 1, 0, 0, 938.55, 938.55, 0, 56, 63, 69443, 8617, 462, 49212, 1, '2016-05-24 18:33:29', '2016-05-24 18:33:29', NULL, 0.0, 0.0, 0.0, 1291, 0, 0);

INSERT INTO `meeting_individual_results` (`id`, `rank`, `is_play_off`, `is_out_of_race`, `is_disqualified`, `standard_points`, `meeting_individual_points`, `minutes`, `seconds`, `hundreds`, `meeting_program_id`, `swimmer_id`, `team_id`, `badge_id`, `user_id`, `created_at`, `updated_at`, `disqualification_code_type_id`, `goggle_cup_points`, `reaction_time`, `team_points`, `team_affiliation_id`, `is_personal_best`, `is_season_type_best`)
  VALUES (415812, 2, 1, 0, 0, 798.53, 798.53, 1, 6, 56, 69443, 27021, 781, 54513, 1, '2016-05-24 18:33:29', '2016-05-24 18:33:29', NULL, 0.0, 0.0, 0.0, 1317, 0, 0);

INSERT INTO `meeting_individual_results` (`id`, `rank`, `is_play_off`, `is_out_of_race`, `is_disqualified`, `standard_points`, `meeting_individual_points`, `minutes`, `seconds`, `hundreds`, `meeting_program_id`, `swimmer_id`, `team_id`, `badge_id`, `user_id`, `created_at`, `updated_at`, `disqualification_code_type_id`, `goggle_cup_points`, `reaction_time`, `team_points`, `team_affiliation_id`, `is_personal_best`, `is_season_type_best`)
  VALUES (415813, 3, 1, 0, 0, 774.56, 774.56, 1, 8, 62, 69443, 11356, 518, 54518, 1, '2016-05-24 18:33:29', '2016-05-24 18:33:29', NULL, 0.0, 0.0, 0.0, 1350, 0, 0);

INSERT INTO `meeting_individual_results` (`id`, `rank`, `is_play_off`, `is_out_of_race`, `is_disqualified`, `standard_points`, `meeting_individual_points`, `minutes`, `seconds`, `hundreds`, `meeting_program_id`, `swimmer_id`, `team_id`, `badge_id`, `user_id`, `created_at`, `updated_at`, `disqualification_code_type_id`, `goggle_cup_points`, `reaction_time`, `team_points`, `team_affiliation_id`, `is_personal_best`, `is_season_type_best`)
  VALUES (415814, 4, 1, 0, 0, 721.95, 721.95, 1, 13, 62, 69443, 21286, 456, 49232, 1, '2016-05-24 18:33:29', '2016-05-24 18:33:29', NULL, 0.0, 0.0, 0.0, 1349, 0, 0);

INSERT INTO `meeting_individual_results` (`id`, `rank`, `is_play_off`, `is_out_of_race`, `is_disqualified`, `standard_points`, `meeting_individual_points`, `minutes`, `seconds`, `hundreds`, `meeting_program_id`, `swimmer_id`, `team_id`, `badge_id`, `user_id`, `created_at`, `updated_at`, `disqualification_code_type_id`, `goggle_cup_points`, `reaction_time`, `team_points`, `team_affiliation_id`, `is_personal_best`, `is_season_type_best`)
  VALUES (415815, 5, 1, 0, 0, 699.71, 699.71, 1, 15, 96, 69443, 8459, 456, 49213, 1, '2016-05-24 18:33:30', '2016-05-24 18:33:30', NULL, 0.0, 0.0, 0.0, 1349, 0, 0);

INSERT INTO `meeting_individual_results` (`id`, `rank`, `is_play_off`, `is_out_of_race`, `is_disqualified`, `standard_points`, `meeting_individual_points`, `minutes`, `seconds`, `hundreds`, `meeting_program_id`, `swimmer_id`, `team_id`, `badge_id`, `user_id`, `created_at`, `updated_at`, `disqualification_code_type_id`, `goggle_cup_points`, `reaction_time`, `team_points`, `team_affiliation_id`, `is_personal_best`, `is_season_type_best`)
  VALUES (415816, 6, 1, 0, 0, 632.29, 632.29, 1, 24, 6, 69443, 21293, 456, 51485, 1, '2016-05-24 18:33:30', '2016-05-24 18:33:30', NULL, 0.0, 0.0, 0.0, 1349, 0, 0);

INSERT INTO `meeting_individual_results` (`id`, `rank`, `is_play_off`, `is_out_of_race`, `is_disqualified`, `standard_points`, `meeting_individual_points`, `minutes`, `seconds`, `hundreds`, `meeting_program_id`, `swimmer_id`, `team_id`, `badge_id`, `user_id`, `created_at`, `updated_at`, `disqualification_code_type_id`, `goggle_cup_points`, `reaction_time`, `team_points`, `team_affiliation_id`, `is_personal_best`, `is_season_type_best`)
  VALUES (415817, 1, 1, 0, 0, 796.37, 796.37, 1, 8, 80, 69444, 19773, 364, 27874, 1, '2016-05-24 18:33:30', '2016-05-24 18:33:30', NULL, 0.0, 0.0, 0.0, 1159, 0, 0);

INSERT INTO `meeting_individual_results` (`id`, `rank`, `is_play_off`, `is_out_of_race`, `is_disqualified`, `standard_points`, `meeting_individual_points`, `minutes`, `seconds`, `hundreds`, `meeting_program_id`, `swimmer_id`, `team_id`, `badge_id`, `user_id`, `created_at`, `updated_at`, `disqualification_code_type_id`, `goggle_cup_points`, `reaction_time`, `team_points`, `team_affiliation_id`, `is_personal_best`, `is_season_type_best`)
  VALUES (415818, 2, 1, 0, 0, 782.83, 782.83, 1, 9, 99, 69444, 5636, 333, 22539, 1, '2016-05-24 18:33:30', '2016-05-24 18:33:30', NULL, 0.0, 0.0, 0.0, 1002, 0, 0);

INSERT INTO `meeting_individual_results` (`id`, `rank`, `is_play_off`, `is_out_of_race`, `is_disqualified`, `standard_points`, `meeting_individual_points`, `minutes`, `seconds`, `hundreds`, `meeting_program_id`, `swimmer_id`, `team_id`, `badge_id`, `user_id`, `created_at`, `updated_at`, `disqualification_code_type_id`, `goggle_cup_points`, `reaction_time`, `team_points`, `team_affiliation_id`, `is_personal_best`, `is_season_type_best`)
  VALUES (415819, 3, 1, 0, 1, 0.0, 0.0, 0, 0, 0, 69444, 14835, 102, 25722, 1, '2016-05-24 18:33:30', '2016-05-24 18:33:30', 11, 0.0, 0.0, 0.0, 996, 0, 0);

INSERT INTO `meeting_individual_results` (`id`, `rank`, `is_play_off`, `is_out_of_race`, `is_disqualified`, `standard_points`, `meeting_individual_points`, `minutes`, `seconds`, `hundreds`, `meeting_program_id`, `swimmer_id`, `team_id`, `badge_id`, `user_id`, `created_at`, `updated_at`, `disqualification_code_type_id`, `goggle_cup_points`, `reaction_time`, `team_points`, `team_affiliation_id`, `is_personal_best`, `is_season_type_best`)
  VALUES (415820, 1, 1, 0, 0, 799.43, 799.43, 1, 16, 58, 69445, 8518, 102, 25552, 1, '2016-05-24 18:33:30', '2016-05-24 18:33:30', NULL, 0.0, 0.0, 0.0, 996, 0, 0);

INSERT INTO `meeting_individual_results` (`id`, `rank`, `is_play_off`, `is_out_of_race`, `is_disqualified`, `standard_points`, `meeting_individual_points`, `minutes`, `seconds`, `hundreds`, `meeting_program_id`, `swimmer_id`, `team_id`, `badge_id`, `user_id`, `created_at`, `updated_at`, `disqualification_code_type_id`, `goggle_cup_points`, `reaction_time`, `team_points`, `team_affiliation_id`, `is_personal_best`, `is_season_type_best`)
  VALUES (415821, 2, 1, 0, 0, 611.71, 611.71, 1, 40, 8, 69445, 11332, 451, 54519, 1, '2016-05-24 18:33:30', '2016-05-24 18:33:30', NULL, 0.0, 0.0, 0.0, 1347, 0, 0);

INSERT INTO `meeting_individual_results` (`id`, `rank`, `is_play_off`, `is_out_of_race`, `is_disqualified`, `standard_points`, `meeting_individual_points`, `minutes`, `seconds`, `hundreds`, `meeting_program_id`, `swimmer_id`, `team_id`, `badge_id`, `user_id`, `created_at`, `updated_at`, `disqualification_code_type_id`, `goggle_cup_points`, `reaction_time`, `team_points`, `team_affiliation_id`, `is_personal_best`, `is_season_type_best`)
  VALUES (415822, 3, 1, 0, 1, 0.0, 0.0, 0, 0, 0, 69445, 2159, 102, 25732, 1, '2016-05-24 18:33:30', '2016-05-24 18:33:30', 11, 0.0, 0.0, 0.0, 996, 0, 0);

INSERT INTO `meeting_individual_results` (`id`, `rank`, `is_play_off`, `is_out_of_race`, `is_disqualified`, `standard_points`, `meeting_individual_points`, `minutes`, `seconds`, `hundreds`, `meeting_program_id`, `swimmer_id`, `team_id`, `badge_id`, `user_id`, `created_at`, `updated_at`, `disqualification_code_type_id`, `goggle_cup_points`, `reaction_time`, `team_points`, `team_affiliation_id`, `is_personal_best`, `is_season_type_best`)
  VALUES (415823, 1, 1, 0, 1, 0.0, 0.0, 0, 0, 0, 69446, 27018, 462, 54520, 1, '2016-05-24 18:33:30', '2016-05-24 18:33:30', 11, 0.0, 0.0, 0.0, 1291, 0, 0);

INSERT INTO `meeting_individual_results` (`id`, `rank`, `is_play_off`, `is_out_of_race`, `is_disqualified`, `standard_points`, `meeting_individual_points`, `minutes`, `seconds`, `hundreds`, `meeting_program_id`, `swimmer_id`, `team_id`, `badge_id`, `user_id`, `created_at`, `updated_at`, `disqualification_code_type_id`, `goggle_cup_points`, `reaction_time`, `team_points`, `team_affiliation_id`, `is_personal_best`, `is_season_type_best`)
  VALUES (415824, 1, 1, 0, 0, 911.09, 911.09, 3, 14, 80, 69447, 6730, 364, 26037, 1, '2016-05-24 18:33:30', '2016-05-24 18:33:30', NULL, 0.0, 0.0, 0.0, 1159, 0, 0);

INSERT INTO `meeting_individual_results` (`id`, `rank`, `is_play_off`, `is_out_of_race`, `is_disqualified`, `standard_points`, `meeting_individual_points`, `minutes`, `seconds`, `hundreds`, `meeting_program_id`, `swimmer_id`, `team_id`, `badge_id`, `user_id`, `created_at`, `updated_at`, `disqualification_code_type_id`, `goggle_cup_points`, `reaction_time`, `team_points`, `team_affiliation_id`, `is_personal_best`, `is_season_type_best`)
  VALUES (415825, 1, 1, 0, 0, 857.64, 857.64, 2, 22, 88, 69448, 18061, 164, 25782, 1, '2016-05-24 18:33:31', '2016-05-24 18:33:31', NULL, 0.0, 0.0, 0.0, 1232, 0, 0);

INSERT INTO `meeting_individual_results` (`id`, `rank`, `is_play_off`, `is_out_of_race`, `is_disqualified`, `standard_points`, `meeting_individual_points`, `minutes`, `seconds`, `hundreds`, `meeting_program_id`, `swimmer_id`, `team_id`, `badge_id`, `user_id`, `created_at`, `updated_at`, `disqualification_code_type_id`, `goggle_cup_points`, `reaction_time`, `team_points`, `team_affiliation_id`, `is_personal_best`, `is_season_type_best`)
  VALUES (415826, 1, 1, 0, 0, 783.11, 783.11, 2, 53, 73, 69449, 8577, 450, 27873, 1, '2016-05-24 18:33:31', '2016-05-24 18:33:31', NULL, 0.0, 0.0, 0.0, 1345, 0, 0);

INSERT INTO `meeting_individual_results` (`id`, `rank`, `is_play_off`, `is_out_of_race`, `is_disqualified`, `standard_points`, `meeting_individual_points`, `minutes`, `seconds`, `hundreds`, `meeting_program_id`, `swimmer_id`, `team_id`, `badge_id`, `user_id`, `created_at`, `updated_at`, `disqualification_code_type_id`, `goggle_cup_points`, `reaction_time`, `team_points`, `team_affiliation_id`, `is_personal_best`, `is_season_type_best`)
  VALUES (415827, 1, 1, 0, 0, 688.22, 688.22, 3, 28, 19, 69450, 7805, 164, 25840, 1, '2016-05-24 18:33:31', '2016-05-24 18:33:31', NULL, 0.0, 0.0, 0.0, 1232, 0, 0);

INSERT INTO `meeting_individual_results` (`id`, `rank`, `is_play_off`, `is_out_of_race`, `is_disqualified`, `standard_points`, `meeting_individual_points`, `minutes`, `seconds`, `hundreds`, `meeting_program_id`, `swimmer_id`, `team_id`, `badge_id`, `user_id`, `created_at`, `updated_at`, `disqualification_code_type_id`, `goggle_cup_points`, `reaction_time`, `team_points`, `team_affiliation_id`, `is_personal_best`, `is_season_type_best`)
  VALUES (415828, 1, 1, 0, 1, 0.0, 0.0, 0, 0, 0, 69451, 8542, 462, 27276, 1, '2016-05-24 18:33:31', '2016-05-24 18:33:31', 11, 0.0, 0.0, 0.0, 1291, 0, 0);

INSERT INTO `meeting_individual_results` (`id`, `rank`, `is_play_off`, `is_out_of_race`, `is_disqualified`, `standard_points`, `meeting_individual_points`, `minutes`, `seconds`, `hundreds`, `meeting_program_id`, `swimmer_id`, `team_id`, `badge_id`, `user_id`, `created_at`, `updated_at`, `disqualification_code_type_id`, `goggle_cup_points`, `reaction_time`, `team_points`, `team_affiliation_id`, `is_personal_best`, `is_season_type_best`)
  VALUES (415829, 1, 1, 0, 1, 0.0, 0.0, 0, 0, 0, 69452, 8664, 456, 27904, 1, '2016-05-24 18:33:31', '2016-05-24 18:33:31', 11, 0.0, 0.0, 0.0, 1349, 0, 0);

INSERT INTO `meeting_individual_results` (`id`, `rank`, `is_play_off`, `is_out_of_race`, `is_disqualified`, `standard_points`, `meeting_individual_points`, `minutes`, `seconds`, `hundreds`, `meeting_program_id`, `swimmer_id`, `team_id`, `badge_id`, `user_id`, `created_at`, `updated_at`, `disqualification_code_type_id`, `goggle_cup_points`, `reaction_time`, `team_points`, `team_affiliation_id`, `is_personal_best`, `is_season_type_best`)
  VALUES (415830, 1, 1, 0, 0, 641.1, 641.1, 4, 11, 27, 69453, 3287, 188, 22300, 1, '2016-05-24 18:33:31', '2016-05-24 18:33:31', NULL, 0.0, 0.0, 0.0, 983, 0, 0);

INSERT INTO `meeting_individual_results` (`id`, `rank`, `is_play_off`, `is_out_of_race`, `is_disqualified`, `standard_points`, `meeting_individual_points`, `minutes`, `seconds`, `hundreds`, `meeting_program_id`, `swimmer_id`, `team_id`, `badge_id`, `user_id`, `created_at`, `updated_at`, `disqualification_code_type_id`, `goggle_cup_points`, `reaction_time`, `team_points`, `team_affiliation_id`, `is_personal_best`, `is_season_type_best`)
  VALUES (415831, 1, 1, 0, 0, 866.1, 866.1, 3, 12, 31, 69454, 8563, 469, 49193, 1, '2016-05-24 18:33:31', '2016-05-24 18:33:31', NULL, 0.0, 0.0, 0.0, 2262, 0, 0);

INSERT INTO `meeting_individual_results` (`id`, `rank`, `is_play_off`, `is_out_of_race`, `is_disqualified`, `standard_points`, `meeting_individual_points`, `minutes`, `seconds`, `hundreds`, `meeting_program_id`, `swimmer_id`, `team_id`, `badge_id`, `user_id`, `created_at`, `updated_at`, `disqualification_code_type_id`, `goggle_cup_points`, `reaction_time`, `team_points`, `team_affiliation_id`, `is_personal_best`, `is_season_type_best`)
  VALUES (415832, 1, 1, 0, 0, 653.02, 653.02, 4, 41, 63, 69455, 18074, 723, 48283, 1, '2016-05-24 18:33:31', '2016-05-24 18:33:31', NULL, 0.0, 0.0, 0.0, 2232, 0, 0);

INSERT INTO `meeting_individual_results` (`id`, `rank`, `is_play_off`, `is_out_of_race`, `is_disqualified`, `standard_points`, `meeting_individual_points`, `minutes`, `seconds`, `hundreds`, `meeting_program_id`, `swimmer_id`, `team_id`, `badge_id`, `user_id`, `created_at`, `updated_at`, `disqualification_code_type_id`, `goggle_cup_points`, `reaction_time`, `team_points`, `team_affiliation_id`, `is_personal_best`, `is_season_type_best`)
  VALUES (415833, 1, 1, 0, 0, 883.72, 883.72, 2, 35, 23, 69456, 11336, 518, 49217, 1, '2016-05-24 18:33:31', '2016-05-24 18:33:31', NULL, 0.0, 0.0, 0.0, 1350, 0, 0);

INSERT INTO `meeting_individual_results` (`id`, `rank`, `is_play_off`, `is_out_of_race`, `is_disqualified`, `standard_points`, `meeting_individual_points`, `minutes`, `seconds`, `hundreds`, `meeting_program_id`, `swimmer_id`, `team_id`, `badge_id`, `user_id`, `created_at`, `updated_at`, `disqualification_code_type_id`, `goggle_cup_points`, `reaction_time`, `team_points`, `team_affiliation_id`, `is_personal_best`, `is_season_type_best`)
  VALUES (415834, 1, 1, 0, 0, 749.86, 749.86, 3, 1, 2, 69457, 5849, 333, 22713, 1, '2016-05-24 18:33:31', '2016-05-24 18:33:31', NULL, 0.0, 0.0, 0.0, 1002, 0, 0);

INSERT INTO `meeting_individual_results` (`id`, `rank`, `is_play_off`, `is_out_of_race`, `is_disqualified`, `standard_points`, `meeting_individual_points`, `minutes`, `seconds`, `hundreds`, `meeting_program_id`, `swimmer_id`, `team_id`, `badge_id`, `user_id`, `created_at`, `updated_at`, `disqualification_code_type_id`, `goggle_cup_points`, `reaction_time`, `team_points`, `team_affiliation_id`, `is_personal_best`, `is_season_type_best`)
  VALUES (415835, 2, 1, 0, 0, 675.73, 675.73, 3, 20, 88, 69457, 10549, 518, 54515, 1, '2016-05-24 18:33:31', '2016-05-24 18:33:31', NULL, 0.0, 0.0, 0.0, 1350, 0, 0);

INSERT INTO `meeting_individual_results` (`id`, `rank`, `is_play_off`, `is_out_of_race`, `is_disqualified`, `standard_points`, `meeting_individual_points`, `minutes`, `seconds`, `hundreds`, `meeting_program_id`, `swimmer_id`, `team_id`, `badge_id`, `user_id`, `created_at`, `updated_at`, `disqualification_code_type_id`, `goggle_cup_points`, `reaction_time`, `team_points`, `team_affiliation_id`, `is_personal_best`, `is_season_type_best`)
  VALUES (415836, 1, 1, 0, 0, 926.62, 926.62, 2, 30, 44, 69458, 17059, 518, 27906, 1, '2016-05-24 18:33:32', '2016-05-24 18:33:32', NULL, 0.0, 0.0, 0.0, 1350, 0, 0);

INSERT INTO `meeting_individual_results` (`id`, `rank`, `is_play_off`, `is_out_of_race`, `is_disqualified`, `standard_points`, `meeting_individual_points`, `minutes`, `seconds`, `hundreds`, `meeting_program_id`, `swimmer_id`, `team_id`, `badge_id`, `user_id`, `created_at`, `updated_at`, `disqualification_code_type_id`, `goggle_cup_points`, `reaction_time`, `team_points`, `team_affiliation_id`, `is_personal_best`, `is_season_type_best`)
  VALUES (415837, 1, 1, 0, 0, 852.33, 852.33, 2, 46, 18, 69459, 8927, 265, 27443, 1, '2016-05-24 18:33:32', '2016-05-24 18:33:32', NULL, 0.0, 0.0, 0.0, 1223, 0, 0);

INSERT INTO `meeting_individual_results` (`id`, `rank`, `is_play_off`, `is_out_of_race`, `is_disqualified`, `standard_points`, `meeting_individual_points`, `minutes`, `seconds`, `hundreds`, `meeting_program_id`, `swimmer_id`, `team_id`, `badge_id`, `user_id`, `created_at`, `updated_at`, `disqualification_code_type_id`, `goggle_cup_points`, `reaction_time`, `team_points`, `team_affiliation_id`, `is_personal_best`, `is_season_type_best`)
  VALUES (415838, 2, 1, 0, 0, 785.06, 785.06, 3, 0, 42, 69459, 4608, 272, 26621, 1, '2016-05-24 18:33:32', '2016-05-24 18:33:32', NULL, 0.0, 0.0, 0.0, 1260, 0, 0);

INSERT INTO `meeting_individual_results` (`id`, `rank`, `is_play_off`, `is_out_of_race`, `is_disqualified`, `standard_points`, `meeting_individual_points`, `minutes`, `seconds`, `hundreds`, `meeting_program_id`, `swimmer_id`, `team_id`, `badge_id`, `user_id`, `created_at`, `updated_at`, `disqualification_code_type_id`, `goggle_cup_points`, `reaction_time`, `team_points`, `team_affiliation_id`, `is_personal_best`, `is_season_type_best`)
  VALUES (415839, 3, 1, 0, 0, 725.47, 725.47, 3, 15, 24, 69459, 24969, 308, 48245, 1, '2016-05-24 18:33:32', '2016-05-24 18:33:32', NULL, 0.0, 0.0, 0.0, 1227, 0, 0);

INSERT INTO `meeting_individual_results` (`id`, `rank`, `is_play_off`, `is_out_of_race`, `is_disqualified`, `standard_points`, `meeting_individual_points`, `minutes`, `seconds`, `hundreds`, `meeting_program_id`, `swimmer_id`, `team_id`, `badge_id`, `user_id`, `created_at`, `updated_at`, `disqualification_code_type_id`, `goggle_cup_points`, `reaction_time`, `team_points`, `team_affiliation_id`, `is_personal_best`, `is_season_type_best`)
  VALUES (415840, 4, 1, 0, 0, 708.98, 708.98, 3, 19, 78, 69459, 8517, 456, 27869, 1, '2016-05-24 18:33:32', '2016-05-24 18:33:32', NULL, 0.0, 0.0, 0.0, 1349, 0, 0);

INSERT INTO `meeting_individual_results` (`id`, `rank`, `is_play_off`, `is_out_of_race`, `is_disqualified`, `standard_points`, `meeting_individual_points`, `minutes`, `seconds`, `hundreds`, `meeting_program_id`, `swimmer_id`, `team_id`, `badge_id`, `user_id`, `created_at`, `updated_at`, `disqualification_code_type_id`, `goggle_cup_points`, `reaction_time`, `team_points`, `team_affiliation_id`, `is_personal_best`, `is_season_type_best`)
  VALUES (415841, 5, 1, 0, 0, 572.72, 572.72, 4, 7, 31, 69459, 21295, 456, 52045, 1, '2016-05-24 18:33:32', '2016-05-24 18:33:32', NULL, 0.0, 0.0, 0.0, 1349, 0, 0);

INSERT INTO `meeting_individual_results` (`id`, `rank`, `is_play_off`, `is_out_of_race`, `is_disqualified`, `standard_points`, `meeting_individual_points`, `minutes`, `seconds`, `hundreds`, `meeting_program_id`, `swimmer_id`, `team_id`, `badge_id`, `user_id`, `created_at`, `updated_at`, `disqualification_code_type_id`, `goggle_cup_points`, `reaction_time`, `team_points`, `team_affiliation_id`, `is_personal_best`, `is_season_type_best`)
  VALUES (415842, 1, 1, 0, 1, 0.0, 0.0, 0, 0, 0, 69460, 6857, 382, 26396, 1, '2016-05-24 18:33:32', '2016-05-24 18:33:32', 11, 0.0, 0.0, 0.0, 1249, 0, 0);

INSERT INTO `meeting_individual_results` (`id`, `rank`, `is_play_off`, `is_out_of_race`, `is_disqualified`, `standard_points`, `meeting_individual_points`, `minutes`, `seconds`, `hundreds`, `meeting_program_id`, `swimmer_id`, `team_id`, `badge_id`, `user_id`, `created_at`, `updated_at`, `disqualification_code_type_id`, `goggle_cup_points`, `reaction_time`, `team_points`, `team_affiliation_id`, `is_personal_best`, `is_season_type_best`)
  VALUES (415843, 1, 1, 0, 0, 820.81, 820.81, 3, 7, 29, 69461, 11304, 451, 52046, 1, '2016-05-24 18:33:32', '2016-05-24 18:33:32', NULL, 0.0, 0.0, 0.0, 1347, 0, 0);

INSERT INTO `meeting_individual_results` (`id`, `rank`, `is_play_off`, `is_out_of_race`, `is_disqualified`, `standard_points`, `meeting_individual_points`, `minutes`, `seconds`, `hundreds`, `meeting_program_id`, `swimmer_id`, `team_id`, `badge_id`, `user_id`, `created_at`, `updated_at`, `disqualification_code_type_id`, `goggle_cup_points`, `reaction_time`, `team_points`, `team_affiliation_id`, `is_personal_best`, `is_season_type_best`)
  VALUES (415844, 1, 1, 0, 0, 727.66, 727.66, 3, 38, 7, 69462, 2591, 128, 53158, 1, '2016-05-24 18:33:32', '2016-05-24 18:33:32', NULL, 0.0, 0.0, 0.0, 1393, 0, 0);

INSERT INTO `meeting_individual_results` (`id`, `rank`, `is_play_off`, `is_out_of_race`, `is_disqualified`, `standard_points`, `meeting_individual_points`, `minutes`, `seconds`, `hundreds`, `meeting_program_id`, `swimmer_id`, `team_id`, `badge_id`, `user_id`, `created_at`, `updated_at`, `disqualification_code_type_id`, `goggle_cup_points`, `reaction_time`, `team_points`, `team_affiliation_id`, `is_personal_best`, `is_season_type_best`)
  VALUES (415845, 2, 1, 0, 0, 706.12, 706.12, 3, 44, 72, 69462, 11342, 364, 26084, 1, '2016-05-24 18:33:32', '2016-05-24 18:33:32', NULL, 0.0, 0.0, 0.0, 1159, 0, 0);

INSERT INTO `meeting_individual_results` (`id`, `rank`, `is_play_off`, `is_out_of_race`, `is_disqualified`, `standard_points`, `meeting_individual_points`, `minutes`, `seconds`, `hundreds`, `meeting_program_id`, `swimmer_id`, `team_id`, `badge_id`, `user_id`, `created_at`, `updated_at`, `disqualification_code_type_id`, `goggle_cup_points`, `reaction_time`, `team_points`, `team_affiliation_id`, `is_personal_best`, `is_season_type_best`)
  VALUES (415846, 3, 1, 0, 0, 616.76, 616.76, 4, 17, 28, 69462, 3334, 188, 22409, 1, '2016-05-24 18:33:32', '2016-05-24 18:33:32', NULL, 0.0, 0.0, 0.0, 983, 0, 0);

INSERT INTO `meeting_individual_results` (`id`, `rank`, `is_play_off`, `is_out_of_race`, `is_disqualified`, `standard_points`, `meeting_individual_points`, `minutes`, `seconds`, `hundreds`, `meeting_program_id`, `swimmer_id`, `team_id`, `badge_id`, `user_id`, `created_at`, `updated_at`, `disqualification_code_type_id`, `goggle_cup_points`, `reaction_time`, `team_points`, `team_affiliation_id`, `is_personal_best`, `is_season_type_best`)
  VALUES (415847, 1, 1, 0, 0, 555.54, 555.54, 4, 58, 34, 69463, 2205, 112, 22415, 1, '2016-05-24 18:33:33', '2016-05-24 18:33:33', NULL, 0.0, 0.0, 0.0, 982, 0, 0);

INSERT INTO `meeting_individual_results` (`id`, `rank`, `is_play_off`, `is_out_of_race`, `is_disqualified`, `standard_points`, `meeting_individual_points`, `minutes`, `seconds`, `hundreds`, `meeting_program_id`, `swimmer_id`, `team_id`, `badge_id`, `user_id`, `created_at`, `updated_at`, `disqualification_code_type_id`, `goggle_cup_points`, `reaction_time`, `team_points`, `team_affiliation_id`, `is_personal_best`, `is_season_type_best`)
  VALUES (415848, 1, 1, 0, 0, 723.89, 723.89, 4, 5, 95, 69464, 11332, 451, 54519, 1, '2016-05-24 18:33:33', '2016-05-24 18:33:33', NULL, 0.0, 0.0, 0.0, 1347, 0, 0);

INSERT INTO `meeting_individual_results` (`id`, `rank`, `is_play_off`, `is_out_of_race`, `is_disqualified`, `standard_points`, `meeting_individual_points`, `minutes`, `seconds`, `hundreds`, `meeting_program_id`, `swimmer_id`, `team_id`, `badge_id`, `user_id`, `created_at`, `updated_at`, `disqualification_code_type_id`, `goggle_cup_points`, `reaction_time`, `team_points`, `team_affiliation_id`, `is_personal_best`, `is_season_type_best`)
  VALUES (415849, 1, 1, 0, 0, 607.98, 607.98, 5, 8, 45, 69465, 3344, 188, 22421, 1, '2016-05-24 18:33:33', '2016-05-24 18:33:33', NULL, 0.0, 0.0, 0.0, 983, 0, 0);

INSERT INTO `meeting_individual_results` (`id`, `rank`, `is_play_off`, `is_out_of_race`, `is_disqualified`, `standard_points`, `meeting_individual_points`, `minutes`, `seconds`, `hundreds`, `meeting_program_id`, `swimmer_id`, `team_id`, `badge_id`, `user_id`, `created_at`, `updated_at`, `disqualification_code_type_id`, `goggle_cup_points`, `reaction_time`, `team_points`, `team_affiliation_id`, `is_personal_best`, `is_season_type_best`)
  VALUES (415850, 1, 1, 0, 0, 829.27, 829.27, 4, 34, 0, 69466, 8480, 364, 26290, 1, '2016-05-24 18:33:33', '2016-05-24 18:33:33', NULL, 0.0, 0.0, 0.0, 1159, 0, 0);

INSERT INTO `meeting_individual_results` (`id`, `rank`, `is_play_off`, `is_out_of_race`, `is_disqualified`, `standard_points`, `meeting_individual_points`, `minutes`, `seconds`, `hundreds`, `meeting_program_id`, `swimmer_id`, `team_id`, `badge_id`, `user_id`, `created_at`, `updated_at`, `disqualification_code_type_id`, `goggle_cup_points`, `reaction_time`, `team_points`, `team_affiliation_id`, `is_personal_best`, `is_season_type_best`)
  VALUES (415851, 1, 1, 0, 0, 641.06, 641.06, 3, 16, 16, 69467, 20436, 265, 30215, 1, '2016-05-24 18:33:33', '2016-05-24 18:33:33', NULL, 0.0, 0.0, 0.0, 1223, 0, 0);

INSERT INTO `meeting_individual_results` (`id`, `rank`, `is_play_off`, `is_out_of_race`, `is_disqualified`, `standard_points`, `meeting_individual_points`, `minutes`, `seconds`, `hundreds`, `meeting_program_id`, `swimmer_id`, `team_id`, `badge_id`, `user_id`, `created_at`, `updated_at`, `disqualification_code_type_id`, `goggle_cup_points`, `reaction_time`, `team_points`, `team_affiliation_id`, `is_personal_best`, `is_season_type_best`)
  VALUES (415852, 2, 1, 0, 1, 0.0, 0.0, 0, 0, 0, 69467, 15108, 265, 49769, 1, '2016-05-24 18:33:33', '2016-05-24 18:33:33', 11, 0.0, 0.0, 0.0, 1223, 0, 0);

INSERT INTO `meeting_individual_results` (`id`, `rank`, `is_play_off`, `is_out_of_race`, `is_disqualified`, `standard_points`, `meeting_individual_points`, `minutes`, `seconds`, `hundreds`, `meeting_program_id`, `swimmer_id`, `team_id`, `badge_id`, `user_id`, `created_at`, `updated_at`, `disqualification_code_type_id`, `goggle_cup_points`, `reaction_time`, `team_points`, `team_affiliation_id`, `is_personal_best`, `is_season_type_best`)
  VALUES (415853, 2, 1, 0, 1, 0.0, 0.0, 0, 0, 0, 69467, 14099, 518, 52792, 1, '2016-05-24 18:33:33', '2016-05-24 18:33:33', 11, 0.0, 0.0, 0.0, 1350, 0, 0);

INSERT INTO `meeting_individual_results` (`id`, `rank`, `is_play_off`, `is_out_of_race`, `is_disqualified`, `standard_points`, `meeting_individual_points`, `minutes`, `seconds`, `hundreds`, `meeting_program_id`, `swimmer_id`, `team_id`, `badge_id`, `user_id`, `created_at`, `updated_at`, `disqualification_code_type_id`, `goggle_cup_points`, `reaction_time`, `team_points`, `team_affiliation_id`, `is_personal_best`, `is_season_type_best`)
  VALUES (415854, 1, 1, 0, 0, 713.61, 713.61, 2, 57, 24, 69468, 8475, 364, 26063, 1, '2016-05-24 18:33:33', '2016-05-24 18:33:33', NULL, 0.0, 0.0, 0.0, 1159, 0, 0);

INSERT INTO `meeting_individual_results` (`id`, `rank`, `is_play_off`, `is_out_of_race`, `is_disqualified`, `standard_points`, `meeting_individual_points`, `minutes`, `seconds`, `hundreds`, `meeting_program_id`, `swimmer_id`, `team_id`, `badge_id`, `user_id`, `created_at`, `updated_at`, `disqualification_code_type_id`, `goggle_cup_points`, `reaction_time`, `team_points`, `team_affiliation_id`, `is_personal_best`, `is_season_type_best`)
  VALUES (415855, 1, 1, 0, 1, 0.0, 0.0, 0, 0, 0, 69469, 4215, 819, 31863, 1, '2016-05-24 18:33:33', '2016-05-24 18:33:33', 11, 0.0, 0.0, 0.0, 1528, 0, 0);

INSERT INTO `meeting_individual_results` (`id`, `rank`, `is_play_off`, `is_out_of_race`, `is_disqualified`, `standard_points`, `meeting_individual_points`, `minutes`, `seconds`, `hundreds`, `meeting_program_id`, `swimmer_id`, `team_id`, `badge_id`, `user_id`, `created_at`, `updated_at`, `disqualification_code_type_id`, `goggle_cup_points`, `reaction_time`, `team_points`, `team_affiliation_id`, `is_personal_best`, `is_season_type_best`)
  VALUES (415856, 1, 1, 0, 0, 788.97, 788.97, 2, 51, 21, 69470, 2668, 164, 25562, 1, '2016-05-24 18:33:33', '2016-05-24 18:33:33', NULL, 0.0, 0.0, 0.0, 1232, 0, 0);

INSERT INTO `meeting_individual_results` (`id`, `rank`, `is_play_off`, `is_out_of_race`, `is_disqualified`, `standard_points`, `meeting_individual_points`, `minutes`, `seconds`, `hundreds`, `meeting_program_id`, `swimmer_id`, `team_id`, `badge_id`, `user_id`, `created_at`, `updated_at`, `disqualification_code_type_id`, `goggle_cup_points`, `reaction_time`, `team_points`, `team_affiliation_id`, `is_personal_best`, `is_season_type_best`)
  VALUES (415857, 1, 1, 0, 0, 925.05, 925.05, 1, 59, 15, 69471, 3364, 186, 22316, 1, '2016-05-24 18:33:33', '2016-05-24 18:33:33', NULL, 0.0, 0.0, 0.0, 978, 0, 0);

INSERT INTO `meeting_individual_results` (`id`, `rank`, `is_play_off`, `is_out_of_race`, `is_disqualified`, `standard_points`, `meeting_individual_points`, `minutes`, `seconds`, `hundreds`, `meeting_program_id`, `swimmer_id`, `team_id`, `badge_id`, `user_id`, `created_at`, `updated_at`, `disqualification_code_type_id`, `goggle_cup_points`, `reaction_time`, `team_points`, `team_affiliation_id`, `is_personal_best`, `is_season_type_best`)
  VALUES (415858, 2, 1, 0, 0, 805.47, 805.47, 2, 16, 84, 69471, 8498, 364, 27855, 1, '2016-05-24 18:33:34', '2016-05-24 18:33:34', NULL, 0.0, 0.0, 0.0, 1159, 0, 0);

INSERT INTO `meeting_individual_results` (`id`, `rank`, `is_play_off`, `is_out_of_race`, `is_disqualified`, `standard_points`, `meeting_individual_points`, `minutes`, `seconds`, `hundreds`, `meeting_program_id`, `swimmer_id`, `team_id`, `badge_id`, `user_id`, `created_at`, `updated_at`, `disqualification_code_type_id`, `goggle_cup_points`, `reaction_time`, `team_points`, `team_affiliation_id`, `is_personal_best`, `is_season_type_best`)
  VALUES (415859, 3, 1, 0, 0, 787.23, 787.23, 2, 20, 1, 69471, 18094, 723, 48208, 1, '2016-05-24 18:33:34', '2016-05-24 18:33:34', NULL, 0.0, 0.0, 0.0, 2232, 0, 0);

INSERT INTO `meeting_individual_results` (`id`, `rank`, `is_play_off`, `is_out_of_race`, `is_disqualified`, `standard_points`, `meeting_individual_points`, `minutes`, `seconds`, `hundreds`, `meeting_program_id`, `swimmer_id`, `team_id`, `badge_id`, `user_id`, `created_at`, `updated_at`, `disqualification_code_type_id`, `goggle_cup_points`, `reaction_time`, `team_points`, `team_affiliation_id`, `is_personal_best`, `is_season_type_best`)
  VALUES (415860, 1, 1, 0, 0, 804.07, 804.07, 2, 18, 16, 69472, 18477, 144, 22481, 1, '2016-05-24 18:33:34', '2016-05-24 18:33:34', NULL, 0.0, 0.0, 0.0, 1003, 0, 0);

INSERT INTO `meeting_individual_results` (`id`, `rank`, `is_play_off`, `is_out_of_race`, `is_disqualified`, `standard_points`, `meeting_individual_points`, `minutes`, `seconds`, `hundreds`, `meeting_program_id`, `swimmer_id`, `team_id`, `badge_id`, `user_id`, `created_at`, `updated_at`, `disqualification_code_type_id`, `goggle_cup_points`, `reaction_time`, `team_points`, `team_affiliation_id`, `is_personal_best`, `is_season_type_best`)
  VALUES (415861, 2, 1, 0, 0, 728.17, 728.17, 2, 32, 56, 69472, 22036, 451, 52056, 1, '2016-05-24 18:33:34', '2016-05-24 18:33:34', NULL, 0.0, 0.0, 0.0, 1347, 0, 0);

INSERT INTO `meeting_individual_results` (`id`, `rank`, `is_play_off`, `is_out_of_race`, `is_disqualified`, `standard_points`, `meeting_individual_points`, `minutes`, `seconds`, `hundreds`, `meeting_program_id`, `swimmer_id`, `team_id`, `badge_id`, `user_id`, `created_at`, `updated_at`, `disqualification_code_type_id`, `goggle_cup_points`, `reaction_time`, `team_points`, `team_affiliation_id`, `is_personal_best`, `is_season_type_best`)
  VALUES (415862, 3, 1, 0, 0, 547.16, 547.16, 3, 23, 3, 69472, 19113, 164, 25801, 1, '2016-05-24 18:33:34', '2016-05-24 18:33:34', NULL, 0.0, 0.0, 0.0, 1232, 0, 0);

INSERT INTO `meeting_individual_results` (`id`, `rank`, `is_play_off`, `is_out_of_race`, `is_disqualified`, `standard_points`, `meeting_individual_points`, `minutes`, `seconds`, `hundreds`, `meeting_program_id`, `swimmer_id`, `team_id`, `badge_id`, `user_id`, `created_at`, `updated_at`, `disqualification_code_type_id`, `goggle_cup_points`, `reaction_time`, `team_points`, `team_affiliation_id`, `is_personal_best`, `is_season_type_best`)
  VALUES (415863, 1, 1, 0, 1, 0.0, 0.0, 0, 0, 0, 69473, 12619, 451, 49185, 1, '2016-05-24 18:33:34', '2016-05-24 18:33:34', 11, 0.0, 0.0, 0.0, 1347, 0, 0);

INSERT INTO `meeting_individual_results` (`id`, `rank`, `is_play_off`, `is_out_of_race`, `is_disqualified`, `standard_points`, `meeting_individual_points`, `minutes`, `seconds`, `hundreds`, `meeting_program_id`, `swimmer_id`, `team_id`, `badge_id`, `user_id`, `created_at`, `updated_at`, `disqualification_code_type_id`, `goggle_cup_points`, `reaction_time`, `team_points`, `team_affiliation_id`, `is_personal_best`, `is_season_type_best`)
  VALUES (415864, 1, 1, 0, 0, 683.8, 683.8, 2, 50, 59, 69474, 8459, 456, 49213, 1, '2016-05-24 18:33:34', '2016-05-24 18:33:34', NULL, 0.0, 0.0, 0.0, 1349, 0, 0);

INSERT INTO `meeting_individual_results` (`id`, `rank`, `is_play_off`, `is_out_of_race`, `is_disqualified`, `standard_points`, `meeting_individual_points`, `minutes`, `seconds`, `hundreds`, `meeting_program_id`, `swimmer_id`, `team_id`, `badge_id`, `user_id`, `created_at`, `updated_at`, `disqualification_code_type_id`, `goggle_cup_points`, `reaction_time`, `team_points`, `team_affiliation_id`, `is_personal_best`, `is_season_type_best`)
  VALUES (415865, 2, 1, 0, 0, 621.4, 621.4, 3, 7, 72, 69474, 2786, 164, 25891, 1, '2016-05-24 18:33:34', '2016-05-24 18:33:34', NULL, 0.0, 0.0, 0.0, 1232, 0, 0);

INSERT INTO `meeting_individual_results` (`id`, `rank`, `is_play_off`, `is_out_of_race`, `is_disqualified`, `standard_points`, `meeting_individual_points`, `minutes`, `seconds`, `hundreds`, `meeting_program_id`, `swimmer_id`, `team_id`, `badge_id`, `user_id`, `created_at`, `updated_at`, `disqualification_code_type_id`, `goggle_cup_points`, `reaction_time`, `team_points`, `team_affiliation_id`, `is_personal_best`, `is_season_type_best`)
  VALUES (415866, 1, 1, 0, 0, 771.18, 771.18, 2, 37, 37, 69475, 5824, 72, 25834, 1, '2016-05-24 18:33:34', '2016-05-24 18:33:34', NULL, 0.0, 0.0, 0.0, 984, 0, 0);

INSERT INTO `meeting_individual_results` (`id`, `rank`, `is_play_off`, `is_out_of_race`, `is_disqualified`, `standard_points`, `meeting_individual_points`, `minutes`, `seconds`, `hundreds`, `meeting_program_id`, `swimmer_id`, `team_id`, `badge_id`, `user_id`, `created_at`, `updated_at`, `disqualification_code_type_id`, `goggle_cup_points`, `reaction_time`, `team_points`, `team_affiliation_id`, `is_personal_best`, `is_season_type_best`)
  VALUES (415867, 2, 1, 0, 0, 753.51, 753.51, 2, 41, 6, 69475, 19773, 364, 27874, 1, '2016-05-24 18:33:34', '2016-05-24 18:33:34', NULL, 0.0, 0.0, 0.0, 1159, 0, 0);

INSERT INTO `meeting_individual_results` (`id`, `rank`, `is_play_off`, `is_out_of_race`, `is_disqualified`, `standard_points`, `meeting_individual_points`, `minutes`, `seconds`, `hundreds`, `meeting_program_id`, `swimmer_id`, `team_id`, `badge_id`, `user_id`, `created_at`, `updated_at`, `disqualification_code_type_id`, `goggle_cup_points`, `reaction_time`, `team_points`, `team_affiliation_id`, `is_personal_best`, `is_season_type_best`)
  VALUES (415868, 3, 1, 0, 0, 734.67, 734.67, 2, 45, 19, 69475, 19776, 467, 27875, 1, '2016-05-24 18:33:34', '2016-05-24 18:33:34', NULL, 0.0, 0.0, 0.0, 1275, 0, 0);

INSERT INTO `meeting_individual_results` (`id`, `rank`, `is_play_off`, `is_out_of_race`, `is_disqualified`, `standard_points`, `meeting_individual_points`, `minutes`, `seconds`, `hundreds`, `meeting_program_id`, `swimmer_id`, `team_id`, `badge_id`, `user_id`, `created_at`, `updated_at`, `disqualification_code_type_id`, `goggle_cup_points`, `reaction_time`, `team_points`, `team_affiliation_id`, `is_personal_best`, `is_season_type_best`)
  VALUES (415869, 4, 1, 0, 0, 660.1, 660.1, 3, 3, 85, 69475, 12613, 364, 27916, 1, '2016-05-24 18:33:35', '2016-05-24 18:33:35', NULL, 0.0, 0.0, 0.0, 1159, 0, 0);

INSERT INTO `meeting_individual_results` (`id`, `rank`, `is_play_off`, `is_out_of_race`, `is_disqualified`, `standard_points`, `meeting_individual_points`, `minutes`, `seconds`, `hundreds`, `meeting_program_id`, `swimmer_id`, `team_id`, `badge_id`, `user_id`, `created_at`, `updated_at`, `disqualification_code_type_id`, `goggle_cup_points`, `reaction_time`, `team_points`, `team_affiliation_id`, `is_personal_best`, `is_season_type_best`)
  VALUES (415870, 1, 1, 0, 0, 846.37, 846.37, 2, 36, 2, 69476, 23303, 132, 48683, 1, '2016-05-24 18:33:35', '2016-05-24 18:33:35', NULL, 0.0, 0.0, 0.0, 1190, 0, 0);

INSERT INTO `meeting_individual_results` (`id`, `rank`, `is_play_off`, `is_out_of_race`, `is_disqualified`, `standard_points`, `meeting_individual_points`, `minutes`, `seconds`, `hundreds`, `meeting_program_id`, `swimmer_id`, `team_id`, `badge_id`, `user_id`, `created_at`, `updated_at`, `disqualification_code_type_id`, `goggle_cup_points`, `reaction_time`, `team_points`, `team_affiliation_id`, `is_personal_best`, `is_season_type_best`)
  VALUES (415871, 1, 1, 0, 0, 836.38, 836.38, 2, 46, 12, 69477, 17047, 467, 49224, 1, '2016-05-24 18:33:35', '2016-05-24 18:33:35', NULL, 0.0, 0.0, 0.0, 1275, 0, 0);

INSERT INTO `meeting_individual_results` (`id`, `rank`, `is_play_off`, `is_out_of_race`, `is_disqualified`, `standard_points`, `meeting_individual_points`, `minutes`, `seconds`, `hundreds`, `meeting_program_id`, `swimmer_id`, `team_id`, `badge_id`, `user_id`, `created_at`, `updated_at`, `disqualification_code_type_id`, `goggle_cup_points`, `reaction_time`, `team_points`, `team_affiliation_id`, `is_personal_best`, `is_season_type_best`)
  VALUES (415872, 2, 1, 0, 0, 735.13, 735.13, 3, 9, 0, 69477, 11313, 467, 26935, 1, '2016-05-24 18:33:35', '2016-05-24 18:33:35', NULL, 0.0, 0.0, 0.0, 1275, 0, 0);

INSERT INTO `meeting_individual_results` (`id`, `rank`, `is_play_off`, `is_out_of_race`, `is_disqualified`, `standard_points`, `meeting_individual_points`, `minutes`, `seconds`, `hundreds`, `meeting_program_id`, `swimmer_id`, `team_id`, `badge_id`, `user_id`, `created_at`, `updated_at`, `disqualification_code_type_id`, `goggle_cup_points`, `reaction_time`, `team_points`, `team_affiliation_id`, `is_personal_best`, `is_season_type_best`)
  VALUES (415873, 1, 1, 0, 0, 749.88, 749.88, 5, 56, 91, 69478, 18094, 723, 48208, 1, '2016-05-24 18:33:35', '2016-05-24 18:33:35', NULL, 0.0, 0.0, 0.0, 2232, 0, 0);

INSERT INTO `meeting_individual_results` (`id`, `rank`, `is_play_off`, `is_out_of_race`, `is_disqualified`, `standard_points`, `meeting_individual_points`, `minutes`, `seconds`, `hundreds`, `meeting_program_id`, `swimmer_id`, `team_id`, `badge_id`, `user_id`, `created_at`, `updated_at`, `disqualification_code_type_id`, `goggle_cup_points`, `reaction_time`, `team_points`, `team_affiliation_id`, `is_personal_best`, `is_season_type_best`)
  VALUES (415874, 1, 1, 0, 0, 942.53, 942.53, 5, 1, 74, 69479, 8621, 458, 27026, 1, '2016-05-24 18:33:35', '2016-05-24 18:33:35', NULL, 0.0, 0.0, 0.0, 1294, 0, 0);

INSERT INTO `meeting_individual_results` (`id`, `rank`, `is_play_off`, `is_out_of_race`, `is_disqualified`, `standard_points`, `meeting_individual_points`, `minutes`, `seconds`, `hundreds`, `meeting_program_id`, `swimmer_id`, `team_id`, `badge_id`, `user_id`, `created_at`, `updated_at`, `disqualification_code_type_id`, `goggle_cup_points`, `reaction_time`, `team_points`, `team_affiliation_id`, `is_personal_best`, `is_season_type_best`)
  VALUES (415875, 2, 1, 0, 1, 0.0, 0.0, 0, 0, 0, 69479, 6857, 382, 26396, 1, '2016-05-24 18:33:35', '2016-05-24 18:33:35', 11, 0.0, 0.0, 0.0, 1249, 0, 0);

INSERT INTO `meeting_individual_results` (`id`, `rank`, `is_play_off`, `is_out_of_race`, `is_disqualified`, `standard_points`, `meeting_individual_points`, `minutes`, `seconds`, `hundreds`, `meeting_program_id`, `swimmer_id`, `team_id`, `badge_id`, `user_id`, `created_at`, `updated_at`, `disqualification_code_type_id`, `goggle_cup_points`, `reaction_time`, `team_points`, `team_affiliation_id`, `is_personal_best`, `is_season_type_best`)
  VALUES (415876, 1, 1, 0, 0, 725.18, 725.18, 6, 47, 29, 69480, 12620, 451, 49164, 1, '2016-05-24 18:33:35', '2016-05-24 18:33:35', NULL, 0.0, 0.0, 0.0, 1347, 0, 0);

INSERT INTO `meeting_individual_results` (`id`, `rank`, `is_play_off`, `is_out_of_race`, `is_disqualified`, `standard_points`, `meeting_individual_points`, `minutes`, `seconds`, `hundreds`, `meeting_program_id`, `swimmer_id`, `team_id`, `badge_id`, `user_id`, `created_at`, `updated_at`, `disqualification_code_type_id`, `goggle_cup_points`, `reaction_time`, `team_points`, `team_affiliation_id`, `is_personal_best`, `is_season_type_best`)
  VALUES (415877, 1, 1, 0, 0, 590.88, 590.88, 9, 15, 97, 69481, 2205, 112, 22415, 1, '2016-05-24 18:33:35', '2016-05-24 18:33:35', NULL, 0.0, 0.0, 0.0, 982, 0, 0);

INSERT INTO `meeting_individual_results` (`id`, `rank`, `is_play_off`, `is_out_of_race`, `is_disqualified`, `standard_points`, `meeting_individual_points`, `minutes`, `seconds`, `hundreds`, `meeting_program_id`, `swimmer_id`, `team_id`, `badge_id`, `user_id`, `created_at`, `updated_at`, `disqualification_code_type_id`, `goggle_cup_points`, `reaction_time`, `team_points`, `team_affiliation_id`, `is_personal_best`, `is_season_type_best`)
  VALUES (415878, 1, 1, 0, 0, 634.45, 634.45, 10, 6, 24, 69482, 3344, 188, 22421, 1, '2016-05-24 18:33:35', '2016-05-24 18:33:35', NULL, 0.0, 0.0, 0.0, 983, 0, 0);

INSERT INTO `meeting_individual_results` (`id`, `rank`, `is_play_off`, `is_out_of_race`, `is_disqualified`, `standard_points`, `meeting_individual_points`, `minutes`, `seconds`, `hundreds`, `meeting_program_id`, `swimmer_id`, `team_id`, `badge_id`, `user_id`, `created_at`, `updated_at`, `disqualification_code_type_id`, `goggle_cup_points`, `reaction_time`, `team_points`, `team_affiliation_id`, `is_personal_best`, `is_season_type_best`)
  VALUES (415879, 1, 1, 0, 0, 806.61, 806.61, 0, 34, 49, 69483, 27022, 449, 54512, 1, '2016-05-24 18:33:35', '2016-05-24 18:33:35', NULL, 0.0, 0.0, 0.0, 1192, 0, 0);

INSERT INTO `meeting_individual_results` (`id`, `rank`, `is_play_off`, `is_out_of_race`, `is_disqualified`, `standard_points`, `meeting_individual_points`, `minutes`, `seconds`, `hundreds`, `meeting_program_id`, `swimmer_id`, `team_id`, `badge_id`, `user_id`, `created_at`, `updated_at`, `disqualification_code_type_id`, `goggle_cup_points`, `reaction_time`, `team_points`, `team_affiliation_id`, `is_personal_best`, `is_season_type_best`)
  VALUES (415880, 1, 1, 0, 0, 712.01, 712.01, 0, 39, 55, 69484, 11312, 451, 53614, 1, '2016-05-24 18:33:36', '2016-05-24 18:33:36', NULL, 0.0, 0.0, 0.0, 1347, 0, 0);

INSERT INTO `meeting_individual_results` (`id`, `rank`, `is_play_off`, `is_out_of_race`, `is_disqualified`, `standard_points`, `meeting_individual_points`, `minutes`, `seconds`, `hundreds`, `meeting_program_id`, `swimmer_id`, `team_id`, `badge_id`, `user_id`, `created_at`, `updated_at`, `disqualification_code_type_id`, `goggle_cup_points`, `reaction_time`, `team_points`, `team_affiliation_id`, `is_personal_best`, `is_season_type_best`)
  VALUES (415881, 2, 1, 0, 0, 649.75, 649.75, 0, 43, 34, 69484, 20436, 265, 30215, 1, '2016-05-24 18:33:36', '2016-05-24 18:33:36', NULL, 0.0, 0.0, 0.0, 1223, 0, 0);

INSERT INTO `meeting_individual_results` (`id`, `rank`, `is_play_off`, `is_out_of_race`, `is_disqualified`, `standard_points`, `meeting_individual_points`, `minutes`, `seconds`, `hundreds`, `meeting_program_id`, `swimmer_id`, `team_id`, `badge_id`, `user_id`, `created_at`, `updated_at`, `disqualification_code_type_id`, `goggle_cup_points`, `reaction_time`, `team_points`, `team_affiliation_id`, `is_personal_best`, `is_season_type_best`)
  VALUES (415882, 1, 1, 0, 0, 785.77, 785.77, 0, 36, 41, 69485, 8664, 456, 27904, 1, '2016-05-24 18:33:36', '2016-05-24 18:33:36', NULL, 0.0, 0.0, 0.0, 1349, 0, 0);

INSERT INTO `meeting_individual_results` (`id`, `rank`, `is_play_off`, `is_out_of_race`, `is_disqualified`, `standard_points`, `meeting_individual_points`, `minutes`, `seconds`, `hundreds`, `meeting_program_id`, `swimmer_id`, `team_id`, `badge_id`, `user_id`, `created_at`, `updated_at`, `disqualification_code_type_id`, `goggle_cup_points`, `reaction_time`, `team_points`, `team_affiliation_id`, `is_personal_best`, `is_season_type_best`)
  VALUES (415883, 2, 1, 0, 0, 783.19, 783.19, 0, 36, 53, 69485, 8508, 456, 49191, 1, '2016-05-24 18:33:36', '2016-05-24 18:33:36', NULL, 0.0, 0.0, 0.0, 1349, 0, 0);

INSERT INTO `meeting_individual_results` (`id`, `rank`, `is_play_off`, `is_out_of_race`, `is_disqualified`, `standard_points`, `meeting_individual_points`, `minutes`, `seconds`, `hundreds`, `meeting_program_id`, `swimmer_id`, `team_id`, `badge_id`, `user_id`, `created_at`, `updated_at`, `disqualification_code_type_id`, `goggle_cup_points`, `reaction_time`, `team_points`, `team_affiliation_id`, `is_personal_best`, `is_season_type_best`)
  VALUES (415884, 1, 1, 0, 1, 0.0, 0.0, 0, 0, 0, 69486, 10769, 89, 50099, 1, '2016-05-24 18:33:36', '2016-05-24 18:33:36', 11, 0.0, 0.0, 0.0, 965, 0, 0);

INSERT INTO `meeting_individual_results` (`id`, `rank`, `is_play_off`, `is_out_of_race`, `is_disqualified`, `standard_points`, `meeting_individual_points`, `minutes`, `seconds`, `hundreds`, `meeting_program_id`, `swimmer_id`, `team_id`, `badge_id`, `user_id`, `created_at`, `updated_at`, `disqualification_code_type_id`, `goggle_cup_points`, `reaction_time`, `team_points`, `team_affiliation_id`, `is_personal_best`, `is_season_type_best`)
  VALUES (415885, 1, 1, 0, 0, 821.75, 821.75, 0, 37, 42, 69487, 7737, 164, 25934, 1, '2016-05-24 18:33:36', '2016-05-24 18:33:36', NULL, 0.0, 0.0, 0.0, 1232, 0, 0);

INSERT INTO `meeting_individual_results` (`id`, `rank`, `is_play_off`, `is_out_of_race`, `is_disqualified`, `standard_points`, `meeting_individual_points`, `minutes`, `seconds`, `hundreds`, `meeting_program_id`, `swimmer_id`, `team_id`, `badge_id`, `user_id`, `created_at`, `updated_at`, `disqualification_code_type_id`, `goggle_cup_points`, `reaction_time`, `team_points`, `team_affiliation_id`, `is_personal_best`, `is_season_type_best`)
  VALUES (415886, 1, 1, 0, 0, 471.06, 471.06, 1, 18, 27, 69488, 2686, 164, 25760, 1, '2016-05-24 18:33:36', '2016-05-24 18:33:36', NULL, 0.0, 0.0, 0.0, 1232, 0, 0);

INSERT INTO `meeting_individual_results` (`id`, `rank`, `is_play_off`, `is_out_of_race`, `is_disqualified`, `standard_points`, `meeting_individual_points`, `minutes`, `seconds`, `hundreds`, `meeting_program_id`, `swimmer_id`, `team_id`, `badge_id`, `user_id`, `created_at`, `updated_at`, `disqualification_code_type_id`, `goggle_cup_points`, `reaction_time`, `team_points`, `team_affiliation_id`, `is_personal_best`, `is_season_type_best`)
  VALUES (415887, 1, 1, 0, 0, 0.0, 0.0, 0, 33, 12, 69489, 26743, 451, 53606, 1, '2016-05-24 18:33:36', '2016-05-24 18:33:36', NULL, 0.0, 0.0, 0.0, 1347, 0, 0);

INSERT INTO `meeting_individual_results` (`id`, `rank`, `is_play_off`, `is_out_of_race`, `is_disqualified`, `standard_points`, `meeting_individual_points`, `minutes`, `seconds`, `hundreds`, `meeting_program_id`, `swimmer_id`, `team_id`, `badge_id`, `user_id`, `created_at`, `updated_at`, `disqualification_code_type_id`, `goggle_cup_points`, `reaction_time`, `team_points`, `team_affiliation_id`, `is_personal_best`, `is_season_type_best`)
  VALUES (415888, 1, 1, 0, 0, 851.18, 851.18, 0, 28, 29, 69490, 11308, 518, 52712, 1, '2016-05-24 18:33:36', '2016-05-24 18:33:36', NULL, 0.0, 0.0, 0.0, 1350, 0, 0);

INSERT INTO `meeting_individual_results` (`id`, `rank`, `is_play_off`, `is_out_of_race`, `is_disqualified`, `standard_points`, `meeting_individual_points`, `minutes`, `seconds`, `hundreds`, `meeting_program_id`, `swimmer_id`, `team_id`, `badge_id`, `user_id`, `created_at`, `updated_at`, `disqualification_code_type_id`, `goggle_cup_points`, `reaction_time`, `team_points`, `team_affiliation_id`, `is_personal_best`, `is_season_type_best`)
  VALUES (415889, 2, 1, 0, 0, 772.79, 772.79, 0, 31, 16, 69490, 4595, 265, 27431, 1, '2016-05-24 18:33:36', '2016-05-24 18:33:36', NULL, 0.0, 0.0, 0.0, 1223, 0, 0);

INSERT INTO `meeting_individual_results` (`id`, `rank`, `is_play_off`, `is_out_of_race`, `is_disqualified`, `standard_points`, `meeting_individual_points`, `minutes`, `seconds`, `hundreds`, `meeting_program_id`, `swimmer_id`, `team_id`, `badge_id`, `user_id`, `created_at`, `updated_at`, `disqualification_code_type_id`, `goggle_cup_points`, `reaction_time`, `team_points`, `team_affiliation_id`, `is_personal_best`, `is_season_type_best`)
  VALUES (415890, 3, 1, 0, 0, 707.2, 707.2, 0, 34, 5, 69490, 17031, 451, 53615, 1, '2016-05-24 18:33:36', '2016-05-24 18:33:36', NULL, 0.0, 0.0, 0.0, 1347, 0, 0);

INSERT INTO `meeting_individual_results` (`id`, `rank`, `is_play_off`, `is_out_of_race`, `is_disqualified`, `standard_points`, `meeting_individual_points`, `minutes`, `seconds`, `hundreds`, `meeting_program_id`, `swimmer_id`, `team_id`, `badge_id`, `user_id`, `created_at`, `updated_at`, `disqualification_code_type_id`, `goggle_cup_points`, `reaction_time`, `team_points`, `team_affiliation_id`, `is_personal_best`, `is_season_type_best`)
  VALUES (415891, 1, 1, 0, 0, 817.76, 817.76, 0, 29, 85, 69491, 11310, 449, 26230, 1, '2016-05-24 18:33:37', '2016-05-24 18:33:37', NULL, 0.0, 0.0, 0.0, 1192, 0, 0);

INSERT INTO `meeting_individual_results` (`id`, `rank`, `is_play_off`, `is_out_of_race`, `is_disqualified`, `standard_points`, `meeting_individual_points`, `minutes`, `seconds`, `hundreds`, `meeting_program_id`, `swimmer_id`, `team_id`, `badge_id`, `user_id`, `created_at`, `updated_at`, `disqualification_code_type_id`, `goggle_cup_points`, `reaction_time`, `team_points`, `team_affiliation_id`, `is_personal_best`, `is_season_type_best`)
  VALUES (415892, 2, 1, 0, 0, 780.37, 780.37, 0, 31, 28, 69491, 2088, 7, 27345, 1, '2016-05-24 18:33:37', '2016-05-24 18:33:37', NULL, 0.0, 0.0, 0.0, 1046, 0, 0);

INSERT INTO `meeting_individual_results` (`id`, `rank`, `is_play_off`, `is_out_of_race`, `is_disqualified`, `standard_points`, `meeting_individual_points`, `minutes`, `seconds`, `hundreds`, `meeting_program_id`, `swimmer_id`, `team_id`, `badge_id`, `user_id`, `created_at`, `updated_at`, `disqualification_code_type_id`, `goggle_cup_points`, `reaction_time`, `team_points`, `team_affiliation_id`, `is_personal_best`, `is_season_type_best`)
  VALUES (415893, 3, 1, 0, 0, 733.03, 733.03, 0, 33, 30, 69491, 27019, 451, 54521, 1, '2016-05-24 18:33:37', '2016-05-24 18:33:37', NULL, 0.0, 0.0, 0.0, 1347, 0, 0);

INSERT INTO `meeting_individual_results` (`id`, `rank`, `is_play_off`, `is_out_of_race`, `is_disqualified`, `standard_points`, `meeting_individual_points`, `minutes`, `seconds`, `hundreds`, `meeting_program_id`, `swimmer_id`, `team_id`, `badge_id`, `user_id`, `created_at`, `updated_at`, `disqualification_code_type_id`, `goggle_cup_points`, `reaction_time`, `team_points`, `team_affiliation_id`, `is_personal_best`, `is_season_type_best`)
  VALUES (415894, 4, 1, 0, 0, 720.06, 720.06, 0, 33, 90, 69491, 4325, 265, 27438, 1, '2016-05-24 18:33:37', '2016-05-24 18:33:37', NULL, 0.0, 0.0, 0.0, 1223, 0, 0);

INSERT INTO `meeting_individual_results` (`id`, `rank`, `is_play_off`, `is_out_of_race`, `is_disqualified`, `standard_points`, `meeting_individual_points`, `minutes`, `seconds`, `hundreds`, `meeting_program_id`, `swimmer_id`, `team_id`, `badge_id`, `user_id`, `created_at`, `updated_at`, `disqualification_code_type_id`, `goggle_cup_points`, `reaction_time`, `team_points`, `team_affiliation_id`, `is_personal_best`, `is_season_type_best`)
  VALUES (415895, 1, 1, 0, 0, 802.68, 802.68, 0, 30, 61, 69492, 7770, 164, 48196, 1, '2016-05-24 18:33:37', '2016-05-24 18:33:37', NULL, 0.0, 0.0, 0.0, 1232, 0, 0);

INSERT INTO `meeting_individual_results` (`id`, `rank`, `is_play_off`, `is_out_of_race`, `is_disqualified`, `standard_points`, `meeting_individual_points`, `minutes`, `seconds`, `hundreds`, `meeting_program_id`, `swimmer_id`, `team_id`, `badge_id`, `user_id`, `created_at`, `updated_at`, `disqualification_code_type_id`, `goggle_cup_points`, `reaction_time`, `team_points`, `team_affiliation_id`, `is_personal_best`, `is_season_type_best`)
  VALUES (415896, 2, 1, 0, 0, 728.65, 728.65, 0, 33, 72, 69492, 11338, 451, 49183, 1, '2016-05-24 18:33:37', '2016-05-24 18:33:37', NULL, 0.0, 0.0, 0.0, 1347, 0, 0);

INSERT INTO `meeting_individual_results` (`id`, `rank`, `is_play_off`, `is_out_of_race`, `is_disqualified`, `standard_points`, `meeting_individual_points`, `minutes`, `seconds`, `hundreds`, `meeting_program_id`, `swimmer_id`, `team_id`, `badge_id`, `user_id`, `created_at`, `updated_at`, `disqualification_code_type_id`, `goggle_cup_points`, `reaction_time`, `team_points`, `team_affiliation_id`, `is_personal_best`, `is_season_type_best`)
  VALUES (415897, 3, 1, 0, 0, 726.92, 726.92, 0, 33, 80, 69492, 6145, 265, 49432, 1, '2016-05-24 18:33:37', '2016-05-24 18:33:37', NULL, 0.0, 0.0, 0.0, 1223, 0, 0);

INSERT INTO `meeting_individual_results` (`id`, `rank`, `is_play_off`, `is_out_of_race`, `is_disqualified`, `standard_points`, `meeting_individual_points`, `minutes`, `seconds`, `hundreds`, `meeting_program_id`, `swimmer_id`, `team_id`, `badge_id`, `user_id`, `created_at`, `updated_at`, `disqualification_code_type_id`, `goggle_cup_points`, `reaction_time`, `team_points`, `team_affiliation_id`, `is_personal_best`, `is_season_type_best`)
  VALUES (415898, 4, 1, 0, 1, 0.0, 0.0, 0, 0, 0, 69492, 8437, 364, 49194, 1, '2016-05-24 18:33:37', '2016-05-24 18:33:37', 11, 0.0, 0.0, 0.0, 1159, 0, 0);

INSERT INTO `meeting_individual_results` (`id`, `rank`, `is_play_off`, `is_out_of_race`, `is_disqualified`, `standard_points`, `meeting_individual_points`, `minutes`, `seconds`, `hundreds`, `meeting_program_id`, `swimmer_id`, `team_id`, `badge_id`, `user_id`, `created_at`, `updated_at`, `disqualification_code_type_id`, `goggle_cup_points`, `reaction_time`, `team_points`, `team_affiliation_id`, `is_personal_best`, `is_season_type_best`)
  VALUES (415899, 1, 1, 0, 0, 845.9, 845.9, 0, 29, 98, 69493, 5696, 819, 31928, 1, '2016-05-24 18:33:37', '2016-05-24 18:33:37', NULL, 0.0, 0.0, 0.0, 1528, 0, 0);

INSERT INTO `meeting_individual_results` (`id`, `rank`, `is_play_off`, `is_out_of_race`, `is_disqualified`, `standard_points`, `meeting_individual_points`, `minutes`, `seconds`, `hundreds`, `meeting_program_id`, `swimmer_id`, `team_id`, `badge_id`, `user_id`, `created_at`, `updated_at`, `disqualification_code_type_id`, `goggle_cup_points`, `reaction_time`, `team_points`, `team_affiliation_id`, `is_personal_best`, `is_season_type_best`)
  VALUES (415900, 1, 1, 0, 0, 949.07, 949.07, 0, 27, 29, 69494, 11341, 462, 27025, 1, '2016-05-24 18:33:37', '2016-05-24 18:33:37', NULL, 0.0, 0.0, 0.0, 1291, 0, 0);

INSERT INTO `meeting_individual_results` (`id`, `rank`, `is_play_off`, `is_out_of_race`, `is_disqualified`, `standard_points`, `meeting_individual_points`, `minutes`, `seconds`, `hundreds`, `meeting_program_id`, `swimmer_id`, `team_id`, `badge_id`, `user_id`, `created_at`, `updated_at`, `disqualification_code_type_id`, `goggle_cup_points`, `reaction_time`, `team_points`, `team_affiliation_id`, `is_personal_best`, `is_season_type_best`)
  VALUES (415901, 2, 1, 0, 0, 699.43, 699.43, 0, 37, 3, 69494, 11344, 456, 52053, 1, '2016-05-24 18:33:37', '2016-05-24 18:33:37', NULL, 0.0, 0.0, 0.0, 1349, 0, 0);

INSERT INTO `meeting_individual_results` (`id`, `rank`, `is_play_off`, `is_out_of_race`, `is_disqualified`, `standard_points`, `meeting_individual_points`, `minutes`, `seconds`, `hundreds`, `meeting_program_id`, `swimmer_id`, `team_id`, `badge_id`, `user_id`, `created_at`, `updated_at`, `disqualification_code_type_id`, `goggle_cup_points`, `reaction_time`, `team_points`, `team_affiliation_id`, `is_personal_best`, `is_season_type_best`)
  VALUES (415902, 1, 1, 0, 0, 732.32, 732.32, 0, 36, 35, 69495, 19182, 164, 25950, 1, '2016-05-24 18:33:38', '2016-05-24 18:33:38', NULL, 0.0, 0.0, 0.0, 1232, 0, 0);

INSERT INTO `meeting_individual_results` (`id`, `rank`, `is_play_off`, `is_out_of_race`, `is_disqualified`, `standard_points`, `meeting_individual_points`, `minutes`, `seconds`, `hundreds`, `meeting_program_id`, `swimmer_id`, `team_id`, `badge_id`, `user_id`, `created_at`, `updated_at`, `disqualification_code_type_id`, `goggle_cup_points`, `reaction_time`, `team_points`, `team_affiliation_id`, `is_personal_best`, `is_season_type_best`)
  VALUES (415903, 1, 1, 0, 0, 0.0, 0.0, 0, 30, 3, 69496, 19183, 164, 25849, 1, '2016-05-24 18:33:38', '2016-05-24 18:33:38', NULL, 0.0, 0.0, 0.0, 1232, 0, 0);

INSERT INTO `meeting_individual_results` (`id`, `rank`, `is_play_off`, `is_out_of_race`, `is_disqualified`, `standard_points`, `meeting_individual_points`, `minutes`, `seconds`, `hundreds`, `meeting_program_id`, `swimmer_id`, `team_id`, `badge_id`, `user_id`, `created_at`, `updated_at`, `disqualification_code_type_id`, `goggle_cup_points`, `reaction_time`, `team_points`, `team_affiliation_id`, `is_personal_best`, `is_season_type_best`)
  VALUES (415904, 2, 1, 0, 0, 0.0, 0.0, 0, 30, 37, 69496, 23244, 164, 48352, 1, '2016-05-24 18:33:38', '2016-05-24 18:33:38', NULL, 0.0, 0.0, 0.0, 1232, 0, 0);

INSERT INTO `meeting_individual_results` (`id`, `rank`, `is_play_off`, `is_out_of_race`, `is_disqualified`, `standard_points`, `meeting_individual_points`, `minutes`, `seconds`, `hundreds`, `meeting_program_id`, `swimmer_id`, `team_id`, `badge_id`, `user_id`, `created_at`, `updated_at`, `disqualification_code_type_id`, `goggle_cup_points`, `reaction_time`, `team_points`, `team_affiliation_id`, `is_personal_best`, `is_season_type_best`)
  VALUES (415905, 3, 1, 0, 0, 0.0, 0.0, 0, 30, 58, 69496, 19116, 164, 25850, 1, '2016-05-24 18:33:38', '2016-05-24 18:33:38', NULL, 0.0, 0.0, 0.0, 1232, 0, 0);

INSERT INTO `meeting_individual_results` (`id`, `rank`, `is_play_off`, `is_out_of_race`, `is_disqualified`, `standard_points`, `meeting_individual_points`, `minutes`, `seconds`, `hundreds`, `meeting_program_id`, `swimmer_id`, `team_id`, `badge_id`, `user_id`, `created_at`, `updated_at`, `disqualification_code_type_id`, `goggle_cup_points`, `reaction_time`, `team_points`, `team_affiliation_id`, `is_personal_best`, `is_season_type_best`)
  VALUES (415906, 4, 1, 0, 0, 0.0, 0.0, 0, 35, 55, 69496, 27017, 164, 54514, 1, '2016-05-24 18:33:38', '2016-05-24 18:33:38', NULL, 0.0, 0.0, 0.0, 1232, 0, 0);

INSERT INTO `meeting_relay_results` (`id`, `created_at`, `updated_at`, `rank`, `is_play_off`, `is_out_of_race`, `is_disqualified`, `standard_points`, `meeting_points`, `minutes`, `seconds`, `hundreds`, `team_id`, `user_id`, `meeting_program_id`, `disqualification_code_type_id`, `relay_header`, `reaction_time`, `entry_minutes`, `entry_seconds`, `entry_hundreds`, `team_affiliation_id`, `entry_time_type_id`)
  VALUES (18765, '2016-05-24 18:33:38', '2016-05-24 18:33:38', 0, 1, 1, 0, 832.59, 832.59, 2, 5, 62, 164, 1, 69497, NULL, 'ONDABLU S.C. A RL', 0.0, NULL, NULL, NULL, 1232, NULL);

INSERT INTO `meeting_relay_results` (`id`, `created_at`, `updated_at`, `rank`, `is_play_off`, `is_out_of_race`, `is_disqualified`, `standard_points`, `meeting_points`, `minutes`, `seconds`, `hundreds`, `team_id`, `user_id`, `meeting_program_id`, `disqualification_code_type_id`, `relay_header`, `reaction_time`, `entry_minutes`, `entry_seconds`, `entry_hundreds`, `team_affiliation_id`, `entry_time_type_id`)
  VALUES (18766, '2016-05-24 18:33:38', '2016-05-24 18:33:38', 1, 1, 0, 0, 791.92, 791.92, 2, 11, 68, 265, 1, 69498, NULL, 'ACQUA1VILLAGE ASD', 0.0, NULL, NULL, NULL, 1223, NULL);

INSERT INTO `meeting_relay_results` (`id`, `created_at`, `updated_at`, `rank`, `is_play_off`, `is_out_of_race`, `is_disqualified`, `standard_points`, `meeting_points`, `minutes`, `seconds`, `hundreds`, `team_id`, `user_id`, `meeting_program_id`, `disqualification_code_type_id`, `relay_header`, `reaction_time`, `entry_minutes`, `entry_seconds`, `entry_hundreds`, `team_affiliation_id`, `entry_time_type_id`)
  VALUES (18767, '2016-05-24 18:33:38', '2016-05-24 18:33:38', 2, 1, 0, 0, 741.89, 741.89, 2, 20, 56, 7, 1, 69498, NULL, 'NUOVO NUOTO', 0.0, NULL, NULL, NULL, 1046, NULL);

INSERT INTO `meeting_relay_results` (`id`, `created_at`, `updated_at`, `rank`, `is_play_off`, `is_out_of_race`, `is_disqualified`, `standard_points`, `meeting_points`, `minutes`, `seconds`, `hundreds`, `team_id`, `user_id`, `meeting_program_id`, `disqualification_code_type_id`, `relay_header`, `reaction_time`, `entry_minutes`, `entry_seconds`, `entry_hundreds`, `team_affiliation_id`, `entry_time_type_id`)
  VALUES (18768, '2016-05-24 18:33:38', '2016-05-24 18:33:38', 3, 1, 0, 1, 0.0, 0.0, 0, 0, 0, 451, 1, 69498, 1, 'BOLZANO NUOTO', 0.0, NULL, NULL, NULL, 1347, NULL);

INSERT INTO `meeting_relay_results` (`id`, `created_at`, `updated_at`, `rank`, `is_play_off`, `is_out_of_race`, `is_disqualified`, `standard_points`, `meeting_points`, `minutes`, `seconds`, `hundreds`, `team_id`, `user_id`, `meeting_program_id`, `disqualification_code_type_id`, `relay_header`, `reaction_time`, `entry_minutes`, `entry_seconds`, `entry_hundreds`, `team_affiliation_id`, `entry_time_type_id`)
  VALUES (18769, '2016-05-24 18:33:38', '2016-05-24 18:33:38', 1, 1, 0, 0, 820.9, 820.9, 2, 12, 83, 164, 1, 69499, NULL, 'ONDABLU S.C. A RL', 0.0, NULL, NULL, NULL, 1232, NULL);

INSERT INTO `meeting_relay_results` (`id`, `created_at`, `updated_at`, `rank`, `is_play_off`, `is_out_of_race`, `is_disqualified`, `standard_points`, `meeting_points`, `minutes`, `seconds`, `hundreds`, `team_id`, `user_id`, `meeting_program_id`, `disqualification_code_type_id`, `relay_header`, `reaction_time`, `entry_minutes`, `entry_seconds`, `entry_hundreds`, `team_affiliation_id`, `entry_time_type_id`)
  VALUES (18770, '2016-05-24 18:33:38', '2016-05-24 18:33:38', 2, 1, 0, 0, 681.46, 681.46, 2, 40, 1, 364, 1, 69499, NULL, 'NUOTATORI TRENTINI', 0.0, NULL, NULL, NULL, 1159, NULL);

INSERT INTO `meeting_relay_results` (`id`, `created_at`, `updated_at`, `rank`, `is_play_off`, `is_out_of_race`, `is_disqualified`, `standard_points`, `meeting_points`, `minutes`, `seconds`, `hundreds`, `team_id`, `user_id`, `meeting_program_id`, `disqualification_code_type_id`, `relay_header`, `reaction_time`, `entry_minutes`, `entry_seconds`, `entry_hundreds`, `team_affiliation_id`, `entry_time_type_id`)
  VALUES (18771, '2016-05-24 18:33:38', '2016-05-24 18:33:38', 3, 1, 0, 0, 675.67, 675.67, 2, 41, 38, 456, 1, 69499, NULL, 'S.S.V. BOZEN', 0.0, NULL, NULL, NULL, 1349, NULL);

INSERT INTO `meeting_relay_results` (`id`, `created_at`, `updated_at`, `rank`, `is_play_off`, `is_out_of_race`, `is_disqualified`, `standard_points`, `meeting_points`, `minutes`, `seconds`, `hundreds`, `team_id`, `user_id`, `meeting_program_id`, `disqualification_code_type_id`, `relay_header`, `reaction_time`, `entry_minutes`, `entry_seconds`, `entry_hundreds`, `team_affiliation_id`, `entry_time_type_id`)
  VALUES (18772, '2016-05-24 18:33:38', '2016-05-24 18:33:38', 1, 1, 0, 0, 728.93, 728.93, 2, 37, 1, 456, 1, 69500, NULL, 'S.S.V. BOZEN', 0.0, NULL, NULL, NULL, 1349, NULL);

INSERT INTO `meeting_team_scores` (`id`, `sum_individual_points`, `sum_relay_points`, `team_id`, `meeting_id`, `created_at`, `updated_at`, `rank`, `user_id`, `sum_team_points`, `meeting_individual_points`, `meeting_relay_points`, `meeting_team_points`, `season_individual_points`, `season_relay_points`, `season_team_points`, `season_id`, `team_affiliation_id`)
  VALUES (16303, 17635.19, 0.0, 451, 14252, '2016-05-24 18:33:38', '2016-05-24 18:33:38', 0, 1, 0.0, 0.0, 0.0, 0.0, 0.0, 0.0, 0.0, 142, 1347);

INSERT INTO `meeting_team_scores` (`id`, `sum_individual_points`, `sum_relay_points`, `team_id`, `meeting_id`, `created_at`, `updated_at`, `rank`, `user_id`, `sum_team_points`, `meeting_individual_points`, `meeting_relay_points`, `meeting_team_points`, `season_individual_points`, `season_relay_points`, `season_team_points`, `season_id`, `team_affiliation_id`)
  VALUES (16304, 16001.84, 0.0, 456, 14252, '2016-05-24 18:33:39', '2016-05-24 18:33:39', 0, 1, 0.0, 0.0, 0.0, 0.0, 0.0, 0.0, 0.0, 142, 1349);

INSERT INTO `meeting_team_scores` (`id`, `sum_individual_points`, `sum_relay_points`, `team_id`, `meeting_id`, `created_at`, `updated_at`, `rank`, `user_id`, `sum_team_points`, `meeting_individual_points`, `meeting_relay_points`, `meeting_team_points`, `season_individual_points`, `season_relay_points`, `season_team_points`, `season_id`, `team_affiliation_id`)
  VALUES (16305, 14393.19, 0.0, 164, 14252, '2016-05-24 18:33:39', '2016-05-24 18:33:39', 0, 1, 0.0, 0.0, 0.0, 0.0, 0.0, 0.0, 0.0, 142, 1232);

INSERT INTO `meeting_team_scores` (`id`, `sum_individual_points`, `sum_relay_points`, `team_id`, `meeting_id`, `created_at`, `updated_at`, `rank`, `user_id`, `sum_team_points`, `meeting_individual_points`, `meeting_relay_points`, `meeting_team_points`, `season_individual_points`, `season_relay_points`, `season_team_points`, `season_id`, `team_affiliation_id`)
  VALUES (16306, 12204.84, 0.0, 364, 14252, '2016-05-24 18:33:39', '2016-05-24 18:33:39', 0, 1, 0.0, 0.0, 0.0, 0.0, 0.0, 0.0, 0.0, 142, 1159);

INSERT INTO `meeting_team_scores` (`id`, `sum_individual_points`, `sum_relay_points`, `team_id`, `meeting_id`, `created_at`, `updated_at`, `rank`, `user_id`, `sum_team_points`, `meeting_individual_points`, `meeting_relay_points`, `meeting_team_points`, `season_individual_points`, `season_relay_points`, `season_team_points`, `season_id`, `team_affiliation_id`)
  VALUES (16307, 10454.36, 0.0, 518, 14252, '2016-05-24 18:33:39', '2016-05-24 18:33:39', 0, 1, 0.0, 0.0, 0.0, 0.0, 0.0, 0.0, 0.0, 142, 1350);

INSERT INTO `meeting_team_scores` (`id`, `sum_individual_points`, `sum_relay_points`, `team_id`, `meeting_id`, `created_at`, `updated_at`, `rank`, `user_id`, `sum_team_points`, `meeting_individual_points`, `meeting_relay_points`, `meeting_team_points`, `season_individual_points`, `season_relay_points`, `season_team_points`, `season_id`, `team_affiliation_id`)
  VALUES (16308, 8974.79, 0.0, 265, 14252, '2016-05-24 18:33:39', '2016-05-24 18:33:39', 0, 1, 0.0, 0.0, 0.0, 0.0, 0.0, 0.0, 0.0, 142, 1223);

INSERT INTO `meeting_team_scores` (`id`, `sum_individual_points`, `sum_relay_points`, `team_id`, `meeting_id`, `created_at`, `updated_at`, `rank`, `user_id`, `sum_team_points`, `meeting_individual_points`, `meeting_relay_points`, `meeting_team_points`, `season_individual_points`, `season_relay_points`, `season_team_points`, `season_id`, `team_affiliation_id`)
  VALUES (16309, 5898.17, 0.0, 467, 14252, '2016-05-24 18:33:39', '2016-05-24 18:33:39', 0, 1, 0.0, 0.0, 0.0, 0.0, 0.0, 0.0, 0.0, 142, 1275);

INSERT INTO `meeting_team_scores` (`id`, `sum_individual_points`, `sum_relay_points`, `team_id`, `meeting_id`, `created_at`, `updated_at`, `rank`, `user_id`, `sum_team_points`, `meeting_individual_points`, `meeting_relay_points`, `meeting_team_points`, `season_individual_points`, `season_relay_points`, `season_team_points`, `season_id`, `team_affiliation_id`)
  VALUES (16310, 5341.97, 0.0, 723, 14252, '2016-05-24 18:33:39', '2016-05-24 18:33:39', 0, 1, 0.0, 0.0, 0.0, 0.0, 0.0, 0.0, 0.0, 142, 2232);

INSERT INTO `meeting_team_scores` (`id`, `sum_individual_points`, `sum_relay_points`, `team_id`, `meeting_id`, `created_at`, `updated_at`, `rank`, `user_id`, `sum_team_points`, `meeting_individual_points`, `meeting_relay_points`, `meeting_team_points`, `season_individual_points`, `season_relay_points`, `season_team_points`, `season_id`, `team_affiliation_id`)
  VALUES (16311, 5237.23, 0.0, 7, 14252, '2016-05-24 18:33:39', '2016-05-24 18:33:39', 0, 1, 0.0, 0.0, 0.0, 0.0, 0.0, 0.0, 0.0, 142, 1046);

INSERT INTO `meeting_team_scores` (`id`, `sum_individual_points`, `sum_relay_points`, `team_id`, `meeting_id`, `created_at`, `updated_at`, `rank`, `user_id`, `sum_team_points`, `meeting_individual_points`, `meeting_relay_points`, `meeting_team_points`, `season_individual_points`, `season_relay_points`, `season_team_points`, `season_id`, `team_affiliation_id`)
  VALUES (16312, 4976.56, 0.0, 449, 14252, '2016-05-24 18:33:39', '2016-05-24 18:33:39', 0, 1, 0.0, 0.0, 0.0, 0.0, 0.0, 0.0, 0.0, 142, 1192);

INSERT INTO `meeting_team_scores` (`id`, `sum_individual_points`, `sum_relay_points`, `team_id`, `meeting_id`, `created_at`, `updated_at`, `rank`, `user_id`, `sum_team_points`, `meeting_individual_points`, `meeting_relay_points`, `meeting_team_points`, `season_individual_points`, `season_relay_points`, `season_team_points`, `season_id`, `team_affiliation_id`)
  VALUES (16313, 4442.19, 0.0, 333, 14252, '2016-05-24 18:33:39', '2016-05-24 18:33:39', 0, 1, 0.0, 0.0, 0.0, 0.0, 0.0, 0.0, 0.0, 142, 1002);

INSERT INTO `meeting_team_scores` (`id`, `sum_individual_points`, `sum_relay_points`, `team_id`, `meeting_id`, `created_at`, `updated_at`, `rank`, `user_id`, `sum_team_points`, `meeting_individual_points`, `meeting_relay_points`, `meeting_team_points`, `season_individual_points`, `season_relay_points`, `season_team_points`, `season_id`, `team_affiliation_id`)
  VALUES (16314, 4426.53, 0.0, 102, 14252, '2016-05-24 18:33:39', '2016-05-24 18:33:39', 0, 1, 0.0, 0.0, 0.0, 0.0, 0.0, 0.0, 0.0, 142, 996);

INSERT INTO `meeting_team_scores` (`id`, `sum_individual_points`, `sum_relay_points`, `team_id`, `meeting_id`, `created_at`, `updated_at`, `rank`, `user_id`, `sum_team_points`, `meeting_individual_points`, `meeting_relay_points`, `meeting_team_points`, `season_individual_points`, `season_relay_points`, `season_team_points`, `season_id`, `team_affiliation_id`)
  VALUES (16315, 3140.29, 0.0, 188, 14252, '2016-05-24 18:33:39', '2016-05-24 18:33:39', 0, 1, 0.0, 0.0, 0.0, 0.0, 0.0, 0.0, 0.0, 142, 983);

INSERT INTO `meeting_team_scores` (`id`, `sum_individual_points`, `sum_relay_points`, `team_id`, `meeting_id`, `created_at`, `updated_at`, `rank`, `user_id`, `sum_team_points`, `meeting_individual_points`, `meeting_relay_points`, `meeting_team_points`, `season_individual_points`, `season_relay_points`, `season_team_points`, `season_id`, `team_affiliation_id`)
  VALUES (16316, 2806.92, 0.0, 462, 14252, '2016-05-24 18:33:39', '2016-05-24 18:33:39', 0, 1, 0.0, 0.0, 0.0, 0.0, 0.0, 0.0, 0.0, 142, 1291);

INSERT INTO `meeting_team_scores` (`id`, `sum_individual_points`, `sum_relay_points`, `team_id`, `meeting_id`, `created_at`, `updated_at`, `rank`, `user_id`, `sum_team_points`, `meeting_individual_points`, `meeting_relay_points`, `meeting_team_points`, `season_individual_points`, `season_relay_points`, `season_team_points`, `season_id`, `team_affiliation_id`)
  VALUES (16317, 2534.36, 0.0, 469, 14252, '2016-05-24 18:33:39', '2016-05-24 18:33:39', 0, 1, 0.0, 0.0, 0.0, 0.0, 0.0, 0.0, 0.0, 142, 2262);

INSERT INTO `meeting_team_scores` (`id`, `sum_individual_points`, `sum_relay_points`, `team_id`, `meeting_id`, `created_at`, `updated_at`, `rank`, `user_id`, `sum_team_points`, `meeting_individual_points`, `meeting_relay_points`, `meeting_team_points`, `season_individual_points`, `season_relay_points`, `season_team_points`, `season_id`, `team_affiliation_id`)
  VALUES (16318, 2532.4, 0.0, 89, 14252, '2016-05-24 18:33:39', '2016-05-24 18:33:39', 0, 1, 0.0, 0.0, 0.0, 0.0, 0.0, 0.0, 0.0, 142, 965);

INSERT INTO `meeting_team_scores` (`id`, `sum_individual_points`, `sum_relay_points`, `team_id`, `meeting_id`, `created_at`, `updated_at`, `rank`, `user_id`, `sum_team_points`, `meeting_individual_points`, `meeting_relay_points`, `meeting_team_points`, `season_individual_points`, `season_relay_points`, `season_team_points`, `season_id`, `team_affiliation_id`)
  VALUES (16319, 2407.15, 0.0, 272, 14252, '2016-05-24 18:33:39', '2016-05-24 18:33:39', 0, 1, 0.0, 0.0, 0.0, 0.0, 0.0, 0.0, 0.0, 142, 1260);

INSERT INTO `meeting_team_scores` (`id`, `sum_individual_points`, `sum_relay_points`, `team_id`, `meeting_id`, `created_at`, `updated_at`, `rank`, `user_id`, `sum_team_points`, `meeting_individual_points`, `meeting_relay_points`, `meeting_team_points`, `season_individual_points`, `season_relay_points`, `season_team_points`, `season_id`, `team_affiliation_id`)
  VALUES (16320, 1896.21, 0.0, 458, 14252, '2016-05-24 18:33:39', '2016-05-24 18:33:39', 0, 1, 0.0, 0.0, 0.0, 0.0, 0.0, 0.0, 0.0, 142, 1294);

INSERT INTO `meeting_team_scores` (`id`, `sum_individual_points`, `sum_relay_points`, `team_id`, `meeting_id`, `created_at`, `updated_at`, `rank`, `user_id`, `sum_team_points`, `meeting_individual_points`, `meeting_relay_points`, `meeting_team_points`, `season_individual_points`, `season_relay_points`, `season_team_points`, `season_id`, `team_affiliation_id`)
  VALUES (16321, 1844.61, 0.0, 45, 14252, '2016-05-24 18:33:39', '2016-05-24 18:33:39', 0, 1, 0.0, 0.0, 0.0, 0.0, 0.0, 0.0, 0.0, 142, 966);

INSERT INTO `meeting_team_scores` (`id`, `sum_individual_points`, `sum_relay_points`, `team_id`, `meeting_id`, `created_at`, `updated_at`, `rank`, `user_id`, `sum_team_points`, `meeting_individual_points`, `meeting_relay_points`, `meeting_team_points`, `season_individual_points`, `season_relay_points`, `season_team_points`, `season_id`, `team_affiliation_id`)
  VALUES (16322, 1828.0, 0.0, 186, 14252, '2016-05-24 18:33:39', '2016-05-24 18:33:39', 0, 1, 0.0, 0.0, 0.0, 0.0, 0.0, 0.0, 0.0, 142, 978);

INSERT INTO `meeting_team_scores` (`id`, `sum_individual_points`, `sum_relay_points`, `team_id`, `meeting_id`, `created_at`, `updated_at`, `rank`, `user_id`, `sum_team_points`, `meeting_individual_points`, `meeting_relay_points`, `meeting_team_points`, `season_individual_points`, `season_relay_points`, `season_team_points`, `season_id`, `team_affiliation_id`)
  VALUES (16323, 1677.46, 0.0, 819, 14252, '2016-05-24 18:33:39', '2016-05-24 18:33:39', 0, 1, 0.0, 0.0, 0.0, 0.0, 0.0, 0.0, 0.0, 142, 1528);

INSERT INTO `meeting_team_scores` (`id`, `sum_individual_points`, `sum_relay_points`, `team_id`, `meeting_id`, `created_at`, `updated_at`, `rank`, `user_id`, `sum_team_points`, `meeting_individual_points`, `meeting_relay_points`, `meeting_team_points`, `season_individual_points`, `season_relay_points`, `season_team_points`, `season_id`, `team_affiliation_id`)
  VALUES (16324, 1664.07, 0.0, 132, 14252, '2016-05-24 18:33:39', '2016-05-24 18:33:39', 0, 1, 0.0, 0.0, 0.0, 0.0, 0.0, 0.0, 0.0, 142, 1190);

INSERT INTO `meeting_team_scores` (`id`, `sum_individual_points`, `sum_relay_points`, `team_id`, `meeting_id`, `created_at`, `updated_at`, `rank`, `user_id`, `sum_team_points`, `meeting_individual_points`, `meeting_relay_points`, `meeting_team_points`, `season_individual_points`, `season_relay_points`, `season_team_points`, `season_id`, `team_affiliation_id`)
  VALUES (16325, 1609.43, 0.0, 144, 14252, '2016-05-24 18:33:39', '2016-05-24 18:33:39', 0, 1, 0.0, 0.0, 0.0, 0.0, 0.0, 0.0, 0.0, 142, 1003);

INSERT INTO `meeting_team_scores` (`id`, `sum_individual_points`, `sum_relay_points`, `team_id`, `meeting_id`, `created_at`, `updated_at`, `rank`, `user_id`, `sum_team_points`, `meeting_individual_points`, `meeting_relay_points`, `meeting_team_points`, `season_individual_points`, `season_relay_points`, `season_team_points`, `season_id`, `team_affiliation_id`)
  VALUES (16326, 1592.33, 0.0, 177, 14252, '2016-05-24 18:33:39', '2016-05-24 18:33:39', 0, 1, 0.0, 0.0, 0.0, 0.0, 0.0, 0.0, 0.0, 142, 1005);

INSERT INTO `meeting_team_scores` (`id`, `sum_individual_points`, `sum_relay_points`, `team_id`, `meeting_id`, `created_at`, `updated_at`, `rank`, `user_id`, `sum_team_points`, `meeting_individual_points`, `meeting_relay_points`, `meeting_team_points`, `season_individual_points`, `season_relay_points`, `season_team_points`, `season_id`, `team_affiliation_id`)
  VALUES (16327, 1569.9, 0.0, 781, 14252, '2016-05-24 18:33:39', '2016-05-24 18:33:39', 0, 1, 0.0, 0.0, 0.0, 0.0, 0.0, 0.0, 0.0, 142, 1317);

INSERT INTO `meeting_team_scores` (`id`, `sum_individual_points`, `sum_relay_points`, `team_id`, `meeting_id`, `created_at`, `updated_at`, `rank`, `user_id`, `sum_team_points`, `meeting_individual_points`, `meeting_relay_points`, `meeting_team_points`, `season_individual_points`, `season_relay_points`, `season_team_points`, `season_id`, `team_affiliation_id`)
  VALUES (16328, 1567.1, 0.0, 59, 14252, '2016-05-24 18:33:40', '2016-05-24 18:33:40', 0, 1, 0.0, 0.0, 0.0, 0.0, 0.0, 0.0, 0.0, 142, 975);

INSERT INTO `meeting_team_scores` (`id`, `sum_individual_points`, `sum_relay_points`, `team_id`, `meeting_id`, `created_at`, `updated_at`, `rank`, `user_id`, `sum_team_points`, `meeting_individual_points`, `meeting_relay_points`, `meeting_team_points`, `season_individual_points`, `season_relay_points`, `season_team_points`, `season_id`, `team_affiliation_id`)
  VALUES (16329, 1481.75, 0.0, 373, 14252, '2016-05-24 18:33:40', '2016-05-24 18:33:40', 0, 1, 0.0, 0.0, 0.0, 0.0, 0.0, 0.0, 0.0, 142, 1245);

INSERT INTO `meeting_team_scores` (`id`, `sum_individual_points`, `sum_relay_points`, `team_id`, `meeting_id`, `created_at`, `updated_at`, `rank`, `user_id`, `sum_team_points`, `meeting_individual_points`, `meeting_relay_points`, `meeting_team_points`, `season_individual_points`, `season_relay_points`, `season_team_points`, `season_id`, `team_affiliation_id`)
  VALUES (16330, 1455.01, 0.0, 308, 14252, '2016-05-24 18:33:40', '2016-05-24 18:33:40', 0, 1, 0.0, 0.0, 0.0, 0.0, 0.0, 0.0, 0.0, 142, 1227);

INSERT INTO `meeting_team_scores` (`id`, `sum_individual_points`, `sum_relay_points`, `team_id`, `meeting_id`, `created_at`, `updated_at`, `rank`, `user_id`, `sum_team_points`, `meeting_individual_points`, `meeting_relay_points`, `meeting_team_points`, `season_individual_points`, `season_relay_points`, `season_team_points`, `season_id`, `team_affiliation_id`)
  VALUES (16331, 1343.75, 0.0, 128, 14252, '2016-05-24 18:33:40', '2016-05-24 18:33:40', 0, 1, 0.0, 0.0, 0.0, 0.0, 0.0, 0.0, 0.0, 142, 1393);

INSERT INTO `meeting_team_scores` (`id`, `sum_individual_points`, `sum_relay_points`, `team_id`, `meeting_id`, `created_at`, `updated_at`, `rank`, `user_id`, `sum_team_points`, `meeting_individual_points`, `meeting_relay_points`, `meeting_team_points`, `season_individual_points`, `season_relay_points`, `season_team_points`, `season_id`, `team_affiliation_id`)
  VALUES (16332, 1146.42, 0.0, 112, 14252, '2016-05-24 18:33:40', '2016-05-24 18:33:40', 0, 1, 0.0, 0.0, 0.0, 0.0, 0.0, 0.0, 0.0, 142, 982);

INSERT INTO `meeting_team_scores` (`id`, `sum_individual_points`, `sum_relay_points`, `team_id`, `meeting_id`, `created_at`, `updated_at`, `rank`, `user_id`, `sum_team_points`, `meeting_individual_points`, `meeting_relay_points`, `meeting_team_points`, `season_individual_points`, `season_relay_points`, `season_team_points`, `season_id`, `team_affiliation_id`)
  VALUES (16333, 783.11, 0.0, 450, 14252, '2016-05-24 18:33:40', '2016-05-24 18:33:40', 0, 1, 0.0, 0.0, 0.0, 0.0, 0.0, 0.0, 0.0, 142, 1345);

INSERT INTO `meeting_team_scores` (`id`, `sum_individual_points`, `sum_relay_points`, `team_id`, `meeting_id`, `created_at`, `updated_at`, `rank`, `user_id`, `sum_team_points`, `meeting_individual_points`, `meeting_relay_points`, `meeting_team_points`, `season_individual_points`, `season_relay_points`, `season_team_points`, `season_id`, `team_affiliation_id`)
  VALUES (16334, 771.18, 0.0, 72, 14252, '2016-05-24 18:33:40', '2016-05-24 18:33:40', 0, 1, 0.0, 0.0, 0.0, 0.0, 0.0, 0.0, 0.0, 142, 984);

INSERT INTO `meeting_team_scores` (`id`, `sum_individual_points`, `sum_relay_points`, `team_id`, `meeting_id`, `created_at`, `updated_at`, `rank`, `user_id`, `sum_team_points`, `meeting_individual_points`, `meeting_relay_points`, `meeting_team_points`, `season_individual_points`, `season_relay_points`, `season_team_points`, `season_id`, `team_affiliation_id`)
  VALUES (16335, 0.0, 0.0, 382, 14252, '2016-05-24 18:33:40', '2016-05-24 18:33:40', 0, 1, 0.0, 0.0, 0.0, 0.0, 0.0, 0.0, 0.0, 142, 1249);


-- Meeting 14252
-- 'Results acquired' flag setting:
UPDATE meetings SET are_results_acquired = '1' WHERE id = 14252;

-- --- BeginTimeCalculator: compute_for_all( 14252 )
-- ----------------------------------------------------
-- Using RESULTS to compute heat length.

-- Event #1, M.Prg: 69497, tot. athletes: 0
-- Tot. progr. duration: 0 (sec), Heat durations: [] (hds)
-- Session begin time: 2014-12-07 08:30:00 +0100, Computed begin time: 2014-12-07 08:32:00 +0100
UPDATE meeting_programs SET begin_time = '2014-12-07 08:32' WHERE id = 69497;

-- Event #1, M.Prg: 69378, tot. athletes: 3
-- Tot. progr. duration: 156 (sec), Heat durations: [15697] (hds)
-- Session begin time: 2014-12-07 08:30:00 +0100, Computed begin time: 2014-12-07 08:32:00 +0100
UPDATE meeting_programs SET begin_time = '2014-12-07 08:32' WHERE id = 69378;

-- Event #2, M.Prg: 69498, tot. athletes: 0
-- Tot. progr. duration: 0 (sec), Heat durations: [] (hds)
-- Session begin time: 2014-12-07 08:30:00 +0100, Computed begin time: 2014-12-07 08:34:36 +0100
UPDATE meeting_programs SET begin_time = '2014-12-07 08:34' WHERE id = 69498;

-- Event #2, M.Prg: 69379, tot. athletes: 1
-- Tot. progr. duration: 133 (sec), Heat durations: [13389] (hds)
-- Session begin time: 2014-12-07 08:30:00 +0100, Computed begin time: 2014-12-07 08:34:36 +0100
UPDATE meeting_programs SET begin_time = '2014-12-07 08:34' WHERE id = 69379;

-- Event #3, M.Prg: 69499, tot. athletes: 0
-- Tot. progr. duration: 0 (sec), Heat durations: [] (hds)
-- Session begin time: 2014-12-07 08:30:00 +0100, Computed begin time: 2014-12-07 08:36:49 +0100
UPDATE meeting_programs SET begin_time = '2014-12-07 08:36' WHERE id = 69499;

-- Event #3, M.Prg: 69380, tot. athletes: 1
-- Tot. progr. duration: 157 (sec), Heat durations: [15784] (hds)
-- Session begin time: 2014-12-07 08:30:00 +0100, Computed begin time: 2014-12-07 08:36:49 +0100
UPDATE meeting_programs SET begin_time = '2014-12-07 08:36' WHERE id = 69380;

-- Event #4, M.Prg: 69500, tot. athletes: 0
-- Tot. progr. duration: 0 (sec), Heat durations: [] (hds)
-- Session begin time: 2014-12-07 08:30:00 +0100, Computed begin time: 2014-12-07 08:39:26 +0100
UPDATE meeting_programs SET begin_time = '2014-12-07 08:39' WHERE id = 69500;

-- Event #4, M.Prg: 69381, tot. athletes: 1
-- Tot. progr. duration: 162 (sec), Heat durations: [16214] (hds)
-- Session begin time: 2014-12-07 08:30:00 +0100, Computed begin time: 2014-12-07 08:39:26 +0100
UPDATE meeting_programs SET begin_time = '2014-12-07 08:39' WHERE id = 69381;

-- Event #5, M.Prg: 69382, tot. athletes: 1
-- Tot. progr. duration: 172 (sec), Heat durations: [17204] (hds)
-- Session begin time: 2014-12-07 08:30:00 +0100, Computed begin time: 2014-12-07 08:42:08 +0100
UPDATE meeting_programs SET begin_time = '2014-12-07 08:42' WHERE id = 69382;

-- Event #6, M.Prg: 69383, tot. athletes: 1
-- Tot. progr. duration: 145 (sec), Heat durations: [14548] (hds)
-- Session begin time: 2014-12-07 08:30:00 +0100, Computed begin time: 2014-12-07 08:45:00 +0100
UPDATE meeting_programs SET begin_time = '2014-12-07 08:45' WHERE id = 69383;

-- Event #7, M.Prg: 69384, tot. athletes: 1
-- Tot. progr. duration: 129 (sec), Heat durations: [12985] (hds)
-- Session begin time: 2014-12-07 08:30:00 +0100, Computed begin time: 2014-12-07 08:47:25 +0100
UPDATE meeting_programs SET begin_time = '2014-12-07 08:47' WHERE id = 69384;

-- Event #8, M.Prg: 69385, tot. athletes: 1
-- Tot. progr. duration: 131 (sec), Heat durations: [13163] (hds)
-- Session begin time: 2014-12-07 08:30:00 +0100, Computed begin time: 2014-12-07 08:49:34 +0100
UPDATE meeting_programs SET begin_time = '2014-12-07 08:49' WHERE id = 69385;

-- Event #9, M.Prg: 69386, tot. athletes: 1
-- Tot. progr. duration: 121 (sec), Heat durations: [12196] (hds)
-- Session begin time: 2014-12-07 08:30:00 +0100, Computed begin time: 2014-12-07 08:51:45 +0100
UPDATE meeting_programs SET begin_time = '2014-12-07 08:51' WHERE id = 69386;

-- Event #10, M.Prg: 69387, tot. athletes: 2
-- Tot. progr. duration: 147 (sec), Heat durations: [14763] (hds)
-- Session begin time: 2014-12-07 08:30:00 +0100, Computed begin time: 2014-12-07 08:53:46 +0100
UPDATE meeting_programs SET begin_time = '2014-12-07 08:53' WHERE id = 69387;

-- Event #11, M.Prg: 69388, tot. athletes: 1
-- Tot. progr. duration: 151 (sec), Heat durations: [15170] (hds)
-- Session begin time: 2014-12-07 08:30:00 +0100, Computed begin time: 2014-12-07 08:56:13 +0100
UPDATE meeting_programs SET begin_time = '2014-12-07 08:56' WHERE id = 69388;

-- Event #12, M.Prg: 69389, tot. athletes: 1
-- Tot. progr. duration: 60 (sec), Heat durations: [6000] (hds)
-- Session begin time: 2014-12-07 08:30:00 +0100, Computed begin time: 2014-12-07 08:58:44 +0100
UPDATE meeting_programs SET begin_time = '2014-12-07 08:58' WHERE id = 69389;

-- Event #13, M.Prg: 69390, tot. athletes: 1
-- Tot. progr. duration: 60 (sec), Heat durations: [6000] (hds)
-- Session begin time: 2014-12-07 08:30:00 +0100, Computed begin time: 2014-12-07 08:59:44 +0100
UPDATE meeting_programs SET begin_time = '2014-12-07 08:59' WHERE id = 69390;

-- Event #14, M.Prg: 69391, tot. athletes: 2
-- Tot. progr. duration: 127 (sec), Heat durations: [12790] (hds)
-- Session begin time: 2014-12-07 08:30:00 +0100, Computed begin time: 2014-12-07 09:00:44 +0100
UPDATE meeting_programs SET begin_time = '2014-12-07 09:00' WHERE id = 69391;

-- Event #15, M.Prg: 69392, tot. athletes: 2
-- Tot. progr. duration: 141 (sec), Heat durations: [14183] (hds)
-- Session begin time: 2014-12-07 08:30:00 +0100, Computed begin time: 2014-12-07 09:02:51 +0100
UPDATE meeting_programs SET begin_time = '2014-12-07 09:02' WHERE id = 69392;

-- Event #16, M.Prg: 69393, tot. athletes: 2
-- Tot. progr. duration: 132 (sec), Heat durations: [13278] (hds)
-- Session begin time: 2014-12-07 08:30:00 +0100, Computed begin time: 2014-12-07 09:05:12 +0100
UPDATE meeting_programs SET begin_time = '2014-12-07 09:05' WHERE id = 69393;

-- Event #17, M.Prg: 69394, tot. athletes: 1
-- Tot. progr. duration: 122 (sec), Heat durations: [12295] (hds)
-- Session begin time: 2014-12-07 08:30:00 +0100, Computed begin time: 2014-12-07 09:07:24 +0100
UPDATE meeting_programs SET begin_time = '2014-12-07 09:07' WHERE id = 69394;

-- Event #18, M.Prg: 69395, tot. athletes: 2
-- Tot. progr. duration: 161 (sec), Heat durations: [16117] (hds)
-- Session begin time: 2014-12-07 08:30:00 +0100, Computed begin time: 2014-12-07 09:09:26 +0100
UPDATE meeting_programs SET begin_time = '2014-12-07 09:09' WHERE id = 69395;

-- Event #19, M.Prg: 69396, tot. athletes: 1
-- Tot. progr. duration: 156 (sec), Heat durations: [15664] (hds)
-- Session begin time: 2014-12-07 08:30:00 +0100, Computed begin time: 2014-12-07 09:12:07 +0100
UPDATE meeting_programs SET begin_time = '2014-12-07 09:12' WHERE id = 69396;

-- Event #20, M.Prg: 69397, tot. athletes: 1
-- Tot. progr. duration: 138 (sec), Heat durations: [13882] (hds)
-- Session begin time: 2014-12-07 08:30:00 +0100, Computed begin time: 2014-12-07 09:14:43 +0100
UPDATE meeting_programs SET begin_time = '2014-12-07 09:14' WHERE id = 69397;

-- Event #21, M.Prg: 69398, tot. athletes: 2
-- Tot. progr. duration: 153 (sec), Heat durations: [15330] (hds)
-- Session begin time: 2014-12-07 08:30:00 +0100, Computed begin time: 2014-12-07 09:17:01 +0100
UPDATE meeting_programs SET begin_time = '2014-12-07 09:17' WHERE id = 69398;

-- Event #22, M.Prg: 69399, tot. athletes: 1
-- Tot. progr. duration: 60 (sec), Heat durations: [6000] (hds)
-- Session begin time: 2014-12-07 08:30:00 +0100, Computed begin time: 2014-12-07 09:19:34 +0100
UPDATE meeting_programs SET begin_time = '2014-12-07 09:19' WHERE id = 69399;

-- Event #23, M.Prg: 69400, tot. athletes: 2
-- Tot. progr. duration: 152 (sec), Heat durations: [15246] (hds)
-- Session begin time: 2014-12-07 08:30:00 +0100, Computed begin time: 2014-12-07 09:20:34 +0100
UPDATE meeting_programs SET begin_time = '2014-12-07 09:20' WHERE id = 69400;

-- Event #24, M.Prg: 69401, tot. athletes: 1
-- Tot. progr. duration: 145 (sec), Heat durations: [14534] (hds)
-- Session begin time: 2014-12-07 08:30:00 +0100, Computed begin time: 2014-12-07 09:23:06 +0100
UPDATE meeting_programs SET begin_time = '2014-12-07 09:23' WHERE id = 69401;

-- Event #25, M.Prg: 69402, tot. athletes: 1
-- Tot. progr. duration: 147 (sec), Heat durations: [14743] (hds)
-- Session begin time: 2014-12-07 08:30:00 +0100, Computed begin time: 2014-12-07 09:25:31 +0100
UPDATE meeting_programs SET begin_time = '2014-12-07 09:25' WHERE id = 69402;

-- Event #26, M.Prg: 69403, tot. athletes: 1
-- Tot. progr. duration: 194 (sec), Heat durations: [19406] (hds)
-- Session begin time: 2014-12-07 08:30:00 +0100, Computed begin time: 2014-12-07 09:27:58 +0100
UPDATE meeting_programs SET begin_time = '2014-12-07 09:27' WHERE id = 69403;

-- Event #27, M.Prg: 69404, tot. athletes: 1
-- Tot. progr. duration: 154 (sec), Heat durations: [15448] (hds)
-- Session begin time: 2014-12-07 08:30:00 +0100, Computed begin time: 2014-12-07 09:31:12 +0100
UPDATE meeting_programs SET begin_time = '2014-12-07 09:31' WHERE id = 69404;

-- Event #28, M.Prg: 69405, tot. athletes: 1
-- Tot. progr. duration: 201 (sec), Heat durations: [20109] (hds)
-- Session begin time: 2014-12-07 08:30:00 +0100, Computed begin time: 2014-12-07 09:33:46 +0100
UPDATE meeting_programs SET begin_time = '2014-12-07 09:33' WHERE id = 69405;

-- Event #29, M.Prg: 69406, tot. athletes: 4
-- Tot. progr. duration: 136 (sec), Heat durations: [13656] (hds)
-- Session begin time: 2014-12-07 08:30:00 +0100, Computed begin time: 2014-12-07 09:37:07 +0100
UPDATE meeting_programs SET begin_time = '2014-12-07 09:37' WHERE id = 69406;

-- Event #30, M.Prg: 69407, tot. athletes: 4
-- Tot. progr. duration: 137 (sec), Heat durations: [13787] (hds)
-- Session begin time: 2014-12-07 08:30:00 +0100, Computed begin time: 2014-12-07 09:39:23 +0100
UPDATE meeting_programs SET begin_time = '2014-12-07 09:39' WHERE id = 69407;

-- Event #31, M.Prg: 69408, tot. athletes: 3
-- Tot. progr. duration: 133 (sec), Heat durations: [13375] (hds)
-- Session begin time: 2014-12-07 08:30:00 +0100, Computed begin time: 2014-12-07 09:41:40 +0100
UPDATE meeting_programs SET begin_time = '2014-12-07 09:41' WHERE id = 69408;

-- Event #32, M.Prg: 69409, tot. athletes: 5
-- Tot. progr. duration: 161 (sec), Heat durations: [16142] (hds)
-- Session begin time: 2014-12-07 08:30:00 +0100, Computed begin time: 2014-12-07 09:43:53 +0100
UPDATE meeting_programs SET begin_time = '2014-12-07 09:43' WHERE id = 69409;

-- Event #33, M.Prg: 69410, tot. athletes: 5
-- Tot. progr. duration: 153 (sec), Heat durations: [15359] (hds)
-- Session begin time: 2014-12-07 08:30:00 +0100, Computed begin time: 2014-12-07 09:46:34 +0100
UPDATE meeting_programs SET begin_time = '2014-12-07 09:46' WHERE id = 69410;

-- Event #34, M.Prg: 69411, tot. athletes: 5
-- Tot. progr. duration: 150 (sec), Heat durations: [15066] (hds)
-- Session begin time: 2014-12-07 08:30:00 +0100, Computed begin time: 2014-12-07 09:49:07 +0100
UPDATE meeting_programs SET begin_time = '2014-12-07 09:49' WHERE id = 69411;

-- Event #35, M.Prg: 69412, tot. athletes: 1
-- Tot. progr. duration: 142 (sec), Heat durations: [14281] (hds)
-- Session begin time: 2014-12-07 08:30:00 +0100, Computed begin time: 2014-12-07 09:51:37 +0100
UPDATE meeting_programs SET begin_time = '2014-12-07 09:51' WHERE id = 69412;

-- Event #36, M.Prg: 69413, tot. athletes: 2
-- Tot. progr. duration: 142 (sec), Heat durations: [14272] (hds)
-- Session begin time: 2014-12-07 08:30:00 +0100, Computed begin time: 2014-12-07 09:53:59 +0100
UPDATE meeting_programs SET begin_time = '2014-12-07 09:53' WHERE id = 69413;

-- Event #37, M.Prg: 69414, tot. athletes: 2
-- Tot. progr. duration: 161 (sec), Heat durations: [16155] (hds)
-- Session begin time: 2014-12-07 08:30:00 +0100, Computed begin time: 2014-12-07 09:56:21 +0100
UPDATE meeting_programs SET begin_time = '2014-12-07 09:56' WHERE id = 69414;

-- Event #38, M.Prg: 69415, tot. athletes: 4
-- Tot. progr. duration: 140 (sec), Heat durations: [14051] (hds)
-- Session begin time: 2014-12-07 08:30:00 +0100, Computed begin time: 2014-12-07 09:59:02 +0100
UPDATE meeting_programs SET begin_time = '2014-12-07 09:59' WHERE id = 69415;

-- Event #39, M.Prg: 69416, tot. athletes: 1
-- Tot. progr. duration: 60 (sec), Heat durations: [6000] (hds)
-- Session begin time: 2014-12-07 08:30:00 +0100, Computed begin time: 2014-12-07 10:01:22 +0100
UPDATE meeting_programs SET begin_time = '2014-12-07 10:01' WHERE id = 69416;

-- Event #40, M.Prg: 69417, tot. athletes: 2
-- Tot. progr. duration: 158 (sec), Heat durations: [15832] (hds)
-- Session begin time: 2014-12-07 08:30:00 +0100, Computed begin time: 2014-12-07 10:02:22 +0100
UPDATE meeting_programs SET begin_time = '2014-12-07 10:02' WHERE id = 69417;

-- Event #41, M.Prg: 69418, tot. athletes: 1
-- Tot. progr. duration: 147 (sec), Heat durations: [14765] (hds)
-- Session begin time: 2014-12-07 08:30:00 +0100, Computed begin time: 2014-12-07 10:05:00 +0100
UPDATE meeting_programs SET begin_time = '2014-12-07 10:05' WHERE id = 69418;

-- Event #42, M.Prg: 69419, tot. athletes: 2
-- Tot. progr. duration: 171 (sec), Heat durations: [17106] (hds)
-- Session begin time: 2014-12-07 08:30:00 +0100, Computed begin time: 2014-12-07 10:07:27 +0100
UPDATE meeting_programs SET begin_time = '2014-12-07 10:07' WHERE id = 69419;

-- Event #43, M.Prg: 69420, tot. athletes: 1
-- Tot. progr. duration: 158 (sec), Heat durations: [15846] (hds)
-- Session begin time: 2014-12-07 08:30:00 +0100, Computed begin time: 2014-12-07 10:10:18 +0100
UPDATE meeting_programs SET begin_time = '2014-12-07 10:10' WHERE id = 69420;

-- Event #44, M.Prg: 69421, tot. athletes: 1
-- Tot. progr. duration: 139 (sec), Heat durations: [13944] (hds)
-- Session begin time: 2014-12-07 08:30:00 +0100, Computed begin time: 2014-12-07 10:12:56 +0100
UPDATE meeting_programs SET begin_time = '2014-12-07 10:12' WHERE id = 69421;

-- Event #45, M.Prg: 69422, tot. athletes: 2
-- Tot. progr. duration: 152 (sec), Heat durations: [15283] (hds)
-- Session begin time: 2014-12-07 08:30:00 +0100, Computed begin time: 2014-12-07 10:15:15 +0100
UPDATE meeting_programs SET begin_time = '2014-12-07 10:15' WHERE id = 69422;

-- Event #46, M.Prg: 69423, tot. athletes: 4
-- Tot. progr. duration: 166 (sec), Heat durations: [16657] (hds)
-- Session begin time: 2014-12-07 08:30:00 +0100, Computed begin time: 2014-12-07 10:17:47 +0100
UPDATE meeting_programs SET begin_time = '2014-12-07 10:17' WHERE id = 69423;

-- Event #47, M.Prg: 69424, tot. athletes: 4
-- Tot. progr. duration: 154 (sec), Heat durations: [15451] (hds)
-- Session begin time: 2014-12-07 08:30:00 +0100, Computed begin time: 2014-12-07 10:20:33 +0100
UPDATE meeting_programs SET begin_time = '2014-12-07 10:20' WHERE id = 69424;

-- Event #48, M.Prg: 69425, tot. athletes: 5
-- Tot. progr. duration: 173 (sec), Heat durations: [17391] (hds)
-- Session begin time: 2014-12-07 08:30:00 +0100, Computed begin time: 2014-12-07 10:23:07 +0100
UPDATE meeting_programs SET begin_time = '2014-12-07 10:23' WHERE id = 69425;

-- Event #49, M.Prg: 69426, tot. athletes: 3
-- Tot. progr. duration: 162 (sec), Heat durations: [16227] (hds)
-- Session begin time: 2014-12-07 08:30:00 +0100, Computed begin time: 2014-12-07 10:26:00 +0100
UPDATE meeting_programs SET begin_time = '2014-12-07 10:26' WHERE id = 69426;

-- Event #50, M.Prg: 69427, tot. athletes: 1
-- Tot. progr. duration: 60 (sec), Heat durations: [6000] (hds)
-- Session begin time: 2014-12-07 08:30:00 +0100, Computed begin time: 2014-12-07 10:28:42 +0100
UPDATE meeting_programs SET begin_time = '2014-12-07 10:28' WHERE id = 69427;

-- Event #51, M.Prg: 69428, tot. athletes: 3
-- Tot. progr. duration: 164 (sec), Heat durations: [16428] (hds)
-- Session begin time: 2014-12-07 08:30:00 +0100, Computed begin time: 2014-12-07 10:29:42 +0100
UPDATE meeting_programs SET begin_time = '2014-12-07 10:29' WHERE id = 69428;

-- Event #52, M.Prg: 69429, tot. athletes: 1
-- Tot. progr. duration: 60 (sec), Heat durations: [6000] (hds)
-- Session begin time: 2014-12-07 08:30:00 +0100, Computed begin time: 2014-12-07 10:32:26 +0100
UPDATE meeting_programs SET begin_time = '2014-12-07 10:32' WHERE id = 69429;

-- Event #53, M.Prg: 69430, tot. athletes: 1
-- Tot. progr. duration: 183 (sec), Heat durations: [18372] (hds)
-- Session begin time: 2014-12-07 08:30:00 +0100, Computed begin time: 2014-12-07 10:33:26 +0100
UPDATE meeting_programs SET begin_time = '2014-12-07 10:33' WHERE id = 69430;

-- Event #54, M.Prg: 69431, tot. athletes: 2
-- Tot. progr. duration: 150 (sec), Heat durations: [15070] (hds)
-- Session begin time: 2014-12-07 08:30:00 +0100, Computed begin time: 2014-12-07 10:36:29 +0100
UPDATE meeting_programs SET begin_time = '2014-12-07 10:36' WHERE id = 69431;

-- Event #55, M.Prg: 69432, tot. athletes: 2
-- Tot. progr. duration: 135 (sec), Heat durations: [13509] (hds)
-- Session begin time: 2014-12-07 08:30:00 +0100, Computed begin time: 2014-12-07 10:38:59 +0100
UPDATE meeting_programs SET begin_time = '2014-12-07 10:38' WHERE id = 69432;

-- Event #56, M.Prg: 69433, tot. athletes: 2
-- Tot. progr. duration: 132 (sec), Heat durations: [13200] (hds)
-- Session begin time: 2014-12-07 08:30:00 +0100, Computed begin time: 2014-12-07 10:41:14 +0100
UPDATE meeting_programs SET begin_time = '2014-12-07 10:41' WHERE id = 69433;

-- Event #57, M.Prg: 69434, tot. athletes: 4
-- Tot. progr. duration: 138 (sec), Heat durations: [13856] (hds)
-- Session begin time: 2014-12-07 08:30:00 +0100, Computed begin time: 2014-12-07 10:43:26 +0100
UPDATE meeting_programs SET begin_time = '2014-12-07 10:43' WHERE id = 69434;

-- Event #58, M.Prg: 69435, tot. athletes: 3
-- Tot. progr. duration: 146 (sec), Heat durations: [14639] (hds)
-- Session begin time: 2014-12-07 08:30:00 +0100, Computed begin time: 2014-12-07 10:45:44 +0100
UPDATE meeting_programs SET begin_time = '2014-12-07 10:45' WHERE id = 69435;

-- Event #59, M.Prg: 69436, tot. athletes: 1
-- Tot. progr. duration: 142 (sec), Heat durations: [14276] (hds)
-- Session begin time: 2014-12-07 08:30:00 +0100, Computed begin time: 2014-12-07 10:48:10 +0100
UPDATE meeting_programs SET begin_time = '2014-12-07 10:48' WHERE id = 69436;

-- Event #60, M.Prg: 69437, tot. athletes: 1
-- Tot. progr. duration: 166 (sec), Heat durations: [16688] (hds)
-- Session begin time: 2014-12-07 08:30:00 +0100, Computed begin time: 2014-12-07 10:50:32 +0100
UPDATE meeting_programs SET begin_time = '2014-12-07 10:50' WHERE id = 69437;

-- Event #61, M.Prg: 69438, tot. athletes: 2
-- Tot. progr. duration: 147 (sec), Heat durations: [14718] (hds)
-- Session begin time: 2014-12-07 08:30:00 +0100, Computed begin time: 2014-12-07 10:53:18 +0100
UPDATE meeting_programs SET begin_time = '2014-12-07 10:53' WHERE id = 69438;

-- Event #62, M.Prg: 69439, tot. athletes: 5
-- Tot. progr. duration: 136 (sec), Heat durations: [13698] (hds)
-- Session begin time: 2014-12-07 08:30:00 +0100, Computed begin time: 2014-12-07 10:55:45 +0100
UPDATE meeting_programs SET begin_time = '2014-12-07 10:55' WHERE id = 69439;

-- Event #63, M.Prg: 69440, tot. athletes: 7
-- Tot. progr. duration: 128 (sec), Heat durations: [12823] (hds)
-- Session begin time: 2014-12-07 08:30:00 +0100, Computed begin time: 2014-12-07 10:58:01 +0100
UPDATE meeting_programs SET begin_time = '2014-12-07 10:58' WHERE id = 69440;

-- Event #64, M.Prg: 69441, tot. athletes: 2
-- Tot. progr. duration: 143 (sec), Heat durations: [14331] (hds)
-- Session begin time: 2014-12-07 08:30:00 +0100, Computed begin time: 2014-12-07 11:00:09 +0100
UPDATE meeting_programs SET begin_time = '2014-12-07 11:00' WHERE id = 69441;

-- Event #65, M.Prg: 69442, tot. athletes: 7
-- Tot. progr. duration: 141 (sec), Heat durations: [14120] (hds)
-- Session begin time: 2014-12-07 08:30:00 +0100, Computed begin time: 2014-12-07 11:02:32 +0100
UPDATE meeting_programs SET begin_time = '2014-12-07 11:02' WHERE id = 69442;

-- Event #66, M.Prg: 69443, tot. athletes: 6
-- Tot. progr. duration: 144 (sec), Heat durations: [14406] (hds)
-- Session begin time: 2014-12-07 08:30:00 +0100, Computed begin time: 2014-12-07 11:04:53 +0100
UPDATE meeting_programs SET begin_time = '2014-12-07 11:04' WHERE id = 69443;

-- Event #67, M.Prg: 69444, tot. athletes: 3
-- Tot. progr. duration: 129 (sec), Heat durations: [12999] (hds)
-- Session begin time: 2014-12-07 08:30:00 +0100, Computed begin time: 2014-12-07 11:07:17 +0100
UPDATE meeting_programs SET begin_time = '2014-12-07 11:07' WHERE id = 69444;

-- Event #68, M.Prg: 69445, tot. athletes: 3
-- Tot. progr. duration: 160 (sec), Heat durations: [16008] (hds)
-- Session begin time: 2014-12-07 08:30:00 +0100, Computed begin time: 2014-12-07 11:09:26 +0100
UPDATE meeting_programs SET begin_time = '2014-12-07 11:09' WHERE id = 69445;

-- Event #69, M.Prg: 69446, tot. athletes: 1
-- Tot. progr. duration: 60 (sec), Heat durations: [6000] (hds)
-- Session begin time: 2014-12-07 08:30:00 +0100, Computed begin time: 2014-12-07 11:12:06 +0100
UPDATE meeting_programs SET begin_time = '2014-12-07 11:12' WHERE id = 69446;

-- Event #70, M.Prg: 69447, tot. athletes: 1
-- Tot. progr. duration: 254 (sec), Heat durations: [25480] (hds)
-- Session begin time: 2014-12-07 08:30:00 +0100, Computed begin time: 2014-12-07 11:13:06 +0100
UPDATE meeting_programs SET begin_time = '2014-12-07 11:13' WHERE id = 69447;

-- Event #71, M.Prg: 69448, tot. athletes: 1
-- Tot. progr. duration: 202 (sec), Heat durations: [20288] (hds)
-- Session begin time: 2014-12-07 08:30:00 +0100, Computed begin time: 2014-12-07 11:17:20 +0100
UPDATE meeting_programs SET begin_time = '2014-12-07 11:17' WHERE id = 69448;

-- Event #72, M.Prg: 69449, tot. athletes: 1
-- Tot. progr. duration: 233 (sec), Heat durations: [23373] (hds)
-- Session begin time: 2014-12-07 08:30:00 +0100, Computed begin time: 2014-12-07 11:20:42 +0100
UPDATE meeting_programs SET begin_time = '2014-12-07 11:20' WHERE id = 69449;

-- Event #73, M.Prg: 69450, tot. athletes: 1
-- Tot. progr. duration: 268 (sec), Heat durations: [26819] (hds)
-- Session begin time: 2014-12-07 08:30:00 +0100, Computed begin time: 2014-12-07 11:24:35 +0100
UPDATE meeting_programs SET begin_time = '2014-12-07 11:24' WHERE id = 69450;

-- Event #74, M.Prg: 69451, tot. athletes: 1
-- Tot. progr. duration: 60 (sec), Heat durations: [6000] (hds)
-- Session begin time: 2014-12-07 08:30:00 +0100, Computed begin time: 2014-12-07 11:29:03 +0100
UPDATE meeting_programs SET begin_time = '2014-12-07 11:29' WHERE id = 69451;

-- Event #75, M.Prg: 69452, tot. athletes: 1
-- Tot. progr. duration: 60 (sec), Heat durations: [6000] (hds)
-- Session begin time: 2014-12-07 08:30:00 +0100, Computed begin time: 2014-12-07 11:30:03 +0100
UPDATE meeting_programs SET begin_time = '2014-12-07 11:30' WHERE id = 69452;

-- Event #76, M.Prg: 69453, tot. athletes: 1
-- Tot. progr. duration: 311 (sec), Heat durations: [31127] (hds)
-- Session begin time: 2014-12-07 08:30:00 +0100, Computed begin time: 2014-12-07 11:31:03 +0100
UPDATE meeting_programs SET begin_time = '2014-12-07 11:31' WHERE id = 69453;

-- Event #77, M.Prg: 69454, tot. athletes: 1
-- Tot. progr. duration: 252 (sec), Heat durations: [25231] (hds)
-- Session begin time: 2014-12-07 08:30:00 +0100, Computed begin time: 2014-12-07 11:36:14 +0100
UPDATE meeting_programs SET begin_time = '2014-12-07 11:36' WHERE id = 69454;

-- Event #78, M.Prg: 69455, tot. athletes: 1
-- Tot. progr. duration: 341 (sec), Heat durations: [34163] (hds)
-- Session begin time: 2014-12-07 08:30:00 +0100, Computed begin time: 2014-12-07 11:40:26 +0100
UPDATE meeting_programs SET begin_time = '2014-12-07 11:40' WHERE id = 69455;

-- Event #79, M.Prg: 69456, tot. athletes: 1
-- Tot. progr. duration: 215 (sec), Heat durations: [21523] (hds)
-- Session begin time: 2014-12-07 08:30:00 +0100, Computed begin time: 2014-12-07 11:46:07 +0100
UPDATE meeting_programs SET begin_time = '2014-12-07 11:46' WHERE id = 69456;

-- Event #80, M.Prg: 69457, tot. athletes: 2
-- Tot. progr. duration: 260 (sec), Heat durations: [26088] (hds)
-- Session begin time: 2014-12-07 08:30:00 +0100, Computed begin time: 2014-12-07 11:49:42 +0100
UPDATE meeting_programs SET begin_time = '2014-12-07 11:49' WHERE id = 69457;

-- Event #81, M.Prg: 69458, tot. athletes: 1
-- Tot. progr. duration: 210 (sec), Heat durations: [21044] (hds)
-- Session begin time: 2014-12-07 08:30:00 +0100, Computed begin time: 2014-12-07 11:54:02 +0100
UPDATE meeting_programs SET begin_time = '2014-12-07 11:54' WHERE id = 69458;

-- Event #82, M.Prg: 69459, tot. athletes: 5
-- Tot. progr. duration: 307 (sec), Heat durations: [30731] (hds)
-- Session begin time: 2014-12-07 08:30:00 +0100, Computed begin time: 2014-12-07 11:57:32 +0100
UPDATE meeting_programs SET begin_time = '2014-12-07 11:57' WHERE id = 69459;

-- Event #83, M.Prg: 69460, tot. athletes: 1
-- Tot. progr. duration: 60 (sec), Heat durations: [6000] (hds)
-- Session begin time: 2014-12-07 08:30:00 +0100, Computed begin time: 2014-12-07 12:02:39 +0100
UPDATE meeting_programs SET begin_time = '2014-12-07 12:02' WHERE id = 69460;

-- Event #84, M.Prg: 69461, tot. athletes: 1
-- Tot. progr. duration: 247 (sec), Heat durations: [24729] (hds)
-- Session begin time: 2014-12-07 08:30:00 +0100, Computed begin time: 2014-12-07 12:03:39 +0100
UPDATE meeting_programs SET begin_time = '2014-12-07 12:03' WHERE id = 69461;

-- Event #85, M.Prg: 69462, tot. athletes: 3
-- Tot. progr. duration: 317 (sec), Heat durations: [31728] (hds)
-- Session begin time: 2014-12-07 08:30:00 +0100, Computed begin time: 2014-12-07 12:07:46 +0100
UPDATE meeting_programs SET begin_time = '2014-12-07 12:07' WHERE id = 69462;

-- Event #86, M.Prg: 69463, tot. athletes: 1
-- Tot. progr. duration: 358 (sec), Heat durations: [35834] (hds)
-- Session begin time: 2014-12-07 08:30:00 +0100, Computed begin time: 2014-12-07 12:13:03 +0100
UPDATE meeting_programs SET begin_time = '2014-12-07 12:13' WHERE id = 69463;

-- Event #87, M.Prg: 69464, tot. athletes: 1
-- Tot. progr. duration: 305 (sec), Heat durations: [30595] (hds)
-- Session begin time: 2014-12-07 08:30:00 +0100, Computed begin time: 2014-12-07 12:19:01 +0100
UPDATE meeting_programs SET begin_time = '2014-12-07 12:19' WHERE id = 69464;

-- Event #88, M.Prg: 69465, tot. athletes: 1
-- Tot. progr. duration: 368 (sec), Heat durations: [36845] (hds)
-- Session begin time: 2014-12-07 08:30:00 +0100, Computed begin time: 2014-12-07 12:24:06 +0100
UPDATE meeting_programs SET begin_time = '2014-12-07 12:24' WHERE id = 69465;

-- Event #89, M.Prg: 69466, tot. athletes: 1
-- Tot. progr. duration: 334 (sec), Heat durations: [33400] (hds)
-- Session begin time: 2014-12-07 08:30:00 +0100, Computed begin time: 2014-12-07 12:30:14 +0100
UPDATE meeting_programs SET begin_time = '2014-12-07 12:30' WHERE id = 69466;

-- Event #90, M.Prg: 69467, tot. athletes: 3
-- Tot. progr. duration: 256 (sec), Heat durations: [25616] (hds)
-- Session begin time: 2014-12-07 08:30:00 +0100, Computed begin time: 2014-12-07 12:35:48 +0100
UPDATE meeting_programs SET begin_time = '2014-12-07 12:35' WHERE id = 69467;

-- Event #91, M.Prg: 69468, tot. athletes: 1
-- Tot. progr. duration: 237 (sec), Heat durations: [23724] (hds)
-- Session begin time: 2014-12-07 08:30:00 +0100, Computed begin time: 2014-12-07 12:40:04 +0100
UPDATE meeting_programs SET begin_time = '2014-12-07 12:40' WHERE id = 69468;

-- Event #92, M.Prg: 69469, tot. athletes: 1
-- Tot. progr. duration: 60 (sec), Heat durations: [6000] (hds)
-- Session begin time: 2014-12-07 08:30:00 +0100, Computed begin time: 2014-12-07 12:44:01 +0100
UPDATE meeting_programs SET begin_time = '2014-12-07 12:44' WHERE id = 69469;

-- Event #93, M.Prg: 69470, tot. athletes: 1
-- Tot. progr. duration: 231 (sec), Heat durations: [23121] (hds)
-- Session begin time: 2014-12-07 08:30:00 +0100, Computed begin time: 2014-12-07 12:45:01 +0100
UPDATE meeting_programs SET begin_time = '2014-12-07 12:45' WHERE id = 69470;

-- Event #94, M.Prg: 69471, tot. athletes: 3
-- Tot. progr. duration: 200 (sec), Heat durations: [20001] (hds)
-- Session begin time: 2014-12-07 08:30:00 +0100, Computed begin time: 2014-12-07 12:48:52 +0100
UPDATE meeting_programs SET begin_time = '2014-12-07 12:48' WHERE id = 69471;

-- Event #95, M.Prg: 69472, tot. athletes: 3
-- Tot. progr. duration: 263 (sec), Heat durations: [26303] (hds)
-- Session begin time: 2014-12-07 08:30:00 +0100, Computed begin time: 2014-12-07 12:52:12 +0100
UPDATE meeting_programs SET begin_time = '2014-12-07 12:52' WHERE id = 69472;

-- Event #96, M.Prg: 69473, tot. athletes: 1
-- Tot. progr. duration: 60 (sec), Heat durations: [6000] (hds)
-- Session begin time: 2014-12-07 08:30:00 +0100, Computed begin time: 2014-12-07 12:56:35 +0100
UPDATE meeting_programs SET begin_time = '2014-12-07 12:56' WHERE id = 69473;

-- Event #97, M.Prg: 69474, tot. athletes: 2
-- Tot. progr. duration: 247 (sec), Heat durations: [24772] (hds)
-- Session begin time: 2014-12-07 08:30:00 +0100, Computed begin time: 2014-12-07 12:57:35 +0100
UPDATE meeting_programs SET begin_time = '2014-12-07 12:57' WHERE id = 69474;

-- Event #98, M.Prg: 69475, tot. athletes: 4
-- Tot. progr. duration: 243 (sec), Heat durations: [24385] (hds)
-- Session begin time: 2014-12-07 08:30:00 +0100, Computed begin time: 2014-12-07 13:01:42 +0100
UPDATE meeting_programs SET begin_time = '2014-12-07 13:01' WHERE id = 69475;

-- Event #99, M.Prg: 69476, tot. athletes: 1
-- Tot. progr. duration: 216 (sec), Heat durations: [21602] (hds)
-- Session begin time: 2014-12-07 08:30:00 +0100, Computed begin time: 2014-12-07 13:05:45 +0100
UPDATE meeting_programs SET begin_time = '2014-12-07 13:05' WHERE id = 69476;

-- Event #100, M.Prg: 69477, tot. athletes: 2
-- Tot. progr. duration: 249 (sec), Heat durations: [24900] (hds)
-- Session begin time: 2014-12-07 08:30:00 +0100, Computed begin time: 2014-12-07 13:09:21 +0100
UPDATE meeting_programs SET begin_time = '2014-12-07 13:09' WHERE id = 69477;

-- Event #101, M.Prg: 69478, tot. athletes: 1
-- Tot. progr. duration: 416 (sec), Heat durations: [41691] (hds)
-- Session begin time: 2014-12-07 08:30:00 +0100, Computed begin time: 2014-12-07 13:13:30 +0100
UPDATE meeting_programs SET begin_time = '2014-12-07 13:13' WHERE id = 69478;

-- Event #102, M.Prg: 69479, tot. athletes: 2
-- Tot. progr. duration: 361 (sec), Heat durations: [36174] (hds)
-- Session begin time: 2014-12-07 08:30:00 +0100, Computed begin time: 2014-12-07 13:20:26 +0100
UPDATE meeting_programs SET begin_time = '2014-12-07 13:20' WHERE id = 69479;

-- Event #103, M.Prg: 69480, tot. athletes: 1
-- Tot. progr. duration: 467 (sec), Heat durations: [46729] (hds)
-- Session begin time: 2014-12-07 08:30:00 +0100, Computed begin time: 2014-12-07 13:26:27 +0100
UPDATE meeting_programs SET begin_time = '2014-12-07 13:26' WHERE id = 69480;

-- Event #104, M.Prg: 69481, tot. athletes: 1
-- Tot. progr. duration: 615 (sec), Heat durations: [61597] (hds)
-- Session begin time: 2014-12-07 08:30:00 +0100, Computed begin time: 2014-12-07 13:34:14 +0100
UPDATE meeting_programs SET begin_time = '2014-12-07 13:34' WHERE id = 69481;

-- Event #105, M.Prg: 69482, tot. athletes: 1
-- Tot. progr. duration: 666 (sec), Heat durations: [66624] (hds)
-- Session begin time: 2014-12-07 08:30:00 +0100, Computed begin time: 2014-12-07 13:44:29 +0100
UPDATE meeting_programs SET begin_time = '2014-12-07 13:44' WHERE id = 69482;

-- Event #106, M.Prg: 69483, tot. athletes: 1
-- Tot. progr. duration: 94 (sec), Heat durations: [9449] (hds)
-- Session begin time: 2014-12-07 08:30:00 +0100, Computed begin time: 2014-12-07 13:55:35 +0100
UPDATE meeting_programs SET begin_time = '2014-12-07 13:55' WHERE id = 69483;

-- Event #107, M.Prg: 69484, tot. athletes: 2
-- Tot. progr. duration: 103 (sec), Heat durations: [10334] (hds)
-- Session begin time: 2014-12-07 08:30:00 +0100, Computed begin time: 2014-12-07 13:57:09 +0100
UPDATE meeting_programs SET begin_time = '2014-12-07 13:57' WHERE id = 69484;

-- Event #108, M.Prg: 69485, tot. athletes: 2
-- Tot. progr. duration: 96 (sec), Heat durations: [9653] (hds)
-- Session begin time: 2014-12-07 08:30:00 +0100, Computed begin time: 2014-12-07 13:58:52 +0100
UPDATE meeting_programs SET begin_time = '2014-12-07 13:58' WHERE id = 69485;

-- Event #109, M.Prg: 69486, tot. athletes: 1
-- Tot. progr. duration: 60 (sec), Heat durations: [6000] (hds)
-- Session begin time: 2014-12-07 08:30:00 +0100, Computed begin time: 2014-12-07 14:00:28 +0100
UPDATE meeting_programs SET begin_time = '2014-12-07 14:00' WHERE id = 69486;

-- Event #110, M.Prg: 69487, tot. athletes: 1
-- Tot. progr. duration: 97 (sec), Heat durations: [9742] (hds)
-- Session begin time: 2014-12-07 08:30:00 +0100, Computed begin time: 2014-12-07 14:01:28 +0100
UPDATE meeting_programs SET begin_time = '2014-12-07 14:01' WHERE id = 69487;

-- Event #111, M.Prg: 69488, tot. athletes: 1
-- Tot. progr. duration: 138 (sec), Heat durations: [13827] (hds)
-- Session begin time: 2014-12-07 08:30:00 +0100, Computed begin time: 2014-12-07 14:03:05 +0100
UPDATE meeting_programs SET begin_time = '2014-12-07 14:03' WHERE id = 69488;

-- Event #112, M.Prg: 69489, tot. athletes: 1
-- Tot. progr. duration: 93 (sec), Heat durations: [9312] (hds)
-- Session begin time: 2014-12-07 08:30:00 +0100, Computed begin time: 2014-12-07 14:05:23 +0100
UPDATE meeting_programs SET begin_time = '2014-12-07 14:05' WHERE id = 69489;

-- Event #113, M.Prg: 69490, tot. athletes: 3
-- Tot. progr. duration: 94 (sec), Heat durations: [9405] (hds)
-- Session begin time: 2014-12-07 08:30:00 +0100, Computed begin time: 2014-12-07 14:06:56 +0100
UPDATE meeting_programs SET begin_time = '2014-12-07 14:06' WHERE id = 69490;

-- Event #114, M.Prg: 69491, tot. athletes: 4
-- Tot. progr. duration: 93 (sec), Heat durations: [9390] (hds)
-- Session begin time: 2014-12-07 08:30:00 +0100, Computed begin time: 2014-12-07 14:08:30 +0100
UPDATE meeting_programs SET begin_time = '2014-12-07 14:08' WHERE id = 69491;

-- Event #115, M.Prg: 69492, tot. athletes: 4
-- Tot. progr. duration: 93 (sec), Heat durations: [9380] (hds)
-- Session begin time: 2014-12-07 08:30:00 +0100, Computed begin time: 2014-12-07 14:10:03 +0100
UPDATE meeting_programs SET begin_time = '2014-12-07 14:10' WHERE id = 69492;

-- Event #116, M.Prg: 69493, tot. athletes: 1
-- Tot. progr. duration: 89 (sec), Heat durations: [8998] (hds)
-- Session begin time: 2014-12-07 08:30:00 +0100, Computed begin time: 2014-12-07 14:11:36 +0100
UPDATE meeting_programs SET begin_time = '2014-12-07 14:11' WHERE id = 69493;

-- Event #117, M.Prg: 69494, tot. athletes: 2
-- Tot. progr. duration: 97 (sec), Heat durations: [9703] (hds)
-- Session begin time: 2014-12-07 08:30:00 +0100, Computed begin time: 2014-12-07 14:13:05 +0100
UPDATE meeting_programs SET begin_time = '2014-12-07 14:13' WHERE id = 69494;

-- Event #118, M.Prg: 69495, tot. athletes: 1
-- Tot. progr. duration: 96 (sec), Heat durations: [9635] (hds)
-- Session begin time: 2014-12-07 08:30:00 +0100, Computed begin time: 2014-12-07 14:14:42 +0100
UPDATE meeting_programs SET begin_time = '2014-12-07 14:14' WHERE id = 69495;

-- Event #119, M.Prg: 69496, tot. athletes: 4
-- Tot. progr. duration: 95 (sec), Heat durations: [9555] (hds)
-- Session begin time: 2014-12-07 08:30:00 +0100, Computed begin time: 2014-12-07 14:16:18 +0100
UPDATE meeting_programs SET begin_time = '2014-12-07 14:16' WHERE id = 69496;


-- Last completed phase code: 30
