-- *** SQL Diff file for ris20150301regmolise.txt ***
-- Timestamp: 201605190629
INSERT INTO `meeting_events` (`id`, `created_at`, `updated_at`, `event_order`, `begin_time`, `is_out_of_race`, `is_autofilled`, `notes`, `meeting_session_id`, `event_type_id`, `heat_type_id`, `user_id`, `has_separate_gender_start_list`, `has_separate_category_start_list`)
  VALUES (5873, '2016-05-19 06:36:04', '2016-05-19 06:36:04', 1, '2000-01-01 08:02:00', 0, 1, NULL, 812, 12, 3, 1, 1, 0);

INSERT INTO `meeting_programs` (`id`, `event_order`, `category_type_id`, `gender_type_id`, `user_id`, `created_at`, `updated_at`, `is_autofilled`, `is_out_of_race`, `begin_time`, `meeting_event_id`, `pool_type_id`, `time_standard_id`)
  VALUES (61411, 1, 836, 1, 1, '2016-05-19 06:36:04', '2016-05-19 06:36:04', 1, 0, '2000-01-01 08:02:00', 5873, 1, 3313);

INSERT INTO `meeting_programs` (`id`, `event_order`, `category_type_id`, `gender_type_id`, `user_id`, `created_at`, `updated_at`, `is_autofilled`, `is_out_of_race`, `begin_time`, `meeting_event_id`, `pool_type_id`, `time_standard_id`)
  VALUES (61412, 2, 837, 1, 1, '2016-05-19 06:36:04', '2016-05-19 06:36:04', 1, 0, '2000-01-01 08:04:00', 5873, 1, 3331);

INSERT INTO `meeting_programs` (`id`, `event_order`, `category_type_id`, `gender_type_id`, `user_id`, `created_at`, `updated_at`, `is_autofilled`, `is_out_of_race`, `begin_time`, `meeting_event_id`, `pool_type_id`, `time_standard_id`)
  VALUES (61413, 3, 838, 1, 1, '2016-05-19 06:36:04', '2016-05-19 06:36:04', 1, 0, '2000-01-01 08:06:00', 5873, 1, 3349);

INSERT INTO `meeting_events` (`id`, `created_at`, `updated_at`, `event_order`, `begin_time`, `is_out_of_race`, `is_autofilled`, `notes`, `meeting_session_id`, `event_type_id`, `heat_type_id`, `user_id`, `has_separate_gender_start_list`, `has_separate_category_start_list`)
  VALUES (5874, '2016-05-19 06:36:04', '2016-05-19 06:36:04', 2, '2000-01-01 08:08:00', 0, 1, NULL, 812, 22, 3, 1, 1, 0);

INSERT INTO `meeting_programs` (`id`, `event_order`, `category_type_id`, `gender_type_id`, `user_id`, `created_at`, `updated_at`, `is_autofilled`, `is_out_of_race`, `begin_time`, `meeting_event_id`, `pool_type_id`, `time_standard_id`)
  VALUES (61414, 4, 839, 1, 1, '2016-05-19 06:36:04', '2016-05-19 06:36:04', 1, 0, '2000-01-01 08:08:00', 5874, 1, 3369);

INSERT INTO `meeting_events` (`id`, `created_at`, `updated_at`, `event_order`, `begin_time`, `is_out_of_race`, `is_autofilled`, `notes`, `meeting_session_id`, `event_type_id`, `heat_type_id`, `user_id`, `has_separate_gender_start_list`, `has_separate_category_start_list`)
  VALUES (5875, '2016-05-19 06:36:04', '2016-05-19 06:36:04', 3, '2000-01-01 08:10:00', 0, 1, NULL, 812, 20, 3, 1, 1, 0);

INSERT INTO `meeting_programs` (`id`, `event_order`, `category_type_id`, `gender_type_id`, `user_id`, `created_at`, `updated_at`, `is_autofilled`, `is_out_of_race`, `begin_time`, `meeting_event_id`, `pool_type_id`, `time_standard_id`)
  VALUES (61415, 5, 836, 2, 1, '2016-05-19 06:36:04', '2016-05-19 06:36:04', 1, 0, '2000-01-01 08:10:00', 5875, 1, 3834);

INSERT INTO `meeting_programs` (`id`, `event_order`, `category_type_id`, `gender_type_id`, `user_id`, `created_at`, `updated_at`, `is_autofilled`, `is_out_of_race`, `begin_time`, `meeting_event_id`, `pool_type_id`, `time_standard_id`)
  VALUES (61416, 6, 834, 1, 1, '2016-05-19 06:36:04', '2016-05-19 06:36:04', 1, 0, '2000-01-01 08:12:00', 5875, 1, 3274);

INSERT INTO `meeting_programs` (`id`, `event_order`, `category_type_id`, `gender_type_id`, `user_id`, `created_at`, `updated_at`, `is_autofilled`, `is_out_of_race`, `begin_time`, `meeting_event_id`, `pool_type_id`, `time_standard_id`)
  VALUES (61417, 7, 835, 1, 1, '2016-05-19 06:36:04', '2016-05-19 06:36:04', 1, 0, '2000-01-01 08:14:00', 5875, 1, 3292);

INSERT INTO `meeting_programs` (`id`, `event_order`, `category_type_id`, `gender_type_id`, `user_id`, `created_at`, `updated_at`, `is_autofilled`, `is_out_of_race`, `begin_time`, `meeting_event_id`, `pool_type_id`, `time_standard_id`)
  VALUES (61418, 8, 836, 1, 1, '2016-05-19 06:36:04', '2016-05-19 06:36:04', 1, 0, '2000-01-01 08:16:00', 5875, 1, 3310);

INSERT INTO `meeting_programs` (`id`, `event_order`, `category_type_id`, `gender_type_id`, `user_id`, `created_at`, `updated_at`, `is_autofilled`, `is_out_of_race`, `begin_time`, `meeting_event_id`, `pool_type_id`, `time_standard_id`)
  VALUES (61419, 9, 837, 1, 1, '2016-05-19 06:36:04', '2016-05-19 06:36:04', 1, 0, '2000-01-01 08:18:00', 5875, 1, 3328);

INSERT INTO `meeting_programs` (`id`, `event_order`, `category_type_id`, `gender_type_id`, `user_id`, `created_at`, `updated_at`, `is_autofilled`, `is_out_of_race`, `begin_time`, `meeting_event_id`, `pool_type_id`, `time_standard_id`)
  VALUES (61420, 10, 838, 1, 1, '2016-05-19 06:36:04', '2016-05-19 06:36:04', 1, 0, '2000-01-01 08:20:00', 5875, 1, 3346);

INSERT INTO `meeting_programs` (`id`, `event_order`, `category_type_id`, `gender_type_id`, `user_id`, `created_at`, `updated_at`, `is_autofilled`, `is_out_of_race`, `begin_time`, `meeting_event_id`, `pool_type_id`, `time_standard_id`)
  VALUES (61421, 11, 839, 1, 1, '2016-05-19 06:36:04', '2016-05-19 06:36:04', 1, 0, '2000-01-01 08:22:00', 5875, 1, 3364);

INSERT INTO `meeting_programs` (`id`, `event_order`, `category_type_id`, `gender_type_id`, `user_id`, `created_at`, `updated_at`, `is_autofilled`, `is_out_of_race`, `begin_time`, `meeting_event_id`, `pool_type_id`, `time_standard_id`)
  VALUES (61422, 12, 840, 1, 1, '2016-05-19 06:36:04', '2016-05-19 06:36:04', 1, 0, '2000-01-01 08:24:00', 5875, 1, 3382);

INSERT INTO `meeting_events` (`id`, `created_at`, `updated_at`, `event_order`, `begin_time`, `is_out_of_race`, `is_autofilled`, `notes`, `meeting_session_id`, `event_type_id`, `heat_type_id`, `user_id`, `has_separate_gender_start_list`, `has_separate_category_start_list`)
  VALUES (5876, '2016-05-19 06:36:04', '2016-05-19 06:36:04', 4, '2000-01-01 08:26:00', 0, 1, NULL, 812, 3, 3, 1, 1, 0);

INSERT INTO `meeting_programs` (`id`, `event_order`, `category_type_id`, `gender_type_id`, `user_id`, `created_at`, `updated_at`, `is_autofilled`, `is_out_of_race`, `begin_time`, `meeting_event_id`, `pool_type_id`, `time_standard_id`)
  VALUES (61423, 13, 836, 2, 1, '2016-05-19 06:36:05', '2016-05-19 06:36:05', 1, 0, '2000-01-01 08:26:00', 5876, 1, 3825);

INSERT INTO `meeting_programs` (`id`, `event_order`, `category_type_id`, `gender_type_id`, `user_id`, `created_at`, `updated_at`, `is_autofilled`, `is_out_of_race`, `begin_time`, `meeting_event_id`, `pool_type_id`, `time_standard_id`)
  VALUES (61424, 14, 837, 2, 1, '2016-05-19 06:36:05', '2016-05-19 06:36:05', 1, 0, '2000-01-01 08:28:00', 5876, 1, 3843);

INSERT INTO `meeting_programs` (`id`, `event_order`, `category_type_id`, `gender_type_id`, `user_id`, `created_at`, `updated_at`, `is_autofilled`, `is_out_of_race`, `begin_time`, `meeting_event_id`, `pool_type_id`, `time_standard_id`)
  VALUES (61425, 15, 838, 2, 1, '2016-05-19 06:36:05', '2016-05-19 06:36:05', 1, 0, '2000-01-01 08:30:00', 5876, 1, 3861);

INSERT INTO `meeting_programs` (`id`, `event_order`, `category_type_id`, `gender_type_id`, `user_id`, `created_at`, `updated_at`, `is_autofilled`, `is_out_of_race`, `begin_time`, `meeting_event_id`, `pool_type_id`, `time_standard_id`)
  VALUES (61426, 16, 834, 1, 1, '2016-05-19 06:36:05', '2016-05-19 06:36:05', 1, 0, '2000-01-01 08:32:00', 5876, 1, 3265);

INSERT INTO `meeting_programs` (`id`, `event_order`, `category_type_id`, `gender_type_id`, `user_id`, `created_at`, `updated_at`, `is_autofilled`, `is_out_of_race`, `begin_time`, `meeting_event_id`, `pool_type_id`, `time_standard_id`)
  VALUES (61427, 17, 835, 1, 1, '2016-05-19 06:36:05', '2016-05-19 06:36:05', 1, 0, '2000-01-01 08:34:00', 5876, 1, 3283);

INSERT INTO `meeting_programs` (`id`, `event_order`, `category_type_id`, `gender_type_id`, `user_id`, `created_at`, `updated_at`, `is_autofilled`, `is_out_of_race`, `begin_time`, `meeting_event_id`, `pool_type_id`, `time_standard_id`)
  VALUES (61428, 18, 836, 1, 1, '2016-05-19 06:36:05', '2016-05-19 06:36:05', 1, 0, '2000-01-01 08:36:00', 5876, 1, 3301);

INSERT INTO `meeting_programs` (`id`, `event_order`, `category_type_id`, `gender_type_id`, `user_id`, `created_at`, `updated_at`, `is_autofilled`, `is_out_of_race`, `begin_time`, `meeting_event_id`, `pool_type_id`, `time_standard_id`)
  VALUES (61429, 19, 837, 1, 1, '2016-05-19 06:36:05', '2016-05-19 06:36:05', 1, 0, '2000-01-01 08:38:00', 5876, 1, 3319);

INSERT INTO `meeting_programs` (`id`, `event_order`, `category_type_id`, `gender_type_id`, `user_id`, `created_at`, `updated_at`, `is_autofilled`, `is_out_of_race`, `begin_time`, `meeting_event_id`, `pool_type_id`, `time_standard_id`)
  VALUES (61430, 20, 838, 1, 1, '2016-05-19 06:36:05', '2016-05-19 06:36:05', 1, 0, '2000-01-01 08:40:00', 5876, 1, 3337);

INSERT INTO `meeting_programs` (`id`, `event_order`, `category_type_id`, `gender_type_id`, `user_id`, `created_at`, `updated_at`, `is_autofilled`, `is_out_of_race`, `begin_time`, `meeting_event_id`, `pool_type_id`, `time_standard_id`)
  VALUES (61431, 21, 839, 1, 1, '2016-05-19 06:36:05', '2016-05-19 06:36:05', 1, 0, '2000-01-01 08:42:00', 5876, 1, 3355);

INSERT INTO `meeting_programs` (`id`, `event_order`, `category_type_id`, `gender_type_id`, `user_id`, `created_at`, `updated_at`, `is_autofilled`, `is_out_of_race`, `begin_time`, `meeting_event_id`, `pool_type_id`, `time_standard_id`)
  VALUES (61432, 22, 840, 1, 1, '2016-05-19 06:36:05', '2016-05-19 06:36:05', 1, 0, '2000-01-01 08:44:00', 5876, 1, 3373);

INSERT INTO `meeting_programs` (`id`, `event_order`, `category_type_id`, `gender_type_id`, `user_id`, `created_at`, `updated_at`, `is_autofilled`, `is_out_of_race`, `begin_time`, `meeting_event_id`, `pool_type_id`, `time_standard_id`)
  VALUES (61433, 23, 842, 1, 1, '2016-05-19 06:36:05', '2016-05-19 06:36:05', 1, 0, '2000-01-01 08:46:00', 5876, 1, 3409);

INSERT INTO `meeting_programs` (`id`, `event_order`, `category_type_id`, `gender_type_id`, `user_id`, `created_at`, `updated_at`, `is_autofilled`, `is_out_of_race`, `begin_time`, `meeting_event_id`, `pool_type_id`, `time_standard_id`)
  VALUES (61434, 24, 843, 1, 1, '2016-05-19 06:36:05', '2016-05-19 06:36:05', 1, 0, '2000-01-01 08:48:00', 5876, 1, 3427);

INSERT INTO `meeting_events` (`id`, `created_at`, `updated_at`, `event_order`, `begin_time`, `is_out_of_race`, `is_autofilled`, `notes`, `meeting_session_id`, `event_type_id`, `heat_type_id`, `user_id`, `has_separate_gender_start_list`, `has_separate_category_start_list`)
  VALUES (5877, '2016-05-19 06:36:05', '2016-05-19 06:36:05', 5, '2000-01-01 08:50:00', 0, 1, NULL, 812, 7, 3, 1, 1, 0);

INSERT INTO `meeting_programs` (`id`, `event_order`, `category_type_id`, `gender_type_id`, `user_id`, `created_at`, `updated_at`, `is_autofilled`, `is_out_of_race`, `begin_time`, `meeting_event_id`, `pool_type_id`, `time_standard_id`)
  VALUES (61435, 25, 836, 1, 1, '2016-05-19 06:36:05', '2016-05-19 06:36:05', 1, 0, '2000-01-01 08:50:00', 5877, 1, 3305);

INSERT INTO `meeting_programs` (`id`, `event_order`, `category_type_id`, `gender_type_id`, `user_id`, `created_at`, `updated_at`, `is_autofilled`, `is_out_of_race`, `begin_time`, `meeting_event_id`, `pool_type_id`, `time_standard_id`)
  VALUES (61436, 26, 837, 1, 1, '2016-05-19 06:36:05', '2016-05-19 06:36:05', 1, 0, '2000-01-01 08:52:00', 5877, 1, 3323);

INSERT INTO `meeting_programs` (`id`, `event_order`, `category_type_id`, `gender_type_id`, `user_id`, `created_at`, `updated_at`, `is_autofilled`, `is_out_of_race`, `begin_time`, `meeting_event_id`, `pool_type_id`, `time_standard_id`)
  VALUES (61437, 27, 838, 1, 1, '2016-05-19 06:36:05', '2016-05-19 06:36:05', 1, 0, '2000-01-01 08:54:00', 5877, 1, 3341);

INSERT INTO `meeting_events` (`id`, `created_at`, `updated_at`, `event_order`, `begin_time`, `is_out_of_race`, `is_autofilled`, `notes`, `meeting_session_id`, `event_type_id`, `heat_type_id`, `user_id`, `has_separate_gender_start_list`, `has_separate_category_start_list`)
  VALUES (5878, '2016-05-19 06:36:06', '2016-05-19 06:36:06', 6, '2000-01-01 08:56:00', 0, 1, NULL, 812, 17, 3, 1, 1, 0);

INSERT INTO `meeting_programs` (`id`, `event_order`, `category_type_id`, `gender_type_id`, `user_id`, `created_at`, `updated_at`, `is_autofilled`, `is_out_of_race`, `begin_time`, `meeting_event_id`, `pool_type_id`, `time_standard_id`)
  VALUES (61438, 28, 836, 2, 1, '2016-05-19 06:36:06', '2016-05-19 06:36:06', 1, 0, '2000-01-01 08:56:00', 5878, 1, 3832);

INSERT INTO `meeting_programs` (`id`, `event_order`, `category_type_id`, `gender_type_id`, `user_id`, `created_at`, `updated_at`, `is_autofilled`, `is_out_of_race`, `begin_time`, `meeting_event_id`, `pool_type_id`, `time_standard_id`)
  VALUES (61439, 29, 840, 2, 1, '2016-05-19 06:36:06', '2016-05-19 06:36:06', 1, 0, '2000-01-01 08:58:00', 5878, 1, 3904);

INSERT INTO `meeting_programs` (`id`, `event_order`, `category_type_id`, `gender_type_id`, `user_id`, `created_at`, `updated_at`, `is_autofilled`, `is_out_of_race`, `begin_time`, `meeting_event_id`, `pool_type_id`, `time_standard_id`)
  VALUES (61440, 30, 837, 1, 1, '2016-05-19 06:36:06', '2016-05-19 06:36:06', 1, 0, '2000-01-01 09:00:00', 5878, 1, 3326);

INSERT INTO `meeting_programs` (`id`, `event_order`, `category_type_id`, `gender_type_id`, `user_id`, `created_at`, `updated_at`, `is_autofilled`, `is_out_of_race`, `begin_time`, `meeting_event_id`, `pool_type_id`, `time_standard_id`)
  VALUES (61441, 31, 838, 1, 1, '2016-05-19 06:36:06', '2016-05-19 06:36:06', 1, 0, '2000-01-01 09:02:00', 5878, 1, 3344);

INSERT INTO `meeting_events` (`id`, `created_at`, `updated_at`, `event_order`, `begin_time`, `is_out_of_race`, `is_autofilled`, `notes`, `meeting_session_id`, `event_type_id`, `heat_type_id`, `user_id`, `has_separate_gender_start_list`, `has_separate_category_start_list`)
  VALUES (5879, '2016-05-19 06:36:06', '2016-05-19 06:36:06', 7, '2000-01-01 09:04:00', 0, 1, NULL, 812, 23, 3, 1, 1, 0);

INSERT INTO `meeting_programs` (`id`, `event_order`, `category_type_id`, `gender_type_id`, `user_id`, `created_at`, `updated_at`, `is_autofilled`, `is_out_of_race`, `begin_time`, `meeting_event_id`, `pool_type_id`, `time_standard_id`)
  VALUES (61442, 32, 836, 1, 1, '2016-05-19 06:36:06', '2016-05-19 06:36:06', 1, 0, '2000-01-01 09:04:00', 5879, 1, 3316);

INSERT INTO `meeting_events` (`id`, `created_at`, `updated_at`, `event_order`, `begin_time`, `is_out_of_race`, `is_autofilled`, `notes`, `meeting_session_id`, `event_type_id`, `heat_type_id`, `user_id`, `has_separate_gender_start_list`, `has_separate_category_start_list`)
  VALUES (5880, '2016-05-19 06:36:06', '2016-05-19 06:36:06', 8, '2000-01-01 09:06:00', 0, 1, NULL, 812, 21, 3, 1, 1, 0);

INSERT INTO `meeting_programs` (`id`, `event_order`, `category_type_id`, `gender_type_id`, `user_id`, `created_at`, `updated_at`, `is_autofilled`, `is_out_of_race`, `begin_time`, `meeting_event_id`, `pool_type_id`, `time_standard_id`)
  VALUES (61443, 33, 836, 1, 1, '2016-05-19 06:36:06', '2016-05-19 06:36:06', 1, 0, '2000-01-01 09:06:00', 5880, 1, 3311);

INSERT INTO `meeting_programs` (`id`, `event_order`, `category_type_id`, `gender_type_id`, `user_id`, `created_at`, `updated_at`, `is_autofilled`, `is_out_of_race`, `begin_time`, `meeting_event_id`, `pool_type_id`, `time_standard_id`)
  VALUES (61444, 34, 838, 1, 1, '2016-05-19 06:36:06', '2016-05-19 06:36:06', 1, 0, '2000-01-01 09:08:00', 5880, 1, 3347);

INSERT INTO `meeting_events` (`id`, `created_at`, `updated_at`, `event_order`, `begin_time`, `is_out_of_race`, `is_autofilled`, `notes`, `meeting_session_id`, `event_type_id`, `heat_type_id`, `user_id`, `has_separate_gender_start_list`, `has_separate_category_start_list`)
  VALUES (5881, '2016-05-19 06:36:06', '2016-05-19 06:36:06', 9, '2000-01-01 09:10:00', 0, 1, NULL, 812, 4, 3, 1, 1, 0);

INSERT INTO `meeting_programs` (`id`, `event_order`, `category_type_id`, `gender_type_id`, `user_id`, `created_at`, `updated_at`, `is_autofilled`, `is_out_of_race`, `begin_time`, `meeting_event_id`, `pool_type_id`, `time_standard_id`)
  VALUES (61445, 35, 838, 2, 1, '2016-05-19 06:36:06', '2016-05-19 06:36:06', 1, 0, '2000-01-01 09:10:00', 5881, 1, 3862);

INSERT INTO `meeting_programs` (`id`, `event_order`, `category_type_id`, `gender_type_id`, `user_id`, `created_at`, `updated_at`, `is_autofilled`, `is_out_of_race`, `begin_time`, `meeting_event_id`, `pool_type_id`, `time_standard_id`)
  VALUES (61446, 36, 837, 1, 1, '2016-05-19 06:36:06', '2016-05-19 06:36:06', 1, 0, '2000-01-01 09:12:00', 5881, 1, 3320);

INSERT INTO `meeting_programs` (`id`, `event_order`, `category_type_id`, `gender_type_id`, `user_id`, `created_at`, `updated_at`, `is_autofilled`, `is_out_of_race`, `begin_time`, `meeting_event_id`, `pool_type_id`, `time_standard_id`)
  VALUES (61447, 37, 838, 1, 1, '2016-05-19 06:36:06', '2016-05-19 06:36:06', 1, 0, '2000-01-01 09:14:00', 5881, 1, 3338);

INSERT INTO `meeting_events` (`id`, `created_at`, `updated_at`, `event_order`, `begin_time`, `is_out_of_race`, `is_autofilled`, `notes`, `meeting_session_id`, `event_type_id`, `heat_type_id`, `user_id`, `has_separate_gender_start_list`, `has_separate_category_start_list`)
  VALUES (5882, '2016-05-19 06:36:06', '2016-05-19 06:36:06', 10, '2000-01-01 09:16:00', 0, 1, NULL, 812, 5, 3, 1, 1, 0);

INSERT INTO `meeting_programs` (`id`, `event_order`, `category_type_id`, `gender_type_id`, `user_id`, `created_at`, `updated_at`, `is_autofilled`, `is_out_of_race`, `begin_time`, `meeting_event_id`, `pool_type_id`, `time_standard_id`)
  VALUES (61448, 38, 834, 1, 1, '2016-05-19 06:36:06', '2016-05-19 06:36:06', 1, 0, '2000-01-01 09:16:00', 5882, 1, 3267);

INSERT INTO `meeting_programs` (`id`, `event_order`, `category_type_id`, `gender_type_id`, `user_id`, `created_at`, `updated_at`, `is_autofilled`, `is_out_of_race`, `begin_time`, `meeting_event_id`, `pool_type_id`, `time_standard_id`)
  VALUES (61449, 39, 835, 1, 1, '2016-05-19 06:36:06', '2016-05-19 06:36:06', 1, 0, '2000-01-01 09:18:00', 5882, 1, 3285);

INSERT INTO `meeting_programs` (`id`, `event_order`, `category_type_id`, `gender_type_id`, `user_id`, `created_at`, `updated_at`, `is_autofilled`, `is_out_of_race`, `begin_time`, `meeting_event_id`, `pool_type_id`, `time_standard_id`)
  VALUES (61450, 40, 837, 1, 1, '2016-05-19 06:36:06', '2016-05-19 06:36:06', 1, 0, '2000-01-01 09:20:00', 5882, 1, 3321);

INSERT INTO `meeting_events` (`id`, `created_at`, `updated_at`, `event_order`, `begin_time`, `is_out_of_race`, `is_autofilled`, `notes`, `meeting_session_id`, `event_type_id`, `heat_type_id`, `user_id`, `has_separate_gender_start_list`, `has_separate_category_start_list`)
  VALUES (5883, '2016-05-19 06:36:07', '2016-05-19 06:36:07', 11, '2000-01-01 09:22:00', 0, 1, NULL, 812, 15, 3, 1, 1, 0);

INSERT INTO `meeting_programs` (`id`, `event_order`, `category_type_id`, `gender_type_id`, `user_id`, `created_at`, `updated_at`, `is_autofilled`, `is_out_of_race`, `begin_time`, `meeting_event_id`, `pool_type_id`, `time_standard_id`)
  VALUES (61451, 41, 835, 2, 1, '2016-05-19 06:36:07', '2016-05-19 06:36:07', 1, 0, '2000-01-01 09:22:00', 5883, 1, 3812);

INSERT INTO `meeting_programs` (`id`, `event_order`, `category_type_id`, `gender_type_id`, `user_id`, `created_at`, `updated_at`, `is_autofilled`, `is_out_of_race`, `begin_time`, `meeting_event_id`, `pool_type_id`, `time_standard_id`)
  VALUES (61452, 42, 838, 2, 1, '2016-05-19 06:36:07', '2016-05-19 06:36:07', 1, 0, '2000-01-01 09:24:00', 5883, 1, 3866);

INSERT INTO `meeting_programs` (`id`, `event_order`, `category_type_id`, `gender_type_id`, `user_id`, `created_at`, `updated_at`, `is_autofilled`, `is_out_of_race`, `begin_time`, `meeting_event_id`, `pool_type_id`, `time_standard_id`)
  VALUES (61453, 43, 834, 1, 1, '2016-05-19 06:36:07', '2016-05-19 06:36:07', 1, 0, '2000-01-01 09:26:00', 5883, 1, 3270);

INSERT INTO `meeting_programs` (`id`, `event_order`, `category_type_id`, `gender_type_id`, `user_id`, `created_at`, `updated_at`, `is_autofilled`, `is_out_of_race`, `begin_time`, `meeting_event_id`, `pool_type_id`, `time_standard_id`)
  VALUES (61454, 44, 837, 1, 1, '2016-05-19 06:36:07', '2016-05-19 06:36:07', 1, 0, '2000-01-01 09:28:00', 5883, 1, 3324);

INSERT INTO `meeting_programs` (`id`, `event_order`, `category_type_id`, `gender_type_id`, `user_id`, `created_at`, `updated_at`, `is_autofilled`, `is_out_of_race`, `begin_time`, `meeting_event_id`, `pool_type_id`, `time_standard_id`)
  VALUES (61455, 45, 839, 1, 1, '2016-05-19 06:36:07', '2016-05-19 06:36:07', 1, 0, '2000-01-01 09:30:00', 5883, 1, 3360);

INSERT INTO `meeting_events` (`id`, `created_at`, `updated_at`, `event_order`, `begin_time`, `is_out_of_race`, `is_autofilled`, `notes`, `meeting_session_id`, `event_type_id`, `heat_type_id`, `user_id`, `has_separate_gender_start_list`, `has_separate_category_start_list`)
  VALUES (5884, '2016-05-19 06:36:07', '2016-05-19 06:36:07', 12, '2000-01-01 09:32:00', 0, 1, NULL, 812, 11, 3, 1, 1, 0);

INSERT INTO `meeting_programs` (`id`, `event_order`, `category_type_id`, `gender_type_id`, `user_id`, `created_at`, `updated_at`, `is_autofilled`, `is_out_of_race`, `begin_time`, `meeting_event_id`, `pool_type_id`, `time_standard_id`)
  VALUES (61456, 46, 836, 2, 1, '2016-05-19 06:36:07', '2016-05-19 06:36:07', 1, 0, '2000-01-01 09:32:00', 5884, 1, 3836);

INSERT INTO `meeting_programs` (`id`, `event_order`, `category_type_id`, `gender_type_id`, `user_id`, `created_at`, `updated_at`, `is_autofilled`, `is_out_of_race`, `begin_time`, `meeting_event_id`, `pool_type_id`, `time_standard_id`)
  VALUES (61457, 47, 837, 2, 1, '2016-05-19 06:36:07', '2016-05-19 06:36:07', 1, 0, '2000-01-01 09:34:00', 5884, 1, 3854);

INSERT INTO `meeting_programs` (`id`, `event_order`, `category_type_id`, `gender_type_id`, `user_id`, `created_at`, `updated_at`, `is_autofilled`, `is_out_of_race`, `begin_time`, `meeting_event_id`, `pool_type_id`, `time_standard_id`)
  VALUES (61458, 48, 835, 1, 1, '2016-05-19 06:36:07', '2016-05-19 06:36:07', 1, 0, '2000-01-01 09:36:00', 5884, 1, 3294);

INSERT INTO `meeting_programs` (`id`, `event_order`, `category_type_id`, `gender_type_id`, `user_id`, `created_at`, `updated_at`, `is_autofilled`, `is_out_of_race`, `begin_time`, `meeting_event_id`, `pool_type_id`, `time_standard_id`)
  VALUES (61459, 49, 837, 1, 1, '2016-05-19 06:36:07', '2016-05-19 06:36:07', 1, 0, '2000-01-01 09:38:00', 5884, 1, 3330);

INSERT INTO `meeting_programs` (`id`, `event_order`, `category_type_id`, `gender_type_id`, `user_id`, `created_at`, `updated_at`, `is_autofilled`, `is_out_of_race`, `begin_time`, `meeting_event_id`, `pool_type_id`, `time_standard_id`)
  VALUES (61460, 50, 838, 1, 1, '2016-05-19 06:36:07', '2016-05-19 06:36:07', 1, 0, '2000-01-01 09:40:00', 5884, 1, 3348);

INSERT INTO `meeting_programs` (`id`, `event_order`, `category_type_id`, `gender_type_id`, `user_id`, `created_at`, `updated_at`, `is_autofilled`, `is_out_of_race`, `begin_time`, `meeting_event_id`, `pool_type_id`, `time_standard_id`)
  VALUES (61461, 51, 840, 1, 1, '2016-05-19 06:36:07', '2016-05-19 06:36:07', 1, 0, '2000-01-01 09:42:00', 5884, 1, 3384);

INSERT INTO `meeting_events` (`id`, `created_at`, `updated_at`, `event_order`, `begin_time`, `is_out_of_race`, `is_autofilled`, `notes`, `meeting_session_id`, `event_type_id`, `heat_type_id`, `user_id`, `has_separate_gender_start_list`, `has_separate_category_start_list`)
  VALUES (5885, '2016-05-19 06:36:07', '2016-05-19 06:36:07', 13, '2000-01-01 09:44:00', 0, 1, NULL, 812, 19, 3, 1, 1, 0);

INSERT INTO `meeting_programs` (`id`, `event_order`, `category_type_id`, `gender_type_id`, `user_id`, `created_at`, `updated_at`, `is_autofilled`, `is_out_of_race`, `begin_time`, `meeting_event_id`, `pool_type_id`, `time_standard_id`)
  VALUES (61462, 52, 834, 2, 1, '2016-05-19 06:36:07', '2016-05-19 06:36:07', 1, 0, '2000-01-01 09:44:00', 5885, 1, 3797);

INSERT INTO `meeting_programs` (`id`, `event_order`, `category_type_id`, `gender_type_id`, `user_id`, `created_at`, `updated_at`, `is_autofilled`, `is_out_of_race`, `begin_time`, `meeting_event_id`, `pool_type_id`, `time_standard_id`)
  VALUES (61463, 53, 836, 2, 1, '2016-05-19 06:36:07', '2016-05-19 06:36:07', 1, 0, '2000-01-01 09:46:00', 5885, 1, 3833);

INSERT INTO `meeting_programs` (`id`, `event_order`, `category_type_id`, `gender_type_id`, `user_id`, `created_at`, `updated_at`, `is_autofilled`, `is_out_of_race`, `begin_time`, `meeting_event_id`, `pool_type_id`, `time_standard_id`)
  VALUES (61464, 54, 840, 2, 1, '2016-05-19 06:36:08', '2016-05-19 06:36:08', 1, 0, '2000-01-01 09:48:00', 5885, 1, 3905);

INSERT INTO `meeting_programs` (`id`, `event_order`, `category_type_id`, `gender_type_id`, `user_id`, `created_at`, `updated_at`, `is_autofilled`, `is_out_of_race`, `begin_time`, `meeting_event_id`, `pool_type_id`, `time_standard_id`)
  VALUES (61465, 55, 835, 1, 1, '2016-05-19 06:36:08', '2016-05-19 06:36:08', 1, 0, '2000-01-01 09:50:00', 5885, 1, 3291);

INSERT INTO `meeting_programs` (`id`, `event_order`, `category_type_id`, `gender_type_id`, `user_id`, `created_at`, `updated_at`, `is_autofilled`, `is_out_of_race`, `begin_time`, `meeting_event_id`, `pool_type_id`, `time_standard_id`)
  VALUES (61466, 56, 837, 1, 1, '2016-05-19 06:36:08', '2016-05-19 06:36:08', 1, 0, '2000-01-01 09:52:00', 5885, 1, 3327);

INSERT INTO `meeting_programs` (`id`, `event_order`, `category_type_id`, `gender_type_id`, `user_id`, `created_at`, `updated_at`, `is_autofilled`, `is_out_of_race`, `begin_time`, `meeting_event_id`, `pool_type_id`, `time_standard_id`)
  VALUES (61467, 57, 838, 1, 1, '2016-05-19 06:36:08', '2016-05-19 06:36:08', 1, 0, '2000-01-01 09:54:00', 5885, 1, 3345);

INSERT INTO `meeting_programs` (`id`, `event_order`, `category_type_id`, `gender_type_id`, `user_id`, `created_at`, `updated_at`, `is_autofilled`, `is_out_of_race`, `begin_time`, `meeting_event_id`, `pool_type_id`, `time_standard_id`)
  VALUES (61468, 58, 839, 1, 1, '2016-05-19 06:36:08', '2016-05-19 06:36:08', 1, 0, '2000-01-01 09:56:00', 5885, 1, 3363);

INSERT INTO `meeting_programs` (`id`, `event_order`, `category_type_id`, `gender_type_id`, `user_id`, `created_at`, `updated_at`, `is_autofilled`, `is_out_of_race`, `begin_time`, `meeting_event_id`, `pool_type_id`, `time_standard_id`)
  VALUES (61469, 59, 840, 1, 1, '2016-05-19 06:36:08', '2016-05-19 06:36:08', 1, 0, '2000-01-01 09:58:00', 5885, 1, 3381);

INSERT INTO `meeting_programs` (`id`, `event_order`, `category_type_id`, `gender_type_id`, `user_id`, `created_at`, `updated_at`, `is_autofilled`, `is_out_of_race`, `begin_time`, `meeting_event_id`, `pool_type_id`, `time_standard_id`)
  VALUES (61470, 60, 843, 1, 1, '2016-05-19 06:36:08', '2016-05-19 06:36:08', 1, 0, '2000-01-01 10:00:00', 5885, 1, 3435);

INSERT INTO `meeting_events` (`id`, `created_at`, `updated_at`, `event_order`, `begin_time`, `is_out_of_race`, `is_autofilled`, `notes`, `meeting_session_id`, `event_type_id`, `heat_type_id`, `user_id`, `has_separate_gender_start_list`, `has_separate_category_start_list`)
  VALUES (5886, '2016-05-19 06:36:08', '2016-05-19 06:36:08', 14, '2000-01-01 10:02:00', 0, 1, NULL, 812, 2, 3, 1, 1, 0);

INSERT INTO `meeting_programs` (`id`, `event_order`, `category_type_id`, `gender_type_id`, `user_id`, `created_at`, `updated_at`, `is_autofilled`, `is_out_of_race`, `begin_time`, `meeting_event_id`, `pool_type_id`, `time_standard_id`)
  VALUES (61471, 61, 834, 2, 1, '2016-05-19 06:36:08', '2016-05-19 06:36:08', 1, 0, '2000-01-01 10:02:00', 5886, 1, 3788);

INSERT INTO `meeting_programs` (`id`, `event_order`, `category_type_id`, `gender_type_id`, `user_id`, `created_at`, `updated_at`, `is_autofilled`, `is_out_of_race`, `begin_time`, `meeting_event_id`, `pool_type_id`, `time_standard_id`)
  VALUES (61472, 62, 835, 2, 1, '2016-05-19 06:36:08', '2016-05-19 06:36:08', 1, 0, '2000-01-01 10:04:00', 5886, 1, 3806);

INSERT INTO `meeting_programs` (`id`, `event_order`, `category_type_id`, `gender_type_id`, `user_id`, `created_at`, `updated_at`, `is_autofilled`, `is_out_of_race`, `begin_time`, `meeting_event_id`, `pool_type_id`, `time_standard_id`)
  VALUES (61473, 63, 836, 2, 1, '2016-05-19 06:36:08', '2016-05-19 06:36:08', 1, 0, '2000-01-01 10:06:00', 5886, 1, 3824);

INSERT INTO `meeting_programs` (`id`, `event_order`, `category_type_id`, `gender_type_id`, `user_id`, `created_at`, `updated_at`, `is_autofilled`, `is_out_of_race`, `begin_time`, `meeting_event_id`, `pool_type_id`, `time_standard_id`)
  VALUES (61474, 64, 838, 2, 1, '2016-05-19 06:36:08', '2016-05-19 06:36:08', 1, 0, '2000-01-01 10:08:00', 5886, 1, 3860);

INSERT INTO `meeting_programs` (`id`, `event_order`, `category_type_id`, `gender_type_id`, `user_id`, `created_at`, `updated_at`, `is_autofilled`, `is_out_of_race`, `begin_time`, `meeting_event_id`, `pool_type_id`, `time_standard_id`)
  VALUES (61475, 65, 834, 1, 1, '2016-05-19 06:36:08', '2016-05-19 06:36:08', 1, 0, '2000-01-01 10:10:00', 5886, 1, 3264);

INSERT INTO `meeting_programs` (`id`, `event_order`, `category_type_id`, `gender_type_id`, `user_id`, `created_at`, `updated_at`, `is_autofilled`, `is_out_of_race`, `begin_time`, `meeting_event_id`, `pool_type_id`, `time_standard_id`)
  VALUES (61476, 66, 835, 1, 1, '2016-05-19 06:36:08', '2016-05-19 06:36:08', 1, 0, '2000-01-01 10:12:00', 5886, 1, 3282);

INSERT INTO `meeting_programs` (`id`, `event_order`, `category_type_id`, `gender_type_id`, `user_id`, `created_at`, `updated_at`, `is_autofilled`, `is_out_of_race`, `begin_time`, `meeting_event_id`, `pool_type_id`, `time_standard_id`)
  VALUES (61477, 67, 836, 1, 1, '2016-05-19 06:36:08', '2016-05-19 06:36:08', 1, 0, '2000-01-01 10:14:00', 5886, 1, 3300);

INSERT INTO `meeting_programs` (`id`, `event_order`, `category_type_id`, `gender_type_id`, `user_id`, `created_at`, `updated_at`, `is_autofilled`, `is_out_of_race`, `begin_time`, `meeting_event_id`, `pool_type_id`, `time_standard_id`)
  VALUES (61478, 68, 837, 1, 1, '2016-05-19 06:36:08', '2016-05-19 06:36:08', 1, 0, '2000-01-01 10:16:00', 5886, 1, 3318);

INSERT INTO `meeting_programs` (`id`, `event_order`, `category_type_id`, `gender_type_id`, `user_id`, `created_at`, `updated_at`, `is_autofilled`, `is_out_of_race`, `begin_time`, `meeting_event_id`, `pool_type_id`, `time_standard_id`)
  VALUES (61479, 69, 838, 1, 1, '2016-05-19 06:36:09', '2016-05-19 06:36:09', 1, 0, '2000-01-01 10:18:00', 5886, 1, 3336);

INSERT INTO `meeting_programs` (`id`, `event_order`, `category_type_id`, `gender_type_id`, `user_id`, `created_at`, `updated_at`, `is_autofilled`, `is_out_of_race`, `begin_time`, `meeting_event_id`, `pool_type_id`, `time_standard_id`)
  VALUES (61480, 70, 839, 1, 1, '2016-05-19 06:36:09', '2016-05-19 06:36:09', 1, 0, '2000-01-01 10:20:00', 5886, 1, 3354);

INSERT INTO `meeting_programs` (`id`, `event_order`, `category_type_id`, `gender_type_id`, `user_id`, `created_at`, `updated_at`, `is_autofilled`, `is_out_of_race`, `begin_time`, `meeting_event_id`, `pool_type_id`, `time_standard_id`)
  VALUES (61481, 71, 840, 1, 1, '2016-05-19 06:36:09', '2016-05-19 06:36:09', 1, 0, '2000-01-01 10:22:00', 5886, 1, 3372);

INSERT INTO `meeting_programs` (`id`, `event_order`, `category_type_id`, `gender_type_id`, `user_id`, `created_at`, `updated_at`, `is_autofilled`, `is_out_of_race`, `begin_time`, `meeting_event_id`, `pool_type_id`, `time_standard_id`)
  VALUES (61482, 72, 842, 1, 1, '2016-05-19 06:36:09', '2016-05-19 06:36:09', 1, 0, '2000-01-01 10:24:00', 5886, 1, 3408);

INSERT INTO `swimmers` (`id`, `last_name`, `first_name`, `year_of_birth`, `phone_mobile`, `phone_number`, `e_mail`, `nickname`, `associated_user_id`, `gender_type_id`, `user_id`, `created_at`, `updated_at`, `complete_name`, `is_year_guessed`)
  VALUES (26264, 'D\'ANGELO', 'TONI', 1989, NULL, NULL, NULL, '', NULL, 1, 1, '2016-05-19 06:36:09', '2016-05-19 06:36:09', 'D\'ANGELO TONI', 0);

INSERT INTO `swimmers` (`id`, `last_name`, `first_name`, `year_of_birth`, `phone_mobile`, `phone_number`, `e_mail`, `nickname`, `associated_user_id`, `gender_type_id`, `user_id`, `created_at`, `updated_at`, `complete_name`, `is_year_guessed`)
  VALUES (26265, 'RAIMONDO', 'DOMENICO', 1960, NULL, NULL, NULL, '', NULL, 1, 1, '2016-05-19 06:36:09', '2016-05-19 06:36:09', 'RAIMONDO DOMENICO', 0);

INSERT INTO `badges` (`id`, `number`, `season_id`, `swimmer_id`, `team_id`, `category_type_id`, `user_id`, `created_at`, `updated_at`, `entry_time_type_id`, `team_affiliation_id`, `final_rank`)
  VALUES (51790, '?', 142, 12453, 185, 834, 1, '2016-05-19 06:36:09', '2016-05-19 06:36:09', 5, 1354, NULL);

INSERT INTO `badges` (`id`, `number`, `season_id`, `swimmer_id`, `team_id`, `category_type_id`, `user_id`, `created_at`, `updated_at`, `entry_time_type_id`, `team_affiliation_id`, `final_rank`)
  VALUES (51791, '?', 142, 17153, 496, 835, 1, '2016-05-19 06:36:09', '2016-05-19 06:36:09', 5, 1362, NULL);

INSERT INTO `badges` (`id`, `number`, `season_id`, `swimmer_id`, `team_id`, `category_type_id`, `user_id`, `created_at`, `updated_at`, `entry_time_type_id`, `team_affiliation_id`, `final_rank`)
  VALUES (51792, '?', 142, 23837, 921, 837, 1, '2016-05-19 06:36:09', '2016-05-19 06:36:09', 5, 2270, NULL);

INSERT INTO `badges` (`id`, `number`, `season_id`, `swimmer_id`, `team_id`, `category_type_id`, `user_id`, `created_at`, `updated_at`, `entry_time_type_id`, `team_affiliation_id`, `final_rank`)
  VALUES (51793, '?', 142, 26265, 921, 840, 1, '2016-05-19 06:36:09', '2016-05-19 06:36:09', 5, 2270, NULL);

INSERT INTO `badges` (`id`, `number`, `season_id`, `swimmer_id`, `team_id`, `category_type_id`, `user_id`, `created_at`, `updated_at`, `entry_time_type_id`, `team_affiliation_id`, `final_rank`)
  VALUES (51794, '?', 142, 26264, 496, 834, 1, '2016-05-19 06:36:09', '2016-05-19 06:36:09', 5, 1362, NULL);

INSERT INTO `meeting_individual_results` (`id`, `rank`, `is_play_off`, `is_out_of_race`, `is_disqualified`, `standard_points`, `meeting_individual_points`, `minutes`, `seconds`, `hundreds`, `meeting_program_id`, `swimmer_id`, `team_id`, `badge_id`, `user_id`, `created_at`, `updated_at`, `disqualification_code_type_id`, `goggle_cup_points`, `reaction_time`, `team_points`, `team_affiliation_id`, `is_personal_best`, `is_season_type_best`)
  VALUES (375397, 1, 1, 0, 0, 723.29, 723.29, 1, 16, 18, 61411, 3308, 185, 29996, 1, '2016-05-19 06:36:09', '2016-05-19 06:36:09', NULL, 0.0, 0.0, 0.0, 1354, 0, 0);

INSERT INTO `meeting_individual_results` (`id`, `rank`, `is_play_off`, `is_out_of_race`, `is_disqualified`, `standard_points`, `meeting_individual_points`, `minutes`, `seconds`, `hundreds`, `meeting_program_id`, `swimmer_id`, `team_id`, `badge_id`, `user_id`, `created_at`, `updated_at`, `disqualification_code_type_id`, `goggle_cup_points`, `reaction_time`, `team_points`, `team_affiliation_id`, `is_personal_best`, `is_season_type_best`)
  VALUES (375398, 1, 1, 0, 0, 854.11, 854.11, 1, 6, 1, 61412, 12413, 185, 28323, 1, '2016-05-19 06:36:09', '2016-05-19 06:36:09', NULL, 0.0, 0.0, 0.0, 1354, 0, 0);

INSERT INTO `meeting_individual_results` (`id`, `rank`, `is_play_off`, `is_out_of_race`, `is_disqualified`, `standard_points`, `meeting_individual_points`, `minutes`, `seconds`, `hundreds`, `meeting_program_id`, `swimmer_id`, `team_id`, `badge_id`, `user_id`, `created_at`, `updated_at`, `disqualification_code_type_id`, `goggle_cup_points`, `reaction_time`, `team_points`, `team_affiliation_id`, `is_personal_best`, `is_season_type_best`)
  VALUES (375399, 1, 1, 0, 0, 681.14, 681.14, 1, 24, 96, 61413, 12405, 185, 49464, 1, '2016-05-19 06:36:09', '2016-05-19 06:36:09', NULL, 0.0, 0.0, 0.0, 1354, 0, 0);

INSERT INTO `meeting_individual_results` (`id`, `rank`, `is_play_off`, `is_out_of_race`, `is_disqualified`, `standard_points`, `meeting_individual_points`, `minutes`, `seconds`, `hundreds`, `meeting_program_id`, `swimmer_id`, `team_id`, `badge_id`, `user_id`, `created_at`, `updated_at`, `disqualification_code_type_id`, `goggle_cup_points`, `reaction_time`, `team_points`, `team_affiliation_id`, `is_personal_best`, `is_season_type_best`)
  VALUES (375400, 1, 1, 0, 0, 732.5, 732.5, 1, 24, 86, 61414, 3330, 185, 27946, 1, '2016-05-19 06:36:09', '2016-05-19 06:36:09', NULL, 0.0, 0.0, 0.0, 1354, 0, 0);

INSERT INTO `meeting_individual_results` (`id`, `rank`, `is_play_off`, `is_out_of_race`, `is_disqualified`, `standard_points`, `meeting_individual_points`, `minutes`, `seconds`, `hundreds`, `meeting_program_id`, `swimmer_id`, `team_id`, `badge_id`, `user_id`, `created_at`, `updated_at`, `disqualification_code_type_id`, `goggle_cup_points`, `reaction_time`, `team_points`, `team_affiliation_id`, `is_personal_best`, `is_season_type_best`)
  VALUES (375401, 1, 1, 0, 0, 687.53, 687.53, 1, 45, 13, 61415, 25876, 921, 49474, 1, '2016-05-19 06:36:10', '2016-05-19 06:36:10', NULL, 0.0, 0.0, 0.0, 2270, 0, 0);

INSERT INTO `meeting_individual_results` (`id`, `rank`, `is_play_off`, `is_out_of_race`, `is_disqualified`, `standard_points`, `meeting_individual_points`, `minutes`, `seconds`, `hundreds`, `meeting_program_id`, `swimmer_id`, `team_id`, `badge_id`, `user_id`, `created_at`, `updated_at`, `disqualification_code_type_id`, `goggle_cup_points`, `reaction_time`, `team_points`, `team_affiliation_id`, `is_personal_best`, `is_season_type_best`)
  VALUES (375402, 1, 1, 0, 0, 715.73, 715.73, 1, 25, 80, 61416, 12453, 185, 51790, 1, '2016-05-19 06:36:10', '2016-05-19 06:36:10', NULL, 0.0, 0.0, 0.0, 1354, 0, 0);

INSERT INTO `meeting_individual_results` (`id`, `rank`, `is_play_off`, `is_out_of_race`, `is_disqualified`, `standard_points`, `meeting_individual_points`, `minutes`, `seconds`, `hundreds`, `meeting_program_id`, `swimmer_id`, `team_id`, `badge_id`, `user_id`, `created_at`, `updated_at`, `disqualification_code_type_id`, `goggle_cup_points`, `reaction_time`, `team_points`, `team_affiliation_id`, `is_personal_best`, `is_season_type_best`)
  VALUES (375403, 1, 1, 0, 0, 588.73, 588.73, 1, 44, 53, 61417, 12446, 185, 29993, 1, '2016-05-19 06:36:10', '2016-05-19 06:36:10', NULL, 0.0, 0.0, 0.0, 1354, 0, 0);

INSERT INTO `meeting_individual_results` (`id`, `rank`, `is_play_off`, `is_out_of_race`, `is_disqualified`, `standard_points`, `meeting_individual_points`, `minutes`, `seconds`, `hundreds`, `meeting_program_id`, `swimmer_id`, `team_id`, `badge_id`, `user_id`, `created_at`, `updated_at`, `disqualification_code_type_id`, `goggle_cup_points`, `reaction_time`, `team_points`, `team_affiliation_id`, `is_personal_best`, `is_season_type_best`)
  VALUES (375404, 2, 1, 0, 0, 578.98, 578.98, 1, 46, 29, 61417, 17164, 185, 28016, 1, '2016-05-19 06:36:10', '2016-05-19 06:36:10', NULL, 0.0, 0.0, 0.0, 1354, 0, 0);

INSERT INTO `meeting_individual_results` (`id`, `rank`, `is_play_off`, `is_out_of_race`, `is_disqualified`, `standard_points`, `meeting_individual_points`, `minutes`, `seconds`, `hundreds`, `meeting_program_id`, `swimmer_id`, `team_id`, `badge_id`, `user_id`, `created_at`, `updated_at`, `disqualification_code_type_id`, `goggle_cup_points`, `reaction_time`, `team_points`, `team_affiliation_id`, `is_personal_best`, `is_season_type_best`)
  VALUES (375405, 3, 1, 0, 0, 491.1, 491.1, 2, 5, 31, 61417, 17153, 496, 51791, 1, '2016-05-19 06:36:10', '2016-05-19 06:36:10', NULL, 0.0, 0.0, 0.0, 1362, 0, 0);

INSERT INTO `meeting_individual_results` (`id`, `rank`, `is_play_off`, `is_out_of_race`, `is_disqualified`, `standard_points`, `meeting_individual_points`, `minutes`, `seconds`, `hundreds`, `meeting_program_id`, `swimmer_id`, `team_id`, `badge_id`, `user_id`, `created_at`, `updated_at`, `disqualification_code_type_id`, `goggle_cup_points`, `reaction_time`, `team_points`, `team_affiliation_id`, `is_personal_best`, `is_season_type_best`)
  VALUES (375406, 1, 1, 0, 0, 698.67, 698.67, 1, 29, 77, 61418, 8132, 439, 28365, 1, '2016-05-19 06:36:10', '2016-05-19 06:36:10', NULL, 0.0, 0.0, 0.0, 1246, 0, 0);

INSERT INTO `meeting_individual_results` (`id`, `rank`, `is_play_off`, `is_out_of_race`, `is_disqualified`, `standard_points`, `meeting_individual_points`, `minutes`, `seconds`, `hundreds`, `meeting_program_id`, `swimmer_id`, `team_id`, `badge_id`, `user_id`, `created_at`, `updated_at`, `disqualification_code_type_id`, `goggle_cup_points`, `reaction_time`, `team_points`, `team_affiliation_id`, `is_personal_best`, `is_season_type_best`)
  VALUES (375407, 2, 1, 0, 0, 690.06, 690.06, 1, 30, 89, 61418, 12439, 185, 30000, 1, '2016-05-19 06:36:10', '2016-05-19 06:36:10', NULL, 0.0, 0.0, 0.0, 1354, 0, 0);

INSERT INTO `meeting_individual_results` (`id`, `rank`, `is_play_off`, `is_out_of_race`, `is_disqualified`, `standard_points`, `meeting_individual_points`, `minutes`, `seconds`, `hundreds`, `meeting_program_id`, `swimmer_id`, `team_id`, `badge_id`, `user_id`, `created_at`, `updated_at`, `disqualification_code_type_id`, `goggle_cup_points`, `reaction_time`, `team_points`, `team_affiliation_id`, `is_personal_best`, `is_season_type_best`)
  VALUES (375408, 3, 1, 0, 0, 605.23, 605.23, 1, 43, 63, 61418, 23840, 921, 49476, 1, '2016-05-19 06:36:10', '2016-05-19 06:36:10', NULL, 0.0, 0.0, 0.0, 2270, 0, 0);

INSERT INTO `meeting_individual_results` (`id`, `rank`, `is_play_off`, `is_out_of_race`, `is_disqualified`, `standard_points`, `meeting_individual_points`, `minutes`, `seconds`, `hundreds`, `meeting_program_id`, `swimmer_id`, `team_id`, `badge_id`, `user_id`, `created_at`, `updated_at`, `disqualification_code_type_id`, `goggle_cup_points`, `reaction_time`, `team_points`, `team_affiliation_id`, `is_personal_best`, `is_season_type_best`)
  VALUES (375409, 1, 1, 0, 0, 624.82, 624.82, 1, 42, 27, 61419, 25887, 921, 49477, 1, '2016-05-19 06:36:10', '2016-05-19 06:36:10', NULL, 0.0, 0.0, 0.0, 2270, 0, 0);

INSERT INTO `meeting_individual_results` (`id`, `rank`, `is_play_off`, `is_out_of_race`, `is_disqualified`, `standard_points`, `meeting_individual_points`, `minutes`, `seconds`, `hundreds`, `meeting_program_id`, `swimmer_id`, `team_id`, `badge_id`, `user_id`, `created_at`, `updated_at`, `disqualification_code_type_id`, `goggle_cup_points`, `reaction_time`, `team_points`, `team_affiliation_id`, `is_personal_best`, `is_season_type_best`)
  VALUES (375410, 1, 1, 0, 0, 673.82, 673.82, 1, 36, 91, 61420, 12434, 185, 49478, 1, '2016-05-19 06:36:10', '2016-05-19 06:36:10', NULL, 0.0, 0.0, 0.0, 1354, 0, 0);

INSERT INTO `meeting_individual_results` (`id`, `rank`, `is_play_off`, `is_out_of_race`, `is_disqualified`, `standard_points`, `meeting_individual_points`, `minutes`, `seconds`, `hundreds`, `meeting_program_id`, `swimmer_id`, `team_id`, `badge_id`, `user_id`, `created_at`, `updated_at`, `disqualification_code_type_id`, `goggle_cup_points`, `reaction_time`, `team_points`, `team_affiliation_id`, `is_personal_best`, `is_season_type_best`)
  VALUES (375411, 2, 1, 0, 0, 590.79, 590.79, 1, 50, 53, 61420, 17138, 496, 49538, 1, '2016-05-19 06:36:10', '2016-05-19 06:36:10', NULL, 0.0, 0.0, 0.0, 1362, 0, 0);

INSERT INTO `meeting_individual_results` (`id`, `rank`, `is_play_off`, `is_out_of_race`, `is_disqualified`, `standard_points`, `meeting_individual_points`, `minutes`, `seconds`, `hundreds`, `meeting_program_id`, `swimmer_id`, `team_id`, `badge_id`, `user_id`, `created_at`, `updated_at`, `disqualification_code_type_id`, `goggle_cup_points`, `reaction_time`, `team_points`, `team_affiliation_id`, `is_personal_best`, `is_season_type_best`)
  VALUES (375412, 1, 1, 0, 0, 513.89, 513.89, 2, 14, 60, 61421, 17147, 496, 49480, 1, '2016-05-19 06:36:10', '2016-05-19 06:36:10', NULL, 0.0, 0.0, 0.0, 1362, 0, 0);

INSERT INTO `meeting_individual_results` (`id`, `rank`, `is_play_off`, `is_out_of_race`, `is_disqualified`, `standard_points`, `meeting_individual_points`, `minutes`, `seconds`, `hundreds`, `meeting_program_id`, `swimmer_id`, `team_id`, `badge_id`, `user_id`, `created_at`, `updated_at`, `disqualification_code_type_id`, `goggle_cup_points`, `reaction_time`, `team_points`, `team_affiliation_id`, `is_personal_best`, `is_season_type_best`)
  VALUES (375413, 1, 1, 0, 0, 476.89, 476.89, 2, 30, 58, 61422, 25889, 921, 49539, 1, '2016-05-19 06:36:10', '2016-05-19 06:36:10', NULL, 0.0, 0.0, 0.0, 2270, 0, 0);

INSERT INTO `meeting_individual_results` (`id`, `rank`, `is_play_off`, `is_out_of_race`, `is_disqualified`, `standard_points`, `meeting_individual_points`, `minutes`, `seconds`, `hundreds`, `meeting_program_id`, `swimmer_id`, `team_id`, `badge_id`, `user_id`, `created_at`, `updated_at`, `disqualification_code_type_id`, `goggle_cup_points`, `reaction_time`, `team_points`, `team_affiliation_id`, `is_personal_best`, `is_season_type_best`)
  VALUES (375414, 1, 1, 0, 0, 746.59, 746.59, 1, 17, 74, 61423, 23838, 185, 49458, 1, '2016-05-19 06:36:11', '2016-05-19 06:36:11', NULL, 0.0, 0.0, 0.0, 1354, 0, 0);

INSERT INTO `meeting_individual_results` (`id`, `rank`, `is_play_off`, `is_out_of_race`, `is_disqualified`, `standard_points`, `meeting_individual_points`, `minutes`, `seconds`, `hundreds`, `meeting_program_id`, `swimmer_id`, `team_id`, `badge_id`, `user_id`, `created_at`, `updated_at`, `disqualification_code_type_id`, `goggle_cup_points`, `reaction_time`, `team_points`, `team_affiliation_id`, `is_personal_best`, `is_season_type_best`)
  VALUES (375415, 1, 1, 0, 0, 777.02, 777.02, 1, 15, 88, 61424, 12414, 185, 49523, 1, '2016-05-19 06:36:11', '2016-05-19 06:36:11', NULL, 0.0, 0.0, 0.0, 1354, 0, 0);

INSERT INTO `meeting_individual_results` (`id`, `rank`, `is_play_off`, `is_out_of_race`, `is_disqualified`, `standard_points`, `meeting_individual_points`, `minutes`, `seconds`, `hundreds`, `meeting_program_id`, `swimmer_id`, `team_id`, `badge_id`, `user_id`, `created_at`, `updated_at`, `disqualification_code_type_id`, `goggle_cup_points`, `reaction_time`, `team_points`, `team_affiliation_id`, `is_personal_best`, `is_season_type_best`)
  VALUES (375416, 1, 1, 0, 0, 692.81, 692.81, 1, 26, 59, 61425, 12451, 185, 49484, 1, '2016-05-19 06:36:11', '2016-05-19 06:36:11', NULL, 0.0, 0.0, 0.0, 1354, 0, 0);

INSERT INTO `meeting_individual_results` (`id`, `rank`, `is_play_off`, `is_out_of_race`, `is_disqualified`, `standard_points`, `meeting_individual_points`, `minutes`, `seconds`, `hundreds`, `meeting_program_id`, `swimmer_id`, `team_id`, `badge_id`, `user_id`, `created_at`, `updated_at`, `disqualification_code_type_id`, `goggle_cup_points`, `reaction_time`, `team_points`, `team_affiliation_id`, `is_personal_best`, `is_season_type_best`)
  VALUES (375417, 1, 1, 0, 0, 784.65, 784.65, 1, 3, 20, 61426, 17156, 496, 49485, 1, '2016-05-19 06:36:11', '2016-05-19 06:36:11', NULL, 0.0, 0.0, 0.0, 1362, 0, 0);

INSERT INTO `meeting_individual_results` (`id`, `rank`, `is_play_off`, `is_out_of_race`, `is_disqualified`, `standard_points`, `meeting_individual_points`, `minutes`, `seconds`, `hundreds`, `meeting_program_id`, `swimmer_id`, `team_id`, `badge_id`, `user_id`, `created_at`, `updated_at`, `disqualification_code_type_id`, `goggle_cup_points`, `reaction_time`, `team_points`, `team_affiliation_id`, `is_personal_best`, `is_season_type_best`)
  VALUES (375418, 1, 1, 0, 0, 619.44, 619.44, 1, 20, 96, 61427, 17164, 185, 28016, 1, '2016-05-19 06:36:11', '2016-05-19 06:36:11', NULL, 0.0, 0.0, 0.0, 1354, 0, 0);

INSERT INTO `meeting_individual_results` (`id`, `rank`, `is_play_off`, `is_out_of_race`, `is_disqualified`, `standard_points`, `meeting_individual_points`, `minutes`, `seconds`, `hundreds`, `meeting_program_id`, `swimmer_id`, `team_id`, `badge_id`, `user_id`, `created_at`, `updated_at`, `disqualification_code_type_id`, `goggle_cup_points`, `reaction_time`, `team_points`, `team_affiliation_id`, `is_personal_best`, `is_season_type_best`)
  VALUES (375419, 1, 1, 0, 0, 581.4, 581.4, 1, 27, 65, 61428, 17139, 185, 49489, 1, '2016-05-19 06:36:11', '2016-05-19 06:36:11', NULL, 0.0, 0.0, 0.0, 1354, 0, 0);

INSERT INTO `meeting_individual_results` (`id`, `rank`, `is_play_off`, `is_out_of_race`, `is_disqualified`, `standard_points`, `meeting_individual_points`, `minutes`, `seconds`, `hundreds`, `meeting_program_id`, `swimmer_id`, `team_id`, `badge_id`, `user_id`, `created_at`, `updated_at`, `disqualification_code_type_id`, `goggle_cup_points`, `reaction_time`, `team_points`, `team_affiliation_id`, `is_personal_best`, `is_season_type_best`)
  VALUES (375420, 2, 1, 0, 0, 550.32, 550.32, 1, 32, 60, 61428, 25893, 185, 49490, 1, '2016-05-19 06:36:11', '2016-05-19 06:36:11', NULL, 0.0, 0.0, 0.0, 1354, 0, 0);

INSERT INTO `meeting_individual_results` (`id`, `rank`, `is_play_off`, `is_out_of_race`, `is_disqualified`, `standard_points`, `meeting_individual_points`, `minutes`, `seconds`, `hundreds`, `meeting_program_id`, `swimmer_id`, `team_id`, `badge_id`, `user_id`, `created_at`, `updated_at`, `disqualification_code_type_id`, `goggle_cup_points`, `reaction_time`, `team_points`, `team_affiliation_id`, `is_personal_best`, `is_season_type_best`)
  VALUES (375421, 1, 1, 0, 0, 716.34, 716.34, 1, 12, 34, 61429, 2481, 115, 23738, 1, '2016-05-19 06:36:11', '2016-05-19 06:36:11', NULL, 0.0, 0.0, 0.0, 1072, 0, 0);

INSERT INTO `meeting_individual_results` (`id`, `rank`, `is_play_off`, `is_out_of_race`, `is_disqualified`, `standard_points`, `meeting_individual_points`, `minutes`, `seconds`, `hundreds`, `meeting_program_id`, `swimmer_id`, `team_id`, `badge_id`, `user_id`, `created_at`, `updated_at`, `disqualification_code_type_id`, `goggle_cup_points`, `reaction_time`, `team_points`, `team_affiliation_id`, `is_personal_best`, `is_season_type_best`)
  VALUES (375422, 2, 1, 0, 0, 626.91, 626.91, 1, 22, 66, 61429, 23837, 921, 51792, 1, '2016-05-19 06:36:11', '2016-05-19 06:36:11', NULL, 0.0, 0.0, 0.0, 2270, 0, 0);

INSERT INTO `meeting_individual_results` (`id`, `rank`, `is_play_off`, `is_out_of_race`, `is_disqualified`, `standard_points`, `meeting_individual_points`, `minutes`, `seconds`, `hundreds`, `meeting_program_id`, `swimmer_id`, `team_id`, `badge_id`, `user_id`, `created_at`, `updated_at`, `disqualification_code_type_id`, `goggle_cup_points`, `reaction_time`, `team_points`, `team_affiliation_id`, `is_personal_best`, `is_season_type_best`)
  VALUES (375423, 3, 1, 0, 0, 593.31, 593.31, 1, 27, 34, 61429, 23843, 921, 49495, 1, '2016-05-19 06:36:11', '2016-05-19 06:36:11', NULL, 0.0, 0.0, 0.0, 2270, 0, 0);

INSERT INTO `meeting_individual_results` (`id`, `rank`, `is_play_off`, `is_out_of_race`, `is_disqualified`, `standard_points`, `meeting_individual_points`, `minutes`, `seconds`, `hundreds`, `meeting_program_id`, `swimmer_id`, `team_id`, `badge_id`, `user_id`, `created_at`, `updated_at`, `disqualification_code_type_id`, `goggle_cup_points`, `reaction_time`, `team_points`, `team_affiliation_id`, `is_personal_best`, `is_season_type_best`)
  VALUES (375424, 1, 1, 0, 0, 875.91, 875.91, 1, 0, 68, 61430, 8002, 203, 28597, 1, '2016-05-19 06:36:11', '2016-05-19 06:36:11', NULL, 0.0, 0.0, 0.0, 1085, 0, 0);

INSERT INTO `meeting_individual_results` (`id`, `rank`, `is_play_off`, `is_out_of_race`, `is_disqualified`, `standard_points`, `meeting_individual_points`, `minutes`, `seconds`, `hundreds`, `meeting_program_id`, `swimmer_id`, `team_id`, `badge_id`, `user_id`, `created_at`, `updated_at`, `disqualification_code_type_id`, `goggle_cup_points`, `reaction_time`, `team_points`, `team_affiliation_id`, `is_personal_best`, `is_season_type_best`)
  VALUES (375425, 2, 1, 0, 0, 776.37, 776.37, 1, 8, 46, 61430, 12460, 185, 49530, 1, '2016-05-19 06:36:11', '2016-05-19 06:36:11', NULL, 0.0, 0.0, 0.0, 1354, 0, 0);

INSERT INTO `meeting_individual_results` (`id`, `rank`, `is_play_off`, `is_out_of_race`, `is_disqualified`, `standard_points`, `meeting_individual_points`, `minutes`, `seconds`, `hundreds`, `meeting_program_id`, `swimmer_id`, `team_id`, `badge_id`, `user_id`, `created_at`, `updated_at`, `disqualification_code_type_id`, `goggle_cup_points`, `reaction_time`, `team_points`, `team_affiliation_id`, `is_personal_best`, `is_season_type_best`)
  VALUES (375426, 3, 1, 0, 0, 719.99, 719.99, 1, 13, 82, 61430, 15664, 115, 23741, 1, '2016-05-19 06:36:12', '2016-05-19 06:36:12', NULL, 0.0, 0.0, 0.0, 1072, 0, 0);

INSERT INTO `meeting_individual_results` (`id`, `rank`, `is_play_off`, `is_out_of_race`, `is_disqualified`, `standard_points`, `meeting_individual_points`, `minutes`, `seconds`, `hundreds`, `meeting_program_id`, `swimmer_id`, `team_id`, `badge_id`, `user_id`, `created_at`, `updated_at`, `disqualification_code_type_id`, `goggle_cup_points`, `reaction_time`, `team_points`, `team_affiliation_id`, `is_personal_best`, `is_season_type_best`)
  VALUES (375427, 4, 1, 0, 0, 692.6, 692.6, 1, 16, 74, 61430, 17161, 185, 49466, 1, '2016-05-19 06:36:12', '2016-05-19 06:36:12', NULL, 0.0, 0.0, 0.0, 1354, 0, 0);

INSERT INTO `meeting_individual_results` (`id`, `rank`, `is_play_off`, `is_out_of_race`, `is_disqualified`, `standard_points`, `meeting_individual_points`, `minutes`, `seconds`, `hundreds`, `meeting_program_id`, `swimmer_id`, `team_id`, `badge_id`, `user_id`, `created_at`, `updated_at`, `disqualification_code_type_id`, `goggle_cup_points`, `reaction_time`, `team_points`, `team_affiliation_id`, `is_personal_best`, `is_season_type_best`)
  VALUES (375428, 5, 1, 0, 0, 576.9, 576.9, 1, 32, 13, 61430, 6991, 370, 49467, 1, '2016-05-19 06:36:12', '2016-05-19 06:36:12', NULL, 0.0, 0.0, 0.0, 1463, 0, 0);

INSERT INTO `meeting_individual_results` (`id`, `rank`, `is_play_off`, `is_out_of_race`, `is_disqualified`, `standard_points`, `meeting_individual_points`, `minutes`, `seconds`, `hundreds`, `meeting_program_id`, `swimmer_id`, `team_id`, `badge_id`, `user_id`, `created_at`, `updated_at`, `disqualification_code_type_id`, `goggle_cup_points`, `reaction_time`, `team_points`, `team_affiliation_id`, `is_personal_best`, `is_season_type_best`)
  VALUES (375429, 6, 1, 0, 0, 561.31, 561.31, 1, 34, 69, 61430, 12469, 185, 49496, 1, '2016-05-19 06:36:12', '2016-05-19 06:36:12', NULL, 0.0, 0.0, 0.0, 1354, 0, 0);

INSERT INTO `meeting_individual_results` (`id`, `rank`, `is_play_off`, `is_out_of_race`, `is_disqualified`, `standard_points`, `meeting_individual_points`, `minutes`, `seconds`, `hundreds`, `meeting_program_id`, `swimmer_id`, `team_id`, `badge_id`, `user_id`, `created_at`, `updated_at`, `disqualification_code_type_id`, `goggle_cup_points`, `reaction_time`, `team_points`, `team_affiliation_id`, `is_personal_best`, `is_season_type_best`)
  VALUES (375430, 1, 1, 0, 0, 564.03, 564.03, 1, 37, 14, 61431, 12470, 185, 49498, 1, '2016-05-19 06:36:12', '2016-05-19 06:36:12', NULL, 0.0, 0.0, 0.0, 1354, 0, 0);

INSERT INTO `meeting_individual_results` (`id`, `rank`, `is_play_off`, `is_out_of_race`, `is_disqualified`, `standard_points`, `meeting_individual_points`, `minutes`, `seconds`, `hundreds`, `meeting_program_id`, `swimmer_id`, `team_id`, `badge_id`, `user_id`, `created_at`, `updated_at`, `disqualification_code_type_id`, `goggle_cup_points`, `reaction_time`, `team_points`, `team_affiliation_id`, `is_personal_best`, `is_season_type_best`)
  VALUES (375431, 1, 1, 0, 0, 498.99, 498.99, 1, 53, 55, 61432, 26265, 921, 51793, 1, '2016-05-19 06:36:12', '2016-05-19 06:36:12', NULL, 0.0, 0.0, 0.0, 2270, 0, 0);

INSERT INTO `meeting_individual_results` (`id`, `rank`, `is_play_off`, `is_out_of_race`, `is_disqualified`, `standard_points`, `meeting_individual_points`, `minutes`, `seconds`, `hundreds`, `meeting_program_id`, `swimmer_id`, `team_id`, `badge_id`, `user_id`, `created_at`, `updated_at`, `disqualification_code_type_id`, `goggle_cup_points`, `reaction_time`, `team_points`, `team_affiliation_id`, `is_personal_best`, `is_season_type_best`)
  VALUES (375432, 1, 1, 0, 0, 410.76, 410.76, 2, 29, 4, 61433, 9195, 185, 49500, 1, '2016-05-19 06:36:12', '2016-05-19 06:36:12', NULL, 0.0, 0.0, 0.0, 1354, 0, 0);

INSERT INTO `meeting_individual_results` (`id`, `rank`, `is_play_off`, `is_out_of_race`, `is_disqualified`, `standard_points`, `meeting_individual_points`, `minutes`, `seconds`, `hundreds`, `meeting_program_id`, `swimmer_id`, `team_id`, `badge_id`, `user_id`, `created_at`, `updated_at`, `disqualification_code_type_id`, `goggle_cup_points`, `reaction_time`, `team_points`, `team_affiliation_id`, `is_personal_best`, `is_season_type_best`)
  VALUES (375433, 1, 1, 0, 0, 684.34, 684.34, 1, 35, 26, 61434, 25883, 704, 49501, 1, '2016-05-19 06:36:12', '2016-05-19 06:36:12', NULL, 0.0, 0.0, 0.0, 2268, 0, 0);

INSERT INTO `meeting_individual_results` (`id`, `rank`, `is_play_off`, `is_out_of_race`, `is_disqualified`, `standard_points`, `meeting_individual_points`, `minutes`, `seconds`, `hundreds`, `meeting_program_id`, `swimmer_id`, `team_id`, `badge_id`, `user_id`, `created_at`, `updated_at`, `disqualification_code_type_id`, `goggle_cup_points`, `reaction_time`, `team_points`, `team_affiliation_id`, `is_personal_best`, `is_season_type_best`)
  VALUES (375434, 2, 1, 0, 0, 537.29, 537.29, 2, 1, 33, 61434, 25879, 704, 49540, 1, '2016-05-19 06:36:12', '2016-05-19 06:36:12', NULL, 0.0, 0.0, 0.0, 2268, 0, 0);

INSERT INTO `meeting_individual_results` (`id`, `rank`, `is_play_off`, `is_out_of_race`, `is_disqualified`, `standard_points`, `meeting_individual_points`, `minutes`, `seconds`, `hundreds`, `meeting_program_id`, `swimmer_id`, `team_id`, `badge_id`, `user_id`, `created_at`, `updated_at`, `disqualification_code_type_id`, `goggle_cup_points`, `reaction_time`, `team_points`, `team_affiliation_id`, `is_personal_best`, `is_season_type_best`)
  VALUES (375435, 1, 1, 0, 0, 964.05, 964.05, 16, 47, 56, 61435, 6752, 370, 31941, 1, '2016-05-19 06:36:12', '2016-05-19 06:36:12', NULL, 0.0, 0.0, 0.0, 1463, 0, 0);

INSERT INTO `meeting_individual_results` (`id`, `rank`, `is_play_off`, `is_out_of_race`, `is_disqualified`, `standard_points`, `meeting_individual_points`, `minutes`, `seconds`, `hundreds`, `meeting_program_id`, `swimmer_id`, `team_id`, `badge_id`, `user_id`, `created_at`, `updated_at`, `disqualification_code_type_id`, `goggle_cup_points`, `reaction_time`, `team_points`, `team_affiliation_id`, `is_personal_best`, `is_season_type_best`)
  VALUES (375436, 2, 1, 0, 0, 508.73, 508.73, 31, 49, 36, 61435, 25893, 185, 49490, 1, '2016-05-19 06:36:12', '2016-05-19 06:36:12', NULL, 0.0, 0.0, 0.0, 1354, 0, 0);

INSERT INTO `meeting_individual_results` (`id`, `rank`, `is_play_off`, `is_out_of_race`, `is_disqualified`, `standard_points`, `meeting_individual_points`, `minutes`, `seconds`, `hundreds`, `meeting_program_id`, `swimmer_id`, `team_id`, `badge_id`, `user_id`, `created_at`, `updated_at`, `disqualification_code_type_id`, `goggle_cup_points`, `reaction_time`, `team_points`, `team_affiliation_id`, `is_personal_best`, `is_season_type_best`)
  VALUES (375437, 1, 1, 0, 0, 797.44, 797.44, 20, 42, 30, 61436, 2478, 115, 23737, 1, '2016-05-19 06:36:12', '2016-05-19 06:36:12', NULL, 0.0, 0.0, 0.0, 1072, 0, 0);

INSERT INTO `meeting_individual_results` (`id`, `rank`, `is_play_off`, `is_out_of_race`, `is_disqualified`, `standard_points`, `meeting_individual_points`, `minutes`, `seconds`, `hundreds`, `meeting_program_id`, `swimmer_id`, `team_id`, `badge_id`, `user_id`, `created_at`, `updated_at`, `disqualification_code_type_id`, `goggle_cup_points`, `reaction_time`, `team_points`, `team_affiliation_id`, `is_personal_best`, `is_season_type_best`)
  VALUES (375438, 2, 1, 0, 0, 717.42, 717.42, 23, 0, 86, 61436, 2481, 115, 23738, 1, '2016-05-19 06:36:13', '2016-05-19 06:36:13', NULL, 0.0, 0.0, 0.0, 1072, 0, 0);

INSERT INTO `meeting_individual_results` (`id`, `rank`, `is_play_off`, `is_out_of_race`, `is_disqualified`, `standard_points`, `meeting_individual_points`, `minutes`, `seconds`, `hundreds`, `meeting_program_id`, `swimmer_id`, `team_id`, `badge_id`, `user_id`, `created_at`, `updated_at`, `disqualification_code_type_id`, `goggle_cup_points`, `reaction_time`, `team_points`, `team_affiliation_id`, `is_personal_best`, `is_season_type_best`)
  VALUES (375439, 1, 1, 0, 0, 742.53, 742.53, 22, 40, 2, 61437, 15664, 115, 23741, 1, '2016-05-19 06:36:13', '2016-05-19 06:36:13', NULL, 0.0, 0.0, 0.0, 1072, 0, 0);

INSERT INTO `meeting_individual_results` (`id`, `rank`, `is_play_off`, `is_out_of_race`, `is_disqualified`, `standard_points`, `meeting_individual_points`, `minutes`, `seconds`, `hundreds`, `meeting_program_id`, `swimmer_id`, `team_id`, `badge_id`, `user_id`, `created_at`, `updated_at`, `disqualification_code_type_id`, `goggle_cup_points`, `reaction_time`, `team_points`, `team_affiliation_id`, `is_personal_best`, `is_season_type_best`)
  VALUES (375440, 1, 1, 0, 0, 804.74, 804.74, 2, 53, 97, 61438, 12423, 185, 29851, 1, '2016-05-19 06:36:13', '2016-05-19 06:36:13', NULL, 0.0, 0.0, 0.0, 1354, 0, 0);

INSERT INTO `meeting_individual_results` (`id`, `rank`, `is_play_off`, `is_out_of_race`, `is_disqualified`, `standard_points`, `meeting_individual_points`, `minutes`, `seconds`, `hundreds`, `meeting_program_id`, `swimmer_id`, `team_id`, `badge_id`, `user_id`, `created_at`, `updated_at`, `disqualification_code_type_id`, `goggle_cup_points`, `reaction_time`, `team_points`, `team_affiliation_id`, `is_personal_best`, `is_season_type_best`)
  VALUES (375441, 1, 1, 0, 0, 451.63, 451.63, 6, 7, 29, 61439, 12404, 185, 28025, 1, '2016-05-19 06:36:13', '2016-05-19 06:36:13', NULL, 0.0, 0.0, 0.0, 1354, 0, 0);

INSERT INTO `meeting_individual_results` (`id`, `rank`, `is_play_off`, `is_out_of_race`, `is_disqualified`, `standard_points`, `meeting_individual_points`, `minutes`, `seconds`, `hundreds`, `meeting_program_id`, `swimmer_id`, `team_id`, `badge_id`, `user_id`, `created_at`, `updated_at`, `disqualification_code_type_id`, `goggle_cup_points`, `reaction_time`, `team_points`, `team_affiliation_id`, `is_personal_best`, `is_season_type_best`)
  VALUES (375442, 1, 1, 0, 0, 756.24, 756.24, 2, 49, 14, 61440, 2478, 115, 23737, 1, '2016-05-19 06:36:13', '2016-05-19 06:36:13', NULL, 0.0, 0.0, 0.0, 1072, 0, 0);

INSERT INTO `meeting_individual_results` (`id`, `rank`, `is_play_off`, `is_out_of_race`, `is_disqualified`, `standard_points`, `meeting_individual_points`, `minutes`, `seconds`, `hundreds`, `meeting_program_id`, `swimmer_id`, `team_id`, `badge_id`, `user_id`, `created_at`, `updated_at`, `disqualification_code_type_id`, `goggle_cup_points`, `reaction_time`, `team_points`, `team_affiliation_id`, `is_personal_best`, `is_season_type_best`)
  VALUES (375443, 1, 1, 0, 0, 746.46, 746.46, 2, 56, 46, 61441, 8333, 439, 28662, 1, '2016-05-19 06:36:13', '2016-05-19 06:36:13', NULL, 0.0, 0.0, 0.0, 1246, 0, 0);

INSERT INTO `meeting_individual_results` (`id`, `rank`, `is_play_off`, `is_out_of_race`, `is_disqualified`, `standard_points`, `meeting_individual_points`, `minutes`, `seconds`, `hundreds`, `meeting_program_id`, `swimmer_id`, `team_id`, `badge_id`, `user_id`, `created_at`, `updated_at`, `disqualification_code_type_id`, `goggle_cup_points`, `reaction_time`, `team_points`, `team_affiliation_id`, `is_personal_best`, `is_season_type_best`)
  VALUES (375444, 1, 1, 0, 0, 741.5, 741.5, 2, 50, 95, 61442, 3308, 185, 29996, 1, '2016-05-19 06:36:13', '2016-05-19 06:36:13', NULL, 0.0, 0.0, 0.0, 1354, 0, 0);

INSERT INTO `meeting_individual_results` (`id`, `rank`, `is_play_off`, `is_out_of_race`, `is_disqualified`, `standard_points`, `meeting_individual_points`, `minutes`, `seconds`, `hundreds`, `meeting_program_id`, `swimmer_id`, `team_id`, `badge_id`, `user_id`, `created_at`, `updated_at`, `disqualification_code_type_id`, `goggle_cup_points`, `reaction_time`, `team_points`, `team_affiliation_id`, `is_personal_best`, `is_season_type_best`)
  VALUES (375445, 1, 1, 0, 0, 717.93, 717.93, 3, 14, 17, 61443, 8132, 439, 28365, 1, '2016-05-19 06:36:13', '2016-05-19 06:36:13', NULL, 0.0, 0.0, 0.0, 1246, 0, 0);

INSERT INTO `meeting_individual_results` (`id`, `rank`, `is_play_off`, `is_out_of_race`, `is_disqualified`, `standard_points`, `meeting_individual_points`, `minutes`, `seconds`, `hundreds`, `meeting_program_id`, `swimmer_id`, `team_id`, `badge_id`, `user_id`, `created_at`, `updated_at`, `disqualification_code_type_id`, `goggle_cup_points`, `reaction_time`, `team_points`, `team_affiliation_id`, `is_personal_best`, `is_season_type_best`)
  VALUES (375446, 1, 1, 0, 0, 769.21, 769.21, 3, 9, 35, 61444, 12405, 185, 49464, 1, '2016-05-19 06:36:13', '2016-05-19 06:36:13', NULL, 0.0, 0.0, 0.0, 1354, 0, 0);

INSERT INTO `meeting_individual_results` (`id`, `rank`, `is_play_off`, `is_out_of_race`, `is_disqualified`, `standard_points`, `meeting_individual_points`, `minutes`, `seconds`, `hundreds`, `meeting_program_id`, `swimmer_id`, `team_id`, `badge_id`, `user_id`, `created_at`, `updated_at`, `disqualification_code_type_id`, `goggle_cup_points`, `reaction_time`, `team_points`, `team_affiliation_id`, `is_personal_best`, `is_season_type_best`)
  VALUES (375447, 1, 1, 0, 0, 683.17, 683.17, 3, 13, 70, 61445, 12451, 185, 49484, 1, '2016-05-19 06:36:13', '2016-05-19 06:36:13', NULL, 0.0, 0.0, 0.0, 1354, 0, 0);

INSERT INTO `meeting_individual_results` (`id`, `rank`, `is_play_off`, `is_out_of_race`, `is_disqualified`, `standard_points`, `meeting_individual_points`, `minutes`, `seconds`, `hundreds`, `meeting_program_id`, `swimmer_id`, `team_id`, `badge_id`, `user_id`, `created_at`, `updated_at`, `disqualification_code_type_id`, `goggle_cup_points`, `reaction_time`, `team_points`, `team_affiliation_id`, `is_personal_best`, `is_season_type_best`)
  VALUES (375448, 1, 1, 0, 0, 756.58, 756.58, 2, 31, 88, 61446, 12472, 185, 30011, 1, '2016-05-19 06:36:13', '2016-05-19 06:36:13', NULL, 0.0, 0.0, 0.0, 1354, 0, 0);

INSERT INTO `meeting_individual_results` (`id`, `rank`, `is_play_off`, `is_out_of_race`, `is_disqualified`, `standard_points`, `meeting_individual_points`, `minutes`, `seconds`, `hundreds`, `meeting_program_id`, `swimmer_id`, `team_id`, `badge_id`, `user_id`, `created_at`, `updated_at`, `disqualification_code_type_id`, `goggle_cup_points`, `reaction_time`, `team_points`, `team_affiliation_id`, `is_personal_best`, `is_season_type_best`)
  VALUES (375449, 1, 1, 0, 0, 562.79, 562.79, 3, 27, 27, 61447, 12469, 185, 49496, 1, '2016-05-19 06:36:13', '2016-05-19 06:36:13', NULL, 0.0, 0.0, 0.0, 1354, 0, 0);

INSERT INTO `meeting_individual_results` (`id`, `rank`, `is_play_off`, `is_out_of_race`, `is_disqualified`, `standard_points`, `meeting_individual_points`, `minutes`, `seconds`, `hundreds`, `meeting_program_id`, `swimmer_id`, `team_id`, `badge_id`, `user_id`, `created_at`, `updated_at`, `disqualification_code_type_id`, `goggle_cup_points`, `reaction_time`, `team_points`, `team_affiliation_id`, `is_personal_best`, `is_season_type_best`)
  VALUES (375450, 1, 1, 0, 0, 650.96, 650.96, 6, 5, 89, 61448, 12453, 185, 51790, 1, '2016-05-19 06:36:14', '2016-05-19 06:36:14', NULL, 0.0, 0.0, 0.0, 1354, 0, 0);

INSERT INTO `meeting_individual_results` (`id`, `rank`, `is_play_off`, `is_out_of_race`, `is_disqualified`, `standard_points`, `meeting_individual_points`, `minutes`, `seconds`, `hundreds`, `meeting_program_id`, `swimmer_id`, `team_id`, `badge_id`, `user_id`, `created_at`, `updated_at`, `disqualification_code_type_id`, `goggle_cup_points`, `reaction_time`, `team_points`, `team_affiliation_id`, `is_personal_best`, `is_season_type_best`)
  VALUES (375451, 1, 1, 0, 0, 592.62, 592.62, 6, 47, 6, 61449, 25894, 921, 49504, 1, '2016-05-19 06:36:14', '2016-05-19 06:36:14', NULL, 0.0, 0.0, 0.0, 2270, 0, 0);

INSERT INTO `meeting_individual_results` (`id`, `rank`, `is_play_off`, `is_out_of_race`, `is_disqualified`, `standard_points`, `meeting_individual_points`, `minutes`, `seconds`, `hundreds`, `meeting_program_id`, `swimmer_id`, `team_id`, `badge_id`, `user_id`, `created_at`, `updated_at`, `disqualification_code_type_id`, `goggle_cup_points`, `reaction_time`, `team_points`, `team_affiliation_id`, `is_personal_best`, `is_season_type_best`)
  VALUES (375452, 1, 1, 0, 0, 751.69, 751.69, 5, 26, 5, 61450, 12472, 185, 30011, 1, '2016-05-19 06:36:14', '2016-05-19 06:36:14', NULL, 0.0, 0.0, 0.0, 1354, 0, 0);

INSERT INTO `meeting_individual_results` (`id`, `rank`, `is_play_off`, `is_out_of_race`, `is_disqualified`, `standard_points`, `meeting_individual_points`, `minutes`, `seconds`, `hundreds`, `meeting_program_id`, `swimmer_id`, `team_id`, `badge_id`, `user_id`, `created_at`, `updated_at`, `disqualification_code_type_id`, `goggle_cup_points`, `reaction_time`, `team_points`, `team_affiliation_id`, `is_personal_best`, `is_season_type_best`)
  VALUES (375453, 2, 1, 0, 0, 538.53, 538.53, 7, 35, 11, 61450, 23844, 921, 49494, 1, '2016-05-19 06:36:14', '2016-05-19 06:36:14', NULL, 0.0, 0.0, 0.0, 2270, 0, 0);

INSERT INTO `meeting_individual_results` (`id`, `rank`, `is_play_off`, `is_out_of_race`, `is_disqualified`, `standard_points`, `meeting_individual_points`, `minutes`, `seconds`, `hundreds`, `meeting_program_id`, `swimmer_id`, `team_id`, `badge_id`, `user_id`, `created_at`, `updated_at`, `disqualification_code_type_id`, `goggle_cup_points`, `reaction_time`, `team_points`, `team_affiliation_id`, `is_personal_best`, `is_season_type_best`)
  VALUES (375454, 1, 1, 0, 0, 646.8, 646.8, 0, 45, 47, 61451, 25878, 921, 49533, 1, '2016-05-19 06:36:14', '2016-05-19 06:36:14', NULL, 0.0, 0.0, 0.0, 2270, 0, 0);

INSERT INTO `meeting_individual_results` (`id`, `rank`, `is_play_off`, `is_out_of_race`, `is_disqualified`, `standard_points`, `meeting_individual_points`, `minutes`, `seconds`, `hundreds`, `meeting_program_id`, `swimmer_id`, `team_id`, `badge_id`, `user_id`, `created_at`, `updated_at`, `disqualification_code_type_id`, `goggle_cup_points`, `reaction_time`, `team_points`, `team_affiliation_id`, `is_personal_best`, `is_season_type_best`)
  VALUES (375455, 1, 1, 0, 0, 602.22, 602.22, 0, 52, 19, 61452, 17160, 185, 49534, 1, '2016-05-19 06:36:14', '2016-05-19 06:36:14', NULL, 0.0, 0.0, 0.0, 1354, 0, 0);

INSERT INTO `meeting_individual_results` (`id`, `rank`, `is_play_off`, `is_out_of_race`, `is_disqualified`, `standard_points`, `meeting_individual_points`, `minutes`, `seconds`, `hundreds`, `meeting_program_id`, `swimmer_id`, `team_id`, `badge_id`, `user_id`, `created_at`, `updated_at`, `disqualification_code_type_id`, `goggle_cup_points`, `reaction_time`, `team_points`, `team_affiliation_id`, `is_personal_best`, `is_season_type_best`)
  VALUES (375456, 1, 1, 0, 0, 572.82, 572.82, 0, 44, 1, 61453, 26264, 496, 51794, 1, '2016-05-19 06:36:14', '2016-05-19 06:36:14', NULL, 0.0, 0.0, 0.0, 1362, 0, 0);

INSERT INTO `meeting_individual_results` (`id`, `rank`, `is_play_off`, `is_out_of_race`, `is_disqualified`, `standard_points`, `meeting_individual_points`, `minutes`, `seconds`, `hundreds`, `meeting_program_id`, `swimmer_id`, `team_id`, `badge_id`, `user_id`, `created_at`, `updated_at`, `disqualification_code_type_id`, `goggle_cup_points`, `reaction_time`, `team_points`, `team_affiliation_id`, `is_personal_best`, `is_season_type_best`)
  VALUES (375457, 1, 1, 0, 0, 831.94, 831.94, 0, 32, 25, 61454, 17158, 439, 26468, 1, '2016-05-19 06:36:14', '2016-05-19 06:36:14', NULL, 0.0, 0.0, 0.0, 1246, 0, 0);

INSERT INTO `meeting_individual_results` (`id`, `rank`, `is_play_off`, `is_out_of_race`, `is_disqualified`, `standard_points`, `meeting_individual_points`, `minutes`, `seconds`, `hundreds`, `meeting_program_id`, `swimmer_id`, `team_id`, `badge_id`, `user_id`, `created_at`, `updated_at`, `disqualification_code_type_id`, `goggle_cup_points`, `reaction_time`, `team_points`, `team_affiliation_id`, `is_personal_best`, `is_season_type_best`)
  VALUES (375458, 2, 1, 0, 0, 556.87, 556.87, 0, 48, 18, 61454, 6902, 383, 49493, 1, '2016-05-19 06:36:14', '2016-05-19 06:36:14', NULL, 0.0, 0.0, 0.0, 2269, 0, 0);

INSERT INTO `meeting_individual_results` (`id`, `rank`, `is_play_off`, `is_out_of_race`, `is_disqualified`, `standard_points`, `meeting_individual_points`, `minutes`, `seconds`, `hundreds`, `meeting_program_id`, `swimmer_id`, `team_id`, `badge_id`, `user_id`, `created_at`, `updated_at`, `disqualification_code_type_id`, `goggle_cup_points`, `reaction_time`, `team_points`, `team_affiliation_id`, `is_personal_best`, `is_season_type_best`)
  VALUES (375459, 1, 1, 0, 0, 489.76, 489.76, 0, 58, 9, 61455, 17141, 496, 49520, 1, '2016-05-19 06:36:14', '2016-05-19 06:36:14', NULL, 0.0, 0.0, 0.0, 1362, 0, 0);

INSERT INTO `meeting_individual_results` (`id`, `rank`, `is_play_off`, `is_out_of_race`, `is_disqualified`, `standard_points`, `meeting_individual_points`, `minutes`, `seconds`, `hundreds`, `meeting_program_id`, `swimmer_id`, `team_id`, `badge_id`, `user_id`, `created_at`, `updated_at`, `disqualification_code_type_id`, `goggle_cup_points`, `reaction_time`, `team_points`, `team_affiliation_id`, `is_personal_best`, `is_season_type_best`)
  VALUES (375460, 1, 1, 0, 0, 845.7, 845.7, 0, 33, 83, 61456, 12440, 185, 49450, 1, '2016-05-19 06:36:14', '2016-05-19 06:36:14', NULL, 0.0, 0.0, 0.0, 1354, 0, 0);

INSERT INTO `meeting_individual_results` (`id`, `rank`, `is_play_off`, `is_out_of_race`, `is_disqualified`, `standard_points`, `meeting_individual_points`, `minutes`, `seconds`, `hundreds`, `meeting_program_id`, `swimmer_id`, `team_id`, `badge_id`, `user_id`, `created_at`, `updated_at`, `disqualification_code_type_id`, `goggle_cup_points`, `reaction_time`, `team_points`, `team_affiliation_id`, `is_personal_best`, `is_season_type_best`)
  VALUES (375461, 2, 1, 0, 0, 759.89, 759.89, 0, 37, 65, 61456, 23838, 185, 49458, 1, '2016-05-19 06:36:14', '2016-05-19 06:36:14', NULL, 0.0, 0.0, 0.0, 1354, 0, 0);

INSERT INTO `meeting_individual_results` (`id`, `rank`, `is_play_off`, `is_out_of_race`, `is_disqualified`, `standard_points`, `meeting_individual_points`, `minutes`, `seconds`, `hundreds`, `meeting_program_id`, `swimmer_id`, `team_id`, `badge_id`, `user_id`, `created_at`, `updated_at`, `disqualification_code_type_id`, `goggle_cup_points`, `reaction_time`, `team_points`, `team_affiliation_id`, `is_personal_best`, `is_season_type_best`)
  VALUES (375462, 1, 1, 0, 0, 808.14, 808.14, 0, 35, 86, 61457, 12414, 185, 49523, 1, '2016-05-19 06:36:15', '2016-05-19 06:36:15', NULL, 0.0, 0.0, 0.0, 1354, 0, 0);

INSERT INTO `meeting_individual_results` (`id`, `rank`, `is_play_off`, `is_out_of_race`, `is_disqualified`, `standard_points`, `meeting_individual_points`, `minutes`, `seconds`, `hundreds`, `meeting_program_id`, `swimmer_id`, `team_id`, `badge_id`, `user_id`, `created_at`, `updated_at`, `disqualification_code_type_id`, `goggle_cup_points`, `reaction_time`, `team_points`, `team_affiliation_id`, `is_personal_best`, `is_season_type_best`)
  VALUES (375463, 1, 1, 0, 0, 799.28, 799.28, 0, 30, 54, 61458, 17167, 496, 49460, 1, '2016-05-19 06:36:15', '2016-05-19 06:36:15', NULL, 0.0, 0.0, 0.0, 1362, 0, 0);

INSERT INTO `meeting_individual_results` (`id`, `rank`, `is_play_off`, `is_out_of_race`, `is_disqualified`, `standard_points`, `meeting_individual_points`, `minutes`, `seconds`, `hundreds`, `meeting_program_id`, `swimmer_id`, `team_id`, `badge_id`, `user_id`, `created_at`, `updated_at`, `disqualification_code_type_id`, `goggle_cup_points`, `reaction_time`, `team_points`, `team_affiliation_id`, `is_personal_best`, `is_season_type_best`)
  VALUES (375464, 1, 1, 0, 0, 856.47, 856.47, 0, 29, 61, 61459, 12413, 185, 28323, 1, '2016-05-19 06:36:15', '2016-05-19 06:36:15', NULL, 0.0, 0.0, 0.0, 1354, 0, 0);

INSERT INTO `meeting_individual_results` (`id`, `rank`, `is_play_off`, `is_out_of_race`, `is_disqualified`, `standard_points`, `meeting_individual_points`, `minutes`, `seconds`, `hundreds`, `meeting_program_id`, `swimmer_id`, `team_id`, `badge_id`, `user_id`, `created_at`, `updated_at`, `disqualification_code_type_id`, `goggle_cup_points`, `reaction_time`, `team_points`, `team_affiliation_id`, `is_personal_best`, `is_season_type_best`)
  VALUES (375465, 2, 1, 0, 0, 839.46, 839.46, 0, 30, 21, 61459, 17158, 439, 26468, 1, '2016-05-19 06:36:15', '2016-05-19 06:36:15', NULL, 0.0, 0.0, 0.0, 1246, 0, 0);

INSERT INTO `meeting_individual_results` (`id`, `rank`, `is_play_off`, `is_out_of_race`, `is_disqualified`, `standard_points`, `meeting_individual_points`, `minutes`, `seconds`, `hundreds`, `meeting_program_id`, `swimmer_id`, `team_id`, `badge_id`, `user_id`, `created_at`, `updated_at`, `disqualification_code_type_id`, `goggle_cup_points`, `reaction_time`, `team_points`, `team_affiliation_id`, `is_personal_best`, `is_season_type_best`)
  VALUES (375466, 1, 1, 0, 0, 870.0, 870.0, 0, 29, 77, 61460, 8002, 203, 28597, 1, '2016-05-19 06:36:15', '2016-05-19 06:36:15', NULL, 0.0, 0.0, 0.0, 1085, 0, 0);

INSERT INTO `meeting_individual_results` (`id`, `rank`, `is_play_off`, `is_out_of_race`, `is_disqualified`, `standard_points`, `meeting_individual_points`, `minutes`, `seconds`, `hundreds`, `meeting_program_id`, `swimmer_id`, `team_id`, `badge_id`, `user_id`, `created_at`, `updated_at`, `disqualification_code_type_id`, `goggle_cup_points`, `reaction_time`, `team_points`, `team_affiliation_id`, `is_personal_best`, `is_season_type_best`)
  VALUES (375467, 2, 1, 0, 0, 656.03, 656.03, 0, 39, 48, 61460, 17161, 185, 49466, 1, '2016-05-19 06:36:15', '2016-05-19 06:36:15', NULL, 0.0, 0.0, 0.0, 1354, 0, 0);

INSERT INTO `meeting_individual_results` (`id`, `rank`, `is_play_off`, `is_out_of_race`, `is_disqualified`, `standard_points`, `meeting_individual_points`, `minutes`, `seconds`, `hundreds`, `meeting_program_id`, `swimmer_id`, `team_id`, `badge_id`, `user_id`, `created_at`, `updated_at`, `disqualification_code_type_id`, `goggle_cup_points`, `reaction_time`, `team_points`, `team_affiliation_id`, `is_personal_best`, `is_season_type_best`)
  VALUES (375468, 1, 1, 0, 0, 535.86, 535.86, 0, 51, 45, 61461, 17143, 704, 49521, 1, '2016-05-19 06:36:15', '2016-05-19 06:36:15', NULL, 0.0, 0.0, 0.0, 2268, 0, 0);

INSERT INTO `meeting_individual_results` (`id`, `rank`, `is_play_off`, `is_out_of_race`, `is_disqualified`, `standard_points`, `meeting_individual_points`, `minutes`, `seconds`, `hundreds`, `meeting_program_id`, `swimmer_id`, `team_id`, `badge_id`, `user_id`, `created_at`, `updated_at`, `disqualification_code_type_id`, `goggle_cup_points`, `reaction_time`, `team_points`, `team_affiliation_id`, `is_personal_best`, `is_season_type_best`)
  VALUES (375469, 1, 1, 0, 0, 428.04, 428.04, 1, 15, 81, 61462, 23842, 496, 49532, 1, '2016-05-19 06:36:15', '2016-05-19 06:36:15', NULL, 0.0, 0.0, 0.0, 1362, 0, 0);

INSERT INTO `meeting_individual_results` (`id`, `rank`, `is_play_off`, `is_out_of_race`, `is_disqualified`, `standard_points`, `meeting_individual_points`, `minutes`, `seconds`, `hundreds`, `meeting_program_id`, `swimmer_id`, `team_id`, `badge_id`, `user_id`, `created_at`, `updated_at`, `disqualification_code_type_id`, `goggle_cup_points`, `reaction_time`, `team_points`, `team_affiliation_id`, `is_personal_best`, `is_season_type_best`)
  VALUES (375470, 1, 1, 0, 0, 837.77, 837.77, 0, 39, 45, 61463, 12423, 185, 29851, 1, '2016-05-19 06:36:15', '2016-05-19 06:36:15', NULL, 0.0, 0.0, 0.0, 1354, 0, 0);

INSERT INTO `meeting_individual_results` (`id`, `rank`, `is_play_off`, `is_out_of_race`, `is_disqualified`, `standard_points`, `meeting_individual_points`, `minutes`, `seconds`, `hundreds`, `meeting_program_id`, `swimmer_id`, `team_id`, `badge_id`, `user_id`, `created_at`, `updated_at`, `disqualification_code_type_id`, `goggle_cup_points`, `reaction_time`, `team_points`, `team_affiliation_id`, `is_personal_best`, `is_season_type_best`)
  VALUES (375471, 2, 1, 0, 0, 772.02, 772.02, 0, 42, 81, 61463, 12440, 185, 49450, 1, '2016-05-19 06:36:15', '2016-05-19 06:36:15', NULL, 0.0, 0.0, 0.0, 1354, 0, 0);

INSERT INTO `meeting_individual_results` (`id`, `rank`, `is_play_off`, `is_out_of_race`, `is_disqualified`, `standard_points`, `meeting_individual_points`, `minutes`, `seconds`, `hundreds`, `meeting_program_id`, `swimmer_id`, `team_id`, `badge_id`, `user_id`, `created_at`, `updated_at`, `disqualification_code_type_id`, `goggle_cup_points`, `reaction_time`, `team_points`, `team_affiliation_id`, `is_personal_best`, `is_season_type_best`)
  VALUES (375472, 3, 1, 0, 0, 667.54, 667.54, 0, 49, 51, 61463, 12468, 185, 29963, 1, '2016-05-19 06:36:15', '2016-05-19 06:36:15', NULL, 0.0, 0.0, 0.0, 1354, 0, 0);

INSERT INTO `meeting_individual_results` (`id`, `rank`, `is_play_off`, `is_out_of_race`, `is_disqualified`, `standard_points`, `meeting_individual_points`, `minutes`, `seconds`, `hundreds`, `meeting_program_id`, `swimmer_id`, `team_id`, `badge_id`, `user_id`, `created_at`, `updated_at`, `disqualification_code_type_id`, `goggle_cup_points`, `reaction_time`, `team_points`, `team_affiliation_id`, `is_personal_best`, `is_season_type_best`)
  VALUES (375473, 1, 1, 0, 0, 430.74, 430.74, 1, 29, 1, 61464, 12404, 185, 28025, 1, '2016-05-19 06:36:16', '2016-05-19 06:36:16', NULL, 0.0, 0.0, 0.0, 1354, 0, 0);

INSERT INTO `meeting_individual_results` (`id`, `rank`, `is_play_off`, `is_out_of_race`, `is_disqualified`, `standard_points`, `meeting_individual_points`, `minutes`, `seconds`, `hundreds`, `meeting_program_id`, `swimmer_id`, `team_id`, `badge_id`, `user_id`, `created_at`, `updated_at`, `disqualification_code_type_id`, `goggle_cup_points`, `reaction_time`, `team_points`, `team_affiliation_id`, `is_personal_best`, `is_season_type_best`)
  VALUES (375474, 1, 1, 0, 0, 525.28, 525.28, 0, 53, 40, 61465, 17153, 496, 51791, 1, '2016-05-19 06:36:16', '2016-05-19 06:36:16', NULL, 0.0, 0.0, 0.0, 1362, 0, 0);

INSERT INTO `meeting_individual_results` (`id`, `rank`, `is_play_off`, `is_out_of_race`, `is_disqualified`, `standard_points`, `meeting_individual_points`, `minutes`, `seconds`, `hundreds`, `meeting_program_id`, `swimmer_id`, `team_id`, `badge_id`, `user_id`, `created_at`, `updated_at`, `disqualification_code_type_id`, `goggle_cup_points`, `reaction_time`, `team_points`, `team_affiliation_id`, `is_personal_best`, `is_season_type_best`)
  VALUES (375475, 1, 1, 0, 0, 669.2, 669.2, 0, 43, 38, 61466, 25887, 921, 49477, 1, '2016-05-19 06:36:16', '2016-05-19 06:36:16', NULL, 0.0, 0.0, 0.0, 2270, 0, 0);

INSERT INTO `meeting_individual_results` (`id`, `rank`, `is_play_off`, `is_out_of_race`, `is_disqualified`, `standard_points`, `meeting_individual_points`, `minutes`, `seconds`, `hundreds`, `meeting_program_id`, `swimmer_id`, `team_id`, `badge_id`, `user_id`, `created_at`, `updated_at`, `disqualification_code_type_id`, `goggle_cup_points`, `reaction_time`, `team_points`, `team_affiliation_id`, `is_personal_best`, `is_season_type_best`)
  VALUES (375476, 1, 1, 0, 0, 721.73, 721.73, 0, 41, 47, 61467, 12434, 185, 49478, 1, '2016-05-19 06:36:16', '2016-05-19 06:36:16', NULL, 0.0, 0.0, 0.0, 1354, 0, 0);

INSERT INTO `meeting_individual_results` (`id`, `rank`, `is_play_off`, `is_out_of_race`, `is_disqualified`, `standard_points`, `meeting_individual_points`, `minutes`, `seconds`, `hundreds`, `meeting_program_id`, `swimmer_id`, `team_id`, `badge_id`, `user_id`, `created_at`, `updated_at`, `disqualification_code_type_id`, `goggle_cup_points`, `reaction_time`, `team_points`, `team_affiliation_id`, `is_personal_best`, `is_season_type_best`)
  VALUES (375477, 2, 1, 0, 0, 604.04, 604.04, 0, 49, 55, 61467, 17138, 496, 49538, 1, '2016-05-19 06:36:16', '2016-05-19 06:36:16', NULL, 0.0, 0.0, 0.0, 1362, 0, 0);

INSERT INTO `meeting_individual_results` (`id`, `rank`, `is_play_off`, `is_out_of_race`, `is_disqualified`, `standard_points`, `meeting_individual_points`, `minutes`, `seconds`, `hundreds`, `meeting_program_id`, `swimmer_id`, `team_id`, `badge_id`, `user_id`, `created_at`, `updated_at`, `disqualification_code_type_id`, `goggle_cup_points`, `reaction_time`, `team_points`, `team_affiliation_id`, `is_personal_best`, `is_season_type_best`)
  VALUES (375478, 1, 1, 0, 0, 556.71, 556.71, 0, 55, 81, 61468, 17147, 496, 49480, 1, '2016-05-19 06:36:16', '2016-05-19 06:36:16', NULL, 0.0, 0.0, 0.0, 1362, 0, 0);

INSERT INTO `meeting_individual_results` (`id`, `rank`, `is_play_off`, `is_out_of_race`, `is_disqualified`, `standard_points`, `meeting_individual_points`, `minutes`, `seconds`, `hundreds`, `meeting_program_id`, `swimmer_id`, `team_id`, `badge_id`, `user_id`, `created_at`, `updated_at`, `disqualification_code_type_id`, `goggle_cup_points`, `reaction_time`, `team_points`, `team_affiliation_id`, `is_personal_best`, `is_season_type_best`)
  VALUES (375479, 1, 1, 0, 0, 581.23, 581.23, 0, 55, 52, 61469, 17143, 704, 49521, 1, '2016-05-19 06:36:16', '2016-05-19 06:36:16', NULL, 0.0, 0.0, 0.0, 2268, 0, 0);

INSERT INTO `meeting_individual_results` (`id`, `rank`, `is_play_off`, `is_out_of_race`, `is_disqualified`, `standard_points`, `meeting_individual_points`, `minutes`, `seconds`, `hundreds`, `meeting_program_id`, `swimmer_id`, `team_id`, `badge_id`, `user_id`, `created_at`, `updated_at`, `disqualification_code_type_id`, `goggle_cup_points`, `reaction_time`, `team_points`, `team_affiliation_id`, `is_personal_best`, `is_season_type_best`)
  VALUES (375480, 2, 1, 0, 0, 468.56, 468.56, 1, 8, 87, 61469, 25889, 921, 49539, 1, '2016-05-19 06:36:16', '2016-05-19 06:36:16', NULL, 0.0, 0.0, 0.0, 2270, 0, 0);

INSERT INTO `meeting_individual_results` (`id`, `rank`, `is_play_off`, `is_out_of_race`, `is_disqualified`, `standard_points`, `meeting_individual_points`, `minutes`, `seconds`, `hundreds`, `meeting_program_id`, `swimmer_id`, `team_id`, `badge_id`, `user_id`, `created_at`, `updated_at`, `disqualification_code_type_id`, `goggle_cup_points`, `reaction_time`, `team_points`, `team_affiliation_id`, `is_personal_best`, `is_season_type_best`)
  VALUES (375481, 1, 1, 0, 0, 737.3, 737.3, 0, 50, 78, 61470, 25883, 704, 49501, 1, '2016-05-19 06:36:16', '2016-05-19 06:36:16', NULL, 0.0, 0.0, 0.0, 2268, 0, 0);

INSERT INTO `meeting_individual_results` (`id`, `rank`, `is_play_off`, `is_out_of_race`, `is_disqualified`, `standard_points`, `meeting_individual_points`, `minutes`, `seconds`, `hundreds`, `meeting_program_id`, `swimmer_id`, `team_id`, `badge_id`, `user_id`, `created_at`, `updated_at`, `disqualification_code_type_id`, `goggle_cup_points`, `reaction_time`, `team_points`, `team_affiliation_id`, `is_personal_best`, `is_season_type_best`)
  VALUES (375482, 2, 1, 0, 0, 575.73, 575.73, 1, 5, 3, 61470, 25879, 704, 49540, 1, '2016-05-19 06:36:16', '2016-05-19 06:36:16', NULL, 0.0, 0.0, 0.0, 2268, 0, 0);

INSERT INTO `meeting_individual_results` (`id`, `rank`, `is_play_off`, `is_out_of_race`, `is_disqualified`, `standard_points`, `meeting_individual_points`, `minutes`, `seconds`, `hundreds`, `meeting_program_id`, `swimmer_id`, `team_id`, `badge_id`, `user_id`, `created_at`, `updated_at`, `disqualification_code_type_id`, `goggle_cup_points`, `reaction_time`, `team_points`, `team_affiliation_id`, `is_personal_best`, `is_season_type_best`)
  VALUES (375483, 1, 1, 0, 0, 543.56, 543.56, 0, 47, 63, 61471, 23842, 496, 49532, 1, '2016-05-19 06:36:16', '2016-05-19 06:36:16', NULL, 0.0, 0.0, 0.0, 1362, 0, 0);

INSERT INTO `meeting_individual_results` (`id`, `rank`, `is_play_off`, `is_out_of_race`, `is_disqualified`, `standard_points`, `meeting_individual_points`, `minutes`, `seconds`, `hundreds`, `meeting_program_id`, `swimmer_id`, `team_id`, `badge_id`, `user_id`, `created_at`, `updated_at`, `disqualification_code_type_id`, `goggle_cup_points`, `reaction_time`, `team_points`, `team_affiliation_id`, `is_personal_best`, `is_season_type_best`)
  VALUES (375484, 1, 1, 0, 0, 679.45, 679.45, 0, 38, 6, 61472, 25878, 921, 49533, 1, '2016-05-19 06:36:16', '2016-05-19 06:36:16', NULL, 0.0, 0.0, 0.0, 2270, 0, 0);

INSERT INTO `meeting_individual_results` (`id`, `rank`, `is_play_off`, `is_out_of_race`, `is_disqualified`, `standard_points`, `meeting_individual_points`, `minutes`, `seconds`, `hundreds`, `meeting_program_id`, `swimmer_id`, `team_id`, `badge_id`, `user_id`, `created_at`, `updated_at`, `disqualification_code_type_id`, `goggle_cup_points`, `reaction_time`, `team_points`, `team_affiliation_id`, `is_personal_best`, `is_season_type_best`)
  VALUES (375485, 1, 1, 0, 0, 723.15, 723.15, 0, 36, 41, 61473, 12468, 185, 29963, 1, '2016-05-19 06:36:17', '2016-05-19 06:36:17', NULL, 0.0, 0.0, 0.0, 1354, 0, 0);

INSERT INTO `meeting_individual_results` (`id`, `rank`, `is_play_off`, `is_out_of_race`, `is_disqualified`, `standard_points`, `meeting_individual_points`, `minutes`, `seconds`, `hundreds`, `meeting_program_id`, `swimmer_id`, `team_id`, `badge_id`, `user_id`, `created_at`, `updated_at`, `disqualification_code_type_id`, `goggle_cup_points`, `reaction_time`, `team_points`, `team_affiliation_id`, `is_personal_best`, `is_season_type_best`)
  VALUES (375486, 1, 1, 0, 0, 645.56, 645.56, 0, 42, 1, 61474, 17160, 185, 49534, 1, '2016-05-19 06:36:17', '2016-05-19 06:36:17', NULL, 0.0, 0.0, 0.0, 1354, 0, 0);

INSERT INTO `meeting_individual_results` (`id`, `rank`, `is_play_off`, `is_out_of_race`, `is_disqualified`, `standard_points`, `meeting_individual_points`, `minutes`, `seconds`, `hundreds`, `meeting_program_id`, `swimmer_id`, `team_id`, `badge_id`, `user_id`, `created_at`, `updated_at`, `disqualification_code_type_id`, `goggle_cup_points`, `reaction_time`, `team_points`, `team_affiliation_id`, `is_personal_best`, `is_season_type_best`)
  VALUES (375487, 1, 1, 0, 0, 787.17, 787.17, 0, 28, 52, 61475, 17156, 496, 49485, 1, '2016-05-19 06:36:17', '2016-05-19 06:36:17', NULL, 0.0, 0.0, 0.0, 1362, 0, 0);

INSERT INTO `meeting_individual_results` (`id`, `rank`, `is_play_off`, `is_out_of_race`, `is_disqualified`, `standard_points`, `meeting_individual_points`, `minutes`, `seconds`, `hundreds`, `meeting_program_id`, `swimmer_id`, `team_id`, `badge_id`, `user_id`, `created_at`, `updated_at`, `disqualification_code_type_id`, `goggle_cup_points`, `reaction_time`, `team_points`, `team_affiliation_id`, `is_personal_best`, `is_season_type_best`)
  VALUES (375488, 1, 1, 0, 0, 807.32, 807.32, 0, 27, 87, 61476, 17167, 496, 49460, 1, '2016-05-19 06:36:17', '2016-05-19 06:36:17', NULL, 0.0, 0.0, 0.0, 1362, 0, 0);

INSERT INTO `meeting_individual_results` (`id`, `rank`, `is_play_off`, `is_out_of_race`, `is_disqualified`, `standard_points`, `meeting_individual_points`, `minutes`, `seconds`, `hundreds`, `meeting_program_id`, `swimmer_id`, `team_id`, `badge_id`, `user_id`, `created_at`, `updated_at`, `disqualification_code_type_id`, `goggle_cup_points`, `reaction_time`, `team_points`, `team_affiliation_id`, `is_personal_best`, `is_season_type_best`)
  VALUES (375489, 2, 1, 0, 0, 757.07, 757.07, 0, 29, 72, 61476, 11681, 185, 49486, 1, '2016-05-19 06:36:17', '2016-05-19 06:36:17', NULL, 0.0, 0.0, 0.0, 1354, 0, 0);

INSERT INTO `meeting_individual_results` (`id`, `rank`, `is_play_off`, `is_out_of_race`, `is_disqualified`, `standard_points`, `meeting_individual_points`, `minutes`, `seconds`, `hundreds`, `meeting_program_id`, `swimmer_id`, `team_id`, `badge_id`, `user_id`, `created_at`, `updated_at`, `disqualification_code_type_id`, `goggle_cup_points`, `reaction_time`, `team_points`, `team_affiliation_id`, `is_personal_best`, `is_season_type_best`)
  VALUES (375490, 3, 1, 0, 0, 659.24, 659.24, 0, 34, 13, 61476, 25894, 921, 49504, 1, '2016-05-19 06:36:17', '2016-05-19 06:36:17', NULL, 0.0, 0.0, 0.0, 2270, 0, 0);

INSERT INTO `meeting_individual_results` (`id`, `rank`, `is_play_off`, `is_out_of_race`, `is_disqualified`, `standard_points`, `meeting_individual_points`, `minutes`, `seconds`, `hundreds`, `meeting_program_id`, `swimmer_id`, `team_id`, `badge_id`, `user_id`, `created_at`, `updated_at`, `disqualification_code_type_id`, `goggle_cup_points`, `reaction_time`, `team_points`, `team_affiliation_id`, `is_personal_best`, `is_season_type_best`)
  VALUES (375491, 4, 1, 0, 0, 639.02, 639.02, 0, 35, 21, 61476, 12446, 185, 29993, 1, '2016-05-19 06:36:17', '2016-05-19 06:36:17', NULL, 0.0, 0.0, 0.0, 1354, 0, 0);

INSERT INTO `meeting_individual_results` (`id`, `rank`, `is_play_off`, `is_out_of_race`, `is_disqualified`, `standard_points`, `meeting_individual_points`, `minutes`, `seconds`, `hundreds`, `meeting_program_id`, `swimmer_id`, `team_id`, `badge_id`, `user_id`, `created_at`, `updated_at`, `disqualification_code_type_id`, `goggle_cup_points`, `reaction_time`, `team_points`, `team_affiliation_id`, `is_personal_best`, `is_season_type_best`)
  VALUES (375492, 1, 1, 0, 0, 686.02, 686.02, 0, 33, 41, 61477, 25886, 921, 49487, 1, '2016-05-19 06:36:17', '2016-05-19 06:36:17', NULL, 0.0, 0.0, 0.0, 2270, 0, 0);

INSERT INTO `meeting_individual_results` (`id`, `rank`, `is_play_off`, `is_out_of_race`, `is_disqualified`, `standard_points`, `meeting_individual_points`, `minutes`, `seconds`, `hundreds`, `meeting_program_id`, `swimmer_id`, `team_id`, `badge_id`, `user_id`, `created_at`, `updated_at`, `disqualification_code_type_id`, `goggle_cup_points`, `reaction_time`, `team_points`, `team_affiliation_id`, `is_personal_best`, `is_season_type_best`)
  VALUES (375493, 2, 1, 0, 0, 680.52, 680.52, 0, 33, 68, 61477, 12439, 185, 30000, 1, '2016-05-19 06:36:17', '2016-05-19 06:36:17', NULL, 0.0, 0.0, 0.0, 1354, 0, 0);

INSERT INTO `meeting_individual_results` (`id`, `rank`, `is_play_off`, `is_out_of_race`, `is_disqualified`, `standard_points`, `meeting_individual_points`, `minutes`, `seconds`, `hundreds`, `meeting_program_id`, `swimmer_id`, `team_id`, `badge_id`, `user_id`, `created_at`, `updated_at`, `disqualification_code_type_id`, `goggle_cup_points`, `reaction_time`, `team_points`, `team_affiliation_id`, `is_personal_best`, `is_season_type_best`)
  VALUES (375494, 3, 1, 0, 0, 632.8, 632.8, 0, 36, 22, 61477, 12416, 185, 49488, 1, '2016-05-19 06:36:17', '2016-05-19 06:36:17', NULL, 0.0, 0.0, 0.0, 1354, 0, 0);

INSERT INTO `meeting_individual_results` (`id`, `rank`, `is_play_off`, `is_out_of_race`, `is_disqualified`, `standard_points`, `meeting_individual_points`, `minutes`, `seconds`, `hundreds`, `meeting_program_id`, `swimmer_id`, `team_id`, `badge_id`, `user_id`, `created_at`, `updated_at`, `disqualification_code_type_id`, `goggle_cup_points`, `reaction_time`, `team_points`, `team_affiliation_id`, `is_personal_best`, `is_season_type_best`)
  VALUES (375495, 4, 1, 0, 0, 631.93, 631.93, 0, 36, 27, 61477, 17139, 185, 49489, 1, '2016-05-19 06:36:17', '2016-05-19 06:36:17', NULL, 0.0, 0.0, 0.0, 1354, 0, 0);

INSERT INTO `meeting_individual_results` (`id`, `rank`, `is_play_off`, `is_out_of_race`, `is_disqualified`, `standard_points`, `meeting_individual_points`, `minutes`, `seconds`, `hundreds`, `meeting_program_id`, `swimmer_id`, `team_id`, `badge_id`, `user_id`, `created_at`, `updated_at`, `disqualification_code_type_id`, `goggle_cup_points`, `reaction_time`, `team_points`, `team_affiliation_id`, `is_personal_best`, `is_season_type_best`)
  VALUES (375496, 1, 1, 0, 0, 683.95, 683.95, 0, 34, 33, 61478, 25983, 921, 50151, 1, '2016-05-19 06:36:17', '2016-05-19 06:36:17', NULL, 0.0, 0.0, 0.0, 2270, 0, 0);

INSERT INTO `meeting_individual_results` (`id`, `rank`, `is_play_off`, `is_out_of_race`, `is_disqualified`, `standard_points`, `meeting_individual_points`, `minutes`, `seconds`, `hundreds`, `meeting_program_id`, `swimmer_id`, `team_id`, `badge_id`, `user_id`, `created_at`, `updated_at`, `disqualification_code_type_id`, `goggle_cup_points`, `reaction_time`, `team_points`, `team_affiliation_id`, `is_personal_best`, `is_season_type_best`)
  VALUES (375497, 2, 1, 0, 0, 679.2, 679.2, 0, 34, 57, 61478, 25880, 439, 49542, 1, '2016-05-19 06:36:18', '2016-05-19 06:36:18', NULL, 0.0, 0.0, 0.0, 1246, 0, 0);

INSERT INTO `meeting_individual_results` (`id`, `rank`, `is_play_off`, `is_out_of_race`, `is_disqualified`, `standard_points`, `meeting_individual_points`, `minutes`, `seconds`, `hundreds`, `meeting_program_id`, `swimmer_id`, `team_id`, `badge_id`, `user_id`, `created_at`, `updated_at`, `disqualification_code_type_id`, `goggle_cup_points`, `reaction_time`, `team_points`, `team_affiliation_id`, `is_personal_best`, `is_season_type_best`)
  VALUES (375498, 3, 1, 0, 0, 632.37, 632.37, 0, 37, 13, 61478, 6902, 383, 49493, 1, '2016-05-19 06:36:18', '2016-05-19 06:36:18', NULL, 0.0, 0.0, 0.0, 2269, 0, 0);

INSERT INTO `meeting_individual_results` (`id`, `rank`, `is_play_off`, `is_out_of_race`, `is_disqualified`, `standard_points`, `meeting_individual_points`, `minutes`, `seconds`, `hundreds`, `meeting_program_id`, `swimmer_id`, `team_id`, `badge_id`, `user_id`, `created_at`, `updated_at`, `disqualification_code_type_id`, `goggle_cup_points`, `reaction_time`, `team_points`, `team_affiliation_id`, `is_personal_best`, `is_season_type_best`)
  VALUES (375499, 4, 1, 0, 0, 628.65, 628.65, 0, 37, 35, 61478, 23843, 921, 49495, 1, '2016-05-19 06:36:18', '2016-05-19 06:36:18', NULL, 0.0, 0.0, 0.0, 2270, 0, 0);

INSERT INTO `meeting_individual_results` (`id`, `rank`, `is_play_off`, `is_out_of_race`, `is_disqualified`, `standard_points`, `meeting_individual_points`, `minutes`, `seconds`, `hundreds`, `meeting_program_id`, `swimmer_id`, `team_id`, `badge_id`, `user_id`, `created_at`, `updated_at`, `disqualification_code_type_id`, `goggle_cup_points`, `reaction_time`, `team_points`, `team_affiliation_id`, `is_personal_best`, `is_season_type_best`)
  VALUES (375500, 5, 1, 0, 0, 590.84, 590.84, 0, 39, 74, 61478, 23844, 921, 49494, 1, '2016-05-19 06:36:18', '2016-05-19 06:36:18', NULL, 0.0, 0.0, 0.0, 2270, 0, 0);

INSERT INTO `meeting_individual_results` (`id`, `rank`, `is_play_off`, `is_out_of_race`, `is_disqualified`, `standard_points`, `meeting_individual_points`, `minutes`, `seconds`, `hundreds`, `meeting_program_id`, `swimmer_id`, `team_id`, `badge_id`, `user_id`, `created_at`, `updated_at`, `disqualification_code_type_id`, `goggle_cup_points`, `reaction_time`, `team_points`, `team_affiliation_id`, `is_personal_best`, `is_season_type_best`)
  VALUES (375501, 1, 1, 0, 0, 818.15, 818.15, 0, 29, 31, 61479, 8333, 439, 28662, 1, '2016-05-19 06:36:18', '2016-05-19 06:36:18', NULL, 0.0, 0.0, 0.0, 1246, 0, 0);

INSERT INTO `meeting_individual_results` (`id`, `rank`, `is_play_off`, `is_out_of_race`, `is_disqualified`, `standard_points`, `meeting_individual_points`, `minutes`, `seconds`, `hundreds`, `meeting_program_id`, `swimmer_id`, `team_id`, `badge_id`, `user_id`, `created_at`, `updated_at`, `disqualification_code_type_id`, `goggle_cup_points`, `reaction_time`, `team_points`, `team_affiliation_id`, `is_personal_best`, `is_season_type_best`)
  VALUES (375502, 2, 1, 0, 0, 787.78, 787.78, 0, 30, 44, 61479, 12460, 185, 49530, 1, '2016-05-19 06:36:18', '2016-05-19 06:36:18', NULL, 0.0, 0.0, 0.0, 1354, 0, 0);

INSERT INTO `meeting_individual_results` (`id`, `rank`, `is_play_off`, `is_out_of_race`, `is_disqualified`, `standard_points`, `meeting_individual_points`, `minutes`, `seconds`, `hundreds`, `meeting_program_id`, `swimmer_id`, `team_id`, `badge_id`, `user_id`, `created_at`, `updated_at`, `disqualification_code_type_id`, `goggle_cup_points`, `reaction_time`, `team_points`, `team_affiliation_id`, `is_personal_best`, `is_season_type_best`)
  VALUES (375503, 3, 1, 0, 0, 581.62, 581.62, 0, 41, 23, 61479, 6991, 370, 49467, 1, '2016-05-19 06:36:18', '2016-05-19 06:36:18', NULL, 0.0, 0.0, 0.0, 1463, 0, 0);

INSERT INTO `meeting_individual_results` (`id`, `rank`, `is_play_off`, `is_out_of_race`, `is_disqualified`, `standard_points`, `meeting_individual_points`, `minutes`, `seconds`, `hundreds`, `meeting_program_id`, `swimmer_id`, `team_id`, `badge_id`, `user_id`, `created_at`, `updated_at`, `disqualification_code_type_id`, `goggle_cup_points`, `reaction_time`, `team_points`, `team_affiliation_id`, `is_personal_best`, `is_season_type_best`)
  VALUES (375504, 1, 1, 0, 0, 807.99, 807.99, 0, 30, 52, 61480, 3330, 185, 27946, 1, '2016-05-19 06:36:18', '2016-05-19 06:36:18', NULL, 0.0, 0.0, 0.0, 1354, 0, 0);

INSERT INTO `meeting_individual_results` (`id`, `rank`, `is_play_off`, `is_out_of_race`, `is_disqualified`, `standard_points`, `meeting_individual_points`, `minutes`, `seconds`, `hundreds`, `meeting_program_id`, `swimmer_id`, `team_id`, `badge_id`, `user_id`, `created_at`, `updated_at`, `disqualification_code_type_id`, `goggle_cup_points`, `reaction_time`, `team_points`, `team_affiliation_id`, `is_personal_best`, `is_season_type_best`)
  VALUES (375505, 2, 1, 0, 0, 582.02, 582.02, 0, 42, 37, 61480, 12470, 185, 49498, 1, '2016-05-19 06:36:18', '2016-05-19 06:36:18', NULL, 0.0, 0.0, 0.0, 1354, 0, 0);

INSERT INTO `meeting_individual_results` (`id`, `rank`, `is_play_off`, `is_out_of_race`, `is_disqualified`, `standard_points`, `meeting_individual_points`, `minutes`, `seconds`, `hundreds`, `meeting_program_id`, `swimmer_id`, `team_id`, `badge_id`, `user_id`, `created_at`, `updated_at`, `disqualification_code_type_id`, `goggle_cup_points`, `reaction_time`, `team_points`, `team_affiliation_id`, `is_personal_best`, `is_season_type_best`)
  VALUES (375506, 3, 1, 0, 0, 549.22, 549.22, 0, 44, 90, 61480, 17141, 496, 49520, 1, '2016-05-19 06:36:18', '2016-05-19 06:36:18', NULL, 0.0, 0.0, 0.0, 1362, 0, 0);

INSERT INTO `meeting_individual_results` (`id`, `rank`, `is_play_off`, `is_out_of_race`, `is_disqualified`, `standard_points`, `meeting_individual_points`, `minutes`, `seconds`, `hundreds`, `meeting_program_id`, `swimmer_id`, `team_id`, `badge_id`, `user_id`, `created_at`, `updated_at`, `disqualification_code_type_id`, `goggle_cup_points`, `reaction_time`, `team_points`, `team_affiliation_id`, `is_personal_best`, `is_season_type_best`)
  VALUES (375507, 1, 1, 0, 0, 583.58, 583.58, 0, 43, 37, 61481, 26265, 921, 51793, 1, '2016-05-19 06:36:18', '2016-05-19 06:36:18', NULL, 0.0, 0.0, 0.0, 2270, 0, 0);

INSERT INTO `meeting_individual_results` (`id`, `rank`, `is_play_off`, `is_out_of_race`, `is_disqualified`, `standard_points`, `meeting_individual_points`, `minutes`, `seconds`, `hundreds`, `meeting_program_id`, `swimmer_id`, `team_id`, `badge_id`, `user_id`, `created_at`, `updated_at`, `disqualification_code_type_id`, `goggle_cup_points`, `reaction_time`, `team_points`, `team_affiliation_id`, `is_personal_best`, `is_season_type_best`)
  VALUES (375508, 1, 1, 0, 0, 434.46, 434.46, 1, 2, 33, 61482, 9195, 185, 49500, 1, '2016-05-19 06:36:18', '2016-05-19 06:36:18', NULL, 0.0, 0.0, 0.0, 1354, 0, 0);


-- Meeting 14287
-- 'Results acquired' flag setting:
UPDATE meetings SET are_results_acquired = '1' WHERE id = 14287;

-- --- BeginTimeCalculator: compute_for_all( 14287 )
-- ----------------------------------------------------
-- Using RESULTS to compute heat length.

-- Event #1, M.Prg: 61411, tot. athletes: 1
-- Tot. progr. duration: 136 (sec), Heat durations: [13618] (hds)
-- Session begin time: 2015-03-01 08:30:00 +0100, Computed begin time: 2015-03-01 08:32:00 +0100
UPDATE meeting_programs SET begin_time = '2015-03-01 08:32' WHERE id = 61411;

-- Event #2, M.Prg: 61412, tot. athletes: 1
-- Tot. progr. duration: 126 (sec), Heat durations: [12601] (hds)
-- Session begin time: 2015-03-01 08:30:00 +0100, Computed begin time: 2015-03-01 08:34:16 +0100
UPDATE meeting_programs SET begin_time = '2015-03-01 08:34' WHERE id = 61412;

-- Event #3, M.Prg: 61413, tot. athletes: 1
-- Tot. progr. duration: 144 (sec), Heat durations: [14496] (hds)
-- Session begin time: 2015-03-01 08:30:00 +0100, Computed begin time: 2015-03-01 08:36:22 +0100
UPDATE meeting_programs SET begin_time = '2015-03-01 08:36' WHERE id = 61413;

-- Event #4, M.Prg: 61414, tot. athletes: 1
-- Tot. progr. duration: 144 (sec), Heat durations: [14486] (hds)
-- Session begin time: 2015-03-01 08:30:00 +0100, Computed begin time: 2015-03-01 08:38:46 +0100
UPDATE meeting_programs SET begin_time = '2015-03-01 08:38' WHERE id = 61414;

-- Event #5, M.Prg: 61415, tot. athletes: 1
-- Tot. progr. duration: 165 (sec), Heat durations: [16513] (hds)
-- Session begin time: 2015-03-01 08:30:00 +0100, Computed begin time: 2015-03-01 08:41:10 +0100
UPDATE meeting_programs SET begin_time = '2015-03-01 08:41' WHERE id = 61415;

-- Event #6, M.Prg: 61416, tot. athletes: 1
-- Tot. progr. duration: 145 (sec), Heat durations: [14580] (hds)
-- Session begin time: 2015-03-01 08:30:00 +0100, Computed begin time: 2015-03-01 08:43:55 +0100
UPDATE meeting_programs SET begin_time = '2015-03-01 08:43' WHERE id = 61416;

-- Event #7, M.Prg: 61417, tot. athletes: 3
-- Tot. progr. duration: 185 (sec), Heat durations: [18531] (hds)
-- Session begin time: 2015-03-01 08:30:00 +0100, Computed begin time: 2015-03-01 08:46:20 +0100
UPDATE meeting_programs SET begin_time = '2015-03-01 08:46' WHERE id = 61417;

-- Event #8, M.Prg: 61418, tot. athletes: 3
-- Tot. progr. duration: 163 (sec), Heat durations: [16363] (hds)
-- Session begin time: 2015-03-01 08:30:00 +0100, Computed begin time: 2015-03-01 08:49:25 +0100
UPDATE meeting_programs SET begin_time = '2015-03-01 08:49' WHERE id = 61418;

-- Event #9, M.Prg: 61419, tot. athletes: 1
-- Tot. progr. duration: 162 (sec), Heat durations: [16227] (hds)
-- Session begin time: 2015-03-01 08:30:00 +0100, Computed begin time: 2015-03-01 08:52:08 +0100
UPDATE meeting_programs SET begin_time = '2015-03-01 08:52' WHERE id = 61419;

-- Event #10, M.Prg: 61420, tot. athletes: 2
-- Tot. progr. duration: 170 (sec), Heat durations: [17053] (hds)
-- Session begin time: 2015-03-01 08:30:00 +0100, Computed begin time: 2015-03-01 08:54:50 +0100
UPDATE meeting_programs SET begin_time = '2015-03-01 08:54' WHERE id = 61420;

-- Event #11, M.Prg: 61421, tot. athletes: 1
-- Tot. progr. duration: 194 (sec), Heat durations: [19460] (hds)
-- Session begin time: 2015-03-01 08:30:00 +0100, Computed begin time: 2015-03-01 08:57:40 +0100
UPDATE meeting_programs SET begin_time = '2015-03-01 08:57' WHERE id = 61421;

-- Event #12, M.Prg: 61422, tot. athletes: 1
-- Tot. progr. duration: 210 (sec), Heat durations: [21058] (hds)
-- Session begin time: 2015-03-01 08:30:00 +0100, Computed begin time: 2015-03-01 09:00:54 +0100
UPDATE meeting_programs SET begin_time = '2015-03-01 09:00' WHERE id = 61422;

-- Event #13, M.Prg: 61423, tot. athletes: 1
-- Tot. progr. duration: 137 (sec), Heat durations: [13774] (hds)
-- Session begin time: 2015-03-01 08:30:00 +0100, Computed begin time: 2015-03-01 09:04:24 +0100
UPDATE meeting_programs SET begin_time = '2015-03-01 09:04' WHERE id = 61423;

-- Event #14, M.Prg: 61424, tot. athletes: 1
-- Tot. progr. duration: 135 (sec), Heat durations: [13588] (hds)
-- Session begin time: 2015-03-01 08:30:00 +0100, Computed begin time: 2015-03-01 09:06:41 +0100
UPDATE meeting_programs SET begin_time = '2015-03-01 09:06' WHERE id = 61424;

-- Event #15, M.Prg: 61425, tot. athletes: 1
-- Tot. progr. duration: 146 (sec), Heat durations: [14659] (hds)
-- Session begin time: 2015-03-01 08:30:00 +0100, Computed begin time: 2015-03-01 09:08:56 +0100
UPDATE meeting_programs SET begin_time = '2015-03-01 09:08' WHERE id = 61425;

-- Event #16, M.Prg: 61426, tot. athletes: 1
-- Tot. progr. duration: 123 (sec), Heat durations: [12320] (hds)
-- Session begin time: 2015-03-01 08:30:00 +0100, Computed begin time: 2015-03-01 09:11:22 +0100
UPDATE meeting_programs SET begin_time = '2015-03-01 09:11' WHERE id = 61426;

-- Event #17, M.Prg: 61427, tot. athletes: 1
-- Tot. progr. duration: 140 (sec), Heat durations: [14096] (hds)
-- Session begin time: 2015-03-01 08:30:00 +0100, Computed begin time: 2015-03-01 09:13:25 +0100
UPDATE meeting_programs SET begin_time = '2015-03-01 09:13' WHERE id = 61427;

-- Event #18, M.Prg: 61428, tot. athletes: 2
-- Tot. progr. duration: 152 (sec), Heat durations: [15260] (hds)
-- Session begin time: 2015-03-01 08:30:00 +0100, Computed begin time: 2015-03-01 09:15:45 +0100
UPDATE meeting_programs SET begin_time = '2015-03-01 09:15' WHERE id = 61428;

-- Event #19, M.Prg: 61429, tot. athletes: 3
-- Tot. progr. duration: 147 (sec), Heat durations: [14734] (hds)
-- Session begin time: 2015-03-01 08:30:00 +0100, Computed begin time: 2015-03-01 09:18:17 +0100
UPDATE meeting_programs SET begin_time = '2015-03-01 09:18' WHERE id = 61429;

-- Event #20, M.Prg: 61430, tot. athletes: 6
-- Tot. progr. duration: 154 (sec), Heat durations: [15469] (hds)
-- Session begin time: 2015-03-01 08:30:00 +0100, Computed begin time: 2015-03-01 09:20:44 +0100
UPDATE meeting_programs SET begin_time = '2015-03-01 09:20' WHERE id = 61430;

-- Event #21, M.Prg: 61431, tot. athletes: 1
-- Tot. progr. duration: 157 (sec), Heat durations: [15714] (hds)
-- Session begin time: 2015-03-01 08:30:00 +0100, Computed begin time: 2015-03-01 09:23:18 +0100
UPDATE meeting_programs SET begin_time = '2015-03-01 09:23' WHERE id = 61431;

-- Event #22, M.Prg: 61432, tot. athletes: 1
-- Tot. progr. duration: 173 (sec), Heat durations: [17355] (hds)
-- Session begin time: 2015-03-01 08:30:00 +0100, Computed begin time: 2015-03-01 09:25:55 +0100
UPDATE meeting_programs SET begin_time = '2015-03-01 09:25' WHERE id = 61432;

-- Event #23, M.Prg: 61433, tot. athletes: 1
-- Tot. progr. duration: 209 (sec), Heat durations: [20904] (hds)
-- Session begin time: 2015-03-01 08:30:00 +0100, Computed begin time: 2015-03-01 09:28:48 +0100
UPDATE meeting_programs SET begin_time = '2015-03-01 09:28' WHERE id = 61433;

-- Event #24, M.Prg: 61434, tot. athletes: 2
-- Tot. progr. duration: 181 (sec), Heat durations: [18133] (hds)
-- Session begin time: 2015-03-01 08:30:00 +0100, Computed begin time: 2015-03-01 09:32:17 +0100
UPDATE meeting_programs SET begin_time = '2015-03-01 09:32' WHERE id = 61434;

-- Event #25, M.Prg: 61435, tot. athletes: 2
-- Tot. progr. duration: 1969 (sec), Heat durations: [196936] (hds)
-- Session begin time: 2015-03-01 08:30:00 +0100, Computed begin time: 2015-03-01 09:35:18 +0100
UPDATE meeting_programs SET begin_time = '2015-03-01 09:35' WHERE id = 61435;

-- Event #26, M.Prg: 61436, tot. athletes: 2
-- Tot. progr. duration: 1440 (sec), Heat durations: [144086] (hds)
-- Session begin time: 2015-03-01 08:30:00 +0100, Computed begin time: 2015-03-01 10:08:07 +0100
UPDATE meeting_programs SET begin_time = '2015-03-01 10:08' WHERE id = 61436;

-- Event #27, M.Prg: 61437, tot. athletes: 1
-- Tot. progr. duration: 1420 (sec), Heat durations: [142002] (hds)
-- Session begin time: 2015-03-01 08:30:00 +0100, Computed begin time: 2015-03-01 10:32:07 +0100
UPDATE meeting_programs SET begin_time = '2015-03-01 10:32' WHERE id = 61437;

-- Event #28, M.Prg: 61438, tot. athletes: 1
-- Tot. progr. duration: 233 (sec), Heat durations: [23397] (hds)
-- Session begin time: 2015-03-01 08:30:00 +0100, Computed begin time: 2015-03-01 10:55:47 +0100
UPDATE meeting_programs SET begin_time = '2015-03-01 10:55' WHERE id = 61438;

-- Event #29, M.Prg: 61439, tot. athletes: 1
-- Tot. progr. duration: 427 (sec), Heat durations: [42729] (hds)
-- Session begin time: 2015-03-01 08:30:00 +0100, Computed begin time: 2015-03-01 10:59:40 +0100
UPDATE meeting_programs SET begin_time = '2015-03-01 10:59' WHERE id = 61439;

-- Event #30, M.Prg: 61440, tot. athletes: 1
-- Tot. progr. duration: 229 (sec), Heat durations: [22914] (hds)
-- Session begin time: 2015-03-01 08:30:00 +0100, Computed begin time: 2015-03-01 11:06:47 +0100
UPDATE meeting_programs SET begin_time = '2015-03-01 11:06' WHERE id = 61440;

-- Event #31, M.Prg: 61441, tot. athletes: 1
-- Tot. progr. duration: 236 (sec), Heat durations: [23646] (hds)
-- Session begin time: 2015-03-01 08:30:00 +0100, Computed begin time: 2015-03-01 11:10:36 +0100
UPDATE meeting_programs SET begin_time = '2015-03-01 11:10' WHERE id = 61441;

-- Event #32, M.Prg: 61442, tot. athletes: 1
-- Tot. progr. duration: 230 (sec), Heat durations: [23095] (hds)
-- Session begin time: 2015-03-01 08:30:00 +0100, Computed begin time: 2015-03-01 11:14:32 +0100
UPDATE meeting_programs SET begin_time = '2015-03-01 11:14' WHERE id = 61442;

-- Event #33, M.Prg: 61443, tot. athletes: 1
-- Tot. progr. duration: 254 (sec), Heat durations: [25417] (hds)
-- Session begin time: 2015-03-01 08:30:00 +0100, Computed begin time: 2015-03-01 11:18:22 +0100
UPDATE meeting_programs SET begin_time = '2015-03-01 11:18' WHERE id = 61443;

-- Event #34, M.Prg: 61444, tot. athletes: 1
-- Tot. progr. duration: 249 (sec), Heat durations: [24935] (hds)
-- Session begin time: 2015-03-01 08:30:00 +0100, Computed begin time: 2015-03-01 11:22:36 +0100
UPDATE meeting_programs SET begin_time = '2015-03-01 11:22' WHERE id = 61444;

-- Event #35, M.Prg: 61445, tot. athletes: 1
-- Tot. progr. duration: 253 (sec), Heat durations: [25370] (hds)
-- Session begin time: 2015-03-01 08:30:00 +0100, Computed begin time: 2015-03-01 11:26:45 +0100
UPDATE meeting_programs SET begin_time = '2015-03-01 11:26' WHERE id = 61445;

-- Event #36, M.Prg: 61446, tot. athletes: 1
-- Tot. progr. duration: 211 (sec), Heat durations: [21188] (hds)
-- Session begin time: 2015-03-01 08:30:00 +0100, Computed begin time: 2015-03-01 11:30:58 +0100
UPDATE meeting_programs SET begin_time = '2015-03-01 11:30' WHERE id = 61446;

-- Event #37, M.Prg: 61447, tot. athletes: 1
-- Tot. progr. duration: 267 (sec), Heat durations: [26727] (hds)
-- Session begin time: 2015-03-01 08:30:00 +0100, Computed begin time: 2015-03-01 11:34:29 +0100
UPDATE meeting_programs SET begin_time = '2015-03-01 11:34' WHERE id = 61447;

-- Event #38, M.Prg: 61448, tot. athletes: 1
-- Tot. progr. duration: 425 (sec), Heat durations: [42589] (hds)
-- Session begin time: 2015-03-01 08:30:00 +0100, Computed begin time: 2015-03-01 11:38:56 +0100
UPDATE meeting_programs SET begin_time = '2015-03-01 11:38' WHERE id = 61448;

-- Event #39, M.Prg: 61449, tot. athletes: 1
-- Tot. progr. duration: 467 (sec), Heat durations: [46706] (hds)
-- Session begin time: 2015-03-01 08:30:00 +0100, Computed begin time: 2015-03-01 11:46:01 +0100
UPDATE meeting_programs SET begin_time = '2015-03-01 11:46' WHERE id = 61449;

-- Event #40, M.Prg: 61450, tot. athletes: 2
-- Tot. progr. duration: 515 (sec), Heat durations: [51511] (hds)
-- Session begin time: 2015-03-01 08:30:00 +0100, Computed begin time: 2015-03-01 11:53:48 +0100
UPDATE meeting_programs SET begin_time = '2015-03-01 11:53' WHERE id = 61450;

-- Event #41, M.Prg: 61451, tot. athletes: 1
-- Tot. progr. duration: 105 (sec), Heat durations: [10547] (hds)
-- Session begin time: 2015-03-01 08:30:00 +0100, Computed begin time: 2015-03-01 12:02:23 +0100
UPDATE meeting_programs SET begin_time = '2015-03-01 12:02' WHERE id = 61451;

-- Event #42, M.Prg: 61452, tot. athletes: 1
-- Tot. progr. duration: 112 (sec), Heat durations: [11219] (hds)
-- Session begin time: 2015-03-01 08:30:00 +0100, Computed begin time: 2015-03-01 12:04:08 +0100
UPDATE meeting_programs SET begin_time = '2015-03-01 12:04' WHERE id = 61452;

-- Event #43, M.Prg: 61453, tot. athletes: 1
-- Tot. progr. duration: 104 (sec), Heat durations: [10401] (hds)
-- Session begin time: 2015-03-01 08:30:00 +0100, Computed begin time: 2015-03-01 12:06:00 +0100
UPDATE meeting_programs SET begin_time = '2015-03-01 12:06' WHERE id = 61453;

-- Event #44, M.Prg: 61454, tot. athletes: 2
-- Tot. progr. duration: 108 (sec), Heat durations: [10818] (hds)
-- Session begin time: 2015-03-01 08:30:00 +0100, Computed begin time: 2015-03-01 12:07:44 +0100
UPDATE meeting_programs SET begin_time = '2015-03-01 12:07' WHERE id = 61454;

-- Event #45, M.Prg: 61455, tot. athletes: 1
-- Tot. progr. duration: 118 (sec), Heat durations: [11809] (hds)
-- Session begin time: 2015-03-01 08:30:00 +0100, Computed begin time: 2015-03-01 12:09:32 +0100
UPDATE meeting_programs SET begin_time = '2015-03-01 12:09' WHERE id = 61455;

-- Event #46, M.Prg: 61456, tot. athletes: 2
-- Tot. progr. duration: 97 (sec), Heat durations: [9765] (hds)
-- Session begin time: 2015-03-01 08:30:00 +0100, Computed begin time: 2015-03-01 12:11:30 +0100
UPDATE meeting_programs SET begin_time = '2015-03-01 12:11' WHERE id = 61456;

-- Event #47, M.Prg: 61457, tot. athletes: 1
-- Tot. progr. duration: 95 (sec), Heat durations: [9586] (hds)
-- Session begin time: 2015-03-01 08:30:00 +0100, Computed begin time: 2015-03-01 12:13:07 +0100
UPDATE meeting_programs SET begin_time = '2015-03-01 12:13' WHERE id = 61457;

-- Event #48, M.Prg: 61458, tot. athletes: 1
-- Tot. progr. duration: 90 (sec), Heat durations: [9054] (hds)
-- Session begin time: 2015-03-01 08:30:00 +0100, Computed begin time: 2015-03-01 12:14:42 +0100
UPDATE meeting_programs SET begin_time = '2015-03-01 12:14' WHERE id = 61458;

-- Event #49, M.Prg: 61459, tot. athletes: 2
-- Tot. progr. duration: 90 (sec), Heat durations: [9021] (hds)
-- Session begin time: 2015-03-01 08:30:00 +0100, Computed begin time: 2015-03-01 12:16:12 +0100
UPDATE meeting_programs SET begin_time = '2015-03-01 12:16' WHERE id = 61459;

-- Event #50, M.Prg: 61460, tot. athletes: 2
-- Tot. progr. duration: 99 (sec), Heat durations: [9948] (hds)
-- Session begin time: 2015-03-01 08:30:00 +0100, Computed begin time: 2015-03-01 12:17:42 +0100
UPDATE meeting_programs SET begin_time = '2015-03-01 12:17' WHERE id = 61460;

-- Event #51, M.Prg: 61461, tot. athletes: 1
-- Tot. progr. duration: 111 (sec), Heat durations: [11145] (hds)
-- Session begin time: 2015-03-01 08:30:00 +0100, Computed begin time: 2015-03-01 12:19:21 +0100
UPDATE meeting_programs SET begin_time = '2015-03-01 12:19' WHERE id = 61461;

-- Event #52, M.Prg: 61462, tot. athletes: 1
-- Tot. progr. duration: 135 (sec), Heat durations: [13581] (hds)
-- Session begin time: 2015-03-01 08:30:00 +0100, Computed begin time: 2015-03-01 12:21:12 +0100
UPDATE meeting_programs SET begin_time = '2015-03-01 12:21' WHERE id = 61462;

-- Event #53, M.Prg: 61463, tot. athletes: 3
-- Tot. progr. duration: 109 (sec), Heat durations: [10951] (hds)
-- Session begin time: 2015-03-01 08:30:00 +0100, Computed begin time: 2015-03-01 12:23:27 +0100
UPDATE meeting_programs SET begin_time = '2015-03-01 12:23' WHERE id = 61463;

-- Event #54, M.Prg: 61464, tot. athletes: 1
-- Tot. progr. duration: 149 (sec), Heat durations: [14901] (hds)
-- Session begin time: 2015-03-01 08:30:00 +0100, Computed begin time: 2015-03-01 12:25:16 +0100
UPDATE meeting_programs SET begin_time = '2015-03-01 12:25' WHERE id = 61464;

-- Event #55, M.Prg: 61465, tot. athletes: 1
-- Tot. progr. duration: 113 (sec), Heat durations: [11340] (hds)
-- Session begin time: 2015-03-01 08:30:00 +0100, Computed begin time: 2015-03-01 12:27:45 +0100
UPDATE meeting_programs SET begin_time = '2015-03-01 12:27' WHERE id = 61465;

-- Event #56, M.Prg: 61466, tot. athletes: 1
-- Tot. progr. duration: 103 (sec), Heat durations: [10338] (hds)
-- Session begin time: 2015-03-01 08:30:00 +0100, Computed begin time: 2015-03-01 12:29:38 +0100
UPDATE meeting_programs SET begin_time = '2015-03-01 12:29' WHERE id = 61466;

-- Event #57, M.Prg: 61467, tot. athletes: 2
-- Tot. progr. duration: 109 (sec), Heat durations: [10955] (hds)
-- Session begin time: 2015-03-01 08:30:00 +0100, Computed begin time: 2015-03-01 12:31:21 +0100
UPDATE meeting_programs SET begin_time = '2015-03-01 12:31' WHERE id = 61467;

-- Event #58, M.Prg: 61468, tot. athletes: 1
-- Tot. progr. duration: 115 (sec), Heat durations: [11581] (hds)
-- Session begin time: 2015-03-01 08:30:00 +0100, Computed begin time: 2015-03-01 12:33:10 +0100
UPDATE meeting_programs SET begin_time = '2015-03-01 12:33' WHERE id = 61468;

-- Event #59, M.Prg: 61469, tot. athletes: 2
-- Tot. progr. duration: 128 (sec), Heat durations: [12887] (hds)
-- Session begin time: 2015-03-01 08:30:00 +0100, Computed begin time: 2015-03-01 12:35:05 +0100
UPDATE meeting_programs SET begin_time = '2015-03-01 12:35' WHERE id = 61469;

-- Event #60, M.Prg: 61470, tot. athletes: 2
-- Tot. progr. duration: 125 (sec), Heat durations: [12503] (hds)
-- Session begin time: 2015-03-01 08:30:00 +0100, Computed begin time: 2015-03-01 12:37:13 +0100
UPDATE meeting_programs SET begin_time = '2015-03-01 12:37' WHERE id = 61470;

-- Event #61, M.Prg: 61471, tot. athletes: 1
-- Tot. progr. duration: 107 (sec), Heat durations: [10763] (hds)
-- Session begin time: 2015-03-01 08:30:00 +0100, Computed begin time: 2015-03-01 12:39:18 +0100
UPDATE meeting_programs SET begin_time = '2015-03-01 12:39' WHERE id = 61471;

-- Event #62, M.Prg: 61472, tot. athletes: 1
-- Tot. progr. duration: 98 (sec), Heat durations: [9806] (hds)
-- Session begin time: 2015-03-01 08:30:00 +0100, Computed begin time: 2015-03-01 12:41:05 +0100
UPDATE meeting_programs SET begin_time = '2015-03-01 12:41' WHERE id = 61472;

-- Event #63, M.Prg: 61473, tot. athletes: 1
-- Tot. progr. duration: 96 (sec), Heat durations: [9641] (hds)
-- Session begin time: 2015-03-01 08:30:00 +0100, Computed begin time: 2015-03-01 12:42:43 +0100
UPDATE meeting_programs SET begin_time = '2015-03-01 12:42' WHERE id = 61473;

-- Event #64, M.Prg: 61474, tot. athletes: 1
-- Tot. progr. duration: 102 (sec), Heat durations: [10201] (hds)
-- Session begin time: 2015-03-01 08:30:00 +0100, Computed begin time: 2015-03-01 12:44:19 +0100
UPDATE meeting_programs SET begin_time = '2015-03-01 12:44' WHERE id = 61474;

-- Event #65, M.Prg: 61475, tot. athletes: 1
-- Tot. progr. duration: 88 (sec), Heat durations: [8852] (hds)
-- Session begin time: 2015-03-01 08:30:00 +0100, Computed begin time: 2015-03-01 12:46:01 +0100
UPDATE meeting_programs SET begin_time = '2015-03-01 12:46' WHERE id = 61475;

-- Event #66, M.Prg: 61476, tot. athletes: 4
-- Tot. progr. duration: 95 (sec), Heat durations: [9521] (hds)
-- Session begin time: 2015-03-01 08:30:00 +0100, Computed begin time: 2015-03-01 12:47:29 +0100
UPDATE meeting_programs SET begin_time = '2015-03-01 12:47' WHERE id = 61476;

-- Event #67, M.Prg: 61477, tot. athletes: 4
-- Tot. progr. duration: 96 (sec), Heat durations: [9627] (hds)
-- Session begin time: 2015-03-01 08:30:00 +0100, Computed begin time: 2015-03-01 12:49:04 +0100
UPDATE meeting_programs SET begin_time = '2015-03-01 12:49' WHERE id = 61477;

-- Event #68, M.Prg: 61478, tot. athletes: 5
-- Tot. progr. duration: 99 (sec), Heat durations: [9974] (hds)
-- Session begin time: 2015-03-01 08:30:00 +0100, Computed begin time: 2015-03-01 12:50:40 +0100
UPDATE meeting_programs SET begin_time = '2015-03-01 12:50' WHERE id = 61478;

-- Event #69, M.Prg: 61479, tot. athletes: 3
-- Tot. progr. duration: 101 (sec), Heat durations: [10123] (hds)
-- Session begin time: 2015-03-01 08:30:00 +0100, Computed begin time: 2015-03-01 12:52:19 +0100
UPDATE meeting_programs SET begin_time = '2015-03-01 12:52' WHERE id = 61479;

-- Event #70, M.Prg: 61480, tot. athletes: 3
-- Tot. progr. duration: 104 (sec), Heat durations: [10490] (hds)
-- Session begin time: 2015-03-01 08:30:00 +0100, Computed begin time: 2015-03-01 12:54:00 +0100
UPDATE meeting_programs SET begin_time = '2015-03-01 12:54' WHERE id = 61480;

-- Event #71, M.Prg: 61481, tot. athletes: 1
-- Tot. progr. duration: 103 (sec), Heat durations: [10337] (hds)
-- Session begin time: 2015-03-01 08:30:00 +0100, Computed begin time: 2015-03-01 12:55:44 +0100
UPDATE meeting_programs SET begin_time = '2015-03-01 12:55' WHERE id = 61481;

-- Event #72, M.Prg: 61482, tot. athletes: 1
-- Tot. progr. duration: 122 (sec), Heat durations: [12233] (hds)
-- Session begin time: 2015-03-01 08:30:00 +0100, Computed begin time: 2015-03-01 12:57:27 +0100
UPDATE meeting_programs SET begin_time = '2015-03-01 12:57' WHERE id = 61482;


-- Last completed phase code: 30
