-- *** SQL Diff file for isc20160605csiprova6.csv ***
-- Timestamp: 201605310557
INSERT INTO `meeting_programs` (`id`, `event_order`, `category_type_id`, `gender_type_id`, `user_id`, `created_at`, `updated_at`, `is_autofilled`, `is_out_of_race`, `begin_time`, `meeting_event_id`, `pool_type_id`, `time_standard_id`)
  VALUES (73769, 1, 898, 2, 1, '2016-05-31 05:57:54', '2016-05-31 05:57:54', 1, 0, '2000-01-01 09:04:00', 3888, 1, NULL);

INSERT INTO `meeting_programs` (`id`, `event_order`, `category_type_id`, `gender_type_id`, `user_id`, `created_at`, `updated_at`, `is_autofilled`, `is_out_of_race`, `begin_time`, `meeting_event_id`, `pool_type_id`, `time_standard_id`)
  VALUES (73770, 2, 901, 1, 1, '2016-05-31 05:57:54', '2016-05-31 05:57:54', 1, 0, '2000-01-01 09:06:00', 3889, 1, NULL);

INSERT INTO `meeting_programs` (`id`, `event_order`, `category_type_id`, `gender_type_id`, `user_id`, `created_at`, `updated_at`, `is_autofilled`, `is_out_of_race`, `begin_time`, `meeting_event_id`, `pool_type_id`, `time_standard_id`)
  VALUES (73771, 3, 897, 2, 1, '2016-05-31 05:57:54', '2016-05-31 05:57:54', 1, 0, '2000-01-01 09:08:00', 3889, 1, NULL);

INSERT INTO `meeting_programs` (`id`, `event_order`, `category_type_id`, `gender_type_id`, `user_id`, `created_at`, `updated_at`, `is_autofilled`, `is_out_of_race`, `begin_time`, `meeting_event_id`, `pool_type_id`, `time_standard_id`)
  VALUES (73772, 4, 898, 2, 1, '2016-05-31 05:57:54', '2016-05-31 05:57:54', 1, 0, '2000-01-01 09:10:00', 3889, 1, NULL);

INSERT INTO `meeting_programs` (`id`, `event_order`, `category_type_id`, `gender_type_id`, `user_id`, `created_at`, `updated_at`, `is_autofilled`, `is_out_of_race`, `begin_time`, `meeting_event_id`, `pool_type_id`, `time_standard_id`)
  VALUES (73773, 5, 901, 1, 1, '2016-05-31 05:57:54', '2016-05-31 05:57:54', 1, 0, '2000-01-01 09:12:00', 3891, 1, NULL);

INSERT INTO `meeting_programs` (`id`, `event_order`, `category_type_id`, `gender_type_id`, `user_id`, `created_at`, `updated_at`, `is_autofilled`, `is_out_of_race`, `begin_time`, `meeting_event_id`, `pool_type_id`, `time_standard_id`)
  VALUES (73774, 6, 897, 1, 1, '2016-05-31 05:57:54', '2016-05-31 05:57:54', 1, 0, '2000-01-01 09:14:00', 3888, 1, NULL);

INSERT INTO `meeting_programs` (`id`, `event_order`, `category_type_id`, `gender_type_id`, `user_id`, `created_at`, `updated_at`, `is_autofilled`, `is_out_of_race`, `begin_time`, `meeting_event_id`, `pool_type_id`, `time_standard_id`)
  VALUES (73775, 7, 902, 2, 1, '2016-05-31 05:57:54', '2016-05-31 05:57:54', 1, 0, '2000-01-01 09:16:00', 3889, 1, NULL);

INSERT INTO `meeting_programs` (`id`, `event_order`, `category_type_id`, `gender_type_id`, `user_id`, `created_at`, `updated_at`, `is_autofilled`, `is_out_of_race`, `begin_time`, `meeting_event_id`, `pool_type_id`, `time_standard_id`)
  VALUES (73776, 8, 896, 1, 1, '2016-05-31 05:57:54', '2016-05-31 05:57:54', 1, 0, '2000-01-01 09:18:00', 3888, 1, NULL);

INSERT INTO `meeting_programs` (`id`, `event_order`, `category_type_id`, `gender_type_id`, `user_id`, `created_at`, `updated_at`, `is_autofilled`, `is_out_of_race`, `begin_time`, `meeting_event_id`, `pool_type_id`, `time_standard_id`)
  VALUES (73777, 9, 898, 1, 1, '2016-05-31 05:57:55', '2016-05-31 05:57:55', 1, 0, '2000-01-01 09:20:00', 3891, 1, NULL);

INSERT INTO `meeting_programs` (`id`, `event_order`, `category_type_id`, `gender_type_id`, `user_id`, `created_at`, `updated_at`, `is_autofilled`, `is_out_of_race`, `begin_time`, `meeting_event_id`, `pool_type_id`, `time_standard_id`)
  VALUES (73778, 10, 896, 2, 1, '2016-05-31 05:57:55', '2016-05-31 05:57:55', 1, 0, '2000-01-01 09:22:00', 3889, 1, NULL);

INSERT INTO `meeting_programs` (`id`, `event_order`, `category_type_id`, `gender_type_id`, `user_id`, `created_at`, `updated_at`, `is_autofilled`, `is_out_of_race`, `begin_time`, `meeting_event_id`, `pool_type_id`, `time_standard_id`)
  VALUES (73779, 11, 896, 1, 1, '2016-05-31 05:57:55', '2016-05-31 05:57:55', 1, 0, '2000-01-01 09:24:00', 3887, 1, NULL);

INSERT INTO `meeting_programs` (`id`, `event_order`, `category_type_id`, `gender_type_id`, `user_id`, `created_at`, `updated_at`, `is_autofilled`, `is_out_of_race`, `begin_time`, `meeting_event_id`, `pool_type_id`, `time_standard_id`)
  VALUES (73780, 12, 898, 1, 1, '2016-05-31 05:57:55', '2016-05-31 05:57:55', 1, 0, '2000-01-01 09:26:00', 3887, 1, NULL);

INSERT INTO `meeting_programs` (`id`, `event_order`, `category_type_id`, `gender_type_id`, `user_id`, `created_at`, `updated_at`, `is_autofilled`, `is_out_of_race`, `begin_time`, `meeting_event_id`, `pool_type_id`, `time_standard_id`)
  VALUES (73781, 1, 898, 1, 1, '2016-05-31 05:57:55', '2016-05-31 05:57:55', 1, 0, '2000-01-01 09:28:00', 3888, 1, NULL);

INSERT INTO `meeting_programs` (`id`, `event_order`, `category_type_id`, `gender_type_id`, `user_id`, `created_at`, `updated_at`, `is_autofilled`, `is_out_of_race`, `begin_time`, `meeting_event_id`, `pool_type_id`, `time_standard_id`)
  VALUES (73782, 13, 897, 1, 1, '2016-05-31 05:57:55', '2016-05-31 05:57:55', 1, 0, '2000-01-01 09:30:00', 3890, 1, NULL);

INSERT INTO `meeting_programs` (`id`, `event_order`, `category_type_id`, `gender_type_id`, `user_id`, `created_at`, `updated_at`, `is_autofilled`, `is_out_of_race`, `begin_time`, `meeting_event_id`, `pool_type_id`, `time_standard_id`)
  VALUES (73783, 14, 902, 2, 1, '2016-05-31 05:57:55', '2016-05-31 05:57:55', 1, 0, '2000-01-01 09:32:00', 3891, 1, NULL);

INSERT INTO `meeting_programs` (`id`, `event_order`, `category_type_id`, `gender_type_id`, `user_id`, `created_at`, `updated_at`, `is_autofilled`, `is_out_of_race`, `begin_time`, `meeting_event_id`, `pool_type_id`, `time_standard_id`)
  VALUES (73784, 15, 896, 1, 1, '2016-05-31 05:57:55', '2016-05-31 05:57:55', 1, 0, '2000-01-01 09:34:00', 3891, 1, NULL);

INSERT INTO `meeting_programs` (`id`, `event_order`, `category_type_id`, `gender_type_id`, `user_id`, `created_at`, `updated_at`, `is_autofilled`, `is_out_of_race`, `begin_time`, `meeting_event_id`, `pool_type_id`, `time_standard_id`)
  VALUES (73785, 16, 898, 1, 1, '2016-05-31 05:57:55', '2016-05-31 05:57:55', 1, 0, '2000-01-01 09:28:00', 3890, 1, NULL);

INSERT INTO `meeting_programs` (`id`, `event_order`, `category_type_id`, `gender_type_id`, `user_id`, `created_at`, `updated_at`, `is_autofilled`, `is_out_of_race`, `begin_time`, `meeting_event_id`, `pool_type_id`, `time_standard_id`)
  VALUES (73786, 4, 898, 1, 1, '2016-05-31 05:57:55', '2016-05-31 05:57:55', 1, 0, '2000-01-01 09:38:00', 3889, 1, NULL);

INSERT INTO `meeting_programs` (`id`, `event_order`, `category_type_id`, `gender_type_id`, `user_id`, `created_at`, `updated_at`, `is_autofilled`, `is_out_of_race`, `begin_time`, `meeting_event_id`, `pool_type_id`, `time_standard_id`)
  VALUES (73787, 17, 902, 1, 1, '2016-05-31 05:57:55', '2016-05-31 05:57:55', 1, 0, '2000-01-01 09:48:00', 3888, 1, NULL);

INSERT INTO `meeting_programs` (`id`, `event_order`, `category_type_id`, `gender_type_id`, `user_id`, `created_at`, `updated_at`, `is_autofilled`, `is_out_of_race`, `begin_time`, `meeting_event_id`, `pool_type_id`, `time_standard_id`)
  VALUES (73788, 18, 900, 1, 1, '2016-05-31 05:57:55', '2016-05-31 05:57:55', 1, 0, '2000-01-01 09:58:00', 3888, 1, NULL);

INSERT INTO `meeting_programs` (`id`, `event_order`, `category_type_id`, `gender_type_id`, `user_id`, `created_at`, `updated_at`, `is_autofilled`, `is_out_of_race`, `begin_time`, `meeting_event_id`, `pool_type_id`, `time_standard_id`)
  VALUES (73789, 7, 902, 1, 1, '2016-05-31 05:57:55', '2016-05-31 05:57:55', 1, 0, '2000-01-01 09:48:00', 3889, 1, NULL);

INSERT INTO `meeting_programs` (`id`, `event_order`, `category_type_id`, `gender_type_id`, `user_id`, `created_at`, `updated_at`, `is_autofilled`, `is_out_of_race`, `begin_time`, `meeting_event_id`, `pool_type_id`, `time_standard_id`)
  VALUES (73790, 19, 900, 1, 1, '2016-05-31 05:57:55', '2016-05-31 05:57:55', 1, 0, '2000-01-01 09:38:00', 3889, 1, NULL);

INSERT INTO `meeting_programs` (`id`, `event_order`, `category_type_id`, `gender_type_id`, `user_id`, `created_at`, `updated_at`, `is_autofilled`, `is_out_of_race`, `begin_time`, `meeting_event_id`, `pool_type_id`, `time_standard_id`)
  VALUES (73791, 20, 897, 2, 1, '2016-05-31 05:57:56', '2016-05-31 05:57:56', 1, 0, '2000-01-01 09:48:00', 3887, 1, NULL);

INSERT INTO `meeting_programs` (`id`, `event_order`, `category_type_id`, `gender_type_id`, `user_id`, `created_at`, `updated_at`, `is_autofilled`, `is_out_of_race`, `begin_time`, `meeting_event_id`, `pool_type_id`, `time_standard_id`)
  VALUES (73792, 20, 897, 1, 1, '2016-05-31 05:57:56', '2016-05-31 05:57:56', 1, 0, '2000-01-01 09:48:00', 3887, 1, NULL);

INSERT INTO `meeting_programs` (`id`, `event_order`, `category_type_id`, `gender_type_id`, `user_id`, `created_at`, `updated_at`, `is_autofilled`, `is_out_of_race`, `begin_time`, `meeting_event_id`, `pool_type_id`, `time_standard_id`)
  VALUES (73793, 21, 897, 2, 1, '2016-05-31 05:57:56', '2016-05-31 05:57:56', 1, 0, '2000-01-01 10:10:00', 3891, 1, NULL);

INSERT INTO `meeting_programs` (`id`, `event_order`, `category_type_id`, `gender_type_id`, `user_id`, `created_at`, `updated_at`, `is_autofilled`, `is_out_of_race`, `begin_time`, `meeting_event_id`, `pool_type_id`, `time_standard_id`)
  VALUES (73794, 22, 900, 1, 1, '2016-05-31 05:57:56', '2016-05-31 05:57:56', 1, 0, '2000-01-01 10:06:00', 3891, 1, NULL);

INSERT INTO `meeting_programs` (`id`, `event_order`, `category_type_id`, `gender_type_id`, `user_id`, `created_at`, `updated_at`, `is_autofilled`, `is_out_of_race`, `begin_time`, `meeting_event_id`, `pool_type_id`, `time_standard_id`)
  VALUES (73795, 23, 899, 2, 1, '2016-05-31 05:57:56', '2016-05-31 05:57:56', 1, 0, '2000-01-01 10:24:00', 3888, 1, NULL);

INSERT INTO `meeting_programs` (`id`, `event_order`, `category_type_id`, `gender_type_id`, `user_id`, `created_at`, `updated_at`, `is_autofilled`, `is_out_of_race`, `begin_time`, `meeting_event_id`, `pool_type_id`, `time_standard_id`)
  VALUES (73796, 23, 899, 1, 1, '2016-05-31 05:57:56', '2016-05-31 05:57:56', 1, 0, '2000-01-01 10:42:00', 3888, 1, NULL);

INSERT INTO `meeting_programs` (`id`, `event_order`, `category_type_id`, `gender_type_id`, `user_id`, `created_at`, `updated_at`, `is_autofilled`, `is_out_of_race`, `begin_time`, `meeting_event_id`, `pool_type_id`, `time_standard_id`)
  VALUES (73797, 6, 897, 2, 1, '2016-05-31 05:57:56', '2016-05-31 05:57:56', 1, 0, '2000-01-01 11:00:00', 3888, 1, NULL);

INSERT INTO `meeting_programs` (`id`, `event_order`, `category_type_id`, `gender_type_id`, `user_id`, `created_at`, `updated_at`, `is_autofilled`, `is_out_of_race`, `begin_time`, `meeting_event_id`, `pool_type_id`, `time_standard_id`)
  VALUES (73798, 24, 900, 1, 1, '2016-05-31 05:57:56', '2016-05-31 05:57:56', 1, 0, '2000-01-01 10:42:00', 3887, 1, NULL);

INSERT INTO `meeting_programs` (`id`, `event_order`, `category_type_id`, `gender_type_id`, `user_id`, `created_at`, `updated_at`, `is_autofilled`, `is_out_of_race`, `begin_time`, `meeting_event_id`, `pool_type_id`, `time_standard_id`)
  VALUES (73799, 25, 901, 2, 1, '2016-05-31 05:57:56', '2016-05-31 05:57:56', 1, 0, '2000-01-01 10:06:00', 3888, 1, NULL);

INSERT INTO `meeting_programs` (`id`, `event_order`, `category_type_id`, `gender_type_id`, `user_id`, `created_at`, `updated_at`, `is_autofilled`, `is_out_of_race`, `begin_time`, `meeting_event_id`, `pool_type_id`, `time_standard_id`)
  VALUES (73800, 26, 901, 1, 1, '2016-05-31 05:57:56', '2016-05-31 05:57:56', 1, 0, '2000-01-01 11:02:00', 3887, 1, NULL);

INSERT INTO `meeting_programs` (`id`, `event_order`, `category_type_id`, `gender_type_id`, `user_id`, `created_at`, `updated_at`, `is_autofilled`, `is_out_of_race`, `begin_time`, `meeting_event_id`, `pool_type_id`, `time_standard_id`)
  VALUES (73801, 11, 896, 2, 1, '2016-05-31 05:57:56', '2016-05-31 05:57:56', 1, 0, '2000-01-01 11:02:00', 3887, 1, NULL);

INSERT INTO `meeting_programs` (`id`, `event_order`, `category_type_id`, `gender_type_id`, `user_id`, `created_at`, `updated_at`, `is_autofilled`, `is_out_of_race`, `begin_time`, `meeting_event_id`, `pool_type_id`, `time_standard_id`)
  VALUES (73802, 27, 899, 2, 1, '2016-05-31 05:57:56', '2016-05-31 05:57:56', 1, 0, '2000-01-01 12:26:00', 3890, 1, NULL);

INSERT INTO `meeting_programs` (`id`, `event_order`, `category_type_id`, `gender_type_id`, `user_id`, `created_at`, `updated_at`, `is_autofilled`, `is_out_of_race`, `begin_time`, `meeting_event_id`, `pool_type_id`, `time_standard_id`)
  VALUES (73803, 28, 899, 1, 1, '2016-05-31 05:57:57', '2016-05-31 05:57:57', 1, 0, '2000-01-01 13:50:00', 3889, 1, NULL);

INSERT INTO `meeting_programs` (`id`, `event_order`, `category_type_id`, `gender_type_id`, `user_id`, `created_at`, `updated_at`, `is_autofilled`, `is_out_of_race`, `begin_time`, `meeting_event_id`, `pool_type_id`, `time_standard_id`)
  VALUES (73804, 9, 898, 2, 1, '2016-05-31 05:57:57', '2016-05-31 05:57:57', 1, 0, '2000-01-01 10:10:00', 3891, 1, NULL);

INSERT INTO `meeting_programs` (`id`, `event_order`, `category_type_id`, `gender_type_id`, `user_id`, `created_at`, `updated_at`, `is_autofilled`, `is_out_of_race`, `begin_time`, `meeting_event_id`, `pool_type_id`, `time_standard_id`)
  VALUES (73805, 29, 901, 2, 1, '2016-05-31 05:57:57', '2016-05-31 05:57:57', 1, 0, '2000-01-01 10:42:00', 3890, 1, NULL);

INSERT INTO `meeting_programs` (`id`, `event_order`, `category_type_id`, `gender_type_id`, `user_id`, `created_at`, `updated_at`, `is_autofilled`, `is_out_of_race`, `begin_time`, `meeting_event_id`, `pool_type_id`, `time_standard_id`)
  VALUES (73806, 30, 900, 1, 1, '2016-05-31 05:57:57', '2016-05-31 05:57:57', 1, 0, '2000-01-01 10:42:00', 3890, 1, NULL);

INSERT INTO `meeting_programs` (`id`, `event_order`, `category_type_id`, `gender_type_id`, `user_id`, `created_at`, `updated_at`, `is_autofilled`, `is_out_of_race`, `begin_time`, `meeting_event_id`, `pool_type_id`, `time_standard_id`)
  VALUES (73807, 8, 896, 2, 1, '2016-05-31 05:57:57', '2016-05-31 05:57:57', 1, 0, '2000-01-01 12:18:00', 3888, 1, NULL);

INSERT INTO `meeting_programs` (`id`, `event_order`, `category_type_id`, `gender_type_id`, `user_id`, `created_at`, `updated_at`, `is_autofilled`, `is_out_of_race`, `begin_time`, `meeting_event_id`, `pool_type_id`, `time_standard_id`)
  VALUES (73808, 27, 899, 1, 1, '2016-05-31 05:57:57', '2016-05-31 05:57:57', 1, 0, '2000-01-01 13:50:00', 3890, 1, NULL);

INSERT INTO `meeting_programs` (`id`, `event_order`, `category_type_id`, `gender_type_id`, `user_id`, `created_at`, `updated_at`, `is_autofilled`, `is_out_of_race`, `begin_time`, `meeting_event_id`, `pool_type_id`, `time_standard_id`)
  VALUES (73809, 24, 900, 2, 1, '2016-05-31 05:57:57', '2016-05-31 05:57:57', 1, 0, '2000-01-01 13:50:00', 3887, 1, NULL);

INSERT INTO `meeting_programs` (`id`, `event_order`, `category_type_id`, `gender_type_id`, `user_id`, `created_at`, `updated_at`, `is_autofilled`, `is_out_of_race`, `begin_time`, `meeting_event_id`, `pool_type_id`, `time_standard_id`)
  VALUES (73810, 31, 902, 2, 1, '2016-05-31 05:57:57', '2016-05-31 05:57:57', 1, 0, '2000-01-01 12:58:00', 3887, 1, NULL);

INSERT INTO `meeting_programs` (`id`, `event_order`, `category_type_id`, `gender_type_id`, `user_id`, `created_at`, `updated_at`, `is_autofilled`, `is_out_of_race`, `begin_time`, `meeting_event_id`, `pool_type_id`, `time_standard_id`)
  VALUES (73811, 32, 903, 1, 1, '2016-05-31 05:57:57', '2016-05-31 05:57:57', 1, 0, '2000-01-01 12:58:00', 3887, 1, NULL);

INSERT INTO `meeting_programs` (`id`, `event_order`, `category_type_id`, `gender_type_id`, `user_id`, `created_at`, `updated_at`, `is_autofilled`, `is_out_of_race`, `begin_time`, `meeting_event_id`, `pool_type_id`, `time_standard_id`)
  VALUES (73812, 15, 896, 2, 1, '2016-05-31 05:57:57', '2016-05-31 05:57:57', 1, 0, '2000-01-01 16:40:00', 3891, 1, NULL);

INSERT INTO `meeting_programs` (`id`, `event_order`, `category_type_id`, `gender_type_id`, `user_id`, `created_at`, `updated_at`, `is_autofilled`, `is_out_of_race`, `begin_time`, `meeting_event_id`, `pool_type_id`, `time_standard_id`)
  VALUES (73813, 33, 896, 2, 1, '2016-05-31 05:57:57', '2016-05-31 05:57:57', 1, 0, '2000-01-01 16:40:00', 3890, 1, NULL);

INSERT INTO `meeting_programs` (`id`, `event_order`, `category_type_id`, `gender_type_id`, `user_id`, `created_at`, `updated_at`, `is_autofilled`, `is_out_of_race`, `begin_time`, `meeting_event_id`, `pool_type_id`, `time_standard_id`)
  VALUES (73814, 19, 900, 2, 1, '2016-05-31 05:57:57', '2016-05-31 05:57:57', 1, 0, '2000-01-01 10:42:00', 3889, 1, NULL);

INSERT INTO `meeting_programs` (`id`, `event_order`, `category_type_id`, `gender_type_id`, `user_id`, `created_at`, `updated_at`, `is_autofilled`, `is_out_of_race`, `begin_time`, `meeting_event_id`, `pool_type_id`, `time_standard_id`)
  VALUES (73815, 25, 901, 1, 1, '2016-05-31 05:57:57', '2016-05-31 05:57:57', 1, 0, '2000-01-01 09:58:00', 3888, 1, NULL);

INSERT INTO `meeting_programs` (`id`, `event_order`, `category_type_id`, `gender_type_id`, `user_id`, `created_at`, `updated_at`, `is_autofilled`, `is_out_of_race`, `begin_time`, `meeting_event_id`, `pool_type_id`, `time_standard_id`)
  VALUES (73816, 29, 901, 1, 1, '2016-05-31 05:57:57', '2016-05-31 05:57:57', 1, 0, '2000-01-01 09:58:00', 3890, 1, NULL);

INSERT INTO `meeting_programs` (`id`, `event_order`, `category_type_id`, `gender_type_id`, `user_id`, `created_at`, `updated_at`, `is_autofilled`, `is_out_of_race`, `begin_time`, `meeting_event_id`, `pool_type_id`, `time_standard_id`)
  VALUES (73817, 17, 902, 2, 1, '2016-05-31 05:57:57', '2016-05-31 05:57:57', 1, 0, '2000-01-01 09:16:00', 3888, 1, NULL);

INSERT INTO `meeting_programs` (`id`, `event_order`, `category_type_id`, `gender_type_id`, `user_id`, `created_at`, `updated_at`, `is_autofilled`, `is_out_of_race`, `begin_time`, `meeting_event_id`, `pool_type_id`, `time_standard_id`)
  VALUES (73818, 34, 903, 1, 1, '2016-05-31 05:57:58', '2016-05-31 05:57:58', 1, 0, '2000-01-01 09:16:00', 3888, 1, NULL);

INSERT INTO `meeting_programs` (`id`, `event_order`, `category_type_id`, `gender_type_id`, `user_id`, `created_at`, `updated_at`, `is_autofilled`, `is_out_of_race`, `begin_time`, `meeting_event_id`, `pool_type_id`, `time_standard_id`)
  VALUES (73819, 35, 903, 1, 1, '2016-05-31 05:57:58', '2016-05-31 05:57:58', 1, 0, '2000-01-01 11:00:00', 3891, 1, NULL);

INSERT INTO `meeting_programs` (`id`, `event_order`, `category_type_id`, `gender_type_id`, `user_id`, `created_at`, `updated_at`, `is_autofilled`, `is_out_of_race`, `begin_time`, `meeting_event_id`, `pool_type_id`, `time_standard_id`)
  VALUES (73820, 36, 903, 1, 1, '2016-05-31 05:57:58', '2016-05-31 05:57:58', 1, 0, '2000-01-01 13:50:00', 3889, 1, NULL);

INSERT INTO `meeting_programs` (`id`, `event_order`, `category_type_id`, `gender_type_id`, `user_id`, `created_at`, `updated_at`, `is_autofilled`, `is_out_of_race`, `begin_time`, `meeting_event_id`, `pool_type_id`, `time_standard_id`)
  VALUES (73821, 10, 896, 1, 1, '2016-05-31 05:57:58', '2016-05-31 05:57:58', 1, 0, '2000-01-01 15:14:00', 3889, 1, NULL);

INSERT INTO `meeting_programs` (`id`, `event_order`, `category_type_id`, `gender_type_id`, `user_id`, `created_at`, `updated_at`, `is_autofilled`, `is_out_of_race`, `begin_time`, `meeting_event_id`, `pool_type_id`, `time_standard_id`)
  VALUES (73822, 28, 899, 2, 1, '2016-05-31 05:57:58', '2016-05-31 05:57:58', 1, 0, '2000-01-01 15:14:00', 3889, 1, NULL);

INSERT INTO `meeting_programs` (`id`, `event_order`, `category_type_id`, `gender_type_id`, `user_id`, `created_at`, `updated_at`, `is_autofilled`, `is_out_of_race`, `begin_time`, `meeting_event_id`, `pool_type_id`, `time_standard_id`)
  VALUES (73823, 14, 902, 1, 1, '2016-05-31 05:57:58', '2016-05-31 05:57:58', 1, 0, '2000-01-01 15:14:00', 3891, 1, NULL);

INSERT INTO `meeting_programs` (`id`, `event_order`, `category_type_id`, `gender_type_id`, `user_id`, `created_at`, `updated_at`, `is_autofilled`, `is_out_of_race`, `begin_time`, `meeting_event_id`, `pool_type_id`, `time_standard_id`)
  VALUES (73824, 37, 904, 2, 1, '2016-05-31 05:57:58', '2016-05-31 05:57:58', 1, 0, '2000-01-01 15:14:00', 3891, 1, NULL);

INSERT INTO `meeting_programs` (`id`, `event_order`, `category_type_id`, `gender_type_id`, `user_id`, `created_at`, `updated_at`, `is_autofilled`, `is_out_of_race`, `begin_time`, `meeting_event_id`, `pool_type_id`, `time_standard_id`)
  VALUES (73825, 38, 904, 2, 1, '2016-05-31 05:57:58', '2016-05-31 05:57:58', 1, 0, '2000-01-01 21:08:00', 3889, 1, NULL);

INSERT INTO `meeting_programs` (`id`, `event_order`, `category_type_id`, `gender_type_id`, `user_id`, `created_at`, `updated_at`, `is_autofilled`, `is_out_of_race`, `begin_time`, `meeting_event_id`, `pool_type_id`, `time_standard_id`)
  VALUES (73826, 21, 897, 1, 1, '2016-05-31 05:57:58', '2016-05-31 05:57:58', 1, 0, '2000-01-01 15:14:00', 3891, 1, NULL);

INSERT INTO `meeting_programs` (`id`, `event_order`, `category_type_id`, `gender_type_id`, `user_id`, `created_at`, `updated_at`, `is_autofilled`, `is_out_of_race`, `begin_time`, `meeting_event_id`, `pool_type_id`, `time_standard_id`)
  VALUES (73827, 39, 904, 2, 1, '2016-05-31 05:57:58', '2016-05-31 05:57:58', 1, 0, '2000-01-01 10:08:00', 3888, 1, NULL);

INSERT INTO `meeting_programs` (`id`, `event_order`, `category_type_id`, `gender_type_id`, `user_id`, `created_at`, `updated_at`, `is_autofilled`, `is_out_of_race`, `begin_time`, `meeting_event_id`, `pool_type_id`, `time_standard_id`)
  VALUES (73828, 3, 897, 1, 1, '2016-05-31 05:57:58', '2016-05-31 05:57:58', 1, 0, '2000-01-01 10:42:00', 3889, 1, NULL);

INSERT INTO `meeting_programs` (`id`, `event_order`, `category_type_id`, `gender_type_id`, `user_id`, `created_at`, `updated_at`, `is_autofilled`, `is_out_of_race`, `begin_time`, `meeting_event_id`, `pool_type_id`, `time_standard_id`)
  VALUES (73829, 2, 901, 2, 1, '2016-05-31 05:57:58', '2016-05-31 05:57:58', 1, 0, '2000-01-01 12:26:00', 3889, 1, NULL);

INSERT INTO `meeting_programs` (`id`, `event_order`, `category_type_id`, `gender_type_id`, `user_id`, `created_at`, `updated_at`, `is_autofilled`, `is_out_of_race`, `begin_time`, `meeting_event_id`, `pool_type_id`, `time_standard_id`)
  VALUES (73830, 26, 901, 2, 1, '2016-05-31 05:57:59', '2016-05-31 05:57:59', 1, 0, '2000-01-01 13:50:00', 3887, 1, NULL);

INSERT INTO `meeting_programs` (`id`, `event_order`, `category_type_id`, `gender_type_id`, `user_id`, `created_at`, `updated_at`, `is_autofilled`, `is_out_of_race`, `begin_time`, `meeting_event_id`, `pool_type_id`, `time_standard_id`)
  VALUES (73831, 38, 904, 1, 1, '2016-05-31 05:57:59', '2016-05-31 05:57:59', 1, 0, '2000-01-01 13:50:00', 3889, 1, NULL);

INSERT INTO `meeting_programs` (`id`, `event_order`, `category_type_id`, `gender_type_id`, `user_id`, `created_at`, `updated_at`, `is_autofilled`, `is_out_of_race`, `begin_time`, `meeting_event_id`, `pool_type_id`, `time_standard_id`)
  VALUES (73832, 18, 900, 2, 1, '2016-05-31 05:57:59', '2016-05-31 05:57:59', 1, 0, '2000-01-01 15:14:00', 3888, 1, NULL);

INSERT INTO `meeting_programs` (`id`, `event_order`, `category_type_id`, `gender_type_id`, `user_id`, `created_at`, `updated_at`, `is_autofilled`, `is_out_of_race`, `begin_time`, `meeting_event_id`, `pool_type_id`, `time_standard_id`)
  VALUES (73833, 40, 899, 2, 1, '2016-05-31 05:57:59', '2016-05-31 05:57:59', 1, 0, '2000-01-01 09:12:00', 3891, 1, NULL);

INSERT INTO `meeting_programs` (`id`, `event_order`, `category_type_id`, `gender_type_id`, `user_id`, `created_at`, `updated_at`, `is_autofilled`, `is_out_of_race`, `begin_time`, `meeting_event_id`, `pool_type_id`, `time_standard_id`)
  VALUES (73834, 33, 896, 1, 1, '2016-05-31 05:57:59', '2016-05-31 05:57:59', 1, 0, '2000-01-01 18:10:00', 3890, 1, NULL);

INSERT INTO `meeting_programs` (`id`, `event_order`, `category_type_id`, `gender_type_id`, `user_id`, `created_at`, `updated_at`, `is_autofilled`, `is_out_of_race`, `begin_time`, `meeting_event_id`, `pool_type_id`, `time_standard_id`)
  VALUES (73835, 37, 904, 1, 1, '2016-05-31 05:57:59', '2016-05-31 05:57:59', 1, 0, '2000-01-01 10:42:00', 3891, 1, NULL);

INSERT INTO `meeting_programs` (`id`, `event_order`, `category_type_id`, `gender_type_id`, `user_id`, `created_at`, `updated_at`, `is_autofilled`, `is_out_of_race`, `begin_time`, `meeting_event_id`, `pool_type_id`, `time_standard_id`)
  VALUES (73836, 39, 904, 1, 1, '2016-05-31 05:57:59', '2016-05-31 05:57:59', 1, 0, '2000-01-01 15:40:00', 3888, 1, NULL);

INSERT INTO `meeting_programs` (`id`, `event_order`, `category_type_id`, `gender_type_id`, `user_id`, `created_at`, `updated_at`, `is_autofilled`, `is_out_of_race`, `begin_time`, `meeting_event_id`, `pool_type_id`, `time_standard_id`)
  VALUES (73837, 36, 903, 2, 1, '2016-05-31 05:57:59', '2016-05-31 05:57:59', 1, 0, '2000-01-01 21:12:00', 3889, 1, NULL);

INSERT INTO `meeting_programs` (`id`, `event_order`, `category_type_id`, `gender_type_id`, `user_id`, `created_at`, `updated_at`, `is_autofilled`, `is_out_of_race`, `begin_time`, `meeting_event_id`, `pool_type_id`, `time_standard_id`)
  VALUES (73838, 31, 902, 1, 1, '2016-05-31 05:57:59', '2016-05-31 05:57:59', 1, 0, '2000-01-01 10:08:00', 3887, 1, NULL);

INSERT INTO `meeting_programs` (`id`, `event_order`, `category_type_id`, `gender_type_id`, `user_id`, `created_at`, `updated_at`, `is_autofilled`, `is_out_of_race`, `begin_time`, `meeting_event_id`, `pool_type_id`, `time_standard_id`)
  VALUES (73839, 12, 898, 2, 1, '2016-05-31 05:57:59', '2016-05-31 05:57:59', 1, 0, '2000-01-01 14:38:00', 3887, 1, NULL);

INSERT INTO `meeting_programs` (`id`, `event_order`, `category_type_id`, `gender_type_id`, `user_id`, `created_at`, `updated_at`, `is_autofilled`, `is_out_of_race`, `begin_time`, `meeting_event_id`, `pool_type_id`, `time_standard_id`)
  VALUES (73840, 41, 899, 2, 1, '2016-05-31 05:57:59', '2016-05-31 05:57:59', 1, 0, '2000-01-01 16:58:00', 3887, 1, NULL);

INSERT INTO `meeting_programs` (`id`, `event_order`, `category_type_id`, `gender_type_id`, `user_id`, `created_at`, `updated_at`, `is_autofilled`, `is_out_of_race`, `begin_time`, `meeting_event_id`, `pool_type_id`, `time_standard_id`)
  VALUES (73841, 42, 904, 2, 1, '2016-05-31 05:57:59', '2016-05-31 05:57:59', 1, 0, '2000-01-01 19:18:00', 3887, 1, NULL);

INSERT INTO `meeting_programs` (`id`, `event_order`, `category_type_id`, `gender_type_id`, `user_id`, `created_at`, `updated_at`, `is_autofilled`, `is_out_of_race`, `begin_time`, `meeting_event_id`, `pool_type_id`, `time_standard_id`)
  VALUES (73842, 34, 903, 2, 1, '2016-05-31 05:57:59', '2016-05-31 05:57:59', 1, 0, '2000-01-01 13:50:00', 3888, 1, NULL);

INSERT INTO `meeting_programs` (`id`, `event_order`, `category_type_id`, `gender_type_id`, `user_id`, `created_at`, `updated_at`, `is_autofilled`, `is_out_of_race`, `begin_time`, `meeting_event_id`, `pool_type_id`, `time_standard_id`)
  VALUES (73843, 13, 897, 2, 1, '2016-05-31 05:58:00', '2016-05-31 05:58:00', 1, 0, '2000-01-01 15:14:00', 3890, 1, NULL);

INSERT INTO `meeting_programs` (`id`, `event_order`, `category_type_id`, `gender_type_id`, `user_id`, `created_at`, `updated_at`, `is_autofilled`, `is_out_of_race`, `begin_time`, `meeting_event_id`, `pool_type_id`, `time_standard_id`)
  VALUES (73844, 43, 902, 1, 1, '2016-05-31 05:58:00', '2016-05-31 05:58:00', 1, 0, '2000-01-01 21:06:00', 3890, 1, NULL);

INSERT INTO `swimmers` (`id`, `last_name`, `first_name`, `year_of_birth`, `phone_mobile`, `phone_number`, `e_mail`, `nickname`, `associated_user_id`, `gender_type_id`, `user_id`, `created_at`, `updated_at`, `complete_name`, `is_year_guessed`)
  VALUES (27323, 'BONARETTI', 'VILLIAM', 1962, NULL, NULL, NULL, '', NULL, 1, 1, '2016-05-31 05:58:00', '2016-05-31 05:58:00', 'BONARETTI VILLIAM', 0);

INSERT INTO `swimmers` (`id`, `last_name`, `first_name`, `year_of_birth`, `phone_mobile`, `phone_number`, `e_mail`, `nickname`, `associated_user_id`, `gender_type_id`, `user_id`, `created_at`, `updated_at`, `complete_name`, `is_year_guessed`)
  VALUES (27324, 'ZINANI', 'LUCA', 1991, NULL, NULL, NULL, '', NULL, 1, 1, '2016-05-31 05:58:00', '2016-05-31 05:58:00', 'ZINANI LUCA', 0);

INSERT INTO `badges` (`id`, `number`, `season_id`, `swimmer_id`, `team_id`, `category_type_id`, `user_id`, `created_at`, `updated_at`, `entry_time_type_id`, `team_affiliation_id`, `final_rank`)
  VALUES (55420, 'AT04214401', 151, 1452, 35, 897, 1, '2016-05-31 05:58:00', '2016-05-31 05:58:00', 5, 1584, NULL);

INSERT INTO `badges` (`id`, `number`, `season_id`, `swimmer_id`, `team_id`, `category_type_id`, `user_id`, `created_at`, `updated_at`, `entry_time_type_id`, `team_affiliation_id`, `final_rank`)
  VALUES (55421, 'AT04119558', 151, 900, 4, 903, 1, '2016-05-31 05:58:00', '2016-05-31 05:58:00', 5, 1586, NULL);

INSERT INTO `badges` (`id`, `number`, `season_id`, `swimmer_id`, `team_id`, `category_type_id`, `user_id`, `created_at`, `updated_at`, `entry_time_type_id`, `team_affiliation_id`, `final_rank`)
  VALUES (55422, 'AT04226285', 151, 27324, 826, 897, 1, '2016-05-31 05:58:00', '2016-05-31 05:58:00', 5, 1594, NULL);

INSERT INTO `badges` (`id`, `number`, `season_id`, `swimmer_id`, `team_id`, `category_type_id`, `user_id`, `created_at`, `updated_at`, `entry_time_type_id`, `team_affiliation_id`, `final_rank`)
  VALUES (55423, 'AT04226276', 151, 27323, 826, 902, 1, '2016-05-31 05:58:00', '2016-05-31 05:58:00', 5, 1594, NULL);

INSERT INTO `meeting_entries` (`id`, `created_at`, `updated_at`, `start_list_number`, `lane_number`, `heat_number`, `heat_arrival_order`, `meeting_program_id`, `swimmer_id`, `team_id`, `team_affiliation_id`, `badge_id`, `entry_time_type_id`, `user_id`, `minutes`, `seconds`, `hundreds`, `is_no_time`)
  VALUES (5855, '2016-05-31 05:58:00', '2016-05-31 05:58:00', NULL, NULL, NULL, NULL, 73769, 992, 10, 1587, 32486, NULL, 1, 1, 15, 0, 0);

INSERT INTO `meeting_entries` (`id`, `created_at`, `updated_at`, `start_list_number`, `lane_number`, `heat_number`, `heat_arrival_order`, `meeting_program_id`, `swimmer_id`, `team_id`, `team_affiliation_id`, `badge_id`, `entry_time_type_id`, `user_id`, `minutes`, `seconds`, `hundreds`, `is_no_time`)
  VALUES (5856, '2016-05-31 05:58:00', '2016-05-31 05:58:00', NULL, NULL, NULL, NULL, 73770, 1254, 10, 1587, 41528, NULL, 1, 0, 50, 0, 0);

INSERT INTO `meeting_entries` (`id`, `created_at`, `updated_at`, `start_list_number`, `lane_number`, `heat_number`, `heat_arrival_order`, `meeting_program_id`, `swimmer_id`, `team_id`, `team_affiliation_id`, `badge_id`, `entry_time_type_id`, `user_id`, `minutes`, `seconds`, `hundreds`, `is_no_time`)
  VALUES (5857, '2016-05-31 05:58:00', '2016-05-31 05:58:00', NULL, NULL, NULL, NULL, 73771, 21017, 10, 1587, 32500, NULL, 1, 0, 52, 0, 0);

INSERT INTO `meeting_entries` (`id`, `created_at`, `updated_at`, `start_list_number`, `lane_number`, `heat_number`, `heat_arrival_order`, `meeting_program_id`, `swimmer_id`, `team_id`, `team_affiliation_id`, `badge_id`, `entry_time_type_id`, `user_id`, `minutes`, `seconds`, `hundreds`, `is_no_time`)
  VALUES (5858, '2016-05-31 05:58:00', '2016-05-31 05:58:00', NULL, NULL, NULL, NULL, 73772, 992, 10, 1587, 32486, NULL, 1, 0, 42, 0, 0);

INSERT INTO `meeting_entries` (`id`, `created_at`, `updated_at`, `start_list_number`, `lane_number`, `heat_number`, `heat_arrival_order`, `meeting_program_id`, `swimmer_id`, `team_id`, `team_affiliation_id`, `badge_id`, `entry_time_type_id`, `user_id`, `minutes`, `seconds`, `hundreds`, `is_no_time`)
  VALUES (5859, '2016-05-31 05:58:00', '2016-05-31 05:58:00', NULL, NULL, NULL, NULL, 73773, 1254, 10, 1587, 41528, NULL, 1, 0, 40, 0, 0);

INSERT INTO `meeting_entries` (`id`, `created_at`, `updated_at`, `start_list_number`, `lane_number`, `heat_number`, `heat_arrival_order`, `meeting_program_id`, `swimmer_id`, `team_id`, `team_affiliation_id`, `badge_id`, `entry_time_type_id`, `user_id`, `minutes`, `seconds`, `hundreds`, `is_no_time`)
  VALUES (5860, '2016-05-31 05:58:00', '2016-05-31 05:58:00', NULL, NULL, NULL, NULL, 73774, 1533, 32, 1590, 32774, NULL, 1, 1, 10, 0, 0);

INSERT INTO `meeting_entries` (`id`, `created_at`, `updated_at`, `start_list_number`, `lane_number`, `heat_number`, `heat_arrival_order`, `meeting_program_id`, `swimmer_id`, `team_id`, `team_affiliation_id`, `badge_id`, `entry_time_type_id`, `user_id`, `minutes`, `seconds`, `hundreds`, `is_no_time`)
  VALUES (5861, '2016-05-31 05:58:01', '2016-05-31 05:58:01', NULL, NULL, NULL, NULL, 73775, 1363, 32, 1590, 32714, NULL, 1, 1, 10, 0, 0);

INSERT INTO `meeting_entries` (`id`, `created_at`, `updated_at`, `start_list_number`, `lane_number`, `heat_number`, `heat_arrival_order`, `meeting_program_id`, `swimmer_id`, `team_id`, `team_affiliation_id`, `badge_id`, `entry_time_type_id`, `user_id`, `minutes`, `seconds`, `hundreds`, `is_no_time`)
  VALUES (5862, '2016-05-31 05:58:01', '2016-05-31 05:58:01', NULL, NULL, NULL, NULL, 73776, 1531, 32, 1590, 32712, NULL, 1, 1, 15, 0, 0);

INSERT INTO `meeting_entries` (`id`, `created_at`, `updated_at`, `start_list_number`, `lane_number`, `heat_number`, `heat_arrival_order`, `meeting_program_id`, `swimmer_id`, `team_id`, `team_affiliation_id`, `badge_id`, `entry_time_type_id`, `user_id`, `minutes`, `seconds`, `hundreds`, `is_no_time`)
  VALUES (5863, '2016-05-31 05:58:01', '2016-05-31 05:58:01', NULL, NULL, NULL, NULL, 73777, 1187, 32, 1590, 32720, NULL, 1, 0, 26, 0, 0);

INSERT INTO `meeting_entries` (`id`, `created_at`, `updated_at`, `start_list_number`, `lane_number`, `heat_number`, `heat_arrival_order`, `meeting_program_id`, `swimmer_id`, `team_id`, `team_affiliation_id`, `badge_id`, `entry_time_type_id`, `user_id`, `minutes`, `seconds`, `hundreds`, `is_no_time`)
  VALUES (5864, '2016-05-31 05:58:01', '2016-05-31 05:58:01', NULL, NULL, NULL, NULL, 73778, 1528, 32, 1590, 32723, NULL, 1, 0, 55, 0, 0);

INSERT INTO `meeting_entries` (`id`, `created_at`, `updated_at`, `start_list_number`, `lane_number`, `heat_number`, `heat_arrival_order`, `meeting_program_id`, `swimmer_id`, `team_id`, `team_affiliation_id`, `badge_id`, `entry_time_type_id`, `user_id`, `minutes`, `seconds`, `hundreds`, `is_no_time`)
  VALUES (5865, '2016-05-31 05:58:01', '2016-05-31 05:58:01', NULL, NULL, NULL, NULL, 73779, 1308, 32, 1590, 32713, NULL, 1, 10, 5, 0, 0);

INSERT INTO `meeting_entries` (`id`, `created_at`, `updated_at`, `start_list_number`, `lane_number`, `heat_number`, `heat_arrival_order`, `meeting_program_id`, `swimmer_id`, `team_id`, `team_affiliation_id`, `badge_id`, `entry_time_type_id`, `user_id`, `minutes`, `seconds`, `hundreds`, `is_no_time`)
  VALUES (5866, '2016-05-31 05:58:01', '2016-05-31 05:58:01', NULL, NULL, NULL, NULL, 73780, 1612, 32, 1590, 32721, NULL, 1, 10, 6, 0, 0);

INSERT INTO `meeting_entries` (`id`, `created_at`, `updated_at`, `start_list_number`, `lane_number`, `heat_number`, `heat_arrival_order`, `meeting_program_id`, `swimmer_id`, `team_id`, `team_affiliation_id`, `badge_id`, `entry_time_type_id`, `user_id`, `minutes`, `seconds`, `hundreds`, `is_no_time`)
  VALUES (5867, '2016-05-31 05:58:01', '2016-05-31 05:58:01', NULL, NULL, NULL, NULL, 73781, 1218, 32, 1590, 38726, NULL, 1, 1, 20, 0, 0);

INSERT INTO `meeting_entries` (`id`, `created_at`, `updated_at`, `start_list_number`, `lane_number`, `heat_number`, `heat_arrival_order`, `meeting_program_id`, `swimmer_id`, `team_id`, `team_affiliation_id`, `badge_id`, `entry_time_type_id`, `user_id`, `minutes`, `seconds`, `hundreds`, `is_no_time`)
  VALUES (5868, '2016-05-31 05:58:01', '2016-05-31 05:58:01', NULL, NULL, NULL, NULL, 73782, 1533, 32, 1590, 32774, NULL, 1, 1, 4, 0, 0);

INSERT INTO `meeting_entries` (`id`, `created_at`, `updated_at`, `start_list_number`, `lane_number`, `heat_number`, `heat_arrival_order`, `meeting_program_id`, `swimmer_id`, `team_id`, `team_affiliation_id`, `badge_id`, `entry_time_type_id`, `user_id`, `minutes`, `seconds`, `hundreds`, `is_no_time`)
  VALUES (5869, '2016-05-31 05:58:01', '2016-05-31 05:58:01', NULL, NULL, NULL, NULL, 73783, 1363, 32, 1590, 32714, NULL, 1, 0, 55, 0, 0);

INSERT INTO `meeting_entries` (`id`, `created_at`, `updated_at`, `start_list_number`, `lane_number`, `heat_number`, `heat_arrival_order`, `meeting_program_id`, `swimmer_id`, `team_id`, `team_affiliation_id`, `badge_id`, `entry_time_type_id`, `user_id`, `minutes`, `seconds`, `hundreds`, `is_no_time`)
  VALUES (5870, '2016-05-31 05:58:01', '2016-05-31 05:58:01', NULL, NULL, NULL, NULL, 73784, 1531, 32, 1590, 32712, NULL, 1, 0, 25, 20, 0);

INSERT INTO `meeting_entries` (`id`, `created_at`, `updated_at`, `start_list_number`, `lane_number`, `heat_number`, `heat_arrival_order`, `meeting_program_id`, `swimmer_id`, `team_id`, `team_affiliation_id`, `badge_id`, `entry_time_type_id`, `user_id`, `minutes`, `seconds`, `hundreds`, `is_no_time`)
  VALUES (5871, '2016-05-31 05:58:02', '2016-05-31 05:58:02', NULL, NULL, NULL, NULL, 73781, 1187, 32, 1590, 32720, NULL, 1, 1, 15, 0, 0);

INSERT INTO `meeting_entries` (`id`, `created_at`, `updated_at`, `start_list_number`, `lane_number`, `heat_number`, `heat_arrival_order`, `meeting_program_id`, `swimmer_id`, `team_id`, `team_affiliation_id`, `badge_id`, `entry_time_type_id`, `user_id`, `minutes`, `seconds`, `hundreds`, `is_no_time`)
  VALUES (5872, '2016-05-31 05:58:02', '2016-05-31 05:58:02', NULL, NULL, NULL, NULL, 73776, 1308, 32, 1590, 32713, NULL, 1, 1, 9, 0, 0);

INSERT INTO `meeting_entries` (`id`, `created_at`, `updated_at`, `start_list_number`, `lane_number`, `heat_number`, `heat_arrival_order`, `meeting_program_id`, `swimmer_id`, `team_id`, `team_affiliation_id`, `badge_id`, `entry_time_type_id`, `user_id`, `minutes`, `seconds`, `hundreds`, `is_no_time`)
  VALUES (5873, '2016-05-31 05:58:02', '2016-05-31 05:58:02', NULL, NULL, NULL, NULL, 73785, 1612, 32, 1590, 32721, NULL, 1, 1, 6, 0, 0);

INSERT INTO `meeting_entries` (`id`, `created_at`, `updated_at`, `start_list_number`, `lane_number`, `heat_number`, `heat_arrival_order`, `meeting_program_id`, `swimmer_id`, `team_id`, `team_affiliation_id`, `badge_id`, `entry_time_type_id`, `user_id`, `minutes`, `seconds`, `hundreds`, `is_no_time`)
  VALUES (5874, '2016-05-31 05:58:02', '2016-05-31 05:58:02', NULL, NULL, NULL, NULL, 73786, 1218, 32, 1590, 38726, NULL, 1, 0, 36, 0, 0);

INSERT INTO `meeting_entries` (`id`, `created_at`, `updated_at`, `start_list_number`, `lane_number`, `heat_number`, `heat_arrival_order`, `meeting_program_id`, `swimmer_id`, `team_id`, `team_affiliation_id`, `badge_id`, `entry_time_type_id`, `user_id`, `minutes`, `seconds`, `hundreds`, `is_no_time`)
  VALUES (5875, '2016-05-31 05:58:02', '2016-05-31 05:58:02', NULL, NULL, NULL, NULL, 73787, 803, 5, 1593, 32708, NULL, 1, 1, 8, 50, 0);

INSERT INTO `meeting_entries` (`id`, `created_at`, `updated_at`, `start_list_number`, `lane_number`, `heat_number`, `heat_arrival_order`, `meeting_program_id`, `swimmer_id`, `team_id`, `team_affiliation_id`, `badge_id`, `entry_time_type_id`, `user_id`, `minutes`, `seconds`, `hundreds`, `is_no_time`)
  VALUES (5876, '2016-05-31 05:58:02', '2016-05-31 05:58:02', NULL, NULL, NULL, NULL, 73788, 1160, 5, 1593, 32670, NULL, 1, 1, 18, 0, 0);

INSERT INTO `meeting_entries` (`id`, `created_at`, `updated_at`, `start_list_number`, `lane_number`, `heat_number`, `heat_arrival_order`, `meeting_program_id`, `swimmer_id`, `team_id`, `team_affiliation_id`, `badge_id`, `entry_time_type_id`, `user_id`, `minutes`, `seconds`, `hundreds`, `is_no_time`)
  VALUES (5877, '2016-05-31 05:58:02', '2016-05-31 05:58:02', NULL, NULL, NULL, NULL, 73789, 803, 5, 1593, 32708, NULL, 1, 0, 35, 0, 0);

INSERT INTO `meeting_entries` (`id`, `created_at`, `updated_at`, `start_list_number`, `lane_number`, `heat_number`, `heat_arrival_order`, `meeting_program_id`, `swimmer_id`, `team_id`, `team_affiliation_id`, `badge_id`, `entry_time_type_id`, `user_id`, `minutes`, `seconds`, `hundreds`, `is_no_time`)
  VALUES (5878, '2016-05-31 05:58:02', '2016-05-31 05:58:02', NULL, NULL, NULL, NULL, 73790, 1160, 5, 1593, 32670, NULL, 1, 0, 37, 0, 0);

INSERT INTO `meeting_entries` (`id`, `created_at`, `updated_at`, `start_list_number`, `lane_number`, `heat_number`, `heat_arrival_order`, `meeting_program_id`, `swimmer_id`, `team_id`, `team_affiliation_id`, `badge_id`, `entry_time_type_id`, `user_id`, `minutes`, `seconds`, `hundreds`, `is_no_time`)
  VALUES (5879, '2016-05-31 05:58:02', '2016-05-31 05:58:02', NULL, NULL, NULL, NULL, 73791, 11732, 35, 1584, 32709, NULL, 1, 13, 8, 0, 0);

INSERT INTO `meeting_entries` (`id`, `created_at`, `updated_at`, `start_list_number`, `lane_number`, `heat_number`, `heat_arrival_order`, `meeting_program_id`, `swimmer_id`, `team_id`, `team_affiliation_id`, `badge_id`, `entry_time_type_id`, `user_id`, `minutes`, `seconds`, `hundreds`, `is_no_time`)
  VALUES (5880, '2016-05-31 05:58:02', '2016-05-31 05:58:02', NULL, NULL, NULL, NULL, 73780, 1409, 35, 1584, 32710, NULL, 1, 11, 50, 0, 0);

INSERT INTO `meeting_entries` (`id`, `created_at`, `updated_at`, `start_list_number`, `lane_number`, `heat_number`, `heat_arrival_order`, `meeting_program_id`, `swimmer_id`, `team_id`, `team_affiliation_id`, `badge_id`, `entry_time_type_id`, `user_id`, `minutes`, `seconds`, `hundreds`, `is_no_time`)
  VALUES (5881, '2016-05-31 05:58:02', '2016-05-31 05:58:02', NULL, NULL, NULL, NULL, 73792, 1452, 35, 1584, 55420, NULL, 1, 10, 15, 0, 0);

INSERT INTO `meeting_entries` (`id`, `created_at`, `updated_at`, `start_list_number`, `lane_number`, `heat_number`, `heat_arrival_order`, `meeting_program_id`, `swimmer_id`, `team_id`, `team_affiliation_id`, `badge_id`, `entry_time_type_id`, `user_id`, `minutes`, `seconds`, `hundreds`, `is_no_time`)
  VALUES (5882, '2016-05-31 05:58:02', '2016-05-31 05:58:02', NULL, NULL, NULL, NULL, 73793, 11732, 35, 1584, 32709, NULL, 1, 0, 36, 0, 0);

INSERT INTO `meeting_entries` (`id`, `created_at`, `updated_at`, `start_list_number`, `lane_number`, `heat_number`, `heat_arrival_order`, `meeting_program_id`, `swimmer_id`, `team_id`, `team_affiliation_id`, `badge_id`, `entry_time_type_id`, `user_id`, `minutes`, `seconds`, `hundreds`, `is_no_time`)
  VALUES (5883, '2016-05-31 05:58:03', '2016-05-31 05:58:03', NULL, NULL, NULL, NULL, 73786, 1409, 35, 1584, 32710, NULL, 1, 0, 37, 50, 0);

INSERT INTO `meeting_entries` (`id`, `created_at`, `updated_at`, `start_list_number`, `lane_number`, `heat_number`, `heat_arrival_order`, `meeting_program_id`, `swimmer_id`, `team_id`, `team_affiliation_id`, `badge_id`, `entry_time_type_id`, `user_id`, `minutes`, `seconds`, `hundreds`, `is_no_time`)
  VALUES (5884, '2016-05-31 05:58:03', '2016-05-31 05:58:03', NULL, NULL, NULL, NULL, 73782, 1452, 35, 1584, 55420, NULL, 1, 1, 5, 0, 0);

INSERT INTO `meeting_entries` (`id`, `created_at`, `updated_at`, `start_list_number`, `lane_number`, `heat_number`, `heat_arrival_order`, `meeting_program_id`, `swimmer_id`, `team_id`, `team_affiliation_id`, `badge_id`, `entry_time_type_id`, `user_id`, `minutes`, `seconds`, `hundreds`, `is_no_time`)
  VALUES (5885, '2016-05-31 05:58:03', '2016-05-31 05:58:03', NULL, NULL, NULL, NULL, 73791, 21027, 18, 1592, 32627, NULL, 1, 11, 10, 0, 0);

INSERT INTO `meeting_entries` (`id`, `created_at`, `updated_at`, `start_list_number`, `lane_number`, `heat_number`, `heat_arrival_order`, `meeting_program_id`, `swimmer_id`, `team_id`, `team_affiliation_id`, `badge_id`, `entry_time_type_id`, `user_id`, `minutes`, `seconds`, `hundreds`, `is_no_time`)
  VALUES (5886, '2016-05-31 05:58:03', '2016-05-31 05:58:03', NULL, NULL, NULL, NULL, 73794, 1838, 18, 1592, 32622, NULL, 1, 0, 30, 50, 0);

INSERT INTO `meeting_entries` (`id`, `created_at`, `updated_at`, `start_list_number`, `lane_number`, `heat_number`, `heat_arrival_order`, `meeting_program_id`, `swimmer_id`, `team_id`, `team_affiliation_id`, `badge_id`, `entry_time_type_id`, `user_id`, `minutes`, `seconds`, `hundreds`, `is_no_time`)
  VALUES (5887, '2016-05-31 05:58:03', '2016-05-31 05:58:03', NULL, NULL, NULL, NULL, 73795, 20986, 18, 1592, 32630, NULL, 1, 1, 31, 0, 0);

INSERT INTO `meeting_entries` (`id`, `created_at`, `updated_at`, `start_list_number`, `lane_number`, `heat_number`, `heat_arrival_order`, `meeting_program_id`, `swimmer_id`, `team_id`, `team_affiliation_id`, `badge_id`, `entry_time_type_id`, `user_id`, `minutes`, `seconds`, `hundreds`, `is_no_time`)
  VALUES (5888, '2016-05-31 05:58:03', '2016-05-31 05:58:03', NULL, NULL, NULL, NULL, 73796, 20994, 18, 1592, 32640, NULL, 1, 1, 30, 0, 0);

INSERT INTO `meeting_entries` (`id`, `created_at`, `updated_at`, `start_list_number`, `lane_number`, `heat_number`, `heat_arrival_order`, `meeting_program_id`, `swimmer_id`, `team_id`, `team_affiliation_id`, `badge_id`, `entry_time_type_id`, `user_id`, `minutes`, `seconds`, `hundreds`, `is_no_time`)
  VALUES (5889, '2016-05-31 05:58:03', '2016-05-31 05:58:03', NULL, NULL, NULL, NULL, 73797, 21014, 18, 1592, 32633, NULL, 1, 1, 35, 0, 0);

INSERT INTO `meeting_entries` (`id`, `created_at`, `updated_at`, `start_list_number`, `lane_number`, `heat_number`, `heat_arrival_order`, `meeting_program_id`, `swimmer_id`, `team_id`, `team_affiliation_id`, `badge_id`, `entry_time_type_id`, `user_id`, `minutes`, `seconds`, `hundreds`, `is_no_time`)
  VALUES (5890, '2016-05-31 05:58:03', '2016-05-31 05:58:03', NULL, NULL, NULL, NULL, 73798, 1475, 18, 1592, 38094, NULL, 1, 11, 40, 0, 0);

INSERT INTO `meeting_entries` (`id`, `created_at`, `updated_at`, `start_list_number`, `lane_number`, `heat_number`, `heat_arrival_order`, `meeting_program_id`, `swimmer_id`, `team_id`, `team_affiliation_id`, `badge_id`, `entry_time_type_id`, `user_id`, `minutes`, `seconds`, `hundreds`, `is_no_time`)
  VALUES (5891, '2016-05-31 05:58:03', '2016-05-31 05:58:03', NULL, NULL, NULL, NULL, 73794, 1475, 18, 1592, 38094, NULL, 1, 0, 30, 0, 0);

INSERT INTO `meeting_entries` (`id`, `created_at`, `updated_at`, `start_list_number`, `lane_number`, `heat_number`, `heat_arrival_order`, `meeting_program_id`, `swimmer_id`, `team_id`, `team_affiliation_id`, `badge_id`, `entry_time_type_id`, `user_id`, `minutes`, `seconds`, `hundreds`, `is_no_time`)
  VALUES (5892, '2016-05-31 05:58:03', '2016-05-31 05:58:03', NULL, NULL, NULL, NULL, 73772, 21038, 18, 1592, 32643, NULL, 1, 0, 48, 0, 0);

INSERT INTO `meeting_entries` (`id`, `created_at`, `updated_at`, `start_list_number`, `lane_number`, `heat_number`, `heat_arrival_order`, `meeting_program_id`, `swimmer_id`, `team_id`, `team_affiliation_id`, `badge_id`, `entry_time_type_id`, `user_id`, `minutes`, `seconds`, `hundreds`, `is_no_time`)
  VALUES (5893, '2016-05-31 05:58:04', '2016-05-31 05:58:04', NULL, NULL, NULL, NULL, 73799, 1807, 18, 1592, 32631, NULL, 1, 1, 31, 0, 0);

INSERT INTO `meeting_entries` (`id`, `created_at`, `updated_at`, `start_list_number`, `lane_number`, `heat_number`, `heat_arrival_order`, `meeting_program_id`, `swimmer_id`, `team_id`, `team_affiliation_id`, `badge_id`, `entry_time_type_id`, `user_id`, `minutes`, `seconds`, `hundreds`, `is_no_time`)
  VALUES (5894, '2016-05-31 05:58:04', '2016-05-31 05:58:04', NULL, NULL, NULL, NULL, 73800, 22158, 18, 1592, 38735, NULL, 1, 14, 0, 0, 0);

INSERT INTO `meeting_entries` (`id`, `created_at`, `updated_at`, `start_list_number`, `lane_number`, `heat_number`, `heat_arrival_order`, `meeting_program_id`, `swimmer_id`, `team_id`, `team_affiliation_id`, `badge_id`, `entry_time_type_id`, `user_id`, `minutes`, `seconds`, `hundreds`, `is_no_time`)
  VALUES (5895, '2016-05-31 05:58:04', '2016-05-31 05:58:04', NULL, NULL, NULL, NULL, 73790, 18886, 18, 1592, 32644, NULL, 1, 0, 41, 0, 0);

INSERT INTO `meeting_entries` (`id`, `created_at`, `updated_at`, `start_list_number`, `lane_number`, `heat_number`, `heat_arrival_order`, `meeting_program_id`, `swimmer_id`, `team_id`, `team_affiliation_id`, `badge_id`, `entry_time_type_id`, `user_id`, `minutes`, `seconds`, `hundreds`, `is_no_time`)
  VALUES (5896, '2016-05-31 05:58:04', '2016-05-31 05:58:04', NULL, NULL, NULL, NULL, 73801, 1476, 18, 1592, 32615, NULL, 1, 12, 0, 0, 0);

INSERT INTO `meeting_entries` (`id`, `created_at`, `updated_at`, `start_list_number`, `lane_number`, `heat_number`, `heat_arrival_order`, `meeting_program_id`, `swimmer_id`, `team_id`, `team_affiliation_id`, `badge_id`, `entry_time_type_id`, `user_id`, `minutes`, `seconds`, `hundreds`, `is_no_time`)
  VALUES (5897, '2016-05-31 05:58:04', '2016-05-31 05:58:04', NULL, NULL, NULL, NULL, 73802, 20986, 18, 1592, 32630, NULL, 1, 1, 35, 0, 0);

INSERT INTO `meeting_entries` (`id`, `created_at`, `updated_at`, `start_list_number`, `lane_number`, `heat_number`, `heat_arrival_order`, `meeting_program_id`, `swimmer_id`, `team_id`, `team_affiliation_id`, `badge_id`, `entry_time_type_id`, `user_id`, `minutes`, `seconds`, `hundreds`, `is_no_time`)
  VALUES (5898, '2016-05-31 05:58:04', '2016-05-31 05:58:04', NULL, NULL, NULL, NULL, 73803, 20994, 18, 1592, 32640, NULL, 1, 0, 45, 0, 0);

INSERT INTO `meeting_entries` (`id`, `created_at`, `updated_at`, `start_list_number`, `lane_number`, `heat_number`, `heat_arrival_order`, `meeting_program_id`, `swimmer_id`, `team_id`, `team_affiliation_id`, `badge_id`, `entry_time_type_id`, `user_id`, `minutes`, `seconds`, `hundreds`, `is_no_time`)
  VALUES (5899, '2016-05-31 05:58:04', '2016-05-31 05:58:04', NULL, NULL, NULL, NULL, 73793, 21014, 18, 1592, 32633, NULL, 1, 0, 36, 40, 0);

INSERT INTO `meeting_entries` (`id`, `created_at`, `updated_at`, `start_list_number`, `lane_number`, `heat_number`, `heat_arrival_order`, `meeting_program_id`, `swimmer_id`, `team_id`, `team_affiliation_id`, `badge_id`, `entry_time_type_id`, `user_id`, `minutes`, `seconds`, `hundreds`, `is_no_time`)
  VALUES (5900, '2016-05-31 05:58:04', '2016-05-31 05:58:04', NULL, NULL, NULL, NULL, 73790, 1475, 18, 1592, 38094, NULL, 1, 0, 41, 0, 0);

INSERT INTO `meeting_entries` (`id`, `created_at`, `updated_at`, `start_list_number`, `lane_number`, `heat_number`, `heat_arrival_order`, `meeting_program_id`, `swimmer_id`, `team_id`, `team_affiliation_id`, `badge_id`, `entry_time_type_id`, `user_id`, `minutes`, `seconds`, `hundreds`, `is_no_time`)
  VALUES (5901, '2016-05-31 05:58:05', '2016-05-31 05:58:05', NULL, NULL, NULL, NULL, 73804, 21038, 18, 1592, 32643, NULL, 1, 0, 42, 80, 0);

INSERT INTO `meeting_entries` (`id`, `created_at`, `updated_at`, `start_list_number`, `lane_number`, `heat_number`, `heat_arrival_order`, `meeting_program_id`, `swimmer_id`, `team_id`, `team_affiliation_id`, `badge_id`, `entry_time_type_id`, `user_id`, `minutes`, `seconds`, `hundreds`, `is_no_time`)
  VALUES (5902, '2016-05-31 05:58:05', '2016-05-31 05:58:05', NULL, NULL, NULL, NULL, 73805, 1807, 18, 1592, 32631, NULL, 1, 1, 50, 0, 0);

INSERT INTO `meeting_entries` (`id`, `created_at`, `updated_at`, `start_list_number`, `lane_number`, `heat_number`, `heat_arrival_order`, `meeting_program_id`, `swimmer_id`, `team_id`, `team_affiliation_id`, `badge_id`, `entry_time_type_id`, `user_id`, `minutes`, `seconds`, `hundreds`, `is_no_time`)
  VALUES (5903, '2016-05-31 05:58:05', '2016-05-31 05:58:05', NULL, NULL, NULL, NULL, 73770, 22158, 18, 1592, 38735, NULL, 1, 0, 48, 0, 0);

INSERT INTO `meeting_entries` (`id`, `created_at`, `updated_at`, `start_list_number`, `lane_number`, `heat_number`, `heat_arrival_order`, `meeting_program_id`, `swimmer_id`, `team_id`, `team_affiliation_id`, `badge_id`, `entry_time_type_id`, `user_id`, `minutes`, `seconds`, `hundreds`, `is_no_time`)
  VALUES (5904, '2016-05-31 05:58:05', '2016-05-31 05:58:05', NULL, NULL, NULL, NULL, 73806, 18886, 18, 1592, 32644, NULL, 1, 1, 18, 0, 0);

INSERT INTO `meeting_entries` (`id`, `created_at`, `updated_at`, `start_list_number`, `lane_number`, `heat_number`, `heat_arrival_order`, `meeting_program_id`, `swimmer_id`, `team_id`, `team_affiliation_id`, `badge_id`, `entry_time_type_id`, `user_id`, `minutes`, `seconds`, `hundreds`, `is_no_time`)
  VALUES (5905, '2016-05-31 05:58:05', '2016-05-31 05:58:05', NULL, NULL, NULL, NULL, 73807, 1476, 18, 1592, 32615, NULL, 1, 1, 30, 0, 0);

INSERT INTO `meeting_entries` (`id`, `created_at`, `updated_at`, `start_list_number`, `lane_number`, `heat_number`, `heat_arrival_order`, `meeting_program_id`, `swimmer_id`, `team_id`, `team_affiliation_id`, `badge_id`, `entry_time_type_id`, `user_id`, `minutes`, `seconds`, `hundreds`, `is_no_time`)
  VALUES (5906, '2016-05-31 05:58:05', '2016-05-31 05:58:05', NULL, NULL, NULL, NULL, 73778, 4847, 11, 1585, 32647, NULL, 1, 0, 40, 90, 0);

INSERT INTO `meeting_entries` (`id`, `created_at`, `updated_at`, `start_list_number`, `lane_number`, `heat_number`, `heat_arrival_order`, `meeting_program_id`, `swimmer_id`, `team_id`, `team_affiliation_id`, `badge_id`, `entry_time_type_id`, `user_id`, `minutes`, `seconds`, `hundreds`, `is_no_time`)
  VALUES (5907, '2016-05-31 05:58:05', '2016-05-31 05:58:05', NULL, NULL, NULL, NULL, 73807, 1776, 11, 1585, 32648, NULL, 1, 1, 17, 40, 0);

INSERT INTO `meeting_entries` (`id`, `created_at`, `updated_at`, `start_list_number`, `lane_number`, `heat_number`, `heat_arrival_order`, `meeting_program_id`, `swimmer_id`, `team_id`, `team_affiliation_id`, `badge_id`, `entry_time_type_id`, `user_id`, `minutes`, `seconds`, `hundreds`, `is_no_time`)
  VALUES (5908, '2016-05-31 05:58:05', '2016-05-31 05:58:05', NULL, NULL, NULL, NULL, 73807, 1370, 11, 1585, 46552, NULL, 1, 1, 21, 0, 0);

INSERT INTO `meeting_entries` (`id`, `created_at`, `updated_at`, `start_list_number`, `lane_number`, `heat_number`, `heat_arrival_order`, `meeting_program_id`, `swimmer_id`, `team_id`, `team_affiliation_id`, `badge_id`, `entry_time_type_id`, `user_id`, `minutes`, `seconds`, `hundreds`, `is_no_time`)
  VALUES (5909, '2016-05-31 05:58:06', '2016-05-31 05:58:06', NULL, NULL, NULL, NULL, 73778, 23055, 11, 1585, 41526, NULL, 1, 0, 42, 0, 0);

INSERT INTO `meeting_entries` (`id`, `created_at`, `updated_at`, `start_list_number`, `lane_number`, `heat_number`, `heat_arrival_order`, `meeting_program_id`, `swimmer_id`, `team_id`, `team_affiliation_id`, `badge_id`, `entry_time_type_id`, `user_id`, `minutes`, `seconds`, `hundreds`, `is_no_time`)
  VALUES (5910, '2016-05-31 05:58:06', '2016-05-31 05:58:06', NULL, NULL, NULL, NULL, 73771, 882, 11, 1585, 32649, NULL, 1, 0, 41, 40, 0);

INSERT INTO `meeting_entries` (`id`, `created_at`, `updated_at`, `start_list_number`, `lane_number`, `heat_number`, `heat_arrival_order`, `meeting_program_id`, `swimmer_id`, `team_id`, `team_affiliation_id`, `badge_id`, `entry_time_type_id`, `user_id`, `minutes`, `seconds`, `hundreds`, `is_no_time`)
  VALUES (5911, '2016-05-31 05:58:06', '2016-05-31 05:58:06', NULL, NULL, NULL, NULL, 73771, 984, 11, 1585, 38746, NULL, 1, 0, 39, 0, 0);

INSERT INTO `meeting_entries` (`id`, `created_at`, `updated_at`, `start_list_number`, `lane_number`, `heat_number`, `heat_arrival_order`, `meeting_program_id`, `swimmer_id`, `team_id`, `team_affiliation_id`, `badge_id`, `entry_time_type_id`, `user_id`, `minutes`, `seconds`, `hundreds`, `is_no_time`)
  VALUES (5912, '2016-05-31 05:58:06', '2016-05-31 05:58:06', NULL, NULL, NULL, NULL, 73803, 1659, 11, 1585, 32650, NULL, 1, 0, 36, 60, 0);

INSERT INTO `meeting_entries` (`id`, `created_at`, `updated_at`, `start_list_number`, `lane_number`, `heat_number`, `heat_arrival_order`, `meeting_program_id`, `swimmer_id`, `team_id`, `team_affiliation_id`, `badge_id`, `entry_time_type_id`, `user_id`, `minutes`, `seconds`, `hundreds`, `is_no_time`)
  VALUES (5913, '2016-05-31 05:58:06', '2016-05-31 05:58:06', NULL, NULL, NULL, NULL, 73803, 1658, 11, 1585, 46553, NULL, 1, 0, 39, 0, 0);

INSERT INTO `meeting_entries` (`id`, `created_at`, `updated_at`, `start_list_number`, `lane_number`, `heat_number`, `heat_arrival_order`, `meeting_program_id`, `swimmer_id`, `team_id`, `team_affiliation_id`, `badge_id`, `entry_time_type_id`, `user_id`, `minutes`, `seconds`, `hundreds`, `is_no_time`)
  VALUES (5914, '2016-05-31 05:58:06', '2016-05-31 05:58:06', NULL, NULL, NULL, NULL, 73808, 87, 11, 1585, 38747, NULL, 1, 1, 16, 0, 0);

INSERT INTO `meeting_entries` (`id`, `created_at`, `updated_at`, `start_list_number`, `lane_number`, `heat_number`, `heat_arrival_order`, `meeting_program_id`, `swimmer_id`, `team_id`, `team_affiliation_id`, `badge_id`, `entry_time_type_id`, `user_id`, `minutes`, `seconds`, `hundreds`, `is_no_time`)
  VALUES (5915, '2016-05-31 05:58:06', '2016-05-31 05:58:06', NULL, NULL, NULL, NULL, 73809, 140, 11, 1585, 32653, NULL, 1, 15, 25, 0, 0);

INSERT INTO `meeting_entries` (`id`, `created_at`, `updated_at`, `start_list_number`, `lane_number`, `heat_number`, `heat_arrival_order`, `meeting_program_id`, `swimmer_id`, `team_id`, `team_affiliation_id`, `badge_id`, `entry_time_type_id`, `user_id`, `minutes`, `seconds`, `hundreds`, `is_no_time`)
  VALUES (5916, '2016-05-31 05:58:07', '2016-05-31 05:58:07', NULL, NULL, NULL, NULL, 73790, 553, 11, 1585, 32654, NULL, 1, 0, 37, 90, 0);

INSERT INTO `meeting_entries` (`id`, `created_at`, `updated_at`, `start_list_number`, `lane_number`, `heat_number`, `heat_arrival_order`, `meeting_program_id`, `swimmer_id`, `team_id`, `team_affiliation_id`, `badge_id`, `entry_time_type_id`, `user_id`, `minutes`, `seconds`, `hundreds`, `is_no_time`)
  VALUES (5917, '2016-05-31 05:58:07', '2016-05-31 05:58:07', NULL, NULL, NULL, NULL, 73790, 22159, 11, 1585, 38748, NULL, 1, 0, 40, 0, 0);

INSERT INTO `meeting_entries` (`id`, `created_at`, `updated_at`, `start_list_number`, `lane_number`, `heat_number`, `heat_arrival_order`, `meeting_program_id`, `swimmer_id`, `team_id`, `team_affiliation_id`, `badge_id`, `entry_time_type_id`, `user_id`, `minutes`, `seconds`, `hundreds`, `is_no_time`)
  VALUES (5918, '2016-05-31 05:58:07', '2016-05-31 05:58:07', NULL, NULL, NULL, NULL, 73770, 148, 11, 1585, 32657, NULL, 1, 0, 42, 70, 0);

INSERT INTO `meeting_entries` (`id`, `created_at`, `updated_at`, `start_list_number`, `lane_number`, `heat_number`, `heat_arrival_order`, `meeting_program_id`, `swimmer_id`, `team_id`, `team_affiliation_id`, `badge_id`, `entry_time_type_id`, `user_id`, `minutes`, `seconds`, `hundreds`, `is_no_time`)
  VALUES (5919, '2016-05-31 05:58:07', '2016-05-31 05:58:07', NULL, NULL, NULL, NULL, 73800, 228, 11, 1585, 32655, NULL, 1, 13, 0, 0, 0);

INSERT INTO `meeting_entries` (`id`, `created_at`, `updated_at`, `start_list_number`, `lane_number`, `heat_number`, `heat_arrival_order`, `meeting_program_id`, `swimmer_id`, `team_id`, `team_affiliation_id`, `badge_id`, `entry_time_type_id`, `user_id`, `minutes`, `seconds`, `hundreds`, `is_no_time`)
  VALUES (5920, '2016-05-31 05:58:07', '2016-05-31 05:58:07', NULL, NULL, NULL, NULL, 73810, 1244, 11, 1585, 32658, NULL, 1, 12, 39, 30, 0);

INSERT INTO `meeting_entries` (`id`, `created_at`, `updated_at`, `start_list_number`, `lane_number`, `heat_number`, `heat_arrival_order`, `meeting_program_id`, `swimmer_id`, `team_id`, `team_affiliation_id`, `badge_id`, `entry_time_type_id`, `user_id`, `minutes`, `seconds`, `hundreds`, `is_no_time`)
  VALUES (5921, '2016-05-31 05:58:07', '2016-05-31 05:58:07', NULL, NULL, NULL, NULL, 73810, 21032, 11, 1585, 32659, NULL, 1, 16, 50, 0, 0);

INSERT INTO `meeting_entries` (`id`, `created_at`, `updated_at`, `start_list_number`, `lane_number`, `heat_number`, `heat_arrival_order`, `meeting_program_id`, `swimmer_id`, `team_id`, `team_affiliation_id`, `badge_id`, `entry_time_type_id`, `user_id`, `minutes`, `seconds`, `hundreds`, `is_no_time`)
  VALUES (5922, '2016-05-31 05:58:07', '2016-05-31 05:58:07', NULL, NULL, NULL, NULL, 73775, 229, 11, 1585, 32660, NULL, 1, 0, 49, 90, 0);

INSERT INTO `meeting_entries` (`id`, `created_at`, `updated_at`, `start_list_number`, `lane_number`, `heat_number`, `heat_arrival_order`, `meeting_program_id`, `swimmer_id`, `team_id`, `team_affiliation_id`, `badge_id`, `entry_time_type_id`, `user_id`, `minutes`, `seconds`, `hundreds`, `is_no_time`)
  VALUES (5923, '2016-05-31 05:58:08', '2016-05-31 05:58:08', NULL, NULL, NULL, NULL, 73811, 114, 11, 1585, 32661, NULL, 1, 12, 58, 0, 0);

INSERT INTO `meeting_entries` (`id`, `created_at`, `updated_at`, `start_list_number`, `lane_number`, `heat_number`, `heat_arrival_order`, `meeting_program_id`, `swimmer_id`, `team_id`, `team_affiliation_id`, `badge_id`, `entry_time_type_id`, `user_id`, `minutes`, `seconds`, `hundreds`, `is_no_time`)
  VALUES (5924, '2016-05-31 05:58:08', '2016-05-31 05:58:08', NULL, NULL, NULL, NULL, 73812, 4847, 11, 1585, 32647, NULL, 1, 0, 31, 0, 0);

INSERT INTO `meeting_entries` (`id`, `created_at`, `updated_at`, `start_list_number`, `lane_number`, `heat_number`, `heat_arrival_order`, `meeting_program_id`, `swimmer_id`, `team_id`, `team_affiliation_id`, `badge_id`, `entry_time_type_id`, `user_id`, `minutes`, `seconds`, `hundreds`, `is_no_time`)
  VALUES (5925, '2016-05-31 05:58:08', '2016-05-31 05:58:08', NULL, NULL, NULL, NULL, 73807, 4847, 11, 1585, 32647, NULL, 1, 1, 18, 30, 0);

INSERT INTO `meeting_entries` (`id`, `created_at`, `updated_at`, `start_list_number`, `lane_number`, `heat_number`, `heat_arrival_order`, `meeting_program_id`, `swimmer_id`, `team_id`, `team_affiliation_id`, `badge_id`, `entry_time_type_id`, `user_id`, `minutes`, `seconds`, `hundreds`, `is_no_time`)
  VALUES (5926, '2016-05-31 05:58:08', '2016-05-31 05:58:08', NULL, NULL, NULL, NULL, 73813, 1776, 11, 1585, 32648, NULL, 1, 1, 13, 50, 0);

INSERT INTO `meeting_entries` (`id`, `created_at`, `updated_at`, `start_list_number`, `lane_number`, `heat_number`, `heat_arrival_order`, `meeting_program_id`, `swimmer_id`, `team_id`, `team_affiliation_id`, `badge_id`, `entry_time_type_id`, `user_id`, `minutes`, `seconds`, `hundreds`, `is_no_time`)
  VALUES (5927, '2016-05-31 05:58:08', '2016-05-31 05:58:08', NULL, NULL, NULL, NULL, 73812, 1370, 11, 1585, 46552, NULL, 1, 0, 33, 50, 0);

INSERT INTO `meeting_entries` (`id`, `created_at`, `updated_at`, `start_list_number`, `lane_number`, `heat_number`, `heat_arrival_order`, `meeting_program_id`, `swimmer_id`, `team_id`, `team_affiliation_id`, `badge_id`, `entry_time_type_id`, `user_id`, `minutes`, `seconds`, `hundreds`, `is_no_time`)
  VALUES (5928, '2016-05-31 05:58:08', '2016-05-31 05:58:08', NULL, NULL, NULL, NULL, 73807, 23055, 11, 1585, 41526, NULL, 1, 1, 22, 0, 0);

INSERT INTO `meeting_entries` (`id`, `created_at`, `updated_at`, `start_list_number`, `lane_number`, `heat_number`, `heat_arrival_order`, `meeting_program_id`, `swimmer_id`, `team_id`, `team_affiliation_id`, `badge_id`, `entry_time_type_id`, `user_id`, `minutes`, `seconds`, `hundreds`, `is_no_time`)
  VALUES (5929, '2016-05-31 05:58:08', '2016-05-31 05:58:08', NULL, NULL, NULL, NULL, 73797, 882, 11, 1585, 32649, NULL, 1, 1, 23, 60, 0);

INSERT INTO `meeting_entries` (`id`, `created_at`, `updated_at`, `start_list_number`, `lane_number`, `heat_number`, `heat_arrival_order`, `meeting_program_id`, `swimmer_id`, `team_id`, `team_affiliation_id`, `badge_id`, `entry_time_type_id`, `user_id`, `minutes`, `seconds`, `hundreds`, `is_no_time`)
  VALUES (5930, '2016-05-31 05:58:08', '2016-05-31 05:58:08', NULL, NULL, NULL, NULL, 73797, 984, 11, 1585, 38746, NULL, 1, 1, 21, 0, 0);

INSERT INTO `meeting_entries` (`id`, `created_at`, `updated_at`, `start_list_number`, `lane_number`, `heat_number`, `heat_arrival_order`, `meeting_program_id`, `swimmer_id`, `team_id`, `team_affiliation_id`, `badge_id`, `entry_time_type_id`, `user_id`, `minutes`, `seconds`, `hundreds`, `is_no_time`)
  VALUES (5931, '2016-05-31 05:58:09', '2016-05-31 05:58:09', NULL, NULL, NULL, NULL, 73796, 1659, 11, 1585, 32650, NULL, 1, 1, 22, 0, 0);

INSERT INTO `meeting_entries` (`id`, `created_at`, `updated_at`, `start_list_number`, `lane_number`, `heat_number`, `heat_arrival_order`, `meeting_program_id`, `swimmer_id`, `team_id`, `team_affiliation_id`, `badge_id`, `entry_time_type_id`, `user_id`, `minutes`, `seconds`, `hundreds`, `is_no_time`)
  VALUES (5932, '2016-05-31 05:58:09', '2016-05-31 05:58:09', NULL, NULL, NULL, NULL, 73796, 1658, 11, 1585, 46553, NULL, 1, 1, 19, 0, 0);

INSERT INTO `meeting_entries` (`id`, `created_at`, `updated_at`, `start_list_number`, `lane_number`, `heat_number`, `heat_arrival_order`, `meeting_program_id`, `swimmer_id`, `team_id`, `team_affiliation_id`, `badge_id`, `entry_time_type_id`, `user_id`, `minutes`, `seconds`, `hundreds`, `is_no_time`)
  VALUES (5933, '2016-05-31 05:58:09', '2016-05-31 05:58:09', NULL, NULL, NULL, NULL, 73814, 140, 11, 1585, 32653, NULL, 1, 0, 57, 10, 0);

INSERT INTO `meeting_entries` (`id`, `created_at`, `updated_at`, `start_list_number`, `lane_number`, `heat_number`, `heat_arrival_order`, `meeting_program_id`, `swimmer_id`, `team_id`, `team_affiliation_id`, `badge_id`, `entry_time_type_id`, `user_id`, `minutes`, `seconds`, `hundreds`, `is_no_time`)
  VALUES (5934, '2016-05-31 05:58:09', '2016-05-31 05:58:09', NULL, NULL, NULL, NULL, 73788, 553, 11, 1585, 32654, NULL, 1, 1, 14, 20, 0);

INSERT INTO `meeting_entries` (`id`, `created_at`, `updated_at`, `start_list_number`, `lane_number`, `heat_number`, `heat_arrival_order`, `meeting_program_id`, `swimmer_id`, `team_id`, `team_affiliation_id`, `badge_id`, `entry_time_type_id`, `user_id`, `minutes`, `seconds`, `hundreds`, `is_no_time`)
  VALUES (5935, '2016-05-31 05:58:09', '2016-05-31 05:58:09', NULL, NULL, NULL, NULL, 73788, 22159, 11, 1585, 38748, NULL, 1, 1, 20, 0, 0);

INSERT INTO `meeting_entries` (`id`, `created_at`, `updated_at`, `start_list_number`, `lane_number`, `heat_number`, `heat_arrival_order`, `meeting_program_id`, `swimmer_id`, `team_id`, `team_affiliation_id`, `badge_id`, `entry_time_type_id`, `user_id`, `minutes`, `seconds`, `hundreds`, `is_no_time`)
  VALUES (5936, '2016-05-31 05:58:09', '2016-05-31 05:58:09', NULL, NULL, NULL, NULL, 73815, 148, 11, 1585, 32657, NULL, 1, 1, 31, 10, 0);

INSERT INTO `meeting_entries` (`id`, `created_at`, `updated_at`, `start_list_number`, `lane_number`, `heat_number`, `heat_arrival_order`, `meeting_program_id`, `swimmer_id`, `team_id`, `team_affiliation_id`, `badge_id`, `entry_time_type_id`, `user_id`, `minutes`, `seconds`, `hundreds`, `is_no_time`)
  VALUES (5937, '2016-05-31 05:58:09', '2016-05-31 05:58:09', NULL, NULL, NULL, NULL, 73816, 228, 11, 1585, 32655, NULL, 1, 1, 28, 90, 0);

INSERT INTO `meeting_entries` (`id`, `created_at`, `updated_at`, `start_list_number`, `lane_number`, `heat_number`, `heat_arrival_order`, `meeting_program_id`, `swimmer_id`, `team_id`, `team_affiliation_id`, `badge_id`, `entry_time_type_id`, `user_id`, `minutes`, `seconds`, `hundreds`, `is_no_time`)
  VALUES (5938, '2016-05-31 05:58:09', '2016-05-31 05:58:09', NULL, NULL, NULL, NULL, 73775, 1244, 11, 1585, 32658, NULL, 1, 0, 46, 10, 0);

INSERT INTO `meeting_entries` (`id`, `created_at`, `updated_at`, `start_list_number`, `lane_number`, `heat_number`, `heat_arrival_order`, `meeting_program_id`, `swimmer_id`, `team_id`, `team_affiliation_id`, `badge_id`, `entry_time_type_id`, `user_id`, `minutes`, `seconds`, `hundreds`, `is_no_time`)
  VALUES (5939, '2016-05-31 05:58:09', '2016-05-31 05:58:09', NULL, NULL, NULL, NULL, 73775, 21032, 11, 1585, 32659, NULL, 1, 1, 13, 70, 0);

INSERT INTO `meeting_entries` (`id`, `created_at`, `updated_at`, `start_list_number`, `lane_number`, `heat_number`, `heat_arrival_order`, `meeting_program_id`, `swimmer_id`, `team_id`, `team_affiliation_id`, `badge_id`, `entry_time_type_id`, `user_id`, `minutes`, `seconds`, `hundreds`, `is_no_time`)
  VALUES (5940, '2016-05-31 05:58:09', '2016-05-31 05:58:09', NULL, NULL, NULL, NULL, 73817, 229, 11, 1585, 32660, NULL, 1, 1, 41, 60, 0);

INSERT INTO `meeting_entries` (`id`, `created_at`, `updated_at`, `start_list_number`, `lane_number`, `heat_number`, `heat_arrival_order`, `meeting_program_id`, `swimmer_id`, `team_id`, `team_affiliation_id`, `badge_id`, `entry_time_type_id`, `user_id`, `minutes`, `seconds`, `hundreds`, `is_no_time`)
  VALUES (5941, '2016-05-31 05:58:10', '2016-05-31 05:58:10', NULL, NULL, NULL, NULL, 73818, 114, 11, 1585, 32661, NULL, 1, 1, 27, 60, 0);

INSERT INTO `meeting_entries` (`id`, `created_at`, `updated_at`, `start_list_number`, `lane_number`, `heat_number`, `heat_arrival_order`, `meeting_program_id`, `swimmer_id`, `team_id`, `team_affiliation_id`, `badge_id`, `entry_time_type_id`, `user_id`, `minutes`, `seconds`, `hundreds`, `is_no_time`)
  VALUES (5942, '2016-05-31 05:58:10', '2016-05-31 05:58:10', NULL, NULL, NULL, NULL, 73786, 20959, 4, 1586, 32704, NULL, 1, 0, 40, 0, 0);

INSERT INTO `meeting_entries` (`id`, `created_at`, `updated_at`, `start_list_number`, `lane_number`, `heat_number`, `heat_arrival_order`, `meeting_program_id`, `swimmer_id`, `team_id`, `team_affiliation_id`, `badge_id`, `entry_time_type_id`, `user_id`, `minutes`, `seconds`, `hundreds`, `is_no_time`)
  VALUES (5943, '2016-05-31 05:58:10', '2016-05-31 05:58:10', NULL, NULL, NULL, NULL, 73796, 20951, 4, 1586, 32699, NULL, 1, 1, 25, 0, 0);

INSERT INTO `meeting_entries` (`id`, `created_at`, `updated_at`, `start_list_number`, `lane_number`, `heat_number`, `heat_arrival_order`, `meeting_program_id`, `swimmer_id`, `team_id`, `team_affiliation_id`, `badge_id`, `entry_time_type_id`, `user_id`, `minutes`, `seconds`, `hundreds`, `is_no_time`)
  VALUES (5944, '2016-05-31 05:58:10', '2016-05-31 05:58:10', NULL, NULL, NULL, NULL, 73795, 21985, 4, 1586, 38109, NULL, 1, 1, 35, 0, 0);

INSERT INTO `meeting_entries` (`id`, `created_at`, `updated_at`, `start_list_number`, `lane_number`, `heat_number`, `heat_arrival_order`, `meeting_program_id`, `swimmer_id`, `team_id`, `team_affiliation_id`, `badge_id`, `entry_time_type_id`, `user_id`, `minutes`, `seconds`, `hundreds`, `is_no_time`)
  VALUES (5945, '2016-05-31 05:58:10', '2016-05-31 05:58:10', NULL, NULL, NULL, NULL, 73818, 900, 4, 1586, 55421, NULL, 1, 1, 40, 0, 0);

INSERT INTO `meeting_entries` (`id`, `created_at`, `updated_at`, `start_list_number`, `lane_number`, `heat_number`, `heat_arrival_order`, `meeting_program_id`, `swimmer_id`, `team_id`, `team_affiliation_id`, `badge_id`, `entry_time_type_id`, `user_id`, `minutes`, `seconds`, `hundreds`, `is_no_time`)
  VALUES (5946, '2016-05-31 05:58:10', '2016-05-31 05:58:10', NULL, NULL, NULL, NULL, 73811, 230, 4, 1586, 38108, NULL, 1, 16, 0, 0, 0);

INSERT INTO `meeting_entries` (`id`, `created_at`, `updated_at`, `start_list_number`, `lane_number`, `heat_number`, `heat_arrival_order`, `meeting_program_id`, `swimmer_id`, `team_id`, `team_affiliation_id`, `badge_id`, `entry_time_type_id`, `user_id`, `minutes`, `seconds`, `hundreds`, `is_no_time`)
  VALUES (5947, '2016-05-31 05:58:10', '2016-05-31 05:58:10', NULL, NULL, NULL, NULL, 73784, 20967, 4, 1586, 32705, NULL, 1, 0, 30, 0, 0);

INSERT INTO `meeting_entries` (`id`, `created_at`, `updated_at`, `start_list_number`, `lane_number`, `heat_number`, `heat_arrival_order`, `meeting_program_id`, `swimmer_id`, `team_id`, `team_affiliation_id`, `badge_id`, `entry_time_type_id`, `user_id`, `minutes`, `seconds`, `hundreds`, `is_no_time`)
  VALUES (5948, '2016-05-31 05:58:10', '2016-05-31 05:58:10', NULL, NULL, NULL, NULL, 73787, 25, 4, 1586, 32706, NULL, 1, 1, 14, 80, 0);

INSERT INTO `meeting_entries` (`id`, `created_at`, `updated_at`, `start_list_number`, `lane_number`, `heat_number`, `heat_arrival_order`, `meeting_program_id`, `swimmer_id`, `team_id`, `team_affiliation_id`, `badge_id`, `entry_time_type_id`, `user_id`, `minutes`, `seconds`, `hundreds`, `is_no_time`)
  VALUES (5949, '2016-05-31 05:58:10', '2016-05-31 05:58:10', NULL, NULL, NULL, NULL, 73795, 11734, 4, 1586, 32701, NULL, 1, 1, 40, 0, 0);

INSERT INTO `meeting_entries` (`id`, `created_at`, `updated_at`, `start_list_number`, `lane_number`, `heat_number`, `heat_arrival_order`, `meeting_program_id`, `swimmer_id`, `team_id`, `team_affiliation_id`, `badge_id`, `entry_time_type_id`, `user_id`, `minutes`, `seconds`, `hundreds`, `is_no_time`)
  VALUES (5950, '2016-05-31 05:58:10', '2016-05-31 05:58:10', NULL, NULL, NULL, NULL, 73819, 230, 4, 1586, 38108, NULL, 1, 0, 39, 0, 0);

INSERT INTO `meeting_entries` (`id`, `created_at`, `updated_at`, `start_list_number`, `lane_number`, `heat_number`, `heat_arrival_order`, `meeting_program_id`, `swimmer_id`, `team_id`, `team_affiliation_id`, `badge_id`, `entry_time_type_id`, `user_id`, `minutes`, `seconds`, `hundreds`, `is_no_time`)
  VALUES (5951, '2016-05-31 05:58:11', '2016-05-31 05:58:11', NULL, NULL, NULL, NULL, 73777, 20959, 4, 1586, 32704, NULL, 1, 0, 30, 0, 0);

INSERT INTO `meeting_entries` (`id`, `created_at`, `updated_at`, `start_list_number`, `lane_number`, `heat_number`, `heat_arrival_order`, `meeting_program_id`, `swimmer_id`, `team_id`, `team_affiliation_id`, `badge_id`, `entry_time_type_id`, `user_id`, `minutes`, `seconds`, `hundreds`, `is_no_time`)
  VALUES (5952, '2016-05-31 05:58:11', '2016-05-31 05:58:11', NULL, NULL, NULL, NULL, 73803, 20951, 4, 1586, 32699, NULL, 1, 0, 41, 0, 0);

INSERT INTO `meeting_entries` (`id`, `created_at`, `updated_at`, `start_list_number`, `lane_number`, `heat_number`, `heat_arrival_order`, `meeting_program_id`, `swimmer_id`, `team_id`, `team_affiliation_id`, `badge_id`, `entry_time_type_id`, `user_id`, `minutes`, `seconds`, `hundreds`, `is_no_time`)
  VALUES (5953, '2016-05-31 05:58:11', '2016-05-31 05:58:11', NULL, NULL, NULL, NULL, 73802, 21985, 4, 1586, 38109, NULL, 1, 1, 30, 0, 0);

INSERT INTO `meeting_entries` (`id`, `created_at`, `updated_at`, `start_list_number`, `lane_number`, `heat_number`, `heat_arrival_order`, `meeting_program_id`, `swimmer_id`, `team_id`, `team_affiliation_id`, `badge_id`, `entry_time_type_id`, `user_id`, `minutes`, `seconds`, `hundreds`, `is_no_time`)
  VALUES (5954, '2016-05-31 05:58:11', '2016-05-31 05:58:11', NULL, NULL, NULL, NULL, 73820, 230, 4, 1586, 38108, NULL, 1, 0, 45, 0, 0);

INSERT INTO `meeting_entries` (`id`, `created_at`, `updated_at`, `start_list_number`, `lane_number`, `heat_number`, `heat_arrival_order`, `meeting_program_id`, `swimmer_id`, `team_id`, `team_affiliation_id`, `badge_id`, `entry_time_type_id`, `user_id`, `minutes`, `seconds`, `hundreds`, `is_no_time`)
  VALUES (5955, '2016-05-31 05:58:11', '2016-05-31 05:58:11', NULL, NULL, NULL, NULL, 73821, 20967, 4, 1586, 32705, NULL, 1, 0, 37, 0, 0);

INSERT INTO `meeting_entries` (`id`, `created_at`, `updated_at`, `start_list_number`, `lane_number`, `heat_number`, `heat_arrival_order`, `meeting_program_id`, `swimmer_id`, `team_id`, `team_affiliation_id`, `badge_id`, `entry_time_type_id`, `user_id`, `minutes`, `seconds`, `hundreds`, `is_no_time`)
  VALUES (5956, '2016-05-31 05:58:11', '2016-05-31 05:58:11', NULL, NULL, NULL, NULL, 73789, 25, 4, 1586, 32706, NULL, 1, 0, 35, 90, 0);

INSERT INTO `meeting_entries` (`id`, `created_at`, `updated_at`, `start_list_number`, `lane_number`, `heat_number`, `heat_arrival_order`, `meeting_program_id`, `swimmer_id`, `team_id`, `team_affiliation_id`, `badge_id`, `entry_time_type_id`, `user_id`, `minutes`, `seconds`, `hundreds`, `is_no_time`)
  VALUES (5957, '2016-05-31 05:58:11', '2016-05-31 05:58:11', NULL, NULL, NULL, NULL, 73822, 11734, 4, 1586, 32701, NULL, 1, 0, 48, 0, 0);

INSERT INTO `meeting_entries` (`id`, `created_at`, `updated_at`, `start_list_number`, `lane_number`, `heat_number`, `heat_arrival_order`, `meeting_program_id`, `swimmer_id`, `team_id`, `team_affiliation_id`, `badge_id`, `entry_time_type_id`, `user_id`, `minutes`, `seconds`, `hundreds`, `is_no_time`)
  VALUES (5958, '2016-05-31 05:58:11', '2016-05-31 05:58:11', NULL, NULL, NULL, NULL, 73774, 27324, 826, 1594, 55422, NULL, 1, 1, 25, 0, 0);

INSERT INTO `meeting_entries` (`id`, `created_at`, `updated_at`, `start_list_number`, `lane_number`, `heat_number`, `heat_arrival_order`, `meeting_program_id`, `swimmer_id`, `team_id`, `team_affiliation_id`, `badge_id`, `entry_time_type_id`, `user_id`, `minutes`, `seconds`, `hundreds`, `is_no_time`)
  VALUES (5959, '2016-05-31 05:58:11', '2016-05-31 05:58:11', NULL, NULL, NULL, NULL, 73823, 24842, 826, 1594, 46548, NULL, 1, 0, 43, 50, 0);

INSERT INTO `meeting_entries` (`id`, `created_at`, `updated_at`, `start_list_number`, `lane_number`, `heat_number`, `heat_arrival_order`, `meeting_program_id`, `swimmer_id`, `team_id`, `team_affiliation_id`, `badge_id`, `entry_time_type_id`, `user_id`, `minutes`, `seconds`, `hundreds`, `is_no_time`)
  VALUES (5960, '2016-05-31 05:58:11', '2016-05-31 05:58:11', NULL, NULL, NULL, NULL, 73789, 22149, 826, 1594, 38754, NULL, 1, 0, 50, 40, 0);

INSERT INTO `meeting_entries` (`id`, `created_at`, `updated_at`, `start_list_number`, `lane_number`, `heat_number`, `heat_arrival_order`, `meeting_program_id`, `swimmer_id`, `team_id`, `team_affiliation_id`, `badge_id`, `entry_time_type_id`, `user_id`, `minutes`, `seconds`, `hundreds`, `is_no_time`)
  VALUES (5961, '2016-05-31 05:58:11', '2016-05-31 05:58:11', NULL, NULL, NULL, NULL, 73824, 22147, 826, 1594, 38756, NULL, 1, 0, 35, 0, 0);

INSERT INTO `meeting_entries` (`id`, `created_at`, `updated_at`, `start_list_number`, `lane_number`, `heat_number`, `heat_arrival_order`, `meeting_program_id`, `swimmer_id`, `team_id`, `team_affiliation_id`, `badge_id`, `entry_time_type_id`, `user_id`, `minutes`, `seconds`, `hundreds`, `is_no_time`)
  VALUES (5962, '2016-05-31 05:58:12', '2016-05-31 05:58:12', NULL, NULL, NULL, NULL, 73812, 22148, 826, 1594, 38755, NULL, 1, 0, 31, 0, 0);

INSERT INTO `meeting_entries` (`id`, `created_at`, `updated_at`, `start_list_number`, `lane_number`, `heat_number`, `heat_arrival_order`, `meeting_program_id`, `swimmer_id`, `team_id`, `team_affiliation_id`, `badge_id`, `entry_time_type_id`, `user_id`, `minutes`, `seconds`, `hundreds`, `is_no_time`)
  VALUES (5963, '2016-05-31 05:58:12', '2016-05-31 05:58:12', NULL, NULL, NULL, NULL, 73777, 22151, 826, 1594, 38753, NULL, 1, 0, 30, 80, 0);

INSERT INTO `meeting_entries` (`id`, `created_at`, `updated_at`, `start_list_number`, `lane_number`, `heat_number`, `heat_arrival_order`, `meeting_program_id`, `swimmer_id`, `team_id`, `team_affiliation_id`, `badge_id`, `entry_time_type_id`, `user_id`, `minutes`, `seconds`, `hundreds`, `is_no_time`)
  VALUES (5964, '2016-05-31 05:58:12', '2016-05-31 05:58:12', NULL, NULL, NULL, NULL, 73823, 21020, 826, 1594, 32555, NULL, 1, 0, 42, 7, 0);

INSERT INTO `meeting_entries` (`id`, `created_at`, `updated_at`, `start_list_number`, `lane_number`, `heat_number`, `heat_arrival_order`, `meeting_program_id`, `swimmer_id`, `team_id`, `team_affiliation_id`, `badge_id`, `entry_time_type_id`, `user_id`, `minutes`, `seconds`, `hundreds`, `is_no_time`)
  VALUES (5965, '2016-05-31 05:58:12', '2016-05-31 05:58:12', NULL, NULL, NULL, NULL, 73825, 21021, 826, 1594, 32553, NULL, 1, 0, 51, 15, 0);

INSERT INTO `meeting_entries` (`id`, `created_at`, `updated_at`, `start_list_number`, `lane_number`, `heat_number`, `heat_arrival_order`, `meeting_program_id`, `swimmer_id`, `team_id`, `team_affiliation_id`, `badge_id`, `entry_time_type_id`, `user_id`, `minutes`, `seconds`, `hundreds`, `is_no_time`)
  VALUES (5966, '2016-05-31 05:58:12', '2016-05-31 05:58:12', NULL, NULL, NULL, NULL, 73793, 21030, 826, 1594, 32551, NULL, 1, 0, 36, 30, 0);

INSERT INTO `meeting_entries` (`id`, `created_at`, `updated_at`, `start_list_number`, `lane_number`, `heat_number`, `heat_arrival_order`, `meeting_program_id`, `swimmer_id`, `team_id`, `team_affiliation_id`, `badge_id`, `entry_time_type_id`, `user_id`, `minutes`, `seconds`, `hundreds`, `is_no_time`)
  VALUES (5967, '2016-05-31 05:58:12', '2016-05-31 05:58:12', NULL, NULL, NULL, NULL, 73809, 20989, 826, 1594, 32557, NULL, 1, 0, 0, 0, 1);

INSERT INTO `meeting_entries` (`id`, `created_at`, `updated_at`, `start_list_number`, `lane_number`, `heat_number`, `heat_arrival_order`, `meeting_program_id`, `swimmer_id`, `team_id`, `team_affiliation_id`, `badge_id`, `entry_time_type_id`, `user_id`, `minutes`, `seconds`, `hundreds`, `is_no_time`)
  VALUES (5968, '2016-05-31 05:58:12', '2016-05-31 05:58:12', NULL, NULL, NULL, NULL, 73819, 24838, 826, 1594, 46547, NULL, 1, 0, 0, 0, 1);

INSERT INTO `meeting_entries` (`id`, `created_at`, `updated_at`, `start_list_number`, `lane_number`, `heat_number`, `heat_arrival_order`, `meeting_program_id`, `swimmer_id`, `team_id`, `team_affiliation_id`, `badge_id`, `entry_time_type_id`, `user_id`, `minutes`, `seconds`, `hundreds`, `is_no_time`)
  VALUES (5969, '2016-05-31 05:58:12', '2016-05-31 05:58:12', NULL, NULL, NULL, NULL, 73823, 27323, 826, 1594, 55423, NULL, 1, 0, 36, 0, 0);

INSERT INTO `meeting_entries` (`id`, `created_at`, `updated_at`, `start_list_number`, `lane_number`, `heat_number`, `heat_arrival_order`, `meeting_program_id`, `swimmer_id`, `team_id`, `team_affiliation_id`, `badge_id`, `entry_time_type_id`, `user_id`, `minutes`, `seconds`, `hundreds`, `is_no_time`)
  VALUES (5970, '2016-05-31 05:58:12', '2016-05-31 05:58:12', NULL, NULL, NULL, NULL, 73803, 1250, 826, 1594, 32766, NULL, 1, 0, 0, 0, 1);

INSERT INTO `meeting_entries` (`id`, `created_at`, `updated_at`, `start_list_number`, `lane_number`, `heat_number`, `heat_arrival_order`, `meeting_program_id`, `swimmer_id`, `team_id`, `team_affiliation_id`, `badge_id`, `entry_time_type_id`, `user_id`, `minutes`, `seconds`, `hundreds`, `is_no_time`)
  VALUES (5971, '2016-05-31 05:58:12', '2016-05-31 05:58:12', NULL, NULL, NULL, NULL, 73826, 27324, 826, 1594, 55422, NULL, 1, 0, 27, 40, 0);

INSERT INTO `meeting_entries` (`id`, `created_at`, `updated_at`, `start_list_number`, `lane_number`, `heat_number`, `heat_arrival_order`, `meeting_program_id`, `swimmer_id`, `team_id`, `team_affiliation_id`, `badge_id`, `entry_time_type_id`, `user_id`, `minutes`, `seconds`, `hundreds`, `is_no_time`)
  VALUES (5972, '2016-05-31 05:58:13', '2016-05-31 05:58:13', NULL, NULL, NULL, NULL, 73787, 22149, 826, 1594, 38754, NULL, 1, 0, 0, 0, 1);

INSERT INTO `meeting_entries` (`id`, `created_at`, `updated_at`, `start_list_number`, `lane_number`, `heat_number`, `heat_arrival_order`, `meeting_program_id`, `swimmer_id`, `team_id`, `team_affiliation_id`, `badge_id`, `entry_time_type_id`, `user_id`, `minutes`, `seconds`, `hundreds`, `is_no_time`)
  VALUES (5973, '2016-05-31 05:58:13', '2016-05-31 05:58:13', NULL, NULL, NULL, NULL, 73807, 22148, 826, 1594, 38755, NULL, 1, 1, 35, 0, 0);

INSERT INTO `meeting_entries` (`id`, `created_at`, `updated_at`, `start_list_number`, `lane_number`, `heat_number`, `heat_arrival_order`, `meeting_program_id`, `swimmer_id`, `team_id`, `team_affiliation_id`, `badge_id`, `entry_time_type_id`, `user_id`, `minutes`, `seconds`, `hundreds`, `is_no_time`)
  VALUES (5974, '2016-05-31 05:58:13', '2016-05-31 05:58:13', NULL, NULL, NULL, NULL, 73785, 22151, 826, 1594, 38753, NULL, 1, 1, 40, 90, 0);

INSERT INTO `meeting_entries` (`id`, `created_at`, `updated_at`, `start_list_number`, `lane_number`, `heat_number`, `heat_arrival_order`, `meeting_program_id`, `swimmer_id`, `team_id`, `team_affiliation_id`, `badge_id`, `entry_time_type_id`, `user_id`, `minutes`, `seconds`, `hundreds`, `is_no_time`)
  VALUES (5975, '2016-05-31 05:58:13', '2016-05-31 05:58:13', NULL, NULL, NULL, NULL, 73789, 21020, 826, 1594, 32555, NULL, 1, 0, 48, 8, 0);

INSERT INTO `meeting_entries` (`id`, `created_at`, `updated_at`, `start_list_number`, `lane_number`, `heat_number`, `heat_arrival_order`, `meeting_program_id`, `swimmer_id`, `team_id`, `team_affiliation_id`, `badge_id`, `entry_time_type_id`, `user_id`, `minutes`, `seconds`, `hundreds`, `is_no_time`)
  VALUES (5976, '2016-05-31 05:58:13', '2016-05-31 05:58:13', NULL, NULL, NULL, NULL, 73827, 21021, 826, 1594, 32553, NULL, 1, 1, 40, 0, 0);

INSERT INTO `meeting_entries` (`id`, `created_at`, `updated_at`, `start_list_number`, `lane_number`, `heat_number`, `heat_arrival_order`, `meeting_program_id`, `swimmer_id`, `team_id`, `team_affiliation_id`, `badge_id`, `entry_time_type_id`, `user_id`, `minutes`, `seconds`, `hundreds`, `is_no_time`)
  VALUES (5977, '2016-05-31 05:58:13', '2016-05-31 05:58:13', NULL, NULL, NULL, NULL, 73797, 21030, 826, 1594, 32551, NULL, 1, 1, 37, 60, 0);

INSERT INTO `meeting_entries` (`id`, `created_at`, `updated_at`, `start_list_number`, `lane_number`, `heat_number`, `heat_arrival_order`, `meeting_program_id`, `swimmer_id`, `team_id`, `team_affiliation_id`, `badge_id`, `entry_time_type_id`, `user_id`, `minutes`, `seconds`, `hundreds`, `is_no_time`)
  VALUES (5978, '2016-05-31 05:58:13', '2016-05-31 05:58:13', NULL, NULL, NULL, NULL, 73796, 1250, 826, 1594, 32766, NULL, 1, 0, 0, 0, 1);

INSERT INTO `meeting_entries` (`id`, `created_at`, `updated_at`, `start_list_number`, `lane_number`, `heat_number`, `heat_arrival_order`, `meeting_program_id`, `swimmer_id`, `team_id`, `team_affiliation_id`, `badge_id`, `entry_time_type_id`, `user_id`, `minutes`, `seconds`, `hundreds`, `is_no_time`)
  VALUES (5979, '2016-05-31 05:58:13', '2016-05-31 05:58:13', NULL, NULL, NULL, NULL, 73774, 1863, 18, 1592, 32617, NULL, 1, 1, 25, 0, 0);

INSERT INTO `meeting_entries` (`id`, `created_at`, `updated_at`, `start_list_number`, `lane_number`, `heat_number`, `heat_arrival_order`, `meeting_program_id`, `swimmer_id`, `team_id`, `team_affiliation_id`, `badge_id`, `entry_time_type_id`, `user_id`, `minutes`, `seconds`, `hundreds`, `is_no_time`)
  VALUES (5980, '2016-05-31 05:58:13', '2016-05-31 05:58:13', NULL, NULL, NULL, NULL, 73828, 1863, 18, 1592, 32617, NULL, 1, 0, 36, 0, 0);

INSERT INTO `meeting_entries` (`id`, `created_at`, `updated_at`, `start_list_number`, `lane_number`, `heat_number`, `heat_arrival_order`, `meeting_program_id`, `swimmer_id`, `team_id`, `team_affiliation_id`, `badge_id`, `entry_time_type_id`, `user_id`, `minutes`, `seconds`, `hundreds`, `is_no_time`)
  VALUES (5981, '2016-05-31 05:58:13', '2016-05-31 05:58:13', NULL, NULL, NULL, NULL, 73824, 24836, 1, 1589, 46589, NULL, 1, 0, 40, 0, 0);

INSERT INTO `meeting_entries` (`id`, `created_at`, `updated_at`, `start_list_number`, `lane_number`, `heat_number`, `heat_arrival_order`, `meeting_program_id`, `swimmer_id`, `team_id`, `team_affiliation_id`, `badge_id`, `entry_time_type_id`, `user_id`, `minutes`, `seconds`, `hundreds`, `is_no_time`)
  VALUES (5982, '2016-05-31 05:58:14', '2016-05-31 05:58:14', NULL, NULL, NULL, NULL, 73770, 142, 1, 1589, 32559, NULL, 1, 0, 35, 3, 0);

INSERT INTO `meeting_entries` (`id`, `created_at`, `updated_at`, `start_list_number`, `lane_number`, `heat_number`, `heat_arrival_order`, `meeting_program_id`, `swimmer_id`, `team_id`, `team_affiliation_id`, `badge_id`, `entry_time_type_id`, `user_id`, `minutes`, `seconds`, `hundreds`, `is_no_time`)
  VALUES (5983, '2016-05-31 05:58:14', '2016-05-31 05:58:14', NULL, NULL, NULL, NULL, 73781, 1197, 1, 1589, 32607, NULL, 1, 2, 15, 60, 0);

INSERT INTO `meeting_entries` (`id`, `created_at`, `updated_at`, `start_list_number`, `lane_number`, `heat_number`, `heat_arrival_order`, `meeting_program_id`, `swimmer_id`, `team_id`, `team_affiliation_id`, `badge_id`, `entry_time_type_id`, `user_id`, `minutes`, `seconds`, `hundreds`, `is_no_time`)
  VALUES (5984, '2016-05-31 05:58:14', '2016-05-31 05:58:14', NULL, NULL, NULL, NULL, 73789, 51, 1, 1589, 32560, NULL, 1, 0, 40, 70, 0);

INSERT INTO `meeting_entries` (`id`, `created_at`, `updated_at`, `start_list_number`, `lane_number`, `heat_number`, `heat_arrival_order`, `meeting_program_id`, `swimmer_id`, `team_id`, `team_affiliation_id`, `badge_id`, `entry_time_type_id`, `user_id`, `minutes`, `seconds`, `hundreds`, `is_no_time`)
  VALUES (5985, '2016-05-31 05:58:14', '2016-05-31 05:58:14', NULL, NULL, NULL, NULL, 73790, 97, 1, 1589, 46556, NULL, 1, 0, 50, 0, 0);

INSERT INTO `meeting_entries` (`id`, `created_at`, `updated_at`, `start_list_number`, `lane_number`, `heat_number`, `heat_arrival_order`, `meeting_program_id`, `swimmer_id`, `team_id`, `team_affiliation_id`, `badge_id`, `entry_time_type_id`, `user_id`, `minutes`, `seconds`, `hundreds`, `is_no_time`)
  VALUES (5986, '2016-05-31 05:58:14', '2016-05-31 05:58:14', NULL, NULL, NULL, NULL, 73800, 1227, 1, 1589, 32562, NULL, 1, 10, 43, 30, 0);

INSERT INTO `meeting_entries` (`id`, `created_at`, `updated_at`, `start_list_number`, `lane_number`, `heat_number`, `heat_arrival_order`, `meeting_program_id`, `swimmer_id`, `team_id`, `team_affiliation_id`, `badge_id`, `entry_time_type_id`, `user_id`, `minutes`, `seconds`, `hundreds`, `is_no_time`)
  VALUES (5987, '2016-05-31 05:58:14', '2016-05-31 05:58:14', NULL, NULL, NULL, NULL, 73829, 192, 1, 1589, 32563, NULL, 1, 0, 44, 38, 0);

INSERT INTO `meeting_entries` (`id`, `created_at`, `updated_at`, `start_list_number`, `lane_number`, `heat_number`, `heat_arrival_order`, `meeting_program_id`, `swimmer_id`, `team_id`, `team_affiliation_id`, `badge_id`, `entry_time_type_id`, `user_id`, `minutes`, `seconds`, `hundreds`, `is_no_time`)
  VALUES (5988, '2016-05-31 05:58:14', '2016-05-31 05:58:14', NULL, NULL, NULL, NULL, 73830, 138, 1, 1589, 32564, NULL, 1, 12, 53, 70, 0);

INSERT INTO `meeting_entries` (`id`, `created_at`, `updated_at`, `start_list_number`, `lane_number`, `heat_number`, `heat_arrival_order`, `meeting_program_id`, `swimmer_id`, `team_id`, `team_affiliation_id`, `badge_id`, `entry_time_type_id`, `user_id`, `minutes`, `seconds`, `hundreds`, `is_no_time`)
  VALUES (5989, '2016-05-31 05:58:14', '2016-05-31 05:58:14', NULL, NULL, NULL, NULL, 73779, 1430, 1, 1589, 41519, NULL, 1, 10, 36, 0, 0);

INSERT INTO `meeting_entries` (`id`, `created_at`, `updated_at`, `start_list_number`, `lane_number`, `heat_number`, `heat_arrival_order`, `meeting_program_id`, `swimmer_id`, `team_id`, `team_affiliation_id`, `badge_id`, `entry_time_type_id`, `user_id`, `minutes`, `seconds`, `hundreds`, `is_no_time`)
  VALUES (5990, '2016-05-31 05:58:14', '2016-05-31 05:58:14', NULL, NULL, NULL, NULL, 73831, 25136, 1, 1589, 47211, NULL, 1, 0, 45, 0, 0);

INSERT INTO `meeting_entries` (`id`, `created_at`, `updated_at`, `start_list_number`, `lane_number`, `heat_number`, `heat_arrival_order`, `meeting_program_id`, `swimmer_id`, `team_id`, `team_affiliation_id`, `badge_id`, `entry_time_type_id`, `user_id`, `minutes`, `seconds`, `hundreds`, `is_no_time`)
  VALUES (5991, '2016-05-31 05:58:14', '2016-05-31 05:58:14', NULL, NULL, NULL, NULL, 73797, 1843, 1, 1589, 32565, NULL, 1, 1, 27, 20, 0);

INSERT INTO `meeting_entries` (`id`, `created_at`, `updated_at`, `start_list_number`, `lane_number`, `heat_number`, `heat_arrival_order`, `meeting_program_id`, `swimmer_id`, `team_id`, `team_affiliation_id`, `badge_id`, `entry_time_type_id`, `user_id`, `minutes`, `seconds`, `hundreds`, `is_no_time`)
  VALUES (5992, '2016-05-31 05:58:14', '2016-05-31 05:58:14', NULL, NULL, NULL, NULL, 73826, 1405, 1, 1589, 38732, NULL, 1, 0, 28, 60, 0);

INSERT INTO `meeting_entries` (`id`, `created_at`, `updated_at`, `start_list_number`, `lane_number`, `heat_number`, `heat_arrival_order`, `meeting_program_id`, `swimmer_id`, `team_id`, `team_affiliation_id`, `badge_id`, `entry_time_type_id`, `user_id`, `minutes`, `seconds`, `hundreds`, `is_no_time`)
  VALUES (5993, '2016-05-31 05:58:15', '2016-05-31 05:58:15', NULL, NULL, NULL, NULL, 73831, 25137, 1, 1589, 47213, NULL, 1, 0, 45, 0, 0);

INSERT INTO `meeting_entries` (`id`, `created_at`, `updated_at`, `start_list_number`, `lane_number`, `heat_number`, `heat_arrival_order`, `meeting_program_id`, `swimmer_id`, `team_id`, `team_affiliation_id`, `badge_id`, `entry_time_type_id`, `user_id`, `minutes`, `seconds`, `hundreds`, `is_no_time`)
  VALUES (5994, '2016-05-31 05:58:15', '2016-05-31 05:58:15', NULL, NULL, NULL, NULL, 73824, 19091, 1, 1589, 46588, NULL, 1, 0, 40, 0, 0);

INSERT INTO `meeting_entries` (`id`, `created_at`, `updated_at`, `start_list_number`, `lane_number`, `heat_number`, `heat_arrival_order`, `meeting_program_id`, `swimmer_id`, `team_id`, `team_affiliation_id`, `badge_id`, `entry_time_type_id`, `user_id`, `minutes`, `seconds`, `hundreds`, `is_no_time`)
  VALUES (5995, '2016-05-31 05:58:15', '2016-05-31 05:58:15', NULL, NULL, NULL, NULL, 73789, 456, 1, 1589, 32566, NULL, 1, 0, 42, 50, 0);

INSERT INTO `meeting_entries` (`id`, `created_at`, `updated_at`, `start_list_number`, `lane_number`, `heat_number`, `heat_arrival_order`, `meeting_program_id`, `swimmer_id`, `team_id`, `team_affiliation_id`, `badge_id`, `entry_time_type_id`, `user_id`, `minutes`, `seconds`, `hundreds`, `is_no_time`)
  VALUES (5996, '2016-05-31 05:58:15', '2016-05-31 05:58:15', NULL, NULL, NULL, NULL, 73771, 1483, 1, 1589, 32567, NULL, 1, 0, 48, 40, 0);

INSERT INTO `meeting_entries` (`id`, `created_at`, `updated_at`, `start_list_number`, `lane_number`, `heat_number`, `heat_arrival_order`, `meeting_program_id`, `swimmer_id`, `team_id`, `team_affiliation_id`, `badge_id`, `entry_time_type_id`, `user_id`, `minutes`, `seconds`, `hundreds`, `is_no_time`)
  VALUES (5997, '2016-05-31 05:58:15', '2016-05-31 05:58:15', NULL, NULL, NULL, NULL, 73831, 24847, 1, 1589, 46589, NULL, 1, 0, 45, 0, 0);

INSERT INTO `meeting_entries` (`id`, `created_at`, `updated_at`, `start_list_number`, `lane_number`, `heat_number`, `heat_arrival_order`, `meeting_program_id`, `swimmer_id`, `team_id`, `team_affiliation_id`, `badge_id`, `entry_time_type_id`, `user_id`, `minutes`, `seconds`, `hundreds`, `is_no_time`)
  VALUES (5998, '2016-05-31 05:58:15', '2016-05-31 05:58:15', NULL, NULL, NULL, NULL, 73822, 550, 1, 1589, 32568, NULL, 1, 0, 44, 70, 0);

INSERT INTO `meeting_entries` (`id`, `created_at`, `updated_at`, `start_list_number`, `lane_number`, `heat_number`, `heat_arrival_order`, `meeting_program_id`, `swimmer_id`, `team_id`, `team_affiliation_id`, `badge_id`, `entry_time_type_id`, `user_id`, `minutes`, `seconds`, `hundreds`, `is_no_time`)
  VALUES (5999, '2016-05-31 05:58:15', '2016-05-31 05:58:15', NULL, NULL, NULL, NULL, 73826, 785, 1, 1589, 32569, NULL, 1, 0, 30, 54, 0);

INSERT INTO `meeting_entries` (`id`, `created_at`, `updated_at`, `start_list_number`, `lane_number`, `heat_number`, `heat_arrival_order`, `meeting_program_id`, `swimmer_id`, `team_id`, `team_affiliation_id`, `badge_id`, `entry_time_type_id`, `user_id`, `minutes`, `seconds`, `hundreds`, `is_no_time`)
  VALUES (6000, '2016-05-31 05:58:15', '2016-05-31 05:58:15', NULL, NULL, NULL, NULL, 73798, 1016, 1, 1589, 32570, NULL, 1, 11, 47, 84, 0);

INSERT INTO `meeting_entries` (`id`, `created_at`, `updated_at`, `start_list_number`, `lane_number`, `heat_number`, `heat_arrival_order`, `meeting_program_id`, `swimmer_id`, `team_id`, `team_affiliation_id`, `badge_id`, `entry_time_type_id`, `user_id`, `minutes`, `seconds`, `hundreds`, `is_no_time`)
  VALUES (6001, '2016-05-31 05:58:15', '2016-05-31 05:58:15', NULL, NULL, NULL, NULL, 73832, 468, 1, 1589, 32770, NULL, 1, 1, 42, 60, 0);

INSERT INTO `meeting_entries` (`id`, `created_at`, `updated_at`, `start_list_number`, `lane_number`, `heat_number`, `heat_arrival_order`, `meeting_program_id`, `swimmer_id`, `team_id`, `team_affiliation_id`, `badge_id`, `entry_time_type_id`, `user_id`, `minutes`, `seconds`, `hundreds`, `is_no_time`)
  VALUES (6002, '2016-05-31 05:58:15', '2016-05-31 05:58:15', NULL, NULL, NULL, NULL, 73814, 728, 1, 1589, 32572, NULL, 1, 0, 46, 80, 0);

INSERT INTO `meeting_entries` (`id`, `created_at`, `updated_at`, `start_list_number`, `lane_number`, `heat_number`, `heat_arrival_order`, `meeting_program_id`, `swimmer_id`, `team_id`, `team_affiliation_id`, `badge_id`, `entry_time_type_id`, `user_id`, `minutes`, `seconds`, `hundreds`, `is_no_time`)
  VALUES (6003, '2016-05-31 05:58:15', '2016-05-31 05:58:15', NULL, NULL, NULL, NULL, 73773, 23, 1, 1589, 32573, NULL, 1, 0, 29, 90, 0);

INSERT INTO `meeting_entries` (`id`, `created_at`, `updated_at`, `start_list_number`, `lane_number`, `heat_number`, `heat_arrival_order`, `meeting_program_id`, `swimmer_id`, `team_id`, `team_affiliation_id`, `badge_id`, `entry_time_type_id`, `user_id`, `minutes`, `seconds`, `hundreds`, `is_no_time`)
  VALUES (6004, '2016-05-31 05:58:16', '2016-05-31 05:58:16', NULL, NULL, NULL, NULL, 73771, 21016, 1, 1589, 32575, NULL, 1, 0, 48, 0, 0);

INSERT INTO `meeting_entries` (`id`, `created_at`, `updated_at`, `start_list_number`, `lane_number`, `heat_number`, `heat_arrival_order`, `meeting_program_id`, `swimmer_id`, `team_id`, `team_affiliation_id`, `badge_id`, `entry_time_type_id`, `user_id`, `minutes`, `seconds`, `hundreds`, `is_no_time`)
  VALUES (6005, '2016-05-31 05:58:16', '2016-05-31 05:58:16', NULL, NULL, NULL, NULL, 73833, 1788, 1, 1589, 32579, NULL, 1, 0, 29, 99, 0);

INSERT INTO `meeting_entries` (`id`, `created_at`, `updated_at`, `start_list_number`, `lane_number`, `heat_number`, `heat_arrival_order`, `meeting_program_id`, `swimmer_id`, `team_id`, `team_affiliation_id`, `badge_id`, `entry_time_type_id`, `user_id`, `minutes`, `seconds`, `hundreds`, `is_no_time`)
  VALUES (6006, '2016-05-31 05:58:16', '2016-05-31 05:58:16', NULL, NULL, NULL, NULL, 73777, 1279, 1, 1589, 32580, NULL, 1, 0, 28, 30, 0);

INSERT INTO `meeting_entries` (`id`, `created_at`, `updated_at`, `start_list_number`, `lane_number`, `heat_number`, `heat_arrival_order`, `meeting_program_id`, `swimmer_id`, `team_id`, `team_affiliation_id`, `badge_id`, `entry_time_type_id`, `user_id`, `minutes`, `seconds`, `hundreds`, `is_no_time`)
  VALUES (6007, '2016-05-31 05:58:16', '2016-05-31 05:58:16', NULL, NULL, NULL, NULL, 73798, 1541, 1, 1589, 32581, NULL, 1, 0, 0, 0, 1);

INSERT INTO `meeting_entries` (`id`, `created_at`, `updated_at`, `start_list_number`, `lane_number`, `heat_number`, `heat_arrival_order`, `meeting_program_id`, `swimmer_id`, `team_id`, `team_affiliation_id`, `badge_id`, `entry_time_type_id`, `user_id`, `minutes`, `seconds`, `hundreds`, `is_no_time`)
  VALUES (6008, '2016-05-31 05:58:16', '2016-05-31 05:58:16', NULL, NULL, NULL, NULL, 73830, 98, 1, 1589, 32582, NULL, 1, 13, 10, 70, 0);

INSERT INTO `meeting_entries` (`id`, `created_at`, `updated_at`, `start_list_number`, `lane_number`, `heat_number`, `heat_arrival_order`, `meeting_program_id`, `swimmer_id`, `team_id`, `team_affiliation_id`, `badge_id`, `entry_time_type_id`, `user_id`, `minutes`, `seconds`, `hundreds`, `is_no_time`)
  VALUES (6009, '2016-05-31 05:58:16', '2016-05-31 05:58:16', NULL, NULL, NULL, NULL, 73809, 1474, 1, 1589, 46561, NULL, 1, 15, 0, 0, 0);

INSERT INTO `meeting_entries` (`id`, `created_at`, `updated_at`, `start_list_number`, `lane_number`, `heat_number`, `heat_arrival_order`, `meeting_program_id`, `swimmer_id`, `team_id`, `team_affiliation_id`, `badge_id`, `entry_time_type_id`, `user_id`, `minutes`, `seconds`, `hundreds`, `is_no_time`)
  VALUES (6010, '2016-05-31 05:58:16', '2016-05-31 05:58:16', NULL, NULL, NULL, NULL, 73814, 503, 1, 1589, 32584, NULL, 1, 0, 52, 40, 0);

INSERT INTO `meeting_entries` (`id`, `created_at`, `updated_at`, `start_list_number`, `lane_number`, `heat_number`, `heat_arrival_order`, `meeting_program_id`, `swimmer_id`, `team_id`, `team_affiliation_id`, `badge_id`, `entry_time_type_id`, `user_id`, `minutes`, `seconds`, `hundreds`, `is_no_time`)
  VALUES (6011, '2016-05-31 05:58:16', '2016-05-31 05:58:16', NULL, NULL, NULL, NULL, 73826, 1025, 1, 1589, 32585, NULL, 1, 0, 27, 20, 0);

INSERT INTO `meeting_entries` (`id`, `created_at`, `updated_at`, `start_list_number`, `lane_number`, `heat_number`, `heat_arrival_order`, `meeting_program_id`, `swimmer_id`, `team_id`, `team_affiliation_id`, `badge_id`, `entry_time_type_id`, `user_id`, `minutes`, `seconds`, `hundreds`, `is_no_time`)
  VALUES (6012, '2016-05-31 05:58:16', '2016-05-31 05:58:16', NULL, NULL, NULL, NULL, 73807, 1777, 1, 1589, 32586, NULL, 1, 1, 24, 0, 0);

INSERT INTO `meeting_entries` (`id`, `created_at`, `updated_at`, `start_list_number`, `lane_number`, `heat_number`, `heat_arrival_order`, `meeting_program_id`, `swimmer_id`, `team_id`, `team_affiliation_id`, `badge_id`, `entry_time_type_id`, `user_id`, `minutes`, `seconds`, `hundreds`, `is_no_time`)
  VALUES (6013, '2016-05-31 05:58:17', '2016-05-31 05:58:17', NULL, NULL, NULL, NULL, 73823, 108, 1, 1589, 32771, NULL, 1, 0, 29, 90, 0);

INSERT INTO `meeting_entries` (`id`, `created_at`, `updated_at`, `start_list_number`, `lane_number`, `heat_number`, `heat_arrival_order`, `meeting_program_id`, `swimmer_id`, `team_id`, `team_affiliation_id`, `badge_id`, `entry_time_type_id`, `user_id`, `minutes`, `seconds`, `hundreds`, `is_no_time`)
  VALUES (6014, '2016-05-31 05:58:17', '2016-05-31 05:58:17', NULL, NULL, NULL, NULL, 73834, 1496, 1, 1589, 32588, NULL, 1, 1, 1, 36, 0);

INSERT INTO `meeting_entries` (`id`, `created_at`, `updated_at`, `start_list_number`, `lane_number`, `heat_number`, `heat_arrival_order`, `meeting_program_id`, `swimmer_id`, `team_id`, `team_affiliation_id`, `badge_id`, `entry_time_type_id`, `user_id`, `minutes`, `seconds`, `hundreds`, `is_no_time`)
  VALUES (6015, '2016-05-31 05:58:17', '2016-05-31 05:58:17', NULL, NULL, NULL, NULL, 73811, 773, 1, 1589, 32574, NULL, 1, 1, 13, 0, 0);

INSERT INTO `meeting_entries` (`id`, `created_at`, `updated_at`, `start_list_number`, `lane_number`, `heat_number`, `heat_arrival_order`, `meeting_program_id`, `swimmer_id`, `team_id`, `team_affiliation_id`, `badge_id`, `entry_time_type_id`, `user_id`, `minutes`, `seconds`, `hundreds`, `is_no_time`)
  VALUES (6016, '2016-05-31 05:58:17', '2016-05-31 05:58:17', NULL, NULL, NULL, NULL, 73815, 1227, 1, 1589, 32562, NULL, 1, 1, 15, 30, 0);

INSERT INTO `meeting_entries` (`id`, `created_at`, `updated_at`, `start_list_number`, `lane_number`, `heat_number`, `heat_arrival_order`, `meeting_program_id`, `swimmer_id`, `team_id`, `team_affiliation_id`, `badge_id`, `entry_time_type_id`, `user_id`, `minutes`, `seconds`, `hundreds`, `is_no_time`)
  VALUES (6017, '2016-05-31 05:58:17', '2016-05-31 05:58:17', NULL, NULL, NULL, NULL, 73789, 108, 1, 1589, 32771, NULL, 1, 0, 39, 16, 0);

INSERT INTO `meeting_entries` (`id`, `created_at`, `updated_at`, `start_list_number`, `lane_number`, `heat_number`, `heat_arrival_order`, `meeting_program_id`, `swimmer_id`, `team_id`, `team_affiliation_id`, `badge_id`, `entry_time_type_id`, `user_id`, `minutes`, `seconds`, `hundreds`, `is_no_time`)
  VALUES (6018, '2016-05-31 05:58:17', '2016-05-31 05:58:17', NULL, NULL, NULL, NULL, 73792, 1025, 1, 1589, 32585, NULL, 1, 10, 4, 91, 0);

INSERT INTO `meeting_entries` (`id`, `created_at`, `updated_at`, `start_list_number`, `lane_number`, `heat_number`, `heat_arrival_order`, `meeting_program_id`, `swimmer_id`, `team_id`, `team_affiliation_id`, `badge_id`, `entry_time_type_id`, `user_id`, `minutes`, `seconds`, `hundreds`, `is_no_time`)
  VALUES (6019, '2016-05-31 05:58:17', '2016-05-31 05:58:17', NULL, NULL, NULL, NULL, 73795, 1788, 1, 1589, 32579, NULL, 1, 1, 17, 41, 0);

INSERT INTO `meeting_entries` (`id`, `created_at`, `updated_at`, `start_list_number`, `lane_number`, `heat_number`, `heat_arrival_order`, `meeting_program_id`, `swimmer_id`, `team_id`, `team_affiliation_id`, `badge_id`, `entry_time_type_id`, `user_id`, `minutes`, `seconds`, `hundreds`, `is_no_time`)
  VALUES (6020, '2016-05-31 05:58:17', '2016-05-31 05:58:17', NULL, NULL, NULL, NULL, 73781, 1279, 1, 1589, 32580, NULL, 1, 1, 18, 60, 0);

INSERT INTO `meeting_entries` (`id`, `created_at`, `updated_at`, `start_list_number`, `lane_number`, `heat_number`, `heat_arrival_order`, `meeting_program_id`, `swimmer_id`, `team_id`, `team_affiliation_id`, `badge_id`, `entry_time_type_id`, `user_id`, `minutes`, `seconds`, `hundreds`, `is_no_time`)
  VALUES (6021, '2016-05-31 05:58:17', '2016-05-31 05:58:17', NULL, NULL, NULL, NULL, 73800, 23, 1, 1589, 32573, NULL, 1, 10, 45, 0, 0);

INSERT INTO `meeting_entries` (`id`, `created_at`, `updated_at`, `start_list_number`, `lane_number`, `heat_number`, `heat_arrival_order`, `meeting_program_id`, `swimmer_id`, `team_id`, `team_affiliation_id`, `badge_id`, `entry_time_type_id`, `user_id`, `minutes`, `seconds`, `hundreds`, `is_no_time`)
  VALUES (6022, '2016-05-31 05:58:17', '2016-05-31 05:58:17', NULL, NULL, NULL, NULL, 73828, 785, 1, 1589, 32569, NULL, 1, 0, 40, 40, 0);

INSERT INTO `meeting_entries` (`id`, `created_at`, `updated_at`, `start_list_number`, `lane_number`, `heat_number`, `heat_arrival_order`, `meeting_program_id`, `swimmer_id`, `team_id`, `team_affiliation_id`, `badge_id`, `entry_time_type_id`, `user_id`, `minutes`, `seconds`, `hundreds`, `is_no_time`)
  VALUES (6023, '2016-05-31 05:58:17', '2016-05-31 05:58:17', NULL, NULL, NULL, NULL, 73828, 1405, 1, 1589, 38732, NULL, 1, 0, 35, 90, 0);

INSERT INTO `meeting_entries` (`id`, `created_at`, `updated_at`, `start_list_number`, `lane_number`, `heat_number`, `heat_arrival_order`, `meeting_program_id`, `swimmer_id`, `team_id`, `team_affiliation_id`, `badge_id`, `entry_time_type_id`, `user_id`, `minutes`, `seconds`, `hundreds`, `is_no_time`)
  VALUES (6024, '2016-05-31 05:58:18', '2016-05-31 05:58:18', NULL, NULL, NULL, NULL, 73835, 25136, 1, 1589, 47211, NULL, 1, 0, 35, 0, 0);

INSERT INTO `meeting_entries` (`id`, `created_at`, `updated_at`, `start_list_number`, `lane_number`, `heat_number`, `heat_arrival_order`, `meeting_program_id`, `swimmer_id`, `team_id`, `team_affiliation_id`, `badge_id`, `entry_time_type_id`, `user_id`, `minutes`, `seconds`, `hundreds`, `is_no_time`)
  VALUES (6025, '2016-05-31 05:58:18', '2016-05-31 05:58:18', NULL, NULL, NULL, NULL, 73825, 24836, 1, 1589, 46589, NULL, 1, 0, 52, 0, 0);

INSERT INTO `meeting_entries` (`id`, `created_at`, `updated_at`, `start_list_number`, `lane_number`, `heat_number`, `heat_arrival_order`, `meeting_program_id`, `swimmer_id`, `team_id`, `team_affiliation_id`, `badge_id`, `entry_time_type_id`, `user_id`, `minutes`, `seconds`, `hundreds`, `is_no_time`)
  VALUES (6026, '2016-05-31 05:58:18', '2016-05-31 05:58:18', NULL, NULL, NULL, NULL, 73815, 142, 1, 1589, 32559, NULL, 1, 1, 13, 31, 0);

INSERT INTO `meeting_entries` (`id`, `created_at`, `updated_at`, `start_list_number`, `lane_number`, `heat_number`, `heat_arrival_order`, `meeting_program_id`, `swimmer_id`, `team_id`, `team_affiliation_id`, `badge_id`, `entry_time_type_id`, `user_id`, `minutes`, `seconds`, `hundreds`, `is_no_time`)
  VALUES (6027, '2016-05-31 05:58:18', '2016-05-31 05:58:18', NULL, NULL, NULL, NULL, 73777, 1197, 1, 1589, 32607, NULL, 1, 0, 50, 30, 0);

INSERT INTO `meeting_entries` (`id`, `created_at`, `updated_at`, `start_list_number`, `lane_number`, `heat_number`, `heat_arrival_order`, `meeting_program_id`, `swimmer_id`, `team_id`, `team_affiliation_id`, `badge_id`, `entry_time_type_id`, `user_id`, `minutes`, `seconds`, `hundreds`, `is_no_time`)
  VALUES (6028, '2016-05-31 05:58:18', '2016-05-31 05:58:18', NULL, NULL, NULL, NULL, 73787, 51, 1, 1589, 32560, NULL, 1, 1, 24, 80, 0);

INSERT INTO `meeting_entries` (`id`, `created_at`, `updated_at`, `start_list_number`, `lane_number`, `heat_number`, `heat_arrival_order`, `meeting_program_id`, `swimmer_id`, `team_id`, `team_affiliation_id`, `badge_id`, `entry_time_type_id`, `user_id`, `minutes`, `seconds`, `hundreds`, `is_no_time`)
  VALUES (6029, '2016-05-31 05:58:18', '2016-05-31 05:58:18', NULL, NULL, NULL, NULL, 73788, 97, 1, 1589, 46556, NULL, 1, 1, 26, 0, 0);

INSERT INTO `meeting_entries` (`id`, `created_at`, `updated_at`, `start_list_number`, `lane_number`, `heat_number`, `heat_arrival_order`, `meeting_program_id`, `swimmer_id`, `team_id`, `team_affiliation_id`, `badge_id`, `entry_time_type_id`, `user_id`, `minutes`, `seconds`, `hundreds`, `is_no_time`)
  VALUES (6030, '2016-05-31 05:58:18', '2016-05-31 05:58:18', NULL, NULL, NULL, NULL, 73773, 1227, 1, 1589, 32562, NULL, 1, 0, 28, 49, 0);

INSERT INTO `meeting_entries` (`id`, `created_at`, `updated_at`, `start_list_number`, `lane_number`, `heat_number`, `heat_arrival_order`, `meeting_program_id`, `swimmer_id`, `team_id`, `team_affiliation_id`, `badge_id`, `entry_time_type_id`, `user_id`, `minutes`, `seconds`, `hundreds`, `is_no_time`)
  VALUES (6031, '2016-05-31 05:58:18', '2016-05-31 05:58:18', NULL, NULL, NULL, NULL, 73829, 138, 1, 1589, 32564, NULL, 1, 0, 45, 0, 0);

INSERT INTO `meeting_entries` (`id`, `created_at`, `updated_at`, `start_list_number`, `lane_number`, `heat_number`, `heat_arrival_order`, `meeting_program_id`, `swimmer_id`, `team_id`, `team_affiliation_id`, `badge_id`, `entry_time_type_id`, `user_id`, `minutes`, `seconds`, `hundreds`, `is_no_time`)
  VALUES (6032, '2016-05-31 05:58:18', '2016-05-31 05:58:18', NULL, NULL, NULL, NULL, 73836, 25136, 1, 1589, 47211, NULL, 1, 1, 28, 0, 0);

INSERT INTO `meeting_entries` (`id`, `created_at`, `updated_at`, `start_list_number`, `lane_number`, `heat_number`, `heat_arrival_order`, `meeting_program_id`, `swimmer_id`, `team_id`, `team_affiliation_id`, `badge_id`, `entry_time_type_id`, `user_id`, `minutes`, `seconds`, `hundreds`, `is_no_time`)
  VALUES (6033, '2016-05-31 05:58:18', '2016-05-31 05:58:18', NULL, NULL, NULL, NULL, 73771, 1843, 1, 1589, 32565, NULL, 1, 0, 46, 0, 0);

INSERT INTO `meeting_entries` (`id`, `created_at`, `updated_at`, `start_list_number`, `lane_number`, `heat_number`, `heat_arrival_order`, `meeting_program_id`, `swimmer_id`, `team_id`, `team_affiliation_id`, `badge_id`, `entry_time_type_id`, `user_id`, `minutes`, `seconds`, `hundreds`, `is_no_time`)
  VALUES (6034, '2016-05-31 05:58:18', '2016-05-31 05:58:18', NULL, NULL, NULL, NULL, 73774, 1405, 1, 1589, 38732, NULL, 1, 1, 14, 80, 0);

INSERT INTO `meeting_entries` (`id`, `created_at`, `updated_at`, `start_list_number`, `lane_number`, `heat_number`, `heat_arrival_order`, `meeting_program_id`, `swimmer_id`, `team_id`, `team_affiliation_id`, `badge_id`, `entry_time_type_id`, `user_id`, `minutes`, `seconds`, `hundreds`, `is_no_time`)
  VALUES (6035, '2016-05-31 05:58:19', '2016-05-31 05:58:19', NULL, NULL, NULL, NULL, 73835, 25137, 1, 1589, 47213, NULL, 1, 0, 35, 0, 0);

INSERT INTO `meeting_entries` (`id`, `created_at`, `updated_at`, `start_list_number`, `lane_number`, `heat_number`, `heat_arrival_order`, `meeting_program_id`, `swimmer_id`, `team_id`, `team_affiliation_id`, `badge_id`, `entry_time_type_id`, `user_id`, `minutes`, `seconds`, `hundreds`, `is_no_time`)
  VALUES (6036, '2016-05-31 05:58:19', '2016-05-31 05:58:19', NULL, NULL, NULL, NULL, 73825, 19091, 1, 1589, 46588, NULL, 1, 0, 54, 0, 0);

INSERT INTO `meeting_entries` (`id`, `created_at`, `updated_at`, `start_list_number`, `lane_number`, `heat_number`, `heat_arrival_order`, `meeting_program_id`, `swimmer_id`, `team_id`, `team_affiliation_id`, `badge_id`, `entry_time_type_id`, `user_id`, `minutes`, `seconds`, `hundreds`, `is_no_time`)
  VALUES (6037, '2016-05-31 05:58:19', '2016-05-31 05:58:19', NULL, NULL, NULL, NULL, 73823, 456, 1, 1589, 32566, NULL, 1, 0, 33, 50, 0);

INSERT INTO `meeting_entries` (`id`, `created_at`, `updated_at`, `start_list_number`, `lane_number`, `heat_number`, `heat_arrival_order`, `meeting_program_id`, `swimmer_id`, `team_id`, `team_affiliation_id`, `badge_id`, `entry_time_type_id`, `user_id`, `minutes`, `seconds`, `hundreds`, `is_no_time`)
  VALUES (6038, '2016-05-31 05:58:19', '2016-05-31 05:58:19', NULL, NULL, NULL, NULL, 73835, 24847, 1, 1589, 46589, NULL, 1, 0, 35, 0, 0);

INSERT INTO `meeting_entries` (`id`, `created_at`, `updated_at`, `start_list_number`, `lane_number`, `heat_number`, `heat_arrival_order`, `meeting_program_id`, `swimmer_id`, `team_id`, `team_affiliation_id`, `badge_id`, `entry_time_type_id`, `user_id`, `minutes`, `seconds`, `hundreds`, `is_no_time`)
  VALUES (6039, '2016-05-31 05:58:19', '2016-05-31 05:58:19', NULL, NULL, NULL, NULL, 73802, 550, 1, 1589, 32568, NULL, 1, 1, 42, 4, 0);

INSERT INTO `meeting_entries` (`id`, `created_at`, `updated_at`, `start_list_number`, `lane_number`, `heat_number`, `heat_arrival_order`, `meeting_program_id`, `swimmer_id`, `team_id`, `team_affiliation_id`, `badge_id`, `entry_time_type_id`, `user_id`, `minutes`, `seconds`, `hundreds`, `is_no_time`)
  VALUES (6040, '2016-05-31 05:58:19', '2016-05-31 05:58:19', NULL, NULL, NULL, NULL, 73782, 785, 1, 1589, 32569, NULL, 1, 1, 25, 0, 0);

INSERT INTO `meeting_entries` (`id`, `created_at`, `updated_at`, `start_list_number`, `lane_number`, `heat_number`, `heat_arrival_order`, `meeting_program_id`, `swimmer_id`, `team_id`, `team_affiliation_id`, `badge_id`, `entry_time_type_id`, `user_id`, `minutes`, `seconds`, `hundreds`, `is_no_time`)
  VALUES (6041, '2016-05-31 05:58:19', '2016-05-31 05:58:19', NULL, NULL, NULL, NULL, 73790, 1016, 1, 1589, 32570, NULL, 1, 0, 41, 80, 0);

INSERT INTO `meeting_entries` (`id`, `created_at`, `updated_at`, `start_list_number`, `lane_number`, `heat_number`, `heat_arrival_order`, `meeting_program_id`, `swimmer_id`, `team_id`, `team_affiliation_id`, `badge_id`, `entry_time_type_id`, `user_id`, `minutes`, `seconds`, `hundreds`, `is_no_time`)
  VALUES (6042, '2016-05-31 05:58:19', '2016-05-31 05:58:19', NULL, NULL, NULL, NULL, 73814, 468, 1, 1589, 32770, NULL, 1, 0, 50, 60, 0);

INSERT INTO `meeting_entries` (`id`, `created_at`, `updated_at`, `start_list_number`, `lane_number`, `heat_number`, `heat_arrival_order`, `meeting_program_id`, `swimmer_id`, `team_id`, `team_affiliation_id`, `badge_id`, `entry_time_type_id`, `user_id`, `minutes`, `seconds`, `hundreds`, `is_no_time`)
  VALUES (6043, '2016-05-31 05:58:19', '2016-05-31 05:58:19', NULL, NULL, NULL, NULL, 73832, 728, 1, 1589, 32572, NULL, 1, 1, 39, 50, 0);

INSERT INTO `meeting_entries` (`id`, `created_at`, `updated_at`, `start_list_number`, `lane_number`, `heat_number`, `heat_arrival_order`, `meeting_program_id`, `swimmer_id`, `team_id`, `team_affiliation_id`, `badge_id`, `entry_time_type_id`, `user_id`, `minutes`, `seconds`, `hundreds`, `is_no_time`)
  VALUES (6044, '2016-05-31 05:58:19', '2016-05-31 05:58:19', NULL, NULL, NULL, NULL, 73816, 23, 1, 1589, 32573, NULL, 1, 1, 12, 0, 0);

INSERT INTO `meeting_entries` (`id`, `created_at`, `updated_at`, `start_list_number`, `lane_number`, `heat_number`, `heat_arrival_order`, `meeting_program_id`, `swimmer_id`, `team_id`, `team_affiliation_id`, `badge_id`, `entry_time_type_id`, `user_id`, `minutes`, `seconds`, `hundreds`, `is_no_time`)
  VALUES (6045, '2016-05-31 05:58:19', '2016-05-31 05:58:19', NULL, NULL, NULL, NULL, 73797, 21016, 1, 1589, 32575, NULL, 1, 1, 35, 0, 0);

INSERT INTO `meeting_entries` (`id`, `created_at`, `updated_at`, `start_list_number`, `lane_number`, `heat_number`, `heat_arrival_order`, `meeting_program_id`, `swimmer_id`, `team_id`, `team_affiliation_id`, `badge_id`, `entry_time_type_id`, `user_id`, `minutes`, `seconds`, `hundreds`, `is_no_time`)
  VALUES (6046, '2016-05-31 05:58:20', '2016-05-31 05:58:20', NULL, NULL, NULL, NULL, 73802, 1788, 1, 1589, 32579, NULL, 1, 1, 18, 0, 0);

INSERT INTO `meeting_entries` (`id`, `created_at`, `updated_at`, `start_list_number`, `lane_number`, `heat_number`, `heat_arrival_order`, `meeting_program_id`, `swimmer_id`, `team_id`, `team_affiliation_id`, `badge_id`, `entry_time_type_id`, `user_id`, `minutes`, `seconds`, `hundreds`, `is_no_time`)
  VALUES (6047, '2016-05-31 05:58:20', '2016-05-31 05:58:20', NULL, NULL, NULL, NULL, 73786, 1279, 1, 1589, 32580, NULL, 1, 0, 39, 30, 0);

INSERT INTO `meeting_entries` (`id`, `created_at`, `updated_at`, `start_list_number`, `lane_number`, `heat_number`, `heat_arrival_order`, `meeting_program_id`, `swimmer_id`, `team_id`, `team_affiliation_id`, `badge_id`, `entry_time_type_id`, `user_id`, `minutes`, `seconds`, `hundreds`, `is_no_time`)
  VALUES (6048, '2016-05-31 05:58:20', '2016-05-31 05:58:20', NULL, NULL, NULL, NULL, 73806, 1541, 1, 1589, 32581, NULL, 1, 1, 7, 0, 0);

INSERT INTO `meeting_entries` (`id`, `created_at`, `updated_at`, `start_list_number`, `lane_number`, `heat_number`, `heat_arrival_order`, `meeting_program_id`, `swimmer_id`, `team_id`, `team_affiliation_id`, `badge_id`, `entry_time_type_id`, `user_id`, `minutes`, `seconds`, `hundreds`, `is_no_time`)
  VALUES (6049, '2016-05-31 05:58:20', '2016-05-31 05:58:20', NULL, NULL, NULL, NULL, 73805, 98, 1, 1589, 32582, NULL, 1, 1, 36, 0, 0);

INSERT INTO `meeting_entries` (`id`, `created_at`, `updated_at`, `start_list_number`, `lane_number`, `heat_number`, `heat_arrival_order`, `meeting_program_id`, `swimmer_id`, `team_id`, `team_affiliation_id`, `badge_id`, `entry_time_type_id`, `user_id`, `minutes`, `seconds`, `hundreds`, `is_no_time`)
  VALUES (6050, '2016-05-31 05:58:20', '2016-05-31 05:58:20', NULL, NULL, NULL, NULL, 73814, 1474, 1, 1589, 46561, NULL, 1, 0, 50, 60, 0);

INSERT INTO `meeting_entries` (`id`, `created_at`, `updated_at`, `start_list_number`, `lane_number`, `heat_number`, `heat_arrival_order`, `meeting_program_id`, `swimmer_id`, `team_id`, `team_affiliation_id`, `badge_id`, `entry_time_type_id`, `user_id`, `minutes`, `seconds`, `hundreds`, `is_no_time`)
  VALUES (6051, '2016-05-31 05:58:20', '2016-05-31 05:58:20', NULL, NULL, NULL, NULL, 73832, 503, 1, 1589, 32584, NULL, 1, 1, 46, 73, 0);

INSERT INTO `meeting_entries` (`id`, `created_at`, `updated_at`, `start_list_number`, `lane_number`, `heat_number`, `heat_arrival_order`, `meeting_program_id`, `swimmer_id`, `team_id`, `team_affiliation_id`, `badge_id`, `entry_time_type_id`, `user_id`, `minutes`, `seconds`, `hundreds`, `is_no_time`)
  VALUES (6052, '2016-05-31 05:58:20', '2016-05-31 05:58:20', NULL, NULL, NULL, NULL, 73782, 1025, 1, 1589, 32585, NULL, 1, 1, 5, 22, 0);

INSERT INTO `meeting_entries` (`id`, `created_at`, `updated_at`, `start_list_number`, `lane_number`, `heat_number`, `heat_arrival_order`, `meeting_program_id`, `swimmer_id`, `team_id`, `team_affiliation_id`, `badge_id`, `entry_time_type_id`, `user_id`, `minutes`, `seconds`, `hundreds`, `is_no_time`)
  VALUES (6053, '2016-05-31 05:58:20', '2016-05-31 05:58:20', NULL, NULL, NULL, NULL, 73778, 1777, 1, 1589, 32586, NULL, 1, 0, 45, 70, 0);

INSERT INTO `meeting_entries` (`id`, `created_at`, `updated_at`, `start_list_number`, `lane_number`, `heat_number`, `heat_arrival_order`, `meeting_program_id`, `swimmer_id`, `team_id`, `team_affiliation_id`, `badge_id`, `entry_time_type_id`, `user_id`, `minutes`, `seconds`, `hundreds`, `is_no_time`)
  VALUES (6054, '2016-05-31 05:58:20', '2016-05-31 05:58:20', NULL, NULL, NULL, NULL, 73787, 108, 1, 1589, 32771, NULL, 1, 1, 18, 20, 0);

INSERT INTO `meeting_entries` (`id`, `created_at`, `updated_at`, `start_list_number`, `lane_number`, `heat_number`, `heat_arrival_order`, `meeting_program_id`, `swimmer_id`, `team_id`, `team_affiliation_id`, `badge_id`, `entry_time_type_id`, `user_id`, `minutes`, `seconds`, `hundreds`, `is_no_time`)
  VALUES (6055, '2016-05-31 05:58:20', '2016-05-31 05:58:20', NULL, NULL, NULL, NULL, 73776, 1496, 1, 1589, 32588, NULL, 1, 1, 8, 60, 0);

INSERT INTO `meeting_entries` (`id`, `created_at`, `updated_at`, `start_list_number`, `lane_number`, `heat_number`, `heat_arrival_order`, `meeting_program_id`, `swimmer_id`, `team_id`, `team_affiliation_id`, `badge_id`, `entry_time_type_id`, `user_id`, `minutes`, `seconds`, `hundreds`, `is_no_time`)
  VALUES (6056, '2016-05-31 05:58:21', '2016-05-31 05:58:21', NULL, NULL, NULL, NULL, 73818, 773, 1, 1589, 32574, NULL, 1, 1, 35, 0, 0);

INSERT INTO `meeting_entries` (`id`, `created_at`, `updated_at`, `start_list_number`, `lane_number`, `heat_number`, `heat_arrival_order`, `meeting_program_id`, `swimmer_id`, `team_id`, `team_affiliation_id`, `badge_id`, `entry_time_type_id`, `user_id`, `minutes`, `seconds`, `hundreds`, `is_no_time`)
  VALUES (6057, '2016-05-31 05:58:21', '2016-05-31 05:58:21', NULL, NULL, NULL, NULL, 73823, 18952, 17, 1591, 32731, NULL, 1, 0, 27, 50, 0);

INSERT INTO `meeting_entries` (`id`, `created_at`, `updated_at`, `start_list_number`, `lane_number`, `heat_number`, `heat_arrival_order`, `meeting_program_id`, `swimmer_id`, `team_id`, `team_affiliation_id`, `badge_id`, `entry_time_type_id`, `user_id`, `minutes`, `seconds`, `hundreds`, `is_no_time`)
  VALUES (6058, '2016-05-31 05:58:21', '2016-05-31 05:58:21', NULL, NULL, NULL, NULL, 73837, 1414, 17, 1591, 32724, NULL, 1, 1, 10, 0, 0);

INSERT INTO `meeting_entries` (`id`, `created_at`, `updated_at`, `start_list_number`, `lane_number`, `heat_number`, `heat_arrival_order`, `meeting_program_id`, `swimmer_id`, `team_id`, `team_affiliation_id`, `badge_id`, `entry_time_type_id`, `user_id`, `minutes`, `seconds`, `hundreds`, `is_no_time`)
  VALUES (6059, '2016-05-31 05:58:21', '2016-05-31 05:58:21', NULL, NULL, NULL, NULL, 73807, 20983, 17, 1591, 32733, NULL, 1, 1, 20, 0, 0);

INSERT INTO `meeting_entries` (`id`, `created_at`, `updated_at`, `start_list_number`, `lane_number`, `heat_number`, `heat_arrival_order`, `meeting_program_id`, `swimmer_id`, `team_id`, `team_affiliation_id`, `badge_id`, `entry_time_type_id`, `user_id`, `minutes`, `seconds`, `hundreds`, `is_no_time`)
  VALUES (6060, '2016-05-31 05:58:21', '2016-05-31 05:58:21', NULL, NULL, NULL, NULL, 73776, 1813, 17, 1591, 32735, NULL, 1, 1, 19, 50, 0);

INSERT INTO `meeting_entries` (`id`, `created_at`, `updated_at`, `start_list_number`, `lane_number`, `heat_number`, `heat_arrival_order`, `meeting_program_id`, `swimmer_id`, `team_id`, `team_affiliation_id`, `badge_id`, `entry_time_type_id`, `user_id`, `minutes`, `seconds`, `hundreds`, `is_no_time`)
  VALUES (6061, '2016-05-31 05:58:21', '2016-05-31 05:58:21', NULL, NULL, NULL, NULL, 73776, 1717, 17, 1591, 32736, NULL, 1, 1, 22, 0, 0);

INSERT INTO `meeting_entries` (`id`, `created_at`, `updated_at`, `start_list_number`, `lane_number`, `heat_number`, `heat_arrival_order`, `meeting_program_id`, `swimmer_id`, `team_id`, `team_affiliation_id`, `badge_id`, `entry_time_type_id`, `user_id`, `minutes`, `seconds`, `hundreds`, `is_no_time`)
  VALUES (6062, '2016-05-31 05:58:21', '2016-05-31 05:58:21', NULL, NULL, NULL, NULL, 73830, 1088, 17, 1591, 32737, NULL, 1, 13, 8, 0, 0);

INSERT INTO `meeting_entries` (`id`, `created_at`, `updated_at`, `start_list_number`, `lane_number`, `heat_number`, `heat_arrival_order`, `meeting_program_id`, `swimmer_id`, `team_id`, `team_affiliation_id`, `badge_id`, `entry_time_type_id`, `user_id`, `minutes`, `seconds`, `hundreds`, `is_no_time`)
  VALUES (6063, '2016-05-31 05:58:21', '2016-05-31 05:58:21', NULL, NULL, NULL, NULL, 73795, 1455, 17, 1591, 32738, NULL, 1, 1, 28, 70, 0);

INSERT INTO `meeting_entries` (`id`, `created_at`, `updated_at`, `start_list_number`, `lane_number`, `heat_number`, `heat_arrival_order`, `meeting_program_id`, `swimmer_id`, `team_id`, `team_affiliation_id`, `badge_id`, `entry_time_type_id`, `user_id`, `minutes`, `seconds`, `hundreds`, `is_no_time`)
  VALUES (6064, '2016-05-31 05:58:21', '2016-05-31 05:58:21', NULL, NULL, NULL, NULL, 73779, 1830, 17, 1591, 38074, NULL, 1, 12, 0, 0, 0);

INSERT INTO `meeting_entries` (`id`, `created_at`, `updated_at`, `start_list_number`, `lane_number`, `heat_number`, `heat_arrival_order`, `meeting_program_id`, `swimmer_id`, `team_id`, `team_affiliation_id`, `badge_id`, `entry_time_type_id`, `user_id`, `minutes`, `seconds`, `hundreds`, `is_no_time`)
  VALUES (6065, '2016-05-31 05:58:21', '2016-05-31 05:58:21', NULL, NULL, NULL, NULL, 73798, 1436, 17, 1591, 32741, NULL, 1, 11, 55, 0, 0);

INSERT INTO `meeting_entries` (`id`, `created_at`, `updated_at`, `start_list_number`, `lane_number`, `heat_number`, `heat_arrival_order`, `meeting_program_id`, `swimmer_id`, `team_id`, `team_affiliation_id`, `badge_id`, `entry_time_type_id`, `user_id`, `minutes`, `seconds`, `hundreds`, `is_no_time`)
  VALUES (6066, '2016-05-31 05:58:21', '2016-05-31 05:58:21', NULL, NULL, NULL, NULL, 73807, 20998, 17, 1591, 32743, NULL, 1, 1, 21, 0, 0);

INSERT INTO `meeting_entries` (`id`, `created_at`, `updated_at`, `start_list_number`, `lane_number`, `heat_number`, `heat_arrival_order`, `meeting_program_id`, `swimmer_id`, `team_id`, `team_affiliation_id`, `badge_id`, `entry_time_type_id`, `user_id`, `minutes`, `seconds`, `hundreds`, `is_no_time`)
  VALUES (6067, '2016-05-31 05:58:22', '2016-05-31 05:58:22', NULL, NULL, NULL, NULL, 73791, 1135, 17, 1591, 32744, NULL, 1, 12, 0, 0, 0);

INSERT INTO `meeting_entries` (`id`, `created_at`, `updated_at`, `start_list_number`, `lane_number`, `heat_number`, `heat_arrival_order`, `meeting_program_id`, `swimmer_id`, `team_id`, `team_affiliation_id`, `badge_id`, `entry_time_type_id`, `user_id`, `minutes`, `seconds`, `hundreds`, `is_no_time`)
  VALUES (6068, '2016-05-31 05:58:22', '2016-05-31 05:58:22', NULL, NULL, NULL, NULL, 73787, 1117, 17, 1591, 32745, NULL, 1, 1, 31, 0, 0);

INSERT INTO `meeting_entries` (`id`, `created_at`, `updated_at`, `start_list_number`, `lane_number`, `heat_number`, `heat_arrival_order`, `meeting_program_id`, `swimmer_id`, `team_id`, `team_affiliation_id`, `badge_id`, `entry_time_type_id`, `user_id`, `minutes`, `seconds`, `hundreds`, `is_no_time`)
  VALUES (6069, '2016-05-31 05:58:22', '2016-05-31 05:58:22', NULL, NULL, NULL, NULL, 73827, 21986, 17, 1591, 38075, NULL, 1, 1, 40, 0, 0);

INSERT INTO `meeting_entries` (`id`, `created_at`, `updated_at`, `start_list_number`, `lane_number`, `heat_number`, `heat_arrival_order`, `meeting_program_id`, `swimmer_id`, `team_id`, `team_affiliation_id`, `badge_id`, `entry_time_type_id`, `user_id`, `minutes`, `seconds`, `hundreds`, `is_no_time`)
  VALUES (6070, '2016-05-31 05:58:22', '2016-05-31 05:58:22', NULL, NULL, NULL, NULL, 73781, 1060, 17, 1591, 32747, NULL, 1, 1, 11, 0, 0);

INSERT INTO `meeting_entries` (`id`, `created_at`, `updated_at`, `start_list_number`, `lane_number`, `heat_number`, `heat_arrival_order`, `meeting_program_id`, `swimmer_id`, `team_id`, `team_affiliation_id`, `badge_id`, `entry_time_type_id`, `user_id`, `minutes`, `seconds`, `hundreds`, `is_no_time`)
  VALUES (6071, '2016-05-31 05:58:22', '2016-05-31 05:58:22', NULL, NULL, NULL, NULL, 73838, 590, 17, 1591, 32748, NULL, 1, 12, 30, 0, 0);

INSERT INTO `meeting_entries` (`id`, `created_at`, `updated_at`, `start_list_number`, `lane_number`, `heat_number`, `heat_arrival_order`, `meeting_program_id`, `swimmer_id`, `team_id`, `team_affiliation_id`, `badge_id`, `entry_time_type_id`, `user_id`, `minutes`, `seconds`, `hundreds`, `is_no_time`)
  VALUES (6072, '2016-05-31 05:58:22', '2016-05-31 05:58:22', NULL, NULL, NULL, NULL, 73788, 1292, 17, 1591, 32753, NULL, 1, 1, 11, 0, 0);

INSERT INTO `meeting_entries` (`id`, `created_at`, `updated_at`, `start_list_number`, `lane_number`, `heat_number`, `heat_arrival_order`, `meeting_program_id`, `swimmer_id`, `team_id`, `team_affiliation_id`, `badge_id`, `entry_time_type_id`, `user_id`, `minutes`, `seconds`, `hundreds`, `is_no_time`)
  VALUES (6073, '2016-05-31 05:58:22', '2016-05-31 05:58:22', NULL, NULL, NULL, NULL, 73807, 21024, 17, 1591, 32755, NULL, 1, 0, 0, 0, 1);

INSERT INTO `meeting_entries` (`id`, `created_at`, `updated_at`, `start_list_number`, `lane_number`, `heat_number`, `heat_arrival_order`, `meeting_program_id`, `swimmer_id`, `team_id`, `team_affiliation_id`, `badge_id`, `entry_time_type_id`, `user_id`, `minutes`, `seconds`, `hundreds`, `is_no_time`)
  VALUES (6074, '2016-05-31 05:58:22', '2016-05-31 05:58:22', NULL, NULL, NULL, NULL, 73839, 993, 17, 1591, 32757, NULL, 1, 13, 10, 0, 0);

INSERT INTO `meeting_entries` (`id`, `created_at`, `updated_at`, `start_list_number`, `lane_number`, `heat_number`, `heat_arrival_order`, `meeting_program_id`, `swimmer_id`, `team_id`, `team_affiliation_id`, `badge_id`, `entry_time_type_id`, `user_id`, `minutes`, `seconds`, `hundreds`, `is_no_time`)
  VALUES (6075, '2016-05-31 05:58:22', '2016-05-31 05:58:22', NULL, NULL, NULL, NULL, 73840, 602, 17, 1591, 32758, NULL, 1, 14, 3, 0, 0);

INSERT INTO `meeting_entries` (`id`, `created_at`, `updated_at`, `start_list_number`, `lane_number`, `heat_number`, `heat_arrival_order`, `meeting_program_id`, `swimmer_id`, `team_id`, `team_affiliation_id`, `badge_id`, `entry_time_type_id`, `user_id`, `minutes`, `seconds`, `hundreds`, `is_no_time`)
  VALUES (6076, '2016-05-31 05:58:22', '2016-05-31 05:58:22', NULL, NULL, NULL, NULL, 73841, 4810, 17, 1591, 38080, NULL, 1, 12, 19, 0, 0);

INSERT INTO `meeting_entries` (`id`, `created_at`, `updated_at`, `start_list_number`, `lane_number`, `heat_number`, `heat_arrival_order`, `meeting_program_id`, `swimmer_id`, `team_id`, `team_affiliation_id`, `badge_id`, `entry_time_type_id`, `user_id`, `minutes`, `seconds`, `hundreds`, `is_no_time`)
  VALUES (6077, '2016-05-31 05:58:23', '2016-05-31 05:58:23', NULL, NULL, NULL, NULL, 73776, 1721, 17, 1591, 32759, NULL, 1, 1, 19, 50, 0);

INSERT INTO `meeting_entries` (`id`, `created_at`, `updated_at`, `start_list_number`, `lane_number`, `heat_number`, `heat_arrival_order`, `meeting_program_id`, `swimmer_id`, `team_id`, `team_affiliation_id`, `badge_id`, `entry_time_type_id`, `user_id`, `minutes`, `seconds`, `hundreds`, `is_no_time`)
  VALUES (6078, '2016-05-31 05:58:23', '2016-05-31 05:58:23', NULL, NULL, NULL, NULL, 73781, 1102, 17, 1591, 32760, NULL, 1, 1, 5, 0, 0);

INSERT INTO `meeting_entries` (`id`, `created_at`, `updated_at`, `start_list_number`, `lane_number`, `heat_number`, `heat_arrival_order`, `meeting_program_id`, `swimmer_id`, `team_id`, `team_affiliation_id`, `badge_id`, `entry_time_type_id`, `user_id`, `minutes`, `seconds`, `hundreds`, `is_no_time`)
  VALUES (6079, '2016-05-31 05:58:23', '2016-05-31 05:58:23', NULL, NULL, NULL, NULL, 73801, 21035, 17, 1591, 32761, NULL, 1, 11, 50, 0, 0);

INSERT INTO `meeting_entries` (`id`, `created_at`, `updated_at`, `start_list_number`, `lane_number`, `heat_number`, `heat_arrival_order`, `meeting_program_id`, `swimmer_id`, `team_id`, `team_affiliation_id`, `badge_id`, `entry_time_type_id`, `user_id`, `minutes`, `seconds`, `hundreds`, `is_no_time`)
  VALUES (6080, '2016-05-31 05:58:23', '2016-05-31 05:58:23', NULL, NULL, NULL, NULL, 73815, 1116, 17, 1591, 32762, NULL, 1, 1, 24, 0, 0);

INSERT INTO `meeting_entries` (`id`, `created_at`, `updated_at`, `start_list_number`, `lane_number`, `heat_number`, `heat_arrival_order`, `meeting_program_id`, `swimmer_id`, `team_id`, `team_affiliation_id`, `badge_id`, `entry_time_type_id`, `user_id`, `minutes`, `seconds`, `hundreds`, `is_no_time`)
  VALUES (6081, '2016-05-31 05:58:23', '2016-05-31 05:58:23', NULL, NULL, NULL, NULL, 73808, 1456, 17, 1591, 38081, NULL, 1, 1, 15, 0, 0);

INSERT INTO `meeting_entries` (`id`, `created_at`, `updated_at`, `start_list_number`, `lane_number`, `heat_number`, `heat_arrival_order`, `meeting_program_id`, `swimmer_id`, `team_id`, `team_affiliation_id`, `badge_id`, `entry_time_type_id`, `user_id`, `minutes`, `seconds`, `hundreds`, `is_no_time`)
  VALUES (6082, '2016-05-31 05:58:23', '2016-05-31 05:58:23', NULL, NULL, NULL, NULL, 73787, 18952, 17, 1591, 32731, NULL, 1, 1, 16, 0, 0);

INSERT INTO `meeting_entries` (`id`, `created_at`, `updated_at`, `start_list_number`, `lane_number`, `heat_number`, `heat_arrival_order`, `meeting_program_id`, `swimmer_id`, `team_id`, `team_affiliation_id`, `badge_id`, `entry_time_type_id`, `user_id`, `minutes`, `seconds`, `hundreds`, `is_no_time`)
  VALUES (6083, '2016-05-31 05:58:23', '2016-05-31 05:58:23', NULL, NULL, NULL, NULL, 73842, 1414, 17, 1591, 32724, NULL, 1, 2, 15, 0, 0);

INSERT INTO `meeting_entries` (`id`, `created_at`, `updated_at`, `start_list_number`, `lane_number`, `heat_number`, `heat_arrival_order`, `meeting_program_id`, `swimmer_id`, `team_id`, `team_affiliation_id`, `badge_id`, `entry_time_type_id`, `user_id`, `minutes`, `seconds`, `hundreds`, `is_no_time`)
  VALUES (6084, '2016-05-31 05:58:23', '2016-05-31 05:58:23', NULL, NULL, NULL, NULL, 73813, 20983, 17, 1591, 32733, NULL, 1, 1, 15, 0, 0);

INSERT INTO `meeting_entries` (`id`, `created_at`, `updated_at`, `start_list_number`, `lane_number`, `heat_number`, `heat_arrival_order`, `meeting_program_id`, `swimmer_id`, `team_id`, `team_affiliation_id`, `badge_id`, `entry_time_type_id`, `user_id`, `minutes`, `seconds`, `hundreds`, `is_no_time`)
  VALUES (6085, '2016-05-31 05:58:23', '2016-05-31 05:58:23', NULL, NULL, NULL, NULL, 73821, 1813, 17, 1591, 32735, NULL, 1, 0, 39, 0, 0);

INSERT INTO `meeting_entries` (`id`, `created_at`, `updated_at`, `start_list_number`, `lane_number`, `heat_number`, `heat_arrival_order`, `meeting_program_id`, `swimmer_id`, `team_id`, `team_affiliation_id`, `badge_id`, `entry_time_type_id`, `user_id`, `minutes`, `seconds`, `hundreds`, `is_no_time`)
  VALUES (6086, '2016-05-31 05:58:23', '2016-05-31 05:58:23', NULL, NULL, NULL, NULL, 73834, 1717, 17, 1591, 32736, NULL, 1, 1, 22, 0, 0);

INSERT INTO `meeting_entries` (`id`, `created_at`, `updated_at`, `start_list_number`, `lane_number`, `heat_number`, `heat_arrival_order`, `meeting_program_id`, `swimmer_id`, `team_id`, `team_affiliation_id`, `badge_id`, `entry_time_type_id`, `user_id`, `minutes`, `seconds`, `hundreds`, `is_no_time`)
  VALUES (6087, '2016-05-31 05:58:24', '2016-05-31 05:58:24', NULL, NULL, NULL, NULL, 73805, 1088, 17, 1591, 32737, NULL, 1, 1, 48, 0, 0);

INSERT INTO `meeting_entries` (`id`, `created_at`, `updated_at`, `start_list_number`, `lane_number`, `heat_number`, `heat_arrival_order`, `meeting_program_id`, `swimmer_id`, `team_id`, `team_affiliation_id`, `badge_id`, `entry_time_type_id`, `user_id`, `minutes`, `seconds`, `hundreds`, `is_no_time`)
  VALUES (6088, '2016-05-31 05:58:24', '2016-05-31 05:58:24', NULL, NULL, NULL, NULL, 73822, 1455, 17, 1591, 32738, NULL, 1, 0, 43, 0, 0);

INSERT INTO `meeting_entries` (`id`, `created_at`, `updated_at`, `start_list_number`, `lane_number`, `heat_number`, `heat_arrival_order`, `meeting_program_id`, `swimmer_id`, `team_id`, `team_affiliation_id`, `badge_id`, `entry_time_type_id`, `user_id`, `minutes`, `seconds`, `hundreds`, `is_no_time`)
  VALUES (6089, '2016-05-31 05:58:24', '2016-05-31 05:58:24', NULL, NULL, NULL, NULL, 73821, 1830, 17, 1591, 38074, NULL, 1, 0, 41, 0, 0);

INSERT INTO `meeting_entries` (`id`, `created_at`, `updated_at`, `start_list_number`, `lane_number`, `heat_number`, `heat_arrival_order`, `meeting_program_id`, `swimmer_id`, `team_id`, `team_affiliation_id`, `badge_id`, `entry_time_type_id`, `user_id`, `minutes`, `seconds`, `hundreds`, `is_no_time`)
  VALUES (6090, '2016-05-31 05:58:24', '2016-05-31 05:58:24', NULL, NULL, NULL, NULL, 73778, 20998, 17, 1591, 32743, NULL, 1, 0, 42, 50, 0);

INSERT INTO `meeting_entries` (`id`, `created_at`, `updated_at`, `start_list_number`, `lane_number`, `heat_number`, `heat_arrival_order`, `meeting_program_id`, `swimmer_id`, `team_id`, `team_affiliation_id`, `badge_id`, `entry_time_type_id`, `user_id`, `minutes`, `seconds`, `hundreds`, `is_no_time`)
  VALUES (6091, '2016-05-31 05:58:24', '2016-05-31 05:58:24', NULL, NULL, NULL, NULL, 73843, 1135, 17, 1591, 32744, NULL, 1, 1, 26, 0, 0);

INSERT INTO `meeting_entries` (`id`, `created_at`, `updated_at`, `start_list_number`, `lane_number`, `heat_number`, `heat_arrival_order`, `meeting_program_id`, `swimmer_id`, `team_id`, `team_affiliation_id`, `badge_id`, `entry_time_type_id`, `user_id`, `minutes`, `seconds`, `hundreds`, `is_no_time`)
  VALUES (6092, '2016-05-31 05:58:24', '2016-05-31 05:58:24', NULL, NULL, NULL, NULL, 73844, 1117, 17, 1591, 32745, NULL, 1, 1, 50, 0, 0);

INSERT INTO `meeting_entries` (`id`, `created_at`, `updated_at`, `start_list_number`, `lane_number`, `heat_number`, `heat_arrival_order`, `meeting_program_id`, `swimmer_id`, `team_id`, `team_affiliation_id`, `badge_id`, `entry_time_type_id`, `user_id`, `minutes`, `seconds`, `hundreds`, `is_no_time`)
  VALUES (6093, '2016-05-31 05:58:24', '2016-05-31 05:58:24', NULL, NULL, NULL, NULL, 73825, 21986, 17, 1591, 38075, NULL, 1, 0, 48, 0, 0);

INSERT INTO `meeting_entries` (`id`, `created_at`, `updated_at`, `start_list_number`, `lane_number`, `heat_number`, `heat_arrival_order`, `meeting_program_id`, `swimmer_id`, `team_id`, `team_affiliation_id`, `badge_id`, `entry_time_type_id`, `user_id`, `minutes`, `seconds`, `hundreds`, `is_no_time`)
  VALUES (6094, '2016-05-31 05:58:24', '2016-05-31 05:58:24', NULL, NULL, NULL, NULL, 73786, 1060, 17, 1591, 32747, NULL, 1, 0, 35, 50, 0);

INSERT INTO `meeting_entries` (`id`, `created_at`, `updated_at`, `start_list_number`, `lane_number`, `heat_number`, `heat_arrival_order`, `meeting_program_id`, `swimmer_id`, `team_id`, `team_affiliation_id`, `badge_id`, `entry_time_type_id`, `user_id`, `minutes`, `seconds`, `hundreds`, `is_no_time`)
  VALUES (6095, '2016-05-31 05:58:24', '2016-05-31 05:58:24', NULL, NULL, NULL, NULL, 73789, 590, 17, 1591, 32748, NULL, 1, 0, 43, 0, 0);

INSERT INTO `meeting_entries` (`id`, `created_at`, `updated_at`, `start_list_number`, `lane_number`, `heat_number`, `heat_arrival_order`, `meeting_program_id`, `swimmer_id`, `team_id`, `team_affiliation_id`, `badge_id`, `entry_time_type_id`, `user_id`, `minutes`, `seconds`, `hundreds`, `is_no_time`)
  VALUES (6096, '2016-05-31 05:58:24', '2016-05-31 05:58:24', NULL, NULL, NULL, NULL, 73790, 1292, 17, 1591, 32753, NULL, 1, 0, 38, 0, 0);

INSERT INTO `meeting_entries` (`id`, `created_at`, `updated_at`, `start_list_number`, `lane_number`, `heat_number`, `heat_arrival_order`, `meeting_program_id`, `swimmer_id`, `team_id`, `team_affiliation_id`, `badge_id`, `entry_time_type_id`, `user_id`, `minutes`, `seconds`, `hundreds`, `is_no_time`)
  VALUES (6097, '2016-05-31 05:58:24', '2016-05-31 05:58:24', NULL, NULL, NULL, NULL, 73778, 21024, 17, 1591, 32755, NULL, 1, 0, 0, 0, 1);

INSERT INTO `meeting_entries` (`id`, `created_at`, `updated_at`, `start_list_number`, `lane_number`, `heat_number`, `heat_arrival_order`, `meeting_program_id`, `swimmer_id`, `team_id`, `team_affiliation_id`, `badge_id`, `entry_time_type_id`, `user_id`, `minutes`, `seconds`, `hundreds`, `is_no_time`)
  VALUES (6098, '2016-05-31 05:58:24', '2016-05-31 05:58:24', NULL, NULL, NULL, NULL, 73769, 993, 17, 1591, 32757, NULL, 1, 0, 0, 0, 1);

INSERT INTO `meeting_entries` (`id`, `created_at`, `updated_at`, `start_list_number`, `lane_number`, `heat_number`, `heat_arrival_order`, `meeting_program_id`, `swimmer_id`, `team_id`, `team_affiliation_id`, `badge_id`, `entry_time_type_id`, `user_id`, `minutes`, `seconds`, `hundreds`, `is_no_time`)
  VALUES (6099, '2016-05-31 05:58:25', '2016-05-31 05:58:25', NULL, NULL, NULL, NULL, 73795, 602, 17, 1591, 32758, NULL, 1, 1, 42, 0, 0);

INSERT INTO `meeting_entries` (`id`, `created_at`, `updated_at`, `start_list_number`, `lane_number`, `heat_number`, `heat_arrival_order`, `meeting_program_id`, `swimmer_id`, `team_id`, `team_affiliation_id`, `badge_id`, `entry_time_type_id`, `user_id`, `minutes`, `seconds`, `hundreds`, `is_no_time`)
  VALUES (6100, '2016-05-31 05:58:25', '2016-05-31 05:58:25', NULL, NULL, NULL, NULL, 73827, 4810, 17, 1591, 38080, NULL, 1, 1, 23, 0, 0);

INSERT INTO `meeting_entries` (`id`, `created_at`, `updated_at`, `start_list_number`, `lane_number`, `heat_number`, `heat_arrival_order`, `meeting_program_id`, `swimmer_id`, `team_id`, `team_affiliation_id`, `badge_id`, `entry_time_type_id`, `user_id`, `minutes`, `seconds`, `hundreds`, `is_no_time`)
  VALUES (6101, '2016-05-31 05:58:25', '2016-05-31 05:58:25', NULL, NULL, NULL, NULL, 73821, 1721, 17, 1591, 32759, NULL, 1, 0, 39, 0, 0);

INSERT INTO `meeting_entries` (`id`, `created_at`, `updated_at`, `start_list_number`, `lane_number`, `heat_number`, `heat_arrival_order`, `meeting_program_id`, `swimmer_id`, `team_id`, `team_affiliation_id`, `badge_id`, `entry_time_type_id`, `user_id`, `minutes`, `seconds`, `hundreds`, `is_no_time`)
  VALUES (6102, '2016-05-31 05:58:25', '2016-05-31 05:58:25', NULL, NULL, NULL, NULL, 73785, 1102, 17, 1591, 32760, NULL, 1, 1, 6, 50, 0);

INSERT INTO `meeting_entries` (`id`, `created_at`, `updated_at`, `start_list_number`, `lane_number`, `heat_number`, `heat_arrival_order`, `meeting_program_id`, `swimmer_id`, `team_id`, `team_affiliation_id`, `badge_id`, `entry_time_type_id`, `user_id`, `minutes`, `seconds`, `hundreds`, `is_no_time`)
  VALUES (6103, '2016-05-31 05:58:25', '2016-05-31 05:58:25', NULL, NULL, NULL, NULL, 73813, 21035, 17, 1591, 32761, NULL, 1, 1, 15, 50, 0);

INSERT INTO `meeting_entries` (`id`, `created_at`, `updated_at`, `start_list_number`, `lane_number`, `heat_number`, `heat_arrival_order`, `meeting_program_id`, `swimmer_id`, `team_id`, `team_affiliation_id`, `badge_id`, `entry_time_type_id`, `user_id`, `minutes`, `seconds`, `hundreds`, `is_no_time`)
  VALUES (6104, '2016-05-31 05:58:25', '2016-05-31 05:58:25', NULL, NULL, NULL, NULL, 73770, 1116, 17, 1591, 32762, NULL, 1, 0, 40, 0, 0);

INSERT INTO `meeting_entries` (`id`, `created_at`, `updated_at`, `start_list_number`, `lane_number`, `heat_number`, `heat_arrival_order`, `meeting_program_id`, `swimmer_id`, `team_id`, `team_affiliation_id`, `badge_id`, `entry_time_type_id`, `user_id`, `minutes`, `seconds`, `hundreds`, `is_no_time`)
  VALUES (6105, '2016-05-31 05:58:25', '2016-05-31 05:58:25', NULL, NULL, NULL, NULL, 73776, 24839, 1, 1589, 46564, NULL, 1, 1, 8, 60, 0);

INSERT INTO `meeting_entries` (`id`, `created_at`, `updated_at`, `start_list_number`, `lane_number`, `heat_number`, `heat_arrival_order`, `meeting_program_id`, `swimmer_id`, `team_id`, `team_affiliation_id`, `badge_id`, `entry_time_type_id`, `user_id`, `minutes`, `seconds`, `hundreds`, `is_no_time`)
  VALUES (6106, '2016-05-31 05:58:25', '2016-05-31 05:58:25', NULL, NULL, NULL, NULL, 73821, 24839, 1, 1589, 46564, NULL, 1, 0, 38, 0, 0);

INSERT INTO `meeting_entries` (`id`, `created_at`, `updated_at`, `start_list_number`, `lane_number`, `heat_number`, `heat_arrival_order`, `meeting_program_id`, `swimmer_id`, `team_id`, `team_affiliation_id`, `badge_id`, `entry_time_type_id`, `user_id`, `minutes`, `seconds`, `hundreds`, `is_no_time`)
  VALUES (6107, '2016-05-31 05:58:25', '2016-05-31 05:58:25', NULL, NULL, NULL, NULL, 73776, 1529, 1, 1589, 46565, NULL, 1, 1, 8, 60, 0);

INSERT INTO `meeting_entries` (`id`, `created_at`, `updated_at`, `start_list_number`, `lane_number`, `heat_number`, `heat_arrival_order`, `meeting_program_id`, `swimmer_id`, `team_id`, `team_affiliation_id`, `badge_id`, `entry_time_type_id`, `user_id`, `minutes`, `seconds`, `hundreds`, `is_no_time`)
  VALUES (6108, '2016-05-31 05:58:25', '2016-05-31 05:58:25', NULL, NULL, NULL, NULL, 73821, 1529, 1, 1589, 46565, NULL, 1, 0, 38, 0, 0);


-- Meeting 15106
-- 'has_start_list' flag setting:
UPDATE meetings SET has_start_list = '1' WHERE id = 15106;

-- --- BeginTimeCalculator: compute_for_all( 15106 )
-- ----------------------------------------------------
-- Using ENTRIES to compute heat length.

-- Event #1, M.Prg: 73769, tot. athletes: 2
-- Tot. progr. duration: 135 (sec), Heat durations: [13500] (hds)
-- Session begin time: 2000-01-01 15:00:00 UTC, Computed begin time: 2000-01-01 15:02:00 UTC
UPDATE meeting_programs SET begin_time = '2000-01-01 15:02' WHERE id = 73769;

-- Event #1, M.Prg: 73781, tot. athletes: 6
-- Tot. progr. duration: 195 (sec), Heat durations: [19560] (hds)
-- Session begin time: 2000-01-01 15:00:00 UTC, Computed begin time: 2000-01-01 15:04:15 UTC
UPDATE meeting_programs SET begin_time = '2000-01-01 15:04' WHERE id = 73781;

-- Event #2, M.Prg: 73770, tot. athletes: 5
-- Tot. progr. duration: 110 (sec), Heat durations: [11000] (hds)
-- Session begin time: 2000-01-01 15:00:00 UTC, Computed begin time: 2000-01-01 15:07:30 UTC
UPDATE meeting_programs SET begin_time = '2000-01-01 15:07' WHERE id = 73770;

-- Event #2, M.Prg: 73829, tot. athletes: 2
-- Tot. progr. duration: 105 (sec), Heat durations: [10500] (hds)
-- Session begin time: 2000-01-01 15:00:00 UTC, Computed begin time: 2000-01-01 15:09:20 UTC
UPDATE meeting_programs SET begin_time = '2000-01-01 15:09' WHERE id = 73829;

-- Event #3, M.Prg: 73771, tot. athletes: 6
-- Tot. progr. duration: 112 (sec), Heat durations: [11200] (hds)
-- Session begin time: 2000-01-01 15:00:00 UTC, Computed begin time: 2000-01-01 15:11:05 UTC
UPDATE meeting_programs SET begin_time = '2000-01-01 15:11' WHERE id = 73771;

-- Event #3, M.Prg: 73828, tot. athletes: 3
-- Tot. progr. duration: 100 (sec), Heat durations: [10040] (hds)
-- Session begin time: 2000-01-01 15:00:00 UTC, Computed begin time: 2000-01-01 15:12:57 UTC
UPDATE meeting_programs SET begin_time = '2000-01-01 15:12' WHERE id = 73828;

-- Event #4, M.Prg: 73786, tot. athletes: 5
-- Tot. progr. duration: 100 (sec), Heat durations: [10000] (hds)
-- Session begin time: 2000-01-01 15:00:00 UTC, Computed begin time: 2000-01-01 15:14:37 UTC
UPDATE meeting_programs SET begin_time = '2000-01-01 15:14' WHERE id = 73786;

-- Event #4, M.Prg: 73772, tot. athletes: 2
-- Tot. progr. duration: 108 (sec), Heat durations: [10800] (hds)
-- Session begin time: 2000-01-01 15:00:00 UTC, Computed begin time: 2000-01-01 15:16:17 UTC
UPDATE meeting_programs SET begin_time = '2000-01-01 15:16' WHERE id = 73772;

-- Event #5, M.Prg: 73773, tot. athletes: 3
-- Tot. progr. duration: 100 (sec), Heat durations: [10000] (hds)
-- Session begin time: 2000-01-01 15:00:00 UTC, Computed begin time: 2000-01-01 15:18:05 UTC
UPDATE meeting_programs SET begin_time = '2000-01-01 15:18' WHERE id = 73773;

-- Event #6, M.Prg: 73797, tot. athletes: 6
-- Tot. progr. duration: 157 (sec), Heat durations: [15760] (hds)
-- Session begin time: 2000-01-01 15:00:00 UTC, Computed begin time: 2000-01-01 15:19:45 UTC
UPDATE meeting_programs SET begin_time = '2000-01-01 15:19' WHERE id = 73797;

-- Event #6, M.Prg: 73774, tot. athletes: 4
-- Tot. progr. duration: 145 (sec), Heat durations: [14500] (hds)
-- Session begin time: 2000-01-01 15:00:00 UTC, Computed begin time: 2000-01-01 15:22:22 UTC
UPDATE meeting_programs SET begin_time = '2000-01-01 15:22' WHERE id = 73774;

-- Event #7, M.Prg: 73775, tot. athletes: 4
-- Tot. progr. duration: 133 (sec), Heat durations: [13370] (hds)
-- Session begin time: 2000-01-01 15:00:00 UTC, Computed begin time: 2000-01-01 15:24:47 UTC
UPDATE meeting_programs SET begin_time = '2000-01-01 15:24' WHERE id = 73775;

-- Event #7, M.Prg: 73789, tot. athletes: 8
-- Tot. progr. duration: 206 (sec), Heat durations: [11040, 9590] (hds)
-- Session begin time: 2000-01-01 15:00:00 UTC, Computed begin time: 2000-01-01 15:27:00 UTC
UPDATE meeting_programs SET begin_time = '2000-01-01 15:27' WHERE id = 73789;

-- Event #8, M.Prg: 73807, tot. athletes: 10
-- Tot. progr. duration: 295 (sec), Heat durations: [15500, 14000] (hds)
-- Session begin time: 2000-01-01 15:00:00 UTC, Computed begin time: 2000-01-01 15:30:26 UTC
UPDATE meeting_programs SET begin_time = '2000-01-01 15:30' WHERE id = 73807;

-- Event #8, M.Prg: 73776, tot. athletes: 8
-- Tot. progr. duration: 270 (sec), Heat durations: [14200, 12860] (hds)
-- Session begin time: 2000-01-01 15:00:00 UTC, Computed begin time: 2000-01-01 15:35:21 UTC
UPDATE meeting_programs SET begin_time = '2000-01-01 15:35' WHERE id = 73776;

-- Event #9, M.Prg: 73777, tot. athletes: 5
-- Tot. progr. duration: 110 (sec), Heat durations: [11030] (hds)
-- Session begin time: 2000-01-01 15:00:00 UTC, Computed begin time: 2000-01-01 15:39:51 UTC
UPDATE meeting_programs SET begin_time = '2000-01-01 15:39' WHERE id = 73777;

-- Event #9, M.Prg: 73804, tot. athletes: 1
-- Tot. progr. duration: 102 (sec), Heat durations: [10280] (hds)
-- Session begin time: 2000-01-01 15:00:00 UTC, Computed begin time: 2000-01-01 15:41:41 UTC
UPDATE meeting_programs SET begin_time = '2000-01-01 15:41' WHERE id = 73804;

-- Event #10, M.Prg: 73778, tot. athletes: 6
-- Tot. progr. duration: 115 (sec), Heat durations: [11500] (hds)
-- Session begin time: 2000-01-01 15:00:00 UTC, Computed begin time: 2000-01-01 15:43:23 UTC
UPDATE meeting_programs SET begin_time = '2000-01-01 15:43' WHERE id = 73778;

-- Event #10, M.Prg: 73821, tot. athletes: 6
-- Tot. progr. duration: 101 (sec), Heat durations: [10100] (hds)
-- Session begin time: 2000-01-01 15:00:00 UTC, Computed begin time: 2000-01-01 15:45:18 UTC
UPDATE meeting_programs SET begin_time = '2000-01-01 15:45' WHERE id = 73821;

-- Event #11, M.Prg: 73801, tot. athletes: 2
-- Tot. progr. duration: 780 (sec), Heat durations: [78000] (hds)
-- Session begin time: 2000-01-01 15:00:00 UTC, Computed begin time: 2000-01-01 15:46:59 UTC
UPDATE meeting_programs SET begin_time = '2000-01-01 15:46' WHERE id = 73801;

-- Event #11, M.Prg: 73779, tot. athletes: 3
-- Tot. progr. duration: 780 (sec), Heat durations: [78000] (hds)
-- Session begin time: 2000-01-01 15:00:00 UTC, Computed begin time: 2000-01-01 15:59:59 UTC
UPDATE meeting_programs SET begin_time = '2000-01-01 15:59' WHERE id = 73779;

-- Event #12, M.Prg: 73839, tot. athletes: 1
-- Tot. progr. duration: 850 (sec), Heat durations: [85000] (hds)
-- Session begin time: 2000-01-01 15:00:00 UTC, Computed begin time: 2000-01-01 16:12:59 UTC
UPDATE meeting_programs SET begin_time = '2000-01-01 16:12' WHERE id = 73839;

-- Event #12, M.Prg: 73780, tot. athletes: 2
-- Tot. progr. duration: 770 (sec), Heat durations: [77000] (hds)
-- Session begin time: 2000-01-01 15:00:00 UTC, Computed begin time: 2000-01-01 16:27:09 UTC
UPDATE meeting_programs SET begin_time = '2000-01-01 16:27' WHERE id = 73780;

-- Event #13, M.Prg: 73782, tot. athletes: 4
-- Tot. progr. duration: 145 (sec), Heat durations: [14500] (hds)
-- Session begin time: 2000-01-01 15:00:00 UTC, Computed begin time: 2000-01-01 16:39:59 UTC
UPDATE meeting_programs SET begin_time = '2000-01-01 16:39' WHERE id = 73782;

-- Event #13, M.Prg: 73843, tot. athletes: 1
-- Tot. progr. duration: 146 (sec), Heat durations: [14600] (hds)
-- Session begin time: 2000-01-01 15:00:00 UTC, Computed begin time: 2000-01-01 16:42:24 UTC
UPDATE meeting_programs SET begin_time = '2000-01-01 16:42' WHERE id = 73843;

-- Event #14, M.Prg: 73823, tot. athletes: 6
-- Tot. progr. duration: 103 (sec), Heat durations: [10350] (hds)
-- Session begin time: 2000-01-01 15:00:00 UTC, Computed begin time: 2000-01-01 16:44:50 UTC
UPDATE meeting_programs SET begin_time = '2000-01-01 16:44' WHERE id = 73823;

-- Event #14, M.Prg: 73783, tot. athletes: 1
-- Tot. progr. duration: 115 (sec), Heat durations: [11500] (hds)
-- Session begin time: 2000-01-01 15:00:00 UTC, Computed begin time: 2000-01-01 16:46:33 UTC
UPDATE meeting_programs SET begin_time = '2000-01-01 16:46' WHERE id = 73783;

-- Event #15, M.Prg: 73812, tot. athletes: 3
-- Tot. progr. duration: 93 (sec), Heat durations: [9350] (hds)
-- Session begin time: 2000-01-01 15:00:00 UTC, Computed begin time: 2000-01-01 16:48:28 UTC
UPDATE meeting_programs SET begin_time = '2000-01-01 16:48' WHERE id = 73812;

-- Event #15, M.Prg: 73784, tot. athletes: 2
-- Tot. progr. duration: 90 (sec), Heat durations: [9000] (hds)
-- Session begin time: 2000-01-01 15:00:00 UTC, Computed begin time: 2000-01-01 16:50:01 UTC
UPDATE meeting_programs SET begin_time = '2000-01-01 16:50' WHERE id = 73784;

-- Event #16, M.Prg: 73785, tot. athletes: 3
-- Tot. progr. duration: 160 (sec), Heat durations: [16090] (hds)
-- Session begin time: 2000-01-01 15:00:00 UTC, Computed begin time: 2000-01-01 16:51:31 UTC
UPDATE meeting_programs SET begin_time = '2000-01-01 16:51' WHERE id = 73785;

-- Event #17, M.Prg: 73787, tot. athletes: 7
-- Tot. progr. duration: 211 (sec), Heat durations: [15100, 6000] (hds)
-- Session begin time: 2000-01-01 15:00:00 UTC, Computed begin time: 2000-01-01 16:54:11 UTC
UPDATE meeting_programs SET begin_time = '2000-01-01 16:54' WHERE id = 73787;

-- Event #17, M.Prg: 73817, tot. athletes: 1
-- Tot. progr. duration: 161 (sec), Heat durations: [16160] (hds)
-- Session begin time: 2000-01-01 15:00:00 UTC, Computed begin time: 2000-01-01 16:57:42 UTC
UPDATE meeting_programs SET begin_time = '2000-01-01 16:57' WHERE id = 73817;

-- Event #18, M.Prg: 73788, tot. athletes: 5
-- Tot. progr. duration: 146 (sec), Heat durations: [14600] (hds)
-- Session begin time: 2000-01-01 15:00:00 UTC, Computed begin time: 2000-01-01 17:00:23 UTC
UPDATE meeting_programs SET begin_time = '2000-01-01 17:00' WHERE id = 73788;

-- Event #18, M.Prg: 73832, tot. athletes: 3
-- Tot. progr. duration: 166 (sec), Heat durations: [16673] (hds)
-- Session begin time: 2000-01-01 15:00:00 UTC, Computed begin time: 2000-01-01 17:02:49 UTC
UPDATE meeting_programs SET begin_time = '2000-01-01 17:02' WHERE id = 73832;

-- Event #19, M.Prg: 73790, tot. athletes: 8
-- Tot. progr. duration: 207 (sec), Heat durations: [11000, 9790] (hds)
-- Session begin time: 2000-01-01 15:00:00 UTC, Computed begin time: 2000-01-01 17:05:35 UTC
UPDATE meeting_programs SET begin_time = '2000-01-01 17:05' WHERE id = 73790;

-- Event #19, M.Prg: 73814, tot. athletes: 5
-- Tot. progr. duration: 117 (sec), Heat durations: [11710] (hds)
-- Session begin time: 2000-01-01 15:00:00 UTC, Computed begin time: 2000-01-01 17:09:02 UTC
UPDATE meeting_programs SET begin_time = '2000-01-01 17:09' WHERE id = 73814;

-- Event #20, M.Prg: 73791, tot. athletes: 3
-- Tot. progr. duration: 848 (sec), Heat durations: [84800] (hds)
-- Session begin time: 2000-01-01 15:00:00 UTC, Computed begin time: 2000-01-01 17:10:59 UTC
UPDATE meeting_programs SET begin_time = '2000-01-01 17:10' WHERE id = 73791;

-- Event #20, M.Prg: 73792, tot. athletes: 2
-- Tot. progr. duration: 675 (sec), Heat durations: [67500] (hds)
-- Session begin time: 2000-01-01 15:00:00 UTC, Computed begin time: 2000-01-01 17:25:07 UTC
UPDATE meeting_programs SET begin_time = '2000-01-01 17:25' WHERE id = 73792;

-- Event #21, M.Prg: 73793, tot. athletes: 3
-- Tot. progr. duration: 96 (sec), Heat durations: [9640] (hds)
-- Session begin time: 2000-01-01 15:00:00 UTC, Computed begin time: 2000-01-01 17:36:22 UTC
UPDATE meeting_programs SET begin_time = '2000-01-01 17:36' WHERE id = 73793;

-- Event #21, M.Prg: 73826, tot. athletes: 4
-- Tot. progr. duration: 90 (sec), Heat durations: [9054] (hds)
-- Session begin time: 2000-01-01 15:00:00 UTC, Computed begin time: 2000-01-01 17:37:58 UTC
UPDATE meeting_programs SET begin_time = '2000-01-01 17:37' WHERE id = 73826;

-- Event #22, M.Prg: 73794, tot. athletes: 2
-- Tot. progr. duration: 90 (sec), Heat durations: [9050] (hds)
-- Session begin time: 2000-01-01 15:00:00 UTC, Computed begin time: 2000-01-01 17:39:28 UTC
UPDATE meeting_programs SET begin_time = '2000-01-01 17:39' WHERE id = 73794;

-- Event #23, M.Prg: 73795, tot. athletes: 6
-- Tot. progr. duration: 162 (sec), Heat durations: [16200] (hds)
-- Session begin time: 2000-01-01 15:00:00 UTC, Computed begin time: 2000-01-01 17:40:58 UTC
UPDATE meeting_programs SET begin_time = '2000-01-01 17:40' WHERE id = 73795;

-- Event #23, M.Prg: 73796, tot. athletes: 5
-- Tot. progr. duration: 150 (sec), Heat durations: [15000] (hds)
-- Session begin time: 2000-01-01 15:00:00 UTC, Computed begin time: 2000-01-01 17:43:40 UTC
UPDATE meeting_programs SET begin_time = '2000-01-01 17:43' WHERE id = 73796;

-- Event #24, M.Prg: 73809, tot. athletes: 3
-- Tot. progr. duration: 985 (sec), Heat durations: [98500] (hds)
-- Session begin time: 2000-01-01 15:00:00 UTC, Computed begin time: 2000-01-01 17:46:10 UTC
UPDATE meeting_programs SET begin_time = '2000-01-01 17:46' WHERE id = 73809;

-- Event #24, M.Prg: 73798, tot. athletes: 4
-- Tot. progr. duration: 775 (sec), Heat durations: [77500] (hds)
-- Session begin time: 2000-01-01 15:00:00 UTC, Computed begin time: 2000-01-01 18:02:35 UTC
UPDATE meeting_programs SET begin_time = '2000-01-01 18:02' WHERE id = 73798;

-- Event #25, M.Prg: 73799, tot. athletes: 1
-- Tot. progr. duration: 151 (sec), Heat durations: [15100] (hds)
-- Session begin time: 2000-01-01 15:00:00 UTC, Computed begin time: 2000-01-01 18:15:30 UTC
UPDATE meeting_programs SET begin_time = '2000-01-01 18:15' WHERE id = 73799;

-- Event #25, M.Prg: 73815, tot. athletes: 4
-- Tot. progr. duration: 151 (sec), Heat durations: [15110] (hds)
-- Session begin time: 2000-01-01 15:00:00 UTC, Computed begin time: 2000-01-01 18:18:01 UTC
UPDATE meeting_programs SET begin_time = '2000-01-01 18:18' WHERE id = 73815;

-- Event #26, M.Prg: 73800, tot. athletes: 4
-- Tot. progr. duration: 900 (sec), Heat durations: [90000] (hds)
-- Session begin time: 2000-01-01 15:00:00 UTC, Computed begin time: 2000-01-01 18:20:32 UTC
UPDATE meeting_programs SET begin_time = '2000-01-01 18:20' WHERE id = 73800;

-- Event #26, M.Prg: 73830, tot. athletes: 3
-- Tot. progr. duration: 850 (sec), Heat durations: [85070] (hds)
-- Session begin time: 2000-01-01 15:00:00 UTC, Computed begin time: 2000-01-01 18:35:32 UTC
UPDATE meeting_programs SET begin_time = '2000-01-01 18:35' WHERE id = 73830;

-- Event #27, M.Prg: 73802, tot. athletes: 4
-- Tot. progr. duration: 162 (sec), Heat durations: [16204] (hds)
-- Session begin time: 2000-01-01 15:00:00 UTC, Computed begin time: 2000-01-01 18:49:42 UTC
UPDATE meeting_programs SET begin_time = '2000-01-01 18:49' WHERE id = 73802;

-- Event #27, M.Prg: 73808, tot. athletes: 2
-- Tot. progr. duration: 136 (sec), Heat durations: [13600] (hds)
-- Session begin time: 2000-01-01 15:00:00 UTC, Computed begin time: 2000-01-01 18:52:24 UTC
UPDATE meeting_programs SET begin_time = '2000-01-01 18:52' WHERE id = 73808;

-- Event #28, M.Prg: 73822, tot. athletes: 3
-- Tot. progr. duration: 108 (sec), Heat durations: [10800] (hds)
-- Session begin time: 2000-01-01 15:00:00 UTC, Computed begin time: 2000-01-01 18:54:40 UTC
UPDATE meeting_programs SET begin_time = '2000-01-01 18:54' WHERE id = 73822;

-- Event #28, M.Prg: 73803, tot. athletes: 5
-- Tot. progr. duration: 105 (sec), Heat durations: [10500] (hds)
-- Session begin time: 2000-01-01 15:00:00 UTC, Computed begin time: 2000-01-01 18:56:28 UTC
UPDATE meeting_programs SET begin_time = '2000-01-01 18:56' WHERE id = 73803;

-- Event #29, M.Prg: 73816, tot. athletes: 2
-- Tot. progr. duration: 148 (sec), Heat durations: [14890] (hds)
-- Session begin time: 2000-01-01 15:00:00 UTC, Computed begin time: 2000-01-01 18:58:13 UTC
UPDATE meeting_programs SET begin_time = '2000-01-01 18:58' WHERE id = 73816;

-- Event #29, M.Prg: 73805, tot. athletes: 3
-- Tot. progr. duration: 170 (sec), Heat durations: [17000] (hds)
-- Session begin time: 2000-01-01 15:00:00 UTC, Computed begin time: 2000-01-01 19:00:41 UTC
UPDATE meeting_programs SET begin_time = '2000-01-01 19:00' WHERE id = 73805;

-- Event #30, M.Prg: 73806, tot. athletes: 2
-- Tot. progr. duration: 138 (sec), Heat durations: [13800] (hds)
-- Session begin time: 2000-01-01 15:00:00 UTC, Computed begin time: 2000-01-01 19:03:31 UTC
UPDATE meeting_programs SET begin_time = '2000-01-01 19:03' WHERE id = 73806;

-- Event #31, M.Prg: 73838, tot. athletes: 1
-- Tot. progr. duration: 810 (sec), Heat durations: [81000] (hds)
-- Session begin time: 2000-01-01 15:00:00 UTC, Computed begin time: 2000-01-01 19:05:49 UTC
UPDATE meeting_programs SET begin_time = '2000-01-01 19:05' WHERE id = 73838;

-- Event #31, M.Prg: 73810, tot. athletes: 2
-- Tot. progr. duration: 1070 (sec), Heat durations: [107000] (hds)
-- Session begin time: 2000-01-01 15:00:00 UTC, Computed begin time: 2000-01-01 19:19:19 UTC
UPDATE meeting_programs SET begin_time = '2000-01-01 19:19' WHERE id = 73810;

-- Event #32, M.Prg: 73811, tot. athletes: 3
-- Tot. progr. duration: 1020 (sec), Heat durations: [102000] (hds)
-- Session begin time: 2000-01-01 15:00:00 UTC, Computed begin time: 2000-01-01 19:37:09 UTC
UPDATE meeting_programs SET begin_time = '2000-01-01 19:37' WHERE id = 73811;

-- Event #33, M.Prg: 73834, tot. athletes: 2
-- Tot. progr. duration: 142 (sec), Heat durations: [14200] (hds)
-- Session begin time: 2000-01-01 15:00:00 UTC, Computed begin time: 2000-01-01 19:54:09 UTC
UPDATE meeting_programs SET begin_time = '2000-01-01 19:54' WHERE id = 73834;

-- Event #33, M.Prg: 73813, tot. athletes: 3
-- Tot. progr. duration: 135 (sec), Heat durations: [13550] (hds)
-- Session begin time: 2000-01-01 15:00:00 UTC, Computed begin time: 2000-01-01 19:56:31 UTC
UPDATE meeting_programs SET begin_time = '2000-01-01 19:56' WHERE id = 73813;

-- Event #34, M.Prg: 73842, tot. athletes: 1
-- Tot. progr. duration: 195 (sec), Heat durations: [19500] (hds)
-- Session begin time: 2000-01-01 15:00:00 UTC, Computed begin time: 2000-01-01 19:58:46 UTC
UPDATE meeting_programs SET begin_time = '2000-01-01 19:58' WHERE id = 73842;

-- Event #34, M.Prg: 73818, tot. athletes: 3
-- Tot. progr. duration: 160 (sec), Heat durations: [16000] (hds)
-- Session begin time: 2000-01-01 15:00:00 UTC, Computed begin time: 2000-01-01 20:02:01 UTC
UPDATE meeting_programs SET begin_time = '2000-01-01 20:02' WHERE id = 73818;

-- Event #35, M.Prg: 73819, tot. athletes: 2
-- Tot. progr. duration: 99 (sec), Heat durations: [9900] (hds)
-- Session begin time: 2000-01-01 15:00:00 UTC, Computed begin time: 2000-01-01 20:04:41 UTC
UPDATE meeting_programs SET begin_time = '2000-01-01 20:04' WHERE id = 73819;

-- Event #36, M.Prg: 73837, tot. athletes: 1
-- Tot. progr. duration: 130 (sec), Heat durations: [13000] (hds)
-- Session begin time: 2000-01-01 15:00:00 UTC, Computed begin time: 2000-01-01 20:06:20 UTC
UPDATE meeting_programs SET begin_time = '2000-01-01 20:06' WHERE id = 73837;

-- Event #36, M.Prg: 73820, tot. athletes: 1
-- Tot. progr. duration: 105 (sec), Heat durations: [10500] (hds)
-- Session begin time: 2000-01-01 15:00:00 UTC, Computed begin time: 2000-01-01 20:08:30 UTC
UPDATE meeting_programs SET begin_time = '2000-01-01 20:08' WHERE id = 73820;

-- Event #37, M.Prg: 73835, tot. athletes: 3
-- Tot. progr. duration: 95 (sec), Heat durations: [9500] (hds)
-- Session begin time: 2000-01-01 15:00:00 UTC, Computed begin time: 2000-01-01 20:10:15 UTC
UPDATE meeting_programs SET begin_time = '2000-01-01 20:10' WHERE id = 73835;

-- Event #37, M.Prg: 73824, tot. athletes: 3
-- Tot. progr. duration: 100 (sec), Heat durations: [10000] (hds)
-- Session begin time: 2000-01-01 15:00:00 UTC, Computed begin time: 2000-01-01 20:11:50 UTC
UPDATE meeting_programs SET begin_time = '2000-01-01 20:11' WHERE id = 73824;

-- Event #38, M.Prg: 73831, tot. athletes: 3
-- Tot. progr. duration: 105 (sec), Heat durations: [10500] (hds)
-- Session begin time: 2000-01-01 15:00:00 UTC, Computed begin time: 2000-01-01 20:13:30 UTC
UPDATE meeting_programs SET begin_time = '2000-01-01 20:13' WHERE id = 73831;

-- Event #38, M.Prg: 73825, tot. athletes: 4
-- Tot. progr. duration: 114 (sec), Heat durations: [11400] (hds)
-- Session begin time: 2000-01-01 15:00:00 UTC, Computed begin time: 2000-01-01 20:15:15 UTC
UPDATE meeting_programs SET begin_time = '2000-01-01 20:15' WHERE id = 73825;

-- Event #39, M.Prg: 73827, tot. athletes: 3
-- Tot. progr. duration: 160 (sec), Heat durations: [16000] (hds)
-- Session begin time: 2000-01-01 15:00:00 UTC, Computed begin time: 2000-01-01 20:17:09 UTC
UPDATE meeting_programs SET begin_time = '2000-01-01 20:17' WHERE id = 73827;

-- Event #39, M.Prg: 73836, tot. athletes: 1
-- Tot. progr. duration: 148 (sec), Heat durations: [14800] (hds)
-- Session begin time: 2000-01-01 15:00:00 UTC, Computed begin time: 2000-01-01 20:19:49 UTC
UPDATE meeting_programs SET begin_time = '2000-01-01 20:19' WHERE id = 73836;

-- Event #40, M.Prg: 73833, tot. athletes: 1
-- Tot. progr. duration: 89 (sec), Heat durations: [8999] (hds)
-- Session begin time: 2000-01-01 15:00:00 UTC, Computed begin time: 2000-01-01 20:22:17 UTC
UPDATE meeting_programs SET begin_time = '2000-01-01 20:22' WHERE id = 73833;

-- Event #41, M.Prg: 73840, tot. athletes: 1
-- Tot. progr. duration: 903 (sec), Heat durations: [90300] (hds)
-- Session begin time: 2000-01-01 15:00:00 UTC, Computed begin time: 2000-01-01 20:23:46 UTC
UPDATE meeting_programs SET begin_time = '2000-01-01 20:23' WHERE id = 73840;

-- Event #42, M.Prg: 73841, tot. athletes: 1
-- Tot. progr. duration: 799 (sec), Heat durations: [79900] (hds)
-- Session begin time: 2000-01-01 15:00:00 UTC, Computed begin time: 2000-01-01 20:38:49 UTC
UPDATE meeting_programs SET begin_time = '2000-01-01 20:38' WHERE id = 73841;

-- Event #43, M.Prg: 73844, tot. athletes: 1
-- Tot. progr. duration: 170 (sec), Heat durations: [17000] (hds)
-- Session begin time: 2000-01-01 15:00:00 UTC, Computed begin time: 2000-01-01 20:52:08 UTC
UPDATE meeting_programs SET begin_time = '2000-01-01 20:52' WHERE id = 73844;


-- Last completed phase code: 30
